"word","mean_percentile","n_sources","sources","mean_raw_concreteness","gloss_english","tier","selected"
"bicicleta",1,1,"Diez-Alamo2018a",6.8,"bike","core",TRUE
"clavel",1,1,"Hinojosa2016a",6.75,NA,"core",TRUE
"verruga",1,1,"Guasch2016",7,"wart","core",TRUE
"pelo",0.999005964214712,1,"Davis2005a",6.723,NA,"core",TRUE
"orina",0.998478538054374,2,"Davis2005a;Duchon2013",6.72,NA,"core",TRUE
"sofá",0.994798056437065,3,"Davis2005a;Diez-Alamo2018a;Duchon2013",6.71266666666667,"sofa","core",TRUE
"paracaídas",0.994657168299199,1,"Guasch2016",6.9,"parachute","core",TRUE
"tobillo",0.994657168299199,1,"Guasch2016",6.9,"ankle","core",TRUE
"autobús",0.9942681069565,4,"Davis2005a;Diez-Alamo2018a;Duchon2013;Guasch2016",6.739,"bus","core",TRUE
"orquídea",0.994169096209913,1,"Hinojosa2016a",6.65,NA,"core",TRUE
"noviembre",0.993356317789466,2,"Davis2005a;Duchon2013",6.666,NA,"core",TRUE
"microscopio",0.993349329006918,4,"Davis2005a;Diez-Alamo2018a;Duchon2013;Guasch2016",6.755,"microscope","core",TRUE
"catedral",0.992990654205608,1,"Diez-Alamo2018a",6.72,"cathedral","core",TRUE
"motosierra",0.992430988423865,1,"Guasch2016",6.85,"chainsaw","core",TRUE
"tiburón",0.992430988423865,1,"Guasch2016",6.85,"shark","core",TRUE
"tumbona",0.991253644314869,1,"Hinojosa2016a",6.6,NA,"core",TRUE
"Calculadora",0.991071428571429,1,"Ferre2012",8.56,NA,"core",TRUE
"hospital",0.989785967737877,2,"Davis2005a;Duchon2013",6.609,NA,"core",TRUE
"condón",0.989759572573464,1,"Guasch2016",6.82,"condom","core",TRUE
"limón",0.989759572573464,1,"Guasch2016",6.82,"lemon","core",TRUE
"mejilla",0.987737079631913,2,"Davis2005a;Duchon2013",6.574,NA,"core",TRUE
"mechero",0.987204667071679,2,"Diez-Alamo2018a;Guasch2016",6.8,"lighter","core",TRUE
"pene",0.9863623558398,3,"Davis2005a;Duchon2013;Guasch2016",6.65066666666667,"penis","core",TRUE
"ambulancia",0.985307212822796,1,"Guasch2016",6.8,"ambulance","core",TRUE
"semáforo",0.985307212822796,1,"Guasch2016",6.8,"semaphore","core",TRUE
"espalda",0.983639303419986,2,"Davis2005a;Duchon2013",6.564,NA,"core",TRUE
"piano",0.983161888064073,3,"Davis2005a;Diez-Alamo2018a;Duchon2013",6.578,"piano","core",TRUE
"marinero",0.982614859367005,2,"Davis2005a;Duchon2013",6.558,NA,"core",TRUE
"tractor",0.981745325022262,1,"Guasch2016",6.77,"tractor","core",TRUE
"mujer",0.980565971261041,2,"Davis2005a;Duchon2013",6.546,NA,"core",TRUE
"peine",0.980140186915888,1,"Diez-Alamo2018a",6.67,"comb","core",TRUE
"zanahoria",0.980140186915888,1,"Diez-Alamo2018a",6.67,"carrot","core",TRUE
"miel",0.979180820683368,3,"Davis2005a;Duchon2013;Guasch2016",6.64333333333333,"honey","core",TRUE
"camarero",0.979029305181569,2,"Davis2005a;Duchon2013",6.542,NA,"core",TRUE
"Calcetín",0.977678571428571,1,"Ferre2012",8.52,NA,"core",TRUE
"Jirafa",0.977678571428571,1,"Ferre2012",8.52,NA,"core",TRUE
"azúcar",0.976980417075605,2,"Davis2005a;Duchon2013",6.538,NA,"core",TRUE
"telescopio",0.976208567746309,3,"Davis2005a;Duchon2013;Guasch2016",6.60333333333333,"telescope","core",TRUE
"hormiga",0.975655292452339,3,"Davis2005a;Diez-Alamo2018a;Duchon2013",6.55066666666667,"ant","core",TRUE
"bombero",0.974176313446126,1,"Guasch2016",6.75,"firefighter","core",TRUE
"bandera",0.97339486289017,2,"Davis2005a;Duchon2013",6.522,NA,"core",TRUE
"comadrona",0.972395369545859,1,"Guasch2016",6.74,"midwife","core",TRUE
"calavera",0.970845481049563,1,"Hinojosa2016a",6.46,NA,"core",TRUE
"rata",0.970245511695263,3,"Davis2005a;Diez-Alamo2018a;Duchon2013",6.53866666666667,"rat","core",TRUE
"tarántula",0.970169189670525,1,"Guasch2016",6.73,"tarantula","core",TRUE
"folio",0.969626168224299,1,"Diez-Alamo2018a",6.57,"sheet","core",TRUE
"paella",0.967930029154519,1,"Hinojosa2016a",6.45,NA,"core",TRUE
"silla",0.966901483599487,4,"Davis2005a;Diez-Alamo2018a;Duchon2013;Guasch2016",6.5745,"chair","core",TRUE
"vodka",0.966223754519298,2,"Davis2005a;Duchon2013",6.484,NA,"core",TRUE
"escorpión",0.964826357969724,1,"Guasch2016",6.7,"scorpion","core",TRUE
"faro",0.964826357969724,1,"Guasch2016",6.7,"lighthouse","core",TRUE
"útero",0.964826357969724,1,"Guasch2016",6.7,"uterus","core",TRUE
"Jabalí",0.964285714285714,1,"Ferre2012",8.36,NA,"core",TRUE
"acordeón",0.963785046728972,1,"Diez-Alamo2018a",6.55,"accordion","core",TRUE
"esmeralda",0.963785046728972,1,"Diez-Alamo2018a",6.55,"emerald","core",TRUE
"cuchillo",0.962736312847118,4,"Davis2005a;Diez-Alamo2018a;Duchon2013;Guasch2016",6.563,"knife","core",TRUE
"mantequilla",0.961628960414727,2,"Davis2005a;Duchon2013",6.435,NA,"core",TRUE
"bolígrafo",0.960941649941303,3,"Davis2005a;Diez-Alamo2018a;Duchon2013",6.51,"pen","core",TRUE
"ferrocarril",0.96064139941691,1,"Hinojosa2016a",6.4,NA,"core",TRUE
"bufanda",0.95956934862393,2,"Diez-Alamo2018a;Guasch2016",6.615,"scarf","core",TRUE
"jeringuilla",0.959089563824512,2,"Guasch2016;Hinojosa2016a",6.54,"syringe","core",TRUE
"hombro",0.9575311842028,2,"Davis2005a;Duchon2013",6.41,NA,"core",TRUE
"vaca",0.957239275939196,3,"Davis2005a;Diez-Alamo2018a;Duchon2013",6.49933333333333,"cow","core",TRUE
"hierba",0.956775700934579,1,"Diez-Alamo2018a",6.54,"grass","core",TRUE
"champiñón",0.955921638468388,1,"Guasch2016",6.65,"mushroom","core",TRUE
"ciempiés",0.955921638468388,1,"Guasch2016",6.65,"centipede","core",TRUE
"cuervo",0.955921638468388,1,"Guasch2016",6.65,"crow","core",TRUE
"tobogán",0.955921638468388,1,"Guasch2016",6.65,"slide","core",TRUE
"pollo",0.954315718136467,3,"Davis2005a;Diez-Alamo2018a;Duchon2013",6.49066666666667,"chicken","core",TRUE
"lápiz",0.954176629914955,3,"Diez-Alamo2018a;Guasch2016;Hinojosa2016a",6.53333333333333,"pencil","core",TRUE
"diabetes",0.9533527696793,1,"Hinojosa2016a",6.38,NA,"core",TRUE
"cocinero",0.952408963937892,2,"Davis2005a;Duchon2013",6.381,NA,"core",TRUE
"reloj",0.952259884654755,2,"Diez-Alamo2018a;Guasch2016",6.585,"clock","core",TRUE
"antorcha",0.951455235059628,2,"Diez-Alamo2018a;Guasch2016",6.605,"torch","core",TRUE
"playa",0.95138451988491,2,"Davis2005a;Duchon2013",6.377,NA,"core",TRUE
"Koala",0.950892857142857,1,"Ferre2012",8.28,NA,"core",TRUE
"Lagartija",0.950892857142857,1,"Ferre2012",8.28,NA,"core",TRUE
"cebolla",0.949897738411563,4,"Davis2005a;Diez-Alamo2018a;Duchon2013;Guasch2016",6.5115,"onion","core",TRUE
"micrófono",0.949108111792292,2,"Davis2005a;Guasch2016",6.502,"microphone","core",TRUE
"ciervo",0.948598130841122,1,"Diez-Alamo2018a",6.52,"deer","core",TRUE
"tomate",0.948303485934883,4,"Davis2005a;Diez-Alamo2018a;Duchon2013;Guasch2016",6.503,"tomato","core",TRUE
"espada",0.947689786331631,3,"Davis2005a;Diez-Alamo2018a;Duchon2013",6.46066666666667,"sword","core",TRUE
"cráneo",0.947462154942119,1,"Guasch2016",6.6,"skull","core",TRUE
"semana",0.946789725780339,2,"Davis2005a;Duchon2013",6.364,NA,"core",TRUE
"tijeras",0.946228913707443,2,"Diez-Alamo2018a;Guasch2016",6.61,"scissors","core",TRUE
"ardilla",0.945686869947161,4,"Davis2005a;Diez-Alamo2018a;Duchon2013;Ferre2012",6.954,"squirrel","core",TRUE
"fotógrafo",0.944609059488468,3,"Davis2005a;Duchon2013;Guasch2016",6.43533333333333,"photographer","core",TRUE
"perro",0.94433902976975,3,"Davis2005a;Diez-Alamo2018a;Duchon2013",6.442,"dog","core",TRUE
"hotel",0.944282018026315,3,"Davis2005a;Duchon2013;Guasch2016",6.43066666666667,"hotel","core",TRUE
"obispo",0.943760076252606,4,"Davis2005a;Duchon2013;Ferre2012;Guasch2016",6.942,"bishop","core",TRUE
"callejón",0.943716393621394,2,"Davis2005a;Duchon2013",6.356,NA,"core",TRUE
"dedo",0.943272013862174,3,"Davis2005a;Duchon2013;Guasch2016",6.438,"finger","core",TRUE
"baloncesto",0.941868975811897,3,"Davis2005a;Duchon2013;Guasch2016",6.44866666666667,"basketball","core",TRUE
"camión",0.9417048573678,4,"Davis2005a;Diez-Alamo2018a;Duchon2013;Guasch2016",6.4675,"truck","core",TRUE
"avispa",0.941674087266251,1,"Guasch2016",6.57,"wasp","core",TRUE
"metralleta",0.940435887305523,2,"Diez-Alamo2018a;Hinojosa2016a",6.485,"machine gun","core",TRUE
"champán",0.938814012610803,3,"Davis2005a;Duchon2013;Guasch2016",6.39733333333333,"champagne","core",TRUE
"muñón",0.938775510204082,1,"Hinojosa2016a",6.33,NA,"core",TRUE
"calcetines",0.938084112149533,1,"Diez-Alamo2018a",6.51,"socks","core",TRUE
"mano",0.937569729303504,2,"Davis2005a;Duchon2013",6.315,NA,"core",TRUE
"águila",0.93716295220579,2,"Diez-Alamo2018a;Guasch2016",6.605,"eagle","core",TRUE
"sello",0.936381709741551,1,"Davis2005a",6.308,NA,"core",TRUE
"menstruación",0.934995547640249,1,"Guasch2016",6.55,"menstruation","core",TRUE
"ombligo",0.934995547640249,1,"Guasch2016",6.55,"belly button","core",TRUE
"nieve",0.933999379251915,2,"Davis2005a;Duchon2013",6.299,NA,"core",TRUE
"ataúd",0.932990646396712,4,"Davis2005a;Duchon2013;Guasch2016;Hinojosa2016a",6.367,"coffin","core",TRUE
"madre",0.932122797529813,3,"Davis2005a;Duchon2013;Hinojosa2016a",6.318,NA,"core",TRUE
"cena",0.931950491145951,2,"Davis2005a;Duchon2013",6.298,NA,"core",TRUE
"amputación",0.931486880466472,1,"Hinojosa2016a",6.3,NA,"core",TRUE
"pie",0.931311641817394,2,"Guasch2016;Hinojosa2016a",6.465,"foot","core",TRUE
"toalla",0.9308954591653,3,"Davis2005a;Diez-Alamo2018a;Duchon2013",6.398,"towel","core",TRUE
"Grillo",0.928571428571429,1,"Ferre2012",8.2,NA,"core",TRUE
"sangre",0.927838111983446,4,"Davis2005a;Duchon2013;Guasch2016;Hinojosa2016a",6.376,"blood","core",TRUE
"tigre",0.926401869158878,1,"Diez-Alamo2018a",6.49,"tiger","core",TRUE
"alcalde",0.926316048854552,2,"Davis2005a;Duchon2013",6.283,NA,"core",TRUE
"bofetada",0.926090828138914,1,"Guasch2016",6.5,"slap","core",TRUE
"hielo",0.926090828138914,1,"Guasch2016",6.5,"ice","core",TRUE
"mentón",0.926090828138914,1,"Guasch2016",6.5,"chin","core",TRUE
"cucaracha",0.925655976676385,1,"Hinojosa2016a",6.27,NA,"core",TRUE
"rana",0.925069892407653,4,"Davis2005a;Diez-Alamo2018a;Duchon2013;Guasch2016",6.4275,"frog","core",TRUE
"oso",0.924563081962763,3,"Davis2005a;Diez-Alamo2018a;Duchon2013",6.382,"bear","core",TRUE
"suicidio",0.923821810082304,3,"Davis2005a;Duchon2013;Guasch2016",6.37866666666667,"suicide","core",TRUE
"cementerio",0.923370367087017,3,"Davis2005a;Duchon2013;Guasch2016",6.346,"cemetery","core",TRUE
"río",0.922730494669116,2,"Davis2005a;Duchon2013",6.271,NA,"core",TRUE
"león",0.922182848595037,3,"Davis2005a;Diez-Alamo2018a;Duchon2013",6.37666666666667,"lion","core",TRUE
"nieta",0.921638468388246,1,"Guasch2016",6.48,"granddaughter","core",TRUE
"pediatra",0.921638468388246,1,"Guasch2016",6.48,"pediatrician","core",TRUE
"tanatorio",0.921638468388246,1,"Guasch2016",6.48,"morgue","core",TRUE
"petróleo",0.921416916702236,3,"Davis2005a;Duchon2013;Guasch2016",6.33133333333333,"oil","core",TRUE
"roble",0.920560747663551,1,"Diez-Alamo2018a",6.47,"oak","core",TRUE
"linterna",0.920223699869342,2,"Diez-Alamo2018a;Guasch2016",6.585,"flashlight","core",TRUE
"jabón",0.919949066311413,3,"Diez-Alamo2018a;Guasch2016;Hinojosa2016a",6.38333333333333,"soap","core",TRUE
"pelirrojo",0.919825072886297,1,"Hinojosa2016a",6.25,NA,"core",TRUE
"Gacela",0.919642857142857,1,"Ferre2012",8.16,NA,"core",TRUE
"mesa",0.919609505918276,4,"Davis2005a;Diez-Alamo2018a;Duchon2013;Guasch2016",6.385,"table","core",TRUE
"látigo",0.919495844563306,3,"Diez-Alamo2018a;Ferre2012;Guasch2016",7.01,"whip","core",TRUE
"cigarrillo",0.918545948395442,4,"Davis2005a;Diez-Alamo2018a;Duchon2013;Guasch2016",6.462,"cigarette","core",TRUE
"conejo",0.916922842194177,3,"Davis2005a;Diez-Alamo2018a;Duchon2013",6.36666666666667,"rabbit","core",TRUE
"codo",0.916740872662511,1,"Guasch2016",6.45,"elbow","core",TRUE
"manicomio",0.916740872662511,1,"Guasch2016",6.45,"madhouse","core",TRUE
"navaja",0.916740872662511,1,"Guasch2016",6.45,"knife","core",TRUE
"nariz",0.915948822672354,4,"Davis2005a;Duchon2013;Guasch2016;Hinojosa2016a",6.382,"nose","core",TRUE
"ascensor",0.914719626168224,1,"Diez-Alamo2018a",6.46,"elevator","core",TRUE
"ballena",0.914719626168224,1,"Diez-Alamo2018a",6.46,"whale","core",TRUE
"hidromasaje",0.91399416909621,1,"Hinojosa2016a",6.23,NA,"core",TRUE
"metástasis",0.91399416909621,1,"Hinojosa2016a",6.23,NA,"core",TRUE
"nieto",0.913510498192281,2,"Davis2005a;Duchon2013",6.231,NA,"core",TRUE
"tenedor",0.912941116831532,4,"Davis2005a;Diez-Alamo2018a;Duchon2013;Guasch2016",6.4435,"fork","core",TRUE
"garaje",0.911662835793316,3,"Davis2005a;Diez-Alamo2018a;Duchon2013",6.36,"garage","core",TRUE
"acero",0.911461610086318,2,"Davis2005a;Duchon2013",6.221,NA,"core",TRUE
"Parchís",0.910714285714286,1,"Ferre2012",8.08,NA,"core",TRUE
"crucifijo",0.910062333036509,1,"Guasch2016",6.41,"crucifix","core",TRUE
"cueva",0.910062333036509,1,"Guasch2016",6.41,"cave","core",TRUE
"libreta",0.910062333036509,1,"Guasch2016",6.41,"book","core",TRUE
"sífilis",0.909620991253644,1,"Hinojosa2016a",6.22,NA,"core",TRUE
"café",0.907554671968191,1,"Davis2005a",6.203,NA,"core",TRUE
"puerta",0.907193169849987,4,"Davis2005a;Diez-Alamo2018a;Duchon2013;Guasch2016",6.379,"door","core",TRUE
"medianoche",0.906866815981747,2,"Davis2005a;Duchon2013",6.199,NA,"core",TRUE
"labio",0.905842371928765,2,"Davis2005a;Duchon2013",6.198,NA,"core",TRUE
"arroz",0.904720558792884,3,"Diez-Alamo2018a;Guasch2016;Hinojosa2016a",6.39,"rice","core",TRUE
"barba",0.904356607930052,3,"Davis2005a;Duchon2013;Hinojosa2016a",6.19866666666667,NA,"core",TRUE
"martes",0.904305705849292,2,"Davis2005a;Duchon2013",6.197,NA,"core",TRUE
"butaca",0.903829029385574,1,"Guasch2016",6.4,"armchair","core",TRUE
"hoguera",0.903829029385574,1,"Guasch2016",6.4,"bonfire","core",TRUE
"hormiguero",0.903829029385574,1,"Guasch2016",6.4,"anthill","core",TRUE
"maletero",0.903829029385574,1,"Guasch2016",6.4,"trunk","core",TRUE
"convento",0.903527198338421,3,"Davis2005a;Diez-Alamo2018a;Duchon2013",6.34266666666667,"convent","core",TRUE
"tortuga",0.902900238859386,4,"Davis2005a;Diez-Alamo2018a;Duchon2013;Ferre2012",6.8385,"turtle","core",TRUE
"blusa",0.902881862667588,2,"Diez-Alamo2018a;Guasch2016",6.45,"blouse","core",TRUE
"riñón",0.90276903976982,2,"Davis2005a;Duchon2013",6.193,NA,"core",TRUE
"diccionario",0.902336424497253,3,"Davis2005a;Duchon2013;Guasch2016",6.29133333333333,"dictionary","core",TRUE
"puñalada",0.902332361516035,1,"Hinojosa2016a",6.2,NA,"core",TRUE
"abuelo",0.902272608571996,3,"Davis2005a;Duchon2013;Ferre2012",6.87,NA,"core",TRUE
"maceta",0.902239549935227,2,"Guasch2016;Hinojosa2016a",6.29,"flower pot","core",TRUE
"minuto",0.901232373690347,2,"Davis2005a;Duchon2013",6.188,NA,"core",TRUE
"mantel",0.900908988773396,2,"Diez-Alamo2018a;Guasch2016",6.465,"tablecloth","core",TRUE
"aeropuerto",0.900534917722195,3,"Davis2005a;Duchon2013;Guasch2016",6.262,"airport","core",TRUE
"teléfono",0.900284986679094,4,"Davis2005a;Diez-Alamo2018a;Duchon2013;Guasch2016",6.2925,"phone","core",TRUE
"bombilla",0.899689791196811,2,"Diez-Alamo2018a;Guasch2016",6.505,"light bulb","core",TRUE
"maíz",0.899540512312647,2,"Diez-Alamo2018a;Guasch2016",6.41,"corn","core",TRUE
"paloma",0.898364485981308,1,"Diez-Alamo2018a",6.42,"dove","core",TRUE
"bebé",0.898241351528346,3,"Davis2005a;Duchon2013;Hinojosa2016a",6.192,NA,"core",TRUE
"alcaldesa",0.897150489759573,1,"Guasch2016",6.38,"mayor","core",TRUE
"gato",0.897150489759573,1,"Guasch2016",6.38,"cat","core",TRUE
"jeringa",0.897150489759573,1,"Guasch2016",6.38,"syringe","core",TRUE
"medusa",0.897150489759573,1,"Guasch2016",6.38,"jellyfish","core",TRUE
"sopa",0.895597931398948,2,"Davis2005a;Duchon2013",6.164,NA,"core",TRUE
"velas",0.895043731778426,1,"Hinojosa2016a",6.18,NA,"core",TRUE
"cenicero",0.893044020106357,2,"Diez-Alamo2018a;Guasch2016",6.515,"ashtray","core",TRUE
"librería",0.892252894033838,1,"Guasch2016",6.36,"bookshop","core",TRUE
"peluca",0.892252894033838,1,"Guasch2016",6.36,"wig","core",TRUE
"piedra",0.892136657819034,3,"Davis2005a;Diez-Alamo2018a;Duchon2013",6.29933333333333,"stone","core",TRUE
"plata",0.891500155187021,2,"Davis2005a;Duchon2013",6.145,NA,"core",TRUE
"mar",0.890585519616552,3,"Davis2005a;Duchon2013;Hinojosa2016a",6.172,NA,"core",TRUE
"elefante",0.889018691588785,1,"Diez-Alamo2018a",6.41,"elephant","core",TRUE
"trigo",0.889018691588785,1,"Diez-Alamo2018a",6.41,"wheat","core",TRUE
"vagón",0.88780053428317,1,"Guasch2016",6.35,"wagon","core",TRUE
"oruga",0.887755102040816,1,"Hinojosa2016a",6.15,NA,"core",TRUE
"pedo",0.887755102040816,1,"Hinojosa2016a",6.15,NA,"core",TRUE
"yoga",0.887755102040816,1,"Hinojosa2016a",6.15,NA,"core",TRUE
"camisa",0.887068358412951,3,"Davis2005a;Diez-Alamo2018a;Duchon2013",6.292,"shirt","core",TRUE
"monje",0.885131625766415,3,"Davis2005a;Duchon2013;Guasch2016",6.194,"monk","core",TRUE
"culo",0.88432904681615,2,"Davis2005a;Duchon2013",6.123,NA,"core",TRUE
"tanga",0.884238646482636,1,"Guasch2016",6.33,"thong","core",TRUE
"luna",0.880852771796258,5,"Davis2005a;Diez-Alamo2018a;Duchon2013;Guasch2016;Hinojosa2016a",6.2668,"moon","core",TRUE
"hacha",0.880685600985345,2,"Diez-Alamo2018a;Guasch2016",6.425,"ax","core",TRUE
"cabello",0.880231522707035,1,"Guasch2016",6.32,"hair","core",TRUE
"gabardina",0.880231522707035,1,"Guasch2016",6.32,"raincoat","core",TRUE
"incendio",0.880231522707035,1,"Guasch2016",6.32,"fire","core",TRUE
"lágrima",0.880231522707035,1,"Guasch2016",6.32,"tear","core",TRUE
"puño",0.880231522707035,1,"Guasch2016",6.32,"fist","core",TRUE
"embajador",0.880231270604223,2,"Davis2005a;Duchon2013",6.11,NA,"core",TRUE
"basura",0.879721669980119,1,"Davis2005a",6.105,NA,"core",TRUE
"coliflor",0.879672897196262,1,"Diez-Alamo2018a",6.4,"cauliflower","core",TRUE
"sauna",0.879008746355685,1,"Hinojosa2016a",6.12,NA,"core",TRUE
"oxígeno",0.878709808658597,2,"Davis2005a;Duchon2013",6.104,NA,"core",TRUE
"cerveza",0.878194712504431,3,"Davis2005a;Duchon2013;Guasch2016",6.20733333333333,"beer","core",TRUE
"armario",0.87815484537312,4,"Davis2005a;Diez-Alamo2018a;Duchon2013;Guasch2016",6.3045,"cabinet","core",TRUE
"tabaco",0.877685364605615,2,"Davis2005a;Duchon2013",6.097,NA,"core",TRUE
"botón",0.876921763592054,3,"Davis2005a;Duchon2013;Hinojosa2016a",6.11,NA,"core",TRUE
"biblioteca",0.876148698526143,2,"Davis2005a;Duchon2013",6.088,NA,"core",TRUE
"pecho",0.876148698526143,2,"Davis2005a;Duchon2013",6.088,NA,"core",TRUE
"abuela",0.875648263706682,3,"Davis2005a;Duchon2013;Guasch2016",6.14866666666667,"grandmother","core",TRUE
"aguanieve",0.874443455031166,1,"Guasch2016",6.3,"sleet","core",TRUE
"corcho",0.874443455031166,1,"Guasch2016",6.3,"cork","core",TRUE
"algodón",0.873075366367198,2,"Davis2005a;Duchon2013",6.085,NA,"core",TRUE
"universidad",0.873075366367198,2,"Davis2005a;Duchon2013",6.085,NA,"core",TRUE
"padre",0.871538700287725,2,"Davis2005a;Duchon2013",6.079,NA,"core",TRUE
"chalet",0.871470360599529,2,"Diez-Alamo2018a;Guasch2016",6.36,"chalet","core",TRUE
"cocaína",0.87100247573925,3,"Davis2005a;Duchon2013;Guasch2016",6.244,"cocaine","core",TRUE
"camisón",0.870596012849427,2,"Diez-Alamo2018a;Guasch2016",6.29,"nightgown","core",TRUE
"moto",0.870436331255565,1,"Guasch2016",6.29,"bike","core",TRUE
"peluquera",0.870436331255565,1,"Guasch2016",6.29,"hairdresser","core",TRUE
"piscina",0.870262390670554,1,"Hinojosa2016a",6.1,NA,"core",TRUE
"estómago",0.869434989445269,3,"Davis2005a;Diez-Alamo2018a;Guasch2016",6.23533333333333,"stomach","core",TRUE
"pato",0.868759238798477,4,"Davis2005a;Diez-Alamo2018a;Duchon2013;Ferre2012",6.637,"duck","core",TRUE
"selva",0.868241503079084,4,"Davis2005a;Diez-Alamo2018a;Duchon2013;Hinojosa2016a",6.204,"jungle","core",TRUE
"relámpago",0.867821734710411,3,"Davis2005a;Duchon2013;Guasch2016",6.11666666666667,"lightning","core",TRUE
"rascacielos",0.866822429906542,1,"Diez-Alamo2018a",6.38,"skyscraper","core",TRUE
"centímetro",0.865595554835077,3,"Davis2005a;Duchon2013;Guasch2016",6.11333333333333,"centimeter","core",TRUE
"furgoneta",0.865538735529831,1,"Guasch2016",6.27,"van","core",TRUE
"avión",0.865006636928787,2,"Diez-Alamo2018a;Guasch2016",6.475,"airplane","core",TRUE
"Misil",0.864475337107238,2,"Ferre2012;Guasch2016",7.015,"missile","core",TRUE
"bar",0.864367591916853,2,"Davis2005a;Duchon2013",6.054,NA,"core",TRUE
"vaso",0.86424075638266,2,"Diez-Alamo2018a;Hinojosa2016a",6.17,"glass","core",TRUE
"balneario",0.862798522283866,2,"Guasch2016;Hinojosa2016a",6.175,"spa","core",TRUE
"mezquita",0.862710758898478,2,"Diez-Alamo2018a;Guasch2016",6.36,"mosque","core",TRUE
"mariposa",0.862176184451188,3,"Davis2005a;Diez-Alamo2018a;Duchon2013",6.23933333333333,"butterfly","core",TRUE
"toro",0.862165656910312,2,"Diez-Alamo2018a;Guasch2016",6.43,"bull","core",TRUE
"recogedor",0.86153161175423,1,"Guasch2016",6.25,"picker","core",TRUE
"oro",0.861294259757908,2,"Davis2005a;Duchon2013",6.045,NA,"core",TRUE
"escritorio",0.860810259047213,3,"Davis2005a;Diez-Alamo2018a;Duchon2013",6.23666666666667,"desk","core",TRUE
"eructo",0.860058309037901,1,"Hinojosa2016a",6.08,NA,"core",TRUE
"estatua",0.859757593678436,2,"Davis2005a;Duchon2013",6.044,NA,"core",TRUE
"ventanilla",0.858414959928762,1,"Guasch2016",6.23,"window","core",TRUE
"carretera",0.857972418652641,2,"Davis2005a;Duchon2013",6.043,NA,"core",TRUE
"manzana",0.857581985760258,4,"Davis2005a;Diez-Alamo2018a;Duchon2013;Guasch2016",6.2915,"apple","core",TRUE
"bolsillo",0.856804160527528,3,"Davis2005a;Duchon2013;Guasch2016",6.09533333333333,"pocket","core",TRUE
"carbón",0.856699465653337,2,"Davis2005a;Duchon2013",6.042,NA,"core",TRUE
"caballo",0.855987587494735,3,"Davis2005a;Diez-Alamo2018a;Duchon2013",6.22866666666667,"horse","core",TRUE
"carnicería",0.855298308103295,1,"Guasch2016",6.22,"butchery","core",TRUE
"quemadura",0.855298308103295,1,"Guasch2016",6.22,"burn","core",TRUE
"dormitorio",0.854785254693826,4,"Davis2005a;Diez-Alamo2018a;Duchon2013;Guasch2016",6.235,"bedroom","core",TRUE
"lobo",0.85402944852336,4,"Davis2005a;Duchon2013;Ferre2012;Guasch2016",6.5935,"wolf","core",TRUE
"bocina",0.853113911467901,2,"Davis2005a;Duchon2013",6.034,NA,"core",TRUE
"restaurante",0.853113911467901,2,"Davis2005a;Duchon2013",6.034,NA,"core",TRUE
"cama",0.852756317152715,4,"Davis2005a;Diez-Alamo2018a;Duchon2013;Guasch2016",6.2805,"bed","core",TRUE
"niño",0.852453445518263,3,"Davis2005a;Duchon2013;Guasch2016",6.068,"child","core",TRUE
"gimnasio",0.852181656277827,1,"Guasch2016",6.2,"gym","core",TRUE
"guardería",0.852181656277827,1,"Guasch2016",6.2,"nursery","core",TRUE
"lata",0.852181656277827,1,"Guasch2016",6.2,"can","core",TRUE
"babosa",0.85131195335277,1,"Hinojosa2016a",6.05,NA,"core",TRUE
"pupila",0.85009123176405,2,"Diez-Alamo2018a;Guasch2016",6.4,"pupil","core",TRUE
"sacerdote",0.849528357282466,2,"Davis2005a;Duchon2013",6.03,NA,"core",TRUE
"gripe",0.848503913229484,2,"Davis2005a;Duchon2013",6.029,NA,"core",TRUE
"billetera",0.84772929652716,1,"Guasch2016",6.19,"wallet","core",TRUE
"campesino",0.84772929652716,1,"Guasch2016",6.19,"peasant","core",TRUE
"patinadora",0.84772929652716,1,"Guasch2016",6.19,"skater","core",TRUE
"alfombra",0.845471716672114,3,"Davis2005a;Diez-Alamo2018a;Duchon2013",6.198,"carpet","core",TRUE
"brazo",0.844646913877265,3,"Davis2005a;Duchon2013;Guasch2016",6.096,"arm","core",TRUE
"mochila",0.844614020996302,3,"Davis2005a;Duchon2013;Guasch2016",6.10933333333333,"backpack","core",TRUE
"bastón",0.84431148625594,2,"Diez-Alamo2018a;Guasch2016",6.435,"cane","core",TRUE
"Dromedario",0.84375,1,"Ferre2012",7.76,NA,"core",TRUE
"Mejillón",0.84375,1,"Ferre2012",7.76,NA,"core",TRUE
"percha",0.843457943925234,1,"Diez-Alamo2018a",6.36,"peg","core",TRUE
"tarta",0.843457943925234,1,"Diez-Alamo2018a",6.36,"pie","core",TRUE
"antropólogo",0.842831700801425,1,"Guasch2016",6.18,"anthropologist","core",TRUE
"puñal",0.842831700801425,1,"Guasch2016",6.18,"dagger","core",TRUE
"sudor",0.842831700801425,1,"Guasch2016",6.18,"sweat","core",TRUE
"boca",0.842357248911594,2,"Davis2005a;Duchon2013",6.014,NA,"core",TRUE
"gaviota",0.841872496662216,2,"Diez-Alamo2018a;Ferre2012",7.1,"seagull","core",TRUE
"pincel",0.841504835179468,2,"Diez-Alamo2018a;Guasch2016",6.27,"brush","core",TRUE
"tren",0.841475788067708,3,"Davis2005a;Diez-Alamo2018a;Duchon2013",6.18866666666667,"train","core",TRUE
"funeral",0.841332804858612,2,"Davis2005a;Duchon2013",6.011,NA,"core",TRUE
"sombrero",0.841199207486363,3,"Davis2005a;Duchon2013;Guasch2016",6.10133333333333,"hat","core",TRUE
"anorexia",0.841107871720117,1,"Hinojosa2016a",6.03,NA,"core",TRUE
"desahucio",0.841107871720117,1,"Hinojosa2016a",6.03,NA,"core",TRUE
"moqueta",0.841107871720117,1,"Hinojosa2016a",6.03,NA,"core",TRUE
"oncología",0.841107871720117,1,"Hinojosa2016a",6.03,NA,"core",TRUE
"huérfano",0.840295932646052,2,"Guasch2016;Hinojosa2016a",6.075,"orphan","core",TRUE
"lluvia",0.840081710418058,3,"Davis2005a;Duchon2013;Guasch2016",6.05733333333333,"rain","core",TRUE
"entierro",0.83926981300089,1,"Guasch2016",6.15,"burial","core",TRUE
"hija",0.839025711185207,3,"Davis2005a;Duchon2013;Guasch2016",6.06133333333333,"daughter","core",TRUE
"portal",0.838259472699667,2,"Davis2005a;Duchon2013",6.004,NA,"core",TRUE
"calendario",0.837725487316907,3,"Davis2005a;Diez-Alamo2018a;Duchon2013",6.18,"calendar","core",TRUE
"chocolate",0.837590689824595,4,"Davis2005a;Diez-Alamo2018a;Duchon2013;Guasch2016",6.196,"chocolate","core",TRUE
"canela",0.836210584593704,2,"Davis2005a;Duchon2013",6,NA,"core",TRUE
"chimenea",0.835895139097027,2,"Diez-Alamo2018a;Hinojosa2016a",6.3,"chimney","core",TRUE
"china",0.833481745325022,1,"Guasch2016",6.14,"china","core",TRUE
"nadadora",0.833481745325022,1,"Guasch2016",6.14,"swimmer","core",TRUE
"peluquero",0.833481745325022,1,"Guasch2016",6.14,"hairdresser","core",TRUE
"pólvora",0.832990395817515,2,"Davis2005a;Hinojosa2016a",6.0205,NA,"core",TRUE
"maletín",0.832625030408268,2,"Davis2005a;Duchon2013",5.996,NA,"core",TRUE
"montaña",0.832625030408268,2,"Davis2005a;Duchon2013",5.996,NA,"core",TRUE
"camiseta",0.831522209190764,3,"Diez-Alamo2018a;Ferre2012;Guasch2016",6.80333333333333,"camisole","core",TRUE
"lámpara",0.83130474084322,4,"Davis2005a;Diez-Alamo2018a;Duchon2013;Guasch2016",6.1835,"lamp","core",TRUE
"hermano",0.831088364328795,2,"Davis2005a;Duchon2013",5.993,NA,"core",TRUE
"túnel",0.830763310121524,3,"Davis2005a;Duchon2013;Guasch2016",6.004,"tunnel","core",TRUE
"senderismo",0.829446064139942,1,"Hinojosa2016a",5.97,NA,"core",TRUE
"tubería",0.829446064139942,1,"Hinojosa2016a",5.97,NA,"core",TRUE
"aguijón",0.829369328738882,3,"Diez-Alamo2018a;Guasch2016;Hinojosa2016a",6.21333333333333,"sting","core",TRUE
"oreja",0.828527254196341,2,"Davis2005a;Duchon2013",5.991,NA,"core",TRUE
"sol",0.828469552311641,3,"Davis2005a;Diez-Alamo2018a;Duchon2013",6.158,"sun","core",TRUE
"loro",0.828271028037383,1,"Diez-Alamo2018a",6.34,"parrot","core",TRUE
"pantalón",0.828271028037383,1,"Diez-Alamo2018a",6.34,"trousers","core",TRUE
"culebra",0.826430528624096,3,"Diez-Alamo2018a;Ferre2012;Guasch2016",6.71333333333333,"snake","core",TRUE
"pulsera",0.82609166035569,2,"Diez-Alamo2018a;Guasch2016",6.405,"bracelet","core",TRUE
"tos",0.825966144063887,2,"Davis2005a;Duchon2013",5.979,NA,"core",TRUE
"concesionario",0.825912733748887,1,"Guasch2016",6.1,"dealer","core",TRUE
"huerto",0.825912733748887,1,"Guasch2016",6.1,"orchard","core",TRUE
"orfanato",0.825912733748887,1,"Guasch2016",6.1,"orphanage","core",TRUE
"estudiante",0.824941700010905,2,"Davis2005a;Duchon2013",5.974,NA,"core",TRUE
"bailarín",0.824145412115131,3,"Davis2005a;Duchon2013;Guasch2016",6.04933333333333,"dancer","core",TRUE
"camarote",0.823917255957923,2,"Davis2005a;Duchon2013",5.97,NA,"core",TRUE
"foto",0.823551027261775,3,"Davis2005a;Diez-Alamo2018a;Duchon2013",6.15133333333333,"photo","core",TRUE
"lechuga",0.823551027261775,3,"Davis2005a;Diez-Alamo2018a;Duchon2013",6.15133333333333,"lettuce","core",TRUE
"norte",0.822892811904942,2,"Davis2005a;Duchon2013",5.969,NA,"core",TRUE
"pared",0.822709219297443,2,"Diez-Alamo2018a;Guasch2016",6.285,"wall","core",TRUE
"baúl",0.821261682242991,1,"Diez-Alamo2018a",6.33,"trunk","core",TRUE
"viuda",0.820826120360645,3,"Davis2005a;Duchon2013;Guasch2016",6.008,"widow","core",TRUE
"aplausos",0.82069970845481,1,"Hinojosa2016a",5.95,NA,"core",TRUE
"quimioterapia",0.82069970845481,1,"Hinojosa2016a",5.95,NA,"core",TRUE
"teatro",0.820443287917376,3,"Davis2005a;Duchon2013;Hinojosa2016a",5.93266666666667,NA,"core",TRUE
"serpiente",0.820210180468166,4,"Davis2005a;Diez-Alamo2018a;Duchon2013;Guasch2016",6.1755,"rattlesnake","core",TRUE
"zapato",0.819967457549027,5,"Davis2005a;Diez-Alamo2018a;Duchon2013;Ferre2012;Guasch2016",6.422,"shoe","core",TRUE
"camarera",0.819679430097952,1,"Guasch2016",6.09,"waitress","core",TRUE
"invernadero",0.819679430097952,1,"Guasch2016",6.09,"emissions","core",TRUE
"pastor",0.819679430097952,1,"Guasch2016",6.09,"pastor","core",TRUE
"torturador",0.819679430097952,1,"Guasch2016",6.09,"torturer","core",TRUE
"telegrama",0.818282813666524,2,"Davis2005a;Duchon2013",5.962,NA,"core",TRUE
"Pulpo",0.816964285714286,1,"Ferre2012",7.72,NA,"core",TRUE
"pavo",0.816877168708244,3,"Davis2005a;Diez-Alamo2018a;Duchon2013",6.13266666666667,"turkey","core",TRUE
"cerradura",0.816746147587051,2,"Davis2005a;Duchon2013",5.961,NA,"core",TRUE
"bañera",0.816588785046729,1,"Diez-Alamo2018a",6.32,"bathtub","core",TRUE
"cefalea",0.816326530612245,1,"Hinojosa2016a",5.94,NA,"core",TRUE
"templo",0.81572170353407,2,"Davis2005a;Duchon2013",5.96,NA,"core",TRUE
"niña",0.815182810430644,3,"Davis2005a;Duchon2013;Guasch2016",5.91266666666667,"girl","core",TRUE
"caracol",0.814828280602281,3,"Davis2005a;Diez-Alamo2018a;Duchon2013",6.12733333333333,"snail","core",TRUE
"charca",0.814767555667478,2,"Guasch2016;Hinojosa2016a",5.985,"pond","core",TRUE
"pintor",0.813672815428106,2,"Davis2005a;Duchon2013",5.958,NA,"core",TRUE
"castillo",0.813326632826527,3,"Davis2005a;Duchon2013;Guasch2016",5.99266666666667,"castle","core",TRUE
"búfalo",0.813084112149533,1,"Diez-Alamo2018a",6.31,"buffalo","core",TRUE
"pañuelo",0.812818386671102,4,"Davis2005a;Diez-Alamo2018a;Duchon2013;Guasch2016",6.133,"handkerchief","core",TRUE
"ayuntamiento",0.81032947462155,1,"Guasch2016",6.05,"city hall","core",TRUE
"horquilla",0.81032947462155,1,"Guasch2016",6.05,"hairpin","core",TRUE
"lentilla",0.81032947462155,1,"Guasch2016",6.05,"lens (contact lens)","core",TRUE
"molino",0.81032947462155,1,"Guasch2016",6.05,"mill","core",TRUE
"poetisa",0.81032947462155,1,"Guasch2016",6.05,"poet","core",TRUE
"rectángulo",0.81032947462155,1,"Guasch2016",6.05,"rectangle","core",TRUE
"talón",0.81032947462155,1,"Guasch2016",6.05,"heel","core",TRUE
"acera",0.80892042607655,2,"Guasch2016;Hinojosa2016a",5.985,"sidewalk","core",TRUE
"nevera",0.808411214953271,1,"Diez-Alamo2018a",6.3,"fridge","core",TRUE
"ojo",0.807526151110216,2,"Davis2005a;Duchon2013",5.937,NA,"core",TRUE
"sonrisa",0.80682405260794,2,"Guasch2016;Hinojosa2016a",5.915,"smile","core",TRUE
"harina",0.806501707057235,2,"Davis2005a;Duchon2013",5.932,NA,"core",TRUE
"manta",0.806286323797929,3,"Davis2005a;Duchon2013;Guasch2016",5.884,"blanket","core",TRUE
"ceniza",0.805509865188887,3,"Davis2005a;Duchon2013;Guasch2016",5.994,"ash","core",TRUE
"fútbol",0.802672922055769,3,"Davis2005a;Duchon2013;Guasch2016",6.002,"football","core",TRUE
"despacho",0.802073787153839,2,"Guasch2016;Hinojosa2016a",5.95,"office","core",TRUE
"agua",0.801749271137026,1,"Hinojosa2016a",5.9,NA,"core",TRUE
"madrugón",0.801749271137026,1,"Hinojosa2016a",5.9,NA,"core",TRUE
"manantial",0.801749271137026,1,"Hinojosa2016a",5.9,NA,"core",TRUE
"boina",0.801401869158878,1,"Diez-Alamo2018a",6.29,"beret","core",TRUE
"jarra",0.801390946313696,2,"Diez-Alamo2018a;Guasch2016",6.18,"jar","core",TRUE
"araña",0.801375492454697,5,"Davis2005a;Diez-Alamo2018a;Duchon2013;Guasch2016;Hinojosa2016a",6.1136,"spider","core",TRUE
"terremoto",0.800280511644933,2,"Guasch2016;Hinojosa2016a",5.88,"earthquake","core",TRUE
"zorro",0.800234785817327,4,"Davis2005a;Diez-Alamo2018a;Duchon2013;Ferre2012",6.4835,"fox","core",TRUE
"enfermero",0.800089047195013,1,"Guasch2016",6,"nurse","core",TRUE
"garfio",0.800089047195013,1,"Guasch2016",6,"hook","core",TRUE
"minifalda",0.800089047195013,1,"Guasch2016",6,"miniskirt","core",TRUE
"testamento",0.800089047195013,1,"Guasch2016",6,"will","core",TRUE
"lago",0.799330598686363,2,"Davis2005a;Duchon2013",5.913,NA,"core",TRUE
"garganta",0.798771902609657,4,"Davis2005a;Duchon2013;Guasch2016;Hinojosa2016a",5.9485,"throat","core",TRUE
"colina",0.798306154633381,2,"Davis2005a;Duchon2013",5.911,NA,"core",TRUE
"televisión",0.79604334760974,3,"Davis2005a;Duchon2013;Ferre2012",6.53,NA,"core",TRUE
"abrazo",0.795855445537565,3,"Davis2005a;Duchon2013;Hinojosa2016a",5.89266666666667,NA,"core",TRUE
"guerra",0.794720600447945,2,"Davis2005a;Duchon2013",5.903,NA,"core",TRUE
"Comadreja",0.794642857142857,1,"Ferre2012",7.68,NA,"core",TRUE
"Reno",0.794642857142857,1,"Ferre2012",7.68,NA,"core",TRUE
"ventana",0.792959659919735,3,"Davis2005a;Diez-Alamo2018a;Duchon2013",6.078,"window","core",TRUE
"coito",0.791184327693678,1,"Guasch2016",5.95,"intercourse","core",TRUE
"farmacéutica",0.791184327693678,1,"Guasch2016",5.95,"pharmaceutical","core",TRUE
"granjero",0.791184327693678,1,"Guasch2016",5.95,"farmer","core",TRUE
"tuberculosis",0.791184327693678,1,"Guasch2016",5.95,"tuberculosis","core",TRUE
"fregadero",0.79088785046729,1,"Diez-Alamo2018a",6.28,"sink","core",TRUE
"lavabo",0.79088785046729,1,"Diez-Alamo2018a",6.28,"sink","core",TRUE
"persiana",0.79088785046729,1,"Diez-Alamo2018a",6.28,"blind","core",TRUE
"calle",0.790258449304175,1,"Davis2005a",5.877,NA,"core",TRUE
"trueno",0.790110602209528,2,"Davis2005a;Duchon2013",5.884,NA,"core",TRUE
"camping",0.788629737609329,1,"Hinojosa2016a",5.85,NA,"core",TRUE
"chuchería",0.788629737609329,1,"Hinojosa2016a",5.85,NA,"core",TRUE
"manifestación",0.788270377733598,1,"Davis2005a",5.867,NA,"core",TRUE
"libro",0.787795507016264,3,"Davis2005a;Diez-Alamo2018a;Duchon2013",6.06733333333333,"book","core",TRUE
"violador",0.7876737134238,2,"Guasch2016;Hinojosa2016a",5.85,"rapist","core",TRUE
"trono",0.785018790212313,2,"Davis2005a;Duchon2013",5.862,NA,"core",TRUE
"horno",0.784871949213535,3,"Davis2005a;Diez-Alamo2018a;Duchon2013",6.05866666666667,"oven","core",TRUE
"bautizo",0.783615316117542,1,"Guasch2016",5.91,"christening","core",TRUE
"panadera",0.783615316117542,1,"Guasch2016",5.91,"baker","core",TRUE
"veterinaria",0.783615316117542,1,"Guasch2016",5.91,"veterinarian","core",TRUE
"cemento",0.782902006461755,3,"Davis2005a;Duchon2013;Guasch2016",5.98333333333333,"cement","core",TRUE
"sotana",0.782710280373832,1,"Diez-Alamo2018a",6.27,"cassock","core",TRUE
"llanto",0.7826300854905,2,"Guasch2016;Hinojosa2016a",5.885,"crying","core",TRUE
"carcajada",0.78241525588737,2,"Guasch2016;Hinojosa2016a",5.825,"laugh","core",TRUE
"botella",0.782177747837878,4,"Davis2005a;Diez-Alamo2018a;Duchon2013;Guasch2016",6.047,"bottle","core",TRUE
"barco",0.781531590703689,4,"Davis2005a;Diez-Alamo2018a;Duchon2013;Guasch2016",6.059,"boat","core",TRUE
"amigo",0.779896569947404,2,"Davis2005a;Duchon2013",5.853,NA,"core",TRUE
"pústula",0.779883381924198,1,"Hinojosa2016a",5.82,NA,"core",TRUE
"francés",0.777847681841441,2,"Davis2005a;Duchon2013",5.849,NA,"core",TRUE
"azulejo",0.777517660161635,2,"Guasch2016;Hinojosa2016a",5.81,"tile","core",TRUE
"anorak",0.77693677649154,1,"Guasch2016",5.9,"anorak","core",TRUE
"esqueleto",0.77693677649154,1,"Guasch2016",5.9,"skeleton","core",TRUE
"jardín",0.776869158878505,1,"Diez-Alamo2018a",6.26,"garden","core",TRUE
"cocina",0.776832165256029,3,"Davis2005a;Diez-Alamo2018a;Duchon2013",6.04266666666667,"kitchen","core",TRUE
"pino",0.776078032805985,2,"Diez-Alamo2018a;Guasch2016",6.15,"pine","core",TRUE
"escritor",0.775798793735477,2,"Davis2005a;Duchon2013",5.846,NA,"core",TRUE
"leche",0.775350675696165,3,"Davis2005a;Duchon2013;Guasch2016",5.88066666666667,"milk","core",TRUE
"planeta",0.774774349682496,2,"Davis2005a;Duchon2013",5.842,NA,"core",TRUE
"novia",0.773749905629514,2,"Davis2005a;Duchon2013",5.837,NA,"core",TRUE
"cárcel",0.772725461576532,2,"Davis2005a;Duchon2013",5.827,NA,"core",TRUE
"Esparadrapo",0.772321428571429,1,"Ferre2012",7.64,NA,"core",TRUE
"fuego",0.771701017523551,2,"Davis2005a;Duchon2013",5.819,NA,"core",TRUE
"cocodrilo",0.770536311203104,3,"Diez-Alamo2018a;Ferre2012;Guasch2016",6.85666666666667,"crocodile","core",TRUE
"taza",0.770514563342043,4,"Davis2005a;Diez-Alamo2018a;Duchon2013;Guasch2016",6.0505,"cup","core",TRUE
"embolia",0.769679300291545,1,"Hinojosa2016a",5.79,NA,"core",TRUE
"prisión",0.767629804544578,3,"Davis2005a;Duchon2013;Guasch2016",5.832,"prison","core",TRUE
"acelerador",0.767141585040071,1,"Guasch2016",5.86,"accelerator","core",TRUE
"arroyo",0.767141585040071,1,"Guasch2016",5.86,"stream","core",TRUE
"horca",0.767141585040071,1,"Guasch2016",5.86,"gallows","core",TRUE
"jersey",0.767141585040071,1,"Guasch2016",5.86,"jersey","core",TRUE
"laboratorio",0.767141585040071,1,"Guasch2016",5.86,"laboratory","core",TRUE
"marido",0.767141585040071,1,"Guasch2016",5.86,"husband","core",TRUE
"pantano",0.767141585040071,1,"Guasch2016",5.86,"swamp","core",TRUE
"pirómano",0.767141585040071,1,"Guasch2016",5.86,"arsonist","core",TRUE
"secuestrador",0.767141585040071,1,"Guasch2016",5.86,"kidnapper","core",TRUE
"teniente",0.767091019285133,2,"Davis2005a;Duchon2013",5.81,NA,"core",TRUE
"ancla",0.765920892223587,3,"Davis2005a;Diez-Alamo2018a;Duchon2013",6.028,"anchor","core",TRUE
"chaleco",0.765707571508226,2,"Diez-Alamo2018a;Guasch2016",6.345,"vest","core",TRUE
"estantería",0.765467076549464,4,"Davis2005a;Diez-Alamo2018a;Duchon2013;Guasch2016",5.961,"bookcase","core",TRUE
"jamón",0.76518691588785,1,"Diez-Alamo2018a",6.25,"ham","core",TRUE
"jarrón",0.76518691588785,1,"Diez-Alamo2018a",6.25,"vase","core",TRUE
"desayuno",0.76504213117917,2,"Davis2005a;Duchon2013",5.808,NA,"core",TRUE
"fotografía",0.763494674043132,2,"Guasch2016;Hinojosa2016a",5.79,"photography","core",TRUE
"cumpleaños",0.762656371001958,3,"Davis2005a;Duchon2013;Guasch2016",5.79066666666667,"birthday","core",TRUE
"sueldo",0.762390670553936,1,"Hinojosa2016a",5.78,NA,"core",TRUE
"arena",0.761431411530815,1,"Davis2005a",5.787,NA,"core",TRUE
"noche",0.761400739339616,3,"Davis2005a;Duchon2013;Hinojosa2016a",5.766,NA,"core",TRUE
"tenis",0.76109822067111,3,"Davis2005a;Diez-Alamo2018a;Duchon2013",6.01866666666667,"tennis","core",TRUE
"martillo",0.760782084330297,4,"Davis2005a;Diez-Alamo2018a;Duchon2013;Guasch2016",6.064,"hammer","core",TRUE
"cordero",0.760521820723862,2,"Diez-Alamo2018a;Guasch2016",6.225,"lamb","core",TRUE
"círculo",0.759642533550446,3,"Davis2005a;Duchon2013;Guasch2016",5.84133333333333,"circle","core",TRUE
"gerente",0.758734823681497,3,"Davis2005a;Duchon2013;Guasch2016",5.74466666666667,"manager","core",TRUE
"modista",0.758236865538735,1,"Guasch2016",5.82,"dressmaker","core",TRUE
"médico",0.7573892090495,2,"Davis2005a;Duchon2013",5.776,NA,"core",TRUE
"pantera",0.757301401869159,2,"Diez-Alamo2018a;Ferre2012",7.12,"panther","core",TRUE
"carterista",0.756010685663402,1,"Guasch2016",5.81,"pickpocket","core",TRUE
"comedor",0.756010685663402,1,"Guasch2016",5.81,"dining room","core",TRUE
"enterrador",0.756010685663402,1,"Guasch2016",5.81,"undertaker","core",TRUE
"gobernador",0.75521905357746,3,"Davis2005a;Duchon2013;Guasch2016",5.81733333333333,"governor","core",TRUE
"Gorrión",0.754464285714286,1,"Ferre2012",7.56,NA,"core",TRUE
"Psiquiatra",0.754464285714286,1,"Ferre2012",7.56,NA,"core",TRUE
"cuello",0.754315876890555,2,"Davis2005a;Duchon2013",5.772,NA,"core",TRUE
"dragón",0.754226661012669,3,"Davis2005a;Diez-Alamo2018a;Duchon2013",6.00733333333333,"dragon","core",TRUE
"bosque",0.753764994146523,3,"Davis2005a;Duchon2013;Hinojosa2016a",5.73466666666667,NA,"core",TRUE
"chorizo",0.753339269813001,1,"Guasch2016",5.8,"chorizo","core",TRUE
"drogadicta",0.753339269813001,1,"Guasch2016",5.8,"junkie","core",TRUE
"venda",0.753339269813001,1,"Guasch2016",5.8,"band","core",TRUE
"pizarra",0.752336448598131,1,"Diez-Alamo2018a",6.24,"whiteboard","core",TRUE
"estudioso",0.752186588921283,1,"Hinojosa2016a",5.68,NA,"core",TRUE
"periodismo",0.75124254473161,2,"Davis2005a;Duchon2013",5.764,NA,"core",TRUE
"nube",0.750524287010563,3,"Davis2005a;Diez-Alamo2018a;Duchon2013",6.00066666666667,"cloud","core",TRUE
"anticuario",0.750222617987533,1,"Guasch2016",5.77,"antique","core",TRUE
"señora",0.749193656625647,2,"Davis2005a;Duchon2013",5.753,NA,"core",TRUE
"borracho",0.749136837320401,3,"Davis2005a;Duchon2013;Guasch2016",5.78933333333333,"drunk","core",TRUE
"negro",0.747593911154622,2,"Davis2005a;Guasch2016",5.8315,"black","core",TRUE
"triángulo",0.746448390213243,3,"Davis2005a;Duchon2013;Guasch2016",5.73866666666667,"triangle","core",TRUE
"músculo",0.745533051588708,3,"Davis2005a;Duchon2013;Guasch2016",5.734,"muscle","core",TRUE
"dictadura",0.744897959183674,1,"Hinojosa2016a",5.67,NA,"core",TRUE
"respiración",0.744897959183674,1,"Hinojosa2016a",5.67,NA,"core",TRUE
"carpeta",0.744533896189279,2,"Diez-Alamo2018a;Guasch2016",6.095,"folder","core",TRUE
"aborto",0.743544078361532,1,"Guasch2016",5.75,"abortion","core",TRUE
"cruz",0.743544078361532,1,"Guasch2016",5.75,"cross","core",TRUE
"mordisco",0.743544078361532,1,"Guasch2016",5.75,"bite","core",TRUE
"rey",0.743544078361532,1,"Guasch2016",5.75,"king","core",TRUE
"ciego",0.743046992307757,2,"Davis2005a;Duchon2013",5.728,NA,"core",TRUE
"balón",0.742990654205608,1,"Diez-Alamo2018a",6.23,"basketball","core",TRUE
"queso",0.742238875199452,3,"Davis2005a;Diez-Alamo2018a;Duchon2013",5.99133333333333,"cheese","core",TRUE
"palacio",0.741510326228284,2,"Davis2005a;Duchon2013",5.717,NA,"core",TRUE
"masaje",0.741047341339388,4,"Davis2005a;Duchon2013;Guasch2016;Hinojosa2016a",5.7255,"massage","core",TRUE
"persona",0.739973660148812,2,"Davis2005a;Duchon2013",5.716,NA,"core",TRUE
"monarquía",0.73953695458593,1,"Guasch2016",5.73,"monarchy","core",TRUE
"juez",0.737733015037852,5,"Davis2005a;Diez-Alamo2018a;Duchon2013;Ferre2012;Guasch2016",6.2892,"judge","core",TRUE
"cabra",0.73714953271028,1,"Diez-Alamo2018a",6.22,"goat","core",TRUE
"musgo",0.73714953271028,1,"Diez-Alamo2018a",6.22,"moss","core",TRUE
"Cebra",0.736607142857143,1,"Ferre2012",7.52,NA,"core",TRUE
"bañador",0.735718639991345,2,"Diez-Alamo2018a;Guasch2016",5.905,"swimsuit","core",TRUE
"almuerzo",0.735378866044241,2,"Davis2005a;Duchon2013",5.702,NA,"core",TRUE
"mechón",0.734639358860196,1,"Guasch2016",5.71,"tuft","core",TRUE
"página",0.734639358860196,1,"Guasch2016",5.71,"page","core",TRUE
"puente",0.734639358860196,1,"Guasch2016",5.71,"bridge","core",TRUE
"fiebre",0.734354421991259,2,"Davis2005a;Duchon2013",5.7,NA,"core",TRUE
"oveja",0.732476635514019,1,"Diez-Alamo2018a",6.21,"sheep","core",TRUE
"balcón",0.732167675035993,2,"Diez-Alamo2018a;Guasch2016",6.14,"balcony","core",TRUE
"matrimonio",0.731655861515247,3,"Davis2005a;Duchon2013;Guasch2016",5.69133333333333,"marriage","core",TRUE
"seda",0.731281089832314,2,"Davis2005a;Duchon2013",5.689,NA,"core",TRUE
"periódico",0.729652968477993,3,"Davis2005a;Duchon2013;Guasch2016",5.68066666666667,"newspaper","core",TRUE
"inundación",0.729296527159395,1,"Guasch2016",5.7,"flooding","core",TRUE
"pasillo",0.729296527159395,1,"Guasch2016",5.7,"aisle","core",TRUE
"teja",0.729296527159395,1,"Guasch2016",5.7,"tile","core",TRUE
"ratón",0.727665940836394,4,"Davis2005a;Diez-Alamo2018a;Duchon2013;Ferre2012",6.343,"mouse","core",TRUE
"vino",0.727183313620387,2,"Davis2005a;Duchon2013",5.676,NA,"core",TRUE
"párrafo",0.726486308480535,3,"Davis2005a;Duchon2013;Guasch2016",5.67133333333333,"paragraph","core",TRUE
"doctora",0.725289403383793,1,"Guasch2016",5.68,"doctor","core",TRUE
"escritora",0.725289403383793,1,"Guasch2016",5.68,"writer","core",TRUE
"masajista",0.725289403383793,1,"Guasch2016",5.68,"massage","core",TRUE
"mensajero",0.725289403383793,1,"Guasch2016",5.68,"messenger","core",TRUE
"cisterna",0.725134425514424,2,"Davis2005a;Duchon2013",5.671,NA,"core",TRUE
"maternidad",0.722617987533393,1,"Guasch2016",5.67,"motherhood","core",TRUE
"patata",0.72196261682243,1,"Diez-Alamo2018a",6.19,"potato","core",TRUE
"yegua",0.72196261682243,1,"Diez-Alamo2018a",6.19,"mare","core",TRUE
"derecha",0.721812855808727,3,"Davis2005a;Duchon2013;Guasch2016",5.632,"right","core",TRUE
"acuarela",0.721574344023324,1,"Hinojosa2016a",5.6,NA,"core",TRUE
"infidelidad",0.721574344023324,1,"Hinojosa2016a",5.6,NA,"core",TRUE
"rueda",0.719850068100647,3,"Diez-Alamo2018a;Guasch2016;Hinojosa2016a",5.89333333333333,"wheel","core",TRUE
"carmín",0.719501335707925,1,"Guasch2016",5.65,"carmine","core",TRUE
"crucero",0.719501335707925,1,"Guasch2016",5.65,"cruise","core",TRUE
"siglo",0.718987761196534,2,"Davis2005a;Duchon2013",5.652,NA,"core",TRUE
"buzón",0.718554689125423,2,"Diez-Alamo2018a;Guasch2016",5.88,"mailbox","core",TRUE
"paraguas",0.718512558151147,2,"Diez-Alamo2018a;Guasch2016",6.14,"umbrella","core",TRUE
"poeta",0.717451095117061,2,"Davis2005a;Duchon2013",5.645,NA,"core",TRUE
"vampiro",0.717451095117061,2,"Davis2005a;Duchon2013",5.645,NA,"core",TRUE
"tambor",0.717401028619935,2,"Diez-Alamo2018a;Guasch2016",5.96,"drum","core",TRUE
"orquesta",0.716597829456611,3,"Davis2005a;Diez-Alamo2018a;Duchon2013",5.92866666666667,"orchestra","core",TRUE
"fusil",0.71534909413204,2,"Diez-Alamo2018a;Guasch2016",6.155,"gun","core",TRUE
"abanico",0.715048975957257,1,"Guasch2016",5.64,"fan","core",TRUE
"agricultor",0.715048975957257,1,"Guasch2016",5.64,"farmer","core",TRUE
"Enchufe",0.714285714285714,1,"Ferre2012",7.48,NA,"core",TRUE
"Jardinero",0.714285714285714,1,"Ferre2012",7.48,NA,"core",TRUE
"iguana",0.713785046728972,1,"Diez-Alamo2018a",6.18,"iguana","core",TRUE
"lazo",0.713785046728972,1,"Diez-Alamo2018a",6.18,"ribbon","core",TRUE
"albergue",0.712926902716219,3,"Davis2005a;Duchon2013;Guasch2016",5.69266666666667,"hostel","core",TRUE
"pesca",0.712841096878644,2,"Davis2005a;Duchon2013",5.638,NA,"core",TRUE
"árbol",0.71255397410351,3,"Davis2005a;Diez-Alamo2018a;Duchon2013",5.92066666666667,"tree","core",TRUE
"guitarra",0.71255397410351,3,"Davis2005a;Diez-Alamo2018a;Duchon2013",5.92066666666667,"guitar","core",TRUE
"adulterio",0.711853791255721,2,"Guasch2016;Hinojosa2016a",5.6,"adultery","core",TRUE
"compositora",0.711487088156723,1,"Guasch2016",5.62,"composer","core",TRUE
"manuscrito",0.711487088156723,1,"Guasch2016",5.62,"manuscript","core",TRUE
"Ametralladora",0.710801345248696,2,"Ferre2012;Guasch2016",6.695,"machine gun","core",TRUE
"apellido",0.71027998674619,2,"Davis2005a;Duchon2013",5.631,NA,"core",TRUE
"lotería",0.709260908281389,1,"Guasch2016",5.6,"lottery","core",TRUE
"gorra",0.708743320666717,2,"Davis2005a;Duchon2013",5.63,NA,"core",TRUE
"llave",0.708608166972649,4,"Davis2005a;Diez-Alamo2018a;Duchon2013;Guasch2016",5.8415,"key","core",TRUE
"aguja",0.708090339050942,4,"Davis2005a;Diez-Alamo2018a;Duchon2013;Guasch2016",5.85,"needle","core",TRUE
"celda",0.707721497891942,5,"Davis2005a;Diez-Alamo2018a;Duchon2013;Guasch2016;Hinojosa2016a",5.8048,"cell","core",TRUE
"hijo",0.706869689633672,4,"Davis2005a;Duchon2013;Ferre2012;Guasch2016",6.1415,"son","core",TRUE
"mula",0.706775700934579,1,"Diez-Alamo2018a",6.17,"mule","core",TRUE
"gimnasta",0.705699020480855,1,"Guasch2016",5.59,"gymnast","core",TRUE
"lira",0.705699020480855,1,"Guasch2016",5.59,"lira","core",TRUE
"tatuaje",0.705699020480855,1,"Guasch2016",5.59,"tattoo","core",TRUE
"agenda",0.705669988507772,2,"Davis2005a;Duchon2013",5.626,NA,"core",TRUE
"princesa",0.70536932074406,4,"Davis2005a;Diez-Alamo2018a;Duchon2013;Guasch2016",5.817,"princess","core",TRUE
"actor",0.70464554445479,2,"Davis2005a;Duchon2013",5.622,NA,"core",TRUE
"erección",0.704011481606134,3,"Davis2005a;Duchon2013;Guasch2016",5.676,"erection","core",TRUE
"hierro",0.703372788582607,4,"Davis2005a;Diez-Alamo2018a;Duchon2013;Guasch2016",5.852,"iron","core",TRUE
"tumba",0.702596656348827,2,"Davis2005a;Duchon2013",5.601,NA,"core",TRUE
"abogada",0.701691896705254,1,"Guasch2016",5.57,"lawyer","core",TRUE
"calefacción",0.701691896705254,1,"Guasch2016",5.57,"heating","core",TRUE
"fotógrafa",0.701691896705254,1,"Guasch2016",5.57,"photographer","core",TRUE
"valla",0.701003523138676,3,"Davis2005a;Diez-Alamo2018a;Duchon2013",5.90066666666667,"fence","core",TRUE
"suelo",0.698680428938508,3,"Davis2005a;Duchon2013;Hinojosa2016a",5.602,NA,"core",TRUE
"buey",0.698556408544726,2,"Diez-Alamo2018a;Ferre2012",6.91,"ox","core",TRUE
"psicosis",0.698250728862974,1,"Hinojosa2016a",5.48,NA,"core",TRUE
"cinturón",0.698047827498107,2,"Diez-Alamo2018a;Guasch2016",5.975,"belt","core",TRUE
"alcohol",0.697986658110409,2,"Davis2005a;Duchon2013",5.592,NA,"core",TRUE
"estufa",0.696261682242991,1,"Diez-Alamo2018a",6.16,"stove","core",TRUE
"flauta",0.696261682242991,1,"Diez-Alamo2018a",6.16,"flute","core",TRUE
"hélice",0.696261682242991,1,"Diez-Alamo2018a",6.16,"propeller","core",TRUE
"trompeta",0.696261682242991,1,"Diez-Alamo2018a",6.16,"trumpet","core",TRUE
"arquitecto",0.69491722060644,3,"Davis2005a;Duchon2013;Ferre2012",6.21266666666667,NA,"core",TRUE
"anfitrión",0.694568121104185,1,"Guasch2016",5.55,"host","core",TRUE
"asilo",0.694568121104185,1,"Guasch2016",5.55,"asylum","core",TRUE
"cuadro",0.694568121104185,1,"Guasch2016",5.55,"box","core",TRUE
"heno",0.694568121104185,1,"Guasch2016",5.55,"hay","core",TRUE
"llovizna",0.694568121104185,1,"Guasch2016",5.55,"drizzle","core",TRUE
"naufragio",0.694568121104185,1,"Guasch2016",5.55,"shipwreck","core",TRUE
"prisionero",0.694568121104185,1,"Guasch2016",5.55,"prisoner","core",TRUE
"seno",0.694568121104185,1,"Guasch2016",5.55,"breast","core",TRUE
"tinta",0.694568121104185,1,"Guasch2016",5.55,"ink","core",TRUE
"maestro",0.694456776318044,3,"Davis2005a;Duchon2013;Guasch2016",5.57666666666667,"teacher","core",TRUE
"lentes",0.694401103924973,2,"Davis2005a;Duchon2013",5.59,NA,"core",TRUE
"trofeo",0.693107966205096,3,"Davis2005a;Duchon2013;Guasch2016",5.56666666666667,"trophy","core",TRUE
"ejército",0.69235221581901,2,"Davis2005a;Duchon2013",5.588,NA,"core",TRUE
"Columpio",0.691964285714286,1,"Ferre2012",7.44,NA,"core",TRUE
"asesinato",0.691191712500888,3,"Davis2005a;Duchon2013;Guasch2016",5.56666666666667,"murder","core",TRUE
"grasa",0.690962099125364,1,"Hinojosa2016a",5.45,NA,"core",TRUE
"quieto",0.690962099125364,1,"Hinojosa2016a",5.45,NA,"core",TRUE
"valle",0.690780707107877,3,"Davis2005a;Duchon2013;Guasch2016",5.558,"valley","core",TRUE
"museo",0.689278883660065,2,"Davis2005a;Duchon2013",5.585,NA,"core",TRUE
"chaqueta",0.689137857111442,3,"Davis2005a;Diez-Alamo2018a;Duchon2013",5.86266666666667,"jacket","core",TRUE
"ladrillo",0.686429338256886,3,"Diez-Alamo2018a;Ferre2012;Guasch2016",6.49666666666667,"brick","core",TRUE
"pastel",0.686406006303491,3,"Davis2005a;Diez-Alamo2018a;Duchon2013",5.85933333333333,"cake","core",TRUE
"rebajas",0.685693329474629,2,"Davis2005a;Duchon2013",5.578,NA,"core",TRUE
"compañero",0.684890656063618,1,"Davis2005a",5.573,NA,"core",TRUE
"celadora",0.684772929652716,1,"Guasch2016",5.52,"warden","core",TRUE
"escuela",0.684772929652716,1,"Guasch2016",5.52,"school","core",TRUE
"indio",0.684772929652716,1,"Guasch2016",5.52,"indian","core",TRUE
"mimo",0.684772929652716,1,"Guasch2016",5.52,"mime","core",TRUE
"década",0.684145816993572,4,"Davis2005a;Duchon2013;Guasch2016;Hinojosa2016a",5.555,"decade","core",TRUE
"ceguera",0.683673469387755,1,"Hinojosa2016a",5.43,NA,"core",TRUE
"novio",0.682750032412952,3,"Davis2005a;Duchon2013;Guasch2016",5.59866666666667,"boyfriend","core",TRUE
"salario",0.6825151854845,4,"Davis2005a;Duchon2013;Guasch2016;Hinojosa2016a",5.5315,"salary","core",TRUE
"película",0.681610757396549,2,"Davis2005a;Duchon2013",5.571,NA,"core",TRUE
"reina",0.681346283494993,3,"Davis2005a;Duchon2013;Guasch2016",5.582,"queen","core",TRUE
"bocadillo",0.680914512922465,1,"Davis2005a",5.563,NA,"core",TRUE
"otoño",0.680761456636751,3,"Davis2005a;Duchon2013;Guasch2016",5.47,"autumn","core",TRUE
"beso",0.680420663433063,3,"Davis2005a;Duchon2013;Guasch2016",5.55933333333333,"kiss","core",TRUE
"orgasmo",0.679186684283536,3,"Davis2005a;Duchon2013;Guasch2016",5.474,"orgasm","core",TRUE
"foca",0.678738317757009,1,"Diez-Alamo2018a",6.14,"seal","core",TRUE
"ciclón",0.67720391807658,1,"Guasch2016",5.5,"cyclone","core",TRUE
"masturbación",0.67720391807658,1,"Guasch2016",5.5,"masturbation","core",TRUE
"pedófilo",0.67720391807658,1,"Guasch2016",5.5,"pedophile","core",TRUE
"portero",0.67720391807658,1,"Guasch2016",5.5,"goalie","core",TRUE
"fugitivo",0.676375257378608,3,"Davis2005a;Duchon2013;Guasch2016",5.32133333333333,"fugitive","core",TRUE
"canción",0.675041019705837,4,"Davis2005a;Duchon2013;Guasch2016;Hinojosa2016a",5.4905,"song","core",TRUE
"kilo",0.674967075186015,2,"Davis2005a;Duchon2013",5.555,NA,"core",TRUE
"contento",0.674927113702624,1,"Hinojosa2016a",5.4,NA,"core",TRUE
"Garza",0.674107142857143,1,"Ferre2012",7.4,NA,"core",TRUE
"Pegamento",0.674107142857143,1,"Ferre2012",7.4,NA,"core",TRUE
"cable",0.673831111285675,3,"Davis2005a;Diez-Alamo2018a;Duchon2013",5.81666666666667,"cable","core",TRUE
"cirugía",0.673766928389927,3,"Davis2005a;Duchon2013;Hinojosa2016a",5.50866666666667,NA,"core",TRUE
"navidad",0.673281759795848,3,"Davis2005a;Duchon2013;Guasch2016",5.42466666666667,"christmas","core",TRUE
"abogado",0.672962226640159,1,"Davis2005a",5.537,NA,"core",TRUE
"coche",0.670456880460753,4,"Davis2005a;Diez-Alamo2018a;Duchon2013;Guasch2016",5.7885,"car","core",TRUE
"bolso",0.669634906500445,1,"Guasch2016",5.48,"bag","core",TRUE
"campamento",0.669634906500445,1,"Guasch2016",5.48,"camp","core",TRUE
"casaca",0.669634906500445,1,"Guasch2016",5.48,"coat","core",TRUE
"chantajista",0.669634906500445,1,"Guasch2016",5.48,"blackmailer","core",TRUE
"golfista",0.669634906500445,1,"Guasch2016",5.48,"golfer","core",TRUE
"radio",0.66832547703121,3,"Davis2005a;Diez-Alamo2018a;Duchon2013",5.81,"radio","core",TRUE
"notario",0.666570099195864,3,"Davis2005a;Duchon2013;Ferre2012",6.12066666666667,NA,"core",TRUE
"esquina",0.666439718735528,3,"Davis2005a;Duchon2013;Guasch2016",5.49866666666667,"corner","core",TRUE
"mediodía",0.666274504869517,2,"Davis2005a;Duchon2013",5.519,NA,"core",TRUE
"pirámide",0.665935107574253,3,"Davis2005a;Diez-Alamo2018a;Duchon2013",5.80666666666667,"pyramid","core",TRUE
"motor",0.665250060816535,2,"Davis2005a;Duchon2013",5.516,NA,"core",TRUE
"atasco",0.664723032069971,1,"Hinojosa2016a",5.37,NA,"core",TRUE
"reja",0.664719626168224,1,"Diez-Alamo2018a",6.12,"grille","core",TRUE
"castidad",0.664292074799644,1,"Guasch2016",5.45,"chastity","core",TRUE
"parto",0.664292074799644,1,"Guasch2016",5.45,"delivery","core",TRUE
"medalla",0.664010909958629,5,"Davis2005a;Diez-Alamo2018a;Duchon2013;Guasch2016;Hinojosa2016a",5.6892,"medal","core",TRUE
"bahía",0.661664506631099,2,"Davis2005a;Duchon2013",5.506,NA,"core",TRUE
"condesa",0.66135306675377,3,"Davis2005a;Duchon2013;Guasch2016",5.48066666666667,"countess","core",TRUE
"golf",0.661064509273081,3,"Davis2005a;Diez-Alamo2018a;Duchon2013",5.79733333333333,"golf","core",TRUE
"cine",0.661023551883917,4,"Davis2005a;Diez-Alamo2018a;Duchon2013;Hinojosa2016a",5.688,"cinema","core",TRUE
"balanza",0.661005858806102,2,"Diez-Alamo2018a;Guasch2016",5.97,"balance","core",TRUE
"maleta",0.66073018699911,1,"Guasch2016",5.43,"suitcase","core",TRUE
"ministra",0.66073018699911,1,"Guasch2016",5.43,"minister","core",TRUE
"verdugo",0.66073018699911,1,"Guasch2016",5.43,"executioner","core",TRUE
"muro",0.660400429258439,4,"Davis2005a;Diez-Alamo2018a;Duchon2013;Hinojosa2016a",5.724,"wall","core",TRUE
"puerto",0.660377955322615,4,"Davis2005a;Diez-Alamo2018a;Duchon2013;Guasch2016",5.7375,"port","core",TRUE
"océano",0.660127840551627,2,"Davis2005a;Duchon2013",5.501,NA,"core",TRUE
"avenida",0.659103396498645,2,"Davis2005a;Duchon2013",5.494,NA,"core",TRUE
"embarazo",0.659089415374675,3,"Davis2005a;Duchon2013;Guasch2016",5.502,"pregnancy","core",TRUE
"monasterio",0.658920791813041,4,"Davis2005a;Diez-Alamo2018a;Duchon2013;Guasch2016",5.712,"monastery","core",TRUE
"calzoncillos",0.658878504672897,1,"Diez-Alamo2018a",6.11,"pants","core",TRUE
"mosca",0.658878504672897,1,"Diez-Alamo2018a",6.11,"housefly","core",TRUE
"pelota",0.65874691039522,2,"Diez-Alamo2018a;Guasch2016",5.915,"ball","core",TRUE
"huevo",0.658727493845033,4,"Davis2005a;Diez-Alamo2018a;Duchon2013;Guasch2016",5.8145,"egg","core",TRUE
"tela",0.657725958710828,3,"Davis2005a;Duchon2013;Guasch2016",5.46933333333333,"cloth","core",TRUE
"embargo",0.657434402332362,1,"Hinojosa2016a",5.33,NA,"core",TRUE
"esterilidad",0.657434402332362,1,"Hinojosa2016a",5.33,NA,"core",TRUE
"barro",0.657030790009212,3,"Davis2005a;Diez-Alamo2018a;Duchon2013",5.78733333333333,"clay","core",TRUE
"secretario",0.656893246316058,3,"Davis2005a;Duchon2013;Guasch2016",5.476,"secretary","core",TRUE
"país",0.656542286366191,2,"Davis2005a;Duchon2013",5.484,NA,"core",TRUE
"sargento",0.656542286366191,2,"Davis2005a;Duchon2013",5.484,NA,"core",TRUE
"corazón",0.654496883348175,1,"Guasch2016",5.41,"heart","core",TRUE
"lechera",0.654496883348175,1,"Guasch2016",5.41,"milkmaid","core",TRUE
"pipa",0.654496883348175,1,"Guasch2016",5.41,"pipe","core",TRUE
"portería",0.654496883348175,1,"Guasch2016",5.41,"goal","core",TRUE
"tripa",0.654496883348175,1,"Guasch2016",5.41,"gut","core",TRUE
"hormona",0.654493398260228,2,"Davis2005a;Duchon2013",5.483,NA,"core",TRUE
"grieta",0.654427352458921,3,"Davis2005a;Duchon2013;Guasch2016",5.52333333333333,"crack","core",TRUE
"director",0.653689176973522,3,"Davis2005a;Duchon2013;Ferre2012",6.05533333333333,NA,"core",TRUE
"correo",0.652956732180755,2,"Davis2005a;Duchon2013",5.482,NA,"core",TRUE
"merienda",0.652516810960843,3,"Diez-Alamo2018a;Guasch2016;Hinojosa2016a",5.61333333333333,"snack","core",TRUE
"búho",0.651869158878505,1,"Diez-Alamo2018a",6.1,"owl","core",TRUE
"sapo",0.651869158878505,1,"Diez-Alamo2018a",6.1,"toad","core",TRUE
"tabique",0.651869158878505,1,"Diez-Alamo2018a",6.1,"partition","core",TRUE
"ajo",0.651726998838756,3,"Davis2005a;Diez-Alamo2018a;Duchon2013",5.77,"garlic","core",TRUE
"ajedrez",0.6515560373166,2,"Diez-Alamo2018a;Guasch2016",5.99,"chess","core",TRUE
"apartamento",0.6515560373166,2,"Diez-Alamo2018a;Guasch2016",5.99,"apartment","core",TRUE
"Drogadicto",0.650991082732546,3,"Ferre2012;Guasch2016;Hinojosa2016a",6.01666666666667,"junkie","core",TRUE
"legión",0.650907844074792,2,"Davis2005a;Duchon2013",5.475,NA,"core",TRUE
"ladrón",0.650906467780181,3,"Davis2005a;Duchon2013;Guasch2016",5.446,"thief","core",TRUE
"globo",0.649059907124608,2,"Diez-Alamo2018a;Guasch2016",5.855,"balloon","core",TRUE
"firma",0.648954645792823,3,"Davis2005a;Duchon2013;Guasch2016",5.442,"signature","core",TRUE
"aplauso",0.648708815672306,1,"Guasch2016",5.4,"applause","core",TRUE
"papa",0.648708815672306,1,"Guasch2016",5.4,"pope","core",TRUE
"rubio",0.648708815672306,1,"Guasch2016",5.4,"blond","core",TRUE
"átomo",0.648495284133244,2,"Guasch2016;Hinojosa2016a",5.31,"atom","core",TRUE
"capitán",0.648436644854034,3,"Davis2005a;Duchon2013;Guasch2016",5.454,"captain","core",TRUE
"anillo",0.648346022212455,5,"Davis2005a;Diez-Alamo2018a;Duchon2013;Ferre2012;Guasch2016",5.9508,"ring","core",TRUE
"bota",0.648018422609531,4,"Davis2005a;Duchon2013;Ferre2012;Guasch2016",5.897,"boot","core",TRUE
"oeste",0.647834511915847,2,"Davis2005a;Duchon2013",5.458,NA,"core",TRUE
"pistola",0.647731070234351,3,"Davis2005a;Diez-Alamo2018a;Duchon2013",5.76133333333333,"handgun","core",TRUE
"euforia",0.647230320699708,1,"Hinojosa2016a",5.3,NA,"core",TRUE
"munición",0.647230320699708,1,"Hinojosa2016a",5.3,NA,"core",TRUE
"viajero",0.647230320699708,1,"Hinojosa2016a",5.3,NA,"core",TRUE
"gangrena",0.646482635796972,1,"Guasch2016",5.39,"gangrene","core",TRUE
"hamaca",0.646028037383178,1,"Diez-Alamo2018a",6.09,"hammock","core",TRUE
"papel",0.643438430631793,4,"Davis2005a;Diez-Alamo2018a;Duchon2013;Guasch2016",5.635,"paper","core",TRUE
"dinero",0.641594967385192,4,"Davis2005a;Diez-Alamo2018a;Duchon2013;Guasch2016",5.6525,"money","core",TRUE
"alumno",0.640694568121104,1,"Guasch2016",5.38,"student","core",TRUE
"curandero",0.640694568121104,1,"Guasch2016",5.38,"healer","core",TRUE
"editora",0.640694568121104,1,"Guasch2016",5.38,"editor","core",TRUE
"emperatriz",0.640694568121104,1,"Guasch2016",5.38,"empress","core",TRUE
"estilista",0.640694568121104,1,"Guasch2016",5.38,"stylist","core",TRUE
"jornalera",0.640694568121104,1,"Guasch2016",5.38,"laborer","core",TRUE
"letra",0.640694568121104,1,"Guasch2016",5.38,"letter","core",TRUE
"psicóloga",0.640694568121104,1,"Guasch2016",5.38,"psychologist","core",TRUE
"risa",0.640694568121104,1,"Guasch2016",5.38,"laughter","core",TRUE
"senadora",0.640694568121104,1,"Guasch2016",5.38,"senator","core",TRUE
"edificio",0.638397401224986,4,"Davis2005a;Diez-Alamo2018a;Duchon2013;Guasch2016",5.6495,"building","core",TRUE
"azotea",0.63785046728972,1,"Diez-Alamo2018a",6.08,"rooftop","core",TRUE
"granero",0.63785046728972,1,"Diez-Alamo2018a",6.08,"barn","core",TRUE
"carta",0.637792172527097,3,"Davis2005a;Diez-Alamo2018a;Duchon2013",5.72933333333333,"letter","core",TRUE
"espía",0.637077849359539,2,"Davis2005a;Duchon2013",5.422,NA,"core",TRUE
"banquero",0.635028961253576,2,"Davis2005a;Duchon2013",5.42,NA,"core",TRUE
"postre",0.635028961253576,2,"Davis2005a;Duchon2013",5.42,NA,"core",TRUE
"periodista",0.634532093155354,2,"Davis2005a;Ferre2012",6.3415,NA,"core",TRUE
"torre",0.634527133373373,3,"Davis2005a;Diez-Alamo2018a;Duchon2013",5.718,"tower","core",TRUE
"hermana",0.634135912719332,3,"Davis2005a;Duchon2013;Guasch2016",5.366,"sister","core",TRUE
"Topo",0.633928571428571,1,"Ferre2012",7.28,NA,"core",TRUE
"bailarina",0.633125556544969,1,"Guasch2016",5.36,"dancer","core",TRUE
"conferencia",0.6329970964678,3,"Davis2005a;Duchon2013;Guasch2016",5.31866666666667,"conference","core",TRUE
"olfato",0.632980073147612,2,"Davis2005a;Duchon2013",5.415,NA,"core",TRUE
"tumor",0.632980073147612,2,"Davis2005a;Duchon2013",5.415,NA,"core",TRUE
"plástico",0.632807183995929,3,"Davis2005a;Duchon2013;Guasch2016",5.338,"plastic","core",TRUE
"esclavo",0.63144340706814,2,"Davis2005a;Duchon2013",5.409,NA,"core",TRUE
"confidente",0.631195335276968,1,"Hinojosa2016a",5.28,NA,"core",TRUE
"gordura",0.631195335276968,1,"Hinojosa2016a",5.28,NA,"core",TRUE
"vago",0.631195335276968,1,"Hinojosa2016a",5.28,NA,"core",TRUE
"llano",0.630454140694568,1,"Guasch2016",5.35,"plain","core",TRUE
"hombre",0.629394518962176,2,"Davis2005a;Duchon2013",5.398,NA,"core",TRUE
"bala",0.628786007354535,3,"Davis2005a;Diez-Alamo2018a;Duchon2013",5.70666666666667,"bullet","core",TRUE
"discoteca",0.628504672897196,1,"Diez-Alamo2018a",6.07,"disco","core",TRUE
"jaula",0.628504672897196,1,"Diez-Alamo2018a",6.07,"cage","core",TRUE
"izquierda",0.628370074909195,2,"Davis2005a;Duchon2013",5.396,NA,"core",TRUE
"iglesia",0.627294143019315,4,"Davis2005a;Diez-Alamo2018a;Duchon2013;Guasch2016",5.621,"church","core",TRUE
"celador",0.626892252894034,1,"Guasch2016",5.33,"warden","core",TRUE
"diseñadora",0.626892252894034,1,"Guasch2016",5.33,"designer","core",TRUE
"mango",0.626892252894034,1,"Guasch2016",5.33,"mango","core",TRUE
"mona",0.626892252894034,1,"Guasch2016",5.33,"mona","core",TRUE
"moño",0.626892252894034,1,"Guasch2016",5.33,"bun","core",TRUE
"pila",0.626892252894034,1,"Guasch2016",5.33,"stack","core",TRUE
"primo",0.626782161774716,3,"Davis2005a;Duchon2013;Guasch2016",5.35,"cousin","core",TRUE
"capilla",0.626674679273028,4,"Davis2005a;Diez-Alamo2018a;Duchon2013;Guasch2016",5.666,"chapel","core",TRUE
"heroína",0.626279166244285,3,"Davis2005a;Duchon2013;Guasch2016",5.34733333333333,"heroin","core",TRUE
"pastilla",0.62529674275025,2,"Davis2005a;Duchon2013",5.384,NA,"core",TRUE
"cesta",0.623865584507452,2,"Diez-Alamo2018a;Guasch2016",5.855,"basket","core",TRUE
"bata",0.623236740706219,2,"Diez-Alamo2018a;Guasch2016",5.91,"coat","core",TRUE
"lima",0.621994657168299,1,"Guasch2016",5.32,"lime","core",TRUE
"cantante",0.620701948645679,2,"Davis2005a;Duchon2013",5.369,NA,"core",TRUE
"piloto",0.619596613515003,3,"Davis2005a;Duchon2013;Guasch2016",5.33466666666667,"pilot","core",TRUE
"barranco",0.617685854811461,2,"Diez-Alamo2018a;Guasch2016",5.96,"ravine","core",TRUE
"esposa",0.617628616486734,2,"Davis2005a;Duchon2013",5.351,NA,"core",TRUE
"aluminio",0.617097061442565,1,"Guasch2016",5.29,"aluminum","core",TRUE
"mina",0.617097061442565,1,"Guasch2016",5.29,"mine","core",TRUE
"opio",0.617097061442565,1,"Guasch2016",5.29,"opium","core",TRUE
"peca",0.617097061442565,1,"Guasch2016",5.29,"sins","core",TRUE
"pintora",0.617097061442565,1,"Guasch2016",5.29,"painter","core",TRUE
"vehículo",0.616604172433752,2,"Davis2005a;Duchon2013",5.347,NA,"core",TRUE
"oscuridad",0.61557972838077,2,"Davis2005a;Duchon2013",5.341,NA,"core",TRUE
"susurro",0.61553678843373,2,"Guasch2016;Hinojosa2016a",5.28,"whisper","core",TRUE
"hueso",0.614749333435354,3,"Davis2005a;Diez-Alamo2018a;Duchon2013",5.66933333333333,"bone","core",TRUE
"ciudad",0.614555284327789,2,"Davis2005a;Duchon2013",5.339,NA,"core",TRUE
"habitación",0.614035196226707,3,"Davis2005a;Duchon2013;Guasch2016",5.368,"room","core",TRUE
"dormilón",0.613702623906705,1,"Hinojosa2016a",5.25,NA,"core",TRUE
"psicópata",0.613702623906705,1,"Hinojosa2016a",5.25,NA,"core",TRUE
"ruin",0.613702623906705,1,"Hinojosa2016a",5.25,NA,"core",TRUE
"herida",0.613530840274807,2,"Davis2005a;Duchon2013",5.338,NA,"core",TRUE
"muñeca",0.612628985258783,3,"Davis2005a;Diez-Alamo2018a;Guasch2016",5.646,"doll","core",TRUE
"familia",0.611994174195334,2,"Davis2005a;Duchon2013",5.337,NA,"core",TRUE
"proteína",0.611994174195334,2,"Davis2005a;Duchon2013",5.337,NA,"core",TRUE
"retrato",0.611754229741763,1,"Guasch2016",5.27,"portrait","core",TRUE
"secretaria",0.611754229741763,1,"Guasch2016",5.27,"secretary","core",TRUE
"bacalao",0.610981308411215,1,"Diez-Alamo2018a",6.04,"cod","core",TRUE
"biblia",0.609974588631571,3,"Davis2005a;Diez-Alamo2018a;Duchon2013",5.66066666666667,"bible","core",TRUE
"flor",0.609291625929584,3,"Davis2005a;Diez-Alamo2018a;Duchon2013",5.65866666666667,"dandelion","core",TRUE
"labrador",0.609102284852371,2,"Guasch2016;Hinojosa2016a",5.26,"labrador","core",TRUE
"estallido",0.608637577916296,1,"Guasch2016",5.25,"pop","core",TRUE
"gota",0.608637577916296,1,"Guasch2016",5.25,"drop","core",TRUE
"provincia",0.607728284037187,2,"Guasch2016;Hinojosa2016a",5.1,"province","core",TRUE
"ducha",0.606959365604066,4,"Davis2005a;Diez-Alamo2018a;Duchon2013;Hinojosa2016a",5.5965,"shower","core",TRUE
"municipio",0.606856634016029,1,"Guasch2016",5.24,"municipality","core",TRUE
"laberinto",0.604185218165628,1,"Guasch2016",5.23,"maze","core",TRUE
"marqués",0.604185218165628,1,"Guasch2016",5.23,"marquis","core",TRUE
"cañón",0.603946996113548,2,"Diez-Alamo2018a;Guasch2016",5.94,"cannon","core",TRUE
"verano",0.60346681642685,3,"Davis2005a;Duchon2013;Hinojosa2016a",5.28533333333333,NA,"core",TRUE
"huella",0.60328639974499,2,"Davis2005a;Duchon2013",5.312,NA,"core",TRUE
"carne",0.602665694124748,3,"Davis2005a;Diez-Alamo2018a;Duchon2013",5.642,"meat","core",TRUE
"droga",0.602261955692008,2,"Davis2005a;Duchon2013",5.307,NA,"core",TRUE
"estafa",0.602040816326531,1,"Hinojosa2016a",5.22,NA,"core",TRUE
"naranja",0.60198273142276,3,"Davis2005a;Diez-Alamo2018a;Duchon2013",5.64066666666667,"orange","core",TRUE
"caña",0.60106856634016,1,"Guasch2016",5.2,"cane","core",TRUE
"escenario",0.60106856634016,1,"Guasch2016",5.2,"stage","core",TRUE
"empleo",0.600725289612536,2,"Davis2005a;Duchon2013",5.303,NA,"core",TRUE
"hacienda",0.599976245427569,2,"Guasch2016;Hinojosa2016a",5.035,"ranch","core",TRUE
"niebla",0.599581521646695,4,"Davis2005a;Diez-Alamo2018a;Duchon2013;Guasch2016",5.5775,"fog","core",TRUE
"pelea",0.599188623533063,2,"Davis2005a;Duchon2013",5.3,NA,"core",TRUE
"vidrio",0.598629312903011,3,"Davis2005a;Duchon2013;Guasch2016",5.25933333333333,"glass","core",TRUE
"Cometa",0.598214285714286,1,"Ferre2012",7.24,NA,"core",TRUE
"Conserje",0.598214285714286,1,"Ferre2012",7.24,NA,"core",TRUE
"Gafas",0.598214285714286,1,"Ferre2012",7.24,NA,"core",TRUE
"Góndola",0.598214285714286,1,"Ferre2012",7.24,NA,"core",TRUE
"Pescador",0.598214285714286,1,"Ferre2012",7.24,NA,"core",TRUE
"concierto",0.598164179480081,2,"Davis2005a;Duchon2013",5.296,NA,"core",TRUE
"cojo",0.597951914514693,1,"Guasch2016",5.19,"lame","core",TRUE
"piel",0.5971397354271,2,"Davis2005a;Duchon2013",5.295,NA,"core",TRUE
"casa",0.596572950665684,3,"Davis2005a;Diez-Alamo2018a;Duchon2013",5.63066666666667,"house","core",TRUE
"poema",0.59642341850045,3,"Davis2005a;Duchon2013;Hinojosa2016a",5.26266666666667,NA,"core",TRUE
"cuento",0.596209912536443,1,"Hinojosa2016a",5.2,NA,"core",TRUE
"falda",0.594904648342302,4,"Davis2005a;Diez-Alamo2018a;Duchon2013;Guasch2016",5.582,"skirt","core",TRUE
"hechicero",0.594835262689225,1,"Guasch2016",5.18,"sorcerer","core",TRUE
"insomnio",0.594835262689225,1,"Guasch2016",5.18,"insomnia","core",TRUE
"multitud",0.594066403268155,2,"Davis2005a;Duchon2013",5.279,NA,"core",TRUE
"suspenso",0.593777340474416,2,"Guasch2016;Hinojosa2016a",4.95,"suspense","core",TRUE
"barca",0.593457943925234,1,"Diez-Alamo2018a",6.02,"boat","core",TRUE
"domicilio",0.593457943925234,1,"Diez-Alamo2018a",6.02,"home","core",TRUE
"península",0.593457943925234,1,"Diez-Alamo2018a",6.02,"peninsula","core",TRUE
"maquinilla",0.592609082813891,1,"Guasch2016",5.15,"razor","core",TRUE
"humano",0.592017515162191,2,"Davis2005a;Duchon2013",5.27,NA,"core",TRUE
"guerrero",0.587298762416216,3,"Davis2005a;Duchon2013;Guasch2016",5.28333333333333,"warrior","core",TRUE
"árbitro",0.58726625111309,1,"Guasch2016",5.14,"referee","core",TRUE
"ladrona",0.58726625111309,1,"Guasch2016",5.14,"thief","core",TRUE
"maestra",0.58726625111309,1,"Guasch2016",5.14,"teacher","core",TRUE
"pompa",0.58726625111309,1,"Guasch2016",5.14,"pomp","core",TRUE
"reportera",0.58726625111309,1,"Guasch2016",5.14,"reporter","core",TRUE
"pornografía",0.586253358037467,3,"Davis2005a;Duchon2013;Guasch2016",5.172,"pornography","core",TRUE
"sombra",0.584889335854103,3,"Davis2005a;Duchon2013;Guasch2016",5.07866666666667,"shadow","core",TRUE
"gas",0.584334184764829,2,"Davis2005a;Duchon2013",5.259,NA,"core",TRUE
"pera",0.58411214953271,1,"Diez-Alamo2018a",6.01,"pear","core",TRUE
"escudo",0.58239249650042,3,"Davis2005a;Diez-Alamo2018a;Duchon2013",5.59266666666667,"shield","core",TRUE
"bodega",0.582272950458135,2,"Diez-Alamo2018a;Guasch2016",5.725,"cellar","core",TRUE
"pregón",0.581923419412289,1,"Guasch2016",5.13,"proclamation","core",TRUE
"violento",0.581923419412289,1,"Guasch2016",5.13,"violent","core",TRUE
"taller",0.581773074632375,2,"Davis2005a;Duchon2013",5.252,NA,"core",TRUE
"nervio",0.581636184672906,2,"Davis2005a;Guasch2016",4.9165,"nerve","core",TRUE
"maltratador",0.581632653061224,1,"Hinojosa2016a",5.15,NA,"core",TRUE
"parásito",0.581632653061224,1,"Hinojosa2016a",5.15,NA,"core",TRUE
"techo",0.581545802566688,2,"Diez-Alamo2018a;Hinojosa2016a",5.73,"ceiling","core",TRUE
"pasaporte",0.581368052447438,3,"Davis2005a;Diez-Alamo2018a;Duchon2013",5.59133333333333,"passport","core",TRUE
"rojo",0.580748630579393,2,"Davis2005a;Duchon2013",5.25,NA,"core",TRUE
"repisa",0.580328684015612,2,"Diez-Alamo2018a;Guasch2016",5.735,"ledge","core",TRUE
"mensaje",0.579857974687578,3,"Davis2005a;Duchon2013;Guasch2016",5.20466666666667,"message","core",TRUE
"galaxia",0.579724186526411,2,"Davis2005a;Duchon2013",5.249,NA,"core",TRUE
"divorcio",0.578990741014423,3,"Davis2005a;Duchon2013;Guasch2016",5.212,"divorce","core",TRUE
"oficina",0.578202724580785,2,"Davis2005a;Duchon2013",5.241,NA,"core",TRUE
"profesor",0.577600838109778,3,"Davis2005a;Duchon2013;Ferre2012",5.87266666666667,NA,"core",TRUE
"número",0.57757386517845,3,"Davis2005a;Duchon2013;Hinojosa2016a",5.22933333333333,NA,"core",TRUE
"columna",0.577471059661621,1,"Guasch2016",5.1,"column","core",TRUE
"ludópata",0.577471059661621,1,"Guasch2016",5.1,"compulsive gambler","core",TRUE
"muelle",0.577471059661621,1,"Guasch2016",5.1,"spring","core",TRUE
"rompecabezas",0.577471059661621,1,"Guasch2016",5.1,"puzzle","core",TRUE
"presidente",0.577395232782529,3,"Davis2005a;Duchon2013;Ferre2012",5.81066666666667,NA,"core",TRUE
"transistor",0.577102803738318,1,"Diez-Alamo2018a",6,"transistor","core",TRUE
"científico",0.576153836474822,2,"Davis2005a;Duchon2013",5.237,NA,"core",TRUE
"cerdo",0.575039447605559,4,"Davis2005a;Diez-Alamo2018a;Duchon2013;Guasch2016",5.508,"pig","core",TRUE
"constitución",0.574104948368859,2,"Davis2005a;Duchon2013",5.232,NA,"core",TRUE
"decepción",0.574055666003976,1,"Davis2005a",5.226,NA,"core",TRUE
"premio",0.573126385120754,4,"Davis2005a;Duchon2013;Guasch2016;Hinojosa2016a",5.053,"prize","core",TRUE
"mundo",0.573080504315877,2,"Davis2005a;Duchon2013",5.231,NA,"core",TRUE
"robo",0.57298222898486,3,"Davis2005a;Duchon2013;Hinojosa2016a",5.208,NA,"core",TRUE
"monumento",0.572720324717186,3,"Davis2005a;Duchon2013;Guasch2016",5.05333333333333,"monument","core",TRUE
"cicatriz",0.572249903578124,3,"Davis2005a;Diez-Alamo2018a;Duchon2013",5.58,"scar","core",TRUE
"coral",0.571682991985752,1,"Guasch2016",5.09,"coral","core",TRUE
"pata",0.571682991985752,1,"Guasch2016",5.09,"leg","core",TRUE
"plato",0.571682991985752,1,"Guasch2016",5.09,"plate","core",TRUE
"sangriento",0.571682991985752,1,"Guasch2016",5.09,"bloody","core",TRUE
"náusea",0.571636592823221,4,"Davis2005a;Duchon2013;Guasch2016;Hinojosa2016a",5.138,"nausea","core",TRUE
"chivato",0.571428571428571,1,"Hinojosa2016a",5.13,NA,"core",TRUE
"Escultor",0.571428571428571,1,"Ferre2012",7.16,NA,"core",TRUE
"soborno",0.571428571428571,1,"Hinojosa2016a",5.13,NA,"core",TRUE
"esposo",0.570783107263591,2,"Davis2005a;Duchon2013",5.226,NA,"core",TRUE
"baño",0.570282697610781,4,"Davis2005a;Diez-Alamo2018a;Duchon2013;Guasch2016",5.475,"bathroom","core",TRUE
"gusano",0.569859534121167,3,"Davis2005a;Diez-Alamo2018a;Duchon2013",5.57733333333333,"worm","core",TRUE
"instituto",0.569484379291118,2,"Diez-Alamo2018a;Guasch2016",5.825,"institute","core",TRUE
"muñeco",0.568714319463951,2,"Guasch2016;Hinojosa2016a",4.975,"doll","core",TRUE
"soltero",0.567889790551447,3,"Davis2005a;Duchon2013;Ferre2012",5.702,NA,"core",TRUE
"orgullo",0.567461266158324,2,"Davis2005a;Duchon2013",5.217,NA,"core",TRUE
"síntoma",0.567461266158324,2,"Davis2005a;Duchon2013",5.217,NA,"core",TRUE
"temperatura",0.567461266158324,2,"Davis2005a;Duchon2013",5.217,NA,"core",TRUE
"bacteria",0.566785396260018,1,"Guasch2016",5.05,"bacterium","core",TRUE
"emperador",0.566785396260018,1,"Guasch2016",5.05,"emperor","core",TRUE
"melena",0.566785396260018,1,"Guasch2016",5.05,"mane","core",TRUE
"profesora",0.566785396260018,1,"Guasch2016",5.05,"teacher","core",TRUE
"leyenda",0.565606361829026,1,"Davis2005a",5.206,NA,"core",TRUE
"purulento",0.565597667638484,1,"Hinojosa2016a",5.11,NA,"core",TRUE
"comprador",0.56490015602587,2,"Davis2005a;Duchon2013",5.215,NA,"core",TRUE
"fábrica",0.56467207732803,4,"Davis2005a;Duchon2013;Ferre2012;Guasch2016",5.5835,"factory","core",TRUE
"campeona",0.56366874443455,1,"Guasch2016",5.04,"champion","core",TRUE
"corona",0.562373210687895,3,"Davis2005a;Diez-Alamo2018a;Duchon2013",5.558,"crown","core",TRUE
"silencio",0.561842028000772,2,"Davis2005a;Duchon2013",5.202,NA,"core",TRUE
"danza",0.561224489795918,1,"Hinojosa2016a",5.1,NA,"core",TRUE
"pensión",0.560705000032727,4,"Davis2005a;Duchon2013;Guasch2016;Hinojosa2016a",5.0045,"pension","core",TRUE
"sed",0.56012927857808,3,"Davis2005a;Duchon2013;Hinojosa2016a",5.162,NA,"core",TRUE
"baranda",0.559661620658949,1,"Guasch2016",5,"railing","core",TRUE
"carcelero",0.559661620658949,1,"Guasch2016",5,"jailer","core",TRUE
"chico",0.559661620658949,1,"Guasch2016",5,"boy","core",TRUE
"litro",0.559661620658949,1,"Guasch2016",5,"liter","core",TRUE
"pamela",0.559661620658949,1,"Guasch2016",5,"pamela","core",TRUE
"pavimento",0.559661620658949,1,"Guasch2016",5,"pavement","core",TRUE
"seriedad",0.559661620658949,1,"Guasch2016",5,"seriously","core",TRUE
"olla",0.558411214953271,1,"Diez-Alamo2018a",5.96,"pot","core",TRUE
"roca",0.558329355334795,3,"Davis2005a;Diez-Alamo2018a;Duchon2013",5.55266666666667,"rock","core",TRUE
"Sepia",0.558035714285714,1,"Ferre2012",7.12,NA,"core",TRUE
"líder",0.557744251788845,2,"Davis2005a;Duchon2013",5.196,NA,"core",TRUE
"bandeja",0.555234227411556,2,"Diez-Alamo2018a;Guasch2016",5.665,"tray","core",TRUE
"comandante",0.5546709196299,2,"Davis2005a;Duchon2013",5.191,NA,"core",TRUE
"cachorro",0.553969919075775,2,"Diez-Alamo2018a;Hinojosa2016a",5.695,"cub","core",TRUE
"vena",0.553612673368938,3,"Davis2005a;Diez-Alamo2018a;Duchon2013",5.53133333333333,"vein","core",TRUE
"campeonato",0.553522494215137,3,"Davis2005a;Duchon2013;Guasch2016",5.01,"championship","core",TRUE
"paseo",0.552478134110787,1,"Hinojosa2016a",5.07,NA,"core",TRUE
"botín",0.552092609082814,1,"Guasch2016",4.95,"swag","core",TRUE
"deportista",0.552092609082814,1,"Guasch2016",4.95,"athlete","core",TRUE
"dieta",0.552092609082814,1,"Guasch2016",4.95,"diet","core",TRUE
"encaje",0.552092609082814,1,"Guasch2016",4.95,"lace","core",TRUE
"coco",0.552019790114929,2,"Diez-Alamo2018a;Guasch2016",5.725,"coconut","core",TRUE
"majestad",0.551597587470955,2,"Davis2005a;Duchon2013",5.18,NA,"core",TRUE
"griego",0.549548699364991,2,"Davis2005a;Duchon2013",5.173,NA,"core",TRUE
"ministro",0.549218564941474,3,"Davis2005a;Duchon2013;Ferre2012",5.69333333333333,NA,"core",TRUE
"tío",0.548342514394865,3,"Davis2005a;Duchon2013;Guasch2016",4.978,"uncle","core",TRUE
"almohada",0.547897196261682,1,"Diez-Alamo2018a",5.94,"pillow","core",TRUE
"gallo",0.547897196261682,1,"Diez-Alamo2018a",5.94,"rooster","core",TRUE
"merluza",0.547897196261682,1,"Diez-Alamo2018a",5.94,"hake","core",TRUE
"empresa",0.547499811259028,2,"Davis2005a;Duchon2013",5.172,NA,"core",TRUE
"inspector",0.547499811259028,2,"Davis2005a;Duchon2013",5.172,NA,"core",TRUE
"acidez",0.547195013357079,1,"Guasch2016",4.91,"acidity","core",TRUE
"educadora",0.547195013357079,1,"Guasch2016",4.91,"educator","core",TRUE
"entrada",0.545450923153065,2,"Davis2005a;Duchon2013",5.169,NA,"core",TRUE
"partera",0.545414069456812,1,"Guasch2016",4.9,"midwife","core",TRUE
"parlamento",0.544731610337972,1,"Davis2005a",5.159,NA,"core",TRUE
"voz",0.544426479100083,2,"Davis2005a;Duchon2013",5.167,NA,"core",TRUE
"celos",0.543633125556545,1,"Guasch2016",4.87,"jealousy","core",TRUE
"tenso",0.543633125556545,1,"Guasch2016",4.87,"tense","core",TRUE
"discurso",0.543402035047101,2,"Davis2005a;Duchon2013",5.165,NA,"core",TRUE
"empresario",0.542710800882977,3,"Davis2005a;Duchon2013;Guasch2016",5.04,"entrepreneur","core",TRUE
"pasatiempo",0.54237759099412,2,"Davis2005a;Duchon2013",5.164,NA,"core",TRUE
"seductor",0.542274052478134,1,"Hinojosa2016a",5.05,NA,"core",TRUE
"sensato",0.542274052478134,1,"Hinojosa2016a",5.05,NA,"core",TRUE
"documento",0.541655657865973,3,"Davis2005a;Duchon2013;Guasch2016",4.96866666666667,"document","core",TRUE
"bombardeo",0.540516473731077,1,"Guasch2016",4.86,"bombardment","core",TRUE
"consolador",0.540516473731077,1,"Guasch2016",4.86,"dildo","core",TRUE
"corredor",0.540516473731077,1,"Guasch2016",4.86,"runner","core",TRUE
"mate",0.540516473731077,1,"Guasch2016",4.86,"matt","core",TRUE
"Bengala",0.540178571428571,1,"Ferre2012",7.08,NA,"core",TRUE
"Guardaespaldas",0.540178571428571,1,"Ferre2012",7.08,NA,"core",TRUE
"biología",0.539831684995512,2,"Davis2005a;Duchon2013",5.148,NA,"core",TRUE
"traidor",0.538358451251529,2,"Davis2005a;Guasch2016",4.897,"traitor","core",TRUE
"propietario",0.538208516994589,3,"Davis2005a;Duchon2013;Guasch2016",4.90066666666667,"owner","core",TRUE
"racista",0.537782796889549,2,"Davis2005a;Duchon2013",5.141,NA,"core",TRUE
"generador",0.536443148688047,1,"Hinojosa2016a",5.04,NA,"core",TRUE
"nacimiento",0.536426235393228,3,"Davis2005a;Duchon2013;Guasch2016",4.896,"birth","core",TRUE
"robot",0.536257039437207,3,"Davis2005a;Diez-Alamo2018a;Duchon2013",5.47933333333333,"robot","core",TRUE
"centuria",0.53606411398041,1,"Guasch2016",4.83,"century","core",TRUE
"pinchazo",0.53606411398041,1,"Guasch2016",4.83,"puncture","core",TRUE
"riña",0.53606411398041,1,"Guasch2016",4.83,"quarrel","core",TRUE
"sujetador",0.535779079734689,2,"Diez-Alamo2018a;Guasch2016",5.67,"bra","core",TRUE
"médula",0.533878504672897,1,"Diez-Alamo2018a",5.92,"marrow","core",TRUE
"catálogo",0.533837934105076,1,"Guasch2016",4.82,"catalog","core",TRUE
"cazadora",0.533837934105076,1,"Guasch2016",4.82,"jacket","core",TRUE
"colonia",0.533694491339925,3,"Davis2005a;Duchon2013;Guasch2016",5.04933333333333,"colony","core",TRUE
"infección",0.533685020677622,2,"Davis2005a;Duchon2013",5.134,NA,"core",TRUE
"sierra",0.533103502800409,2,"Diez-Alamo2018a;Guasch2016",5.665,"saw","core",TRUE
"aliento",0.531166518254675,1,"Guasch2016",4.81,"breath","core",TRUE
"licenciada",0.531166518254675,1,"Guasch2016",4.81,"degree","core",TRUE
"margen",0.531166518254675,1,"Guasch2016",4.81,"margin","core",TRUE
"pluma",0.531166518254675,1,"Guasch2016",4.81,"pen","core",TRUE
"herencia",0.531139114679015,2,"Davis2005a;Duchon2013",5.123,NA,"core",TRUE
"vuelo",0.530318091451292,1,"Davis2005a",5.112,NA,"core",TRUE
"cuerpo",0.530114670626033,2,"Davis2005a;Duchon2013",5.119,NA,"core",TRUE
"aglomeración",0.529154518950437,1,"Hinojosa2016a",5.03,NA,"core",TRUE
"celebración",0.529154518950437,1,"Hinojosa2016a",5.03,NA,"core",TRUE
"opaco",0.529154518950437,1,"Hinojosa2016a",5.03,NA,"core",TRUE
"tecla",0.529154518950437,1,"Hinojosa2016a",5.03,NA,"core",TRUE
"disparo",0.527817273573747,2,"Davis2005a;Duchon2013",5.112,NA,"core",TRUE
"penetración",0.527604630454141,1,"Guasch2016",4.8,"penetration","core",TRUE
"planta",0.526032098547953,2,"Davis2005a;Duchon2013",5.11,NA,"core",TRUE
"agresividad",0.525378450578807,1,"Guasch2016",4.78,"aggressiveness","core",TRUE
"electricidad",0.524575658119246,3,"Davis2005a;Duchon2013;Guasch2016",4.89866666666667,"electricity","core",TRUE
"copa",0.523292187148909,2,"Diez-Alamo2018a;Guasch2016",5.645,"drinking glass","core",TRUE
"bote",0.523152270703473,1,"Guasch2016",4.77,"pot","core",TRUE
"verbena",0.523152270703473,1,"Guasch2016",4.77,"verbena","core",TRUE
"urgencia",0.522446544362517,2,"Davis2005a;Duchon2013",5.094,NA,"core",TRUE
"blanco",0.520909878283044,2,"Davis2005a;Duchon2013",5.091,NA,"core",TRUE
"demencia",0.520408163265306,1,"Hinojosa2016a",5,NA,"core",TRUE
"pesimista",0.519590382902939,1,"Guasch2016",4.76,"pessimistic","core",TRUE
"terrorismo",0.519565070653627,2,"Guasch2016;Hinojosa2016a",4.6,"terrorism","core",TRUE
"tripulación",0.519373212203572,2,"Davis2005a;Duchon2013",5.084,NA,"core",TRUE
"mermelada",0.518691588785047,1,"Diez-Alamo2018a",5.9,"marmalade","core",TRUE
"sábana",0.518691588785047,1,"Diez-Alamo2018a",5.9,"bed sheet","core",TRUE
"santuario",0.518691588785047,1,"Diez-Alamo2018a",5.9,"sanctuary","core",TRUE
"costa",0.51834876815059,2,"Davis2005a;Duchon2013",5.082,NA,"core",TRUE
"reactor",0.517892644135189,1,"Davis2005a",5.072,NA,"core",TRUE
"soda",0.517324324097608,2,"Davis2005a;Duchon2013",5.077,NA,"core",TRUE
"testigo",0.516898608349901,1,"Davis2005a",5.068,NA,"core",TRUE
"publicidad",0.516634466228094,3,"Davis2005a;Duchon2013;Guasch2016",4.82466666666667,"advertising","core",TRUE
"riego",0.516473731077471,1,"Guasch2016",4.74,"irrigation","core",TRUE
"maquillaje",0.514692787177204,1,"Guasch2016",4.73,"make up","core",TRUE
"rival",0.514577259475219,1,"Hinojosa2016a",4.95,NA,"core",TRUE
"sur",0.514281400206357,2,"Davis2005a;Duchon2013",5.065,NA,"core",TRUE
"trabajador",0.513719461207357,3,"Davis2005a;Duchon2013;Hinojosa2016a",5.02266666666667,NA,"core",TRUE
"estrella",0.513256956153375,2,"Davis2005a;Duchon2013",5.062,NA,"core",TRUE
"curandera",0.51246660730187,1,"Guasch2016",4.71,"healer","core",TRUE
"directora",0.51246660730187,1,"Guasch2016",4.71,"director","core",TRUE
"tesoro",0.512232512100393,2,"Davis2005a;Duchon2013",5.059,NA,"core",TRUE
"Inyección",0.511234257728024,2,"Ferre2012;Guasch2016",5.955,"injection","core",TRUE
"mono",0.511213423198003,3,"Davis2005a;Duchon2013;Ferre2012",5.606,NA,"core",TRUE
"músico",0.511028090049216,3,"Davis2005a;Duchon2013;Ferre2012",5.588,NA,"core",TRUE
"maltrato",0.510685663401603,1,"Guasch2016",4.7,"abuse","core",TRUE
"vándalo",0.510685663401603,1,"Guasch2016",4.7,"vandal","core",TRUE
"cliente",0.510528262232858,3,"Davis2005a;Duchon2013;Guasch2016",4.94733333333333,"customer","core",TRUE
"carismático",0.510204081632653,1,"Hinojosa2016a",4.93,NA,"core",TRUE
"fuente",0.51018362399443,2,"Davis2005a;Duchon2013",5.054,NA,"core",TRUE
"Futbolista",0.508928571428571,1,"Ferre2012",6.96,NA,"core",TRUE
"ruta",0.508134735888467,2,"Davis2005a;Duchon2013",5.05,NA,"core",TRUE
"revista",0.507692435891636,3,"Davis2005a;Diez-Alamo2018a;Duchon2013",5.38,"magazine","core",TRUE
"fresa",0.507009345794392,1,"Diez-Alamo2018a",5.88,"strawberry","core",TRUE
"lucha",0.506233303650935,1,"Guasch2016",4.67,"struggle","core",TRUE
"homicidio",0.504452359750668,1,"Guasch2016",4.65,"homicide","core",TRUE
"nitrógeno",0.504452359750668,1,"Guasch2016",4.65,"nitrogen","core",TRUE
"hidrógeno",0.50403695967654,2,"Davis2005a;Duchon2013",5.041,NA,"core",TRUE
"explosión",0.503195038935968,4,"Davis2005a;Duchon2013;Guasch2016;Hinojosa2016a",4.94,"explosion","core",TRUE
"escritura",0.501988071570577,2,"Davis2005a;Duchon2013",5.035,NA,"core",TRUE
"prima",0.501780943900267,1,"Guasch2016",4.62,"bonus, cousin","core",TRUE
"paisaje",0.501457725947522,1,"Hinojosa2016a",4.9,NA,"core",TRUE
"piropo",0.501457725947522,1,"Hinojosa2016a",4.9,NA,"core",TRUE
"satisfacción",0.501457725947522,1,"Hinojosa2016a",4.9,NA,"core",TRUE
"moneda",0.501168224299065,1,"Diez-Alamo2018a",5.87,"coin","core",TRUE
"tapón",0.501168224299065,1,"Diez-Alamo2018a",5.87,"cap","core",TRUE
"víctima",0.500963627517595,2,"Davis2005a;Duchon2013",5.03,NA,"core",TRUE
"Tornillo",0.5,1,"Ferre2012",6.92,NA,"core",TRUE
"adopción",0.499554764024933,1,"Guasch2016",4.6,"adoption","core",TRUE
"morena",0.499554764024933,1,"Guasch2016",4.6,"brunette","core",TRUE
"triunfo",0.499554764024933,1,"Guasch2016",4.6,"triumph","core",TRUE
"político",0.498959184219149,4,"Davis2005a;Duchon2013;Ferre2012;Hinojosa2016a",5.387,NA,"core",TRUE
"amante",0.49864564829376,3,"Davis2005a;Duchon2013;Guasch2016",4.89466666666667,"lover","core",TRUE
"patrulla",0.497905499492497,2,"Davis2005a;Duchon2013",4.997,NA,"core",TRUE
"presentador",0.497328584149599,1,"Guasch2016",4.57,"presenter","core",TRUE
"espionaje",0.495344389360042,2,"Davis2005a;Duchon2013",4.985,NA,"core",TRUE
"caballería",0.494319945307061,2,"Davis2005a;Duchon2013",4.98,NA,"core",TRUE
"caricia",0.494211932324132,1,"Guasch2016",4.55,"caress","core",TRUE
"parque",0.494211932324132,1,"Guasch2016",4.55,"park","core",TRUE
"célula",0.494132871730428,2,"Diez-Alamo2018a;Guasch2016",5.48,"cell","core",TRUE
"nación",0.493814503756878,3,"Davis2005a;Duchon2013;Guasch2016",4.78066666666667,"nation","core",TRUE
"vaquero",0.493295501254079,2,"Davis2005a;Duchon2013",4.979,NA,"core",TRUE
"cuerda",0.493174642354478,3,"Davis2005a;Diez-Alamo2018a;Duchon2013",5.32933333333333,"rope","core",TRUE
"crédito",0.491246613148116,2,"Davis2005a;Duchon2013",4.967,NA,"core",TRUE
"acierto",0.490204808548531,1,"Guasch2016",4.52,"confidence","core",TRUE
"conducto",0.490204808548531,1,"Guasch2016",4.52,"duct","core",TRUE
"investigadora",0.490204808548531,1,"Guasch2016",4.52,"researcher","core",TRUE
"anatomía",0.489709947068643,2,"Davis2005a;Duchon2013",4.965,NA,"core",TRUE
"trabajo",0.489709947068643,2,"Davis2005a;Duchon2013",4.965,NA,"core",TRUE
"contaminación",0.488429315360049,3,"Davis2005a;Duchon2013;Guasch2016",4.796,"contamination","core",TRUE
"estabilidad",0.488338192419825,1,"Hinojosa2016a",4.88,NA,"core",TRUE
"temerario",0.488338192419825,1,"Hinojosa2016a",4.88,NA,"core",TRUE
"granja",0.48714953271028,1,"Diez-Alamo2018a",5.83,"farm","core",TRUE
"hilo",0.48714953271028,1,"Diez-Alamo2018a",5.83,"thread","core",TRUE
"inglés",0.487148836936189,2,"Davis2005a;Duchon2013",4.958,NA,"core",TRUE
"Ganso",0.486607142857143,1,"Ferre2012",6.84,NA,"core",TRUE
"chiste",0.486124392883207,2,"Davis2005a;Duchon2013",4.956,NA,"core",TRUE
"Jefe",0.485923387609719,2,"Ferre2012;Guasch2016",5.835,"boss","core",TRUE
"artesana",0.485752448797863,1,"Guasch2016",4.5,"artisan","core",TRUE
"masacre",0.485752448797863,1,"Guasch2016",4.5,"slaughter","core",TRUE
"subida",0.485752448797863,1,"Guasch2016",4.5,"rise","core",TRUE
"sucio",0.485752448797863,1,"Guasch2016",4.5,"dirty","core",TRUE
"ministerio",0.485099948830225,2,"Davis2005a;Duchon2013",4.955,NA,"core",TRUE
"caza",0.484075504777244,2,"Davis2005a;Duchon2013",4.954,NA,"core",TRUE
"tieso",0.482635796972395,1,"Guasch2016",4.48,"stiff","core",TRUE
"recompensa",0.48202661667128,2,"Davis2005a;Duchon2013",4.95,NA,"core",TRUE
"baile",0.481828907395246,3,"Davis2005a;Duchon2013;Hinojosa2016a",4.846,NA,"core",TRUE
"adversario",0.481628942848452,3,"Davis2005a;Duchon2013;Guasch2016",4.70733333333333,"adversary","core",TRUE
"hoja",0.481470693486239,2,"Diez-Alamo2018a;Guasch2016",5.48,"leaf","core",TRUE
"alarma",0.481192937343402,3,"Davis2005a;Duchon2013;Hinojosa2016a",4.844,NA,"core",TRUE
"disco",0.481163664382778,4,"Davis2005a;Diez-Alamo2018a;Duchon2013;Guasch2016",5.2095,"disc","core",TRUE
"chip",0.481002172618299,2,"Davis2005a;Duchon2013",4.944,NA,"core",TRUE
"millonaria",0.480854853072128,1,"Guasch2016",4.45,"millionaire","core",TRUE
"cremallera",0.480140186915888,1,"Diez-Alamo2018a",5.82,"zipper","core",TRUE
"cuchilla",0.480140186915888,1,"Diez-Alamo2018a",5.82,"razor","core",TRUE
"grifo",0.480140186915888,1,"Diez-Alamo2018a",5.82,"tap","core",TRUE
"abandono",0.479067418851525,2,"Guasch2016;Hinojosa2016a",4.675,"abandonment","core",TRUE
"calma",0.478134110787172,1,"Hinojosa2016a",4.85,NA,"core",TRUE
"tranquilidad",0.478134110787172,1,"Hinojosa2016a",4.85,NA,"core",TRUE
"disertación",0.477738201246661,1,"Guasch2016",4.43,"dissertation","core",TRUE
"disturbio",0.477738201246661,1,"Guasch2016",4.43,"disturbance","core",TRUE
"patronato",0.477738201246661,1,"Guasch2016",4.43,"patronage","core",TRUE
"aire",0.477431822566709,2,"Davis2005a;Duchon2013",4.936,NA,"core",TRUE
"traición",0.477291018175493,2,"Guasch2016;Hinojosa2016a",4.49,"betrayal","core",TRUE
"galería",0.47713717693837,1,"Davis2005a",4.93,NA,"core",TRUE
"epidemia",0.476407378513728,2,"Davis2005a;Duchon2013",4.935,NA,"core",TRUE
"vela",0.473676660642782,4,"Davis2005a;Diez-Alamo2018a;Duchon2013;Guasch2016",5.199,"candle","core",TRUE
"etiqueta",0.473285841495993,1,"Guasch2016",4.41,"label","core",TRUE
"éxtasis",0.473285841495993,1,"Guasch2016",4.41,"ecstasy","core",TRUE
"purgatorio",0.473285841495993,1,"Guasch2016",4.41,"purgatory","core",TRUE
"armadura",0.473236931971012,3,"Davis2005a;Diez-Alamo2018a;Duchon2013",5.26866666666667,"armor","core",TRUE
"Gorro",0.473214285714286,1,"Ferre2012",6.76,NA,"core",TRUE
"vista",0.472837028462139,2,"Davis2005a;Duchon2013",4.918,NA,"core",TRUE
"luz",0.471241853394687,3,"Davis2005a;Duchon2013;Hinojosa2016a",4.86,NA,"core",TRUE
"excursión",0.471239443493973,2,"Guasch2016;Hinojosa2016a",4.59,"tour","core",TRUE
"apoyo",0.47117296222664,1,"Davis2005a",4.917,NA,"core",TRUE
"hormigueo",0.470169189670525,1,"Guasch2016",4.4,"tingling","core",TRUE
"vacuna",0.470027409383362,2,"Davis2005a;Duchon2013",4.917,NA,"core",TRUE
"voto",0.470027409383362,2,"Davis2005a;Duchon2013",4.917,NA,"core",TRUE
"fiesta",0.468868253779941,3,"Davis2005a;Duchon2013;Hinojosa2016a",4.84866666666667,NA,"core",TRUE
"maníaco",0.468833481745325,1,"Guasch2016",4.39,"maniac","core",TRUE
"talle",0.468833481745325,1,"Guasch2016",4.39,"detail","core",TRUE
"desamor",0.467930029154519,1,"Hinojosa2016a",4.83,NA,"core",TRUE
"incapaz",0.467930029154519,1,"Hinojosa2016a",4.83,NA,"core",TRUE
"prejuicio",0.467930029154519,1,"Hinojosa2016a",4.83,NA,"core",TRUE
"fruta",0.467217790304586,2,"Davis2005a;Duchon2013",4.911,NA,"core",TRUE
"viento",0.466413299061265,3,"Davis2005a;Diez-Alamo2018a;Duchon2013",5.25666666666667,"wind","core",TRUE
"novela",0.466330106809079,2,"Diez-Alamo2018a;Ferre2012",6.175,"novel","core",TRUE
"regimiento",0.465168902198623,2,"Davis2005a;Duchon2013",4.906,NA,"core",TRUE
"alianza",0.464381121994657,1,"Guasch2016",4.36,"alliance","core",TRUE
"barra",0.464381121994657,1,"Guasch2016",4.36,"bar","core",TRUE
"graduada",0.464381121994657,1,"Guasch2016",4.36,"graduate","core",TRUE
"pesimismo",0.464381121994657,1,"Guasch2016",4.36,"pessimism","core",TRUE
"agujero",0.462110774173524,2,"Davis2005a;Duchon2013",4.897,NA,"core",TRUE
"música",0.462110774173524,2,"Davis2005a;Duchon2013",4.897,NA,"core",TRUE
"accidente",0.461499812190252,3,"Davis2005a;Duchon2013;Guasch2016",4.68466666666667,"accident","core",TRUE
"repugnancia",0.46064139941691,1,"Hinojosa2016a",4.8,NA,"core",TRUE
"hogar",0.460574108094052,2,"Davis2005a;Duchon2013",4.894,NA,"core",TRUE
"cigüeña",0.460280373831776,1,"Diez-Alamo2018a",5.8,"stork","core",TRUE
"cuenco",0.459721748321003,2,"Diez-Alamo2018a;Guasch2016",5.425,"bowl","core",TRUE
"sendero",0.45954966404107,2,"Davis2005a;Duchon2013",4.893,NA,"core",TRUE
"corredora",0.459038290293856,1,"Guasch2016",4.32,"brokerage","core",TRUE
"sujeto",0.458525219988088,2,"Davis2005a;Duchon2013",4.889,NA,"core",TRUE
"bruja",0.457811249840719,3,"Davis2005a;Duchon2013;Ferre2012",5.36466666666667,NA,"core",TRUE
"salsa",0.457500775935107,2,"Davis2005a;Duchon2013",4.882,NA,"core",TRUE
"cebo",0.456476331882125,2,"Davis2005a;Duchon2013",4.871,NA,"core",TRUE
"resistencia",0.456262425447316,1,"Davis2005a",4.849,NA,"core",TRUE
"cubo",0.455655329100124,2,"Diez-Alamo2018a;Guasch2016",5.405,"bucket","core",TRUE
"cristal",0.455419187589983,2,"Diez-Alamo2018a;Guasch2016",4.965,"crystal","core",TRUE
"Payaso",0.455357142857143,1,"Ferre2012",6.72,NA,"core",TRUE
"respuesta",0.454954869936499,2,"Davis2005a;Duchon2013",4.846,NA,"core",TRUE
"distrito",0.454140694568121,1,"Guasch2016",4.3,"district","core",TRUE
"enmienda",0.454140694568121,1,"Guasch2016",4.3,"amendment","core",TRUE
"sádico",0.454140694568121,1,"Guasch2016",4.3,"sadist","core",TRUE
"travesura",0.454140694568121,1,"Guasch2016",4.3,"mischief","core",TRUE
"suma",0.453930425883518,2,"Davis2005a;Duchon2013",4.845,NA,"core",TRUE
"espontáneo",0.4533527696793,1,"Hinojosa2016a",4.77,NA,"core",TRUE
"impaciencia",0.4533527696793,1,"Hinojosa2016a",4.77,NA,"core",TRUE
"tiranía",0.4533527696793,1,"Hinojosa2016a",4.77,NA,"core",TRUE
"pulso",0.452905981830536,2,"Davis2005a;Duchon2013",4.829,NA,"core",TRUE
"pala",0.451429228285384,2,"Diez-Alamo2018a;Guasch2016",5.335,"shovel","core",TRUE
"coartada",0.450857093724572,2,"Davis2005a;Duchon2013",4.824,NA,"core",TRUE
"señor",0.449832649671591,2,"Davis2005a;Duchon2013",4.819,NA,"core",TRUE
"dorada",0.449243098842386,1,"Guasch2016",4.29,"golden","core",TRUE
"vencedora",0.449243098842386,1,"Guasch2016",4.29,"winner","core",TRUE
"lectura",0.448920119375108,3,"Davis2005a;Duchon2013;Hinojosa2016a",4.84466666666667,NA,"core",TRUE
"dueño",0.448808205618609,2,"Davis2005a;Duchon2013",4.811,NA,"core",TRUE
"antena",0.448598130841121,1,"Diez-Alamo2018a",5.77,"antenna","core",TRUE
"demonio",0.447783761565627,2,"Davis2005a;Duchon2013",4.809,NA,"core",TRUE
"insecto",0.446759317512646,2,"Davis2005a;Duchon2013",4.808,NA,"core",TRUE
"cateto",0.445681211041852,1,"Guasch2016",4.27,"hick","core",TRUE
"galardón",0.445681211041852,1,"Guasch2016",4.27,"award","core",TRUE
"simetría",0.445681211041852,1,"Guasch2016",4.27,"symmetry","core",TRUE
"verso",0.445681211041852,1,"Guasch2016",4.27,"verse","core",TRUE
"burro",0.445284064677329,3,"Davis2005a;Diez-Alamo2018a;Guasch2016",5.17333333333333,"donkey","core",TRUE
"salida",0.445222651433173,2,"Davis2005a;Duchon2013",4.807,NA,"core",TRUE
"club",0.44436125534214,3,"Davis2005a;Diez-Alamo2018a;Duchon2013",5.20066666666667,"club","core",TRUE
"manga",0.444070871580629,2,"Diez-Alamo2018a;Guasch2016",5.335,"manga","core",TRUE
"atmósfera",0.443685985353701,2,"Davis2005a;Duchon2013",4.8,NA,"core",TRUE
"arma",0.442995329938165,3,"Davis2005a;Diez-Alamo2018a;Duchon2013",5.198,"weapon","core",TRUE
"carruaje",0.442757009345794,1,"Diez-Alamo2018a",5.76,"carriage","core",TRUE
"mutilación",0.442564559216385,1,"Guasch2016",4.25,"mutilation","core",TRUE
"industria",0.442202528373835,2,"Davis2005a;Guasch2016",4.431,"industry","core",TRUE
"título",0.442149319274228,2,"Davis2005a;Duchon2013",4.796,NA,"core",TRUE
"guión",0.441228851291184,1,"Guasch2016",4.24,"script","core",TRUE
"comedia",0.440100431168265,2,"Davis2005a;Duchon2013",4.791,NA,"core",TRUE
"metal",0.440100431168265,2,"Davis2005a;Duchon2013",4.791,NA,"core",TRUE
"triunfador",0.440072925239298,2,"Guasch2016;Hinojosa2016a",4.415,"winner","core",TRUE
"machista",0.439447907390917,1,"Guasch2016",4.23,"sexist","core",TRUE
"circo",0.438999401333759,3,"Davis2005a;Diez-Alamo2018a;Duchon2013",5.192,"circus","core",TRUE
"comida",0.438866799204771,1,"Davis2005a",4.788,NA,"core",TRUE
"regalo",0.43831525614247,2,"Davis2005a;Duchon2013",4.788,NA,"core",TRUE
"brutalidad",0.438112199465717,1,"Guasch2016",4.22,"brutality","core",TRUE
"delicadeza",0.43731778425656,1,"Hinojosa2016a",4.75,NA,"core",TRUE
"diminuto",0.43731778425656,1,"Hinojosa2016a",4.75,NA,"core",TRUE
"pavor",0.43731778425656,1,"Hinojosa2016a",4.75,NA,"core",TRUE
"vejatorio",0.43731778425656,1,"Hinojosa2016a",4.75,NA,"core",TRUE
"cobertizo",0.436915887850467,1,"Diez-Alamo2018a",5.75,"shed","core",TRUE
"prensa",0.436776491540516,1,"Guasch2016",4.2,"press","core",TRUE
"arrogancia",0.435505637063694,2,"Davis2005a;Duchon2013",4.779,NA,"core",TRUE
"emergencia",0.435505637063694,2,"Davis2005a;Duchon2013",4.779,NA,"core",TRUE
"repulsión",0.434550311665183,1,"Guasch2016",4.19,"repulsion","core",TRUE
"vigía",0.434550311665183,1,"Guasch2016",4.19,"lookout","core",TRUE
"católico",0.433968970984221,2,"Davis2005a;Duchon2013",4.776,NA,"core",TRUE
"batalla",0.433399602385686,1,"Davis2005a",4.772,NA,"core",TRUE
"Plancha",0.433035714285714,1,"Ferre2012",6.68,NA,"core",TRUE
"precipicio",0.432764686545551,2,"Diez-Alamo2018a;Guasch2016",5.3,"cliff","core",TRUE
"pez",0.432469323026312,3,"Davis2005a;Diez-Alamo2018a;Duchon2013",5.17266666666667,"goldfish","core",TRUE
"órbita",0.432447509038595,2,"Davis2005a;Duchon2013",4.764,NA,"core",TRUE
"empresaria",0.432324131789849,1,"Guasch2016",4.18,"businesswoman","core",TRUE
"alucinación",0.430910842959123,2,"Davis2005a;Duchon2013",4.762,NA,"core",TRUE
"jugador",0.430910842959123,2,"Davis2005a;Duchon2013",4.762,NA,"core",TRUE
"hidalguía",0.430543187889581,1,"Guasch2016",4.17,"nobility","core",TRUE
"importación",0.430543187889581,1,"Guasch2016",4.17,"import","core",TRUE
"ternura",0.428910223292981,2,"Guasch2016;Hinojosa2016a",4.24,"tenderness","core",TRUE
"campeón",0.42886195485316,2,"Davis2005a;Duchon2013",4.755,NA,"core",TRUE
"cristiano",0.42886195485316,2,"Davis2005a;Duchon2013",4.755,NA,"core",TRUE
"refrigerio",0.428317008014248,1,"Guasch2016",4.15,"snack","core",TRUE
"rotación",0.428317008014248,1,"Guasch2016",4.15,"rotation","core",TRUE
"camino",0.427325288773687,2,"Davis2005a;Duchon2013",4.753,NA,"core",TRUE
"batallón",0.426300844720705,2,"Davis2005a;Duchon2013",4.751,NA,"core",TRUE
"joya",0.426259010800595,4,"Davis2005a;Diez-Alamo2018a;Duchon2013;Guasch2016",4.94,"jewel","core",TRUE
"cielo",0.424433681047906,3,"Davis2005a;Diez-Alamo2018a;Duchon2013",5.15733333333333,"sky","core",TRUE
"altura",0.424251956614742,2,"Davis2005a;Duchon2013",4.734,NA,"core",TRUE
"fruto",0.423419412288513,1,"Guasch2016",4.14,"fruit","core",TRUE
"mercado",0.423419412288513,1,"Guasch2016",4.14,"market","core",TRUE
"pausa",0.423419412288513,1,"Guasch2016",4.14,"pause","core",TRUE
"sanidad",0.423419412288513,1,"Guasch2016",4.14,"health","core",TRUE
"soplo",0.423419412288513,1,"Guasch2016",4.14,"blow","core",TRUE
"escándalo",0.42322751256176,2,"Davis2005a;Duchon2013",4.733,NA,"core",TRUE
"chaquetero",0.422740524781341,1,"Hinojosa2016a",4.73,NA,"core",TRUE
"ley",0.422203068508779,2,"Davis2005a;Duchon2013",4.732,NA,"core",TRUE
"democracia",0.422193064890805,3,"Davis2005a;Duchon2013;Hinojosa2016a",4.626,NA,"core",TRUE
"clínica",0.420666402429306,2,"Davis2005a;Duchon2013",4.729,NA,"core",TRUE
"nuez",0.420560747663551,1,"Diez-Alamo2018a",5.72,"walnut","core",TRUE
"conductor",0.420559628329393,3,"Davis2005a;Duchon2013;Guasch2016",4.53133333333333,"conductor","core",TRUE
"zurra",0.419412288512912,1,"Guasch2016",4.13,"spanking","core",TRUE
"bomba",0.41873034568853,3,"Davis2005a;Diez-Alamo2018a;Duchon2013",5.13733333333333,"bomb","core",TRUE
"aniversario",0.41708084824387,2,"Davis2005a;Duchon2013",4.716,NA,"core",TRUE
"cartesiano",0.416909620991254,1,"Hinojosa2016a",4.72,NA,"core",TRUE
"rescate",0.416078495555691,3,"Davis2005a;Duchon2013;Guasch2016",4.57733333333333,"rescue","core",TRUE
"juego",0.416056404190888,2,"Davis2005a;Duchon2013",4.713,NA,"core",TRUE
"humo",0.415523369372733,3,"Davis2005a;Diez-Alamo2018a;Duchon2013",5.12733333333333,"smoke","core",TRUE
"relajación",0.415456438267967,2,"Guasch2016;Hinojosa2016a",4.315,"relaxation","core",TRUE
"combustible",0.415031960137907,2,"Davis2005a;Duchon2013",4.711,NA,"core",TRUE
"amiga",0.414959928762244,1,"Guasch2016",4.1,"friend","core",TRUE
"caseta",0.414959928762244,1,"Guasch2016",4.1,"stand","core",TRUE
"ganadora",0.414959928762244,1,"Guasch2016",4.1,"winner","core",TRUE
"tenue",0.414959928762244,1,"Guasch2016",4.1,"dim","core",TRUE
"vértigo",0.414959928762244,1,"Guasch2016",4.1,"vertigo","core",TRUE
"violación",0.414959928762244,1,"Guasch2016",4.1,"violation","core",TRUE
"advertencia",0.414512922465209,1,"Davis2005a",4.709,NA,"core",TRUE
"trampa",0.413250725541311,3,"Davis2005a;Duchon2013;Guasch2016",4.504,"trap","core",TRUE
"vestíbulo",0.411560323232996,2,"Diez-Alamo2018a;Guasch2016",5.16,"lobby","core",TRUE
"ensalada",0.411138032668638,3,"Davis2005a;Diez-Alamo2018a;Duchon2013",5.11266666666667,"salad","core",TRUE
"Ecologista",0.410714285714286,1,"Ferre2012",6.64,NA,"core",TRUE
"pandilla",0.410437166033336,2,"Davis2005a;Duchon2013",4.693,NA,"core",TRUE
"asesor",0.409617097061443,1,"Guasch2016",4.09,"advisor","core",TRUE
"máscara",0.409617097061443,1,"Guasch2016",4.09,"mask","core",TRUE
"pieza",0.409617097061443,1,"Guasch2016",4.09,"piece","core",TRUE
"especialista",0.408548707753479,1,"Davis2005a",4.684,NA,"core",TRUE
"acusación",0.407891260034728,2,"Davis2005a;Duchon2013",4.682,NA,"core",TRUE
"mafia",0.406866815981747,2,"Davis2005a;Duchon2013",4.681,NA,"core",TRUE
"necio",0.406705539358601,1,"Hinojosa2016a",4.7,NA,"core",TRUE
"risueño",0.406705539358601,1,"Hinojosa2016a",4.7,NA,"core",TRUE
"palo",0.40661472308138,4,"Davis2005a;Diez-Alamo2018a;Duchon2013;Ferre2012",5.35,"stick","core",TRUE
"velo",0.405193864897929,2,"Diez-Alamo2018a;Guasch2016",4.935,"veil","core",TRUE
"acento",0.404621824256832,3,"Davis2005a;Duchon2013;Guasch2016",4.39333333333333,"accent","core",TRUE
"amabilidad",0.403829029385574,1,"Guasch2016",4.05,"kindness","core",TRUE
"cólera",0.403829029385574,1,"Guasch2016",4.05,"anger","core",TRUE
"persecución",0.403829029385574,1,"Guasch2016",4.05,"persecution","core",TRUE
"relato",0.403829029385574,1,"Guasch2016",4.05,"story","core",TRUE
"volumen",0.403829029385574,1,"Guasch2016",4.05,"volume","core",TRUE
"bebida",0.403793483822802,2,"Davis2005a;Duchon2013",4.668,NA,"core",TRUE
"invasión",0.403722408570396,3,"Davis2005a;Duchon2013;Guasch2016",4.384,"invasion","core",TRUE
"paciente",0.403694995968832,3,"Davis2005a;Duchon2013;Guasch2016",4.586,"patient","core",TRUE
"protocolo",0.40276903976982,2,"Davis2005a;Duchon2013",4.659,NA,"core",TRUE
"cepillo",0.402768857041406,3,"Diez-Alamo2018a;Ferre2012;Guasch2016",5.57666666666667,"brush","core",TRUE
"comercio",0.401971034425457,4,"Davis2005a;Diez-Alamo2018a;Duchon2013;Guasch2016",4.7875,"shop","core",TRUE
"combate",0.400720151663857,2,"Davis2005a;Duchon2013",4.624,NA,"core",TRUE
"buque",0.400700934579439,1,"Diez-Alamo2018a",5.68,"vessel","core",TRUE
"bestia",0.400347680652512,3,"Davis2005a;Duchon2013;Guasch2016",4.442,"beast","core",TRUE
"pariente",0.399447198664553,2,"Davis2005a;Duchon2013",4.617,NA,"extended",FALSE
"trasero",0.399105367793241,1,"Davis2005a",4.617,NA,"extended",FALSE
"investigador",0.398003792095728,3,"Davis2005a;Duchon2013;Ferre2012",5.246,NA,"extended",FALSE
"seducción",0.397713200532726,2,"Guasch2016;Hinojosa2016a",4.375,"seduction","extended",FALSE
"celo",0.397595725734639,1,"Guasch2016",4,"zeal","extended",FALSE
"posadera",0.397595725734639,1,"Guasch2016",4,"innkeeper","extended",FALSE
"ángel",0.396880145053415,3,"Davis2005a;Diez-Alamo2018a;Duchon2013",5.05866666666667,"angel","extended",FALSE
"fecha",0.395917328895685,2,"Guasch2016;Hinojosa2016a",4.305,"date","extended",FALSE
"mecedora",0.395819425901202,2,"Diez-Alamo2018a;Ferre2012",6.11,"rocker","extended",FALSE
"mutación",0.395613135532795,2,"Davis2005a;Duchon2013",4.613,NA,"extended",FALSE
"navegación",0.395613135532795,2,"Davis2005a;Duchon2013",4.613,NA,"extended",FALSE
"equivocación",0.394076469453322,2,"Davis2005a;Duchon2013",4.604,NA,"extended",FALSE
"héroe",0.393956587250685,3,"Davis2005a;Diez-Alamo2018a;Duchon2013",5.05066666666667,"hero","extended",FALSE
"sexualidad",0.393586005830904,1,"Hinojosa2016a",4.68,NA,"extended",FALSE
"zopenco",0.393586005830904,1,"Hinojosa2016a",4.68,NA,"extended",FALSE
"exposición",0.39253980337385,2,"Davis2005a;Duchon2013",4.599,NA,"extended",FALSE
"juventud",0.39253980337385,2,"Davis2005a;Duchon2013",4.599,NA,"extended",FALSE
"conquista",0.391807658058771,1,"Guasch2016",3.95,"conquest","extended",FALSE
"informática",0.391807658058771,1,"Guasch2016",3.95,"computing","extended",FALSE
"media",0.391807658058771,1,"Guasch2016",3.95,"average","extended",FALSE
"rebelión",0.391807658058771,1,"Guasch2016",3.95,"rebellion","extended",FALSE
"solución",0.391807658058771,1,"Guasch2016",3.95,"solution","extended",FALSE
"refugio",0.391003137294377,2,"Davis2005a;Duchon2013",4.596,NA,"extended",FALSE
"festival",0.389466471214905,2,"Davis2005a;Duchon2013",4.591,NA,"extended",FALSE
"facultad",0.38907497375535,3,"Davis2005a;Duchon2013;Guasch2016",4.41266666666667,"faculty","extended",FALSE
"infancia",0.389073981806145,3,"Davis2005a;Duchon2013;Hinojosa2016a",4.654,NA,"extended",FALSE
"diablo",0.388299864348666,2,"Diez-Alamo2018a;Guasch2016",5.035,"devil","extended",FALSE
"apuestas",0.38768129618911,2,"Davis2005a;Duchon2013",4.585,NA,"extended",FALSE
"mora",0.38760808415376,2,"Diez-Alamo2018a;Guasch2016",5.135,"arrears","extended",FALSE
"salto",0.387520764276926,3,"Davis2005a;Duchon2013;Guasch2016",4.46733333333333,"jump","extended",FALSE
"terapia",0.387176938369781,1,"Davis2005a",4.585,NA,"extended",FALSE
"lealtad",0.387169653469619,3,"Davis2005a;Duchon2013;Hinojosa2016a",4.55,NA,"extended",FALSE
"cansancio",0.385454283481616,2,"Guasch2016;Hinojosa2016a",4.25,"fatigue","extended",FALSE
"literatura",0.385383899136825,2,"Davis2005a;Duchon2013",4.58,NA,"extended",FALSE
"apuros",0.385129118432769,1,"Guasch2016",3.91,"trouble","extended",FALSE
"disgusto",0.385129118432769,1,"Guasch2016",3.91,"disgust","extended",FALSE
"sequía",0.385129118432769,1,"Guasch2016",3.91,"drought","extended",FALSE
"casco",0.383401738183867,4,"Davis2005a;Diez-Alamo2018a;Duchon2013;Guasch2016",4.801,"helmet","extended",FALSE
"polvo",0.383335011030861,2,"Davis2005a;Duchon2013",4.572,NA,"extended",FALSE
"condena",0.383323511315224,2,"Guasch2016;Hinojosa2016a",4.15,"sentence","extended",FALSE
"crema",0.382314424767561,3,"Davis2005a;Diez-Alamo2018a;Duchon2013",4.99066666666667,"cream","extended",FALSE
"arsenal",0.38231056697788,2,"Davis2005a;Duchon2013",4.566,NA,"extended",FALSE
"odio",0.381286122924898,2,"Davis2005a;Duchon2013",4.554,NA,"extended",FALSE
"campana",0.380841121495327,1,"Diez-Alamo2018a",5.65,"bell","extended",FALSE
"coma",0.380676758682101,1,"Guasch2016",3.9,"coma","extended",FALSE
"crucifixión",0.380676758682101,1,"Guasch2016",3.9,"crucifixion","extended",FALSE
"comprensión",0.380466472303207,1,"Hinojosa2016a",4.65,NA,"extended",FALSE
"muestrario",0.380466472303207,1,"Hinojosa2016a",4.65,NA,"extended",FALSE
"robusto",0.380466472303207,1,"Hinojosa2016a",4.65,NA,"extended",FALSE
"rudo",0.380466472303207,1,"Hinojosa2016a",4.65,NA,"extended",FALSE
"marginación",0.379834315102456,2,"Guasch2016;Hinojosa2016a",4.185,"marginalization","extended",FALSE
"conclusión",0.379764660979272,2,"Davis2005a;Duchon2013",4.541,NA,"extended",FALSE
"criminal",0.379721669980119,1,"Davis2005a",4.553,NA,"extended",FALSE
"autor",0.37874021692629,2,"Davis2005a;Duchon2013",4.537,NA,"extended",FALSE
"destrucción",0.37815329605852,3,"Davis2005a;Duchon2013;Guasch2016",4.31,"destruction","extended",FALSE
"educación",0.377715772873309,2,"Davis2005a;Duchon2013",4.536,NA,"extended",FALSE
"mecánica",0.377560106856634,1,"Guasch2016",3.86,"mechanics","extended",FALSE
"capa",0.376962891975726,4,"Davis2005a;Diez-Alamo2018a;Guasch2016;Hinojosa2016a",4.8105,"cape","extended",FALSE
"negocio",0.376691328820327,2,"Davis2005a;Duchon2013",4.535,NA,"extended",FALSE
"rosario",0.376168224299065,1,"Diez-Alamo2018a",5.64,"rosary","extended",FALSE
"promesa",0.375666884767345,2,"Davis2005a;Duchon2013",4.533,NA,"extended",FALSE
"monitor",0.375617137904699,4,"Davis2005a;Duchon2013;Ferre2012;Guasch2016",4.918,"monitor","extended",FALSE
"Cazador",0.375,1,"Ferre2012",6.4,NA,"extended",FALSE
"mes",0.374642440714364,2,"Davis2005a;Duchon2013",4.532,NA,"extended",FALSE
"broma",0.374534896471348,3,"Davis2005a;Duchon2013;Hinojosa2016a",4.56133333333333,NA,"extended",FALSE
"forastero",0.374443455031166,1,"Guasch2016",3.85,"outsider","extended",FALSE
"molde",0.374443455031166,1,"Guasch2016",3.85,"mold","extended",FALSE
"movimiento",0.374443455031166,1,"Guasch2016",3.85,"movement","extended",FALSE
"unidad",0.3725935526084,2,"Davis2005a;Duchon2013",4.528,NA,"extended",FALSE
"atrocidad",0.372217275155833,1,"Guasch2016",3.83,"atrocity","extended",FALSE
"hada",0.371052171669677,2,"Diez-Alamo2018a;Guasch2016",4.97,"fairy","extended",FALSE
"secreto",0.370544664502437,2,"Davis2005a;Duchon2013",4.516,NA,"extended",FALSE
"adicción",0.370436331255565,1,"Guasch2016",3.82,"addiction","extended",FALSE
"desolación",0.370436331255565,1,"Guasch2016",3.82,"desolation","extended",FALSE
"insulto",0.370436331255565,1,"Guasch2016",3.82,"insult","extended",FALSE
"velocidad",0.369520220449455,2,"Davis2005a;Duchon2013",4.508,NA,"extended",FALSE
"fraternidad",0.368804664723032,1,"Hinojosa2016a",4.62,NA,"extended",FALSE
"tétrico",0.368804664723032,1,"Hinojosa2016a",4.62,NA,"extended",FALSE
"amistad",0.368674928487328,3,"Davis2005a;Duchon2013;Hinojosa2016a",4.51133333333333,NA,"extended",FALSE
"corte",0.368655387355298,1,"Guasch2016",3.81,"court","extended",FALSE
"capitalismo",0.368495776396473,2,"Davis2005a;Duchon2013",4.496,NA,"extended",FALSE
"actuación",0.367471332343492,2,"Davis2005a;Duchon2013",4.495,NA,"extended",FALSE
"regla",0.366714124339495,3,"Davis2005a;Diez-Alamo2018a;Duchon2013",4.94066666666667,"ruler","extended",FALSE
"reino",0.365949870397866,2,"Davis2005a;Duchon2013",4.48,NA,"extended",FALSE
"drama",0.365805168986084,1,"Davis2005a",4.489,NA,"extended",FALSE
"diario",0.365103581844277,3,"Davis2005a;Duchon2013;Ferre2012",5.104,NA,"extended",FALSE
"fidelidad",0.364925426344884,2,"Davis2005a;Duchon2013",4.479,NA,"extended",FALSE
"eliminación",0.36420302760463,1,"Guasch2016",3.8,"elimination","extended",FALSE
"exhibición",0.36420302760463,1,"Guasch2016",3.8,"display","extended",FALSE
"frustración",0.36420302760463,1,"Guasch2016",3.8,"frustration","extended",FALSE
"servicio",0.363900982291903,2,"Davis2005a;Duchon2013",4.473,NA,"extended",FALSE
"separación",0.363588394268788,2,"Guasch2016;Hinojosa2016a",4.2,"separation","extended",FALSE
"escopeta",0.363317757009346,1,"Diez-Alamo2018a",5.62,"shotgun","extended",FALSE
"telón",0.363317757009346,1,"Diez-Alamo2018a",5.62,"drapes","extended",FALSE
"coacción",0.362973760932945,1,"Hinojosa2016a",4.6,NA,"extended",FALSE
"conservador",0.362876538238921,2,"Davis2005a;Duchon2013",4.47,NA,"extended",FALSE
"apodo",0.361852094185939,2,"Davis2005a;Duchon2013",4.468,NA,"extended",FALSE
"pantalla",0.361761950609264,3,"Davis2005a;Diez-Alamo2018a;Duchon2013",4.92933333333333,"screen","extended",FALSE
"reunión",0.360315428106467,2,"Davis2005a;Duchon2013",4.466,NA,"extended",FALSE
"parroquia",0.35981308411215,1,"Diez-Alamo2018a",5.61,"parish","extended",FALSE
"brevedad",0.359305431878896,1,"Guasch2016",3.78,"brevity","extended",FALSE
"liga",0.359074225588902,3,"Davis2005a;Duchon2013;Guasch2016",4.24,"league","extended",FALSE
"discusión",0.358426663101522,3,"Davis2005a;Duchon2013;Guasch2016",4.3,"discussion","extended",FALSE
"proyecto",0.358266540000503,2,"Davis2005a;Duchon2013",4.464,NA,"extended",FALSE
"flamenco",0.357822005475986,2,"Diez-Alamo2018a;Guasch2016",5,"flamenco","extended",FALSE
"titular",0.357524487978629,1,"Guasch2016",3.77,"holder","extended",FALSE
"antídoto",0.357354721520372,3,"Davis2005a;Diez-Alamo2018a;Duchon2013",4.918,"antidote","extended",FALSE
"hacinamiento",0.357142857142857,1,"Hinojosa2016a",4.59,NA,"extended",FALSE
"flecha",0.356850801068091,2,"Diez-Alamo2018a;Ferre2012",5.915,"arrow","extended",FALSE
"radiación",0.356729873921031,2,"Davis2005a;Duchon2013",4.462,NA,"extended",FALSE
"exilio",0.355743544078362,1,"Guasch2016",3.76,"exile","extended",FALSE
"competición",0.355705429868049,2,"Davis2005a;Duchon2013",4.46,NA,"extended",FALSE
"rayo",0.355140186915888,1,"Diez-Alamo2018a",5.6,"lightning","extended",FALSE
"longitud",0.354680985815067,2,"Davis2005a;Duchon2013",4.454,NA,"extended",FALSE
"programa",0.353011502481492,3,"Davis2005a;Duchon2013;Guasch2016",4.14133333333333,"program","extended",FALSE
"culpabilidad",0.352626892252894,1,"Guasch2016",3.75,"guilt","extended",FALSE
"ejecución",0.35213507981646,2,"Davis2005a;Duchon2013",4.434,NA,"extended",FALSE
"pueblo",0.35193318446773,3,"Davis2005a;Diez-Alamo2018a;Duchon2013",4.90066666666667,"village","extended",FALSE
"cámara",0.351110635763478,2,"Davis2005a;Duchon2013",4.43,NA,"extended",FALSE
"injusticia",0.349159970000029,3,"Davis2005a;Duchon2013;Hinojosa2016a",4.41333333333333,NA,"extended",FALSE
"candidato",0.34913760134754,3,"Davis2005a;Duchon2013;Guasch2016",4.202,"candidate","extended",FALSE
"contrato",0.349061747657515,2,"Davis2005a;Duchon2013",4.426,NA,"extended",FALSE
"pena",0.348037303604533,2,"Davis2005a;Duchon2013",4.415,NA,"extended",FALSE
"foco",0.347361040603856,2,"Diez-Alamo2018a;Guasch2016",4.925,"focus","extended",FALSE
"derrota",0.347012859551551,2,"Davis2005a;Duchon2013",4.413,NA,"extended",FALSE
"civilización",0.34679727865609,3,"Davis2005a;Duchon2013;Guasch2016",4.38066666666667,"civilization","extended",FALSE
"frase",0.346108148116301,3,"Davis2005a;Duchon2013;Hinojosa2016a",4.466,NA,"extended",FALSE
"población",0.34598841549857,2,"Davis2005a;Duchon2013",4.412,NA,"extended",FALSE
"cachondeo",0.345503116651825,1,"Guasch2016",3.71,"joke","extended",FALSE
"circulación",0.345503116651825,1,"Guasch2016",3.71,"circulation","extended",FALSE
"perversión",0.345503116651825,1,"Guasch2016",3.71,"perversion","extended",FALSE
"prohibición",0.345503116651825,1,"Guasch2016",3.71,"ban","extended",FALSE
"banco",0.344140361681411,2,"Diez-Alamo2018a;Guasch2016",4.955,"bank","extended",FALSE
"juicio",0.343939527392606,2,"Davis2005a;Duchon2013",4.406,NA,"extended",FALSE
"giro",0.342959560112049,2,"Guasch2016;Hinojosa2016a",4.3,"rotation","extended",FALSE
"estrés",0.341642130340321,2,"Davis2005a;Duchon2013",4.402,NA,"extended",FALSE
"relax",0.341107871720117,1,"Hinojosa2016a",4.55,NA,"extended",FALSE
"conjuro",0.340160284951024,1,"Guasch2016",3.7,"spell","extended",FALSE
"hallazgo",0.340160284951024,1,"Guasch2016",3.7,"finding","extended",FALSE
"socorro",0.340160284951024,1,"Guasch2016",3.7,"relief","extended",FALSE
"viajes",0.340160284951024,1,"Guasch2016",3.7,"travel","extended",FALSE
"bolsa",0.339882031878075,5,"Davis2005a;Diez-Alamo2018a;Duchon2013;Ferre2012;Guasch2016",4.9896,"bag","extended",FALSE
"desgracia",0.339344733288035,2,"Davis2005a;Duchon2013",4.401,NA,"extended",FALSE
"carro",0.338785046728972,1,"Diez-Alamo2018a",5.57,"cart","extended",FALSE
"ceremonia",0.338320289235054,2,"Davis2005a;Duchon2013",4.385,NA,"extended",FALSE
"mapa",0.337858719889086,3,"Davis2005a;Diez-Alamo2018a;Duchon2013",4.828,"map","extended",FALSE
"devoción",0.33627140112909,2,"Davis2005a;Duchon2013",4.377,NA,"extended",FALSE
"fragmento",0.335246957076109,2,"Davis2005a;Duchon2013",4.374,NA,"extended",FALSE
"incomodidad",0.334817453250223,1,"Guasch2016",3.68,"discomfort","extended",FALSE
"legalidad",0.334817453250223,1,"Guasch2016",3.68,"legality","extended",FALSE
"placidez",0.334817453250223,1,"Guasch2016",3.68,"placidity","extended",FALSE
"artista",0.33460508797726,3,"Davis2005a;Duchon2013;Ferre2012",4.97866666666667,NA,"extended",FALSE
"trenza",0.33411214953271,1,"Diez-Alamo2018a",5.56,"braid","extended",FALSE
"hambre",0.333857204168917,3,"Davis2005a;Duchon2013;Hinojosa2016a",4.334,NA,"extended",FALSE
"coordinación",0.332361516034985,1,"Hinojosa2016a",4.53,NA,"extended",FALSE
"enfriamiento",0.332361516034985,1,"Hinojosa2016a",4.53,NA,"extended",FALSE
"oasis",0.332361516034985,1,"Hinojosa2016a",4.53,NA,"extended",FALSE
"tienda",0.3322512380271,3,"Davis2005a;Diez-Alamo2018a;Duchon2013",4.808,"tent","extended",FALSE
"paraíso",0.332173624917164,2,"Davis2005a;Duchon2013",4.368,NA,"extended",FALSE
"producción",0.332173624917164,2,"Davis2005a;Duchon2013",4.368,NA,"extended",FALSE
"riqueza",0.332173624917164,2,"Davis2005a;Duchon2013",4.368,NA,"extended",FALSE
"Ganador",0.332042638483965,2,"Ferre2012;Hinojosa2016a",5.195,NA,"extended",FALSE
"diosa",0.331255565449688,1,"Guasch2016",3.67,"goddess","extended",FALSE
"loca",0.331255565449688,1,"Guasch2016",3.67,"crazy","extended",FALSE
"pájaro",0.330433288121737,2,"Davis2005a;Diez-Alamo2018a",5.011,"chickadee","extended",FALSE
"marina",0.329612514784709,2,"Davis2005a;Duchon2013",4.366,NA,"extended",FALSE
"mentira",0.329612514784709,2,"Davis2005a;Duchon2013",4.366,NA,"extended",FALSE
"peso",0.328075848705237,2,"Davis2005a;Duchon2013",4.363,NA,"extended",FALSE
"auxilio",0.327693677649154,1,"Guasch2016",3.65,"help","extended",FALSE
"extinción",0.327693677649154,1,"Guasch2016",3.65,"extinction","extended",FALSE
"jerarquía",0.327693677649154,1,"Guasch2016",3.65,"hierarchy","extended",FALSE
"oposición",0.327693677649154,1,"Guasch2016",3.65,"opposition","extended",FALSE
"guardia",0.327504308087581,3,"Davis2005a;Duchon2013;Ferre2012",4.94733333333333,NA,"extended",FALSE
"semilla",0.327102803738318,1,"Diez-Alamo2018a",5.55,"seed","extended",FALSE
"fortaleza",0.326624677027941,3,"Davis2005a;Duchon2013;Hinojosa2016a",4.46133333333333,NA,"extended",FALSE
"precio",0.326026960599274,2,"Davis2005a;Duchon2013",4.356,NA,"extended",FALSE
"texto",0.325169971425094,2,"Davis2005a;Hinojosa2016a",4.5275,NA,"extended",FALSE
"espectáculo",0.325002516546292,2,"Davis2005a;Duchon2013",4.351,NA,"extended",FALSE
"candidata",0.324577025823687,1,"Guasch2016",3.64,"candidate","extended",FALSE
"liberación",0.324577025823687,1,"Guasch2016",3.64,"release","extended",FALSE
"vergüenza",0.323626193894426,2,"Guasch2016;Hinojosa2016a",4.09,"shame","extended",FALSE
"espeso",0.323615160349854,1,"Hinojosa2016a",4.52,NA,"extended",FALSE
"duelo",0.322350845948353,1,"Guasch2016",3.62,"duel","extended",FALSE
"humillación",0.322320990474806,2,"Guasch2016;Hinojosa2016a",3.83,"humiliation","extended",FALSE
"visión",0.321929184387347,2,"Davis2005a;Duchon2013",4.345,NA,"extended",FALSE
"Dictador",0.321428571428571,1,"Ferre2012",6.24,NA,"extended",FALSE
"perdón",0.320904740334365,2,"Davis2005a;Duchon2013",4.339,NA,"extended",FALSE
"locuaz",0.32069970845481,1,"Hinojosa2016a",4.51,NA,"extended",FALSE
"follón",0.320569902048085,1,"Guasch2016",3.61,"mess","extended",FALSE
"presa",0.320458059903557,3,"Davis2005a;Duchon2013;Guasch2016",4.11,"dam","extended",FALSE
"caída",0.319880296281383,2,"Davis2005a;Duchon2013",4.337,NA,"extended",FALSE
"protesta",0.318855852228402,2,"Davis2005a;Duchon2013",4.336,NA,"extended",FALSE
"explotación",0.318343722172752,1,"Guasch2016",3.6,"exploitation","extended",FALSE
"tránsito",0.318343722172752,1,"Guasch2016",3.6,"transit","extended",FALSE
"tregua",0.318343722172752,1,"Guasch2016",3.6,"truce","extended",FALSE
"caja",0.318196889698115,4,"Davis2005a;Diez-Alamo2018a;Duchon2013;Guasch2016",4.483,"box","extended",FALSE
"voluntario",0.31783140817542,2,"Davis2005a;Duchon2013",4.335,NA,"extended",FALSE
"patrón",0.317288999327101,3,"Davis2005a;Duchon2013;Guasch2016",4.082,"pattern","extended",FALSE
"confianza",0.315782520069457,2,"Davis2005a;Duchon2013",4.322,NA,"extended",FALSE
"bola",0.315502302389581,2,"Diez-Alamo2018a;Hinojosa2016a",4.975,"golfball","extended",FALSE
"baraja",0.315420560747664,1,"Diez-Alamo2018a",5.52,"deck","extended",FALSE
"descontento",0.313891362422084,1,"Guasch2016",3.57,"discontent","extended",FALSE
"cartel",0.313745724486314,2,"Diez-Alamo2018a;Guasch2016",4.7,"poster","extended",FALSE
"estadio",0.313733631963493,2,"Davis2005a;Duchon2013",4.312,NA,"extended",FALSE
"genio",0.313724655619449,4,"Davis2005a;Duchon2013;Ferre2012;Guasch2016",4.308,"genius","extended",FALSE
"entusiasmo",0.313574032209238,2,"Davis2005a;Guasch2016",3.9225,"enthusiasm","extended",FALSE
"obstáculo",0.312709187910512,2,"Davis2005a;Duchon2013",4.308,NA,"extended",FALSE
"operación",0.31232745363936,3,"Davis2005a;Duchon2013;Hinojosa2016a",4.38733333333333,NA,"extended",FALSE
"Enemigo",0.311056958402239,2,"Ferre2012;Guasch2016",4.91,"enemy","extended",FALSE
"palanca",0.310747663551402,1,"Diez-Alamo2018a",5.49,"crowbar","extended",FALSE
"gratitud",0.310660299804548,2,"Davis2005a;Duchon2013",4.298,NA,"extended",FALSE
"vegetación",0.309957579266282,2,"Guasch2016;Hinojosa2016a",4.085,"vegetation","extended",FALSE
"alfa",0.309635855751567,2,"Davis2005a;Duchon2013",4.291,NA,"extended",FALSE
"pesadilla",0.309522077292205,4,"Davis2005a;Duchon2013;Guasch2016;Hinojosa2016a",4.2135,"nightmare","extended",FALSE
"aumento",0.309439002671416,1,"Guasch2016",3.55,"increase","extended",FALSE
"descenso",0.309439002671416,1,"Guasch2016",3.55,"decrease","extended",FALSE
"escasez",0.309439002671416,1,"Guasch2016",3.55,"scarcity","extended",FALSE
"facha",0.309439002671416,1,"Guasch2016",3.55,"facade","extended",FALSE
"intensidad",0.309439002671416,1,"Guasch2016",3.55,"intensity","extended",FALSE
"talla",0.309439002671416,1,"Guasch2016",3.55,"size","extended",FALSE
"vistazo",0.309439002671416,1,"Guasch2016",3.55,"look","extended",FALSE
"experto",0.307586967645603,2,"Davis2005a;Duchon2013",4.283,NA,"extended",FALSE
"plataforma",0.30553807953964,2,"Davis2005a;Duchon2013",4.274,NA,"extended",FALSE
"caridad",0.305432880459826,3,"Davis2005a;Duchon2013;Guasch2016",4.05333333333333,"charity","extended",FALSE
"abrigo",0.305175972237248,2,"Diez-Alamo2018a;Guasch2016",4.655,"coat","extended",FALSE
"mariquita",0.304906542056075,1,"Diez-Alamo2018a",5.48,"ladybug","extended",FALSE
"posada",0.304906542056075,1,"Diez-Alamo2018a",5.48,"inn","extended",FALSE
"maldición",0.304541406945681,1,"Guasch2016",3.52,"curse","extended",FALSE
"intuición",0.304513635486658,2,"Davis2005a;Duchon2013",4.266,NA,"extended",FALSE
"ejercicio",0.303489191433676,2,"Davis2005a;Duchon2013",4.262,NA,"extended",FALSE
"furia",0.303274437230684,4,"Davis2005a;Duchon2013;Guasch2016;Hinojosa2016a",4.0455,"fury","extended",FALSE
"criatura",0.302464747380695,2,"Davis2005a;Duchon2013",4.261,NA,"extended",FALSE
"ansiedad",0.301749271137026,1,"Hinojosa2016a",4.47,NA,"extended",FALSE
"bochorno",0.301749271137026,1,"Hinojosa2016a",4.47,NA,"extended",FALSE
"delincuencia",0.301749271137026,1,"Hinojosa2016a",4.47,NA,"extended",FALSE
"partícula",0.300928081301222,2,"Davis2005a;Duchon2013",4.254,NA,"extended",FALSE
"red",0.300787490836361,3,"Davis2005a;Diez-Alamo2018a;Duchon2013",4.69733333333333,"net","extended",FALSE
"superación",0.300595292181241,2,"Guasch2016;Hinojosa2016a",3.77,"improvement","extended",FALSE
"órgano",0.299955892510881,2,"Diez-Alamo2018a;Guasch2016",4.695,"organ","extended",FALSE
"cariño",0.299643811219947,1,"Guasch2016",3.5,"love","extended",FALSE
"gestión",0.299643811219947,1,"Guasch2016",3.5,"management","extended",FALSE
"logro",0.299643811219947,1,"Guasch2016",3.5,"manage","extended",FALSE
"sacrificio",0.299643811219947,1,"Guasch2016",3.5,"sacrifice","extended",FALSE
"turno",0.299643811219947,1,"Guasch2016",3.5,"turn","extended",FALSE
"copia",0.29939141522175,2,"Davis2005a;Duchon2013",4.25,NA,"extended",FALSE
"elección",0.297342527115786,2,"Davis2005a;Duchon2013",4.243,NA,"extended",FALSE
"religión",0.296318083062805,2,"Davis2005a;Duchon2013",4.235,NA,"extended",FALSE
"técnico",0.295293639009823,2,"Davis2005a;Duchon2013",4.233,NA,"extended",FALSE
"irritación",0.295191451469279,1,"Guasch2016",3.48,"irritation","extended",FALSE
"arco",0.294309078771696,2,"Diez-Alamo2018a;Ferre2012",5.8,"bow","extended",FALSE
"nombre",0.294269194956841,2,"Davis2005a;Duchon2013",4.229,NA,"extended",FALSE
"palabra",0.29324475090386,2,"Davis2005a;Duchon2013",4.228,NA,"extended",FALSE
"clase",0.292273357854718,3,"Davis2005a;Guasch2016;Hinojosa2016a",4.18933333333333,"class","extended",FALSE
"bóveda",0.292056074766355,1,"Diez-Alamo2018a",5.44,"vault","extended",FALSE
"charco",0.292056074766355,1,"Diez-Alamo2018a",5.44,"puddle","extended",FALSE
"verja",0.292056074766355,1,"Diez-Alamo2018a",5.44,"railings","extended",FALSE
"confirmación",0.291195862797896,2,"Davis2005a;Duchon2013",4.225,NA,"extended",FALSE
"audiencia",0.289659196718424,2,"Davis2005a;Duchon2013",4.223,NA,"extended",FALSE
"sonda",0.289659196718424,2,"Davis2005a;Duchon2013",4.223,NA,"extended",FALSE
"crecimiento",0.288512911843277,1,"Guasch2016",3.45,"growth","extended",FALSE
"escena",0.288512911843277,1,"Guasch2016",3.45,"scene","extended",FALSE
"impotencia",0.288512911843277,1,"Guasch2016",3.45,"impotence","extended",FALSE
"indecisión",0.288512911843277,1,"Guasch2016",3.45,"indecision","extended",FALSE
"innovación",0.288512911843277,1,"Guasch2016",3.45,"innovation","extended",FALSE
"picaresca",0.288512911843277,1,"Guasch2016",3.45,"picaresque","extended",FALSE
"revolución",0.288512911843277,1,"Guasch2016",3.45,"revolution","extended",FALSE
"rivalidad",0.288512911843277,1,"Guasch2016",3.45,"rivalry","extended",FALSE
"luminosidad",0.287172011661808,1,"Hinojosa2016a",4.45,NA,"extended",FALSE
"imperio",0.286073642532988,2,"Davis2005a;Duchon2013",4.208,NA,"extended",FALSE
"Beato",0.285714285714286,1,"Ferre2012",6.16,NA,"extended",FALSE
"química",0.284024754427024,2,"Davis2005a;Duchon2013",4.205,NA,"extended",FALSE
"banda",0.283811496923528,3,"Davis2005a;Duchon2013;Guasch2016",3.98466666666667,"band","extended",FALSE
"señal",0.283509626695287,4,"Davis2005a;Diez-Alamo2018a;Duchon2013;Guasch2016",4.327,"signal","extended",FALSE
"grupo",0.283000310374043,2,"Davis2005a;Duchon2013",4.183,NA,"extended",FALSE
"ofensa",0.282798833819242,1,"Hinojosa2016a",4.44,NA,"extended",FALSE
"desgaste",0.282279608192342,1,"Guasch2016",3.43,"wear","extended",FALSE
"sirena",0.282020060585381,2,"Diez-Alamo2018a;Guasch2016",4.545,"mermaid","extended",FALSE
"pasajero",0.280951422268079,2,"Davis2005a;Duchon2013",4.176,NA,"extended",FALSE
"abuso",0.280891977704452,2,"Guasch2016;Hinojosa2016a",3.975,"abuse","extended",FALSE
"curación",0.280498664292075,1,"Guasch2016",3.41,"healing","extended",FALSE
"represión",0.280498664292075,1,"Guasch2016",3.41,"repression","extended",FALSE
"óptica",0.280373831775701,1,"Diez-Alamo2018a",5.39,"optics","extended",FALSE
"llegada",0.279926978215098,2,"Davis2005a;Duchon2013",4.172,NA,"extended",FALSE
"metro",0.279748198485212,5,"Davis2005a;Diez-Alamo2018a;Duchon2013;Guasch2016;Hinojosa2016a",4.3068,"subway","extended",FALSE
"dirección",0.278390312135625,2,"Davis2005a;Duchon2013",4.171,NA,"extended",FALSE
"influencia",0.278390312135625,2,"Davis2005a;Duchon2013",4.171,NA,"extended",FALSE
"Dama",0.277652334308612,2,"Ferre2012;Guasch2016",4.54,"lady","extended",FALSE
"acogedora",0.276967930029155,1,"Hinojosa2016a",4.43,NA,"extended",FALSE
"catástrofe",0.276967930029155,1,"Hinojosa2016a",4.43,NA,"extended",FALSE
"ritmo",0.276853646056153,2,"Davis2005a;Duchon2013",4.167,NA,"extended",FALSE
"fracaso",0.276736957312874,3,"Davis2005a;Duchon2013;Guasch2016",3.908,"failure","extended",FALSE
"ganancia",0.27531697997668,2,"Davis2005a;Duchon2013",4.166,NA,"extended",FALSE
"cuartel",0.274532710280374,1,"Diez-Alamo2018a",5.38,"barracks","extended",FALSE
"diferencia",0.27426536064114,1,"Guasch2016",3.4,"difference","extended",FALSE
"estímulo",0.27426536064114,1,"Guasch2016",3.4,"stimulus","extended",FALSE
"exigencia",0.27426536064114,1,"Guasch2016",3.4,"requirement","extended",FALSE
"fragilidad",0.27426536064114,1,"Guasch2016",3.4,"fragility","extended",FALSE
"incremento",0.27426536064114,1,"Guasch2016",3.4,"increase","extended",FALSE
"lado",0.27426536064114,1,"Guasch2016",3.4,"side","extended",FALSE
"lanza",0.272863818424566,2,"Diez-Alamo2018a;Ferre2012",5.745,"spear","extended",FALSE
"equilibrio",0.272755869844226,2,"Davis2005a;Duchon2013",4.153,NA,"extended",FALSE
"corteza",0.271906026081674,2,"Diez-Alamo2018a;Guasch2016",4.52,"bark","extended",FALSE
"consecuencia",0.271731425791244,2,"Davis2005a;Duchon2013",4.15,NA,"extended",FALSE
"crédulo",0.271137026239067,1,"Hinojosa2016a",4.41,NA,"extended",FALSE
"consejo",0.270799346606281,3,"Davis2005a;Duchon2013;Guasch2016",3.94733333333333,"advice","extended",FALSE
"agencia",0.270065669018696,3,"Davis2005a;Duchon2013;Hinojosa2016a",4.26,NA,"extended",FALSE
"cardenal",0.268894107927527,3,"Davis2005a;Duchon2013;Guasch2016",4.09333333333333,"cardinal","extended",FALSE
"duque",0.268691588785047,1,"Diez-Alamo2018a",5.35,"duke","extended",FALSE
"dosis",0.268658093632299,2,"Davis2005a;Duchon2013",4.14,NA,"extended",FALSE
"autoridad",0.268643172258211,3,"Davis2005a;Duchon2013;Guasch2016",3.972,"authority","extended",FALSE
"Misionero",0.267857142857143,1,"Ferre2012",6,NA,"extended",FALSE
"animal",0.267633649579317,2,"Davis2005a;Duchon2013",4.13,NA,"extended",FALSE
"concurso",0.267586821015138,1,"Guasch2016",3.38,"competition","extended",FALSE
"explotador",0.267586821015138,1,"Guasch2016",3.38,"operator","extended",FALSE
"romanticismo",0.267586821015138,1,"Guasch2016",3.38,"romanticism","extended",FALSE
"idiota",0.266609205526336,2,"Davis2005a;Duchon2013",4.129,NA,"extended",FALSE
"polo",0.265577017501519,2,"Diez-Alamo2018a;Guasch2016",4.36,"pole","extended",FALSE
"avestruz",0.26518691588785,1,"Diez-Alamo2018a",5.34,"ostrich","extended",FALSE
"cordón",0.26518691588785,1,"Diez-Alamo2018a",5.34,"cord","extended",FALSE
"gobierno",0.264560317420372,2,"Davis2005a;Duchon2013",4.122,NA,"extended",FALSE
"fealdad",0.264470169189671,1,"Guasch2016",3.36,"ugliness","extended",FALSE
"severidad",0.264470169189671,1,"Guasch2016",3.36,"severity","extended",FALSE
"solitario",0.263331482413162,3,"Davis2005a;Duchon2013;Guasch2016",3.838,"lonely","extended",FALSE
"insensato",0.262390670553936,1,"Hinojosa2016a",4.4,NA,"extended",FALSE
"linea",0.262390670553936,1,"Hinojosa2016a",4.4,NA,"extended",FALSE
"sincero",0.262390670553936,1,"Hinojosa2016a",4.4,NA,"extended",FALSE
"sermón",0.261486985261427,2,"Davis2005a;Duchon2013",4.113,NA,"extended",FALSE
"egoísmo",0.261353517364203,1,"Guasch2016",3.33,"selfishness","extended",FALSE
"voluptuosidad",0.261353517364203,1,"Guasch2016",3.33,"voluptuousness","extended",FALSE
"declaración",0.260462541208446,2,"Davis2005a;Duchon2013",4.096,NA,"extended",FALSE
"rastro",0.260017809439003,1,"Guasch2016",3.32,"trace","extended",FALSE
"máquina",0.259908642696662,3,"Davis2005a;Duchon2013;Guasch2016",3.84733333333333,"machine","extended",FALSE
"atención",0.259438097155464,2,"Davis2005a;Duchon2013",4.094,NA,"extended",FALSE
"palma",0.25878820915272,2,"Diez-Alamo2018a;Guasch2016",4.3,"palm","extended",FALSE
"manto",0.258612403358827,2,"Diez-Alamo2018a;Guasch2016",4.415,"cloak","extended",FALSE
"muerte",0.2573892090495,2,"Davis2005a;Duchon2013",4.089,NA,"extended",FALSE
"capital",0.25704083253098,3,"Davis2005a;Duchon2013;Guasch2016",3.90666666666667,"capital","extended",FALSE
"espina",0.257009345794392,1,"Diez-Alamo2018a",5.31,"thorn","extended",FALSE
"lienzo",0.257009345794392,1,"Diez-Alamo2018a",5.31,"canvas","extended",FALSE
"victoria",0.256818883393994,3,"Davis2005a;Duchon2013;Guasch2016",3.896,"victory","extended",FALSE
"bondad",0.256455921638468,1,"Guasch2016",3.3,"goodness","extended",FALSE
"delirio",0.256455921638468,1,"Guasch2016",3.3,"delirium","extended",FALSE
"estimulación",0.256455921638468,1,"Guasch2016",3.3,"stimulation","extended",FALSE
"rotura",0.256455921638468,1,"Guasch2016",3.3,"breakage","extended",FALSE
"veneración",0.256455921638468,1,"Guasch2016",3.3,"veneration","extended",FALSE
"vitalidad",0.256455921638468,1,"Guasch2016",3.3,"vitality","extended",FALSE
"crueldad",0.256041820671917,3,"Davis2005a;Duchon2013;Guasch2016",3.874,"cruelty","extended",FALSE
"alimento",0.25596421471173,1,"Davis2005a",4.086,NA,"extended",FALSE
"resultado",0.255091811997215,2,"Davis2005a;Duchon2013",4.086,NA,"extended",FALSE
"idea",0.253818858997911,2,"Davis2005a;Duchon2013",4.078,NA,"extended",FALSE
"espíritu",0.252282192918439,2,"Davis2005a;Duchon2013",4.076,NA,"extended",FALSE
"estudio",0.252282192918439,2,"Davis2005a;Duchon2013",4.076,NA,"extended",FALSE
"corrección",0.251113089937667,1,"Guasch2016",3.29,"correction","extended",FALSE
"defecto",0.251113089937667,1,"Guasch2016",3.29,"defect","extended",FALSE
"porción",0.251113089937667,1,"Guasch2016",3.29,"portion","extended",FALSE
"suplicio",0.251113089937667,1,"Guasch2016",3.29,"ordeal","extended",FALSE
"gasto",0.250728862973761,1,"Hinojosa2016a",4.38,NA,"extended",FALSE
"sensibilidad",0.250728862973761,1,"Hinojosa2016a",4.38,NA,"extended",FALSE
"tacto",0.250728862973761,1,"Hinojosa2016a",4.38,NA,"extended",FALSE
"oración",0.249865022909522,3,"Davis2005a;Duchon2013;Guasch2016",3.80533333333333,"prayer","extended",FALSE
"investigación",0.249208860759494,2,"Davis2005a;Duchon2013",4.073,NA,"extended",FALSE
"adolescencia",0.246647750627039,2,"Davis2005a;Duchon2013",4.064,NA,"extended",FALSE
"cerrojo",0.246495327102804,1,"Diez-Alamo2018a",5.29,"bolts","extended",FALSE
"analista",0.245770258236866,1,"Guasch2016",3.27,"analyst","extended",FALSE
"angustia",0.245770258236866,1,"Guasch2016",3.27,"distress","extended",FALSE
"apariencia",0.245770258236866,1,"Guasch2016",3.27,"appearance","extended",FALSE
"ética",0.245770258236866,1,"Guasch2016",3.27,"ethics","extended",FALSE
"impureza",0.245770258236866,1,"Guasch2016",3.27,"impurity","extended",FALSE
"recorte",0.245770258236866,1,"Guasch2016",3.27,"cut","extended",FALSE
"estupidez",0.245623306574058,2,"Davis2005a;Duchon2013",4.063,NA,"extended",FALSE
"humildad",0.244655870235131,2,"Guasch2016;Hinojosa2016a",3.64,"humility","extended",FALSE
"división",0.244541981901936,3,"Davis2005a;Duchon2013;Guasch2016",3.794,"division","extended",FALSE
"ingreso",0.244315935627398,3,"Davis2005a;Duchon2013;Guasch2016",3.826,"entry","extended",FALSE
"calor",0.244086640494585,2,"Davis2005a;Duchon2013",4.062,NA,"extended",FALSE
"campaña",0.243513524745674,3,"Davis2005a;Duchon2013;Guasch2016",3.778,"campaign","extended",FALSE
"afición",0.243440233236152,1,"Hinojosa2016a",4.35,NA,"extended",FALSE
"sueño",0.242549974415113,2,"Davis2005a;Duchon2013",4.054,NA,"extended",FALSE
"salud",0.24240624780087,3,"Davis2005a;Duchon2013;Guasch2016",3.64266666666667,"health","extended",FALSE
"colaboración",0.242208370436331,1,"Guasch2016",3.26,"collaboration","extended",FALSE
"fondo",0.241525530362131,2,"Davis2005a;Duchon2013",4.05,NA,"extended",FALSE
"código",0.241368258668411,3,"Davis2005a;Duchon2013;Guasch2016",3.82,"code","extended",FALSE
"mito",0.240501086309149,2,"Davis2005a;Duchon2013",4.049,NA,"extended",FALSE
"amplitud",0.239982190560997,1,"Guasch2016",3.25,"amplitude","extended",FALSE
"certeza",0.239982190560997,1,"Guasch2016",3.25,"certainty","extended",FALSE
"pobreza",0.239603092358078,3,"Davis2005a;Duchon2013;Guasch2016",3.81266666666667,"poverty","extended",FALSE
"mezcla",0.239476642256168,2,"Davis2005a;Duchon2013",4.044,NA,"extended",FALSE
"comunidad",0.239025221981257,3,"Davis2005a;Duchon2013;Guasch2016",3.806,"community","extended",FALSE
"alegría",0.238592255987882,3,"Davis2005a;Duchon2013;Hinojosa2016a",4.13333333333333,NA,"extended",FALSE
"privilegio",0.238106726469288,3,"Davis2005a;Duchon2013;Guasch2016",3.78133333333333,"privilege","extended",FALSE
"confusión",0.237939976176695,2,"Davis2005a;Duchon2013",4.043,NA,"extended",FALSE
"permiso",0.237939976176695,2,"Davis2005a;Duchon2013",4.043,NA,"extended",FALSE
"sociedad",0.236867878000634,3,"Davis2005a;Duchon2013;Guasch2016",3.76466666666667,"society","extended",FALSE
"homenaje",0.23686553873553,1,"Guasch2016",3.24,"tribute","extended",FALSE
"proporción",0.23686553873553,1,"Guasch2016",3.24,"ratio","extended",FALSE
"meditación",0.236151603498542,1,"Hinojosa2016a",4.32,NA,"extended",FALSE
"sorpresa",0.234736394710675,3,"Davis2005a;Duchon2013;Hinojosa2016a",4.11466666666667,NA,"extended",FALSE
"ladera",0.233644859813084,1,"Diez-Alamo2018a",5.26,"hillside","extended",FALSE
"acto",0.233303650934996,1,"Guasch2016",3.23,"event","extended",FALSE
"ademán",0.233303650934996,1,"Guasch2016",3.23,"gesture","extended",FALSE
"maldito",0.233303650934996,1,"Guasch2016",3.23,"damn","extended",FALSE
"maleficio",0.233303650934996,1,"Guasch2016",3.23,"hex","extended",FALSE
"prodigio",0.233303650934996,1,"Guasch2016",3.23,"prodigy","extended",FALSE
"finanzas",0.232817755911787,2,"Davis2005a;Duchon2013",4.024,NA,"extended",FALSE
"estación",0.23178878698444,4,"Davis2005a;Diez-Alamo2018a;Duchon2013;Hinojosa2016a",4.1525,"station","extended",FALSE
"depresión",0.231713039677952,3,"Davis2005a;Duchon2013;Guasch2016",3.69066666666667,"depression","extended",FALSE
"propiedad",0.231281089832314,2,"Davis2005a;Duchon2013",4.006,NA,"extended",FALSE
"profesión",0.229759627886688,2,"Davis2005a;Duchon2013",3.995,NA,"extended",FALSE
"salvaje",0.229362079394791,2,"Guasch2016;Hinojosa2016a",3.775,"wild","extended",FALSE
"marco",0.228783673571292,2,"Diez-Alamo2018a;Guasch2016",4.235,"frame","extended",FALSE
"preocupación",0.228743584770868,3,"Davis2005a;Duchon2013;Guasch2016",3.77,"concern","extended",FALSE
"clan",0.228735183833707,2,"Davis2005a;Duchon2013",3.994,NA,"extended",FALSE
"perfil",0.228275585446974,4,"Davis2005a;Duchon2013;Guasch2016;Hinojosa2016a",3.876,"profile","extended",FALSE
"financiación",0.227710739780725,2,"Davis2005a;Duchon2013",3.991,NA,"extended",FALSE
"sosiego",0.227405247813411,1,"Hinojosa2016a",4.29,NA,"extended",FALSE
"ayuda",0.226625111308994,1,"Guasch2016",3.2,"help","extended",FALSE
"destreza",0.226625111308994,1,"Guasch2016",3.2,"skill","extended",FALSE
"efectividad",0.226625111308994,1,"Guasch2016",3.2,"effectiveness","extended",FALSE
"genialidad",0.226625111308994,1,"Guasch2016",3.2,"genius","extended",FALSE
"humanidad",0.226625111308994,1,"Guasch2016",3.2,"humanity","extended",FALSE
"inflación",0.226625111308994,1,"Guasch2016",3.2,"inflation","extended",FALSE
"regresión",0.226625111308994,1,"Guasch2016",3.2,"regression","extended",FALSE
"misterio",0.226465370875145,3,"Davis2005a;Duchon2013;Guasch2016",3.73933333333333,"mystery","extended",FALSE
"tabla",0.226192655805841,3,"Diez-Alamo2018a;Ferre2012;Guasch2016",4.49333333333333,"surfboard","extended",FALSE
"explicación",0.226174073701252,2,"Davis2005a;Duchon2013",3.988,NA,"extended",FALSE
"gusto",0.226174073701252,2,"Davis2005a;Duchon2013",3.988,NA,"extended",FALSE
"encuesta",0.224299065420561,1,"Diez-Alamo2018a",5.25,"survey","extended",FALSE
"enojo",0.22398358859648,3,"Davis2005a;Duchon2013;Hinojosa2016a",4.09,NA,"extended",FALSE
"Compositor",0.223214285714286,1,"Ferre2012",5.64,NA,"extended",FALSE
"Chulo",0.223123177842566,2,"Ferre2012;Hinojosa2016a",4.215,NA,"extended",FALSE
"encantador",0.222787943785133,3,"Davis2005a;Duchon2013;Hinojosa2016a",3.97066666666667,NA,"extended",FALSE
"terreno",0.222588519515816,2,"Davis2005a;Duchon2013",3.979,NA,"extended",FALSE
"abismo",0.222019468793525,3,"Diez-Alamo2018a;Guasch2016;Hinojosa2016a",4.02666666666667,"abyss","extended",FALSE
"cita",0.221574344023324,1,"Hinojosa2016a",4.28,NA,"extended",FALSE
"servidumbre",0.221574344023324,1,"Hinojosa2016a",4.28,NA,"extended",FALSE
"físico",0.221564075462835,2,"Davis2005a;Duchon2013",3.973,NA,"extended",FALSE
"cálculo",0.220391807658059,1,"Guasch2016",3.19,"calculation","extended",FALSE
"costo",0.220391807658059,1,"Guasch2016",3.19,"cost","extended",FALSE
"sustento",0.220391807658059,1,"Guasch2016",3.19,"livelihood","extended",FALSE
"convenio",0.220027409383362,2,"Davis2005a;Duchon2013",3.972,NA,"extended",FALSE
"desprecio",0.219845322685746,2,"Guasch2016;Hinojosa2016a",3.725,"contempt","extended",FALSE
"sonido",0.219568205408498,4,"Davis2005a;Duchon2013;Guasch2016;Hinojosa2016a",3.797,"sound","extended",FALSE
"claridad",0.218937975902739,2,"Guasch2016;Hinojosa2016a",3.635,"clarity","extended",FALSE
"comunicación",0.218924350100999,3,"Davis2005a;Guasch2016;Hinojosa2016a",3.80133333333333,"communication","extended",FALSE
"horizonte",0.218457943925234,1,"Diez-Alamo2018a",5.24,"horizon","extended",FALSE
"raíz",0.218457943925234,1,"Diez-Alamo2018a",5.24,"root","extended",FALSE
"beneficio",0.21782813112524,2,"Guasch2016;Hinojosa2016a",3.59,"benefit","extended",FALSE
"garantía",0.217466299250908,2,"Davis2005a;Duchon2013",3.967,NA,"extended",FALSE
"desafío",0.215761735966667,3,"Davis2005a;Duchon2013;Guasch2016",3.69533333333333,"challenge","extended",FALSE
"misión",0.215417411144945,2,"Davis2005a;Duchon2013",3.963,NA,"extended",FALSE
"herramienta",0.215088998020392,4,"Davis2005a;Diez-Alamo2018a;Duchon2013;Guasch2016",3.9795,"tool","extended",FALSE
"tapiz",0.214953271028037,1,"Diez-Alamo2018a",5.23,"tapestry","extended",FALSE
"alerta",0.214392967091963,2,"Davis2005a;Duchon2013",3.96,NA,"extended",FALSE
"acuerdo",0.213713268032057,1,"Guasch2016",3.15,"agreement","extended",FALSE
"desánimo",0.213713268032057,1,"Guasch2016",3.15,"despondency","extended",FALSE
"duda",0.213713268032057,1,"Guasch2016",3.15,"doubt","extended",FALSE
"fracción",0.213713268032057,1,"Guasch2016",3.15,"fraction","extended",FALSE
"mérito",0.213713268032057,1,"Guasch2016",3.15,"merit","extended",FALSE
"montaje",0.213713268032057,1,"Guasch2016",3.15,"assembly","extended",FALSE
"progreso",0.213713268032057,1,"Guasch2016",3.15,"progress","extended",FALSE
"temor",0.213713268032057,1,"Guasch2016",3.15,"fear","extended",FALSE
"período",0.213368523038981,2,"Davis2005a;Duchon2013",3.95,NA,"extended",FALSE
"miembro",0.212582936751956,3,"Davis2005a;Duchon2013;Guasch2016",3.68933333333333,"member","extended",FALSE
"modelo",0.212344078986,2,"Davis2005a;Duchon2013",3.948,NA,"extended",FALSE
"oportunidad",0.21183293462122,3,"Davis2005a;Duchon2013;Guasch2016",3.69266666666667,"opportunity","extended",FALSE
"seminario",0.210735586481113,1,"Davis2005a",3.944,NA,"extended",FALSE
"Traje",0.209821428571429,1,"Ferre2012",5.6,NA,"extended",FALSE
"martirio",0.208258802821472,2,"Guasch2016;Hinojosa2016a",3.515,"martyrdom","extended",FALSE
"templanza",0.206997084548105,1,"Hinojosa2016a",4.23,NA,"extended",FALSE
"procedimiento",0.206724840828447,2,"Davis2005a;Duchon2013",3.934,NA,"extended",FALSE
"bulto",0.206589492430988,1,"Guasch2016",3.14,"bulk","extended",FALSE
"curso",0.206589492430988,1,"Guasch2016",3.14,"course","extended",FALSE
"elogio",0.206589492430988,1,"Guasch2016",3.14,"praise","extended",FALSE
"extrañeza",0.206589492430988,1,"Guasch2016",3.14,"strangeness","extended",FALSE
"saciedad",0.206589492430988,1,"Guasch2016",3.14,"satiety","extended",FALSE
"colapso",0.206006332563686,3,"Davis2005a;Duchon2013;Guasch2016",3.65266666666667,"collapse","extended",FALSE
"descripción",0.205700396775465,2,"Davis2005a;Duchon2013",3.921,NA,"extended",FALSE
"carga",0.205004270571837,3,"Davis2005a;Duchon2013;Guasch2016",3.67,"load","extended",FALSE
"superficie",0.204675952722484,2,"Davis2005a;Duchon2013",3.92,NA,"extended",FALSE
"lista",0.204665511272376,2,"Diez-Alamo2018a;Guasch2016",3.96,"list","extended",FALSE
"horror",0.202500178470117,3,"Davis2005a;Duchon2013;Guasch2016",3.61533333333333,"horror","extended",FALSE
"conspiración",0.202224314812506,3,"Davis2005a;Duchon2013;Guasch2016",3.638,"conspiracy","extended",FALSE
"frecuencia",0.201602620563539,2,"Davis2005a;Duchon2013",3.906,NA,"extended",FALSE
"riesgo",0.201516944200988,3,"Davis2005a;Duchon2013;Guasch2016",3.576,"risk","extended",FALSE
"choza",0.200934579439252,1,"Diez-Alamo2018a",5.18,"hut","extended",FALSE
"final",0.200578176510557,2,"Davis2005a;Duchon2013",3.904,NA,"extended",FALSE
"mitad",0.199708454810496,1,"Hinojosa2016a",4.2,NA,"extended",FALSE
"intención",0.199553732457575,2,"Davis2005a;Duchon2013",3.902,NA,"extended",FALSE
"aprecio",0.199020480854853,1,"Guasch2016",3.1,"appreciation","extended",FALSE
"degradación",0.199020480854853,1,"Guasch2016",3.1,"degradation","extended",FALSE
"despilfarro",0.199020480854853,1,"Guasch2016",3.1,"waste","extended",FALSE
"faz",0.199020480854853,1,"Guasch2016",3.1,"face","extended",FALSE
"gente",0.199020480854853,1,"Guasch2016",3.1,"people","extended",FALSE
"grado",0.199020480854853,1,"Guasch2016",3.1,"degree","extended",FALSE
"quietud",0.199020480854853,1,"Guasch2016",3.1,"stillness","extended",FALSE
"superioridad",0.199020480854853,1,"Guasch2016",3.1,"superiority","extended",FALSE
"regreso",0.198529288404594,2,"Davis2005a;Duchon2013",3.901,NA,"extended",FALSE
"comisión",0.197504844351612,2,"Davis2005a;Duchon2013",3.898,NA,"extended",FALSE
"decoro",0.19714542730971,2,"Guasch2016;Hinojosa2016a",3.53,"decorum","extended",FALSE
"instrumento",0.196819085487078,1,"Davis2005a",3.889,NA,"extended",FALSE
"tubo",0.196261682242991,1,"Diez-Alamo2018a",5.17,"tube","extended",FALSE
"miedo",0.19573627589827,3,"Davis2005a;Duchon2013;Guasch2016",3.66866666666667,"fear","extended",FALSE
"experiencia",0.195719669325817,2,"Davis2005a;Duchon2013",3.889,NA,"extended",FALSE
"productor",0.195719669325817,2,"Davis2005a;Duchon2013",3.889,NA,"extended",FALSE
"cauto",0.19533527696793,1,"Hinojosa2016a",4.18,NA,"extended",FALSE
"turbulento",0.192419825072886,1,"Hinojosa2016a",4.16,NA,"extended",FALSE
"episodio",0.192395855749475,3,"Davis2005a;Duchon2013;Guasch2016",3.648,"episode","extended",FALSE
"costumbre",0.192341941228851,1,"Guasch2016",3.09,"costum","extended",FALSE
"exceso",0.192341941228851,1,"Guasch2016",3.09,"excess","extended",FALSE
"rechazo",0.192341941228851,1,"Guasch2016",3.09,"rejection","extended",FALSE
"teoría",0.192181742030132,3,"Davis2005a;Duchon2013;Guasch2016",3.60733333333333,"theory","extended",FALSE
"renuncia",0.191885606194059,2,"Davis2005a;Duchon2013",3.873,NA,"extended",FALSE
"desaparición",0.191603390168064,3,"Davis2005a;Duchon2013;Guasch2016",3.596,"disappearance","extended",FALSE
"importancia",0.190861162141078,2,"Davis2005a;Duchon2013",3.871,NA,"extended",FALSE
"cadena",0.189912969048754,3,"Davis2005a;Diez-Alamo2018a;Duchon2013",4.142,"chain","extended",FALSE
"crisis",0.189325578663653,4,"Davis2005a;Duchon2013;Guasch2016;Hinojosa2016a",3.728,"crisis","extended",FALSE
"trapo",0.189252336448598,1,"Diez-Alamo2018a",5.15,"cloth","extended",FALSE
"ataque",0.188724358528562,4,"Davis2005a;Duchon2013;Guasch2016;Hinojosa2016a",3.711,"attack","extended",FALSE
"universo",0.187787829982133,2,"Davis2005a;Duchon2013",3.862,NA,"extended",FALSE
"fortuna",0.187459922271924,2,"Guasch2016;Hinojosa2016a",3.525,"fortune","extended",FALSE
"inspiración",0.186945340355591,3,"Davis2005a;Duchon2013;Guasch2016",3.58,"inspiration","extended",FALSE
"dañino",0.185131195335277,1,"Hinojosa2016a",4.15,NA,"extended",FALSE
"hueco",0.185131195335277,1,"Hinojosa2016a",4.15,NA,"extended",FALSE
"opinión",0.184714497823187,2,"Davis2005a;Duchon2013",3.852,NA,"extended",FALSE
"espejismo",0.183690053770206,2,"Davis2005a;Duchon2013",3.85,NA,"extended",FALSE
"argumento",0.182991985752449,1,"Guasch2016",3.05,"argument","extended",FALSE
"conciencia",0.182991985752449,1,"Guasch2016",3.05,"consciousness","extended",FALSE
"creencia",0.182991985752449,1,"Guasch2016",3.05,"belief","extended",FALSE
"dramatismo",0.182991985752449,1,"Guasch2016",3.05,"drama","extended",FALSE
"espanto",0.182991985752449,1,"Guasch2016",3.05,"fright","extended",FALSE
"exclusión",0.182991985752449,1,"Guasch2016",3.05,"exclusion","extended",FALSE
"heroísmo",0.182991985752449,1,"Guasch2016",3.05,"heroism","extended",FALSE
"honradez",0.182991985752449,1,"Guasch2016",3.05,"honesty","extended",FALSE
"optimismo",0.182991985752449,1,"Guasch2016",3.05,"optimism","extended",FALSE
"pánico",0.182991985752449,1,"Guasch2016",3.05,"panic","extended",FALSE
"provocación",0.182991985752449,1,"Guasch2016",3.05,"provocation","extended",FALSE
"trecho",0.182991985752449,1,"Guasch2016",3.05,"stretch","extended",FALSE
"pasta",0.182930609765232,2,"Diez-Alamo2018a;Guasch2016",3.885,"pasta","extended",FALSE
"conflicto",0.182028996384899,4,"Davis2005a;Duchon2013;Guasch2016;Hinojosa2016a",3.6625,"conflict","extended",FALSE
"agente",0.18110956517932,3,"Davis2005a;Duchon2013;Guasch2016",3.57533333333333,"agent","extended",FALSE
"Caballero",0.178571428571429,1,"Ferre2012",5.52,NA,"extended",FALSE
"calibre",0.175494501346352,2,"Davis2005a;Duchon2013",3.813,NA,"extended",FALSE
"régimen",0.175422974176313,1,"Guasch2016",3.04,"regime","extended",FALSE
"motivo",0.175355223879884,3,"Davis2005a;Duchon2013;Guasch2016",3.46466666666667,"reason","extended",FALSE
"parche",0.175233644859813,1,"Diez-Alamo2018a",5.11,"patch","extended",FALSE
"canal",0.175195041991625,4,"Davis2005a;Duchon2013;Guasch2016;Hinojosa2016a",3.622,"channel","extended",FALSE
"ausencia",0.173835122269979,4,"Davis2005a;Duchon2013;Guasch2016;Hinojosa2016a",3.6655,"absence","extended",FALSE
"recepción",0.172962226640159,1,"Davis2005a",3.792,NA,"extended",FALSE
"artículo",0.172904155216114,4,"Davis2005a;Duchon2013;Guasch2016;Hinojosa2016a",3.5475,"article","extended",FALSE
"comentario",0.172483512363072,4,"Davis2005a;Duchon2013;Guasch2016;Hinojosa2016a",3.6565,"comment","extended",FALSE
"injuria",0.17201166180758,1,"Hinojosa2016a",4.11,NA,"extended",FALSE
"caos",0.170899707241781,2,"Davis2005a;Duchon2013",3.786,NA,"extended",FALSE
"honor",0.1698752631888,2,"Davis2005a;Duchon2013",3.784,NA,"extended",FALSE
"Mercenario",0.169642857142857,1,"Ferre2012",5.48,NA,"extended",FALSE
"aislamiento",0.169189670525378,1,"Guasch2016",3,"isolation","extended",FALSE
"añoranza",0.169189670525378,1,"Guasch2016",3,"yearning","extended",FALSE
"bendición",0.169189670525378,1,"Guasch2016",3,"blessing","extended",FALSE
"cola",0.169189670525378,1,"Guasch2016",3,"tail","extended",FALSE
"fascinación",0.169189670525378,1,"Guasch2016",3,"fascination","extended",FALSE
"maduración",0.169189670525378,1,"Guasch2016",3,"maturation","extended",FALSE
"revés",0.169189670525378,1,"Guasch2016",3,"backwards","extended",FALSE
"ruptura",0.169189670525378,1,"Guasch2016",3,"rupture","extended",FALSE
"suavidad",0.169189670525378,1,"Guasch2016",3,"softness","extended",FALSE
"fantasma",0.169096209912536,1,"Hinojosa2016a",4.1,NA,"extended",FALSE
"error",0.168338597109327,2,"Davis2005a;Duchon2013",3.782,NA,"extended",FALSE
"inspección",0.168338597109327,2,"Davis2005a;Duchon2013",3.782,NA,"extended",FALSE
"deseo",0.166685471669011,3,"Davis2005a;Duchon2013;Guasch2016",3.51866666666667,"desire","extended",FALSE
"imaginación",0.164736405552938,3,"Davis2005a;Duchon2013;Hinojosa2016a",3.85666666666667,NA,"extended",FALSE
"culto",0.16445433280805,2,"Guasch2016;Hinojosa2016a",3.35,"worship","extended",FALSE
"peligro",0.16395362086106,3,"Davis2005a;Duchon2013;Guasch2016",3.50133333333333,"danger","extended",FALSE
"saco",0.163551401869159,1,"Diez-Alamo2018a",5.05,"sack","extended",FALSE
"solidaridad",0.163265306122449,1,"Hinojosa2016a",4.08,NA,"extended",FALSE
"ironía",0.163216376844419,2,"Davis2005a;Duchon2013",3.752,NA,"extended",FALSE
"política",0.163216376844419,2,"Davis2005a;Duchon2013",3.752,NA,"extended",FALSE
"reputación",0.162888157813143,3,"Davis2005a;Duchon2013;Guasch2016",3.482,"reputation","extended",FALSE
"equipo",0.162221183068917,3,"Davis2005a;Diez-Alamo2018a;Duchon2013",4.02266666666667,"team","extended",FALSE
"registro",0.161679710764946,2,"Davis2005a;Duchon2013",3.751,NA,"extended",FALSE
"amargura",0.160669827019982,2,"Guasch2016;Hinojosa2016a",3.305,"bitterness","extended",FALSE
"habilidad",0.159305623103547,3,"Davis2005a;Duchon2013;Guasch2016",3.496,"skill","extended",FALSE
"intimidad",0.159133804766339,2,"Davis2005a;Duchon2013",3.736,NA,"extended",FALSE
"corriente",0.157597138686866,2,"Davis2005a;Duchon2013",3.729,NA,"extended",FALSE
"ubicación",0.157597138686866,2,"Davis2005a;Duchon2013",3.729,NA,"extended",FALSE
"maldad",0.157476199521301,3,"Davis2005a;Duchon2013;Guasch2016",3.46333333333333,"evil","extended",FALSE
"locura",0.157451372592588,4,"Davis2005a;Duchon2013;Guasch2016;Hinojosa2016a",3.5385,"madness","extended",FALSE
"alivio",0.156277827248442,1,"Guasch2016",2.95,"relief","extended",FALSE
"capricho",0.156277827248442,1,"Guasch2016",2.95,"whim","extended",FALSE
"disminución",0.156277827248442,1,"Guasch2016",2.95,"decrease","extended",FALSE
"enigma",0.156277827248442,1,"Guasch2016",2.95,"enigma","extended",FALSE
"interrupción",0.156277827248442,1,"Guasch2016",2.95,"interruption","extended",FALSE
"privación",0.156277827248442,1,"Guasch2016",2.95,"deprivation","extended",FALSE
"propuesta",0.156277827248442,1,"Guasch2016",2.95,"proposal","extended",FALSE
"quimera",0.156277827248442,1,"Guasch2016",2.95,"chimera","extended",FALSE
"tentación",0.156277827248442,1,"Guasch2016",2.95,"temptation","extended",FALSE
"vicio",0.156277827248442,1,"Guasch2016",2.95,"vice","extended",FALSE
"talento",0.156063618290258,1,"Davis2005a",3.716,NA,"extended",FALSE
"incapacidad",0.155357596584403,3,"Davis2005a;Duchon2013;Guasch2016",3.476,"disability","extended",FALSE
"revelación",0.155101103448655,3,"Davis2005a;Duchon2013;Guasch2016",3.354,"revelation","extended",FALSE
"serenidad",0.154565680743739,2,"Guasch2016;Hinojosa2016a",3.49,"serenity","extended",FALSE
"libertad",0.154448274191171,3,"Davis2005a;Duchon2013;Guasch2016",3.462,"freedom","extended",FALSE
"aroma",0.153061224489796,1,"Hinojosa2016a",4.02,NA,"extended",FALSE
"unión",0.153061224489796,1,"Hinojosa2016a",4.02,NA,"extended",FALSE
"definición",0.152490122555804,2,"Davis2005a;Duchon2013",3.697,NA,"extended",FALSE
"estructura",0.151501617031254,3,"Davis2005a;Diez-Alamo2018a;Duchon2013",3.96933333333333,"structure","extended",FALSE
"contenido",0.149717275473295,3,"Davis2005a;Duchon2013;Guasch2016",3.42933333333333,"content","extended",FALSE
"clave",0.149416790396859,2,"Davis2005a;Duchon2013",3.685,NA,"extended",FALSE
"marca",0.148897558511625,3,"Davis2005a;Duchon2013;Guasch2016",3.42933333333333,"brand","extended",FALSE
"tormento",0.148639000407215,4,"Davis2005a;Duchon2013;Guasch2016;Hinojosa2016a",3.5815,"torment","extended",FALSE
"tarea",0.148592849744439,3,"Davis2005a;Duchon2013;Hinojosa2016a",3.79133333333333,NA,"extended",FALSE
"ambición",0.14826357969724,1,"Guasch2016",2.91,"ambition","extended",FALSE
"manejo",0.14826357969724,1,"Guasch2016",2.91,"handling","extended",FALSE
"conexión",0.148111332007952,1,"Davis2005a",3.679,NA,"extended",FALSE
"felicidad",0.147527577371109,2,"Guasch2016;Hinojosa2016a",3.465,"happiness","extended",FALSE
"venganza",0.147216172190468,3,"Davis2005a;Duchon2013;Guasch2016",3.394,"revenge","extended",FALSE
"calidad",0.147066208988391,3,"Davis2005a;Duchon2013;Guasch2016",3.39333333333333,"quality","extended",FALSE
"compromiso",0.146920685908184,3,"Davis2005a;Duchon2013;Guasch2016",3.39866666666667,"commitment","extended",FALSE
"excusa",0.146358662371761,2,"Davis2005a;Duchon2013",3.677,NA,"extended",FALSE
"dificultad",0.145382526499978,2,"Guasch2016;Hinojosa2016a",3.4,"difficulty","extended",FALSE
"artefacto",0.14449071234442,3,"Davis2005a;Duchon2013;Guasch2016",3.40733333333333,"artifact","extended",FALSE
"giratorio",0.144314868804665,1,"Hinojosa2016a",4,NA,"extended",FALSE
"ambiente",0.144206509063542,3,"Davis2005a;Duchon2013;Guasch2016",3.396,"atmosphere","extended",FALSE
"tratamiento",0.143285330212816,2,"Davis2005a;Duchon2013",3.67,NA,"extended",FALSE
"clima",0.142920747996438,1,"Guasch2016",2.9,"climate","extended",FALSE
"dureza",0.142920747996438,1,"Guasch2016",2.9,"hardness","extended",FALSE
"entorno",0.142920747996438,1,"Guasch2016",2.9,"environment","extended",FALSE
"noción",0.142920747996438,1,"Guasch2016",2.9,"notion","extended",FALSE
"pista",0.142920747996438,1,"Guasch2016",2.9,"track","extended",FALSE
"prioridad",0.142920747996438,1,"Guasch2016",2.9,"priority","extended",FALSE
"ventaja",0.142920747996438,1,"Guasch2016",2.9,"advantage","extended",FALSE
"éxito",0.142435219767259,3,"Davis2005a;Duchon2013;Guasch2016",3.372,"success","extended",FALSE
"plan",0.141859084542507,3,"Davis2005a;Duchon2013;Guasch2016",3.41933333333333,"plan","extended",FALSE
"asistencia",0.140724220080362,2,"Davis2005a;Duchon2013",3.658,NA,"extended",FALSE
"gimnasia",0.14018691588785,1,"Diez-Alamo2018a",4.94,"gymnastics","extended",FALSE
"ciencia",0.13969977602738,2,"Davis2005a;Duchon2013",3.654,NA,"extended",FALSE
"respeto",0.138675331974398,2,"Davis2005a;Duchon2013",3.652,NA,"extended",FALSE
"Diseñador",0.138392857142857,1,"Ferre2012",5.4,NA,"extended",FALSE
"Estafador",0.138392857142857,1,"Ferre2012",5.4,NA,"extended",FALSE
"Ingeniero",0.138392857142857,1,"Ferre2012",5.4,NA,"extended",FALSE
"sospecha",0.137801832347237,2,"Guasch2016;Hinojosa2016a",3.4,"suspicion","extended",FALSE
"sede",0.137650887921417,2,"Davis2005a;Duchon2013",3.651,NA,"extended",FALSE
"ira",0.137026239067055,1,"Hinojosa2016a",3.95,NA,"extended",FALSE
"degeneración",0.136687444345503,1,"Guasch2016",2.86,"degeneration","extended",FALSE
"perdición",0.136687444345503,1,"Guasch2016",2.86,"perdition","extended",FALSE
"trascendencia",0.136687444345503,1,"Guasch2016",2.86,"transcendence","extended",FALSE
"opción",0.135601999815453,2,"Davis2005a;Duchon2013",3.642,NA,"extended",FALSE
"responsabilidad",0.134577555762472,2,"Davis2005a;Duchon2013",3.638,NA,"extended",FALSE
"armónica",0.132009345794393,1,"Diez-Alamo2018a",4.92,"harmonica","extended",FALSE
"codicia",0.131789848619768,1,"Guasch2016",2.85,"greed","extended",FALSE
"frialdad",0.131789848619768,1,"Guasch2016",2.85,"chill","extended",FALSE
"pasividad",0.131789848619768,1,"Guasch2016",2.85,"passivity","extended",FALSE
"trozo",0.131789848619768,1,"Guasch2016",2.85,"stub","extended",FALSE
"prueba",0.131504223603527,2,"Davis2005a;Duchon2013",3.618,NA,"extended",FALSE
"evolución",0.131015438579502,3,"Davis2005a;Duchon2013;Guasch2016",3.32466666666667,"evolution","extended",FALSE
"presión",0.130588571562286,3,"Davis2005a;Duchon2013;Guasch2016",3.38266666666667,"pressure","extended",FALSE
"dolor",0.129967557524054,2,"Davis2005a;Duchon2013",3.617,NA,"extended",FALSE
"gracia",0.129737609329446,1,"Hinojosa2016a",3.9,NA,"extended",FALSE
"construcción",0.128430891444581,2,"Davis2005a;Duchon2013",3.612,NA,"extended",FALSE
"sufrimiento",0.128016831367268,4,"Davis2005a;Duchon2013;Guasch2016;Hinojosa2016a",3.468,"suffering","extended",FALSE
"evento",0.1274064473916,2,"Davis2005a;Duchon2013",3.61,NA,"extended",FALSE
"desviación",0.127337488869101,1,"Guasch2016",2.82,"deviation","extended",FALSE
"hábito",0.127337488869101,1,"Guasch2016",2.82,"habit","extended",FALSE
"magia",0.127236580516899,1,"Davis2005a",3.609,NA,"extended",FALSE
"reflejo",0.127199778486161,3,"Davis2005a;Duchon2013;Guasch2016",3.27,"reflection","extended",FALSE
"cima",0.126168224299065,1,"Diez-Alamo2018a",4.89,"summit","extended",FALSE
"psicología",0.125884985445974,2,"Davis2005a;Duchon2013",3.597,NA,"extended",FALSE
"idealismo",0.125556544968833,1,"Guasch2016",2.81,"idealism","extended",FALSE
"tecnología",0.124860541392992,2,"Davis2005a;Duchon2013",3.595,NA,"extended",FALSE
"compañía",0.124408437370756,3,"Davis2005a;Duchon2013;Hinojosa2016a",3.59066666666667,NA,"extended",FALSE
"admiración",0.124220837043633,1,"Guasch2016",2.8,"admiration","extended",FALSE
"comodidad",0.124220837043633,1,"Guasch2016",2.8,"comfort","extended",FALSE
"tosco",0.123906705539359,1,"Hinojosa2016a",3.87,NA,"extended",FALSE
"ramo",0.123831775700935,1,"Diez-Alamo2018a",4.88,"bouquet","extended",FALSE
"fuerza",0.123406929651207,3,"Davis2005a;Duchon2013;Guasch2016",3.262,"force","extended",FALSE
"imagen",0.122754772667889,3,"Davis2005a;Duchon2013;Guasch2016",3.33266666666667,"image","extended",FALSE
"técnica",0.121787209234047,2,"Davis2005a;Duchon2013",3.588,NA,"extended",FALSE
"producto",0.121693576670128,4,"Davis2005a;Duchon2013;Guasch2016;Hinojosa2016a",3.42,"product","extended",FALSE
"atracción",0.121549421193232,1,"Guasch2016",2.77,"attraction","extended",FALSE
"ciclo",0.121549421193232,1,"Guasch2016",2.77,"cycle","extended",FALSE
"partido",0.120762765181066,2,"Davis2005a;Duchon2013",3.586,NA,"extended",FALSE
"complejo",0.119323241317898,1,"Guasch2016",2.76,"complex","extended",FALSE
"portón",0.119158878504673,1,"Diez-Alamo2018a",4.85,"gate","extended",FALSE
"propósito",0.118713877075102,2,"Davis2005a;Duchon2013",3.581,NA,"extended",FALSE
"suerte",0.118051138531993,2,"Guasch2016;Hinojosa2016a",3.2,"luck","extended",FALSE
"coraje",0.11768943302212,2,"Davis2005a;Duchon2013",3.579,NA,"extended",FALSE
"aptitud",0.117542297417631,1,"Guasch2016",2.75,"aptitude","extended",FALSE
"diversión",0.117542297417631,1,"Guasch2016",2.75,"fun","extended",FALSE
"pureza",0.117542297417631,1,"Guasch2016",2.75,"purity","extended",FALSE
"administración",0.116664988969139,2,"Davis2005a;Duchon2013",3.574,NA,"extended",FALSE
"efectivo",0.114616100863175,2,"Davis2005a;Duchon2013",3.572,NA,"extended",FALSE
"capellán",0.114485981308411,1,"Diez-Alamo2018a",4.84,"chaplain","extended",FALSE
"tablero",0.114485981308411,1,"Diez-Alamo2018a",4.84,"board","extended",FALSE
"ánimo",0.113980409617097,1,"Guasch2016",2.73,"mood","extended",FALSE
"avance",0.113980409617097,1,"Guasch2016",2.73,"advance","extended",FALSE
"calvario",0.113980409617097,1,"Guasch2016",2.73,"calvary","extended",FALSE
"reflexión",0.113980409617097,1,"Guasch2016",2.73,"reflection","extended",FALSE
"fino",0.113702623906706,1,"Hinojosa2016a",3.83,NA,"extended",FALSE
"tránsfuga",0.113702623906706,1,"Hinojosa2016a",3.83,NA,"extended",FALSE
"seguridad",0.113495844358412,3,"Davis2005a;Duchon2013;Guasch2016",3.246,"security","extended",FALSE
"aceptación",0.113124336364746,2,"Guasch2016;Hinojosa2016a",3.29,"acceptance","extended",FALSE
"planificación",0.113079434783703,2,"Davis2005a;Duchon2013",3.571,NA,"extended",FALSE
"pedazo",0.110513187356169,3,"Davis2005a;Duchon2013;Guasch2016",3.06333333333333,"piece","extended",FALSE
"ampliación",0.109082813891362,1,"Guasch2016",2.7,"extension","extended",FALSE
"deterioro",0.109082813891362,1,"Guasch2016",2.7,"deterioration","extended",FALSE
"realismo",0.109082813891362,1,"Guasch2016",2.7,"realism","extended",FALSE
"pasión",0.109069314252639,3,"Davis2005a;Duchon2013;Guasch2016",3.27666666666667,"passion","extended",FALSE
"impresión",0.108846918489066,1,"Davis2005a",3.556,NA,"extended",FALSE
"carrera",0.108220927598963,2,"Davis2005a;Duchon2013",3.556,NA,"extended",FALSE
"eternidad",0.106856634016028,1,"Guasch2016",2.68,"eternity","extended",FALSE
"tristeza",0.106669712790344,2,"Guasch2016;Hinojosa2016a",3.215,"sadness","extended",FALSE
"ermita",0.106308411214953,1,"Diez-Alamo2018a",4.81,"hermitage","extended",FALSE
"maravilla",0.105966162065895,1,"Guasch2016",2.67,"blast","extended",FALSE
"apertura",0.104386864467205,2,"Davis2005a;Duchon2013",3.549,NA,"extended",FALSE
"distorsión",0.103294746215494,1,"Guasch2016",2.65,"distortion","extended",FALSE
"novedad",0.103294746215494,1,"Guasch2016",2.65,"novelty","extended",FALSE
"sensualidad",0.103294746215494,1,"Guasch2016",2.65,"sensuality","extended",FALSE
"inquietud",0.102850198387733,2,"Davis2005a;Duchon2013",3.547,NA,"extended",FALSE
"línea",0.102803738317757,1,"Diez-Alamo2018a",4.79,"line","extended",FALSE
"fresco",0.1015393759319,3,"Davis2005a;Duchon2013;Hinojosa2016a",3.60333333333333,NA,"extended",FALSE
"paciencia",0.100397614314115,1,"Davis2005a",3.527,NA,"extended",FALSE
"historia",0.0997328584149599,1,"Guasch2016",2.64,"history","extended",FALSE
"institución",0.0997328584149599,1,"Guasch2016",2.64,"institution","extended",FALSE
"elevado",0.0991253644314869,1,"Hinojosa2016a",3.78,NA,"extended",FALSE
"imposibilidad",0.0991253644314869,1,"Hinojosa2016a",3.78,NA,"extended",FALSE
"academia",0.0981308411214953,1,"Diez-Alamo2018a",4.77,"academy","extended",FALSE
"capacidad",0.0975549515595465,3,"Davis2005a;Duchon2013;Guasch2016",3.21466666666667,"capacity","extended",FALSE
"aprobación",0.0974155069582505,1,"Davis2005a",3.513,NA,"extended",FALSE
"creatividad",0.0966913562590725,3,"Davis2005a;Duchon2013;Guasch2016",3.18333333333333,"creativity","extended",FALSE
"casualidad",0.0957257346393589,1,"Guasch2016",2.6,"chance","extended",FALSE
"utensilio",0.0957257346393589,1,"Guasch2016",2.6,"utensil","extended",FALSE
"prototipo",0.0957094982845543,2,"Davis2005a;Duchon2013",3.51,NA,"extended",FALSE
"estrategia",0.0936606101785909,2,"Davis2005a;Duchon2013",3.489,NA,"extended",FALSE
"cómoda",0.0934579439252336,1,"Diez-Alamo2018a",4.76,"dresser","extended",FALSE
"contexto",0.0921638468388246,1,"Guasch2016",2.59,"context","extended",FALSE
"función",0.0921638468388246,1,"Guasch2016",2.59,"function","extended",FALSE
"farsa",0.0918367346938776,1,"Hinojosa2016a",3.75,NA,"extended",FALSE
"cera",0.0911214953271028,1,"Diez-Alamo2018a",4.75,"wax","extended",FALSE
"ilusión",0.090634727367604,2,"Guasch2016;Hinojosa2016a",3.15,"illusion","extended",FALSE
"instancia",0.0899376669634906,1,"Guasch2016",2.57,"instance","extended",FALSE
"montura",0.088785046728972,1,"Diez-Alamo2018a",4.74,"saddle","extended",FALSE
"mantenimiento",0.0880261678871916,2,"Davis2005a;Duchon2013",3.455,NA,"extended",FALSE
"estado",0.0879264343029695,3,"Davis2005a;Duchon2013;Guasch2016",3.162,"state","extended",FALSE
"trastorno",0.087463556851312,1,"Hinojosa2016a",3.72,NA,"extended",FALSE
"realidad",0.0869237068841913,3,"Davis2005a;Duchon2013;Guasch2016",3.14866666666667,"reality","extended",FALSE
"época",0.0868210151380231,1,"Guasch2016",2.55,"time","extended",FALSE
"pacto",0.0868210151380231,1,"Guasch2016",2.55,"pact","extended",FALSE
"trato",0.0868210151380231,1,"Guasch2016",2.55,"treatment","extended",FALSE
"causa",0.0864895018077191,2,"Davis2005a;Duchon2013",3.442,NA,"extended",FALSE
"enfermedad",0.0855462009352434,3,"Davis2005a;Duchon2013;Guasch2016",3.15333333333333,"disease","extended",FALSE
"tamaño",0.0846562104703569,3,"Davis2005a;Duchon2013;Guasch2016",3.13666666666667,"size","extended",FALSE
"dispositivo",0.084493041749503,1,"Davis2005a",3.437,NA,"extended",FALSE
"esfera",0.0841121495327103,1,"Diez-Alamo2018a",4.72,"ball","extended",FALSE
"rama",0.0841121495327103,1,"Diez-Alamo2018a",4.72,"branch","extended",FALSE
"combinación",0.0832369360652753,3,"Davis2005a;Duchon2013;Guasch2016",3.01333333333333,"combination","extended",FALSE
"armonía",0.0819763226633559,4,"Davis2005a;Duchon2013;Guasch2016;Hinojosa2016a",3.2675,"harmony","extended",FALSE
"zona",0.0805168986083499,1,"Davis2005a",3.43,NA,"extended",FALSE
"preparación",0.0803732457575224,2,"Davis2005a;Duchon2013",3.424,NA,"extended",FALSE
"Luchador",0.0803571428571429,1,"Ferre2012",5.2,NA,"extended",FALSE
"edición",0.0801749271137026,1,"Hinojosa2016a",3.68,NA,"extended",FALSE
"incidente",0.0793488017045407,2,"Davis2005a;Duchon2013",3.411,NA,"extended",FALSE
"signo",0.0784697197926116,2,"Diez-Alamo2018a;Guasch2016",3.395,"sign","extended",FALSE
"delantera",0.078324357651559,2,"Davis2005a;Duchon2013",3.408,NA,"extended",FALSE
"pérdida",0.0780577846200177,2,"Guasch2016;Hinojosa2016a",3.09,"loss","extended",FALSE
"contrariedad",0.0779162956366874,1,"Guasch2016",2.5,"contrariness","extended",FALSE
"emoción",0.0779162956366874,1,"Guasch2016",2.5,"emotion","extended",FALSE
"escala",0.0779162956366874,1,"Guasch2016",2.5,"scale","extended",FALSE
"género",0.0779162956366874,1,"Guasch2016",2.5,"genre","extended",FALSE
"inferioridad",0.0779162956366874,1,"Guasch2016",2.5,"inferiority","extended",FALSE
"mecanismo",0.0779162956366874,1,"Guasch2016",2.5,"mechanism","extended",FALSE
"montón",0.0779162956366874,1,"Guasch2016",2.5,"heap","extended",FALSE
"rareza",0.0779162956366874,1,"Guasch2016",2.5,"rarity","extended",FALSE
"contacto",0.0768028957059332,2,"Davis2005a;Duchon2013",3.397,NA,"extended",FALSE
"justicia",0.0765407554671968,1,"Davis2005a",3.405,NA,"extended",FALSE
"creación",0.0761427897030874,3,"Davis2005a;Duchon2013;Guasch2016",2.986,"creation","extended",FALSE
"avalancha",0.0759345794392523,1,"Diez-Alamo2018a",4.66,"avalanche","extended",FALSE
"gancho",0.0759345794392523,1,"Diez-Alamo2018a",4.66,"hook","extended",FALSE
"distancia",0.075801749271137,1,"Hinojosa2016a",3.66,NA,"extended",FALSE
"valor",0.0753585697356295,3,"Davis2005a;Duchon2013;Hinojosa2016a",3.44933333333333,NA,"extended",FALSE
"fatalidad",0.0753220325838888,3,"Davis2005a;Duchon2013;Guasch2016",3.09866666666667,"fatality","extended",FALSE
"miseria",0.0732173415204973,2,"Davis2005a;Duchon2013",3.383,NA,"extended",FALSE
"plenitud",0.0728862973760933,1,"Hinojosa2016a",3.65,NA,"extended",FALSE
"surco",0.0724299065420561,1,"Diez-Alamo2018a",4.64,"furrow","extended",FALSE
"cambio",0.0723095328334706,3,"Davis2005a;Duchon2013;Guasch2016",2.78,"exchange","extended",FALSE
"lugar",0.0717531655815576,3,"Davis2005a;Duchon2013;Guasch2016",3.076,"place","extended",FALSE
"encanto",0.0711836575483806,2,"Davis2005a;Duchon2013",3.358,NA,"extended",FALSE
"expectativa",0.0705765407554672,1,"Davis2005a",3.364,NA,"extended",FALSE
"sala",0.0700934579439252,1,"Diez-Alamo2018a",4.62,"room","extended",FALSE
"fenómeno",0.0691347694424172,2,"Davis2005a;Duchon2013",3.351,NA,"extended",FALSE
"barbaridad",0.0681211041852182,1,"Guasch2016",2.45,"barbarity","extended",FALSE
"difusión",0.0681211041852182,1,"Guasch2016",2.45,"diffusion","extended",FALSE
"facilidad",0.0681211041852182,1,"Guasch2016",2.45,"ease","extended",FALSE
"tensión",0.0681211041852182,1,"Guasch2016",2.45,"voltage","extended",FALSE
"circuito",0.0677570093457944,1,"Diez-Alamo2018a",4.6,"circuit","extended",FALSE
"entero",0.0670553935860058,1,"Hinojosa2016a",3.61,NA,"extended",FALSE
"personalidad",0.0660614372834722,2,"Davis2005a;Duchon2013",3.326,NA,"extended",FALSE
"extra",0.0650369932304905,2,"Davis2005a;Duchon2013",3.318,NA,"extended",FALSE
"análisis",0.0644188305995566,3,"Davis2005a;Duchon2013;Guasch2016",2.956,"analysis","extended",FALSE
"presencia",0.0640125491775088,2,"Davis2005a;Duchon2013",3.3,NA,"extended",FALSE
"energía",0.0636049616119083,3,"Davis2005a;Duchon2013;Hinojosa2016a",3.40266666666667,NA,"extended",FALSE
"ingrediente",0.0632235084594835,1,"Guasch2016",2.43,"ingredient","extended",FALSE
"trance",0.0632235084594835,1,"Guasch2016",2.43,"trance","extended",FALSE
"potencia",0.0619636610715454,2,"Davis2005a;Duchon2013",3.288,NA,"extended",FALSE
"analogía",0.0609973285841496,1,"Guasch2016",2.41,"analogy","extended",FALSE
"desconfianza",0.0609973285841496,1,"Guasch2016",2.41,"distrust","extended",FALSE
"fantasía",0.0602028598747161,3,"Davis2005a;Duchon2013;Guasch2016",2.91666666666667,"fantasy","extended",FALSE
"fase",0.0596421471172962,1,"Davis2005a",3.277,NA,"extended",FALSE
"rapaz",0.0595794392523364,1,"Diez-Alamo2018a",4.48,"predatory bird","extended",FALSE
"veneno",0.0595794392523364,1,"Diez-Alamo2018a",4.48,"poison","extended",FALSE
"método",0.0590519884402009,3,"Davis2005a;Duchon2013;Guasch2016",3.00533333333333,"method","extended",FALSE
"dignidad",0.0587543082409765,3,"Davis2005a;Duchon2013;Guasch2016",2.98666666666667,"dignity","extended",FALSE
"complicación",0.0569902048085485,1,"Guasch2016",2.4,"complication","extended",FALSE
"esfuerzo",0.0569902048085485,1,"Guasch2016",2.4,"effort","extended",FALSE
"indicio",0.0569902048085485,1,"Guasch2016",2.4,"indication","extended",FALSE
"inestabilidad",0.0568566449404837,2,"Davis2005a;Duchon2013",3.265,NA,"extended",FALSE
"ancho",0.0568513119533528,1,"Hinojosa2016a",3.55,NA,"extended",FALSE
"símbolo",0.056085567792763,3,"Davis2005a;Duchon2013;Guasch2016",2.96666666666667,"symbol","extended",FALSE
"posición",0.0549643483175053,3,"Davis2005a;Duchon2013;Guasch2016",2.96866666666667,"position","extended",FALSE
"goma",0.0548230974632844,2,"Diez-Alamo2018a;Ferre2012",4.68,"eraser","extended",FALSE
"desarrollo",0.0542955348080295,2,"Davis2005a;Duchon2013",3.261,NA,"extended",FALSE
"figura",0.0535354072935624,2,"Guasch2016;Hinojosa2016a",2.725,"figure","extended",FALSE
"estilo",0.0519246812210986,3,"Davis2005a;Duchon2013;Guasch2016",2.912,"style","extended",FALSE
"posibilidad",0.0512222026490844,2,"Davis2005a;Duchon2013",3.246,NA,"extended",FALSE
"dios",0.0501977585961027,2,"Davis2005a;Duchon2013",3.245,NA,"extended",FALSE
"alma",0.0499086859960976,3,"Davis2005a;Duchon2013;Guasch2016",2.93533333333333,"soul","extended",FALSE
"decadencia",0.0494211932324132,1,"Guasch2016",2.36,"decline","extended",FALSE
"desconsuelo",0.0494211932324132,1,"Guasch2016",2.36,"grief","extended",FALSE
"destino",0.0494211932324132,1,"Guasch2016",2.36,"destiny","extended",FALSE
"lamento",0.0494211932324132,1,"Guasch2016",2.36,"regret","extended",FALSE
"obsesión",0.0494211932324132,1,"Guasch2016",2.36,"obsession","extended",FALSE
"poderío",0.0494211932324132,1,"Guasch2016",2.36,"power","extended",FALSE
"objeto",0.047419218919945,4,"Davis2005a;Duchon2013;Guasch2016;Hinojosa2016a",2.6795,"object","extended",FALSE
"platillo",0.0467289719626168,1,"Diez-Alamo2018a",4.39,"saucer","extended",FALSE
"cuadrada",0.0466472303206997,1,"Hinojosa2016a",3.44,NA,"extended",FALSE
"filosofía",0.0453105810646693,3,"Davis2005a;Duchon2013;Hinojosa2016a",3.27266666666667,NA,"extended",FALSE
"peña",0.044392523364486,1,"Diez-Alamo2018a",4.37,"boulder","extended",FALSE
"desigualdad",0.0427426536064114,1,"Guasch2016",2.35,"inequality","extended",FALSE
"versión",0.0427426536064114,1,"Guasch2016",2.35,"version","extended",FALSE
"voluntad",0.0427426536064114,1,"Guasch2016",2.35,"will","extended",FALSE
"efecto",0.0423685541976439,3,"Davis2005a;Duchon2013;Guasch2016",2.89466666666667,"effect","extended",FALSE
"determinación",0.0420022061722492,2,"Davis2005a;Duchon2013",3.157,NA,"extended",FALSE
"fiera",0.0408878504672897,1,"Diez-Alamo2018a",4.32,"beast","extended",FALSE
"sección",0.0405507043131335,3,"Davis2005a;Duchon2013;Guasch2016",2.718,"section","extended",FALSE
"sentido",0.0399533180662858,2,"Davis2005a;Duchon2013",3.145,NA,"extended",FALSE
"relación",0.0398986081219546,4,"Davis2005a;Duchon2013;Guasch2016;Hinojosa2016a",2.866,"relationship","extended",FALSE
"compasión",0.0396078236120111,3,"Davis2005a;Duchon2013;Guasch2016",2.85866666666667,"compassion","extended",FALSE
"ensueño",0.0393586005830904,1,"Hinojosa2016a",3.38,NA,"extended",FALSE
"muestra",0.0391807658058771,1,"Guasch2016",2.32,"sample","extended",FALSE
"información",0.0388026532938288,3,"Davis2005a;Duchon2013;Guasch2016",2.79733333333333,"information","extended",FALSE
"belleza",0.0379044299603224,2,"Davis2005a;Duchon2013",3.111,NA,"extended",FALSE
"cuestión",0.0369545859305432,1,"Guasch2016",2.3,"question","extended",FALSE
"cultura",0.0368799859073408,2,"Davis2005a;Duchon2013",3.105,NA,"extended",FALSE
"cantidad",0.0358686440421063,3,"Davis2005a;Duchon2013;Guasch2016",2.82133333333333,"amount","extended",FALSE
"evidencia",0.0358555418543591,2,"Davis2005a;Duchon2013",3.091,NA,"extended",FALSE
"sentimiento",0.0353233917230586,3,"Davis2005a;Duchon2013;Guasch2016",2.40466666666667,"feeling","extended",FALSE
"arte",0.0348310978013774,2,"Davis2005a;Duchon2013",3.081,NA,"extended",FALSE
"humanismo",0.0347284060552093,1,"Guasch2016",2.29,"humanism","extended",FALSE
"condición",0.0338379341050757,1,"Guasch2016",2.27,"condition","extended",FALSE
"carácter",0.0338066537483957,2,"Davis2005a;Duchon2013",3.08,NA,"extended",FALSE
"área",0.032782209695414,2,"Davis2005a;Duchon2013",3.074,NA,"extended",FALSE
"perspectiva",0.0317577656424323,2,"Davis2005a;Duchon2013",3.023,NA,"extended",FALSE
"materia",0.0316721891872922,3,"Davis2005a;Duchon2013;Guasch2016",2.35733333333333,"matter","extended",FALSE
"tragedia",0.0307212822796082,1,"Guasch2016",2.25,"tragedy","extended",FALSE
"nivel",0.028286014005068,2,"Diez-Alamo2018a;Hinojosa2016a",3.54,"level","extended",FALSE
"proceso",0.027906805241893,3,"Davis2005a;Duchon2013;Guasch2016",2.67466666666667,"process","extended",FALSE
"actitud",0.0276599894305056,2,"Davis2005a;Duchon2013",2.97,NA,"extended",FALSE
"adoración",0.0271593944790739,1,"Guasch2016",2.23,"worship","extended",FALSE
"aparato",0.027022448719979,2,"Guasch2016;Hinojosa2016a",2.5,"apparatus","extended",FALSE
"elemento",0.0269181604126791,5,"Davis2005a;Diez-Alamo2018a;Duchon2013;Guasch2016;Hinojosa2016a",2.7452,"element","extended",FALSE
"problema",0.0256111013245422,2,"Davis2005a;Duchon2013",2.937,NA,"extended",FALSE
"violencia",0.0253784505788068,1,"Guasch2016",2.2,"violence","extended",FALSE
"abnegación",0.0240427426536064,1,"Guasch2016",2.18,"abnegation","extended",FALSE
"suposición",0.0235622132185788,2,"Davis2005a;Duchon2013",2.928,NA,"extended",FALSE
"factor",0.0225377691655971,2,"Davis2005a;Duchon2013",2.885,NA,"extended",FALSE
"conjunto",0.0218165627782725,1,"Guasch2016",2.15,"set","extended",FALSE
"prosperidad",0.0218165627782725,1,"Guasch2016",2.15,"prosperity","extended",FALSE
"forma",0.0204081632653061,1,"Hinojosa2016a",2.6,NA,"extended",FALSE
"gloria",0.0194644370066521,2,"Davis2005a;Duchon2013",2.833,NA,"extended",FALSE
"anhelo",0.0184399929536704,2,"Davis2005a;Duchon2013",2.816,NA,"extended",FALSE
"lío",0.0178094390026714,1,"Guasch2016",2.1,"mess","extended",FALSE
"probabilidad",0.0178094390026714,1,"Guasch2016",2.1,"probability","extended",FALSE
"recurso",0.0178094390026714,1,"Guasch2016",2.1,"resource","extended",FALSE
"fe",0.0176248708109725,3,"Davis2005a;Duchon2013;Hinojosa2016a",2.69866666666667,NA,"extended",FALSE
"sustancia",0.0167391851792237,2,"Guasch2016;Hinojosa2016a",2.185,"substance","extended",FALSE
"conocimiento",0.016391104847707,2,"Davis2005a;Duchon2013",2.712,NA,"extended",FALSE
"potencial",0.0153666607947253,2,"Davis2005a;Duchon2013",2.704,NA,"extended",FALSE
"serie",0.0143422167417436,2,"Davis2005a;Duchon2013",2.674,NA,"extended",FALSE
"ejemplo",0.0133570792520036,1,"Guasch2016",2.05,"instance","extended",FALSE
"inseguridad",0.0133570792520036,1,"Guasch2016",2.05,"insecurity","extended",FALSE
"situación",0.0133570792520036,1,"Guasch2016",2.05,"situation","extended",FALSE
"medio",0.0112946054059898,3,"Davis2005a;Duchon2013;Hinojosa2016a",2.51866666666667,NA,"extended",FALSE
"amor",0.0112688845827986,2,"Davis2005a;Duchon2013",2.592,NA,"extended",FALSE
"razón",0.0102444405298169,2,"Davis2005a;Duchon2013",2.542,NA,"extended",FALSE
"inmensidad",0.00934995547640249,1,"Guasch2016",1.95,"immensity","extended",FALSE
"tolerancia",0.00934995547640249,1,"Guasch2016",1.95,"tolerance","extended",FALSE
"base",0.00921999647683519,2,"Davis2005a;Duchon2013",2.539,NA,"extended",FALSE
"tema",0.0087463556851312,1,"Hinojosa2016a",2.16,NA,"extended",FALSE
"criterio",0.00756901157613535,1,"Guasch2016",1.9,"criterion","extended",FALSE
"diseño",0.00756901157613535,1,"Guasch2016",1.9,"design","extended",FALSE
"práctica",0.00717110837087182,2,"Davis2005a;Duchon2013",2.387,NA,"extended",FALSE
"divinidad",0.006233303650935,1,"Guasch2016",1.85,"divinity","extended",FALSE
"actividad",0.00614666431789013,2,"Davis2005a;Duchon2013",2.363,NA,"extended",FALSE
"acción",0.00513532245265565,3,"Davis2005a;Duchon2013;Guasch2016",2.14066666666667,"action","extended",FALSE
"placa",0.00467289719626168,1,"Diez-Alamo2018a",3.4,"plate","extended",FALSE
"suceso",0.00400712377560107,1,"Guasch2016",1.8,"happening","extended",FALSE
"concepto",0.00307333215894506,2,"Davis2005a;Duchon2013",2.24,NA,"extended",FALSE
"cosa",0.00291545189504373,1,"Hinojosa2016a",1.8,NA,"extended",FALSE
"sistema",0.00204888810596338,2,"Davis2005a;Duchon2013",2.212,NA,"extended",FALSE
"asunto",0.00178094390026714,1,"Guasch2016",1.67,"issue","extended",FALSE
