"session","survey","slot","word","use_number","response","response_corrected","lemma","upos"
"WERLbHrisM97Sa8njspLxo48hq1D6V8RsVCSTTGotC7HiHvIiUCrNVOlUHbScfKy","English_Word_Ratings","w01","lightning",1,"wave","wave","wave","NOUN"
"WERLbHrisM97Sa8njspLxo48hq1D6V8RsVCSTTGotC7HiHvIiUCrNVOlUHbScfKy","English_Word_Ratings","w01","lightning",2,"calligraphy","calligraphy","calligraphy","NOUN"
"lzZBcD4N5WdlEJp4FXc4WDU0QXXMUZa3saiMJqn8EsCLw7dkUMjuSISR0HfCREb4","English_Word_Ratings","w01","lightning",2,"affair","affair","affair","NOUN"
"OQxE9L7Mw12SKUcq9pZmmo3FxWc2uCuUHaraGy5sZW9vGR9PSug2a5hMNwjVlA5c","English_Word_Ratings","w01","lightning",1,"flash","flash","flash","INTJ"
"OQxE9L7Mw12SKUcq9pZmmo3FxWc2uCuUHaraGy5sZW9vGR9PSug2a5hMNwjVlA5c","English_Word_Ratings","w01","lightning",2,"assist","assist","assist","VERB"
"OQxE9L7Mw12SKUcq9pZmmo3FxWc2uCuUHaraGy5sZW9vGR9PSug2a5hMNwjVlA5c","English_Word_Ratings","w01","lightning",3,"sugar","sugar","sugar","NOUN"
"OQxE9L7Mw12SKUcq9pZmmo3FxWc2uCuUHaraGy5sZW9vGR9PSug2a5hMNwjVlA5c","English_Word_Ratings","w01","lightning",4,"ambassador","ambassador","ambassador","NOUN"
"OQxE9L7Mw12SKUcq9pZmmo3FxWc2uCuUHaraGy5sZW9vGR9PSug2a5hMNwjVlA5c","English_Word_Ratings","w01","lightning",5,"backdrop","backdrop","backdrop","NOUN"
"OQxE9L7Mw12SKUcq9pZmmo3FxWc2uCuUHaraGy5sZW9vGR9PSug2a5hMNwjVlA5c","English_Word_Ratings","w01","lightning",6,"wait","wait","wait","VERB"
"VsSi9vBmSPfWlt7NRbLMin20fVJgh5EyxhB0M3tiDqMhDEh6ip526THZdwm0Gup1","English_Word_Ratings","w01","lightning",1,"food","food","food","NOUN"
"VsSi9vBmSPfWlt7NRbLMin20fVJgh5EyxhB0M3tiDqMhDEh6ip526THZdwm0Gup1","English_Word_Ratings","w01","lightning",3,"deter","deter","deter","NOUN"
"VsSi9vBmSPfWlt7NRbLMin20fVJgh5EyxhB0M3tiDqMhDEh6ip526THZdwm0Gup1","English_Word_Ratings","w01","lightning",4,"paper mache","paper make","paper make","NOUN VERB"
"VsSi9vBmSPfWlt7NRbLMin20fVJgh5EyxhB0M3tiDqMhDEh6ip526THZdwm0Gup1","English_Word_Ratings","w01","lightning",5,"frown","frown","fry","ADJ"
"VsSi9vBmSPfWlt7NRbLMin20fVJgh5EyxhB0M3tiDqMhDEh6ip526THZdwm0Gup1","English_Word_Ratings","w01","lightning",6,"quiz","quiz","quiz","NOUN"
"VsSi9vBmSPfWlt7NRbLMin20fVJgh5EyxhB0M3tiDqMhDEh6ip526THZdwm0Gup1","English_Word_Ratings","w01","lightning",7,"responsibility","responsibility","responsibility","NOUN"
"VsSi9vBmSPfWlt7NRbLMin20fVJgh5EyxhB0M3tiDqMhDEh6ip526THZdwm0Gup1","English_Word_Ratings","w01","lightning",8,"honey","honey","honey","NOUN"
"VsSi9vBmSPfWlt7NRbLMin20fVJgh5EyxhB0M3tiDqMhDEh6ip526THZdwm0Gup1","English_Word_Ratings","w01","lightning",9,"oks","ks","ks","NOUN"
"VsSi9vBmSPfWlt7NRbLMin20fVJgh5EyxhB0M3tiDqMhDEh6ip526THZdwm0Gup1","English_Word_Ratings","w01","lightning",10,"mark","mark","mark","NOUN"
"1rQGGdmkluNiDXwCZmvMMjeDbNuEovZX9qG1U4NeMzFi5e2GsTSOsUHnaqrIz503","English_Word_Ratings","w01","lightning",1,"sex","sex","sex","NOUN"
"1rQGGdmkluNiDXwCZmvMMjeDbNuEovZX9qG1U4NeMzFi5e2GsTSOsUHnaqrIz503","English_Word_Ratings","w01","lightning",3,"dock","dock","dock","NOUN"
"1rQGGdmkluNiDXwCZmvMMjeDbNuEovZX9qG1U4NeMzFi5e2GsTSOsUHnaqrIz503","English_Word_Ratings","w01","lightning",4,"blotch","blotch","blotch","NOUN"
"1rQGGdmkluNiDXwCZmvMMjeDbNuEovZX9qG1U4NeMzFi5e2GsTSOsUHnaqrIz503","English_Word_Ratings","w01","lightning",5,"issue","issue","issue","NOUN"
"g4JaB1MgPE1r4qjranCAuVoa3se9LFY4Hw7KnJj9jwqdBHzKOMXyzPkYnLVzXN3b","English_Word_Ratings","w01","lightning",2,"sooth","sooth","sooth","CCONJ"
"sxZt1pXLM7kUV1KxULkPh8B0LAjLRoiJMkJRsCZ73YaImMKyBOOpLKcmQuG6iNZP","English_Word_Ratings","w01","lightning",1,"gas mask","gas mask","gas mask","NOUN NOUN"
"sxZt1pXLM7kUV1KxULkPh8B0LAjLRoiJMkJRsCZ73YaImMKyBOOpLKcmQuG6iNZP","English_Word_Ratings","w01","lightning",2,"freeze","freeze","freeze","VERB"
"sxZt1pXLM7kUV1KxULkPh8B0LAjLRoiJMkJRsCZ73YaImMKyBOOpLKcmQuG6iNZP","English_Word_Ratings","w01","lightning",3,"yearn","yearn","yearn","NOUN"
"sxZt1pXLM7kUV1KxULkPh8B0LAjLRoiJMkJRsCZ73YaImMKyBOOpLKcmQuG6iNZP","English_Word_Ratings","w01","lightning",5,"income","income","income","NOUN"
"A8tz7HX3m2x4GAoKlJAZ1XfBrXKxo5dGxhoV1dKkNdDkugAvJvRJp9tFe33unNJk","English_Word_Ratings","w01","lightning",1,"return","return","return","NOUN"
"A8tz7HX3m2x4GAoKlJAZ1XfBrXKxo5dGxhoV1dKkNdDkugAvJvRJp9tFe33unNJk","English_Word_Ratings","w01","lightning",2,"worrie","worries","worrie","NOUN"
"A8tz7HX3m2x4GAoKlJAZ1XfBrXKxo5dGxhoV1dKkNdDkugAvJvRJp9tFe33unNJk","English_Word_Ratings","w01","lightning",3,"earn","earn","earn","VERB"
"A8tz7HX3m2x4GAoKlJAZ1XfBrXKxo5dGxhoV1dKkNdDkugAvJvRJp9tFe33unNJk","English_Word_Ratings","w01","lightning",4,"mirror","mirror","mirror","NOUN"
"iiEF3G6d0Zwa6x3NPBYACZUcLOZpqLcroUzNwnZmTBRu5KQktL3KH9QJT3QpUY37","English_Word_Ratings","w01","lightning",1,"cocktail","cocktail","cocktail","NOUN"
"iiEF3G6d0Zwa6x3NPBYACZUcLOZpqLcroUzNwnZmTBRu5KQktL3KH9QJT3QpUY37","English_Word_Ratings","w01","lightning",2,"constrain","constrain","constrain","NOUN"
"iiEF3G6d0Zwa6x3NPBYACZUcLOZpqLcroUzNwnZmTBRu5KQktL3KH9QJT3QpUY37","English_Word_Ratings","w01","lightning",3,"energy","energy","energy","NOUN"
"yLAv948rJF5uUpOa1azj6ddWWLX7U3KcGrE4Zl3iQSXxsNsEg2B3M4KSURKG8jYP","English_Word_Ratings","w01","lightning",1,"screen","screen","screen","NOUN"
"yLAv948rJF5uUpOa1azj6ddWWLX7U3KcGrE4Zl3iQSXxsNsEg2B3M4KSURKG8jYP","English_Word_Ratings","w01","lightning",2,"self-esteem","self-esteem","self - esteem","NOUN PUNCT NOUN"
"yLAv948rJF5uUpOa1azj6ddWWLX7U3KcGrE4Zl3iQSXxsNsEg2B3M4KSURKG8jYP","English_Word_Ratings","w01","lightning",3,"loop","loop","loop","VERB"
"yLAv948rJF5uUpOa1azj6ddWWLX7U3KcGrE4Zl3iQSXxsNsEg2B3M4KSURKG8jYP","English_Word_Ratings","w01","lightning",4,"repot","report","report","NOUN"
"yLAv948rJF5uUpOa1azj6ddWWLX7U3KcGrE4Zl3iQSXxsNsEg2B3M4KSURKG8jYP","English_Word_Ratings","w01","lightning",5,"archery","archery","archery","NOUN"
"v7tq2P9zqG6N3xAH4o8GvO1YBrnWjahz5rdJByCbpdgbhBPOwT65OuHZHKYl1uFR","English_Word_Ratings","w01","lightning",1,"gratitude","gratitude","gratitude","NOUN"
"v7tq2P9zqG6N3xAH4o8GvO1YBrnWjahz5rdJByCbpdgbhBPOwT65OuHZHKYl1uFR","English_Word_Ratings","w01","lightning",2,"network","network","network","NOUN"
"v7tq2P9zqG6N3xAH4o8GvO1YBrnWjahz5rdJByCbpdgbhBPOwT65OuHZHKYl1uFR","English_Word_Ratings","w01","lightning",3,"disinfect","disinfect","disinfect","NOUN"
"d6NyWdJP1bcvb4qi8hcmuNgepBmDczes1g8QpCTab6HT2HBFidygOyOYJg6MzUXt","English_Word_Ratings","w01","lightning",1,"decoy","decoy","decoy","NOUN"
"d6NyWdJP1bcvb4qi8hcmuNgepBmDczes1g8QpCTab6HT2HBFidygOyOYJg6MzUXt","English_Word_Ratings","w01","lightning",2,"ice","ice","ice","NOUN"
"d6NyWdJP1bcvb4qi8hcmuNgepBmDczes1g8QpCTab6HT2HBFidygOyOYJg6MzUXt","English_Word_Ratings","w01","lightning",3,"house","house","house","NOUN"
"d6NyWdJP1bcvb4qi8hcmuNgepBmDczes1g8QpCTab6HT2HBFidygOyOYJg6MzUXt","English_Word_Ratings","w01","lightning",4,"water","water","water","NOUN"
"garnFORYQ61r3wCyh826JKL8aDnIglWYXHz7MSvIQBIC8H32nBUgalgql6gZBzlN","English_Word_Ratings","w01","lightning",1,"inflame","inflame","inflame","NOUN"
"garnFORYQ61r3wCyh826JKL8aDnIglWYXHz7MSvIQBIC8H32nBUgalgql6gZBzlN","English_Word_Ratings","w01","lightning",2,"misplace","misplace","misplace","NOUN"
"i7gzsiwaaH625g2xHgXMPfOfI6R9h8LKxyKgcR3DppkfqTpYxlpaGNFv4AOTf78v","English_Word_Ratings","w01","lightning",1,"persuade","persuade","persuade","NOUN"
"i7gzsiwaaH625g2xHgXMPfOfI6R9h8LKxyKgcR3DppkfqTpYxlpaGNFv4AOTf78v","English_Word_Ratings","w01","lightning",2,"swallow","swallow","swallow","NOUN"
"wKTNXd6bXFAL8q4qqOh2llgWoCGmV4nmEB8h4ybNDi4oesm36R1MtrSdkxNsLMnC","English_Word_Ratings","w01","lightning",1,"bluff","bluff","bluff","NOUN"
"wKTNXd6bXFAL8q4qqOh2llgWoCGmV4nmEB8h4ybNDi4oesm36R1MtrSdkxNsLMnC","English_Word_Ratings","w01","lightning",2,"bestow","bestow","bestow","INTJ"
"wKTNXd6bXFAL8q4qqOh2llgWoCGmV4nmEB8h4ybNDi4oesm36R1MtrSdkxNsLMnC","English_Word_Ratings","w01","lightning",3,"hardwork","handwork","handwork","NOUN"
"wKTNXd6bXFAL8q4qqOh2llgWoCGmV4nmEB8h4ybNDi4oesm36R1MtrSdkxNsLMnC","English_Word_Ratings","w01","lightning",4,"bale","bale","bale","NOUN"
"wKTNXd6bXFAL8q4qqOh2llgWoCGmV4nmEB8h4ybNDi4oesm36R1MtrSdkxNsLMnC","English_Word_Ratings","w01","lightning",5,"upcycle","up cycle","up cycle","ADP NOUN"
"wKTNXd6bXFAL8q4qqOh2llgWoCGmV4nmEB8h4ybNDi4oesm36R1MtrSdkxNsLMnC","English_Word_Ratings","w01","lightning",6,"safety net","safety net","safety net","NOUN NOUN"
"wKTNXd6bXFAL8q4qqOh2llgWoCGmV4nmEB8h4ybNDi4oesm36R1MtrSdkxNsLMnC","English_Word_Ratings","w01","lightning",7,"bedding","bedding","bedding","NOUN"
"wKTNXd6bXFAL8q4qqOh2llgWoCGmV4nmEB8h4ybNDi4oesm36R1MtrSdkxNsLMnC","English_Word_Ratings","w01","lightning",8,"flat","flat","flat","ADJ"
"GoSFbC6zIahLMncIpKDjoQ5dleIxSC8jVVFIn9Km4i5Y1NIhpLJUPrByLuQc21a6","English_Word_Ratings","w01","lightning",1,"pass down","pass down","pass down","VERB ADV"
"GoSFbC6zIahLMncIpKDjoQ5dleIxSC8jVVFIn9Km4i5Y1NIhpLJUPrByLuQc21a6","English_Word_Ratings","w01","lightning",2,"scribble","scribble","scribble","NOUN"
"GoSFbC6zIahLMncIpKDjoQ5dleIxSC8jVVFIn9Km4i5Y1NIhpLJUPrByLuQc21a6","English_Word_Ratings","w01","lightning",3,"glare","glare","glare","NOUN"
"GoSFbC6zIahLMncIpKDjoQ5dleIxSC8jVVFIn9Km4i5Y1NIhpLJUPrByLuQc21a6","English_Word_Ratings","w01","lightning",4,"oral sex","oral sex","oral sex","ADJ NOUN"
"sBacIiuSQV6IuSUPRTFQmqG3UmmTN9xKph2xv2OOURpgUNOKXSQsxnE8Saex7WkV","English_Word_Ratings","w01","lightning",1,"worship","worship","worship","NOUN"
"sBacIiuSQV6IuSUPRTFQmqG3UmmTN9xKph2xv2OOURpgUNOKXSQsxnE8Saex7WkV","English_Word_Ratings","w01","lightning",3,"sermon","sermon","sermon","NOUN"
"sBacIiuSQV6IuSUPRTFQmqG3UmmTN9xKph2xv2OOURpgUNOKXSQsxnE8Saex7WkV","English_Word_Ratings","w01","lightning",4,"confiscate","confiscate","confiscate","NOUN"
"kO56Jn0idpJWnDDMSRMIU9DECzlitjq3w7Z1s2KfSCMDE6YZiy9U0xnv6wljxLlh","English_Word_Ratings","w01","lightning",1,"sense","sense","sense","NOUN"
"kO56Jn0idpJWnDDMSRMIU9DECzlitjq3w7Z1s2KfSCMDE6YZiy9U0xnv6wljxLlh","English_Word_Ratings","w01","lightning",2,"book","book","book","NOUN"
"kO56Jn0idpJWnDDMSRMIU9DECzlitjq3w7Z1s2KfSCMDE6YZiy9U0xnv6wljxLlh","English_Word_Ratings","w01","lightning",3,"fun","fun","fun","NOUN"
"kO56Jn0idpJWnDDMSRMIU9DECzlitjq3w7Z1s2KfSCMDE6YZiy9U0xnv6wljxLlh","English_Word_Ratings","w01","lightning",4,"eliminate","eliminate","eliminate","ADJ"
"LSuU7j19LztOjJyzbaQVC813k4Xs1HHJRzjUOC3xGQR21Jg71xWUBLSqxxfwF8n3","English_Word_Ratings","w01","lightning",1,"drumm","drum","drum","NOUN"
"LSuU7j19LztOjJyzbaQVC813k4Xs1HHJRzjUOC3xGQR21Jg71xWUBLSqxxfwF8n3","English_Word_Ratings","w01","lightning",2,"rid","rid","rid","ADJ"
"LSuU7j19LztOjJyzbaQVC813k4Xs1HHJRzjUOC3xGQR21Jg71xWUBLSqxxfwF8n3","English_Word_Ratings","w01","lightning",3,"frack","frack","frack","NOUN"
"YReDSBupRsykKwPjPFxhEKJ9WrWhRKquBSvqA45zIjX2ea9uVVVtSygOIdC1LG2h","English_Word_Ratings","w01","lightning",2,"pasteurize","pasteurize","pasteurize","NOUN"
"YReDSBupRsykKwPjPFxhEKJ9WrWhRKquBSvqA45zIjX2ea9uVVVtSygOIdC1LG2h","English_Word_Ratings","w01","lightning",5,"revolve","revolve","revolve","VERB"
"YReDSBupRsykKwPjPFxhEKJ9WrWhRKquBSvqA45zIjX2ea9uVVVtSygOIdC1LG2h","English_Word_Ratings","w01","lightning",7,"invest","invest","invest","ADJ"
"YReDSBupRsykKwPjPFxhEKJ9WrWhRKquBSvqA45zIjX2ea9uVVVtSygOIdC1LG2h","English_Word_Ratings","w01","lightning",8,"hail","hail","hail","NOUN"
"YReDSBupRsykKwPjPFxhEKJ9WrWhRKquBSvqA45zIjX2ea9uVVVtSygOIdC1LG2h","English_Word_Ratings","w01","lightning",9,"loop","loop","loop","VERB"
"YReDSBupRsykKwPjPFxhEKJ9WrWhRKquBSvqA45zIjX2ea9uVVVtSygOIdC1LG2h","English_Word_Ratings","w01","lightning",10,"folk","folk","folk","VERB"
"HgQcnYS7bLBLsGHsEWYXm89MfSMSM8NNKgbmYc1Ws5lXQCnjE1r1xFC1VARqczsu","English_Word_Ratings","w01","lightning",1,"prepare","prepare","prepare","VERB"
"HgQcnYS7bLBLsGHsEWYXm89MfSMSM8NNKgbmYc1Ws5lXQCnjE1r1xFC1VARqczsu","English_Word_Ratings","w01","lightning",2,"horrify","horrify","horrify","INTJ"
"DN6wJxt2qT1Np5PlWQiffYY3Uj2fhio8LP2BS98Ht1WUs0dFRBairReZaXoTmHEP","English_Word_Ratings","w01","lightning",1,"coerce","coerce","coerce","NOUN"
"DN6wJxt2qT1Np5PlWQiffYY3Uj2fhio8LP2BS98Ht1WUs0dFRBairReZaXoTmHEP","English_Word_Ratings","w01","lightning",2,"quack","quack","quack","NOUN"
"DN6wJxt2qT1Np5PlWQiffYY3Uj2fhio8LP2BS98Ht1WUs0dFRBairReZaXoTmHEP","English_Word_Ratings","w01","lightning",4,"plan","plan","plan","NOUN"
"DN6wJxt2qT1Np5PlWQiffYY3Uj2fhio8LP2BS98Ht1WUs0dFRBairReZaXoTmHEP","English_Word_Ratings","w01","lightning",5,"skewer","skewer","skewer","NOUN"
"o5DMFT7lEisuLPj9cmVBQLnIxZkz0iM23cfDJOL9HqvghxE6MFdH5AfsRQ9r0D2j","English_Word_Ratings","w01","lightning",1,"chlorinate","chlorinate","chlorinate","VERB"
"o5DMFT7lEisuLPj9cmVBQLnIxZkz0iM23cfDJOL9HqvghxE6MFdH5AfsRQ9r0D2j","English_Word_Ratings","w01","lightning",2,"wrench","wrench","wrench","NOUN"
"o5DMFT7lEisuLPj9cmVBQLnIxZkz0iM23cfDJOL9HqvghxE6MFdH5AfsRQ9r0D2j","English_Word_Ratings","w01","lightning",3,"bang","bang","bang","VERB"
"o5DMFT7lEisuLPj9cmVBQLnIxZkz0iM23cfDJOL9HqvghxE6MFdH5AfsRQ9r0D2j","English_Word_Ratings","w01","lightning",4,"lathe","lathe","lato","DET"
"o5DMFT7lEisuLPj9cmVBQLnIxZkz0iM23cfDJOL9HqvghxE6MFdH5AfsRQ9r0D2j","English_Word_Ratings","w01","lightning",5,"host","host","host","NOUN"
"o5DMFT7lEisuLPj9cmVBQLnIxZkz0iM23cfDJOL9HqvghxE6MFdH5AfsRQ9r0D2j","English_Word_Ratings","w01","lightning",6,"reuse","reuse","reuse","NOUN"
"o5DMFT7lEisuLPj9cmVBQLnIxZkz0iM23cfDJOL9HqvghxE6MFdH5AfsRQ9r0D2j","English_Word_Ratings","w01","lightning",7,"refurbish","refurbish","refurbish","INTJ"
"o5DMFT7lEisuLPj9cmVBQLnIxZkz0iM23cfDJOL9HqvghxE6MFdH5AfsRQ9r0D2j","English_Word_Ratings","w01","lightning",9,"ferment","ferment","ferment","NOUN"
"FibKe5OYiPqz2UUn75mURehUDCnnAmvduGjCpCkj9jFTXR7BfZxkaHsHG0ZZQtwF","English_Word_Ratings","w01","lightning",1,"decontaminat","decontaminate","decontaminate","VERB"
"FibKe5OYiPqz2UUn75mURehUDCnnAmvduGjCpCkj9jFTXR7BfZxkaHsHG0ZZQtwF","English_Word_Ratings","w01","lightning",2,"chance","chance","chance","NOUN"
"50X4V7q3Et1XAYfAEDSwioMfQS8YbRUtzDW2SFCVjvd0kNGpkiwqdWUnTkiNNE80","English_Word_Ratings","w01","lightning",1,"assess","assess","assess","NOUN"
"50X4V7q3Et1XAYfAEDSwioMfQS8YbRUtzDW2SFCVjvd0kNGpkiwqdWUnTkiNNE80","English_Word_Ratings","w01","lightning",2,"whistle","whistle","whistle","NOUN"
"WERLbHrisM97Sa8njspLxo48hq1D6V8RsVCSTTGotC7HiHvIiUCrNVOlUHbScfKy","English_Word_Ratings","w02","sarcophagus",1,"slosh","slosh","slosh","INTJ"
"WERLbHrisM97Sa8njspLxo48hq1D6V8RsVCSTTGotC7HiHvIiUCrNVOlUHbScfKy","English_Word_Ratings","w02","sarcophagus",2,"reel","reel","reel","NOUN"
"WERLbHrisM97Sa8njspLxo48hq1D6V8RsVCSTTGotC7HiHvIiUCrNVOlUHbScfKy","English_Word_Ratings","w02","sarcophagus",3,"hardwork","handwork","handwork","NOUN"
"WERLbHrisM97Sa8njspLxo48hq1D6V8RsVCSTTGotC7HiHvIiUCrNVOlUHbScfKy","English_Word_Ratings","w02","sarcophagus",4,"wrap","wrap","wrap","NOUN"
"lzZBcD4N5WdlEJp4FXc4WDU0QXXMUZa3saiMJqn8EsCLw7dkUMjuSISR0HfCREb4","English_Word_Ratings","w02","sarcophagus",1,"bracelet","bracelet","bracelet","NOUN"
"lzZBcD4N5WdlEJp4FXc4WDU0QXXMUZa3saiMJqn8EsCLw7dkUMjuSISR0HfCREb4","English_Word_Ratings","w02","sarcophagus",2,"follower","follower","follower","VERB"
"lzZBcD4N5WdlEJp4FXc4WDU0QXXMUZa3saiMJqn8EsCLw7dkUMjuSISR0HfCREb4","English_Word_Ratings","w02","sarcophagus",3,"polarize","polarize","polarize","NOUN"
"lzZBcD4N5WdlEJp4FXc4WDU0QXXMUZa3saiMJqn8EsCLw7dkUMjuSISR0HfCREb4","English_Word_Ratings","w02","sarcophagus",4,"insight","insight","insight","NOUN"
"lzZBcD4N5WdlEJp4FXc4WDU0QXXMUZa3saiMJqn8EsCLw7dkUMjuSISR0HfCREb4","English_Word_Ratings","w02","sarcophagus",5,"title","title","title","NOUN"
"lzZBcD4N5WdlEJp4FXc4WDU0QXXMUZa3saiMJqn8EsCLw7dkUMjuSISR0HfCREb4","English_Word_Ratings","w02","sarcophagus",6,"frame","frame","frame","NOUN"
"lzZBcD4N5WdlEJp4FXc4WDU0QXXMUZa3saiMJqn8EsCLw7dkUMjuSISR0HfCREb4","English_Word_Ratings","w02","sarcophagus",7,"rinse","rinse","rinse","NOUN"
"lzZBcD4N5WdlEJp4FXc4WDU0QXXMUZa3saiMJqn8EsCLw7dkUMjuSISR0HfCREb4","English_Word_Ratings","w02","sarcophagus",8,"vow","vow","vow","INTJ"
"lzZBcD4N5WdlEJp4FXc4WDU0QXXMUZa3saiMJqn8EsCLw7dkUMjuSISR0HfCREb4","English_Word_Ratings","w02","sarcophagus",9,"string","string","str","VERB"
"lzZBcD4N5WdlEJp4FXc4WDU0QXXMUZa3saiMJqn8EsCLw7dkUMjuSISR0HfCREb4","English_Word_Ratings","w02","sarcophagus",10,"worry","worry","worry","INTJ"
"OQxE9L7Mw12SKUcq9pZmmo3FxWc2uCuUHaraGy5sZW9vGR9PSug2a5hMNwjVlA5c","English_Word_Ratings","w02","sarcophagus",1,"review","review","review","NOUN"
"OQxE9L7Mw12SKUcq9pZmmo3FxWc2uCuUHaraGy5sZW9vGR9PSug2a5hMNwjVlA5c","English_Word_Ratings","w02","sarcophagus",2,"megaphone","megaphone","megaphone","NOUN"
"OQxE9L7Mw12SKUcq9pZmmo3FxWc2uCuUHaraGy5sZW9vGR9PSug2a5hMNwjVlA5c","English_Word_Ratings","w02","sarcophagus",3,"laminate","laminate","laminate","ADJ"
"OQxE9L7Mw12SKUcq9pZmmo3FxWc2uCuUHaraGy5sZW9vGR9PSug2a5hMNwjVlA5c","English_Word_Ratings","w02","sarcophagus",4,"pickle","pickle","pickle","NOUN"
"VsSi9vBmSPfWlt7NRbLMin20fVJgh5EyxhB0M3tiDqMhDEh6ip526THZdwm0Gup1","English_Word_Ratings","w02","sarcophagus",1,"gamble","gamble","gamble","NOUN"
"VsSi9vBmSPfWlt7NRbLMin20fVJgh5EyxhB0M3tiDqMhDEh6ip526THZdwm0Gup1","English_Word_Ratings","w02","sarcophagus",2,"confront","confront","confront","NOUN"
"VsSi9vBmSPfWlt7NRbLMin20fVJgh5EyxhB0M3tiDqMhDEh6ip526THZdwm0Gup1","English_Word_Ratings","w02","sarcophagus",3,"brainstorm","brainstorm","brainstorm","NOUN"
"VsSi9vBmSPfWlt7NRbLMin20fVJgh5EyxhB0M3tiDqMhDEh6ip526THZdwm0Gup1","English_Word_Ratings","w02","sarcophagus",4,"adore","adore","adore","ADV"
"VsSi9vBmSPfWlt7NRbLMin20fVJgh5EyxhB0M3tiDqMhDEh6ip526THZdwm0Gup1","English_Word_Ratings","w02","sarcophagus",5,"accommodate","accommodate","accommodate","NOUN"
"VsSi9vBmSPfWlt7NRbLMin20fVJgh5EyxhB0M3tiDqMhDEh6ip526THZdwm0Gup1","English_Word_Ratings","w02","sarcophagus",7,"rescue","rescue","rescue","NOUN"
"VsSi9vBmSPfWlt7NRbLMin20fVJgh5EyxhB0M3tiDqMhDEh6ip526THZdwm0Gup1","English_Word_Ratings","w02","sarcophagus",8,"hul ahoop","hula hoop","hula hoop","X X"
"VsSi9vBmSPfWlt7NRbLMin20fVJgh5EyxhB0M3tiDqMhDEh6ip526THZdwm0Gup1","English_Word_Ratings","w02","sarcophagus",9,"reincarnate","reincarnate","reincarnate","VERB"
"VsSi9vBmSPfWlt7NRbLMin20fVJgh5EyxhB0M3tiDqMhDEh6ip526THZdwm0Gup1","English_Word_Ratings","w02","sarcophagus",10,"shed","shed","she","NOUN"
"1rQGGdmkluNiDXwCZmvMMjeDbNuEovZX9qG1U4NeMzFi5e2GsTSOsUHnaqrIz503","English_Word_Ratings","w02","sarcophagus",1,"wate","ware","ware","NOUN"
"1rQGGdmkluNiDXwCZmvMMjeDbNuEovZX9qG1U4NeMzFi5e2GsTSOsUHnaqrIz503","English_Word_Ratings","w02","sarcophagus",3,"hockey","hockey","hockey","NOUN"
"1rQGGdmkluNiDXwCZmvMMjeDbNuEovZX9qG1U4NeMzFi5e2GsTSOsUHnaqrIz503","English_Word_Ratings","w02","sarcophagus",5,"message","message","message","NOUN"
"1rQGGdmkluNiDXwCZmvMMjeDbNuEovZX9qG1U4NeMzFi5e2GsTSOsUHnaqrIz503","English_Word_Ratings","w02","sarcophagus",6,"stir","stir","stir","NOUN"
"1rQGGdmkluNiDXwCZmvMMjeDbNuEovZX9qG1U4NeMzFi5e2GsTSOsUHnaqrIz503","English_Word_Ratings","w02","sarcophagus",7,"set off","set off","set off","VERB ADP"
"1rQGGdmkluNiDXwCZmvMMjeDbNuEovZX9qG1U4NeMzFi5e2GsTSOsUHnaqrIz503","English_Word_Ratings","w02","sarcophagus",8,"alcohol","alcohol","alcohol","NOUN"
"g4JaB1MgPE1r4qjranCAuVoa3se9LFY4Hw7KnJj9jwqdBHzKOMXyzPkYnLVzXN3b","English_Word_Ratings","w02","sarcophagus",1,"reuse","reuse","reuse","NOUN"
"g4JaB1MgPE1r4qjranCAuVoa3se9LFY4Hw7KnJj9jwqdBHzKOMXyzPkYnLVzXN3b","English_Word_Ratings","w02","sarcophagus",2,"lace","lace","lace","NOUN"
"sxZt1pXLM7kUV1KxULkPh8B0LAjLRoiJMkJRsCZ73YaImMKyBOOpLKcmQuG6iNZP","English_Word_Ratings","w02","sarcophagus",1,"tidy","tidy","tidy","INTJ"
"sxZt1pXLM7kUV1KxULkPh8B0LAjLRoiJMkJRsCZ73YaImMKyBOOpLKcmQuG6iNZP","English_Word_Ratings","w02","sarcophagus",2,"pass","pass","pass","VERB"
"sxZt1pXLM7kUV1KxULkPh8B0LAjLRoiJMkJRsCZ73YaImMKyBOOpLKcmQuG6iNZP","English_Word_Ratings","w02","sarcophagus",4,"tumble","tumble","tumble","NOUN"
"A8tz7HX3m2x4GAoKlJAZ1XfBrXKxo5dGxhoV1dKkNdDkugAvJvRJp9tFe33unNJk","English_Word_Ratings","w02","sarcophagus",2,"obtain","obtain","aobtain","VERB"
"A8tz7HX3m2x4GAoKlJAZ1XfBrXKxo5dGxhoV1dKkNdDkugAvJvRJp9tFe33unNJk","English_Word_Ratings","w02","sarcophagus",3,"genocide","genocide","genocide","NOUN"
"A8tz7HX3m2x4GAoKlJAZ1XfBrXKxo5dGxhoV1dKkNdDkugAvJvRJp9tFe33unNJk","English_Word_Ratings","w02","sarcophagus",4,"cluck","cluck","cluck","NOUN"
"A8tz7HX3m2x4GAoKlJAZ1XfBrXKxo5dGxhoV1dKkNdDkugAvJvRJp9tFe33unNJk","English_Word_Ratings","w02","sarcophagus",5,"trigger","trigger","trigger","NOUN"
"iiEF3G6d0Zwa6x3NPBYACZUcLOZpqLcroUzNwnZmTBRu5KQktL3KH9QJT3QpUY37","English_Word_Ratings","w02","sarcophagus",1,"potty","potty","potty","NOUN"
"iiEF3G6d0Zwa6x3NPBYACZUcLOZpqLcroUzNwnZmTBRu5KQktL3KH9QJT3QpUY37","English_Word_Ratings","w02","sarcophagus",2,"desire","desire","desire","NOUN"
"iiEF3G6d0Zwa6x3NPBYACZUcLOZpqLcroUzNwnZmTBRu5KQktL3KH9QJT3QpUY37","English_Word_Ratings","w02","sarcophagus",3,"pluck","pluck","pluck","NOUN"
"iiEF3G6d0Zwa6x3NPBYACZUcLOZpqLcroUzNwnZmTBRu5KQktL3KH9QJT3QpUY37","English_Word_Ratings","w02","sarcophagus",4,"hoover","hoover","hoover","NOUN"
"iiEF3G6d0Zwa6x3NPBYACZUcLOZpqLcroUzNwnZmTBRu5KQktL3KH9QJT3QpUY37","English_Word_Ratings","w02","sarcophagus",5,"feast","feast","feast","ADJ"
"iiEF3G6d0Zwa6x3NPBYACZUcLOZpqLcroUzNwnZmTBRu5KQktL3KH9QJT3QpUY37","English_Word_Ratings","w02","sarcophagus",6,"log","log","log","VERB"
"iiEF3G6d0Zwa6x3NPBYACZUcLOZpqLcroUzNwnZmTBRu5KQktL3KH9QJT3QpUY37","English_Word_Ratings","w02","sarcophagus",7,"shuffle","shuffle","shuffle","NOUN"
"iiEF3G6d0Zwa6x3NPBYACZUcLOZpqLcroUzNwnZmTBRu5KQktL3KH9QJT3QpUY37","English_Word_Ratings","w02","sarcophagus",8,"pick up","pick up","pick up","VERB ADP"
"yLAv948rJF5uUpOa1azj6ddWWLX7U3KcGrE4Zl3iQSXxsNsEg2B3M4KSURKG8jYP","English_Word_Ratings","w02","sarcophagus",1,"placemat","place mat","place mat","NOUN NOUN"
"yLAv948rJF5uUpOa1azj6ddWWLX7U3KcGrE4Zl3iQSXxsNsEg2B3M4KSURKG8jYP","English_Word_Ratings","w02","sarcophagus",2,"mssage","message","message","NOUN"
"yLAv948rJF5uUpOa1azj6ddWWLX7U3KcGrE4Zl3iQSXxsNsEg2B3M4KSURKG8jYP","English_Word_Ratings","w02","sarcophagus",3,"replay","replay","replay","VERB"
"yLAv948rJF5uUpOa1azj6ddWWLX7U3KcGrE4Zl3iQSXxsNsEg2B3M4KSURKG8jYP","English_Word_Ratings","w02","sarcophagus",4,"breahte","breathe","breato","VERB"
"yLAv948rJF5uUpOa1azj6ddWWLX7U3KcGrE4Zl3iQSXxsNsEg2B3M4KSURKG8jYP","English_Word_Ratings","w02","sarcophagus",5,"seafaring","seafaring","seafar","VERB"
"yLAv948rJF5uUpOa1azj6ddWWLX7U3KcGrE4Zl3iQSXxsNsEg2B3M4KSURKG8jYP","English_Word_Ratings","w02","sarcophagus",6,"magic trick","magic trick","magic trick","NOUN NOUN"
"yLAv948rJF5uUpOa1azj6ddWWLX7U3KcGrE4Zl3iQSXxsNsEg2B3M4KSURKG8jYP","English_Word_Ratings","w02","sarcophagus",7,"confess","confess","confess","NOUN"
"yLAv948rJF5uUpOa1azj6ddWWLX7U3KcGrE4Zl3iQSXxsNsEg2B3M4KSURKG8jYP","English_Word_Ratings","w02","sarcophagus",8,"run away","run away","run away","VERB ADV"
"yLAv948rJF5uUpOa1azj6ddWWLX7U3KcGrE4Zl3iQSXxsNsEg2B3M4KSURKG8jYP","English_Word_Ratings","w02","sarcophagus",10,"office","office","office","NOUN"
"v7tq2P9zqG6N3xAH4o8GvO1YBrnWjahz5rdJByCbpdgbhBPOwT65OuHZHKYl1uFR","English_Word_Ratings","w02","sarcophagus",1,"drug","drug","drug","NOUN"
"v7tq2P9zqG6N3xAH4o8GvO1YBrnWjahz5rdJByCbpdgbhBPOwT65OuHZHKYl1uFR","English_Word_Ratings","w02","sarcophagus",2,"munch","munch","munch","NOUN"
"d6NyWdJP1bcvb4qi8hcmuNgepBmDczes1g8QpCTab6HT2HBFidygOyOYJg6MzUXt","English_Word_Ratings","w02","sarcophagus",1,"renovate","renovate","renovate","NOUN"
"d6NyWdJP1bcvb4qi8hcmuNgepBmDczes1g8QpCTab6HT2HBFidygOyOYJg6MzUXt","English_Word_Ratings","w02","sarcophagus",2,"manage money","manage money","manage money","NOUN NOUN"
"d6NyWdJP1bcvb4qi8hcmuNgepBmDczes1g8QpCTab6HT2HBFidygOyOYJg6MzUXt","English_Word_Ratings","w02","sarcophagus",3,"wreck","wreck","wreck","NOUN"
"d6NyWdJP1bcvb4qi8hcmuNgepBmDczes1g8QpCTab6HT2HBFidygOyOYJg6MzUXt","English_Word_Ratings","w02","sarcophagus",4,"supress","suppress","suppress","NOUN"
"garnFORYQ61r3wCyh826JKL8aDnIglWYXHz7MSvIQBIC8H32nBUgalgql6gZBzlN","English_Word_Ratings","w02","sarcophagus",1,"sprout","sprout","sprout","NOUN"
"garnFORYQ61r3wCyh826JKL8aDnIglWYXHz7MSvIQBIC8H32nBUgalgql6gZBzlN","English_Word_Ratings","w02","sarcophagus",2,"exfoliate","exfoliate","exfoliate","NOUN"
"garnFORYQ61r3wCyh826JKL8aDnIglWYXHz7MSvIQBIC8H32nBUgalgql6gZBzlN","English_Word_Ratings","w02","sarcophagus",3,"peal","peal","peal","NOUN"
"i7gzsiwaaH625g2xHgXMPfOfI6R9h8LKxyKgcR3DppkfqTpYxlpaGNFv4AOTf78v","English_Word_Ratings","w02","sarcophagus",1,"sutur","suture","suture","NOUN"
"i7gzsiwaaH625g2xHgXMPfOfI6R9h8LKxyKgcR3DppkfqTpYxlpaGNFv4AOTf78v","English_Word_Ratings","w02","sarcophagus",4,"flex","flex","flex","SYM"
"i7gzsiwaaH625g2xHgXMPfOfI6R9h8LKxyKgcR3DppkfqTpYxlpaGNFv4AOTf78v","English_Word_Ratings","w02","sarcophagus",5,"lightning rod","lightning rod","light rod","VERB NOUN"
"i7gzsiwaaH625g2xHgXMPfOfI6R9h8LKxyKgcR3DppkfqTpYxlpaGNFv4AOTf78v","English_Word_Ratings","w02","sarcophagus",6,"append","append","append","NOUN"
"i7gzsiwaaH625g2xHgXMPfOfI6R9h8LKxyKgcR3DppkfqTpYxlpaGNFv4AOTf78v","English_Word_Ratings","w02","sarcophagus",7,"layout","layout","layout","NOUN"
"i7gzsiwaaH625g2xHgXMPfOfI6R9h8LKxyKgcR3DppkfqTpYxlpaGNFv4AOTf78v","English_Word_Ratings","w02","sarcophagus",8,"birdwatcher","birdwatcher","birdwatcher","NOUN"
"wKTNXd6bXFAL8q4qqOh2llgWoCGmV4nmEB8h4ybNDi4oesm36R1MtrSdkxNsLMnC","English_Word_Ratings","w02","sarcophagus",1,"image","image","image","NOUN"
"wKTNXd6bXFAL8q4qqOh2llgWoCGmV4nmEB8h4ybNDi4oesm36R1MtrSdkxNsLMnC","English_Word_Ratings","w02","sarcophagus",2,"sheer","sheer","sheer","NOUN"
"wKTNXd6bXFAL8q4qqOh2llgWoCGmV4nmEB8h4ybNDi4oesm36R1MtrSdkxNsLMnC","English_Word_Ratings","w02","sarcophagus",3,"honor","honor","honor","NOUN"
"wKTNXd6bXFAL8q4qqOh2llgWoCGmV4nmEB8h4ybNDi4oesm36R1MtrSdkxNsLMnC","English_Word_Ratings","w02","sarcophagus",4,"tanning","tanning","tanning","VERB"
"wKTNXd6bXFAL8q4qqOh2llgWoCGmV4nmEB8h4ybNDi4oesm36R1MtrSdkxNsLMnC","English_Word_Ratings","w02","sarcophagus",5,"tabulate","tabulate","tabulate","NOUN"
"GoSFbC6zIahLMncIpKDjoQ5dleIxSC8jVVFIn9Km4i5Y1NIhpLJUPrByLuQc21a6","English_Word_Ratings","w02","sarcophagus",1,"lighter","lighter","lighter","ADJ"
"GoSFbC6zIahLMncIpKDjoQ5dleIxSC8jVVFIn9Km4i5Y1NIhpLJUPrByLuQc21a6","English_Word_Ratings","w02","sarcophagus",2,"scrap paper","scrap paper","scrap paper","NOUN NOUN"
"sBacIiuSQV6IuSUPRTFQmqG3UmmTN9xKph2xv2OOURpgUNOKXSQsxnE8Saex7WkV","English_Word_Ratings","w02","sarcophagus",1,"experience","experience","experience","NOUN"
"sBacIiuSQV6IuSUPRTFQmqG3UmmTN9xKph2xv2OOURpgUNOKXSQsxnE8Saex7WkV","English_Word_Ratings","w02","sarcophagus",2,"solidify","solidify","solidify","INTJ"
"kO56Jn0idpJWnDDMSRMIU9DECzlitjq3w7Z1s2KfSCMDE6YZiy9U0xnv6wljxLlh","English_Word_Ratings","w02","sarcophagus",1,"tong","tong","tong","NOUN"
"kO56Jn0idpJWnDDMSRMIU9DECzlitjq3w7Z1s2KfSCMDE6YZiy9U0xnv6wljxLlh","English_Word_Ratings","w02","sarcophagus",2,"state","state","state","NOUN"
"kO56Jn0idpJWnDDMSRMIU9DECzlitjq3w7Z1s2KfSCMDE6YZiy9U0xnv6wljxLlh","English_Word_Ratings","w02","sarcophagus",3,"scarecrow head","scarecrow head","scarecrow head","NOUN NOUN"
"kO56Jn0idpJWnDDMSRMIU9DECzlitjq3w7Z1s2KfSCMDE6YZiy9U0xnv6wljxLlh","English_Word_Ratings","w02","sarcophagus",4,"rearrange","rearrange","rearrange","VERB"
"kO56Jn0idpJWnDDMSRMIU9DECzlitjq3w7Z1s2KfSCMDE6YZiy9U0xnv6wljxLlh","English_Word_Ratings","w02","sarcophagus",5,"hover","hover","hover","NOUN"
"LSuU7j19LztOjJyzbaQVC813k4Xs1HHJRzjUOC3xGQR21Jg71xWUBLSqxxfwF8n3","English_Word_Ratings","w02","sarcophagus",1,"cereal","cereal","cereal","NOUN"
"LSuU7j19LztOjJyzbaQVC813k4Xs1HHJRzjUOC3xGQR21Jg71xWUBLSqxxfwF8n3","English_Word_Ratings","w02","sarcophagus",2,"survival","survival","survival","NOUN"
"LSuU7j19LztOjJyzbaQVC813k4Xs1HHJRzjUOC3xGQR21Jg71xWUBLSqxxfwF8n3","English_Word_Ratings","w02","sarcophagus",3,"ford","ford","ford","VERB"
"YReDSBupRsykKwPjPFxhEKJ9WrWhRKquBSvqA45zIjX2ea9uVVVtSygOIdC1LG2h","English_Word_Ratings","w02","sarcophagus",1,"distract","distract","distract","NOUN"
"YReDSBupRsykKwPjPFxhEKJ9WrWhRKquBSvqA45zIjX2ea9uVVVtSygOIdC1LG2h","English_Word_Ratings","w02","sarcophagus",2,"cosplay","cosplay","cosplay","NOUN"
"YReDSBupRsykKwPjPFxhEKJ9WrWhRKquBSvqA45zIjX2ea9uVVVtSygOIdC1LG2h","English_Word_Ratings","w02","sarcophagus",3,"select","select","select","VERB"
"HgQcnYS7bLBLsGHsEWYXm89MfSMSM8NNKgbmYc1Ws5lXQCnjE1r1xFC1VARqczsu","English_Word_Ratings","w02","sarcophagus",1,"outfit","outfit","outfit","NOUN"
"HgQcnYS7bLBLsGHsEWYXm89MfSMSM8NNKgbmYc1Ws5lXQCnjE1r1xFC1VARqczsu","English_Word_Ratings","w02","sarcophagus",3,"party","party","party","NOUN"
"HgQcnYS7bLBLsGHsEWYXm89MfSMSM8NNKgbmYc1Ws5lXQCnjE1r1xFC1VARqczsu","English_Word_Ratings","w02","sarcophagus",4,"drip","drip","drip","NOUN"
"HgQcnYS7bLBLsGHsEWYXm89MfSMSM8NNKgbmYc1Ws5lXQCnjE1r1xFC1VARqczsu","English_Word_Ratings","w02","sarcophagus",5,"suture","suture","suture","NOUN"
"HgQcnYS7bLBLsGHsEWYXm89MfSMSM8NNKgbmYc1Ws5lXQCnjE1r1xFC1VARqczsu","English_Word_Ratings","w02","sarcophagus",6,"fist bump","fist bump","fist bump","NOUN NOUN"
"DN6wJxt2qT1Np5PlWQiffYY3Uj2fhio8LP2BS98Ht1WUs0dFRBairReZaXoTmHEP","English_Word_Ratings","w02","sarcophagus",1,"stick on","stick on","stick on","NOUN ADP"
"DN6wJxt2qT1Np5PlWQiffYY3Uj2fhio8LP2BS98Ht1WUs0dFRBairReZaXoTmHEP","English_Word_Ratings","w02","sarcophagus",2,"visibility","visibility","visibility","NOUN"
"DN6wJxt2qT1Np5PlWQiffYY3Uj2fhio8LP2BS98Ht1WUs0dFRBairReZaXoTmHEP","English_Word_Ratings","w02","sarcophagus",3,"flap","flap","flap","NOUN"
"o5DMFT7lEisuLPj9cmVBQLnIxZkz0iM23cfDJOL9HqvghxE6MFdH5AfsRQ9r0D2j","English_Word_Ratings","w02","sarcophagus",1,"moore","moore","moore","NOUN"
"o5DMFT7lEisuLPj9cmVBQLnIxZkz0iM23cfDJOL9HqvghxE6MFdH5AfsRQ9r0D2j","English_Word_Ratings","w02","sarcophagus",2,"warm-up","warm-up","warm - up","ADJ PUNCT NOUN"
"o5DMFT7lEisuLPj9cmVBQLnIxZkz0iM23cfDJOL9HqvghxE6MFdH5AfsRQ9r0D2j","English_Word_Ratings","w02","sarcophagus",4,"refund","refund","refund","NOUN"
"FibKe5OYiPqz2UUn75mURehUDCnnAmvduGjCpCkj9jFTXR7BfZxkaHsHG0ZZQtwF","English_Word_Ratings","w02","sarcophagus",1,"assort","assort","assort","NOUN"
"FibKe5OYiPqz2UUn75mURehUDCnnAmvduGjCpCkj9jFTXR7BfZxkaHsHG0ZZQtwF","English_Word_Ratings","w02","sarcophagus",2,"paddleboard","paddle board","paddle board","ADJ NOUN"
"FibKe5OYiPqz2UUn75mURehUDCnnAmvduGjCpCkj9jFTXR7BfZxkaHsHG0ZZQtwF","English_Word_Ratings","w02","sarcophagus",3,"locate","locate","locate","NOUN"
"FibKe5OYiPqz2UUn75mURehUDCnnAmvduGjCpCkj9jFTXR7BfZxkaHsHG0ZZQtwF","English_Word_Ratings","w02","sarcophagus",4,"screw driver","screw driver","screw driver","NOUN NOUN"
"50X4V7q3Et1XAYfAEDSwioMfQS8YbRUtzDW2SFCVjvd0kNGpkiwqdWUnTkiNNE80","English_Word_Ratings","w02","sarcophagus",1,"fire starter","fire starter","fire starter","NOUN NOUN"
"50X4V7q3Et1XAYfAEDSwioMfQS8YbRUtzDW2SFCVjvd0kNGpkiwqdWUnTkiNNE80","English_Word_Ratings","w02","sarcophagus",2,"petition","petition","petition","NOUN"
"50X4V7q3Et1XAYfAEDSwioMfQS8YbRUtzDW2SFCVjvd0kNGpkiwqdWUnTkiNNE80","English_Word_Ratings","w02","sarcophagus",3,"radiate","radiate","radiate","NOUN"
"50X4V7q3Et1XAYfAEDSwioMfQS8YbRUtzDW2SFCVjvd0kNGpkiwqdWUnTkiNNE80","English_Word_Ratings","w02","sarcophagus",4,"spatula","spatula","spatula","NOUN"
"50X4V7q3Et1XAYfAEDSwioMfQS8YbRUtzDW2SFCVjvd0kNGpkiwqdWUnTkiNNE80","English_Word_Ratings","w02","sarcophagus",5,"prune","prune","prune","NOUN"
"WERLbHrisM97Sa8njspLxo48hq1D6V8RsVCSTTGotC7HiHvIiUCrNVOlUHbScfKy","English_Word_Ratings","w03","salon",1,"pets","pets","pets","NOUN"
"WERLbHrisM97Sa8njspLxo48hq1D6V8RsVCSTTGotC7HiHvIiUCrNVOlUHbScfKy","English_Word_Ratings","w03","salon",2,"tailgate","tailgate","tailgate","NOUN"
"WERLbHrisM97Sa8njspLxo48hq1D6V8RsVCSTTGotC7HiHvIiUCrNVOlUHbScfKy","English_Word_Ratings","w03","salon",3,"outlet","outlet","outlet","X"
"WERLbHrisM97Sa8njspLxo48hq1D6V8RsVCSTTGotC7HiHvIiUCrNVOlUHbScfKy","English_Word_Ratings","w03","salon",4,"paralyze","paralyze","paralyze","NOUN"
"WERLbHrisM97Sa8njspLxo48hq1D6V8RsVCSTTGotC7HiHvIiUCrNVOlUHbScfKy","English_Word_Ratings","w03","salon",6,"wee","wee","wee","ADJ"
"WERLbHrisM97Sa8njspLxo48hq1D6V8RsVCSTTGotC7HiHvIiUCrNVOlUHbScfKy","English_Word_Ratings","w03","salon",7,"classify","classify","classify","NOUN"
"WERLbHrisM97Sa8njspLxo48hq1D6V8RsVCSTTGotC7HiHvIiUCrNVOlUHbScfKy","English_Word_Ratings","w03","salon",8,"accept","accept","accept","VERB"
"WERLbHrisM97Sa8njspLxo48hq1D6V8RsVCSTTGotC7HiHvIiUCrNVOlUHbScfKy","English_Word_Ratings","w03","salon",9,"effect","effect","effect","NOUN"
"lzZBcD4N5WdlEJp4FXc4WDU0QXXMUZa3saiMJqn8EsCLw7dkUMjuSISR0HfCREb4","English_Word_Ratings","w03","salon",1,"cheap","cheap","cheap","ADJ"
"lzZBcD4N5WdlEJp4FXc4WDU0QXXMUZa3saiMJqn8EsCLw7dkUMjuSISR0HfCREb4","English_Word_Ratings","w03","salon",2,"recharge","recharge","recharge","NOUN"
"lzZBcD4N5WdlEJp4FXc4WDU0QXXMUZa3saiMJqn8EsCLw7dkUMjuSISR0HfCREb4","English_Word_Ratings","w03","salon",3,"rally","rally","rally","ADV"
"lzZBcD4N5WdlEJp4FXc4WDU0QXXMUZa3saiMJqn8EsCLw7dkUMjuSISR0HfCREb4","English_Word_Ratings","w03","salon",4,"table","table","table","NOUN"
"lzZBcD4N5WdlEJp4FXc4WDU0QXXMUZa3saiMJqn8EsCLw7dkUMjuSISR0HfCREb4","English_Word_Ratings","w03","salon",5,"convenience","convenience","convenience","NOUN"
"OQxE9L7Mw12SKUcq9pZmmo3FxWc2uCuUHaraGy5sZW9vGR9PSug2a5hMNwjVlA5c","English_Word_Ratings","w03","salon",1,"shotgun","shotgun","shotgun","NOUN"
"OQxE9L7Mw12SKUcq9pZmmo3FxWc2uCuUHaraGy5sZW9vGR9PSug2a5hMNwjVlA5c","English_Word_Ratings","w03","salon",2,"unhinge","unhinge","unhinge","ADJ"
"VsSi9vBmSPfWlt7NRbLMin20fVJgh5EyxhB0M3tiDqMhDEh6ip526THZdwm0Gup1","English_Word_Ratings","w03","salon",2,"remae","remade","remake","VERB"
"VsSi9vBmSPfWlt7NRbLMin20fVJgh5EyxhB0M3tiDqMhDEh6ip526THZdwm0Gup1","English_Word_Ratings","w03","salon",3,"isp","isp","isp","X"
"VsSi9vBmSPfWlt7NRbLMin20fVJgh5EyxhB0M3tiDqMhDEh6ip526THZdwm0Gup1","English_Word_Ratings","w03","salon",4,"cushion","cushion","cushion","NOUN"
"1rQGGdmkluNiDXwCZmvMMjeDbNuEovZX9qG1U4NeMzFi5e2GsTSOsUHnaqrIz503","English_Word_Ratings","w03","salon",1,"gallp","gall","gall","NOUN"
"1rQGGdmkluNiDXwCZmvMMjeDbNuEovZX9qG1U4NeMzFi5e2GsTSOsUHnaqrIz503","English_Word_Ratings","w03","salon",2,"bargain","bargain","bargain","NOUN"
"1rQGGdmkluNiDXwCZmvMMjeDbNuEovZX9qG1U4NeMzFi5e2GsTSOsUHnaqrIz503","English_Word_Ratings","w03","salon",3,"clear","clear","clear","ADJ"
"1rQGGdmkluNiDXwCZmvMMjeDbNuEovZX9qG1U4NeMzFi5e2GsTSOsUHnaqrIz503","English_Word_Ratings","w03","salon",4,"tap","tap","tap","NOUN"
"1rQGGdmkluNiDXwCZmvMMjeDbNuEovZX9qG1U4NeMzFi5e2GsTSOsUHnaqrIz503","English_Word_Ratings","w03","salon",5,"finance","finance","finance","NOUN"
"g4JaB1MgPE1r4qjranCAuVoa3se9LFY4Hw7KnJj9jwqdBHzKOMXyzPkYnLVzXN3b","English_Word_Ratings","w03","salon",1,"quizz","quiz","quiz","NOUN"
"g4JaB1MgPE1r4qjranCAuVoa3se9LFY4Hw7KnJj9jwqdBHzKOMXyzPkYnLVzXN3b","English_Word_Ratings","w03","salon",2,"affix","affix","affix","SYM"
"g4JaB1MgPE1r4qjranCAuVoa3se9LFY4Hw7KnJj9jwqdBHzKOMXyzPkYnLVzXN3b","English_Word_Ratings","w03","salon",3,"crinkle","crinkle","crinkle","NOUN"
"g4JaB1MgPE1r4qjranCAuVoa3se9LFY4Hw7KnJj9jwqdBHzKOMXyzPkYnLVzXN3b","English_Word_Ratings","w03","salon",4,"compute","compute","compute","NOUN"
"sxZt1pXLM7kUV1KxULkPh8B0LAjLRoiJMkJRsCZ73YaImMKyBOOpLKcmQuG6iNZP","English_Word_Ratings","w03","salon",1,"jab","jab","jab","X"
"sxZt1pXLM7kUV1KxULkPh8B0LAjLRoiJMkJRsCZ73YaImMKyBOOpLKcmQuG6iNZP","English_Word_Ratings","w03","salon",2,"strangle","strangle","strangle","NOUN"
"A8tz7HX3m2x4GAoKlJAZ1XfBrXKxo5dGxhoV1dKkNdDkugAvJvRJp9tFe33unNJk","English_Word_Ratings","w03","salon",1,"invite","invite","invite","X"
"A8tz7HX3m2x4GAoKlJAZ1XfBrXKxo5dGxhoV1dKkNdDkugAvJvRJp9tFe33unNJk","English_Word_Ratings","w03","salon",2,"saucepan","saucepan","saucepan","ADJ"
"A8tz7HX3m2x4GAoKlJAZ1XfBrXKxo5dGxhoV1dKkNdDkugAvJvRJp9tFe33unNJk","English_Word_Ratings","w03","salon",3,"friendship","friendship","friendship","NOUN"
"iiEF3G6d0Zwa6x3NPBYACZUcLOZpqLcroUzNwnZmTBRu5KQktL3KH9QJT3QpUY37","English_Word_Ratings","w03","salon",1,"fantisize","fantasize","fantasize","NOUN"
"iiEF3G6d0Zwa6x3NPBYACZUcLOZpqLcroUzNwnZmTBRu5KQktL3KH9QJT3QpUY37","English_Word_Ratings","w03","salon",2,"proceed","proceed","proceed","VERB"
"iiEF3G6d0Zwa6x3NPBYACZUcLOZpqLcroUzNwnZmTBRu5KQktL3KH9QJT3QpUY37","English_Word_Ratings","w03","salon",3,"motive","motive","motive","NOUN"
"iiEF3G6d0Zwa6x3NPBYACZUcLOZpqLcroUzNwnZmTBRu5KQktL3KH9QJT3QpUY37","English_Word_Ratings","w03","salon",4,"manage money","manage money","manage money","NOUN NOUN"
"iiEF3G6d0Zwa6x3NPBYACZUcLOZpqLcroUzNwnZmTBRu5KQktL3KH9QJT3QpUY37","English_Word_Ratings","w03","salon",5,"assault","assault","assault","NOUN"
"iiEF3G6d0Zwa6x3NPBYACZUcLOZpqLcroUzNwnZmTBRu5KQktL3KH9QJT3QpUY37","English_Word_Ratings","w03","salon",6,"shock","shock","shock","NOUN"
"iiEF3G6d0Zwa6x3NPBYACZUcLOZpqLcroUzNwnZmTBRu5KQktL3KH9QJT3QpUY37","English_Word_Ratings","w03","salon",7,"attract","attract","attract","NOUN"
"iiEF3G6d0Zwa6x3NPBYACZUcLOZpqLcroUzNwnZmTBRu5KQktL3KH9QJT3QpUY37","English_Word_Ratings","w03","salon",8,"ebfriend","befriend","befriend","NOUN"
"iiEF3G6d0Zwa6x3NPBYACZUcLOZpqLcroUzNwnZmTBRu5KQktL3KH9QJT3QpUY37","English_Word_Ratings","w03","salon",9,"launch","launch","launch","NOUN"
"yLAv948rJF5uUpOa1azj6ddWWLX7U3KcGrE4Zl3iQSXxsNsEg2B3M4KSURKG8jYP","English_Word_Ratings","w03","salon",1,"reinvigorate","reinvigorate","reinvigorate","VERB"
"yLAv948rJF5uUpOa1azj6ddWWLX7U3KcGrE4Zl3iQSXxsNsEg2B3M4KSURKG8jYP","English_Word_Ratings","w03","salon",2,"sister","sister","sister","NOUN"
"v7tq2P9zqG6N3xAH4o8GvO1YBrnWjahz5rdJByCbpdgbhBPOwT65OuHZHKYl1uFR","English_Word_Ratings","w03","salon",1,"move","move","move","VERB"
"v7tq2P9zqG6N3xAH4o8GvO1YBrnWjahz5rdJByCbpdgbhBPOwT65OuHZHKYl1uFR","English_Word_Ratings","w03","salon",2,"butter","butter","butter","NOUN"
"v7tq2P9zqG6N3xAH4o8GvO1YBrnWjahz5rdJByCbpdgbhBPOwT65OuHZHKYl1uFR","English_Word_Ratings","w03","salon",3,"wire","wire","wire","NOUN"
"v7tq2P9zqG6N3xAH4o8GvO1YBrnWjahz5rdJByCbpdgbhBPOwT65OuHZHKYl1uFR","English_Word_Ratings","w03","salon",4,"haggle","haggle","haggle","NOUN"
"v7tq2P9zqG6N3xAH4o8GvO1YBrnWjahz5rdJByCbpdgbhBPOwT65OuHZHKYl1uFR","English_Word_Ratings","w03","salon",5,"ari","air","air","NOUN"
"d6NyWdJP1bcvb4qi8hcmuNgepBmDczes1g8QpCTab6HT2HBFidygOyOYJg6MzUXt","English_Word_Ratings","w03","salon",2,"illuminate","illuminate","illuminate","ADJ"
"d6NyWdJP1bcvb4qi8hcmuNgepBmDczes1g8QpCTab6HT2HBFidygOyOYJg6MzUXt","English_Word_Ratings","w03","salon",4,"foreplay","foreplay","foreplay","VERB"
"garnFORYQ61r3wCyh826JKL8aDnIglWYXHz7MSvIQBIC8H32nBUgalgql6gZBzlN","English_Word_Ratings","w03","salon",1,"comb","comb","comb","NOUN"
"garnFORYQ61r3wCyh826JKL8aDnIglWYXHz7MSvIQBIC8H32nBUgalgql6gZBzlN","English_Word_Ratings","w03","salon",2,"drench","drench","drench","NOUN"
"garnFORYQ61r3wCyh826JKL8aDnIglWYXHz7MSvIQBIC8H32nBUgalgql6gZBzlN","English_Word_Ratings","w03","salon",3,"bale","bale","bale","NOUN"
"garnFORYQ61r3wCyh826JKL8aDnIglWYXHz7MSvIQBIC8H32nBUgalgql6gZBzlN","English_Word_Ratings","w03","salon",4,"snwman","snowman","snowman","NOUN"
"garnFORYQ61r3wCyh826JKL8aDnIglWYXHz7MSvIQBIC8H32nBUgalgql6gZBzlN","English_Word_Ratings","w03","salon",5,"define","define","define","INTJ"
"i7gzsiwaaH625g2xHgXMPfOfI6R9h8LKxyKgcR3DppkfqTpYxlpaGNFv4AOTf78v","English_Word_Ratings","w03","salon",1,"nurture","nurture","nurture","VERB"
"i7gzsiwaaH625g2xHgXMPfOfI6R9h8LKxyKgcR3DppkfqTpYxlpaGNFv4AOTf78v","English_Word_Ratings","w03","salon",2,"salute","salute","salute","NOUN"
"i7gzsiwaaH625g2xHgXMPfOfI6R9h8LKxyKgcR3DppkfqTpYxlpaGNFv4AOTf78v","English_Word_Ratings","w03","salon",3,"mat","mat","mat","NOUN"
"i7gzsiwaaH625g2xHgXMPfOfI6R9h8LKxyKgcR3DppkfqTpYxlpaGNFv4AOTf78v","English_Word_Ratings","w03","salon",4,"loot","loot","loot","VERB"
"i7gzsiwaaH625g2xHgXMPfOfI6R9h8LKxyKgcR3DppkfqTpYxlpaGNFv4AOTf78v","English_Word_Ratings","w03","salon",6,"fantasy football","fantasy football","fantasy football","NOUN NOUN"
"i7gzsiwaaH625g2xHgXMPfOfI6R9h8LKxyKgcR3DppkfqTpYxlpaGNFv4AOTf78v","English_Word_Ratings","w03","salon",7,"annote","an note","a note","DET NOUN"
"i7gzsiwaaH625g2xHgXMPfOfI6R9h8LKxyKgcR3DppkfqTpYxlpaGNFv4AOTf78v","English_Word_Ratings","w03","salon",8,"petition","petition","petition","NOUN"
"i7gzsiwaaH625g2xHgXMPfOfI6R9h8LKxyKgcR3DppkfqTpYxlpaGNFv4AOTf78v","English_Word_Ratings","w03","salon",9,"boot","boot","boot","NOUN"
"i7gzsiwaaH625g2xHgXMPfOfI6R9h8LKxyKgcR3DppkfqTpYxlpaGNFv4AOTf78v","English_Word_Ratings","w03","salon",10,"saucepan","saucepan","saucepan","ADJ"
"wKTNXd6bXFAL8q4qqOh2llgWoCGmV4nmEB8h4ybNDi4oesm36R1MtrSdkxNsLMnC","English_Word_Ratings","w03","salon",1,"develop","develop","develop","VERB"
"wKTNXd6bXFAL8q4qqOh2llgWoCGmV4nmEB8h4ybNDi4oesm36R1MtrSdkxNsLMnC","English_Word_Ratings","w03","salon",2,"career","career","career","NOUN"
"wKTNXd6bXFAL8q4qqOh2llgWoCGmV4nmEB8h4ybNDi4oesm36R1MtrSdkxNsLMnC","English_Word_Ratings","w03","salon",3,"ram","ram","ram","NOUN"
"wKTNXd6bXFAL8q4qqOh2llgWoCGmV4nmEB8h4ybNDi4oesm36R1MtrSdkxNsLMnC","English_Word_Ratings","w03","salon",4,"trophy","trophy","trophy","NOUN"
"wKTNXd6bXFAL8q4qqOh2llgWoCGmV4nmEB8h4ybNDi4oesm36R1MtrSdkxNsLMnC","English_Word_Ratings","w03","salon",5,"mate","mate","mate","VERB"
"wKTNXd6bXFAL8q4qqOh2llgWoCGmV4nmEB8h4ybNDi4oesm36R1MtrSdkxNsLMnC","English_Word_Ratings","w03","salon",6,"sermon","sermon","sermon","NOUN"
"GoSFbC6zIahLMncIpKDjoQ5dleIxSC8jVVFIn9Km4i5Y1NIhpLJUPrByLuQc21a6","English_Word_Ratings","w03","salon",1,"lecture","lecture","lecture","NOUN"
"GoSFbC6zIahLMncIpKDjoQ5dleIxSC8jVVFIn9Km4i5Y1NIhpLJUPrByLuQc21a6","English_Word_Ratings","w03","salon",2,"bus","bus","bus","NOUN"
"sBacIiuSQV6IuSUPRTFQmqG3UmmTN9xKph2xv2OOURpgUNOKXSQsxnE8Saex7WkV","English_Word_Ratings","w03","salon",1,"interview","interview","interview","NOUN"
"sBacIiuSQV6IuSUPRTFQmqG3UmmTN9xKph2xv2OOURpgUNOKXSQsxnE8Saex7WkV","English_Word_Ratings","w03","salon",2,"goalpost","goalpost","goalpost","NOUN"
"kO56Jn0idpJWnDDMSRMIU9DECzlitjq3w7Z1s2KfSCMDE6YZiy9U0xnv6wljxLlh","English_Word_Ratings","w03","salon",1,"tennis","tennis","tennis","NOUN"
"kO56Jn0idpJWnDDMSRMIU9DECzlitjq3w7Z1s2KfSCMDE6YZiy9U0xnv6wljxLlh","English_Word_Ratings","w03","salon",2,"tailgate","tailgate","tailgate","NOUN"
"kO56Jn0idpJWnDDMSRMIU9DECzlitjq3w7Z1s2KfSCMDE6YZiy9U0xnv6wljxLlh","English_Word_Ratings","w03","salon",4,"ticket","ticket","ticket","NOUN"
"kO56Jn0idpJWnDDMSRMIU9DECzlitjq3w7Z1s2KfSCMDE6YZiy9U0xnv6wljxLlh","English_Word_Ratings","w03","salon",5,"crop","crop","crop","NOUN"
"kO56Jn0idpJWnDDMSRMIU9DECzlitjq3w7Z1s2KfSCMDE6YZiy9U0xnv6wljxLlh","English_Word_Ratings","w03","salon",6,"illusion","illusion","illusion","NOUN"
"LSuU7j19LztOjJyzbaQVC813k4Xs1HHJRzjUOC3xGQR21Jg71xWUBLSqxxfwF8n3","English_Word_Ratings","w03","salon",1,"leisure","leisure","leisure","NOUN"
"LSuU7j19LztOjJyzbaQVC813k4Xs1HHJRzjUOC3xGQR21Jg71xWUBLSqxxfwF8n3","English_Word_Ratings","w03","salon",3,"hope","hope","hope","NOUN"
"LSuU7j19LztOjJyzbaQVC813k4Xs1HHJRzjUOC3xGQR21Jg71xWUBLSqxxfwF8n3","English_Word_Ratings","w03","salon",4,"drag","drag","drag","NOUN"
"LSuU7j19LztOjJyzbaQVC813k4Xs1HHJRzjUOC3xGQR21Jg71xWUBLSqxxfwF8n3","English_Word_Ratings","w03","salon",5,"stand","stand","stand","VERB"
"LSuU7j19LztOjJyzbaQVC813k4Xs1HHJRzjUOC3xGQR21Jg71xWUBLSqxxfwF8n3","English_Word_Ratings","w03","salon",7,"impression","impression","impression","NOUN"
"LSuU7j19LztOjJyzbaQVC813k4Xs1HHJRzjUOC3xGQR21Jg71xWUBLSqxxfwF8n3","English_Word_Ratings","w03","salon",8,"rehab","rehab","rehab","NOUN"
"LSuU7j19LztOjJyzbaQVC813k4Xs1HHJRzjUOC3xGQR21Jg71xWUBLSqxxfwF8n3","English_Word_Ratings","w03","salon",9,"enact","enact","enact","NOUN"
"YReDSBupRsykKwPjPFxhEKJ9WrWhRKquBSvqA45zIjX2ea9uVVVtSygOIdC1LG2h","English_Word_Ratings","w03","salon",1,"crimp","crimp","crimp","NOUN"
"YReDSBupRsykKwPjPFxhEKJ9WrWhRKquBSvqA45zIjX2ea9uVVVtSygOIdC1LG2h","English_Word_Ratings","w03","salon",2,"instrument","instrument","instrument","NOUN"
"YReDSBupRsykKwPjPFxhEKJ9WrWhRKquBSvqA45zIjX2ea9uVVVtSygOIdC1LG2h","English_Word_Ratings","w03","salon",3,"turn over","turn over","turn over","VERB ADP"
"YReDSBupRsykKwPjPFxhEKJ9WrWhRKquBSvqA45zIjX2ea9uVVVtSygOIdC1LG2h","English_Word_Ratings","w03","salon",4,"liquid","liquid","liquid","AUX"
"YReDSBupRsykKwPjPFxhEKJ9WrWhRKquBSvqA45zIjX2ea9uVVVtSygOIdC1LG2h","English_Word_Ratings","w03","salon",5,"edit","edit","edit","NOUN"
"HgQcnYS7bLBLsGHsEWYXm89MfSMSM8NNKgbmYc1Ws5lXQCnjE1r1xFC1VARqczsu","English_Word_Ratings","w03","salon",1,"luxury","luxury","luxury","NOUN"
"HgQcnYS7bLBLsGHsEWYXm89MfSMSM8NNKgbmYc1Ws5lXQCnjE1r1xFC1VARqczsu","English_Word_Ratings","w03","salon",2,"dehydrate","dehydrate","dehydrate","ADJ"
"HgQcnYS7bLBLsGHsEWYXm89MfSMSM8NNKgbmYc1Ws5lXQCnjE1r1xFC1VARqczsu","English_Word_Ratings","w03","salon",3,"putt","putt","putt","VERB"
"HgQcnYS7bLBLsGHsEWYXm89MfSMSM8NNKgbmYc1Ws5lXQCnjE1r1xFC1VARqczsu","English_Word_Ratings","w03","salon",4,"discharge","discharge","discharge","NOUN"
"HgQcnYS7bLBLsGHsEWYXm89MfSMSM8NNKgbmYc1Ws5lXQCnjE1r1xFC1VARqczsu","English_Word_Ratings","w03","salon",5,"commerce","commerce","commerce","NOUN"
"HgQcnYS7bLBLsGHsEWYXm89MfSMSM8NNKgbmYc1Ws5lXQCnjE1r1xFC1VARqczsu","English_Word_Ratings","w03","salon",6,"calculate","calculate","calculate","VERB"
"HgQcnYS7bLBLsGHsEWYXm89MfSMSM8NNKgbmYc1Ws5lXQCnjE1r1xFC1VARqczsu","English_Word_Ratings","w03","salon",7,"register","register","register","VERB"
"DN6wJxt2qT1Np5PlWQiffYY3Uj2fhio8LP2BS98Ht1WUs0dFRBairReZaXoTmHEP","English_Word_Ratings","w03","salon",2,"plug","plug","plug","X"
"o5DMFT7lEisuLPj9cmVBQLnIxZkz0iM23cfDJOL9HqvghxE6MFdH5AfsRQ9r0D2j","English_Word_Ratings","w03","salon",1,"self-pleasure","self-pleasure","self - pleasure","NOUN PUNCT NOUN"
"o5DMFT7lEisuLPj9cmVBQLnIxZkz0iM23cfDJOL9HqvghxE6MFdH5AfsRQ9r0D2j","English_Word_Ratings","w03","salon",2,"reap","reap","reap","NOUN"
"o5DMFT7lEisuLPj9cmVBQLnIxZkz0iM23cfDJOL9HqvghxE6MFdH5AfsRQ9r0D2j","English_Word_Ratings","w03","salon",3,"twist","twist","twist","NOUN"
"o5DMFT7lEisuLPj9cmVBQLnIxZkz0iM23cfDJOL9HqvghxE6MFdH5AfsRQ9r0D2j","English_Word_Ratings","w03","salon",4,"hammock","hammock","hammock","NOUN"
"FibKe5OYiPqz2UUn75mURehUDCnnAmvduGjCpCkj9jFTXR7BfZxkaHsHG0ZZQtwF","English_Word_Ratings","w03","salon",1,"spellcheck","spellcheck","spellcheck","NOUN"
"FibKe5OYiPqz2UUn75mURehUDCnnAmvduGjCpCkj9jFTXR7BfZxkaHsHG0ZZQtwF","English_Word_Ratings","w03","salon",2,"alarm clock","alarm clock","alarm clock","NOUN NOUN"
"FibKe5OYiPqz2UUn75mURehUDCnnAmvduGjCpCkj9jFTXR7BfZxkaHsHG0ZZQtwF","English_Word_Ratings","w03","salon",3,"bathroom","bathroom","bathroom","NOUN"
"FibKe5OYiPqz2UUn75mURehUDCnnAmvduGjCpCkj9jFTXR7BfZxkaHsHG0ZZQtwF","English_Word_Ratings","w03","salon",4,"satisfaction","satisfaction","satisfaction","NOUN"
"FibKe5OYiPqz2UUn75mURehUDCnnAmvduGjCpCkj9jFTXR7BfZxkaHsHG0ZZQtwF","English_Word_Ratings","w03","salon",5,"water ski","water ski","water ski","NOUN NOUN"
"50X4V7q3Et1XAYfAEDSwioMfQS8YbRUtzDW2SFCVjvd0kNGpkiwqdWUnTkiNNE80","English_Word_Ratings","w03","salon",1,"impregnat","impregnate","impregnate","ADJ"
"50X4V7q3Et1XAYfAEDSwioMfQS8YbRUtzDW2SFCVjvd0kNGpkiwqdWUnTkiNNE80","English_Word_Ratings","w03","salon",2,"compost","compost","compost","VERB"
"WERLbHrisM97Sa8njspLxo48hq1D6V8RsVCSTTGotC7HiHvIiUCrNVOlUHbScfKy","English_Word_Ratings","w04","watchtower",1,"powder","powder","powder","NOUN"
"WERLbHrisM97Sa8njspLxo48hq1D6V8RsVCSTTGotC7HiHvIiUCrNVOlUHbScfKy","English_Word_Ratings","w04","watchtower",2,"synchronize","synchronize","synchronize","VERB"
"WERLbHrisM97Sa8njspLxo48hq1D6V8RsVCSTTGotC7HiHvIiUCrNVOlUHbScfKy","English_Word_Ratings","w04","watchtower",3,"intensify","intensify","intensify","INTJ"
"lzZBcD4N5WdlEJp4FXc4WDU0QXXMUZa3saiMJqn8EsCLw7dkUMjuSISR0HfCREb4","English_Word_Ratings","w04","watchtower",1,"uncover","uncover","uncover","NOUN"
"lzZBcD4N5WdlEJp4FXc4WDU0QXXMUZa3saiMJqn8EsCLw7dkUMjuSISR0HfCREb4","English_Word_Ratings","w04","watchtower",2,"stink","stink","stink","NOUN"
"lzZBcD4N5WdlEJp4FXc4WDU0QXXMUZa3saiMJqn8EsCLw7dkUMjuSISR0HfCREb4","English_Word_Ratings","w04","watchtower",3,"roofing","roofing","roofing","NOUN"
"lzZBcD4N5WdlEJp4FXc4WDU0QXXMUZa3saiMJqn8EsCLw7dkUMjuSISR0HfCREb4","English_Word_Ratings","w04","watchtower",4,"suave","suave","suave","VERB"
"lzZBcD4N5WdlEJp4FXc4WDU0QXXMUZa3saiMJqn8EsCLw7dkUMjuSISR0HfCREb4","English_Word_Ratings","w04","watchtower",5,"paperwork","paperwork","paperwork","NOUN"
"lzZBcD4N5WdlEJp4FXc4WDU0QXXMUZa3saiMJqn8EsCLw7dkUMjuSISR0HfCREb4","English_Word_Ratings","w04","watchtower",6,"maim","maim","maim","X"
"lzZBcD4N5WdlEJp4FXc4WDU0QXXMUZa3saiMJqn8EsCLw7dkUMjuSISR0HfCREb4","English_Word_Ratings","w04","watchtower",7,"potion","potion","potion","NOUN"
"lzZBcD4N5WdlEJp4FXc4WDU0QXXMUZa3saiMJqn8EsCLw7dkUMjuSISR0HfCREb4","English_Word_Ratings","w04","watchtower",8,"watch","watch","watch","VERB"
"OQxE9L7Mw12SKUcq9pZmmo3FxWc2uCuUHaraGy5sZW9vGR9PSug2a5hMNwjVlA5c","English_Word_Ratings","w04","watchtower",1,"stub toe","stub toe","stub toe","NOUN NOUN"
"OQxE9L7Mw12SKUcq9pZmmo3FxWc2uCuUHaraGy5sZW9vGR9PSug2a5hMNwjVlA5c","English_Word_Ratings","w04","watchtower",2,"redefine","redefine","redefine","INTJ"
"VsSi9vBmSPfWlt7NRbLMin20fVJgh5EyxhB0M3tiDqMhDEh6ip526THZdwm0Gup1","English_Word_Ratings","w04","watchtower",2,"lawncare","lawn care","law care","ADJ NOUN"
"1rQGGdmkluNiDXwCZmvMMjeDbNuEovZX9qG1U4NeMzFi5e2GsTSOsUHnaqrIz503","English_Word_Ratings","w04","watchtower",1,"degrade","degrade","degrade","NOUN"
"1rQGGdmkluNiDXwCZmvMMjeDbNuEovZX9qG1U4NeMzFi5e2GsTSOsUHnaqrIz503","English_Word_Ratings","w04","watchtower",2,"jiggle","jiggle","jiggle","NOUN"
"1rQGGdmkluNiDXwCZmvMMjeDbNuEovZX9qG1U4NeMzFi5e2GsTSOsUHnaqrIz503","English_Word_Ratings","w04","watchtower",3,"row","row","row","NOUN"
"1rQGGdmkluNiDXwCZmvMMjeDbNuEovZX9qG1U4NeMzFi5e2GsTSOsUHnaqrIz503","English_Word_Ratings","w04","watchtower",4,"rle","rel","rel","NOUN"
"1rQGGdmkluNiDXwCZmvMMjeDbNuEovZX9qG1U4NeMzFi5e2GsTSOsUHnaqrIz503","English_Word_Ratings","w04","watchtower",5,"ballast","ballast","ballast","NOUN"
"g4JaB1MgPE1r4qjranCAuVoa3se9LFY4Hw7KnJj9jwqdBHzKOMXyzPkYnLVzXN3b","English_Word_Ratings","w04","watchtower",1,"herb","herb","herb","X"
"g4JaB1MgPE1r4qjranCAuVoa3se9LFY4Hw7KnJj9jwqdBHzKOMXyzPkYnLVzXN3b","English_Word_Ratings","w04","watchtower",2,"hayride","hayride","hayride","NOUN"
"g4JaB1MgPE1r4qjranCAuVoa3se9LFY4Hw7KnJj9jwqdBHzKOMXyzPkYnLVzXN3b","English_Word_Ratings","w04","watchtower",3,"forge","forge","forge","NOUN"
"sxZt1pXLM7kUV1KxULkPh8B0LAjLRoiJMkJRsCZ73YaImMKyBOOpLKcmQuG6iNZP","English_Word_Ratings","w04","watchtower",1,"poop","poop","poop","NOUN"
"sxZt1pXLM7kUV1KxULkPh8B0LAjLRoiJMkJRsCZ73YaImMKyBOOpLKcmQuG6iNZP","English_Word_Ratings","w04","watchtower",2,"remedy","remedy","remedy","INTJ"
"sxZt1pXLM7kUV1KxULkPh8B0LAjLRoiJMkJRsCZ73YaImMKyBOOpLKcmQuG6iNZP","English_Word_Ratings","w04","watchtower",3,"relationship","relationship","relationship","NOUN"
"sxZt1pXLM7kUV1KxULkPh8B0LAjLRoiJMkJRsCZ73YaImMKyBOOpLKcmQuG6iNZP","English_Word_Ratings","w04","watchtower",4,"detect","detect","detect","NOUN"
"A8tz7HX3m2x4GAoKlJAZ1XfBrXKxo5dGxhoV1dKkNdDkugAvJvRJp9tFe33unNJk","English_Word_Ratings","w04","watchtower",1,"slip","slip","slip","NOUN"
"A8tz7HX3m2x4GAoKlJAZ1XfBrXKxo5dGxhoV1dKkNdDkugAvJvRJp9tFe33unNJk","English_Word_Ratings","w04","watchtower",2,"renovate","renovate","renovate","NOUN"
"iiEF3G6d0Zwa6x3NPBYACZUcLOZpqLcroUzNwnZmTBRu5KQktL3KH9QJT3QpUY37","English_Word_Ratings","w04","watchtower",1,"entertainre","entertainer","entertainer","NOUN"
"iiEF3G6d0Zwa6x3NPBYACZUcLOZpqLcroUzNwnZmTBRu5KQktL3KH9QJT3QpUY37","English_Word_Ratings","w04","watchtower",2,"trip","trip","trip","NOUN"
"iiEF3G6d0Zwa6x3NPBYACZUcLOZpqLcroUzNwnZmTBRu5KQktL3KH9QJT3QpUY37","English_Word_Ratings","w04","watchtower",3,"tent","tent","tent","NOUN"
"yLAv948rJF5uUpOa1azj6ddWWLX7U3KcGrE4Zl3iQSXxsNsEg2B3M4KSURKG8jYP","English_Word_Ratings","w04","watchtower",1,"mine","mine","mine","PRON"
"yLAv948rJF5uUpOa1azj6ddWWLX7U3KcGrE4Zl3iQSXxsNsEg2B3M4KSURKG8jYP","English_Word_Ratings","w04","watchtower",2,"rollerskate","roller skate","roller skate","NOUN NOUN"
"yLAv948rJF5uUpOa1azj6ddWWLX7U3KcGrE4Zl3iQSXxsNsEg2B3M4KSURKG8jYP","English_Word_Ratings","w04","watchtower",3,"treat","treat","treat","VERB"
"yLAv948rJF5uUpOa1azj6ddWWLX7U3KcGrE4Zl3iQSXxsNsEg2B3M4KSURKG8jYP","English_Word_Ratings","w04","watchtower",4,"wedge","wedge","wedge","NOUN"
"v7tq2P9zqG6N3xAH4o8GvO1YBrnWjahz5rdJByCbpdgbhBPOwT65OuHZHKYl1uFR","English_Word_Ratings","w04","watchtower",2,"clothes","clothes","clothe","NOUN"
"v7tq2P9zqG6N3xAH4o8GvO1YBrnWjahz5rdJByCbpdgbhBPOwT65OuHZHKYl1uFR","English_Word_Ratings","w04","watchtower",4,"lecture","lecture","lecture","NOUN"
"v7tq2P9zqG6N3xAH4o8GvO1YBrnWjahz5rdJByCbpdgbhBPOwT65OuHZHKYl1uFR","English_Word_Ratings","w04","watchtower",5,"tape","tape","tape","NOUN"
"v7tq2P9zqG6N3xAH4o8GvO1YBrnWjahz5rdJByCbpdgbhBPOwT65OuHZHKYl1uFR","English_Word_Ratings","w04","watchtower",6,"assert","assert","assert","NOUN"
"v7tq2P9zqG6N3xAH4o8GvO1YBrnWjahz5rdJByCbpdgbhBPOwT65OuHZHKYl1uFR","English_Word_Ratings","w04","watchtower",7,"fresh","fresh","fresh","ADJ"
"v7tq2P9zqG6N3xAH4o8GvO1YBrnWjahz5rdJByCbpdgbhBPOwT65OuHZHKYl1uFR","English_Word_Ratings","w04","watchtower",8,"bathe","bathe","bato","NOUN"
"v7tq2P9zqG6N3xAH4o8GvO1YBrnWjahz5rdJByCbpdgbhBPOwT65OuHZHKYl1uFR","English_Word_Ratings","w04","watchtower",9,"sun bathe","sun bathe","sun bathey","NOUN NOUN"
"v7tq2P9zqG6N3xAH4o8GvO1YBrnWjahz5rdJByCbpdgbhBPOwT65OuHZHKYl1uFR","English_Word_Ratings","w04","watchtower",10,"paint","paint","paint","VERB"
"d6NyWdJP1bcvb4qi8hcmuNgepBmDczes1g8QpCTab6HT2HBFidygOyOYJg6MzUXt","English_Word_Ratings","w04","watchtower",1,"invite","invite","invite","X"
"d6NyWdJP1bcvb4qi8hcmuNgepBmDczes1g8QpCTab6HT2HBFidygOyOYJg6MzUXt","English_Word_Ratings","w04","watchtower",2,"potteyr","pottery","pottery","NOUN"
"d6NyWdJP1bcvb4qi8hcmuNgepBmDczes1g8QpCTab6HT2HBFidygOyOYJg6MzUXt","English_Word_Ratings","w04","watchtower",3,"medical use","medical use","medical use","ADJ NOUN"
"d6NyWdJP1bcvb4qi8hcmuNgepBmDczes1g8QpCTab6HT2HBFidygOyOYJg6MzUXt","English_Word_Ratings","w04","watchtower",4,"cull","cull","cull","NOUN"
"garnFORYQ61r3wCyh826JKL8aDnIglWYXHz7MSvIQBIC8H32nBUgalgql6gZBzlN","English_Word_Ratings","w04","watchtower",1,"park car","park car","park car","NOUN NOUN"
"garnFORYQ61r3wCyh826JKL8aDnIglWYXHz7MSvIQBIC8H32nBUgalgql6gZBzlN","English_Word_Ratings","w04","watchtower",2,"comput","compute","compute","NOUN"
"garnFORYQ61r3wCyh826JKL8aDnIglWYXHz7MSvIQBIC8H32nBUgalgql6gZBzlN","English_Word_Ratings","w04","watchtower",3,"employ","employ","employ","NOUN"
"garnFORYQ61r3wCyh826JKL8aDnIglWYXHz7MSvIQBIC8H32nBUgalgql6gZBzlN","English_Word_Ratings","w04","watchtower",4,"beautify","beautify","beautify","INTJ"
"garnFORYQ61r3wCyh826JKL8aDnIglWYXHz7MSvIQBIC8H32nBUgalgql6gZBzlN","English_Word_Ratings","w04","watchtower",5,"shove","shove","shove","NOUN"
"garnFORYQ61r3wCyh826JKL8aDnIglWYXHz7MSvIQBIC8H32nBUgalgql6gZBzlN","English_Word_Ratings","w04","watchtower",6,"window","window","window","NOUN"
"garnFORYQ61r3wCyh826JKL8aDnIglWYXHz7MSvIQBIC8H32nBUgalgql6gZBzlN","English_Word_Ratings","w04","watchtower",7,"dissect","dissect","dissect","NOUN"
"garnFORYQ61r3wCyh826JKL8aDnIglWYXHz7MSvIQBIC8H32nBUgalgql6gZBzlN","English_Word_Ratings","w04","watchtower",8,"scub","sub","sub","X"
"garnFORYQ61r3wCyh826JKL8aDnIglWYXHz7MSvIQBIC8H32nBUgalgql6gZBzlN","English_Word_Ratings","w04","watchtower",9,"trail mix","trail mix","trail mix","NOUN NOUN"
"i7gzsiwaaH625g2xHgXMPfOfI6R9h8LKxyKgcR3DppkfqTpYxlpaGNFv4AOTf78v","English_Word_Ratings","w04","watchtower",1,"exfoliate","exfoliate","exfoliate","NOUN"
"i7gzsiwaaH625g2xHgXMPfOfI6R9h8LKxyKgcR3DppkfqTpYxlpaGNFv4AOTf78v","English_Word_Ratings","w04","watchtower",3,"defend","defend","defend","NOUN"
"i7gzsiwaaH625g2xHgXMPfOfI6R9h8LKxyKgcR3DppkfqTpYxlpaGNFv4AOTf78v","English_Word_Ratings","w04","watchtower",4,"open","open","open","ADJ"
"wKTNXd6bXFAL8q4qqOh2llgWoCGmV4nmEB8h4ybNDi4oesm36R1MtrSdkxNsLMnC","English_Word_Ratings","w04","watchtower",1,"blacken","blacken","blacken","NOUN"
"wKTNXd6bXFAL8q4qqOh2llgWoCGmV4nmEB8h4ybNDi4oesm36R1MtrSdkxNsLMnC","English_Word_Ratings","w04","watchtower",2,"injure","injure","injure","NOUN"
"wKTNXd6bXFAL8q4qqOh2llgWoCGmV4nmEB8h4ybNDi4oesm36R1MtrSdkxNsLMnC","English_Word_Ratings","w04","watchtower",3,"combine","combine","combine","NOUN"
"wKTNXd6bXFAL8q4qqOh2llgWoCGmV4nmEB8h4ybNDi4oesm36R1MtrSdkxNsLMnC","English_Word_Ratings","w04","watchtower",4,"breakdown","breakdown","breakdown","NOUN"
"GoSFbC6zIahLMncIpKDjoQ5dleIxSC8jVVFIn9Km4i5Y1NIhpLJUPrByLuQc21a6","English_Word_Ratings","w04","watchtower",2,"reecd","reed","re","VERB"
"sBacIiuSQV6IuSUPRTFQmqG3UmmTN9xKph2xv2OOURpgUNOKXSQsxnE8Saex7WkV","English_Word_Ratings","w04","watchtower",1,"replace","replace","replace","VERB"
"sBacIiuSQV6IuSUPRTFQmqG3UmmTN9xKph2xv2OOURpgUNOKXSQsxnE8Saex7WkV","English_Word_Ratings","w04","watchtower",2,"spritz","spritz","spritz","NOUN"
"sBacIiuSQV6IuSUPRTFQmqG3UmmTN9xKph2xv2OOURpgUNOKXSQsxnE8Saex7WkV","English_Word_Ratings","w04","watchtower",3,"lack","lack","lack","NOUN"
"sBacIiuSQV6IuSUPRTFQmqG3UmmTN9xKph2xv2OOURpgUNOKXSQsxnE8Saex7WkV","English_Word_Ratings","w04","watchtower",4,"squeeze","squeeze","squeeze","NOUN"
"kO56Jn0idpJWnDDMSRMIU9DECzlitjq3w7Z1s2KfSCMDE6YZiy9U0xnv6wljxLlh","English_Word_Ratings","w04","watchtower",1,"turn up","turn up","turn up","VERB ADP"
"kO56Jn0idpJWnDDMSRMIU9DECzlitjq3w7Z1s2KfSCMDE6YZiy9U0xnv6wljxLlh","English_Word_Ratings","w04","watchtower",3,"require","require","require","VERB"
"kO56Jn0idpJWnDDMSRMIU9DECzlitjq3w7Z1s2KfSCMDE6YZiy9U0xnv6wljxLlh","English_Word_Ratings","w04","watchtower",4,"teammate","teammate","teammate","NOUN"
"kO56Jn0idpJWnDDMSRMIU9DECzlitjq3w7Z1s2KfSCMDE6YZiy9U0xnv6wljxLlh","English_Word_Ratings","w04","watchtower",5,"energize","energize","energize","NOUN"
"kO56Jn0idpJWnDDMSRMIU9DECzlitjq3w7Z1s2KfSCMDE6YZiy9U0xnv6wljxLlh","English_Word_Ratings","w04","watchtower",6,"realx","relax","relax","NOUN"
"LSuU7j19LztOjJyzbaQVC813k4Xs1HHJRzjUOC3xGQR21Jg71xWUBLSqxxfwF8n3","English_Word_Ratings","w04","watchtower",1,"put together","put together","put together","VERB ADV"
"LSuU7j19LztOjJyzbaQVC813k4Xs1HHJRzjUOC3xGQR21Jg71xWUBLSqxxfwF8n3","English_Word_Ratings","w04","watchtower",2,"tap dance","tap dance","tap dance","NOUN NOUN"
"LSuU7j19LztOjJyzbaQVC813k4Xs1HHJRzjUOC3xGQR21Jg71xWUBLSqxxfwF8n3","English_Word_Ratings","w04","watchtower",3,"placemat","place mat","place mat","NOUN NOUN"
"LSuU7j19LztOjJyzbaQVC813k4Xs1HHJRzjUOC3xGQR21Jg71xWUBLSqxxfwF8n3","English_Word_Ratings","w04","watchtower",4,"xerox","xerox","xerox","NOUN"
"LSuU7j19LztOjJyzbaQVC813k4Xs1HHJRzjUOC3xGQR21Jg71xWUBLSqxxfwF8n3","English_Word_Ratings","w04","watchtower",5,"defrost","defrost","defrost","ADJ"
"LSuU7j19LztOjJyzbaQVC813k4Xs1HHJRzjUOC3xGQR21Jg71xWUBLSqxxfwF8n3","English_Word_Ratings","w04","watchtower",6,"muscle","muscle","muscle","NOUN"
"YReDSBupRsykKwPjPFxhEKJ9WrWhRKquBSvqA45zIjX2ea9uVVVtSygOIdC1LG2h","English_Word_Ratings","w04","watchtower",1,"ejaculate","ejaculate","ejaculate","VERB"
"YReDSBupRsykKwPjPFxhEKJ9WrWhRKquBSvqA45zIjX2ea9uVVVtSygOIdC1LG2h","English_Word_Ratings","w04","watchtower",2,"procrastinate","procrastinate","procrastinate","VERB"
"YReDSBupRsykKwPjPFxhEKJ9WrWhRKquBSvqA45zIjX2ea9uVVVtSygOIdC1LG2h","English_Word_Ratings","w04","watchtower",3,"hype","hype","hype","INTJ"
"HgQcnYS7bLBLsGHsEWYXm89MfSMSM8NNKgbmYc1Ws5lXQCnjE1r1xFC1VARqczsu","English_Word_Ratings","w04","watchtower",1,"leak","leak","leak","VERB"
"HgQcnYS7bLBLsGHsEWYXm89MfSMSM8NNKgbmYc1Ws5lXQCnjE1r1xFC1VARqczsu","English_Word_Ratings","w04","watchtower",2,"support","support","support","NOUN"
"HgQcnYS7bLBLsGHsEWYXm89MfSMSM8NNKgbmYc1Ws5lXQCnjE1r1xFC1VARqczsu","English_Word_Ratings","w04","watchtower",3,"vandalize","vandalize","vandalize","NOUN"
"DN6wJxt2qT1Np5PlWQiffYY3Uj2fhio8LP2BS98Ht1WUs0dFRBairReZaXoTmHEP","English_Word_Ratings","w04","watchtower",1,"genocide","genocide","genocide","NOUN"
"DN6wJxt2qT1Np5PlWQiffYY3Uj2fhio8LP2BS98Ht1WUs0dFRBairReZaXoTmHEP","English_Word_Ratings","w04","watchtower",2,"crack","crack","crack","NOUN"
"DN6wJxt2qT1Np5PlWQiffYY3Uj2fhio8LP2BS98Ht1WUs0dFRBairReZaXoTmHEP","English_Word_Ratings","w04","watchtower",3,"sun visor","sun visor","sun visor","NOUN NOUN"
"DN6wJxt2qT1Np5PlWQiffYY3Uj2fhio8LP2BS98Ht1WUs0dFRBairReZaXoTmHEP","English_Word_Ratings","w04","watchtower",4,"throw up","throw up","throw up","VERB ADP"
"DN6wJxt2qT1Np5PlWQiffYY3Uj2fhio8LP2BS98Ht1WUs0dFRBairReZaXoTmHEP","English_Word_Ratings","w04","watchtower",5,"drain","drain","drain","NOUN"
"o5DMFT7lEisuLPj9cmVBQLnIxZkz0iM23cfDJOL9HqvghxE6MFdH5AfsRQ9r0D2j","English_Word_Ratings","w04","watchtower",1,"litigate","litigate","litigate","NOUN"
"o5DMFT7lEisuLPj9cmVBQLnIxZkz0iM23cfDJOL9HqvghxE6MFdH5AfsRQ9r0D2j","English_Word_Ratings","w04","watchtower",2,"recite","recite","recite","NOUN"
"o5DMFT7lEisuLPj9cmVBQLnIxZkz0iM23cfDJOL9HqvghxE6MFdH5AfsRQ9r0D2j","English_Word_Ratings","w04","watchtower",3,"reserve","reserve","reserve","VERB"
"o5DMFT7lEisuLPj9cmVBQLnIxZkz0iM23cfDJOL9HqvghxE6MFdH5AfsRQ9r0D2j","English_Word_Ratings","w04","watchtower",4,"float","float","float","NOUN"
"o5DMFT7lEisuLPj9cmVBQLnIxZkz0iM23cfDJOL9HqvghxE6MFdH5AfsRQ9r0D2j","English_Word_Ratings","w04","watchtower",5,"astroid","asteroid","asteroid","VERB"
"FibKe5OYiPqz2UUn75mURehUDCnnAmvduGjCpCkj9jFTXR7BfZxkaHsHG0ZZQtwF","English_Word_Ratings","w04","watchtower",1,"garden","garden","garden","NOUN"
"FibKe5OYiPqz2UUn75mURehUDCnnAmvduGjCpCkj9jFTXR7BfZxkaHsHG0ZZQtwF","English_Word_Ratings","w04","watchtower",2,"medicate","medicate","medicate","NOUN"
"FibKe5OYiPqz2UUn75mURehUDCnnAmvduGjCpCkj9jFTXR7BfZxkaHsHG0ZZQtwF","English_Word_Ratings","w04","watchtower",3,"trail","trail","trail","NOUN"
"50X4V7q3Et1XAYfAEDSwioMfQS8YbRUtzDW2SFCVjvd0kNGpkiwqdWUnTkiNNE80","English_Word_Ratings","w04","watchtower",1,"ship","ship","ship","NOUN"
"50X4V7q3Et1XAYfAEDSwioMfQS8YbRUtzDW2SFCVjvd0kNGpkiwqdWUnTkiNNE80","English_Word_Ratings","w04","watchtower",2,"ste pon","sch pin","sch pin","DET NOUN"
"50X4V7q3Et1XAYfAEDSwioMfQS8YbRUtzDW2SFCVjvd0kNGpkiwqdWUnTkiNNE80","English_Word_Ratings","w04","watchtower",3,"deodorize","deodorize","deodorize","NOUN"
"WERLbHrisM97Sa8njspLxo48hq1D6V8RsVCSTTGotC7HiHvIiUCrNVOlUHbScfKy","English_Word_Ratings","w05","trident",1,"jostle","jostle","jostle","NOUN"
"WERLbHrisM97Sa8njspLxo48hq1D6V8RsVCSTTGotC7HiHvIiUCrNVOlUHbScfKy","English_Word_Ratings","w05","trident",2,"handcuffs","handcuffs","handcuffs","NOUN"
"WERLbHrisM97Sa8njspLxo48hq1D6V8RsVCSTTGotC7HiHvIiUCrNVOlUHbScfKy","English_Word_Ratings","w05","trident",3,"checkup","checkup","checkup","NOUN"
"WERLbHrisM97Sa8njspLxo48hq1D6V8RsVCSTTGotC7HiHvIiUCrNVOlUHbScfKy","English_Word_Ratings","w05","trident",4,"hull","hull","hull","INTJ"
"WERLbHrisM97Sa8njspLxo48hq1D6V8RsVCSTTGotC7HiHvIiUCrNVOlUHbScfKy","English_Word_Ratings","w05","trident",6,"recycle","recycle","recycle","NOUN"
"WERLbHrisM97Sa8njspLxo48hq1D6V8RsVCSTTGotC7HiHvIiUCrNVOlUHbScfKy","English_Word_Ratings","w05","trident",7,"accuracy","accuracy","accuracy","NOUN"
"lzZBcD4N5WdlEJp4FXc4WDU0QXXMUZa3saiMJqn8EsCLw7dkUMjuSISR0HfCREb4","English_Word_Ratings","w05","trident",1,"flower pot","flower pot","flower pot","NOUN NOUN"
"lzZBcD4N5WdlEJp4FXc4WDU0QXXMUZa3saiMJqn8EsCLw7dkUMjuSISR0HfCREb4","English_Word_Ratings","w05","trident",2,"bowling","bowling","bowling","NOUN"
"lzZBcD4N5WdlEJp4FXc4WDU0QXXMUZa3saiMJqn8EsCLw7dkUMjuSISR0HfCREb4","English_Word_Ratings","w05","trident",3,"collaborate","collaborate","collaborate","NOUN"
"OQxE9L7Mw12SKUcq9pZmmo3FxWc2uCuUHaraGy5sZW9vGR9PSug2a5hMNwjVlA5c","English_Word_Ratings","w05","trident",2,"attend","attend","attend","VERB"
"OQxE9L7Mw12SKUcq9pZmmo3FxWc2uCuUHaraGy5sZW9vGR9PSug2a5hMNwjVlA5c","English_Word_Ratings","w05","trident",4,"thicken","thicken","thicken","ADV"
"OQxE9L7Mw12SKUcq9pZmmo3FxWc2uCuUHaraGy5sZW9vGR9PSug2a5hMNwjVlA5c","English_Word_Ratings","w05","trident",5,"darts","darts","dart","NOUN"
"VsSi9vBmSPfWlt7NRbLMin20fVJgh5EyxhB0M3tiDqMhDEh6ip526THZdwm0Gup1","English_Word_Ratings","w05","trident",1,"decay","decay","decay","NOUN"
"VsSi9vBmSPfWlt7NRbLMin20fVJgh5EyxhB0M3tiDqMhDEh6ip526THZdwm0Gup1","English_Word_Ratings","w05","trident",2,"scam","scam","scam","NOUN"
"VsSi9vBmSPfWlt7NRbLMin20fVJgh5EyxhB0M3tiDqMhDEh6ip526THZdwm0Gup1","English_Word_Ratings","w05","trident",3,"relieve","relieve","relieve","ADJ"
"1rQGGdmkluNiDXwCZmvMMjeDbNuEovZX9qG1U4NeMzFi5e2GsTSOsUHnaqrIz503","English_Word_Ratings","w05","trident",1,"shut out","shut out","shut out","VERB ADP"
"1rQGGdmkluNiDXwCZmvMMjeDbNuEovZX9qG1U4NeMzFi5e2GsTSOsUHnaqrIz503","English_Word_Ratings","w05","trident",2,"crinkle","crinkle","crinkle","NOUN"
"1rQGGdmkluNiDXwCZmvMMjeDbNuEovZX9qG1U4NeMzFi5e2GsTSOsUHnaqrIz503","English_Word_Ratings","w05","trident",3,"dust","dust","dust","NOUN"
"1rQGGdmkluNiDXwCZmvMMjeDbNuEovZX9qG1U4NeMzFi5e2GsTSOsUHnaqrIz503","English_Word_Ratings","w05","trident",4,"compose","compose","compose","VERB"
"1rQGGdmkluNiDXwCZmvMMjeDbNuEovZX9qG1U4NeMzFi5e2GsTSOsUHnaqrIz503","English_Word_Ratings","w05","trident",5,"safe","safe","safe","ADJ"
"1rQGGdmkluNiDXwCZmvMMjeDbNuEovZX9qG1U4NeMzFi5e2GsTSOsUHnaqrIz503","English_Word_Ratings","w05","trident",6,"earring","earring","earr","VERB"
"g4JaB1MgPE1r4qjranCAuVoa3se9LFY4Hw7KnJj9jwqdBHzKOMXyzPkYnLVzXN3b","English_Word_Ratings","w05","trident",1,"yodel","yodel","yodel","NOUN"
"g4JaB1MgPE1r4qjranCAuVoa3se9LFY4Hw7KnJj9jwqdBHzKOMXyzPkYnLVzXN3b","English_Word_Ratings","w05","trident",2,"refurnish","refurnish","refurnish","VERB"
"sxZt1pXLM7kUV1KxULkPh8B0LAjLRoiJMkJRsCZ73YaImMKyBOOpLKcmQuG6iNZP","English_Word_Ratings","w05","trident",2,"miss","miss","miss","NOUN"
"A8tz7HX3m2x4GAoKlJAZ1XfBrXKxo5dGxhoV1dKkNdDkugAvJvRJp9tFe33unNJk","English_Word_Ratings","w05","trident",1,"auction","auction","auction","NOUN"
"A8tz7HX3m2x4GAoKlJAZ1XfBrXKxo5dGxhoV1dKkNdDkugAvJvRJp9tFe33unNJk","English_Word_Ratings","w05","trident",2,"generate","generate","generate","VERB"
"A8tz7HX3m2x4GAoKlJAZ1XfBrXKxo5dGxhoV1dKkNdDkugAvJvRJp9tFe33unNJk","English_Word_Ratings","w05","trident",3,"sky dive","sky dive","sky dive","NOUN NOUN"
"A8tz7HX3m2x4GAoKlJAZ1XfBrXKxo5dGxhoV1dKkNdDkugAvJvRJp9tFe33unNJk","English_Word_Ratings","w05","trident",4,"dread","dread","dread","NOUN"
"iiEF3G6d0Zwa6x3NPBYACZUcLOZpqLcroUzNwnZmTBRu5KQktL3KH9QJT3QpUY37","English_Word_Ratings","w05","trident",1,"insert","insert","insert","VERB"
"iiEF3G6d0Zwa6x3NPBYACZUcLOZpqLcroUzNwnZmTBRu5KQktL3KH9QJT3QpUY37","English_Word_Ratings","w05","trident",3,"dilate","dilate","dilate","NOUN"
"iiEF3G6d0Zwa6x3NPBYACZUcLOZpqLcroUzNwnZmTBRu5KQktL3KH9QJT3QpUY37","English_Word_Ratings","w05","trident",4,"motivate","motivate","motivate","NOUN"
"iiEF3G6d0Zwa6x3NPBYACZUcLOZpqLcroUzNwnZmTBRu5KQktL3KH9QJT3QpUY37","English_Word_Ratings","w05","trident",5,"seaweed","seaweed","seaweed","VERB"
"iiEF3G6d0Zwa6x3NPBYACZUcLOZpqLcroUzNwnZmTBRu5KQktL3KH9QJT3QpUY37","English_Word_Ratings","w05","trident",6,"host","host","host","NOUN"
"iiEF3G6d0Zwa6x3NPBYACZUcLOZpqLcroUzNwnZmTBRu5KQktL3KH9QJT3QpUY37","English_Word_Ratings","w05","trident",7,"love","love","love","NOUN"
"iiEF3G6d0Zwa6x3NPBYACZUcLOZpqLcroUzNwnZmTBRu5KQktL3KH9QJT3QpUY37","English_Word_Ratings","w05","trident",8,"crimp","crimp","crimp","NOUN"
"iiEF3G6d0Zwa6x3NPBYACZUcLOZpqLcroUzNwnZmTBRu5KQktL3KH9QJT3QpUY37","English_Word_Ratings","w05","trident",9,"burnish","burnish","burnish","INTJ"
"iiEF3G6d0Zwa6x3NPBYACZUcLOZpqLcroUzNwnZmTBRu5KQktL3KH9QJT3QpUY37","English_Word_Ratings","w05","trident",10,"flower pot","flower pot","flower pot","NOUN NOUN"
"yLAv948rJF5uUpOa1azj6ddWWLX7U3KcGrE4Zl3iQSXxsNsEg2B3M4KSURKG8jYP","English_Word_Ratings","w05","trident",1,"arouse","arouse","arouse","NOUN"
"yLAv948rJF5uUpOa1azj6ddWWLX7U3KcGrE4Zl3iQSXxsNsEg2B3M4KSURKG8jYP","English_Word_Ratings","w05","trident",2,"express","express","express","NOUN"
"yLAv948rJF5uUpOa1azj6ddWWLX7U3KcGrE4Zl3iQSXxsNsEg2B3M4KSURKG8jYP","English_Word_Ratings","w05","trident",3,"melt","melt","melt","NOUN"
"yLAv948rJF5uUpOa1azj6ddWWLX7U3KcGrE4Zl3iQSXxsNsEg2B3M4KSURKG8jYP","English_Word_Ratings","w05","trident",4,"irritate","irritate","irritate","NOUN"
"yLAv948rJF5uUpOa1azj6ddWWLX7U3KcGrE4Zl3iQSXxsNsEg2B3M4KSURKG8jYP","English_Word_Ratings","w05","trident",5,"flush","flush","flush","NOUN"
"yLAv948rJF5uUpOa1azj6ddWWLX7U3KcGrE4Zl3iQSXxsNsEg2B3M4KSURKG8jYP","English_Word_Ratings","w05","trident",6,"emoji","emoji","emoji","X"
"yLAv948rJF5uUpOa1azj6ddWWLX7U3KcGrE4Zl3iQSXxsNsEg2B3M4KSURKG8jYP","English_Word_Ratings","w05","trident",7,"smell","smell","smell","INTJ"
"v7tq2P9zqG6N3xAH4o8GvO1YBrnWjahz5rdJByCbpdgbhBPOwT65OuHZHKYl1uFR","English_Word_Ratings","w05","trident",1,"cartoon","cartoon","cartoon","NOUN"
"v7tq2P9zqG6N3xAH4o8GvO1YBrnWjahz5rdJByCbpdgbhBPOwT65OuHZHKYl1uFR","English_Word_Ratings","w05","trident",2,"warm-up","warm-up","warm - up","ADJ PUNCT NOUN"
"v7tq2P9zqG6N3xAH4o8GvO1YBrnWjahz5rdJByCbpdgbhBPOwT65OuHZHKYl1uFR","English_Word_Ratings","w05","trident",3,"pawn","pawn","pawn","NOUN"
"v7tq2P9zqG6N3xAH4o8GvO1YBrnWjahz5rdJByCbpdgbhBPOwT65OuHZHKYl1uFR","English_Word_Ratings","w05","trident",4,"leadership","leadership","leadership","NOUN"
"v7tq2P9zqG6N3xAH4o8GvO1YBrnWjahz5rdJByCbpdgbhBPOwT65OuHZHKYl1uFR","English_Word_Ratings","w05","trident",5,"quack","quack","quack","NOUN"
"v7tq2P9zqG6N3xAH4o8GvO1YBrnWjahz5rdJByCbpdgbhBPOwT65OuHZHKYl1uFR","English_Word_Ratings","w05","trident",6,"door","door","door","NOUN"
"v7tq2P9zqG6N3xAH4o8GvO1YBrnWjahz5rdJByCbpdgbhBPOwT65OuHZHKYl1uFR","English_Word_Ratings","w05","trident",7,"uery","very","very","ADV"
"v7tq2P9zqG6N3xAH4o8GvO1YBrnWjahz5rdJByCbpdgbhBPOwT65OuHZHKYl1uFR","English_Word_Ratings","w05","trident",8,"sympathize","sympathize","sympathize","NOUN"
"d6NyWdJP1bcvb4qi8hcmuNgepBmDczes1g8QpCTab6HT2HBFidygOyOYJg6MzUXt","English_Word_Ratings","w05","trident",2,"discredit","discredit","discredit","NOUN"
"d6NyWdJP1bcvb4qi8hcmuNgepBmDczes1g8QpCTab6HT2HBFidygOyOYJg6MzUXt","English_Word_Ratings","w05","trident",3,"water","water","water","NOUN"
"d6NyWdJP1bcvb4qi8hcmuNgepBmDczes1g8QpCTab6HT2HBFidygOyOYJg6MzUXt","English_Word_Ratings","w05","trident",4,"press button","press button","press button","NOUN NOUN"
"d6NyWdJP1bcvb4qi8hcmuNgepBmDczes1g8QpCTab6HT2HBFidygOyOYJg6MzUXt","English_Word_Ratings","w05","trident",5,"stre","stare","stare","NOUN"
"garnFORYQ61r3wCyh826JKL8aDnIglWYXHz7MSvIQBIC8H32nBUgalgql6gZBzlN","English_Word_Ratings","w05","trident",1,"speech","speech","speech","NOUN"
"garnFORYQ61r3wCyh826JKL8aDnIglWYXHz7MSvIQBIC8H32nBUgalgql6gZBzlN","English_Word_Ratings","w05","trident",2,"sick","sick","sick","ADJ"
"garnFORYQ61r3wCyh826JKL8aDnIglWYXHz7MSvIQBIC8H32nBUgalgql6gZBzlN","English_Word_Ratings","w05","trident",3,"twist","twist","twist","NOUN"
"garnFORYQ61r3wCyh826JKL8aDnIglWYXHz7MSvIQBIC8H32nBUgalgql6gZBzlN","English_Word_Ratings","w05","trident",4,"dispatch","dispatch","dispatch","NOUN"
"garnFORYQ61r3wCyh826JKL8aDnIglWYXHz7MSvIQBIC8H32nBUgalgql6gZBzlN","English_Word_Ratings","w05","trident",5,"quit","quit","quit","VERB"
"i7gzsiwaaH625g2xHgXMPfOfI6R9h8LKxyKgcR3DppkfqTpYxlpaGNFv4AOTf78v","English_Word_Ratings","w05","trident",1,"singer","singer","singer","NOUN"
"i7gzsiwaaH625g2xHgXMPfOfI6R9h8LKxyKgcR3DppkfqTpYxlpaGNFv4AOTf78v","English_Word_Ratings","w05","trident",2,"desert","desert","desert","NOUN"
"i7gzsiwaaH625g2xHgXMPfOfI6R9h8LKxyKgcR3DppkfqTpYxlpaGNFv4AOTf78v","English_Word_Ratings","w05","trident",3,"ejaculate","ejaculate","ejaculate","VERB"
"i7gzsiwaaH625g2xHgXMPfOfI6R9h8LKxyKgcR3DppkfqTpYxlpaGNFv4AOTf78v","English_Word_Ratings","w05","trident",4,"trauma","trauma","trauma","NOUN"
"i7gzsiwaaH625g2xHgXMPfOfI6R9h8LKxyKgcR3DppkfqTpYxlpaGNFv4AOTf78v","English_Word_Ratings","w05","trident",5,"hand","hand","hand","NOUN"
"i7gzsiwaaH625g2xHgXMPfOfI6R9h8LKxyKgcR3DppkfqTpYxlpaGNFv4AOTf78v","English_Word_Ratings","w05","trident",6,"appreciate","appreciate","appreciate","NOUN"
"i7gzsiwaaH625g2xHgXMPfOfI6R9h8LKxyKgcR3DppkfqTpYxlpaGNFv4AOTf78v","English_Word_Ratings","w05","trident",8,"contribute","contribute","contribute","NOUN"
"i7gzsiwaaH625g2xHgXMPfOfI6R9h8LKxyKgcR3DppkfqTpYxlpaGNFv4AOTf78v","English_Word_Ratings","w05","trident",9,"building","building","building","NOUN"
"i7gzsiwaaH625g2xHgXMPfOfI6R9h8LKxyKgcR3DppkfqTpYxlpaGNFv4AOTf78v","English_Word_Ratings","w05","trident",10,"honor","honor","honor","NOUN"
"wKTNXd6bXFAL8q4qqOh2llgWoCGmV4nmEB8h4ybNDi4oesm36R1MtrSdkxNsLMnC","English_Word_Ratings","w05","trident",1,"drench","drench","drench","NOUN"
"wKTNXd6bXFAL8q4qqOh2llgWoCGmV4nmEB8h4ybNDi4oesm36R1MtrSdkxNsLMnC","English_Word_Ratings","w05","trident",2,"figure","figure","figure","VERB"
"wKTNXd6bXFAL8q4qqOh2llgWoCGmV4nmEB8h4ybNDi4oesm36R1MtrSdkxNsLMnC","English_Word_Ratings","w05","trident",3,"follow","follow","follow","VERB"
"GoSFbC6zIahLMncIpKDjoQ5dleIxSC8jVVFIn9Km4i5Y1NIhpLJUPrByLuQc21a6","English_Word_Ratings","w05","trident",1,"stake","stake","stake","NOUN"
"GoSFbC6zIahLMncIpKDjoQ5dleIxSC8jVVFIn9Km4i5Y1NIhpLJUPrByLuQc21a6","English_Word_Ratings","w05","trident",2,"healthcare","healthcare","healthcare","NOUN"
"GoSFbC6zIahLMncIpKDjoQ5dleIxSC8jVVFIn9Km4i5Y1NIhpLJUPrByLuQc21a6","English_Word_Ratings","w05","trident",3,"adore","adore","adore","ADV"
"GoSFbC6zIahLMncIpKDjoQ5dleIxSC8jVVFIn9Km4i5Y1NIhpLJUPrByLuQc21a6","English_Word_Ratings","w05","trident",4,"enclose","enclose","enclose","VERB"
"GoSFbC6zIahLMncIpKDjoQ5dleIxSC8jVVFIn9Km4i5Y1NIhpLJUPrByLuQc21a6","English_Word_Ratings","w05","trident",5,"lead","lead","lead","VERB"
"GoSFbC6zIahLMncIpKDjoQ5dleIxSC8jVVFIn9Km4i5Y1NIhpLJUPrByLuQc21a6","English_Word_Ratings","w05","trident",6,"hot","hot","hot","ADJ"
"GoSFbC6zIahLMncIpKDjoQ5dleIxSC8jVVFIn9Km4i5Y1NIhpLJUPrByLuQc21a6","English_Word_Ratings","w05","trident",7,"regret","regret","regret","VERB"
"GoSFbC6zIahLMncIpKDjoQ5dleIxSC8jVVFIn9Km4i5Y1NIhpLJUPrByLuQc21a6","English_Word_Ratings","w05","trident",8,"solo","solo","solo","INTJ"
"GoSFbC6zIahLMncIpKDjoQ5dleIxSC8jVVFIn9Km4i5Y1NIhpLJUPrByLuQc21a6","English_Word_Ratings","w05","trident",9,"list","list","list","NOUN"
"sBacIiuSQV6IuSUPRTFQmqG3UmmTN9xKph2xv2OOURpgUNOKXSQsxnE8Saex7WkV","English_Word_Ratings","w05","trident",1,"purebreed","purebred","purebreed","VERB"
"sBacIiuSQV6IuSUPRTFQmqG3UmmTN9xKph2xv2OOURpgUNOKXSQsxnE8Saex7WkV","English_Word_Ratings","w05","trident",2,"defense","defense","defense","NOUN"
"kO56Jn0idpJWnDDMSRMIU9DECzlitjq3w7Z1s2KfSCMDE6YZiy9U0xnv6wljxLlh","English_Word_Ratings","w05","trident",1,"parachute","parachute","parachute","NOUN"
"kO56Jn0idpJWnDDMSRMIU9DECzlitjq3w7Z1s2KfSCMDE6YZiy9U0xnv6wljxLlh","English_Word_Ratings","w05","trident",2,"mean","mean","mean","VERB"
"LSuU7j19LztOjJyzbaQVC813k4Xs1HHJRzjUOC3xGQR21Jg71xWUBLSqxxfwF8n3","English_Word_Ratings","w05","trident",1,"disarm","disarm","disarm","NOUN"
"LSuU7j19LztOjJyzbaQVC813k4Xs1HHJRzjUOC3xGQR21Jg71xWUBLSqxxfwF8n3","English_Word_Ratings","w05","trident",2,"browse","browse","browse","VERB"
"YReDSBupRsykKwPjPFxhEKJ9WrWhRKquBSvqA45zIjX2ea9uVVVtSygOIdC1LG2h","English_Word_Ratings","w05","trident",1,"model","model","model","NOUN"
"YReDSBupRsykKwPjPFxhEKJ9WrWhRKquBSvqA45zIjX2ea9uVVVtSygOIdC1LG2h","English_Word_Ratings","w05","trident",2,"infuse","infuse","infuse","NOUN"
"YReDSBupRsykKwPjPFxhEKJ9WrWhRKquBSvqA45zIjX2ea9uVVVtSygOIdC1LG2h","English_Word_Ratings","w05","trident",3,"hop","hop","hop","VERB"
"YReDSBupRsykKwPjPFxhEKJ9WrWhRKquBSvqA45zIjX2ea9uVVVtSygOIdC1LG2h","English_Word_Ratings","w05","trident",4,"coin","coin","coin","NOUN"
"YReDSBupRsykKwPjPFxhEKJ9WrWhRKquBSvqA45zIjX2ea9uVVVtSygOIdC1LG2h","English_Word_Ratings","w05","trident",5,"cringe","cringe","cringe","NOUN"
"YReDSBupRsykKwPjPFxhEKJ9WrWhRKquBSvqA45zIjX2ea9uVVVtSygOIdC1LG2h","English_Word_Ratings","w05","trident",6,"incubate","incubate","incubate","NOUN"
"YReDSBupRsykKwPjPFxhEKJ9WrWhRKquBSvqA45zIjX2ea9uVVVtSygOIdC1LG2h","English_Word_Ratings","w05","trident",7,"publicize","publicize","publicize","VERB"
"YReDSBupRsykKwPjPFxhEKJ9WrWhRKquBSvqA45zIjX2ea9uVVVtSygOIdC1LG2h","English_Word_Ratings","w05","trident",8,"beep","beep","beep","INTJ"
"YReDSBupRsykKwPjPFxhEKJ9WrWhRKquBSvqA45zIjX2ea9uVVVtSygOIdC1LG2h","English_Word_Ratings","w05","trident",9,"expression","expression","expression","NOUN"
"HgQcnYS7bLBLsGHsEWYXm89MfSMSM8NNKgbmYc1Ws5lXQCnjE1r1xFC1VARqczsu","English_Word_Ratings","w05","trident",1,"accord","accord","accord","NOUN"
"HgQcnYS7bLBLsGHsEWYXm89MfSMSM8NNKgbmYc1Ws5lXQCnjE1r1xFC1VARqczsu","English_Word_Ratings","w05","trident",2,"switch","switch","switch","NOUN"
"HgQcnYS7bLBLsGHsEWYXm89MfSMSM8NNKgbmYc1Ws5lXQCnjE1r1xFC1VARqczsu","English_Word_Ratings","w05","trident",3,"share","share","share","NOUN"
"HgQcnYS7bLBLsGHsEWYXm89MfSMSM8NNKgbmYc1Ws5lXQCnjE1r1xFC1VARqczsu","English_Word_Ratings","w05","trident",4,"link","link","link","NOUN"
"HgQcnYS7bLBLsGHsEWYXm89MfSMSM8NNKgbmYc1Ws5lXQCnjE1r1xFC1VARqczsu","English_Word_Ratings","w05","trident",5,"learn","learn","learn","VERB"
"HgQcnYS7bLBLsGHsEWYXm89MfSMSM8NNKgbmYc1Ws5lXQCnjE1r1xFC1VARqczsu","English_Word_Ratings","w05","trident",6,"mark","mark","mark","NOUN"
"HgQcnYS7bLBLsGHsEWYXm89MfSMSM8NNKgbmYc1Ws5lXQCnjE1r1xFC1VARqczsu","English_Word_Ratings","w05","trident",8,"zoom","zoom","zoom","X"
"HgQcnYS7bLBLsGHsEWYXm89MfSMSM8NNKgbmYc1Ws5lXQCnjE1r1xFC1VARqczsu","English_Word_Ratings","w05","trident",9,"other","other","other","ADJ"
"HgQcnYS7bLBLsGHsEWYXm89MfSMSM8NNKgbmYc1Ws5lXQCnjE1r1xFC1VARqczsu","English_Word_Ratings","w05","trident",10,"around","around","around","ADV"
"DN6wJxt2qT1Np5PlWQiffYY3Uj2fhio8LP2BS98Ht1WUs0dFRBairReZaXoTmHEP","English_Word_Ratings","w05","trident",1,"immortalize","immortalize","immortalize","VERB"
"DN6wJxt2qT1Np5PlWQiffYY3Uj2fhio8LP2BS98Ht1WUs0dFRBairReZaXoTmHEP","English_Word_Ratings","w05","trident",2,"put down","put down","put down","VERB ADP"
"DN6wJxt2qT1Np5PlWQiffYY3Uj2fhio8LP2BS98Ht1WUs0dFRBairReZaXoTmHEP","English_Word_Ratings","w05","trident",3,"shower","shower","shower","NOUN"
"DN6wJxt2qT1Np5PlWQiffYY3Uj2fhio8LP2BS98Ht1WUs0dFRBairReZaXoTmHEP","English_Word_Ratings","w05","trident",4,"argue","argue","argue","VERB"
"DN6wJxt2qT1Np5PlWQiffYY3Uj2fhio8LP2BS98Ht1WUs0dFRBairReZaXoTmHEP","English_Word_Ratings","w05","trident",5,"noise cancellation","noise cancellation","noise cancellation","NOUN NOUN"
"o5DMFT7lEisuLPj9cmVBQLnIxZkz0iM23cfDJOL9HqvghxE6MFdH5AfsRQ9r0D2j","English_Word_Ratings","w05","trident",1,"hula hoop","hula hoop","hula hoop","X X"
"o5DMFT7lEisuLPj9cmVBQLnIxZkz0iM23cfDJOL9HqvghxE6MFdH5AfsRQ9r0D2j","English_Word_Ratings","w05","trident",2,"intimidate","intimidate","intimidate","NOUN"
"FibKe5OYiPqz2UUn75mURehUDCnnAmvduGjCpCkj9jFTXR7BfZxkaHsHG0ZZQtwF","English_Word_Ratings","w05","trident",1,"applaud","applaud","applaud","VERB"
"FibKe5OYiPqz2UUn75mURehUDCnnAmvduGjCpCkj9jFTXR7BfZxkaHsHG0ZZQtwF","English_Word_Ratings","w05","trident",2,"resist","resist","resist","NOUN"
"FibKe5OYiPqz2UUn75mURehUDCnnAmvduGjCpCkj9jFTXR7BfZxkaHsHG0ZZQtwF","English_Word_Ratings","w05","trident",3,"elevte","elevate","elevate","ADJ"
"50X4V7q3Et1XAYfAEDSwioMfQS8YbRUtzDW2SFCVjvd0kNGpkiwqdWUnTkiNNE80","English_Word_Ratings","w05","trident",2,"spill on","spill on","spill on","VERB ADP"
"50X4V7q3Et1XAYfAEDSwioMfQS8YbRUtzDW2SFCVjvd0kNGpkiwqdWUnTkiNNE80","English_Word_Ratings","w05","trident",3,"aroma","aroma","aroma","NOUN"
"50X4V7q3Et1XAYfAEDSwioMfQS8YbRUtzDW2SFCVjvd0kNGpkiwqdWUnTkiNNE80","English_Word_Ratings","w05","trident",4,"disagree","disagree","disagree","NOUN"
"50X4V7q3Et1XAYfAEDSwioMfQS8YbRUtzDW2SFCVjvd0kNGpkiwqdWUnTkiNNE80","English_Word_Ratings","w05","trident",5,"invoke","invoke","invoke","INTJ"
"50X4V7q3Et1XAYfAEDSwioMfQS8YbRUtzDW2SFCVjvd0kNGpkiwqdWUnTkiNNE80","English_Word_Ratings","w05","trident",6,"echo","echo","echo","NOUN"
"50X4V7q3Et1XAYfAEDSwioMfQS8YbRUtzDW2SFCVjvd0kNGpkiwqdWUnTkiNNE80","English_Word_Ratings","w05","trident",7,"transplant","transplant","transplant","NOUN"
"WERLbHrisM97Sa8njspLxo48hq1D6V8RsVCSTTGotC7HiHvIiUCrNVOlUHbScfKy","English_Word_Ratings","w06","flintstone",2,"throw at","throw at","throw at","VERB ADP"
"WERLbHrisM97Sa8njspLxo48hq1D6V8RsVCSTTGotC7HiHvIiUCrNVOlUHbScfKy","English_Word_Ratings","w06","flintstone",4,"showdown","showdown","showdown","NOUN"
"WERLbHrisM97Sa8njspLxo48hq1D6V8RsVCSTTGotC7HiHvIiUCrNVOlUHbScfKy","English_Word_Ratings","w06","flintstone",5,"sway","sway","sway","INTJ"
"WERLbHrisM97Sa8njspLxo48hq1D6V8RsVCSTTGotC7HiHvIiUCrNVOlUHbScfKy","English_Word_Ratings","w06","flintstone",6,"plug","plug","plug","X"
"WERLbHrisM97Sa8njspLxo48hq1D6V8RsVCSTTGotC7HiHvIiUCrNVOlUHbScfKy","English_Word_Ratings","w06","flintstone",7,"pp","pp","pp","NOUN"
"WERLbHrisM97Sa8njspLxo48hq1D6V8RsVCSTTGotC7HiHvIiUCrNVOlUHbScfKy","English_Word_Ratings","w06","flintstone",8,"horrify","horrify","horrify","INTJ"
"lzZBcD4N5WdlEJp4FXc4WDU0QXXMUZa3saiMJqn8EsCLw7dkUMjuSISR0HfCREb4","English_Word_Ratings","w06","flintstone",1,"cough","cough","cough","NOUN"
"lzZBcD4N5WdlEJp4FXc4WDU0QXXMUZa3saiMJqn8EsCLw7dkUMjuSISR0HfCREb4","English_Word_Ratings","w06","flintstone",2,"sunshine","sunshine","sunshine","NOUN"
"lzZBcD4N5WdlEJp4FXc4WDU0QXXMUZa3saiMJqn8EsCLw7dkUMjuSISR0HfCREb4","English_Word_Ratings","w06","flintstone",3,"overcome","overcome","overcome","INTJ"
"lzZBcD4N5WdlEJp4FXc4WDU0QXXMUZa3saiMJqn8EsCLw7dkUMjuSISR0HfCREb4","English_Word_Ratings","w06","flintstone",4,"preach","preach","preach","NOUN"
"OQxE9L7Mw12SKUcq9pZmmo3FxWc2uCuUHaraGy5sZW9vGR9PSug2a5hMNwjVlA5c","English_Word_Ratings","w06","flintstone",1,"weight loss","weight loss","weight loss","NOUN NOUN"
"OQxE9L7Mw12SKUcq9pZmmo3FxWc2uCuUHaraGy5sZW9vGR9PSug2a5hMNwjVlA5c","English_Word_Ratings","w06","flintstone",2,"trainspotter","trainspotter","trainspotter","NOUN"
"OQxE9L7Mw12SKUcq9pZmmo3FxWc2uCuUHaraGy5sZW9vGR9PSug2a5hMNwjVlA5c","English_Word_Ratings","w06","flintstone",3,"rash","rash","rash","INTJ"
"OQxE9L7Mw12SKUcq9pZmmo3FxWc2uCuUHaraGy5sZW9vGR9PSug2a5hMNwjVlA5c","English_Word_Ratings","w06","flintstone",4,"prep","prep","prep","INTJ"
"VsSi9vBmSPfWlt7NRbLMin20fVJgh5EyxhB0M3tiDqMhDEh6ip526THZdwm0Gup1","English_Word_Ratings","w06","flintstone",1,"cat toy","cat toy","cat toy","NOUN NOUN"
"VsSi9vBmSPfWlt7NRbLMin20fVJgh5EyxhB0M3tiDqMhDEh6ip526THZdwm0Gup1","English_Word_Ratings","w06","flintstone",2,"runway","runway","runway","INTJ"
"VsSi9vBmSPfWlt7NRbLMin20fVJgh5EyxhB0M3tiDqMhDEh6ip526THZdwm0Gup1","English_Word_Ratings","w06","flintstone",3,"suffocate","suffocate","suffocate","NOUN"
"VsSi9vBmSPfWlt7NRbLMin20fVJgh5EyxhB0M3tiDqMhDEh6ip526THZdwm0Gup1","English_Word_Ratings","w06","flintstone",4,"lust","lust","lust","ADJ"
"VsSi9vBmSPfWlt7NRbLMin20fVJgh5EyxhB0M3tiDqMhDEh6ip526THZdwm0Gup1","English_Word_Ratings","w06","flintstone",5,"rise","rise","rise","NOUN"
"1rQGGdmkluNiDXwCZmvMMjeDbNuEovZX9qG1U4NeMzFi5e2GsTSOsUHnaqrIz503","English_Word_Ratings","w06","flintstone",1,"pike","pike","pike","NOUN"
"1rQGGdmkluNiDXwCZmvMMjeDbNuEovZX9qG1U4NeMzFi5e2GsTSOsUHnaqrIz503","English_Word_Ratings","w06","flintstone",2,"visitation","visitation","visitation","NOUN"
"1rQGGdmkluNiDXwCZmvMMjeDbNuEovZX9qG1U4NeMzFi5e2GsTSOsUHnaqrIz503","English_Word_Ratings","w06","flintstone",3,"flood","flood","flood","NOUN"
"1rQGGdmkluNiDXwCZmvMMjeDbNuEovZX9qG1U4NeMzFi5e2GsTSOsUHnaqrIz503","English_Word_Ratings","w06","flintstone",4,"hold together","hold together","hold together","VERB ADV"
"1rQGGdmkluNiDXwCZmvMMjeDbNuEovZX9qG1U4NeMzFi5e2GsTSOsUHnaqrIz503","English_Word_Ratings","w06","flintstone",5,"propell","propel","propel","NOUN"
"1rQGGdmkluNiDXwCZmvMMjeDbNuEovZX9qG1U4NeMzFi5e2GsTSOsUHnaqrIz503","English_Word_Ratings","w06","flintstone",6,"rumble","rumble","rumble","NOUN"
"g4JaB1MgPE1r4qjranCAuVoa3se9LFY4Hw7KnJj9jwqdBHzKOMXyzPkYnLVzXN3b","English_Word_Ratings","w06","flintstone",1,"readjust","readjust","readjust","VERB"
"g4JaB1MgPE1r4qjranCAuVoa3se9LFY4Hw7KnJj9jwqdBHzKOMXyzPkYnLVzXN3b","English_Word_Ratings","w06","flintstone",2,"crnige","cringe","cringe","NOUN"
"g4JaB1MgPE1r4qjranCAuVoa3se9LFY4Hw7KnJj9jwqdBHzKOMXyzPkYnLVzXN3b","English_Word_Ratings","w06","flintstone",3,"devote","devote","devote","NOUN"
"g4JaB1MgPE1r4qjranCAuVoa3se9LFY4Hw7KnJj9jwqdBHzKOMXyzPkYnLVzXN3b","English_Word_Ratings","w06","flintstone",4,"roommate","roommate","roommate","NOUN"
"sxZt1pXLM7kUV1KxULkPh8B0LAjLRoiJMkJRsCZ73YaImMKyBOOpLKcmQuG6iNZP","English_Word_Ratings","w06","flintstone",1,"shine","shine","shine","NOUN"
"sxZt1pXLM7kUV1KxULkPh8B0LAjLRoiJMkJRsCZ73YaImMKyBOOpLKcmQuG6iNZP","English_Word_Ratings","w06","flintstone",2,"alert","alert","alert","NOUN"
"sxZt1pXLM7kUV1KxULkPh8B0LAjLRoiJMkJRsCZ73YaImMKyBOOpLKcmQuG6iNZP","English_Word_Ratings","w06","flintstone",3,"guidance","guidance","guidance","NOUN"
"A8tz7HX3m2x4GAoKlJAZ1XfBrXKxo5dGxhoV1dKkNdDkugAvJvRJp9tFe33unNJk","English_Word_Ratings","w06","flintstone",1,"ride","ride","ride","NOUN"
"A8tz7HX3m2x4GAoKlJAZ1XfBrXKxo5dGxhoV1dKkNdDkugAvJvRJp9tFe33unNJk","English_Word_Ratings","w06","flintstone",2,"lessen burden","lessen burden","lessen burden","ADJ NOUN"
"A8tz7HX3m2x4GAoKlJAZ1XfBrXKxo5dGxhoV1dKkNdDkugAvJvRJp9tFe33unNJk","English_Word_Ratings","w06","flintstone",3,"escape","escape","escape","NOUN"
"A8tz7HX3m2x4GAoKlJAZ1XfBrXKxo5dGxhoV1dKkNdDkugAvJvRJp9tFe33unNJk","English_Word_Ratings","w06","flintstone",4,"fame","fame","fame","NOUN"
"A8tz7HX3m2x4GAoKlJAZ1XfBrXKxo5dGxhoV1dKkNdDkugAvJvRJp9tFe33unNJk","English_Word_Ratings","w06","flintstone",5,"sun bathe","sun bathe","sun bathey","NOUN NOUN"
"iiEF3G6d0Zwa6x3NPBYACZUcLOZpqLcroUzNwnZmTBRu5KQktL3KH9QJT3QpUY37","English_Word_Ratings","w06","flintstone",1,"launch","launch","launch","NOUN"
"iiEF3G6d0Zwa6x3NPBYACZUcLOZpqLcroUzNwnZmTBRu5KQktL3KH9QJT3QpUY37","English_Word_Ratings","w06","flintstone",2,"complement","complement","complement","NOUN"
"iiEF3G6d0Zwa6x3NPBYACZUcLOZpqLcroUzNwnZmTBRu5KQktL3KH9QJT3QpUY37","English_Word_Ratings","w06","flintstone",3,"drift","drift","drift","NOUN"
"yLAv948rJF5uUpOa1azj6ddWWLX7U3KcGrE4Zl3iQSXxsNsEg2B3M4KSURKG8jYP","English_Word_Ratings","w06","flintstone",1,"betray","betray","betray","INTJ"
"yLAv948rJF5uUpOa1azj6ddWWLX7U3KcGrE4Zl3iQSXxsNsEg2B3M4KSURKG8jYP","English_Word_Ratings","w06","flintstone",2,"splash","splash","splash","NOUN"
"v7tq2P9zqG6N3xAH4o8GvO1YBrnWjahz5rdJByCbpdgbhBPOwT65OuHZHKYl1uFR","English_Word_Ratings","w06","flintstone",1,"blend","blend","blend","NOUN"
"v7tq2P9zqG6N3xAH4o8GvO1YBrnWjahz5rdJByCbpdgbhBPOwT65OuHZHKYl1uFR","English_Word_Ratings","w06","flintstone",2,"barge","barge","barge","NOUN"
"v7tq2P9zqG6N3xAH4o8GvO1YBrnWjahz5rdJByCbpdgbhBPOwT65OuHZHKYl1uFR","English_Word_Ratings","w06","flintstone",3,"plead","plead","plead","NOUN"
"v7tq2P9zqG6N3xAH4o8GvO1YBrnWjahz5rdJByCbpdgbhBPOwT65OuHZHKYl1uFR","English_Word_Ratings","w06","flintstone",4,"blowup","blowup","blowup","NOUN"
"d6NyWdJP1bcvb4qi8hcmuNgepBmDczes1g8QpCTab6HT2HBFidygOyOYJg6MzUXt","English_Word_Ratings","w06","flintstone",1,"hitchhike","hitchhike","hitchhike","INTJ"
"d6NyWdJP1bcvb4qi8hcmuNgepBmDczes1g8QpCTab6HT2HBFidygOyOYJg6MzUXt","English_Word_Ratings","w06","flintstone",2,"amputate","amputate","amputate","NOUN"
"garnFORYQ61r3wCyh826JKL8aDnIglWYXHz7MSvIQBIC8H32nBUgalgql6gZBzlN","English_Word_Ratings","w06","flintstone",1,"operate","operate","operate","NOUN"
"garnFORYQ61r3wCyh826JKL8aDnIglWYXHz7MSvIQBIC8H32nBUgalgql6gZBzlN","English_Word_Ratings","w06","flintstone",2,"rcycle","cycle","cycle","NOUN"
"garnFORYQ61r3wCyh826JKL8aDnIglWYXHz7MSvIQBIC8H32nBUgalgql6gZBzlN","English_Word_Ratings","w06","flintstone",3,"follower","follower","follower","VERB"
"garnFORYQ61r3wCyh826JKL8aDnIglWYXHz7MSvIQBIC8H32nBUgalgql6gZBzlN","English_Word_Ratings","w06","flintstone",4,"rearrange","rearrange","rearrange","VERB"
"garnFORYQ61r3wCyh826JKL8aDnIglWYXHz7MSvIQBIC8H32nBUgalgql6gZBzlN","English_Word_Ratings","w06","flintstone",5,"interrogate","interrogate","interrogate","ADJ"
"garnFORYQ61r3wCyh826JKL8aDnIglWYXHz7MSvIQBIC8H32nBUgalgql6gZBzlN","English_Word_Ratings","w06","flintstone",6,"bomb","bomb","bomb","NOUN"
"garnFORYQ61r3wCyh826JKL8aDnIglWYXHz7MSvIQBIC8H32nBUgalgql6gZBzlN","English_Word_Ratings","w06","flintstone",8,"shave","shave","shave","NOUN"
"garnFORYQ61r3wCyh826JKL8aDnIglWYXHz7MSvIQBIC8H32nBUgalgql6gZBzlN","English_Word_Ratings","w06","flintstone",9,"eyeing","eyeing","eyeing","VERB"
"garnFORYQ61r3wCyh826JKL8aDnIglWYXHz7MSvIQBIC8H32nBUgalgql6gZBzlN","English_Word_Ratings","w06","flintstone",10,"salt","salt","salt","NOUN"
"i7gzsiwaaH625g2xHgXMPfOfI6R9h8LKxyKgcR3DppkfqTpYxlpaGNFv4AOTf78v","English_Word_Ratings","w06","flintstone",1,"stab","stab","stab","NOUN"
"i7gzsiwaaH625g2xHgXMPfOfI6R9h8LKxyKgcR3DppkfqTpYxlpaGNFv4AOTf78v","English_Word_Ratings","w06","flintstone",2,"square","square","square","ADJ"
"i7gzsiwaaH625g2xHgXMPfOfI6R9h8LKxyKgcR3DppkfqTpYxlpaGNFv4AOTf78v","English_Word_Ratings","w06","flintstone",3,"transfusion","transfusion","transfusion","NOUN"
"i7gzsiwaaH625g2xHgXMPfOfI6R9h8LKxyKgcR3DppkfqTpYxlpaGNFv4AOTf78v","English_Word_Ratings","w06","flintstone",4,"hook","hook","hook","INTJ"
"i7gzsiwaaH625g2xHgXMPfOfI6R9h8LKxyKgcR3DppkfqTpYxlpaGNFv4AOTf78v","English_Word_Ratings","w06","flintstone",5,"bakset","basket","basket","NOUN"
"wKTNXd6bXFAL8q4qqOh2llgWoCGmV4nmEB8h4ybNDi4oesm36R1MtrSdkxNsLMnC","English_Word_Ratings","w06","flintstone",3,"persecute","persecute","persecute","X"
"wKTNXd6bXFAL8q4qqOh2llgWoCGmV4nmEB8h4ybNDi4oesm36R1MtrSdkxNsLMnC","English_Word_Ratings","w06","flintstone",4,"small","small","small","ADJ"
"wKTNXd6bXFAL8q4qqOh2llgWoCGmV4nmEB8h4ybNDi4oesm36R1MtrSdkxNsLMnC","English_Word_Ratings","w06","flintstone",5,"feedback","feedback","feedback","NOUN"
"wKTNXd6bXFAL8q4qqOh2llgWoCGmV4nmEB8h4ybNDi4oesm36R1MtrSdkxNsLMnC","English_Word_Ratings","w06","flintstone",6,"loop","loop","loop","VERB"
"GoSFbC6zIahLMncIpKDjoQ5dleIxSC8jVVFIn9Km4i5Y1NIhpLJUPrByLuQc21a6","English_Word_Ratings","w06","flintstone",1,"event","event","event","NOUN"
"GoSFbC6zIahLMncIpKDjoQ5dleIxSC8jVVFIn9Km4i5Y1NIhpLJUPrByLuQc21a6","English_Word_Ratings","w06","flintstone",2,"sin","sin","sin","NOUN"
"sBacIiuSQV6IuSUPRTFQmqG3UmmTN9xKph2xv2OOURpgUNOKXSQsxnE8Saex7WkV","English_Word_Ratings","w06","flintstone",2,"prayer","prayer","prayer","NOUN"
"sBacIiuSQV6IuSUPRTFQmqG3UmmTN9xKph2xv2OOURpgUNOKXSQsxnE8Saex7WkV","English_Word_Ratings","w06","flintstone",3,"clutter","clutter","clutter","NOUN"
"sBacIiuSQV6IuSUPRTFQmqG3UmmTN9xKph2xv2OOURpgUNOKXSQsxnE8Saex7WkV","English_Word_Ratings","w06","flintstone",5,"roleplay","role play","role play","NOUN NOUN"
"sBacIiuSQV6IuSUPRTFQmqG3UmmTN9xKph2xv2OOURpgUNOKXSQsxnE8Saex7WkV","English_Word_Ratings","w06","flintstone",6,"shake","shake","shake","NOUN"
"sBacIiuSQV6IuSUPRTFQmqG3UmmTN9xKph2xv2OOURpgUNOKXSQsxnE8Saex7WkV","English_Word_Ratings","w06","flintstone",7,"compress","compress","compress","NOUN"
"sBacIiuSQV6IuSUPRTFQmqG3UmmTN9xKph2xv2OOURpgUNOKXSQsxnE8Saex7WkV","English_Word_Ratings","w06","flintstone",8,"retrain","retrain","retrain","NOUN"
"kO56Jn0idpJWnDDMSRMIU9DECzlitjq3w7Z1s2KfSCMDE6YZiy9U0xnv6wljxLlh","English_Word_Ratings","w06","flintstone",1,"enrich","enrich","enrich","NOUN"
"kO56Jn0idpJWnDDMSRMIU9DECzlitjq3w7Z1s2KfSCMDE6YZiy9U0xnv6wljxLlh","English_Word_Ratings","w06","flintstone",2,"origami","origami","origami","NOUN"
"kO56Jn0idpJWnDDMSRMIU9DECzlitjq3w7Z1s2KfSCMDE6YZiy9U0xnv6wljxLlh","English_Word_Ratings","w06","flintstone",3,"rewrite","rewrite","rewrite","X"
"kO56Jn0idpJWnDDMSRMIU9DECzlitjq3w7Z1s2KfSCMDE6YZiy9U0xnv6wljxLlh","English_Word_Ratings","w06","flintstone",5,"boom","boom","boom","NOUN"
"LSuU7j19LztOjJyzbaQVC813k4Xs1HHJRzjUOC3xGQR21Jg71xWUBLSqxxfwF8n3","English_Word_Ratings","w06","flintstone",1,"thing","thing","thing","NOUN"
"LSuU7j19LztOjJyzbaQVC813k4Xs1HHJRzjUOC3xGQR21Jg71xWUBLSqxxfwF8n3","English_Word_Ratings","w06","flintstone",2,"hot","hot","hot","ADJ"
"LSuU7j19LztOjJyzbaQVC813k4Xs1HHJRzjUOC3xGQR21Jg71xWUBLSqxxfwF8n3","English_Word_Ratings","w06","flintstone",3,"cocktail","cocktail","cocktail","NOUN"
"LSuU7j19LztOjJyzbaQVC813k4Xs1HHJRzjUOC3xGQR21Jg71xWUBLSqxxfwF8n3","English_Word_Ratings","w06","flintstone",4,"assist","assist","assist","VERB"
"LSuU7j19LztOjJyzbaQVC813k4Xs1HHJRzjUOC3xGQR21Jg71xWUBLSqxxfwF8n3","English_Word_Ratings","w06","flintstone",5,"defecate","defecate","defecate","NOUN"
"YReDSBupRsykKwPjPFxhEKJ9WrWhRKquBSvqA45zIjX2ea9uVVVtSygOIdC1LG2h","English_Word_Ratings","w06","flintstone",1,"trot","trot","trot","NOUN"
"YReDSBupRsykKwPjPFxhEKJ9WrWhRKquBSvqA45zIjX2ea9uVVVtSygOIdC1LG2h","English_Word_Ratings","w06","flintstone",2,"silence","silence","silence","NOUN"
"HgQcnYS7bLBLsGHsEWYXm89MfSMSM8NNKgbmYc1Ws5lXQCnjE1r1xFC1VARqczsu","English_Word_Ratings","w06","flintstone",1,"ell","ell","ell","INTJ"
"HgQcnYS7bLBLsGHsEWYXm89MfSMSM8NNKgbmYc1Ws5lXQCnjE1r1xFC1VARqczsu","English_Word_Ratings","w06","flintstone",3,"categorize","categorize","categorize","NOUN"
"HgQcnYS7bLBLsGHsEWYXm89MfSMSM8NNKgbmYc1Ws5lXQCnjE1r1xFC1VARqczsu","English_Word_Ratings","w06","flintstone",5,"brace","brace","brace","NOUN"
"HgQcnYS7bLBLsGHsEWYXm89MfSMSM8NNKgbmYc1Ws5lXQCnjE1r1xFC1VARqczsu","English_Word_Ratings","w06","flintstone",6,"passage","passage","passage","NOUN"
"HgQcnYS7bLBLsGHsEWYXm89MfSMSM8NNKgbmYc1Ws5lXQCnjE1r1xFC1VARqczsu","English_Word_Ratings","w06","flintstone",7,"right","right","right","INTJ"
"DN6wJxt2qT1Np5PlWQiffYY3Uj2fhio8LP2BS98Ht1WUs0dFRBairReZaXoTmHEP","English_Word_Ratings","w06","flintstone",1,"dopamine","dopamine","dopamine","NOUN"
"DN6wJxt2qT1Np5PlWQiffYY3Uj2fhio8LP2BS98Ht1WUs0dFRBairReZaXoTmHEP","English_Word_Ratings","w06","flintstone",3,"commission","commission","commission","NOUN"
"DN6wJxt2qT1Np5PlWQiffYY3Uj2fhio8LP2BS98Ht1WUs0dFRBairReZaXoTmHEP","English_Word_Ratings","w06","flintstone",5,"applause","applause","applause","NOUN"
"DN6wJxt2qT1Np5PlWQiffYY3Uj2fhio8LP2BS98Ht1WUs0dFRBairReZaXoTmHEP","English_Word_Ratings","w06","flintstone",6,"sculp","sculpt","sculpt","NOUN"
"DN6wJxt2qT1Np5PlWQiffYY3Uj2fhio8LP2BS98Ht1WUs0dFRBairReZaXoTmHEP","English_Word_Ratings","w06","flintstone",7,"ladder","ladder","ladder","NOUN"
"DN6wJxt2qT1Np5PlWQiffYY3Uj2fhio8LP2BS98Ht1WUs0dFRBairReZaXoTmHEP","English_Word_Ratings","w06","flintstone",8,"prosecute","prosecute","prosecute","VERB"
"DN6wJxt2qT1Np5PlWQiffYY3Uj2fhio8LP2BS98Ht1WUs0dFRBairReZaXoTmHEP","English_Word_Ratings","w06","flintstone",9,"burnish","burnish","burnish","INTJ"
"o5DMFT7lEisuLPj9cmVBQLnIxZkz0iM23cfDJOL9HqvghxE6MFdH5AfsRQ9r0D2j","English_Word_Ratings","w06","flintstone",1,"suicide","suicide","suicide","NOUN"
"o5DMFT7lEisuLPj9cmVBQLnIxZkz0iM23cfDJOL9HqvghxE6MFdH5AfsRQ9r0D2j","English_Word_Ratings","w06","flintstone",2,"tribute","tribute","tribute","X"
"o5DMFT7lEisuLPj9cmVBQLnIxZkz0iM23cfDJOL9HqvghxE6MFdH5AfsRQ9r0D2j","English_Word_Ratings","w06","flintstone",3,"define","define","define","INTJ"
"o5DMFT7lEisuLPj9cmVBQLnIxZkz0iM23cfDJOL9HqvghxE6MFdH5AfsRQ9r0D2j","English_Word_Ratings","w06","flintstone",4,"hull","hull","hull","INTJ"
"o5DMFT7lEisuLPj9cmVBQLnIxZkz0iM23cfDJOL9HqvghxE6MFdH5AfsRQ9r0D2j","English_Word_Ratings","w06","flintstone",6,"blackmail","blackmail","blackmail","NOUN"
"o5DMFT7lEisuLPj9cmVBQLnIxZkz0iM23cfDJOL9HqvghxE6MFdH5AfsRQ9r0D2j","English_Word_Ratings","w06","flintstone",7,"spend","spend","spend","NOUN"
"o5DMFT7lEisuLPj9cmVBQLnIxZkz0iM23cfDJOL9HqvghxE6MFdH5AfsRQ9r0D2j","English_Word_Ratings","w06","flintstone",8,"judge","judge","judge","NOUN"
"o5DMFT7lEisuLPj9cmVBQLnIxZkz0iM23cfDJOL9HqvghxE6MFdH5AfsRQ9r0D2j","English_Word_Ratings","w06","flintstone",9,"underwear","underwear","underwear","ADJ"
"FibKe5OYiPqz2UUn75mURehUDCnnAmvduGjCpCkj9jFTXR7BfZxkaHsHG0ZZQtwF","English_Word_Ratings","w06","flintstone",1,"fantasy football","fantasy football","fantasy football","NOUN NOUN"
"FibKe5OYiPqz2UUn75mURehUDCnnAmvduGjCpCkj9jFTXR7BfZxkaHsHG0ZZQtwF","English_Word_Ratings","w06","flintstone",2,"idea","idea","idea","NOUN"
"50X4V7q3Et1XAYfAEDSwioMfQS8YbRUtzDW2SFCVjvd0kNGpkiwqdWUnTkiNNE80","English_Word_Ratings","w06","flintstone",1,"notch","notch","notch","NOUN"
"WERLbHrisM97Sa8njspLxo48hq1D6V8RsVCSTTGotC7HiHvIiUCrNVOlUHbScfKy","English_Word_Ratings","w07","brig",1,"realize","realize","realize","VERB"
"WERLbHrisM97Sa8njspLxo48hq1D6V8RsVCSTTGotC7HiHvIiUCrNVOlUHbScfKy","English_Word_Ratings","w07","brig",2,"sustain","sustain","sustain","NOUN"
"WERLbHrisM97Sa8njspLxo48hq1D6V8RsVCSTTGotC7HiHvIiUCrNVOlUHbScfKy","English_Word_Ratings","w07","brig",3,"boyfriend","boyfriend","boyfriend","NOUN"
"WERLbHrisM97Sa8njspLxo48hq1D6V8RsVCSTTGotC7HiHvIiUCrNVOlUHbScfKy","English_Word_Ratings","w07","brig",4,"cork","cork","cork","NOUN"
"WERLbHrisM97Sa8njspLxo48hq1D6V8RsVCSTTGotC7HiHvIiUCrNVOlUHbScfKy","English_Word_Ratings","w07","brig",5,"mentor","mentor","mentor","NOUN"
"WERLbHrisM97Sa8njspLxo48hq1D6V8RsVCSTTGotC7HiHvIiUCrNVOlUHbScfKy","English_Word_Ratings","w07","brig",6,"curate","curate","curate","NOUN"
"WERLbHrisM97Sa8njspLxo48hq1D6V8RsVCSTTGotC7HiHvIiUCrNVOlUHbScfKy","English_Word_Ratings","w07","brig",7,"pardon","pardon","pardon","NOUN"
"lzZBcD4N5WdlEJp4FXc4WDU0QXXMUZa3saiMJqn8EsCLw7dkUMjuSISR0HfCREb4","English_Word_Ratings","w07","brig",2,"toaster","toaster","toaster","NOUN"
"lzZBcD4N5WdlEJp4FXc4WDU0QXXMUZa3saiMJqn8EsCLw7dkUMjuSISR0HfCREb4","English_Word_Ratings","w07","brig",3,"confetti","confetti","confetti","NOUN"
"lzZBcD4N5WdlEJp4FXc4WDU0QXXMUZa3saiMJqn8EsCLw7dkUMjuSISR0HfCREb4","English_Word_Ratings","w07","brig",6,"memory","memory","memory","NOUN"
"lzZBcD4N5WdlEJp4FXc4WDU0QXXMUZa3saiMJqn8EsCLw7dkUMjuSISR0HfCREb4","English_Word_Ratings","w07","brig",7,"makeshift","makeshift","makeshift","VERB"
"lzZBcD4N5WdlEJp4FXc4WDU0QXXMUZa3saiMJqn8EsCLw7dkUMjuSISR0HfCREb4","English_Word_Ratings","w07","brig",8,"push-up","push-up","push - up","NOUN PUNCT NOUN"
"lzZBcD4N5WdlEJp4FXc4WDU0QXXMUZa3saiMJqn8EsCLw7dkUMjuSISR0HfCREb4","English_Word_Ratings","w07","brig",9,"return","return","return","NOUN"
"OQxE9L7Mw12SKUcq9pZmmo3FxWc2uCuUHaraGy5sZW9vGR9PSug2a5hMNwjVlA5c","English_Word_Ratings","w07","brig",1,"skin routine","skin routine","skin routine","NOUN NOUN"
"OQxE9L7Mw12SKUcq9pZmmo3FxWc2uCuUHaraGy5sZW9vGR9PSug2a5hMNwjVlA5c","English_Word_Ratings","w07","brig",3,"nip","nip","nip","NOUN"
"OQxE9L7Mw12SKUcq9pZmmo3FxWc2uCuUHaraGy5sZW9vGR9PSug2a5hMNwjVlA5c","English_Word_Ratings","w07","brig",4,"lever","lever","lever","ADV"
"OQxE9L7Mw12SKUcq9pZmmo3FxWc2uCuUHaraGy5sZW9vGR9PSug2a5hMNwjVlA5c","English_Word_Ratings","w07","brig",5,"impale","impale","impale","ADJ"
"VsSi9vBmSPfWlt7NRbLMin20fVJgh5EyxhB0M3tiDqMhDEh6ip526THZdwm0Gup1","English_Word_Ratings","w07","brig",1,"hear","hear","hear","VERB"
"1rQGGdmkluNiDXwCZmvMMjeDbNuEovZX9qG1U4NeMzFi5e2GsTSOsUHnaqrIz503","English_Word_Ratings","w07","brig",1,"court","court","court","NOUN"
"1rQGGdmkluNiDXwCZmvMMjeDbNuEovZX9qG1U4NeMzFi5e2GsTSOsUHnaqrIz503","English_Word_Ratings","w07","brig",3,"tithe","tithe","tithe","DET"
"g4JaB1MgPE1r4qjranCAuVoa3se9LFY4Hw7KnJj9jwqdBHzKOMXyzPkYnLVzXN3b","English_Word_Ratings","w07","brig",1,"money","money","money","NOUN"
"g4JaB1MgPE1r4qjranCAuVoa3se9LFY4Hw7KnJj9jwqdBHzKOMXyzPkYnLVzXN3b","English_Word_Ratings","w07","brig",2,"unclip","uncle","uncle","NOUN"
"sxZt1pXLM7kUV1KxULkPh8B0LAjLRoiJMkJRsCZ73YaImMKyBOOpLKcmQuG6iNZP","English_Word_Ratings","w07","brig",1,"homecom","home com","home com","ADV X"
"sxZt1pXLM7kUV1KxULkPh8B0LAjLRoiJMkJRsCZ73YaImMKyBOOpLKcmQuG6iNZP","English_Word_Ratings","w07","brig",2,"revenue","revenue","revenue","NOUN"
"sxZt1pXLM7kUV1KxULkPh8B0LAjLRoiJMkJRsCZ73YaImMKyBOOpLKcmQuG6iNZP","English_Word_Ratings","w07","brig",3,"quizz","quiz","quiz","NOUN"
"sxZt1pXLM7kUV1KxULkPh8B0LAjLRoiJMkJRsCZ73YaImMKyBOOpLKcmQuG6iNZP","English_Word_Ratings","w07","brig",4,"round up","round up","round up","ADV ADV"
"A8tz7HX3m2x4GAoKlJAZ1XfBrXKxo5dGxhoV1dKkNdDkugAvJvRJp9tFe33unNJk","English_Word_Ratings","w07","brig",2,"infrastructure","infrastructure","infrastructure","NOUN"
"iiEF3G6d0Zwa6x3NPBYACZUcLOZpqLcroUzNwnZmTBRu5KQktL3KH9QJT3QpUY37","English_Word_Ratings","w07","brig",1,"primp","primp","primp","NOUN"
"iiEF3G6d0Zwa6x3NPBYACZUcLOZpqLcroUzNwnZmTBRu5KQktL3KH9QJT3QpUY37","English_Word_Ratings","w07","brig",2,"toast","toast","toast","NOUN"
"iiEF3G6d0Zwa6x3NPBYACZUcLOZpqLcroUzNwnZmTBRu5KQktL3KH9QJT3QpUY37","English_Word_Ratings","w07","brig",3,"husband","husband","husband","NOUN"
"iiEF3G6d0Zwa6x3NPBYACZUcLOZpqLcroUzNwnZmTBRu5KQktL3KH9QJT3QpUY37","English_Word_Ratings","w07","brig",5,"ferment","ferment","ferment","NOUN"
"iiEF3G6d0Zwa6x3NPBYACZUcLOZpqLcroUzNwnZmTBRu5KQktL3KH9QJT3QpUY37","English_Word_Ratings","w07","brig",6,"map","map","map","NOUN"
"iiEF3G6d0Zwa6x3NPBYACZUcLOZpqLcroUzNwnZmTBRu5KQktL3KH9QJT3QpUY37","English_Word_Ratings","w07","brig",7,"spice","spice","spice","NOUN"
"iiEF3G6d0Zwa6x3NPBYACZUcLOZpqLcroUzNwnZmTBRu5KQktL3KH9QJT3QpUY37","English_Word_Ratings","w07","brig",8,"administrate","administrate","administrate","VERB"
"yLAv948rJF5uUpOa1azj6ddWWLX7U3KcGrE4Zl3iQSXxsNsEg2B3M4KSURKG8jYP","English_Word_Ratings","w07","brig",1,"knock","knock","knock","NOUN"
"yLAv948rJF5uUpOa1azj6ddWWLX7U3KcGrE4Zl3iQSXxsNsEg2B3M4KSURKG8jYP","English_Word_Ratings","w07","brig",2,"furrow","furrow","furrow","NOUN"
"yLAv948rJF5uUpOa1azj6ddWWLX7U3KcGrE4Zl3iQSXxsNsEg2B3M4KSURKG8jYP","English_Word_Ratings","w07","brig",3,"practice","practice","practice","NOUN"
"v7tq2P9zqG6N3xAH4o8GvO1YBrnWjahz5rdJByCbpdgbhBPOwT65OuHZHKYl1uFR","English_Word_Ratings","w07","brig",1,"sleep","sleep","sleep","NOUN"
"v7tq2P9zqG6N3xAH4o8GvO1YBrnWjahz5rdJByCbpdgbhBPOwT65OuHZHKYl1uFR","English_Word_Ratings","w07","brig",2,"upgrade","upgrade","upgrade","NOUN"
"v7tq2P9zqG6N3xAH4o8GvO1YBrnWjahz5rdJByCbpdgbhBPOwT65OuHZHKYl1uFR","English_Word_Ratings","w07","brig",3,"stimulate","stimulate","stimulate","NOUN"
"v7tq2P9zqG6N3xAH4o8GvO1YBrnWjahz5rdJByCbpdgbhBPOwT65OuHZHKYl1uFR","English_Word_Ratings","w07","brig",4,"dupe","dupe","dupe","NOUN"
"d6NyWdJP1bcvb4qi8hcmuNgepBmDczes1g8QpCTab6HT2HBFidygOyOYJg6MzUXt","English_Word_Ratings","w07","brig",1,"select","select","select","VERB"
"d6NyWdJP1bcvb4qi8hcmuNgepBmDczes1g8QpCTab6HT2HBFidygOyOYJg6MzUXt","English_Word_Ratings","w07","brig",2,"shift","shift","shift","NOUN"
"d6NyWdJP1bcvb4qi8hcmuNgepBmDczes1g8QpCTab6HT2HBFidygOyOYJg6MzUXt","English_Word_Ratings","w07","brig",3,"peanut butter","peanut butter","peanut butter","NOUN NOUN"
"d6NyWdJP1bcvb4qi8hcmuNgepBmDczes1g8QpCTab6HT2HBFidygOyOYJg6MzUXt","English_Word_Ratings","w07","brig",4,"eare","ware","ware","NOUN"
"d6NyWdJP1bcvb4qi8hcmuNgepBmDczes1g8QpCTab6HT2HBFidygOyOYJg6MzUXt","English_Word_Ratings","w07","brig",5,"caeg","cage","cage","NOUN"
"garnFORYQ61r3wCyh826JKL8aDnIglWYXHz7MSvIQBIC8H32nBUgalgql6gZBzlN","English_Word_Ratings","w07","brig",1,"lunch","lunch","lunch","NOUN"
"garnFORYQ61r3wCyh826JKL8aDnIglWYXHz7MSvIQBIC8H32nBUgalgql6gZBzlN","English_Word_Ratings","w07","brig",2,"spear","spear","spare","NOUN"
"garnFORYQ61r3wCyh826JKL8aDnIglWYXHz7MSvIQBIC8H32nBUgalgql6gZBzlN","English_Word_Ratings","w07","brig",3,"return","return","return","NOUN"
"i7gzsiwaaH625g2xHgXMPfOfI6R9h8LKxyKgcR3DppkfqTpYxlpaGNFv4AOTf78v","English_Word_Ratings","w07","brig",1,"dig up","dig up","dig up","VERB ADP"
"i7gzsiwaaH625g2xHgXMPfOfI6R9h8LKxyKgcR3DppkfqTpYxlpaGNFv4AOTf78v","English_Word_Ratings","w07","brig",2,"transition","transition","transition","NOUN"
"wKTNXd6bXFAL8q4qqOh2llgWoCGmV4nmEB8h4ybNDi4oesm36R1MtrSdkxNsLMnC","English_Word_Ratings","w07","brig",1,"drench","drench","drench","NOUN"
"wKTNXd6bXFAL8q4qqOh2llgWoCGmV4nmEB8h4ybNDi4oesm36R1MtrSdkxNsLMnC","English_Word_Ratings","w07","brig",2,"update","update","update","NOUN"
"wKTNXd6bXFAL8q4qqOh2llgWoCGmV4nmEB8h4ybNDi4oesm36R1MtrSdkxNsLMnC","English_Word_Ratings","w07","brig",3,"advisor","advisor","advisor","NOUN"
"GoSFbC6zIahLMncIpKDjoQ5dleIxSC8jVVFIn9Km4i5Y1NIhpLJUPrByLuQc21a6","English_Word_Ratings","w07","brig",1,"machin","machine","machine","NOUN"
"GoSFbC6zIahLMncIpKDjoQ5dleIxSC8jVVFIn9Km4i5Y1NIhpLJUPrByLuQc21a6","English_Word_Ratings","w07","brig",2,"follower","follower","follower","VERB"
"sBacIiuSQV6IuSUPRTFQmqG3UmmTN9xKph2xv2OOURpgUNOKXSQsxnE8Saex7WkV","English_Word_Ratings","w07","brig",1,"transcribe","transcribe","transcribe","VERB"
"sBacIiuSQV6IuSUPRTFQmqG3UmmTN9xKph2xv2OOURpgUNOKXSQsxnE8Saex7WkV","English_Word_Ratings","w07","brig",2,"interview","interview","interview","NOUN"
"sBacIiuSQV6IuSUPRTFQmqG3UmmTN9xKph2xv2OOURpgUNOKXSQsxnE8Saex7WkV","English_Word_Ratings","w07","brig",3,"reconcile","reconcile","reconcile","NOUN"
"sBacIiuSQV6IuSUPRTFQmqG3UmmTN9xKph2xv2OOURpgUNOKXSQsxnE8Saex7WkV","English_Word_Ratings","w07","brig",4,"puzzle","puzzle","puzzle","NOUN"
"sBacIiuSQV6IuSUPRTFQmqG3UmmTN9xKph2xv2OOURpgUNOKXSQsxnE8Saex7WkV","English_Word_Ratings","w07","brig",6,"can","can","can","AUX"
"sBacIiuSQV6IuSUPRTFQmqG3UmmTN9xKph2xv2OOURpgUNOKXSQsxnE8Saex7WkV","English_Word_Ratings","w07","brig",8,"purr","purr","purr","NOUN"
"kO56Jn0idpJWnDDMSRMIU9DECzlitjq3w7Z1s2KfSCMDE6YZiy9U0xnv6wljxLlh","English_Word_Ratings","w07","brig",1,"ingredient","ingredient","ingredient","NOUN"
"kO56Jn0idpJWnDDMSRMIU9DECzlitjq3w7Z1s2KfSCMDE6YZiy9U0xnv6wljxLlh","English_Word_Ratings","w07","brig",2,"customize","customize","customize","NOUN"
"LSuU7j19LztOjJyzbaQVC813k4Xs1HHJRzjUOC3xGQR21Jg71xWUBLSqxxfwF8n3","English_Word_Ratings","w07","brig",1,"refurbish","refurbish","refurbish","INTJ"
"LSuU7j19LztOjJyzbaQVC813k4Xs1HHJRzjUOC3xGQR21Jg71xWUBLSqxxfwF8n3","English_Word_Ratings","w07","brig",2,"discriminate","discriminate","discriminate","VERB"
"YReDSBupRsykKwPjPFxhEKJ9WrWhRKquBSvqA45zIjX2ea9uVVVtSygOIdC1LG2h","English_Word_Ratings","w07","brig",1,"labor","labor","labor","NOUN"
"YReDSBupRsykKwPjPFxhEKJ9WrWhRKquBSvqA45zIjX2ea9uVVVtSygOIdC1LG2h","English_Word_Ratings","w07","brig",2,"leaves","leaves","leave","VERB"
"YReDSBupRsykKwPjPFxhEKJ9WrWhRKquBSvqA45zIjX2ea9uVVVtSygOIdC1LG2h","English_Word_Ratings","w07","brig",3,"state","state","state","NOUN"
"YReDSBupRsykKwPjPFxhEKJ9WrWhRKquBSvqA45zIjX2ea9uVVVtSygOIdC1LG2h","English_Word_Ratings","w07","brig",4,"cash out","cash out","cash out","NOUN ADV"
"YReDSBupRsykKwPjPFxhEKJ9WrWhRKquBSvqA45zIjX2ea9uVVVtSygOIdC1LG2h","English_Word_Ratings","w07","brig",5,"lock up","lock up","lock up","VERB ADP"
"HgQcnYS7bLBLsGHsEWYXm89MfSMSM8NNKgbmYc1Ws5lXQCnjE1r1xFC1VARqczsu","English_Word_Ratings","w07","brig",2,"wig","wig","wig","X"
"HgQcnYS7bLBLsGHsEWYXm89MfSMSM8NNKgbmYc1Ws5lXQCnjE1r1xFC1VARqczsu","English_Word_Ratings","w07","brig",3,"grind","grind","grind","INTJ"
"HgQcnYS7bLBLsGHsEWYXm89MfSMSM8NNKgbmYc1Ws5lXQCnjE1r1xFC1VARqczsu","English_Word_Ratings","w07","brig",4,"confin","confine","confine","NOUN"
"HgQcnYS7bLBLsGHsEWYXm89MfSMSM8NNKgbmYc1Ws5lXQCnjE1r1xFC1VARqczsu","English_Word_Ratings","w07","brig",5,"life","life","life","NOUN"
"HgQcnYS7bLBLsGHsEWYXm89MfSMSM8NNKgbmYc1Ws5lXQCnjE1r1xFC1VARqczsu","English_Word_Ratings","w07","brig",6,"podcast","podcast","podcast","NOUN"
"HgQcnYS7bLBLsGHsEWYXm89MfSMSM8NNKgbmYc1Ws5lXQCnjE1r1xFC1VARqczsu","English_Word_Ratings","w07","brig",7,"party","party","party","NOUN"
"HgQcnYS7bLBLsGHsEWYXm89MfSMSM8NNKgbmYc1Ws5lXQCnjE1r1xFC1VARqczsu","English_Word_Ratings","w07","brig",8,"clog","clog","clog","NOUN"
"DN6wJxt2qT1Np5PlWQiffYY3Uj2fhio8LP2BS98Ht1WUs0dFRBairReZaXoTmHEP","English_Word_Ratings","w07","brig",1,"idenfity","identify","identify","VERB"
"DN6wJxt2qT1Np5PlWQiffYY3Uj2fhio8LP2BS98Ht1WUs0dFRBairReZaXoTmHEP","English_Word_Ratings","w07","brig",2,"turn off","turn off","turn off","VERB ADP"
"DN6wJxt2qT1Np5PlWQiffYY3Uj2fhio8LP2BS98Ht1WUs0dFRBairReZaXoTmHEP","English_Word_Ratings","w07","brig",3,"prey","prey","prey","INTJ"
"o5DMFT7lEisuLPj9cmVBQLnIxZkz0iM23cfDJOL9HqvghxE6MFdH5AfsRQ9r0D2j","English_Word_Ratings","w07","brig",1,"restart","restart","restart","NOUN"
"o5DMFT7lEisuLPj9cmVBQLnIxZkz0iM23cfDJOL9HqvghxE6MFdH5AfsRQ9r0D2j","English_Word_Ratings","w07","brig",2,"fix wobble","fix wobble","fix wobble","VERB ADV"
"FibKe5OYiPqz2UUn75mURehUDCnnAmvduGjCpCkj9jFTXR7BfZxkaHsHG0ZZQtwF","English_Word_Ratings","w07","brig",1,"watch","watch","watch","VERB"
"FibKe5OYiPqz2UUn75mURehUDCnnAmvduGjCpCkj9jFTXR7BfZxkaHsHG0ZZQtwF","English_Word_Ratings","w07","brig",3,"design","design","design","NOUN"
"FibKe5OYiPqz2UUn75mURehUDCnnAmvduGjCpCkj9jFTXR7BfZxkaHsHG0ZZQtwF","English_Word_Ratings","w07","brig",4,"electricity","electricity","electricity","NOUN"
"50X4V7q3Et1XAYfAEDSwioMfQS8YbRUtzDW2SFCVjvd0kNGpkiwqdWUnTkiNNE80","English_Word_Ratings","w07","brig",1,"fan","fan","fan","NOUN"
"50X4V7q3Et1XAYfAEDSwioMfQS8YbRUtzDW2SFCVjvd0kNGpkiwqdWUnTkiNNE80","English_Word_Ratings","w07","brig",2,"crutch","crutch","crutch","NOUN"
"50X4V7q3Et1XAYfAEDSwioMfQS8YbRUtzDW2SFCVjvd0kNGpkiwqdWUnTkiNNE80","English_Word_Ratings","w07","brig",3,"timer","timer","timer","NOUN"
"50X4V7q3Et1XAYfAEDSwioMfQS8YbRUtzDW2SFCVjvd0kNGpkiwqdWUnTkiNNE80","English_Word_Ratings","w07","brig",4,"scatter","scatter","scatter","NOUN"
"50X4V7q3Et1XAYfAEDSwioMfQS8YbRUtzDW2SFCVjvd0kNGpkiwqdWUnTkiNNE80","English_Word_Ratings","w07","brig",5,"regulate","regulate","regulate","VERB"
"WERLbHrisM97Sa8njspLxo48hq1D6V8RsVCSTTGotC7HiHvIiUCrNVOlUHbScfKy","English_Word_Ratings","w08","park",1,"take out anger","take out anger","take out anger","VERB ADP NOUN"
"lzZBcD4N5WdlEJp4FXc4WDU0QXXMUZa3saiMJqn8EsCLw7dkUMjuSISR0HfCREb4","English_Word_Ratings","w08","park",1,"microwave","microwave","microwave","NOUN"
"lzZBcD4N5WdlEJp4FXc4WDU0QXXMUZa3saiMJqn8EsCLw7dkUMjuSISR0HfCREb4","English_Word_Ratings","w08","park",2,"crease","crease","crease","NOUN"
"lzZBcD4N5WdlEJp4FXc4WDU0QXXMUZa3saiMJqn8EsCLw7dkUMjuSISR0HfCREb4","English_Word_Ratings","w08","park",3,"trash","trash","trash","INTJ"
"lzZBcD4N5WdlEJp4FXc4WDU0QXXMUZa3saiMJqn8EsCLw7dkUMjuSISR0HfCREb4","English_Word_Ratings","w08","park",4,"cool","cool","cool","ADJ"
"lzZBcD4N5WdlEJp4FXc4WDU0QXXMUZa3saiMJqn8EsCLw7dkUMjuSISR0HfCREb4","English_Word_Ratings","w08","park",5,"sink","sink","sink","NOUN"
"lzZBcD4N5WdlEJp4FXc4WDU0QXXMUZa3saiMJqn8EsCLw7dkUMjuSISR0HfCREb4","English_Word_Ratings","w08","park",6,"imagination","imagination","imagination","NOUN"
"OQxE9L7Mw12SKUcq9pZmmo3FxWc2uCuUHaraGy5sZW9vGR9PSug2a5hMNwjVlA5c","English_Word_Ratings","w08","park",1,"mix","mix","mix","NOUN"
"OQxE9L7Mw12SKUcq9pZmmo3FxWc2uCuUHaraGy5sZW9vGR9PSug2a5hMNwjVlA5c","English_Word_Ratings","w08","park",2,"landmark","landmark","landmark","NOUN"
"OQxE9L7Mw12SKUcq9pZmmo3FxWc2uCuUHaraGy5sZW9vGR9PSug2a5hMNwjVlA5c","English_Word_Ratings","w08","park",3,"glance","glance","glance","NOUN"
"OQxE9L7Mw12SKUcq9pZmmo3FxWc2uCuUHaraGy5sZW9vGR9PSug2a5hMNwjVlA5c","English_Word_Ratings","w08","park",4,"camouflage","camouflage","camouflage","NOUN"
"VsSi9vBmSPfWlt7NRbLMin20fVJgh5EyxhB0M3tiDqMhDEh6ip526THZdwm0Gup1","English_Word_Ratings","w08","park",1,"relive","relive","relive","ADJ"
"VsSi9vBmSPfWlt7NRbLMin20fVJgh5EyxhB0M3tiDqMhDEh6ip526THZdwm0Gup1","English_Word_Ratings","w08","park",2,"satire","satire","satire","NOUN"
"1rQGGdmkluNiDXwCZmvMMjeDbNuEovZX9qG1U4NeMzFi5e2GsTSOsUHnaqrIz503","English_Word_Ratings","w08","park",1,"inhal","inhale","inhale","NOUN"
"1rQGGdmkluNiDXwCZmvMMjeDbNuEovZX9qG1U4NeMzFi5e2GsTSOsUHnaqrIz503","English_Word_Ratings","w08","park",2,"service","service","service","NOUN"
"1rQGGdmkluNiDXwCZmvMMjeDbNuEovZX9qG1U4NeMzFi5e2GsTSOsUHnaqrIz503","English_Word_Ratings","w08","park",3,"stood","stood","stood","NOUN"
"1rQGGdmkluNiDXwCZmvMMjeDbNuEovZX9qG1U4NeMzFi5e2GsTSOsUHnaqrIz503","English_Word_Ratings","w08","park",4,"spot","spot","spot","NOUN"
"1rQGGdmkluNiDXwCZmvMMjeDbNuEovZX9qG1U4NeMzFi5e2GsTSOsUHnaqrIz503","English_Word_Ratings","w08","park",5,"soar","soar","soar","NOUN"
"g4JaB1MgPE1r4qjranCAuVoa3se9LFY4Hw7KnJj9jwqdBHzKOMXyzPkYnLVzXN3b","English_Word_Ratings","w08","park",2,"rewrite","rewrite","rewrite","X"
"g4JaB1MgPE1r4qjranCAuVoa3se9LFY4Hw7KnJj9jwqdBHzKOMXyzPkYnLVzXN3b","English_Word_Ratings","w08","park",3,"seed","seed","see","VERB"
"sxZt1pXLM7kUV1KxULkPh8B0LAjLRoiJMkJRsCZ73YaImMKyBOOpLKcmQuG6iNZP","English_Word_Ratings","w08","park",1,"promotion","promotion","promotion","NOUN"
"sxZt1pXLM7kUV1KxULkPh8B0LAjLRoiJMkJRsCZ73YaImMKyBOOpLKcmQuG6iNZP","English_Word_Ratings","w08","park",2,"journal","journal","journal","NOUN"
"A8tz7HX3m2x4GAoKlJAZ1XfBrXKxo5dGxhoV1dKkNdDkugAvJvRJp9tFe33unNJk","English_Word_Ratings","w08","park",1,"basket","basket","basket","NOUN"
"A8tz7HX3m2x4GAoKlJAZ1XfBrXKxo5dGxhoV1dKkNdDkugAvJvRJp9tFe33unNJk","English_Word_Ratings","w08","park",2,"simmer","simmer","simmer","NOUN"
"A8tz7HX3m2x4GAoKlJAZ1XfBrXKxo5dGxhoV1dKkNdDkugAvJvRJp9tFe33unNJk","English_Word_Ratings","w08","park",3,"lament","lament","lament","NOUN"
"iiEF3G6d0Zwa6x3NPBYACZUcLOZpqLcroUzNwnZmTBRu5KQktL3KH9QJT3QpUY37","English_Word_Ratings","w08","park",1,"birdfeed","birdseed","birdseed","NOUN"
"iiEF3G6d0Zwa6x3NPBYACZUcLOZpqLcroUzNwnZmTBRu5KQktL3KH9QJT3QpUY37","English_Word_Ratings","w08","park",2,"hceap","cheap","cheap","ADJ"
"iiEF3G6d0Zwa6x3NPBYACZUcLOZpqLcroUzNwnZmTBRu5KQktL3KH9QJT3QpUY37","English_Word_Ratings","w08","park",3,"sustain","sustain","sustain","NOUN"
"iiEF3G6d0Zwa6x3NPBYACZUcLOZpqLcroUzNwnZmTBRu5KQktL3KH9QJT3QpUY37","English_Word_Ratings","w08","park",4,"crack","crack","crack","NOUN"
"iiEF3G6d0Zwa6x3NPBYACZUcLOZpqLcroUzNwnZmTBRu5KQktL3KH9QJT3QpUY37","English_Word_Ratings","w08","park",5,"cheat","cheat","cheat","NOUN"
"iiEF3G6d0Zwa6x3NPBYACZUcLOZpqLcroUzNwnZmTBRu5KQktL3KH9QJT3QpUY37","English_Word_Ratings","w08","park",6,"recover","recover","recover","NOUN"
"iiEF3G6d0Zwa6x3NPBYACZUcLOZpqLcroUzNwnZmTBRu5KQktL3KH9QJT3QpUY37","English_Word_Ratings","w08","park",7,"fragrance","fragrance","fragrance","NOUN"
"iiEF3G6d0Zwa6x3NPBYACZUcLOZpqLcroUzNwnZmTBRu5KQktL3KH9QJT3QpUY37","English_Word_Ratings","w08","park",8,"star","star","star","NOUN"
"iiEF3G6d0Zwa6x3NPBYACZUcLOZpqLcroUzNwnZmTBRu5KQktL3KH9QJT3QpUY37","English_Word_Ratings","w08","park",9,"stretch","stretch","stretch","NOUN"
"iiEF3G6d0Zwa6x3NPBYACZUcLOZpqLcroUzNwnZmTBRu5KQktL3KH9QJT3QpUY37","English_Word_Ratings","w08","park",10,"lubricat","lubricate","lubricate","NOUN"
"yLAv948rJF5uUpOa1azj6ddWWLX7U3KcGrE4Zl3iQSXxsNsEg2B3M4KSURKG8jYP","English_Word_Ratings","w08","park",2,"walking stick","walking stick","walk stick","VERB NOUN"
"yLAv948rJF5uUpOa1azj6ddWWLX7U3KcGrE4Zl3iQSXxsNsEg2B3M4KSURKG8jYP","English_Word_Ratings","w08","park",3,"song","song","song","NOUN"
"v7tq2P9zqG6N3xAH4o8GvO1YBrnWjahz5rdJByCbpdgbhBPOwT65OuHZHKYl1uFR","English_Word_Ratings","w08","park",1,"wall ball","wall ball","wall ball","NOUN NOUN"
"v7tq2P9zqG6N3xAH4o8GvO1YBrnWjahz5rdJByCbpdgbhBPOwT65OuHZHKYl1uFR","English_Word_Ratings","w08","park",2,"salt","salt","salt","NOUN"
"v7tq2P9zqG6N3xAH4o8GvO1YBrnWjahz5rdJByCbpdgbhBPOwT65OuHZHKYl1uFR","English_Word_Ratings","w08","park",3,"lunch","lunch","lunch","NOUN"
"d6NyWdJP1bcvb4qi8hcmuNgepBmDczes1g8QpCTab6HT2HBFidygOyOYJg6MzUXt","English_Word_Ratings","w08","park",1,"smuggle","smuggle","smuggle","NOUN"
"d6NyWdJP1bcvb4qi8hcmuNgepBmDczes1g8QpCTab6HT2HBFidygOyOYJg6MzUXt","English_Word_Ratings","w08","park",2,"guidance","guidance","guidance","NOUN"
"garnFORYQ61r3wCyh826JKL8aDnIglWYXHz7MSvIQBIC8H32nBUgalgql6gZBzlN","English_Word_Ratings","w08","park",1,"make","make","make","VERB"
"garnFORYQ61r3wCyh826JKL8aDnIglWYXHz7MSvIQBIC8H32nBUgalgql6gZBzlN","English_Word_Ratings","w08","park",2,"cool off","cool off","cool off","ADJ NOUN"
"garnFORYQ61r3wCyh826JKL8aDnIglWYXHz7MSvIQBIC8H32nBUgalgql6gZBzlN","English_Word_Ratings","w08","park",3,"climate change","climate change","climate change","NOUN NOUN"
"i7gzsiwaaH625g2xHgXMPfOfI6R9h8LKxyKgcR3DppkfqTpYxlpaGNFv4AOTf78v","English_Word_Ratings","w08","park",1,"involve","involve","involve","ADJ"
"i7gzsiwaaH625g2xHgXMPfOfI6R9h8LKxyKgcR3DppkfqTpYxlpaGNFv4AOTf78v","English_Word_Ratings","w08","park",3,"applause","applause","applause","NOUN"
"i7gzsiwaaH625g2xHgXMPfOfI6R9h8LKxyKgcR3DppkfqTpYxlpaGNFv4AOTf78v","English_Word_Ratings","w08","park",4,"screech","screech","screech","NOUN"
"wKTNXd6bXFAL8q4qqOh2llgWoCGmV4nmEB8h4ybNDi4oesm36R1MtrSdkxNsLMnC","English_Word_Ratings","w08","park",1,"forehead","forehead","forehead","VERB"
"wKTNXd6bXFAL8q4qqOh2llgWoCGmV4nmEB8h4ybNDi4oesm36R1MtrSdkxNsLMnC","English_Word_Ratings","w08","park",2,"designe","design","design","NOUN"
"wKTNXd6bXFAL8q4qqOh2llgWoCGmV4nmEB8h4ybNDi4oesm36R1MtrSdkxNsLMnC","English_Word_Ratings","w08","park",3,"personalize","personalize","personalize","NOUN"
"wKTNXd6bXFAL8q4qqOh2llgWoCGmV4nmEB8h4ybNDi4oesm36R1MtrSdkxNsLMnC","English_Word_Ratings","w08","park",4,"mascot","mascot","mascot","PART"
"wKTNXd6bXFAL8q4qqOh2llgWoCGmV4nmEB8h4ybNDi4oesm36R1MtrSdkxNsLMnC","English_Word_Ratings","w08","park",6,"sleep on","sleep on","sleep on","VERB ADP"
"GoSFbC6zIahLMncIpKDjoQ5dleIxSC8jVVFIn9Km4i5Y1NIhpLJUPrByLuQc21a6","English_Word_Ratings","w08","park",1,"collage","collage","collage","NOUN"
"GoSFbC6zIahLMncIpKDjoQ5dleIxSC8jVVFIn9Km4i5Y1NIhpLJUPrByLuQc21a6","English_Word_Ratings","w08","park",2,"remedy","remedy","remedy","INTJ"
"GoSFbC6zIahLMncIpKDjoQ5dleIxSC8jVVFIn9Km4i5Y1NIhpLJUPrByLuQc21a6","English_Word_Ratings","w08","park",3,"camouflage","camouflage","camouflage","NOUN"
"sBacIiuSQV6IuSUPRTFQmqG3UmmTN9xKph2xv2OOURpgUNOKXSQsxnE8Saex7WkV","English_Word_Ratings","w08","park",1,"lesah","leash","leash","NOUN"
"sBacIiuSQV6IuSUPRTFQmqG3UmmTN9xKph2xv2OOURpgUNOKXSQsxnE8Saex7WkV","English_Word_Ratings","w08","park",2,"sail","sail","sail","NOUN"
"kO56Jn0idpJWnDDMSRMIU9DECzlitjq3w7Z1s2KfSCMDE6YZiy9U0xnv6wljxLlh","English_Word_Ratings","w08","park",1,"regurgitate","regurgitate","regurgitate","VERB"
"kO56Jn0idpJWnDDMSRMIU9DECzlitjq3w7Z1s2KfSCMDE6YZiy9U0xnv6wljxLlh","English_Word_Ratings","w08","park",3,"ingest","ingest","ingest","ADJ"
"kO56Jn0idpJWnDDMSRMIU9DECzlitjq3w7Z1s2KfSCMDE6YZiy9U0xnv6wljxLlh","English_Word_Ratings","w08","park",4,"action","action","action","NOUN"
"kO56Jn0idpJWnDDMSRMIU9DECzlitjq3w7Z1s2KfSCMDE6YZiy9U0xnv6wljxLlh","English_Word_Ratings","w08","park",5,"compute","compute","compute","NOUN"
"LSuU7j19LztOjJyzbaQVC813k4Xs1HHJRzjUOC3xGQR21Jg71xWUBLSqxxfwF8n3","English_Word_Ratings","w08","park",1,"banter","banter","banter","NOUN"
"LSuU7j19LztOjJyzbaQVC813k4Xs1HHJRzjUOC3xGQR21Jg71xWUBLSqxxfwF8n3","English_Word_Ratings","w08","park",2,"attend","attend","attend","VERB"
"LSuU7j19LztOjJyzbaQVC813k4Xs1HHJRzjUOC3xGQR21Jg71xWUBLSqxxfwF8n3","English_Word_Ratings","w08","park",3,"publish","publish","publish","VERB"
"LSuU7j19LztOjJyzbaQVC813k4Xs1HHJRzjUOC3xGQR21Jg71xWUBLSqxxfwF8n3","English_Word_Ratings","w08","park",4,"hoop","hoop","hoop","NOUN"
"YReDSBupRsykKwPjPFxhEKJ9WrWhRKquBSvqA45zIjX2ea9uVVVtSygOIdC1LG2h","English_Word_Ratings","w08","park",1,"doorstop","doorstop","doorstop","NOUN"
"YReDSBupRsykKwPjPFxhEKJ9WrWhRKquBSvqA45zIjX2ea9uVVVtSygOIdC1LG2h","English_Word_Ratings","w08","park",2,"javelin","javelin","javelin","NOUN"
"YReDSBupRsykKwPjPFxhEKJ9WrWhRKquBSvqA45zIjX2ea9uVVVtSygOIdC1LG2h","English_Word_Ratings","w08","park",3,"toboggan","toboggan","toboggan","NOUN"
"YReDSBupRsykKwPjPFxhEKJ9WrWhRKquBSvqA45zIjX2ea9uVVVtSygOIdC1LG2h","English_Word_Ratings","w08","park",4,"dilut","dilute","dilute","ADJ"
"HgQcnYS7bLBLsGHsEWYXm89MfSMSM8NNKgbmYc1Ws5lXQCnjE1r1xFC1VARqczsu","English_Word_Ratings","w08","park",1,"pleate","pleat","pleat","X"
"HgQcnYS7bLBLsGHsEWYXm89MfSMSM8NNKgbmYc1Ws5lXQCnjE1r1xFC1VARqczsu","English_Word_Ratings","w08","park",3,"chess","chess","chess","NOUN"
"HgQcnYS7bLBLsGHsEWYXm89MfSMSM8NNKgbmYc1Ws5lXQCnjE1r1xFC1VARqczsu","English_Word_Ratings","w08","park",4,"tutor","tutor","tutor","NOUN"
"HgQcnYS7bLBLsGHsEWYXm89MfSMSM8NNKgbmYc1Ws5lXQCnjE1r1xFC1VARqczsu","English_Word_Ratings","w08","park",5,"quill","quill","quill","ADV"
"HgQcnYS7bLBLsGHsEWYXm89MfSMSM8NNKgbmYc1Ws5lXQCnjE1r1xFC1VARqczsu","English_Word_Ratings","w08","park",6,"hula hoop","hula hoop","hula hoop","X X"
"DN6wJxt2qT1Np5PlWQiffYY3Uj2fhio8LP2BS98Ht1WUs0dFRBairReZaXoTmHEP","English_Word_Ratings","w08","park",1,"screen","screen","screen","NOUN"
"DN6wJxt2qT1Np5PlWQiffYY3Uj2fhio8LP2BS98Ht1WUs0dFRBairReZaXoTmHEP","English_Word_Ratings","w08","park",2,"cuff","cuff","cuff","NOUN"
"DN6wJxt2qT1Np5PlWQiffYY3Uj2fhio8LP2BS98Ht1WUs0dFRBairReZaXoTmHEP","English_Word_Ratings","w08","park",3,"wed","wed","we","VERB"
"DN6wJxt2qT1Np5PlWQiffYY3Uj2fhio8LP2BS98Ht1WUs0dFRBairReZaXoTmHEP","English_Word_Ratings","w08","park",4,"beautiful","beautiful","beautiful","ADJ"
"DN6wJxt2qT1Np5PlWQiffYY3Uj2fhio8LP2BS98Ht1WUs0dFRBairReZaXoTmHEP","English_Word_Ratings","w08","park",5,"revenue","revenue","revenue","NOUN"
"o5DMFT7lEisuLPj9cmVBQLnIxZkz0iM23cfDJOL9HqvghxE6MFdH5AfsRQ9r0D2j","English_Word_Ratings","w08","park",1,"pikc","pick","pick","VERB"
"o5DMFT7lEisuLPj9cmVBQLnIxZkz0iM23cfDJOL9HqvghxE6MFdH5AfsRQ9r0D2j","English_Word_Ratings","w08","park",2,"co-habitate","co-habitat","co -habitat","X NOUN"
"o5DMFT7lEisuLPj9cmVBQLnIxZkz0iM23cfDJOL9HqvghxE6MFdH5AfsRQ9r0D2j","English_Word_Ratings","w08","park",3,"retreat","retreat","retreat","NOUN"
"o5DMFT7lEisuLPj9cmVBQLnIxZkz0iM23cfDJOL9HqvghxE6MFdH5AfsRQ9r0D2j","English_Word_Ratings","w08","park",4,"call out","call out","call out","VERB ADP"
"o5DMFT7lEisuLPj9cmVBQLnIxZkz0iM23cfDJOL9HqvghxE6MFdH5AfsRQ9r0D2j","English_Word_Ratings","w08","park",5,"sturdy","sturdy","sturdy","NOUN"
"o5DMFT7lEisuLPj9cmVBQLnIxZkz0iM23cfDJOL9HqvghxE6MFdH5AfsRQ9r0D2j","English_Word_Ratings","w08","park",7,"road","road","road","NOUN"
"FibKe5OYiPqz2UUn75mURehUDCnnAmvduGjCpCkj9jFTXR7BfZxkaHsHG0ZZQtwF","English_Word_Ratings","w08","park",1,"hover","hover","hover","NOUN"
"FibKe5OYiPqz2UUn75mURehUDCnnAmvduGjCpCkj9jFTXR7BfZxkaHsHG0ZZQtwF","English_Word_Ratings","w08","park",3,"redo","redo","redo","NOUN"
"FibKe5OYiPqz2UUn75mURehUDCnnAmvduGjCpCkj9jFTXR7BfZxkaHsHG0ZZQtwF","English_Word_Ratings","w08","park",4,"mindfulness","mindfulness","mindfulness","NOUN"
"FibKe5OYiPqz2UUn75mURehUDCnnAmvduGjCpCkj9jFTXR7BfZxkaHsHG0ZZQtwF","English_Word_Ratings","w08","park",5,"transcrib","transcribe","transcribe","VERB"
"FibKe5OYiPqz2UUn75mURehUDCnnAmvduGjCpCkj9jFTXR7BfZxkaHsHG0ZZQtwF","English_Word_Ratings","w08","park",6,"garden","garden","garden","NOUN"
"FibKe5OYiPqz2UUn75mURehUDCnnAmvduGjCpCkj9jFTXR7BfZxkaHsHG0ZZQtwF","English_Word_Ratings","w08","park",7,"slay","slay","slay","NOUN"
"FibKe5OYiPqz2UUn75mURehUDCnnAmvduGjCpCkj9jFTXR7BfZxkaHsHG0ZZQtwF","English_Word_Ratings","w08","park",8,"snowball fight","snowball fight","snowball fight","ADJ NOUN"
"50X4V7q3Et1XAYfAEDSwioMfQS8YbRUtzDW2SFCVjvd0kNGpkiwqdWUnTkiNNE80","English_Word_Ratings","w08","park",1,"deep throat","deep throat","deep throat","ADJ NOUN"
"50X4V7q3Et1XAYfAEDSwioMfQS8YbRUtzDW2SFCVjvd0kNGpkiwqdWUnTkiNNE80","English_Word_Ratings","w08","park",3,"raft","raft","raft","NOUN"
"WERLbHrisM97Sa8njspLxo48hq1D6V8RsVCSTTGotC7HiHvIiUCrNVOlUHbScfKy","English_Word_Ratings","w09","sloth",1,"confetti","confetti","confetti","NOUN"
"WERLbHrisM97Sa8njspLxo48hq1D6V8RsVCSTTGotC7HiHvIiUCrNVOlUHbScfKy","English_Word_Ratings","w09","sloth",3,"perceive","perceive","perceive","ADJ"
"WERLbHrisM97Sa8njspLxo48hq1D6V8RsVCSTTGotC7HiHvIiUCrNVOlUHbScfKy","English_Word_Ratings","w09","sloth",4,"governent","government","government","NOUN"
"WERLbHrisM97Sa8njspLxo48hq1D6V8RsVCSTTGotC7HiHvIiUCrNVOlUHbScfKy","English_Word_Ratings","w09","sloth",5,"stroller","stroller","stroller","NOUN"
"lzZBcD4N5WdlEJp4FXc4WDU0QXXMUZa3saiMJqn8EsCLw7dkUMjuSISR0HfCREb4","English_Word_Ratings","w09","sloth",1,"information","information","information","NOUN"
"lzZBcD4N5WdlEJp4FXc4WDU0QXXMUZa3saiMJqn8EsCLw7dkUMjuSISR0HfCREb4","English_Word_Ratings","w09","sloth",2,"spectate","spectate","spectate","NOUN"
"OQxE9L7Mw12SKUcq9pZmmo3FxWc2uCuUHaraGy5sZW9vGR9PSug2a5hMNwjVlA5c","English_Word_Ratings","w09","sloth",1,"hurdle","hurdle","hurdle","NOUN"
"OQxE9L7Mw12SKUcq9pZmmo3FxWc2uCuUHaraGy5sZW9vGR9PSug2a5hMNwjVlA5c","English_Word_Ratings","w09","sloth",2,"imbib","imbibe","imbibe","NOUN"
"OQxE9L7Mw12SKUcq9pZmmo3FxWc2uCuUHaraGy5sZW9vGR9PSug2a5hMNwjVlA5c","English_Word_Ratings","w09","sloth",3,"consume","consume","consume","NOUN"
"OQxE9L7Mw12SKUcq9pZmmo3FxWc2uCuUHaraGy5sZW9vGR9PSug2a5hMNwjVlA5c","English_Word_Ratings","w09","sloth",5,"nicotine","nicotine","nicotine","NOUN"
"OQxE9L7Mw12SKUcq9pZmmo3FxWc2uCuUHaraGy5sZW9vGR9PSug2a5hMNwjVlA5c","English_Word_Ratings","w09","sloth",6,"reference","reference","reference","NOUN"
"OQxE9L7Mw12SKUcq9pZmmo3FxWc2uCuUHaraGy5sZW9vGR9PSug2a5hMNwjVlA5c","English_Word_Ratings","w09","sloth",7,"heighten","heighten","heighten","ADV"
"OQxE9L7Mw12SKUcq9pZmmo3FxWc2uCuUHaraGy5sZW9vGR9PSug2a5hMNwjVlA5c","English_Word_Ratings","w09","sloth",8,"instil","instill","instill","ADV"
"OQxE9L7Mw12SKUcq9pZmmo3FxWc2uCuUHaraGy5sZW9vGR9PSug2a5hMNwjVlA5c","English_Word_Ratings","w09","sloth",9,"stub","stub","stub","NOUN"
"OQxE9L7Mw12SKUcq9pZmmo3FxWc2uCuUHaraGy5sZW9vGR9PSug2a5hMNwjVlA5c","English_Word_Ratings","w09","sloth",10,"invertebrate","invertebrate","invertebrate","VERB"
"VsSi9vBmSPfWlt7NRbLMin20fVJgh5EyxhB0M3tiDqMhDEh6ip526THZdwm0Gup1","English_Word_Ratings","w09","sloth",1,"ring","ring","ring","NOUN"
"VsSi9vBmSPfWlt7NRbLMin20fVJgh5EyxhB0M3tiDqMhDEh6ip526THZdwm0Gup1","English_Word_Ratings","w09","sloth",2,"creep","creep","creep","NOUN"
"VsSi9vBmSPfWlt7NRbLMin20fVJgh5EyxhB0M3tiDqMhDEh6ip526THZdwm0Gup1","English_Word_Ratings","w09","sloth",4,"shrug","shrug","shrug","NOUN"
"1rQGGdmkluNiDXwCZmvMMjeDbNuEovZX9qG1U4NeMzFi5e2GsTSOsUHnaqrIz503","English_Word_Ratings","w09","sloth",1,"clear","clear","clear","ADJ"
"1rQGGdmkluNiDXwCZmvMMjeDbNuEovZX9qG1U4NeMzFi5e2GsTSOsUHnaqrIz503","English_Word_Ratings","w09","sloth",2,"lock","lock","lock","NOUN"
"1rQGGdmkluNiDXwCZmvMMjeDbNuEovZX9qG1U4NeMzFi5e2GsTSOsUHnaqrIz503","English_Word_Ratings","w09","sloth",3,"griddle","griddle","griddle","NOUN"
"1rQGGdmkluNiDXwCZmvMMjeDbNuEovZX9qG1U4NeMzFi5e2GsTSOsUHnaqrIz503","English_Word_Ratings","w09","sloth",4,"commerce","commerce","commerce","NOUN"
"g4JaB1MgPE1r4qjranCAuVoa3se9LFY4Hw7KnJj9jwqdBHzKOMXyzPkYnLVzXN3b","English_Word_Ratings","w09","sloth",1,"scream","scream","scream","NOUN"
"g4JaB1MgPE1r4qjranCAuVoa3se9LFY4Hw7KnJj9jwqdBHzKOMXyzPkYnLVzXN3b","English_Word_Ratings","w09","sloth",2,"strike","strike","strike","NOUN"
"sxZt1pXLM7kUV1KxULkPh8B0LAjLRoiJMkJRsCZ73YaImMKyBOOpLKcmQuG6iNZP","English_Word_Ratings","w09","sloth",1,"quieting","quieting","quieting","NOUN"
"sxZt1pXLM7kUV1KxULkPh8B0LAjLRoiJMkJRsCZ73YaImMKyBOOpLKcmQuG6iNZP","English_Word_Ratings","w09","sloth",2,"total","total","total","ADJ"
"sxZt1pXLM7kUV1KxULkPh8B0LAjLRoiJMkJRsCZ73YaImMKyBOOpLKcmQuG6iNZP","English_Word_Ratings","w09","sloth",3,"yacht","yacht","yacht","INTJ"
"sxZt1pXLM7kUV1KxULkPh8B0LAjLRoiJMkJRsCZ73YaImMKyBOOpLKcmQuG6iNZP","English_Word_Ratings","w09","sloth",4,"accompany","accompany","accompany","NOUN"
"sxZt1pXLM7kUV1KxULkPh8B0LAjLRoiJMkJRsCZ73YaImMKyBOOpLKcmQuG6iNZP","English_Word_Ratings","w09","sloth",5,"clench","clench","clench","NOUN"
"sxZt1pXLM7kUV1KxULkPh8B0LAjLRoiJMkJRsCZ73YaImMKyBOOpLKcmQuG6iNZP","English_Word_Ratings","w09","sloth",6,"realx","relax","relax","NOUN"
"sxZt1pXLM7kUV1KxULkPh8B0LAjLRoiJMkJRsCZ73YaImMKyBOOpLKcmQuG6iNZP","English_Word_Ratings","w09","sloth",7,"chisel","chisel","chisel","NOUN"
"sxZt1pXLM7kUV1KxULkPh8B0LAjLRoiJMkJRsCZ73YaImMKyBOOpLKcmQuG6iNZP","English_Word_Ratings","w09","sloth",8,"courage","courage","courage","NOUN"
"A8tz7HX3m2x4GAoKlJAZ1XfBrXKxo5dGxhoV1dKkNdDkugAvJvRJp9tFe33unNJk","English_Word_Ratings","w09","sloth",1,"cruise","cruise","cruise","NOUN"
"A8tz7HX3m2x4GAoKlJAZ1XfBrXKxo5dGxhoV1dKkNdDkugAvJvRJp9tFe33unNJk","English_Word_Ratings","w09","sloth",2,"defecate","defecate","defecate","NOUN"
"A8tz7HX3m2x4GAoKlJAZ1XfBrXKxo5dGxhoV1dKkNdDkugAvJvRJp9tFe33unNJk","English_Word_Ratings","w09","sloth",3,"oversee","oversee","oversee","ADJ"
"A8tz7HX3m2x4GAoKlJAZ1XfBrXKxo5dGxhoV1dKkNdDkugAvJvRJp9tFe33unNJk","English_Word_Ratings","w09","sloth",5,"toll","toll","toll","NOUN"
"A8tz7HX3m2x4GAoKlJAZ1XfBrXKxo5dGxhoV1dKkNdDkugAvJvRJp9tFe33unNJk","English_Word_Ratings","w09","sloth",6,"reference","reference","reference","NOUN"
"iiEF3G6d0Zwa6x3NPBYACZUcLOZpqLcroUzNwnZmTBRu5KQktL3KH9QJT3QpUY37","English_Word_Ratings","w09","sloth",2,"stack","stack","stack","NOUN"
"iiEF3G6d0Zwa6x3NPBYACZUcLOZpqLcroUzNwnZmTBRu5KQktL3KH9QJT3QpUY37","English_Word_Ratings","w09","sloth",4,"ignite","ignite","ignite","X"
"iiEF3G6d0Zwa6x3NPBYACZUcLOZpqLcroUzNwnZmTBRu5KQktL3KH9QJT3QpUY37","English_Word_Ratings","w09","sloth",5,"receptacle","receptacle","receptacle","NOUN"
"iiEF3G6d0Zwa6x3NPBYACZUcLOZpqLcroUzNwnZmTBRu5KQktL3KH9QJT3QpUY37","English_Word_Ratings","w09","sloth",8,"conclude","conclude","conclude","VERB"
"iiEF3G6d0Zwa6x3NPBYACZUcLOZpqLcroUzNwnZmTBRu5KQktL3KH9QJT3QpUY37","English_Word_Ratings","w09","sloth",9,"chess","chess","chess","NOUN"
"iiEF3G6d0Zwa6x3NPBYACZUcLOZpqLcroUzNwnZmTBRu5KQktL3KH9QJT3QpUY37","English_Word_Ratings","w09","sloth",10,"movie","movie","movie","NOUN"
"yLAv948rJF5uUpOa1azj6ddWWLX7U3KcGrE4Zl3iQSXxsNsEg2B3M4KSURKG8jYP","English_Word_Ratings","w09","sloth",1,"door stop","door stop","door stop","NOUN NOUN"
"yLAv948rJF5uUpOa1azj6ddWWLX7U3KcGrE4Zl3iQSXxsNsEg2B3M4KSURKG8jYP","English_Word_Ratings","w09","sloth",2,"skateboard","skateboard","skateboard","X"
"yLAv948rJF5uUpOa1azj6ddWWLX7U3KcGrE4Zl3iQSXxsNsEg2B3M4KSURKG8jYP","English_Word_Ratings","w09","sloth",3,"foster","foster","foster","NOUN"
"yLAv948rJF5uUpOa1azj6ddWWLX7U3KcGrE4Zl3iQSXxsNsEg2B3M4KSURKG8jYP","English_Word_Ratings","w09","sloth",4,"sop","sop","sop","NOUN"
"yLAv948rJF5uUpOa1azj6ddWWLX7U3KcGrE4Zl3iQSXxsNsEg2B3M4KSURKG8jYP","English_Word_Ratings","w09","sloth",5,"piggyback","piggyback","piggyback","NOUN"
"v7tq2P9zqG6N3xAH4o8GvO1YBrnWjahz5rdJByCbpdgbhBPOwT65OuHZHKYl1uFR","English_Word_Ratings","w09","sloth",1,"diversify","diversify","diversify","INTJ"
"v7tq2P9zqG6N3xAH4o8GvO1YBrnWjahz5rdJByCbpdgbhBPOwT65OuHZHKYl1uFR","English_Word_Ratings","w09","sloth",2,"excitement","excitement","excitement","NOUN"
"d6NyWdJP1bcvb4qi8hcmuNgepBmDczes1g8QpCTab6HT2HBFidygOyOYJg6MzUXt","English_Word_Ratings","w09","sloth",1,"tansport","transport","transport","NOUN"
"d6NyWdJP1bcvb4qi8hcmuNgepBmDczes1g8QpCTab6HT2HBFidygOyOYJg6MzUXt","English_Word_Ratings","w09","sloth",2,"smart","smart","smart","ADJ"
"d6NyWdJP1bcvb4qi8hcmuNgepBmDczes1g8QpCTab6HT2HBFidygOyOYJg6MzUXt","English_Word_Ratings","w09","sloth",3,"hunt","hunt","hunt","NOUN"
"d6NyWdJP1bcvb4qi8hcmuNgepBmDczes1g8QpCTab6HT2HBFidygOyOYJg6MzUXt","English_Word_Ratings","w09","sloth",4,"give","give","give","VERB"
"garnFORYQ61r3wCyh826JKL8aDnIglWYXHz7MSvIQBIC8H32nBUgalgql6gZBzlN","English_Word_Ratings","w09","sloth",1,"merriment","merriment","merriment","NOUN"
"garnFORYQ61r3wCyh826JKL8aDnIglWYXHz7MSvIQBIC8H32nBUgalgql6gZBzlN","English_Word_Ratings","w09","sloth",2,"sunshine","sunshine","sunshine","NOUN"
"garnFORYQ61r3wCyh826JKL8aDnIglWYXHz7MSvIQBIC8H32nBUgalgql6gZBzlN","English_Word_Ratings","w09","sloth",3,"slave","slave","slave","ADJ"
"garnFORYQ61r3wCyh826JKL8aDnIglWYXHz7MSvIQBIC8H32nBUgalgql6gZBzlN","English_Word_Ratings","w09","sloth",4,"disable","disable","disable","ADJ"
"garnFORYQ61r3wCyh826JKL8aDnIglWYXHz7MSvIQBIC8H32nBUgalgql6gZBzlN","English_Word_Ratings","w09","sloth",5,"wash","wash","wash","INTJ"
"i7gzsiwaaH625g2xHgXMPfOfI6R9h8LKxyKgcR3DppkfqTpYxlpaGNFv4AOTf78v","English_Word_Ratings","w09","sloth",1,"wind","wind","wind","NOUN"
"i7gzsiwaaH625g2xHgXMPfOfI6R9h8LKxyKgcR3DppkfqTpYxlpaGNFv4AOTf78v","English_Word_Ratings","w09","sloth",2,"check up","check up","check up","VERB ADP"
"wKTNXd6bXFAL8q4qqOh2llgWoCGmV4nmEB8h4ybNDi4oesm36R1MtrSdkxNsLMnC","English_Word_Ratings","w09","sloth",2,"glare","glare","glare","NOUN"
"wKTNXd6bXFAL8q4qqOh2llgWoCGmV4nmEB8h4ybNDi4oesm36R1MtrSdkxNsLMnC","English_Word_Ratings","w09","sloth",3,"attack","attack","attack","NOUN"
"GoSFbC6zIahLMncIpKDjoQ5dleIxSC8jVVFIn9Km4i5Y1NIhpLJUPrByLuQc21a6","English_Word_Ratings","w09","sloth",1,"whip","whip","whip","X"
"GoSFbC6zIahLMncIpKDjoQ5dleIxSC8jVVFIn9Km4i5Y1NIhpLJUPrByLuQc21a6","English_Word_Ratings","w09","sloth",2,"lay","lay","lay","VERB"
"sBacIiuSQV6IuSUPRTFQmqG3UmmTN9xKph2xv2OOURpgUNOKXSQsxnE8Saex7WkV","English_Word_Ratings","w09","sloth",1,"elt","let","let","VERB"
"sBacIiuSQV6IuSUPRTFQmqG3UmmTN9xKph2xv2OOURpgUNOKXSQsxnE8Saex7WkV","English_Word_Ratings","w09","sloth",2,"lasso","lasso","lasso","INTJ"
"sBacIiuSQV6IuSUPRTFQmqG3UmmTN9xKph2xv2OOURpgUNOKXSQsxnE8Saex7WkV","English_Word_Ratings","w09","sloth",4,"respiration","respiration","respiration","NOUN"
"sBacIiuSQV6IuSUPRTFQmqG3UmmTN9xKph2xv2OOURpgUNOKXSQsxnE8Saex7WkV","English_Word_Ratings","w09","sloth",6,"breatge","breathe","breato","VERB"
"sBacIiuSQV6IuSUPRTFQmqG3UmmTN9xKph2xv2OOURpgUNOKXSQsxnE8Saex7WkV","English_Word_Ratings","w09","sloth",7,"sicken","sicken","sicken","ADJ"
"sBacIiuSQV6IuSUPRTFQmqG3UmmTN9xKph2xv2OOURpgUNOKXSQsxnE8Saex7WkV","English_Word_Ratings","w09","sloth",8,"curl","curl","curl","NOUN"
"kO56Jn0idpJWnDDMSRMIU9DECzlitjq3w7Z1s2KfSCMDE6YZiy9U0xnv6wljxLlh","English_Word_Ratings","w09","sloth",1,"service","service","service","NOUN"
"kO56Jn0idpJWnDDMSRMIU9DECzlitjq3w7Z1s2KfSCMDE6YZiy9U0xnv6wljxLlh","English_Word_Ratings","w09","sloth",2,"referent","referent","referent","VERB"
"kO56Jn0idpJWnDDMSRMIU9DECzlitjq3w7Z1s2KfSCMDE6YZiy9U0xnv6wljxLlh","English_Word_Ratings","w09","sloth",4,"hull","hull","hull","INTJ"
"kO56Jn0idpJWnDDMSRMIU9DECzlitjq3w7Z1s2KfSCMDE6YZiy9U0xnv6wljxLlh","English_Word_Ratings","w09","sloth",5,"ornamental","ornamental","ornamental","ADJ"
"LSuU7j19LztOjJyzbaQVC813k4Xs1HHJRzjUOC3xGQR21Jg71xWUBLSqxxfwF8n3","English_Word_Ratings","w09","sloth",1,"clean","clean","clean","ADJ"
"LSuU7j19LztOjJyzbaQVC813k4Xs1HHJRzjUOC3xGQR21Jg71xWUBLSqxxfwF8n3","English_Word_Ratings","w09","sloth",2,"tinder","tinder","tinder","NOUN"
"LSuU7j19LztOjJyzbaQVC813k4Xs1HHJRzjUOC3xGQR21Jg71xWUBLSqxxfwF8n3","English_Word_Ratings","w09","sloth",3,"hanger","hanger","hanger","NOUN"
"LSuU7j19LztOjJyzbaQVC813k4Xs1HHJRzjUOC3xGQR21Jg71xWUBLSqxxfwF8n3","English_Word_Ratings","w09","sloth",4,"cloth","cloth","cloth","NOUN"
"LSuU7j19LztOjJyzbaQVC813k4Xs1HHJRzjUOC3xGQR21Jg71xWUBLSqxxfwF8n3","English_Word_Ratings","w09","sloth",5,"blow away","blow away","blow away","VERB ADV"
"YReDSBupRsykKwPjPFxhEKJ9WrWhRKquBSvqA45zIjX2ea9uVVVtSygOIdC1LG2h","English_Word_Ratings","w09","sloth",1,"procrastinate","procrastinate","procrastinate","VERB"
"YReDSBupRsykKwPjPFxhEKJ9WrWhRKquBSvqA45zIjX2ea9uVVVtSygOIdC1LG2h","English_Word_Ratings","w09","sloth",2,"comprehend","comprehend","comprehend","NOUN"
"YReDSBupRsykKwPjPFxhEKJ9WrWhRKquBSvqA45zIjX2ea9uVVVtSygOIdC1LG2h","English_Word_Ratings","w09","sloth",3,"smack","smack","smack","ADV"
"YReDSBupRsykKwPjPFxhEKJ9WrWhRKquBSvqA45zIjX2ea9uVVVtSygOIdC1LG2h","English_Word_Ratings","w09","sloth",4,"swat","swat","swat","NOUN"
"YReDSBupRsykKwPjPFxhEKJ9WrWhRKquBSvqA45zIjX2ea9uVVVtSygOIdC1LG2h","English_Word_Ratings","w09","sloth",5,"flower","flower","flower","NOUN"
"HgQcnYS7bLBLsGHsEWYXm89MfSMSM8NNKgbmYc1Ws5lXQCnjE1r1xFC1VARqczsu","English_Word_Ratings","w09","sloth",1,"roam","roam","roam","NOUN"
"HgQcnYS7bLBLsGHsEWYXm89MfSMSM8NNKgbmYc1Ws5lXQCnjE1r1xFC1VARqczsu","English_Word_Ratings","w09","sloth",2,"classify","classify","classify","NOUN"
"HgQcnYS7bLBLsGHsEWYXm89MfSMSM8NNKgbmYc1Ws5lXQCnjE1r1xFC1VARqczsu","English_Word_Ratings","w09","sloth",3,"source","source","source","NOUN"
"HgQcnYS7bLBLsGHsEWYXm89MfSMSM8NNKgbmYc1Ws5lXQCnjE1r1xFC1VARqczsu","English_Word_Ratings","w09","sloth",4,"antivenom","antivenom","antivenom","X"
"HgQcnYS7bLBLsGHsEWYXm89MfSMSM8NNKgbmYc1Ws5lXQCnjE1r1xFC1VARqczsu","English_Word_Ratings","w09","sloth",5,"scuff","scuff","scuff","NOUN"
"DN6wJxt2qT1Np5PlWQiffYY3Uj2fhio8LP2BS98Ht1WUs0dFRBairReZaXoTmHEP","English_Word_Ratings","w09","sloth",1,"javelin","javelin","javelin","NOUN"
"DN6wJxt2qT1Np5PlWQiffYY3Uj2fhio8LP2BS98Ht1WUs0dFRBairReZaXoTmHEP","English_Word_Ratings","w09","sloth",2,"bore","bore","bore","NOUN"
"DN6wJxt2qT1Np5PlWQiffYY3Uj2fhio8LP2BS98Ht1WUs0dFRBairReZaXoTmHEP","English_Word_Ratings","w09","sloth",3,"ford","ford","ford","VERB"
"o5DMFT7lEisuLPj9cmVBQLnIxZkz0iM23cfDJOL9HqvghxE6MFdH5AfsRQ9r0D2j","English_Word_Ratings","w09","sloth",1,"hoop","hoop","hoop","NOUN"
"o5DMFT7lEisuLPj9cmVBQLnIxZkz0iM23cfDJOL9HqvghxE6MFdH5AfsRQ9r0D2j","English_Word_Ratings","w09","sloth",2,"notepad","notepad","notepad","NOUN"
"o5DMFT7lEisuLPj9cmVBQLnIxZkz0iM23cfDJOL9HqvghxE6MFdH5AfsRQ9r0D2j","English_Word_Ratings","w09","sloth",3,"dangle","dangle","dangle","NOUN"
"o5DMFT7lEisuLPj9cmVBQLnIxZkz0iM23cfDJOL9HqvghxE6MFdH5AfsRQ9r0D2j","English_Word_Ratings","w09","sloth",5,"greet","greet","greet","X"
"o5DMFT7lEisuLPj9cmVBQLnIxZkz0iM23cfDJOL9HqvghxE6MFdH5AfsRQ9r0D2j","English_Word_Ratings","w09","sloth",6,"torture","torture","torture","NOUN"
"o5DMFT7lEisuLPj9cmVBQLnIxZkz0iM23cfDJOL9HqvghxE6MFdH5AfsRQ9r0D2j","English_Word_Ratings","w09","sloth",7,"swim","swim","swim","NOUN"
"o5DMFT7lEisuLPj9cmVBQLnIxZkz0iM23cfDJOL9HqvghxE6MFdH5AfsRQ9r0D2j","English_Word_Ratings","w09","sloth",8,"take up space","take up space","take up space","VERB ADP NOUN"
"FibKe5OYiPqz2UUn75mURehUDCnnAmvduGjCpCkj9jFTXR7BfZxkaHsHG0ZZQtwF","English_Word_Ratings","w09","sloth",1,"rak","ark","ark","NOUN"
"FibKe5OYiPqz2UUn75mURehUDCnnAmvduGjCpCkj9jFTXR7BfZxkaHsHG0ZZQtwF","English_Word_Ratings","w09","sloth",2,"offer","offer","offer","NOUN"
"FibKe5OYiPqz2UUn75mURehUDCnnAmvduGjCpCkj9jFTXR7BfZxkaHsHG0ZZQtwF","English_Word_Ratings","w09","sloth",3,"prosecute","prosecute","prosecute","VERB"
"50X4V7q3Et1XAYfAEDSwioMfQS8YbRUtzDW2SFCVjvd0kNGpkiwqdWUnTkiNNE80","English_Word_Ratings","w09","sloth",1,"convenience","convenience","convenience","NOUN"
"50X4V7q3Et1XAYfAEDSwioMfQS8YbRUtzDW2SFCVjvd0kNGpkiwqdWUnTkiNNE80","English_Word_Ratings","w09","sloth",2,"spool","spool","spool","NOUN"
"50X4V7q3Et1XAYfAEDSwioMfQS8YbRUtzDW2SFCVjvd0kNGpkiwqdWUnTkiNNE80","English_Word_Ratings","w09","sloth",3,"dispatch","dispatch","dispatch","NOUN"
"50X4V7q3Et1XAYfAEDSwioMfQS8YbRUtzDW2SFCVjvd0kNGpkiwqdWUnTkiNNE80","English_Word_Ratings","w09","sloth",4,"wal","awl","awl","INTJ"
"WERLbHrisM97Sa8njspLxo48hq1D6V8RsVCSTTGotC7HiHvIiUCrNVOlUHbScfKy","English_Word_Ratings","w10","excrement",1,"nudge","nudge","nudge","NOUN"
"WERLbHrisM97Sa8njspLxo48hq1D6V8RsVCSTTGotC7HiHvIiUCrNVOlUHbScfKy","English_Word_Ratings","w10","excrement",2,"career","career","career","NOUN"
"WERLbHrisM97Sa8njspLxo48hq1D6V8RsVCSTTGotC7HiHvIiUCrNVOlUHbScfKy","English_Word_Ratings","w10","excrement",3,"combat","combat","combat","NOUN"
"WERLbHrisM97Sa8njspLxo48hq1D6V8RsVCSTTGotC7HiHvIiUCrNVOlUHbScfKy","English_Word_Ratings","w10","excrement",4,"upgrad","upgrade","upgrade","NOUN"
"WERLbHrisM97Sa8njspLxo48hq1D6V8RsVCSTTGotC7HiHvIiUCrNVOlUHbScfKy","English_Word_Ratings","w10","excrement",5,"dagger","dagger","dagger","NOUN"
"WERLbHrisM97Sa8njspLxo48hq1D6V8RsVCSTTGotC7HiHvIiUCrNVOlUHbScfKy","English_Word_Ratings","w10","excrement",6,"reward","reward","reward","VERB"
"WERLbHrisM97Sa8njspLxo48hq1D6V8RsVCSTTGotC7HiHvIiUCrNVOlUHbScfKy","English_Word_Ratings","w10","excrement",7,"manifest","manifest","manifest","ADJ"
"lzZBcD4N5WdlEJp4FXc4WDU0QXXMUZa3saiMJqn8EsCLw7dkUMjuSISR0HfCREb4","English_Word_Ratings","w10","excrement",2,"theft","theft","theft","NOUN"
"lzZBcD4N5WdlEJp4FXc4WDU0QXXMUZa3saiMJqn8EsCLw7dkUMjuSISR0HfCREb4","English_Word_Ratings","w10","excrement",3,"taper","taper","taper","NOUN"
"lzZBcD4N5WdlEJp4FXc4WDU0QXXMUZa3saiMJqn8EsCLw7dkUMjuSISR0HfCREb4","English_Word_Ratings","w10","excrement",4,"ovbserve","observe","observe","ADJ"
"OQxE9L7Mw12SKUcq9pZmmo3FxWc2uCuUHaraGy5sZW9vGR9PSug2a5hMNwjVlA5c","English_Word_Ratings","w10","excrement",1,"illusion","illusion","illusion","NOUN"
"OQxE9L7Mw12SKUcq9pZmmo3FxWc2uCuUHaraGy5sZW9vGR9PSug2a5hMNwjVlA5c","English_Word_Ratings","w10","excrement",2,"probe","probe","probe","NOUN"
"VsSi9vBmSPfWlt7NRbLMin20fVJgh5EyxhB0M3tiDqMhDEh6ip526THZdwm0Gup1","English_Word_Ratings","w10","excrement",1,"rain collector","rain collector","rain collector","NOUN NOUN"
"VsSi9vBmSPfWlt7NRbLMin20fVJgh5EyxhB0M3tiDqMhDEh6ip526THZdwm0Gup1","English_Word_Ratings","w10","excrement",2,"climate change","climate change","climate change","NOUN NOUN"
"VsSi9vBmSPfWlt7NRbLMin20fVJgh5EyxhB0M3tiDqMhDEh6ip526THZdwm0Gup1","English_Word_Ratings","w10","excrement",3,"disperse","disperse","disperse","NOUN"
"1rQGGdmkluNiDXwCZmvMMjeDbNuEovZX9qG1U4NeMzFi5e2GsTSOsUHnaqrIz503","English_Word_Ratings","w10","excrement",1,"recreation","recreation","recreation","NOUN"
"1rQGGdmkluNiDXwCZmvMMjeDbNuEovZX9qG1U4NeMzFi5e2GsTSOsUHnaqrIz503","English_Word_Ratings","w10","excrement",2,"tailor","tailor","tailor","NOUN"
"1rQGGdmkluNiDXwCZmvMMjeDbNuEovZX9qG1U4NeMzFi5e2GsTSOsUHnaqrIz503","English_Word_Ratings","w10","excrement",3,"bowl","bowl","bowl","NOUN"
"1rQGGdmkluNiDXwCZmvMMjeDbNuEovZX9qG1U4NeMzFi5e2GsTSOsUHnaqrIz503","English_Word_Ratings","w10","excrement",4,"fiancee","fiancee","fiancee","NOUN"
"g4JaB1MgPE1r4qjranCAuVoa3se9LFY4Hw7KnJj9jwqdBHzKOMXyzPkYnLVzXN3b","English_Word_Ratings","w10","excrement",1,"fresh","fresh","fresh","ADJ"
"g4JaB1MgPE1r4qjranCAuVoa3se9LFY4Hw7KnJj9jwqdBHzKOMXyzPkYnLVzXN3b","English_Word_Ratings","w10","excrement",2,"distill","distill","distill","ADV"
"g4JaB1MgPE1r4qjranCAuVoa3se9LFY4Hw7KnJj9jwqdBHzKOMXyzPkYnLVzXN3b","English_Word_Ratings","w10","excrement",3,"park car","park car","park car","NOUN NOUN"
"g4JaB1MgPE1r4qjranCAuVoa3se9LFY4Hw7KnJj9jwqdBHzKOMXyzPkYnLVzXN3b","English_Word_Ratings","w10","excrement",4,"soup","soup","soup","NOUN"
"sxZt1pXLM7kUV1KxULkPh8B0LAjLRoiJMkJRsCZ73YaImMKyBOOpLKcmQuG6iNZP","English_Word_Ratings","w10","excrement",1,"entertain","entertain","entertain","ADJ"
"sxZt1pXLM7kUV1KxULkPh8B0LAjLRoiJMkJRsCZ73YaImMKyBOOpLKcmQuG6iNZP","English_Word_Ratings","w10","excrement",2,"hush","hush","hush","INTJ"
"sxZt1pXLM7kUV1KxULkPh8B0LAjLRoiJMkJRsCZ73YaImMKyBOOpLKcmQuG6iNZP","English_Word_Ratings","w10","excrement",3,"chug","chug","chug","NOUN"
"A8tz7HX3m2x4GAoKlJAZ1XfBrXKxo5dGxhoV1dKkNdDkugAvJvRJp9tFe33unNJk","English_Word_Ratings","w10","excrement",1,"secret code","secret code","secret code","ADJ NOUN"
"A8tz7HX3m2x4GAoKlJAZ1XfBrXKxo5dGxhoV1dKkNdDkugAvJvRJp9tFe33unNJk","English_Word_Ratings","w10","excrement",2,"dish","dish","dish","NOUN"
"iiEF3G6d0Zwa6x3NPBYACZUcLOZpqLcroUzNwnZmTBRu5KQktL3KH9QJT3QpUY37","English_Word_Ratings","w10","excrement",1,"supress","suppress","suppress","NOUN"
"iiEF3G6d0Zwa6x3NPBYACZUcLOZpqLcroUzNwnZmTBRu5KQktL3KH9QJT3QpUY37","English_Word_Ratings","w10","excrement",2,"map","map","map","NOUN"
"iiEF3G6d0Zwa6x3NPBYACZUcLOZpqLcroUzNwnZmTBRu5KQktL3KH9QJT3QpUY37","English_Word_Ratings","w10","excrement",3,"voyage","voyage","voyage","NOUN"
"iiEF3G6d0Zwa6x3NPBYACZUcLOZpqLcroUzNwnZmTBRu5KQktL3KH9QJT3QpUY37","English_Word_Ratings","w10","excrement",4,"burgle","burgle","burgle","NOUN"
"iiEF3G6d0Zwa6x3NPBYACZUcLOZpqLcroUzNwnZmTBRu5KQktL3KH9QJT3QpUY37","English_Word_Ratings","w10","excrement",5,"situp","setup","setup","NOUN"
"iiEF3G6d0Zwa6x3NPBYACZUcLOZpqLcroUzNwnZmTBRu5KQktL3KH9QJT3QpUY37","English_Word_Ratings","w10","excrement",6,"render","render","render","VERB"
"yLAv948rJF5uUpOa1azj6ddWWLX7U3KcGrE4Zl3iQSXxsNsEg2B3M4KSURKG8jYP","English_Word_Ratings","w10","excrement",1,"memorial","memorial","memorial","ADJ"
"yLAv948rJF5uUpOa1azj6ddWWLX7U3KcGrE4Zl3iQSXxsNsEg2B3M4KSURKG8jYP","English_Word_Ratings","w10","excrement",2,"decompress","decompress","decompress","NOUN"
"yLAv948rJF5uUpOa1azj6ddWWLX7U3KcGrE4Zl3iQSXxsNsEg2B3M4KSURKG8jYP","English_Word_Ratings","w10","excrement",4,"extension","extension","extension","NOUN"
"yLAv948rJF5uUpOa1azj6ddWWLX7U3KcGrE4Zl3iQSXxsNsEg2B3M4KSURKG8jYP","English_Word_Ratings","w10","excrement",5,"airplane","airplane","airplane","NOUN"
"yLAv948rJF5uUpOa1azj6ddWWLX7U3KcGrE4Zl3iQSXxsNsEg2B3M4KSURKG8jYP","English_Word_Ratings","w10","excrement",6,"strive","strive","strive","ADJ"
"yLAv948rJF5uUpOa1azj6ddWWLX7U3KcGrE4Zl3iQSXxsNsEg2B3M4KSURKG8jYP","English_Word_Ratings","w10","excrement",7,"blow away","blow away","blow away","VERB ADV"
"v7tq2P9zqG6N3xAH4o8GvO1YBrnWjahz5rdJByCbpdgbhBPOwT65OuHZHKYl1uFR","English_Word_Ratings","w10","excrement",1,"hew","hew","hew","INTJ"
"v7tq2P9zqG6N3xAH4o8GvO1YBrnWjahz5rdJByCbpdgbhBPOwT65OuHZHKYl1uFR","English_Word_Ratings","w10","excrement",4,"flee","flee","flee","NOUN"
"d6NyWdJP1bcvb4qi8hcmuNgepBmDczes1g8QpCTab6HT2HBFidygOyOYJg6MzUXt","English_Word_Ratings","w10","excrement",1,"vacuum","vacuum","vacuum","NOUN"
"d6NyWdJP1bcvb4qi8hcmuNgepBmDczes1g8QpCTab6HT2HBFidygOyOYJg6MzUXt","English_Word_Ratings","w10","excrement",3,"secrecy","secrecy","secrecy","NOUN"
"garnFORYQ61r3wCyh826JKL8aDnIglWYXHz7MSvIQBIC8H32nBUgalgql6gZBzlN","English_Word_Ratings","w10","excrement",1,"bypass","bypass","bypass","NOUN"
"garnFORYQ61r3wCyh826JKL8aDnIglWYXHz7MSvIQBIC8H32nBUgalgql6gZBzlN","English_Word_Ratings","w10","excrement",2,"destory","destroy","destroy","VERB"
"garnFORYQ61r3wCyh826JKL8aDnIglWYXHz7MSvIQBIC8H32nBUgalgql6gZBzlN","English_Word_Ratings","w10","excrement",3,"remake","remake","remake","VERB"
"garnFORYQ61r3wCyh826JKL8aDnIglWYXHz7MSvIQBIC8H32nBUgalgql6gZBzlN","English_Word_Ratings","w10","excrement",4,"muse","muse","muse","NOUN"
"garnFORYQ61r3wCyh826JKL8aDnIglWYXHz7MSvIQBIC8H32nBUgalgql6gZBzlN","English_Word_Ratings","w10","excrement",5,"sleigh","sleigh","sleigh","INTJ"
"garnFORYQ61r3wCyh826JKL8aDnIglWYXHz7MSvIQBIC8H32nBUgalgql6gZBzlN","English_Word_Ratings","w10","excrement",7,"clarity","clarity","clarity","NOUN"
"garnFORYQ61r3wCyh826JKL8aDnIglWYXHz7MSvIQBIC8H32nBUgalgql6gZBzlN","English_Word_Ratings","w10","excrement",8,"sandwich","sandwich","sandwich","NOUN"
"garnFORYQ61r3wCyh826JKL8aDnIglWYXHz7MSvIQBIC8H32nBUgalgql6gZBzlN","English_Word_Ratings","w10","excrement",9,"pass","pass","pass","VERB"
"i7gzsiwaaH625g2xHgXMPfOfI6R9h8LKxyKgcR3DppkfqTpYxlpaGNFv4AOTf78v","English_Word_Ratings","w10","excrement",1,"advocat","advocate","advocate","NOUN"
"i7gzsiwaaH625g2xHgXMPfOfI6R9h8LKxyKgcR3DppkfqTpYxlpaGNFv4AOTf78v","English_Word_Ratings","w10","excrement",2,"bash","bash","bash","NOUN"
"wKTNXd6bXFAL8q4qqOh2llgWoCGmV4nmEB8h4ybNDi4oesm36R1MtrSdkxNsLMnC","English_Word_Ratings","w10","excrement",1,"stub","stub","stub","NOUN"
"wKTNXd6bXFAL8q4qqOh2llgWoCGmV4nmEB8h4ybNDi4oesm36R1MtrSdkxNsLMnC","English_Word_Ratings","w10","excrement",2,"toilet paper","toilet paper","toilet paper","NOUN NOUN"
"GoSFbC6zIahLMncIpKDjoQ5dleIxSC8jVVFIn9Km4i5Y1NIhpLJUPrByLuQc21a6","English_Word_Ratings","w10","excrement",1,"sedate","sedate","sedate","NOUN"
"GoSFbC6zIahLMncIpKDjoQ5dleIxSC8jVVFIn9Km4i5Y1NIhpLJUPrByLuQc21a6","English_Word_Ratings","w10","excrement",2,"ban","ban","ban","NOUN"
"GoSFbC6zIahLMncIpKDjoQ5dleIxSC8jVVFIn9Km4i5Y1NIhpLJUPrByLuQc21a6","English_Word_Ratings","w10","excrement",3,"discriminate","discriminate","discriminate","VERB"
"GoSFbC6zIahLMncIpKDjoQ5dleIxSC8jVVFIn9Km4i5Y1NIhpLJUPrByLuQc21a6","English_Word_Ratings","w10","excrement",4,"purify","purify","purify","VERB"
"GoSFbC6zIahLMncIpKDjoQ5dleIxSC8jVVFIn9Km4i5Y1NIhpLJUPrByLuQc21a6","English_Word_Ratings","w10","excrement",5,"projectile","projectile","projectile","NOUN"
"GoSFbC6zIahLMncIpKDjoQ5dleIxSC8jVVFIn9Km4i5Y1NIhpLJUPrByLuQc21a6","English_Word_Ratings","w10","excrement",6,"sunburn","sunburn","sunburn","VERB"
"GoSFbC6zIahLMncIpKDjoQ5dleIxSC8jVVFIn9Km4i5Y1NIhpLJUPrByLuQc21a6","English_Word_Ratings","w10","excrement",7,"incriminate","incriminate","incriminate","VERB"
"GoSFbC6zIahLMncIpKDjoQ5dleIxSC8jVVFIn9Km4i5Y1NIhpLJUPrByLuQc21a6","English_Word_Ratings","w10","excrement",8,"put out","put out","put out","VERB ADP"
"sBacIiuSQV6IuSUPRTFQmqG3UmmTN9xKph2xv2OOURpgUNOKXSQsxnE8Saex7WkV","English_Word_Ratings","w10","excrement",1,"eye shadow","eye shadow","eye shadow","NOUN NOUN"
"sBacIiuSQV6IuSUPRTFQmqG3UmmTN9xKph2xv2OOURpgUNOKXSQsxnE8Saex7WkV","English_Word_Ratings","w10","excrement",2,"rollerblad","rollerblading","rollerblad","NOUN"
"sBacIiuSQV6IuSUPRTFQmqG3UmmTN9xKph2xv2OOURpgUNOKXSQsxnE8Saex7WkV","English_Word_Ratings","w10","excrement",3,"lack","lack","lack","NOUN"
"sBacIiuSQV6IuSUPRTFQmqG3UmmTN9xKph2xv2OOURpgUNOKXSQsxnE8Saex7WkV","English_Word_Ratings","w10","excrement",5,"wet","wet","wet","ADJ"
"sBacIiuSQV6IuSUPRTFQmqG3UmmTN9xKph2xv2OOURpgUNOKXSQsxnE8Saex7WkV","English_Word_Ratings","w10","excrement",6,"born","born","bear","VERB"
"sBacIiuSQV6IuSUPRTFQmqG3UmmTN9xKph2xv2OOURpgUNOKXSQsxnE8Saex7WkV","English_Word_Ratings","w10","excrement",7,"swinn","swine","swine","NOUN"
"kO56Jn0idpJWnDDMSRMIU9DECzlitjq3w7Z1s2KfSCMDE6YZiy9U0xnv6wljxLlh","English_Word_Ratings","w10","excrement",1,"compleemnt","complement","complement","NOUN"
"kO56Jn0idpJWnDDMSRMIU9DECzlitjq3w7Z1s2KfSCMDE6YZiy9U0xnv6wljxLlh","English_Word_Ratings","w10","excrement",2,"blood pressure","blood pressure","blood pressure","NOUN NOUN"
"kO56Jn0idpJWnDDMSRMIU9DECzlitjq3w7Z1s2KfSCMDE6YZiy9U0xnv6wljxLlh","English_Word_Ratings","w10","excrement",3,"tumble","tumble","tumble","NOUN"
"kO56Jn0idpJWnDDMSRMIU9DECzlitjq3w7Z1s2KfSCMDE6YZiy9U0xnv6wljxLlh","English_Word_Ratings","w10","excrement",4,"crush","crush","crush","NOUN"
"kO56Jn0idpJWnDDMSRMIU9DECzlitjq3w7Z1s2KfSCMDE6YZiy9U0xnv6wljxLlh","English_Word_Ratings","w10","excrement",5,"candy","candy","candy","NOUN"
"kO56Jn0idpJWnDDMSRMIU9DECzlitjq3w7Z1s2KfSCMDE6YZiy9U0xnv6wljxLlh","English_Word_Ratings","w10","excrement",6,"safe","safe","safe","ADJ"
"kO56Jn0idpJWnDDMSRMIU9DECzlitjq3w7Z1s2KfSCMDE6YZiy9U0xnv6wljxLlh","English_Word_Ratings","w10","excrement",7,"loosen","loosen","loosen","VERB"
"kO56Jn0idpJWnDDMSRMIU9DECzlitjq3w7Z1s2KfSCMDE6YZiy9U0xnv6wljxLlh","English_Word_Ratings","w10","excrement",8,"endanger","endanger","endanger","NOUN"
"LSuU7j19LztOjJyzbaQVC813k4Xs1HHJRzjUOC3xGQR21Jg71xWUBLSqxxfwF8n3","English_Word_Ratings","w10","excrement",1,"withdraw","withdraw","withdraw","VERB"
"LSuU7j19LztOjJyzbaQVC813k4Xs1HHJRzjUOC3xGQR21Jg71xWUBLSqxxfwF8n3","English_Word_Ratings","w10","excrement",2,"stab","stab","stab","NOUN"
"LSuU7j19LztOjJyzbaQVC813k4Xs1HHJRzjUOC3xGQR21Jg71xWUBLSqxxfwF8n3","English_Word_Ratings","w10","excrement",3,"game","game","game","NOUN"
"YReDSBupRsykKwPjPFxhEKJ9WrWhRKquBSvqA45zIjX2ea9uVVVtSygOIdC1LG2h","English_Word_Ratings","w10","excrement",1,"group","group","group","NOUN"
"YReDSBupRsykKwPjPFxhEKJ9WrWhRKquBSvqA45zIjX2ea9uVVVtSygOIdC1LG2h","English_Word_Ratings","w10","excrement",2,"accost","accost","accost","ADJ"
"YReDSBupRsykKwPjPFxhEKJ9WrWhRKquBSvqA45zIjX2ea9uVVVtSygOIdC1LG2h","English_Word_Ratings","w10","excrement",4,"furnish","furnish","furnish","INTJ"
"HgQcnYS7bLBLsGHsEWYXm89MfSMSM8NNKgbmYc1Ws5lXQCnjE1r1xFC1VARqczsu","English_Word_Ratings","w10","excrement",1,"squint","squint","squint","NOUN"
"HgQcnYS7bLBLsGHsEWYXm89MfSMSM8NNKgbmYc1Ws5lXQCnjE1r1xFC1VARqczsu","English_Word_Ratings","w10","excrement",2,"teeth","teeth","tooth","NOUN"
"DN6wJxt2qT1Np5PlWQiffYY3Uj2fhio8LP2BS98Ht1WUs0dFRBairReZaXoTmHEP","English_Word_Ratings","w10","excrement",1,"pay","pay","pay","VERB"
"DN6wJxt2qT1Np5PlWQiffYY3Uj2fhio8LP2BS98Ht1WUs0dFRBairReZaXoTmHEP","English_Word_Ratings","w10","excrement",2,"scrunchie","scrunchies","scrunchy","NOUN"
"DN6wJxt2qT1Np5PlWQiffYY3Uj2fhio8LP2BS98Ht1WUs0dFRBairReZaXoTmHEP","English_Word_Ratings","w10","excrement",4,"haul","haul","haul","X"
"o5DMFT7lEisuLPj9cmVBQLnIxZkz0iM23cfDJOL9HqvghxE6MFdH5AfsRQ9r0D2j","English_Word_Ratings","w10","excrement",1,"itch","itch","itch","NOUN"
"o5DMFT7lEisuLPj9cmVBQLnIxZkz0iM23cfDJOL9HqvghxE6MFdH5AfsRQ9r0D2j","English_Word_Ratings","w10","excrement",2,"challenge","challenge","challenge","NOUN"
"o5DMFT7lEisuLPj9cmVBQLnIxZkz0iM23cfDJOL9HqvghxE6MFdH5AfsRQ9r0D2j","English_Word_Ratings","w10","excrement",4,"gamble","gamble","gamble","NOUN"
"FibKe5OYiPqz2UUn75mURehUDCnnAmvduGjCpCkj9jFTXR7BfZxkaHsHG0ZZQtwF","English_Word_Ratings","w10","excrement",1,"demonstrate","demonstrate","demonstrate","VERB"
"FibKe5OYiPqz2UUn75mURehUDCnnAmvduGjCpCkj9jFTXR7BfZxkaHsHG0ZZQtwF","English_Word_Ratings","w10","excrement",2,"sculp","sculpt","sculpt","NOUN"
"FibKe5OYiPqz2UUn75mURehUDCnnAmvduGjCpCkj9jFTXR7BfZxkaHsHG0ZZQtwF","English_Word_Ratings","w10","excrement",3,"aid","aid","aid","NOUN"
"FibKe5OYiPqz2UUn75mURehUDCnnAmvduGjCpCkj9jFTXR7BfZxkaHsHG0ZZQtwF","English_Word_Ratings","w10","excrement",4,"murder","murder","murder","NOUN"
"FibKe5OYiPqz2UUn75mURehUDCnnAmvduGjCpCkj9jFTXR7BfZxkaHsHG0ZZQtwF","English_Word_Ratings","w10","excrement",5,"upgrad","upgrade","upgrade","NOUN"
"50X4V7q3Et1XAYfAEDSwioMfQS8YbRUtzDW2SFCVjvd0kNGpkiwqdWUnTkiNNE80","English_Word_Ratings","w10","excrement",1,"pee","pee","pee","NOUN"
"50X4V7q3Et1XAYfAEDSwioMfQS8YbRUtzDW2SFCVjvd0kNGpkiwqdWUnTkiNNE80","English_Word_Ratings","w10","excrement",2,"segregate","segregate","segregate","VERB"
"50X4V7q3Et1XAYfAEDSwioMfQS8YbRUtzDW2SFCVjvd0kNGpkiwqdWUnTkiNNE80","English_Word_Ratings","w10","excrement",3,"truck","truck","truck","NOUN"
"50X4V7q3Et1XAYfAEDSwioMfQS8YbRUtzDW2SFCVjvd0kNGpkiwqdWUnTkiNNE80","English_Word_Ratings","w10","excrement",4,"bedding","bedding","bedding","NOUN"
"50X4V7q3Et1XAYfAEDSwioMfQS8YbRUtzDW2SFCVjvd0kNGpkiwqdWUnTkiNNE80","English_Word_Ratings","w10","excrement",5,"mute","mute","mute","X"
"50X4V7q3Et1XAYfAEDSwioMfQS8YbRUtzDW2SFCVjvd0kNGpkiwqdWUnTkiNNE80","English_Word_Ratings","w10","excrement",6,"establish","establish","establish","NOUN"
"50X4V7q3Et1XAYfAEDSwioMfQS8YbRUtzDW2SFCVjvd0kNGpkiwqdWUnTkiNNE80","English_Word_Ratings","w10","excrement",7,"space travel","space travel","space travel","NOUN NOUN"
"50X4V7q3Et1XAYfAEDSwioMfQS8YbRUtzDW2SFCVjvd0kNGpkiwqdWUnTkiNNE80","English_Word_Ratings","w10","excrement",8,"impale","impale","impale","ADJ"
"WERLbHrisM97Sa8njspLxo48hq1D6V8RsVCSTTGotC7HiHvIiUCrNVOlUHbScfKy","English_Word_Ratings_2","w01","flares",1,"coleslaw","coleslaw","coleslaw","NOUN"
"WERLbHrisM97Sa8njspLxo48hq1D6V8RsVCSTTGotC7HiHvIiUCrNVOlUHbScfKy","English_Word_Ratings_2","w01","flares",2,"juice","juice","juice","NOUN"
"WERLbHrisM97Sa8njspLxo48hq1D6V8RsVCSTTGotC7HiHvIiUCrNVOlUHbScfKy","English_Word_Ratings_2","w01","flares",3,"touch","touch","touch","NOUN"
"WERLbHrisM97Sa8njspLxo48hq1D6V8RsVCSTTGotC7HiHvIiUCrNVOlUHbScfKy","English_Word_Ratings_2","w01","flares",4,"bloode","blood","blood","NOUN"
"WERLbHrisM97Sa8njspLxo48hq1D6V8RsVCSTTGotC7HiHvIiUCrNVOlUHbScfKy","English_Word_Ratings_2","w01","flares",5,"aphrodisiac","aphrodisiac","aphrodisiac","X"
"WERLbHrisM97Sa8njspLxo48hq1D6V8RsVCSTTGotC7HiHvIiUCrNVOlUHbScfKy","English_Word_Ratings_2","w01","flares",6,"date","date","date","NOUN"
"WERLbHrisM97Sa8njspLxo48hq1D6V8RsVCSTTGotC7HiHvIiUCrNVOlUHbScfKy","English_Word_Ratings_2","w01","flares",7,"sandwich","sandwich","sandwich","NOUN"
"WERLbHrisM97Sa8njspLxo48hq1D6V8RsVCSTTGotC7HiHvIiUCrNVOlUHbScfKy","English_Word_Ratings_2","w01","flares",8,"procreate","procreate","procreate","VERB"
"lzZBcD4N5WdlEJp4FXc4WDU0QXXMUZa3saiMJqn8EsCLw7dkUMjuSISR0HfCREb4","English_Word_Ratings_2","w01","flares",1,"blanket","blanket","blanket","NOUN"
"lzZBcD4N5WdlEJp4FXc4WDU0QXXMUZa3saiMJqn8EsCLw7dkUMjuSISR0HfCREb4","English_Word_Ratings_2","w01","flares",2,"sinch","sins","sins","NOUN"
"lzZBcD4N5WdlEJp4FXc4WDU0QXXMUZa3saiMJqn8EsCLw7dkUMjuSISR0HfCREb4","English_Word_Ratings_2","w01","flares",3,"placehold","place hold","place hold","NOUN NOUN"
"lzZBcD4N5WdlEJp4FXc4WDU0QXXMUZa3saiMJqn8EsCLw7dkUMjuSISR0HfCREb4","English_Word_Ratings_2","w01","flares",5,"put up","put up","put up","VERB ADP"
"lzZBcD4N5WdlEJp4FXc4WDU0QXXMUZa3saiMJqn8EsCLw7dkUMjuSISR0HfCREb4","English_Word_Ratings_2","w01","flares",6,"harness","harness","harness","NOUN"
"OQxE9L7Mw12SKUcq9pZmmo3FxWc2uCuUHaraGy5sZW9vGR9PSug2a5hMNwjVlA5c","English_Word_Ratings_2","w01","flares",1,"oppose","oppose","oppose","NOUN"
"OQxE9L7Mw12SKUcq9pZmmo3FxWc2uCuUHaraGy5sZW9vGR9PSug2a5hMNwjVlA5c","English_Word_Ratings_2","w01","flares",2,"buff","buff","buff","NOUN"
"OQxE9L7Mw12SKUcq9pZmmo3FxWc2uCuUHaraGy5sZW9vGR9PSug2a5hMNwjVlA5c","English_Word_Ratings_2","w01","flares",3,"react","react","react","VERB"
"VsSi9vBmSPfWlt7NRbLMin20fVJgh5EyxhB0M3tiDqMhDEh6ip526THZdwm0Gup1","English_Word_Ratings_2","w01","flares",1,"wax","wax","wax","NOUN"
"VsSi9vBmSPfWlt7NRbLMin20fVJgh5EyxhB0M3tiDqMhDEh6ip526THZdwm0Gup1","English_Word_Ratings_2","w01","flares",2,"crab","crab","crab","NOUN"
"VsSi9vBmSPfWlt7NRbLMin20fVJgh5EyxhB0M3tiDqMhDEh6ip526THZdwm0Gup1","English_Word_Ratings_2","w01","flares",3,"project","project","project","NOUN"
"VsSi9vBmSPfWlt7NRbLMin20fVJgh5EyxhB0M3tiDqMhDEh6ip526THZdwm0Gup1","English_Word_Ratings_2","w01","flares",4,"plant","plant","plant","NOUN"
"VsSi9vBmSPfWlt7NRbLMin20fVJgh5EyxhB0M3tiDqMhDEh6ip526THZdwm0Gup1","English_Word_Ratings_2","w01","flares",6,"marinade","marinade","marinade","NOUN"
"VsSi9vBmSPfWlt7NRbLMin20fVJgh5EyxhB0M3tiDqMhDEh6ip526THZdwm0Gup1","English_Word_Ratings_2","w01","flares",7,"situp","setup","setup","NOUN"
"VsSi9vBmSPfWlt7NRbLMin20fVJgh5EyxhB0M3tiDqMhDEh6ip526THZdwm0Gup1","English_Word_Ratings_2","w01","flares",8,"cartwheel","cartwheel","cartwheel","NOUN"
"1rQGGdmkluNiDXwCZmvMMjeDbNuEovZX9qG1U4NeMzFi5e2GsTSOsUHnaqrIz503","English_Word_Ratings_2","w01","flares",1,"anger","anger","anger","NOUN"
"1rQGGdmkluNiDXwCZmvMMjeDbNuEovZX9qG1U4NeMzFi5e2GsTSOsUHnaqrIz503","English_Word_Ratings_2","w01","flares",2,"adhere","adhere","adhere","NOUN"
"1rQGGdmkluNiDXwCZmvMMjeDbNuEovZX9qG1U4NeMzFi5e2GsTSOsUHnaqrIz503","English_Word_Ratings_2","w01","flares",3,"comfortable","comfortable","comfortable","ADJ"
"1rQGGdmkluNiDXwCZmvMMjeDbNuEovZX9qG1U4NeMzFi5e2GsTSOsUHnaqrIz503","English_Word_Ratings_2","w01","flares",4,"tick","tick","tick","NOUN"
"1rQGGdmkluNiDXwCZmvMMjeDbNuEovZX9qG1U4NeMzFi5e2GsTSOsUHnaqrIz503","English_Word_Ratings_2","w01","flares",5,"unknot","knot","knot","PART"
"1rQGGdmkluNiDXwCZmvMMjeDbNuEovZX9qG1U4NeMzFi5e2GsTSOsUHnaqrIz503","English_Word_Ratings_2","w01","flares",6,"block noise","block noise","block noise","NOUN NOUN"
"1rQGGdmkluNiDXwCZmvMMjeDbNuEovZX9qG1U4NeMzFi5e2GsTSOsUHnaqrIz503","English_Word_Ratings_2","w01","flares",7,"persecute","persecute","persecute","X"
"1rQGGdmkluNiDXwCZmvMMjeDbNuEovZX9qG1U4NeMzFi5e2GsTSOsUHnaqrIz503","English_Word_Ratings_2","w01","flares",8,"purpose","purpose","purpose","VERB"
"g4JaB1MgPE1r4qjranCAuVoa3se9LFY4Hw7KnJj9jwqdBHzKOMXyzPkYnLVzXN3b","English_Word_Ratings_2","w01","flares",1,"incubate","incubate","incubate","NOUN"
"g4JaB1MgPE1r4qjranCAuVoa3se9LFY4Hw7KnJj9jwqdBHzKOMXyzPkYnLVzXN3b","English_Word_Ratings_2","w01","flares",2,"deactivate","deactivate","deactivate","NOUN"
"sxZt1pXLM7kUV1KxULkPh8B0LAjLRoiJMkJRsCZ73YaImMKyBOOpLKcmQuG6iNZP","English_Word_Ratings_2","w01","flares",1,"cock","cock","cock","NOUN"
"sxZt1pXLM7kUV1KxULkPh8B0LAjLRoiJMkJRsCZ73YaImMKyBOOpLKcmQuG6iNZP","English_Word_Ratings_2","w01","flares",2,"oink","oink","oink","NOUN"
"sxZt1pXLM7kUV1KxULkPh8B0LAjLRoiJMkJRsCZ73YaImMKyBOOpLKcmQuG6iNZP","English_Word_Ratings_2","w01","flares",3,"trespasse","trespass","trespass","NOUN"
"A8tz7HX3m2x4GAoKlJAZ1XfBrXKxo5dGxhoV1dKkNdDkugAvJvRJp9tFe33unNJk","English_Word_Ratings_2","w01","flares",1,"declare","declare","declare","NOUN"
"A8tz7HX3m2x4GAoKlJAZ1XfBrXKxo5dGxhoV1dKkNdDkugAvJvRJp9tFe33unNJk","English_Word_Ratings_2","w01","flares",2,"snooze","snooze","snooze","NOUN"
"A8tz7HX3m2x4GAoKlJAZ1XfBrXKxo5dGxhoV1dKkNdDkugAvJvRJp9tFe33unNJk","English_Word_Ratings_2","w01","flares",3,"speech","speech","speech","NOUN"
"A8tz7HX3m2x4GAoKlJAZ1XfBrXKxo5dGxhoV1dKkNdDkugAvJvRJp9tFe33unNJk","English_Word_Ratings_2","w01","flares",4,"lighting","lighting","lighting","NOUN"
"A8tz7HX3m2x4GAoKlJAZ1XfBrXKxo5dGxhoV1dKkNdDkugAvJvRJp9tFe33unNJk","English_Word_Ratings_2","w01","flares",6,"supplement","supplement","supplement","NOUN"
"A8tz7HX3m2x4GAoKlJAZ1XfBrXKxo5dGxhoV1dKkNdDkugAvJvRJp9tFe33unNJk","English_Word_Ratings_2","w01","flares",7,"boo","boo","boo","NOUN"
"A8tz7HX3m2x4GAoKlJAZ1XfBrXKxo5dGxhoV1dKkNdDkugAvJvRJp9tFe33unNJk","English_Word_Ratings_2","w01","flares",8,"release","release","release","INTJ"
"A8tz7HX3m2x4GAoKlJAZ1XfBrXKxo5dGxhoV1dKkNdDkugAvJvRJp9tFe33unNJk","English_Word_Ratings_2","w01","flares",9,"breastfeed","breastfeed","breastfeed","VERB"
"iiEF3G6d0Zwa6x3NPBYACZUcLOZpqLcroUzNwnZmTBRu5KQktL3KH9QJT3QpUY37","English_Word_Ratings_2","w01","flares",1,"lock","lock","lock","NOUN"
"iiEF3G6d0Zwa6x3NPBYACZUcLOZpqLcroUzNwnZmTBRu5KQktL3KH9QJT3QpUY37","English_Word_Ratings_2","w01","flares",2,"hoe","hoe","hoe","NOUN"
"iiEF3G6d0Zwa6x3NPBYACZUcLOZpqLcroUzNwnZmTBRu5KQktL3KH9QJT3QpUY37","English_Word_Ratings_2","w01","flares",3,"pasteurize","pasteurize","pasteurize","NOUN"
"yLAv948rJF5uUpOa1azj6ddWWLX7U3KcGrE4Zl3iQSXxsNsEg2B3M4KSURKG8jYP","English_Word_Ratings_2","w01","flares",1,"wet","wet","wet","ADJ"
"yLAv948rJF5uUpOa1azj6ddWWLX7U3KcGrE4Zl3iQSXxsNsEg2B3M4KSURKG8jYP","English_Word_Ratings_2","w01","flares",2,"ford","ford","ford","VERB"
"yLAv948rJF5uUpOa1azj6ddWWLX7U3KcGrE4Zl3iQSXxsNsEg2B3M4KSURKG8jYP","English_Word_Ratings_2","w01","flares",4,"fill out","fill out","fill out","VERB ADP"
"v7tq2P9zqG6N3xAH4o8GvO1YBrnWjahz5rdJByCbpdgbhBPOwT65OuHZHKYl1uFR","English_Word_Ratings_2","w01","flares",1,"gaze","gaze","gaze","VERB"
"v7tq2P9zqG6N3xAH4o8GvO1YBrnWjahz5rdJByCbpdgbhBPOwT65OuHZHKYl1uFR","English_Word_Ratings_2","w01","flares",2,"voodoo","voodoo","voodoo","INTJ"
"v7tq2P9zqG6N3xAH4o8GvO1YBrnWjahz5rdJByCbpdgbhBPOwT65OuHZHKYl1uFR","English_Word_Ratings_2","w01","flares",3,"coast","coast","coast","NOUN"
"v7tq2P9zqG6N3xAH4o8GvO1YBrnWjahz5rdJByCbpdgbhBPOwT65OuHZHKYl1uFR","English_Word_Ratings_2","w01","flares",4,"irrigate","irrigate","irrigate","ADJ"
"d6NyWdJP1bcvb4qi8hcmuNgepBmDczes1g8QpCTab6HT2HBFidygOyOYJg6MzUXt","English_Word_Ratings_2","w01","flares",1,"clothed","clothed","clothed","VERB"
"garnFORYQ61r3wCyh826JKL8aDnIglWYXHz7MSvIQBIC8H32nBUgalgql6gZBzlN","English_Word_Ratings_2","w01","flares",1,"obstruct","obstruct","obstruct","ADJ"
"garnFORYQ61r3wCyh826JKL8aDnIglWYXHz7MSvIQBIC8H32nBUgalgql6gZBzlN","English_Word_Ratings_2","w01","flares",2,"sizzle","sizzle","sizzle","NOUN"
"i7gzsiwaaH625g2xHgXMPfOfI6R9h8LKxyKgcR3DppkfqTpYxlpaGNFv4AOTf78v","English_Word_Ratings_2","w01","flares",1,"recital","recital","recital","ADJ"
"i7gzsiwaaH625g2xHgXMPfOfI6R9h8LKxyKgcR3DppkfqTpYxlpaGNFv4AOTf78v","English_Word_Ratings_2","w01","flares",2,"id","id","id","NOUN"
"i7gzsiwaaH625g2xHgXMPfOfI6R9h8LKxyKgcR3DppkfqTpYxlpaGNFv4AOTf78v","English_Word_Ratings_2","w01","flares",3,"dance","dance","dance","NOUN"
"wKTNXd6bXFAL8q4qqOh2llgWoCGmV4nmEB8h4ybNDi4oesm36R1MtrSdkxNsLMnC","English_Word_Ratings_2","w01","flares",2,"gross out","gross out","gross out","VERB ADP"
"wKTNXd6bXFAL8q4qqOh2llgWoCGmV4nmEB8h4ybNDi4oesm36R1MtrSdkxNsLMnC","English_Word_Ratings_2","w01","flares",3,"root","root","root","NOUN"
"wKTNXd6bXFAL8q4qqOh2llgWoCGmV4nmEB8h4ybNDi4oesm36R1MtrSdkxNsLMnC","English_Word_Ratings_2","w01","flares",4,"keep away","keep away","keep away","VERB ADV"
"GoSFbC6zIahLMncIpKDjoQ5dleIxSC8jVVFIn9Km4i5Y1NIhpLJUPrByLuQc21a6","English_Word_Ratings_2","w01","flares",1,"ebautify","beautify","beautify","INTJ"
"GoSFbC6zIahLMncIpKDjoQ5dleIxSC8jVVFIn9Km4i5Y1NIhpLJUPrByLuQc21a6","English_Word_Ratings_2","w01","flares",2,"aesthetic","aesthetic","aesthetic","ADJ"
"GoSFbC6zIahLMncIpKDjoQ5dleIxSC8jVVFIn9Km4i5Y1NIhpLJUPrByLuQc21a6","English_Word_Ratings_2","w01","flares",3,"jazz","jazz","jazz","NOUN"
"sBacIiuSQV6IuSUPRTFQmqG3UmmTN9xKph2xv2OOURpgUNOKXSQsxnE8Saex7WkV","English_Word_Ratings_2","w01","flares",1,"fall over","fall over","fall over","VERB ADV"
"sBacIiuSQV6IuSUPRTFQmqG3UmmTN9xKph2xv2OOURpgUNOKXSQsxnE8Saex7WkV","English_Word_Ratings_2","w01","flares",2,"quack","quack","quack","NOUN"
"kO56Jn0idpJWnDDMSRMIU9DECzlitjq3w7Z1s2KfSCMDE6YZiy9U0xnv6wljxLlh","English_Word_Ratings_2","w01","flares",1,"license","license","license","NOUN"
"kO56Jn0idpJWnDDMSRMIU9DECzlitjq3w7Z1s2KfSCMDE6YZiy9U0xnv6wljxLlh","English_Word_Ratings_2","w01","flares",3,"sicken","sicken","sicken","ADJ"
"kO56Jn0idpJWnDDMSRMIU9DECzlitjq3w7Z1s2KfSCMDE6YZiy9U0xnv6wljxLlh","English_Word_Ratings_2","w01","flares",4,"decease","decease","decease","INTJ"
"kO56Jn0idpJWnDDMSRMIU9DECzlitjq3w7Z1s2KfSCMDE6YZiy9U0xnv6wljxLlh","English_Word_Ratings_2","w01","flares",5,"assist","assist","assist","VERB"
"LSuU7j19LztOjJyzbaQVC813k4Xs1HHJRzjUOC3xGQR21Jg71xWUBLSqxxfwF8n3","English_Word_Ratings_2","w01","flares",1,"campaign","campaign","campaign","NOUN"
"LSuU7j19LztOjJyzbaQVC813k4Xs1HHJRzjUOC3xGQR21Jg71xWUBLSqxxfwF8n3","English_Word_Ratings_2","w01","flares",2,"swirl","swirl","swirl","INTJ"
"LSuU7j19LztOjJyzbaQVC813k4Xs1HHJRzjUOC3xGQR21Jg71xWUBLSqxxfwF8n3","English_Word_Ratings_2","w01","flares",3,"border","border","border","NOUN"
"LSuU7j19LztOjJyzbaQVC813k4Xs1HHJRzjUOC3xGQR21Jg71xWUBLSqxxfwF8n3","English_Word_Ratings_2","w01","flares",4,"falsiy","falsity","falsity","NOUN"
"LSuU7j19LztOjJyzbaQVC813k4Xs1HHJRzjUOC3xGQR21Jg71xWUBLSqxxfwF8n3","English_Word_Ratings_2","w01","flares",5,"overgrow","overgrow","overgrow","ADV"
"LSuU7j19LztOjJyzbaQVC813k4Xs1HHJRzjUOC3xGQR21Jg71xWUBLSqxxfwF8n3","English_Word_Ratings_2","w01","flares",6,"de-stress","de-stress","de - stress","NOUN PUNCT NOUN"
"LSuU7j19LztOjJyzbaQVC813k4Xs1HHJRzjUOC3xGQR21Jg71xWUBLSqxxfwF8n3","English_Word_Ratings_2","w01","flares",7,"tent","tent","tent","NOUN"
"LSuU7j19LztOjJyzbaQVC813k4Xs1HHJRzjUOC3xGQR21Jg71xWUBLSqxxfwF8n3","English_Word_Ratings_2","w01","flares",8,"ding","ding","d","NOUN"
"YReDSBupRsykKwPjPFxhEKJ9WrWhRKquBSvqA45zIjX2ea9uVVVtSygOIdC1LG2h","English_Word_Ratings_2","w01","flares",1,"ship","ship","ship","NOUN"
"YReDSBupRsykKwPjPFxhEKJ9WrWhRKquBSvqA45zIjX2ea9uVVVtSygOIdC1LG2h","English_Word_Ratings_2","w01","flares",2,"nuzzle","nuzzle","nuzzle","NOUN"
"YReDSBupRsykKwPjPFxhEKJ9WrWhRKquBSvqA45zIjX2ea9uVVVtSygOIdC1LG2h","English_Word_Ratings_2","w01","flares",3,"prank","prank","prank","NOUN"
"HgQcnYS7bLBLsGHsEWYXm89MfSMSM8NNKgbmYc1Ws5lXQCnjE1r1xFC1VARqczsu","English_Word_Ratings_2","w01","flares",1,"terrorism","terrorism","terrorism","NOUN"
"HgQcnYS7bLBLsGHsEWYXm89MfSMSM8NNKgbmYc1Ws5lXQCnjE1r1xFC1VARqczsu","English_Word_Ratings_2","w01","flares",2,"forget","forget","forget","VERB"
"HgQcnYS7bLBLsGHsEWYXm89MfSMSM8NNKgbmYc1Ws5lXQCnjE1r1xFC1VARqczsu","English_Word_Ratings_2","w01","flares",3,"sky dive","sky dive","sky dive","NOUN NOUN"
"HgQcnYS7bLBLsGHsEWYXm89MfSMSM8NNKgbmYc1Ws5lXQCnjE1r1xFC1VARqczsu","English_Word_Ratings_2","w01","flares",4,"waypoint","way point","way point","NOUN NOUN"
"HgQcnYS7bLBLsGHsEWYXm89MfSMSM8NNKgbmYc1Ws5lXQCnjE1r1xFC1VARqczsu","English_Word_Ratings_2","w01","flares",5,"record","record","record","NOUN"
"HgQcnYS7bLBLsGHsEWYXm89MfSMSM8NNKgbmYc1Ws5lXQCnjE1r1xFC1VARqczsu","English_Word_Ratings_2","w01","flares",6,"jockey","jockey","jockey","NOUN"
"HgQcnYS7bLBLsGHsEWYXm89MfSMSM8NNKgbmYc1Ws5lXQCnjE1r1xFC1VARqczsu","English_Word_Ratings_2","w01","flares",7,"kikc out","kick out","kick out","VERB ADP"
"HgQcnYS7bLBLsGHsEWYXm89MfSMSM8NNKgbmYc1Ws5lXQCnjE1r1xFC1VARqczsu","English_Word_Ratings_2","w01","flares",8,"invade","invade","invade","NOUN"
"HgQcnYS7bLBLsGHsEWYXm89MfSMSM8NNKgbmYc1Ws5lXQCnjE1r1xFC1VARqczsu","English_Word_Ratings_2","w01","flares",10,"treehouse","tree house","tree house","NOUN NOUN"
"DN6wJxt2qT1Np5PlWQiffYY3Uj2fhio8LP2BS98Ht1WUs0dFRBairReZaXoTmHEP","English_Word_Ratings_2","w01","flares",1,"WAKE","wake","wake","NOUN"
"DN6wJxt2qT1Np5PlWQiffYY3Uj2fhio8LP2BS98Ht1WUs0dFRBairReZaXoTmHEP","English_Word_Ratings_2","w01","flares",2,"relationship","relationship","relationship","NOUN"
"DN6wJxt2qT1Np5PlWQiffYY3Uj2fhio8LP2BS98Ht1WUs0dFRBairReZaXoTmHEP","English_Word_Ratings_2","w01","flares",3,"bolt","bolt","bolt","NOUN"
"o5DMFT7lEisuLPj9cmVBQLnIxZkz0iM23cfDJOL9HqvghxE6MFdH5AfsRQ9r0D2j","English_Word_Ratings_2","w01","flares",1,"block noise","block noise","block noise","NOUN NOUN"
"o5DMFT7lEisuLPj9cmVBQLnIxZkz0iM23cfDJOL9HqvghxE6MFdH5AfsRQ9r0D2j","English_Word_Ratings_2","w01","flares",2,"crucify","crucify","crucify","VERB"
"o5DMFT7lEisuLPj9cmVBQLnIxZkz0iM23cfDJOL9HqvghxE6MFdH5AfsRQ9r0D2j","English_Word_Ratings_2","w01","flares",3,"vet","vet","vet","NOUN"
"FibKe5OYiPqz2UUn75mURehUDCnnAmvduGjCpCkj9jFTXR7BfZxkaHsHG0ZZQtwF","English_Word_Ratings_2","w01","flares",2,"scrapp","scrap","scrap","NOUN"
"FibKe5OYiPqz2UUn75mURehUDCnnAmvduGjCpCkj9jFTXR7BfZxkaHsHG0ZZQtwF","English_Word_Ratings_2","w01","flares",3,"guilt","guilt","guilt","NOUN"
"FibKe5OYiPqz2UUn75mURehUDCnnAmvduGjCpCkj9jFTXR7BfZxkaHsHG0ZZQtwF","English_Word_Ratings_2","w01","flares",4,"infer","infer","infer","NOUN"
"FibKe5OYiPqz2UUn75mURehUDCnnAmvduGjCpCkj9jFTXR7BfZxkaHsHG0ZZQtwF","English_Word_Ratings_2","w01","flares",5,"pulse","pulse","pulse","NOUN"
"FibKe5OYiPqz2UUn75mURehUDCnnAmvduGjCpCkj9jFTXR7BfZxkaHsHG0ZZQtwF","English_Word_Ratings_2","w01","flares",6,"bike","bike","bike","NOUN"
"FibKe5OYiPqz2UUn75mURehUDCnnAmvduGjCpCkj9jFTXR7BfZxkaHsHG0ZZQtwF","English_Word_Ratings_2","w01","flares",7,"clutter","clutter","clutter","NOUN"
"FibKe5OYiPqz2UUn75mURehUDCnnAmvduGjCpCkj9jFTXR7BfZxkaHsHG0ZZQtwF","English_Word_Ratings_2","w01","flares",8,"chain","chain","chain","NOUN"
"FibKe5OYiPqz2UUn75mURehUDCnnAmvduGjCpCkj9jFTXR7BfZxkaHsHG0ZZQtwF","English_Word_Ratings_2","w01","flares",9,"flake","flake","flake","NOUN"
"50X4V7q3Et1XAYfAEDSwioMfQS8YbRUtzDW2SFCVjvd0kNGpkiwqdWUnTkiNNE80","English_Word_Ratings_2","w01","flares",1,"impression","impression","impression","NOUN"
"50X4V7q3Et1XAYfAEDSwioMfQS8YbRUtzDW2SFCVjvd0kNGpkiwqdWUnTkiNNE80","English_Word_Ratings_2","w01","flares",2,"topping","topping","topping","NOUN"
"50X4V7q3Et1XAYfAEDSwioMfQS8YbRUtzDW2SFCVjvd0kNGpkiwqdWUnTkiNNE80","English_Word_Ratings_2","w01","flares",3,"divert","divert","divert","NOUN"
"WERLbHrisM97Sa8njspLxo48hq1D6V8RsVCSTTGotC7HiHvIiUCrNVOlUHbScfKy","English_Word_Ratings_2","w02","catsup",1,"carpet","carpet","carpet","NOUN"
"WERLbHrisM97Sa8njspLxo48hq1D6V8RsVCSTTGotC7HiHvIiUCrNVOlUHbScfKy","English_Word_Ratings_2","w02","catsup",2,"augur","augur","augur","NOUN"
"WERLbHrisM97Sa8njspLxo48hq1D6V8RsVCSTTGotC7HiHvIiUCrNVOlUHbScfKy","English_Word_Ratings_2","w02","catsup",3,"father","father","father","NOUN"
"WERLbHrisM97Sa8njspLxo48hq1D6V8RsVCSTTGotC7HiHvIiUCrNVOlUHbScfKy","English_Word_Ratings_2","w02","catsup",4,"oink","oink","oink","NOUN"
"WERLbHrisM97Sa8njspLxo48hq1D6V8RsVCSTTGotC7HiHvIiUCrNVOlUHbScfKy","English_Word_Ratings_2","w02","catsup",5,"company","company","company","NOUN"
"WERLbHrisM97Sa8njspLxo48hq1D6V8RsVCSTTGotC7HiHvIiUCrNVOlUHbScfKy","English_Word_Ratings_2","w02","catsup",6,"criminalize","criminalize","criminalize","NOUN"
"WERLbHrisM97Sa8njspLxo48hq1D6V8RsVCSTTGotC7HiHvIiUCrNVOlUHbScfKy","English_Word_Ratings_2","w02","catsup",8,"yard work","yard work","yard work","ADJ NOUN"
"WERLbHrisM97Sa8njspLxo48hq1D6V8RsVCSTTGotC7HiHvIiUCrNVOlUHbScfKy","English_Word_Ratings_2","w02","catsup",9,"send","send","send","VERB"
"lzZBcD4N5WdlEJp4FXc4WDU0QXXMUZa3saiMJqn8EsCLw7dkUMjuSISR0HfCREb4","English_Word_Ratings_2","w02","catsup",1,"churn","churn","churn","NOUN"
"lzZBcD4N5WdlEJp4FXc4WDU0QXXMUZa3saiMJqn8EsCLw7dkUMjuSISR0HfCREb4","English_Word_Ratings_2","w02","catsup",2,"dunk","dunk","dunk","NOUN"
"lzZBcD4N5WdlEJp4FXc4WDU0QXXMUZa3saiMJqn8EsCLw7dkUMjuSISR0HfCREb4","English_Word_Ratings_2","w02","catsup",3,"forward","forward","forward","ADV"
"lzZBcD4N5WdlEJp4FXc4WDU0QXXMUZa3saiMJqn8EsCLw7dkUMjuSISR0HfCREb4","English_Word_Ratings_2","w02","catsup",4,"icing","icing","icing","NOUN"
"lzZBcD4N5WdlEJp4FXc4WDU0QXXMUZa3saiMJqn8EsCLw7dkUMjuSISR0HfCREb4","English_Word_Ratings_2","w02","catsup",5,"crawl","crawl","crawl","NOUN"
"lzZBcD4N5WdlEJp4FXc4WDU0QXXMUZa3saiMJqn8EsCLw7dkUMjuSISR0HfCREb4","English_Word_Ratings_2","w02","catsup",6,"court","court","court","NOUN"
"OQxE9L7Mw12SKUcq9pZmmo3FxWc2uCuUHaraGy5sZW9vGR9PSug2a5hMNwjVlA5c","English_Word_Ratings_2","w02","catsup",1,"pop pimple","pop pimple","pop pimple","NOUN NOUN"
"OQxE9L7Mw12SKUcq9pZmmo3FxWc2uCuUHaraGy5sZW9vGR9PSug2a5hMNwjVlA5c","English_Word_Ratings_2","w02","catsup",2,"achieve","achieve","achieve","VERB"
"OQxE9L7Mw12SKUcq9pZmmo3FxWc2uCuUHaraGy5sZW9vGR9PSug2a5hMNwjVlA5c","English_Word_Ratings_2","w02","catsup",3,"evok","evoke","evoke","INTJ"
"OQxE9L7Mw12SKUcq9pZmmo3FxWc2uCuUHaraGy5sZW9vGR9PSug2a5hMNwjVlA5c","English_Word_Ratings_2","w02","catsup",4,"lube","lube","lube","NOUN"
"OQxE9L7Mw12SKUcq9pZmmo3FxWc2uCuUHaraGy5sZW9vGR9PSug2a5hMNwjVlA5c","English_Word_Ratings_2","w02","catsup",5,"speculate","speculate","speculate","VERB"
"OQxE9L7Mw12SKUcq9pZmmo3FxWc2uCuUHaraGy5sZW9vGR9PSug2a5hMNwjVlA5c","English_Word_Ratings_2","w02","catsup",6,"laryngoscopy","laparoscopy","laparoscopy","INTJ"
"OQxE9L7Mw12SKUcq9pZmmo3FxWc2uCuUHaraGy5sZW9vGR9PSug2a5hMNwjVlA5c","English_Word_Ratings_2","w02","catsup",7,"stow","stow","stow","NOUN"
"OQxE9L7Mw12SKUcq9pZmmo3FxWc2uCuUHaraGy5sZW9vGR9PSug2a5hMNwjVlA5c","English_Word_Ratings_2","w02","catsup",8,"brothel","brothel","brothel","NOUN"
"VsSi9vBmSPfWlt7NRbLMin20fVJgh5EyxhB0M3tiDqMhDEh6ip526THZdwm0Gup1","English_Word_Ratings_2","w02","catsup",1,"drive","drive","drive","VERB"
"VsSi9vBmSPfWlt7NRbLMin20fVJgh5EyxhB0M3tiDqMhDEh6ip526THZdwm0Gup1","English_Word_Ratings_2","w02","catsup",2,"coaster","coaster","coaster","NOUN"
"VsSi9vBmSPfWlt7NRbLMin20fVJgh5EyxhB0M3tiDqMhDEh6ip526THZdwm0Gup1","English_Word_Ratings_2","w02","catsup",3,"deodorize","deodorize","deodorize","NOUN"
"1rQGGdmkluNiDXwCZmvMMjeDbNuEovZX9qG1U4NeMzFi5e2GsTSOsUHnaqrIz503","English_Word_Ratings_2","w02","catsup",1,"practice","practice","practice","NOUN"
"1rQGGdmkluNiDXwCZmvMMjeDbNuEovZX9qG1U4NeMzFi5e2GsTSOsUHnaqrIz503","English_Word_Ratings_2","w02","catsup",2,"outreach","outreach","outreach","NOUN"
"g4JaB1MgPE1r4qjranCAuVoa3se9LFY4Hw7KnJj9jwqdBHzKOMXyzPkYnLVzXN3b","English_Word_Ratings_2","w02","catsup",1,"harry","harry","harry","INTJ"
"g4JaB1MgPE1r4qjranCAuVoa3se9LFY4Hw7KnJj9jwqdBHzKOMXyzPkYnLVzXN3b","English_Word_Ratings_2","w02","catsup",2,"leg","leg","leg","NOUN"
"g4JaB1MgPE1r4qjranCAuVoa3se9LFY4Hw7KnJj9jwqdBHzKOMXyzPkYnLVzXN3b","English_Word_Ratings_2","w02","catsup",3,"chant","chant","chant","NOUN"
"sxZt1pXLM7kUV1KxULkPh8B0LAjLRoiJMkJRsCZ73YaImMKyBOOpLKcmQuG6iNZP","English_Word_Ratings_2","w02","catsup",1,"roommate","roommate","roommate","NOUN"
"sxZt1pXLM7kUV1KxULkPh8B0LAjLRoiJMkJRsCZ73YaImMKyBOOpLKcmQuG6iNZP","English_Word_Ratings_2","w02","catsup",2,"man cave","man cave","man cave","NOUN NOUN"
"sxZt1pXLM7kUV1KxULkPh8B0LAjLRoiJMkJRsCZ73YaImMKyBOOpLKcmQuG6iNZP","English_Word_Ratings_2","w02","catsup",3,"decide","decide","decide","VERB"
"sxZt1pXLM7kUV1KxULkPh8B0LAjLRoiJMkJRsCZ73YaImMKyBOOpLKcmQuG6iNZP","English_Word_Ratings_2","w02","catsup",4,"tenderize","tenderize","tenderize","NOUN"
"sxZt1pXLM7kUV1KxULkPh8B0LAjLRoiJMkJRsCZ73YaImMKyBOOpLKcmQuG6iNZP","English_Word_Ratings_2","w02","catsup",5,"commute","commute","commute","X"
"sxZt1pXLM7kUV1KxULkPh8B0LAjLRoiJMkJRsCZ73YaImMKyBOOpLKcmQuG6iNZP","English_Word_Ratings_2","w02","catsup",6,"controversy","controversy","controversy","NOUN"
"A8tz7HX3m2x4GAoKlJAZ1XfBrXKxo5dGxhoV1dKkNdDkugAvJvRJp9tFe33unNJk","English_Word_Ratings_2","w02","catsup",1,"suffer","suffer","suffer","VERB"
"A8tz7HX3m2x4GAoKlJAZ1XfBrXKxo5dGxhoV1dKkNdDkugAvJvRJp9tFe33unNJk","English_Word_Ratings_2","w02","catsup",3,"anger","anger","anger","NOUN"
"A8tz7HX3m2x4GAoKlJAZ1XfBrXKxo5dGxhoV1dKkNdDkugAvJvRJp9tFe33unNJk","English_Word_Ratings_2","w02","catsup",4,"sublimate","sublimate","sublimate","NOUN"
"A8tz7HX3m2x4GAoKlJAZ1XfBrXKxo5dGxhoV1dKkNdDkugAvJvRJp9tFe33unNJk","English_Word_Ratings_2","w02","catsup",5,"spray","spray","spray","NOUN"
"A8tz7HX3m2x4GAoKlJAZ1XfBrXKxo5dGxhoV1dKkNdDkugAvJvRJp9tFe33unNJk","English_Word_Ratings_2","w02","catsup",6,"low","low","low","ADJ"
"A8tz7HX3m2x4GAoKlJAZ1XfBrXKxo5dGxhoV1dKkNdDkugAvJvRJp9tFe33unNJk","English_Word_Ratings_2","w02","catsup",7,"notify","notify","notify","VERB"
"A8tz7HX3m2x4GAoKlJAZ1XfBrXKxo5dGxhoV1dKkNdDkugAvJvRJp9tFe33unNJk","English_Word_Ratings_2","w02","catsup",8,"glamorize","glamorize","glamorize","NOUN"
"A8tz7HX3m2x4GAoKlJAZ1XfBrXKxo5dGxhoV1dKkNdDkugAvJvRJp9tFe33unNJk","English_Word_Ratings_2","w02","catsup",9,"wrinkle","wrinkle","wrinkle","NOUN"
"A8tz7HX3m2x4GAoKlJAZ1XfBrXKxo5dGxhoV1dKkNdDkugAvJvRJp9tFe33unNJk","English_Word_Ratings_2","w02","catsup",10,"chop down","chop down","chop down","VERB ADV"
"iiEF3G6d0Zwa6x3NPBYACZUcLOZpqLcroUzNwnZmTBRu5KQktL3KH9QJT3QpUY37","English_Word_Ratings_2","w02","catsup",1,"link","link","link","NOUN"
"iiEF3G6d0Zwa6x3NPBYACZUcLOZpqLcroUzNwnZmTBRu5KQktL3KH9QJT3QpUY37","English_Word_Ratings_2","w02","catsup",2,"herd","herd","herd","NOUN"
"iiEF3G6d0Zwa6x3NPBYACZUcLOZpqLcroUzNwnZmTBRu5KQktL3KH9QJT3QpUY37","English_Word_Ratings_2","w02","catsup",3,"excrete","excrete","excrete","X"
"iiEF3G6d0Zwa6x3NPBYACZUcLOZpqLcroUzNwnZmTBRu5KQktL3KH9QJT3QpUY37","English_Word_Ratings_2","w02","catsup",4,"dissolve","dissolve","dissolve","NOUN"
"iiEF3G6d0Zwa6x3NPBYACZUcLOZpqLcroUzNwnZmTBRu5KQktL3KH9QJT3QpUY37","English_Word_Ratings_2","w02","catsup",5,"injury","injury","injury","NOUN"
"iiEF3G6d0Zwa6x3NPBYACZUcLOZpqLcroUzNwnZmTBRu5KQktL3KH9QJT3QpUY37","English_Word_Ratings_2","w02","catsup",6,"dedica","dedicate","dedicate","NOUN"
"iiEF3G6d0Zwa6x3NPBYACZUcLOZpqLcroUzNwnZmTBRu5KQktL3KH9QJT3QpUY37","English_Word_Ratings_2","w02","catsup",7,"score","score","score","NOUN"
"iiEF3G6d0Zwa6x3NPBYACZUcLOZpqLcroUzNwnZmTBRu5KQktL3KH9QJT3QpUY37","English_Word_Ratings_2","w02","catsup",8,"splint","splint","splint","NOUN"
"iiEF3G6d0Zwa6x3NPBYACZUcLOZpqLcroUzNwnZmTBRu5KQktL3KH9QJT3QpUY37","English_Word_Ratings_2","w02","catsup",9,"wig","wig","wig","X"
"iiEF3G6d0Zwa6x3NPBYACZUcLOZpqLcroUzNwnZmTBRu5KQktL3KH9QJT3QpUY37","English_Word_Ratings_2","w02","catsup",10,"worktop","worktop","worktop","X"
"yLAv948rJF5uUpOa1azj6ddWWLX7U3KcGrE4Zl3iQSXxsNsEg2B3M4KSURKG8jYP","English_Word_Ratings_2","w02","catsup",1,"filet","filet","filet","NOUN"
"yLAv948rJF5uUpOa1azj6ddWWLX7U3KcGrE4Zl3iQSXxsNsEg2B3M4KSURKG8jYP","English_Word_Ratings_2","w02","catsup",2,"sturdy","sturdy","sturdy","NOUN"
"yLAv948rJF5uUpOa1azj6ddWWLX7U3KcGrE4Zl3iQSXxsNsEg2B3M4KSURKG8jYP","English_Word_Ratings_2","w02","catsup",3,"cat toy","cat toy","cat toy","NOUN NOUN"
"v7tq2P9zqG6N3xAH4o8GvO1YBrnWjahz5rdJByCbpdgbhBPOwT65OuHZHKYl1uFR","English_Word_Ratings_2","w02","catsup",1,"respond","respond","respond","VERB"
"v7tq2P9zqG6N3xAH4o8GvO1YBrnWjahz5rdJByCbpdgbhBPOwT65OuHZHKYl1uFR","English_Word_Ratings_2","w02","catsup",2,"spice","spice","spice","NOUN"
"v7tq2P9zqG6N3xAH4o8GvO1YBrnWjahz5rdJByCbpdgbhBPOwT65OuHZHKYl1uFR","English_Word_Ratings_2","w02","catsup",3,"breastfeed","breastfeed","breastfeed","VERB"
"d6NyWdJP1bcvb4qi8hcmuNgepBmDczes1g8QpCTab6HT2HBFidygOyOYJg6MzUXt","English_Word_Ratings_2","w02","catsup",1,"release","release","release","INTJ"
"d6NyWdJP1bcvb4qi8hcmuNgepBmDczes1g8QpCTab6HT2HBFidygOyOYJg6MzUXt","English_Word_Ratings_2","w02","catsup",2,"commemorat","commemorate","commemorate","ADJ"
"garnFORYQ61r3wCyh826JKL8aDnIglWYXHz7MSvIQBIC8H32nBUgalgql6gZBzlN","English_Word_Ratings_2","w02","catsup",1,"guide","guide","guide","NOUN"
"garnFORYQ61r3wCyh826JKL8aDnIglWYXHz7MSvIQBIC8H32nBUgalgql6gZBzlN","English_Word_Ratings_2","w02","catsup",2,"call","call","call","NOUN"
"garnFORYQ61r3wCyh826JKL8aDnIglWYXHz7MSvIQBIC8H32nBUgalgql6gZBzlN","English_Word_Ratings_2","w02","catsup",3,"resonat","resonate","resonate","VERB"
"i7gzsiwaaH625g2xHgXMPfOfI6R9h8LKxyKgcR3DppkfqTpYxlpaGNFv4AOTf78v","English_Word_Ratings_2","w02","catsup",1,"thicken","thicken","thicken","ADV"
"i7gzsiwaaH625g2xHgXMPfOfI6R9h8LKxyKgcR3DppkfqTpYxlpaGNFv4AOTf78v","English_Word_Ratings_2","w02","catsup",2,"attain","attain","attain","VERB"
"i7gzsiwaaH625g2xHgXMPfOfI6R9h8LKxyKgcR3DppkfqTpYxlpaGNFv4AOTf78v","English_Word_Ratings_2","w02","catsup",3,"debrief","debrief","debrief","NOUN"
"i7gzsiwaaH625g2xHgXMPfOfI6R9h8LKxyKgcR3DppkfqTpYxlpaGNFv4AOTf78v","English_Word_Ratings_2","w02","catsup",4,"twerk","twerk","twerk","NOUN"
"i7gzsiwaaH625g2xHgXMPfOfI6R9h8LKxyKgcR3DppkfqTpYxlpaGNFv4AOTf78v","English_Word_Ratings_2","w02","catsup",5,"spit out","spit out","spit out","VERB ADP"
"wKTNXd6bXFAL8q4qqOh2llgWoCGmV4nmEB8h4ybNDi4oesm36R1MtrSdkxNsLMnC","English_Word_Ratings_2","w02","catsup",2,"supply","supply","supply","NOUN"
"wKTNXd6bXFAL8q4qqOh2llgWoCGmV4nmEB8h4ybNDi4oesm36R1MtrSdkxNsLMnC","English_Word_Ratings_2","w02","catsup",3,"beep","beep","beep","INTJ"
"GoSFbC6zIahLMncIpKDjoQ5dleIxSC8jVVFIn9Km4i5Y1NIhpLJUPrByLuQc21a6","English_Word_Ratings_2","w02","catsup",1,"socalize","socialize","socialize","NOUN"
"GoSFbC6zIahLMncIpKDjoQ5dleIxSC8jVVFIn9Km4i5Y1NIhpLJUPrByLuQc21a6","English_Word_Ratings_2","w02","catsup",2,"sort","sort","sort","ADV"
"GoSFbC6zIahLMncIpKDjoQ5dleIxSC8jVVFIn9Km4i5Y1NIhpLJUPrByLuQc21a6","English_Word_Ratings_2","w02","catsup",3,"schedule","schedule","schedule","NOUN"
"GoSFbC6zIahLMncIpKDjoQ5dleIxSC8jVVFIn9Km4i5Y1NIhpLJUPrByLuQc21a6","English_Word_Ratings_2","w02","catsup",4,"sensatoinalize","sensationalize","sensationalize","VERB"
"GoSFbC6zIahLMncIpKDjoQ5dleIxSC8jVVFIn9Km4i5Y1NIhpLJUPrByLuQc21a6","English_Word_Ratings_2","w02","catsup",5,"harry","harry","harry","INTJ"
"GoSFbC6zIahLMncIpKDjoQ5dleIxSC8jVVFIn9Km4i5Y1NIhpLJUPrByLuQc21a6","English_Word_Ratings_2","w02","catsup",6,"spend time","spend time","spend time","NOUN NOUN"
"GoSFbC6zIahLMncIpKDjoQ5dleIxSC8jVVFIn9Km4i5Y1NIhpLJUPrByLuQc21a6","English_Word_Ratings_2","w02","catsup",7,"patch","patch","patch","NOUN"
"sBacIiuSQV6IuSUPRTFQmqG3UmmTN9xKph2xv2OOURpgUNOKXSQsxnE8Saex7WkV","English_Word_Ratings_2","w02","catsup",1,"chastsie","chastise","chastise","NOUN"
"sBacIiuSQV6IuSUPRTFQmqG3UmmTN9xKph2xv2OOURpgUNOKXSQsxnE8Saex7WkV","English_Word_Ratings_2","w02","catsup",3,"rope","rope","rope","NOUN"
"sBacIiuSQV6IuSUPRTFQmqG3UmmTN9xKph2xv2OOURpgUNOKXSQsxnE8Saex7WkV","English_Word_Ratings_2","w02","catsup",4,"follower","follower","follower","VERB"
"sBacIiuSQV6IuSUPRTFQmqG3UmmTN9xKph2xv2OOURpgUNOKXSQsxnE8Saex7WkV","English_Word_Ratings_2","w02","catsup",5,"fist bump","fist bump","fist bump","NOUN NOUN"
"sBacIiuSQV6IuSUPRTFQmqG3UmmTN9xKph2xv2OOURpgUNOKXSQsxnE8Saex7WkV","English_Word_Ratings_2","w02","catsup",6,"xclude","exclude","exclude","VERB"
"sBacIiuSQV6IuSUPRTFQmqG3UmmTN9xKph2xv2OOURpgUNOKXSQsxnE8Saex7WkV","English_Word_Ratings_2","w02","catsup",7,"milk","milk","milk","NOUN"
"sBacIiuSQV6IuSUPRTFQmqG3UmmTN9xKph2xv2OOURpgUNOKXSQsxnE8Saex7WkV","English_Word_Ratings_2","w02","catsup",8,"keepsake","keepsake","keepake","NOUN"
"kO56Jn0idpJWnDDMSRMIU9DECzlitjq3w7Z1s2KfSCMDE6YZiy9U0xnv6wljxLlh","English_Word_Ratings_2","w02","catsup",1,"carouse","carouse","carouse","NOUN"
"kO56Jn0idpJWnDDMSRMIU9DECzlitjq3w7Z1s2KfSCMDE6YZiy9U0xnv6wljxLlh","English_Word_Ratings_2","w02","catsup",2,"gnaw","gnaw","gnaw","NOUN"
"kO56Jn0idpJWnDDMSRMIU9DECzlitjq3w7Z1s2KfSCMDE6YZiy9U0xnv6wljxLlh","English_Word_Ratings_2","w02","catsup",3,"ford","ford","ford","VERB"
"kO56Jn0idpJWnDDMSRMIU9DECzlitjq3w7Z1s2KfSCMDE6YZiy9U0xnv6wljxLlh","English_Word_Ratings_2","w02","catsup",4,"set up","set up","set up","VERB ADP"
"kO56Jn0idpJWnDDMSRMIU9DECzlitjq3w7Z1s2KfSCMDE6YZiy9U0xnv6wljxLlh","English_Word_Ratings_2","w02","catsup",5,"referent","referent","referent","VERB"
"LSuU7j19LztOjJyzbaQVC813k4Xs1HHJRzjUOC3xGQR21Jg71xWUBLSqxxfwF8n3","English_Word_Ratings_2","w02","catsup",1,"stripe","stripe","stripe","NOUN"
"LSuU7j19LztOjJyzbaQVC813k4Xs1HHJRzjUOC3xGQR21Jg71xWUBLSqxxfwF8n3","English_Word_Ratings_2","w02","catsup",2,"acquaint","acquaint","acquaint","NOUN"
"LSuU7j19LztOjJyzbaQVC813k4Xs1HHJRzjUOC3xGQR21Jg71xWUBLSqxxfwF8n3","English_Word_Ratings_2","w02","catsup",4,"conserve","conserve","conserve","VERB"
"LSuU7j19LztOjJyzbaQVC813k4Xs1HHJRzjUOC3xGQR21Jg71xWUBLSqxxfwF8n3","English_Word_Ratings_2","w02","catsup",5,"strength","strength","strength","NOUN"
"YReDSBupRsykKwPjPFxhEKJ9WrWhRKquBSvqA45zIjX2ea9uVVVtSygOIdC1LG2h","English_Word_Ratings_2","w02","catsup",2,"refuse","refuse","refuse","VERB"
"YReDSBupRsykKwPjPFxhEKJ9WrWhRKquBSvqA45zIjX2ea9uVVVtSygOIdC1LG2h","English_Word_Ratings_2","w02","catsup",3,"peace","peace","peace","NOUN"
"YReDSBupRsykKwPjPFxhEKJ9WrWhRKquBSvqA45zIjX2ea9uVVVtSygOIdC1LG2h","English_Word_Ratings_2","w02","catsup",4,"pardon","pardon","pardon","NOUN"
"YReDSBupRsykKwPjPFxhEKJ9WrWhRKquBSvqA45zIjX2ea9uVVVtSygOIdC1LG2h","English_Word_Ratings_2","w02","catsup",5,"alleviate","alleviate","alleviate","NOUN"
"YReDSBupRsykKwPjPFxhEKJ9WrWhRKquBSvqA45zIjX2ea9uVVVtSygOIdC1LG2h","English_Word_Ratings_2","w02","catsup",7,"respiration","respiration","respiration","NOUN"
"YReDSBupRsykKwPjPFxhEKJ9WrWhRKquBSvqA45zIjX2ea9uVVVtSygOIdC1LG2h","English_Word_Ratings_2","w02","catsup",8,"seep","seep","seep","VERB"
"YReDSBupRsykKwPjPFxhEKJ9WrWhRKquBSvqA45zIjX2ea9uVVVtSygOIdC1LG2h","English_Word_Ratings_2","w02","catsup",9,"de-wrinkle","de-wrinkle","de -wrinkle","X ADJ"
"HgQcnYS7bLBLsGHsEWYXm89MfSMSM8NNKgbmYc1Ws5lXQCnjE1r1xFC1VARqczsu","English_Word_Ratings_2","w02","catsup",1,"kettle","kettle","kettle","NOUN"
"HgQcnYS7bLBLsGHsEWYXm89MfSMSM8NNKgbmYc1Ws5lXQCnjE1r1xFC1VARqczsu","English_Word_Ratings_2","w02","catsup",2,"conserve","conserve","conserve","VERB"
"HgQcnYS7bLBLsGHsEWYXm89MfSMSM8NNKgbmYc1Ws5lXQCnjE1r1xFC1VARqczsu","English_Word_Ratings_2","w02","catsup",4,"plut","put","put","VERB"
"DN6wJxt2qT1Np5PlWQiffYY3Uj2fhio8LP2BS98Ht1WUs0dFRBairReZaXoTmHEP","English_Word_Ratings_2","w02","catsup",1,"garnish","garnish","garnish","INTJ"
"DN6wJxt2qT1Np5PlWQiffYY3Uj2fhio8LP2BS98Ht1WUs0dFRBairReZaXoTmHEP","English_Word_Ratings_2","w02","catsup",2,"refridgerate","refrigerate","refrigerate","VERB"
"DN6wJxt2qT1Np5PlWQiffYY3Uj2fhio8LP2BS98Ht1WUs0dFRBairReZaXoTmHEP","English_Word_Ratings_2","w02","catsup",3,"breastfeed","breastfeed","breastfeed","VERB"
"DN6wJxt2qT1Np5PlWQiffYY3Uj2fhio8LP2BS98Ht1WUs0dFRBairReZaXoTmHEP","English_Word_Ratings_2","w02","catsup",4,"suspend","suspend","suspend","NOUN"
"DN6wJxt2qT1Np5PlWQiffYY3Uj2fhio8LP2BS98Ht1WUs0dFRBairReZaXoTmHEP","English_Word_Ratings_2","w02","catsup",5,"stencil","stencil","stencil","NOUN"
"DN6wJxt2qT1Np5PlWQiffYY3Uj2fhio8LP2BS98Ht1WUs0dFRBairReZaXoTmHEP","English_Word_Ratings_2","w02","catsup",6,"patt","part","part","NOUN"
"DN6wJxt2qT1Np5PlWQiffYY3Uj2fhio8LP2BS98Ht1WUs0dFRBairReZaXoTmHEP","English_Word_Ratings_2","w02","catsup",7,"upset","upset","upset","ADJ"
"DN6wJxt2qT1Np5PlWQiffYY3Uj2fhio8LP2BS98Ht1WUs0dFRBairReZaXoTmHEP","English_Word_Ratings_2","w02","catsup",8,"braid","braid","braid","AUX"
"DN6wJxt2qT1Np5PlWQiffYY3Uj2fhio8LP2BS98Ht1WUs0dFRBairReZaXoTmHEP","English_Word_Ratings_2","w02","catsup",9,"hide","hide","hide","NOUN"
"DN6wJxt2qT1Np5PlWQiffYY3Uj2fhio8LP2BS98Ht1WUs0dFRBairReZaXoTmHEP","English_Word_Ratings_2","w02","catsup",10,"agree","agree","agree","VERB"
"o5DMFT7lEisuLPj9cmVBQLnIxZkz0iM23cfDJOL9HqvghxE6MFdH5AfsRQ9r0D2j","English_Word_Ratings_2","w02","catsup",1,"figure","figure","figure","VERB"
"o5DMFT7lEisuLPj9cmVBQLnIxZkz0iM23cfDJOL9HqvghxE6MFdH5AfsRQ9r0D2j","English_Word_Ratings_2","w02","catsup",2,"taxidermy","taxidermy","taxidermy","NOUN"
"o5DMFT7lEisuLPj9cmVBQLnIxZkz0iM23cfDJOL9HqvghxE6MFdH5AfsRQ9r0D2j","English_Word_Ratings_2","w02","catsup",3,"simmer","simmer","simmer","NOUN"
"o5DMFT7lEisuLPj9cmVBQLnIxZkz0iM23cfDJOL9HqvghxE6MFdH5AfsRQ9r0D2j","English_Word_Ratings_2","w02","catsup",4,"transpot","transport","transport","NOUN"
"o5DMFT7lEisuLPj9cmVBQLnIxZkz0iM23cfDJOL9HqvghxE6MFdH5AfsRQ9r0D2j","English_Word_Ratings_2","w02","catsup",5,"fear","fear","fear","NOUN"
"o5DMFT7lEisuLPj9cmVBQLnIxZkz0iM23cfDJOL9HqvghxE6MFdH5AfsRQ9r0D2j","English_Word_Ratings_2","w02","catsup",6,"sandcastle","sandcastle","sandcastle","NOUN"
"o5DMFT7lEisuLPj9cmVBQLnIxZkz0iM23cfDJOL9HqvghxE6MFdH5AfsRQ9r0D2j","English_Word_Ratings_2","w02","catsup",7,"certify","certify","certify","NOUN"
"o5DMFT7lEisuLPj9cmVBQLnIxZkz0iM23cfDJOL9HqvghxE6MFdH5AfsRQ9r0D2j","English_Word_Ratings_2","w02","catsup",8,"remove graffiti","remove graffiti","remove graffito","VERB NOUN"
"o5DMFT7lEisuLPj9cmVBQLnIxZkz0iM23cfDJOL9HqvghxE6MFdH5AfsRQ9r0D2j","English_Word_Ratings_2","w02","catsup",9,"rhyme","rhyme","rhyme","NOUN"
"o5DMFT7lEisuLPj9cmVBQLnIxZkz0iM23cfDJOL9HqvghxE6MFdH5AfsRQ9r0D2j","English_Word_Ratings_2","w02","catsup",10,"rape","rape","rape","NOUN"
"FibKe5OYiPqz2UUn75mURehUDCnnAmvduGjCpCkj9jFTXR7BfZxkaHsHG0ZZQtwF","English_Word_Ratings_2","w02","catsup",2,"finalize","finalize","finalize","VERB"
"FibKe5OYiPqz2UUn75mURehUDCnnAmvduGjCpCkj9jFTXR7BfZxkaHsHG0ZZQtwF","English_Word_Ratings_2","w02","catsup",4,"sled","sled","sl","VERB"
"FibKe5OYiPqz2UUn75mURehUDCnnAmvduGjCpCkj9jFTXR7BfZxkaHsHG0ZZQtwF","English_Word_Ratings_2","w02","catsup",5,"depart","depart","depart","NOUN"
"FibKe5OYiPqz2UUn75mURehUDCnnAmvduGjCpCkj9jFTXR7BfZxkaHsHG0ZZQtwF","English_Word_Ratings_2","w02","catsup",6,"scent","scent","scent","NOUN"
"FibKe5OYiPqz2UUn75mURehUDCnnAmvduGjCpCkj9jFTXR7BfZxkaHsHG0ZZQtwF","English_Word_Ratings_2","w02","catsup",7,"decapitate","decapitate","decapitate","NOUN"
"FibKe5OYiPqz2UUn75mURehUDCnnAmvduGjCpCkj9jFTXR7BfZxkaHsHG0ZZQtwF","English_Word_Ratings_2","w02","catsup",9,"right","right","right","INTJ"
"50X4V7q3Et1XAYfAEDSwioMfQS8YbRUtzDW2SFCVjvd0kNGpkiwqdWUnTkiNNE80","English_Word_Ratings_2","w02","catsup",1,"wag","wag","wag","X"
"50X4V7q3Et1XAYfAEDSwioMfQS8YbRUtzDW2SFCVjvd0kNGpkiwqdWUnTkiNNE80","English_Word_Ratings_2","w02","catsup",2,"muse","muse","muse","NOUN"
"50X4V7q3Et1XAYfAEDSwioMfQS8YbRUtzDW2SFCVjvd0kNGpkiwqdWUnTkiNNE80","English_Word_Ratings_2","w02","catsup",3,"woven","woven","woven","ADV"
"WERLbHrisM97Sa8njspLxo48hq1D6V8RsVCSTTGotC7HiHvIiUCrNVOlUHbScfKy","English_Word_Ratings_2","w03","congressman",1,"tmble","tumble","tumble","NOUN"
"WERLbHrisM97Sa8njspLxo48hq1D6V8RsVCSTTGotC7HiHvIiUCrNVOlUHbScfKy","English_Word_Ratings_2","w03","congressman",2,"braid","braid","braid","AUX"
"WERLbHrisM97Sa8njspLxo48hq1D6V8RsVCSTTGotC7HiHvIiUCrNVOlUHbScfKy","English_Word_Ratings_2","w03","congressman",3,"ejaculate","ejaculate","ejaculate","VERB"
"WERLbHrisM97Sa8njspLxo48hq1D6V8RsVCSTTGotC7HiHvIiUCrNVOlUHbScfKy","English_Word_Ratings_2","w03","congressman",4,"pose","pose","pose","VERB"
"WERLbHrisM97Sa8njspLxo48hq1D6V8RsVCSTTGotC7HiHvIiUCrNVOlUHbScfKy","English_Word_Ratings_2","w03","congressman",5,"yield","yield","yield","NOUN"
"lzZBcD4N5WdlEJp4FXc4WDU0QXXMUZa3saiMJqn8EsCLw7dkUMjuSISR0HfCREb4","English_Word_Ratings_2","w03","congressman",1,"cape","cape","cape","NOUN"
"lzZBcD4N5WdlEJp4FXc4WDU0QXXMUZa3saiMJqn8EsCLw7dkUMjuSISR0HfCREb4","English_Word_Ratings_2","w03","congressman",2,"power","power","power","NOUN"
"lzZBcD4N5WdlEJp4FXc4WDU0QXXMUZa3saiMJqn8EsCLw7dkUMjuSISR0HfCREb4","English_Word_Ratings_2","w03","congressman",3,"produces","produces","produces","NOUN"
"lzZBcD4N5WdlEJp4FXc4WDU0QXXMUZa3saiMJqn8EsCLw7dkUMjuSISR0HfCREb4","English_Word_Ratings_2","w03","congressman",4,"scarf","scarf","scarf","NOUN"
"lzZBcD4N5WdlEJp4FXc4WDU0QXXMUZa3saiMJqn8EsCLw7dkUMjuSISR0HfCREb4","English_Word_Ratings_2","w03","congressman",5,"picture","picture","picture","NOUN"
"lzZBcD4N5WdlEJp4FXc4WDU0QXXMUZa3saiMJqn8EsCLw7dkUMjuSISR0HfCREb4","English_Word_Ratings_2","w03","congressman",6,"network","network","network","NOUN"
"lzZBcD4N5WdlEJp4FXc4WDU0QXXMUZa3saiMJqn8EsCLw7dkUMjuSISR0HfCREb4","English_Word_Ratings_2","w03","congressman",7,"truck","truck","truck","NOUN"
"OQxE9L7Mw12SKUcq9pZmmo3FxWc2uCuUHaraGy5sZW9vGR9PSug2a5hMNwjVlA5c","English_Word_Ratings_2","w03","congressman",1,"contest","contest","contest","NOUN"
"OQxE9L7Mw12SKUcq9pZmmo3FxWc2uCuUHaraGy5sZW9vGR9PSug2a5hMNwjVlA5c","English_Word_Ratings_2","w03","congressman",2,"captain","captain","captain","VERB"
"VsSi9vBmSPfWlt7NRbLMin20fVJgh5EyxhB0M3tiDqMhDEh6ip526THZdwm0Gup1","English_Word_Ratings_2","w03","congressman",2,"mindfulness","mindfulness","mindfulness","NOUN"
"VsSi9vBmSPfWlt7NRbLMin20fVJgh5EyxhB0M3tiDqMhDEh6ip526THZdwm0Gup1","English_Word_Ratings_2","w03","congressman",3,"fort","fort","fort","NOUN"
"VsSi9vBmSPfWlt7NRbLMin20fVJgh5EyxhB0M3tiDqMhDEh6ip526THZdwm0Gup1","English_Word_Ratings_2","w03","congressman",5,"sweet","sweet","sweet","ADJ"
"1rQGGdmkluNiDXwCZmvMMjeDbNuEovZX9qG1U4NeMzFi5e2GsTSOsUHnaqrIz503","English_Word_Ratings_2","w03","congressman",1,"hew","hew","hew","INTJ"
"1rQGGdmkluNiDXwCZmvMMjeDbNuEovZX9qG1U4NeMzFi5e2GsTSOsUHnaqrIz503","English_Word_Ratings_2","w03","congressman",3,"splashed","splashed","splashed","VERB"
"g4JaB1MgPE1r4qjranCAuVoa3se9LFY4Hw7KnJj9jwqdBHzKOMXyzPkYnLVzXN3b","English_Word_Ratings_2","w03","congressman",1,"trash","trash","trash","INTJ"
"g4JaB1MgPE1r4qjranCAuVoa3se9LFY4Hw7KnJj9jwqdBHzKOMXyzPkYnLVzXN3b","English_Word_Ratings_2","w03","congressman",2,"mangle","mangle","mangle","NOUN"
"g4JaB1MgPE1r4qjranCAuVoa3se9LFY4Hw7KnJj9jwqdBHzKOMXyzPkYnLVzXN3b","English_Word_Ratings_2","w03","congressman",3,"heater","heater","heater","NOUN"
"g4JaB1MgPE1r4qjranCAuVoa3se9LFY4Hw7KnJj9jwqdBHzKOMXyzPkYnLVzXN3b","English_Word_Ratings_2","w03","congressman",4,"peel","peel","peel","NOUN"
"g4JaB1MgPE1r4qjranCAuVoa3se9LFY4Hw7KnJj9jwqdBHzKOMXyzPkYnLVzXN3b","English_Word_Ratings_2","w03","congressman",5,"sling shot","sling shot","sl shot","VERB NOUN"
"sxZt1pXLM7kUV1KxULkPh8B0LAjLRoiJMkJRsCZ73YaImMKyBOOpLKcmQuG6iNZP","English_Word_Ratings_2","w03","congressman",2,"bet","bet","bet","NOUN"
"sxZt1pXLM7kUV1KxULkPh8B0LAjLRoiJMkJRsCZ73YaImMKyBOOpLKcmQuG6iNZP","English_Word_Ratings_2","w03","congressman",3,"experiment","experiment","experiment","NOUN"
"sxZt1pXLM7kUV1KxULkPh8B0LAjLRoiJMkJRsCZ73YaImMKyBOOpLKcmQuG6iNZP","English_Word_Ratings_2","w03","congressman",5,"caffinate","caffeinated","caffeinate","VERB"
"sxZt1pXLM7kUV1KxULkPh8B0LAjLRoiJMkJRsCZ73YaImMKyBOOpLKcmQuG6iNZP","English_Word_Ratings_2","w03","congressman",6,"moore","moore","moore","NOUN"
"sxZt1pXLM7kUV1KxULkPh8B0LAjLRoiJMkJRsCZ73YaImMKyBOOpLKcmQuG6iNZP","English_Word_Ratings_2","w03","congressman",7,"flutter","flutter","flutter","NOUN"
"sxZt1pXLM7kUV1KxULkPh8B0LAjLRoiJMkJRsCZ73YaImMKyBOOpLKcmQuG6iNZP","English_Word_Ratings_2","w03","congressman",8,"duck","duck","duck","NOUN"
"sxZt1pXLM7kUV1KxULkPh8B0LAjLRoiJMkJRsCZ73YaImMKyBOOpLKcmQuG6iNZP","English_Word_Ratings_2","w03","congressman",9,"fros","fro","for","NOUN"
"A8tz7HX3m2x4GAoKlJAZ1XfBrXKxo5dGxhoV1dKkNdDkugAvJvRJp9tFe33unNJk","English_Word_Ratings_2","w03","congressman",1,"criticize","criticize","criticize","VERB"
"A8tz7HX3m2x4GAoKlJAZ1XfBrXKxo5dGxhoV1dKkNdDkugAvJvRJp9tFe33unNJk","English_Word_Ratings_2","w03","congressman",2,"poncho","poncho","poncho","NOUN"
"A8tz7HX3m2x4GAoKlJAZ1XfBrXKxo5dGxhoV1dKkNdDkugAvJvRJp9tFe33unNJk","English_Word_Ratings_2","w03","congressman",3,"missile","missile","missile","NOUN"
"A8tz7HX3m2x4GAoKlJAZ1XfBrXKxo5dGxhoV1dKkNdDkugAvJvRJp9tFe33unNJk","English_Word_Ratings_2","w03","congressman",4,"colore","color","color","NOUN"
"A8tz7HX3m2x4GAoKlJAZ1XfBrXKxo5dGxhoV1dKkNdDkugAvJvRJp9tFe33unNJk","English_Word_Ratings_2","w03","congressman",5,"ostracise","ostracism","ostracism","NOUN"
"A8tz7HX3m2x4GAoKlJAZ1XfBrXKxo5dGxhoV1dKkNdDkugAvJvRJp9tFe33unNJk","English_Word_Ratings_2","w03","congressman",6,"suppli","suppl","suppl","INTJ"
"iiEF3G6d0Zwa6x3NPBYACZUcLOZpqLcroUzNwnZmTBRu5KQktL3KH9QJT3QpUY37","English_Word_Ratings_2","w03","congressman",1,"line up","line up","line up","ADV ADV"
"iiEF3G6d0Zwa6x3NPBYACZUcLOZpqLcroUzNwnZmTBRu5KQktL3KH9QJT3QpUY37","English_Word_Ratings_2","w03","congressman",2,"electricity","electricity","electricity","NOUN"
"yLAv948rJF5uUpOa1azj6ddWWLX7U3KcGrE4Zl3iQSXxsNsEg2B3M4KSURKG8jYP","English_Word_Ratings_2","w03","congressman",1,"rule","rule","rule","NOUN"
"yLAv948rJF5uUpOa1azj6ddWWLX7U3KcGrE4Zl3iQSXxsNsEg2B3M4KSURKG8jYP","English_Word_Ratings_2","w03","congressman",2,"pursue","pursue","pursue","NOUN"
"yLAv948rJF5uUpOa1azj6ddWWLX7U3KcGrE4Zl3iQSXxsNsEg2B3M4KSURKG8jYP","English_Word_Ratings_2","w03","congressman",3,"distress","distress","distress","NOUN"
"yLAv948rJF5uUpOa1azj6ddWWLX7U3KcGrE4Zl3iQSXxsNsEg2B3M4KSURKG8jYP","English_Word_Ratings_2","w03","congressman",5,"model","model","model","NOUN"
"v7tq2P9zqG6N3xAH4o8GvO1YBrnWjahz5rdJByCbpdgbhBPOwT65OuHZHKYl1uFR","English_Word_Ratings_2","w03","congressman",1,"office","office","office","NOUN"
"v7tq2P9zqG6N3xAH4o8GvO1YBrnWjahz5rdJByCbpdgbhBPOwT65OuHZHKYl1uFR","English_Word_Ratings_2","w03","congressman",2,"envy","envy","envy","NOUN"
"v7tq2P9zqG6N3xAH4o8GvO1YBrnWjahz5rdJByCbpdgbhBPOwT65OuHZHKYl1uFR","English_Word_Ratings_2","w03","congressman",3,"posture","posture","posture","NOUN"
"v7tq2P9zqG6N3xAH4o8GvO1YBrnWjahz5rdJByCbpdgbhBPOwT65OuHZHKYl1uFR","English_Word_Ratings_2","w03","congressman",4,"insight","insight","insight","NOUN"
"d6NyWdJP1bcvb4qi8hcmuNgepBmDczes1g8QpCTab6HT2HBFidygOyOYJg6MzUXt","English_Word_Ratings_2","w03","congressman",1,"keep","keep","keep","VERB"
"d6NyWdJP1bcvb4qi8hcmuNgepBmDczes1g8QpCTab6HT2HBFidygOyOYJg6MzUXt","English_Word_Ratings_2","w03","congressman",2,"tweet","tweet","tweet","X"
"d6NyWdJP1bcvb4qi8hcmuNgepBmDczes1g8QpCTab6HT2HBFidygOyOYJg6MzUXt","English_Word_Ratings_2","w03","congressman",4,"hula","hula","hula","X"
"d6NyWdJP1bcvb4qi8hcmuNgepBmDczes1g8QpCTab6HT2HBFidygOyOYJg6MzUXt","English_Word_Ratings_2","w03","congressman",5,"gamble","gamble","gamble","NOUN"
"d6NyWdJP1bcvb4qi8hcmuNgepBmDczes1g8QpCTab6HT2HBFidygOyOYJg6MzUXt","English_Word_Ratings_2","w03","congressman",6,"folklore","folklore","folklore","VERB"
"d6NyWdJP1bcvb4qi8hcmuNgepBmDczes1g8QpCTab6HT2HBFidygOyOYJg6MzUXt","English_Word_Ratings_2","w03","congressman",7,"unite","unite","unite","ADJ"
"garnFORYQ61r3wCyh826JKL8aDnIglWYXHz7MSvIQBIC8H32nBUgalgql6gZBzlN","English_Word_Ratings_2","w03","congressman",2,"gender reveal","gender reveal","gender reveal","NOUN NOUN"
"garnFORYQ61r3wCyh826JKL8aDnIglWYXHz7MSvIQBIC8H32nBUgalgql6gZBzlN","English_Word_Ratings_2","w03","congressman",3,"wake","wake","wake","NOUN"
"garnFORYQ61r3wCyh826JKL8aDnIglWYXHz7MSvIQBIC8H32nBUgalgql6gZBzlN","English_Word_Ratings_2","w03","congressman",4,"swab","swab","swab","X"
"i7gzsiwaaH625g2xHgXMPfOfI6R9h8LKxyKgcR3DppkfqTpYxlpaGNFv4AOTf78v","English_Word_Ratings_2","w03","congressman",1,"clear","clear","clear","ADJ"
"i7gzsiwaaH625g2xHgXMPfOfI6R9h8LKxyKgcR3DppkfqTpYxlpaGNFv4AOTf78v","English_Word_Ratings_2","w03","congressman",2,"stress relief","stress relief","stress relief","NOUN NOUN"
"i7gzsiwaaH625g2xHgXMPfOfI6R9h8LKxyKgcR3DppkfqTpYxlpaGNFv4AOTf78v","English_Word_Ratings_2","w03","congressman",3,"clutter","clutter","clutter","NOUN"
"i7gzsiwaaH625g2xHgXMPfOfI6R9h8LKxyKgcR3DppkfqTpYxlpaGNFv4AOTf78v","English_Word_Ratings_2","w03","congressman",4,"fill out","fill out","fill out","VERB ADP"
"wKTNXd6bXFAL8q4qqOh2llgWoCGmV4nmEB8h4ybNDi4oesm36R1MtrSdkxNsLMnC","English_Word_Ratings_2","w03","congressman",1,"distinguish","distinguish","distinguish","ADJ"
"wKTNXd6bXFAL8q4qqOh2llgWoCGmV4nmEB8h4ybNDi4oesm36R1MtrSdkxNsLMnC","English_Word_Ratings_2","w03","congressman",2,"bury","bury","bury","NOUN"
"wKTNXd6bXFAL8q4qqOh2llgWoCGmV4nmEB8h4ybNDi4oesm36R1MtrSdkxNsLMnC","English_Word_Ratings_2","w03","congressman",4,"frown","frown","fry","ADJ"
"GoSFbC6zIahLMncIpKDjoQ5dleIxSC8jVVFIn9Km4i5Y1NIhpLJUPrByLuQc21a6","English_Word_Ratings_2","w03","congressman",1,"grim","grim","grim","ADJ"
"GoSFbC6zIahLMncIpKDjoQ5dleIxSC8jVVFIn9Km4i5Y1NIhpLJUPrByLuQc21a6","English_Word_Ratings_2","w03","congressman",2,"cheerlead","cheer lead","cheer lead","NOUN NOUN"
"GoSFbC6zIahLMncIpKDjoQ5dleIxSC8jVVFIn9Km4i5Y1NIhpLJUPrByLuQc21a6","English_Word_Ratings_2","w03","congressman",3,"affection","affection","affection","NOUN"
"sBacIiuSQV6IuSUPRTFQmqG3UmmTN9xKph2xv2OOURpgUNOKXSQsxnE8Saex7WkV","English_Word_Ratings_2","w03","congressman",2,"spreade","spread","spread","NOUN"
"sBacIiuSQV6IuSUPRTFQmqG3UmmTN9xKph2xv2OOURpgUNOKXSQsxnE8Saex7WkV","English_Word_Ratings_2","w03","congressman",3,"noose","noose","noose","ADV"
"sBacIiuSQV6IuSUPRTFQmqG3UmmTN9xKph2xv2OOURpgUNOKXSQsxnE8Saex7WkV","English_Word_Ratings_2","w03","congressman",5,"trick","trick","trick","NOUN"
"sBacIiuSQV6IuSUPRTFQmqG3UmmTN9xKph2xv2OOURpgUNOKXSQsxnE8Saex7WkV","English_Word_Ratings_2","w03","congressman",6,"scam","scam","scam","NOUN"
"sBacIiuSQV6IuSUPRTFQmqG3UmmTN9xKph2xv2OOURpgUNOKXSQsxnE8Saex7WkV","English_Word_Ratings_2","w03","congressman",7,"tennis","tennis","tennis","NOUN"
"sBacIiuSQV6IuSUPRTFQmqG3UmmTN9xKph2xv2OOURpgUNOKXSQsxnE8Saex7WkV","English_Word_Ratings_2","w03","congressman",8,"los","loci","loci","INTJ"
"kO56Jn0idpJWnDDMSRMIU9DECzlitjq3w7Z1s2KfSCMDE6YZiy9U0xnv6wljxLlh","English_Word_Ratings_2","w03","congressman",1,"paddle board","paddle board","paddle board","ADJ NOUN"
"kO56Jn0idpJWnDDMSRMIU9DECzlitjq3w7Z1s2KfSCMDE6YZiy9U0xnv6wljxLlh","English_Word_Ratings_2","w03","congressman",2,"photograph","photograph","photograph","NOUN"
"kO56Jn0idpJWnDDMSRMIU9DECzlitjq3w7Z1s2KfSCMDE6YZiy9U0xnv6wljxLlh","English_Word_Ratings_2","w03","congressman",3,"luxury","luxury","luxury","NOUN"
"kO56Jn0idpJWnDDMSRMIU9DECzlitjq3w7Z1s2KfSCMDE6YZiy9U0xnv6wljxLlh","English_Word_Ratings_2","w03","congressman",4,"lean on","lean on","lean on","ADJ ADP"
"kO56Jn0idpJWnDDMSRMIU9DECzlitjq3w7Z1s2KfSCMDE6YZiy9U0xnv6wljxLlh","English_Word_Ratings_2","w03","congressman",5,"barrel race","barrel race","barrel race","NOUN NOUN"
"LSuU7j19LztOjJyzbaQVC813k4Xs1HHJRzjUOC3xGQR21Jg71xWUBLSqxxfwF8n3","English_Word_Ratings_2","w03","congressman",1,"detonate","detonate","detonate","VERB"
"LSuU7j19LztOjJyzbaQVC813k4Xs1HHJRzjUOC3xGQR21Jg71xWUBLSqxxfwF8n3","English_Word_Ratings_2","w03","congressman",2,"sprinkle","sprinkle","sprinkle","NOUN"
"LSuU7j19LztOjJyzbaQVC813k4Xs1HHJRzjUOC3xGQR21Jg71xWUBLSqxxfwF8n3","English_Word_Ratings_2","w03","congressman",3,"prescribe","prescribe","prescribe","VERB"
"LSuU7j19LztOjJyzbaQVC813k4Xs1HHJRzjUOC3xGQR21Jg71xWUBLSqxxfwF8n3","English_Word_Ratings_2","w03","congressman",4,"permission","permission","permission","NOUN"
"YReDSBupRsykKwPjPFxhEKJ9WrWhRKquBSvqA45zIjX2ea9uVVVtSygOIdC1LG2h","English_Word_Ratings_2","w03","congressman",1,"whistle","whistle","whistle","NOUN"
"YReDSBupRsykKwPjPFxhEKJ9WrWhRKquBSvqA45zIjX2ea9uVVVtSygOIdC1LG2h","English_Word_Ratings_2","w03","congressman",2,"complement","complement","complement","NOUN"
"YReDSBupRsykKwPjPFxhEKJ9WrWhRKquBSvqA45zIjX2ea9uVVVtSygOIdC1LG2h","English_Word_Ratings_2","w03","congressman",3,"art","art","art","NOUN"
"YReDSBupRsykKwPjPFxhEKJ9WrWhRKquBSvqA45zIjX2ea9uVVVtSygOIdC1LG2h","English_Word_Ratings_2","w03","congressman",4,"shotgun","shotgun","shotgun","NOUN"
"YReDSBupRsykKwPjPFxhEKJ9WrWhRKquBSvqA45zIjX2ea9uVVVtSygOIdC1LG2h","English_Word_Ratings_2","w03","congressman",5,"tree","tree","tree","NOUN"
"HgQcnYS7bLBLsGHsEWYXm89MfSMSM8NNKgbmYc1Ws5lXQCnjE1r1xFC1VARqczsu","English_Word_Ratings_2","w03","congressman",1,"swing","swing","sw","NOUN"
"HgQcnYS7bLBLsGHsEWYXm89MfSMSM8NNKgbmYc1Ws5lXQCnjE1r1xFC1VARqczsu","English_Word_Ratings_2","w03","congressman",2,"reconnect","reconnect","reconnect","NOUN"
"HgQcnYS7bLBLsGHsEWYXm89MfSMSM8NNKgbmYc1Ws5lXQCnjE1r1xFC1VARqczsu","English_Word_Ratings_2","w03","congressman",3,"transcript","transcript","transcript","VERB"
"HgQcnYS7bLBLsGHsEWYXm89MfSMSM8NNKgbmYc1Ws5lXQCnjE1r1xFC1VARqczsu","English_Word_Ratings_2","w03","congressman",4,"dethaw","thaw","thaw","INTJ"
"HgQcnYS7bLBLsGHsEWYXm89MfSMSM8NNKgbmYc1Ws5lXQCnjE1r1xFC1VARqczsu","English_Word_Ratings_2","w03","congressman",5,"furnish","furnish","furnish","INTJ"
"HgQcnYS7bLBLsGHsEWYXm89MfSMSM8NNKgbmYc1Ws5lXQCnjE1r1xFC1VARqczsu","English_Word_Ratings_2","w03","congressman",6,"sweep","sweep","sweep","NOUN"
"HgQcnYS7bLBLsGHsEWYXm89MfSMSM8NNKgbmYc1Ws5lXQCnjE1r1xFC1VARqczsu","English_Word_Ratings_2","w03","congressman",7,"birth","birth","birth","NOUN"
"HgQcnYS7bLBLsGHsEWYXm89MfSMSM8NNKgbmYc1Ws5lXQCnjE1r1xFC1VARqczsu","English_Word_Ratings_2","w03","congressman",8,"spare","spare","spare","VERB"
"DN6wJxt2qT1Np5PlWQiffYY3Uj2fhio8LP2BS98Ht1WUs0dFRBairReZaXoTmHEP","English_Word_Ratings_2","w03","congressman",1,"foster","foster","foster","NOUN"
"DN6wJxt2qT1Np5PlWQiffYY3Uj2fhio8LP2BS98Ht1WUs0dFRBairReZaXoTmHEP","English_Word_Ratings_2","w03","congressman",2,"put up","put up","put up","VERB ADP"
"DN6wJxt2qT1Np5PlWQiffYY3Uj2fhio8LP2BS98Ht1WUs0dFRBairReZaXoTmHEP","English_Word_Ratings_2","w03","congressman",3,"uber","tuber","tuber","NOUN"
"DN6wJxt2qT1Np5PlWQiffYY3Uj2fhio8LP2BS98Ht1WUs0dFRBairReZaXoTmHEP","English_Word_Ratings_2","w03","congressman",4,"photograph","photograph","photograph","NOUN"
"o5DMFT7lEisuLPj9cmVBQLnIxZkz0iM23cfDJOL9HqvghxE6MFdH5AfsRQ9r0D2j","English_Word_Ratings_2","w03","congressman",1,"flush","flush","flush","NOUN"
"o5DMFT7lEisuLPj9cmVBQLnIxZkz0iM23cfDJOL9HqvghxE6MFdH5AfsRQ9r0D2j","English_Word_Ratings_2","w03","congressman",2,"acquire","acquire","acquire","VERB"
"o5DMFT7lEisuLPj9cmVBQLnIxZkz0iM23cfDJOL9HqvghxE6MFdH5AfsRQ9r0D2j","English_Word_Ratings_2","w03","congressman",3,"roof","roof","roof","NOUN"
"o5DMFT7lEisuLPj9cmVBQLnIxZkz0iM23cfDJOL9HqvghxE6MFdH5AfsRQ9r0D2j","English_Word_Ratings_2","w03","congressman",4,"envy","envy","envy","NOUN"
"o5DMFT7lEisuLPj9cmVBQLnIxZkz0iM23cfDJOL9HqvghxE6MFdH5AfsRQ9r0D2j","English_Word_Ratings_2","w03","congressman",5,"adorn","adorn","adorn","NOUN"
"o5DMFT7lEisuLPj9cmVBQLnIxZkz0iM23cfDJOL9HqvghxE6MFdH5AfsRQ9r0D2j","English_Word_Ratings_2","w03","congressman",6,"examine","examine","examine","NOUN"
"FibKe5OYiPqz2UUn75mURehUDCnnAmvduGjCpCkj9jFTXR7BfZxkaHsHG0ZZQtwF","English_Word_Ratings_2","w03","congressman",3,"contribute","contribute","contribute","NOUN"
"FibKe5OYiPqz2UUn75mURehUDCnnAmvduGjCpCkj9jFTXR7BfZxkaHsHG0ZZQtwF","English_Word_Ratings_2","w03","congressman",4,"spit out","spit out","spit out","VERB ADP"
"50X4V7q3Et1XAYfAEDSwioMfQS8YbRUtzDW2SFCVjvd0kNGpkiwqdWUnTkiNNE80","English_Word_Ratings_2","w03","congressman",1,"confront","confront","confront","NOUN"
"50X4V7q3Et1XAYfAEDSwioMfQS8YbRUtzDW2SFCVjvd0kNGpkiwqdWUnTkiNNE80","English_Word_Ratings_2","w03","congressman",2,"cartwheel","cartwheel","cartwheel","NOUN"
"50X4V7q3Et1XAYfAEDSwioMfQS8YbRUtzDW2SFCVjvd0kNGpkiwqdWUnTkiNNE80","English_Word_Ratings_2","w03","congressman",3,"relaxe","relax","relax","NOUN"
"50X4V7q3Et1XAYfAEDSwioMfQS8YbRUtzDW2SFCVjvd0kNGpkiwqdWUnTkiNNE80","English_Word_Ratings_2","w03","congressman",4,"lobby","lobby","lobby","NOUN"
"50X4V7q3Et1XAYfAEDSwioMfQS8YbRUtzDW2SFCVjvd0kNGpkiwqdWUnTkiNNE80","English_Word_Ratings_2","w03","congressman",5,"rework","rework","rework","NOUN"
"50X4V7q3Et1XAYfAEDSwioMfQS8YbRUtzDW2SFCVjvd0kNGpkiwqdWUnTkiNNE80","English_Word_Ratings_2","w03","congressman",6,"COOK","cook","cake","VERB"
"50X4V7q3Et1XAYfAEDSwioMfQS8YbRUtzDW2SFCVjvd0kNGpkiwqdWUnTkiNNE80","English_Word_Ratings_2","w03","congressman",7,"electrify","electrify","electrify","INTJ"
"50X4V7q3Et1XAYfAEDSwioMfQS8YbRUtzDW2SFCVjvd0kNGpkiwqdWUnTkiNNE80","English_Word_Ratings_2","w03","congressman",8,"jeer","jeer","jeer","NOUN"
"WERLbHrisM97Sa8njspLxo48hq1D6V8RsVCSTTGotC7HiHvIiUCrNVOlUHbScfKy","English_Word_Ratings_2","w04","exam",1,"obstacle","obstacle","obstacle","NOUN"
"WERLbHrisM97Sa8njspLxo48hq1D6V8RsVCSTTGotC7HiHvIiUCrNVOlUHbScfKy","English_Word_Ratings_2","w04","exam",2,"regard","regard","regard","NOUN"
"WERLbHrisM97Sa8njspLxo48hq1D6V8RsVCSTTGotC7HiHvIiUCrNVOlUHbScfKy","English_Word_Ratings_2","w04","exam",3,"require","require","require","VERB"
"lzZBcD4N5WdlEJp4FXc4WDU0QXXMUZa3saiMJqn8EsCLw7dkUMjuSISR0HfCREb4","English_Word_Ratings_2","w04","exam",1,"peruse","peruse","peruse","NOUN"
"lzZBcD4N5WdlEJp4FXc4WDU0QXXMUZa3saiMJqn8EsCLw7dkUMjuSISR0HfCREb4","English_Word_Ratings_2","w04","exam",2,"burry","burr","burr","NOUN"
"lzZBcD4N5WdlEJp4FXc4WDU0QXXMUZa3saiMJqn8EsCLw7dkUMjuSISR0HfCREb4","English_Word_Ratings_2","w04","exam",3,"role","role","role","NOUN"
"OQxE9L7Mw12SKUcq9pZmmo3FxWc2uCuUHaraGy5sZW9vGR9PSug2a5hMNwjVlA5c","English_Word_Ratings_2","w04","exam",1,"cape","cape","cape","NOUN"
"OQxE9L7Mw12SKUcq9pZmmo3FxWc2uCuUHaraGy5sZW9vGR9PSug2a5hMNwjVlA5c","English_Word_Ratings_2","w04","exam",2,"interr","inter","inter","NOUN"
"OQxE9L7Mw12SKUcq9pZmmo3FxWc2uCuUHaraGy5sZW9vGR9PSug2a5hMNwjVlA5c","English_Word_Ratings_2","w04","exam",3,"smuggle","smuggle","smuggle","NOUN"
"OQxE9L7Mw12SKUcq9pZmmo3FxWc2uCuUHaraGy5sZW9vGR9PSug2a5hMNwjVlA5c","English_Word_Ratings_2","w04","exam",4,"inect","insect","insect","ADJ"
"OQxE9L7Mw12SKUcq9pZmmo3FxWc2uCuUHaraGy5sZW9vGR9PSug2a5hMNwjVlA5c","English_Word_Ratings_2","w04","exam",5,"warm-up","warm-up","warm - up","ADJ PUNCT NOUN"
"VsSi9vBmSPfWlt7NRbLMin20fVJgh5EyxhB0M3tiDqMhDEh6ip526THZdwm0Gup1","English_Word_Ratings_2","w04","exam",1,"carmelize","caramelize","caramelize","NOUN"
"VsSi9vBmSPfWlt7NRbLMin20fVJgh5EyxhB0M3tiDqMhDEh6ip526THZdwm0Gup1","English_Word_Ratings_2","w04","exam",2,"honor","honor","honor","NOUN"
"VsSi9vBmSPfWlt7NRbLMin20fVJgh5EyxhB0M3tiDqMhDEh6ip526THZdwm0Gup1","English_Word_Ratings_2","w04","exam",3,"embark","embark","embark","NOUN"
"VsSi9vBmSPfWlt7NRbLMin20fVJgh5EyxhB0M3tiDqMhDEh6ip526THZdwm0Gup1","English_Word_Ratings_2","w04","exam",4,"tranquilize","tranquilize","tranquilize","VERB"
"VsSi9vBmSPfWlt7NRbLMin20fVJgh5EyxhB0M3tiDqMhDEh6ip526THZdwm0Gup1","English_Word_Ratings_2","w04","exam",5,"status","status","status","NOUN"
"VsSi9vBmSPfWlt7NRbLMin20fVJgh5EyxhB0M3tiDqMhDEh6ip526THZdwm0Gup1","English_Word_Ratings_2","w04","exam",6,"spin","spin","spin","NOUN"
"VsSi9vBmSPfWlt7NRbLMin20fVJgh5EyxhB0M3tiDqMhDEh6ip526THZdwm0Gup1","English_Word_Ratings_2","w04","exam",7,"spend time","spend time","spend time","NOUN NOUN"
"VsSi9vBmSPfWlt7NRbLMin20fVJgh5EyxhB0M3tiDqMhDEh6ip526THZdwm0Gup1","English_Word_Ratings_2","w04","exam",8,"realize","realize","realize","VERB"
"VsSi9vBmSPfWlt7NRbLMin20fVJgh5EyxhB0M3tiDqMhDEh6ip526THZdwm0Gup1","English_Word_Ratings_2","w04","exam",9,"intercoure","intercourse","intercourse","NOUN"
"1rQGGdmkluNiDXwCZmvMMjeDbNuEovZX9qG1U4NeMzFi5e2GsTSOsUHnaqrIz503","English_Word_Ratings_2","w04","exam",1,"boss","boss","boss","NOUN"
"1rQGGdmkluNiDXwCZmvMMjeDbNuEovZX9qG1U4NeMzFi5e2GsTSOsUHnaqrIz503","English_Word_Ratings_2","w04","exam",3,"fog","fog","fog","X"
"1rQGGdmkluNiDXwCZmvMMjeDbNuEovZX9qG1U4NeMzFi5e2GsTSOsUHnaqrIz503","English_Word_Ratings_2","w04","exam",4,"stub","stub","stub","NOUN"
"sxZt1pXLM7kUV1KxULkPh8B0LAjLRoiJMkJRsCZ73YaImMKyBOOpLKcmQuG6iNZP","English_Word_Ratings_2","w04","exam",1,"reinvigorate","reinvigorate","reinvigorate","VERB"
"sxZt1pXLM7kUV1KxULkPh8B0LAjLRoiJMkJRsCZ73YaImMKyBOOpLKcmQuG6iNZP","English_Word_Ratings_2","w04","exam",2,"noose","noose","noose","ADV"
"sxZt1pXLM7kUV1KxULkPh8B0LAjLRoiJMkJRsCZ73YaImMKyBOOpLKcmQuG6iNZP","English_Word_Ratings_2","w04","exam",3,"map","map","map","NOUN"
"sxZt1pXLM7kUV1KxULkPh8B0LAjLRoiJMkJRsCZ73YaImMKyBOOpLKcmQuG6iNZP","English_Word_Ratings_2","w04","exam",4,"glare","glare","glare","NOUN"
"sxZt1pXLM7kUV1KxULkPh8B0LAjLRoiJMkJRsCZ73YaImMKyBOOpLKcmQuG6iNZP","English_Word_Ratings_2","w04","exam",6,"plumb","plumb","plumb","X"
"sxZt1pXLM7kUV1KxULkPh8B0LAjLRoiJMkJRsCZ73YaImMKyBOOpLKcmQuG6iNZP","English_Word_Ratings_2","w04","exam",7,"lure","lure","lure","NOUN"
"sxZt1pXLM7kUV1KxULkPh8B0LAjLRoiJMkJRsCZ73YaImMKyBOOpLKcmQuG6iNZP","English_Word_Ratings_2","w04","exam",8,"creep","creep","creep","NOUN"
"sxZt1pXLM7kUV1KxULkPh8B0LAjLRoiJMkJRsCZ73YaImMKyBOOpLKcmQuG6iNZP","English_Word_Ratings_2","w04","exam",9,"fastforward","fast forward","fast forward","ADV ADV"
"sxZt1pXLM7kUV1KxULkPh8B0LAjLRoiJMkJRsCZ73YaImMKyBOOpLKcmQuG6iNZP","English_Word_Ratings_2","w04","exam",10,"scroll","scroll","scroll","NOUN"
"A8tz7HX3m2x4GAoKlJAZ1XfBrXKxo5dGxhoV1dKkNdDkugAvJvRJp9tFe33unNJk","English_Word_Ratings_2","w04","exam",1,"touch","touch","touch","NOUN"
"A8tz7HX3m2x4GAoKlJAZ1XfBrXKxo5dGxhoV1dKkNdDkugAvJvRJp9tFe33unNJk","English_Word_Ratings_2","w04","exam",2,"confetti","confetti","confetti","NOUN"
"iiEF3G6d0Zwa6x3NPBYACZUcLOZpqLcroUzNwnZmTBRu5KQktL3KH9QJT3QpUY37","English_Word_Ratings_2","w04","exam",1,"milk","milk","milk","NOUN"
"iiEF3G6d0Zwa6x3NPBYACZUcLOZpqLcroUzNwnZmTBRu5KQktL3KH9QJT3QpUY37","English_Word_Ratings_2","w04","exam",3,"strip","strip","strip","NOUN"
"iiEF3G6d0Zwa6x3NPBYACZUcLOZpqLcroUzNwnZmTBRu5KQktL3KH9QJT3QpUY37","English_Word_Ratings_2","w04","exam",4,"haul","haul","haul","X"
"iiEF3G6d0Zwa6x3NPBYACZUcLOZpqLcroUzNwnZmTBRu5KQktL3KH9QJT3QpUY37","English_Word_Ratings_2","w04","exam",5,"puppet","puppet","puppet","NOUN"
"iiEF3G6d0Zwa6x3NPBYACZUcLOZpqLcroUzNwnZmTBRu5KQktL3KH9QJT3QpUY37","English_Word_Ratings_2","w04","exam",6,"tweeze","tweezers","tweezers","NOUN"
"iiEF3G6d0Zwa6x3NPBYACZUcLOZpqLcroUzNwnZmTBRu5KQktL3KH9QJT3QpUY37","English_Word_Ratings_2","w04","exam",7,"reside","reside","reside","NOUN"
"iiEF3G6d0Zwa6x3NPBYACZUcLOZpqLcroUzNwnZmTBRu5KQktL3KH9QJT3QpUY37","English_Word_Ratings_2","w04","exam",9,"rake","rake","rake","NOUN"
"yLAv948rJF5uUpOa1azj6ddWWLX7U3KcGrE4Zl3iQSXxsNsEg2B3M4KSURKG8jYP","English_Word_Ratings_2","w04","exam",1,"barge","barge","barge","NOUN"
"yLAv948rJF5uUpOa1azj6ddWWLX7U3KcGrE4Zl3iQSXxsNsEg2B3M4KSURKG8jYP","English_Word_Ratings_2","w04","exam",2,"rode","rode","rode","VERB"
"yLAv948rJF5uUpOa1azj6ddWWLX7U3KcGrE4Zl3iQSXxsNsEg2B3M4KSURKG8jYP","English_Word_Ratings_2","w04","exam",4,"follower","follower","follower","VERB"
"yLAv948rJF5uUpOa1azj6ddWWLX7U3KcGrE4Zl3iQSXxsNsEg2B3M4KSURKG8jYP","English_Word_Ratings_2","w04","exam",5,"gate","gate","gate","NOUN"
"v7tq2P9zqG6N3xAH4o8GvO1YBrnWjahz5rdJByCbpdgbhBPOwT65OuHZHKYl1uFR","English_Word_Ratings_2","w04","exam",1,"sooth","sooth","sooth","CCONJ"
"v7tq2P9zqG6N3xAH4o8GvO1YBrnWjahz5rdJByCbpdgbhBPOwT65OuHZHKYl1uFR","English_Word_Ratings_2","w04","exam",2,"counterfeit","counterfeit","counterfeit","NOUN"
"d6NyWdJP1bcvb4qi8hcmuNgepBmDczes1g8QpCTab6HT2HBFidygOyOYJg6MzUXt","English_Word_Ratings_2","w04","exam",1,"washer","washer","washer","NOUN"
"d6NyWdJP1bcvb4qi8hcmuNgepBmDczes1g8QpCTab6HT2HBFidygOyOYJg6MzUXt","English_Word_Ratings_2","w04","exam",2,"crew","crew","crew","NOUN"
"garnFORYQ61r3wCyh826JKL8aDnIglWYXHz7MSvIQBIC8H32nBUgalgql6gZBzlN","English_Word_Ratings_2","w04","exam",1,"entertainer","entertainer","entertainer","NOUN"
"garnFORYQ61r3wCyh826JKL8aDnIglWYXHz7MSvIQBIC8H32nBUgalgql6gZBzlN","English_Word_Ratings_2","w04","exam",2,"noodle","noodle","noodle","NOUN"
"garnFORYQ61r3wCyh826JKL8aDnIglWYXHz7MSvIQBIC8H32nBUgalgql6gZBzlN","English_Word_Ratings_2","w04","exam",3,"wick","wick","wick","NOUN"
"garnFORYQ61r3wCyh826JKL8aDnIglWYXHz7MSvIQBIC8H32nBUgalgql6gZBzlN","English_Word_Ratings_2","w04","exam",4,"tread","tread","tread","NOUN"
"garnFORYQ61r3wCyh826JKL8aDnIglWYXHz7MSvIQBIC8H32nBUgalgql6gZBzlN","English_Word_Ratings_2","w04","exam",6,"envy","envy","envy","NOUN"
"garnFORYQ61r3wCyh826JKL8aDnIglWYXHz7MSvIQBIC8H32nBUgalgql6gZBzlN","English_Word_Ratings_2","w04","exam",7,"candy","candy","candy","NOUN"
"garnFORYQ61r3wCyh826JKL8aDnIglWYXHz7MSvIQBIC8H32nBUgalgql6gZBzlN","English_Word_Ratings_2","w04","exam",8,"tweeze","tweezers","tweezers","NOUN"
"i7gzsiwaaH625g2xHgXMPfOfI6R9h8LKxyKgcR3DppkfqTpYxlpaGNFv4AOTf78v","English_Word_Ratings_2","w04","exam",2,"cheer","cheer","cheer","NOUN"
"i7gzsiwaaH625g2xHgXMPfOfI6R9h8LKxyKgcR3DppkfqTpYxlpaGNFv4AOTf78v","English_Word_Ratings_2","w04","exam",3,"revenue","revenue","revenue","NOUN"
"i7gzsiwaaH625g2xHgXMPfOfI6R9h8LKxyKgcR3DppkfqTpYxlpaGNFv4AOTf78v","English_Word_Ratings_2","w04","exam",4,"worse","worse","worse","ADJ"
"wKTNXd6bXFAL8q4qqOh2llgWoCGmV4nmEB8h4ybNDi4oesm36R1MtrSdkxNsLMnC","English_Word_Ratings_2","w04","exam",2,"stoke","stoke","stoke","NOUN"
"wKTNXd6bXFAL8q4qqOh2llgWoCGmV4nmEB8h4ybNDi4oesm36R1MtrSdkxNsLMnC","English_Word_Ratings_2","w04","exam",3,"bequeath","bequeath","bequeath","NOUN"
"wKTNXd6bXFAL8q4qqOh2llgWoCGmV4nmEB8h4ybNDi4oesm36R1MtrSdkxNsLMnC","English_Word_Ratings_2","w04","exam",4,"burn","burn","burn","VERB"
"wKTNXd6bXFAL8q4qqOh2llgWoCGmV4nmEB8h4ybNDi4oesm36R1MtrSdkxNsLMnC","English_Word_Ratings_2","w04","exam",5,"consent","consent","consent","NOUN"
"wKTNXd6bXFAL8q4qqOh2llgWoCGmV4nmEB8h4ybNDi4oesm36R1MtrSdkxNsLMnC","English_Word_Ratings_2","w04","exam",6,"report","report","report","NOUN"
"wKTNXd6bXFAL8q4qqOh2llgWoCGmV4nmEB8h4ybNDi4oesm36R1MtrSdkxNsLMnC","English_Word_Ratings_2","w04","exam",7,"retire","retire","retire","NOUN"
"GoSFbC6zIahLMncIpKDjoQ5dleIxSC8jVVFIn9Km4i5Y1NIhpLJUPrByLuQc21a6","English_Word_Ratings_2","w04","exam",1,"signal","signal","signal","NOUN"
"GoSFbC6zIahLMncIpKDjoQ5dleIxSC8jVVFIn9Km4i5Y1NIhpLJUPrByLuQc21a6","English_Word_Ratings_2","w04","exam",2,"register","register","register","VERB"
"sBacIiuSQV6IuSUPRTFQmqG3UmmTN9xKph2xv2OOURpgUNOKXSQsxnE8Saex7WkV","English_Word_Ratings_2","w04","exam",1,"necklace","necklace","necklace","NOUN"
"sBacIiuSQV6IuSUPRTFQmqG3UmmTN9xKph2xv2OOURpgUNOKXSQsxnE8Saex7WkV","English_Word_Ratings_2","w04","exam",2,"flesh","flesh","flesh","INTJ"
"sBacIiuSQV6IuSUPRTFQmqG3UmmTN9xKph2xv2OOURpgUNOKXSQsxnE8Saex7WkV","English_Word_Ratings_2","w04","exam",3,"segregate","segregate","segregate","VERB"
"sBacIiuSQV6IuSUPRTFQmqG3UmmTN9xKph2xv2OOURpgUNOKXSQsxnE8Saex7WkV","English_Word_Ratings_2","w04","exam",4,"snooze","snooze","snooze","NOUN"
"sBacIiuSQV6IuSUPRTFQmqG3UmmTN9xKph2xv2OOURpgUNOKXSQsxnE8Saex7WkV","English_Word_Ratings_2","w04","exam",5,"patch","patch","patch","NOUN"
"sBacIiuSQV6IuSUPRTFQmqG3UmmTN9xKph2xv2OOURpgUNOKXSQsxnE8Saex7WkV","English_Word_Ratings_2","w04","exam",6,"cultivate","cultivate","cultivate","NOUN"
"sBacIiuSQV6IuSUPRTFQmqG3UmmTN9xKph2xv2OOURpgUNOKXSQsxnE8Saex7WkV","English_Word_Ratings_2","w04","exam",7,"foot stool","foot stool","foot stool","NOUN NOUN"
"sBacIiuSQV6IuSUPRTFQmqG3UmmTN9xKph2xv2OOURpgUNOKXSQsxnE8Saex7WkV","English_Word_Ratings_2","w04","exam",8,"core","core","core","NOUN"
"kO56Jn0idpJWnDDMSRMIU9DECzlitjq3w7Z1s2KfSCMDE6YZiy9U0xnv6wljxLlh","English_Word_Ratings_2","w04","exam",1,"simmer","simmer","simmer","NOUN"
"kO56Jn0idpJWnDDMSRMIU9DECzlitjq3w7Z1s2KfSCMDE6YZiy9U0xnv6wljxLlh","English_Word_Ratings_2","w04","exam",2,"blood pressure","blood pressure","blood pressure","NOUN NOUN"
"LSuU7j19LztOjJyzbaQVC813k4Xs1HHJRzjUOC3xGQR21Jg71xWUBLSqxxfwF8n3","English_Word_Ratings_2","w04","exam",1,"shove","shove","shove","NOUN"
"LSuU7j19LztOjJyzbaQVC813k4Xs1HHJRzjUOC3xGQR21Jg71xWUBLSqxxfwF8n3","English_Word_Ratings_2","w04","exam",2,"doorstop","doorstop","doorstop","NOUN"
"LSuU7j19LztOjJyzbaQVC813k4Xs1HHJRzjUOC3xGQR21Jg71xWUBLSqxxfwF8n3","English_Word_Ratings_2","w04","exam",4,"save","save","save","VERB"
"YReDSBupRsykKwPjPFxhEKJ9WrWhRKquBSvqA45zIjX2ea9uVVVtSygOIdC1LG2h","English_Word_Ratings_2","w04","exam",1,"bowel movement","bowel movement","bowel movement","NOUN NOUN"
"YReDSBupRsykKwPjPFxhEKJ9WrWhRKquBSvqA45zIjX2ea9uVVVtSygOIdC1LG2h","English_Word_Ratings_2","w04","exam",2,"semaphore","semaphore","semaphore","VERB"
"YReDSBupRsykKwPjPFxhEKJ9WrWhRKquBSvqA45zIjX2ea9uVVVtSygOIdC1LG2h","English_Word_Ratings_2","w04","exam",3,"upeep","peep","peep","NOUN"
"YReDSBupRsykKwPjPFxhEKJ9WrWhRKquBSvqA45zIjX2ea9uVVVtSygOIdC1LG2h","English_Word_Ratings_2","w04","exam",4,"latch","latch","latch","NOUN"
"YReDSBupRsykKwPjPFxhEKJ9WrWhRKquBSvqA45zIjX2ea9uVVVtSygOIdC1LG2h","English_Word_Ratings_2","w04","exam",5,"reinvigorate","reinvigorate","reinvigorate","VERB"
"YReDSBupRsykKwPjPFxhEKJ9WrWhRKquBSvqA45zIjX2ea9uVVVtSygOIdC1LG2h","English_Word_Ratings_2","w04","exam",7,"suppli","suppl","suppl","INTJ"
"HgQcnYS7bLBLsGHsEWYXm89MfSMSM8NNKgbmYc1Ws5lXQCnjE1r1xFC1VARqczsu","English_Word_Ratings_2","w04","exam",1,"lace","lace","lace","NOUN"
"HgQcnYS7bLBLsGHsEWYXm89MfSMSM8NNKgbmYc1Ws5lXQCnjE1r1xFC1VARqczsu","English_Word_Ratings_2","w04","exam",3,"blow away","blow away","blow away","VERB ADV"
"HgQcnYS7bLBLsGHsEWYXm89MfSMSM8NNKgbmYc1Ws5lXQCnjE1r1xFC1VARqczsu","English_Word_Ratings_2","w04","exam",4,"serve","serve","serve","VERB"
"HgQcnYS7bLBLsGHsEWYXm89MfSMSM8NNKgbmYc1Ws5lXQCnjE1r1xFC1VARqczsu","English_Word_Ratings_2","w04","exam",5,"crutch","crutch","crutch","NOUN"
"DN6wJxt2qT1Np5PlWQiffYY3Uj2fhio8LP2BS98Ht1WUs0dFRBairReZaXoTmHEP","English_Word_Ratings_2","w04","exam",1,"medical use","medical use","medical use","ADJ NOUN"
"DN6wJxt2qT1Np5PlWQiffYY3Uj2fhio8LP2BS98Ht1WUs0dFRBairReZaXoTmHEP","English_Word_Ratings_2","w04","exam",2,"throttle","throttle","throttle","NOUN"
"DN6wJxt2qT1Np5PlWQiffYY3Uj2fhio8LP2BS98Ht1WUs0dFRBairReZaXoTmHEP","English_Word_Ratings_2","w04","exam",4,"verdict","verdict","verdict","NOUN"
"DN6wJxt2qT1Np5PlWQiffYY3Uj2fhio8LP2BS98Ht1WUs0dFRBairReZaXoTmHEP","English_Word_Ratings_2","w04","exam",5,"badminton","badminton","badminton","NOUN"
"DN6wJxt2qT1Np5PlWQiffYY3Uj2fhio8LP2BS98Ht1WUs0dFRBairReZaXoTmHEP","English_Word_Ratings_2","w04","exam",6,"succeed","succeed","succeed","VERB"
"DN6wJxt2qT1Np5PlWQiffYY3Uj2fhio8LP2BS98Ht1WUs0dFRBairReZaXoTmHEP","English_Word_Ratings_2","w04","exam",7,"uber","tuber","tuber","NOUN"
"DN6wJxt2qT1Np5PlWQiffYY3Uj2fhio8LP2BS98Ht1WUs0dFRBairReZaXoTmHEP","English_Word_Ratings_2","w04","exam",8,"pick nose","pick nose","pick nose","VERB PRON"
"DN6wJxt2qT1Np5PlWQiffYY3Uj2fhio8LP2BS98Ht1WUs0dFRBairReZaXoTmHEP","English_Word_Ratings_2","w04","exam",9,"chomp","chomp","chomp","NOUN"
"o5DMFT7lEisuLPj9cmVBQLnIxZkz0iM23cfDJOL9HqvghxE6MFdH5AfsRQ9r0D2j","English_Word_Ratings_2","w04","exam",1,"pillow","pillow","pillow","NOUN"
"o5DMFT7lEisuLPj9cmVBQLnIxZkz0iM23cfDJOL9HqvghxE6MFdH5AfsRQ9r0D2j","English_Word_Ratings_2","w04","exam",2,"make out","make out","make out","VERB ADP"
"o5DMFT7lEisuLPj9cmVBQLnIxZkz0iM23cfDJOL9HqvghxE6MFdH5AfsRQ9r0D2j","English_Word_Ratings_2","w04","exam",3,"socalize","socialize","socialize","NOUN"
"FibKe5OYiPqz2UUn75mURehUDCnnAmvduGjCpCkj9jFTXR7BfZxkaHsHG0ZZQtwF","English_Word_Ratings_2","w04","exam",1,"wakeboard","wake board","wake board","VERB NOUN"
"FibKe5OYiPqz2UUn75mURehUDCnnAmvduGjCpCkj9jFTXR7BfZxkaHsHG0ZZQtwF","English_Word_Ratings_2","w04","exam",2,"land on","land on","land on","NOUN ADP"
"FibKe5OYiPqz2UUn75mURehUDCnnAmvduGjCpCkj9jFTXR7BfZxkaHsHG0ZZQtwF","English_Word_Ratings_2","w04","exam",3,"dress up","dress up","dress up","VERB ADP"
"FibKe5OYiPqz2UUn75mURehUDCnnAmvduGjCpCkj9jFTXR7BfZxkaHsHG0ZZQtwF","English_Word_Ratings_2","w04","exam",4,"prep","prep","prep","INTJ"
"FibKe5OYiPqz2UUn75mURehUDCnnAmvduGjCpCkj9jFTXR7BfZxkaHsHG0ZZQtwF","English_Word_Ratings_2","w04","exam",5,"launder","launder","launder","NOUN"
"50X4V7q3Et1XAYfAEDSwioMfQS8YbRUtzDW2SFCVjvd0kNGpkiwqdWUnTkiNNE80","English_Word_Ratings_2","w04","exam",1,"soil","soil","soil","NOUN"
"50X4V7q3Et1XAYfAEDSwioMfQS8YbRUtzDW2SFCVjvd0kNGpkiwqdWUnTkiNNE80","English_Word_Ratings_2","w04","exam",2,"draw","draw","dree","VERB"
"50X4V7q3Et1XAYfAEDSwioMfQS8YbRUtzDW2SFCVjvd0kNGpkiwqdWUnTkiNNE80","English_Word_Ratings_2","w04","exam",3,"salivate","salivate","salivate","NOUN"
"WERLbHrisM97Sa8njspLxo48hq1D6V8RsVCSTTGotC7HiHvIiUCrNVOlUHbScfKy","English_Word_Ratings_2","w05","vulture",1,"bury","bury","bury","NOUN"
"WERLbHrisM97Sa8njspLxo48hq1D6V8RsVCSTTGotC7HiHvIiUCrNVOlUHbScfKy","English_Word_Ratings_2","w05","vulture",2,"kill","kill","kill","VERB"
"lzZBcD4N5WdlEJp4FXc4WDU0QXXMUZa3saiMJqn8EsCLw7dkUMjuSISR0HfCREb4","English_Word_Ratings_2","w05","vulture",1,"bear","bear","bear","NOUN"
"lzZBcD4N5WdlEJp4FXc4WDU0QXXMUZa3saiMJqn8EsCLw7dkUMjuSISR0HfCREb4","English_Word_Ratings_2","w05","vulture",3,"distract","distract","distract","NOUN"
"lzZBcD4N5WdlEJp4FXc4WDU0QXXMUZa3saiMJqn8EsCLw7dkUMjuSISR0HfCREb4","English_Word_Ratings_2","w05","vulture",4,"revive","revive","revive","VERB"
"OQxE9L7Mw12SKUcq9pZmmo3FxWc2uCuUHaraGy5sZW9vGR9PSug2a5hMNwjVlA5c","English_Word_Ratings_2","w05","vulture",1,"take up","take up","take up","VERB ADP"
"OQxE9L7Mw12SKUcq9pZmmo3FxWc2uCuUHaraGy5sZW9vGR9PSug2a5hMNwjVlA5c","English_Word_Ratings_2","w05","vulture",2,"eradicat","eradicate","eradicate","NOUN"
"OQxE9L7Mw12SKUcq9pZmmo3FxWc2uCuUHaraGy5sZW9vGR9PSug2a5hMNwjVlA5c","English_Word_Ratings_2","w05","vulture",3,"exorcism","exorcism","exorcism","NOUN"
"OQxE9L7Mw12SKUcq9pZmmo3FxWc2uCuUHaraGy5sZW9vGR9PSug2a5hMNwjVlA5c","English_Word_Ratings_2","w05","vulture",4,"raine","rain","rain","NOUN"
"OQxE9L7Mw12SKUcq9pZmmo3FxWc2uCuUHaraGy5sZW9vGR9PSug2a5hMNwjVlA5c","English_Word_Ratings_2","w05","vulture",5,"impersonate death","impersonate death","impersonate death","ADJ NOUN"
"OQxE9L7Mw12SKUcq9pZmmo3FxWc2uCuUHaraGy5sZW9vGR9PSug2a5hMNwjVlA5c","English_Word_Ratings_2","w05","vulture",6,"silence","silence","silence","NOUN"
"OQxE9L7Mw12SKUcq9pZmmo3FxWc2uCuUHaraGy5sZW9vGR9PSug2a5hMNwjVlA5c","English_Word_Ratings_2","w05","vulture",7,"pinch","pinch","pinch","NOUN"
"VsSi9vBmSPfWlt7NRbLMin20fVJgh5EyxhB0M3tiDqMhDEh6ip526THZdwm0Gup1","English_Word_Ratings_2","w05","vulture",1,"visa","visa","visa","NOUN"
"VsSi9vBmSPfWlt7NRbLMin20fVJgh5EyxhB0M3tiDqMhDEh6ip526THZdwm0Gup1","English_Word_Ratings_2","w05","vulture",2,"ban","ban","ban","NOUN"
"1rQGGdmkluNiDXwCZmvMMjeDbNuEovZX9qG1U4NeMzFi5e2GsTSOsUHnaqrIz503","English_Word_Ratings_2","w05","vulture",1,"bed","bed","bed","NOUN"
"g4JaB1MgPE1r4qjranCAuVoa3se9LFY4Hw7KnJj9jwqdBHzKOMXyzPkYnLVzXN3b","English_Word_Ratings_2","w05","vulture",1,"clasp","clasp","clasp","NOUN"
"g4JaB1MgPE1r4qjranCAuVoa3se9LFY4Hw7KnJj9jwqdBHzKOMXyzPkYnLVzXN3b","English_Word_Ratings_2","w05","vulture",2,"oil","oil","oil","NOUN"
"g4JaB1MgPE1r4qjranCAuVoa3se9LFY4Hw7KnJj9jwqdBHzKOMXyzPkYnLVzXN3b","English_Word_Ratings_2","w05","vulture",3,"fire","fire","fire","NOUN"
"sxZt1pXLM7kUV1KxULkPh8B0LAjLRoiJMkJRsCZ73YaImMKyBOOpLKcmQuG6iNZP","English_Word_Ratings_2","w05","vulture",2,"device","device","device","NOUN"
"A8tz7HX3m2x4GAoKlJAZ1XfBrXKxo5dGxhoV1dKkNdDkugAvJvRJp9tFe33unNJk","English_Word_Ratings_2","w05","vulture",1,"hostage","hostage","hostage","NOUN"
"A8tz7HX3m2x4GAoKlJAZ1XfBrXKxo5dGxhoV1dKkNdDkugAvJvRJp9tFe33unNJk","English_Word_Ratings_2","w05","vulture",2,"restock","restock","restock","NOUN"
"A8tz7HX3m2x4GAoKlJAZ1XfBrXKxo5dGxhoV1dKkNdDkugAvJvRJp9tFe33unNJk","English_Word_Ratings_2","w05","vulture",4,"help","help","help","VERB"
"A8tz7HX3m2x4GAoKlJAZ1XfBrXKxo5dGxhoV1dKkNdDkugAvJvRJp9tFe33unNJk","English_Word_Ratings_2","w05","vulture",5,"space travel","space travel","space travel","NOUN NOUN"
"iiEF3G6d0Zwa6x3NPBYACZUcLOZpqLcroUzNwnZmTBRu5KQktL3KH9QJT3QpUY37","English_Word_Ratings_2","w05","vulture",1,"calculate","calculate","calculate","VERB"
"iiEF3G6d0Zwa6x3NPBYACZUcLOZpqLcroUzNwnZmTBRu5KQktL3KH9QJT3QpUY37","English_Word_Ratings_2","w05","vulture",2,"solvent","solvent","solvent","NOUN"
"iiEF3G6d0Zwa6x3NPBYACZUcLOZpqLcroUzNwnZmTBRu5KQktL3KH9QJT3QpUY37","English_Word_Ratings_2","w05","vulture",3,"slide","slide","slide","VERB"
"iiEF3G6d0Zwa6x3NPBYACZUcLOZpqLcroUzNwnZmTBRu5KQktL3KH9QJT3QpUY37","English_Word_Ratings_2","w05","vulture",4,"hold office","hold office","hold office","VERB NOUN"
"iiEF3G6d0Zwa6x3NPBYACZUcLOZpqLcroUzNwnZmTBRu5KQktL3KH9QJT3QpUY37","English_Word_Ratings_2","w05","vulture",5,"waterboard","waterboard","waterboard","X"
"yLAv948rJF5uUpOa1azj6ddWWLX7U3KcGrE4Zl3iQSXxsNsEg2B3M4KSURKG8jYP","English_Word_Ratings_2","w05","vulture",2,"overview","overview","overview","NOUN"
"yLAv948rJF5uUpOa1azj6ddWWLX7U3KcGrE4Zl3iQSXxsNsEg2B3M4KSURKG8jYP","English_Word_Ratings_2","w05","vulture",3,"bomb","bomb","bomb","NOUN"
"v7tq2P9zqG6N3xAH4o8GvO1YBrnWjahz5rdJByCbpdgbhBPOwT65OuHZHKYl1uFR","English_Word_Ratings_2","w05","vulture",1,"foo fight","foo fight","foo fight","NOUN NOUN"
"v7tq2P9zqG6N3xAH4o8GvO1YBrnWjahz5rdJByCbpdgbhBPOwT65OuHZHKYl1uFR","English_Word_Ratings_2","w05","vulture",2,"car","car","car","NOUN"
"v7tq2P9zqG6N3xAH4o8GvO1YBrnWjahz5rdJByCbpdgbhBPOwT65OuHZHKYl1uFR","English_Word_Ratings_2","w05","vulture",3,"fake","fake","fake","ADJ"
"v7tq2P9zqG6N3xAH4o8GvO1YBrnWjahz5rdJByCbpdgbhBPOwT65OuHZHKYl1uFR","English_Word_Ratings_2","w05","vulture",7,"sadness","sadness","sadness","NOUN"
"v7tq2P9zqG6N3xAH4o8GvO1YBrnWjahz5rdJByCbpdgbhBPOwT65OuHZHKYl1uFR","English_Word_Ratings_2","w05","vulture",8,"stack","stack","stack","NOUN"
"v7tq2P9zqG6N3xAH4o8GvO1YBrnWjahz5rdJByCbpdgbhBPOwT65OuHZHKYl1uFR","English_Word_Ratings_2","w05","vulture",9,"precision","precision","precision","NOUN"
"v7tq2P9zqG6N3xAH4o8GvO1YBrnWjahz5rdJByCbpdgbhBPOwT65OuHZHKYl1uFR","English_Word_Ratings_2","w05","vulture",10,"excavat","excavate","excavate","ADJ"
"d6NyWdJP1bcvb4qi8hcmuNgepBmDczes1g8QpCTab6HT2HBFidygOyOYJg6MzUXt","English_Word_Ratings_2","w05","vulture",1,"bask","bask","bask","NOUN"
"d6NyWdJP1bcvb4qi8hcmuNgepBmDczes1g8QpCTab6HT2HBFidygOyOYJg6MzUXt","English_Word_Ratings_2","w05","vulture",2,"crunch","crunch","crunch","NOUN"
"garnFORYQ61r3wCyh826JKL8aDnIglWYXHz7MSvIQBIC8H32nBUgalgql6gZBzlN","English_Word_Ratings_2","w05","vulture",1,"yield","yield","yield","NOUN"
"garnFORYQ61r3wCyh826JKL8aDnIglWYXHz7MSvIQBIC8H32nBUgalgql6gZBzlN","English_Word_Ratings_2","w05","vulture",2,"trip on","trip on","trip on","NOUN ADP"
"i7gzsiwaaH625g2xHgXMPfOfI6R9h8LKxyKgcR3DppkfqTpYxlpaGNFv4AOTf78v","English_Word_Ratings_2","w05","vulture",1,"sear","sear","sear","NOUN"
"i7gzsiwaaH625g2xHgXMPfOfI6R9h8LKxyKgcR3DppkfqTpYxlpaGNFv4AOTf78v","English_Word_Ratings_2","w05","vulture",2,"bash","bash","bash","NOUN"
"wKTNXd6bXFAL8q4qqOh2llgWoCGmV4nmEB8h4ybNDi4oesm36R1MtrSdkxNsLMnC","English_Word_Ratings_2","w05","vulture",1,"sense","sense","sense","NOUN"
"wKTNXd6bXFAL8q4qqOh2llgWoCGmV4nmEB8h4ybNDi4oesm36R1MtrSdkxNsLMnC","English_Word_Ratings_2","w05","vulture",2,"withstand","withstand","withstand","VERB"
"wKTNXd6bXFAL8q4qqOh2llgWoCGmV4nmEB8h4ybNDi4oesm36R1MtrSdkxNsLMnC","English_Word_Ratings_2","w05","vulture",3,"ladder","ladder","ladder","NOUN"
"wKTNXd6bXFAL8q4qqOh2llgWoCGmV4nmEB8h4ybNDi4oesm36R1MtrSdkxNsLMnC","English_Word_Ratings_2","w05","vulture",5,"marinade","marinade","marinade","NOUN"
"GoSFbC6zIahLMncIpKDjoQ5dleIxSC8jVVFIn9Km4i5Y1NIhpLJUPrByLuQc21a6","English_Word_Ratings_2","w05","vulture",1,"diagnose","diagnose","diagnose","NOUN"
"GoSFbC6zIahLMncIpKDjoQ5dleIxSC8jVVFIn9Km4i5Y1NIhpLJUPrByLuQc21a6","English_Word_Ratings_2","w05","vulture",2,"arrive","arrive","arrive","VERB"
"GoSFbC6zIahLMncIpKDjoQ5dleIxSC8jVVFIn9Km4i5Y1NIhpLJUPrByLuQc21a6","English_Word_Ratings_2","w05","vulture",3,"lotion","lotion","lotion","NOUN"
"GoSFbC6zIahLMncIpKDjoQ5dleIxSC8jVVFIn9Km4i5Y1NIhpLJUPrByLuQc21a6","English_Word_Ratings_2","w05","vulture",4,"recreational","recreational","recreational","ADJ"
"GoSFbC6zIahLMncIpKDjoQ5dleIxSC8jVVFIn9Km4i5Y1NIhpLJUPrByLuQc21a6","English_Word_Ratings_2","w05","vulture",5,"worse","worse","worse","ADJ"
"sBacIiuSQV6IuSUPRTFQmqG3UmmTN9xKph2xv2OOURpgUNOKXSQsxnE8Saex7WkV","English_Word_Ratings_2","w05","vulture",1,"bulk","bulk","bulk","NOUN"
"sBacIiuSQV6IuSUPRTFQmqG3UmmTN9xKph2xv2OOURpgUNOKXSQsxnE8Saex7WkV","English_Word_Ratings_2","w05","vulture",2,"plough","lough","lough","ADJ"
"sBacIiuSQV6IuSUPRTFQmqG3UmmTN9xKph2xv2OOURpgUNOKXSQsxnE8Saex7WkV","English_Word_Ratings_2","w05","vulture",3,"drug","drug","drug","NOUN"
"kO56Jn0idpJWnDDMSRMIU9DECzlitjq3w7Z1s2KfSCMDE6YZiy9U0xnv6wljxLlh","English_Word_Ratings_2","w05","vulture",3,"park","park","park","NOUN"
"kO56Jn0idpJWnDDMSRMIU9DECzlitjq3w7Z1s2KfSCMDE6YZiy9U0xnv6wljxLlh","English_Word_Ratings_2","w05","vulture",4,"key","key","key","ADJ"
"kO56Jn0idpJWnDDMSRMIU9DECzlitjq3w7Z1s2KfSCMDE6YZiy9U0xnv6wljxLlh","English_Word_Ratings_2","w05","vulture",5,"roof","roof","roof","NOUN"
"LSuU7j19LztOjJyzbaQVC813k4Xs1HHJRzjUOC3xGQR21Jg71xWUBLSqxxfwF8n3","English_Word_Ratings_2","w05","vulture",2,"hurt","hurt","hurt","VERB"
"LSuU7j19LztOjJyzbaQVC813k4Xs1HHJRzjUOC3xGQR21Jg71xWUBLSqxxfwF8n3","English_Word_Ratings_2","w05","vulture",3,"embalm","embalm","embalm","X"
"LSuU7j19LztOjJyzbaQVC813k4Xs1HHJRzjUOC3xGQR21Jg71xWUBLSqxxfwF8n3","English_Word_Ratings_2","w05","vulture",5,"plough","lough","lough","ADJ"
"LSuU7j19LztOjJyzbaQVC813k4Xs1HHJRzjUOC3xGQR21Jg71xWUBLSqxxfwF8n3","English_Word_Ratings_2","w05","vulture",6,"wal","awl","awl","INTJ"
"LSuU7j19LztOjJyzbaQVC813k4Xs1HHJRzjUOC3xGQR21Jg71xWUBLSqxxfwF8n3","English_Word_Ratings_2","w05","vulture",8,"energy","energy","energy","NOUN"
"LSuU7j19LztOjJyzbaQVC813k4Xs1HHJRzjUOC3xGQR21Jg71xWUBLSqxxfwF8n3","English_Word_Ratings_2","w05","vulture",9,"paper","paper","paper","NOUN"
"YReDSBupRsykKwPjPFxhEKJ9WrWhRKquBSvqA45zIjX2ea9uVVVtSygOIdC1LG2h","English_Word_Ratings_2","w05","vulture",1,"proofread","proofread","proofread","NOUN"
"YReDSBupRsykKwPjPFxhEKJ9WrWhRKquBSvqA45zIjX2ea9uVVVtSygOIdC1LG2h","English_Word_Ratings_2","w05","vulture",2,"friendship","friendship","friendship","NOUN"
"YReDSBupRsykKwPjPFxhEKJ9WrWhRKquBSvqA45zIjX2ea9uVVVtSygOIdC1LG2h","English_Word_Ratings_2","w05","vulture",3,"trainspotter","trainspotter","trainspotter","NOUN"
"YReDSBupRsykKwPjPFxhEKJ9WrWhRKquBSvqA45zIjX2ea9uVVVtSygOIdC1LG2h","English_Word_Ratings_2","w05","vulture",4,"woodcarve","woodcarver","woodcarver","NOUN"
"HgQcnYS7bLBLsGHsEWYXm89MfSMSM8NNKgbmYc1Ws5lXQCnjE1r1xFC1VARqczsu","English_Word_Ratings_2","w05","vulture",1,"level","level","level","NOUN"
"HgQcnYS7bLBLsGHsEWYXm89MfSMSM8NNKgbmYc1Ws5lXQCnjE1r1xFC1VARqczsu","English_Word_Ratings_2","w05","vulture",2,"round up","round up","round up","ADV ADV"
"DN6wJxt2qT1Np5PlWQiffYY3Uj2fhio8LP2BS98Ht1WUs0dFRBairReZaXoTmHEP","English_Word_Ratings_2","w05","vulture",1,"empathy","empathy","empathy","NOUN"
"DN6wJxt2qT1Np5PlWQiffYY3Uj2fhio8LP2BS98Ht1WUs0dFRBairReZaXoTmHEP","English_Word_Ratings_2","w05","vulture",2,"loiter","loiter","loiter","NOUN"
"DN6wJxt2qT1Np5PlWQiffYY3Uj2fhio8LP2BS98Ht1WUs0dFRBairReZaXoTmHEP","English_Word_Ratings_2","w05","vulture",3,"suppli","suppl","suppl","INTJ"
"DN6wJxt2qT1Np5PlWQiffYY3Uj2fhio8LP2BS98Ht1WUs0dFRBairReZaXoTmHEP","English_Word_Ratings_2","w05","vulture",4,"unravel","unravel","unravel","NOUN"
"DN6wJxt2qT1Np5PlWQiffYY3Uj2fhio8LP2BS98Ht1WUs0dFRBairReZaXoTmHEP","English_Word_Ratings_2","w05","vulture",5,"assist","assist","assist","VERB"
"o5DMFT7lEisuLPj9cmVBQLnIxZkz0iM23cfDJOL9HqvghxE6MFdH5AfsRQ9r0D2j","English_Word_Ratings_2","w05","vulture",1,"satire","satire","satire","NOUN"
"o5DMFT7lEisuLPj9cmVBQLnIxZkz0iM23cfDJOL9HqvghxE6MFdH5AfsRQ9r0D2j","English_Word_Ratings_2","w05","vulture",2,"flow","flow","flow","VERB"
"o5DMFT7lEisuLPj9cmVBQLnIxZkz0iM23cfDJOL9HqvghxE6MFdH5AfsRQ9r0D2j","English_Word_Ratings_2","w05","vulture",3,"shrink","shrink","shrink","VERB"
"o5DMFT7lEisuLPj9cmVBQLnIxZkz0iM23cfDJOL9HqvghxE6MFdH5AfsRQ9r0D2j","English_Word_Ratings_2","w05","vulture",4,"viamin","vitamin","vitamin","NOUN"
"o5DMFT7lEisuLPj9cmVBQLnIxZkz0iM23cfDJOL9HqvghxE6MFdH5AfsRQ9r0D2j","English_Word_Ratings_2","w05","vulture",6,"priroitize","prioritize","prioritize","NOUN"
"o5DMFT7lEisuLPj9cmVBQLnIxZkz0iM23cfDJOL9HqvghxE6MFdH5AfsRQ9r0D2j","English_Word_Ratings_2","w05","vulture",7,"fellowship","fellowship","fellowship","NOUN"
"FibKe5OYiPqz2UUn75mURehUDCnnAmvduGjCpCkj9jFTXR7BfZxkaHsHG0ZZQtwF","English_Word_Ratings_2","w05","vulture",1,"constrict","constrict","constrict","NOUN"
"FibKe5OYiPqz2UUn75mURehUDCnnAmvduGjCpCkj9jFTXR7BfZxkaHsHG0ZZQtwF","English_Word_Ratings_2","w05","vulture",2,"surgery","surgery","surgery","NOUN"
"50X4V7q3Et1XAYfAEDSwioMfQS8YbRUtzDW2SFCVjvd0kNGpkiwqdWUnTkiNNE80","English_Word_Ratings_2","w05","vulture",1,"pead","peas","pea","NOUN"
"50X4V7q3Et1XAYfAEDSwioMfQS8YbRUtzDW2SFCVjvd0kNGpkiwqdWUnTkiNNE80","English_Word_Ratings_2","w05","vulture",2,"seek","seek","seek","VERB"
"WERLbHrisM97Sa8njspLxo48hq1D6V8RsVCSTTGotC7HiHvIiUCrNVOlUHbScfKy","English_Word_Ratings_2","w06","landlord",1,"swabb","swab","swab","X"
"WERLbHrisM97Sa8njspLxo48hq1D6V8RsVCSTTGotC7HiHvIiUCrNVOlUHbScfKy","English_Word_Ratings_2","w06","landlord",2,"stroke hair","stroke hair","stroke hair","ADJ NOUN"
"lzZBcD4N5WdlEJp4FXc4WDU0QXXMUZa3saiMJqn8EsCLw7dkUMjuSISR0HfCREb4","English_Word_Ratings_2","w06","landlord",1,"constrict","constrict","constrict","NOUN"
"lzZBcD4N5WdlEJp4FXc4WDU0QXXMUZa3saiMJqn8EsCLw7dkUMjuSISR0HfCREb4","English_Word_Ratings_2","w06","landlord",2,"revolt","revolt","revolt","NOUN"
"lzZBcD4N5WdlEJp4FXc4WDU0QXXMUZa3saiMJqn8EsCLw7dkUMjuSISR0HfCREb4","English_Word_Ratings_2","w06","landlord",3,"sheath","sheath","sheath","NOUN"
"OQxE9L7Mw12SKUcq9pZmmo3FxWc2uCuUHaraGy5sZW9vGR9PSug2a5hMNwjVlA5c","English_Word_Ratings_2","w06","landlord",1,"confdence","confidence","confidence","NOUN"
"OQxE9L7Mw12SKUcq9pZmmo3FxWc2uCuUHaraGy5sZW9vGR9PSug2a5hMNwjVlA5c","English_Word_Ratings_2","w06","landlord",2,"parent","parent","parent","NOUN"
"VsSi9vBmSPfWlt7NRbLMin20fVJgh5EyxhB0M3tiDqMhDEh6ip526THZdwm0Gup1","English_Word_Ratings_2","w06","landlord",2,"run","run","run","NOUN"
"VsSi9vBmSPfWlt7NRbLMin20fVJgh5EyxhB0M3tiDqMhDEh6ip526THZdwm0Gup1","English_Word_Ratings_2","w06","landlord",3,"stick","stick","stick","NOUN"
"VsSi9vBmSPfWlt7NRbLMin20fVJgh5EyxhB0M3tiDqMhDEh6ip526THZdwm0Gup1","English_Word_Ratings_2","w06","landlord",4,"latch","latch","latch","NOUN"
"VsSi9vBmSPfWlt7NRbLMin20fVJgh5EyxhB0M3tiDqMhDEh6ip526THZdwm0Gup1","English_Word_Ratings_2","w06","landlord",6,"medicate","medicate","medicate","NOUN"
"VsSi9vBmSPfWlt7NRbLMin20fVJgh5EyxhB0M3tiDqMhDEh6ip526THZdwm0Gup1","English_Word_Ratings_2","w06","landlord",7,"vote","vote","vote","NOUN"
"VsSi9vBmSPfWlt7NRbLMin20fVJgh5EyxhB0M3tiDqMhDEh6ip526THZdwm0Gup1","English_Word_Ratings_2","w06","landlord",8,"recital","recital","recital","ADJ"
"VsSi9vBmSPfWlt7NRbLMin20fVJgh5EyxhB0M3tiDqMhDEh6ip526THZdwm0Gup1","English_Word_Ratings_2","w06","landlord",9,"soar","soar","soar","NOUN"
"VsSi9vBmSPfWlt7NRbLMin20fVJgh5EyxhB0M3tiDqMhDEh6ip526THZdwm0Gup1","English_Word_Ratings_2","w06","landlord",10,"terrify","terrify","terrify","INTJ"
"1rQGGdmkluNiDXwCZmvMMjeDbNuEovZX9qG1U4NeMzFi5e2GsTSOsUHnaqrIz503","English_Word_Ratings_2","w06","landlord",2,"ridicule","ridicule","ridicule","NOUN"
"1rQGGdmkluNiDXwCZmvMMjeDbNuEovZX9qG1U4NeMzFi5e2GsTSOsUHnaqrIz503","English_Word_Ratings_2","w06","landlord",4,"utilize","utilize","utilize","NOUN"
"1rQGGdmkluNiDXwCZmvMMjeDbNuEovZX9qG1U4NeMzFi5e2GsTSOsUHnaqrIz503","English_Word_Ratings_2","w06","landlord",5,"vault","vault","vault","NOUN"
"1rQGGdmkluNiDXwCZmvMMjeDbNuEovZX9qG1U4NeMzFi5e2GsTSOsUHnaqrIz503","English_Word_Ratings_2","w06","landlord",6,"meat","meat","meat","NOUN"
"1rQGGdmkluNiDXwCZmvMMjeDbNuEovZX9qG1U4NeMzFi5e2GsTSOsUHnaqrIz503","English_Word_Ratings_2","w06","landlord",7,"cure","cure","cure","NOUN"
"1rQGGdmkluNiDXwCZmvMMjeDbNuEovZX9qG1U4NeMzFi5e2GsTSOsUHnaqrIz503","English_Word_Ratings_2","w06","landlord",8,"form","form","form","NOUN"
"1rQGGdmkluNiDXwCZmvMMjeDbNuEovZX9qG1U4NeMzFi5e2GsTSOsUHnaqrIz503","English_Word_Ratings_2","w06","landlord",9,"adapt","adapt","adapt","NOUN"
"1rQGGdmkluNiDXwCZmvMMjeDbNuEovZX9qG1U4NeMzFi5e2GsTSOsUHnaqrIz503","English_Word_Ratings_2","w06","landlord",10,"potato","potato","potato","NOUN"
"g4JaB1MgPE1r4qjranCAuVoa3se9LFY4Hw7KnJj9jwqdBHzKOMXyzPkYnLVzXN3b","English_Word_Ratings_2","w06","landlord",2,"dedica","dedicate","dedicate","NOUN"
"sxZt1pXLM7kUV1KxULkPh8B0LAjLRoiJMkJRsCZ73YaImMKyBOOpLKcmQuG6iNZP","English_Word_Ratings_2","w06","landlord",1,"passion","passion","passion","NOUN"
"A8tz7HX3m2x4GAoKlJAZ1XfBrXKxo5dGxhoV1dKkNdDkugAvJvRJp9tFe33unNJk","English_Word_Ratings_2","w06","landlord",1,"breahte","breathe","breato","VERB"
"A8tz7HX3m2x4GAoKlJAZ1XfBrXKxo5dGxhoV1dKkNdDkugAvJvRJp9tFe33unNJk","English_Word_Ratings_2","w06","landlord",2,"subtract","subtract","subtract","NOUN"
"A8tz7HX3m2x4GAoKlJAZ1XfBrXKxo5dGxhoV1dKkNdDkugAvJvRJp9tFe33unNJk","English_Word_Ratings_2","w06","landlord",3,"orgasm","orgasm","orgasm","NOUN"
"A8tz7HX3m2x4GAoKlJAZ1XfBrXKxo5dGxhoV1dKkNdDkugAvJvRJp9tFe33unNJk","English_Word_Ratings_2","w06","landlord",4,"produces","produces","produces","NOUN"
"iiEF3G6d0Zwa6x3NPBYACZUcLOZpqLcroUzNwnZmTBRu5KQktL3KH9QJT3QpUY37","English_Word_Ratings_2","w06","landlord",1,"brush","brush","brush","INTJ"
"iiEF3G6d0Zwa6x3NPBYACZUcLOZpqLcroUzNwnZmTBRu5KQktL3KH9QJT3QpUY37","English_Word_Ratings_2","w06","landlord",2,"caffeinate","caffeinated","caffeinate","VERB"
"iiEF3G6d0Zwa6x3NPBYACZUcLOZpqLcroUzNwnZmTBRu5KQktL3KH9QJT3QpUY37","English_Word_Ratings_2","w06","landlord",3,"weather","weather","weather","NOUN"
"iiEF3G6d0Zwa6x3NPBYACZUcLOZpqLcroUzNwnZmTBRu5KQktL3KH9QJT3QpUY37","English_Word_Ratings_2","w06","landlord",4,"autograph","autograph","autograph","NOUN"
"yLAv948rJF5uUpOa1azj6ddWWLX7U3KcGrE4Zl3iQSXxsNsEg2B3M4KSURKG8jYP","English_Word_Ratings_2","w06","landlord",1,"tether","tether","tether","NOUN"
"yLAv948rJF5uUpOa1azj6ddWWLX7U3KcGrE4Zl3iQSXxsNsEg2B3M4KSURKG8jYP","English_Word_Ratings_2","w06","landlord",2,"jewelry","jewelry","jewelry","NOUN"
"yLAv948rJF5uUpOa1azj6ddWWLX7U3KcGrE4Zl3iQSXxsNsEg2B3M4KSURKG8jYP","English_Word_Ratings_2","w06","landlord",3,"referent","referent","referent","VERB"
"v7tq2P9zqG6N3xAH4o8GvO1YBrnWjahz5rdJByCbpdgbhBPOwT65OuHZHKYl1uFR","English_Word_Ratings_2","w06","landlord",2,"swing","swing","sw","NOUN"
"v7tq2P9zqG6N3xAH4o8GvO1YBrnWjahz5rdJByCbpdgbhBPOwT65OuHZHKYl1uFR","English_Word_Ratings_2","w06","landlord",3,"wine","wine","wine","NOUN"
"v7tq2P9zqG6N3xAH4o8GvO1YBrnWjahz5rdJByCbpdgbhBPOwT65OuHZHKYl1uFR","English_Word_Ratings_2","w06","landlord",4,"brunch","brunch","brunch","NOUN"
"v7tq2P9zqG6N3xAH4o8GvO1YBrnWjahz5rdJByCbpdgbhBPOwT65OuHZHKYl1uFR","English_Word_Ratings_2","w06","landlord",6,"force","force","force","NOUN"
"v7tq2P9zqG6N3xAH4o8GvO1YBrnWjahz5rdJByCbpdgbhBPOwT65OuHZHKYl1uFR","English_Word_Ratings_2","w06","landlord",8,"x-ray","x-ray","x -ray","NOUN NOUN"
"v7tq2P9zqG6N3xAH4o8GvO1YBrnWjahz5rdJByCbpdgbhBPOwT65OuHZHKYl1uFR","English_Word_Ratings_2","w06","landlord",9,"perplex","perplex","perplex","SYM"
"v7tq2P9zqG6N3xAH4o8GvO1YBrnWjahz5rdJByCbpdgbhBPOwT65OuHZHKYl1uFR","English_Word_Ratings_2","w06","landlord",10,"smirk","smirk","smirk","NOUN"
"d6NyWdJP1bcvb4qi8hcmuNgepBmDczes1g8QpCTab6HT2HBFidygOyOYJg6MzUXt","English_Word_Ratings_2","w06","landlord",1,"bruise","bruise","bruise","NOUN"
"garnFORYQ61r3wCyh826JKL8aDnIglWYXHz7MSvIQBIC8H32nBUgalgql6gZBzlN","English_Word_Ratings_2","w06","landlord",3,"guitar","guitar","guitar","NOUN"
"garnFORYQ61r3wCyh826JKL8aDnIglWYXHz7MSvIQBIC8H32nBUgalgql6gZBzlN","English_Word_Ratings_2","w06","landlord",4,"readjust","readjust","readjust","VERB"
"garnFORYQ61r3wCyh826JKL8aDnIglWYXHz7MSvIQBIC8H32nBUgalgql6gZBzlN","English_Word_Ratings_2","w06","landlord",5,"submerge","submerge","submerge","NOUN"
"garnFORYQ61r3wCyh826JKL8aDnIglWYXHz7MSvIQBIC8H32nBUgalgql6gZBzlN","English_Word_Ratings_2","w06","landlord",6,"peel","peel","peel","NOUN"
"garnFORYQ61r3wCyh826JKL8aDnIglWYXHz7MSvIQBIC8H32nBUgalgql6gZBzlN","English_Word_Ratings_2","w06","landlord",7,"revenge","revenge","revenge","NOUN"
"i7gzsiwaaH625g2xHgXMPfOfI6R9h8LKxyKgcR3DppkfqTpYxlpaGNFv4AOTf78v","English_Word_Ratings_2","w06","landlord",1,"ribbit","rabbit","rabbit","NOUN"
"i7gzsiwaaH625g2xHgXMPfOfI6R9h8LKxyKgcR3DppkfqTpYxlpaGNFv4AOTf78v","English_Word_Ratings_2","w06","landlord",2,"pot","pot","pot","NOUN"
"i7gzsiwaaH625g2xHgXMPfOfI6R9h8LKxyKgcR3DppkfqTpYxlpaGNFv4AOTf78v","English_Word_Ratings_2","w06","landlord",3,"contour","contour","contour","NOUN"
"i7gzsiwaaH625g2xHgXMPfOfI6R9h8LKxyKgcR3DppkfqTpYxlpaGNFv4AOTf78v","English_Word_Ratings_2","w06","landlord",4,"speed","speed","speed","NOUN"
"wKTNXd6bXFAL8q4qqOh2llgWoCGmV4nmEB8h4ybNDi4oesm36R1MtrSdkxNsLMnC","English_Word_Ratings_2","w06","landlord",1,"query","query","query","NOUN"
"wKTNXd6bXFAL8q4qqOh2llgWoCGmV4nmEB8h4ybNDi4oesm36R1MtrSdkxNsLMnC","English_Word_Ratings_2","w06","landlord",2,"darts","darts","dart","NOUN"
"wKTNXd6bXFAL8q4qqOh2llgWoCGmV4nmEB8h4ybNDi4oesm36R1MtrSdkxNsLMnC","English_Word_Ratings_2","w06","landlord",3,"appease","appease","appease","INTJ"
"wKTNXd6bXFAL8q4qqOh2llgWoCGmV4nmEB8h4ybNDi4oesm36R1MtrSdkxNsLMnC","English_Word_Ratings_2","w06","landlord",4,"launder","launder","launder","NOUN"
"GoSFbC6zIahLMncIpKDjoQ5dleIxSC8jVVFIn9Km4i5Y1NIhpLJUPrByLuQc21a6","English_Word_Ratings_2","w06","landlord",1,"farm","farm","farm","NOUN"
"GoSFbC6zIahLMncIpKDjoQ5dleIxSC8jVVFIn9Km4i5Y1NIhpLJUPrByLuQc21a6","English_Word_Ratings_2","w06","landlord",2,"orienteer","orienteering","orienteer","VERB"
"GoSFbC6zIahLMncIpKDjoQ5dleIxSC8jVVFIn9Km4i5Y1NIhpLJUPrByLuQc21a6","English_Word_Ratings_2","w06","landlord",3,"pimp","pimp","pimp","NOUN"
"GoSFbC6zIahLMncIpKDjoQ5dleIxSC8jVVFIn9Km4i5Y1NIhpLJUPrByLuQc21a6","English_Word_Ratings_2","w06","landlord",5,"runway","runway","runway","INTJ"
"GoSFbC6zIahLMncIpKDjoQ5dleIxSC8jVVFIn9Km4i5Y1NIhpLJUPrByLuQc21a6","English_Word_Ratings_2","w06","landlord",6,"prey","prey","prey","INTJ"
"GoSFbC6zIahLMncIpKDjoQ5dleIxSC8jVVFIn9Km4i5Y1NIhpLJUPrByLuQc21a6","English_Word_Ratings_2","w06","landlord",7,"breastfeed","breastfeed","breastfeed","VERB"
"GoSFbC6zIahLMncIpKDjoQ5dleIxSC8jVVFIn9Km4i5Y1NIhpLJUPrByLuQc21a6","English_Word_Ratings_2","w06","landlord",8,"sink","sink","sink","NOUN"
"sBacIiuSQV6IuSUPRTFQmqG3UmmTN9xKph2xv2OOURpgUNOKXSQsxnE8Saex7WkV","English_Word_Ratings_2","w06","landlord",1,"photgraoph","photograph","photograph","NOUN"
"sBacIiuSQV6IuSUPRTFQmqG3UmmTN9xKph2xv2OOURpgUNOKXSQsxnE8Saex7WkV","English_Word_Ratings_2","w06","landlord",2,"unwrap","unwrap","unwrap","NOUN"
"sBacIiuSQV6IuSUPRTFQmqG3UmmTN9xKph2xv2OOURpgUNOKXSQsxnE8Saex7WkV","English_Word_Ratings_2","w06","landlord",3,"check","check","check","VERB"
"kO56Jn0idpJWnDDMSRMIU9DECzlitjq3w7Z1s2KfSCMDE6YZiy9U0xnv6wljxLlh","English_Word_Ratings_2","w06","landlord",1,"song","song","song","NOUN"
"kO56Jn0idpJWnDDMSRMIU9DECzlitjq3w7Z1s2KfSCMDE6YZiy9U0xnv6wljxLlh","English_Word_Ratings_2","w06","landlord",2,"weight gain","weight gain","weight gain","NOUN NOUN"
"kO56Jn0idpJWnDDMSRMIU9DECzlitjq3w7Z1s2KfSCMDE6YZiy9U0xnv6wljxLlh","English_Word_Ratings_2","w06","landlord",3,"march","march","march","NOUN"
"LSuU7j19LztOjJyzbaQVC813k4Xs1HHJRzjUOC3xGQR21Jg71xWUBLSqxxfwF8n3","English_Word_Ratings_2","w06","landlord",1,"farm","farm","farm","NOUN"
"LSuU7j19LztOjJyzbaQVC813k4Xs1HHJRzjUOC3xGQR21Jg71xWUBLSqxxfwF8n3","English_Word_Ratings_2","w06","landlord",2,"prize","prize","prize","NOUN"
"LSuU7j19LztOjJyzbaQVC813k4Xs1HHJRzjUOC3xGQR21Jg71xWUBLSqxxfwF8n3","English_Word_Ratings_2","w06","landlord",3,"stab","stab","stab","NOUN"
"LSuU7j19LztOjJyzbaQVC813k4Xs1HHJRzjUOC3xGQR21Jg71xWUBLSqxxfwF8n3","English_Word_Ratings_2","w06","landlord",4,"thieve","thieve","thieve","NOUN"
"LSuU7j19LztOjJyzbaQVC813k4Xs1HHJRzjUOC3xGQR21Jg71xWUBLSqxxfwF8n3","English_Word_Ratings_2","w06","landlord",5,"spawn","spawn","spawn","VERB"
"LSuU7j19LztOjJyzbaQVC813k4Xs1HHJRzjUOC3xGQR21Jg71xWUBLSqxxfwF8n3","English_Word_Ratings_2","w06","landlord",6,"abstract","abstract","abstract","NOUN"
"LSuU7j19LztOjJyzbaQVC813k4Xs1HHJRzjUOC3xGQR21Jg71xWUBLSqxxfwF8n3","English_Word_Ratings_2","w06","landlord",7,"drill","drill","drill","NOUN"
"LSuU7j19LztOjJyzbaQVC813k4Xs1HHJRzjUOC3xGQR21Jg71xWUBLSqxxfwF8n3","English_Word_Ratings_2","w06","landlord",8,"hollow","hollow","hollow","NOUN"
"YReDSBupRsykKwPjPFxhEKJ9WrWhRKquBSvqA45zIjX2ea9uVVVtSygOIdC1LG2h","English_Word_Ratings_2","w06","landlord",1,"forage","forage","forage","NOUN"
"YReDSBupRsykKwPjPFxhEKJ9WrWhRKquBSvqA45zIjX2ea9uVVVtSygOIdC1LG2h","English_Word_Ratings_2","w06","landlord",2,"photopraph","photograph","photograph","NOUN"
"HgQcnYS7bLBLsGHsEWYXm89MfSMSM8NNKgbmYc1Ws5lXQCnjE1r1xFC1VARqczsu","English_Word_Ratings_2","w06","landlord",1,"class","class","class","NOUN"
"HgQcnYS7bLBLsGHsEWYXm89MfSMSM8NNKgbmYc1Ws5lXQCnjE1r1xFC1VARqczsu","English_Word_Ratings_2","w06","landlord",2,"tie off","tie off","tie off","VERB ADP"
"HgQcnYS7bLBLsGHsEWYXm89MfSMSM8NNKgbmYc1Ws5lXQCnjE1r1xFC1VARqczsu","English_Word_Ratings_2","w06","landlord",3,"propell","propel","propel","NOUN"
"HgQcnYS7bLBLsGHsEWYXm89MfSMSM8NNKgbmYc1Ws5lXQCnjE1r1xFC1VARqczsu","English_Word_Ratings_2","w06","landlord",4,"commune","commune","commune","NOUN"
"HgQcnYS7bLBLsGHsEWYXm89MfSMSM8NNKgbmYc1Ws5lXQCnjE1r1xFC1VARqczsu","English_Word_Ratings_2","w06","landlord",5,"horrify","horrify","horrify","INTJ"
"DN6wJxt2qT1Np5PlWQiffYY3Uj2fhio8LP2BS98Ht1WUs0dFRBairReZaXoTmHEP","English_Word_Ratings_2","w06","landlord",1,"articulate","articulate","articulate","NOUN"
"DN6wJxt2qT1Np5PlWQiffYY3Uj2fhio8LP2BS98Ht1WUs0dFRBairReZaXoTmHEP","English_Word_Ratings_2","w06","landlord",2,"enhance well being","enhance well being","enhance well be","ADV ADV AUX"
"DN6wJxt2qT1Np5PlWQiffYY3Uj2fhio8LP2BS98Ht1WUs0dFRBairReZaXoTmHEP","English_Word_Ratings_2","w06","landlord",3,"deodorizer","deodorizer","deodorizer","NOUN"
"DN6wJxt2qT1Np5PlWQiffYY3Uj2fhio8LP2BS98Ht1WUs0dFRBairReZaXoTmHEP","English_Word_Ratings_2","w06","landlord",4,"replant","replant","replant","NOUN"
"DN6wJxt2qT1Np5PlWQiffYY3Uj2fhio8LP2BS98Ht1WUs0dFRBairReZaXoTmHEP","English_Word_Ratings_2","w06","landlord",5,"fit","fit","fit","VERB"
"o5DMFT7lEisuLPj9cmVBQLnIxZkz0iM23cfDJOL9HqvghxE6MFdH5AfsRQ9r0D2j","English_Word_Ratings_2","w06","landlord",1,"fulcrum","fulcrum","fulcrum","NOUN"
"o5DMFT7lEisuLPj9cmVBQLnIxZkz0iM23cfDJOL9HqvghxE6MFdH5AfsRQ9r0D2j","English_Word_Ratings_2","w06","landlord",2,"discomfort","discomfort","discomfort","NOUN"
"o5DMFT7lEisuLPj9cmVBQLnIxZkz0iM23cfDJOL9HqvghxE6MFdH5AfsRQ9r0D2j","English_Word_Ratings_2","w06","landlord",3,"counterfit","counterfeit","counterfeit","NOUN"
"o5DMFT7lEisuLPj9cmVBQLnIxZkz0iM23cfDJOL9HqvghxE6MFdH5AfsRQ9r0D2j","English_Word_Ratings_2","w06","landlord",5,"blotch","blotch","blotch","NOUN"
"o5DMFT7lEisuLPj9cmVBQLnIxZkz0iM23cfDJOL9HqvghxE6MFdH5AfsRQ9r0D2j","English_Word_Ratings_2","w06","landlord",6,"chew","chew","chew","NOUN"
"o5DMFT7lEisuLPj9cmVBQLnIxZkz0iM23cfDJOL9HqvghxE6MFdH5AfsRQ9r0D2j","English_Word_Ratings_2","w06","landlord",7,"water","water","water","NOUN"
"o5DMFT7lEisuLPj9cmVBQLnIxZkz0iM23cfDJOL9HqvghxE6MFdH5AfsRQ9r0D2j","English_Word_Ratings_2","w06","landlord",8,"graffit","graffiti","graffito","INTJ"
"o5DMFT7lEisuLPj9cmVBQLnIxZkz0iM23cfDJOL9HqvghxE6MFdH5AfsRQ9r0D2j","English_Word_Ratings_2","w06","landlord",9,"generate","generate","generate","VERB"
"o5DMFT7lEisuLPj9cmVBQLnIxZkz0iM23cfDJOL9HqvghxE6MFdH5AfsRQ9r0D2j","English_Word_Ratings_2","w06","landlord",10,"insiminate","inseminate","inseminate","ADJ"
"FibKe5OYiPqz2UUn75mURehUDCnnAmvduGjCpCkj9jFTXR7BfZxkaHsHG0ZZQtwF","English_Word_Ratings_2","w06","landlord",1,"govern","govern","govern","NOUN"
"FibKe5OYiPqz2UUn75mURehUDCnnAmvduGjCpCkj9jFTXR7BfZxkaHsHG0ZZQtwF","English_Word_Ratings_2","w06","landlord",2,"embalm","embalm","embalm","X"
"FibKe5OYiPqz2UUn75mURehUDCnnAmvduGjCpCkj9jFTXR7BfZxkaHsHG0ZZQtwF","English_Word_Ratings_2","w06","landlord",3,"seesee","see see","see see","VERB VERB"
"FibKe5OYiPqz2UUn75mURehUDCnnAmvduGjCpCkj9jFTXR7BfZxkaHsHG0ZZQtwF","English_Word_Ratings_2","w06","landlord",4,"nest","nest","nest","NOUN"
"50X4V7q3Et1XAYfAEDSwioMfQS8YbRUtzDW2SFCVjvd0kNGpkiwqdWUnTkiNNE80","English_Word_Ratings_2","w06","landlord",2,"shame","shame","shame","NOUN"
"WERLbHrisM97Sa8njspLxo48hq1D6V8RsVCSTTGotC7HiHvIiUCrNVOlUHbScfKy","English_Word_Ratings_2","w07","aviator",1,"get stuck","get stuck","get stuck","VERB ADJ"
"WERLbHrisM97Sa8njspLxo48hq1D6V8RsVCSTTGotC7HiHvIiUCrNVOlUHbScfKy","English_Word_Ratings_2","w07","aviator",2,"reduce","reduce","reduce","NOUN"
"WERLbHrisM97Sa8njspLxo48hq1D6V8RsVCSTTGotC7HiHvIiUCrNVOlUHbScfKy","English_Word_Ratings_2","w07","aviator",3,"model","model","model","NOUN"
"lzZBcD4N5WdlEJp4FXc4WDU0QXXMUZa3saiMJqn8EsCLw7dkUMjuSISR0HfCREb4","English_Word_Ratings_2","w07","aviator",1,"fool","fool","fool","VERB"
"lzZBcD4N5WdlEJp4FXc4WDU0QXXMUZa3saiMJqn8EsCLw7dkUMjuSISR0HfCREb4","English_Word_Ratings_2","w07","aviator",3,"skincare","skincare","skincare","NOUN"
"lzZBcD4N5WdlEJp4FXc4WDU0QXXMUZa3saiMJqn8EsCLw7dkUMjuSISR0HfCREb4","English_Word_Ratings_2","w07","aviator",4,"woodworking","woodworking","woodworking","VERB"
"lzZBcD4N5WdlEJp4FXc4WDU0QXXMUZa3saiMJqn8EsCLw7dkUMjuSISR0HfCREb4","English_Word_Ratings_2","w07","aviator",5,"pace","pace","pace","NOUN"
"OQxE9L7Mw12SKUcq9pZmmo3FxWc2uCuUHaraGy5sZW9vGR9PSug2a5hMNwjVlA5c","English_Word_Ratings_2","w07","aviator",1,"hair","hair","hair","NOUN"
"OQxE9L7Mw12SKUcq9pZmmo3FxWc2uCuUHaraGy5sZW9vGR9PSug2a5hMNwjVlA5c","English_Word_Ratings_2","w07","aviator",2,"homework","homework","homework","NOUN"
"OQxE9L7Mw12SKUcq9pZmmo3FxWc2uCuUHaraGy5sZW9vGR9PSug2a5hMNwjVlA5c","English_Word_Ratings_2","w07","aviator",3,"douse","douse","douse","NOUN"
"OQxE9L7Mw12SKUcq9pZmmo3FxWc2uCuUHaraGy5sZW9vGR9PSug2a5hMNwjVlA5c","English_Word_Ratings_2","w07","aviator",5,"allergy","allergy","allergy","NOUN"
"VsSi9vBmSPfWlt7NRbLMin20fVJgh5EyxhB0M3tiDqMhDEh6ip526THZdwm0Gup1","English_Word_Ratings_2","w07","aviator",1,"rseonat","resonate","resonate","VERB"
"VsSi9vBmSPfWlt7NRbLMin20fVJgh5EyxhB0M3tiDqMhDEh6ip526THZdwm0Gup1","English_Word_Ratings_2","w07","aviator",2,"unknot","knot","knot","PART"
"VsSi9vBmSPfWlt7NRbLMin20fVJgh5EyxhB0M3tiDqMhDEh6ip526THZdwm0Gup1","English_Word_Ratings_2","w07","aviator",3,"pesticide","pesticide","pesticide","NOUN"
"VsSi9vBmSPfWlt7NRbLMin20fVJgh5EyxhB0M3tiDqMhDEh6ip526THZdwm0Gup1","English_Word_Ratings_2","w07","aviator",4,"exterminate","exterminate","exterminate","ADJ"
"1rQGGdmkluNiDXwCZmvMMjeDbNuEovZX9qG1U4NeMzFi5e2GsTSOsUHnaqrIz503","English_Word_Ratings_2","w07","aviator",1,"summon","summon","summon","NOUN"
"1rQGGdmkluNiDXwCZmvMMjeDbNuEovZX9qG1U4NeMzFi5e2GsTSOsUHnaqrIz503","English_Word_Ratings_2","w07","aviator",2,"grave","grave","grave","VERB"
"g4JaB1MgPE1r4qjranCAuVoa3se9LFY4Hw7KnJj9jwqdBHzKOMXyzPkYnLVzXN3b","English_Word_Ratings_2","w07","aviator",1,"bell","bell","bell","INTJ"
"g4JaB1MgPE1r4qjranCAuVoa3se9LFY4Hw7KnJj9jwqdBHzKOMXyzPkYnLVzXN3b","English_Word_Ratings_2","w07","aviator",2,"oppose","oppose","oppose","NOUN"
"g4JaB1MgPE1r4qjranCAuVoa3se9LFY4Hw7KnJj9jwqdBHzKOMXyzPkYnLVzXN3b","English_Word_Ratings_2","w07","aviator",4,"knowledge","knowledge","knowledge","NOUN"
"g4JaB1MgPE1r4qjranCAuVoa3se9LFY4Hw7KnJj9jwqdBHzKOMXyzPkYnLVzXN3b","English_Word_Ratings_2","w07","aviator",5,"prakour","parkour","parkour","NOUN"
"g4JaB1MgPE1r4qjranCAuVoa3se9LFY4Hw7KnJj9jwqdBHzKOMXyzPkYnLVzXN3b","English_Word_Ratings_2","w07","aviator",7,"crew","crew","crew","NOUN"
"sxZt1pXLM7kUV1KxULkPh8B0LAjLRoiJMkJRsCZ73YaImMKyBOOpLKcmQuG6iNZP","English_Word_Ratings_2","w07","aviator",1,"antiseptic","antiseptic","antiseptic","ADJ"
"sxZt1pXLM7kUV1KxULkPh8B0LAjLRoiJMkJRsCZ73YaImMKyBOOpLKcmQuG6iNZP","English_Word_Ratings_2","w07","aviator",2,"lighten","lighten","lighten","NOUN"
"sxZt1pXLM7kUV1KxULkPh8B0LAjLRoiJMkJRsCZ73YaImMKyBOOpLKcmQuG6iNZP","English_Word_Ratings_2","w07","aviator",4,"coverage","coverage","coverage","NOUN"
"sxZt1pXLM7kUV1KxULkPh8B0LAjLRoiJMkJRsCZ73YaImMKyBOOpLKcmQuG6iNZP","English_Word_Ratings_2","w07","aviator",5,"enhance well being","enhance well being","enhance well be","ADV ADV AUX"
"sxZt1pXLM7kUV1KxULkPh8B0LAjLRoiJMkJRsCZ73YaImMKyBOOpLKcmQuG6iNZP","English_Word_Ratings_2","w07","aviator",7,"wire","wire","wire","NOUN"
"A8tz7HX3m2x4GAoKlJAZ1XfBrXKxo5dGxhoV1dKkNdDkugAvJvRJp9tFe33unNJk","English_Word_Ratings_2","w07","aviator",1,"hobby","hobby","hobby","NOUN"
"A8tz7HX3m2x4GAoKlJAZ1XfBrXKxo5dGxhoV1dKkNdDkugAvJvRJp9tFe33unNJk","English_Word_Ratings_2","w07","aviator",2,"responsibility","responsibility","responsibility","NOUN"
"A8tz7HX3m2x4GAoKlJAZ1XfBrXKxo5dGxhoV1dKkNdDkugAvJvRJp9tFe33unNJk","English_Word_Ratings_2","w07","aviator",3,"fame","fame","fame","NOUN"
"A8tz7HX3m2x4GAoKlJAZ1XfBrXKxo5dGxhoV1dKkNdDkugAvJvRJp9tFe33unNJk","English_Word_Ratings_2","w07","aviator",4,"carpet","carpet","carpet","NOUN"
"A8tz7HX3m2x4GAoKlJAZ1XfBrXKxo5dGxhoV1dKkNdDkugAvJvRJp9tFe33unNJk","English_Word_Ratings_2","w07","aviator",5,"propagate","propagate","propagate","NOUN"
"A8tz7HX3m2x4GAoKlJAZ1XfBrXKxo5dGxhoV1dKkNdDkugAvJvRJp9tFe33unNJk","English_Word_Ratings_2","w07","aviator",6,"cream","cream","cream","NOUN"
"A8tz7HX3m2x4GAoKlJAZ1XfBrXKxo5dGxhoV1dKkNdDkugAvJvRJp9tFe33unNJk","English_Word_Ratings_2","w07","aviator",7,"government","government","government","NOUN"
"A8tz7HX3m2x4GAoKlJAZ1XfBrXKxo5dGxhoV1dKkNdDkugAvJvRJp9tFe33unNJk","English_Word_Ratings_2","w07","aviator",8,"flame","flame","flame","NOUN"
"iiEF3G6d0Zwa6x3NPBYACZUcLOZpqLcroUzNwnZmTBRu5KQktL3KH9QJT3QpUY37","English_Word_Ratings_2","w07","aviator",1,"rap","rap","rap","NOUN"
"iiEF3G6d0Zwa6x3NPBYACZUcLOZpqLcroUzNwnZmTBRu5KQktL3KH9QJT3QpUY37","English_Word_Ratings_2","w07","aviator",2,"despair","despair","despair","NOUN"
"iiEF3G6d0Zwa6x3NPBYACZUcLOZpqLcroUzNwnZmTBRu5KQktL3KH9QJT3QpUY37","English_Word_Ratings_2","w07","aviator",3,"stoke","stoke","stoke","NOUN"
"yLAv948rJF5uUpOa1azj6ddWWLX7U3KcGrE4Zl3iQSXxsNsEg2B3M4KSURKG8jYP","English_Word_Ratings_2","w07","aviator",1,"armor","armor","armor","NOUN"
"yLAv948rJF5uUpOa1azj6ddWWLX7U3KcGrE4Zl3iQSXxsNsEg2B3M4KSURKG8jYP","English_Word_Ratings_2","w07","aviator",2,"revolt","revolt","revolt","NOUN"
"yLAv948rJF5uUpOa1azj6ddWWLX7U3KcGrE4Zl3iQSXxsNsEg2B3M4KSURKG8jYP","English_Word_Ratings_2","w07","aviator",3,"rewind","rewind","rewind","VERB"
"yLAv948rJF5uUpOa1azj6ddWWLX7U3KcGrE4Zl3iQSXxsNsEg2B3M4KSURKG8jYP","English_Word_Ratings_2","w07","aviator",4,"put in","put in","put in","VERB ADP"
"yLAv948rJF5uUpOa1azj6ddWWLX7U3KcGrE4Zl3iQSXxsNsEg2B3M4KSURKG8jYP","English_Word_Ratings_2","w07","aviator",5,"leaky","leaky","leaky","VERB"
"v7tq2P9zqG6N3xAH4o8GvO1YBrnWjahz5rdJByCbpdgbhBPOwT65OuHZHKYl1uFR","English_Word_Ratings_2","w07","aviator",1,"umbrella","umbrella","umbrella","NOUN"
"v7tq2P9zqG6N3xAH4o8GvO1YBrnWjahz5rdJByCbpdgbhBPOwT65OuHZHKYl1uFR","English_Word_Ratings_2","w07","aviator",2,"aruge","argue","argue","VERB"
"v7tq2P9zqG6N3xAH4o8GvO1YBrnWjahz5rdJByCbpdgbhBPOwT65OuHZHKYl1uFR","English_Word_Ratings_2","w07","aviator",3,"yoga","yoga","yoga","NOUN"
"v7tq2P9zqG6N3xAH4o8GvO1YBrnWjahz5rdJByCbpdgbhBPOwT65OuHZHKYl1uFR","English_Word_Ratings_2","w07","aviator",4,"lessen burden","lessen burden","lessen burden","ADJ NOUN"
"v7tq2P9zqG6N3xAH4o8GvO1YBrnWjahz5rdJByCbpdgbhBPOwT65OuHZHKYl1uFR","English_Word_Ratings_2","w07","aviator",5,"gate","gate","gate","NOUN"
"d6NyWdJP1bcvb4qi8hcmuNgepBmDczes1g8QpCTab6HT2HBFidygOyOYJg6MzUXt","English_Word_Ratings_2","w07","aviator",1,"mulitply","multiply","multiply","ADV"
"d6NyWdJP1bcvb4qi8hcmuNgepBmDczes1g8QpCTab6HT2HBFidygOyOYJg6MzUXt","English_Word_Ratings_2","w07","aviator",2,"campaign","campaign","campaign","NOUN"
"d6NyWdJP1bcvb4qi8hcmuNgepBmDczes1g8QpCTab6HT2HBFidygOyOYJg6MzUXt","English_Word_Ratings_2","w07","aviator",3,"compress","compress","compress","NOUN"
"d6NyWdJP1bcvb4qi8hcmuNgepBmDczes1g8QpCTab6HT2HBFidygOyOYJg6MzUXt","English_Word_Ratings_2","w07","aviator",5,"chastise","chastise","chastise","NOUN"
"d6NyWdJP1bcvb4qi8hcmuNgepBmDczes1g8QpCTab6HT2HBFidygOyOYJg6MzUXt","English_Word_Ratings_2","w07","aviator",6,"law","law","law","NOUN"
"d6NyWdJP1bcvb4qi8hcmuNgepBmDczes1g8QpCTab6HT2HBFidygOyOYJg6MzUXt","English_Word_Ratings_2","w07","aviator",7,"inflate","inflate","inflate","NOUN"
"d6NyWdJP1bcvb4qi8hcmuNgepBmDczes1g8QpCTab6HT2HBFidygOyOYJg6MzUXt","English_Word_Ratings_2","w07","aviator",8,"paddle board","paddle board","paddle board","ADJ NOUN"
"garnFORYQ61r3wCyh826JKL8aDnIglWYXHz7MSvIQBIC8H32nBUgalgql6gZBzlN","English_Word_Ratings_2","w07","aviator",2,"revolt","revolt","revolt","NOUN"
"garnFORYQ61r3wCyh826JKL8aDnIglWYXHz7MSvIQBIC8H32nBUgalgql6gZBzlN","English_Word_Ratings_2","w07","aviator",3,"starve","starve","starve","NOUN"
"garnFORYQ61r3wCyh826JKL8aDnIglWYXHz7MSvIQBIC8H32nBUgalgql6gZBzlN","English_Word_Ratings_2","w07","aviator",5,"free-fall","free-fall","free - fall","ADJ PUNCT NOUN"
"i7gzsiwaaH625g2xHgXMPfOfI6R9h8LKxyKgcR3DppkfqTpYxlpaGNFv4AOTf78v","English_Word_Ratings_2","w07","aviator",1,"swivel","swivel","swivel","NOUN"
"i7gzsiwaaH625g2xHgXMPfOfI6R9h8LKxyKgcR3DppkfqTpYxlpaGNFv4AOTf78v","English_Word_Ratings_2","w07","aviator",2,"romance","romance","romance","NOUN"
"i7gzsiwaaH625g2xHgXMPfOfI6R9h8LKxyKgcR3DppkfqTpYxlpaGNFv4AOTf78v","English_Word_Ratings_2","w07","aviator",3,"whet","whet","whet","X"
"i7gzsiwaaH625g2xHgXMPfOfI6R9h8LKxyKgcR3DppkfqTpYxlpaGNFv4AOTf78v","English_Word_Ratings_2","w07","aviator",4,"inseminate","inseminate","inseminate","ADJ"
"wKTNXd6bXFAL8q4qqOh2llgWoCGmV4nmEB8h4ybNDi4oesm36R1MtrSdkxNsLMnC","English_Word_Ratings_2","w07","aviator",1,"disable","disable","disable","ADJ"
"wKTNXd6bXFAL8q4qqOh2llgWoCGmV4nmEB8h4ybNDi4oesm36R1MtrSdkxNsLMnC","English_Word_Ratings_2","w07","aviator",2,"glide","glide","glide","NOUN"
"wKTNXd6bXFAL8q4qqOh2llgWoCGmV4nmEB8h4ybNDi4oesm36R1MtrSdkxNsLMnC","English_Word_Ratings_2","w07","aviator",3,"fatten","fatten","fatten","ADV"
"wKTNXd6bXFAL8q4qqOh2llgWoCGmV4nmEB8h4ybNDi4oesm36R1MtrSdkxNsLMnC","English_Word_Ratings_2","w07","aviator",4,"bandage","bandage","bandage","NOUN"
"GoSFbC6zIahLMncIpKDjoQ5dleIxSC8jVVFIn9Km4i5Y1NIhpLJUPrByLuQc21a6","English_Word_Ratings_2","w07","aviator",1,"revive","revive","revive","VERB"
"GoSFbC6zIahLMncIpKDjoQ5dleIxSC8jVVFIn9Km4i5Y1NIhpLJUPrByLuQc21a6","English_Word_Ratings_2","w07","aviator",2,"tell","tell","tell","VERB"
"GoSFbC6zIahLMncIpKDjoQ5dleIxSC8jVVFIn9Km4i5Y1NIhpLJUPrByLuQc21a6","English_Word_Ratings_2","w07","aviator",4,"clear","clear","clear","ADJ"
"GoSFbC6zIahLMncIpKDjoQ5dleIxSC8jVVFIn9Km4i5Y1NIhpLJUPrByLuQc21a6","English_Word_Ratings_2","w07","aviator",6,"coopreate","cooperate","cooperate","VERB"
"GoSFbC6zIahLMncIpKDjoQ5dleIxSC8jVVFIn9Km4i5Y1NIhpLJUPrByLuQc21a6","English_Word_Ratings_2","w07","aviator",7,"antivenom","antivenom","antivenom","X"
"GoSFbC6zIahLMncIpKDjoQ5dleIxSC8jVVFIn9Km4i5Y1NIhpLJUPrByLuQc21a6","English_Word_Ratings_2","w07","aviator",8,"ferment","ferment","ferment","NOUN"
"GoSFbC6zIahLMncIpKDjoQ5dleIxSC8jVVFIn9Km4i5Y1NIhpLJUPrByLuQc21a6","English_Word_Ratings_2","w07","aviator",9,"chime","chime","chime","NOUN"
"GoSFbC6zIahLMncIpKDjoQ5dleIxSC8jVVFIn9Km4i5Y1NIhpLJUPrByLuQc21a6","English_Word_Ratings_2","w07","aviator",10,"demote","demote","demote","X"
"sBacIiuSQV6IuSUPRTFQmqG3UmmTN9xKph2xv2OOURpgUNOKXSQsxnE8Saex7WkV","English_Word_Ratings_2","w07","aviator",1,"clasp","clasp","clasp","NOUN"
"sBacIiuSQV6IuSUPRTFQmqG3UmmTN9xKph2xv2OOURpgUNOKXSQsxnE8Saex7WkV","English_Word_Ratings_2","w07","aviator",3,"haunt","haunt","haunt","NOUN"
"kO56Jn0idpJWnDDMSRMIU9DECzlitjq3w7Z1s2KfSCMDE6YZiy9U0xnv6wljxLlh","English_Word_Ratings_2","w07","aviator",1,"nutur","nurture","nurture","VERB"
"LSuU7j19LztOjJyzbaQVC813k4Xs1HHJRzjUOC3xGQR21Jg71xWUBLSqxxfwF8n3","English_Word_Ratings_2","w07","aviator",2,"office","office","office","NOUN"
"YReDSBupRsykKwPjPFxhEKJ9WrWhRKquBSvqA45zIjX2ea9uVVVtSygOIdC1LG2h","English_Word_Ratings_2","w07","aviator",1,"varnish","varnish","varnish","INTJ"
"YReDSBupRsykKwPjPFxhEKJ9WrWhRKquBSvqA45zIjX2ea9uVVVtSygOIdC1LG2h","English_Word_Ratings_2","w07","aviator",2,"usher","usher","usher","ADJ"
"YReDSBupRsykKwPjPFxhEKJ9WrWhRKquBSvqA45zIjX2ea9uVVVtSygOIdC1LG2h","English_Word_Ratings_2","w07","aviator",3,"uncover","uncover","uncover","NOUN"
"YReDSBupRsykKwPjPFxhEKJ9WrWhRKquBSvqA45zIjX2ea9uVVVtSygOIdC1LG2h","English_Word_Ratings_2","w07","aviator",4,"package","package","package","NOUN"
"HgQcnYS7bLBLsGHsEWYXm89MfSMSM8NNKgbmYc1Ws5lXQCnjE1r1xFC1VARqczsu","English_Word_Ratings_2","w07","aviator",1,"fade","fade","fade","NOUN"
"HgQcnYS7bLBLsGHsEWYXm89MfSMSM8NNKgbmYc1Ws5lXQCnjE1r1xFC1VARqczsu","English_Word_Ratings_2","w07","aviator",2,"braide","braise","braise","NOUN"
"HgQcnYS7bLBLsGHsEWYXm89MfSMSM8NNKgbmYc1Ws5lXQCnjE1r1xFC1VARqczsu","English_Word_Ratings_2","w07","aviator",3,"sterilize","sterilize","sterilize","NOUN"
"HgQcnYS7bLBLsGHsEWYXm89MfSMSM8NNKgbmYc1Ws5lXQCnjE1r1xFC1VARqczsu","English_Word_Ratings_2","w07","aviator",4,"lend","lend","lend","NOUN"
"DN6wJxt2qT1Np5PlWQiffYY3Uj2fhio8LP2BS98Ht1WUs0dFRBairReZaXoTmHEP","English_Word_Ratings_2","w07","aviator",1,"restock","restock","restock","NOUN"
"DN6wJxt2qT1Np5PlWQiffYY3Uj2fhio8LP2BS98Ht1WUs0dFRBairReZaXoTmHEP","English_Word_Ratings_2","w07","aviator",2,"wicket","wicket","wicket","NOUN"
"DN6wJxt2qT1Np5PlWQiffYY3Uj2fhio8LP2BS98Ht1WUs0dFRBairReZaXoTmHEP","English_Word_Ratings_2","w07","aviator",3,"remove","remove","remove","VERB"
"DN6wJxt2qT1Np5PlWQiffYY3Uj2fhio8LP2BS98Ht1WUs0dFRBairReZaXoTmHEP","English_Word_Ratings_2","w07","aviator",4,"carpet","carpet","carpet","NOUN"
"o5DMFT7lEisuLPj9cmVBQLnIxZkz0iM23cfDJOL9HqvghxE6MFdH5AfsRQ9r0D2j","English_Word_Ratings_2","w07","aviator",1,"pride","pride","pride","NOUN"
"o5DMFT7lEisuLPj9cmVBQLnIxZkz0iM23cfDJOL9HqvghxE6MFdH5AfsRQ9r0D2j","English_Word_Ratings_2","w07","aviator",2,"calculate","calculate","calculate","VERB"
"FibKe5OYiPqz2UUn75mURehUDCnnAmvduGjCpCkj9jFTXR7BfZxkaHsHG0ZZQtwF","English_Word_Ratings_2","w07","aviator",1,"regenerate","regenerate","regenerate","VERB"
"FibKe5OYiPqz2UUn75mURehUDCnnAmvduGjCpCkj9jFTXR7BfZxkaHsHG0ZZQtwF","English_Word_Ratings_2","w07","aviator",2,"relieve","relieve","relieve","ADJ"
"FibKe5OYiPqz2UUn75mURehUDCnnAmvduGjCpCkj9jFTXR7BfZxkaHsHG0ZZQtwF","English_Word_Ratings_2","w07","aviator",3,"transplant","transplant","transplant","NOUN"
"FibKe5OYiPqz2UUn75mURehUDCnnAmvduGjCpCkj9jFTXR7BfZxkaHsHG0ZZQtwF","English_Word_Ratings_2","w07","aviator",4,"treasure","treasure","treasure","NOUN"
"FibKe5OYiPqz2UUn75mURehUDCnnAmvduGjCpCkj9jFTXR7BfZxkaHsHG0ZZQtwF","English_Word_Ratings_2","w07","aviator",5,"initiate","initiate","initiate","NOUN"
"FibKe5OYiPqz2UUn75mURehUDCnnAmvduGjCpCkj9jFTXR7BfZxkaHsHG0ZZQtwF","English_Word_Ratings_2","w07","aviator",6,"forget","forget","forget","VERB"
"FibKe5OYiPqz2UUn75mURehUDCnnAmvduGjCpCkj9jFTXR7BfZxkaHsHG0ZZQtwF","English_Word_Ratings_2","w07","aviator",8,"soccer","soccer","soccer","NOUN"
"FibKe5OYiPqz2UUn75mURehUDCnnAmvduGjCpCkj9jFTXR7BfZxkaHsHG0ZZQtwF","English_Word_Ratings_2","w07","aviator",9,"deter","deter","deter","NOUN"
"FibKe5OYiPqz2UUn75mURehUDCnnAmvduGjCpCkj9jFTXR7BfZxkaHsHG0ZZQtwF","English_Word_Ratings_2","w07","aviator",10,"foster","foster","foster","NOUN"
"50X4V7q3Et1XAYfAEDSwioMfQS8YbRUtzDW2SFCVjvd0kNGpkiwqdWUnTkiNNE80","English_Word_Ratings_2","w07","aviator",1,"overdose","overdose","overdose","PRON"
"50X4V7q3Et1XAYfAEDSwioMfQS8YbRUtzDW2SFCVjvd0kNGpkiwqdWUnTkiNNE80","English_Word_Ratings_2","w07","aviator",2,"burrito","burrito","burrito","NOUN"
"50X4V7q3Et1XAYfAEDSwioMfQS8YbRUtzDW2SFCVjvd0kNGpkiwqdWUnTkiNNE80","English_Word_Ratings_2","w07","aviator",3,"hair tie","hair tie","hair tie","NOUN NOUN"
"50X4V7q3Et1XAYfAEDSwioMfQS8YbRUtzDW2SFCVjvd0kNGpkiwqdWUnTkiNNE80","English_Word_Ratings_2","w07","aviator",4,"intertwine","intertwine","intertwine","NOUN"
"50X4V7q3Et1XAYfAEDSwioMfQS8YbRUtzDW2SFCVjvd0kNGpkiwqdWUnTkiNNE80","English_Word_Ratings_2","w07","aviator",5,"clear","clear","clear","ADJ"
"50X4V7q3Et1XAYfAEDSwioMfQS8YbRUtzDW2SFCVjvd0kNGpkiwqdWUnTkiNNE80","English_Word_Ratings_2","w07","aviator",6,"poke","poke","poke","INTJ"
"WERLbHrisM97Sa8njspLxo48hq1D6V8RsVCSTTGotC7HiHvIiUCrNVOlUHbScfKy","English_Word_Ratings_2","w08","locust",1,"landscape","landscape","landscape","NOUN"
"WERLbHrisM97Sa8njspLxo48hq1D6V8RsVCSTTGotC7HiHvIiUCrNVOlUHbScfKy","English_Word_Ratings_2","w08","locust",2,"rewound","rewound","rewound","VERB"
"WERLbHrisM97Sa8njspLxo48hq1D6V8RsVCSTTGotC7HiHvIiUCrNVOlUHbScfKy","English_Word_Ratings_2","w08","locust",3,"regard","regard","regard","NOUN"
"WERLbHrisM97Sa8njspLxo48hq1D6V8RsVCSTTGotC7HiHvIiUCrNVOlUHbScfKy","English_Word_Ratings_2","w08","locust",4,"wash","wash","wash","INTJ"
"WERLbHrisM97Sa8njspLxo48hq1D6V8RsVCSTTGotC7HiHvIiUCrNVOlUHbScfKy","English_Word_Ratings_2","w08","locust",5,"churn","churn","churn","NOUN"
"lzZBcD4N5WdlEJp4FXc4WDU0QXXMUZa3saiMJqn8EsCLw7dkUMjuSISR0HfCREb4","English_Word_Ratings_2","w08","locust",2,"round","round","round","ADV"
"lzZBcD4N5WdlEJp4FXc4WDU0QXXMUZa3saiMJqn8EsCLw7dkUMjuSISR0HfCREb4","English_Word_Ratings_2","w08","locust",3,"impart","impart","impart","X"
"OQxE9L7Mw12SKUcq9pZmmo3FxWc2uCuUHaraGy5sZW9vGR9PSug2a5hMNwjVlA5c","English_Word_Ratings_2","w08","locust",1,"outreach","outreach","outreach","NOUN"
"OQxE9L7Mw12SKUcq9pZmmo3FxWc2uCuUHaraGy5sZW9vGR9PSug2a5hMNwjVlA5c","English_Word_Ratings_2","w08","locust",2,"derive","derive","derive","NOUN"
"OQxE9L7Mw12SKUcq9pZmmo3FxWc2uCuUHaraGy5sZW9vGR9PSug2a5hMNwjVlA5c","English_Word_Ratings_2","w08","locust",3,"pull up","pull up","pull up","VERB ADP"
"OQxE9L7Mw12SKUcq9pZmmo3FxWc2uCuUHaraGy5sZW9vGR9PSug2a5hMNwjVlA5c","English_Word_Ratings_2","w08","locust",4,"cull","cull","cull","NOUN"
"OQxE9L7Mw12SKUcq9pZmmo3FxWc2uCuUHaraGy5sZW9vGR9PSug2a5hMNwjVlA5c","English_Word_Ratings_2","w08","locust",5,"ignorance","ignorance","ignorance","NOUN"
"OQxE9L7Mw12SKUcq9pZmmo3FxWc2uCuUHaraGy5sZW9vGR9PSug2a5hMNwjVlA5c","English_Word_Ratings_2","w08","locust",6,"erection","erection","erection","NOUN"
"OQxE9L7Mw12SKUcq9pZmmo3FxWc2uCuUHaraGy5sZW9vGR9PSug2a5hMNwjVlA5c","English_Word_Ratings_2","w08","locust",7,"bread","bread","bread","NOUN"
"VsSi9vBmSPfWlt7NRbLMin20fVJgh5EyxhB0M3tiDqMhDEh6ip526THZdwm0Gup1","English_Word_Ratings_2","w08","locust",1,"volunteer","volunteer","volunteer","NOUN"
"VsSi9vBmSPfWlt7NRbLMin20fVJgh5EyxhB0M3tiDqMhDEh6ip526THZdwm0Gup1","English_Word_Ratings_2","w08","locust",2,"lessen burden","lessen burden","lessen burden","ADJ NOUN"
"VsSi9vBmSPfWlt7NRbLMin20fVJgh5EyxhB0M3tiDqMhDEh6ip526THZdwm0Gup1","English_Word_Ratings_2","w08","locust",3,"redo","redo","redo","NOUN"
"VsSi9vBmSPfWlt7NRbLMin20fVJgh5EyxhB0M3tiDqMhDEh6ip526THZdwm0Gup1","English_Word_Ratings_2","w08","locust",4,"unbuckle","unbuckle","unbuckle","ADJ"
"VsSi9vBmSPfWlt7NRbLMin20fVJgh5EyxhB0M3tiDqMhDEh6ip526THZdwm0Gup1","English_Word_Ratings_2","w08","locust",5,"movie","movie","movie","NOUN"
"VsSi9vBmSPfWlt7NRbLMin20fVJgh5EyxhB0M3tiDqMhDEh6ip526THZdwm0Gup1","English_Word_Ratings_2","w08","locust",6,"pound","pound","pound","NOUN"
"VsSi9vBmSPfWlt7NRbLMin20fVJgh5EyxhB0M3tiDqMhDEh6ip526THZdwm0Gup1","English_Word_Ratings_2","w08","locust",7,"delay","delay","delay","NOUN"
"VsSi9vBmSPfWlt7NRbLMin20fVJgh5EyxhB0M3tiDqMhDEh6ip526THZdwm0Gup1","English_Word_Ratings_2","w08","locust",8,"buz","buss","buss","NOUN"
"1rQGGdmkluNiDXwCZmvMMjeDbNuEovZX9qG1U4NeMzFi5e2GsTSOsUHnaqrIz503","English_Word_Ratings_2","w08","locust",1,"itup","it up","it up","PRON ADP"
"1rQGGdmkluNiDXwCZmvMMjeDbNuEovZX9qG1U4NeMzFi5e2GsTSOsUHnaqrIz503","English_Word_Ratings_2","w08","locust",2,"entertainment","entertainment","entertainment","NOUN"
"1rQGGdmkluNiDXwCZmvMMjeDbNuEovZX9qG1U4NeMzFi5e2GsTSOsUHnaqrIz503","English_Word_Ratings_2","w08","locust",3,"journey","journey","journey","NOUN"
"g4JaB1MgPE1r4qjranCAuVoa3se9LFY4Hw7KnJj9jwqdBHzKOMXyzPkYnLVzXN3b","English_Word_Ratings_2","w08","locust",1,"gather","gather","gather","NOUN"
"g4JaB1MgPE1r4qjranCAuVoa3se9LFY4Hw7KnJj9jwqdBHzKOMXyzPkYnLVzXN3b","English_Word_Ratings_2","w08","locust",3,"ticket","ticket","ticket","NOUN"
"g4JaB1MgPE1r4qjranCAuVoa3se9LFY4Hw7KnJj9jwqdBHzKOMXyzPkYnLVzXN3b","English_Word_Ratings_2","w08","locust",4,"family","family","family","NOUN"
"g4JaB1MgPE1r4qjranCAuVoa3se9LFY4Hw7KnJj9jwqdBHzKOMXyzPkYnLVzXN3b","English_Word_Ratings_2","w08","locust",5,"liquidate","liquidate","liquidate","NOUN"
"sxZt1pXLM7kUV1KxULkPh8B0LAjLRoiJMkJRsCZ73YaImMKyBOOpLKcmQuG6iNZP","English_Word_Ratings_2","w08","locust",1,"safe","safe","safe","ADJ"
"sxZt1pXLM7kUV1KxULkPh8B0LAjLRoiJMkJRsCZ73YaImMKyBOOpLKcmQuG6iNZP","English_Word_Ratings_2","w08","locust",2,"dish","dish","dish","NOUN"
"sxZt1pXLM7kUV1KxULkPh8B0LAjLRoiJMkJRsCZ73YaImMKyBOOpLKcmQuG6iNZP","English_Word_Ratings_2","w08","locust",3,"moist","moist","moist","NOUN"
"sxZt1pXLM7kUV1KxULkPh8B0LAjLRoiJMkJRsCZ73YaImMKyBOOpLKcmQuG6iNZP","English_Word_Ratings_2","w08","locust",4,"grim","grim","grim","ADJ"
"sxZt1pXLM7kUV1KxULkPh8B0LAjLRoiJMkJRsCZ73YaImMKyBOOpLKcmQuG6iNZP","English_Word_Ratings_2","w08","locust",5,"cartwheel","cartwheel","cartwheel","NOUN"
"sxZt1pXLM7kUV1KxULkPh8B0LAjLRoiJMkJRsCZ73YaImMKyBOOpLKcmQuG6iNZP","English_Word_Ratings_2","w08","locust",6,"sign","sign","sign","VERB"
"sxZt1pXLM7kUV1KxULkPh8B0LAjLRoiJMkJRsCZ73YaImMKyBOOpLKcmQuG6iNZP","English_Word_Ratings_2","w08","locust",7,"doorstop","doorstop","doorstop","NOUN"
"sxZt1pXLM7kUV1KxULkPh8B0LAjLRoiJMkJRsCZ73YaImMKyBOOpLKcmQuG6iNZP","English_Word_Ratings_2","w08","locust",8,"silk","silk","silk","NOUN"
"A8tz7HX3m2x4GAoKlJAZ1XfBrXKxo5dGxhoV1dKkNdDkugAvJvRJp9tFe33unNJk","English_Word_Ratings_2","w08","locust",1,"stamp","stamp","stamp","NOUN"
"A8tz7HX3m2x4GAoKlJAZ1XfBrXKxo5dGxhoV1dKkNdDkugAvJvRJp9tFe33unNJk","English_Word_Ratings_2","w08","locust",3,"bale","bale","bale","NOUN"
"A8tz7HX3m2x4GAoKlJAZ1XfBrXKxo5dGxhoV1dKkNdDkugAvJvRJp9tFe33unNJk","English_Word_Ratings_2","w08","locust",4,"hammer","hammer","hammer","NOUN"
"A8tz7HX3m2x4GAoKlJAZ1XfBrXKxo5dGxhoV1dKkNdDkugAvJvRJp9tFe33unNJk","English_Word_Ratings_2","w08","locust",5,"puzzle","puzzle","puzzle","NOUN"
"iiEF3G6d0Zwa6x3NPBYACZUcLOZpqLcroUzNwnZmTBRu5KQktL3KH9QJT3QpUY37","English_Word_Ratings_2","w08","locust",1,"floure","flour","flour","NOUN"
"iiEF3G6d0Zwa6x3NPBYACZUcLOZpqLcroUzNwnZmTBRu5KQktL3KH9QJT3QpUY37","English_Word_Ratings_2","w08","locust",2,"wrench","wrench","wrench","NOUN"
"iiEF3G6d0Zwa6x3NPBYACZUcLOZpqLcroUzNwnZmTBRu5KQktL3KH9QJT3QpUY37","English_Word_Ratings_2","w08","locust",3,"insert","insert","insert","VERB"
"iiEF3G6d0Zwa6x3NPBYACZUcLOZpqLcroUzNwnZmTBRu5KQktL3KH9QJT3QpUY37","English_Word_Ratings_2","w08","locust",4,"delete","delete","delete","VERB"
"yLAv948rJF5uUpOa1azj6ddWWLX7U3KcGrE4Zl3iQSXxsNsEg2B3M4KSURKG8jYP","English_Word_Ratings_2","w08","locust",2,"fiancee","fiancee","fiancee","NOUN"
"v7tq2P9zqG6N3xAH4o8GvO1YBrnWjahz5rdJByCbpdgbhBPOwT65OuHZHKYl1uFR","English_Word_Ratings_2","w08","locust",1,"loo","loo","lo","INTJ"
"v7tq2P9zqG6N3xAH4o8GvO1YBrnWjahz5rdJByCbpdgbhBPOwT65OuHZHKYl1uFR","English_Word_Ratings_2","w08","locust",2,"wink","wink","wink","NOUN"
"v7tq2P9zqG6N3xAH4o8GvO1YBrnWjahz5rdJByCbpdgbhBPOwT65OuHZHKYl1uFR","English_Word_Ratings_2","w08","locust",3,"reosnat","resonate","resonate","VERB"
"v7tq2P9zqG6N3xAH4o8GvO1YBrnWjahz5rdJByCbpdgbhBPOwT65OuHZHKYl1uFR","English_Word_Ratings_2","w08","locust",4,"splash","splash","splash","NOUN"
"v7tq2P9zqG6N3xAH4o8GvO1YBrnWjahz5rdJByCbpdgbhBPOwT65OuHZHKYl1uFR","English_Word_Ratings_2","w08","locust",5,"break out","break out","break out","VERB ADP"
"v7tq2P9zqG6N3xAH4o8GvO1YBrnWjahz5rdJByCbpdgbhBPOwT65OuHZHKYl1uFR","English_Word_Ratings_2","w08","locust",6,"survival","survival","survival","NOUN"
"v7tq2P9zqG6N3xAH4o8GvO1YBrnWjahz5rdJByCbpdgbhBPOwT65OuHZHKYl1uFR","English_Word_Ratings_2","w08","locust",7,"supervise","supervise","supervise","NOUN"
"d6NyWdJP1bcvb4qi8hcmuNgepBmDczes1g8QpCTab6HT2HBFidygOyOYJg6MzUXt","English_Word_Ratings_2","w08","locust",1,"trespasse","trespass","trespass","NOUN"
"d6NyWdJP1bcvb4qi8hcmuNgepBmDczes1g8QpCTab6HT2HBFidygOyOYJg6MzUXt","English_Word_Ratings_2","w08","locust",2,"seaweed","seaweed","seaweed","VERB"
"d6NyWdJP1bcvb4qi8hcmuNgepBmDczes1g8QpCTab6HT2HBFidygOyOYJg6MzUXt","English_Word_Ratings_2","w08","locust",3,"harvest","harvest","harvest","ADJ"
"d6NyWdJP1bcvb4qi8hcmuNgepBmDczes1g8QpCTab6HT2HBFidygOyOYJg6MzUXt","English_Word_Ratings_2","w08","locust",4,"roofing","roofing","roofing","NOUN"
"d6NyWdJP1bcvb4qi8hcmuNgepBmDczes1g8QpCTab6HT2HBFidygOyOYJg6MzUXt","English_Word_Ratings_2","w08","locust",5,"fight","fight","fight","NOUN"
"d6NyWdJP1bcvb4qi8hcmuNgepBmDczes1g8QpCTab6HT2HBFidygOyOYJg6MzUXt","English_Word_Ratings_2","w08","locust",6,"bonnet","bonnet","bonnet","NOUN"
"garnFORYQ61r3wCyh826JKL8aDnIglWYXHz7MSvIQBIC8H32nBUgalgql6gZBzlN","English_Word_Ratings_2","w08","locust",1,"reap","reap","reap","NOUN"
"garnFORYQ61r3wCyh826JKL8aDnIglWYXHz7MSvIQBIC8H32nBUgalgql6gZBzlN","English_Word_Ratings_2","w08","locust",2,"sit","sit","sit","VERB"
"garnFORYQ61r3wCyh826JKL8aDnIglWYXHz7MSvIQBIC8H32nBUgalgql6gZBzlN","English_Word_Ratings_2","w08","locust",3,"homework","homework","homework","NOUN"
"i7gzsiwaaH625g2xHgXMPfOfI6R9h8LKxyKgcR3DppkfqTpYxlpaGNFv4AOTf78v","English_Word_Ratings_2","w08","locust",1,"trainspotter","trainspotter","trainspotter","NOUN"
"i7gzsiwaaH625g2xHgXMPfOfI6R9h8LKxyKgcR3DppkfqTpYxlpaGNFv4AOTf78v","English_Word_Ratings_2","w08","locust",3,"direct","direct","direct","ADJ"
"i7gzsiwaaH625g2xHgXMPfOfI6R9h8LKxyKgcR3DppkfqTpYxlpaGNFv4AOTf78v","English_Word_Ratings_2","w08","locust",4,"jump","jump","jump","VERB"
"wKTNXd6bXFAL8q4qqOh2llgWoCGmV4nmEB8h4ybNDi4oesm36R1MtrSdkxNsLMnC","English_Word_Ratings_2","w08","locust",1,"fall","fall","fall","NOUN"
"wKTNXd6bXFAL8q4qqOh2llgWoCGmV4nmEB8h4ybNDi4oesm36R1MtrSdkxNsLMnC","English_Word_Ratings_2","w08","locust",2,"certify","certify","certify","NOUN"
"wKTNXd6bXFAL8q4qqOh2llgWoCGmV4nmEB8h4ybNDi4oesm36R1MtrSdkxNsLMnC","English_Word_Ratings_2","w08","locust",3,"detect","detect","detect","NOUN"
"wKTNXd6bXFAL8q4qqOh2llgWoCGmV4nmEB8h4ybNDi4oesm36R1MtrSdkxNsLMnC","English_Word_Ratings_2","w08","locust",4,"recital","recital","recital","ADJ"
"wKTNXd6bXFAL8q4qqOh2llgWoCGmV4nmEB8h4ybNDi4oesm36R1MtrSdkxNsLMnC","English_Word_Ratings_2","w08","locust",5,"beauty","beauty","beauty","NOUN"
"wKTNXd6bXFAL8q4qqOh2llgWoCGmV4nmEB8h4ybNDi4oesm36R1MtrSdkxNsLMnC","English_Word_Ratings_2","w08","locust",6,"deserve","deserve","deserve","VERB"
"wKTNXd6bXFAL8q4qqOh2llgWoCGmV4nmEB8h4ybNDi4oesm36R1MtrSdkxNsLMnC","English_Word_Ratings_2","w08","locust",7,"incriminate","incriminate","incriminate","VERB"
"GoSFbC6zIahLMncIpKDjoQ5dleIxSC8jVVFIn9Km4i5Y1NIhpLJUPrByLuQc21a6","English_Word_Ratings_2","w08","locust",1,"advocat","advocate","advocate","NOUN"
"GoSFbC6zIahLMncIpKDjoQ5dleIxSC8jVVFIn9Km4i5Y1NIhpLJUPrByLuQc21a6","English_Word_Ratings_2","w08","locust",2,"aid","aid","aid","NOUN"
"sBacIiuSQV6IuSUPRTFQmqG3UmmTN9xKph2xv2OOURpgUNOKXSQsxnE8Saex7WkV","English_Word_Ratings_2","w08","locust",1,"wave","wave","wave","NOUN"
"sBacIiuSQV6IuSUPRTFQmqG3UmmTN9xKph2xv2OOURpgUNOKXSQsxnE8Saex7WkV","English_Word_Ratings_2","w08","locust",2,"scoot","scoot","scoot","PART"
"sBacIiuSQV6IuSUPRTFQmqG3UmmTN9xKph2xv2OOURpgUNOKXSQsxnE8Saex7WkV","English_Word_Ratings_2","w08","locust",3,"come","come","come","VERB"
"sBacIiuSQV6IuSUPRTFQmqG3UmmTN9xKph2xv2OOURpgUNOKXSQsxnE8Saex7WkV","English_Word_Ratings_2","w08","locust",5,"bruise","bruise","bruise","NOUN"
"sBacIiuSQV6IuSUPRTFQmqG3UmmTN9xKph2xv2OOURpgUNOKXSQsxnE8Saex7WkV","English_Word_Ratings_2","w08","locust",6,"tire","tire","tire","NOUN"
"sBacIiuSQV6IuSUPRTFQmqG3UmmTN9xKph2xv2OOURpgUNOKXSQsxnE8Saex7WkV","English_Word_Ratings_2","w08","locust",7,"detach","detach","detach","NOUN"
"sBacIiuSQV6IuSUPRTFQmqG3UmmTN9xKph2xv2OOURpgUNOKXSQsxnE8Saex7WkV","English_Word_Ratings_2","w08","locust",8,"present","present","present","ADJ"
"sBacIiuSQV6IuSUPRTFQmqG3UmmTN9xKph2xv2OOURpgUNOKXSQsxnE8Saex7WkV","English_Word_Ratings_2","w08","locust",9,"round","round","round","ADV"
"kO56Jn0idpJWnDDMSRMIU9DECzlitjq3w7Z1s2KfSCMDE6YZiy9U0xnv6wljxLlh","English_Word_Ratings_2","w08","locust",1,"stimulate","stimulate","stimulate","NOUN"
"kO56Jn0idpJWnDDMSRMIU9DECzlitjq3w7Z1s2KfSCMDE6YZiy9U0xnv6wljxLlh","English_Word_Ratings_2","w08","locust",3,"low","low","low","ADJ"
"kO56Jn0idpJWnDDMSRMIU9DECzlitjq3w7Z1s2KfSCMDE6YZiy9U0xnv6wljxLlh","English_Word_Ratings_2","w08","locust",4,"memorabilia","memorabilia","memorabilia","NOUN"
"kO56Jn0idpJWnDDMSRMIU9DECzlitjq3w7Z1s2KfSCMDE6YZiy9U0xnv6wljxLlh","English_Word_Ratings_2","w08","locust",5,"germinate","germinate","germinate","VERB"
"kO56Jn0idpJWnDDMSRMIU9DECzlitjq3w7Z1s2KfSCMDE6YZiy9U0xnv6wljxLlh","English_Word_Ratings_2","w08","locust",6,"bedazzle","bedazzle","bedazzle","NOUN"
"kO56Jn0idpJWnDDMSRMIU9DECzlitjq3w7Z1s2KfSCMDE6YZiy9U0xnv6wljxLlh","English_Word_Ratings_2","w08","locust",7,"jog","jog","jog","NOUN"
"kO56Jn0idpJWnDDMSRMIU9DECzlitjq3w7Z1s2KfSCMDE6YZiy9U0xnv6wljxLlh","English_Word_Ratings_2","w08","locust",8,"indicate","indicate","indicate","VERB"
"kO56Jn0idpJWnDDMSRMIU9DECzlitjq3w7Z1s2KfSCMDE6YZiy9U0xnv6wljxLlh","English_Word_Ratings_2","w08","locust",9,"register","register","register","VERB"
"kO56Jn0idpJWnDDMSRMIU9DECzlitjq3w7Z1s2KfSCMDE6YZiy9U0xnv6wljxLlh","English_Word_Ratings_2","w08","locust",10,"st","st","st","ADJ"
"LSuU7j19LztOjJyzbaQVC813k4Xs1HHJRzjUOC3xGQR21Jg71xWUBLSqxxfwF8n3","English_Word_Ratings_2","w08","locust",1,"coach","coach","coach","NOUN"
"LSuU7j19LztOjJyzbaQVC813k4Xs1HHJRzjUOC3xGQR21Jg71xWUBLSqxxfwF8n3","English_Word_Ratings_2","w08","locust",2,"ride","ride","ride","NOUN"
"LSuU7j19LztOjJyzbaQVC813k4Xs1HHJRzjUOC3xGQR21Jg71xWUBLSqxxfwF8n3","English_Word_Ratings_2","w08","locust",3,"coin","coin","coin","NOUN"
"LSuU7j19LztOjJyzbaQVC813k4Xs1HHJRzjUOC3xGQR21Jg71xWUBLSqxxfwF8n3","English_Word_Ratings_2","w08","locust",5,"sex toy","sex toy","sex toy","NOUN NOUN"
"YReDSBupRsykKwPjPFxhEKJ9WrWhRKquBSvqA45zIjX2ea9uVVVtSygOIdC1LG2h","English_Word_Ratings_2","w08","locust",1,"cheap","cheap","cheap","ADJ"
"YReDSBupRsykKwPjPFxhEKJ9WrWhRKquBSvqA45zIjX2ea9uVVVtSygOIdC1LG2h","English_Word_Ratings_2","w08","locust",2,"hand","hand","hand","NOUN"
"YReDSBupRsykKwPjPFxhEKJ9WrWhRKquBSvqA45zIjX2ea9uVVVtSygOIdC1LG2h","English_Word_Ratings_2","w08","locust",3,"obtain","obtain","aobtain","VERB"
"YReDSBupRsykKwPjPFxhEKJ9WrWhRKquBSvqA45zIjX2ea9uVVVtSygOIdC1LG2h","English_Word_Ratings_2","w08","locust",4,"felte","fleet","fleet","NOUN"
"HgQcnYS7bLBLsGHsEWYXm89MfSMSM8NNKgbmYc1Ws5lXQCnjE1r1xFC1VARqczsu","English_Word_Ratings_2","w08","locust",1,"substrate","substrate","substrate","VERB"
"HgQcnYS7bLBLsGHsEWYXm89MfSMSM8NNKgbmYc1Ws5lXQCnjE1r1xFC1VARqczsu","English_Word_Ratings_2","w08","locust",2,"busk","busk","busk","NOUN"
"HgQcnYS7bLBLsGHsEWYXm89MfSMSM8NNKgbmYc1Ws5lXQCnjE1r1xFC1VARqczsu","English_Word_Ratings_2","w08","locust",3,"counterfeit","counterfeit","counterfeit","NOUN"
"DN6wJxt2qT1Np5PlWQiffYY3Uj2fhio8LP2BS98Ht1WUs0dFRBairReZaXoTmHEP","English_Word_Ratings_2","w08","locust",1,"endanger","endanger","endanger","NOUN"
"DN6wJxt2qT1Np5PlWQiffYY3Uj2fhio8LP2BS98Ht1WUs0dFRBairReZaXoTmHEP","English_Word_Ratings_2","w08","locust",2,"assault","assault","assault","NOUN"
"DN6wJxt2qT1Np5PlWQiffYY3Uj2fhio8LP2BS98Ht1WUs0dFRBairReZaXoTmHEP","English_Word_Ratings_2","w08","locust",3,"scrap","scrap","scrap","NOUN"
"o5DMFT7lEisuLPj9cmVBQLnIxZkz0iM23cfDJOL9HqvghxE6MFdH5AfsRQ9r0D2j","English_Word_Ratings_2","w08","locust",1,"shudder","shudder","shudder","NOUN"
"o5DMFT7lEisuLPj9cmVBQLnIxZkz0iM23cfDJOL9HqvghxE6MFdH5AfsRQ9r0D2j","English_Word_Ratings_2","w08","locust",2,"vape","vape","vape","NOUN"
"FibKe5OYiPqz2UUn75mURehUDCnnAmvduGjCpCkj9jFTXR7BfZxkaHsHG0ZZQtwF","English_Word_Ratings_2","w08","locust",3,"secure","secure","secure","VERB"
"FibKe5OYiPqz2UUn75mURehUDCnnAmvduGjCpCkj9jFTXR7BfZxkaHsHG0ZZQtwF","English_Word_Ratings_2","w08","locust",4,"engrave","engrave","engrave","VERB"
"FibKe5OYiPqz2UUn75mURehUDCnnAmvduGjCpCkj9jFTXR7BfZxkaHsHG0ZZQtwF","English_Word_Ratings_2","w08","locust",5,"boast","boast","boast","NOUN"
"FibKe5OYiPqz2UUn75mURehUDCnnAmvduGjCpCkj9jFTXR7BfZxkaHsHG0ZZQtwF","English_Word_Ratings_2","w08","locust",6,"scrutinize","scrutinize","scrutinize","NOUN"
"FibKe5OYiPqz2UUn75mURehUDCnnAmvduGjCpCkj9jFTXR7BfZxkaHsHG0ZZQtwF","English_Word_Ratings_2","w08","locust",7,"soup","soup","soup","NOUN"
"FibKe5OYiPqz2UUn75mURehUDCnnAmvduGjCpCkj9jFTXR7BfZxkaHsHG0ZZQtwF","English_Word_Ratings_2","w08","locust",8,"support","support","support","NOUN"
"FibKe5OYiPqz2UUn75mURehUDCnnAmvduGjCpCkj9jFTXR7BfZxkaHsHG0ZZQtwF","English_Word_Ratings_2","w08","locust",10,"appraise","appraise","appraise","NOUN"
"50X4V7q3Et1XAYfAEDSwioMfQS8YbRUtzDW2SFCVjvd0kNGpkiwqdWUnTkiNNE80","English_Word_Ratings_2","w08","locust",1,"entice","entice","entice","NOUN"
"50X4V7q3Et1XAYfAEDSwioMfQS8YbRUtzDW2SFCVjvd0kNGpkiwqdWUnTkiNNE80","English_Word_Ratings_2","w08","locust",2,"frolic","frolic","frolic","ADJ"
"50X4V7q3Et1XAYfAEDSwioMfQS8YbRUtzDW2SFCVjvd0kNGpkiwqdWUnTkiNNE80","English_Word_Ratings_2","w08","locust",3,"celebrate","celebrate","celebrate","NOUN"
"50X4V7q3Et1XAYfAEDSwioMfQS8YbRUtzDW2SFCVjvd0kNGpkiwqdWUnTkiNNE80","English_Word_Ratings_2","w08","locust",5,"solve","solve","solve","NOUN"
"WERLbHrisM97Sa8njspLxo48hq1D6V8RsVCSTTGotC7HiHvIiUCrNVOlUHbScfKy","English_Word_Ratings_2","w09","geyser",1,"withhold","withhold","withhold","INTJ"
"WERLbHrisM97Sa8njspLxo48hq1D6V8RsVCSTTGotC7HiHvIiUCrNVOlUHbScfKy","English_Word_Ratings_2","w09","geyser",2,"high-five","high-five","high - five","INTJ PUNCT NUM"
"lzZBcD4N5WdlEJp4FXc4WDU0QXXMUZa3saiMJqn8EsCLw7dkUMjuSISR0HfCREb4","English_Word_Ratings_2","w09","geyser",1,"supersize","supersize","supersize","VERB"
"lzZBcD4N5WdlEJp4FXc4WDU0QXXMUZa3saiMJqn8EsCLw7dkUMjuSISR0HfCREb4","English_Word_Ratings_2","w09","geyser",2,"discourage","discourage","discourage","NOUN"
"lzZBcD4N5WdlEJp4FXc4WDU0QXXMUZa3saiMJqn8EsCLw7dkUMjuSISR0HfCREb4","English_Word_Ratings_2","w09","geyser",3,"cheat","cheat","cheat","NOUN"
"lzZBcD4N5WdlEJp4FXc4WDU0QXXMUZa3saiMJqn8EsCLw7dkUMjuSISR0HfCREb4","English_Word_Ratings_2","w09","geyser",4,"repot","report","report","NOUN"
"lzZBcD4N5WdlEJp4FXc4WDU0QXXMUZa3saiMJqn8EsCLw7dkUMjuSISR0HfCREb4","English_Word_Ratings_2","w09","geyser",5,"sicken","sicken","sicken","ADJ"
"lzZBcD4N5WdlEJp4FXc4WDU0QXXMUZa3saiMJqn8EsCLw7dkUMjuSISR0HfCREb4","English_Word_Ratings_2","w09","geyser",6,"mate","mate","mate","VERB"
"OQxE9L7Mw12SKUcq9pZmmo3FxWc2uCuUHaraGy5sZW9vGR9PSug2a5hMNwjVlA5c","English_Word_Ratings_2","w09","geyser",1,"enjoy","enjoy","enjoy","VERB"
"OQxE9L7Mw12SKUcq9pZmmo3FxWc2uCuUHaraGy5sZW9vGR9PSug2a5hMNwjVlA5c","English_Word_Ratings_2","w09","geyser",2,"consider","consider","consider","VERB"
"OQxE9L7Mw12SKUcq9pZmmo3FxWc2uCuUHaraGy5sZW9vGR9PSug2a5hMNwjVlA5c","English_Word_Ratings_2","w09","geyser",3,"deplete","deplete","deplete","X"
"VsSi9vBmSPfWlt7NRbLMin20fVJgh5EyxhB0M3tiDqMhDEh6ip526THZdwm0Gup1","English_Word_Ratings_2","w09","geyser",1,"border","border","border","NOUN"
"VsSi9vBmSPfWlt7NRbLMin20fVJgh5EyxhB0M3tiDqMhDEh6ip526THZdwm0Gup1","English_Word_Ratings_2","w09","geyser",2,"extract","extract","extract","NOUN"
"1rQGGdmkluNiDXwCZmvMMjeDbNuEovZX9qG1U4NeMzFi5e2GsTSOsUHnaqrIz503","English_Word_Ratings_2","w09","geyser",1,"sgiht-read","sight-read","sight - read","INTJ PUNCT VERB"
"1rQGGdmkluNiDXwCZmvMMjeDbNuEovZX9qG1U4NeMzFi5e2GsTSOsUHnaqrIz503","English_Word_Ratings_2","w09","geyser",2,"shit","shit","shit","NOUN"
"1rQGGdmkluNiDXwCZmvMMjeDbNuEovZX9qG1U4NeMzFi5e2GsTSOsUHnaqrIz503","English_Word_Ratings_2","w09","geyser",4,"bankrupt","bankrupt","bankrupt","ADJ"
"1rQGGdmkluNiDXwCZmvMMjeDbNuEovZX9qG1U4NeMzFi5e2GsTSOsUHnaqrIz503","English_Word_Ratings_2","w09","geyser",5,"spar","spar","spar","NOUN"
"1rQGGdmkluNiDXwCZmvMMjeDbNuEovZX9qG1U4NeMzFi5e2GsTSOsUHnaqrIz503","English_Word_Ratings_2","w09","geyser",7,"gag","gag","gag","NOUN"
"g4JaB1MgPE1r4qjranCAuVoa3se9LFY4Hw7KnJj9jwqdBHzKOMXyzPkYnLVzXN3b","English_Word_Ratings_2","w09","geyser",1,"dislike","dislike","dislike","INTJ"
"g4JaB1MgPE1r4qjranCAuVoa3se9LFY4Hw7KnJj9jwqdBHzKOMXyzPkYnLVzXN3b","English_Word_Ratings_2","w09","geyser",2,"determine","determine","determine","VERB"
"g4JaB1MgPE1r4qjranCAuVoa3se9LFY4Hw7KnJj9jwqdBHzKOMXyzPkYnLVzXN3b","English_Word_Ratings_2","w09","geyser",3,"inflame","inflame","inflame","NOUN"
"g4JaB1MgPE1r4qjranCAuVoa3se9LFY4Hw7KnJj9jwqdBHzKOMXyzPkYnLVzXN3b","English_Word_Ratings_2","w09","geyser",4,"relax","relax","relax","NOUN"
"g4JaB1MgPE1r4qjranCAuVoa3se9LFY4Hw7KnJj9jwqdBHzKOMXyzPkYnLVzXN3b","English_Word_Ratings_2","w09","geyser",5,"regurgitate","regurgitate","regurgitate","VERB"
"g4JaB1MgPE1r4qjranCAuVoa3se9LFY4Hw7KnJj9jwqdBHzKOMXyzPkYnLVzXN3b","English_Word_Ratings_2","w09","geyser",7,"start engine","start engine","start engine","NOUN NOUN"
"g4JaB1MgPE1r4qjranCAuVoa3se9LFY4Hw7KnJj9jwqdBHzKOMXyzPkYnLVzXN3b","English_Word_Ratings_2","w09","geyser",8,"relish","relish","relish","INTJ"
"g4JaB1MgPE1r4qjranCAuVoa3se9LFY4Hw7KnJj9jwqdBHzKOMXyzPkYnLVzXN3b","English_Word_Ratings_2","w09","geyser",9,"deploy","deploy","deploy","INTJ"
"sxZt1pXLM7kUV1KxULkPh8B0LAjLRoiJMkJRsCZ73YaImMKyBOOpLKcmQuG6iNZP","English_Word_Ratings_2","w09","geyser",1,"smash","smash","smash","INTJ"
"sxZt1pXLM7kUV1KxULkPh8B0LAjLRoiJMkJRsCZ73YaImMKyBOOpLKcmQuG6iNZP","English_Word_Ratings_2","w09","geyser",2,"heckle","heckle","heckle","NOUN"
"sxZt1pXLM7kUV1KxULkPh8B0LAjLRoiJMkJRsCZ73YaImMKyBOOpLKcmQuG6iNZP","English_Word_Ratings_2","w09","geyser",3,"blindfold","blindfold","blindfold","INTJ"
"sxZt1pXLM7kUV1KxULkPh8B0LAjLRoiJMkJRsCZ73YaImMKyBOOpLKcmQuG6iNZP","English_Word_Ratings_2","w09","geyser",5,"front door","front door","for nt door","VERB PART NOUN"
"sxZt1pXLM7kUV1KxULkPh8B0LAjLRoiJMkJRsCZ73YaImMKyBOOpLKcmQuG6iNZP","English_Word_Ratings_2","w09","geyser",6,"head","head","head","NOUN"
"A8tz7HX3m2x4GAoKlJAZ1XfBrXKxo5dGxhoV1dKkNdDkugAvJvRJp9tFe33unNJk","English_Word_Ratings_2","w09","geyser",1,"skip","skip","skip","VERB"
"A8tz7HX3m2x4GAoKlJAZ1XfBrXKxo5dGxhoV1dKkNdDkugAvJvRJp9tFe33unNJk","English_Word_Ratings_2","w09","geyser",2,"nag","nag","nag","X"
"iiEF3G6d0Zwa6x3NPBYACZUcLOZpqLcroUzNwnZmTBRu5KQktL3KH9QJT3QpUY37","English_Word_Ratings_2","w09","geyser",1,"type","type","type","NOUN"
"iiEF3G6d0Zwa6x3NPBYACZUcLOZpqLcroUzNwnZmTBRu5KQktL3KH9QJT3QpUY37","English_Word_Ratings_2","w09","geyser",2,"jumpstart","jump start","jump start","VERB NOUN"
"iiEF3G6d0Zwa6x3NPBYACZUcLOZpqLcroUzNwnZmTBRu5KQktL3KH9QJT3QpUY37","English_Word_Ratings_2","w09","geyser",3,"feast","feast","feast","ADJ"
"yLAv948rJF5uUpOa1azj6ddWWLX7U3KcGrE4Zl3iQSXxsNsEg2B3M4KSURKG8jYP","English_Word_Ratings_2","w09","geyser",1,"hut","hut","hut","NOUN"
"yLAv948rJF5uUpOa1azj6ddWWLX7U3KcGrE4Zl3iQSXxsNsEg2B3M4KSURKG8jYP","English_Word_Ratings_2","w09","geyser",2,"deand","deans","deans","NOUN"
"yLAv948rJF5uUpOa1azj6ddWWLX7U3KcGrE4Zl3iQSXxsNsEg2B3M4KSURKG8jYP","English_Word_Ratings_2","w09","geyser",3,"relate","relate","relate","ADJ"
"yLAv948rJF5uUpOa1azj6ddWWLX7U3KcGrE4Zl3iQSXxsNsEg2B3M4KSURKG8jYP","English_Word_Ratings_2","w09","geyser",4,"grab","grab","grab","VERB"
"yLAv948rJF5uUpOa1azj6ddWWLX7U3KcGrE4Zl3iQSXxsNsEg2B3M4KSURKG8jYP","English_Word_Ratings_2","w09","geyser",5,"vacation","vacation","vacation","NOUN"
"v7tq2P9zqG6N3xAH4o8GvO1YBrnWjahz5rdJByCbpdgbhBPOwT65OuHZHKYl1uFR","English_Word_Ratings_2","w09","geyser",1,"coleslaw","coleslaw","coleslaw","NOUN"
"v7tq2P9zqG6N3xAH4o8GvO1YBrnWjahz5rdJByCbpdgbhBPOwT65OuHZHKYl1uFR","English_Word_Ratings_2","w09","geyser",2,"discard","discard","discard","NOUN"
"d6NyWdJP1bcvb4qi8hcmuNgepBmDczes1g8QpCTab6HT2HBFidygOyOYJg6MzUXt","English_Word_Ratings_2","w09","geyser",1,"haggle","haggle","haggle","NOUN"
"d6NyWdJP1bcvb4qi8hcmuNgepBmDczes1g8QpCTab6HT2HBFidygOyOYJg6MzUXt","English_Word_Ratings_2","w09","geyser",2,"cramp","cramp","cramp","NOUN"
"d6NyWdJP1bcvb4qi8hcmuNgepBmDczes1g8QpCTab6HT2HBFidygOyOYJg6MzUXt","English_Word_Ratings_2","w09","geyser",3,"keep away","keep away","keep away","VERB ADV"
"d6NyWdJP1bcvb4qi8hcmuNgepBmDczes1g8QpCTab6HT2HBFidygOyOYJg6MzUXt","English_Word_Ratings_2","w09","geyser",4,"art","art","art","NOUN"
"garnFORYQ61r3wCyh826JKL8aDnIglWYXHz7MSvIQBIC8H32nBUgalgql6gZBzlN","English_Word_Ratings_2","w09","geyser",2,"speech","speech","speech","NOUN"
"garnFORYQ61r3wCyh826JKL8aDnIglWYXHz7MSvIQBIC8H32nBUgalgql6gZBzlN","English_Word_Ratings_2","w09","geyser",3,"hand out","hand out","hand out","NOUN ADV"
"garnFORYQ61r3wCyh826JKL8aDnIglWYXHz7MSvIQBIC8H32nBUgalgql6gZBzlN","English_Word_Ratings_2","w09","geyser",4,"dadict","addict","addict","NOUN"
"garnFORYQ61r3wCyh826JKL8aDnIglWYXHz7MSvIQBIC8H32nBUgalgql6gZBzlN","English_Word_Ratings_2","w09","geyser",5,"shiver","shiver","shiver","NOUN"
"garnFORYQ61r3wCyh826JKL8aDnIglWYXHz7MSvIQBIC8H32nBUgalgql6gZBzlN","English_Word_Ratings_2","w09","geyser",7,"butter","butter","butter","NOUN"
"i7gzsiwaaH625g2xHgXMPfOfI6R9h8LKxyKgcR3DppkfqTpYxlpaGNFv4AOTf78v","English_Word_Ratings_2","w09","geyser",1,"set","set","set","VERB"
"i7gzsiwaaH625g2xHgXMPfOfI6R9h8LKxyKgcR3DppkfqTpYxlpaGNFv4AOTf78v","English_Word_Ratings_2","w09","geyser",2,"preform","preform","preform","X"
"wKTNXd6bXFAL8q4qqOh2llgWoCGmV4nmEB8h4ybNDi4oesm36R1MtrSdkxNsLMnC","English_Word_Ratings_2","w09","geyser",1,"pass down","pass down","pass down","VERB ADV"
"wKTNXd6bXFAL8q4qqOh2llgWoCGmV4nmEB8h4ybNDi4oesm36R1MtrSdkxNsLMnC","English_Word_Ratings_2","w09","geyser",2,"furnish","furnish","furnish","INTJ"
"wKTNXd6bXFAL8q4qqOh2llgWoCGmV4nmEB8h4ybNDi4oesm36R1MtrSdkxNsLMnC","English_Word_Ratings_2","w09","geyser",3,"sleep on","sleep on","sleep on","VERB ADP"
"wKTNXd6bXFAL8q4qqOh2llgWoCGmV4nmEB8h4ybNDi4oesm36R1MtrSdkxNsLMnC","English_Word_Ratings_2","w09","geyser",4,"aide","aide","aide","NOUN"
"wKTNXd6bXFAL8q4qqOh2llgWoCGmV4nmEB8h4ybNDi4oesm36R1MtrSdkxNsLMnC","English_Word_Ratings_2","w09","geyser",5,"scrathc","scratch","scratch","NOUN"
"GoSFbC6zIahLMncIpKDjoQ5dleIxSC8jVVFIn9Km4i5Y1NIhpLJUPrByLuQc21a6","English_Word_Ratings_2","w09","geyser",2,"query","query","query","NOUN"
"GoSFbC6zIahLMncIpKDjoQ5dleIxSC8jVVFIn9Km4i5Y1NIhpLJUPrByLuQc21a6","English_Word_Ratings_2","w09","geyser",3,"liv","lvi","lvi","INTJ"
"GoSFbC6zIahLMncIpKDjoQ5dleIxSC8jVVFIn9Km4i5Y1NIhpLJUPrByLuQc21a6","English_Word_Ratings_2","w09","geyser",5,"conversation","conversation","conversation","NOUN"
"GoSFbC6zIahLMncIpKDjoQ5dleIxSC8jVVFIn9Km4i5Y1NIhpLJUPrByLuQc21a6","English_Word_Ratings_2","w09","geyser",6,"bean bag","bean bag","bean bag","NOUN NOUN"
"GoSFbC6zIahLMncIpKDjoQ5dleIxSC8jVVFIn9Km4i5Y1NIhpLJUPrByLuQc21a6","English_Word_Ratings_2","w09","geyser",7,"enter","enter","enter","NOUN"
"sBacIiuSQV6IuSUPRTFQmqG3UmmTN9xKph2xv2OOURpgUNOKXSQsxnE8Saex7WkV","English_Word_Ratings_2","w09","geyser",1,"depreciate","depreciate","depreciate","NOUN"
"sBacIiuSQV6IuSUPRTFQmqG3UmmTN9xKph2xv2OOURpgUNOKXSQsxnE8Saex7WkV","English_Word_Ratings_2","w09","geyser",2,"fill in","fill in","fill in","VERB ADP"
"kO56Jn0idpJWnDDMSRMIU9DECzlitjq3w7Z1s2KfSCMDE6YZiy9U0xnv6wljxLlh","English_Word_Ratings_2","w09","geyser",1,"fork","fork","fork","NOUN"
"kO56Jn0idpJWnDDMSRMIU9DECzlitjq3w7Z1s2KfSCMDE6YZiy9U0xnv6wljxLlh","English_Word_Ratings_2","w09","geyser",2,"shot","shot","shot","NOUN"
"kO56Jn0idpJWnDDMSRMIU9DECzlitjq3w7Z1s2KfSCMDE6YZiy9U0xnv6wljxLlh","English_Word_Ratings_2","w09","geyser",3,"actualize","actualize","actualize","VERB"
"kO56Jn0idpJWnDDMSRMIU9DECzlitjq3w7Z1s2KfSCMDE6YZiy9U0xnv6wljxLlh","English_Word_Ratings_2","w09","geyser",4,"hair","hair","hair","NOUN"
"LSuU7j19LztOjJyzbaQVC813k4Xs1HHJRzjUOC3xGQR21Jg71xWUBLSqxxfwF8n3","English_Word_Ratings_2","w09","geyser",1,"imagination","imagination","imagination","NOUN"
"LSuU7j19LztOjJyzbaQVC813k4Xs1HHJRzjUOC3xGQR21Jg71xWUBLSqxxfwF8n3","English_Word_Ratings_2","w09","geyser",2,"individualize","individualize","individualize","NOUN"
"YReDSBupRsykKwPjPFxhEKJ9WrWhRKquBSvqA45zIjX2ea9uVVVtSygOIdC1LG2h","English_Word_Ratings_2","w09","geyser",1,"discharge","discharge","discharge","NOUN"
"YReDSBupRsykKwPjPFxhEKJ9WrWhRKquBSvqA45zIjX2ea9uVVVtSygOIdC1LG2h","English_Word_Ratings_2","w09","geyser",2,"visa","visa","visa","NOUN"
"YReDSBupRsykKwPjPFxhEKJ9WrWhRKquBSvqA45zIjX2ea9uVVVtSygOIdC1LG2h","English_Word_Ratings_2","w09","geyser",3,"investigate","investigate","investigate","VERB"
"YReDSBupRsykKwPjPFxhEKJ9WrWhRKquBSvqA45zIjX2ea9uVVVtSygOIdC1LG2h","English_Word_Ratings_2","w09","geyser",4,"conform","conform","conform","NOUN"
"YReDSBupRsykKwPjPFxhEKJ9WrWhRKquBSvqA45zIjX2ea9uVVVtSygOIdC1LG2h","English_Word_Ratings_2","w09","geyser",5,"headbutt","headbutt","headbutt","NOUN"
"YReDSBupRsykKwPjPFxhEKJ9WrWhRKquBSvqA45zIjX2ea9uVVVtSygOIdC1LG2h","English_Word_Ratings_2","w09","geyser",6,"wedge","wedge","wedge","NOUN"
"YReDSBupRsykKwPjPFxhEKJ9WrWhRKquBSvqA45zIjX2ea9uVVVtSygOIdC1LG2h","English_Word_Ratings_2","w09","geyser",7,"suction","suction","suction","NOUN"
"YReDSBupRsykKwPjPFxhEKJ9WrWhRKquBSvqA45zIjX2ea9uVVVtSygOIdC1LG2h","English_Word_Ratings_2","w09","geyser",9,"curtain","curtain","curtain","NOUN"
"HgQcnYS7bLBLsGHsEWYXm89MfSMSM8NNKgbmYc1Ws5lXQCnjE1r1xFC1VARqczsu","English_Word_Ratings_2","w09","geyser",1,"feedbcak","feedback","feedback","NOUN"
"HgQcnYS7bLBLsGHsEWYXm89MfSMSM8NNKgbmYc1Ws5lXQCnjE1r1xFC1VARqczsu","English_Word_Ratings_2","w09","geyser",3,"filt","flit","flight","NOUN"
"HgQcnYS7bLBLsGHsEWYXm89MfSMSM8NNKgbmYc1Ws5lXQCnjE1r1xFC1VARqczsu","English_Word_Ratings_2","w09","geyser",4,"commune","commune","commune","NOUN"
"HgQcnYS7bLBLsGHsEWYXm89MfSMSM8NNKgbmYc1Ws5lXQCnjE1r1xFC1VARqczsu","English_Word_Ratings_2","w09","geyser",6,"box","box","box","NOUN"
"HgQcnYS7bLBLsGHsEWYXm89MfSMSM8NNKgbmYc1Ws5lXQCnjE1r1xFC1VARqczsu","English_Word_Ratings_2","w09","geyser",7,"establish","establish","establish","NOUN"
"DN6wJxt2qT1Np5PlWQiffYY3Uj2fhio8LP2BS98Ht1WUs0dFRBairReZaXoTmHEP","English_Word_Ratings_2","w09","geyser",1,"rope","rope","rope","NOUN"
"DN6wJxt2qT1Np5PlWQiffYY3Uj2fhio8LP2BS98Ht1WUs0dFRBairReZaXoTmHEP","English_Word_Ratings_2","w09","geyser",2,"zoo","zoo","zoo","NOUN"
"DN6wJxt2qT1Np5PlWQiffYY3Uj2fhio8LP2BS98Ht1WUs0dFRBairReZaXoTmHEP","English_Word_Ratings_2","w09","geyser",3,"trap","trap","trap","NOUN"
"DN6wJxt2qT1Np5PlWQiffYY3Uj2fhio8LP2BS98Ht1WUs0dFRBairReZaXoTmHEP","English_Word_Ratings_2","w09","geyser",4,"irone","iron","iron","ADJ"
"o5DMFT7lEisuLPj9cmVBQLnIxZkz0iM23cfDJOL9HqvghxE6MFdH5AfsRQ9r0D2j","English_Word_Ratings_2","w09","geyser",1,"hem","hem","hey","X"
"o5DMFT7lEisuLPj9cmVBQLnIxZkz0iM23cfDJOL9HqvghxE6MFdH5AfsRQ9r0D2j","English_Word_Ratings_2","w09","geyser",2,"crave","crave","crave","VERB"
"o5DMFT7lEisuLPj9cmVBQLnIxZkz0iM23cfDJOL9HqvghxE6MFdH5AfsRQ9r0D2j","English_Word_Ratings_2","w09","geyser",3,"potty train","potty train","potty train","NOUN NOUN"
"o5DMFT7lEisuLPj9cmVBQLnIxZkz0iM23cfDJOL9HqvghxE6MFdH5AfsRQ9r0D2j","English_Word_Ratings_2","w09","geyser",4,"loss","loss","loss","NOUN"
"o5DMFT7lEisuLPj9cmVBQLnIxZkz0iM23cfDJOL9HqvghxE6MFdH5AfsRQ9r0D2j","English_Word_Ratings_2","w09","geyser",5,"brush","brush","brush","INTJ"
"FibKe5OYiPqz2UUn75mURehUDCnnAmvduGjCpCkj9jFTXR7BfZxkaHsHG0ZZQtwF","English_Word_Ratings_2","w09","geyser",1,"clank","clank","clank","NOUN"
"FibKe5OYiPqz2UUn75mURehUDCnnAmvduGjCpCkj9jFTXR7BfZxkaHsHG0ZZQtwF","English_Word_Ratings_2","w09","geyser",2,"impersonate death","impersonate death","impersonate death","ADJ NOUN"
"50X4V7q3Et1XAYfAEDSwioMfQS8YbRUtzDW2SFCVjvd0kNGpkiwqdWUnTkiNNE80","English_Word_Ratings_2","w09","geyser",1,"propaganda","propaganda","propaganday","NOUN"
"50X4V7q3Et1XAYfAEDSwioMfQS8YbRUtzDW2SFCVjvd0kNGpkiwqdWUnTkiNNE80","English_Word_Ratings_2","w09","geyser",2,"pass down","pass down","pass down","VERB ADV"
"50X4V7q3Et1XAYfAEDSwioMfQS8YbRUtzDW2SFCVjvd0kNGpkiwqdWUnTkiNNE80","English_Word_Ratings_2","w09","geyser",3,"dress","dress","dress","NOUN"
"50X4V7q3Et1XAYfAEDSwioMfQS8YbRUtzDW2SFCVjvd0kNGpkiwqdWUnTkiNNE80","English_Word_Ratings_2","w09","geyser",5,"boom","boom","boom","NOUN"
"WERLbHrisM97Sa8njspLxo48hq1D6V8RsVCSTTGotC7HiHvIiUCrNVOlUHbScfKy","English_Word_Ratings_2","w10","crawlspace",1,"diagram","diagram","diagram","NOUN"
"WERLbHrisM97Sa8njspLxo48hq1D6V8RsVCSTTGotC7HiHvIiUCrNVOlUHbScfKy","English_Word_Ratings_2","w10","crawlspace",2,"familiarize","familiarize","familiarize","NOUN"
"WERLbHrisM97Sa8njspLxo48hq1D6V8RsVCSTTGotC7HiHvIiUCrNVOlUHbScfKy","English_Word_Ratings_2","w10","crawlspace",3,"animate","animate","animate","NOUN"
"WERLbHrisM97Sa8njspLxo48hq1D6V8RsVCSTTGotC7HiHvIiUCrNVOlUHbScfKy","English_Word_Ratings_2","w10","crawlspace",4,"yacht","yacht","yacht","INTJ"
"lzZBcD4N5WdlEJp4FXc4WDU0QXXMUZa3saiMJqn8EsCLw7dkUMjuSISR0HfCREb4","English_Word_Ratings_2","w10","crawlspace",1,"imprint","imprint","imprint","ADJ"
"lzZBcD4N5WdlEJp4FXc4WDU0QXXMUZa3saiMJqn8EsCLw7dkUMjuSISR0HfCREb4","English_Word_Ratings_2","w10","crawlspace",3,"despise","despise","despise","NOUN"
"lzZBcD4N5WdlEJp4FXc4WDU0QXXMUZa3saiMJqn8EsCLw7dkUMjuSISR0HfCREb4","English_Word_Ratings_2","w10","crawlspace",4,"spill","spill","spill","NOUN"
"lzZBcD4N5WdlEJp4FXc4WDU0QXXMUZa3saiMJqn8EsCLw7dkUMjuSISR0HfCREb4","English_Word_Ratings_2","w10","crawlspace",5,"hayride","hayride","hayride","NOUN"
"lzZBcD4N5WdlEJp4FXc4WDU0QXXMUZa3saiMJqn8EsCLw7dkUMjuSISR0HfCREb4","English_Word_Ratings_2","w10","crawlspace",6,"bone","bone","bone","NOUN"
"lzZBcD4N5WdlEJp4FXc4WDU0QXXMUZa3saiMJqn8EsCLw7dkUMjuSISR0HfCREb4","English_Word_Ratings_2","w10","crawlspace",7,"kid","kid","kid","NOUN"
"OQxE9L7Mw12SKUcq9pZmmo3FxWc2uCuUHaraGy5sZW9vGR9PSug2a5hMNwjVlA5c","English_Word_Ratings_2","w10","crawlspace",1,"hti","hit","hit","VERB"
"OQxE9L7Mw12SKUcq9pZmmo3FxWc2uCuUHaraGy5sZW9vGR9PSug2a5hMNwjVlA5c","English_Word_Ratings_2","w10","crawlspace",3,"blare","blare","blare","NOUN"
"OQxE9L7Mw12SKUcq9pZmmo3FxWc2uCuUHaraGy5sZW9vGR9PSug2a5hMNwjVlA5c","English_Word_Ratings_2","w10","crawlspace",4,"decompress","decompress","decompress","NOUN"
"OQxE9L7Mw12SKUcq9pZmmo3FxWc2uCuUHaraGy5sZW9vGR9PSug2a5hMNwjVlA5c","English_Word_Ratings_2","w10","crawlspace",5,"smack","smack","smack","ADV"
"OQxE9L7Mw12SKUcq9pZmmo3FxWc2uCuUHaraGy5sZW9vGR9PSug2a5hMNwjVlA5c","English_Word_Ratings_2","w10","crawlspace",6,"hook up","hook up","hook up","VERB ADP"
"OQxE9L7Mw12SKUcq9pZmmo3FxWc2uCuUHaraGy5sZW9vGR9PSug2a5hMNwjVlA5c","English_Word_Ratings_2","w10","crawlspace",7,"deshell","shell","shell","NOUN"
"VsSi9vBmSPfWlt7NRbLMin20fVJgh5EyxhB0M3tiDqMhDEh6ip526THZdwm0Gup1","English_Word_Ratings_2","w10","crawlspace",1,"separate","separate","separate","ADJ"
"VsSi9vBmSPfWlt7NRbLMin20fVJgh5EyxhB0M3tiDqMhDEh6ip526THZdwm0Gup1","English_Word_Ratings_2","w10","crawlspace",2,"seaweed","seaweed","seaweed","VERB"
"VsSi9vBmSPfWlt7NRbLMin20fVJgh5EyxhB0M3tiDqMhDEh6ip526THZdwm0Gup1","English_Word_Ratings_2","w10","crawlspace",3,"gender reveal","gender reveal","gender reveal","NOUN NOUN"
"VsSi9vBmSPfWlt7NRbLMin20fVJgh5EyxhB0M3tiDqMhDEh6ip526THZdwm0Gup1","English_Word_Ratings_2","w10","crawlspace",4,"sugar","sugar","sugar","NOUN"
"VsSi9vBmSPfWlt7NRbLMin20fVJgh5EyxhB0M3tiDqMhDEh6ip526THZdwm0Gup1","English_Word_Ratings_2","w10","crawlspace",5,"diversify","diversify","diversify","INTJ"
"VsSi9vBmSPfWlt7NRbLMin20fVJgh5EyxhB0M3tiDqMhDEh6ip526THZdwm0Gup1","English_Word_Ratings_2","w10","crawlspace",6,"fasten","fasten","fasten","ADV"
"1rQGGdmkluNiDXwCZmvMMjeDbNuEovZX9qG1U4NeMzFi5e2GsTSOsUHnaqrIz503","English_Word_Ratings_2","w10","crawlspace",1,"pot","pot","pot","NOUN"
"1rQGGdmkluNiDXwCZmvMMjeDbNuEovZX9qG1U4NeMzFi5e2GsTSOsUHnaqrIz503","English_Word_Ratings_2","w10","crawlspace",3,"jump start","jump start","jump start","VERB NOUN"
"1rQGGdmkluNiDXwCZmvMMjeDbNuEovZX9qG1U4NeMzFi5e2GsTSOsUHnaqrIz503","English_Word_Ratings_2","w10","crawlspace",4,"uncover","uncover","uncover","NOUN"
"1rQGGdmkluNiDXwCZmvMMjeDbNuEovZX9qG1U4NeMzFi5e2GsTSOsUHnaqrIz503","English_Word_Ratings_2","w10","crawlspace",5,"deisgn","design","design","NOUN"
"1rQGGdmkluNiDXwCZmvMMjeDbNuEovZX9qG1U4NeMzFi5e2GsTSOsUHnaqrIz503","English_Word_Ratings_2","w10","crawlspace",6,"mpression","impression","impression","NOUN"
"1rQGGdmkluNiDXwCZmvMMjeDbNuEovZX9qG1U4NeMzFi5e2GsTSOsUHnaqrIz503","English_Word_Ratings_2","w10","crawlspace",7,"improvise","improvise","improvise","VERB"
"1rQGGdmkluNiDXwCZmvMMjeDbNuEovZX9qG1U4NeMzFi5e2GsTSOsUHnaqrIz503","English_Word_Ratings_2","w10","crawlspace",8,"specify","specify","specify","VERB"
"1rQGGdmkluNiDXwCZmvMMjeDbNuEovZX9qG1U4NeMzFi5e2GsTSOsUHnaqrIz503","English_Word_Ratings_2","w10","crawlspace",9,"collaborate","collaborate","collaborate","NOUN"
"1rQGGdmkluNiDXwCZmvMMjeDbNuEovZX9qG1U4NeMzFi5e2GsTSOsUHnaqrIz503","English_Word_Ratings_2","w10","crawlspace",10,"antibiotic","antibiotic","antibiotic","ADJ"
"g4JaB1MgPE1r4qjranCAuVoa3se9LFY4Hw7KnJj9jwqdBHzKOMXyzPkYnLVzXN3b","English_Word_Ratings_2","w10","crawlspace",1,"jingle","jingle","jingle","NOUN"
"g4JaB1MgPE1r4qjranCAuVoa3se9LFY4Hw7KnJj9jwqdBHzKOMXyzPkYnLVzXN3b","English_Word_Ratings_2","w10","crawlspace",2,"information","information","information","NOUN"
"g4JaB1MgPE1r4qjranCAuVoa3se9LFY4Hw7KnJj9jwqdBHzKOMXyzPkYnLVzXN3b","English_Word_Ratings_2","w10","crawlspace",4,"pain relief","pain relief","pain relief","NOUN NOUN"
"g4JaB1MgPE1r4qjranCAuVoa3se9LFY4Hw7KnJj9jwqdBHzKOMXyzPkYnLVzXN3b","English_Word_Ratings_2","w10","crawlspace",5,"liquid","liquid","liquid","AUX"
"g4JaB1MgPE1r4qjranCAuVoa3se9LFY4Hw7KnJj9jwqdBHzKOMXyzPkYnLVzXN3b","English_Word_Ratings_2","w10","crawlspace",6,"ladle","ladle","ladle","NOUN"
"g4JaB1MgPE1r4qjranCAuVoa3se9LFY4Hw7KnJj9jwqdBHzKOMXyzPkYnLVzXN3b","English_Word_Ratings_2","w10","crawlspace",7,"wtach","watch","watch","VERB"
"g4JaB1MgPE1r4qjranCAuVoa3se9LFY4Hw7KnJj9jwqdBHzKOMXyzPkYnLVzXN3b","English_Word_Ratings_2","w10","crawlspace",8,"applause","applause","applause","NOUN"
"g4JaB1MgPE1r4qjranCAuVoa3se9LFY4Hw7KnJj9jwqdBHzKOMXyzPkYnLVzXN3b","English_Word_Ratings_2","w10","crawlspace",9,"turn up","turn up","turn up","VERB ADP"
"sxZt1pXLM7kUV1KxULkPh8B0LAjLRoiJMkJRsCZ73YaImMKyBOOpLKcmQuG6iNZP","English_Word_Ratings_2","w10","crawlspace",1,"disgust","disgust","disgust","ADJ"
"sxZt1pXLM7kUV1KxULkPh8B0LAjLRoiJMkJRsCZ73YaImMKyBOOpLKcmQuG6iNZP","English_Word_Ratings_2","w10","crawlspace",2,"perspective","perspective","perspective","NOUN"
"A8tz7HX3m2x4GAoKlJAZ1XfBrXKxo5dGxhoV1dKkNdDkugAvJvRJp9tFe33unNJk","English_Word_Ratings_2","w10","crawlspace",1,"drive","drive","drive","VERB"
"A8tz7HX3m2x4GAoKlJAZ1XfBrXKxo5dGxhoV1dKkNdDkugAvJvRJp9tFe33unNJk","English_Word_Ratings_2","w10","crawlspace",3,"submerge","submerge","submerge","NOUN"
"A8tz7HX3m2x4GAoKlJAZ1XfBrXKxo5dGxhoV1dKkNdDkugAvJvRJp9tFe33unNJk","English_Word_Ratings_2","w10","crawlspace",4,"date","date","date","NOUN"
"A8tz7HX3m2x4GAoKlJAZ1XfBrXKxo5dGxhoV1dKkNdDkugAvJvRJp9tFe33unNJk","English_Word_Ratings_2","w10","crawlspace",5,"floode","flood","flood","NOUN"
"iiEF3G6d0Zwa6x3NPBYACZUcLOZpqLcroUzNwnZmTBRu5KQktL3KH9QJT3QpUY37","English_Word_Ratings_2","w10","crawlspace",1,"domesticate","domesticate","domesticate","NOUN"
"iiEF3G6d0Zwa6x3NPBYACZUcLOZpqLcroUzNwnZmTBRu5KQktL3KH9QJT3QpUY37","English_Word_Ratings_2","w10","crawlspace",2,"drop off","drop off","drop off","VERB ADP"
"iiEF3G6d0Zwa6x3NPBYACZUcLOZpqLcroUzNwnZmTBRu5KQktL3KH9QJT3QpUY37","English_Word_Ratings_2","w10","crawlspace",3,"politicize","politicize","politicize","NOUN"
"iiEF3G6d0Zwa6x3NPBYACZUcLOZpqLcroUzNwnZmTBRu5KQktL3KH9QJT3QpUY37","English_Word_Ratings_2","w10","crawlspace",4,"abuse","abuse","abuse","NOUN"
"iiEF3G6d0Zwa6x3NPBYACZUcLOZpqLcroUzNwnZmTBRu5KQktL3KH9QJT3QpUY37","English_Word_Ratings_2","w10","crawlspace",5,"deactivate","deactivate","deactivate","NOUN"
"yLAv948rJF5uUpOa1azj6ddWWLX7U3KcGrE4Zl3iQSXxsNsEg2B3M4KSURKG8jYP","English_Word_Ratings_2","w10","crawlspace",1,"dissapoint","disappoint","disappoint","NOUN"
"yLAv948rJF5uUpOa1azj6ddWWLX7U3KcGrE4Zl3iQSXxsNsEg2B3M4KSURKG8jYP","English_Word_Ratings_2","w10","crawlspace",2,"clap","clap","clap","NOUN"
"v7tq2P9zqG6N3xAH4o8GvO1YBrnWjahz5rdJByCbpdgbhBPOwT65OuHZHKYl1uFR","English_Word_Ratings_2","w10","crawlspace",1,"usurp","usurp","usurp","X"
"v7tq2P9zqG6N3xAH4o8GvO1YBrnWjahz5rdJByCbpdgbhBPOwT65OuHZHKYl1uFR","English_Word_Ratings_2","w10","crawlspace",2,"paire","pair","pair","NOUN"
"d6NyWdJP1bcvb4qi8hcmuNgepBmDczes1g8QpCTab6HT2HBFidygOyOYJg6MzUXt","English_Word_Ratings_2","w10","crawlspace",2,"fiddle","fiddle","fiddle","NOUN"
"d6NyWdJP1bcvb4qi8hcmuNgepBmDczes1g8QpCTab6HT2HBFidygOyOYJg6MzUXt","English_Word_Ratings_2","w10","crawlspace",3,"wriggle","wriggle","wriggle","NOUN"
"d6NyWdJP1bcvb4qi8hcmuNgepBmDczes1g8QpCTab6HT2HBFidygOyOYJg6MzUXt","English_Word_Ratings_2","w10","crawlspace",4,"reinvigorate","reinvigorate","reinvigorate","VERB"
"d6NyWdJP1bcvb4qi8hcmuNgepBmDczes1g8QpCTab6HT2HBFidygOyOYJg6MzUXt","English_Word_Ratings_2","w10","crawlspace",5,"mate","mate","mate","VERB"
"garnFORYQ61r3wCyh826JKL8aDnIglWYXHz7MSvIQBIC8H32nBUgalgql6gZBzlN","English_Word_Ratings_2","w10","crawlspace",1,"folk","folk","folk","VERB"
"garnFORYQ61r3wCyh826JKL8aDnIglWYXHz7MSvIQBIC8H32nBUgalgql6gZBzlN","English_Word_Ratings_2","w10","crawlspace",4,"publish","publish","publish","VERB"
"i7gzsiwaaH625g2xHgXMPfOfI6R9h8LKxyKgcR3DppkfqTpYxlpaGNFv4AOTf78v","English_Word_Ratings_2","w10","crawlspace",1,"park car","park car","park car","NOUN NOUN"
"i7gzsiwaaH625g2xHgXMPfOfI6R9h8LKxyKgcR3DppkfqTpYxlpaGNFv4AOTf78v","English_Word_Ratings_2","w10","crawlspace",2,"detest","detest","detest","ADJ"
"wKTNXd6bXFAL8q4qqOh2llgWoCGmV4nmEB8h4ybNDi4oesm36R1MtrSdkxNsLMnC","English_Word_Ratings_2","w10","crawlspace",2,"arson","arson","arson","NOUN"
"wKTNXd6bXFAL8q4qqOh2llgWoCGmV4nmEB8h4ybNDi4oesm36R1MtrSdkxNsLMnC","English_Word_Ratings_2","w10","crawlspace",3,"walking stick","walking stick","walk stick","VERB NOUN"
"wKTNXd6bXFAL8q4qqOh2llgWoCGmV4nmEB8h4ybNDi4oesm36R1MtrSdkxNsLMnC","English_Word_Ratings_2","w10","crawlspace",4,"breach","breach","breach","NOUN"
"wKTNXd6bXFAL8q4qqOh2llgWoCGmV4nmEB8h4ybNDi4oesm36R1MtrSdkxNsLMnC","English_Word_Ratings_2","w10","crawlspace",5,"furrow","furrow","furrow","NOUN"
"wKTNXd6bXFAL8q4qqOh2llgWoCGmV4nmEB8h4ybNDi4oesm36R1MtrSdkxNsLMnC","English_Word_Ratings_2","w10","crawlspace",6,"utilize","utilize","utilize","NOUN"
"wKTNXd6bXFAL8q4qqOh2llgWoCGmV4nmEB8h4ybNDi4oesm36R1MtrSdkxNsLMnC","English_Word_Ratings_2","w10","crawlspace",7,"devote","devote","devote","NOUN"
"wKTNXd6bXFAL8q4qqOh2llgWoCGmV4nmEB8h4ybNDi4oesm36R1MtrSdkxNsLMnC","English_Word_Ratings_2","w10","crawlspace",8,"finger","finger","finger","NOUN"
"wKTNXd6bXFAL8q4qqOh2llgWoCGmV4nmEB8h4ybNDi4oesm36R1MtrSdkxNsLMnC","English_Word_Ratings_2","w10","crawlspace",9,"strand","strand","strand","NOUN"
"wKTNXd6bXFAL8q4qqOh2llgWoCGmV4nmEB8h4ybNDi4oesm36R1MtrSdkxNsLMnC","English_Word_Ratings_2","w10","crawlspace",10,"cost","cost","cost","NOUN"
"GoSFbC6zIahLMncIpKDjoQ5dleIxSC8jVVFIn9Km4i5Y1NIhpLJUPrByLuQc21a6","English_Word_Ratings_2","w10","crawlspace",1,"weed out","weed out","we out","VERB ADV"
"GoSFbC6zIahLMncIpKDjoQ5dleIxSC8jVVFIn9Km4i5Y1NIhpLJUPrByLuQc21a6","English_Word_Ratings_2","w10","crawlspace",2,"photography","photography","photography","NOUN"
"GoSFbC6zIahLMncIpKDjoQ5dleIxSC8jVVFIn9Km4i5Y1NIhpLJUPrByLuQc21a6","English_Word_Ratings_2","w10","crawlspace",3,"acknowledge","acknowledge","acknowledge","NOUN"
"GoSFbC6zIahLMncIpKDjoQ5dleIxSC8jVVFIn9Km4i5Y1NIhpLJUPrByLuQc21a6","English_Word_Ratings_2","w10","crawlspace",4,"discipline","discipline","discipline","NOUN"
"GoSFbC6zIahLMncIpKDjoQ5dleIxSC8jVVFIn9Km4i5Y1NIhpLJUPrByLuQc21a6","English_Word_Ratings_2","w10","crawlspace",5,"thrive","thrive","thrive","ADJ"
"GoSFbC6zIahLMncIpKDjoQ5dleIxSC8jVVFIn9Km4i5Y1NIhpLJUPrByLuQc21a6","English_Word_Ratings_2","w10","crawlspace",6,"stood","stood","stood","NOUN"
"GoSFbC6zIahLMncIpKDjoQ5dleIxSC8jVVFIn9Km4i5Y1NIhpLJUPrByLuQc21a6","English_Word_Ratings_2","w10","crawlspace",8,"confusion","confusion","confusion","NOUN"
"GoSFbC6zIahLMncIpKDjoQ5dleIxSC8jVVFIn9Km4i5Y1NIhpLJUPrByLuQc21a6","English_Word_Ratings_2","w10","crawlspace",9,"tailgate","tailgate","tailgate","NOUN"
"GoSFbC6zIahLMncIpKDjoQ5dleIxSC8jVVFIn9Km4i5Y1NIhpLJUPrByLuQc21a6","English_Word_Ratings_2","w10","crawlspace",10,"span","span","span","ADJ"
"sBacIiuSQV6IuSUPRTFQmqG3UmmTN9xKph2xv2OOURpgUNOKXSQsxnE8Saex7WkV","English_Word_Ratings_2","w10","crawlspace",1,"nostalgia","nostalgia","nostalgia","INTJ"
"sBacIiuSQV6IuSUPRTFQmqG3UmmTN9xKph2xv2OOURpgUNOKXSQsxnE8Saex7WkV","English_Word_Ratings_2","w10","crawlspace",2,"safe","safe","safe","ADJ"
"sBacIiuSQV6IuSUPRTFQmqG3UmmTN9xKph2xv2OOURpgUNOKXSQsxnE8Saex7WkV","English_Word_Ratings_2","w10","crawlspace",3,"check up","check up","check up","VERB ADP"
"sBacIiuSQV6IuSUPRTFQmqG3UmmTN9xKph2xv2OOURpgUNOKXSQsxnE8Saex7WkV","English_Word_Ratings_2","w10","crawlspace",4,"spritz","spritz","spritz","NOUN"
"sBacIiuSQV6IuSUPRTFQmqG3UmmTN9xKph2xv2OOURpgUNOKXSQsxnE8Saex7WkV","English_Word_Ratings_2","w10","crawlspace",5,"steal from","steal from","steal from","ADJ ADP"
"sBacIiuSQV6IuSUPRTFQmqG3UmmTN9xKph2xv2OOURpgUNOKXSQsxnE8Saex7WkV","English_Word_Ratings_2","w10","crawlspace",6,"coleslaw","coleslaw","coleslaw","NOUN"
"kO56Jn0idpJWnDDMSRMIU9DECzlitjq3w7Z1s2KfSCMDE6YZiy9U0xnv6wljxLlh","English_Word_Ratings_2","w10","crawlspace",1,"check","check","check","VERB"
"kO56Jn0idpJWnDDMSRMIU9DECzlitjq3w7Z1s2KfSCMDE6YZiy9U0xnv6wljxLlh","English_Word_Ratings_2","w10","crawlspace",2,"chapstick","chopstick","chopstick","NOUN"
"LSuU7j19LztOjJyzbaQVC813k4Xs1HHJRzjUOC3xGQR21Jg71xWUBLSqxxfwF8n3","English_Word_Ratings_2","w10","crawlspace",1,"archaeology","archaeology","archaeology","NOUN"
"LSuU7j19LztOjJyzbaQVC813k4Xs1HHJRzjUOC3xGQR21Jg71xWUBLSqxxfwF8n3","English_Word_Ratings_2","w10","crawlspace",2,"chair","chair","chair","NOUN"
"LSuU7j19LztOjJyzbaQVC813k4Xs1HHJRzjUOC3xGQR21Jg71xWUBLSqxxfwF8n3","English_Word_Ratings_2","w10","crawlspace",3,"pregnant","pregnant","pregnant","ADJ"
"LSuU7j19LztOjJyzbaQVC813k4Xs1HHJRzjUOC3xGQR21Jg71xWUBLSqxxfwF8n3","English_Word_Ratings_2","w10","crawlspace",4,"ruin","ruin","ruin","VERB"
"YReDSBupRsykKwPjPFxhEKJ9WrWhRKquBSvqA45zIjX2ea9uVVVtSygOIdC1LG2h","English_Word_Ratings_2","w10","crawlspace",1,"promotion","promotion","promotion","NOUN"
"YReDSBupRsykKwPjPFxhEKJ9WrWhRKquBSvqA45zIjX2ea9uVVVtSygOIdC1LG2h","English_Word_Ratings_2","w10","crawlspace",2,"lace","lace","lace","NOUN"
"HgQcnYS7bLBLsGHsEWYXm89MfSMSM8NNKgbmYc1Ws5lXQCnjE1r1xFC1VARqczsu","English_Word_Ratings_2","w10","crawlspace",2,"become","become","become","VERB"
"HgQcnYS7bLBLsGHsEWYXm89MfSMSM8NNKgbmYc1Ws5lXQCnjE1r1xFC1VARqczsu","English_Word_Ratings_2","w10","crawlspace",3,"capture","capture","capture","VERB"
"HgQcnYS7bLBLsGHsEWYXm89MfSMSM8NNKgbmYc1Ws5lXQCnjE1r1xFC1VARqczsu","English_Word_Ratings_2","w10","crawlspace",4,"remove","remove","remove","VERB"
"HgQcnYS7bLBLsGHsEWYXm89MfSMSM8NNKgbmYc1Ws5lXQCnjE1r1xFC1VARqczsu","English_Word_Ratings_2","w10","crawlspace",6,"adopt","adopt","adopt","NOUN"
"HgQcnYS7bLBLsGHsEWYXm89MfSMSM8NNKgbmYc1Ws5lXQCnjE1r1xFC1VARqczsu","English_Word_Ratings_2","w10","crawlspace",7,"adhere","adhere","adhere","NOUN"
"DN6wJxt2qT1Np5PlWQiffYY3Uj2fhio8LP2BS98Ht1WUs0dFRBairReZaXoTmHEP","English_Word_Ratings_2","w10","crawlspace",1,"wriggle","wriggle","wriggle","NOUN"
"DN6wJxt2qT1Np5PlWQiffYY3Uj2fhio8LP2BS98Ht1WUs0dFRBairReZaXoTmHEP","English_Word_Ratings_2","w10","crawlspace",2,"luck","luck","luck","NOUN"
"DN6wJxt2qT1Np5PlWQiffYY3Uj2fhio8LP2BS98Ht1WUs0dFRBairReZaXoTmHEP","English_Word_Ratings_2","w10","crawlspace",4,"optimize","optimize","optimize","NOUN"
"DN6wJxt2qT1Np5PlWQiffYY3Uj2fhio8LP2BS98Ht1WUs0dFRBairReZaXoTmHEP","English_Word_Ratings_2","w10","crawlspace",5,"burst","burst","burst","NOUN"
"DN6wJxt2qT1Np5PlWQiffYY3Uj2fhio8LP2BS98Ht1WUs0dFRBairReZaXoTmHEP","English_Word_Ratings_2","w10","crawlspace",6,"stubb","stub","stub","NOUN"
"DN6wJxt2qT1Np5PlWQiffYY3Uj2fhio8LP2BS98Ht1WUs0dFRBairReZaXoTmHEP","English_Word_Ratings_2","w10","crawlspace",7,"garbage","garbage","garbage","NOUN"
"DN6wJxt2qT1Np5PlWQiffYY3Uj2fhio8LP2BS98Ht1WUs0dFRBairReZaXoTmHEP","English_Word_Ratings_2","w10","crawlspace",8,"flower pot","flower pot","flower pot","NOUN NOUN"
"DN6wJxt2qT1Np5PlWQiffYY3Uj2fhio8LP2BS98Ht1WUs0dFRBairReZaXoTmHEP","English_Word_Ratings_2","w10","crawlspace",9,"haul","haul","haul","X"
"o5DMFT7lEisuLPj9cmVBQLnIxZkz0iM23cfDJOL9HqvghxE6MFdH5AfsRQ9r0D2j","English_Word_Ratings_2","w10","crawlspace",1,"assassinate","assassinate","assassinate","VERB"
"o5DMFT7lEisuLPj9cmVBQLnIxZkz0iM23cfDJOL9HqvghxE6MFdH5AfsRQ9r0D2j","English_Word_Ratings_2","w10","crawlspace",2,"cost","cost","cost","NOUN"
"o5DMFT7lEisuLPj9cmVBQLnIxZkz0iM23cfDJOL9HqvghxE6MFdH5AfsRQ9r0D2j","English_Word_Ratings_2","w10","crawlspace",3,"close","close","close","ADJ"
"FibKe5OYiPqz2UUn75mURehUDCnnAmvduGjCpCkj9jFTXR7BfZxkaHsHG0ZZQtwF","English_Word_Ratings_2","w10","crawlspace",1,"dismantle","dismantle","dismantle","NOUN"
"FibKe5OYiPqz2UUn75mURehUDCnnAmvduGjCpCkj9jFTXR7BfZxkaHsHG0ZZQtwF","English_Word_Ratings_2","w10","crawlspace",2,"realx","relax","relax","NOUN"
"50X4V7q3Et1XAYfAEDSwioMfQS8YbRUtzDW2SFCVjvd0kNGpkiwqdWUnTkiNNE80","English_Word_Ratings_2","w10","crawlspace",1,"trek","trek","trek","NOUN"
"50X4V7q3Et1XAYfAEDSwioMfQS8YbRUtzDW2SFCVjvd0kNGpkiwqdWUnTkiNNE80","English_Word_Ratings_2","w10","crawlspace",2,"value","value","value","NOUN"
"50X4V7q3Et1XAYfAEDSwioMfQS8YbRUtzDW2SFCVjvd0kNGpkiwqdWUnTkiNNE80","English_Word_Ratings_2","w10","crawlspace",3,"garden","garden","garden","NOUN"
"WERLbHrisM97Sa8njspLxo48hq1D6V8RsVCSTTGotC7HiHvIiUCrNVOlUHbScfKy","English_Word_Ratings_3","w01","noodles",1,"socialize","socialize","socialize","NOUN"
"WERLbHrisM97Sa8njspLxo48hq1D6V8RsVCSTTGotC7HiHvIiUCrNVOlUHbScfKy","English_Word_Ratings_3","w01","noodles",4,"transcribe","transcribe","transcribe","VERB"
"lzZBcD4N5WdlEJp4FXc4WDU0QXXMUZa3saiMJqn8EsCLw7dkUMjuSISR0HfCREb4","English_Word_Ratings_3","w01","noodles",1,"mend","mend","mmend","NOUN"
"lzZBcD4N5WdlEJp4FXc4WDU0QXXMUZa3saiMJqn8EsCLw7dkUMjuSISR0HfCREb4","English_Word_Ratings_3","w01","noodles",2,"jaywalk","jaywalk","jaywalk","NOUN"
"OQxE9L7Mw12SKUcq9pZmmo3FxWc2uCuUHaraGy5sZW9vGR9PSug2a5hMNwjVlA5c","English_Word_Ratings_3","w01","noodles",1,"rob","rob","robenefit","NOUN"
"OQxE9L7Mw12SKUcq9pZmmo3FxWc2uCuUHaraGy5sZW9vGR9PSug2a5hMNwjVlA5c","English_Word_Ratings_3","w01","noodles",2,"fort","fort","fort","NOUN"
"OQxE9L7Mw12SKUcq9pZmmo3FxWc2uCuUHaraGy5sZW9vGR9PSug2a5hMNwjVlA5c","English_Word_Ratings_3","w01","noodles",3,"ice pack","ice pack","ice pack","NOUN NOUN"
"OQxE9L7Mw12SKUcq9pZmmo3FxWc2uCuUHaraGy5sZW9vGR9PSug2a5hMNwjVlA5c","English_Word_Ratings_3","w01","noodles",4,"taunt","taunt","taunt","NOUN"
"OQxE9L7Mw12SKUcq9pZmmo3FxWc2uCuUHaraGy5sZW9vGR9PSug2a5hMNwjVlA5c","English_Word_Ratings_3","w01","noodles",6,"hook","hook","hook","INTJ"
"OQxE9L7Mw12SKUcq9pZmmo3FxWc2uCuUHaraGy5sZW9vGR9PSug2a5hMNwjVlA5c","English_Word_Ratings_3","w01","noodles",8,"renew","renew","renew","INTJ"
"VsSi9vBmSPfWlt7NRbLMin20fVJgh5EyxhB0M3tiDqMhDEh6ip526THZdwm0Gup1","English_Word_Ratings_3","w01","noodles",1,"gate","gate","gate","NOUN"
"VsSi9vBmSPfWlt7NRbLMin20fVJgh5EyxhB0M3tiDqMhDEh6ip526THZdwm0Gup1","English_Word_Ratings_3","w01","noodles",2,"aroma","aroma","aroma","NOUN"
"VsSi9vBmSPfWlt7NRbLMin20fVJgh5EyxhB0M3tiDqMhDEh6ip526THZdwm0Gup1","English_Word_Ratings_3","w01","noodles",3,"forehead","forehead","forehead","VERB"
"VsSi9vBmSPfWlt7NRbLMin20fVJgh5EyxhB0M3tiDqMhDEh6ip526THZdwm0Gup1","English_Word_Ratings_3","w01","noodles",4,"labor","labor","labor","NOUN"
"1rQGGdmkluNiDXwCZmvMMjeDbNuEovZX9qG1U4NeMzFi5e2GsTSOsUHnaqrIz503","English_Word_Ratings_3","w01","noodles",1,"sing","sing","se","VERB"
"1rQGGdmkluNiDXwCZmvMMjeDbNuEovZX9qG1U4NeMzFi5e2GsTSOsUHnaqrIz503","English_Word_Ratings_3","w01","noodles",2,"brunch","brunch","brunch","NOUN"
"1rQGGdmkluNiDXwCZmvMMjeDbNuEovZX9qG1U4NeMzFi5e2GsTSOsUHnaqrIz503","English_Word_Ratings_3","w01","noodles",3,"tether","tether","tether","NOUN"
"1rQGGdmkluNiDXwCZmvMMjeDbNuEovZX9qG1U4NeMzFi5e2GsTSOsUHnaqrIz503","English_Word_Ratings_3","w01","noodles",4,"relax","relax","relax","NOUN"
"1rQGGdmkluNiDXwCZmvMMjeDbNuEovZX9qG1U4NeMzFi5e2GsTSOsUHnaqrIz503","English_Word_Ratings_3","w01","noodles",5,"braid","braid","braid","AUX"
"1rQGGdmkluNiDXwCZmvMMjeDbNuEovZX9qG1U4NeMzFi5e2GsTSOsUHnaqrIz503","English_Word_Ratings_3","w01","noodles",6,"culture","culture","culture","NOUN"
"1rQGGdmkluNiDXwCZmvMMjeDbNuEovZX9qG1U4NeMzFi5e2GsTSOsUHnaqrIz503","English_Word_Ratings_3","w01","noodles",7,"puree","puree","puree","NOUN"
"1rQGGdmkluNiDXwCZmvMMjeDbNuEovZX9qG1U4NeMzFi5e2GsTSOsUHnaqrIz503","English_Word_Ratings_3","w01","noodles",8,"polo","polo","polo","INTJ"
"1rQGGdmkluNiDXwCZmvMMjeDbNuEovZX9qG1U4NeMzFi5e2GsTSOsUHnaqrIz503","English_Word_Ratings_3","w01","noodles",9,"ingest","ingest","ingest","ADJ"
"g4JaB1MgPE1r4qjranCAuVoa3se9LFY4Hw7KnJj9jwqdBHzKOMXyzPkYnLVzXN3b","English_Word_Ratings_3","w01","noodles",1,"readjust","readjust","readjust","VERB"
"g4JaB1MgPE1r4qjranCAuVoa3se9LFY4Hw7KnJj9jwqdBHzKOMXyzPkYnLVzXN3b","English_Word_Ratings_3","w01","noodles",2,"fist-pump","fist-pump","fist-pump","NOUN"
"g4JaB1MgPE1r4qjranCAuVoa3se9LFY4Hw7KnJj9jwqdBHzKOMXyzPkYnLVzXN3b","English_Word_Ratings_3","w01","noodles",3,"perform","perform","perform","VERB"
"g4JaB1MgPE1r4qjranCAuVoa3se9LFY4Hw7KnJj9jwqdBHzKOMXyzPkYnLVzXN3b","English_Word_Ratings_3","w01","noodles",4,"hurl","hurl","hurl","INTJ"
"g4JaB1MgPE1r4qjranCAuVoa3se9LFY4Hw7KnJj9jwqdBHzKOMXyzPkYnLVzXN3b","English_Word_Ratings_3","w01","noodles",5,"potty train","potty train","potty train","NOUN NOUN"
"g4JaB1MgPE1r4qjranCAuVoa3se9LFY4Hw7KnJj9jwqdBHzKOMXyzPkYnLVzXN3b","English_Word_Ratings_3","w01","noodles",7,"jiggle","jiggle","jiggle","NOUN"
"sxZt1pXLM7kUV1KxULkPh8B0LAjLRoiJMkJRsCZ73YaImMKyBOOpLKcmQuG6iNZP","English_Word_Ratings_3","w01","noodles",1,"fluid","fluid","fluid","NOUN"
"sxZt1pXLM7kUV1KxULkPh8B0LAjLRoiJMkJRsCZ73YaImMKyBOOpLKcmQuG6iNZP","English_Word_Ratings_3","w01","noodles",2,"gargle","gargle","gargle","NOUN"
"sxZt1pXLM7kUV1KxULkPh8B0LAjLRoiJMkJRsCZ73YaImMKyBOOpLKcmQuG6iNZP","English_Word_Ratings_3","w01","noodles",3,"armor","armor","armor","NOUN"
"A8tz7HX3m2x4GAoKlJAZ1XfBrXKxo5dGxhoV1dKkNdDkugAvJvRJp9tFe33unNJk","English_Word_Ratings_3","w01","noodles",1,"bedroom","bedroom","bedroom","NOUN"
"A8tz7HX3m2x4GAoKlJAZ1XfBrXKxo5dGxhoV1dKkNdDkugAvJvRJp9tFe33unNJk","English_Word_Ratings_3","w01","noodles",2,"stroll","stroll","stroll","NOUN"
"A8tz7HX3m2x4GAoKlJAZ1XfBrXKxo5dGxhoV1dKkNdDkugAvJvRJp9tFe33unNJk","English_Word_Ratings_3","w01","noodles",3,"deposit","deposit","deposit","NOUN"
"A8tz7HX3m2x4GAoKlJAZ1XfBrXKxo5dGxhoV1dKkNdDkugAvJvRJp9tFe33unNJk","English_Word_Ratings_3","w01","noodles",4,"flap","flap","flap","NOUN"
"A8tz7HX3m2x4GAoKlJAZ1XfBrXKxo5dGxhoV1dKkNdDkugAvJvRJp9tFe33unNJk","English_Word_Ratings_3","w01","noodles",5,"colonoscopy","colonoscopy","colonoscopy","NOUN"
"iiEF3G6d0Zwa6x3NPBYACZUcLOZpqLcroUzNwnZmTBRu5KQktL3KH9QJT3QpUY37","English_Word_Ratings_3","w01","noodles",1,"hair clip","hair clip","hair clip","NOUN NOUN"
"iiEF3G6d0Zwa6x3NPBYACZUcLOZpqLcroUzNwnZmTBRu5KQktL3KH9QJT3QpUY37","English_Word_Ratings_3","w01","noodles",2,"kid","kid","kid","NOUN"
"iiEF3G6d0Zwa6x3NPBYACZUcLOZpqLcroUzNwnZmTBRu5KQktL3KH9QJT3QpUY37","English_Word_Ratings_3","w01","noodles",3,"control infection","control infection","control infection","NOUN NOUN"
"yLAv948rJF5uUpOa1azj6ddWWLX7U3KcGrE4Zl3iQSXxsNsEg2B3M4KSURKG8jYP","English_Word_Ratings_3","w01","noodles",1,"invade","invade","invade","NOUN"
"yLAv948rJF5uUpOa1azj6ddWWLX7U3KcGrE4Zl3iQSXxsNsEg2B3M4KSURKG8jYP","English_Word_Ratings_3","w01","noodles",3,"chance","chance","chance","NOUN"
"v7tq2P9zqG6N3xAH4o8GvO1YBrnWjahz5rdJByCbpdgbhBPOwT65OuHZHKYl1uFR","English_Word_Ratings_3","w01","noodles",1,"sermon","sermon","sermon","NOUN"
"v7tq2P9zqG6N3xAH4o8GvO1YBrnWjahz5rdJByCbpdgbhBPOwT65OuHZHKYl1uFR","English_Word_Ratings_3","w01","noodles",2,"algebra","algebra","algebra","NOUN"
"v7tq2P9zqG6N3xAH4o8GvO1YBrnWjahz5rdJByCbpdgbhBPOwT65OuHZHKYl1uFR","English_Word_Ratings_3","w01","noodles",3,"lessen","lessen","lessen","ADV"
"v7tq2P9zqG6N3xAH4o8GvO1YBrnWjahz5rdJByCbpdgbhBPOwT65OuHZHKYl1uFR","English_Word_Ratings_3","w01","noodles",4,"soak","soak","soak","NOUN"
"d6NyWdJP1bcvb4qi8hcmuNgepBmDczes1g8QpCTab6HT2HBFidygOyOYJg6MzUXt","English_Word_Ratings_3","w01","noodles",1,"set up","set up","set up","VERB ADP"
"d6NyWdJP1bcvb4qi8hcmuNgepBmDczes1g8QpCTab6HT2HBFidygOyOYJg6MzUXt","English_Word_Ratings_3","w01","noodles",2,"catch","catch","catch","VERB"
"d6NyWdJP1bcvb4qi8hcmuNgepBmDczes1g8QpCTab6HT2HBFidygOyOYJg6MzUXt","English_Word_Ratings_3","w01","noodles",4,"tutor","tutor","tutor","NOUN"
"d6NyWdJP1bcvb4qi8hcmuNgepBmDczes1g8QpCTab6HT2HBFidygOyOYJg6MzUXt","English_Word_Ratings_3","w01","noodles",5,"defrost","defrost","defrost","ADJ"
"d6NyWdJP1bcvb4qi8hcmuNgepBmDczes1g8QpCTab6HT2HBFidygOyOYJg6MzUXt","English_Word_Ratings_3","w01","noodles",6,"dump","dump","dump","NOUN"
"d6NyWdJP1bcvb4qi8hcmuNgepBmDczes1g8QpCTab6HT2HBFidygOyOYJg6MzUXt","English_Word_Ratings_3","w01","noodles",7,"deal","deal","deal","NOUN"
"d6NyWdJP1bcvb4qi8hcmuNgepBmDczes1g8QpCTab6HT2HBFidygOyOYJg6MzUXt","English_Word_Ratings_3","w01","noodles",8,"snack","snack","snack","NOUN"
"d6NyWdJP1bcvb4qi8hcmuNgepBmDczes1g8QpCTab6HT2HBFidygOyOYJg6MzUXt","English_Word_Ratings_3","w01","noodles",9,"archery","archery","archery","NOUN"
"d6NyWdJP1bcvb4qi8hcmuNgepBmDczes1g8QpCTab6HT2HBFidygOyOYJg6MzUXt","English_Word_Ratings_3","w01","noodles",10,"fix","fix","fix","VERB"
"garnFORYQ61r3wCyh826JKL8aDnIglWYXHz7MSvIQBIC8H32nBUgalgql6gZBzlN","English_Word_Ratings_3","w01","noodles",1,"berate","berate","berate","ADJ"
"garnFORYQ61r3wCyh826JKL8aDnIglWYXHz7MSvIQBIC8H32nBUgalgql6gZBzlN","English_Word_Ratings_3","w01","noodles",3,"jam","jam","jam","NOUN"
"garnFORYQ61r3wCyh826JKL8aDnIglWYXHz7MSvIQBIC8H32nBUgalgql6gZBzlN","English_Word_Ratings_3","w01","noodles",4,"remake","remake","remake","VERB"
"garnFORYQ61r3wCyh826JKL8aDnIglWYXHz7MSvIQBIC8H32nBUgalgql6gZBzlN","English_Word_Ratings_3","w01","noodles",5,"oxygenate","oxygenate","oxygenate","ADJ"
"garnFORYQ61r3wCyh826JKL8aDnIglWYXHz7MSvIQBIC8H32nBUgalgql6gZBzlN","English_Word_Ratings_3","w01","noodles",6,"rewound","rewound","rewound","VERB"
"garnFORYQ61r3wCyh826JKL8aDnIglWYXHz7MSvIQBIC8H32nBUgalgql6gZBzlN","English_Word_Ratings_3","w01","noodles",7,"demonstrate","demonstrate","demonstrate","VERB"
"garnFORYQ61r3wCyh826JKL8aDnIglWYXHz7MSvIQBIC8H32nBUgalgql6gZBzlN","English_Word_Ratings_3","w01","noodles",8,"get lost","get lost","get lost","AUX VERB"
"garnFORYQ61r3wCyh826JKL8aDnIglWYXHz7MSvIQBIC8H32nBUgalgql6gZBzlN","English_Word_Ratings_3","w01","noodles",9,"include","include","include","VERB"
"i7gzsiwaaH625g2xHgXMPfOfI6R9h8LKxyKgcR3DppkfqTpYxlpaGNFv4AOTf78v","English_Word_Ratings_3","w01","noodles",1,"multitask","multitask","multitask","NOUN"
"i7gzsiwaaH625g2xHgXMPfOfI6R9h8LKxyKgcR3DppkfqTpYxlpaGNFv4AOTf78v","English_Word_Ratings_3","w01","noodles",2,"suckle","suckle","suckle","NOUN"
"i7gzsiwaaH625g2xHgXMPfOfI6R9h8LKxyKgcR3DppkfqTpYxlpaGNFv4AOTf78v","English_Word_Ratings_3","w01","noodles",4,"lighte","lite","lite","NOUN"
"i7gzsiwaaH625g2xHgXMPfOfI6R9h8LKxyKgcR3DppkfqTpYxlpaGNFv4AOTf78v","English_Word_Ratings_3","w01","noodles",5,"chest bump","chest bump","chest bump","ADJ NOUN"
"wKTNXd6bXFAL8q4qqOh2llgWoCGmV4nmEB8h4ybNDi4oesm36R1MtrSdkxNsLMnC","English_Word_Ratings_3","w01","noodles",1,"turn on","turn on","turn on","VERB ADP"
"wKTNXd6bXFAL8q4qqOh2llgWoCGmV4nmEB8h4ybNDi4oesm36R1MtrSdkxNsLMnC","English_Word_Ratings_3","w01","noodles",2,"roast","roast","roast","ADJ"
"wKTNXd6bXFAL8q4qqOh2llgWoCGmV4nmEB8h4ybNDi4oesm36R1MtrSdkxNsLMnC","English_Word_Ratings_3","w01","noodles",3,"refinish","refinish","refinish","VERB"
"wKTNXd6bXFAL8q4qqOh2llgWoCGmV4nmEB8h4ybNDi4oesm36R1MtrSdkxNsLMnC","English_Word_Ratings_3","w01","noodles",4,"fabric","fabric","fabric","NOUN"
"GoSFbC6zIahLMncIpKDjoQ5dleIxSC8jVVFIn9Km4i5Y1NIhpLJUPrByLuQc21a6","English_Word_Ratings_3","w01","noodles",1,"gas mask","gas mask","gas mask","NOUN NOUN"
"GoSFbC6zIahLMncIpKDjoQ5dleIxSC8jVVFIn9Km4i5Y1NIhpLJUPrByLuQc21a6","English_Word_Ratings_3","w01","noodles",2,"bank","bank","bank","NOUN"
"sBacIiuSQV6IuSUPRTFQmqG3UmmTN9xKph2xv2OOURpgUNOKXSQsxnE8Saex7WkV","English_Word_Ratings_3","w01","noodles",1,"examine","examine","examine","NOUN"
"sBacIiuSQV6IuSUPRTFQmqG3UmmTN9xKph2xv2OOURpgUNOKXSQsxnE8Saex7WkV","English_Word_Ratings_3","w01","noodles",2,"persecute","persecute","persecute","X"
"sBacIiuSQV6IuSUPRTFQmqG3UmmTN9xKph2xv2OOURpgUNOKXSQsxnE8Saex7WkV","English_Word_Ratings_3","w01","noodles",3,"build up","build up","build up","VERB ADP"
"kO56Jn0idpJWnDDMSRMIU9DECzlitjq3w7Z1s2KfSCMDE6YZiy9U0xnv6wljxLlh","English_Word_Ratings_3","w01","noodles",1,"complement","complement","complement","NOUN"
"kO56Jn0idpJWnDDMSRMIU9DECzlitjq3w7Z1s2KfSCMDE6YZiy9U0xnv6wljxLlh","English_Word_Ratings_3","w01","noodles",2,"critique","critique","critique","NOUN"
"LSuU7j19LztOjJyzbaQVC813k4Xs1HHJRzjUOC3xGQR21Jg71xWUBLSqxxfwF8n3","English_Word_Ratings_3","w01","noodles",1,"whitle","white","white","ADJ"
"LSuU7j19LztOjJyzbaQVC813k4Xs1HHJRzjUOC3xGQR21Jg71xWUBLSqxxfwF8n3","English_Word_Ratings_3","w01","noodles",2,"stick up","stick up","stick up","VERB ADP"
"LSuU7j19LztOjJyzbaQVC813k4Xs1HHJRzjUOC3xGQR21Jg71xWUBLSqxxfwF8n3","English_Word_Ratings_3","w01","noodles",3,"compresse","compress","compress","NOUN"
"LSuU7j19LztOjJyzbaQVC813k4Xs1HHJRzjUOC3xGQR21Jg71xWUBLSqxxfwF8n3","English_Word_Ratings_3","w01","noodles",4,"office","office","office","NOUN"
"LSuU7j19LztOjJyzbaQVC813k4Xs1HHJRzjUOC3xGQR21Jg71xWUBLSqxxfwF8n3","English_Word_Ratings_3","w01","noodles",5,"light fixture","light fixture","light fixture","NOUN NOUN"
"YReDSBupRsykKwPjPFxhEKJ9WrWhRKquBSvqA45zIjX2ea9uVVVtSygOIdC1LG2h","English_Word_Ratings_3","w01","noodles",1,"barrele","barrel","barrel","NOUN"
"YReDSBupRsykKwPjPFxhEKJ9WrWhRKquBSvqA45zIjX2ea9uVVVtSygOIdC1LG2h","English_Word_Ratings_3","w01","noodles",2,"breatge","breathe","breato","VERB"
"YReDSBupRsykKwPjPFxhEKJ9WrWhRKquBSvqA45zIjX2ea9uVVVtSygOIdC1LG2h","English_Word_Ratings_3","w01","noodles",3,"communion","communion","communion","NOUN"
"YReDSBupRsykKwPjPFxhEKJ9WrWhRKquBSvqA45zIjX2ea9uVVVtSygOIdC1LG2h","English_Word_Ratings_3","w01","noodles",4,"worshipe","worship","worship","NOUN"
"HgQcnYS7bLBLsGHsEWYXm89MfSMSM8NNKgbmYc1Ws5lXQCnjE1r1xFC1VARqczsu","English_Word_Ratings_3","w01","noodles",1,"apply","apply","apply","VERB"
"HgQcnYS7bLBLsGHsEWYXm89MfSMSM8NNKgbmYc1Ws5lXQCnjE1r1xFC1VARqczsu","English_Word_Ratings_3","w01","noodles",2,"merriment","merriment","merriment","NOUN"
"HgQcnYS7bLBLsGHsEWYXm89MfSMSM8NNKgbmYc1Ws5lXQCnjE1r1xFC1VARqczsu","English_Word_Ratings_3","w01","noodles",3,"exhibit","exhibit","exhibit","NOUN"
"HgQcnYS7bLBLsGHsEWYXm89MfSMSM8NNKgbmYc1Ws5lXQCnjE1r1xFC1VARqczsu","English_Word_Ratings_3","w01","noodles",4,"dock","dock","dock","NOUN"
"HgQcnYS7bLBLsGHsEWYXm89MfSMSM8NNKgbmYc1Ws5lXQCnjE1r1xFC1VARqczsu","English_Word_Ratings_3","w01","noodles",5,"origami","origami","origami","NOUN"
"HgQcnYS7bLBLsGHsEWYXm89MfSMSM8NNKgbmYc1Ws5lXQCnjE1r1xFC1VARqczsu","English_Word_Ratings_3","w01","noodles",6,"knowledge","knowledge","knowledge","NOUN"
"HgQcnYS7bLBLsGHsEWYXm89MfSMSM8NNKgbmYc1Ws5lXQCnjE1r1xFC1VARqczsu","English_Word_Ratings_3","w01","noodles",7,"tick","tick","tick","NOUN"
"HgQcnYS7bLBLsGHsEWYXm89MfSMSM8NNKgbmYc1Ws5lXQCnjE1r1xFC1VARqczsu","English_Word_Ratings_3","w01","noodles",8,"antiseptic","antiseptic","antiseptic","ADJ"
"DN6wJxt2qT1Np5PlWQiffYY3Uj2fhio8LP2BS98Ht1WUs0dFRBairReZaXoTmHEP","English_Word_Ratings_3","w01","noodles",1,"smores","snores","snore","NOUN"
"DN6wJxt2qT1Np5PlWQiffYY3Uj2fhio8LP2BS98Ht1WUs0dFRBairReZaXoTmHEP","English_Word_Ratings_3","w01","noodles",2,"conduct","conduct","conduct","NOUN"
"DN6wJxt2qT1Np5PlWQiffYY3Uj2fhio8LP2BS98Ht1WUs0dFRBairReZaXoTmHEP","English_Word_Ratings_3","w01","noodles",3,"dig up","dig up","dig up","VERB ADP"
"DN6wJxt2qT1Np5PlWQiffYY3Uj2fhio8LP2BS98Ht1WUs0dFRBairReZaXoTmHEP","English_Word_Ratings_3","w01","noodles",4,"sugar","sugar","sugar","NOUN"
"o5DMFT7lEisuLPj9cmVBQLnIxZkz0iM23cfDJOL9HqvghxE6MFdH5AfsRQ9r0D2j","English_Word_Ratings_3","w01","noodles",1,"aerate","aerate","aerate","ADJ"
"o5DMFT7lEisuLPj9cmVBQLnIxZkz0iM23cfDJOL9HqvghxE6MFdH5AfsRQ9r0D2j","English_Word_Ratings_3","w01","noodles",4,"generate","generate","generate","VERB"
"o5DMFT7lEisuLPj9cmVBQLnIxZkz0iM23cfDJOL9HqvghxE6MFdH5AfsRQ9r0D2j","English_Word_Ratings_3","w01","noodles",5,"tranquilize","tranquilize","tranquilize","VERB"
"FibKe5OYiPqz2UUn75mURehUDCnnAmvduGjCpCkj9jFTXR7BfZxkaHsHG0ZZQtwF","English_Word_Ratings_3","w01","noodles",1,"detain","detain","detain","NOUN"
"FibKe5OYiPqz2UUn75mURehUDCnnAmvduGjCpCkj9jFTXR7BfZxkaHsHG0ZZQtwF","English_Word_Ratings_3","w01","noodles",2,"sheath","sheath","sheath","NOUN"
"FibKe5OYiPqz2UUn75mURehUDCnnAmvduGjCpCkj9jFTXR7BfZxkaHsHG0ZZQtwF","English_Word_Ratings_3","w01","noodles",3,"holler","holler","holler","NOUN"
"FibKe5OYiPqz2UUn75mURehUDCnnAmvduGjCpCkj9jFTXR7BfZxkaHsHG0ZZQtwF","English_Word_Ratings_3","w01","noodles",4,"make","make","make","VERB"
"FibKe5OYiPqz2UUn75mURehUDCnnAmvduGjCpCkj9jFTXR7BfZxkaHsHG0ZZQtwF","English_Word_Ratings_3","w01","noodles",5,"wrestle","wrestle","wrestle","NOUN"
"50X4V7q3Et1XAYfAEDSwioMfQS8YbRUtzDW2SFCVjvd0kNGpkiwqdWUnTkiNNE80","English_Word_Ratings_3","w01","noodles",1,"reced","recd","rec","VERB"
"50X4V7q3Et1XAYfAEDSwioMfQS8YbRUtzDW2SFCVjvd0kNGpkiwqdWUnTkiNNE80","English_Word_Ratings_3","w01","noodles",2,"suite","suite","suite","NOUN"
"50X4V7q3Et1XAYfAEDSwioMfQS8YbRUtzDW2SFCVjvd0kNGpkiwqdWUnTkiNNE80","English_Word_Ratings_3","w01","noodles",3,"sustain","sustain","sustain","NOUN"
"50X4V7q3Et1XAYfAEDSwioMfQS8YbRUtzDW2SFCVjvd0kNGpkiwqdWUnTkiNNE80","English_Word_Ratings_3","w01","noodles",4,"impose","impose","impose","VERB"
"WERLbHrisM97Sa8njspLxo48hq1D6V8RsVCSTTGotC7HiHvIiUCrNVOlUHbScfKy","English_Word_Ratings_3","w02","cove",1,"costruct","construct","construct","NOUN"
"WERLbHrisM97Sa8njspLxo48hq1D6V8RsVCSTTGotC7HiHvIiUCrNVOlUHbScfKy","English_Word_Ratings_3","w02","cove",2,"plant","plant","plant","NOUN"
"WERLbHrisM97Sa8njspLxo48hq1D6V8RsVCSTTGotC7HiHvIiUCrNVOlUHbScfKy","English_Word_Ratings_3","w02","cove",3,"canoe","canoe","canoe","NOUN"
"lzZBcD4N5WdlEJp4FXc4WDU0QXXMUZa3saiMJqn8EsCLw7dkUMjuSISR0HfCREb4","English_Word_Ratings_3","w02","cove",1,"braide","braise","braise","NOUN"
"lzZBcD4N5WdlEJp4FXc4WDU0QXXMUZa3saiMJqn8EsCLw7dkUMjuSISR0HfCREb4","English_Word_Ratings_3","w02","cove",2,"compare","compare","compare","VERB"
"OQxE9L7Mw12SKUcq9pZmmo3FxWc2uCuUHaraGy5sZW9vGR9PSug2a5hMNwjVlA5c","English_Word_Ratings_3","w02","cove",1,"retrace","retrace","retrace","NOUN"
"OQxE9L7Mw12SKUcq9pZmmo3FxWc2uCuUHaraGy5sZW9vGR9PSug2a5hMNwjVlA5c","English_Word_Ratings_3","w02","cove",2,"diffuse","diffuse","diffuse","NOUN"
"OQxE9L7Mw12SKUcq9pZmmo3FxWc2uCuUHaraGy5sZW9vGR9PSug2a5hMNwjVlA5c","English_Word_Ratings_3","w02","cove",3,"snowball fight","snowball fight","snowball fight","ADJ NOUN"
"OQxE9L7Mw12SKUcq9pZmmo3FxWc2uCuUHaraGy5sZW9vGR9PSug2a5hMNwjVlA5c","English_Word_Ratings_3","w02","cove",4,"replace","replace","replace","VERB"
"VsSi9vBmSPfWlt7NRbLMin20fVJgh5EyxhB0M3tiDqMhDEh6ip526THZdwm0Gup1","English_Word_Ratings_3","w02","cove",2,"license","license","license","NOUN"
"VsSi9vBmSPfWlt7NRbLMin20fVJgh5EyxhB0M3tiDqMhDEh6ip526THZdwm0Gup1","English_Word_Ratings_3","w02","cove",3,"acknowledge","acknowledge","acknowledge","NOUN"
"1rQGGdmkluNiDXwCZmvMMjeDbNuEovZX9qG1U4NeMzFi5e2GsTSOsUHnaqrIz503","English_Word_Ratings_3","w02","cove",2,"kettle","kettle","kettle","NOUN"
"g4JaB1MgPE1r4qjranCAuVoa3se9LFY4Hw7KnJj9jwqdBHzKOMXyzPkYnLVzXN3b","English_Word_Ratings_3","w02","cove",1,"airplane","airplane","airplane","NOUN"
"g4JaB1MgPE1r4qjranCAuVoa3se9LFY4Hw7KnJj9jwqdBHzKOMXyzPkYnLVzXN3b","English_Word_Ratings_3","w02","cove",2,"replant","replant","replant","NOUN"
"g4JaB1MgPE1r4qjranCAuVoa3se9LFY4Hw7KnJj9jwqdBHzKOMXyzPkYnLVzXN3b","English_Word_Ratings_3","w02","cove",3,"usgar","sugar","sugar","NOUN"
"g4JaB1MgPE1r4qjranCAuVoa3se9LFY4Hw7KnJj9jwqdBHzKOMXyzPkYnLVzXN3b","English_Word_Ratings_3","w02","cove",4,"assort","assort","assort","NOUN"
"g4JaB1MgPE1r4qjranCAuVoa3se9LFY4Hw7KnJj9jwqdBHzKOMXyzPkYnLVzXN3b","English_Word_Ratings_3","w02","cove",5,"pottery","pottery","pottery","NOUN"
"g4JaB1MgPE1r4qjranCAuVoa3se9LFY4Hw7KnJj9jwqdBHzKOMXyzPkYnLVzXN3b","English_Word_Ratings_3","w02","cove",6,"tug-of-war","tug-of-war","tug - of - war","NOUN PUNCT ADP PUNCT NOUN"
"g4JaB1MgPE1r4qjranCAuVoa3se9LFY4Hw7KnJj9jwqdBHzKOMXyzPkYnLVzXN3b","English_Word_Ratings_3","w02","cove",7,"refuel","refuel","refuel","NOUN"
"g4JaB1MgPE1r4qjranCAuVoa3se9LFY4Hw7KnJj9jwqdBHzKOMXyzPkYnLVzXN3b","English_Word_Ratings_3","w02","cove",8,"noise","noise","noise","NOUN"
"g4JaB1MgPE1r4qjranCAuVoa3se9LFY4Hw7KnJj9jwqdBHzKOMXyzPkYnLVzXN3b","English_Word_Ratings_3","w02","cove",9,"spell","spell","spell","NOUN"
"sxZt1pXLM7kUV1KxULkPh8B0LAjLRoiJMkJRsCZ73YaImMKyBOOpLKcmQuG6iNZP","English_Word_Ratings_3","w02","cove",1,"saucepan","saucepan","saucepan","ADJ"
"sxZt1pXLM7kUV1KxULkPh8B0LAjLRoiJMkJRsCZ73YaImMKyBOOpLKcmQuG6iNZP","English_Word_Ratings_3","w02","cove",2,"scout","scout","scout","NOUN"
"A8tz7HX3m2x4GAoKlJAZ1XfBrXKxo5dGxhoV1dKkNdDkugAvJvRJp9tFe33unNJk","English_Word_Ratings_3","w02","cove",1,"splashed","splashed","splashed","VERB"
"A8tz7HX3m2x4GAoKlJAZ1XfBrXKxo5dGxhoV1dKkNdDkugAvJvRJp9tFe33unNJk","English_Word_Ratings_3","w02","cove",2,"frolic","frolic","frolic","ADJ"
"A8tz7HX3m2x4GAoKlJAZ1XfBrXKxo5dGxhoV1dKkNdDkugAvJvRJp9tFe33unNJk","English_Word_Ratings_3","w02","cove",3,"christen","christen","christen","VERB"
"A8tz7HX3m2x4GAoKlJAZ1XfBrXKxo5dGxhoV1dKkNdDkugAvJvRJp9tFe33unNJk","English_Word_Ratings_3","w02","cove",4,"descend","descend","descend","NOUN"
"iiEF3G6d0Zwa6x3NPBYACZUcLOZpqLcroUzNwnZmTBRu5KQktL3KH9QJT3QpUY37","English_Word_Ratings_3","w02","cove",1,"advertise","advertise","advertise","NOUN"
"iiEF3G6d0Zwa6x3NPBYACZUcLOZpqLcroUzNwnZmTBRu5KQktL3KH9QJT3QpUY37","English_Word_Ratings_3","w02","cove",2,"reinvigorate","reinvigorate","reinvigorate","VERB"
"iiEF3G6d0Zwa6x3NPBYACZUcLOZpqLcroUzNwnZmTBRu5KQktL3KH9QJT3QpUY37","English_Word_Ratings_3","w02","cove",3,"rebuild","rebuild","rebuild","NOUN"
"iiEF3G6d0Zwa6x3NPBYACZUcLOZpqLcroUzNwnZmTBRu5KQktL3KH9QJT3QpUY37","English_Word_Ratings_3","w02","cove",5,"card","card","card","NOUN"
"yLAv948rJF5uUpOa1azj6ddWWLX7U3KcGrE4Zl3iQSXxsNsEg2B3M4KSURKG8jYP","English_Word_Ratings_3","w02","cove",1,"semaphore","semaphore","semaphore","VERB"
"yLAv948rJF5uUpOa1azj6ddWWLX7U3KcGrE4Zl3iQSXxsNsEg2B3M4KSURKG8jYP","English_Word_Ratings_3","w02","cove",2,"do","do","do","VERB"
"yLAv948rJF5uUpOa1azj6ddWWLX7U3KcGrE4Zl3iQSXxsNsEg2B3M4KSURKG8jYP","English_Word_Ratings_3","w02","cove",3,"subscribe","subscribe","subscribe","NOUN"
"yLAv948rJF5uUpOa1azj6ddWWLX7U3KcGrE4Zl3iQSXxsNsEg2B3M4KSURKG8jYP","English_Word_Ratings_3","w02","cove",4,"keepin","keeping","keep","VERB"
"v7tq2P9zqG6N3xAH4o8GvO1YBrnWjahz5rdJByCbpdgbhBPOwT65OuHZHKYl1uFR","English_Word_Ratings_3","w02","cove",1,"plough","lough","lough","ADJ"
"d6NyWdJP1bcvb4qi8hcmuNgepBmDczes1g8QpCTab6HT2HBFidygOyOYJg6MzUXt","English_Word_Ratings_3","w02","cove",2,"resistance","resistance","resistance","NOUN"
"d6NyWdJP1bcvb4qi8hcmuNgepBmDczes1g8QpCTab6HT2HBFidygOyOYJg6MzUXt","English_Word_Ratings_3","w02","cove",5,"tissue","tissue","tissue","NOUN"
"d6NyWdJP1bcvb4qi8hcmuNgepBmDczes1g8QpCTab6HT2HBFidygOyOYJg6MzUXt","English_Word_Ratings_3","w02","cove",6,"shade","shade","shade","NOUN"
"d6NyWdJP1bcvb4qi8hcmuNgepBmDczes1g8QpCTab6HT2HBFidygOyOYJg6MzUXt","English_Word_Ratings_3","w02","cove",7,"hate","hate","hate","NOUN"
"d6NyWdJP1bcvb4qi8hcmuNgepBmDczes1g8QpCTab6HT2HBFidygOyOYJg6MzUXt","English_Word_Ratings_3","w02","cove",8,"repot","report","report","NOUN"
"garnFORYQ61r3wCyh826JKL8aDnIglWYXHz7MSvIQBIC8H32nBUgalgql6gZBzlN","English_Word_Ratings_3","w02","cove",1,"drown","drown","dry","NOUN"
"garnFORYQ61r3wCyh826JKL8aDnIglWYXHz7MSvIQBIC8H32nBUgalgql6gZBzlN","English_Word_Ratings_3","w02","cove",2,"incite","incite","incite","NOUN"
"i7gzsiwaaH625g2xHgXMPfOfI6R9h8LKxyKgcR3DppkfqTpYxlpaGNFv4AOTf78v","English_Word_Ratings_3","w02","cove",1,"sword","sword","sword","NOUN"
"wKTNXd6bXFAL8q4qqOh2llgWoCGmV4nmEB8h4ybNDi4oesm36R1MtrSdkxNsLMnC","English_Word_Ratings_3","w02","cove",1,"mobile","mobile","mobile","ADJ"
"wKTNXd6bXFAL8q4qqOh2llgWoCGmV4nmEB8h4ybNDi4oesm36R1MtrSdkxNsLMnC","English_Word_Ratings_3","w02","cove",2,"smear","smear","smear","ADJ"
"wKTNXd6bXFAL8q4qqOh2llgWoCGmV4nmEB8h4ybNDi4oesm36R1MtrSdkxNsLMnC","English_Word_Ratings_3","w02","cove",3,"blanch","blanch","blanch","NOUN"
"wKTNXd6bXFAL8q4qqOh2llgWoCGmV4nmEB8h4ybNDi4oesm36R1MtrSdkxNsLMnC","English_Word_Ratings_3","w02","cove",4,"treehouse","tree house","tree house","NOUN NOUN"
"wKTNXd6bXFAL8q4qqOh2llgWoCGmV4nmEB8h4ybNDi4oesm36R1MtrSdkxNsLMnC","English_Word_Ratings_3","w02","cove",5,"roe play","roe play","roe play","NOUN NOUN"
"wKTNXd6bXFAL8q4qqOh2llgWoCGmV4nmEB8h4ybNDi4oesm36R1MtrSdkxNsLMnC","English_Word_Ratings_3","w02","cove",6,"worrie","worries","worrie","NOUN"
"wKTNXd6bXFAL8q4qqOh2llgWoCGmV4nmEB8h4ybNDi4oesm36R1MtrSdkxNsLMnC","English_Word_Ratings_3","w02","cove",7,"swat","swat","swat","NOUN"
"wKTNXd6bXFAL8q4qqOh2llgWoCGmV4nmEB8h4ybNDi4oesm36R1MtrSdkxNsLMnC","English_Word_Ratings_3","w02","cove",8,"target","target","target","NOUN"
"wKTNXd6bXFAL8q4qqOh2llgWoCGmV4nmEB8h4ybNDi4oesm36R1MtrSdkxNsLMnC","English_Word_Ratings_3","w02","cove",9,"treehouse","tree house","tree house","NOUN NOUN"
"wKTNXd6bXFAL8q4qqOh2llgWoCGmV4nmEB8h4ybNDi4oesm36R1MtrSdkxNsLMnC","English_Word_Ratings_3","w02","cove",10,"bubble bath","bubble bath","bubble bath","NOUN NOUN"
"GoSFbC6zIahLMncIpKDjoQ5dleIxSC8jVVFIn9Km4i5Y1NIhpLJUPrByLuQc21a6","English_Word_Ratings_3","w02","cove",1,"hair tie","hair tie","hair tie","NOUN NOUN"
"GoSFbC6zIahLMncIpKDjoQ5dleIxSC8jVVFIn9Km4i5Y1NIhpLJUPrByLuQc21a6","English_Word_Ratings_3","w02","cove",2,"yardstick","yardstick","yardstick","NOUN"
"sBacIiuSQV6IuSUPRTFQmqG3UmmTN9xKph2xv2OOURpgUNOKXSQsxnE8Saex7WkV","English_Word_Ratings_3","w02","cove",1,"price","price","price","NOUN"
"sBacIiuSQV6IuSUPRTFQmqG3UmmTN9xKph2xv2OOURpgUNOKXSQsxnE8Saex7WkV","English_Word_Ratings_3","w02","cove",3,"pick up","pick up","pick up","VERB ADP"
"sBacIiuSQV6IuSUPRTFQmqG3UmmTN9xKph2xv2OOURpgUNOKXSQsxnE8Saex7WkV","English_Word_Ratings_3","w02","cove",4,"conversation","conversation","conversation","NOUN"
"sBacIiuSQV6IuSUPRTFQmqG3UmmTN9xKph2xv2OOURpgUNOKXSQsxnE8Saex7WkV","English_Word_Ratings_3","w02","cove",5,"hardwork","handwork","handwork","NOUN"
"kO56Jn0idpJWnDDMSRMIU9DECzlitjq3w7Z1s2KfSCMDE6YZiy9U0xnv6wljxLlh","English_Word_Ratings_3","w02","cove",1,"syrup","syrup","syrup","NOUN"
"kO56Jn0idpJWnDDMSRMIU9DECzlitjq3w7Z1s2KfSCMDE6YZiy9U0xnv6wljxLlh","English_Word_Ratings_3","w02","cove",2,"dunk","dunk","dunk","NOUN"
"LSuU7j19LztOjJyzbaQVC813k4Xs1HHJRzjUOC3xGQR21Jg71xWUBLSqxxfwF8n3","English_Word_Ratings_3","w02","cove",1,"mood","mood","mood","NOUN"
"LSuU7j19LztOjJyzbaQVC813k4Xs1HHJRzjUOC3xGQR21Jg71xWUBLSqxxfwF8n3","English_Word_Ratings_3","w02","cove",2,"checkup","checkup","checkup","NOUN"
"YReDSBupRsykKwPjPFxhEKJ9WrWhRKquBSvqA45zIjX2ea9uVVVtSygOIdC1LG2h","English_Word_Ratings_3","w02","cove",1,"descend","descend","descend","NOUN"
"YReDSBupRsykKwPjPFxhEKJ9WrWhRKquBSvqA45zIjX2ea9uVVVtSygOIdC1LG2h","English_Word_Ratings_3","w02","cove",2,"pour","pour","pour","VERB"
"YReDSBupRsykKwPjPFxhEKJ9WrWhRKquBSvqA45zIjX2ea9uVVVtSygOIdC1LG2h","English_Word_Ratings_3","w02","cove",3,"disinfect","disinfect","disinfect","NOUN"
"YReDSBupRsykKwPjPFxhEKJ9WrWhRKquBSvqA45zIjX2ea9uVVVtSygOIdC1LG2h","English_Word_Ratings_3","w02","cove",4,"graffiti","graffiti","graffito","INTJ"
"YReDSBupRsykKwPjPFxhEKJ9WrWhRKquBSvqA45zIjX2ea9uVVVtSygOIdC1LG2h","English_Word_Ratings_3","w02","cove",5,"culture","culture","culture","NOUN"
"YReDSBupRsykKwPjPFxhEKJ9WrWhRKquBSvqA45zIjX2ea9uVVVtSygOIdC1LG2h","English_Word_Ratings_3","w02","cove",6,"refill","refill","refill","VERB"
"YReDSBupRsykKwPjPFxhEKJ9WrWhRKquBSvqA45zIjX2ea9uVVVtSygOIdC1LG2h","English_Word_Ratings_3","w02","cove",7,"raffle","raffle","raffle","NOUN"
"YReDSBupRsykKwPjPFxhEKJ9WrWhRKquBSvqA45zIjX2ea9uVVVtSygOIdC1LG2h","English_Word_Ratings_3","w02","cove",8,"run","run","run","NOUN"
"YReDSBupRsykKwPjPFxhEKJ9WrWhRKquBSvqA45zIjX2ea9uVVVtSygOIdC1LG2h","English_Word_Ratings_3","w02","cove",9,"combine","combine","combine","NOUN"
"HgQcnYS7bLBLsGHsEWYXm89MfSMSM8NNKgbmYc1Ws5lXQCnjE1r1xFC1VARqczsu","English_Word_Ratings_3","w02","cove",1,"rehabilitat","rehabilitate","rehabilitate","NOUN"
"HgQcnYS7bLBLsGHsEWYXm89MfSMSM8NNKgbmYc1Ws5lXQCnjE1r1xFC1VARqczsu","English_Word_Ratings_3","w02","cove",2,"recover","recover","recover","NOUN"
"HgQcnYS7bLBLsGHsEWYXm89MfSMSM8NNKgbmYc1Ws5lXQCnjE1r1xFC1VARqczsu","English_Word_Ratings_3","w02","cove",3,"breakdown","breakdown","breakdown","NOUN"
"DN6wJxt2qT1Np5PlWQiffYY3Uj2fhio8LP2BS98Ht1WUs0dFRBairReZaXoTmHEP","English_Word_Ratings_3","w02","cove",1,"image","image","image","NOUN"
"DN6wJxt2qT1Np5PlWQiffYY3Uj2fhio8LP2BS98Ht1WUs0dFRBairReZaXoTmHEP","English_Word_Ratings_3","w02","cove",2,"dinn","din","din","NOUN"
"DN6wJxt2qT1Np5PlWQiffYY3Uj2fhio8LP2BS98Ht1WUs0dFRBairReZaXoTmHEP","English_Word_Ratings_3","w02","cove",3,"teeth","teeth","tooth","NOUN"
"DN6wJxt2qT1Np5PlWQiffYY3Uj2fhio8LP2BS98Ht1WUs0dFRBairReZaXoTmHEP","English_Word_Ratings_3","w02","cove",4,"convince","convince","convince","VERB"
"DN6wJxt2qT1Np5PlWQiffYY3Uj2fhio8LP2BS98Ht1WUs0dFRBairReZaXoTmHEP","English_Word_Ratings_3","w02","cove",5,"nominate","nominate","nominate","ADJ"
"DN6wJxt2qT1Np5PlWQiffYY3Uj2fhio8LP2BS98Ht1WUs0dFRBairReZaXoTmHEP","English_Word_Ratings_3","w02","cove",6,"caregive","caregiver","caregiver","NOUN"
"o5DMFT7lEisuLPj9cmVBQLnIxZkz0iM23cfDJOL9HqvghxE6MFdH5AfsRQ9r0D2j","English_Word_Ratings_3","w02","cove",2,"detect","detect","detect","NOUN"
"FibKe5OYiPqz2UUn75mURehUDCnnAmvduGjCpCkj9jFTXR7BfZxkaHsHG0ZZQtwF","English_Word_Ratings_3","w02","cove",1,"karaoke","karaoke","karaoke","INTJ"
"FibKe5OYiPqz2UUn75mURehUDCnnAmvduGjCpCkj9jFTXR7BfZxkaHsHG0ZZQtwF","English_Word_Ratings_3","w02","cove",2,"steam","steam","steam","NOUN"
"FibKe5OYiPqz2UUn75mURehUDCnnAmvduGjCpCkj9jFTXR7BfZxkaHsHG0ZZQtwF","English_Word_Ratings_3","w02","cove",3,"present","present","present","ADJ"
"FibKe5OYiPqz2UUn75mURehUDCnnAmvduGjCpCkj9jFTXR7BfZxkaHsHG0ZZQtwF","English_Word_Ratings_3","w02","cove",4,"self-degradation","self-degradation","self - degradation","NOUN PUNCT NOUN"
"FibKe5OYiPqz2UUn75mURehUDCnnAmvduGjCpCkj9jFTXR7BfZxkaHsHG0ZZQtwF","English_Word_Ratings_3","w02","cove",5,"memorial","memorial","memorial","ADJ"
"FibKe5OYiPqz2UUn75mURehUDCnnAmvduGjCpCkj9jFTXR7BfZxkaHsHG0ZZQtwF","English_Word_Ratings_3","w02","cove",6,"dribble","dribble","dribble","ADJ"
"FibKe5OYiPqz2UUn75mURehUDCnnAmvduGjCpCkj9jFTXR7BfZxkaHsHG0ZZQtwF","English_Word_Ratings_3","w02","cove",7,"dopamine","dopamine","dopamine","NOUN"
"50X4V7q3Et1XAYfAEDSwioMfQS8YbRUtzDW2SFCVjvd0kNGpkiwqdWUnTkiNNE80","English_Word_Ratings_3","w02","cove",2,"reduce stress","reduce stress","reduce stress","NOUN NOUN"
"WERLbHrisM97Sa8njspLxo48hq1D6V8RsVCSTTGotC7HiHvIiUCrNVOlUHbScfKy","English_Word_Ratings_3","w03","cogwheel",1,"sip","sip","sip","NOUN"
"WERLbHrisM97Sa8njspLxo48hq1D6V8RsVCSTTGotC7HiHvIiUCrNVOlUHbScfKy","English_Word_Ratings_3","w03","cogwheel",2,"food-fight","food-fight","food - fight","NOUN PUNCT NOUN"
"WERLbHrisM97Sa8njspLxo48hq1D6V8RsVCSTTGotC7HiHvIiUCrNVOlUHbScfKy","English_Word_Ratings_3","w03","cogwheel",3,"service","service","service","NOUN"
"WERLbHrisM97Sa8njspLxo48hq1D6V8RsVCSTTGotC7HiHvIiUCrNVOlUHbScfKy","English_Word_Ratings_3","w03","cogwheel",5,"swear","swear","swear","NOUN"
"lzZBcD4N5WdlEJp4FXc4WDU0QXXMUZa3saiMJqn8EsCLw7dkUMjuSISR0HfCREb4","English_Word_Ratings_3","w03","cogwheel",1,"calm","calm","calm","ADJ"
"lzZBcD4N5WdlEJp4FXc4WDU0QXXMUZa3saiMJqn8EsCLw7dkUMjuSISR0HfCREb4","English_Word_Ratings_3","w03","cogwheel",2,"juggle","juggle","juggle","NOUN"
"lzZBcD4N5WdlEJp4FXc4WDU0QXXMUZa3saiMJqn8EsCLw7dkUMjuSISR0HfCREb4","English_Word_Ratings_3","w03","cogwheel",3,"screw","screw","screw","NOUN"
"lzZBcD4N5WdlEJp4FXc4WDU0QXXMUZa3saiMJqn8EsCLw7dkUMjuSISR0HfCREb4","English_Word_Ratings_3","w03","cogwheel",4,"bagel","bagel","bagel","NOUN"
"lzZBcD4N5WdlEJp4FXc4WDU0QXXMUZa3saiMJqn8EsCLw7dkUMjuSISR0HfCREb4","English_Word_Ratings_3","w03","cogwheel",5,"drip","drip","drip","NOUN"
"lzZBcD4N5WdlEJp4FXc4WDU0QXXMUZa3saiMJqn8EsCLw7dkUMjuSISR0HfCREb4","English_Word_Ratings_3","w03","cogwheel",7,"scab","scab","scab","NOUN"
"lzZBcD4N5WdlEJp4FXc4WDU0QXXMUZa3saiMJqn8EsCLw7dkUMjuSISR0HfCREb4","English_Word_Ratings_3","w03","cogwheel",8,"arouse","arouse","arouse","NOUN"
"OQxE9L7Mw12SKUcq9pZmmo3FxWc2uCuUHaraGy5sZW9vGR9PSug2a5hMNwjVlA5c","English_Word_Ratings_3","w03","cogwheel",1,"konw","know","know","VERB"
"OQxE9L7Mw12SKUcq9pZmmo3FxWc2uCuUHaraGy5sZW9vGR9PSug2a5hMNwjVlA5c","English_Word_Ratings_3","w03","cogwheel",2,"creep","creep","creep","NOUN"
"OQxE9L7Mw12SKUcq9pZmmo3FxWc2uCuUHaraGy5sZW9vGR9PSug2a5hMNwjVlA5c","English_Word_Ratings_3","w03","cogwheel",3,"shell","shell","shell","NOUN"
"OQxE9L7Mw12SKUcq9pZmmo3FxWc2uCuUHaraGy5sZW9vGR9PSug2a5hMNwjVlA5c","English_Word_Ratings_3","w03","cogwheel",4,"ground","ground","ground","NOUN"
"OQxE9L7Mw12SKUcq9pZmmo3FxWc2uCuUHaraGy5sZW9vGR9PSug2a5hMNwjVlA5c","English_Word_Ratings_3","w03","cogwheel",6,"format","format","format","NOUN"
"OQxE9L7Mw12SKUcq9pZmmo3FxWc2uCuUHaraGy5sZW9vGR9PSug2a5hMNwjVlA5c","English_Word_Ratings_3","w03","cogwheel",7,"dredge","dredge","dredge","NOUN"
"OQxE9L7Mw12SKUcq9pZmmo3FxWc2uCuUHaraGy5sZW9vGR9PSug2a5hMNwjVlA5c","English_Word_Ratings_3","w03","cogwheel",8,"duel","duel","duel","NOUN"
"VsSi9vBmSPfWlt7NRbLMin20fVJgh5EyxhB0M3tiDqMhDEh6ip526THZdwm0Gup1","English_Word_Ratings_3","w03","cogwheel",1,"puppet","puppet","puppet","NOUN"
"VsSi9vBmSPfWlt7NRbLMin20fVJgh5EyxhB0M3tiDqMhDEh6ip526THZdwm0Gup1","English_Word_Ratings_3","w03","cogwheel",2,"wheel","wheel","wheel","NOUN"
"VsSi9vBmSPfWlt7NRbLMin20fVJgh5EyxhB0M3tiDqMhDEh6ip526THZdwm0Gup1","English_Word_Ratings_3","w03","cogwheel",4,"upgrade","upgrade","upgrade","NOUN"
"1rQGGdmkluNiDXwCZmvMMjeDbNuEovZX9qG1U4NeMzFi5e2GsTSOsUHnaqrIz503","English_Word_Ratings_3","w03","cogwheel",1,"orgasm","orgasm","orgasm","NOUN"
"1rQGGdmkluNiDXwCZmvMMjeDbNuEovZX9qG1U4NeMzFi5e2GsTSOsUHnaqrIz503","English_Word_Ratings_3","w03","cogwheel",2,"battle","battle","battle","NOUN"
"g4JaB1MgPE1r4qjranCAuVoa3se9LFY4Hw7KnJj9jwqdBHzKOMXyzPkYnLVzXN3b","English_Word_Ratings_3","w03","cogwheel",1,"quilt","quilt","quilt","ADV"
"g4JaB1MgPE1r4qjranCAuVoa3se9LFY4Hw7KnJj9jwqdBHzKOMXyzPkYnLVzXN3b","English_Word_Ratings_3","w03","cogwheel",2,"laugh","laugh","laugh","VERB"
"g4JaB1MgPE1r4qjranCAuVoa3se9LFY4Hw7KnJj9jwqdBHzKOMXyzPkYnLVzXN3b","English_Word_Ratings_3","w03","cogwheel",3,"contain","contain","contain","NOUN"
"g4JaB1MgPE1r4qjranCAuVoa3se9LFY4Hw7KnJj9jwqdBHzKOMXyzPkYnLVzXN3b","English_Word_Ratings_3","w03","cogwheel",4,"but","but","but","CCONJ"
"g4JaB1MgPE1r4qjranCAuVoa3se9LFY4Hw7KnJj9jwqdBHzKOMXyzPkYnLVzXN3b","English_Word_Ratings_3","w03","cogwheel",5,"disassemble","disassemble","disassemble","NOUN"
"sxZt1pXLM7kUV1KxULkPh8B0LAjLRoiJMkJRsCZ73YaImMKyBOOpLKcmQuG6iNZP","English_Word_Ratings_3","w03","cogwheel",3,"hoover","hoover","hoover","NOUN"
"sxZt1pXLM7kUV1KxULkPh8B0LAjLRoiJMkJRsCZ73YaImMKyBOOpLKcmQuG6iNZP","English_Word_Ratings_3","w03","cogwheel",4,"sleep","sleep","sleep","NOUN"
"sxZt1pXLM7kUV1KxULkPh8B0LAjLRoiJMkJRsCZ73YaImMKyBOOpLKcmQuG6iNZP","English_Word_Ratings_3","w03","cogwheel",5,"gel","gel","gel","NOUN"
"A8tz7HX3m2x4GAoKlJAZ1XfBrXKxo5dGxhoV1dKkNdDkugAvJvRJp9tFe33unNJk","English_Word_Ratings_3","w03","cogwheel",1,"unravel","unravel","unravel","NOUN"
"A8tz7HX3m2x4GAoKlJAZ1XfBrXKxo5dGxhoV1dKkNdDkugAvJvRJp9tFe33unNJk","English_Word_Ratings_3","w03","cogwheel",2,"suction","suction","suction","NOUN"
"A8tz7HX3m2x4GAoKlJAZ1XfBrXKxo5dGxhoV1dKkNdDkugAvJvRJp9tFe33unNJk","English_Word_Ratings_3","w03","cogwheel",3,"refridgerate","refrigerate","refrigerate","VERB"
"A8tz7HX3m2x4GAoKlJAZ1XfBrXKxo5dGxhoV1dKkNdDkugAvJvRJp9tFe33unNJk","English_Word_Ratings_3","w03","cogwheel",4,"assemble","assemble","assemble","NOUN"
"iiEF3G6d0Zwa6x3NPBYACZUcLOZpqLcroUzNwnZmTBRu5KQktL3KH9QJT3QpUY37","English_Word_Ratings_3","w03","cogwheel",2,"scream","scream","scream","NOUN"
"iiEF3G6d0Zwa6x3NPBYACZUcLOZpqLcroUzNwnZmTBRu5KQktL3KH9QJT3QpUY37","English_Word_Ratings_3","w03","cogwheel",3,"drill","drill","drill","NOUN"
"yLAv948rJF5uUpOa1azj6ddWWLX7U3KcGrE4Zl3iQSXxsNsEg2B3M4KSURKG8jYP","English_Word_Ratings_3","w03","cogwheel",1,"speech","speech","speech","NOUN"
"yLAv948rJF5uUpOa1azj6ddWWLX7U3KcGrE4Zl3iQSXxsNsEg2B3M4KSURKG8jYP","English_Word_Ratings_3","w03","cogwheel",2,"erection","erection","erection","NOUN"
"yLAv948rJF5uUpOa1azj6ddWWLX7U3KcGrE4Zl3iQSXxsNsEg2B3M4KSURKG8jYP","English_Word_Ratings_3","w03","cogwheel",3,"lather","lather","lather","NOUN"
"yLAv948rJF5uUpOa1azj6ddWWLX7U3KcGrE4Zl3iQSXxsNsEg2B3M4KSURKG8jYP","English_Word_Ratings_3","w03","cogwheel",4,"diary","diary","diary","INTJ"
"v7tq2P9zqG6N3xAH4o8GvO1YBrnWjahz5rdJByCbpdgbhBPOwT65OuHZHKYl1uFR","English_Word_Ratings_3","w03","cogwheel",1,"urinate","urinate","urinate","ADJ"
"v7tq2P9zqG6N3xAH4o8GvO1YBrnWjahz5rdJByCbpdgbhBPOwT65OuHZHKYl1uFR","English_Word_Ratings_3","w03","cogwheel",2,"breakup","breakup","breakup","NOUN"
"d6NyWdJP1bcvb4qi8hcmuNgepBmDczes1g8QpCTab6HT2HBFidygOyOYJg6MzUXt","English_Word_Ratings_3","w03","cogwheel",1,"c;lean","clean","clean","ADJ"
"d6NyWdJP1bcvb4qi8hcmuNgepBmDczes1g8QpCTab6HT2HBFidygOyOYJg6MzUXt","English_Word_Ratings_3","w03","cogwheel",2,"contract","contract","contract","NOUN"
"garnFORYQ61r3wCyh826JKL8aDnIglWYXHz7MSvIQBIC8H32nBUgalgql6gZBzlN","English_Word_Ratings_3","w03","cogwheel",1,"howl","howl","howl","INTJ"
"garnFORYQ61r3wCyh826JKL8aDnIglWYXHz7MSvIQBIC8H32nBUgalgql6gZBzlN","English_Word_Ratings_3","w03","cogwheel",3,"synchronize","synchronize","synchronize","VERB"
"garnFORYQ61r3wCyh826JKL8aDnIglWYXHz7MSvIQBIC8H32nBUgalgql6gZBzlN","English_Word_Ratings_3","w03","cogwheel",4,"memorize","memorize","memorize","NOUN"
"garnFORYQ61r3wCyh826JKL8aDnIglWYXHz7MSvIQBIC8H32nBUgalgql6gZBzlN","English_Word_Ratings_3","w03","cogwheel",5,"perch","perch","perch","NOUN"
"i7gzsiwaaH625g2xHgXMPfOfI6R9h8LKxyKgcR3DppkfqTpYxlpaGNFv4AOTf78v","English_Word_Ratings_3","w03","cogwheel",1,"revive","revive","revive","VERB"
"i7gzsiwaaH625g2xHgXMPfOfI6R9h8LKxyKgcR3DppkfqTpYxlpaGNFv4AOTf78v","English_Word_Ratings_3","w03","cogwheel",2,"receive","receive","receive","VERB"
"wKTNXd6bXFAL8q4qqOh2llgWoCGmV4nmEB8h4ybNDi4oesm36R1MtrSdkxNsLMnC","English_Word_Ratings_3","w03","cogwheel",1,"employ","employ","employ","NOUN"
"wKTNXd6bXFAL8q4qqOh2llgWoCGmV4nmEB8h4ybNDi4oesm36R1MtrSdkxNsLMnC","English_Word_Ratings_3","w03","cogwheel",3,"click","click","click","VERB"
"wKTNXd6bXFAL8q4qqOh2llgWoCGmV4nmEB8h4ybNDi4oesm36R1MtrSdkxNsLMnC","English_Word_Ratings_3","w03","cogwheel",4,"machin","machine","machine","NOUN"
"GoSFbC6zIahLMncIpKDjoQ5dleIxSC8jVVFIn9Km4i5Y1NIhpLJUPrByLuQc21a6","English_Word_Ratings_3","w03","cogwheel",1,"snowangel","snow angel","snow angel","NOUN NOUN"
"GoSFbC6zIahLMncIpKDjoQ5dleIxSC8jVVFIn9Km4i5Y1NIhpLJUPrByLuQc21a6","English_Word_Ratings_3","w03","cogwheel",2,"thrift","thrift","thrift","NOUN"
"GoSFbC6zIahLMncIpKDjoQ5dleIxSC8jVVFIn9Km4i5Y1NIhpLJUPrByLuQc21a6","English_Word_Ratings_3","w03","cogwheel",3,"swing","swing","sw","NOUN"
"GoSFbC6zIahLMncIpKDjoQ5dleIxSC8jVVFIn9Km4i5Y1NIhpLJUPrByLuQc21a6","English_Word_Ratings_3","w03","cogwheel",4,"tape","tape","tape","NOUN"
"sBacIiuSQV6IuSUPRTFQmqG3UmmTN9xKph2xv2OOURpgUNOKXSQsxnE8Saex7WkV","English_Word_Ratings_3","w03","cogwheel",1,"rejoin","rejoin","rejoin","VERB"
"sBacIiuSQV6IuSUPRTFQmqG3UmmTN9xKph2xv2OOURpgUNOKXSQsxnE8Saex7WkV","English_Word_Ratings_3","w03","cogwheel",2,"pop pimple","pop pimple","pop pimple","NOUN NOUN"
"sBacIiuSQV6IuSUPRTFQmqG3UmmTN9xKph2xv2OOURpgUNOKXSQsxnE8Saex7WkV","English_Word_Ratings_3","w03","cogwheel",3,"drift","drift","drift","NOUN"
"sBacIiuSQV6IuSUPRTFQmqG3UmmTN9xKph2xv2OOURpgUNOKXSQsxnE8Saex7WkV","English_Word_Ratings_3","w03","cogwheel",4,"reside","reside","reside","NOUN"
"sBacIiuSQV6IuSUPRTFQmqG3UmmTN9xKph2xv2OOURpgUNOKXSQsxnE8Saex7WkV","English_Word_Ratings_3","w03","cogwheel",5,"spectat","spectate","spectate","NOUN"
"sBacIiuSQV6IuSUPRTFQmqG3UmmTN9xKph2xv2OOURpgUNOKXSQsxnE8Saex7WkV","English_Word_Ratings_3","w03","cogwheel",6,"let go","let go","let go","VERB VERB"
"sBacIiuSQV6IuSUPRTFQmqG3UmmTN9xKph2xv2OOURpgUNOKXSQsxnE8Saex7WkV","English_Word_Ratings_3","w03","cogwheel",7,"control","control","control","NOUN"
"sBacIiuSQV6IuSUPRTFQmqG3UmmTN9xKph2xv2OOURpgUNOKXSQsxnE8Saex7WkV","English_Word_Ratings_3","w03","cogwheel",8,"scout","scout","scout","NOUN"
"sBacIiuSQV6IuSUPRTFQmqG3UmmTN9xKph2xv2OOURpgUNOKXSQsxnE8Saex7WkV","English_Word_Ratings_3","w03","cogwheel",9,"accessorize","accessorize","accessorize","VERB"
"kO56Jn0idpJWnDDMSRMIU9DECzlitjq3w7Z1s2KfSCMDE6YZiy9U0xnv6wljxLlh","English_Word_Ratings_3","w03","cogwheel",1,"measure","measure","measure","NOUN"
"kO56Jn0idpJWnDDMSRMIU9DECzlitjq3w7Z1s2KfSCMDE6YZiy9U0xnv6wljxLlh","English_Word_Ratings_3","w03","cogwheel",2,"orient","orient","orient","ADJ"
"LSuU7j19LztOjJyzbaQVC813k4Xs1HHJRzjUOC3xGQR21Jg71xWUBLSqxxfwF8n3","English_Word_Ratings_3","w03","cogwheel",1,"attendant","attendant","attendant","VERB"
"LSuU7j19LztOjJyzbaQVC813k4Xs1HHJRzjUOC3xGQR21Jg71xWUBLSqxxfwF8n3","English_Word_Ratings_3","w03","cogwheel",2,"scarf","scarf","scarf","NOUN"
"LSuU7j19LztOjJyzbaQVC813k4Xs1HHJRzjUOC3xGQR21Jg71xWUBLSqxxfwF8n3","English_Word_Ratings_3","w03","cogwheel",3,"manscape","mans cape","mans cape","NOUN NOUN"
"YReDSBupRsykKwPjPFxhEKJ9WrWhRKquBSvqA45zIjX2ea9uVVVtSygOIdC1LG2h","English_Word_Ratings_3","w03","cogwheel",1,"shovel","shovel","shovel","NOUN"
"YReDSBupRsykKwPjPFxhEKJ9WrWhRKquBSvqA45zIjX2ea9uVVVtSygOIdC1LG2h","English_Word_Ratings_3","w03","cogwheel",2,"caffeine","caffeine","caffeine","NOUN"
"HgQcnYS7bLBLsGHsEWYXm89MfSMSM8NNKgbmYc1Ws5lXQCnjE1r1xFC1VARqczsu","English_Word_Ratings_3","w03","cogwheel",1,"rant","rant","rant","NOUN"
"HgQcnYS7bLBLsGHsEWYXm89MfSMSM8NNKgbmYc1Ws5lXQCnjE1r1xFC1VARqczsu","English_Word_Ratings_3","w03","cogwheel",2,"tug","tug","tug","NOUN"
"DN6wJxt2qT1Np5PlWQiffYY3Uj2fhio8LP2BS98Ht1WUs0dFRBairReZaXoTmHEP","English_Word_Ratings_3","w03","cogwheel",1,"baton","baton","baton","NOUN"
"DN6wJxt2qT1Np5PlWQiffYY3Uj2fhio8LP2BS98Ht1WUs0dFRBairReZaXoTmHEP","English_Word_Ratings_3","w03","cogwheel",2,"square","square","square","ADJ"
"DN6wJxt2qT1Np5PlWQiffYY3Uj2fhio8LP2BS98Ht1WUs0dFRBairReZaXoTmHEP","English_Word_Ratings_3","w03","cogwheel",3,"hand","hand","hand","NOUN"
"DN6wJxt2qT1Np5PlWQiffYY3Uj2fhio8LP2BS98Ht1WUs0dFRBairReZaXoTmHEP","English_Word_Ratings_3","w03","cogwheel",4,"scurry","scurry","scurry","NOUN"
"DN6wJxt2qT1Np5PlWQiffYY3Uj2fhio8LP2BS98Ht1WUs0dFRBairReZaXoTmHEP","English_Word_Ratings_3","w03","cogwheel",5,"dirty","dirty","dirty","ADJ"
"o5DMFT7lEisuLPj9cmVBQLnIxZkz0iM23cfDJOL9HqvghxE6MFdH5AfsRQ9r0D2j","English_Word_Ratings_3","w03","cogwheel",1,"approve","approve","approve","VERB"
"o5DMFT7lEisuLPj9cmVBQLnIxZkz0iM23cfDJOL9HqvghxE6MFdH5AfsRQ9r0D2j","English_Word_Ratings_3","w03","cogwheel",2,"retrace","retrace","retrace","NOUN"
"o5DMFT7lEisuLPj9cmVBQLnIxZkz0iM23cfDJOL9HqvghxE6MFdH5AfsRQ9r0D2j","English_Word_Ratings_3","w03","cogwheel",3,"lube","lube","lube","NOUN"
"o5DMFT7lEisuLPj9cmVBQLnIxZkz0iM23cfDJOL9HqvghxE6MFdH5AfsRQ9r0D2j","English_Word_Ratings_3","w03","cogwheel",5,"hockey puck","hockey puck","hockey puck","NOUN NOUN"
"FibKe5OYiPqz2UUn75mURehUDCnnAmvduGjCpCkj9jFTXR7BfZxkaHsHG0ZZQtwF","English_Word_Ratings_3","w03","cogwheel",1,"host","host","host","NOUN"
"FibKe5OYiPqz2UUn75mURehUDCnnAmvduGjCpCkj9jFTXR7BfZxkaHsHG0ZZQtwF","English_Word_Ratings_3","w03","cogwheel",2,"therapy","therapy","therapy","NOUN"
"FibKe5OYiPqz2UUn75mURehUDCnnAmvduGjCpCkj9jFTXR7BfZxkaHsHG0ZZQtwF","English_Word_Ratings_3","w03","cogwheel",3,"break fall","break fall","break fall","NOUN NOUN"
"FibKe5OYiPqz2UUn75mURehUDCnnAmvduGjCpCkj9jFTXR7BfZxkaHsHG0ZZQtwF","English_Word_Ratings_3","w03","cogwheel",4,"statement","statement","statement","NOUN"
"50X4V7q3Et1XAYfAEDSwioMfQS8YbRUtzDW2SFCVjvd0kNGpkiwqdWUnTkiNNE80","English_Word_Ratings_3","w03","cogwheel",1,"wellbeing","well being","well be","ADV AUX"
"WERLbHrisM97Sa8njspLxo48hq1D6V8RsVCSTTGotC7HiHvIiUCrNVOlUHbScfKy","English_Word_Ratings_3","w04","tong",1,"clickbait","click bait","click bait","VERB NOUN"
"WERLbHrisM97Sa8njspLxo48hq1D6V8RsVCSTTGotC7HiHvIiUCrNVOlUHbScfKy","English_Word_Ratings_3","w04","tong",2,"emphasize","emphasize","emphasize","NOUN"
"lzZBcD4N5WdlEJp4FXc4WDU0QXXMUZa3saiMJqn8EsCLw7dkUMjuSISR0HfCREb4","English_Word_Ratings_3","w04","tong",1,"accomplish","accomplish","accomplish","NOUN"
"lzZBcD4N5WdlEJp4FXc4WDU0QXXMUZa3saiMJqn8EsCLw7dkUMjuSISR0HfCREb4","English_Word_Ratings_3","w04","tong",2,"outfit","outfit","outfit","NOUN"
"lzZBcD4N5WdlEJp4FXc4WDU0QXXMUZa3saiMJqn8EsCLw7dkUMjuSISR0HfCREb4","English_Word_Ratings_3","w04","tong",3,"guilt","guilt","guilt","NOUN"
"lzZBcD4N5WdlEJp4FXc4WDU0QXXMUZa3saiMJqn8EsCLw7dkUMjuSISR0HfCREb4","English_Word_Ratings_3","w04","tong",4,"commune","commune","commune","NOUN"
"OQxE9L7Mw12SKUcq9pZmmo3FxWc2uCuUHaraGy5sZW9vGR9PSug2a5hMNwjVlA5c","English_Word_Ratings_3","w04","tong",1,"circus act","circus act","circus act","NOUN NOUN"
"OQxE9L7Mw12SKUcq9pZmmo3FxWc2uCuUHaraGy5sZW9vGR9PSug2a5hMNwjVlA5c","English_Word_Ratings_3","w04","tong",2,"quill","quill","quill","ADV"
"OQxE9L7Mw12SKUcq9pZmmo3FxWc2uCuUHaraGy5sZW9vGR9PSug2a5hMNwjVlA5c","English_Word_Ratings_3","w04","tong",3,"measurement","measurement","measurement","NOUN"
"OQxE9L7Mw12SKUcq9pZmmo3FxWc2uCuUHaraGy5sZW9vGR9PSug2a5hMNwjVlA5c","English_Word_Ratings_3","w04","tong",4,"landmark","landmark","landmark","NOUN"
"OQxE9L7Mw12SKUcq9pZmmo3FxWc2uCuUHaraGy5sZW9vGR9PSug2a5hMNwjVlA5c","English_Word_Ratings_3","w04","tong",5,"binn","bin","bin","NOUN"
"OQxE9L7Mw12SKUcq9pZmmo3FxWc2uCuUHaraGy5sZW9vGR9PSug2a5hMNwjVlA5c","English_Word_Ratings_3","w04","tong",6,"trauma","trauma","trauma","NOUN"
"OQxE9L7Mw12SKUcq9pZmmo3FxWc2uCuUHaraGy5sZW9vGR9PSug2a5hMNwjVlA5c","English_Word_Ratings_3","w04","tong",8,"hamburger","hamburger","hamburger","NOUN"
"VsSi9vBmSPfWlt7NRbLMin20fVJgh5EyxhB0M3tiDqMhDEh6ip526THZdwm0Gup1","English_Word_Ratings_3","w04","tong",1,"lwo","low","low","ADJ"
"VsSi9vBmSPfWlt7NRbLMin20fVJgh5EyxhB0M3tiDqMhDEh6ip526THZdwm0Gup1","English_Word_Ratings_3","w04","tong",2,"promotion","promotion","promotion","NOUN"
"VsSi9vBmSPfWlt7NRbLMin20fVJgh5EyxhB0M3tiDqMhDEh6ip526THZdwm0Gup1","English_Word_Ratings_3","w04","tong",3,"handstnd","handstand","handstand","NOUN"
"VsSi9vBmSPfWlt7NRbLMin20fVJgh5EyxhB0M3tiDqMhDEh6ip526THZdwm0Gup1","English_Word_Ratings_3","w04","tong",4,"thigh","thigh","thigh","INTJ"
"1rQGGdmkluNiDXwCZmvMMjeDbNuEovZX9qG1U4NeMzFi5e2GsTSOsUHnaqrIz503","English_Word_Ratings_3","w04","tong",1,"paraglide","para glide","para glide","NOUN NOUN"
"1rQGGdmkluNiDXwCZmvMMjeDbNuEovZX9qG1U4NeMzFi5e2GsTSOsUHnaqrIz503","English_Word_Ratings_3","w04","tong",3,"pickling","pickling","pickling","VERB"
"1rQGGdmkluNiDXwCZmvMMjeDbNuEovZX9qG1U4NeMzFi5e2GsTSOsUHnaqrIz503","English_Word_Ratings_3","w04","tong",4,"rear","rear","rear","ADJ"
"1rQGGdmkluNiDXwCZmvMMjeDbNuEovZX9qG1U4NeMzFi5e2GsTSOsUHnaqrIz503","English_Word_Ratings_3","w04","tong",5,"dgi","dig","dig","X"
"1rQGGdmkluNiDXwCZmvMMjeDbNuEovZX9qG1U4NeMzFi5e2GsTSOsUHnaqrIz503","English_Word_Ratings_3","w04","tong",6,"father","father","father","NOUN"
"1rQGGdmkluNiDXwCZmvMMjeDbNuEovZX9qG1U4NeMzFi5e2GsTSOsUHnaqrIz503","English_Word_Ratings_3","w04","tong",7,"bike","bike","bike","NOUN"
"1rQGGdmkluNiDXwCZmvMMjeDbNuEovZX9qG1U4NeMzFi5e2GsTSOsUHnaqrIz503","English_Word_Ratings_3","w04","tong",8,"despise","despise","despise","NOUN"
"1rQGGdmkluNiDXwCZmvMMjeDbNuEovZX9qG1U4NeMzFi5e2GsTSOsUHnaqrIz503","English_Word_Ratings_3","w04","tong",9,"ride","ride","ride","NOUN"
"g4JaB1MgPE1r4qjranCAuVoa3se9LFY4Hw7KnJj9jwqdBHzKOMXyzPkYnLVzXN3b","English_Word_Ratings_3","w04","tong",1,"canoe","canoe","canoe","NOUN"
"g4JaB1MgPE1r4qjranCAuVoa3se9LFY4Hw7KnJj9jwqdBHzKOMXyzPkYnLVzXN3b","English_Word_Ratings_3","w04","tong",2,"stub","stub","stub","NOUN"
"g4JaB1MgPE1r4qjranCAuVoa3se9LFY4Hw7KnJj9jwqdBHzKOMXyzPkYnLVzXN3b","English_Word_Ratings_3","w04","tong",3,"dream","dream","dream","NOUN"
"g4JaB1MgPE1r4qjranCAuVoa3se9LFY4Hw7KnJj9jwqdBHzKOMXyzPkYnLVzXN3b","English_Word_Ratings_3","w04","tong",4,"stub","stub","stub","NOUN"
"sxZt1pXLM7kUV1KxULkPh8B0LAjLRoiJMkJRsCZ73YaImMKyBOOpLKcmQuG6iNZP","English_Word_Ratings_3","w04","tong",1,"abg","bag","bag","NOUN"
"sxZt1pXLM7kUV1KxULkPh8B0LAjLRoiJMkJRsCZ73YaImMKyBOOpLKcmQuG6iNZP","English_Word_Ratings_3","w04","tong",2,"direct","direct","direct","ADJ"
"sxZt1pXLM7kUV1KxULkPh8B0LAjLRoiJMkJRsCZ73YaImMKyBOOpLKcmQuG6iNZP","English_Word_Ratings_3","w04","tong",3,"bat","bat","bat","NOUN"
"A8tz7HX3m2x4GAoKlJAZ1XfBrXKxo5dGxhoV1dKkNdDkugAvJvRJp9tFe33unNJk","English_Word_Ratings_3","w04","tong",1,"extinguish","extinguish","extinguish","INTJ"
"iiEF3G6d0Zwa6x3NPBYACZUcLOZpqLcroUzNwnZmTBRu5KQktL3KH9QJT3QpUY37","English_Word_Ratings_3","w04","tong",2,"swish","swish","swish","INTJ"
"iiEF3G6d0Zwa6x3NPBYACZUcLOZpqLcroUzNwnZmTBRu5KQktL3KH9QJT3QpUY37","English_Word_Ratings_3","w04","tong",3,"lop","lop","lop","NOUN"
"yLAv948rJF5uUpOa1azj6ddWWLX7U3KcGrE4Zl3iQSXxsNsEg2B3M4KSURKG8jYP","English_Word_Ratings_3","w04","tong",1,"slither","slither","slither","ADJ"
"yLAv948rJF5uUpOa1azj6ddWWLX7U3KcGrE4Zl3iQSXxsNsEg2B3M4KSURKG8jYP","English_Word_Ratings_3","w04","tong",2,"quote","quote","quote","NOUN"
"yLAv948rJF5uUpOa1azj6ddWWLX7U3KcGrE4Zl3iQSXxsNsEg2B3M4KSURKG8jYP","English_Word_Ratings_3","w04","tong",3,"blotch","blotch","blotch","NOUN"
"v7tq2P9zqG6N3xAH4o8GvO1YBrnWjahz5rdJByCbpdgbhBPOwT65OuHZHKYl1uFR","English_Word_Ratings_3","w04","tong",2,"photoshop","photo shop","photo shop","NOUN NOUN"
"v7tq2P9zqG6N3xAH4o8GvO1YBrnWjahz5rdJByCbpdgbhBPOwT65OuHZHKYl1uFR","English_Word_Ratings_3","w04","tong",3,"lemonade","lemonade","lemonade","NOUN"
"v7tq2P9zqG6N3xAH4o8GvO1YBrnWjahz5rdJByCbpdgbhBPOwT65OuHZHKYl1uFR","English_Word_Ratings_3","w04","tong",4,"basketball","basketball","basketball","NOUN"
"v7tq2P9zqG6N3xAH4o8GvO1YBrnWjahz5rdJByCbpdgbhBPOwT65OuHZHKYl1uFR","English_Word_Ratings_3","w04","tong",5,"interact","interact","interact","NOUN"
"v7tq2P9zqG6N3xAH4o8GvO1YBrnWjahz5rdJByCbpdgbhBPOwT65OuHZHKYl1uFR","English_Word_Ratings_3","w04","tong",6,"door stop","door stop","door stop","NOUN NOUN"
"v7tq2P9zqG6N3xAH4o8GvO1YBrnWjahz5rdJByCbpdgbhBPOwT65OuHZHKYl1uFR","English_Word_Ratings_3","w04","tong",7,"urinate","urinate","urinate","ADJ"
"v7tq2P9zqG6N3xAH4o8GvO1YBrnWjahz5rdJByCbpdgbhBPOwT65OuHZHKYl1uFR","English_Word_Ratings_3","w04","tong",8,"jump","jump","jump","VERB"
"v7tq2P9zqG6N3xAH4o8GvO1YBrnWjahz5rdJByCbpdgbhBPOwT65OuHZHKYl1uFR","English_Word_Ratings_3","w04","tong",10,"thanksgive","thanks give","thanks give","NOUN NOUN"
"d6NyWdJP1bcvb4qi8hcmuNgepBmDczes1g8QpCTab6HT2HBFidygOyOYJg6MzUXt","English_Word_Ratings_3","w04","tong",1,"refridgerat","refrigerate","refrigerate","VERB"
"d6NyWdJP1bcvb4qi8hcmuNgepBmDczes1g8QpCTab6HT2HBFidygOyOYJg6MzUXt","English_Word_Ratings_3","w04","tong",2,"interview","interview","interview","NOUN"
"d6NyWdJP1bcvb4qi8hcmuNgepBmDczes1g8QpCTab6HT2HBFidygOyOYJg6MzUXt","English_Word_Ratings_3","w04","tong",3,"paperwork","paperwork","paperwork","NOUN"
"d6NyWdJP1bcvb4qi8hcmuNgepBmDczes1g8QpCTab6HT2HBFidygOyOYJg6MzUXt","English_Word_Ratings_3","w04","tong",5,"rehabilitate","rehabilitate","rehabilitate","NOUN"
"d6NyWdJP1bcvb4qi8hcmuNgepBmDczes1g8QpCTab6HT2HBFidygOyOYJg6MzUXt","English_Word_Ratings_3","w04","tong",6,"warmer","warmer","warmer","ADJ"
"d6NyWdJP1bcvb4qi8hcmuNgepBmDczes1g8QpCTab6HT2HBFidygOyOYJg6MzUXt","English_Word_Ratings_3","w04","tong",7,"brake","brake","brake","NOUN"
"d6NyWdJP1bcvb4qi8hcmuNgepBmDczes1g8QpCTab6HT2HBFidygOyOYJg6MzUXt","English_Word_Ratings_3","w04","tong",8,"ilk","ilk","ilk","NOUN"
"d6NyWdJP1bcvb4qi8hcmuNgepBmDczes1g8QpCTab6HT2HBFidygOyOYJg6MzUXt","English_Word_Ratings_3","w04","tong",9,"thigh","thigh","thigh","INTJ"
"garnFORYQ61r3wCyh826JKL8aDnIglWYXHz7MSvIQBIC8H32nBUgalgql6gZBzlN","English_Word_Ratings_3","w04","tong",1,"horde","horde","horde","NOUN"
"garnFORYQ61r3wCyh826JKL8aDnIglWYXHz7MSvIQBIC8H32nBUgalgql6gZBzlN","English_Word_Ratings_3","w04","tong",2,"loud","loud","loud","ADV"
"garnFORYQ61r3wCyh826JKL8aDnIglWYXHz7MSvIQBIC8H32nBUgalgql6gZBzlN","English_Word_Ratings_3","w04","tong",3,"laundry","laundry","laundry","NOUN"
"garnFORYQ61r3wCyh826JKL8aDnIglWYXHz7MSvIQBIC8H32nBUgalgql6gZBzlN","English_Word_Ratings_3","w04","tong",4,"bit","bit","bit","NOUN"
"garnFORYQ61r3wCyh826JKL8aDnIglWYXHz7MSvIQBIC8H32nBUgalgql6gZBzlN","English_Word_Ratings_3","w04","tong",5,"petition","petition","petition","NOUN"
"i7gzsiwaaH625g2xHgXMPfOfI6R9h8LKxyKgcR3DppkfqTpYxlpaGNFv4AOTf78v","English_Word_Ratings_3","w04","tong",1,"report","report","report","NOUN"
"i7gzsiwaaH625g2xHgXMPfOfI6R9h8LKxyKgcR3DppkfqTpYxlpaGNFv4AOTf78v","English_Word_Ratings_3","w04","tong",2,"twitch","twitch","twitch","NOUN"
"i7gzsiwaaH625g2xHgXMPfOfI6R9h8LKxyKgcR3DppkfqTpYxlpaGNFv4AOTf78v","English_Word_Ratings_3","w04","tong",3,"excercise","exercise","exercise","NOUN"
"wKTNXd6bXFAL8q4qqOh2llgWoCGmV4nmEB8h4ybNDi4oesm36R1MtrSdkxNsLMnC","English_Word_Ratings_3","w04","tong",1,"frighten","frighten","frighten","ADJ"
"wKTNXd6bXFAL8q4qqOh2llgWoCGmV4nmEB8h4ybNDi4oesm36R1MtrSdkxNsLMnC","English_Word_Ratings_3","w04","tong",2,"errand","errand","errand","NOUN"
"wKTNXd6bXFAL8q4qqOh2llgWoCGmV4nmEB8h4ybNDi4oesm36R1MtrSdkxNsLMnC","English_Word_Ratings_3","w04","tong",3,"tugge","tugged","tug","VERB"
"wKTNXd6bXFAL8q4qqOh2llgWoCGmV4nmEB8h4ybNDi4oesm36R1MtrSdkxNsLMnC","English_Word_Ratings_3","w04","tong",4,"bring","bring","bring","VERB"
"wKTNXd6bXFAL8q4qqOh2llgWoCGmV4nmEB8h4ybNDi4oesm36R1MtrSdkxNsLMnC","English_Word_Ratings_3","w04","tong",6,"mention","mention","mention","NOUN"
"wKTNXd6bXFAL8q4qqOh2llgWoCGmV4nmEB8h4ybNDi4oesm36R1MtrSdkxNsLMnC","English_Word_Ratings_3","w04","tong",8,"saftey","safety","safety","NOUN"
"GoSFbC6zIahLMncIpKDjoQ5dleIxSC8jVVFIn9Km4i5Y1NIhpLJUPrByLuQc21a6","English_Word_Ratings_3","w04","tong",1,"playpen","playpen","playpen","VERB"
"GoSFbC6zIahLMncIpKDjoQ5dleIxSC8jVVFIn9Km4i5Y1NIhpLJUPrByLuQc21a6","English_Word_Ratings_3","w04","tong",2,"croak","croak","croak","NOUN"
"GoSFbC6zIahLMncIpKDjoQ5dleIxSC8jVVFIn9Km4i5Y1NIhpLJUPrByLuQc21a6","English_Word_Ratings_3","w04","tong",3,"package","package","package","NOUN"
"sBacIiuSQV6IuSUPRTFQmqG3UmmTN9xKph2xv2OOURpgUNOKXSQsxnE8Saex7WkV","English_Word_Ratings_3","w04","tong",3,"temperature","temperature","temperature","NOUN"
"sBacIiuSQV6IuSUPRTFQmqG3UmmTN9xKph2xv2OOURpgUNOKXSQsxnE8Saex7WkV","English_Word_Ratings_3","w04","tong",4,"refine","refine","refine","INTJ"
"sBacIiuSQV6IuSUPRTFQmqG3UmmTN9xKph2xv2OOURpgUNOKXSQsxnE8Saex7WkV","English_Word_Ratings_3","w04","tong",5,"paddle board","paddle board","paddle board","ADJ NOUN"
"sBacIiuSQV6IuSUPRTFQmqG3UmmTN9xKph2xv2OOURpgUNOKXSQsxnE8Saex7WkV","English_Word_Ratings_3","w04","tong",6,"cope","cope","cope","VERB"
"sBacIiuSQV6IuSUPRTFQmqG3UmmTN9xKph2xv2OOURpgUNOKXSQsxnE8Saex7WkV","English_Word_Ratings_3","w04","tong",7,"tigthen","tighten","tighten","ADJ"
"kO56Jn0idpJWnDDMSRMIU9DECzlitjq3w7Z1s2KfSCMDE6YZiy9U0xnv6wljxLlh","English_Word_Ratings_3","w04","tong",1,"obey","obey","obey","INTJ"
"kO56Jn0idpJWnDDMSRMIU9DECzlitjq3w7Z1s2KfSCMDE6YZiy9U0xnv6wljxLlh","English_Word_Ratings_3","w04","tong",2,"siphon","siphon","siphon","NOUN"
"kO56Jn0idpJWnDDMSRMIU9DECzlitjq3w7Z1s2KfSCMDE6YZiy9U0xnv6wljxLlh","English_Word_Ratings_3","w04","tong",4,"nutrition","nutrition","nutrition","NOUN"
"kO56Jn0idpJWnDDMSRMIU9DECzlitjq3w7Z1s2KfSCMDE6YZiy9U0xnv6wljxLlh","English_Word_Ratings_3","w04","tong",5,"sovlent","solvent","solvent","NOUN"
"LSuU7j19LztOjJyzbaQVC813k4Xs1HHJRzjUOC3xGQR21Jg71xWUBLSqxxfwF8n3","English_Word_Ratings_3","w04","tong",1,"startle","startle","startle","NOUN"
"YReDSBupRsykKwPjPFxhEKJ9WrWhRKquBSvqA45zIjX2ea9uVVVtSygOIdC1LG2h","English_Word_Ratings_3","w04","tong",1,"sell","sell","sell","VERB"
"YReDSBupRsykKwPjPFxhEKJ9WrWhRKquBSvqA45zIjX2ea9uVVVtSygOIdC1LG2h","English_Word_Ratings_3","w04","tong",2,"government","government","government","NOUN"
"YReDSBupRsykKwPjPFxhEKJ9WrWhRKquBSvqA45zIjX2ea9uVVVtSygOIdC1LG2h","English_Word_Ratings_3","w04","tong",3,"cleanse","cleanse","cleanse","NOUN"
"YReDSBupRsykKwPjPFxhEKJ9WrWhRKquBSvqA45zIjX2ea9uVVVtSygOIdC1LG2h","English_Word_Ratings_3","w04","tong",5,"join","join","join","VERB"
"YReDSBupRsykKwPjPFxhEKJ9WrWhRKquBSvqA45zIjX2ea9uVVVtSygOIdC1LG2h","English_Word_Ratings_3","w04","tong",6,"mitigate","mitigate","mitigate","NOUN"
"YReDSBupRsykKwPjPFxhEKJ9WrWhRKquBSvqA45zIjX2ea9uVVVtSygOIdC1LG2h","English_Word_Ratings_3","w04","tong",7,"moisturizer","moisturizer","moisturizer","NOUN"
"YReDSBupRsykKwPjPFxhEKJ9WrWhRKquBSvqA45zIjX2ea9uVVVtSygOIdC1LG2h","English_Word_Ratings_3","w04","tong",8,"note","note","note","NOUN"
"YReDSBupRsykKwPjPFxhEKJ9WrWhRKquBSvqA45zIjX2ea9uVVVtSygOIdC1LG2h","English_Word_Ratings_3","w04","tong",9,"ski","ski","ski","NOUN"
"HgQcnYS7bLBLsGHsEWYXm89MfSMSM8NNKgbmYc1Ws5lXQCnjE1r1xFC1VARqczsu","English_Word_Ratings_3","w04","tong",1,"torture","torture","torture","NOUN"
"HgQcnYS7bLBLsGHsEWYXm89MfSMSM8NNKgbmYc1Ws5lXQCnjE1r1xFC1VARqczsu","English_Word_Ratings_3","w04","tong",2,"meet","meet","meet","VERB"
"HgQcnYS7bLBLsGHsEWYXm89MfSMSM8NNKgbmYc1Ws5lXQCnjE1r1xFC1VARqczsu","English_Word_Ratings_3","w04","tong",4,"light fixture","light fixture","light fixture","NOUN NOUN"
"HgQcnYS7bLBLsGHsEWYXm89MfSMSM8NNKgbmYc1Ws5lXQCnjE1r1xFC1VARqczsu","English_Word_Ratings_3","w04","tong",5,"appeal","appeal","appeal","ADJ"
"HgQcnYS7bLBLsGHsEWYXm89MfSMSM8NNKgbmYc1Ws5lXQCnjE1r1xFC1VARqczsu","English_Word_Ratings_3","w04","tong",6,"sleeping mat","sleeping mat","sleep mat","NOUN NOUN"
"HgQcnYS7bLBLsGHsEWYXm89MfSMSM8NNKgbmYc1Ws5lXQCnjE1r1xFC1VARqczsu","English_Word_Ratings_3","w04","tong",7,"hula hoop","hula hoop","hula hoop","X X"
"HgQcnYS7bLBLsGHsEWYXm89MfSMSM8NNKgbmYc1Ws5lXQCnjE1r1xFC1VARqczsu","English_Word_Ratings_3","w04","tong",8,"considerate","considerate","considerate","VERB"
"HgQcnYS7bLBLsGHsEWYXm89MfSMSM8NNKgbmYc1Ws5lXQCnjE1r1xFC1VARqczsu","English_Word_Ratings_3","w04","tong",9,"gather","gather","gather","NOUN"
"DN6wJxt2qT1Np5PlWQiffYY3Uj2fhio8LP2BS98Ht1WUs0dFRBairReZaXoTmHEP","English_Word_Ratings_3","w04","tong",1,"ote","och","och","NOUN"
"DN6wJxt2qT1Np5PlWQiffYY3Uj2fhio8LP2BS98Ht1WUs0dFRBairReZaXoTmHEP","English_Word_Ratings_3","w04","tong",2,"torture","torture","torture","NOUN"
"DN6wJxt2qT1Np5PlWQiffYY3Uj2fhio8LP2BS98Ht1WUs0dFRBairReZaXoTmHEP","English_Word_Ratings_3","w04","tong",3,"unclip","uncle","uncle","NOUN"
"o5DMFT7lEisuLPj9cmVBQLnIxZkz0iM23cfDJOL9HqvghxE6MFdH5AfsRQ9r0D2j","English_Word_Ratings_3","w04","tong",2,"lip balm","lip balm","lip balm","NOUN NOUN"
"o5DMFT7lEisuLPj9cmVBQLnIxZkz0iM23cfDJOL9HqvghxE6MFdH5AfsRQ9r0D2j","English_Word_Ratings_3","w04","tong",3,"habitat","habitat","habitat","NOUN"
"o5DMFT7lEisuLPj9cmVBQLnIxZkz0iM23cfDJOL9HqvghxE6MFdH5AfsRQ9r0D2j","English_Word_Ratings_3","w04","tong",5,"sandwich","sandwich","sandwich","NOUN"
"o5DMFT7lEisuLPj9cmVBQLnIxZkz0iM23cfDJOL9HqvghxE6MFdH5AfsRQ9r0D2j","English_Word_Ratings_3","w04","tong",6,"progress","progress","progress","NOUN"
"o5DMFT7lEisuLPj9cmVBQLnIxZkz0iM23cfDJOL9HqvghxE6MFdH5AfsRQ9r0D2j","English_Word_Ratings_3","w04","tong",7,"crochet","crochet","crochet","NOUN"
"o5DMFT7lEisuLPj9cmVBQLnIxZkz0iM23cfDJOL9HqvghxE6MFdH5AfsRQ9r0D2j","English_Word_Ratings_3","w04","tong",8,"doze","doze","doze","NOUN"
"FibKe5OYiPqz2UUn75mURehUDCnnAmvduGjCpCkj9jFTXR7BfZxkaHsHG0ZZQtwF","English_Word_Ratings_3","w04","tong",1,"mistake","mistake","mistake","NOUN"
"FibKe5OYiPqz2UUn75mURehUDCnnAmvduGjCpCkj9jFTXR7BfZxkaHsHG0ZZQtwF","English_Word_Ratings_3","w04","tong",2,"rude","rude","rude","ADJ"
"FibKe5OYiPqz2UUn75mURehUDCnnAmvduGjCpCkj9jFTXR7BfZxkaHsHG0ZZQtwF","English_Word_Ratings_3","w04","tong",3,"ind","ind","ind","INTJ"
"FibKe5OYiPqz2UUn75mURehUDCnnAmvduGjCpCkj9jFTXR7BfZxkaHsHG0ZZQtwF","English_Word_Ratings_3","w04","tong",5,"free","free","free","ADJ"
"FibKe5OYiPqz2UUn75mURehUDCnnAmvduGjCpCkj9jFTXR7BfZxkaHsHG0ZZQtwF","English_Word_Ratings_3","w04","tong",6,"income","income","income","NOUN"
"FibKe5OYiPqz2UUn75mURehUDCnnAmvduGjCpCkj9jFTXR7BfZxkaHsHG0ZZQtwF","English_Word_Ratings_3","w04","tong",7,"sneak","sneak","sneak","NOUN"
"FibKe5OYiPqz2UUn75mURehUDCnnAmvduGjCpCkj9jFTXR7BfZxkaHsHG0ZZQtwF","English_Word_Ratings_3","w04","tong",8,"concoct","concoct","concoct","NOUN"
"FibKe5OYiPqz2UUn75mURehUDCnnAmvduGjCpCkj9jFTXR7BfZxkaHsHG0ZZQtwF","English_Word_Ratings_3","w04","tong",9,"constrict","constrict","constrict","NOUN"
"50X4V7q3Et1XAYfAEDSwioMfQS8YbRUtzDW2SFCVjvd0kNGpkiwqdWUnTkiNNE80","English_Word_Ratings_3","w04","tong",1,"match","match","match","NOUN"
"50X4V7q3Et1XAYfAEDSwioMfQS8YbRUtzDW2SFCVjvd0kNGpkiwqdWUnTkiNNE80","English_Word_Ratings_3","w04","tong",2,"endanger","endanger","endanger","NOUN"
"50X4V7q3Et1XAYfAEDSwioMfQS8YbRUtzDW2SFCVjvd0kNGpkiwqdWUnTkiNNE80","English_Word_Ratings_3","w04","tong",3,"detach","detach","detach","NOUN"
"50X4V7q3Et1XAYfAEDSwioMfQS8YbRUtzDW2SFCVjvd0kNGpkiwqdWUnTkiNNE80","English_Word_Ratings_3","w04","tong",4,"manipulat","manipulate","manipulate","VERB"
"WERLbHrisM97Sa8njspLxo48hq1D6V8RsVCSTTGotC7HiHvIiUCrNVOlUHbScfKy","English_Word_Ratings_3","w05","sleeveless",1,"tumble","tumble","tumble","NOUN"
"WERLbHrisM97Sa8njspLxo48hq1D6V8RsVCSTTGotC7HiHvIiUCrNVOlUHbScfKy","English_Word_Ratings_3","w05","sleeveless",2,"plait","plait","plait","NOUN"
"WERLbHrisM97Sa8njspLxo48hq1D6V8RsVCSTTGotC7HiHvIiUCrNVOlUHbScfKy","English_Word_Ratings_3","w05","sleeveless",4,"inseminate","inseminate","inseminate","ADJ"
"WERLbHrisM97Sa8njspLxo48hq1D6V8RsVCSTTGotC7HiHvIiUCrNVOlUHbScfKy","English_Word_Ratings_3","w05","sleeveless",5,"intake","intake","intake","NOUN"
"WERLbHrisM97Sa8njspLxo48hq1D6V8RsVCSTTGotC7HiHvIiUCrNVOlUHbScfKy","English_Word_Ratings_3","w05","sleeveless",6,"note","note","note","NOUN"
"WERLbHrisM97Sa8njspLxo48hq1D6V8RsVCSTTGotC7HiHvIiUCrNVOlUHbScfKy","English_Word_Ratings_3","w05","sleeveless",7,"chase","chase","chase","NOUN"
"lzZBcD4N5WdlEJp4FXc4WDU0QXXMUZa3saiMJqn8EsCLw7dkUMjuSISR0HfCREb4","English_Word_Ratings_3","w05","sleeveless",1,"stroller","stroller","stroller","NOUN"
"lzZBcD4N5WdlEJp4FXc4WDU0QXXMUZa3saiMJqn8EsCLw7dkUMjuSISR0HfCREb4","English_Word_Ratings_3","w05","sleeveless",2,"inhale","inhale","inhale","NOUN"
"lzZBcD4N5WdlEJp4FXc4WDU0QXXMUZa3saiMJqn8EsCLw7dkUMjuSISR0HfCREb4","English_Word_Ratings_3","w05","sleeveless",3,"usurp","usurp","usurp","X"
"lzZBcD4N5WdlEJp4FXc4WDU0QXXMUZa3saiMJqn8EsCLw7dkUMjuSISR0HfCREb4","English_Word_Ratings_3","w05","sleeveless",4,"carry out","carry out","carry out","VERB ADP"
"lzZBcD4N5WdlEJp4FXc4WDU0QXXMUZa3saiMJqn8EsCLw7dkUMjuSISR0HfCREb4","English_Word_Ratings_3","w05","sleeveless",5,"please","please","please","INTJ"
"OQxE9L7Mw12SKUcq9pZmmo3FxWc2uCuUHaraGy5sZW9vGR9PSug2a5hMNwjVlA5c","English_Word_Ratings_3","w05","sleeveless",1,"believe","believe","believe","VERB"
"OQxE9L7Mw12SKUcq9pZmmo3FxWc2uCuUHaraGy5sZW9vGR9PSug2a5hMNwjVlA5c","English_Word_Ratings_3","w05","sleeveless",2,"nostalgia","nostalgia","nostalgia","INTJ"
"OQxE9L7Mw12SKUcq9pZmmo3FxWc2uCuUHaraGy5sZW9vGR9PSug2a5hMNwjVlA5c","English_Word_Ratings_3","w05","sleeveless",3,"ascend","ascend","ascend","NOUN"
"OQxE9L7Mw12SKUcq9pZmmo3FxWc2uCuUHaraGy5sZW9vGR9PSug2a5hMNwjVlA5c","English_Word_Ratings_3","w05","sleeveless",4,"trot","trot","trot","NOUN"
"VsSi9vBmSPfWlt7NRbLMin20fVJgh5EyxhB0M3tiDqMhDEh6ip526THZdwm0Gup1","English_Word_Ratings_3","w05","sleeveless",1,"build","build","build","NOUN"
"VsSi9vBmSPfWlt7NRbLMin20fVJgh5EyxhB0M3tiDqMhDEh6ip526THZdwm0Gup1","English_Word_Ratings_3","w05","sleeveless",2,"discomfort","discomfort","discomfort","NOUN"
"1rQGGdmkluNiDXwCZmvMMjeDbNuEovZX9qG1U4NeMzFi5e2GsTSOsUHnaqrIz503","English_Word_Ratings_3","w05","sleeveless",1,"graffit","graffiti","graffito","INTJ"
"1rQGGdmkluNiDXwCZmvMMjeDbNuEovZX9qG1U4NeMzFi5e2GsTSOsUHnaqrIz503","English_Word_Ratings_3","w05","sleeveless",2,"outfit","outfit","outfit","NOUN"
"1rQGGdmkluNiDXwCZmvMMjeDbNuEovZX9qG1U4NeMzFi5e2GsTSOsUHnaqrIz503","English_Word_Ratings_3","w05","sleeveless",3,"attire","attire","attire","NOUN"
"1rQGGdmkluNiDXwCZmvMMjeDbNuEovZX9qG1U4NeMzFi5e2GsTSOsUHnaqrIz503","English_Word_Ratings_3","w05","sleeveless",4,"textur","texture","texture","NOUN"
"g4JaB1MgPE1r4qjranCAuVoa3se9LFY4Hw7KnJj9jwqdBHzKOMXyzPkYnLVzXN3b","English_Word_Ratings_3","w05","sleeveless",1,"tell","tell","tell","VERB"
"g4JaB1MgPE1r4qjranCAuVoa3se9LFY4Hw7KnJj9jwqdBHzKOMXyzPkYnLVzXN3b","English_Word_Ratings_3","w05","sleeveless",2,"shove","shove","shove","NOUN"
"g4JaB1MgPE1r4qjranCAuVoa3se9LFY4Hw7KnJj9jwqdBHzKOMXyzPkYnLVzXN3b","English_Word_Ratings_3","w05","sleeveless",3,"rtoubleshoot","troubleshoot","troubleshoot","PART"
"g4JaB1MgPE1r4qjranCAuVoa3se9LFY4Hw7KnJj9jwqdBHzKOMXyzPkYnLVzXN3b","English_Word_Ratings_3","w05","sleeveless",4,"accomplice","accomplice","accomplice","NOUN"
"sxZt1pXLM7kUV1KxULkPh8B0LAjLRoiJMkJRsCZ73YaImMKyBOOpLKcmQuG6iNZP","English_Word_Ratings_3","w05","sleeveless",1,"trauma","trauma","trauma","NOUN"
"sxZt1pXLM7kUV1KxULkPh8B0LAjLRoiJMkJRsCZ73YaImMKyBOOpLKcmQuG6iNZP","English_Word_Ratings_3","w05","sleeveless",3,"buckle","buckle","buckle","NOUN"
"sxZt1pXLM7kUV1KxULkPh8B0LAjLRoiJMkJRsCZ73YaImMKyBOOpLKcmQuG6iNZP","English_Word_Ratings_3","w05","sleeveless",4,"exist","exist","exist","VERB"
"sxZt1pXLM7kUV1KxULkPh8B0LAjLRoiJMkJRsCZ73YaImMKyBOOpLKcmQuG6iNZP","English_Word_Ratings_3","w05","sleeveless",5,"refract","refract","refract","VERB"
"sxZt1pXLM7kUV1KxULkPh8B0LAjLRoiJMkJRsCZ73YaImMKyBOOpLKcmQuG6iNZP","English_Word_Ratings_3","w05","sleeveless",6,"rod","rod","rod","NOUN"
"sxZt1pXLM7kUV1KxULkPh8B0LAjLRoiJMkJRsCZ73YaImMKyBOOpLKcmQuG6iNZP","English_Word_Ratings_3","w05","sleeveless",7,"braide","braise","braise","NOUN"
"sxZt1pXLM7kUV1KxULkPh8B0LAjLRoiJMkJRsCZ73YaImMKyBOOpLKcmQuG6iNZP","English_Word_Ratings_3","w05","sleeveless",8,"fund","fund","fund","NOUN"
"sxZt1pXLM7kUV1KxULkPh8B0LAjLRoiJMkJRsCZ73YaImMKyBOOpLKcmQuG6iNZP","English_Word_Ratings_3","w05","sleeveless",9,"slick","slick","slick","ADJ"
"sxZt1pXLM7kUV1KxULkPh8B0LAjLRoiJMkJRsCZ73YaImMKyBOOpLKcmQuG6iNZP","English_Word_Ratings_3","w05","sleeveless",10,"saddle","saddle","saddle","NOUN"
"A8tz7HX3m2x4GAoKlJAZ1XfBrXKxo5dGxhoV1dKkNdDkugAvJvRJp9tFe33unNJk","English_Word_Ratings_3","w05","sleeveless",1,"family","family","family","NOUN"
"A8tz7HX3m2x4GAoKlJAZ1XfBrXKxo5dGxhoV1dKkNdDkugAvJvRJp9tFe33unNJk","English_Word_Ratings_3","w05","sleeveless",2,"explode","explode","explode","NOUN"
"A8tz7HX3m2x4GAoKlJAZ1XfBrXKxo5dGxhoV1dKkNdDkugAvJvRJp9tFe33unNJk","English_Word_Ratings_3","w05","sleeveless",3,"drizzle","drizzle","drizzle","NOUN"
"iiEF3G6d0Zwa6x3NPBYACZUcLOZpqLcroUzNwnZmTBRu5KQktL3KH9QJT3QpUY37","English_Word_Ratings_3","w05","sleeveless",1,"accomplice","accomplice","accomplice","NOUN"
"iiEF3G6d0Zwa6x3NPBYACZUcLOZpqLcroUzNwnZmTBRu5KQktL3KH9QJT3QpUY37","English_Word_Ratings_3","w05","sleeveless",2,"ose","ode","ode","NOUN"
"iiEF3G6d0Zwa6x3NPBYACZUcLOZpqLcroUzNwnZmTBRu5KQktL3KH9QJT3QpUY37","English_Word_Ratings_3","w05","sleeveless",3,"tone","tone","tone","NOUN"
"iiEF3G6d0Zwa6x3NPBYACZUcLOZpqLcroUzNwnZmTBRu5KQktL3KH9QJT3QpUY37","English_Word_Ratings_3","w05","sleeveless",4,"hair tie","hair tie","hair tie","NOUN NOUN"
"iiEF3G6d0Zwa6x3NPBYACZUcLOZpqLcroUzNwnZmTBRu5KQktL3KH9QJT3QpUY37","English_Word_Ratings_3","w05","sleeveless",5,"quiet","quiet","quiet","NOUN"
"yLAv948rJF5uUpOa1azj6ddWWLX7U3KcGrE4Zl3iQSXxsNsEg2B3M4KSURKG8jYP","English_Word_Ratings_3","w05","sleeveless",1,"reduce stress","reduce stress","reduce stress","NOUN NOUN"
"yLAv948rJF5uUpOa1azj6ddWWLX7U3KcGrE4Zl3iQSXxsNsEg2B3M4KSURKG8jYP","English_Word_Ratings_3","w05","sleeveless",2,"testify","testify","testify","VERB"
"yLAv948rJF5uUpOa1azj6ddWWLX7U3KcGrE4Zl3iQSXxsNsEg2B3M4KSURKG8jYP","English_Word_Ratings_3","w05","sleeveless",3,"snowangel","snow angel","snow angel","NOUN NOUN"
"v7tq2P9zqG6N3xAH4o8GvO1YBrnWjahz5rdJByCbpdgbhBPOwT65OuHZHKYl1uFR","English_Word_Ratings_3","w05","sleeveless",1,"hate","hate","hate","NOUN"
"v7tq2P9zqG6N3xAH4o8GvO1YBrnWjahz5rdJByCbpdgbhBPOwT65OuHZHKYl1uFR","English_Word_Ratings_3","w05","sleeveless",2,"grind","grind","grind","INTJ"
"v7tq2P9zqG6N3xAH4o8GvO1YBrnWjahz5rdJByCbpdgbhBPOwT65OuHZHKYl1uFR","English_Word_Ratings_3","w05","sleeveless",4,"grievance","grievance","grievance","NOUN"
"v7tq2P9zqG6N3xAH4o8GvO1YBrnWjahz5rdJByCbpdgbhBPOwT65OuHZHKYl1uFR","English_Word_Ratings_3","w05","sleeveless",5,"graph","graph","graph","NOUN"
"v7tq2P9zqG6N3xAH4o8GvO1YBrnWjahz5rdJByCbpdgbhBPOwT65OuHZHKYl1uFR","English_Word_Ratings_3","w05","sleeveless",6,"acquire","acquire","acquire","VERB"
"d6NyWdJP1bcvb4qi8hcmuNgepBmDczes1g8QpCTab6HT2HBFidygOyOYJg6MzUXt","English_Word_Ratings_3","w05","sleeveless",2,"shinning","shinning","shinning","VERB"
"d6NyWdJP1bcvb4qi8hcmuNgepBmDczes1g8QpCTab6HT2HBFidygOyOYJg6MzUXt","English_Word_Ratings_3","w05","sleeveless",3,"lay out","lay out","lay out","VERB ADV"
"d6NyWdJP1bcvb4qi8hcmuNgepBmDczes1g8QpCTab6HT2HBFidygOyOYJg6MzUXt","English_Word_Ratings_3","w05","sleeveless",4,"insult","insult","insult","NOUN"
"d6NyWdJP1bcvb4qi8hcmuNgepBmDczes1g8QpCTab6HT2HBFidygOyOYJg6MzUXt","English_Word_Ratings_3","w05","sleeveless",5,"show off","show off","show off","VERB ADP"
"d6NyWdJP1bcvb4qi8hcmuNgepBmDczes1g8QpCTab6HT2HBFidygOyOYJg6MzUXt","English_Word_Ratings_3","w05","sleeveless",6,"binn","bin","bin","NOUN"
"d6NyWdJP1bcvb4qi8hcmuNgepBmDczes1g8QpCTab6HT2HBFidygOyOYJg6MzUXt","English_Word_Ratings_3","w05","sleeveless",7,"brainstorm","brainstorm","brainstorm","NOUN"
"d6NyWdJP1bcvb4qi8hcmuNgepBmDczes1g8QpCTab6HT2HBFidygOyOYJg6MzUXt","English_Word_Ratings_3","w05","sleeveless",8,"steam","steam","steam","NOUN"
"garnFORYQ61r3wCyh826JKL8aDnIglWYXHz7MSvIQBIC8H32nBUgalgql6gZBzlN","English_Word_Ratings_3","w05","sleeveless",1,"howl","howl","howl","INTJ"
"garnFORYQ61r3wCyh826JKL8aDnIglWYXHz7MSvIQBIC8H32nBUgalgql6gZBzlN","English_Word_Ratings_3","w05","sleeveless",2,"milk","milk","milk","NOUN"
"garnFORYQ61r3wCyh826JKL8aDnIglWYXHz7MSvIQBIC8H32nBUgalgql6gZBzlN","English_Word_Ratings_3","w05","sleeveless",3,"venom","venom","venom","X"
"garnFORYQ61r3wCyh826JKL8aDnIglWYXHz7MSvIQBIC8H32nBUgalgql6gZBzlN","English_Word_Ratings_3","w05","sleeveless",4,"skate","skate","skate","NOUN"
"garnFORYQ61r3wCyh826JKL8aDnIglWYXHz7MSvIQBIC8H32nBUgalgql6gZBzlN","English_Word_Ratings_3","w05","sleeveless",5,"rude","rude","rude","ADJ"
"garnFORYQ61r3wCyh826JKL8aDnIglWYXHz7MSvIQBIC8H32nBUgalgql6gZBzlN","English_Word_Ratings_3","w05","sleeveless",7,"put together","put together","put together","VERB ADV"
"garnFORYQ61r3wCyh826JKL8aDnIglWYXHz7MSvIQBIC8H32nBUgalgql6gZBzlN","English_Word_Ratings_3","w05","sleeveless",8,"patrol","patrol","patrol","NOUN"
"garnFORYQ61r3wCyh826JKL8aDnIglWYXHz7MSvIQBIC8H32nBUgalgql6gZBzlN","English_Word_Ratings_3","w05","sleeveless",9,"raid","raid","raid","NOUN"
"garnFORYQ61r3wCyh826JKL8aDnIglWYXHz7MSvIQBIC8H32nBUgalgql6gZBzlN","English_Word_Ratings_3","w05","sleeveless",10,"jayawlk","jaywalk","jaywalk","NOUN"
"i7gzsiwaaH625g2xHgXMPfOfI6R9h8LKxyKgcR3DppkfqTpYxlpaGNFv4AOTf78v","English_Word_Ratings_3","w05","sleeveless",1,"construction","construction","construction","NOUN"
"i7gzsiwaaH625g2xHgXMPfOfI6R9h8LKxyKgcR3DppkfqTpYxlpaGNFv4AOTf78v","English_Word_Ratings_3","w05","sleeveless",3,"trace","trace","trace","NOUN"
"i7gzsiwaaH625g2xHgXMPfOfI6R9h8LKxyKgcR3DppkfqTpYxlpaGNFv4AOTf78v","English_Word_Ratings_3","w05","sleeveless",4,"upload","upload","upload","NOUN"
"i7gzsiwaaH625g2xHgXMPfOfI6R9h8LKxyKgcR3DppkfqTpYxlpaGNFv4AOTf78v","English_Word_Ratings_3","w05","sleeveless",5,"yardstick","yardstick","yardstick","NOUN"
"wKTNXd6bXFAL8q4qqOh2llgWoCGmV4nmEB8h4ybNDi4oesm36R1MtrSdkxNsLMnC","English_Word_Ratings_3","w05","sleeveless",1,"conserve","conserve","conserve","VERB"
"wKTNXd6bXFAL8q4qqOh2llgWoCGmV4nmEB8h4ybNDi4oesm36R1MtrSdkxNsLMnC","English_Word_Ratings_3","w05","sleeveless",2,"refurbish","refurbish","refurbish","INTJ"
"wKTNXd6bXFAL8q4qqOh2llgWoCGmV4nmEB8h4ybNDi4oesm36R1MtrSdkxNsLMnC","English_Word_Ratings_3","w05","sleeveless",4,"w","w","with","ADP"
"wKTNXd6bXFAL8q4qqOh2llgWoCGmV4nmEB8h4ybNDi4oesm36R1MtrSdkxNsLMnC","English_Word_Ratings_3","w05","sleeveless",5,"stick","stick","stick","NOUN"
"wKTNXd6bXFAL8q4qqOh2llgWoCGmV4nmEB8h4ybNDi4oesm36R1MtrSdkxNsLMnC","English_Word_Ratings_3","w05","sleeveless",6,"jump start","jump start","jump start","VERB NOUN"
"GoSFbC6zIahLMncIpKDjoQ5dleIxSC8jVVFIn9Km4i5Y1NIhpLJUPrByLuQc21a6","English_Word_Ratings_3","w05","sleeveless",1,"leaky","leaky","leaky","VERB"
"GoSFbC6zIahLMncIpKDjoQ5dleIxSC8jVVFIn9Km4i5Y1NIhpLJUPrByLuQc21a6","English_Word_Ratings_3","w05","sleeveless",2,"bike","bike","bike","NOUN"
"GoSFbC6zIahLMncIpKDjoQ5dleIxSC8jVVFIn9Km4i5Y1NIhpLJUPrByLuQc21a6","English_Word_Ratings_3","w05","sleeveless",4,"honeymoon","honeymoon","honeymoon","NOUN"
"sBacIiuSQV6IuSUPRTFQmqG3UmmTN9xKph2xv2OOURpgUNOKXSQsxnE8Saex7WkV","English_Word_Ratings_3","w05","sleeveless",1,"fod","god","god","PROPN"
"sBacIiuSQV6IuSUPRTFQmqG3UmmTN9xKph2xv2OOURpgUNOKXSQsxnE8Saex7WkV","English_Word_Ratings_3","w05","sleeveless",2,"fist","fist","fist","NOUN"
"kO56Jn0idpJWnDDMSRMIU9DECzlitjq3w7Z1s2KfSCMDE6YZiy9U0xnv6wljxLlh","English_Word_Ratings_3","w05","sleeveless",2,"syrup","syrup","syrup","NOUN"
"kO56Jn0idpJWnDDMSRMIU9DECzlitjq3w7Z1s2KfSCMDE6YZiy9U0xnv6wljxLlh","English_Word_Ratings_3","w05","sleeveless",3,"rest","rest","rest","VERB"
"kO56Jn0idpJWnDDMSRMIU9DECzlitjq3w7Z1s2KfSCMDE6YZiy9U0xnv6wljxLlh","English_Word_Ratings_3","w05","sleeveless",4,"photo","photo","photo","NOUN"
"kO56Jn0idpJWnDDMSRMIU9DECzlitjq3w7Z1s2KfSCMDE6YZiy9U0xnv6wljxLlh","English_Word_Ratings_3","w05","sleeveless",5,"sit on","sit on","sit on","VERB ADP"
"LSuU7j19LztOjJyzbaQVC813k4Xs1HHJRzjUOC3xGQR21Jg71xWUBLSqxxfwF8n3","English_Word_Ratings_3","w05","sleeveless",1,"rever","ever","ever","ADV"
"LSuU7j19LztOjJyzbaQVC813k4Xs1HHJRzjUOC3xGQR21Jg71xWUBLSqxxfwF8n3","English_Word_Ratings_3","w05","sleeveless",2,"fatten","fatten","fatten","ADV"
"LSuU7j19LztOjJyzbaQVC813k4Xs1HHJRzjUOC3xGQR21Jg71xWUBLSqxxfwF8n3","English_Word_Ratings_3","w05","sleeveless",3,"snatch","snatch","snatch","NOUN"
"LSuU7j19LztOjJyzbaQVC813k4Xs1HHJRzjUOC3xGQR21Jg71xWUBLSqxxfwF8n3","English_Word_Ratings_3","w05","sleeveless",4,"leave","leave","leave","VERB"
"YReDSBupRsykKwPjPFxhEKJ9WrWhRKquBSvqA45zIjX2ea9uVVVtSygOIdC1LG2h","English_Word_Ratings_3","w05","sleeveless",1,"whisper","whisper","whisper","NOUN"
"YReDSBupRsykKwPjPFxhEKJ9WrWhRKquBSvqA45zIjX2ea9uVVVtSygOIdC1LG2h","English_Word_Ratings_3","w05","sleeveless",2,"cork","cork","cork","NOUN"
"YReDSBupRsykKwPjPFxhEKJ9WrWhRKquBSvqA45zIjX2ea9uVVVtSygOIdC1LG2h","English_Word_Ratings_3","w05","sleeveless",3,"saucepan","saucepan","saucepan","ADJ"
"YReDSBupRsykKwPjPFxhEKJ9WrWhRKquBSvqA45zIjX2ea9uVVVtSygOIdC1LG2h","English_Word_Ratings_3","w05","sleeveless",4,"sunshine","sunshine","sunshine","NOUN"
"YReDSBupRsykKwPjPFxhEKJ9WrWhRKquBSvqA45zIjX2ea9uVVVtSygOIdC1LG2h","English_Word_Ratings_3","w05","sleeveless",5,"rollerskate","roller skate","roller skate","NOUN NOUN"
"YReDSBupRsykKwPjPFxhEKJ9WrWhRKquBSvqA45zIjX2ea9uVVVtSygOIdC1LG2h","English_Word_Ratings_3","w05","sleeveless",6,"line up","line up","line up","ADV ADV"
"YReDSBupRsykKwPjPFxhEKJ9WrWhRKquBSvqA45zIjX2ea9uVVVtSygOIdC1LG2h","English_Word_Ratings_3","w05","sleeveless",7,"intoxicate","intoxicate","intoxicate","ADJ"
"HgQcnYS7bLBLsGHsEWYXm89MfSMSM8NNKgbmYc1Ws5lXQCnjE1r1xFC1VARqczsu","English_Word_Ratings_3","w05","sleeveless",1,"rule","rule","rule","NOUN"
"HgQcnYS7bLBLsGHsEWYXm89MfSMSM8NNKgbmYc1Ws5lXQCnjE1r1xFC1VARqczsu","English_Word_Ratings_3","w05","sleeveless",2,"open","open","open","ADJ"
"HgQcnYS7bLBLsGHsEWYXm89MfSMSM8NNKgbmYc1Ws5lXQCnjE1r1xFC1VARqczsu","English_Word_Ratings_3","w05","sleeveless",3,"pleate","pleat","pleat","X"
"HgQcnYS7bLBLsGHsEWYXm89MfSMSM8NNKgbmYc1Ws5lXQCnjE1r1xFC1VARqczsu","English_Word_Ratings_3","w05","sleeveless",4,"stain","stain","stain","NOUN"
"DN6wJxt2qT1Np5PlWQiffYY3Uj2fhio8LP2BS98Ht1WUs0dFRBairReZaXoTmHEP","English_Word_Ratings_3","w05","sleeveless",1,"pest control","pest control","pest control","ADJ NOUN"
"DN6wJxt2qT1Np5PlWQiffYY3Uj2fhio8LP2BS98Ht1WUs0dFRBairReZaXoTmHEP","English_Word_Ratings_3","w05","sleeveless",2,"shell","shell","shell","NOUN"
"DN6wJxt2qT1Np5PlWQiffYY3Uj2fhio8LP2BS98Ht1WUs0dFRBairReZaXoTmHEP","English_Word_Ratings_3","w05","sleeveless",3,"redecorate","redecorate","redecorate","VERB"
"DN6wJxt2qT1Np5PlWQiffYY3Uj2fhio8LP2BS98Ht1WUs0dFRBairReZaXoTmHEP","English_Word_Ratings_3","w05","sleeveless",4,"model","model","model","NOUN"
"DN6wJxt2qT1Np5PlWQiffYY3Uj2fhio8LP2BS98Ht1WUs0dFRBairReZaXoTmHEP","English_Word_Ratings_3","w05","sleeveless",5,"luck","luck","luck","NOUN"
"o5DMFT7lEisuLPj9cmVBQLnIxZkz0iM23cfDJOL9HqvghxE6MFdH5AfsRQ9r0D2j","English_Word_Ratings_3","w05","sleeveless",1,"endanger","endanger","endanger","NOUN"
"o5DMFT7lEisuLPj9cmVBQLnIxZkz0iM23cfDJOL9HqvghxE6MFdH5AfsRQ9r0D2j","English_Word_Ratings_3","w05","sleeveless",2,"mess up","mess up","mess up","VERB ADP"
"o5DMFT7lEisuLPj9cmVBQLnIxZkz0iM23cfDJOL9HqvghxE6MFdH5AfsRQ9r0D2j","English_Word_Ratings_3","w05","sleeveless",3,"activity","activity","activity","NOUN"
"o5DMFT7lEisuLPj9cmVBQLnIxZkz0iM23cfDJOL9HqvghxE6MFdH5AfsRQ9r0D2j","English_Word_Ratings_3","w05","sleeveless",4,"caffeinate","caffeinated","caffeinate","VERB"
"o5DMFT7lEisuLPj9cmVBQLnIxZkz0iM23cfDJOL9HqvghxE6MFdH5AfsRQ9r0D2j","English_Word_Ratings_3","w05","sleeveless",5,"put down","put down","put down","VERB ADP"
"FibKe5OYiPqz2UUn75mURehUDCnnAmvduGjCpCkj9jFTXR7BfZxkaHsHG0ZZQtwF","English_Word_Ratings_3","w05","sleeveless",1,"shatter","shatter","shatter","NOUN"
"FibKe5OYiPqz2UUn75mURehUDCnnAmvduGjCpCkj9jFTXR7BfZxkaHsHG0ZZQtwF","English_Word_Ratings_3","w05","sleeveless",2,"slosh","slosh","slosh","INTJ"
"FibKe5OYiPqz2UUn75mURehUDCnnAmvduGjCpCkj9jFTXR7BfZxkaHsHG0ZZQtwF","English_Word_Ratings_3","w05","sleeveless",3,"holler","holler","holler","NOUN"
"FibKe5OYiPqz2UUn75mURehUDCnnAmvduGjCpCkj9jFTXR7BfZxkaHsHG0ZZQtwF","English_Word_Ratings_3","w05","sleeveless",4,"mistreat","mistreat","mistreat","X"
"FibKe5OYiPqz2UUn75mURehUDCnnAmvduGjCpCkj9jFTXR7BfZxkaHsHG0ZZQtwF","English_Word_Ratings_3","w05","sleeveless",5,"howl","howl","howl","INTJ"
"50X4V7q3Et1XAYfAEDSwioMfQS8YbRUtzDW2SFCVjvd0kNGpkiwqdWUnTkiNNE80","English_Word_Ratings_3","w05","sleeveless",1,"negate","negate","negate","NOUN"
"50X4V7q3Et1XAYfAEDSwioMfQS8YbRUtzDW2SFCVjvd0kNGpkiwqdWUnTkiNNE80","English_Word_Ratings_3","w05","sleeveless",2,"undress","undress","undress","NOUN"
"50X4V7q3Et1XAYfAEDSwioMfQS8YbRUtzDW2SFCVjvd0kNGpkiwqdWUnTkiNNE80","English_Word_Ratings_3","w05","sleeveless",3,"loose","loose","loose","ADV"
"WERLbHrisM97Sa8njspLxo48hq1D6V8RsVCSTTGotC7HiHvIiUCrNVOlUHbScfKy","English_Word_Ratings_3","w06","mosque",1,"clout","clout","clout","NOUN"
"WERLbHrisM97Sa8njspLxo48hq1D6V8RsVCSTTGotC7HiHvIiUCrNVOlUHbScfKy","English_Word_Ratings_3","w06","mosque",2,"imprint","imprint","imprint","ADJ"
"lzZBcD4N5WdlEJp4FXc4WDU0QXXMUZa3saiMJqn8EsCLw7dkUMjuSISR0HfCREb4","English_Word_Ratings_3","w06","mosque",1,"struggle","struggle","struggle","NOUN"
"lzZBcD4N5WdlEJp4FXc4WDU0QXXMUZa3saiMJqn8EsCLw7dkUMjuSISR0HfCREb4","English_Word_Ratings_3","w06","mosque",3,"number","number","number","NOUN"
"lzZBcD4N5WdlEJp4FXc4WDU0QXXMUZa3saiMJqn8EsCLw7dkUMjuSISR0HfCREb4","English_Word_Ratings_3","w06","mosque",4,"devoure","devour","devour","NOUN"
"lzZBcD4N5WdlEJp4FXc4WDU0QXXMUZa3saiMJqn8EsCLw7dkUMjuSISR0HfCREb4","English_Word_Ratings_3","w06","mosque",6,"intimidate","intimidate","intimidate","NOUN"
"lzZBcD4N5WdlEJp4FXc4WDU0QXXMUZa3saiMJqn8EsCLw7dkUMjuSISR0HfCREb4","English_Word_Ratings_3","w06","mosque",8,"reassure","reassure","reassure","NOUN"
"OQxE9L7Mw12SKUcq9pZmmo3FxWc2uCuUHaraGy5sZW9vGR9PSug2a5hMNwjVlA5c","English_Word_Ratings_3","w06","mosque",1,"aromatherapy","aromatherapy","aromatherapy","NOUN"
"OQxE9L7Mw12SKUcq9pZmmo3FxWc2uCuUHaraGy5sZW9vGR9PSug2a5hMNwjVlA5c","English_Word_Ratings_3","w06","mosque",2,"tear down","tear down","tear down","VERB ADV"
"OQxE9L7Mw12SKUcq9pZmmo3FxWc2uCuUHaraGy5sZW9vGR9PSug2a5hMNwjVlA5c","English_Word_Ratings_3","w06","mosque",3,"nest","nest","nest","NOUN"
"OQxE9L7Mw12SKUcq9pZmmo3FxWc2uCuUHaraGy5sZW9vGR9PSug2a5hMNwjVlA5c","English_Word_Ratings_3","w06","mosque",5,"dance","dance","dance","NOUN"
"VsSi9vBmSPfWlt7NRbLMin20fVJgh5EyxhB0M3tiDqMhDEh6ip526THZdwm0Gup1","English_Word_Ratings_3","w06","mosque",1,"clink","clink","clink","NOUN"
"VsSi9vBmSPfWlt7NRbLMin20fVJgh5EyxhB0M3tiDqMhDEh6ip526THZdwm0Gup1","English_Word_Ratings_3","w06","mosque",2,"shift","shift","shift","NOUN"
"1rQGGdmkluNiDXwCZmvMMjeDbNuEovZX9qG1U4NeMzFi5e2GsTSOsUHnaqrIz503","English_Word_Ratings_3","w06","mosque",2,"scrutinize","scrutinize","scrutinize","NOUN"
"1rQGGdmkluNiDXwCZmvMMjeDbNuEovZX9qG1U4NeMzFi5e2GsTSOsUHnaqrIz503","English_Word_Ratings_3","w06","mosque",3,"swipe","swipe","swipe","NOUN"
"1rQGGdmkluNiDXwCZmvMMjeDbNuEovZX9qG1U4NeMzFi5e2GsTSOsUHnaqrIz503","English_Word_Ratings_3","w06","mosque",4,"reduce stress","reduce stress","reduce stress","NOUN NOUN"
"g4JaB1MgPE1r4qjranCAuVoa3se9LFY4Hw7KnJj9jwqdBHzKOMXyzPkYnLVzXN3b","English_Word_Ratings_3","w06","mosque",2,"plumb","plumb","plumb","X"
"g4JaB1MgPE1r4qjranCAuVoa3se9LFY4Hw7KnJj9jwqdBHzKOMXyzPkYnLVzXN3b","English_Word_Ratings_3","w06","mosque",3,"nauseate","nauseate","nauseate","NOUN"
"g4JaB1MgPE1r4qjranCAuVoa3se9LFY4Hw7KnJj9jwqdBHzKOMXyzPkYnLVzXN3b","English_Word_Ratings_3","w06","mosque",4,"donate","donate","donate","ADJ"
"g4JaB1MgPE1r4qjranCAuVoa3se9LFY4Hw7KnJj9jwqdBHzKOMXyzPkYnLVzXN3b","English_Word_Ratings_3","w06","mosque",5,"alternate","alternate","alternate","ADJ"
"g4JaB1MgPE1r4qjranCAuVoa3se9LFY4Hw7KnJj9jwqdBHzKOMXyzPkYnLVzXN3b","English_Word_Ratings_3","w06","mosque",6,"set up","set up","set up","VERB ADP"
"sxZt1pXLM7kUV1KxULkPh8B0LAjLRoiJMkJRsCZ73YaImMKyBOOpLKcmQuG6iNZP","English_Word_Ratings_3","w06","mosque",1,"unravel","unravel","unravel","NOUN"
"sxZt1pXLM7kUV1KxULkPh8B0LAjLRoiJMkJRsCZ73YaImMKyBOOpLKcmQuG6iNZP","English_Word_Ratings_3","w06","mosque",2,"modesty","modesty","modesty","NOUN"
"sxZt1pXLM7kUV1KxULkPh8B0LAjLRoiJMkJRsCZ73YaImMKyBOOpLKcmQuG6iNZP","English_Word_Ratings_3","w06","mosque",3,"google","google","google","PROPN"
"sxZt1pXLM7kUV1KxULkPh8B0LAjLRoiJMkJRsCZ73YaImMKyBOOpLKcmQuG6iNZP","English_Word_Ratings_3","w06","mosque",4,"sew","sew","sew","NOUN"
"A8tz7HX3m2x4GAoKlJAZ1XfBrXKxo5dGxhoV1dKkNdDkugAvJvRJp9tFe33unNJk","English_Word_Ratings_3","w06","mosque",2,"cocnlude","conclude","conclude","VERB"
"A8tz7HX3m2x4GAoKlJAZ1XfBrXKxo5dGxhoV1dKkNdDkugAvJvRJp9tFe33unNJk","English_Word_Ratings_3","w06","mosque",3,"puere","puree","puree","NOUN"
"A8tz7HX3m2x4GAoKlJAZ1XfBrXKxo5dGxhoV1dKkNdDkugAvJvRJp9tFe33unNJk","English_Word_Ratings_3","w06","mosque",4,"woodworking","woodworking","woodworking","VERB"
"A8tz7HX3m2x4GAoKlJAZ1XfBrXKxo5dGxhoV1dKkNdDkugAvJvRJp9tFe33unNJk","English_Word_Ratings_3","w06","mosque",5,"sketchbook","sketchbook","sketchbook","VERB"
"iiEF3G6d0Zwa6x3NPBYACZUcLOZpqLcroUzNwnZmTBRu5KQktL3KH9QJT3QpUY37","English_Word_Ratings_3","w06","mosque",1,"skirt","skirt","skirt","NOUN"
"iiEF3G6d0Zwa6x3NPBYACZUcLOZpqLcroUzNwnZmTBRu5KQktL3KH9QJT3QpUY37","English_Word_Ratings_3","w06","mosque",2,"income","income","income","NOUN"
"iiEF3G6d0Zwa6x3NPBYACZUcLOZpqLcroUzNwnZmTBRu5KQktL3KH9QJT3QpUY37","English_Word_Ratings_3","w06","mosque",3,"aesthetic","aesthetic","aesthetic","ADJ"
"yLAv948rJF5uUpOa1azj6ddWWLX7U3KcGrE4Zl3iQSXxsNsEg2B3M4KSURKG8jYP","English_Word_Ratings_3","w06","mosque",1,"showdown","showdown","showdown","NOUN"
"yLAv948rJF5uUpOa1azj6ddWWLX7U3KcGrE4Zl3iQSXxsNsEg2B3M4KSURKG8jYP","English_Word_Ratings_3","w06","mosque",4,"crab","crab","crab","NOUN"
"v7tq2P9zqG6N3xAH4o8GvO1YBrnWjahz5rdJByCbpdgbhBPOwT65OuHZHKYl1uFR","English_Word_Ratings_3","w06","mosque",1,"alternate","alternate","alternate","ADJ"
"v7tq2P9zqG6N3xAH4o8GvO1YBrnWjahz5rdJByCbpdgbhBPOwT65OuHZHKYl1uFR","English_Word_Ratings_3","w06","mosque",2,"point","point","point","NOUN"
"v7tq2P9zqG6N3xAH4o8GvO1YBrnWjahz5rdJByCbpdgbhBPOwT65OuHZHKYl1uFR","English_Word_Ratings_3","w06","mosque",3,"salivate","salivate","salivate","NOUN"
"d6NyWdJP1bcvb4qi8hcmuNgepBmDczes1g8QpCTab6HT2HBFidygOyOYJg6MzUXt","English_Word_Ratings_3","w06","mosque",1,"strum","strum","strum","NOUN"
"d6NyWdJP1bcvb4qi8hcmuNgepBmDczes1g8QpCTab6HT2HBFidygOyOYJg6MzUXt","English_Word_Ratings_3","w06","mosque",2,"put together","put together","put together","VERB ADV"
"d6NyWdJP1bcvb4qi8hcmuNgepBmDczes1g8QpCTab6HT2HBFidygOyOYJg6MzUXt","English_Word_Ratings_3","w06","mosque",3,"flip","flip","flip","VERB"
"garnFORYQ61r3wCyh826JKL8aDnIglWYXHz7MSvIQBIC8H32nBUgalgql6gZBzlN","English_Word_Ratings_3","w06","mosque",1,"alter","alter","alter","NOUN"
"garnFORYQ61r3wCyh826JKL8aDnIglWYXHz7MSvIQBIC8H32nBUgalgql6gZBzlN","English_Word_Ratings_3","w06","mosque",2,"digest","digest","digest","ADJ"
"garnFORYQ61r3wCyh826JKL8aDnIglWYXHz7MSvIQBIC8H32nBUgalgql6gZBzlN","English_Word_Ratings_3","w06","mosque",3,"sicken","sicken","sicken","ADJ"
"garnFORYQ61r3wCyh826JKL8aDnIglWYXHz7MSvIQBIC8H32nBUgalgql6gZBzlN","English_Word_Ratings_3","w06","mosque",4,"employ","employ","employ","NOUN"
"i7gzsiwaaH625g2xHgXMPfOfI6R9h8LKxyKgcR3DppkfqTpYxlpaGNFv4AOTf78v","English_Word_Ratings_3","w06","mosque",1,"flammable","flammable","flammable","ADJ"
"i7gzsiwaaH625g2xHgXMPfOfI6R9h8LKxyKgcR3DppkfqTpYxlpaGNFv4AOTf78v","English_Word_Ratings_3","w06","mosque",3,"exite","exit","exit","NOUN"
"i7gzsiwaaH625g2xHgXMPfOfI6R9h8LKxyKgcR3DppkfqTpYxlpaGNFv4AOTf78v","English_Word_Ratings_3","w06","mosque",4,"catch up","catch up","catch up","VERB ADP"
"wKTNXd6bXFAL8q4qqOh2llgWoCGmV4nmEB8h4ybNDi4oesm36R1MtrSdkxNsLMnC","English_Word_Ratings_3","w06","mosque",1,"show off","show off","show off","VERB ADP"
"wKTNXd6bXFAL8q4qqOh2llgWoCGmV4nmEB8h4ybNDi4oesm36R1MtrSdkxNsLMnC","English_Word_Ratings_3","w06","mosque",2,"location","location","location","NOUN"
"wKTNXd6bXFAL8q4qqOh2llgWoCGmV4nmEB8h4ybNDi4oesm36R1MtrSdkxNsLMnC","English_Word_Ratings_3","w06","mosque",3,"bask","bask","bask","NOUN"
"wKTNXd6bXFAL8q4qqOh2llgWoCGmV4nmEB8h4ybNDi4oesm36R1MtrSdkxNsLMnC","English_Word_Ratings_3","w06","mosque",4,"pillow","pillow","pillow","NOUN"
"GoSFbC6zIahLMncIpKDjoQ5dleIxSC8jVVFIn9Km4i5Y1NIhpLJUPrByLuQc21a6","English_Word_Ratings_3","w06","mosque",1,"birdfeeder","bird feeder","bird feeder","NOUN NOUN"
"GoSFbC6zIahLMncIpKDjoQ5dleIxSC8jVVFIn9Km4i5Y1NIhpLJUPrByLuQc21a6","English_Word_Ratings_3","w06","mosque",2,"swab","swab","swab","X"
"GoSFbC6zIahLMncIpKDjoQ5dleIxSC8jVVFIn9Km4i5Y1NIhpLJUPrByLuQc21a6","English_Word_Ratings_3","w06","mosque",3,"microphone","microphone","microphone","NOUN"
"GoSFbC6zIahLMncIpKDjoQ5dleIxSC8jVVFIn9Km4i5Y1NIhpLJUPrByLuQc21a6","English_Word_Ratings_3","w06","mosque",5,"purpose","purpose","purpose","VERB"
"sBacIiuSQV6IuSUPRTFQmqG3UmmTN9xKph2xv2OOURpgUNOKXSQsxnE8Saex7WkV","English_Word_Ratings_3","w06","mosque",1,"cope","cope","cope","VERB"
"sBacIiuSQV6IuSUPRTFQmqG3UmmTN9xKph2xv2OOURpgUNOKXSQsxnE8Saex7WkV","English_Word_Ratings_3","w06","mosque",2,"tune","tune","tune","NOUN"
"kO56Jn0idpJWnDDMSRMIU9DECzlitjq3w7Z1s2KfSCMDE6YZiy9U0xnv6wljxLlh","English_Word_Ratings_3","w06","mosque",1,"stock","stock","stock","NOUN"
"kO56Jn0idpJWnDDMSRMIU9DECzlitjq3w7Z1s2KfSCMDE6YZiy9U0xnv6wljxLlh","English_Word_Ratings_3","w06","mosque",2,"purpose","purpose","purpose","VERB"
"kO56Jn0idpJWnDDMSRMIU9DECzlitjq3w7Z1s2KfSCMDE6YZiy9U0xnv6wljxLlh","English_Word_Ratings_3","w06","mosque",3,"role play","role play","role play","NOUN NOUN"
"LSuU7j19LztOjJyzbaQVC813k4Xs1HHJRzjUOC3xGQR21Jg71xWUBLSqxxfwF8n3","English_Word_Ratings_3","w06","mosque",1,"alleviate","alleviate","alleviate","NOUN"
"LSuU7j19LztOjJyzbaQVC813k4Xs1HHJRzjUOC3xGQR21Jg71xWUBLSqxxfwF8n3","English_Word_Ratings_3","w06","mosque",2,"immolate","immolate","immolate","ADJ"
"LSuU7j19LztOjJyzbaQVC813k4Xs1HHJRzjUOC3xGQR21Jg71xWUBLSqxxfwF8n3","English_Word_Ratings_3","w06","mosque",3,"dance","dance","dance","NOUN"
"YReDSBupRsykKwPjPFxhEKJ9WrWhRKquBSvqA45zIjX2ea9uVVVtSygOIdC1LG2h","English_Word_Ratings_3","w06","mosque",1,"coordinate","coordinate","coordinate","VERB"
"YReDSBupRsykKwPjPFxhEKJ9WrWhRKquBSvqA45zIjX2ea9uVVVtSygOIdC1LG2h","English_Word_Ratings_3","w06","mosque",2,"chastise","chastise","chastise","NOUN"
"YReDSBupRsykKwPjPFxhEKJ9WrWhRKquBSvqA45zIjX2ea9uVVVtSygOIdC1LG2h","English_Word_Ratings_3","w06","mosque",3,"warm up","warm up","warm up","VERB ADP"
"YReDSBupRsykKwPjPFxhEKJ9WrWhRKquBSvqA45zIjX2ea9uVVVtSygOIdC1LG2h","English_Word_Ratings_3","w06","mosque",4,"laundry","laundry","laundry","NOUN"
"YReDSBupRsykKwPjPFxhEKJ9WrWhRKquBSvqA45zIjX2ea9uVVVtSygOIdC1LG2h","English_Word_Ratings_3","w06","mosque",5,"luck","luck","luck","NOUN"
"YReDSBupRsykKwPjPFxhEKJ9WrWhRKquBSvqA45zIjX2ea9uVVVtSygOIdC1LG2h","English_Word_Ratings_3","w06","mosque",6,"annihilate","annihilate","annihilate","NOUN"
"YReDSBupRsykKwPjPFxhEKJ9WrWhRKquBSvqA45zIjX2ea9uVVVtSygOIdC1LG2h","English_Word_Ratings_3","w06","mosque",7,"link","link","link","NOUN"
"YReDSBupRsykKwPjPFxhEKJ9WrWhRKquBSvqA45zIjX2ea9uVVVtSygOIdC1LG2h","English_Word_Ratings_3","w06","mosque",8,"umbrella","umbrella","umbrella","NOUN"
"YReDSBupRsykKwPjPFxhEKJ9WrWhRKquBSvqA45zIjX2ea9uVVVtSygOIdC1LG2h","English_Word_Ratings_3","w06","mosque",9,"comfortable","comfortable","comfortable","ADJ"
"HgQcnYS7bLBLsGHsEWYXm89MfSMSM8NNKgbmYc1Ws5lXQCnjE1r1xFC1VARqczsu","English_Word_Ratings_3","w06","mosque",1,"rag","rag","rag","NOUN"
"HgQcnYS7bLBLsGHsEWYXm89MfSMSM8NNKgbmYc1Ws5lXQCnjE1r1xFC1VARqczsu","English_Word_Ratings_3","w06","mosque",4,"sip","sip","sip","NOUN"
"DN6wJxt2qT1Np5PlWQiffYY3Uj2fhio8LP2BS98Ht1WUs0dFRBairReZaXoTmHEP","English_Word_Ratings_3","w06","mosque",1,"chastise","chastise","chastise","NOUN"
"DN6wJxt2qT1Np5PlWQiffYY3Uj2fhio8LP2BS98Ht1WUs0dFRBairReZaXoTmHEP","English_Word_Ratings_3","w06","mosque",2,"knock over","knock over","knock over","NOUN ADV"
"DN6wJxt2qT1Np5PlWQiffYY3Uj2fhio8LP2BS98Ht1WUs0dFRBairReZaXoTmHEP","English_Word_Ratings_3","w06","mosque",3,"flirt","flirt","flirt","NOUN"
"DN6wJxt2qT1Np5PlWQiffYY3Uj2fhio8LP2BS98Ht1WUs0dFRBairReZaXoTmHEP","English_Word_Ratings_3","w06","mosque",4,"tithe","tithe","tithe","DET"
"DN6wJxt2qT1Np5PlWQiffYY3Uj2fhio8LP2BS98Ht1WUs0dFRBairReZaXoTmHEP","English_Word_Ratings_3","w06","mosque",5,"terminate","terminate","terminate","NOUN"
"o5DMFT7lEisuLPj9cmVBQLnIxZkz0iM23cfDJOL9HqvghxE6MFdH5AfsRQ9r0D2j","English_Word_Ratings_3","w06","mosque",1,"reveal","reveal","reveal","ADJ"
"o5DMFT7lEisuLPj9cmVBQLnIxZkz0iM23cfDJOL9HqvghxE6MFdH5AfsRQ9r0D2j","English_Word_Ratings_3","w06","mosque",2,"milkshake","milkshake","milkshake","NOUN"
"FibKe5OYiPqz2UUn75mURehUDCnnAmvduGjCpCkj9jFTXR7BfZxkaHsHG0ZZQtwF","English_Word_Ratings_3","w06","mosque",1,"chisel","chisel","chisel","NOUN"
"FibKe5OYiPqz2UUn75mURehUDCnnAmvduGjCpCkj9jFTXR7BfZxkaHsHG0ZZQtwF","English_Word_Ratings_3","w06","mosque",2,"sunbathe","sunbathe","sunbato","NOUN"
"FibKe5OYiPqz2UUn75mURehUDCnnAmvduGjCpCkj9jFTXR7BfZxkaHsHG0ZZQtwF","English_Word_Ratings_3","w06","mosque",3,"st up","st up","st up","VERB ADP"
"50X4V7q3Et1XAYfAEDSwioMfQS8YbRUtzDW2SFCVjvd0kNGpkiwqdWUnTkiNNE80","English_Word_Ratings_3","w06","mosque",2,"plug in","plug in","plug in","VERB ADV"
"50X4V7q3Et1XAYfAEDSwioMfQS8YbRUtzDW2SFCVjvd0kNGpkiwqdWUnTkiNNE80","English_Word_Ratings_3","w06","mosque",3,"pay respect","pay respect","pay respect","VERB NOUN"
"50X4V7q3Et1XAYfAEDSwioMfQS8YbRUtzDW2SFCVjvd0kNGpkiwqdWUnTkiNNE80","English_Word_Ratings_3","w06","mosque",4,"pullup","pull up","pull up","VERB ADP"
"50X4V7q3Et1XAYfAEDSwioMfQS8YbRUtzDW2SFCVjvd0kNGpkiwqdWUnTkiNNE80","English_Word_Ratings_3","w06","mosque",5,"lecture","lecture","lecture","NOUN"
"50X4V7q3Et1XAYfAEDSwioMfQS8YbRUtzDW2SFCVjvd0kNGpkiwqdWUnTkiNNE80","English_Word_Ratings_3","w06","mosque",6,"knock over","knock over","knock over","NOUN ADV"
"50X4V7q3Et1XAYfAEDSwioMfQS8YbRUtzDW2SFCVjvd0kNGpkiwqdWUnTkiNNE80","English_Word_Ratings_3","w06","mosque",7,"nurture","nurture","nurture","VERB"
"50X4V7q3Et1XAYfAEDSwioMfQS8YbRUtzDW2SFCVjvd0kNGpkiwqdWUnTkiNNE80","English_Word_Ratings_3","w06","mosque",8,"promise","promise","promise","NOUN"
"WERLbHrisM97Sa8njspLxo48hq1D6V8RsVCSTTGotC7HiHvIiUCrNVOlUHbScfKy","English_Word_Ratings_3","w07","sunfish",1,"climb","climb","climb","VERB"
"WERLbHrisM97Sa8njspLxo48hq1D6V8RsVCSTTGotC7HiHvIiUCrNVOlUHbScfKy","English_Word_Ratings_3","w07","sunfish",2,"wig","wig","wig","X"
"WERLbHrisM97Sa8njspLxo48hq1D6V8RsVCSTTGotC7HiHvIiUCrNVOlUHbScfKy","English_Word_Ratings_3","w07","sunfish",3,"advisor","advisor","advisor","NOUN"
"WERLbHrisM97Sa8njspLxo48hq1D6V8RsVCSTTGotC7HiHvIiUCrNVOlUHbScfKy","English_Word_Ratings_3","w07","sunfish",4,"gloat","gloat","gloat","NOUN"
"WERLbHrisM97Sa8njspLxo48hq1D6V8RsVCSTTGotC7HiHvIiUCrNVOlUHbScfKy","English_Word_Ratings_3","w07","sunfish",5,"spray","spray","spray","NOUN"
"WERLbHrisM97Sa8njspLxo48hq1D6V8RsVCSTTGotC7HiHvIiUCrNVOlUHbScfKy","English_Word_Ratings_3","w07","sunfish",6,"assort","assort","assort","NOUN"
"lzZBcD4N5WdlEJp4FXc4WDU0QXXMUZa3saiMJqn8EsCLw7dkUMjuSISR0HfCREb4","English_Word_Ratings_3","w07","sunfish",1,"refridgerat","refrigerate","refrigerate","VERB"
"lzZBcD4N5WdlEJp4FXc4WDU0QXXMUZa3saiMJqn8EsCLw7dkUMjuSISR0HfCREb4","English_Word_Ratings_3","w07","sunfish",2,"washer","washer","washer","NOUN"
"OQxE9L7Mw12SKUcq9pZmmo3FxWc2uCuUHaraGy5sZW9vGR9PSug2a5hMNwjVlA5c","English_Word_Ratings_3","w07","sunfish",1,"startle","startle","startle","NOUN"
"OQxE9L7Mw12SKUcq9pZmmo3FxWc2uCuUHaraGy5sZW9vGR9PSug2a5hMNwjVlA5c","English_Word_Ratings_3","w07","sunfish",2,"augment","augment","augment","NOUN"
"OQxE9L7Mw12SKUcq9pZmmo3FxWc2uCuUHaraGy5sZW9vGR9PSug2a5hMNwjVlA5c","English_Word_Ratings_3","w07","sunfish",3,"buzz","buzz","buzz","NOUN"
"OQxE9L7Mw12SKUcq9pZmmo3FxWc2uCuUHaraGy5sZW9vGR9PSug2a5hMNwjVlA5c","English_Word_Ratings_3","w07","sunfish",4,"panic","panic","panic","NOUN"
"VsSi9vBmSPfWlt7NRbLMin20fVJgh5EyxhB0M3tiDqMhDEh6ip526THZdwm0Gup1","English_Word_Ratings_3","w07","sunfish",1,"pull-up","pull-up","pull - up","NOUN PUNCT NOUN"
"VsSi9vBmSPfWlt7NRbLMin20fVJgh5EyxhB0M3tiDqMhDEh6ip526THZdwm0Gup1","English_Word_Ratings_3","w07","sunfish",3,"achery","archery","archery","NOUN"
"VsSi9vBmSPfWlt7NRbLMin20fVJgh5EyxhB0M3tiDqMhDEh6ip526THZdwm0Gup1","English_Word_Ratings_3","w07","sunfish",4,"dilute","dilute","dilute","ADJ"
"VsSi9vBmSPfWlt7NRbLMin20fVJgh5EyxhB0M3tiDqMhDEh6ip526THZdwm0Gup1","English_Word_Ratings_3","w07","sunfish",5,"moo","moo","moo","NOUN"
"1rQGGdmkluNiDXwCZmvMMjeDbNuEovZX9qG1U4NeMzFi5e2GsTSOsUHnaqrIz503","English_Word_Ratings_3","w07","sunfish",1,"herb","herb","herb","X"
"1rQGGdmkluNiDXwCZmvMMjeDbNuEovZX9qG1U4NeMzFi5e2GsTSOsUHnaqrIz503","English_Word_Ratings_3","w07","sunfish",2,"treasur","treasure","treasure","NOUN"
"1rQGGdmkluNiDXwCZmvMMjeDbNuEovZX9qG1U4NeMzFi5e2GsTSOsUHnaqrIz503","English_Word_Ratings_3","w07","sunfish",3,"snipe","snipe","snipe","NOUN"
"1rQGGdmkluNiDXwCZmvMMjeDbNuEovZX9qG1U4NeMzFi5e2GsTSOsUHnaqrIz503","English_Word_Ratings_3","w07","sunfish",4,"bulk","bulk","bulk","NOUN"
"1rQGGdmkluNiDXwCZmvMMjeDbNuEovZX9qG1U4NeMzFi5e2GsTSOsUHnaqrIz503","English_Word_Ratings_3","w07","sunfish",5,"explicit","explicit","explicit","VERB"
"1rQGGdmkluNiDXwCZmvMMjeDbNuEovZX9qG1U4NeMzFi5e2GsTSOsUHnaqrIz503","English_Word_Ratings_3","w07","sunfish",6,"tarp","tarp","tarp","NOUN"
"g4JaB1MgPE1r4qjranCAuVoa3se9LFY4Hw7KnJj9jwqdBHzKOMXyzPkYnLVzXN3b","English_Word_Ratings_3","w07","sunfish",2,"stink","stink","stink","NOUN"
"g4JaB1MgPE1r4qjranCAuVoa3se9LFY4Hw7KnJj9jwqdBHzKOMXyzPkYnLVzXN3b","English_Word_Ratings_3","w07","sunfish",3,"hire","hire","hire","VERB"
"g4JaB1MgPE1r4qjranCAuVoa3se9LFY4Hw7KnJj9jwqdBHzKOMXyzPkYnLVzXN3b","English_Word_Ratings_3","w07","sunfish",4,"high","high","high","INTJ"
"sxZt1pXLM7kUV1KxULkPh8B0LAjLRoiJMkJRsCZ73YaImMKyBOOpLKcmQuG6iNZP","English_Word_Ratings_3","w07","sunfish",2,"oven mitt","oven mitt","oven mitt","ADJ NOUN"
"sxZt1pXLM7kUV1KxULkPh8B0LAjLRoiJMkJRsCZ73YaImMKyBOOpLKcmQuG6iNZP","English_Word_Ratings_3","w07","sunfish",3,"critique","critique","critique","NOUN"
"A8tz7HX3m2x4GAoKlJAZ1XfBrXKxo5dGxhoV1dKkNdDkugAvJvRJp9tFe33unNJk","English_Word_Ratings_3","w07","sunfish",1,"launder","launder","launder","NOUN"
"A8tz7HX3m2x4GAoKlJAZ1XfBrXKxo5dGxhoV1dKkNdDkugAvJvRJp9tFe33unNJk","English_Word_Ratings_3","w07","sunfish",2,"leadership","leadership","leadership","NOUN"
"A8tz7HX3m2x4GAoKlJAZ1XfBrXKxo5dGxhoV1dKkNdDkugAvJvRJp9tFe33unNJk","English_Word_Ratings_3","w07","sunfish",3,"impress","impress","impress","ADJ"
"A8tz7HX3m2x4GAoKlJAZ1XfBrXKxo5dGxhoV1dKkNdDkugAvJvRJp9tFe33unNJk","English_Word_Ratings_3","w07","sunfish",4,"communion","communion","communion","NOUN"
"A8tz7HX3m2x4GAoKlJAZ1XfBrXKxo5dGxhoV1dKkNdDkugAvJvRJp9tFe33unNJk","English_Word_Ratings_3","w07","sunfish",7,"turn in","turn in","turn in","VERB ADP"
"A8tz7HX3m2x4GAoKlJAZ1XfBrXKxo5dGxhoV1dKkNdDkugAvJvRJp9tFe33unNJk","English_Word_Ratings_3","w07","sunfish",8,"soil","soil","soil","NOUN"
"iiEF3G6d0Zwa6x3NPBYACZUcLOZpqLcroUzNwnZmTBRu5KQktL3KH9QJT3QpUY37","English_Word_Ratings_3","w07","sunfish",1,"storage","storage","storage","NOUN"
"iiEF3G6d0Zwa6x3NPBYACZUcLOZpqLcroUzNwnZmTBRu5KQktL3KH9QJT3QpUY37","English_Word_Ratings_3","w07","sunfish",2,"hair cut","hair cut","hair cut","NOUN NOUN"
"iiEF3G6d0Zwa6x3NPBYACZUcLOZpqLcroUzNwnZmTBRu5KQktL3KH9QJT3QpUY37","English_Word_Ratings_3","w07","sunfish",3,"refurbish","refurbish","refurbish","INTJ"
"iiEF3G6d0Zwa6x3NPBYACZUcLOZpqLcroUzNwnZmTBRu5KQktL3KH9QJT3QpUY37","English_Word_Ratings_3","w07","sunfish",4,"oil","oil","oil","NOUN"
"iiEF3G6d0Zwa6x3NPBYACZUcLOZpqLcroUzNwnZmTBRu5KQktL3KH9QJT3QpUY37","English_Word_Ratings_3","w07","sunfish",5,"send away","send away","send away","VERB ADV"
"iiEF3G6d0Zwa6x3NPBYACZUcLOZpqLcroUzNwnZmTBRu5KQktL3KH9QJT3QpUY37","English_Word_Ratings_3","w07","sunfish",6,"soccer","soccer","soccer","NOUN"
"yLAv948rJF5uUpOa1azj6ddWWLX7U3KcGrE4Zl3iQSXxsNsEg2B3M4KSURKG8jYP","English_Word_Ratings_3","w07","sunfish",1,"snowball","snowball","snowball","NOUN"
"yLAv948rJF5uUpOa1azj6ddWWLX7U3KcGrE4Zl3iQSXxsNsEg2B3M4KSURKG8jYP","English_Word_Ratings_3","w07","sunfish",2,"prop","prop","prop","NOUN"
"yLAv948rJF5uUpOa1azj6ddWWLX7U3KcGrE4Zl3iQSXxsNsEg2B3M4KSURKG8jYP","English_Word_Ratings_3","w07","sunfish",3,"sugar","sugar","sugar","NOUN"
"yLAv948rJF5uUpOa1azj6ddWWLX7U3KcGrE4Zl3iQSXxsNsEg2B3M4KSURKG8jYP","English_Word_Ratings_3","w07","sunfish",4,"nut","nut","nut","ADV"
"v7tq2P9zqG6N3xAH4o8GvO1YBrnWjahz5rdJByCbpdgbhBPOwT65OuHZHKYl1uFR","English_Word_Ratings_3","w07","sunfish",1,"write","write","write","X"
"v7tq2P9zqG6N3xAH4o8GvO1YBrnWjahz5rdJByCbpdgbhBPOwT65OuHZHKYl1uFR","English_Word_Ratings_3","w07","sunfish",2,"cash","cash","cash","NOUN"
"v7tq2P9zqG6N3xAH4o8GvO1YBrnWjahz5rdJByCbpdgbhBPOwT65OuHZHKYl1uFR","English_Word_Ratings_3","w07","sunfish",3,"deserve","deserve","deserve","VERB"
"d6NyWdJP1bcvb4qi8hcmuNgepBmDczes1g8QpCTab6HT2HBFidygOyOYJg6MzUXt","English_Word_Ratings_3","w07","sunfish",1,"activity","activity","activity","NOUN"
"d6NyWdJP1bcvb4qi8hcmuNgepBmDczes1g8QpCTab6HT2HBFidygOyOYJg6MzUXt","English_Word_Ratings_3","w07","sunfish",2,"deflate","deflate","deflate","NOUN"
"d6NyWdJP1bcvb4qi8hcmuNgepBmDczes1g8QpCTab6HT2HBFidygOyOYJg6MzUXt","English_Word_Ratings_3","w07","sunfish",3,"saddle","saddle","saddle","NOUN"
"garnFORYQ61r3wCyh826JKL8aDnIglWYXHz7MSvIQBIC8H32nBUgalgql6gZBzlN","English_Word_Ratings_3","w07","sunfish",1,"vent","vent","vent","NOUN"
"garnFORYQ61r3wCyh826JKL8aDnIglWYXHz7MSvIQBIC8H32nBUgalgql6gZBzlN","English_Word_Ratings_3","w07","sunfish",2,"diagnose","diagnose","diagnose","NOUN"
"garnFORYQ61r3wCyh826JKL8aDnIglWYXHz7MSvIQBIC8H32nBUgalgql6gZBzlN","English_Word_Ratings_3","w07","sunfish",3,"cup","cup","cup","NOUN"
"garnFORYQ61r3wCyh826JKL8aDnIglWYXHz7MSvIQBIC8H32nBUgalgql6gZBzlN","English_Word_Ratings_3","w07","sunfish",4,"spank","spank","spank","NOUN"
"garnFORYQ61r3wCyh826JKL8aDnIglWYXHz7MSvIQBIC8H32nBUgalgql6gZBzlN","English_Word_Ratings_3","w07","sunfish",5,"hallucinate","hallucinate","hallucinate","VERB"
"i7gzsiwaaH625g2xHgXMPfOfI6R9h8LKxyKgcR3DppkfqTpYxlpaGNFv4AOTf78v","English_Word_Ratings_3","w07","sunfish",1,"air","air","air","NOUN"
"i7gzsiwaaH625g2xHgXMPfOfI6R9h8LKxyKgcR3DppkfqTpYxlpaGNFv4AOTf78v","English_Word_Ratings_3","w07","sunfish",2,"advocate","advocate","advocate","NOUN"
"i7gzsiwaaH625g2xHgXMPfOfI6R9h8LKxyKgcR3DppkfqTpYxlpaGNFv4AOTf78v","English_Word_Ratings_3","w07","sunfish",3,"secrecy","secrecy","secrecy","NOUN"
"i7gzsiwaaH625g2xHgXMPfOfI6R9h8LKxyKgcR3DppkfqTpYxlpaGNFv4AOTf78v","English_Word_Ratings_3","w07","sunfish",4,"peruse","peruse","peruse","NOUN"
"i7gzsiwaaH625g2xHgXMPfOfI6R9h8LKxyKgcR3DppkfqTpYxlpaGNFv4AOTf78v","English_Word_Ratings_3","w07","sunfish",5,"masturbat","masturbate","masturbate","NOUN"
"i7gzsiwaaH625g2xHgXMPfOfI6R9h8LKxyKgcR3DppkfqTpYxlpaGNFv4AOTf78v","English_Word_Ratings_3","w07","sunfish",6,"critique","critique","critique","NOUN"
"i7gzsiwaaH625g2xHgXMPfOfI6R9h8LKxyKgcR3DppkfqTpYxlpaGNFv4AOTf78v","English_Word_Ratings_3","w07","sunfish",7,"holiday","holiday","holiday","NOUN"
"i7gzsiwaaH625g2xHgXMPfOfI6R9h8LKxyKgcR3DppkfqTpYxlpaGNFv4AOTf78v","English_Word_Ratings_3","w07","sunfish",8,"render","render","render","VERB"
"wKTNXd6bXFAL8q4qqOh2llgWoCGmV4nmEB8h4ybNDi4oesm36R1MtrSdkxNsLMnC","English_Word_Ratings_3","w07","sunfish",1,"bench","bench","bench","NOUN"
"wKTNXd6bXFAL8q4qqOh2llgWoCGmV4nmEB8h4ybNDi4oesm36R1MtrSdkxNsLMnC","English_Word_Ratings_3","w07","sunfish",2,"entertainer","entertainer","entertainer","NOUN"
"wKTNXd6bXFAL8q4qqOh2llgWoCGmV4nmEB8h4ybNDi4oesm36R1MtrSdkxNsLMnC","English_Word_Ratings_3","w07","sunfish",3,"spill on","spill on","spill on","VERB ADP"
"wKTNXd6bXFAL8q4qqOh2llgWoCGmV4nmEB8h4ybNDi4oesm36R1MtrSdkxNsLMnC","English_Word_Ratings_3","w07","sunfish",4,"stationary","stationary","stationary","NOUN"
"wKTNXd6bXFAL8q4qqOh2llgWoCGmV4nmEB8h4ybNDi4oesm36R1MtrSdkxNsLMnC","English_Word_Ratings_3","w07","sunfish",5,"accomplice","accomplice","accomplice","NOUN"
"wKTNXd6bXFAL8q4qqOh2llgWoCGmV4nmEB8h4ybNDi4oesm36R1MtrSdkxNsLMnC","English_Word_Ratings_3","w07","sunfish",6,"protest","protest","protest","ADJ"
"wKTNXd6bXFAL8q4qqOh2llgWoCGmV4nmEB8h4ybNDi4oesm36R1MtrSdkxNsLMnC","English_Word_Ratings_3","w07","sunfish",7,"iritate","irritate","irritate","NOUN"
"wKTNXd6bXFAL8q4qqOh2llgWoCGmV4nmEB8h4ybNDi4oesm36R1MtrSdkxNsLMnC","English_Word_Ratings_3","w07","sunfish",8,"wakeboard","wake board","wake board","VERB NOUN"
"GoSFbC6zIahLMncIpKDjoQ5dleIxSC8jVVFIn9Km4i5Y1NIhpLJUPrByLuQc21a6","English_Word_Ratings_3","w07","sunfish",1,"position","position","position","NOUN"
"GoSFbC6zIahLMncIpKDjoQ5dleIxSC8jVVFIn9Km4i5Y1NIhpLJUPrByLuQc21a6","English_Word_Ratings_3","w07","sunfish",2,"whiten","whiten","whiten","ADV"
"GoSFbC6zIahLMncIpKDjoQ5dleIxSC8jVVFIn9Km4i5Y1NIhpLJUPrByLuQc21a6","English_Word_Ratings_3","w07","sunfish",4,"amuse","amuse","amuse","NOUN"
"sBacIiuSQV6IuSUPRTFQmqG3UmmTN9xKph2xv2OOURpgUNOKXSQsxnE8Saex7WkV","English_Word_Ratings_3","w07","sunfish",1,"reciprocate","reciprocate","reciprocate","NOUN"
"sBacIiuSQV6IuSUPRTFQmqG3UmmTN9xKph2xv2OOURpgUNOKXSQsxnE8Saex7WkV","English_Word_Ratings_3","w07","sunfish",2,"free","free","free","ADJ"
"sBacIiuSQV6IuSUPRTFQmqG3UmmTN9xKph2xv2OOURpgUNOKXSQsxnE8Saex7WkV","English_Word_Ratings_3","w07","sunfish",3,"step in","step in","step in","NOUN ADP"
"sBacIiuSQV6IuSUPRTFQmqG3UmmTN9xKph2xv2OOURpgUNOKXSQsxnE8Saex7WkV","English_Word_Ratings_3","w07","sunfish",4,"bathroom","bathroom","bathroom","NOUN"
"kO56Jn0idpJWnDDMSRMIU9DECzlitjq3w7Z1s2KfSCMDE6YZiy9U0xnv6wljxLlh","English_Word_Ratings_3","w07","sunfish",1,"refridgerat","refrigerate","refrigerate","VERB"
"kO56Jn0idpJWnDDMSRMIU9DECzlitjq3w7Z1s2KfSCMDE6YZiy9U0xnv6wljxLlh","English_Word_Ratings_3","w07","sunfish",2,"state","state","state","NOUN"
"kO56Jn0idpJWnDDMSRMIU9DECzlitjq3w7Z1s2KfSCMDE6YZiy9U0xnv6wljxLlh","English_Word_Ratings_3","w07","sunfish",3,"recuperate","recuperate","recuperate","VERB"
"kO56Jn0idpJWnDDMSRMIU9DECzlitjq3w7Z1s2KfSCMDE6YZiy9U0xnv6wljxLlh","English_Word_Ratings_3","w07","sunfish",4,"cup holder","cup holder","cup holder","NOUN NOUN"
"kO56Jn0idpJWnDDMSRMIU9DECzlitjq3w7Z1s2KfSCMDE6YZiy9U0xnv6wljxLlh","English_Word_Ratings_3","w07","sunfish",5,"bet","bet","bet","NOUN"
"kO56Jn0idpJWnDDMSRMIU9DECzlitjq3w7Z1s2KfSCMDE6YZiy9U0xnv6wljxLlh","English_Word_Ratings_3","w07","sunfish",7,"believe","believe","believe","VERB"
"LSuU7j19LztOjJyzbaQVC813k4Xs1HHJRzjUOC3xGQR21Jg71xWUBLSqxxfwF8n3","English_Word_Ratings_3","w07","sunfish",1,"waste","waste","waste","NOUN"
"LSuU7j19LztOjJyzbaQVC813k4Xs1HHJRzjUOC3xGQR21Jg71xWUBLSqxxfwF8n3","English_Word_Ratings_3","w07","sunfish",2,"memorial","memorial","memorial","ADJ"
"YReDSBupRsykKwPjPFxhEKJ9WrWhRKquBSvqA45zIjX2ea9uVVVtSygOIdC1LG2h","English_Word_Ratings_3","w07","sunfish",1,"barricade","barricade","barricade","NOUN"
"YReDSBupRsykKwPjPFxhEKJ9WrWhRKquBSvqA45zIjX2ea9uVVVtSygOIdC1LG2h","English_Word_Ratings_3","w07","sunfish",2,"slaughter","slaughter","slaughter","NOUN"
"HgQcnYS7bLBLsGHsEWYXm89MfSMSM8NNKgbmYc1Ws5lXQCnjE1r1xFC1VARqczsu","English_Word_Ratings_3","w07","sunfish",1,"tighten","tighten","tighten","ADJ"
"HgQcnYS7bLBLsGHsEWYXm89MfSMSM8NNKgbmYc1Ws5lXQCnjE1r1xFC1VARqczsu","English_Word_Ratings_3","w07","sunfish",2,"headrest","headrest","headrest","ADJ"
"HgQcnYS7bLBLsGHsEWYXm89MfSMSM8NNKgbmYc1Ws5lXQCnjE1r1xFC1VARqczsu","English_Word_Ratings_3","w07","sunfish",3,"break","break","break","NOUN"
"DN6wJxt2qT1Np5PlWQiffYY3Uj2fhio8LP2BS98Ht1WUs0dFRBairReZaXoTmHEP","English_Word_Ratings_3","w07","sunfish",1,"oxygenate","oxygenate","oxygenate","ADJ"
"DN6wJxt2qT1Np5PlWQiffYY3Uj2fhio8LP2BS98Ht1WUs0dFRBairReZaXoTmHEP","English_Word_Ratings_3","w07","sunfish",2,"blow away","blow away","blow away","VERB ADV"
"DN6wJxt2qT1Np5PlWQiffYY3Uj2fhio8LP2BS98Ht1WUs0dFRBairReZaXoTmHEP","English_Word_Ratings_3","w07","sunfish",3,"socalize","socialize","socialize","NOUN"
"o5DMFT7lEisuLPj9cmVBQLnIxZkz0iM23cfDJOL9HqvghxE6MFdH5AfsRQ9r0D2j","English_Word_Ratings_3","w07","sunfish",1,"toll","toll","toll","NOUN"
"o5DMFT7lEisuLPj9cmVBQLnIxZkz0iM23cfDJOL9HqvghxE6MFdH5AfsRQ9r0D2j","English_Word_Ratings_3","w07","sunfish",2,"torch","torch","torch","NOUN"
"o5DMFT7lEisuLPj9cmVBQLnIxZkz0iM23cfDJOL9HqvghxE6MFdH5AfsRQ9r0D2j","English_Word_Ratings_3","w07","sunfish",3,"provoke","provoke","provoke","VERB"
"o5DMFT7lEisuLPj9cmVBQLnIxZkz0iM23cfDJOL9HqvghxE6MFdH5AfsRQ9r0D2j","English_Word_Ratings_3","w07","sunfish",4,"ram","ram","ram","NOUN"
"FibKe5OYiPqz2UUn75mURehUDCnnAmvduGjCpCkj9jFTXR7BfZxkaHsHG0ZZQtwF","English_Word_Ratings_3","w07","sunfish",1,"snake","snake","snake","NOUN"
"FibKe5OYiPqz2UUn75mURehUDCnnAmvduGjCpCkj9jFTXR7BfZxkaHsHG0ZZQtwF","English_Word_Ratings_3","w07","sunfish",2,"account","account","account","NOUN"
"50X4V7q3Et1XAYfAEDSwioMfQS8YbRUtzDW2SFCVjvd0kNGpkiwqdWUnTkiNNE80","English_Word_Ratings_3","w07","sunfish",1,"diminish","diminish","diminish","NOUN"
"50X4V7q3Et1XAYfAEDSwioMfQS8YbRUtzDW2SFCVjvd0kNGpkiwqdWUnTkiNNE80","English_Word_Ratings_3","w07","sunfish",2,"renovate","renovate","renovate","NOUN"
"50X4V7q3Et1XAYfAEDSwioMfQS8YbRUtzDW2SFCVjvd0kNGpkiwqdWUnTkiNNE80","English_Word_Ratings_3","w07","sunfish",3,"exhibit","exhibit","exhibit","NOUN"
"WERLbHrisM97Sa8njspLxo48hq1D6V8RsVCSTTGotC7HiHvIiUCrNVOlUHbScfKy","English_Word_Ratings_3","w08","wolf",1,"run company","run company","run company","NOUN NOUN"
"WERLbHrisM97Sa8njspLxo48hq1D6V8RsVCSTTGotC7HiHvIiUCrNVOlUHbScfKy","English_Word_Ratings_3","w08","wolf",2,"gnaw","gnaw","gnaw","NOUN"
"WERLbHrisM97Sa8njspLxo48hq1D6V8RsVCSTTGotC7HiHvIiUCrNVOlUHbScfKy","English_Word_Ratings_3","w08","wolf",3,"write","write","write","X"
"WERLbHrisM97Sa8njspLxo48hq1D6V8RsVCSTTGotC7HiHvIiUCrNVOlUHbScfKy","English_Word_Ratings_3","w08","wolf",4,"exploit","exploit","exploit","VERB"
"lzZBcD4N5WdlEJp4FXc4WDU0QXXMUZa3saiMJqn8EsCLw7dkUMjuSISR0HfCREb4","English_Word_Ratings_3","w08","wolf",1,"give away","give away","give away","VERB ADV"
"lzZBcD4N5WdlEJp4FXc4WDU0QXXMUZa3saiMJqn8EsCLw7dkUMjuSISR0HfCREb4","English_Word_Ratings_3","w08","wolf",2,"poo","poo","po","INTJ"
"OQxE9L7Mw12SKUcq9pZmmo3FxWc2uCuUHaraGy5sZW9vGR9PSug2a5hMNwjVlA5c","English_Word_Ratings_3","w08","wolf",1,"shower cap","shower cap","shower cap","NOUN NOUN"
"OQxE9L7Mw12SKUcq9pZmmo3FxWc2uCuUHaraGy5sZW9vGR9PSug2a5hMNwjVlA5c","English_Word_Ratings_3","w08","wolf",2,"underwater","underwater","underwater","NOUN"
"OQxE9L7Mw12SKUcq9pZmmo3FxWc2uCuUHaraGy5sZW9vGR9PSug2a5hMNwjVlA5c","English_Word_Ratings_3","w08","wolf",3,"gross out","gross out","gross out","VERB ADP"
"OQxE9L7Mw12SKUcq9pZmmo3FxWc2uCuUHaraGy5sZW9vGR9PSug2a5hMNwjVlA5c","English_Word_Ratings_3","w08","wolf",4,"study","study","study","NOUN"
"OQxE9L7Mw12SKUcq9pZmmo3FxWc2uCuUHaraGy5sZW9vGR9PSug2a5hMNwjVlA5c","English_Word_Ratings_3","w08","wolf",5,"expression","expression","expression","NOUN"
"VsSi9vBmSPfWlt7NRbLMin20fVJgh5EyxhB0M3tiDqMhDEh6ip526THZdwm0Gup1","English_Word_Ratings_3","w08","wolf",1,"amuse","amuse","amuse","NOUN"
"VsSi9vBmSPfWlt7NRbLMin20fVJgh5EyxhB0M3tiDqMhDEh6ip526THZdwm0Gup1","English_Word_Ratings_3","w08","wolf",2,"cue","cue","cue","NOUN"
"VsSi9vBmSPfWlt7NRbLMin20fVJgh5EyxhB0M3tiDqMhDEh6ip526THZdwm0Gup1","English_Word_Ratings_3","w08","wolf",5,"shout","shout","shout","NOUN"
"VsSi9vBmSPfWlt7NRbLMin20fVJgh5EyxhB0M3tiDqMhDEh6ip526THZdwm0Gup1","English_Word_Ratings_3","w08","wolf",6,"plaster","plaster","plaster","NOUN"
"VsSi9vBmSPfWlt7NRbLMin20fVJgh5EyxhB0M3tiDqMhDEh6ip526THZdwm0Gup1","English_Word_Ratings_3","w08","wolf",8,"sour","sour","sour","ADJ"
"VsSi9vBmSPfWlt7NRbLMin20fVJgh5EyxhB0M3tiDqMhDEh6ip526THZdwm0Gup1","English_Word_Ratings_3","w08","wolf",9,"cart","cart","cart","NOUN"
"VsSi9vBmSPfWlt7NRbLMin20fVJgh5EyxhB0M3tiDqMhDEh6ip526THZdwm0Gup1","English_Word_Ratings_3","w08","wolf",10,"dispose","dispose","dispose","NOUN"
"1rQGGdmkluNiDXwCZmvMMjeDbNuEovZX9qG1U4NeMzFi5e2GsTSOsUHnaqrIz503","English_Word_Ratings_3","w08","wolf",1,"eat","eat","eat","VERB"
"1rQGGdmkluNiDXwCZmvMMjeDbNuEovZX9qG1U4NeMzFi5e2GsTSOsUHnaqrIz503","English_Word_Ratings_3","w08","wolf",2,"secret passage","secret passage","secret passage","ADJ NOUN"
"1rQGGdmkluNiDXwCZmvMMjeDbNuEovZX9qG1U4NeMzFi5e2GsTSOsUHnaqrIz503","English_Word_Ratings_3","w08","wolf",3,"number","number","number","NOUN"
"1rQGGdmkluNiDXwCZmvMMjeDbNuEovZX9qG1U4NeMzFi5e2GsTSOsUHnaqrIz503","English_Word_Ratings_3","w08","wolf",4,"outreach","outreach","outreach","NOUN"
"1rQGGdmkluNiDXwCZmvMMjeDbNuEovZX9qG1U4NeMzFi5e2GsTSOsUHnaqrIz503","English_Word_Ratings_3","w08","wolf",5,"embroider","embroider","embroider","NOUN"
"g4JaB1MgPE1r4qjranCAuVoa3se9LFY4Hw7KnJj9jwqdBHzKOMXyzPkYnLVzXN3b","English_Word_Ratings_3","w08","wolf",1,"corral","corral","corral","ADJ"
"g4JaB1MgPE1r4qjranCAuVoa3se9LFY4Hw7KnJj9jwqdBHzKOMXyzPkYnLVzXN3b","English_Word_Ratings_3","w08","wolf",2,"self-esteem","self-esteem","self - esteem","NOUN PUNCT NOUN"
"g4JaB1MgPE1r4qjranCAuVoa3se9LFY4Hw7KnJj9jwqdBHzKOMXyzPkYnLVzXN3b","English_Word_Ratings_3","w08","wolf",3,"rag","rag","rag","NOUN"
"g4JaB1MgPE1r4qjranCAuVoa3se9LFY4Hw7KnJj9jwqdBHzKOMXyzPkYnLVzXN3b","English_Word_Ratings_3","w08","wolf",4,"ensure","ensure","ensure","VERB"
"g4JaB1MgPE1r4qjranCAuVoa3se9LFY4Hw7KnJj9jwqdBHzKOMXyzPkYnLVzXN3b","English_Word_Ratings_3","w08","wolf",5,"action","action","action","NOUN"
"g4JaB1MgPE1r4qjranCAuVoa3se9LFY4Hw7KnJj9jwqdBHzKOMXyzPkYnLVzXN3b","English_Word_Ratings_3","w08","wolf",6,"responsibility","responsibility","responsibility","NOUN"
"sxZt1pXLM7kUV1KxULkPh8B0LAjLRoiJMkJRsCZ73YaImMKyBOOpLKcmQuG6iNZP","English_Word_Ratings_3","w08","wolf",1,"archaeology","archaeology","archaeology","NOUN"
"sxZt1pXLM7kUV1KxULkPh8B0LAjLRoiJMkJRsCZ73YaImMKyBOOpLKcmQuG6iNZP","English_Word_Ratings_3","w08","wolf",2,"stalk","stalk","stalk","NOUN"
"sxZt1pXLM7kUV1KxULkPh8B0LAjLRoiJMkJRsCZ73YaImMKyBOOpLKcmQuG6iNZP","English_Word_Ratings_3","w08","wolf",3,"process","process","process","NOUN"
"sxZt1pXLM7kUV1KxULkPh8B0LAjLRoiJMkJRsCZ73YaImMKyBOOpLKcmQuG6iNZP","English_Word_Ratings_3","w08","wolf",4,"plant","plant","plant","NOUN"
"sxZt1pXLM7kUV1KxULkPh8B0LAjLRoiJMkJRsCZ73YaImMKyBOOpLKcmQuG6iNZP","English_Word_Ratings_3","w08","wolf",5,"parasailing","parasailing","parasailing","NOUN"
"sxZt1pXLM7kUV1KxULkPh8B0LAjLRoiJMkJRsCZ73YaImMKyBOOpLKcmQuG6iNZP","English_Word_Ratings_3","w08","wolf",6,"contribute","contribute","contribute","NOUN"
"sxZt1pXLM7kUV1KxULkPh8B0LAjLRoiJMkJRsCZ73YaImMKyBOOpLKcmQuG6iNZP","English_Word_Ratings_3","w08","wolf",7,"herb","herb","herb","X"
"sxZt1pXLM7kUV1KxULkPh8B0LAjLRoiJMkJRsCZ73YaImMKyBOOpLKcmQuG6iNZP","English_Word_Ratings_3","w08","wolf",8,"deodorize","deodorize","deodorize","NOUN"
"sxZt1pXLM7kUV1KxULkPh8B0LAjLRoiJMkJRsCZ73YaImMKyBOOpLKcmQuG6iNZP","English_Word_Ratings_3","w08","wolf",9,"instert","insert","insert","VERB"
"A8tz7HX3m2x4GAoKlJAZ1XfBrXKxo5dGxhoV1dKkNdDkugAvJvRJp9tFe33unNJk","English_Word_Ratings_3","w08","wolf",2,"forget","forget","forget","VERB"
"iiEF3G6d0Zwa6x3NPBYACZUcLOZpqLcroUzNwnZmTBRu5KQktL3KH9QJT3QpUY37","English_Word_Ratings_3","w08","wolf",2,"fellowship","fellowship","fellowship","NOUN"
"iiEF3G6d0Zwa6x3NPBYACZUcLOZpqLcroUzNwnZmTBRu5KQktL3KH9QJT3QpUY37","English_Word_Ratings_3","w08","wolf",3,"foundation","foundation","foundation","NOUN"
"yLAv948rJF5uUpOa1azj6ddWWLX7U3KcGrE4Zl3iQSXxsNsEg2B3M4KSURKG8jYP","English_Word_Ratings_3","w08","wolf",1,"update","update","update","NOUN"
"yLAv948rJF5uUpOa1azj6ddWWLX7U3KcGrE4Zl3iQSXxsNsEg2B3M4KSURKG8jYP","English_Word_Ratings_3","w08","wolf",2,"asphyxiate","asphyxiate","asphyxiate","NOUN"
"v7tq2P9zqG6N3xAH4o8GvO1YBrnWjahz5rdJByCbpdgbhBPOwT65OuHZHKYl1uFR","English_Word_Ratings_3","w08","wolf",1,"grievance","grievance","grievance","NOUN"
"v7tq2P9zqG6N3xAH4o8GvO1YBrnWjahz5rdJByCbpdgbhBPOwT65OuHZHKYl1uFR","English_Word_Ratings_3","w08","wolf",2,"posture","posture","posture","NOUN"
"d6NyWdJP1bcvb4qi8hcmuNgepBmDczes1g8QpCTab6HT2HBFidygOyOYJg6MzUXt","English_Word_Ratings_3","w08","wolf",1,"potty train","potty train","potty train","NOUN NOUN"
"d6NyWdJP1bcvb4qi8hcmuNgepBmDczes1g8QpCTab6HT2HBFidygOyOYJg6MzUXt","English_Word_Ratings_3","w08","wolf",2,"device","device","device","NOUN"
"d6NyWdJP1bcvb4qi8hcmuNgepBmDczes1g8QpCTab6HT2HBFidygOyOYJg6MzUXt","English_Word_Ratings_3","w08","wolf",3,"pike","pike","pike","NOUN"
"d6NyWdJP1bcvb4qi8hcmuNgepBmDczes1g8QpCTab6HT2HBFidygOyOYJg6MzUXt","English_Word_Ratings_3","w08","wolf",4,"take up space","take up space","take up space","VERB ADP NOUN"
"d6NyWdJP1bcvb4qi8hcmuNgepBmDczes1g8QpCTab6HT2HBFidygOyOYJg6MzUXt","English_Word_Ratings_3","w08","wolf",5,"poo","poo","po","INTJ"
"garnFORYQ61r3wCyh826JKL8aDnIglWYXHz7MSvIQBIC8H32nBUgalgql6gZBzlN","English_Word_Ratings_3","w08","wolf",1,"liquidate","liquidate","liquidate","NOUN"
"garnFORYQ61r3wCyh826JKL8aDnIglWYXHz7MSvIQBIC8H32nBUgalgql6gZBzlN","English_Word_Ratings_3","w08","wolf",2,"ach","ate","eat","VERB"
"garnFORYQ61r3wCyh826JKL8aDnIglWYXHz7MSvIQBIC8H32nBUgalgql6gZBzlN","English_Word_Ratings_3","w08","wolf",3,"disclose","disclose","disclose","VERB"
"garnFORYQ61r3wCyh826JKL8aDnIglWYXHz7MSvIQBIC8H32nBUgalgql6gZBzlN","English_Word_Ratings_3","w08","wolf",4,"mourn","mourn","mourn","NOUN"
"garnFORYQ61r3wCyh826JKL8aDnIglWYXHz7MSvIQBIC8H32nBUgalgql6gZBzlN","English_Word_Ratings_3","w08","wolf",5,"cricket","cricket","cricket","NOUN"
"garnFORYQ61r3wCyh826JKL8aDnIglWYXHz7MSvIQBIC8H32nBUgalgql6gZBzlN","English_Word_Ratings_3","w08","wolf",6,"block noise","block noise","block noise","NOUN NOUN"
"garnFORYQ61r3wCyh826JKL8aDnIglWYXHz7MSvIQBIC8H32nBUgalgql6gZBzlN","English_Word_Ratings_3","w08","wolf",7,"brother","brother","brother","NOUN"
"garnFORYQ61r3wCyh826JKL8aDnIglWYXHz7MSvIQBIC8H32nBUgalgql6gZBzlN","English_Word_Ratings_3","w08","wolf",8,"tighten","tighten","tighten","ADJ"
"garnFORYQ61r3wCyh826JKL8aDnIglWYXHz7MSvIQBIC8H32nBUgalgql6gZBzlN","English_Word_Ratings_3","w08","wolf",9,"quiet","quiet","quiet","NOUN"
"garnFORYQ61r3wCyh826JKL8aDnIglWYXHz7MSvIQBIC8H32nBUgalgql6gZBzlN","English_Word_Ratings_3","w08","wolf",10,"permission","permission","permission","NOUN"
"i7gzsiwaaH625g2xHgXMPfOfI6R9h8LKxyKgcR3DppkfqTpYxlpaGNFv4AOTf78v","English_Word_Ratings_3","w08","wolf",1,"hear","hear","hear","VERB"
"i7gzsiwaaH625g2xHgXMPfOfI6R9h8LKxyKgcR3DppkfqTpYxlpaGNFv4AOTf78v","English_Word_Ratings_3","w08","wolf",2,"barbecue","barbecue","barbecue","NOUN"
"i7gzsiwaaH625g2xHgXMPfOfI6R9h8LKxyKgcR3DppkfqTpYxlpaGNFv4AOTf78v","English_Word_Ratings_3","w08","wolf",3,"sickness","sickness","sickness","NOUN"
"i7gzsiwaaH625g2xHgXMPfOfI6R9h8LKxyKgcR3DppkfqTpYxlpaGNFv4AOTf78v","English_Word_Ratings_3","w08","wolf",4,"nai","nail","nail","NOUN"
"i7gzsiwaaH625g2xHgXMPfOfI6R9h8LKxyKgcR3DppkfqTpYxlpaGNFv4AOTf78v","English_Word_Ratings_3","w08","wolf",5,"lesson","lesson","lesson","NOUN"
"i7gzsiwaaH625g2xHgXMPfOfI6R9h8LKxyKgcR3DppkfqTpYxlpaGNFv4AOTf78v","English_Word_Ratings_3","w08","wolf",6,"expire","expire","expire","VERB"
"i7gzsiwaaH625g2xHgXMPfOfI6R9h8LKxyKgcR3DppkfqTpYxlpaGNFv4AOTf78v","English_Word_Ratings_3","w08","wolf",8,"stress relief","stress relief","stress relief","NOUN NOUN"
"wKTNXd6bXFAL8q4qqOh2llgWoCGmV4nmEB8h4ybNDi4oesm36R1MtrSdkxNsLMnC","English_Word_Ratings_3","w08","wolf",1,"vanish","vanish","vanish","VERB"
"wKTNXd6bXFAL8q4qqOh2llgWoCGmV4nmEB8h4ybNDi4oesm36R1MtrSdkxNsLMnC","English_Word_Ratings_3","w08","wolf",2,"guacaole","guacamole","guacamole","NOUN"
"wKTNXd6bXFAL8q4qqOh2llgWoCGmV4nmEB8h4ybNDi4oesm36R1MtrSdkxNsLMnC","English_Word_Ratings_3","w08","wolf",3,"pucker","pucker","pucker","NOUN"
"wKTNXd6bXFAL8q4qqOh2llgWoCGmV4nmEB8h4ybNDi4oesm36R1MtrSdkxNsLMnC","English_Word_Ratings_3","w08","wolf",4,"office","office","office","NOUN"
"wKTNXd6bXFAL8q4qqOh2llgWoCGmV4nmEB8h4ybNDi4oesm36R1MtrSdkxNsLMnC","English_Word_Ratings_3","w08","wolf",5,"cat bed","cat bed","cat bed","NOUN NOUN"
"wKTNXd6bXFAL8q4qqOh2llgWoCGmV4nmEB8h4ybNDi4oesm36R1MtrSdkxNsLMnC","English_Word_Ratings_3","w08","wolf",6,"flatten","flatten","flatten","ADJ"
"wKTNXd6bXFAL8q4qqOh2llgWoCGmV4nmEB8h4ybNDi4oesm36R1MtrSdkxNsLMnC","English_Word_Ratings_3","w08","wolf",7,"rid","rid","rid","ADJ"
"wKTNXd6bXFAL8q4qqOh2llgWoCGmV4nmEB8h4ybNDi4oesm36R1MtrSdkxNsLMnC","English_Word_Ratings_3","w08","wolf",8,"floss","floss","floss","NOUN"
"wKTNXd6bXFAL8q4qqOh2llgWoCGmV4nmEB8h4ybNDi4oesm36R1MtrSdkxNsLMnC","English_Word_Ratings_3","w08","wolf",9,"hinge","hinge","hinge","NOUN"
"wKTNXd6bXFAL8q4qqOh2llgWoCGmV4nmEB8h4ybNDi4oesm36R1MtrSdkxNsLMnC","English_Word_Ratings_3","w08","wolf",10,"spectate","spectate","spectate","NOUN"
"GoSFbC6zIahLMncIpKDjoQ5dleIxSC8jVVFIn9Km4i5Y1NIhpLJUPrByLuQc21a6","English_Word_Ratings_3","w08","wolf",1,"weed","weed","we","VERB"
"GoSFbC6zIahLMncIpKDjoQ5dleIxSC8jVVFIn9Km4i5Y1NIhpLJUPrByLuQc21a6","English_Word_Ratings_3","w08","wolf",3,"exclaim","exclaim","exclaim","X"
"GoSFbC6zIahLMncIpKDjoQ5dleIxSC8jVVFIn9Km4i5Y1NIhpLJUPrByLuQc21a6","English_Word_Ratings_3","w08","wolf",4,"trick or treat","trick or treat","trick or treat","VERB CCONJ VERB"
"sBacIiuSQV6IuSUPRTFQmqG3UmmTN9xKph2xv2OOURpgUNOKXSQsxnE8Saex7WkV","English_Word_Ratings_3","w08","wolf",1,"but","but","but","CCONJ"
"sBacIiuSQV6IuSUPRTFQmqG3UmmTN9xKph2xv2OOURpgUNOKXSQsxnE8Saex7WkV","English_Word_Ratings_3","w08","wolf",3,"authority","authority","authority","NOUN"
"sBacIiuSQV6IuSUPRTFQmqG3UmmTN9xKph2xv2OOURpgUNOKXSQsxnE8Saex7WkV","English_Word_Ratings_3","w08","wolf",4,"force","force","force","NOUN"
"sBacIiuSQV6IuSUPRTFQmqG3UmmTN9xKph2xv2OOURpgUNOKXSQsxnE8Saex7WkV","English_Word_Ratings_3","w08","wolf",6,"provoke","provoke","provoke","VERB"
"sBacIiuSQV6IuSUPRTFQmqG3UmmTN9xKph2xv2OOURpgUNOKXSQsxnE8Saex7WkV","English_Word_Ratings_3","w08","wolf",7,"operate","operate","operate","NOUN"
"kO56Jn0idpJWnDDMSRMIU9DECzlitjq3w7Z1s2KfSCMDE6YZiy9U0xnv6wljxLlh","English_Word_Ratings_3","w08","wolf",1,"justify","justify","justify","INTJ"
"kO56Jn0idpJWnDDMSRMIU9DECzlitjq3w7Z1s2KfSCMDE6YZiy9U0xnv6wljxLlh","English_Word_Ratings_3","w08","wolf",2,"tablecloth","tablecloth","tablecloth","NOUN"
"kO56Jn0idpJWnDDMSRMIU9DECzlitjq3w7Z1s2KfSCMDE6YZiy9U0xnv6wljxLlh","English_Word_Ratings_3","w08","wolf",3,"hem","hem","hey","X"
"kO56Jn0idpJWnDDMSRMIU9DECzlitjq3w7Z1s2KfSCMDE6YZiy9U0xnv6wljxLlh","English_Word_Ratings_3","w08","wolf",4,"indulge","indulge","indulge","NOUN"
"kO56Jn0idpJWnDDMSRMIU9DECzlitjq3w7Z1s2KfSCMDE6YZiy9U0xnv6wljxLlh","English_Word_Ratings_3","w08","wolf",5,"photographing","photographing","photographing","NOUN"
"LSuU7j19LztOjJyzbaQVC813k4Xs1HHJRzjUOC3xGQR21Jg71xWUBLSqxxfwF8n3","English_Word_Ratings_3","w08","wolf",1,"feast","feast","feast","ADJ"
"LSuU7j19LztOjJyzbaQVC813k4Xs1HHJRzjUOC3xGQR21Jg71xWUBLSqxxfwF8n3","English_Word_Ratings_3","w08","wolf",2,"paseurize","pasteurize","pasteurize","NOUN"
"LSuU7j19LztOjJyzbaQVC813k4Xs1HHJRzjUOC3xGQR21Jg71xWUBLSqxxfwF8n3","English_Word_Ratings_3","w08","wolf",3,"therapy","therapy","therapy","NOUN"
"LSuU7j19LztOjJyzbaQVC813k4Xs1HHJRzjUOC3xGQR21Jg71xWUBLSqxxfwF8n3","English_Word_Ratings_3","w08","wolf",4,"strategy","strategy","strategy","NOUN"
"LSuU7j19LztOjJyzbaQVC813k4Xs1HHJRzjUOC3xGQR21Jg71xWUBLSqxxfwF8n3","English_Word_Ratings_3","w08","wolf",7,"mindfulness","mindfulness","mindfulness","NOUN"
"LSuU7j19LztOjJyzbaQVC813k4Xs1HHJRzjUOC3xGQR21Jg71xWUBLSqxxfwF8n3","English_Word_Ratings_3","w08","wolf",8,"widen","widen","widen","ADV"
"LSuU7j19LztOjJyzbaQVC813k4Xs1HHJRzjUOC3xGQR21Jg71xWUBLSqxxfwF8n3","English_Word_Ratings_3","w08","wolf",9,"poncho","poncho","poncho","NOUN"
"LSuU7j19LztOjJyzbaQVC813k4Xs1HHJRzjUOC3xGQR21Jg71xWUBLSqxxfwF8n3","English_Word_Ratings_3","w08","wolf",10,"announcement","announcement","announcement","NOUN"
"YReDSBupRsykKwPjPFxhEKJ9WrWhRKquBSvqA45zIjX2ea9uVVVtSygOIdC1LG2h","English_Word_Ratings_3","w08","wolf",1,"socialize","socialize","socialize","NOUN"
"YReDSBupRsykKwPjPFxhEKJ9WrWhRKquBSvqA45zIjX2ea9uVVVtSygOIdC1LG2h","English_Word_Ratings_3","w08","wolf",3,"slave","slave","slave","ADJ"
"YReDSBupRsykKwPjPFxhEKJ9WrWhRKquBSvqA45zIjX2ea9uVVVtSygOIdC1LG2h","English_Word_Ratings_3","w08","wolf",4,"evoke","evoke","evoke","INTJ"
"YReDSBupRsykKwPjPFxhEKJ9WrWhRKquBSvqA45zIjX2ea9uVVVtSygOIdC1LG2h","English_Word_Ratings_3","w08","wolf",5,"dispatch","dispatch","dispatch","NOUN"
"YReDSBupRsykKwPjPFxhEKJ9WrWhRKquBSvqA45zIjX2ea9uVVVtSygOIdC1LG2h","English_Word_Ratings_3","w08","wolf",6,"ohllow","hollow","hollow","NOUN"
"YReDSBupRsykKwPjPFxhEKJ9WrWhRKquBSvqA45zIjX2ea9uVVVtSygOIdC1LG2h","English_Word_Ratings_3","w08","wolf",8,"maintain","maintain","maintain","VERB"
"YReDSBupRsykKwPjPFxhEKJ9WrWhRKquBSvqA45zIjX2ea9uVVVtSygOIdC1LG2h","English_Word_Ratings_3","w08","wolf",9,"sleeping mat","sleeping mat","sleep mat","NOUN NOUN"
"HgQcnYS7bLBLsGHsEWYXm89MfSMSM8NNKgbmYc1Ws5lXQCnjE1r1xFC1VARqczsu","English_Word_Ratings_3","w08","wolf",1,"refuse","refuse","refuse","VERB"
"HgQcnYS7bLBLsGHsEWYXm89MfSMSM8NNKgbmYc1Ws5lXQCnjE1r1xFC1VARqczsu","English_Word_Ratings_3","w08","wolf",2,"understand","understand","understand","VERB"
"HgQcnYS7bLBLsGHsEWYXm89MfSMSM8NNKgbmYc1Ws5lXQCnjE1r1xFC1VARqczsu","English_Word_Ratings_3","w08","wolf",5,"bathing suit","bathing suit","bath suit","NOUN NOUN"
"HgQcnYS7bLBLsGHsEWYXm89MfSMSM8NNKgbmYc1Ws5lXQCnjE1r1xFC1VARqczsu","English_Word_Ratings_3","w08","wolf",6,"compensate","compensate","compensate","VERB"
"HgQcnYS7bLBLsGHsEWYXm89MfSMSM8NNKgbmYc1Ws5lXQCnjE1r1xFC1VARqczsu","English_Word_Ratings_3","w08","wolf",7,"measure","measure","measure","NOUN"
"HgQcnYS7bLBLsGHsEWYXm89MfSMSM8NNKgbmYc1Ws5lXQCnjE1r1xFC1VARqczsu","English_Word_Ratings_3","w08","wolf",8,"butcher","butcher","butcher","NOUN"
"HgQcnYS7bLBLsGHsEWYXm89MfSMSM8NNKgbmYc1Ws5lXQCnjE1r1xFC1VARqczsu","English_Word_Ratings_3","w08","wolf",9,"derive","derive","derive","NOUN"
"DN6wJxt2qT1Np5PlWQiffYY3Uj2fhio8LP2BS98Ht1WUs0dFRBairReZaXoTmHEP","English_Word_Ratings_3","w08","wolf",1,"rejoin","rejoin","rejoin","VERB"
"DN6wJxt2qT1Np5PlWQiffYY3Uj2fhio8LP2BS98Ht1WUs0dFRBairReZaXoTmHEP","English_Word_Ratings_3","w08","wolf",2,"kind","kind","kind","ADV"
"o5DMFT7lEisuLPj9cmVBQLnIxZkz0iM23cfDJOL9HqvghxE6MFdH5AfsRQ9r0D2j","English_Word_Ratings_3","w08","wolf",1,"plan","plan","plan","NOUN"
"o5DMFT7lEisuLPj9cmVBQLnIxZkz0iM23cfDJOL9HqvghxE6MFdH5AfsRQ9r0D2j","English_Word_Ratings_3","w08","wolf",2,"apologize","apologize","apologize","NOUN"
"o5DMFT7lEisuLPj9cmVBQLnIxZkz0iM23cfDJOL9HqvghxE6MFdH5AfsRQ9r0D2j","English_Word_Ratings_3","w08","wolf",3,"roast","roast","roast","ADJ"
"o5DMFT7lEisuLPj9cmVBQLnIxZkz0iM23cfDJOL9HqvghxE6MFdH5AfsRQ9r0D2j","English_Word_Ratings_3","w08","wolf",4,"half","half","half","NOUN"
"FibKe5OYiPqz2UUn75mURehUDCnnAmvduGjCpCkj9jFTXR7BfZxkaHsHG0ZZQtwF","English_Word_Ratings_3","w08","wolf",1,"rebuild","rebuild","rebuild","NOUN"
"FibKe5OYiPqz2UUn75mURehUDCnnAmvduGjCpCkj9jFTXR7BfZxkaHsHG0ZZQtwF","English_Word_Ratings_3","w08","wolf",2,"represent","represent","represent","VERB"
"50X4V7q3Et1XAYfAEDSwioMfQS8YbRUtzDW2SFCVjvd0kNGpkiwqdWUnTkiNNE80","English_Word_Ratings_3","w08","wolf",1,"shrink","shrink","shrink","VERB"
"50X4V7q3Et1XAYfAEDSwioMfQS8YbRUtzDW2SFCVjvd0kNGpkiwqdWUnTkiNNE80","English_Word_Ratings_3","w08","wolf",2,"satisfy","satisfy","satisfy","VERB"
"50X4V7q3Et1XAYfAEDSwioMfQS8YbRUtzDW2SFCVjvd0kNGpkiwqdWUnTkiNNE80","English_Word_Ratings_3","w08","wolf",3,"let go","let go","let go","VERB VERB"
"50X4V7q3Et1XAYfAEDSwioMfQS8YbRUtzDW2SFCVjvd0kNGpkiwqdWUnTkiNNE80","English_Word_Ratings_3","w08","wolf",4,"anchor","anchor","anchor","NOUN"
"WERLbHrisM97Sa8njspLxo48hq1D6V8RsVCSTTGotC7HiHvIiUCrNVOlUHbScfKy","English_Word_Ratings_3","w09","rump",1,"tanning","tanning","tanning","VERB"
"WERLbHrisM97Sa8njspLxo48hq1D6V8RsVCSTTGotC7HiHvIiUCrNVOlUHbScfKy","English_Word_Ratings_3","w09","rump",2,"adjust","adjust","adjust","VERB"
"WERLbHrisM97Sa8njspLxo48hq1D6V8RsVCSTTGotC7HiHvIiUCrNVOlUHbScfKy","English_Word_Ratings_3","w09","rump",3,"render","render","render","VERB"
"lzZBcD4N5WdlEJp4FXc4WDU0QXXMUZa3saiMJqn8EsCLw7dkUMjuSISR0HfCREb4","English_Word_Ratings_3","w09","rump",1,"moist","moist","moist","NOUN"
"lzZBcD4N5WdlEJp4FXc4WDU0QXXMUZa3saiMJqn8EsCLw7dkUMjuSISR0HfCREb4","English_Word_Ratings_3","w09","rump",2,"appriase","appraise","appraise","NOUN"
"lzZBcD4N5WdlEJp4FXc4WDU0QXXMUZa3saiMJqn8EsCLw7dkUMjuSISR0HfCREb4","English_Word_Ratings_3","w09","rump",4,"tenderize","tenderize","tenderize","NOUN"
"lzZBcD4N5WdlEJp4FXc4WDU0QXXMUZa3saiMJqn8EsCLw7dkUMjuSISR0HfCREb4","English_Word_Ratings_3","w09","rump",5,"checkup","checkup","checkup","NOUN"
"OQxE9L7Mw12SKUcq9pZmmo3FxWc2uCuUHaraGy5sZW9vGR9PSug2a5hMNwjVlA5c","English_Word_Ratings_3","w09","rump",1,"shred","shred","shr","VERB"
"OQxE9L7Mw12SKUcq9pZmmo3FxWc2uCuUHaraGy5sZW9vGR9PSug2a5hMNwjVlA5c","English_Word_Ratings_3","w09","rump",2,"strap","strap","strap","NOUN"
"OQxE9L7Mw12SKUcq9pZmmo3FxWc2uCuUHaraGy5sZW9vGR9PSug2a5hMNwjVlA5c","English_Word_Ratings_3","w09","rump",3,"attain","attain","attain","VERB"
"VsSi9vBmSPfWlt7NRbLMin20fVJgh5EyxhB0M3tiDqMhDEh6ip526THZdwm0Gup1","English_Word_Ratings_3","w09","rump",2,"deprive","deprive","deprive","ADJ"
"VsSi9vBmSPfWlt7NRbLMin20fVJgh5EyxhB0M3tiDqMhDEh6ip526THZdwm0Gup1","English_Word_Ratings_3","w09","rump",3,"sue","sue","sue","NOUN"
"VsSi9vBmSPfWlt7NRbLMin20fVJgh5EyxhB0M3tiDqMhDEh6ip526THZdwm0Gup1","English_Word_Ratings_3","w09","rump",4,"alcohol","alcohol","alcohol","NOUN"
"1rQGGdmkluNiDXwCZmvMMjeDbNuEovZX9qG1U4NeMzFi5e2GsTSOsUHnaqrIz503","English_Word_Ratings_3","w09","rump",1,"mud","mud","mud","NOUN"
"1rQGGdmkluNiDXwCZmvMMjeDbNuEovZX9qG1U4NeMzFi5e2GsTSOsUHnaqrIz503","English_Word_Ratings_3","w09","rump",2,"skill","skill","skill","NOUN"
"1rQGGdmkluNiDXwCZmvMMjeDbNuEovZX9qG1U4NeMzFi5e2GsTSOsUHnaqrIz503","English_Word_Ratings_3","w09","rump",3,"snipe","snipe","snipe","NOUN"
"1rQGGdmkluNiDXwCZmvMMjeDbNuEovZX9qG1U4NeMzFi5e2GsTSOsUHnaqrIz503","English_Word_Ratings_3","w09","rump",4,"lease","lease","lease","INTJ"
"g4JaB1MgPE1r4qjranCAuVoa3se9LFY4Hw7KnJj9jwqdBHzKOMXyzPkYnLVzXN3b","English_Word_Ratings_3","w09","rump",1,"siphon","siphon","siphon","NOUN"
"g4JaB1MgPE1r4qjranCAuVoa3se9LFY4Hw7KnJj9jwqdBHzKOMXyzPkYnLVzXN3b","English_Word_Ratings_3","w09","rump",2,"thanksgive","thanks give","thanks give","NOUN NOUN"
"g4JaB1MgPE1r4qjranCAuVoa3se9LFY4Hw7KnJj9jwqdBHzKOMXyzPkYnLVzXN3b","English_Word_Ratings_3","w09","rump",3,"thrive","thrive","thrive","ADJ"
"g4JaB1MgPE1r4qjranCAuVoa3se9LFY4Hw7KnJj9jwqdBHzKOMXyzPkYnLVzXN3b","English_Word_Ratings_3","w09","rump",4,"paralyze","paralyze","paralyze","NOUN"
"g4JaB1MgPE1r4qjranCAuVoa3se9LFY4Hw7KnJj9jwqdBHzKOMXyzPkYnLVzXN3b","English_Word_Ratings_3","w09","rump",5,"grievance","grievance","grievance","NOUN"
"sxZt1pXLM7kUV1KxULkPh8B0LAjLRoiJMkJRsCZ73YaImMKyBOOpLKcmQuG6iNZP","English_Word_Ratings_3","w09","rump",1,"mince","mince","mince","NOUN"
"sxZt1pXLM7kUV1KxULkPh8B0LAjLRoiJMkJRsCZ73YaImMKyBOOpLKcmQuG6iNZP","English_Word_Ratings_3","w09","rump",2,"frightene","frighten","frighten","ADJ"
"sxZt1pXLM7kUV1KxULkPh8B0LAjLRoiJMkJRsCZ73YaImMKyBOOpLKcmQuG6iNZP","English_Word_Ratings_3","w09","rump",3,"sift","sift","sift","NOUN"
"sxZt1pXLM7kUV1KxULkPh8B0LAjLRoiJMkJRsCZ73YaImMKyBOOpLKcmQuG6iNZP","English_Word_Ratings_3","w09","rump",4,"oven mitt","oven mitt","oven mitt","ADJ NOUN"
"sxZt1pXLM7kUV1KxULkPh8B0LAjLRoiJMkJRsCZ73YaImMKyBOOpLKcmQuG6iNZP","English_Word_Ratings_3","w09","rump",5,"deal","deal","deal","NOUN"
"sxZt1pXLM7kUV1KxULkPh8B0LAjLRoiJMkJRsCZ73YaImMKyBOOpLKcmQuG6iNZP","English_Word_Ratings_3","w09","rump",6,"business","business","business","NOUN"
"A8tz7HX3m2x4GAoKlJAZ1XfBrXKxo5dGxhoV1dKkNdDkugAvJvRJp9tFe33unNJk","English_Word_Ratings_3","w09","rump",1,"career","career","career","NOUN"
"A8tz7HX3m2x4GAoKlJAZ1XfBrXKxo5dGxhoV1dKkNdDkugAvJvRJp9tFe33unNJk","English_Word_Ratings_3","w09","rump",3,"shut out","shut out","shut out","VERB ADP"
"A8tz7HX3m2x4GAoKlJAZ1XfBrXKxo5dGxhoV1dKkNdDkugAvJvRJp9tFe33unNJk","English_Word_Ratings_3","w09","rump",5,"unthaw","untruth","untruth","ADJ"
"A8tz7HX3m2x4GAoKlJAZ1XfBrXKxo5dGxhoV1dKkNdDkugAvJvRJp9tFe33unNJk","English_Word_Ratings_3","w09","rump",6,"decease","decease","decease","INTJ"
"A8tz7HX3m2x4GAoKlJAZ1XfBrXKxo5dGxhoV1dKkNdDkugAvJvRJp9tFe33unNJk","English_Word_Ratings_3","w09","rump",7,"stoke","stoke","stoke","NOUN"
"A8tz7HX3m2x4GAoKlJAZ1XfBrXKxo5dGxhoV1dKkNdDkugAvJvRJp9tFe33unNJk","English_Word_Ratings_3","w09","rump",8,"plunge","plunge","plunge","NOUN"
"A8tz7HX3m2x4GAoKlJAZ1XfBrXKxo5dGxhoV1dKkNdDkugAvJvRJp9tFe33unNJk","English_Word_Ratings_3","w09","rump",9,"schdule","schedule","schedule","NOUN"
"iiEF3G6d0Zwa6x3NPBYACZUcLOZpqLcroUzNwnZmTBRu5KQktL3KH9QJT3QpUY37","English_Word_Ratings_3","w09","rump",1,"screech","screech","screech","NOUN"
"iiEF3G6d0Zwa6x3NPBYACZUcLOZpqLcroUzNwnZmTBRu5KQktL3KH9QJT3QpUY37","English_Word_Ratings_3","w09","rump",2,"spar","spar","spar","NOUN"
"iiEF3G6d0Zwa6x3NPBYACZUcLOZpqLcroUzNwnZmTBRu5KQktL3KH9QJT3QpUY37","English_Word_Ratings_3","w09","rump",3,"enemy","enemy","enemy","NOUN"
"iiEF3G6d0Zwa6x3NPBYACZUcLOZpqLcroUzNwnZmTBRu5KQktL3KH9QJT3QpUY37","English_Word_Ratings_3","w09","rump",4,"peace","peace","peace","NOUN"
"iiEF3G6d0Zwa6x3NPBYACZUcLOZpqLcroUzNwnZmTBRu5KQktL3KH9QJT3QpUY37","English_Word_Ratings_3","w09","rump",5,"sprinkle","sprinkle","sprinkle","NOUN"
"iiEF3G6d0Zwa6x3NPBYACZUcLOZpqLcroUzNwnZmTBRu5KQktL3KH9QJT3QpUY37","English_Word_Ratings_3","w09","rump",6,"expert","expert","expert","NOUN"
"yLAv948rJF5uUpOa1azj6ddWWLX7U3KcGrE4Zl3iQSXxsNsEg2B3M4KSURKG8jYP","English_Word_Ratings_3","w09","rump",1,"flag","flag","flag","NOUN"
"yLAv948rJF5uUpOa1azj6ddWWLX7U3KcGrE4Zl3iQSXxsNsEg2B3M4KSURKG8jYP","English_Word_Ratings_3","w09","rump",2,"rumor","rumor","rumor","NOUN"
"yLAv948rJF5uUpOa1azj6ddWWLX7U3KcGrE4Zl3iQSXxsNsEg2B3M4KSURKG8jYP","English_Word_Ratings_3","w09","rump",3,"season","season","season","NOUN"
"yLAv948rJF5uUpOa1azj6ddWWLX7U3KcGrE4Zl3iQSXxsNsEg2B3M4KSURKG8jYP","English_Word_Ratings_3","w09","rump",4,"vase","vase","vase","NOUN"
"yLAv948rJF5uUpOa1azj6ddWWLX7U3KcGrE4Zl3iQSXxsNsEg2B3M4KSURKG8jYP","English_Word_Ratings_3","w09","rump",5,"frost","frost","frost","ADJ"
"yLAv948rJF5uUpOa1azj6ddWWLX7U3KcGrE4Zl3iQSXxsNsEg2B3M4KSURKG8jYP","English_Word_Ratings_3","w09","rump",6,"beautify","beautify","beautify","INTJ"
"v7tq2P9zqG6N3xAH4o8GvO1YBrnWjahz5rdJByCbpdgbhBPOwT65OuHZHKYl1uFR","English_Word_Ratings_3","w09","rump",1,"sail","sail","sail","NOUN"
"v7tq2P9zqG6N3xAH4o8GvO1YBrnWjahz5rdJByCbpdgbhBPOwT65OuHZHKYl1uFR","English_Word_Ratings_3","w09","rump",2,"cash","cash","cash","NOUN"
"v7tq2P9zqG6N3xAH4o8GvO1YBrnWjahz5rdJByCbpdgbhBPOwT65OuHZHKYl1uFR","English_Word_Ratings_3","w09","rump",3,"alter","alter","alter","NOUN"
"v7tq2P9zqG6N3xAH4o8GvO1YBrnWjahz5rdJByCbpdgbhBPOwT65OuHZHKYl1uFR","English_Word_Ratings_3","w09","rump",4,"perfume","perfume","perfume","NOUN"
"d6NyWdJP1bcvb4qi8hcmuNgepBmDczes1g8QpCTab6HT2HBFidygOyOYJg6MzUXt","English_Word_Ratings_3","w09","rump",1,"birdwatch","bird watch","bird watch","NOUN VERB"
"d6NyWdJP1bcvb4qi8hcmuNgepBmDczes1g8QpCTab6HT2HBFidygOyOYJg6MzUXt","English_Word_Ratings_3","w09","rump",2,"indulge","indulge","indulge","NOUN"
"d6NyWdJP1bcvb4qi8hcmuNgepBmDczes1g8QpCTab6HT2HBFidygOyOYJg6MzUXt","English_Word_Ratings_3","w09","rump",3,"need","need","need","VERB"
"d6NyWdJP1bcvb4qi8hcmuNgepBmDczes1g8QpCTab6HT2HBFidygOyOYJg6MzUXt","English_Word_Ratings_3","w09","rump",4,"privacy","privacy","privacy","NOUN"
"d6NyWdJP1bcvb4qi8hcmuNgepBmDczes1g8QpCTab6HT2HBFidygOyOYJg6MzUXt","English_Word_Ratings_3","w09","rump",5,"amaze","amaze","amaze","NOUN"
"d6NyWdJP1bcvb4qi8hcmuNgepBmDczes1g8QpCTab6HT2HBFidygOyOYJg6MzUXt","English_Word_Ratings_3","w09","rump",6,"estimate","estimate","estimate","NOUN"
"d6NyWdJP1bcvb4qi8hcmuNgepBmDczes1g8QpCTab6HT2HBFidygOyOYJg6MzUXt","English_Word_Ratings_3","w09","rump",7,"camoflage","camouflage","camouflage","NOUN"
"d6NyWdJP1bcvb4qi8hcmuNgepBmDczes1g8QpCTab6HT2HBFidygOyOYJg6MzUXt","English_Word_Ratings_3","w09","rump",8,"shacke","shack","shack","NOUN"
"garnFORYQ61r3wCyh826JKL8aDnIglWYXHz7MSvIQBIC8H32nBUgalgql6gZBzlN","English_Word_Ratings_3","w09","rump",1,"fore","fore","fore","ADV"
"garnFORYQ61r3wCyh826JKL8aDnIglWYXHz7MSvIQBIC8H32nBUgalgql6gZBzlN","English_Word_Ratings_3","w09","rump",2,"effect","effect","effect","NOUN"
"garnFORYQ61r3wCyh826JKL8aDnIglWYXHz7MSvIQBIC8H32nBUgalgql6gZBzlN","English_Word_Ratings_3","w09","rump",3,"wed","wed","we","VERB"
"garnFORYQ61r3wCyh826JKL8aDnIglWYXHz7MSvIQBIC8H32nBUgalgql6gZBzlN","English_Word_Ratings_3","w09","rump",4,"color","color","color","NOUN"
"garnFORYQ61r3wCyh826JKL8aDnIglWYXHz7MSvIQBIC8H32nBUgalgql6gZBzlN","English_Word_Ratings_3","w09","rump",5,"hydrate","hydrate","hydrate","NOUN"
"garnFORYQ61r3wCyh826JKL8aDnIglWYXHz7MSvIQBIC8H32nBUgalgql6gZBzlN","English_Word_Ratings_3","w09","rump",6,"overwhelm","overwhelm","overwhelm","X"
"i7gzsiwaaH625g2xHgXMPfOfI6R9h8LKxyKgcR3DppkfqTpYxlpaGNFv4AOTf78v","English_Word_Ratings_3","w09","rump",1,"trick","trick","trick","NOUN"
"i7gzsiwaaH625g2xHgXMPfOfI6R9h8LKxyKgcR3DppkfqTpYxlpaGNFv4AOTf78v","English_Word_Ratings_3","w09","rump",2,"re","re","re","ADP"
"i7gzsiwaaH625g2xHgXMPfOfI6R9h8LKxyKgcR3DppkfqTpYxlpaGNFv4AOTf78v","English_Word_Ratings_3","w09","rump",3,"instruct","instruct","instruct","ADV"
"i7gzsiwaaH625g2xHgXMPfOfI6R9h8LKxyKgcR3DppkfqTpYxlpaGNFv4AOTf78v","English_Word_Ratings_3","w09","rump",4,"refresh","refresh","refresh","INTJ"
"i7gzsiwaaH625g2xHgXMPfOfI6R9h8LKxyKgcR3DppkfqTpYxlpaGNFv4AOTf78v","English_Word_Ratings_3","w09","rump",5,"lands","lands","land","NOUN"
"i7gzsiwaaH625g2xHgXMPfOfI6R9h8LKxyKgcR3DppkfqTpYxlpaGNFv4AOTf78v","English_Word_Ratings_3","w09","rump",6,"occupy","occupy","occupy","INTJ"
"i7gzsiwaaH625g2xHgXMPfOfI6R9h8LKxyKgcR3DppkfqTpYxlpaGNFv4AOTf78v","English_Word_Ratings_3","w09","rump",7,"scribble","scribble","scribble","NOUN"
"i7gzsiwaaH625g2xHgXMPfOfI6R9h8LKxyKgcR3DppkfqTpYxlpaGNFv4AOTf78v","English_Word_Ratings_3","w09","rump",8,"appoint","appoint","appoint","NOUN"
"wKTNXd6bXFAL8q4qqOh2llgWoCGmV4nmEB8h4ybNDi4oesm36R1MtrSdkxNsLMnC","English_Word_Ratings_3","w09","rump",1,"mouth","mouth","mouth","NOUN"
"wKTNXd6bXFAL8q4qqOh2llgWoCGmV4nmEB8h4ybNDi4oesm36R1MtrSdkxNsLMnC","English_Word_Ratings_3","w09","rump",3,"reuse","reuse","reuse","NOUN"
"wKTNXd6bXFAL8q4qqOh2llgWoCGmV4nmEB8h4ybNDi4oesm36R1MtrSdkxNsLMnC","English_Word_Ratings_3","w09","rump",5,"train","train","train","NOUN"
"wKTNXd6bXFAL8q4qqOh2llgWoCGmV4nmEB8h4ybNDi4oesm36R1MtrSdkxNsLMnC","English_Word_Ratings_3","w09","rump",6,"aide","aide","aide","NOUN"
"wKTNXd6bXFAL8q4qqOh2llgWoCGmV4nmEB8h4ybNDi4oesm36R1MtrSdkxNsLMnC","English_Word_Ratings_3","w09","rump",7,"case","case","case","NOUN"
"wKTNXd6bXFAL8q4qqOh2llgWoCGmV4nmEB8h4ybNDi4oesm36R1MtrSdkxNsLMnC","English_Word_Ratings_3","w09","rump",8,"slam","slam","slam","NOUN"
"wKTNXd6bXFAL8q4qqOh2llgWoCGmV4nmEB8h4ybNDi4oesm36R1MtrSdkxNsLMnC","English_Word_Ratings_3","w09","rump",9,"sit on","sit on","sit on","VERB ADP"
"wKTNXd6bXFAL8q4qqOh2llgWoCGmV4nmEB8h4ybNDi4oesm36R1MtrSdkxNsLMnC","English_Word_Ratings_3","w09","rump",10,"resistance","resistance","resistance","NOUN"
"GoSFbC6zIahLMncIpKDjoQ5dleIxSC8jVVFIn9Km4i5Y1NIhpLJUPrByLuQc21a6","English_Word_Ratings_3","w09","rump",2,"field goal","field goal","field goal","NOUN NOUN"
"GoSFbC6zIahLMncIpKDjoQ5dleIxSC8jVVFIn9Km4i5Y1NIhpLJUPrByLuQc21a6","English_Word_Ratings_3","w09","rump",3,"paraglide","para glide","para glide","NOUN NOUN"
"GoSFbC6zIahLMncIpKDjoQ5dleIxSC8jVVFIn9Km4i5Y1NIhpLJUPrByLuQc21a6","English_Word_Ratings_3","w09","rump",5,"sermon","sermon","sermon","NOUN"
"sBacIiuSQV6IuSUPRTFQmqG3UmmTN9xKph2xv2OOURpgUNOKXSQsxnE8Saex7WkV","English_Word_Ratings_3","w09","rump",1,"shape","shape","shape","NOUN"
"sBacIiuSQV6IuSUPRTFQmqG3UmmTN9xKph2xv2OOURpgUNOKXSQsxnE8Saex7WkV","English_Word_Ratings_3","w09","rump",2,"incite","incite","incite","NOUN"
"sBacIiuSQV6IuSUPRTFQmqG3UmmTN9xKph2xv2OOURpgUNOKXSQsxnE8Saex7WkV","English_Word_Ratings_3","w09","rump",3,"mutilate","mutilate","mutilate","NOUN"
"kO56Jn0idpJWnDDMSRMIU9DECzlitjq3w7Z1s2KfSCMDE6YZiy9U0xnv6wljxLlh","English_Word_Ratings_3","w09","rump",1,"engineer","engineer","engineer","NOUN"
"kO56Jn0idpJWnDDMSRMIU9DECzlitjq3w7Z1s2KfSCMDE6YZiy9U0xnv6wljxLlh","English_Word_Ratings_3","w09","rump",2,"flurry","flurry","flurry","INTJ"
"LSuU7j19LztOjJyzbaQVC813k4Xs1HHJRzjUOC3xGQR21Jg71xWUBLSqxxfwF8n3","English_Word_Ratings_3","w09","rump",1,"accost","accost","accost","ADJ"
"LSuU7j19LztOjJyzbaQVC813k4Xs1HHJRzjUOC3xGQR21Jg71xWUBLSqxxfwF8n3","English_Word_Ratings_3","w09","rump",2,"forake","forsake","forake","VERB"
"LSuU7j19LztOjJyzbaQVC813k4Xs1HHJRzjUOC3xGQR21Jg71xWUBLSqxxfwF8n3","English_Word_Ratings_3","w09","rump",3,"rewrite","rewrite","rewrite","X"
"LSuU7j19LztOjJyzbaQVC813k4Xs1HHJRzjUOC3xGQR21Jg71xWUBLSqxxfwF8n3","English_Word_Ratings_3","w09","rump",5,"accompany","accompany","accompany","NOUN"
"YReDSBupRsykKwPjPFxhEKJ9WrWhRKquBSvqA45zIjX2ea9uVVVtSygOIdC1LG2h","English_Word_Ratings_3","w09","rump",1,"contraception","contraception","contraception","NOUN"
"YReDSBupRsykKwPjPFxhEKJ9WrWhRKquBSvqA45zIjX2ea9uVVVtSygOIdC1LG2h","English_Word_Ratings_3","w09","rump",2,"cat bed","cat bed","cat bed","NOUN NOUN"
"YReDSBupRsykKwPjPFxhEKJ9WrWhRKquBSvqA45zIjX2ea9uVVVtSygOIdC1LG2h","English_Word_Ratings_3","w09","rump",3,"scout","scout","scout","NOUN"
"YReDSBupRsykKwPjPFxhEKJ9WrWhRKquBSvqA45zIjX2ea9uVVVtSygOIdC1LG2h","English_Word_Ratings_3","w09","rump",4,"hit","hit","hit","VERB"
"YReDSBupRsykKwPjPFxhEKJ9WrWhRKquBSvqA45zIjX2ea9uVVVtSygOIdC1LG2h","English_Word_Ratings_3","w09","rump",6,"smother","smother","smother","ADJ"
"YReDSBupRsykKwPjPFxhEKJ9WrWhRKquBSvqA45zIjX2ea9uVVVtSygOIdC1LG2h","English_Word_Ratings_3","w09","rump",7,"personalize","personalize","personalize","NOUN"
"YReDSBupRsykKwPjPFxhEKJ9WrWhRKquBSvqA45zIjX2ea9uVVVtSygOIdC1LG2h","English_Word_Ratings_3","w09","rump",8,"fake","fake","fake","ADJ"
"YReDSBupRsykKwPjPFxhEKJ9WrWhRKquBSvqA45zIjX2ea9uVVVtSygOIdC1LG2h","English_Word_Ratings_3","w09","rump",9,"hoist","hoist","hoist","NOUN"
"YReDSBupRsykKwPjPFxhEKJ9WrWhRKquBSvqA45zIjX2ea9uVVVtSygOIdC1LG2h","English_Word_Ratings_3","w09","rump",10,"evoke","evoke","evoke","INTJ"
"HgQcnYS7bLBLsGHsEWYXm89MfSMSM8NNKgbmYc1Ws5lXQCnjE1r1xFC1VARqczsu","English_Word_Ratings_3","w09","rump",1,"compete","compete","compete","VERB"
"HgQcnYS7bLBLsGHsEWYXm89MfSMSM8NNKgbmYc1Ws5lXQCnjE1r1xFC1VARqczsu","English_Word_Ratings_3","w09","rump",2,"frisbee","frisbee","frisbee","NOUN"
"HgQcnYS7bLBLsGHsEWYXm89MfSMSM8NNKgbmYc1Ws5lXQCnjE1r1xFC1VARqczsu","English_Word_Ratings_3","w09","rump",3,"nourish","nourish","nourish","INTJ"
"HgQcnYS7bLBLsGHsEWYXm89MfSMSM8NNKgbmYc1Ws5lXQCnjE1r1xFC1VARqczsu","English_Word_Ratings_3","w09","rump",4,"dedicate","dedicate","dedicate","NOUN"
"HgQcnYS7bLBLsGHsEWYXm89MfSMSM8NNKgbmYc1Ws5lXQCnjE1r1xFC1VARqczsu","English_Word_Ratings_3","w09","rump",5,"baseball","baseball","baseball","NOUN"
"HgQcnYS7bLBLsGHsEWYXm89MfSMSM8NNKgbmYc1Ws5lXQCnjE1r1xFC1VARqczsu","English_Word_Ratings_3","w09","rump",6,"lament","lament","lament","NOUN"
"HgQcnYS7bLBLsGHsEWYXm89MfSMSM8NNKgbmYc1Ws5lXQCnjE1r1xFC1VARqczsu","English_Word_Ratings_3","w09","rump",7,"dilute","dilute","dilute","ADJ"
"DN6wJxt2qT1Np5PlWQiffYY3Uj2fhio8LP2BS98Ht1WUs0dFRBairReZaXoTmHEP","English_Word_Ratings_3","w09","rump",1,"unknot","knot","knot","PART"
"o5DMFT7lEisuLPj9cmVBQLnIxZkz0iM23cfDJOL9HqvghxE6MFdH5AfsRQ9r0D2j","English_Word_Ratings_3","w09","rump",1,"reinvigorate","reinvigorate","reinvigorate","VERB"
"o5DMFT7lEisuLPj9cmVBQLnIxZkz0iM23cfDJOL9HqvghxE6MFdH5AfsRQ9r0D2j","English_Word_Ratings_3","w09","rump",2,"manicure","manicure","manicure","NOUN"
"FibKe5OYiPqz2UUn75mURehUDCnnAmvduGjCpCkj9jFTXR7BfZxkaHsHG0ZZQtwF","English_Word_Ratings_3","w09","rump",1,"clog","clog","clog","NOUN"
"FibKe5OYiPqz2UUn75mURehUDCnnAmvduGjCpCkj9jFTXR7BfZxkaHsHG0ZZQtwF","English_Word_Ratings_3","w09","rump",3,"surgery","surgery","surgery","NOUN"
"50X4V7q3Et1XAYfAEDSwioMfQS8YbRUtzDW2SFCVjvd0kNGpkiwqdWUnTkiNNE80","English_Word_Ratings_3","w09","rump",1,"prescrib","prescribe","prescribe","VERB"
"50X4V7q3Et1XAYfAEDSwioMfQS8YbRUtzDW2SFCVjvd0kNGpkiwqdWUnTkiNNE80","English_Word_Ratings_3","w09","rump",2,"amputate","amputate","amputate","NOUN"
"WERLbHrisM97Sa8njspLxo48hq1D6V8RsVCSTTGotC7HiHvIiUCrNVOlUHbScfKy","English_Word_Ratings_3","w10","venom",1,"frolic","frolic","frolic","ADJ"
"WERLbHrisM97Sa8njspLxo48hq1D6V8RsVCSTTGotC7HiHvIiUCrNVOlUHbScfKy","English_Word_Ratings_3","w10","venom",2,"romance","romance","romance","NOUN"
"WERLbHrisM97Sa8njspLxo48hq1D6V8RsVCSTTGotC7HiHvIiUCrNVOlUHbScfKy","English_Word_Ratings_3","w10","venom",4,"agenda","agenda","agenday","NOUN"
"WERLbHrisM97Sa8njspLxo48hq1D6V8RsVCSTTGotC7HiHvIiUCrNVOlUHbScfKy","English_Word_Ratings_3","w10","venom",5,"loathe","loathe","loato","NOUN"
"lzZBcD4N5WdlEJp4FXc4WDU0QXXMUZa3saiMJqn8EsCLw7dkUMjuSISR0HfCREb4","English_Word_Ratings_3","w10","venom",2,"shae","she","she","PRON"
"lzZBcD4N5WdlEJp4FXc4WDU0QXXMUZa3saiMJqn8EsCLw7dkUMjuSISR0HfCREb4","English_Word_Ratings_3","w10","venom",3,"ship","ship","ship","NOUN"
"lzZBcD4N5WdlEJp4FXc4WDU0QXXMUZa3saiMJqn8EsCLw7dkUMjuSISR0HfCREb4","English_Word_Ratings_3","w10","venom",4,"ice","ice","ice","NOUN"
"lzZBcD4N5WdlEJp4FXc4WDU0QXXMUZa3saiMJqn8EsCLw7dkUMjuSISR0HfCREb4","English_Word_Ratings_3","w10","venom",7,"wrench","wrench","wrench","NOUN"
"lzZBcD4N5WdlEJp4FXc4WDU0QXXMUZa3saiMJqn8EsCLw7dkUMjuSISR0HfCREb4","English_Word_Ratings_3","w10","venom",8,"mark","mark","mark","NOUN"
"lzZBcD4N5WdlEJp4FXc4WDU0QXXMUZa3saiMJqn8EsCLw7dkUMjuSISR0HfCREb4","English_Word_Ratings_3","w10","venom",9,"stream","stream","stream","NOUN"
"lzZBcD4N5WdlEJp4FXc4WDU0QXXMUZa3saiMJqn8EsCLw7dkUMjuSISR0HfCREb4","English_Word_Ratings_3","w10","venom",10,"brother","brother","brother","NOUN"
"OQxE9L7Mw12SKUcq9pZmmo3FxWc2uCuUHaraGy5sZW9vGR9PSug2a5hMNwjVlA5c","English_Word_Ratings_3","w10","venom",1,"tumble","tumble","tumble","NOUN"
"OQxE9L7Mw12SKUcq9pZmmo3FxWc2uCuUHaraGy5sZW9vGR9PSug2a5hMNwjVlA5c","English_Word_Ratings_3","w10","venom",2,"ovbserve","observe","observe","ADJ"
"OQxE9L7Mw12SKUcq9pZmmo3FxWc2uCuUHaraGy5sZW9vGR9PSug2a5hMNwjVlA5c","English_Word_Ratings_3","w10","venom",3,"stability","stability","stability","NOUN"
"VsSi9vBmSPfWlt7NRbLMin20fVJgh5EyxhB0M3tiDqMhDEh6ip526THZdwm0Gup1","English_Word_Ratings_3","w10","venom",1,"sham","sham","sham","NOUN"
"VsSi9vBmSPfWlt7NRbLMin20fVJgh5EyxhB0M3tiDqMhDEh6ip526THZdwm0Gup1","English_Word_Ratings_3","w10","venom",2,"immolate","immolate","immolate","ADJ"
"VsSi9vBmSPfWlt7NRbLMin20fVJgh5EyxhB0M3tiDqMhDEh6ip526THZdwm0Gup1","English_Word_Ratings_3","w10","venom",3,"spin","spin","spin","NOUN"
"VsSi9vBmSPfWlt7NRbLMin20fVJgh5EyxhB0M3tiDqMhDEh6ip526THZdwm0Gup1","English_Word_Ratings_3","w10","venom",4,"grievance","grievance","grievance","NOUN"
"1rQGGdmkluNiDXwCZmvMMjeDbNuEovZX9qG1U4NeMzFi5e2GsTSOsUHnaqrIz503","English_Word_Ratings_3","w10","venom",1,"eye exam","eye exam","eye exam","NOUN NOUN"
"1rQGGdmkluNiDXwCZmvMMjeDbNuEovZX9qG1U4NeMzFi5e2GsTSOsUHnaqrIz503","English_Word_Ratings_3","w10","venom",2,"pin","pin","pin","NOUN"
"g4JaB1MgPE1r4qjranCAuVoa3se9LFY4Hw7KnJj9jwqdBHzKOMXyzPkYnLVzXN3b","English_Word_Ratings_3","w10","venom",1,"pacify","pacify","pacify","NOUN"
"g4JaB1MgPE1r4qjranCAuVoa3se9LFY4Hw7KnJj9jwqdBHzKOMXyzPkYnLVzXN3b","English_Word_Ratings_3","w10","venom",2,"sunbathe","sunbathe","sunbato","NOUN"
"g4JaB1MgPE1r4qjranCAuVoa3se9LFY4Hw7KnJj9jwqdBHzKOMXyzPkYnLVzXN3b","English_Word_Ratings_3","w10","venom",3,"dizyz","dizzy","dizzy","INTJ"
"g4JaB1MgPE1r4qjranCAuVoa3se9LFY4Hw7KnJj9jwqdBHzKOMXyzPkYnLVzXN3b","English_Word_Ratings_3","w10","venom",4,"wobble","wobble","wobble","ADJ"
"g4JaB1MgPE1r4qjranCAuVoa3se9LFY4Hw7KnJj9jwqdBHzKOMXyzPkYnLVzXN3b","English_Word_Ratings_3","w10","venom",5,"leverage","leverage","leverage","NOUN"
"sxZt1pXLM7kUV1KxULkPh8B0LAjLRoiJMkJRsCZ73YaImMKyBOOpLKcmQuG6iNZP","English_Word_Ratings_3","w10","venom",1,"ice pick","ice pick","ice pick","NOUN NOUN"
"sxZt1pXLM7kUV1KxULkPh8B0LAjLRoiJMkJRsCZ73YaImMKyBOOpLKcmQuG6iNZP","English_Word_Ratings_3","w10","venom",2,"glasses","glasses","glassis","NOUN"
"sxZt1pXLM7kUV1KxULkPh8B0LAjLRoiJMkJRsCZ73YaImMKyBOOpLKcmQuG6iNZP","English_Word_Ratings_3","w10","venom",3,"roll in","roll in","roll in","VERB ADV"
"sxZt1pXLM7kUV1KxULkPh8B0LAjLRoiJMkJRsCZ73YaImMKyBOOpLKcmQuG6iNZP","English_Word_Ratings_3","w10","venom",4,"slip on","slip on","slip on","NOUN ADP"
"A8tz7HX3m2x4GAoKlJAZ1XfBrXKxo5dGxhoV1dKkNdDkugAvJvRJp9tFe33unNJk","English_Word_Ratings_3","w10","venom",1,"shatter","shatter","shatter","NOUN"
"A8tz7HX3m2x4GAoKlJAZ1XfBrXKxo5dGxhoV1dKkNdDkugAvJvRJp9tFe33unNJk","English_Word_Ratings_3","w10","venom",2,"sun bathe","sun bathe","sun bathey","NOUN NOUN"
"A8tz7HX3m2x4GAoKlJAZ1XfBrXKxo5dGxhoV1dKkNdDkugAvJvRJp9tFe33unNJk","English_Word_Ratings_3","w10","venom",3,"errand","errand","errand","NOUN"
"A8tz7HX3m2x4GAoKlJAZ1XfBrXKxo5dGxhoV1dKkNdDkugAvJvRJp9tFe33unNJk","English_Word_Ratings_3","w10","venom",4,"sleeve","sleeve","sleeve","NOUN"
"iiEF3G6d0Zwa6x3NPBYACZUcLOZpqLcroUzNwnZmTBRu5KQktL3KH9QJT3QpUY37","English_Word_Ratings_3","w10","venom",1,"lessen","lessen","lessen","ADV"
"iiEF3G6d0Zwa6x3NPBYACZUcLOZpqLcroUzNwnZmTBRu5KQktL3KH9QJT3QpUY37","English_Word_Ratings_3","w10","venom",2,"secure","secure","secure","VERB"
"iiEF3G6d0Zwa6x3NPBYACZUcLOZpqLcroUzNwnZmTBRu5KQktL3KH9QJT3QpUY37","English_Word_Ratings_3","w10","venom",3,"film","film","film","NOUN"
"iiEF3G6d0Zwa6x3NPBYACZUcLOZpqLcroUzNwnZmTBRu5KQktL3KH9QJT3QpUY37","English_Word_Ratings_3","w10","venom",4,"infer","infer","infer","NOUN"
"iiEF3G6d0Zwa6x3NPBYACZUcLOZpqLcroUzNwnZmTBRu5KQktL3KH9QJT3QpUY37","English_Word_Ratings_3","w10","venom",5,"glaze","glaze","glaze","NOUN"
"iiEF3G6d0Zwa6x3NPBYACZUcLOZpqLcroUzNwnZmTBRu5KQktL3KH9QJT3QpUY37","English_Word_Ratings_3","w10","venom",6,"turn on","turn on","turn on","VERB ADP"
"yLAv948rJF5uUpOa1azj6ddWWLX7U3KcGrE4Zl3iQSXxsNsEg2B3M4KSURKG8jYP","English_Word_Ratings_3","w10","venom",1,"swinn","swine","swine","NOUN"
"yLAv948rJF5uUpOa1azj6ddWWLX7U3KcGrE4Zl3iQSXxsNsEg2B3M4KSURKG8jYP","English_Word_Ratings_3","w10","venom",3,"noodle","noodle","noodle","NOUN"
"yLAv948rJF5uUpOa1azj6ddWWLX7U3KcGrE4Zl3iQSXxsNsEg2B3M4KSURKG8jYP","English_Word_Ratings_3","w10","venom",4,"griddle","griddle","griddle","NOUN"
"v7tq2P9zqG6N3xAH4o8GvO1YBrnWjahz5rdJByCbpdgbhBPOwT65OuHZHKYl1uFR","English_Word_Ratings_3","w10","venom",1,"hands free","hands free","hand free","NOUN ADJ"
"v7tq2P9zqG6N3xAH4o8GvO1YBrnWjahz5rdJByCbpdgbhBPOwT65OuHZHKYl1uFR","English_Word_Ratings_3","w10","venom",2,"ostracise","ostracism","ostracism","NOUN"
"v7tq2P9zqG6N3xAH4o8GvO1YBrnWjahz5rdJByCbpdgbhBPOwT65OuHZHKYl1uFR","English_Word_Ratings_3","w10","venom",3,"spill","spill","spill","NOUN"
"d6NyWdJP1bcvb4qi8hcmuNgepBmDczes1g8QpCTab6HT2HBFidygOyOYJg6MzUXt","English_Word_Ratings_3","w10","venom",1,"intensify","intensify","intensify","INTJ"
"d6NyWdJP1bcvb4qi8hcmuNgepBmDczes1g8QpCTab6HT2HBFidygOyOYJg6MzUXt","English_Word_Ratings_3","w10","venom",2,"coach","coach","coach","NOUN"
"d6NyWdJP1bcvb4qi8hcmuNgepBmDczes1g8QpCTab6HT2HBFidygOyOYJg6MzUXt","English_Word_Ratings_3","w10","venom",3,"press button","press button","press button","NOUN NOUN"
"garnFORYQ61r3wCyh826JKL8aDnIglWYXHz7MSvIQBIC8H32nBUgalgql6gZBzlN","English_Word_Ratings_3","w10","venom",2,"debate","debate","debate","NOUN"
"garnFORYQ61r3wCyh826JKL8aDnIglWYXHz7MSvIQBIC8H32nBUgalgql6gZBzlN","English_Word_Ratings_3","w10","venom",3,"wack","wack","wack","NOUN"
"i7gzsiwaaH625g2xHgXMPfOfI6R9h8LKxyKgcR3DppkfqTpYxlpaGNFv4AOTf78v","English_Word_Ratings_3","w10","venom",1,"photoshop","photo shop","photo shop","NOUN NOUN"
"i7gzsiwaaH625g2xHgXMPfOfI6R9h8LKxyKgcR3DppkfqTpYxlpaGNFv4AOTf78v","English_Word_Ratings_3","w10","venom",2,"speculate","speculate","speculate","VERB"
"i7gzsiwaaH625g2xHgXMPfOfI6R9h8LKxyKgcR3DppkfqTpYxlpaGNFv4AOTf78v","English_Word_Ratings_3","w10","venom",4,"gag","gag","gag","NOUN"
"wKTNXd6bXFAL8q4qqOh2llgWoCGmV4nmEB8h4ybNDi4oesm36R1MtrSdkxNsLMnC","English_Word_Ratings_3","w10","venom",1,"upgrad","upgrade","upgrade","NOUN"
"wKTNXd6bXFAL8q4qqOh2llgWoCGmV4nmEB8h4ybNDi4oesm36R1MtrSdkxNsLMnC","English_Word_Ratings_3","w10","venom",3,"ach","ate","eat","VERB"
"wKTNXd6bXFAL8q4qqOh2llgWoCGmV4nmEB8h4ybNDi4oesm36R1MtrSdkxNsLMnC","English_Word_Ratings_3","w10","venom",4,"reverse","reverse","reverse","NOUN"
"wKTNXd6bXFAL8q4qqOh2llgWoCGmV4nmEB8h4ybNDi4oesm36R1MtrSdkxNsLMnC","English_Word_Ratings_3","w10","venom",5,"fast forward","fast forward","fast forward","ADV ADV"
"wKTNXd6bXFAL8q4qqOh2llgWoCGmV4nmEB8h4ybNDi4oesm36R1MtrSdkxNsLMnC","English_Word_Ratings_3","w10","venom",6,"cool off","cool off","cool off","ADJ NOUN"
"wKTNXd6bXFAL8q4qqOh2llgWoCGmV4nmEB8h4ybNDi4oesm36R1MtrSdkxNsLMnC","English_Word_Ratings_3","w10","venom",7,"ignit","ignite","ignite","X"
"wKTNXd6bXFAL8q4qqOh2llgWoCGmV4nmEB8h4ybNDi4oesm36R1MtrSdkxNsLMnC","English_Word_Ratings_3","w10","venom",8,"lunch","lunch","lunch","NOUN"
"wKTNXd6bXFAL8q4qqOh2llgWoCGmV4nmEB8h4ybNDi4oesm36R1MtrSdkxNsLMnC","English_Word_Ratings_3","w10","venom",9,"reconnect","reconnect","reconnect","NOUN"
"GoSFbC6zIahLMncIpKDjoQ5dleIxSC8jVVFIn9Km4i5Y1NIhpLJUPrByLuQc21a6","English_Word_Ratings_3","w10","venom",1,"put away","put away","put away","VERB ADV"
"GoSFbC6zIahLMncIpKDjoQ5dleIxSC8jVVFIn9Km4i5Y1NIhpLJUPrByLuQc21a6","English_Word_Ratings_3","w10","venom",2,"fuel","fuel","fuel","NOUN"
"GoSFbC6zIahLMncIpKDjoQ5dleIxSC8jVVFIn9Km4i5Y1NIhpLJUPrByLuQc21a6","English_Word_Ratings_3","w10","venom",3,"dump out","dump out","dump out","VERB ADP"
"GoSFbC6zIahLMncIpKDjoQ5dleIxSC8jVVFIn9Km4i5Y1NIhpLJUPrByLuQc21a6","English_Word_Ratings_3","w10","venom",4,"parent","parent","parent","NOUN"
"GoSFbC6zIahLMncIpKDjoQ5dleIxSC8jVVFIn9Km4i5Y1NIhpLJUPrByLuQc21a6","English_Word_Ratings_3","w10","venom",5,"scream","scream","scream","NOUN"
"GoSFbC6zIahLMncIpKDjoQ5dleIxSC8jVVFIn9Km4i5Y1NIhpLJUPrByLuQc21a6","English_Word_Ratings_3","w10","venom",6,"drive","drive","drive","VERB"
"GoSFbC6zIahLMncIpKDjoQ5dleIxSC8jVVFIn9Km4i5Y1NIhpLJUPrByLuQc21a6","English_Word_Ratings_3","w10","venom",7,"pull-up","pull-up","pull - up","NOUN PUNCT NOUN"
"sBacIiuSQV6IuSUPRTFQmqG3UmmTN9xKph2xv2OOURpgUNOKXSQsxnE8Saex7WkV","English_Word_Ratings_3","w10","venom",2,"deisgn","design","design","NOUN"
"kO56Jn0idpJWnDDMSRMIU9DECzlitjq3w7Z1s2KfSCMDE6YZiy9U0xnv6wljxLlh","English_Word_Ratings_3","w10","venom",1,"plait","plait","plait","NOUN"
"kO56Jn0idpJWnDDMSRMIU9DECzlitjq3w7Z1s2KfSCMDE6YZiy9U0xnv6wljxLlh","English_Word_Ratings_3","w10","venom",2,"bin","bin","bin","NOUN"
"kO56Jn0idpJWnDDMSRMIU9DECzlitjq3w7Z1s2KfSCMDE6YZiy9U0xnv6wljxLlh","English_Word_Ratings_3","w10","venom",3,"harass","harass","harass","NOUN"
"LSuU7j19LztOjJyzbaQVC813k4Xs1HHJRzjUOC3xGQR21Jg71xWUBLSqxxfwF8n3","English_Word_Ratings_3","w10","venom",1,"meow","meow","meow","NOUN"
"LSuU7j19LztOjJyzbaQVC813k4Xs1HHJRzjUOC3xGQR21Jg71xWUBLSqxxfwF8n3","English_Word_Ratings_3","w10","venom",2,"homicide","homicide","homicide","NOUN"
"LSuU7j19LztOjJyzbaQVC813k4Xs1HHJRzjUOC3xGQR21Jg71xWUBLSqxxfwF8n3","English_Word_Ratings_3","w10","venom",3,"dewrinkle","wrinkled","wrinkle","VERB"
"LSuU7j19LztOjJyzbaQVC813k4Xs1HHJRzjUOC3xGQR21Jg71xWUBLSqxxfwF8n3","English_Word_Ratings_3","w10","venom",4,"tighten","tighten","tighten","ADJ"
"YReDSBupRsykKwPjPFxhEKJ9WrWhRKquBSvqA45zIjX2ea9uVVVtSygOIdC1LG2h","English_Word_Ratings_3","w10","venom",1,"deactivate","deactivate","deactivate","NOUN"
"YReDSBupRsykKwPjPFxhEKJ9WrWhRKquBSvqA45zIjX2ea9uVVVtSygOIdC1LG2h","English_Word_Ratings_3","w10","venom",2,"gather","gather","gather","NOUN"
"YReDSBupRsykKwPjPFxhEKJ9WrWhRKquBSvqA45zIjX2ea9uVVVtSygOIdC1LG2h","English_Word_Ratings_3","w10","venom",3,"appease","appease","appease","INTJ"
"YReDSBupRsykKwPjPFxhEKJ9WrWhRKquBSvqA45zIjX2ea9uVVVtSygOIdC1LG2h","English_Word_Ratings_3","w10","venom",4,"ease","ease","ease","INTJ"
"HgQcnYS7bLBLsGHsEWYXm89MfSMSM8NNKgbmYc1Ws5lXQCnjE1r1xFC1VARqczsu","English_Word_Ratings_3","w10","venom",1,"routine","routine","routine","NOUN"
"HgQcnYS7bLBLsGHsEWYXm89MfSMSM8NNKgbmYc1Ws5lXQCnjE1r1xFC1VARqczsu","English_Word_Ratings_3","w10","venom",2,"reced","recd","rec","VERB"
"HgQcnYS7bLBLsGHsEWYXm89MfSMSM8NNKgbmYc1Ws5lXQCnjE1r1xFC1VARqczsu","English_Word_Ratings_3","w10","venom",3,"meeting","meeting","meeting","NOUN"
"HgQcnYS7bLBLsGHsEWYXm89MfSMSM8NNKgbmYc1Ws5lXQCnjE1r1xFC1VARqczsu","English_Word_Ratings_3","w10","venom",4,"pave","pave","pave","NOUN"
"DN6wJxt2qT1Np5PlWQiffYY3Uj2fhio8LP2BS98Ht1WUs0dFRBairReZaXoTmHEP","English_Word_Ratings_3","w10","venom",1,"bread","bread","bread","NOUN"
"DN6wJxt2qT1Np5PlWQiffYY3Uj2fhio8LP2BS98Ht1WUs0dFRBairReZaXoTmHEP","English_Word_Ratings_3","w10","venom",2,"memorialize","memorialize","memorialize","NOUN"
"DN6wJxt2qT1Np5PlWQiffYY3Uj2fhio8LP2BS98Ht1WUs0dFRBairReZaXoTmHEP","English_Word_Ratings_3","w10","venom",4,"evaporate","evaporate","evaporate","ADJ"
"o5DMFT7lEisuLPj9cmVBQLnIxZkz0iM23cfDJOL9HqvghxE6MFdH5AfsRQ9r0D2j","English_Word_Ratings_3","w10","venom",1,"rewound","rewound","rewound","VERB"
"o5DMFT7lEisuLPj9cmVBQLnIxZkz0iM23cfDJOL9HqvghxE6MFdH5AfsRQ9r0D2j","English_Word_Ratings_3","w10","venom",2,"soap","soap","soap","NOUN"
"o5DMFT7lEisuLPj9cmVBQLnIxZkz0iM23cfDJOL9HqvghxE6MFdH5AfsRQ9r0D2j","English_Word_Ratings_3","w10","venom",3,"hurdle","hurdle","hurdle","NOUN"
"o5DMFT7lEisuLPj9cmVBQLnIxZkz0iM23cfDJOL9HqvghxE6MFdH5AfsRQ9r0D2j","English_Word_Ratings_3","w10","venom",4,"sit in","sit in","sit in","VERB ADV"
"o5DMFT7lEisuLPj9cmVBQLnIxZkz0iM23cfDJOL9HqvghxE6MFdH5AfsRQ9r0D2j","English_Word_Ratings_3","w10","venom",5,"shower","shower","shower","NOUN"
"o5DMFT7lEisuLPj9cmVBQLnIxZkz0iM23cfDJOL9HqvghxE6MFdH5AfsRQ9r0D2j","English_Word_Ratings_3","w10","venom",6,"unearth","unearth","unearth","ADJ"
"FibKe5OYiPqz2UUn75mURehUDCnnAmvduGjCpCkj9jFTXR7BfZxkaHsHG0ZZQtwF","English_Word_Ratings_3","w10","venom",1,"heighten","heighten","heighten","ADV"
"FibKe5OYiPqz2UUn75mURehUDCnnAmvduGjCpCkj9jFTXR7BfZxkaHsHG0ZZQtwF","English_Word_Ratings_3","w10","venom",2,"attain","attain","attain","VERB"
"FibKe5OYiPqz2UUn75mURehUDCnnAmvduGjCpCkj9jFTXR7BfZxkaHsHG0ZZQtwF","English_Word_Ratings_3","w10","venom",3,"approve","approve","approve","VERB"
"FibKe5OYiPqz2UUn75mURehUDCnnAmvduGjCpCkj9jFTXR7BfZxkaHsHG0ZZQtwF","English_Word_Ratings_3","w10","venom",4,"zip","zip","zip","NOUN"
"50X4V7q3Et1XAYfAEDSwioMfQS8YbRUtzDW2SFCVjvd0kNGpkiwqdWUnTkiNNE80","English_Word_Ratings_3","w10","venom",1,"confess","confess","confess","NOUN"
"50X4V7q3Et1XAYfAEDSwioMfQS8YbRUtzDW2SFCVjvd0kNGpkiwqdWUnTkiNNE80","English_Word_Ratings_3","w10","venom",2,"consult","consult","consult","NOUN"
"50X4V7q3Et1XAYfAEDSwioMfQS8YbRUtzDW2SFCVjvd0kNGpkiwqdWUnTkiNNE80","English_Word_Ratings_3","w10","venom",3,"starr","starr","starr","NOUN"
"50X4V7q3Et1XAYfAEDSwioMfQS8YbRUtzDW2SFCVjvd0kNGpkiwqdWUnTkiNNE80","English_Word_Ratings_3","w10","venom",4,"funnel","funnel","funnel","NOUN"
"50X4V7q3Et1XAYfAEDSwioMfQS8YbRUtzDW2SFCVjvd0kNGpkiwqdWUnTkiNNE80","English_Word_Ratings_3","w10","venom",6,"mouth","mouth","mouth","NOUN"
"50X4V7q3Et1XAYfAEDSwioMfQS8YbRUtzDW2SFCVjvd0kNGpkiwqdWUnTkiNNE80","English_Word_Ratings_3","w10","venom",7,"pucker","pucker","pucker","NOUN"
"50X4V7q3Et1XAYfAEDSwioMfQS8YbRUtzDW2SFCVjvd0kNGpkiwqdWUnTkiNNE80","English_Word_Ratings_3","w10","venom",9,"lesson","lesson","lesson","NOUN"
