word_german,valence_mean,valence_sd,arousal_mean,arousal_sd,concrete_mean,concrete_sd,frequency,length,syllables,valence_mean_female,valence_sd_female,arousal_mean_female,arousal_sd_female,concrete_mean_female,concrete_sd_female,valence_mean_male,valence_sd_mean,arousal_mean_male,arousal_sd_mean,concrete_mean_male,concrete_sd_male
Abdruck,5.03125,0.616409,2.573771,1.839013,4.196721,2.688368,14,7,2,5.121212,0.599874,2.419355,1.857852,4.419355,2.825765,4.935484,0.629046,2.733333,1.837039,3.966667,2.566137
Abend,6.193548,1.948843,3.875,2.346899,4.984127,2.915432,8,5,2,6.03125,2.0238,4.606061,2.524126,5.59375,2.815388,6.366667,1.8842970000000001,3.096774,1.885998,4.354839,2.927438
Abfahrt,5.046875,0.966579,2.096774,1.467793,5.412698,2.60666,11,7,2,5.060606,0.966288,2.096774,1.738866,5.78125,2.459142,5.032258,0.982645,2.096774,1.164899,5.032258,2.738417
Abfall,3.828125,1.847819,3.412698,2.16001,3.467742,2.467612,12,6,2,3.939394,2.164189,3.1875,2.176673,3.46875,2.475485,3.709677,1.465004,3.645161,2.153267,3.466667,2.501494
Ablauf,5.109375,0.669451,1.903226,1.422416,6.83871,2.503725,11,6,2,5.060606,0.78817,1.967742,1.870541,7.4375,2.015064,5.16129,0.522607,1.83871,0.77875,6.2,2.8333
Absatz,4.90625,1.122904,2.612903,2.035382,4.677419,2.895866,10,6,2,5.242424,1.090593,2.75,2.24327,4.40625,2.927725,4.548387,1.059519,2.466667,1.814374,4.966667,2.882568
Abschaum,3.31746,2.354306,5.859375,2.369564,6.032258,2.579667,16,8,2,3.40625,2.298097,5.939394,2.499242,6.65625,2.179218,3.225807,2.445536,5.774194,2.261411,5.366667,2.834314
Abscheu,3.546875,2.308918,5.693548,2.570888,7.709677,1.673194,13,7,2,3.393939,2.474108,6.34375,2.134349,8,1.077632,3.709677,2.147767,5,2.840593,7.4,2.110728
Absicht,4.921875,0.802866,2.725807,2.065877,6.885246,2.367125,10,7,2,4.878788,0.857233,2.83871,2.192362,7.5,1.813925,4.967742,0.752058,2.612903,1.960908,6.206897,2.730506
Abstand,4.921875,0.822399,2.640625,2.002912,5.936508,2.681315,10,7,2,4.909091,0.804815,2.484849,2.048188,6.09375,2.506242,4.935484,0.853834,2.806452,1.97348,5.774194,2.883397
Abstieg,3.890625,2.05571,3.428571,2.360387,6.047619,2.517222,11,7,2,4.272727,2.035202,2.96875,2.132458,5.96875,2.264514,3.483871,2.030943,3.903226,2.521307,6.129032,2.789766
Absturz,3.746032,2.071062,4.68254,2.595439,6.016129,2.595658,11,7,2,3.666667,2.131119,4.393939,2.6213,6.096774,2.624942,3.833333,2.035603,5,2.57307,5.935484,2.606856
Abteil,5.015625,0.967605,1.8,1.350455,2.761905,2.130533,14,6,2,4.969697,0.636634,1.870968,1.648068,2.6875,2.116563,5.064516,1.23654,1.724138,0.959782,2.83871,2.177105
Abzweig,4.875,0.899735,2.3125,1.660704,5.476191,2.428707,16,7,2,4.909091,0.979912,2.272727,1.858641,5.5625,2.242371,4.83871,0.820438,2.354839,1.45025,5.387097,2.641684
Achse,5.140625,1.036894,2.114754,1.732997,2.888889,2.300849,12,5,2,5.121212,0.857233,2.033333,2.008316,2.90625,2.332925,5.16129,1.213721,2.193548,1.447282,2.870968,2.305673
Advent,6.301587,2.060652,4.079365,2.671846,5.306452,2.928597,13,6,2,6.424242,2.208369,4.5625,2.839099,5.875,2.791115,6.166667,1.913353,3.580645,2.432751,4.7,2.995974
Ahorn,5.421875,1.366315,2.603175,2.052062,1.693548,1.249114,15,5,2,5.454546,1.393981,2.6875,2.176673,1.46875,0.87931,5.387097,1.358367,2.516129,1.947151,1.933333,1.529781
Aids,2.714286,2.755807,7.253968,2.08658,5.370968,2.993073,11,4,1,2.90625,2.866485,7.060606,2.524126,5.53125,3.037235,2.516129,2.669219,7.466667,1.47936,5.2,2.98733
Akkord,5.396825,1.465074,3.301587,2.211662,5.677419,2.803828,14,6,2,5.454546,1.3484,3.34375,2.266294,6.03125,2.645561,5.333333,1.604591,3.258065,2.190399,5.3,2.961244
Akne,3.370968,2.299208,5.234375,2.492797,2.349206,1.815336,16,4,2,3.580645,2.432751,5.363636,2.571699,2.53125,2.047569,3.16129,2.177105,5.096774,2.440694,2.16129,1.551274
Akte,4.578125,1.244731,2.491803,2.141829,2.698413,2.182296,12,4,2,4.757576,1.118881,2.866667,2.501494,2.84375,2.370645,4.387097,1.358367,2.129032,1.688035,2.548387,1.99731
Akteur,5.349206,1.018518,3.484375,2.16019,4.777778,2.5806,13,6,2,5.242424,0.86711800000000006,3.515152,2.425402,4.875,2.419677,5.466667,1.166585,3.451613,1.876854,4.677419,2.773531
Akzent,5.421875,1.561488,3.515625,2.145443,6.33871,2.462463,12,6,2,5.363636,1.67366,3.393939,1.818987,6.96875,2.132458,5.483871,1.457646,3.645161,2.470471,5.666667,2.643578
Album,5.328125,1.2731,2.714286,1.852884,2.741936,2.126611,11,5,2,5.121212,1.430856,2.65625,1.842323,2.34375,1.824729,5.548387,1.059519,2.774194,1.892259,3.166667,2.364731
Alge,4.75,1.356934,2.590164,2.147689,2.032258,1.425387,17,4,2,4.636364,1.41019,2.419355,2.094026,2.03125,1.616136,4.870968,1.310011,2.766667,2.223438,2.033333,1.217214
Ampel,4.90625,0.849253,2.387097,2.075263,1.746032,1.469784,12,5,2,4.939394,0.555619,2.16129,2.16174,1.46875,0.841825,4.870968,1.087564,2.612903,1.994616,2.032258,1.888277
Amsel,5.640625,1.483959,2.444444,1.739279,1.492064,0.99795,15,5,2,5.757576,1.820548,2.59375,1.793526,1.25,0.567962,5.516129,1.028623,2.290323,1.69693,1.741936,1.264061
Andrang,4.578125,1.306937,3.253968,1.942465,6.253968,2.299848,12,7,2,4.666667,1.428869,3.515152,2.048188,6.90625,2.115372,4.483871,1.179575,2.966667,1.809617,5.580645,2.320549
Anfahrt,5.111111,0.625045,2.387097,1.994705,5.825397,2.537078,14,7,2,5.03125,0.646797,2.5,2.09454,6.15625,2.384214,5.193548,0.601074,2.266667,1.910648,5.483871,2.681678
Angel,5.0625,1.081959,2.129032,1.498457,1.507937,1.07573,13,5,2,4.969697,1.131505,2.290323,1.865361,1.375,0.707107,5.16129,1.035914,1.967742,1.016001,1.645161,1.355197
Angriff,4.140625,2.061493,5.857143,2.539095,6.126984,2.498335,10,7,2,4.30303,1.960307,5.21875,2.672855,6.4375,2.327085,3.967742,2.183024,6.516129,2.249014,5.806452,2.663574
Angst,3.095238,2.757478,7.078125,2.125467,7.629032,2.010088,8,5,1,3.181818,2.952272,7.212121,2.246631,7.875,1.862187,3,2.57307,6.935484,2.015531,7.366667,2.157319
Anhang,5.015625,0.983873,2.33871,1.889952,6.016129,2.790452,13,6,2,5.121212,0.92728,2.46875,1.900499,6.387097,2.654272,4.903226,1.044185,2.2,1.900998,5.645161,2.916029
Anker,4.903226,1.111928,2.548387,2.037979,1.269841,0.846365,13,5,2,5.03125,1.031265,2.774194,2.028295,1.28125,1.084625,4.766667,1.194335,2.322581,2.055677,1.258065,0.514311
Ankunft,5.453125,1.592938,2.209677,1.968082,6.222222,2.510908,11,7,2,5.393939,1.477739,2.419355,2.377312,6.6875,2.292168,5.516129,1.729566,2,1.460594,5.741936,2.670428
Anlass,5.390625,0.847352,2.825397,1.888332,7.063492,2.124155,10,6,2,5.363636,0.994302,2.8125,1.874059,7.28125,1.887726,5.419355,0.672022,2.83871,1.933852,6.83871,2.353675
Anlauf,5.125,0.723747,2.596774,1.796715,6.032258,2.449274,11,6,2,5.121212,0.780928,2.5,1.813925,6.354839,2.214323,5.129032,0.67042,2.7,1.803254,5.709677,2.660746
Anmut,6.285714,2.082404,5.546875,2.409832,7.983871,1.108713,14,5,2,6.393939,1.96754,5.666667,2.445234,8.0625,1.045343,6.166667,2.229633,5.419355,2.405192,7.9,1.184672
Anrecht,5.21875,1.50627,2.730159,2.411039,7.516129,2.02235,15,7,2,5.212121,1.192623,2.84375,2.477113,7.90625,1.855408,5.225807,1.80203,2.612903,2.375955,7.1,2.139127
Anreiz,6.112903,1.934203,4.84375,2.338218,7.285714,2.090135,12,6,2,6.1875,1.958233,4.848485,2.333469,7.59375,1.682153,6.033333,1.93842,4.83871,2.381831,6.967742,2.42877
Ansatz,5.0625,0.833333,2.048387,1.683356,6.66129,2.534636,11,6,2,5.030303,0.683961,2.0625,1.949979,6.774194,2.333948,5.096774,0.978258,2.033333,1.376736,6.548387,2.754859
Anschein,5.1875,0.794325,3.0625,1.926218,7.629032,1.821852,12,8,2,5.272727,0.910794,3.212121,2.011802,8.0625,1.105339,5.096774,0.650889,2.903226,1.850312,7.166667,2.290661
Anschlag,3.387097,2.363346,6.15873,2.610193,5.84127,2.515798,10,8,2,3.59375,2.460781,6.242424,2.750344,6.34375,2.417802,3.166667,2.275557,6.066667,2.490442,5.322581,2.548033
Ansporn,5.746032,1.534215,4.96875,2.442798,7.258065,2.304205,14,7,2,5.606061,1.297579,4.393939,2.474108,7.5,2.047816,5.9,1.768498,5.580645,2.29164,7,2.559634
Anstand,5.734375,1.545523,3.111111,1.976565,7.306452,1.980137,13,7,2,5.636364,1.365151,2.90625,1.855408,7.806452,1.536649,5.83871,1.733912,3.322581,2.10376,6.806452,2.257127
Antrieb,5.492064,1.941674,3.016129,2.012192,7.064516,2.023396,13,7,2,5.272727,1.940888,2.8125,1.767767,7.125,1.581139,5.733333,1.946408,3.233333,2.254243,7,2.435372
Anus,4.59375,1.779234,5.796875,2.583093,2.5,2.132881,17,4,2,4.272727,1.442063,5.575758,2.750344,2.6875,2.249552,4.935484,2.048341,6.032258,2.415007,2.3,2.01973
Anwalt,4.78125,1.578313,3,2.192362,3.412698,2.332346,10,6,2,4.757576,1.392621,2.6875,2.320143,3.65625,2.390969,4.806452,1.778002,3.322581,2.039397,3.16129,2.281765
Anzahl,5.126984,0.729385,2.33871,1.983072,6.770492,2.30502,10,6,2,5.0625,0.840027,2.548387,2.392192,7.225807,1.874561,5.193548,0.601074,2.129032,1.477429,6.3,2.628098
Anzug,5.390625,1.267634,2.868853,2.334348,2.064516,1.706986,11,5,2,5.272727,1.008487,2.322581,2.135214,2.3125,2.054696,5.516129,1.502686,3.433333,2.430884,1.8,1.214851
Apfel,5.71875,1.627821,3.578125,2.091591,1.206349,0.743981,13,5,2,5.636364,1.834022,3.848485,2.166812,1.125,0.491869,5.806452,1.400461,3.290323,2.003223,1.290323,0.937854
Applaus,6.241936,2.005611,5.079365,2.438281,5.603175,2.768135,11,7,2,6.28125,2.019811,4.939394,2.435921,5.75,2.565277,6.2,2.023994,5.233333,2.473073,5.451613,2.998207
Archiv,4.953125,0.880651,2.377049,1.942198,3.278689,2.5568939999999998,12,6,2,4.848485,1.064225,2.633333,2.266447,3.096774,2.481328,5.064516,0.629046,2.129032,1.565076,3.466667,2.661777
Ärger,3.359375,2.220876,6.206349,2.111098,7.967213,1.303421,10,5,2,3.545455,2.372906,6.30303,2.256724,8.322581,0.944708,3.16129,2.067152,6.1,1.971347,7.6,1.522249
Armut,3.53125,2.581797,5.770492,2.685724,7.126984,2.232401,10,5,2,3.606061,2.66856,5.5,2.862438,7.5625,1.998992,3.451613,2.527696,6.068966,2.491859,6.677419,2.399821
Arsch,4.203125,2.25501,6.90625,2.106066,2.274194,1.917729,14,5,1,3.848485,2.032874,6.454546,2.137331,2.21875,1.913186,4.580645,2.446415,7.387097,1.994616,2.333333,1.953482
Arznei,4.765625,1.659434,3.920635,2.431657,3.238095,2.407745,14,6,2,4.878788,1.653738,3.65625,2.585435,3.4375,2.589526,4.645161,1.684209,4.193548,2.271847,3.032258,2.228361
Ass,5.796875,2.296856,3.5,2.481679,4.064516,2.963554,16,3,1,5.454546,2.06293,3.909091,2.56617,4.03125,3.146779,6.16129,2.504619,3.064516,2.351389,4.1,2.808239
Ast,5.21875,1.030776,2.206349,1.705387,1.333333,0.567962,13,3,1,5.272727,1.2568,2.25,1.951013,1.28125,0.581121,5.16129,0.734701,2.16129,1.439833,1.387097,0.558416
Ästhet,6.015873,1.727314,4.111111,2.44363,5.761905,2.644009,16,6,2,6.060606,1.456438,4,2.44949,5.59375,2.447637,5.966667,2.008316,4.233333,2.473073,5.935484,2.862813
Asthma,3.634921,2.273988,4.25,2.416872,4.571429,3.057061,14,6,2,3.9375,2.395392,4.272727,2.490893,5.25,3.090047,3.322581,2.135214,4.225807,2.376407,3.870968,2.906796
Athlet,5.746032,1.759474,4.03125,2.481479,3.370968,2.477663,13,6,2,5.393939,1.694465,3.333333,2.071634,3.8125,2.644989,6.133333,1.775957,4.774194,2.692083,2.9,2.233754
Aufriss,5.046875,1.314506,3.444444,2.360821,6.095238,2.447608,18,7,2,5.151515,1.202113,3.1875,2.292168,6.3125,2.235166,4.935484,1.436094,3.709677,2.438491,5.870968,2.667607
Aufsatz,4.9375,0.852168,2.328125,1.727965,4.761905,2.662247,13,7,2,5.121212,0.92728,2.121212,1.916337,4.625,2.660948,4.741936,0.728823,2.548387,1.50197,4.903226,2.70006
Aufsicht,4.84375,1.335935,2.274194,1.71941,6.015873,2.648749,12,8,2,5.060606,1.170988,2.483871,2.014464,6.53125,2.409449,4.612903,1.475972,2.064516,1.364685,5.483871,2.81509
Aufstieg,6.1875,1.670234,3.640625,2.352757,6.095238,2.332894,10,8,2,5.939394,1.498737,3.181818,2.171614,6.03125,2.389282,6.451613,1.822795,4.129032,2.473081,6.16129,2.310798
Aufzug,5.125,0.934353,2.451613,1.626395,2.209677,1.856642,13,6,2,5,0.901388,2.46875,1.645804,2.21875,1.75489,5.258065,0.964978,2.433333,1.633345,2.2,1.989628
Ausflug,5.90625,1.761301,3.539683,2.408489,5.603175,2.574939,12,7,2,5.757576,2.106987,3.909091,2.504541,6.1875,2.263846,6.064516,1.314927,3.133333,2.270247,5,2.768875
Ausguck,5.5625,1.307791,3.112903,2.096874,3.790323,2.662041,17,7,2,5.090909,1.208399,3.15625,2.141892,4.25,2.884888,6.064516,1.23654,3.066667,2.083322,3.3,2.351082
Auskunft,5.203125,0.994903,2.435484,1.798186,6.435484,2.42677,10,8,2,5,0.968246,2.451613,1.99731,7,2,5.419355,0.992445,2.419355,1.607777,5.833333,2.717546
Autor,5.6875,1.467911,3.048387,2.0035,3.854839,2.540471,9,5,2,5.575758,1.541718,3.322581,2.166212,4.3125,2.705282,5.806452,1.400461,2.774194,1.820434,3.366667,2.296674
Baby,6.650794,2.616072,5.53125,2.519566,2.111111,1.597489,11,4,2,6.545455,2.634992,5.787879,2.368512,1.9375,1.216486,6.766667,2.635086,5.258065,2.682881,2.290323,1.918221
Bach,5.375,1.685607,3.238095,2.353544,2.031746,1.379203,11,4,1,5.454546,1.786948,3.625,2.756225,1.90625,1.399525,5.290323,1.595693,2.83871,1.809176,2.16129,1.368619
Bad,6.063492,1.785904,3.904762,2.786571,1.774194,1.31098,11,3,1,5.878788,1.89996,3.757576,2.883469,1.625,0.906962,6.266667,1.659525,4.066667,2.715642,1.933333,1.638615
Bagger,4.96875,0.853913,2.516129,1.870758,1.269841,0.573792,12,6,2,4.909091,0.522233,2.741936,2.081149,1.25,0.508001,5.032258,1.110071,2.290323,1.636939,1.290323,0.642576
Bahn,5.125,1.18857,2.806452,2.481662,1.612903,1.07665,9,4,1,4.969697,0.883348,2.387097,2.231254,1.4375,0.913607,5.290323,1.442071,3.225807,2.679673,1.8,1.214851
Balken,5.079365,0.679221,2.269841,1.724644,1.868853,1.359846,13,6,2,5.125,0.707107,2.34375,1.911078,1.9375,1.435439,5.032258,0.657463,2.193548,1.536649,1.793103,1.292266
Balkon,5.765625,2.150985,3.142857,1.949832,1.873016,1.486412,12,6,2,5.727273,2.388419,3.5,2.214323,1.90625,1.613639,5.806452,1.90472,2.774194,1.585553,1.83871,1.368619
Ball,5.578125,1.520283,2.921875,2.198879,1.349206,0.918602,9,4,1,5.090909,1.331438,2.606061,2.149701,1.15625,0.447889,6.096774,1.55681,3.258065,2.235587,1.548387,1.206613
Balsam,6.15873,1.944441,4.34375,2.365216,4.225807,2.81343,14,6,2,6.125,2.254029,4.727273,2.362106,4.40625,2.971471,6.193548,1.600403,3.935484,2.33717,4.033333,2.671476
Bambus,5.578125,1.434326,3,2.024441,1.516129,0.882284,15,6,2,5.454546,1.3484,3.4375,2.25671,1.5,0.983739,5.709677,1.531743,2.533333,1.655364,1.533333,0.776079
Bankrott,3.063492,2.614309,5.1875,2.724813,6.16129,2.920777,13,8,2,3.25,2.816999,4.69697,2.78932,6.90625,2.569792,2.870968,2.418566,5.709677,2.597352,5.366667,3.101538
Bar,5.888889,2.072174,3.873016,2.43954,2.698413,2.060652,11,3,1,5.545455,2.047726,3.875,2.459347,2.6875,2.131749,6.266667,2.066704,3.870968,2.459566,2.709677,2.019795
Basar,5.3125,1.390158,3.983607,2.452834,2.758065,1.705204,13,5,2,5.393939,1.344884,4.16129,2.5573,2.774194,1.764647,5.225807,1.453953,3.8,2.369344,2.741936,1.672677
Bastard,3.396825,2.492179,6.126984,2.324429,5.634921,2.64149,15,7,2,3.121212,2.484421,5.969697,2.35166,6.125,2.419677,3.7,2.507231,6.3,2.321563,5.129032,2.801689
Bastler,5.515625,1.272321,2.65625,1.827643,3.741936,2.598458,15,7,2,5.363636,1.245446,2.909091,2.170306,4.290323,2.710394,5.677419,1.300951,2.387097,1.358367,3.193548,2.400269
Bauch,5.375,1.27864,4,2.383808,2.095238,1.444838,11,5,1,5.515152,1.253027,3.666667,2.086664,2,1.367833,5.225807,1.30919,4.354839,2.652651,2.193548,1.536649
Bauer,5.140625,0.92354,2.377049,1.674952,3.016129,2.315252,10,5,2,5.090909,0.84275,2.580645,1.839822,3.3125,2.507248,5.193548,1.013882,2.166667,1.487496,2.7,2.086905
Baum,5.5625,1.798368,2.444444,1.838458,1.460318,0.876676,10,4,1,5.727273,2.004257,2.75,2.24327,1.4375,0.913607,5.387097,1.563701,2.129032,1.258092,1.483871,0.851311
Becher,4.96875,0.689346,1.645161,1.505147,1.412698,1.010189,12,6,2,4.878788,0.696311,1.741936,1.879144,1.40625,0.837021,5.064516,0.679975,1.548387,1.027577,1.419355,1.176837
Becken,5.421875,1.44535,2.714286,2.01949,2.274194,1.738375,12,6,2,5.090909,1.307757,2.34375,1.927883,1.9375,1.366359,5.774194,1.521177,3.096774,2.071309,2.633333,2.025413
Beet,5.359375,1.226263,2.180328,1.736934,1.777778,1.113617,16,4,1,5.393939,1.273268,2.354839,2.106314,1.71875,1.084625,5.322581,1.194071,2,1.259447,1.83871,1.157491
Befund,4.8125,1.245627,3.190476,2.093439,5.629032,2.5877,13,6,2,4.909091,1.465513,3.28125,2.113465,5.8125,2.507248,4.709677,0.972747,3.096774,2.103249,5.433333,2.699723
Beifall,6.403226,2.02816,5.484375,2.519714,5.306452,2.731652,10,7,2,6.40625,2.107734,5.151515,2.526376,5.6875,2.752565,6.4,1.975715,5.83871,2.504619,4.9,2.695462
Bein,5.28125,0.765709,2.873016,2.136413,1.354839,0.629774,11,4,1,5.151515,0.712444,2.75,2.355502,1.375,0.659912,5.419355,0.807225,3,1.914854,1.333333,0.606478
Beispiel,5.25,0.776643,2.370968,2.001916,6.064516,2.839251,9,8,2,5.121212,0.780928,2.322581,2.211894,6.9375,2.18407,5.387097,0.760588,2.419355,1.803223,5.133333,3.181123
Beleg,5.109375,0.645305,2.274194,2.120697,4.650794,2.846383,12,5,2,5.181818,0.682575,2.354839,2.429656,4.6875,2.856091,5.032258,0.604642,2.193548,1.796652,4.612903,2.883024
Berg,5.5625,1.41281,3.460318,2.123793,1.83871,1.404834,10,4,1,5.333333,1.493039,3.84375,2.343273,1.96875,1.713031,5.806452,1.301777,3.064516,1.824564,1.7,0.987857
Bericht,5.079365,1.004853,2.177419,1.664718,4.492064,2.850427,8,7,2,5.1875,0.997982,2.193548,1.90472,4.65625,2.777901,4.967742,1.016001,2.16129,1.416493,4.322581,2.959584
Beruf,5.671875,1.533278,2.90625,2.201866,5.904762,2.698353,9,5,2,5.666667,1.534329,3,2.42384,6.3125,2.632765,5.677419,1.5575,2.806452,1.97348,5.483871,2.743124
Bescheid,4.8125,1.139131,2.546875,1.726816,5.936508,2.455232,11,8,2,4.969697,0.98377,2.727273,1.736964,6.46875,2.184762,4.645161,1.279281,2.354839,1.723338,5.387097,2.629036
Besen,4.765625,0.771356,1.983871,1.476504,1.206349,0.480548,13,5,2,4.848485,0.755034,2.225807,1.961457,1.21875,0.55267,4.677419,0.791079,1.741936,0.681554,1.193548,0.40161
Bestand,4.984375,0.845008,2.190476,1.664207,6.725807,2.416944,11,7,2,4.818182,0.950478,2.46875,2.078839,7.21875,2.090445,5.16129,0.687836,1.903226,1.044185,6.2,2.657455
Besteck,4.859375,0.852023,2.080645,1.518178,1.66129,1.186586,15,7,2,4.909091,0.678401,2.096774,1.757931,1.65625,1.003522,4.806452,1.013882,2.064516,1.26321,1.666667,1.372974
Bestie,3.5,2.708517,6.984127,2.31748,5.209677,2.829222,14,6,2,3.375,2.744496,6.818182,2.429693,5.5,2.663977,3.633333,2.709922,7.166667,2.214114,4.9,3.009754
Besuch,5.9375,1.660704,3.640625,2.170269,5.936508,2.583278,9,6,2,5.818182,1.844833,4.424242,2.250421,6.21875,2.253805,6.064516,1.45912,2.806452,1.759154,5.645161,2.893077
Betrag,4.983871,1.06343,2.677419,1.956697,5.047619,2.690656,10,6,2,4.787879,1.111237,3.032258,2.330721,5.34375,2.597882,5.206897,0.977581,2.322581,1.446538,4.741936,2.792463
Betreff,5.21875,0.916667,1.983607,1.746347,6.951613,2.145735,16,7,2,5.060606,0.899284,2.096774,2.134711,7.1875,2.116563,5.387097,0.919327,1.866667,1.252125,6.7,2.183796
Betrug,3.25,2.519763,5.857143,2.638775,6.677419,2.386947,11,6,2,3.393939,2.680245,5.515152,2.647183,7.3125,1.94169,3.096774,2.371425,6.233333,2.621967,6,2.65226
Bett,5.857143,2.116427,4,2.606463,1.370968,0.706733,10,4,1,5.575758,2.278024,3.909091,2.626353,1.375,0.751343,6.166667,1.913353,4.096774,2.624942,1.366667,0.668675
Beweis,5.359375,1.145969,3.28125,2.134142,5.984127,2.785284,10,6,2,5.363636,1.084498,3,1.75,5.875,2.636591,5.354839,1.226061,3.580645,2.473516,6.096774,2.970464
Biest,3.571429,2.234006,6.634921,2.112189,5.428571,2.650102,15,5,1,3.5625,2.227938,6.545455,2.346419,5.65625,2.350146,3.580645,2.277048,6.733333,1.855715,5.193548,2.948665
Bild,5.396825,1.508467,3.25,2.152887,2.412698,1.85468,8,4,1,5.53125,1.480723,3.212121,1.996209,2.25,1.796053,5.258065,1.548499,3.290323,2.340848,2.580645,1.928284
Bildnis,5.603175,1.476042,3.03125,2.054563,4.222222,2.599283,14,7,2,5.666667,1.554563,2.969697,2.200637,4.625,2.756225,5.533333,1.407696,3.096774,1.921021,3.806452,2.400269
Bildung,6.428571,2.486832,4.65625,2.514837,7.467742,2.109446,9,7,2,6.21875,2.672855,4.424242,2.586386,7.875,1.560604,6.645161,2.302873,4.903226,2.454314,7.033333,2.525502
Binde,4.484375,1.402856,3.33871,2.179965,2.190476,1.511858,15,5,2,4.606061,1.321443,3.290323,2.147767,2.1875,1.693203,4.354839,1.495513,3.387097,2.246144,2.193548,1.327136
Birke,5.3125,1.41281,2.548387,2.109133,1.596774,1.384453,15,5,2,5.454546,1.416221,2.625,2.282472,1.4375,0.840027,5.16129,1.416493,2.466667,1.942862,1.766667,1.794308
Bistro,5.515625,1.511776,3.048387,1.945381,3.142857,2.354523,13,6,2,5.30303,1.402784,3.375,2.136473,3.28125,2.49172,5.741936,1.611785,2.7,1.684616,3,2.236068
Bitte,5.890625,1.604727,4.666667,2.355502,7.080645,2.098387,10,5,2,5.666667,1.594261,4.9375,2.27096,7.0625,1.998992,6.129032,1.607108,4.387097,2.445096,7.1,2.233754
Blase,4.796875,0.928896,3.671875,1.944097,2.015873,1.5292,14,5,2,4.757576,0.936426,3.939394,2.105638,1.875,1.560604,4.83871,0.934408,3.387097,1.745039,2.16129,1.507686
Blatt,5.375,0.95119,2.730159,2.208534,2.015873,1.736627,10,5,1,5.424242,1.14647,3.375,2.744496,2.03125,2.0238,5.322581,0.701764,2.064516,1.181397,2,1.414214
Blech,4.90625,0.75,2.177419,1.903613,1.730159,1.110163,13,5,1,4.878788,0.415149,2,1.949359,1.8125,1.306004,4.935484,0.997847,2.354839,1.871691,1.645161,0.877435
Blinker,5.09375,0.867742,2.387097,1.944769,2.048387,1.633937,16,7,2,5.121212,0.780928,2.483871,2.158255,2.125,2.043874,5.064516,0.963863,2.290323,1.735772,1.966667,1.0662
Blume,6.354839,2.333623,3.936508,2.468335,1.5,1.00409,12,5,2,6.28125,2.542977,4.242424,2.657893,1.4375,0.800705,6.433333,2.128353,3.6,2.23761,1.566667,1.194335
Blüte,6.609375,2.394552,4.375,2.413586,1.83871,1.404834,13,5,2,6.636364,2.595888,4.575758,2.424231,1.75,1.04727,6.580645,2.202638,4.16129,2.423452,1.933333,1.720732
Blutung,3.6875,2.076895,6.079365,2.245437,3.209677,2.347912,16,7,2,3.606061,2.317588,5.787879,2.315135,3.21875,2.151284,3.774194,1.820434,6.4,2.159183,3.2,2.578425
Bogen,5.296875,1.049258,2.765625,1.949702,2.951613,2.27911,11,5,2,5.272727,0.719059,2.606061,1.999053,3.5625,2.368306,5.322581,1.326326,2.935484,1.913731,2.3,2.01973
Bohne,5.109375,1.009749,2.492064,1.974621,1.603175,1.085679,16,5,2,5.30303,0.918043,2.65625,2.134349,1.4375,0.800705,4.903226,1.075634,2.322581,1.814517,1.774194,1.30919
Bombe,2.952381,2.70858,6.047619,2.542723,2.079365,1.771655,11,5,2,3.03125,2.845306,6.181818,2.403832,2.21875,1.995711,2.870968,2.60438,5.9,2.720928,1.935484,1.526117
Bonbon,5.984127,1.755104,3.3125,2.069238,1.741936,1.213794,14,6,2,6,1.870829,3.69697,2.17205,1.6875,1.203155,5.966667,1.650148,2.903226,1.90359,1.8,1.242911
Boot,5.609375,1.267634,2.507937,1.803876,1.349206,0.67582,10,4,1,5.454546,1.325021,2.53125,1.934148,1.375,0.751343,5.774194,1.203043,2.483871,1.690581,1.322581,0.599283
Bordell,4.206349,2.470201,6.580645,1.851436,2.596774,2.250389,14,7,2,3.625,2.33832,6.1875,2.038936,2.71875,2.317317,4.806452,2.495588,7,1.553639,2.466667,2.208656
Bosheit,3.222222,2.510908,5.515625,2.189384,7.790323,1.548528,14,7,2,3.4375,2.614322,5.515152,2.078479,8.03125,1.402403,3,2.42212,5.516129,2.33625,7.533333,1.676066
Bote,5.245902,1.233636,2.725807,1.812248,3.603175,2.524331,13,4,2,5.40625,1.042929,2.78125,1.995711,3.9375,2.687336,5.068966,1.412471,2.666667,1.625939,3.258065,2.337631
Braut,6.322581,2.230741,5.31746,2.198426,2.190476,1.624978,11,5,1,6.181818,2.324523,5.71875,2.203141,1.8125,0.965117,6.482759,2.148433,4.903226,2.150269,2.580645,2.045714
Brett,4.890625,0.892956,2.190476,1.847903,1.66129,1.100574,12,5,1,4.939394,0.826869,2.03125,2.007797,1.5625,0.913607,4.83871,0.969425,2.354839,1.684209,1.766667,1.278019
Brezel,5.625,1.795055,2.555556,1.924191,1.629032,1.14854,16,6,2,5.333333,1.865252,2.53125,2.169947,1.34375,0.653002,5.935484,1.691853,2.580645,1.668816,1.933333,1.460594
Brief,5.809524,1.533046,3.921875,2.477228,1.33871,1.100574,9,5,1,5.69697,1.740777,4.757576,2.716044,1.1875,0.470929,5.933333,1.284747,3.032258,1.852635,1.5,1.502871
Brücke,5.515625,1.490629,2.532258,1.715099,1.365079,0.955487,10,6,2,5.363636,1.616675,2.83871,2.050964,1.25,0.672022,5.677419,1.351224,2.225807,1.257237,1.483871,1.179575
Bruder,6.09375,1.997767,3.890625,2.437258,2.903226,2.316793,9,6,2,6.030303,2.023068,3.727273,2.427354,2.741936,2.235587,6.16129,2.001612,4.064516,2.475688,3.064516,2.421232
Brust,6.380952,1.698468,5.83871,2.43737,1.645161,1.160791,10,5,1,6,1.520691,5.290323,2.208975,1.5625,0.948258,6.8,1.808028,6.387097,2.564858,1.733333,1.362891
Büchse,4.953125,0.998883,2.622951,2.229828,1.793651,1.536216,13,6,2,4.969697,0.529437,2.5,2.01289,1.875,1.699146,4.935484,1.340037,2.741936,2.449051,1.709677,1.370974
Buckel,4.15625,1.644797,3.65625,2.502182,2.460318,1.584455,14,6,2,4.272727,1.700602,3.212121,2.509452,2.59375,1.682153,4.032258,1.601746,4.129032,2.445975,2.322581,1.491914
Büfett,5.875,1.812654,3.746032,2.235839,3.079365,2.295167,14,6,2,5.878788,1.89996,3.625,2.268295,3.15625,2.370645,5.870968,1.746271,3.870968,2.232218,3,2.250926
Bühne,6.047619,1.679368,3.8125,2.329078,1.936508,1.412765,8,5,2,6.090909,1.683813,4.636364,2.382464,1.625,0.941858,6,1.701926,2.935484,1.948255,2.258065,1.73143
Bündel,5.03125,0.835117,2.741936,2.087712,3.174603,2.317811,13,6,2,4.909091,0.804815,2.774194,2.362339,3.375,2.54951,5.16129,0.860108,2.709677,1.810958,2.967742,2.073385
Büro,4.793651,1.345947,2.225807,1.928385,2.758065,2.085748,9,4,2,5,1.089725,2.16129,2.099155,2.9375,2.227938,4.566667,1.568732,2.290323,1.773763,2.566667,1.941974
Busen,6,2.031498,6.52381,2.014921,1.714286,0.905691,12,5,2,5.424242,1.658883,5.666667,2.101587,1.75,0.879883,6.612903,2.231254,7.466667,1.431983,1.677419,0.944708
Butter,4.936508,0.948224,2.306452,1.825042,1.693548,1.064921,12,6,2,4.875,0.793116,2.612903,2.170675,1.75,1.135924,5,1.095445,2,1.36626,1.633333,0.999425
Chance,6.047619,2.231942,5.40625,2.511679,6.967742,2.20259,8,6,2,5.878788,2.381669,5.515152,2.412483,7.28125,2.17366,6.233333,2.07918,5.290323,2.648189,6.633333,2.220334
Chaos,3.765625,1.982,6.047619,2.372073,7.435484,1.921586,10,5,2,3.636364,1.981448,6.121212,2.459136,7.4375,1.74018,3.903226,2.005905,5.966667,2.31164,7.433333,2.128353
Charme,6.634921,2.157519,5.78125,2.104181,7.42623,1.802397,11,6,1,6.515152,2.346823,5.939394,2.030077,7.71875,1.59099,6.766667,1.95965,5.612903,2.201173,7.103448,1.988266
Dach,5.171875,1.120582,2.42623,1.765021,1.580645,1.0643,10,4,1,5.060606,1.170988,2.548387,2.062987,1.5,1.04727,5.290323,1.070624,2.3,1.417866,1.666667,1.093345
Dackel,5.015625,1.397188,2.672131,2.038965,1.460318,0.980872,14,6,2,5.060606,1.248484,2.9,2.440322,1.40625,0.756024,4.967742,1.55957,2.451613,1.567136,1.516129,1.179575
Dame,6.171875,1.964403,4.328125,2.436851,3.333333,2.348644,10,4,2,5.69697,1.928161,3.727273,2.452967,3.8125,2.558194,6.677419,1.904155,4.967742,2.287413,2.83871,2.034646
Damm,5.453125,1.220587,2.920635,2.350714,1.887097,1.368316,11,4,1,5.212121,0.857233,2.65625,2.164365,1.8125,1.203155,5.709677,1.487583,3.193548,2.535342,1.966667,1.542129
Dämon,3.507937,2.487861,6.078125,2.372492,5.84127,2.946876,14,5,2,3.375,2.624328,6.393939,2.499242,6.375,2.392866,3.645161,2.374144,5.741936,2.220627,5.290323,3.378299
Dampf,5.015625,0.604013,2.40625,1.55041,3.322581,2.487834,13,5,1,5.060606,0.609272,2.151515,1.41689,3.16129,2.477859,4.967742,0.604642,2.677419,1.661066,3.483871,2.528121
Dank,6.253968,2.117274,4.671875,2.643078,7.306452,1.955142,10,4,1,6.181818,2.297479,4.848485,2.670688,7.6875,1.554131,6.333333,1.93575,4.483871,2.644125,6.9,2.264417
Daumen,5.046875,0.862438,2.571429,1.956909,1.516129,1.327415,13,6,2,4.969697,0.636634,2.40625,2.013813,1.40625,1.214413,5.129032,1.05647,2.741936,1.914293,1.633333,1.449931
Decke,5.3125,1.367131,2.467742,1.852935,1.634921,1.273826,11,5,2,5.212121,1.53618,2.75,2.109885,1.4375,0.618922,5.419355,1.176837,2.166667,1.5105,1.83871,1.695028
Deckel,4.984375,0.723576,1.984127,1.560522,1.920635,1.734857,13,6,2,4.878788,0.92728,2.0625,1.830521,2.09375,2.100067,5.096774,0.396219,1.903226,1.247794,1.741936,1.264061
Delle,4.609375,1.475914,2.951613,2.27911,2.603175,2.028345,15,5,2,4.787879,1.494941,2.90625,2.414464,2.375,1.809473,4.419355,1.455431,3,2.165561,2.83871,2.23751
Delphin,6.046875,1.794433,3.484375,2.336679,1.492064,1.013983,15,7,2,5.848485,1.583533,3.030303,2.083939,1.40625,0.712079,6.258065,1.999462,3.967742,2.523012,1.580645,1.258947
Denkmal,5.703125,1.465797,3.3125,2.046096,1.936508,1.63503,11,7,1,5.454546,1.3484,3.151515,2.223753,1.8125,1.424158,5.967742,1.55957,3.483871,1.859587,2.064516,1.842742
Depp,3.78125,2.042942,4.984375,2.36705,6.333333,2.495157,15,4,1,3.909091,2.082121,5.030303,2.270529,6.75,2.286002,3.645161,2.025642,4.935484,2.502472,5.903226,2.662766
Dessert,5.967742,1.974989,4.859375,2.46156,2.031746,1.177316,14,7,2,5.625,2.075199,4.727273,2.730301,1.96875,1.149597,6.333333,1.825742,5,2.175623,2.096774,1.220788
Detail,5.328125,1.054916,2.790323,2.20385,6.596774,2.357129,11,6,2,5.090909,1.07132,3.096774,2.612213,7.03125,2.162501,5.580645,0.992445,2.483871,1.690581,6.133333,2.501494
Diele,5.09375,0.987521,2.327869,1.823196,2.730159,2.223093,15,5,2,5.151515,0.870388,2.322581,1.989759,2.75,2.228843,5.032258,1.110071,2.333333,1.667816,2.709677,2.25379
Dildo,4.920635,2.002431,6.453125,2.38999,1.888889,1.637377,18,5,2,4.71875,2.067169,5.727273,2.637147,2.1875,1.803894,5.129032,1.944941,7.225807,1.838653,1.580645,1.408881
Dirne,4.453125,1.93489,4.671875,2.513801,4.571429,2.61333,14,5,2,4.242424,1.820548,4.484849,2.599534,5.21875,2.672855,4.677419,2.055677,4.870968,2.445975,3.903226,2.413225
Disco,6,1.745743,5.46875,2.203668,3.206349,2.701008,12,5,2,5.878788,1.81586,5,2.371708,3.28125,2.605631,6.129032,1.688035,5.967742,1.923259,3.129032,2.837157
Distrikt,4.828125,1.1893,2.380952,1.790914,6,2.750758,15,8,2,4.787879,1.08275,2.53125,2.078839,6.4375,2.551881,4.870968,1.310011,2.225807,1.453953,5.517241,2.923069
Diva,5.6875,1.841971,5.698413,2.36667,5.380952,2.517222,13,4,2,5.69697,1.991935,5.69697,2.417189,5.71875,2.18845,5.677419,1.700727,5.7,2.351082,5.032258,2.810503
Docht,5.109375,1.114368,3.15873,2.470512,1.984127,1.755104,17,5,1,5.030303,0.918043,3.1875,2.468348,2.03125,1.786768,5.193548,1.301777,3.129032,2.513191,1.935484,1.749962
Dorf,4.96875,1.436141,2.532258,1.705514,2.15873,1.705838,9,4,1,5,1.47902,2.75,1.967478,1.96875,1.379209,4.935484,1.412692,2.3,1.368362,2.354839,1.992459
Dose,5.078125,0.741185,2.190476,1.683479,1.460318,0.799706,13,4,2,4.909091,0.522233,2.25,2,1.3125,0.644455,5.258065,0.893224,2.129032,1.310011,1.612903,0.919327
Dozent,5.203125,0.945829,2.984127,2.06735,3.238095,2.56348,13,6,2,5.121212,0.992395,2.75,2.170179,3.0625,2.368306,5.290323,0.901612,3.225807,1.961457,3.419355,2.778179
Draht,4.5625,1.166667,2.507937,1.730868,1.629032,0.853803,13,5,1,4.545455,1.063335,2.71875,1.853234,1.71875,0.92403,4.580645,1.285151,2.290323,1.595693,1.533333,0.776079
Drangsal,3.603175,2.004348,4.40625,2.635043,7.435484,1.789047,17,8,2,3.5625,2.12417,4.212121,2.654684,7.78125,1.408142,3.645161,1.906976,4.612903,2.641684,7.066667,2.083322
Dreck,3.75,2.062515,5.09375,2.486272,2.952381,2.113158,12,5,1,3.606061,2.17858,4.666667,2.520747,2.90625,2.234038,3.903226,1.955417,5.548387,2.406086,3,2.016598
Drogen,3.047619,2.630029,6.793651,2.397302,3.126984,2.151459,10,6,2,2.848485,2.635351,5.969697,2.603902,3.25,2.155264,3.266667,2.651393,7.7,1.784029,3,2.175623
Drohung,3.4375,2.376305,6.507937,2.285106,7.322581,1.862258,11,7,2,3.333333,2.419539,6.69697,2.242834,7.375,1.660742,3.548387,2.364159,6.3,2.351082,7.266667,2.083322
Drucker,5.03125,0.712,2.180328,1.688275,2.532258,2.147952,13,7,2,4.939394,0.658568,2.258065,1.948807,2.625,2.379347,5.129032,0.763411,2.1,1.398275,2.433333,1.906131
Duft,6.290323,1.986736,5.693548,2.577257,5.741936,2.868343,12,4,1,6.25,2.199707,5.69697,2.567645,6.0625,2.895352,6.333333,1.768173,5.689655,2.633621,5.4,2.847867
Dummheit,3.59375,2.021462,5.645161,2.173588,7.870968,1.654441,12,8,2,3.787879,2.204506,5.848485,2.078479,8.0625,1.389767,3.387097,1.819843,5.413793,2.291557,7.666667,1.899788
Dürre,3.75,2.015811,4.203125,2.14683,5.096774,2.622161,13,5,2,3.757576,2.077112,4.121212,2.328594,5.870968,2.459566,3.741936,1.982721,4.290323,1.969662,4.322581,2.586982
Dusche,5.758065,1.930646,3.968254,2.488478,1.571429,0.962428,13,6,2,5.625,2.239672,3.625,2.310565,1.46875,0.841825,5.9,1.561388,4.322581,2.650624,1.677419,1.076634
Echo,5.3125,1.12511,3.890625,2.303325,5.793651,2.754227,11,4,2,5.30303,1.33428,3.878788,2.368512,6.0625,2.711237,5.322581,0.871286,3.903226,2.270901,5.516129,2.81509
Efeu,5.46875,1.447151,2.951613,2.213427,1.650794,1.369704,15,4,2,5.30303,1.590693,3.3125,2.442071,1.5625,1.389767,5.645161,1.279281,2.566667,1.906131,1.741936,1.365473
Effekt,5.3125,1.193567,2.952381,2.011488,6.774194,2.307645,11,6,2,5.030303,1.262063,2.90625,2.319057,7.34375,1.85975,5.612903,1.054433,3,1.67332,6.166667,2.60084
Ehe,5.777778,2.105633,5.746032,2.41613,5.770492,2.783244,10,3,2,5.545455,2.223327,5.545455,2.550624,6.548387,2.350017,6.033333,1.973677,5.966667,2.281611,4.966667,2.999808
Ehre,6.380952,2.239157,4.875,2.353653,8.147541,1.514772,10,4,2,6.363636,2.11864,4.393939,2.221196,8.387097,0.954897,6.4,2.401149,5.387097,2.417677,7.9,1.918153
Ehrung,6.333333,1.934408,5.253968,2.41613,7.66129,1.74566,12,6,2,6.333333,1.931105,4.787879,2.161562,7.65625,1.536846,6.333333,1.971055,5.766667,2.608783,7.666667,1.971055
Eiche,5.1875,1.355471,2.428571,1.981481,1.666667,1.402762,13,5,2,5.363636,1.365151,2.84375,2.515877,1.6875,1.57475,5,1.341641,2,1.095445,1.645161,1.226061
Eifer,5.793651,2.237213,4.96875,2.302302,7.903226,1.339313,12,5,2,5.9375,2.046831,4.515152,2.373305,7.875,1.039541,5.645161,2.443336,5.451613,2.157757,7.933333,1.617434
Einfahrt,5.09375,0.830352,1.983871,1.583645,4.079365,2.62925,13,8,2,5,0.901388,2.03125,1.786768,3.96875,2.72958,5.193548,0.749193,1.933333,1.362891,4.193548,2.561502
Eintritt,5.046875,0.880651,2.714286,1.912848,6,2.781673,10,8,2,5,0.901388,2.59375,2.013813,6.5625,2.354645,5.096774,0.870051,2.83871,1.827508,5.4,3.102835
Eisen,4.703125,1.177564,2.206349,1.815336,2.213115,1.924532,12,5,2,4.727273,1.039012,2.4375,2.25671,2.032258,1.870541,4.677419,1.326326,1.967742,1.19677,2.4,1.993092
Eiter,3.253968,2.355284,6.047619,2.317038,2.612903,2.249625,17,5,2,3.4375,2.601953,6.333333,2.393568,2.65625,2.535037,3.064516,2.096592,5.733333,2.227312,2.566667,1.941974
Ekel,3.3125,2.429155,6.532258,2.147952,7.887097,1.660583,13,4,2,3.363636,2.619854,6.59375,2.380829,7.90625,1.747983,3.258065,2.250448,6.466667,1.907035,7.866667,1.591645
Ekzem,3.269841,2.477032,6.109375,2.679239,3,2.276033,18,5,2,3.21875,2.611814,6.242424,2.761683,3.25,2.540003,3.322581,2.371878,5.967742,2.62658,2.733333,1.964045
Elan,5.873016,1.955077,4.650794,2.34286,7.870968,1.454038,13,4,2,5.575758,1.984791,4.71875,2.372346,7.96875,1.282245,6.2,1.900998,4.580645,2.349102,7.766667,1.633345
Elend,2.919355,2.812725,6.68254,2.2777,6.806452,2.164079,11,5,2,3.0625,2.993946,6.454546,2.526001,6.8125,2.334005,2.766667,2.64814,6.933333,1.981524,6.8,2.006885
Elfe,6.190476,2.006901,4.609375,2.32732,5.096774,2.861329,16,4,2,6.272727,1.972827,4.333333,2.354075,5.125,2.814135,6.1,2.073644,4.903226,2.30007,5.066667,2.95872
Engel,6.71875,2.291937,5.650794,2.59751,4.483871,3.044705,10,5,2,6.666667,2.300362,5.636364,2.678831,4.5625,2.961446,6.774194,2.319622,5.666667,2.550637,4.4,3.179677
Ente,5.555556,1.456662,2.693548,2.100653,1.596774,1.48721,13,4,2,5.606061,1.248484,3,2.286002,1.53125,1.544697,5.5,1.676408,2.366667,1.865907,1.666667,1.446359
Erbse,5.140625,1.180089,1.951613,1.731364,1.444444,1.059181,17,5,2,4.909091,1.128152,2.28125,2.17366,1.3125,0.737804,5.387097,1.202149,1.6,1.003442,1.580645,1.310832
Eule,5.40625,1.317992,2.983871,2.146228,1.714286,1.288016,14,4,2,5.484849,1.325736,3.3125,2.442071,1.4375,0.75935,5.322581,1.326326,2.633333,1.751518,2,1.632993
Fabel,5.52381,1.401119,2.596774,1.664082,4.737705,2.713556,13,5,2,5.606061,1.519445,2.806452,1.956517,5.15625,2.541391,5.433333,1.278019,2.387097,1.308368,4.275862,2.864768
Fackel,5.328125,1.543596,4.03125,2.3836,1.619048,1.197155,14,6,2,5.515152,1.460334,4,2.44949,1.5625,0.75935,5.129032,1.627717,4.064516,2.351389,1.677419,1.535949
Faden,5.0625,0.61399,2.114754,1.761613,1.698413,1.041632,13,5,2,5.060606,0.609272,2.387097,2.044137,1.78125,1.156591,5.064516,0.629046,1.833333,1.391683,1.612903,0.919327
Fähre,5.492064,1.255607,2.396825,1.764705,1.777778,1.590744,12,5,2,5.375,1.385408,2.46875,1.950755,1.875,1.979736,5.612903,1.115868,2.322581,1.578757,1.677419,1.076634
Fahrer,5.328125,1.084592,2.344262,1.878699,3.758065,2.393197,9,6,2,5.393939,0.933387,2.193548,2.0562,4.096774,2.399373,5.258065,1.23741,2.5,1.696853,3.419355,2.377312
Fahrt,5.359375,1.173344,2.460318,1.776417,5.33871,2.804818,10,5,1,5.333333,1.290994,2.65625,1.927883,5.258065,2.851523,5.387097,1.054433,2.258065,1.611785,5.419355,2.802073
Faktor,5.046875,1.030175,2.290323,2.051685,6.412698,2.697878,11,6,2,5.151515,1.064225,2.258065,2.175128,6.78125,2.445989,4.935484,0.997847,2.322581,1.955967,6.032258,2.926703
Falle,3.571429,1.997695,4.78125,2.360177,4.080645,2.72991,11,5,2,3.71875,2.051504,4.484849,2.223753,3.625,2.648798,3.419355,1.962553,5.096774,2.494726,4.566667,2.775302
Farbe,5.777778,1.518111,3.75,2.343515,4.564516,3.033264,10,5,2,5.666667,1.594261,4.272727,2.348839,4.8125,3.073692,5.9,1.446756,3.193548,2.242311,4.3,3.018906
Farmer,5.15625,0.929563,2.229508,1.657241,3.238095,2.441009,13,6,2,4.969697,0.951474,2.375,1.979736,3.34375,2.535037,5.354839,0.877435,2.068966,1.222732,3.129032,2.37686
Faser,4.936508,0.877552,2.557377,1.928078,2.269841,1.64813,15,5,2,5.121212,0.73983,2.774194,2.246622,2.4375,1.966453,4.733333,0.980265,2.333333,1.5387710000000001,2.096774,1.247794
Fass,5.078125,1.276213,2.467742,2.022154,1.587302,1.087093,14,4,1,5,1,2.65625,2.223183,1.5625,0.948258,5.16129,1.529636,2.266667,1.799106,1.612903,1.229564
Fäulnis,3.15625,2.317763,4.920635,2.50999,4.777778,2.690752,16,7,2,3,2.277608,5.454546,2.3991,5.25,2.723849,3.322581,2.38589,4.333333,2.537081,4.290323,2.610154
Fee,6.349206,2.156451,4.3125,2.46161,5.193548,3.171795,14,3,1,6.375,2.268295,4.424242,2.525251,5.3125,3.217267,6.322581,2.071828,4.193548,2.427885,5.066667,3.172439
Feier,6.546875,2.188931,5.15625,2.262312,4.396825,2.738847,11,5,2,6.121212,2.341975,4.606061,2.304064,4.4375,2.711237,7,1.949359,5.741936,2.097105,4.354839,2.811268
Feigling,3.8125,1.859126,5.828125,2.271666,6.126984,2.386062,15,8,2,3.909091,2.097076,5.545455,2.31963,6.34375,2.363832,3.709677,1.595693,6.129032,2.217235,5.903226,2.426999
Feind,3.079365,2.384774,7,2.12319,6.016129,2.53818,10,5,1,3.28125,2.399387,6.606061,2.448716,6.064516,2.555197,2.870968,2.390843,7.419355,1.648721,5.967742,2.562341
Feld,5.171875,1.091885,2.129032,1.750727,2.451613,2.005545,10,4,1,5.30303,1.131505,2.225807,2.124613,2.375,1.979736,5.032258,1.048296,2.032258,1.303428,2.533333,2.063364
Felsen,5.390625,1.304658,3.274194,2.166582,1.258065,0.541264,11,6,2,5.515152,1.563674,3.387097,2.375955,1.25,0.567962,5.258065,0.964978,3.16129,1.968024,1.266667,0.520831
Fenster,5.359375,1.337698,2.290323,1.643538,1.460318,0.667818,9,7,2,5.30303,1.446652,2.46875,1.883449,1.40625,0.665237,5.419355,1.232185,2.1,1.348051,1.516129,0.676805
Ferse,4.953125,0.652947,2.5625,1.876124,1.919355,1.485431,15,5,2,4.939394,0.704423,2.666667,2.217356,2,1.64611,4.967742,0.604642,2.451613,1.456908,1.833333,1.315251
Fessel,3.921875,1.978493,5.6875,2.701411,2.114754,1.592675,15,6,2,3.69697,1.960307,5.636364,2.678831,2.064516,1.787652,4.16129,2.001612,5.741936,2.768486,2.166667,1.391683
Fest,6.380952,2.01949,4.34375,2.344996,4.206349,2.528283,10,4,1,6.4375,2.046831,3.878788,2.328594,4.4375,2.461805,6.322581,2.022986,4.83871,2.296327,3.967742,2.613859
Fete,6.435484,2.139565,5.079365,2.281069,4.52381,2.855991,14,4,2,6.0625,2.299193,4.636364,2.247473,4.8125,2.787501,6.833333,1.913353,5.566667,2.254243,4.225807,2.940631
Fetzen,4.234375,1.715866,4.8125,2.231627,3.68254,2.441743,13,6,2,3.818182,1.424222,4.575758,2.106987,3.65625,2.52228,4.677419,1.904155,5.064516,2.365523,3.709677,2.397131
Fick,4.873016,2.517629,7.234375,2.209232,4.419355,2.843159,17,4,1,4.272727,2.375299,6.272727,2.660742,4.935484,2.670025,5.533333,2.542512,8.258065,0.773207,3.903226,2.959221
Fieber,3.25,2.239615,5.203125,2.276029,5.66129,2.553965,12,6,2,3.515152,2.29294,4.878788,2.394754,6.09375,2.360418,2.967742,2.183024,5.548387,2.126636,5.2,2.708862
Figur,5.546875,1.194295,4.15873,2.528587,3.825397,2.426598,10,5,2,5.363636,1.19421,3.8125,2.278051,3.875,2.392866,5.741936,1.182307,4.516129,2.755249,3.774194,2.499462
Film,5.870968,1.760066,4.796875,2.520895,2.435484,2.061521,8,4,1,5.6875,1.674043,4.757576,2.332251,2.28125,1.921598,6.066667,1.855715,4.83871,2.745867,2.6,2.222146
Filter,5.078125,1.088244,2.262295,2.072853,2.206349,1.393056,13,6,2,5.060606,0.899284,2.16129,2.034646,2.125,1.3137,5.096774,1.274228,2.366667,2.141275,2.290323,1.487583
Finger,5.111111,1.1375,3.625,2.134375,1.412698,0.977735,10,6,2,5,1.244342,3.636364,2.288807,1.28125,0.634206,5.225807,1.023383,3.612903,1.994616,1.548387,1.233929
Fisch,5.40625,1.630257,2.806452,1.809254,1.444444,0.735676,11,5,1,5.424242,1.392621,2.84375,2.033738,1.5,0.803219,5.387097,1.873987,2.766667,1.568732,1.387097,0.667204
Fixer,3.111111,2.450221,6.344262,2.59413,4.555556,2.513048,16,5,2,3.40625,2.525475,5.741936,2.7443,4.9375,2.448667,2.806452,2.372332,6.966667,2.31164,4.16129,2.5573
Flagge,5.03125,1.234025,2.806452,2.055291,1.725807,1.580303,12,6,2,5.121212,0.892944,2.806452,2.08837,1.65625,1.658008,4.935484,1.526117,2.806452,2.0562,1.8,1.517712
Flasche,5.046875,1.361951,2.412698,1.671728,1.396825,0.942538,11,7,2,4.787879,1.218544,2.5625,1.916608,1.34375,0.653002,5.322581,1.469401,2.258065,1.38967,1.451613,1.178663
Fleiss,6.460318,1.941278,4.238095,2.204938,7.725807,1.651322,13,5,1,6.454546,2.151902,4.242424,2.291701,8.15625,1.272776,6.466667,1.71672,4.233333,2.144493,7.266667,1.892514
Flinte,4.0625,1.60233,4.953125,2.66327,2.15873,1.868295,14,6,2,3.69697,1.530622,4.333333,2.890358,2,1.813925,4.451613,1.609114,5.612903,2.260935,2.322581,1.93885
Flirt,6.596774,2.336171,6.412698,2.068465,6.174603,2.399864,14,5,1,6.375,2.511265,6.09375,2.441039,6.59375,2.197644,6.833333,2.150915,6.741936,1.569878,5.741936,2.555618
Fluch,3.253968,2.257377,5.68254,2.428496,7.52381,1.82153,12,5,1,3.28125,2.412794,5.545455,2.265101,8.0625,1.216486,3.225807,2.124613,5.833333,2.627223,6.967742,2.1677
Fluss,5.78125,1.350705,3.269841,2.259077,1.709677,1.136389,12,5,1,5.818182,1.46745,3.65625,2.44434,1.75,1.367833,5.741936,1.23741,2.870968,2.012328,1.666667,0.844182
Fokus,5.3125,1.12511,2.904762,1.989604,6.483871,2.726566,13,5,2,5.333333,1.163687,2.65625,2.025791,6.90625,2.644036,5.290323,1.101319,3.16129,1.951013,6.033333,2.785224
Folie,5.078125,0.741185,2.15,1.592621,2.114754,1.654271,13,5,2,5,0.559017,2.2,1.972221,2.0625,1.721543,5.16129,0.898027,2.1,1.124952,2.172414,1.605103
Folter,2.761905,2.751623,6.790323,1.992915,6.190476,2.551768,12,6,2,3.09375,2.944206,6.53125,2.368944,6.75,2.125119,2.419355,2.540003,7.066667,1.484014,5.612903,2.848127
Fön,5.079365,0.72516,2.296875,1.831642,1.580645,1.222043,16,3,1,4.939394,0.863836,2.69697,2.242834,1.34375,0.93703,5.233333,0.504007,1.870968,1.147227,1.833333,1.440386
Format,5.047619,0.580005,2.064516,1.915176,5.193548,2.862068,12,6,2,4.96875,0.400353,1.875,2.028029,5.125,2.720887,5.129032,0.718421,2.266667,1.799106,5.266667,3.050532
Formel,5.15625,0.979452,2.645161,2.081116,5.822581,3.02733,11,6,2,5.060606,0.609272,2.483871,2.263787,5.967742,2.880785,5.258065,1.264061,2.806452,1.90472,5.677419,3.208188
Fotze,3.1875,2.653988,6.84375,2.191026,2.936508,2.235152,18,5,2,3.121212,2.880512,6.30303,2.417189,3.46875,2.67587,3.258065,2.435402,7.419355,1.784642,2.387097,1.52047
Fracht,4.9375,0.888641,2.606557,2.035343,3.238095,2.414434,13,6,1,4.878788,1.08275,2.354839,1.871691,3.40625,2.576061,5,0.632456,2.866667,2.192988,3.064516,2.2647369999999998
Fratze,3.75,2.174893,5.666667,2.409658,4.746032,2.711792,15,6,2,3.636364,2.30242,5.606061,2.560998,4.9375,2.66322,3.870968,2.061422,5.733333,2.273283,4.548387,2.790922
Freibad,6.079365,2.034395,3.703125,2.14313,2.333333,2.047816,13,7,1,5.969697,2.128451,3.575758,2.179884,2.34375,2.057392,6.2,1.954658,3.83871,2.130677,2.322581,2.071828
Freiheit,7.396825,2.556079,6.619048,2.40583,8.065574,1.973735,9,8,2,7.121212,2.78116,6.212121,2.7699,8.5625,0.800705,7.7,2.291664,7.066667,1.874205,7.517241,2.654117
Freude,6.809524,2.558081,7.015625,2.387083,7.666667,2.125119,9,6,2,6.625,2.859619,7.151515,2.526376,8.0625,1.644885,7,2.236068,6.870968,2.261886,7.258065,2.489548
Freund,6.9375,2.587362,7.111111,2.215132,4.730159,2.846653,9,6,1,6.909091,2.765453,7.090909,2.389608,4.65625,2.846723,6.967742,2.42877,7.133333,2.046584,4.806452,2.89159
Frieden,7.265625,2.829786,6.349206,2.489713,8.290323,1.497398,9,7,2,7.121212,3.007881,6.545455,2.526001,8.6875,0.737804,7.419355,2.66801,6.133333,2.47377,7.866667,1.942862
Frische,6.269841,2.237556,3.761905,2.298066,6.920635,2.119811,13,7,2,6.151515,2.451036,4.21875,2.3791350000000002,7.0625,1.812813,6.4,2.010318,3.290323,2.147767,6.774194,2.418122
Frosch,4.9375,1.232818,3.096774,2.078064,1.460318,0.799706,13,6,1,4.848485,1.227834,3.125,1.979736,1.34375,0.745281,5.032258,1.251236,3.066667,2.211776,1.580645,0.847514
Frucht,5.96875,1.935211,5.171875,2.664015,2.5,2.366086,13,6,1,5.848485,1.905932,4.636364,2.736537,2.5,2.286002,6.096774,1.989218,5.741936,2.502902,2.5,2.487902
Frühling,7,2.64275,5.698413,2.691893,5.822581,3.038141,11,8,2,6.909091,2.843453,5.8125,2.752565,6.129032,3.084822,7.096774,2.454314,5.580645,2.66801,5.516129,3.009662
Frust,3.421875,2.287334,5.825397,2.472688,8.064516,1.212922,12,5,1,3.545455,2.48861,5.575758,2.646109,8.375,0.751343,3.290323,2.084763,6.1,2.279595,7.733333,1.507072
Fülle,5.079365,1.45138,3.6875,2.188534,6.919355,2.328008,11,5,2,5.375,1.497309,3.757576,2.046801,6.875,2.12132,4.774194,1.359159,3.612903,2.361884,6.966667,2.566137
Funzel,4.796875,1.404976,3.333333,2.286002,3.564516,2.413222,18,6,2,4.878788,1.166125,3.53125,2.475485,3.875,2.472429,4.709677,1.636939,3.129032,2.093513,3.233333,2.344227
Furcht,3.453125,2.403237,6.83871,2.026008,7.645161,2.120136,11,6,1,3.545455,2.634992,6.78125,2.253805,8.15625,1.37041,3.354839,2.168692,6.9,1.78789,7.1,2.61758
Furie,3.619048,2.210157,6.34375,2.048761,5.704918,2.703974,16,5,2,3.5,2.527271,6.151515,2.209655,6.5625,2.25671,3.741936,1.861321,6.548387,1.876854,4.758621,2.87421
Furz,3.484375,2.246636,5.640625,2.464782,3.746032,2.687896,17,4,1,3.515152,2.279271,5.545455,2.550624,4.28125,2.931854,3.451613,2.248536,5.741936,2.407872,3.193548,2.329798
Futter,5.296875,1.164006,2.596774,1.979068,2.460318,1.69273,12,6,2,5,1.145644,2.6875,1.874059,2.65625,1.99369,5.612903,1.115868,2.5,2.113177,2.258065,1.315744
Gabel,5.1875,0.814063,2.142857,1.522489,1.190476,0.470317,14,5,2,5.272727,0.801277,2.25,1.866513,1.15625,0.447889,5.096774,0.830857,2.032258,1.079626,1.225807,0.497305
Gaffer,3.734375,1.904399,5.78125,2.353442,4.825397,2.556079,16,6,2,3.969697,2.157615,5.484849,2.412483,5.375,2.574691,3.483871,1.58894,6.096774,2.285532,4.258065,2.449051
Galgen,2.803279,2.767789,5.822581,2.645901,1.571429,0.85599,14,6,2,3.096774,2.936606,5.09375,2.866485,1.625,0.870669,2.5,2.596417,6.6,2.175094,1.516129,0.851311
Galle,3.859375,2.014765,4.507937,2.638872,3.206349,2.54101,15,5,2,3.939394,2.149701,4.53125,2.850969,3,2.514474,3.774194,1.892259,4.483871,2.447733,3.419355,2.591964
Gang,5.140625,0.973738,2.483871,1.853149,4.126984,2.779487,10,4,1,5.30303,1.015038,2.451613,2.01393,4.40625,2.686398,4.967742,0.912282,2.516129,1.710185,3.83871,2.887869
Garn,5.234375,0.583971,2.098361,1.84124,2.015873,1.736627,15,4,1,5.181818,0.527645,2.354839,2.05829,1.65625,1.124776,5.290323,0.642576,1.833333,1.5775,2.387097,2.155264
Gasse,5,1.221501,2.951613,2.052008,3.048387,2.271906,13,5,2,5,1.198958,2.677419,2.150769,2.967742,2.287413,5,1.264911,3.225807,1.944388,3.129032,2.291171
Gatte,5.65625,1.565691,3.983871,2.446087,4.145161,2.578898,13,5,2,5.757576,1.601373,4,2.695676,4.6875,2.775904,5.548387,1.545719,3.967742,2.213352,3.566667,2.254243
Gebäck,6.0625,1.717094,3.234375,2.180303,2,1.305725,14,6,2,6,1.63936,3.666667,2.419539,1.78125,0.941323,6.129032,1.821024,2.774194,1.820434,2.233333,1.590561
Gebälk,5.046875,1.338439,2.555556,1.775985,3.129032,2.272313,15,6,2,4.878788,1.317137,2.78125,2.090445,3.419355,2.446415,5.225807,1.359159,2.322581,1.375672,2.83871,2.083215
Gebiet,4.953125,0.785376,2.145161,1.607837,4.714286,2.819452,9,6,2,4.909091,0.84275,2.419355,1.979465,4.75,2.805525,5,0.730297,1.870968,1.087564,4.677419,2.879666
Gebiss,4.21875,1.24044,3.4375,2.076895,1.698413,1.252545,16,6,2,4.30303,1.185455,3.272727,1.956922,1.8125,1.468761,4.129032,1.310011,3.612903,2.216264,1.580645,0.992445
Gebrauch,5.03125,0.975392,2.301587,1.85468,6.888889,1.960177,11,8,2,5.030303,1.015038,2.4375,2.139302,7.09375,1.855408,5.032258,0.948116,2.16129,1.529636,6.677419,2.071828
Gebrüll,3.859375,1.815867,6,2.039297,5.15873,2.665226,14,7,2,3.757576,1.968983,6.030303,2.083939,5.59375,2.600985,3.967742,1.663007,5.967742,2.02458,4.709677,2.698068
Geburt,6.53125,2.189214,5.396825,2.802877,3.634921,2.503556,11,6,2,6.848485,2.166812,5.875,2.697071,3.53125,2.552474,6.193548,2.197261,4.903226,2.867692,3.741936,2.489548
Gebüsch,5.40625,1.079664,2.790323,1.820981,2.063492,1.468739,13,7,2,5.424242,1.14647,2.59375,1.864081,2,1.64611,5.387097,1.022331,3,1.781127,2.129032,1.284314
Gedärm,3.539683,2.298845,5.78125,2.503767,3.603175,2.446457,17,6,2,3.575758,2.586386,6.030303,2.603902,3.75,2.552671,3.5,1.978331,5.516129,2.406532,3.451613,2.364159
Gedicht,6.333333,2.032002,4.634921,2.522809,3.777778,2.523723,11,7,2,6.363636,2.04356,4.84375,2.579189,3.90625,2.569792,6.3,2.053592,4.419355,2.486955,3.645161,2.510623
Geduld,5.875,2.207491,4.015873,2.217904,7.354839,2.065301,11,6,2,5.939394,2.357692,4.1875,2.161802,7.625,1.621429,5.806452,2.072347,3.83871,2.296327,7.066667,2.448551
Gefahr,3.828125,2.31321,7,2.054805,6.983871,2.213905,8,6,2,3.909091,2.441358,7.030303,2.404226,7.28125,1.853234,3.741936,2.205565,6.967742,1.64284,6.666667,2.537081
Gefühl,6.516129,2.245155,7,2.278936,7.919355,2.026856,9,6,2,6.53125,2.602534,7.090909,2.516988,8.34375,1.75259,6.5,1.833595,6.9,2.023142,7.466667,2.224214
Geheul,3.59375,2.068039,5.31746,2.347445,6.142857,2.381766,15,6,2,3.606061,2.164189,5.333333,2.393568,6.8125,1.958233,3.580645,1.996233,5.3,2.336369,5.451613,2.605618
Geier,4.25,1.885618,3.83871,2.334303,1.666667,1.295152,14,5,2,4.030303,1.87891,3.806452,2.301005,1.625,1.157026,4.483871,1.895098,3.870968,2.404744,1.709677,1.442071
Geilheit,4.890625,2.19029,7.03125,1.708696,7.774194,1.731287,16,8,2,4.484849,2.223753,6.515152,2.001893,8.0625,1.045343,5.322581,2.10376,7.580645,1.118755,7.466667,2.224214
Geisel,2.857143,2.64488,6.460318,2.298845,4,2.61145,13,6,2,2.848485,2.705564,6.363636,2.205365,4.75,2.782433,2.866667,2.622625,6.566667,2.430884,3.2,2.18774
Geiz,3.328125,2.261161,5.222222,2.296171,7.555556,2.069578,15,4,1,3.424242,2.525251,5.393939,2.384054,7.6875,1.767767,3.225807,1.978378,5.033333,2.220334,7.419355,2.363249
Gelenk,5.0625,0.940702,2.52381,1.982644,1.777778,1.142217,15,6,2,5.181818,0.808337,2.40625,1.948687,1.84375,1.194325,4.935484,1.062559,2.645161,2.042032,1.709677,1.101319
Gemächt,5.03125,1.661599,5.095238,2.512641,3.301587,2.531319,17,7,2,4.818182,1.666856,4.53125,2.527071,3.53125,2.59011,5.258065,1.652629,5.677419,2.399821,3.064516,2.489116
Gemahl,5.75,1.708987,3.984127,2.331358,4.349206,2.640618,13,6,2,5.909091,1.665151,4.060606,2.207082,4.1875,2.620484,5.580645,1.765865,3.9,2.496204,4.516129,2.69408
Genie,6.854839,2.610488,6.5625,2.416051,6.725807,2.618781,12,5,2,6.6875,2.71718,6.181818,2.651115,7.5,1.91766,7.033333,2.525502,6.967742,2.105293,5.9,3.02119
Genuss,6.467742,2.634685,6.453125,2.260283,7.193548,2.331809,12,6,2,6.40625,2.637929,6.545455,2.166375,7.375,2.151519,6.533333,2.674701,6.354839,2.388143,7,2.532547
Gepäck,5.234375,1.243934,2.693548,1.842919,2.571429,2.168055,12,6,2,5.242424,1.299767,2.774194,2.140244,2.5625,2.139302,5.225807,1.203043,2.612903,1.52047,2.580645,2.232699
Gesang,6.174603,2.196329,4.951613,2.452349,4.888889,2.788867,11,6,2,6.575758,2.332251,5.967742,2.373238,4.90625,2.763347,5.733333,1.981524,3.935484,2.112431,4.870968,2.860559
Geschenk,6.33871,2.239317,4.171875,2.387498,3.666667,2.735667,12,8,2,6.28125,2.385905,4.181818,2.57942,3.5625,2.687336,6.4,2.110728,4.16129,2.207514,3.774194,2.825004
Geschrei,3.640625,2.372911,6.571429,2.298066,5.968254,2.651647,12,8,2,3.484849,2.438253,6.787879,2.246631,6.4375,2.408821,3.806452,2.329798,6.333333,2.368374,5.483871,2.838673
Geschwür,3.206349,2.652806,5.921875,2.399105,3.33871,2.579513,16,8,2,3.21875,2.779352,5.939394,2.524126,3.5625,2.758418,3.193548,2.561502,5.903226,2.30007,3.1,2.397556
Gesicht,6.063492,1.891177,4.1875,2.422612,2.225807,1.787198,8,7,2,5.8125,2.007044,3.69697,2.098881,2.21875,1.995711,6.322581,1.758543,4.709677,2.660746,2.233333,1.568732
Gespött,3.396825,2.188973,5.625,2.074027,6.66129,2.38811,15,7,2,3.5625,2.381887,5.69697,2.083939,7.375,1.718026,3.225807,1.995155,5.548387,2.095053,5.9,2.771157
Gestank,3.126984,2.465845,5.825397,2.21825,5.650794,2.736602,14,7,2,3.25,2.676059,6.09375,2.319057,6.6875,2.388649,3,2.265686,5.548387,2.110904,4.580645,2.692882
Getier,4.380952,1.790914,4.546875,2.672195,4.015873,2.808352,15,6,2,4.181818,2.0226,5.151515,2.587484,4.125,2.915476,4.6,1.499425,3.903226,2.650218,3.903226,2.736845
Getränk,5.619048,1.895909,3.836066,2.153914,2.737705,2.136209,13,7,2,5.34375,2.041653,3.83871,2.130677,2.5625,1.882646,5.903226,1.71959,3.833333,2.214114,2.931035,2.404327
Gewalt,2.936508,2.626619,7.015873,2.098326,6.770492,2.519216,8,6,2,3.09375,2.763347,6.75,2.540003,7.375,1.809473,2.774194,2.512763,7.290323,1.509825,6.103448,3.015967
Gewand,5.671875,1.26057,3.421875,2.188024,2.903226,2.215517,12,6,2,5.787879,1.08275,3.606061,2.397126,2.875,2.16646,5.548387,1.433846,3.225807,1.961457,2.933333,2.303421
Gewinn,6.265625,2.132457,5.4375,2.648,6.177419,2.688922,9,6,2,6.151515,2.152342,5.636364,2.713602,6.40625,2.499798,6.387097,2.139742,5.225807,2.603967,5.933333,2.899861
Gewühl,3.953125,1.758694,5,2.353929,5.66129,2.579513,14,6,2,3.757576,1.837633,4.90625,2.493338,6.322581,2.413671,4.16129,1.675247,5.1,2.233754,5,2.607681
Gewürm,3.515625,2.274721,5.147541,2.535324,4.126984,2.714906,17,6,2,3.454546,2.623105,5.935484,2.542118,4.375,2.882092,3.580645,1.875708,4.333333,2.294421,3.870968,2.552671
Gezänk,3.328125,2.047489,5.0625,2.455153,6.984127,2.105998,15,6,2,3.272727,2.183357,5.242424,2.525251,7.1875,1.839311,3.387097,1.926611,4.870968,2.404744,6.774194,2.362339
Ghetto,3.28125,2.547758,6.40625,1.989805,4.507937,2.435444,13,6,2,3.393939,2.6213,6.060606,2.120427,4.625,2.36575,3.16129,2.504619,6.774194,1.80203,4.387097,2.538732
Giebel,4.828125,0.679745,2.387097,1.95318,2.460318,2.153957,14,6,2,4.757576,0.662868,2.290323,2.019795,2.53125,2.184762,4.903226,0.70023,2.483871,1.912607,2.387097,2.155264
Gier,3.126984,2.702998,5.333333,2.375955,7.564516,2.280502,13,4,1,3.0625,2.781709,5.545455,2.180753,8.1875,1.533234,3.193548,2.663574,5.1,2.591099,6.9,2.746157
Gift,3.390625,2.32732,6.52381,2.284994,4.190476,2.717074,12,4,1,3.393939,2.37091,6.375,2.379347,4.5,2.983827,3.387097,2.319158,6.677419,2.211894,3.870968,2.418566
Gipfel,5.640625,1.440538,3.714286,2.611566,2.147541,1.711102,10,6,2,5.575758,1.732598,3.969697,2.833779,1.96875,1.713031,5.709677,1.070624,3.433333,2.358891,2.344828,1.717054
Glanz,5.90625,1.788133,3.984375,2.134317,6.333333,2.540003,11,5,1,5.909091,1.909902,4.424242,2.345612,6.28125,2.642511,5.903226,1.680374,3.516129,1.805011,6.387097,2.472211
Glas,5.203125,1.382196,2.387097,1.777407,1.507937,0.913572,10,4,1,5.060606,1.498737,2.4375,1.916608,1.5625,1.105339,5.354839,1.252954,2.333333,1.647011,1.451613,0.675214
Glaube,5.952381,2.239157,4.564516,2.287679,8.048387,1.768832,12,6,2,6.454546,2.306118,4.40625,2.339829,8.4375,0.913607,5.4,2.061135,4.733333,2.258064,7.633333,2.31164
Gleis,4.84375,0.946485,2.258065,1.764267,1.548387,0.986423,13,5,1,4.69697,0.951474,2.516129,2.204102,1.354839,0.754912,5,0.930949,2,1.154701,1.741936,1.153769
Glied,5.390625,1.569725,6.142857,2.474757,2.031746,1.674941,13,5,1,5.272727,1.58652,5.65625,2.56036,2.40625,2.107734,5.516129,1.567822,6.645161,2.317303,1.645161,0.950382
Glitzer,5.52381,1.501152,3.83871,2.327269,3.460318,2.249196,16,7,2,5.84375,1.37041,4.09375,2.360418,3.15625,2.096224,5.193548,1.579438,3.566667,2.299675,3.774194,2.390393
Glück,6.96875,2.736982,7.359375,2.080653,8.241936,1.789638,8,5,1,6.909091,2.972411,7.333333,2.533114,8.59375,1.011526,7.032258,2.509766,7.387097,1.498386,7.866667,2.315366
Gold,6.063492,2.146813,4.555556,2.582683,1.968254,1.469784,9,4,1,5.939394,2.105638,4.15625,2.640984,2.125,1.736701,6.2,2.21904,4.967742,2.496449,1.806452,1.137815
Golf,5.171875,1.202573,2.476191,1.990762,3.032258,2.381402,10,4,1,5.090909,1.100103,2.4375,2.154328,3.40625,2.588553,5.258065,1.315744,2.516129,1.841575,2.633333,2.108821
Gondel,5.5,1.247219,3.459016,2.291824,2.142857,1.702533,14,6,2,5.454546,1.325021,3.4375,2.474874,1.96875,1.513048,5.548387,1.178663,3.482759,2.114925,2.322581,1.886568
Göre,3.96875,1.868441,5.28125,2.360177,4.698413,2.667819,16,4,2,4.121212,1.89996,5.060606,2.448716,4.90625,2.692395,3.806452,1.851474,5.516129,2.278464,4.483871,2.669219
Grab,3.507937,2.461792,6.09375,2.549315,2.412698,2.044938,11,4,1,3.40625,2.686398,6.030303,2.78932,2.3125,2.007044,3.612903,2.246144,6.16129,2.310798,2.516129,2.111413
Graphik,5.793651,1.567397,2.857143,2.270833,3.507937,2.313167,14,7,2,5.40625,1.603612,2.575758,2.291701,3.5625,2.28512,6.193548,1.447282,3.166667,2.245046,3.451613,2.378217
Gras,5.59375,1.46622,3.190476,2.326961,1.380952,0.633184,11,4,1,5.545455,1.501893,2.84375,2.20131,1.34375,0.601577,5.645161,1.45025,3.548387,2.433635,1.419355,0.672022
Grazie,6.428571,2.107699,5.03125,2.267568,6.396825,2.524331,14,6,2,6.424242,2.046801,4.606061,2.37091,6.96875,2.132458,6.433333,2.207875,5.483871,2.095566,5.806452,2.785909
Grind,4.140625,1.833266,4.225807,2.563421,2.809524,1.990762,17,5,1,4.242424,2.121767,3.96875,2.571361,3.21875,2.392655,4.032258,1.494074,4.5,2.569718,2.387097,1.382689
Grinsen,6.269841,2.111461,5.65625,2.132282,4.984127,2.708958,13,7,2,6.15625,2.424464,5.636364,2.434366,4.875,2.536826,6.387097,1.764037,5.677419,1.796053,5.096774,2.913816
Grübchen,6.225807,1.712245,4.203125,2.364954,2.698413,1.947993,17,8,2,6.28125,1.921598,4.060606,2.26301,2.75,2,6.166667,1.487496,4.354839,2.49731,2.645161,1.924377
Gruft,3.730159,2.215825,5.421875,2.342192,2.206349,1.647664,14,5,1,3.65625,2.417802,5.575758,2.462599,2.0625,1.318296,3.806452,2.023518,5.258065,2.235587,2.354839,1.941621
Gründer,5.84375,1.237236,3.174603,2.359194,4.904762,2.686371,11,7,2,5.424242,1.000947,2.8125,2.347786,5.34375,2.597882,6.290323,1.321452,3.548387,2.350017,4.451613,2.742732
Gruppe,5.390625,1.43225,3.359375,2.242215,4.095238,2.55718,8,6,2,5.363636,1.496207,3.030303,2.113718,4.3125,2.681327,5.419355,1.38502,3.709677,2.355045,3.870968,2.445975
Gunst,6.174603,1.631739,3.609375,2.272103,7.435484,1.770625,12,5,1,6.212121,1.709488,3.787879,2.381669,7.71875,1.507709,6.133333,1.569831,3.419355,2.17216,7.133333,1.995397
Güte,6.365079,2.216519,5.126984,2.48539,7.596774,1.787568,12,4,2,6.30303,2.242834,4.9375,2.577039,7.84375,1.547305,6.433333,2.223438,5.322581,2.413671,7.333333,2.005739
Hafen,5.650794,1.770354,2.968254,2.08658,2.016393,1.60719,11,5,2,5.625,1.809473,3.34375,2.294585,1.71875,1.32554,5.677419,1.758543,2.580645,1.803223,2.344828,1.83762
Hai,4.328125,1.737127,5.734375,2.351914,1.580645,1.094673,14,3,1,4.030303,1.380327,5.69697,2.378088,1.65625,1.334635,4.645161,2.025642,5.774194,2.362339,1.5,0.776819
Hälfte,5.125,0.806718,2.47541,1.831271,5.031746,2.69389,8,6,2,5,0.707107,2.580645,1.893395,5.375,2.648798,5.258065,0.893224,2.366667,1.79046,4.677419,2.737238
Hammer,4.90625,1.122904,3.048387,2.27911,1.209677,0.483739,11,6,2,4.818182,1.130668,3.064516,2.448612,1.258065,0.575485,5,1.125463,3.032258,2.136725,1.16129,0.373878
Handel,5.265625,1.224644,2.704918,1.935151,5.516129,2.702409,9,6,2,4.878788,0.892944,2.548387,2.062987,5.75,2.602728,5.677419,1.399693,2.866667,1.814374,5.266667,2.827614
Handlung,5.112903,0.9427,3,1.909231,6.612903,2.397778,11,8,2,5.21875,0.97499,3.03125,2.055431,6.71875,2.246637,5,0.909718,2.967742,1.779211,6.5,2.583102
Harem,4.953125,2.058121,5.140625,2.474423,4.190476,2.614211,15,5,2,4.212121,1.798569,4.424242,2.332251,4.71875,2.605631,5.741936,2.048865,5.903226,2.426999,3.645161,2.550142
Härte,4.59375,1.874802,4.15625,2.324601,6.483871,2.494203,11,5,2,4.484849,1.938447,4.121212,2.246631,7.40625,1.811422,4.709677,1.829272,4.193548,2.441575,5.5,2.763681
Häscher,3.625,1.847349,4.758065,2.61575,5.870968,2.551013,16,7,2,3.636364,1.850983,4.34375,2.622599,5.8125,2.644989,3.612903,1.873987,5.2,2.578425,5.933333,2.490442
Hass,3.142857,2.54544,7.40625,2.037106,7.887097,1.865167,12,4,1,3.125,2.732717,7.212121,2.407768,8.34375,1.310242,3.16129,2.381831,7.612903,1.563701,7.4,2.23761
Hast,3.84375,2.001735,5.539683,2.551568,7.412698,1.914587,11,4,1,3.848485,2.137774,5.818182,2.270112,7.75,1.481063,3.83871,1.881432,5.233333,2.836746,7.064516,2.24997
Hauch,5.828125,1.723366,3.859375,2.287767,5.870968,2.837015,12,5,1,5.969697,1.928161,4.090909,2.56617,6.65625,2.695389,5.677419,1.491914,3.612903,1.960908,5.033333,2.785224
Haut,5.796875,1.393633,4.34375,2.49583,2.301587,1.747209,10,4,1,5.939394,1.498737,3.909091,2.719876,2.25,1.367833,5.645161,1.279281,4.806452,2.182038,2.354839,2.090429
Hecke,5.09375,1.019162,2.412698,1.455079,1.790323,1.229915,14,5,2,5.060606,1.197377,2.5625,1.721543,1.5625,0.800705,5.129032,0.805892,2.258065,1.124507,2.033333,1.542129
Heft,5,0.534523,1.786885,1.592846,1.587302,1.10183,11,4,1,5.060606,0.348155,1.967742,2.02458,1.4375,0.840027,4.935484,0.679975,1.6,0.968468,1.741936,1.315744
Hefter,5.078125,0.571955,1.984127,1.699071,1.854839,1.35316,17,6,2,5.060606,0.496198,2.28125,2.246637,1.6875,1.255633,5.096774,0.650889,1.677419,0.747757,2.033333,1.449931
Hehler,3.365079,2.20923,5.28125,2.528999,5.016129,2.589335,16,6,2,3.34375,2.390969,5.030303,2.651472,5.53125,2.627207,3.387097,2.044137,5.548387,2.406086,4.466667,2.47377
Heil,5.52381,1.634873,4.790323,2.593416,7.435484,1.904447,12,4,1,5.606061,1.579941,4.5,2.462624,7.84375,1.272776,5.433333,1.715715,5.1,2.733572,7,2.348881
Heilung,6.40625,2.090939,4.650794,2.572552,6.52381,2.507133,13,7,2,6.272727,2.183357,4.65625,2.56036,6.96875,2.162501,6.548387,2.01393,4.645161,2.627399,6.064516,2.780114
Heimat,5.857143,2.235037,5.671875,2.513801,7.693548,2.139317,9,6,2,5.8125,2.161802,5.939394,2.633194,8.0625,1.721543,5.903226,2.343144,5.387097,2.389943,7.3,2.479572
Hektik,3.677419,2.22338,6.063492,2.206099,7.428571,1.989604,12,6,2,3.515152,1.970425,6.212121,2.260497,7.34375,2.073012,3.862069,2.5032,5.9,2.171127,7.516129,1.929956
Held,6.578125,2.287334,5.765625,2.518139,5.612903,2.801375,10,4,1,6.333333,2.25924,5.090909,2.590411,6.21875,2.511064,6.83871,2.325178,6.483871,2.263787,4.966667,2.988291
Helfer,6.66129,2.475742,4.571429,2.600957,4.714286,2.696644,10,6,2,6.612903,2.538732,4.424242,2.646109,4.71875,2.666814,6.709677,2.452122,4.733333,2.585548,4.709677,2.771204
Hemd,5.125,1.031258,2.587302,1.828404,1.66129,1.11537,12,4,1,4.939394,0.826869,2.71875,2.217735,1.5625,0.913607,5.322581,1.194071,2.451613,1.337628,1.766667,1.304722
Hengst,5.453125,1.413424,4.285714,2.445724,2.209677,1.784607,13,6,1,5.454546,1.602555,3.78125,2.10582,2.21875,1.408142,5.451613,1.206613,4.806452,2.688486,2.2,2.139932
Henkel,4.890625,0.856667,1.885246,1.613468,1.580645,1.033035,11,6,2,4.939394,0.555619,1.935484,1.982179,1.34375,0.653002,4.83871,1.098386,1.833333,1.147211,1.833333,1.288767
Henker,2.96875,2.403495,6.587302,2.499257,3.333333,2.501612,13,6,2,3.030303,2.543188,5.969697,2.811637,3.625,2.697071,2.903226,2.285532,7.266667,1.928611,3.032258,2.287413
Herkunft,5.444444,1.542702,2.84375,1.945436,6.516129,2.597237,10,8,2,5.53125,1.626085,2.939394,2.045413,7.25,2.24327,5.354839,1.473056,2.741936,1.861321,5.733333,2.753472
Herpes,3.269841,2.49649,5.507937,2.663208,2.968254,2.184758,17,6,2,3.21875,2.732533,5.69697,2.480988,3.46875,2.663788,3.322581,2.271374,5.3,2.878577,2.451613,1.410407
Herz,6.390625,2.112827,6.209677,2.477023,2.177419,1.868849,9,4,1,6.545455,2.278855,5.75,2.627399,2.3125,2.146828,6.225807,1.944388,6.7,2.246069,2.033333,1.542129
Hetze,3.349206,2.301183,6.142857,2.263719,7.241936,1.84378,14,5,2,3.40625,2.339829,5.454546,2.562846,7.4375,1.644885,3.290323,2.297732,6.9,1.604949,7.033333,2.042367
Hilfe,5.737705,2.272309,4.65625,2.262312,6.761905,2.269818,8,5,2,5.548387,2.321475,4.545455,2.31963,7.03125,2.055431,5.933333,2.242741,4.774194,2.231736,6.483871,2.474819
Himmel,6.78125,2.393568,5.15625,2.4314,4.177419,2.989184,9,6,2,6.727273,2.741723,5.363636,2.522625,4.6875,3.042044,6.83871,2.001612,4.935484,2.351389,3.633333,2.882568
Hintern,5.84127,2.088419,6.71875,2.003717,2.031746,1.343662,13,7,2,5.242424,2.136444,5.787879,2.147056,2.09375,1.48887,6.5,1.852305,7.709677,1.243478,1.967742,1.19677
Hobby,6.25,1.984064,4.126984,2.75032,7.206349,1.705387,12,5,2,6,2.136001,3.909091,2.742759,7.3125,1.424158,6.516129,1.805011,4.366667,2.785224,7.096774,1.97239
Hochzeit,6.476191,2.313057,5.234375,2.598792,4.048387,2.859711,11,8,2,6.375,2.33832,5.69697,2.615875,3.516129,2.718713,6.580645,2.320549,4.741936,2.529397,4.580645,2.941362
Hocker,5.015625,0.453984,2.016129,1.541682,1.483871,0.82466,14,6,2,5.090909,0.458506,1.903226,1.64022,1.46875,0.949851,4.935484,0.442379,2.129032,1.454692,1.5,0.682288
Hoden,4.875,1.898203,5.873016,2.43292,1.322581,0.59435,15,5,2,4.454546,1.769373,5.69697,2.256724,1.40625,0.712079,5.322581,1.955967,6.066667,2.638356,1.233333,0.430183
Hoffnung,7.0625,2.724813,5.31746,2.367968,8.33871,1.172689,8,8,2,7.121212,2.792373,5.875,2.296561,8.3125,1.468761,7,2.695676,4.741936,2.337631,8.366667,0.764891
Hohn,3.634921,2.288129,4.5625,2.389627,7.746032,1.513043,13,4,1,3.5625,2.408821,4.69697,2.555446,8.0625,0.981687,3.709677,2.193833,4.419355,2.232699,7.419355,1.875708
Hölle,3,2.71003,6.555556,2.421528,6.774194,2.601509,11,5,2,2.96875,2.833946,6.4375,2.577039,7.375,1.963374,3.033333,2.619336,6.677419,2.286002,6.133333,3.048271
Holz,5.34375,1.311957,2.253968,1.822514,2.063492,1.584939,10,4,1,5.333333,1.450575,2.375,2.12132,1.84375,1.588454,5.354839,1.170424,2.129032,1.477429,2.290323,1.574665
Honig,6.015625,2.178482,4.238095,2.512641,1.709677,1.35969,13,5,2,6.060606,2.164189,4.65625,2.457502,1.875,1.699146,5.967742,2.228361,3.806452,2.535342,1.533333,0.860366
Horror,3.365079,2.62925,6.96875,2.14527,7.725807,1.590642,13,6,2,2.90625,2.751649,7.030303,2.256724,8.0625,1.242721,3.83871,2.450806,6.903226,2.055154,7.366667,1.847334
Hose,5.21875,1.030776,2.640625,2.095855,1.793651,1.59797,12,4,2,5.151515,1.064225,2.272727,2.065683,1.9375,1.899703,5.290323,1.006431,3.032258,2.0894,1.645161,1.226061
Hotel,5.453125,1.446723,3.258065,2.246567,2.33871,1.999537,9,5,2,5.060606,1.579941,3.6875,2.442071,2.3125,2.085859,5.870968,1.175923,2.8,1.954658,2.366667,1.93842
Hüfte,5.828125,1.363407,4.253968,2.382519,1.984127,1.325824,13,5,2,5.515152,1.325736,4.090909,2.492033,1.90625,1.422387,6.16129,1.344043,4.433333,2.284631,2.064516,1.23654
Humor,6.857143,2.687229,6.125,2.264285,7.854839,1.412436,11,5,2,6.606061,2.760654,6.030303,2.242834,8.0625,1.216486,7.133333,2.622625,6.225807,2.319622,7.633333,1.586219
Hure,3.555556,2.538591,6.609375,2.401172,4.222222,2.491563,13,4,2,3.25,2.423008,5.454546,2.646825,4.75,2.577821,3.870968,2.655082,7.83871,1.267459,3.677419,2.314982
Husten,3.953125,1.872353,4.15625,2.124825,4.206349,2.765914,14,6,2,4.151515,1.954501,4.121212,2.117746,4.75,2.851146,3.741936,1.788253,4.193548,2.166708,3.645161,2.601902
Hut,5.390625,1.03306,2.344262,1.922544,1.444444,0.8758,11,3,1,5.424242,1.090593,2.419355,1.996233,1.46875,0.983226,5.354839,0.984831,2.266667,1.874205,1.419355,0.764818
Hütte,5.28125,1.396921,2.492064,1.958217,1.698413,1.186414,11,5,2,5.151515,1.39466,2.84375,2.315577,1.59375,0.874712,5.419355,1.408881,2.129032,1.454692,1.806452,1.447282
Hymne,5.765625,1.941544,4.1875,2.435681,5.129032,2.748972,13,5,2,5.939394,1.853028,3.757576,2.512846,5.625,2.685084,5.580645,2.045714,4.645161,2.302873,4.6,2.761809
Idol,5.921875,1.793327,5.580645,2.206907,6.612903,2.438455,13,4,2,5.818182,1.722182,5.46875,2.396023,7.125,2.12132,6.032258,1.888277,5.7,2.01973,6.066667,2.664367
Import,5.109375,0.81877200000000006,2.322581,1.762768,5.952381,2.732295,12,6,2,4.878788,0.73983,2.193548,1.939405,6.40625,2.538216,5.354839,0.838586,2.451613,1.588263,5.483871,2.885261
Infarkt,3.109375,2.539324,6.885246,2.129932,4.571429,2.849529,15,7,2,3.333333,2.711857,6.419355,2.432751,4.78125,2.859443,2.870968,2.362794,7.366667,1.670914,4.354839,2.869941
Inhalt,5.140625,0.989904,2.131148,1.687952,6.571429,2.353544,10,6,2,5.121212,0.892944,2.258065,2.016065,6.46875,2.4228,5.16129,1.098386,2,1.286535,6.677419,2.314982
Inzest,2.793651,2.476722,6.129032,2.30099,6.451613,2.702018,15,6,2,2.818182,2.555075,5.96875,2.546147,7,2.170179,2.766667,2.430884,6.3,2.036732,5.866667,3.104317
Inzucht,2.609375,2.658423,6.09375,2.635043,6.571429,2.63178,16,7,2,2.606061,2.749311,4.969697,2.82273,7.15625,2.171804,2.612903,2.603554,7.290323,1.792457,5.967742,2.949394
Irrer,3.444444,2.085107,6.140625,2.245752,5.793651,2.349734,17,5,2,3.625,2.225222,5.818182,2.242411,6.09375,2.276944,3.258065,1.948807,6.483871,2.234144,5.483871,2.420344
Irrsinn,3.9375,1.934441,5.539683,2.354306,7.419355,1.815673,14,7,2,4.181818,1.975705,5.272727,2.440194,7.875,1.237844,3.677419,1.886568,5.833333,2.260353,6.933333,2.19613
Jacke,4.90625,0.903586,2.096774,1.870475,1.5,0.762868,12,5,2,4.727273,0.6742,2.03125,2.0238,1.5,0.762001,5.096774,1.075634,2.166667,1.723736,1.5,0.776819
Jammer,3.703125,2.187117,5.507937,2.131734,7.360656,2.033329,13,6,2,3.818182,2.242411,5.75,2.271847,7.354839,1.871691,3.580645,2.15676,5.258065,1.982721,7.366667,2.220334
Jubel,5.83871,1.839401,5.460318,2.381551,6.081967,2.703671,11,5,2,5.8125,1.990907,5.181818,2.442521,6.59375,2.367241,5.866667,1.696514,5.766667,2.314621,5.517241,2.97154
Jugend,6.428571,2.182883,4.365079,2.378001,7.080645,2.234589,9,6,2,6.333333,2.380476,3.9375,2.154328,7.53125,1.722421,6.533333,1.97804,4.806452,2.548455,6.6,2.620871
Junge,5.421875,1.832725,3.109375,2.16844,2.333333,1.778002,9,5,2,5.333333,1.689428,3.090909,2.067058,2.5,1.983805,5.516129,1.997848,3.129032,2.305673,2.16129,1.551274
Juwel,6.174603,1.651389,4.359375,2.366212,1.951613,1.384071,14,5,2,6.272727,1.736964,4.666667,2.49583,2.0625,1.412787,6.066667,1.574218,4.032258,2.213352,1.833333,1.366681
Kabel,5,0.642416,2.016129,1.815163,1.809524,1.38956,11,5,2,5,0.661438,2.375,2.296561,1.65625,0.970845,5,0.632456,1.633333,0.999425,1.967742,1.722089
Kachel,5.140625,0.753135,2.387097,2.12213,2.145161,1.781938,17,6,2,5.151515,0.66714,2.516129,2.219174,2.3125,2.038936,5.129032,0.846244,2.258065,2.048865,1.966667,1.473521
Kacke,3.34375,2.49583,6.109375,2.588848,2.333333,1.875134,17,5,2,3.363636,2.54728,6.151515,2.670688,2.71875,2.289307,3.322581,2.481761,6.064516,2.542118,1.935484,1.23654
Kaff,3.746032,1.703585,4.349206,2.244411,4.573771,2.906653,15,4,1,4.03125,1.73176,4.727273,2.168996,4.53125,2.839632,3.451613,1.650024,3.933333,2.288402,4.62069,3.028599
Kamm,4.90625,0.971315,1.859375,1.582315,1.492064,1.09062,14,4,1,4.909091,1.07132,2.030303,1.87891,1.375,0.906962,4.903226,0.870051,1.677419,1.194071,1.612903,1.256382
Kanne,5.0625,0.58757,1.8,1.493489,1.492064,1.09062,15,5,2,5.121212,0.73983,1.935484,1.878572,1.34375,0.827331,5,0.365148,1.655172,0.936401,1.645161,1.305077
Kante,4.96875,0.733955,1.95082,1.553772,2.698413,2.05281,14,5,2,4.909091,0.804815,1.935484,1.711442,2.375,1.791557,5.032258,0.657463,1.966667,1.401559,3.032258,2.272794
Kappe,4.96875,0.665922,1.918033,1.625783,1.790323,1.243173,14,5,2,5.060606,0.242306,2.193548,2.072347,2.0625,1.522678,4.870968,0.921663,1.633333,0.927858,1.5,0.776819
Kapsel,4.84375,1.026919,2.412698,1.906144,2.508197,1.971657,14,6,2,4.939394,1.058873,2.375,2.225222,2.451613,1.963648,4.741936,0.998924,2.451613,1.545719,2.566667,2.011747
Karpfen,5.0625,1.110913,2.460318,1.683175,1.476191,0.913292,14,7,2,5.030303,1.045372,2.53125,1.950755,1.46875,0.983226,5.096774,1.193171,2.387097,1.382689,1.483871,0.851311
Karte,5.21875,0.765709,2.016129,1.654521,1.95082,1.488021,10,5,2,5.121212,0.73983,2.15625,1.868402,1.9375,1.501344,5.322581,0.791079,1.866667,1.407696,1.965517,1.499589
Karton,4.9375,0.663684,1.870968,1.408218,1.888889,1.19287,13,6,2,5,0.5,1.967742,1.622424,1.71875,0.888434,4.870968,0.805892,1.774194,1.175009,2.064516,1.436094
Käse,5.671875,1.652845,3.532258,2.259535,1.444444,0.838158,12,4,2,5.69697,1.845346,3.5625,2.340906,1.53125,0.983226,5.645161,1.45025,3.5,2.208916,1.354839,0.660726
Kasse,5.015625,0.999876,2.666667,1.959263,1.790323,1.427334,10,5,2,5.181818,1.044466,2.5625,2.03101,1.71875,1.275941,4.83871,0.934408,2.774194,1.909794,1.866667,1.591645
Kasten,4.8125,0.923675,2,1.732051,1.873016,1.142889,11,6,2,4.666667,0.853913,1.903226,1.868241,1.875,1.128802,4.967742,0.982645,2.1,1.604949,1.870968,1.175923
Kelle,4.890625,0.892956,2.190476,1.79477,1.548387,1.154853,15,5,2,4.666667,1.050793,2.1875,2.070336,1.65625,1.405275,5.129032,0.618705,2.193548,1.492634,1.433333,0.8172
Keller,4.5,1.727463,3.238095,2.380799,1.920635,1.347657,10,6,2,4.424242,1.85456,3.5625,2.638884,2,1.606439,4.580645,1.607777,2.903226,2.071309,1.83871,1.035914
Kerker,3.25,2.443001,6.380952,2.510806,2.634921,2.073657,14,6,2,3.333333,2.581989,5.545455,2.73965,3,2.488684,3.16129,2.325178,7.3,1.878187,2.258065,1.482515
Kern,5.0625,0.852168,2.365079,1.649062,2.213115,1.83589,10,4,1,5.212121,0.696311,2.545455,1.954017,2.25,2.09454,4.903226,0.978258,2.166667,1.234094,2.172414,1.536902
Kessel,4.859375,0.888501,1.95,1.267922,1.777778,1.23712,13,6,2,5.060606,0.78817,2.033333,1.49674,1.65625,0.901947,4.645161,0.950382,1.866667,1.008014,1.903226,1.513381
Ketzer,3.539683,2.421845,5.174603,2.727043,5.555556,2.595143,14,6,2,3.59375,2.637929,5.060606,2.633194,6.15625,2.329466,3.483871,2.219174,5.3,2.866573,4.935484,2.743908
Kiesel,5.265625,0.781577,2.225807,1.832488,1.725807,1.133244,15,6,2,5.272727,0.977008,2.387097,2.231254,1.625,0.975507,5.258065,0.514311,2.064516,1.340037,1.833333,1.288767
Kiffer,3.9375,2.322253,6,2.44949,4.174603,2.479202,16,6,2,3.606061,2.192878,5.484849,2.762712,4.59375,2.600985,4.290323,2.438491,6.548387,1.963648,3.741936,2.308935
Killer,2.629032,2.771245,6.983871,2.130896,4.596774,2.512002,12,6,2,2.75,3.016086,6.875,2.511265,5.125,2.446195,2.5,2.529141,7.1,1.66816,4.033333,2.498045
Kind,6.578125,2.13664,4.125,2.478479,1.564516,0.916532,8,4,1,6.636364,2.342784,4.515152,2.526376,1.6875,1.090649,6.516129,1.929956,3.709677,2.397131,1.433333,0.678911
Kinn,5.234375,0.636014,2.612903,2.129841,1.539683,1.280441,13,4,1,5.242424,0.791766,3.09375,2.692395,1.5625,1.501344,5.225807,0.425024,2.1,1.124952,1.516129,1.028623
Kippe,4.15873,1.977342,3.920635,2.404979,2.016129,1.541682,14,5,2,4.5,2.184993,4.1875,2.361485,2.0625,1.812813,3.806452,1.701359,3.645161,2.456941,1.966667,1.217214
Kirsche,6.081967,2.092009,3.873016,2.379293,1.365079,0.702566,16,7,2,6.03125,2.055431,3.96875,2.583875,1.28125,0.634206,6.137931,2.166698,3.774194,2.186469,1.451613,0.767625
Kissen,5.609375,1.848356,3.65625,2.483078,1.68254,1.329873,13,6,2,5.484849,2.048188,4,2.704164,1.65625,1.405275,5.741936,1.632335,3.290323,2.208975,1.709677,1.270001
Kitzel,5.890625,1.844057,5.453125,2.32945,6.435484,2.453642,15,6,2,6.030303,1.648576,5.606061,2.164189,6.84375,2.356999,5.741936,2.048865,5.290323,2.519174,6,2.518894
Klage,3.6875,2.022689,5.078125,2.248842,6.190476,2.746594,10,5,2,3.969697,2.18639,5.212121,2.132451,6.65625,2.483616,3.387097,1.819843,4.935484,2.39354,5.709677,2.957404
Klammer,4.859375,0.870453,1.967742,1.792221,1.758065,1.339017,14,7,2,4.787879,0.92728,2,2,1.774194,1.453953,4.935484,0.813859,1.935484,1.590293,1.741936,1.23741
Kleidung,5.920635,1.639252,3.234375,2.265982,2.730159,2.149316,11,8,2,5.818182,1.793296,3.121212,2.175971,2.71875,2.203141,6.033333,1.473521,3.354839,2.388143,2.741936,2.128658
Klempner,4.859375,0.888501,2.311475,1.936844,2.704918,2.162901,15,8,2,4.69697,0.728219,2.451613,2.157757,2.870968,2.093513,5.032258,1.016001,2.166667,1.703614,2.533333,2.255007
Klima,5.15625,1.262635,3.587302,2.091727,6.190476,2.775801,10,5,2,5.060606,1.273268,3.15625,1.985583,6.5625,2.687336,5.258065,1.264061,4.032258,2.136725,5.806452,2.856797
Klingel,5.0625,1.219875,2.596774,2.003764,1.655738,1.046984,15,7,2,5.151515,1.17583,2.875,2.352075,1.5,0.762001,4.967742,1.277599,2.3,1.534657,1.827586,1.28366
Klinik,4.375,1.923126,3.253968,2.375739,2.096774,1.656677,10,6,2,4.666667,1.979057,3.53125,2.770634,1.96875,1.402403,4.064516,1.842742,2.967742,1.888277,2.233333,1.906131
Klinke,5.015625,0.701296,2.206349,1.627969,1.492064,0.780261,15,6,2,5.060606,0.609272,2.4375,1.933366,1.4375,0.75935,4.967742,0.795147,1.967742,1.224306,1.548387,0.809885
Klo,4.095238,1.7663,4.59375,2.441173,1.730159,1.472395,14,3,1,3.75,1.883716,4.515152,2.451036,1.75,1.703886,4.451613,1.588263,4.677419,2.468294,1.709677,1.216376
Klugheit,6.68254,2.347445,5.032258,2.515315,8.129032,1.408218,13,8,2,6.666667,2.419539,5,2.688086,8.40625,0.910844,6.7,2.306662,5.066667,2.362543,7.833333,1.763291
Knabe,5.390625,1.176721,2.793651,1.90211,2.460318,1.721078,12,5,2,5.393939,1.367923,2.636364,1.867789,2.5625,1.916608,5.387097,0.954897,2.966667,1.956128,2.354839,1.517638
Knast,3.193548,2.373617,5.84127,2.431025,2.285714,1.852884,12,5,1,3.40625,2.600985,5.878788,2.570963,2.03125,1.355619,2.966667,2.12511,5.8,2.310396,2.548387,2.248536
Knie,5.03125,0.925284,2.828125,2.17164,1.746032,1.177316,11,4,1,5.030303,0.728219,2.848485,2.29294,1.53125,0.87931,5.032258,1.110071,2.806452,2.072347,1.967742,1.401996
Knopf,5.111111,0.69818,2.15873,1.850949,1.52381,0.997693,13,5,1,5.09375,0.73438,2.060606,2.030077,1.4375,0.75935,5.129032,0.67042,2.266667,1.659525,1.612903,1.202149
Knorpel,3.952381,1.430414,3.46875,2.356812,2.587302,1.906144,16,7,2,3.8125,1.424158,3.121212,2.433588,2.8125,2.191442,4.096774,1.445795,3.83871,2.252358,2.354839,1.560948
Knospe,6.203125,1.961371,3.875,2.373799,1.741936,0.828498,16,6,2,6.424242,2.151022,4.090909,2.590411,1.78125,0.906406,5.967742,1.741338,3.645161,2.137731,1.7,0.749713
Knoten,5.078125,1.145103,2.809524,2.10113,2.444444,1.864592,12,6,2,4.969697,1.015038,2.96875,2.44269,2.3125,1.803894,5.193548,1.275914,2.645161,1.703886,2.580645,1.945494
Knüppel,4.125,1.759329,5.730159,2.322446,2.193548,1.948843,14,7,2,4.030303,1.862204,5.272727,2.61334,2.53125,2.4228,4.225807,1.667527,6.233333,1.8696,1.833333,1.205829
Koks,3.174603,2.661189,6.34375,2.558638,2.380952,1.717355,14,4,1,2.9375,2.601953,6.151515,2.705564,2.46875,1.813647,3.419355,2.741948,6.548387,2.4199,2.290323,1.636939
Kokser,3.238095,2.582286,6.390625,2.447008,4.349206,2.54101,18,6,2,3.25,2.639648,6.181818,2.591507,4.4375,2.474874,3.225807,2.565277,6.612903,2.30474,4.258065,2.645345
Kollaps,3.444444,2.434813,6.063492,2.500794,6.209677,2.63107,13,7,2,3.375,2.432972,5.636364,2.690471,6.65625,2.597882,3.516129,2.474819,6.533333,2.224214,5.733333,2.625253
Koma,3.047619,2.497925,6.222222,2.549158,5.16129,2.915159,13,4,2,3.09375,2.531854,5.818182,2.78898,5.59375,2.883316,3,2.503331,6.666667,2.218004,4.7,2.926101
Komfort,5.984375,2.111888,4.34375,2.405145,7.936508,1.33045,12,7,2,5.848485,2.251683,4.272727,2.478315,8.15625,0.723316,6.129032,1.978921,4.419355,2.363249,7.709677,1.735772
Komik,6.634921,2.134974,5.301587,2.55668,7.032258,2.325678,12,5,2,6.46875,2.382522,4.75,2.514474,7.65625,1.557694,6.806452,1.869391,5.870968,2.513191,6.366667,2.809876
Kompass,5.296875,1.0937,2.33871,1.707683,1.793651,1.404586,15,7,2,5.181818,0.682575,2.125,1.87943,2.15625,1.779985,5.419355,1.408881,2.566667,1.50134,1.419355,0.719916
Kondom,5.65625,1.55552,5.822581,2.322549,1.274194,0.577427,14,6,2,5.515152,1.563674,5.606061,2.26301,1.225807,0.616965,5.806452,1.55819,6.068966,2.404327,1.322581,0.540808
Konfekt,5.765625,1.725092,2.603175,1.905338,2.274194,1.600915,17,7,2,5.727273,1.92472,3,2.345208,2.375,1.844783,5.806452,1.514802,2.166667,1.147211,2.166667,1.315251
Kontext,5.063492,0.759308,2.238095,1.932025,6.790323,2.483632,12,7,2,5.0625,0.981687,2.25,2.257604,6.935484,2.30847,5.064516,0.442379,2.225807,1.564389,6.645161,2.677666
Korb,5.265625,1.300088,2.333333,1.768907,1.66129,1.2003219999999999,12,4,1,5.333333,1.314978,2.125,1.755177,1.625,1.184578,5.193548,1.301777,2.548387,1.785846,1.7,1.235956
Korken,5.328125,1.099129,2.984127,2.082896,1.460318,1.119121,15,6,2,5.090909,1.15552,2.636364,1.782172,1.34375,0.787375,5.580645,0.992445,3.366667,2.341284,1.580645,1.38502
Korn,5.09375,0.954833,2.859375,2.038263,1.919355,1.271354,13,4,1,5.212121,0.857233,2.818182,2.185957,1.83871,1.067607,4.967742,1.048296,2.903226,1.90359,2,1.460594
Körper,6.16129,1.729148,5.177419,2.486186,2.016129,1.520267,9,6,2,5.78125,1.791276,4.9375,2.551881,2.0625,1.776868,6.566667,1.590561,5.433333,2.430884,1.966667,1.217214
Kot,2.96875,2.429767,5.968254,2.590107,2.31746,1.847626,14,3,1,3.272727,2.672461,6.151515,2.751377,2.625,2.296561,2.645161,2.137731,5.766667,2.430884,2,1.183216
Köter,3.539683,2.146455,4.75,2.494438,3.209677,2.43699,16,5,2,3.40625,2.212273,4.757576,2.537596,3.59375,2.538216,3.677419,2.10376,4.741936,2.489548,2.8,2.295423
Kotze,2.825397,2.636834,6.419355,2.329767,1.952381,1.507279,18,5,2,2.96875,2.879117,6.3125,2.428826,2.09375,1.653137,2.677419,2.399821,6.533333,2.255007,1.806452,1.35202
Krach,3.921875,2.191649,5.5625,2.315407,6.274194,2.674527,12,5,1,3.909091,2.282592,5.424242,2.398311,7.21875,1.979481,3.935484,2.128152,5.709677,2.25379,5.266667,2.970352
Kraft,6.578125,2.328599,5.625,2.591194,6.730159,2.417719,8,5,1,6.515152,2.670688,4.787879,2.712904,7.0625,2.395392,6.645161,1.941621,6.516129,2.158255,6.387097,2.431425
Krake,4.5,1.623244,4.936508,2.551869,1.666667,1.295152,16,5,2,4.393939,1.784296,4.333333,2.618046,1.59375,1.103057,4.612903,1.453213,5.6,2.343001,1.741936,1.482515
Kralle,4.0625,1.707825,3.984375,2.26423,2.079365,1.753352,16,6,2,4,1.695583,4.363636,2.619854,2,1.586231,4.129032,1.746271,3.580645,1.765865,2.16129,1.933852
Krampf,3.703125,2.113296,5.71875,2.25,4.274194,2.692852,15,6,1,3.727273,2.308581,5.151515,2.501515,4.34375,2.835369,3.677419,1.921581,6.322581,1.796053,4.2,2.578425
Kran,4.84375,0.622814,2.064516,1.545708,1.444444,1.059181,13,4,1,4.848485,0.712444,2.096774,1.850312,1.46875,1.343668,4.83871,0.522607,2.032258,1.19677,1.419355,0.672022
Krätze,3.269841,2.363747,5.84127,2.215825,4.777778,2.761746,17,6,2,3.5,2.475688,5.787879,2.407768,5.28125,2.642511,3.032258,2.25808,5.9,2.023142,4.258065,2.828047
Kräuter,5.596774,1.530667,3.483871,2.295698,2.241936,1.807865,14,7,2,5.419355,1.628377,3.677419,2.454752,2.0625,1.702702,5.774194,1.430843,3.290323,2.147767,2.433333,1.924136
Krebs,3.68254,2.66897,5.65625,2.829655,4,2.930898,11,5,1,3.875,2.859619,5.878788,2.966032,3.5625,2.827714,3.483871,2.488252,5.419355,2.705232,4.466667,3.014143
Kreide,5.046875,0.764898,2.21875,1.588338,1.451613,0.761307,13,6,2,5.060606,0.747471,2.30303,1.758637,1.53125,0.949851,5.032258,0.795147,2.129032,1.408118,1.366667,0.490133
Kreis,5.265625,1.101834,2.213115,1.684387,2.451613,2.230029,9,5,1,5.181818,1.210747,2.483871,2.014464,2.15625,1.885588,5.354839,0.984831,1.933333,1.229896,2.766667,2.541834
Krieg,2.516129,2.929454,7.258065,2.157226,5.580645,2.928371,8,5,1,2.625,3.159726,7.09375,2.374045,5.6875,2.955995,2.4,2.711406,7.433333,1.924136,5.466667,2.944701
Krise,3.609375,2.306768,5.890625,2.463171,6.758065,2.474032,9,5,2,3.69697,2.543188,5.848485,2.501515,7.28125,1.954884,3.516129,2.063508,5.935484,2.462187,6.2,2.857537
Kristall,6.140625,1.807104,4.444444,2.53223,2,1.525736,14,8,2,6.121212,1.832989,4.545455,2.623105,2,1.481063,6.16129,1.809176,4.333333,2.468188,2,1.597412
Krücke,3.90625,1.678234,3.047619,1.921261,1.870968,1.234529,15,6,2,4.060606,1.730957,3,2,1.84375,1.167003,3.741936,1.632335,3.096774,1.868241,1.9,1.322224
Krug,5.203125,0.694187,2.225807,1.850293,1.539683,0.876676,12,4,1,5.242424,0.791766,2.125,2.151519,1.625,1.070122,5.16129,0.582911,2.333333,1.49328,1.451613,0.623897
Krüppel,3.412698,2.099423,5.571429,2.374015,3.888889,2.508766,15,7,2,3.53125,1.950755,5.454546,2.195036,3.96875,2.320795,3.290323,2.268532,5.7,2.588436,3.806452,2.725428
Kuchen,6.079365,2.034395,3.578125,2.202486,1.666667,1.231312,12,6,2,6.1875,2.161802,4.151515,2.488991,1.5625,1.522678,5.967742,1.923259,2.967742,1.682931,1.774194,0.844973
Kuh,5.265625,1.275436,2.83871,2.136287,1.444444,0.980089,12,3,1,4.909091,1.182255,3.03125,2.292827,1.28125,0.634206,5.645161,1.279281,2.633333,1.973677,1.612903,1.229564
Kuhle,4.84375,0.946485,2.442623,1.884362,3.15873,2.377355,17,5,2,4.757576,1.031695,2.419355,2.029355,3.3125,2.468348,4.935484,0.853834,2.466667,1.756433,3,2.309401
Kühnheit,5.774194,1.859132,4.888889,2.103079,7.564516,1.852079,14,8,2,5.757576,1.696141,4.636364,2.233526,7.875,1.680054,5.793103,2.059461,5.166667,1.949064,7.233333,1.994533
Küken,6.063492,1.865415,3.8125,2.635984,1.645161,0.888852,14,5,2,5.909091,1.942351,4.121212,2.758595,1.46875,0.761339,6.233333,1.794308,3.483871,2.501612,1.833333,0.985528
Kummer,3.296875,2.517745,5.109375,2.35107,7.920635,1.649062,12,6,2,3.272727,2.648971,5.242424,2.358897,8.1875,1.148281,3.322581,2.413671,4.967742,2.373238,7.645161,2.025642
Kunde,5.28125,1.046062,2.483871,1.771745,3.825397,2.738847,10,5,2,5.060606,1.14399,2.5,2.079082,3.8125,2.775904,5.516129,0.889605,2.466667,1.407696,3.83871,2.745867
Kunst,6.31746,2.022657,4.761905,2.447608,7.516129,2.208344,8,5,1,6.212121,2.088025,4.9375,2.487874,7.645161,1.889416,6.433333,1.977169,4.580645,2.432751,7.387097,2.512335
Kuppel,5.015625,1.3742780000000001,2.539683,1.873632,2.222222,1.808978,13,6,2,5.272727,1.281423,2.53125,2.031754,2.03125,1.655575,4.741936,1.436842,2.548387,1.728944,2.419355,1.962553
Kuppler,4.78125,1.803601,3.68254,2.093195,5.16129,2.625184,17,7,2,4.848485,2.09346,3.84375,2.370645,5.677419,2.561082,4.709677,1.465004,3.516129,1.786448,4.645161,2.627399
Kurs,5.078125,1.058671,2.507937,1.821671,5.129032,2.725014,9,4,1,5.121212,1.053494,2.30303,1.811161,5.78125,2.459142,5.032258,1.079626,2.733333,1.837039,4.433333,2.860954
Kurve,5.453125,1.068001,3.238095,2.32597,3.492064,2.558181,12,5,2,5.363636,0.92932,3.060606,2.384054,3.75,2.782433,5.548387,1.206613,3.433333,2.284631,3.225807,2.319622
Kuss,7.171875,2.797701,7.790323,1.874218,3.031746,2.362122,14,4,1,6.939394,2.967948,7.5625,2.435457,3.15625,2.503022,7.419355,2.630262,8.033333,0.964306,2.903226,2.241351
Lächeln,6.953125,2.522469,6.730159,2.356914,5.396825,2.618419,10,7,2,6.848485,2.818701,6.8125,2.58329,5.3125,2.632765,7.064516,2.205077,6.645161,2.137731,5.483871,2.644125
Lachen,7.125,2.78602,6.238095,2.531825,5.015873,2.785284,11,6,2,7.060606,3.009769,6.333333,2.520747,5.4375,2.816283,7.193548,2.574482,6.133333,2.582879,4.580645,2.729764
Laden,5.21875,0.999504,2.269841,1.638315,2.047619,1.590583,10,5,2,5.030303,0.918043,2.363636,1.94965,2.09375,1.613639,5.419355,1.057487,2.166667,1.234094,2,1.591645
Ladung,4.921875,0.996895,2.66129,2.164873,3.714286,2.549058,12,6,2,4.969697,0.847233,2.5,2.199707,3.96875,2.705841,4.870968,1.147227,2.833333,2.150915,3.451613,2.392192
Lager,5.171875,1.1893,2.33871,2.032067,3.096774,2.434113,9,5,2,5.121212,0.992395,2.322581,2.087855,3.53125,2.663788,5.225807,1.383466,2.354839,2.009119,2.633333,2.108821
Lampe,5.365079,0.97222,2.274194,1.917729,1.285714,0.633184,12,5,2,5.28125,0.812578,2.419355,2.17216,1.21875,0.659148,5.451613,1.120676,2.129032,1.648068,1.354839,0.608188
Laub,5.453125,1.379322,2.222222,1.80004,1.857143,1.366148,13,4,1,5.575758,1.323591,2.78125,2.310347,1.96875,1.635974,5.322581,1.446538,1.645161,0.709384,1.741936,1.031754
Läufer,5.515625,1.083677,3.31746,2.526156,3.387097,2.411413,12,6,2,5.333333,0.957427,2.9375,2.313181,3.46875,2.514274,5.709677,1.188656,3.709677,2.710394,3.3,2.336369
Leder,5.265625,1.405682,2.984127,2.12126,2.096774,1.715022,12,5,2,5.212121,1.386488,3.0625,2.25671,2.125,1.844783,5.322581,1.446538,2.903226,2.005905,2.066667,1.595972
Lehre,5.571429,1.200998,2.96875,2.054563,5.967742,2.679416,10,5,2,5.393939,1.058873,2.969697,2.113718,6.40625,2.538216,5.766667,1.330889,2.967742,2.02458,5.5,2.788523
Lehrer,5.15625,1.449891,3.46875,2.487867,2.403226,1.970767,9,6,2,5.242424,1.199747,3.545455,2.48861,2.40625,1.981517,5.064516,1.691853,3.387097,2.525568,2.4,1.993092
Leiche,3.032258,2.799108,7.1875,2.099698,2.301587,2.029102,10,6,2,3.125,2.981123,7.060606,2.384054,2.53125,2.368944,2.933333,2.638356,7.322581,1.777397,2.064516,1.611117
Leichnam,2.903226,2.578026,6.703125,2.368307,2.333333,1.951013,13,8,2,3.03125,2.845306,6.515152,2.71709,2.46875,2.15503,2.766667,2.299675,6.903226,1.955417,2.193548,1.740103
Leid,3,2.546345,6.064516,2.366924,7.951613,1.721869,11,4,1,3.125,2.779534,6.25,2.475688,8.28125,0.771859,2.870968,2.320085,5.866667,2.270247,7.6,2.313379
Leistung,6,2.12319,4.671875,2.357391,7.065574,2.031985,9,8,2,5.969697,2.038456,4.090909,2.296242,7.4375,1.564475,6.032258,2.24327,5.290323,2.297732,6.655172,2.409444
Leiter,4.953125,0.764898,2.112903,1.709231,1.571429,1.444838,9,6,2,4.969697,0.883348,2.25,1.967478,1.40625,0.837021,4.935484,0.629046,1.966667,1.401559,1.741936,1.879144
Lepra,2.774194,2.458971,6.09375,2.610837,4.079365,2.671846,16,5,2,2.90625,2.544563,5.909091,2.908647,4.5,2.896049,2.633333,2.399473,6.290323,2.283178,3.645161,2.388143
Lesbe,5.015625,1.713552,5.953125,2.353179,4.142857,2.693224,16,5,2,4.757576,1.541718,5.090909,2.428524,4.59375,2.938722,5.290323,1.865361,6.870968,1.910357,3.677419,2.371878
Lesung,5.609375,1.518324,2.806452,1.940413,5.253968,2.55247,11,6,2,5.545455,1.542946,2.741936,1.931627,5.625,2.485442,5.677419,1.514092,2.870968,1.978921,4.870968,2.60438
Licht,6.333333,2.271847,3.875,2.21467,4.222222,3.03976,9,5,1,6.515152,2.251683,4.333333,2.354075,4.4375,3.099818,6.133333,2.315366,3.387097,1.977834,4,3.011091
Liebchen,6.206349,1.667127,5.09375,2.334821,6.428571,2.029733,16,8,2,6.060606,1.599598,4.818182,2.351257,6.65625,1.734087,6.366667,1.751518,5.387097,2.319158,6.193548,2.301005
Liebe,7.206349,2.789142,7.516129,1.905488,8.225807,1.778002,8,5,2,7.151515,3.032338,7.53125,2.299851,8.90625,0.296145,7.266667,2.545223,7.5,1.408105,7.5,2.345208
Liebling,6.793651,2.148959,6.241936,2.093593,5.84127,2.397622,12,8,2,6.636364,2.342784,6.40625,2.197644,6.0625,2.16925,6.966667,1.93842,6.066667,1.99885,5.612903,2.629036
Liebster,6.758065,2.454073,6,2.253745,5.714286,2.344717,15,8,2,6.46875,2.65165,5.909091,2.504541,5.71875,2.426126,7.066667,2.227312,6.096774,1.989218,5.709677,2.297732
Lied,6.225807,2.335888,4.666667,2.565277,4.444444,2.821449,10,4,1,6.1875,2.657157,5.125,2.673044,4.90625,2.843889,6.266667,1.981524,4.193548,2.400269,3.967742,2.762654
Lilie,6.193548,1.80017,4.21875,2.291937,1.66129,1.172689,15,5,2,6.34375,1.944544,4.878788,2.509452,1.5625,1.134147,6.033333,1.650148,3.516129,1.823385,1.766667,1.222866
List,4.59375,1.639965,4.444444,2.544937,6.904762,2.346681,12,4,1,4.545455,1.660025,4.212121,2.595159,7.21875,2.21045,4.645161,1.644149,4.7,2.507231,6.580645,2.473516
Lizenz,5.1875,1.005935,2.274194,1.728919,5.380952,2.784917,11,6,2,5.090909,0.804815,2.387097,2.011259,5.5625,2.711237,5.290323,1.188656,2.16129,1.416493,5.193548,2.89159
Lob,6.258065,2.141973,5.4375,2.342668,6.816667,2.354165,11,3,1,6.0625,2.313181,5.666667,2.231405,7.225807,1.927169,6.466667,1.96053,5.193548,2.468729,6.37931,2.704676
Locke,5.746032,1.402397,3.460318,2.454919,1.777778,1.128008,15,5,2,5.6875,1.533234,3.65625,2.63487,1.6875,0.895779,5.806452,1.275914,3.258065,2.279879,1.870968,1.335214
Lockung,5.453125,1.207512,4.241936,2.440676,6.968254,2.221364,17,7,2,5.424242,1.275498,4.28125,2.53026,7.53125,1.848877,5.483871,1.15097,4.2,2.383854,6.387097,2.445096
Löffel,5.140625,0.852023,1.935484,1.353453,1.301587,0.557498,13,6,2,5.272727,0.6742,1.96875,1.713031,1.3125,0.592289,5,1,1.9,0.844863,1.290323,0.528744
Lohn,6.306452,2.551687,3.890625,2.19029,4.920635,2.737444,10,4,1,6.032258,2.676862,3.666667,2.217356,4.8125,2.620484,6.580645,2.432751,4.129032,2.171665,5.032258,2.892333
Lücke,4.761905,1.073347,2.777778,1.971118,4.333333,2.79977,11,5,2,4.787879,0.857233,2.9375,2.093577,4.40625,2.803907,4.733333,1.284747,2.612903,1.856115,4.258065,2.839809
Luder,4.484375,2.429921,6.234375,2.052812,5.68254,2.44834,15,5,2,3.757576,2.151022,6.060606,1.886455,6.34375,1.877015,5.258065,2.502902,6.419355,2.232699,5,2.792848
Lüge,3.578125,2.24531,6.887097,2.049429,7.442623,2.276874,11,4,2,3.636364,2.497726,6.75,2.382734,7.96875,1.655575,3.516129,1.981093,7.033333,1.650148,6.862069,2.721923
Lügner,3.515625,2.323054,6.774194,1.919865,6.209677,2.40312,13,6,2,3.69697,2.455668,6.625,2.043874,6.5,2.09454,3.322581,2.196772,6.933333,1.799106,5.9,2.695462
Lumpen,3.578125,1.81532,4.171875,2.542057,3.269841,2.156807,14,6,2,3.515152,1.856092,3.848485,2.739996,3.1875,2.116563,3.645161,1.799044,4.516129,2.307538,3.354839,2.229326
Lunge,5.25,1.501322,3.507937,2.078096,1.888889,1.392504,13,5,2,5.121212,1.340652,3.15625,1.705955,1.6875,1.090649,5.387097,1.666882,3.870968,2.37686,2.096774,1.64022
Lust,6.403226,2.052265,6.857143,2.368184,7.809524,1.82153,9,4,1,6.125,2.196038,6.727273,2.577217,8.28125,1.113969,6.7,1.878187,7,2.149579,7.322581,2.256651
Lüstling,4.671875,2.167983,7.047619,1.852884,5.428571,2.56348,18,8,2,4.060606,2.060634,6.818182,2.083485,5.71875,2.358709,5.322581,2.119546,7.3,1.556964,5.129032,2.765766
Luxus,6.206349,2.156451,5.31746,2.421845,6.967742,2.648648,11,5,2,6.242424,2.136444,5.21875,2.282251,7.21875,2.708819,6.166667,2.214114,5.419355,2.591964,6.7,2.601724
Macke,4.484375,1.661823,5.046875,2.148678,6.467742,2.634685,15,5,2,4.393939,1.853028,4.757576,2.000473,6.96875,2.334653,4.580645,1.455431,5.354839,2.288353,5.933333,2.863966
Made,3.671875,2.204287,4.734375,2.589614,2.095238,1.662822,15,4,2,3.606061,2.304064,5.212121,2.570963,2.0625,1.625155,3.741936,2.128658,4.225807,2.55225,2.129032,1.727077
Magen,4.828125,1.000868,3.140625,2.280819,2.031746,1.596046,12,5,2,4.69697,0.918043,2.606061,1.9193,2.28125,2.019811,4.967742,1.079626,3.709677,2.519174,1.774194,0.956022
Magie,6.126984,2.12885,6.03125,2.606273,7.612903,2.01921,13,5,2,6.151515,2.195467,6.242424,2.784222,8,1.545023,6.1,2.090207,5.806452,2.427885,7.2,2.383854
Maid,5.859375,1.5104629999999999,3.75,2.390457,3.587302,2.32542,16,4,1,5.30303,1.211529,3,2.09165,3.90625,2.467327,6.451613,1.588263,4.548387,2.460877,3.258065,2.159749
Mais,5.4375,1.258306,2.322581,1.956697,1.467742,0.824179,13,4,1,5.333333,1.406829,2.4375,2.27096,1.34375,0.545325,5.548387,1.090526,2.2,1.584407,1.6,1.037238
Maler,5.857143,1.255403,3.650794,2.215479,3.492064,2.448654,10,5,2,5.848485,1.460334,4,2.286002,3.75,2.577821,5.866667,1.008014,3.290323,2.116499,3.225807,2.319622
Mama,6.333333,2.429656,6.171875,2.250606,3.222222,2.660611,11,4,2,6.212121,2.712904,6.272727,2.308581,3.25,2.663977,6.466667,2.112905,6.064516,2.220142,3.193548,2.700856
Manie,4.171875,2.035827,4.539683,2.513354,8.112903,1.483293,16,5,2,4.151515,2.032874,4.848485,2.513976,8.1875,1.330474,4.193548,2.072347,4.2,2.510667,8.033333,1.650148
Mantel,5.25,1.038925,2.365079,1.816604,1.693548,1.421021,11,6,2,5.424242,1.14647,2.53125,2.031754,1.71875,1.570584,5.064516,0.89202,2.193548,1.579438,1.666667,1.268541
Märchen,6.28125,2.058423,3.875,2.185813,5.677419,2.708664,11,7,2,6.363636,2.233526,4.515152,2.237761,6.40625,2.39434,6.193548,1.887138,3.193548,1.939405,4.9,2.844838
Markt,5.412698,1.455079,2.650794,1.850534,3.31746,2.291819,8,5,1,5.375,1.431219,2.6875,2.101267,3.21875,2.239447,5.451613,1.50197,2.612903,1.584875,3.419355,2.377312
Masseur,6.190476,1.916458,6.349206,2.363422,3.412698,2.492796,14,7,2,6.090909,2.082121,6.272727,2.452967,3.53125,2.449284,6.3,1.744943,6.433333,2.299675,3.290323,2.571557
Mast,4.734375,1.503881,2.516129,2.006072,2.774194,2.438888,14,4,1,4.545455,1.602555,2.645161,2.009119,3.46875,2.972827,4.935484,1.388896,2.387097,2.027764,2.033333,1.401559
Maul,3.953125,1.880811,4.730159,2.695315,2.714286,1.887382,12,4,1,3.878788,1.916337,4.25,2.527271,2.4375,1.625155,4.032258,1.870541,5.225807,2.813179,3,2.113449
Meer,6.451613,2.413605,5.428571,2.716225,2.253968,2.078835,10,4,1,6.375,2.624328,5.34375,2.742843,2.4375,2.139302,6.533333,2.208656,5.516129,2.730946,2.064516,2.032002
Mehl,5.015625,0.629744,1.790323,1.670742,1.492064,1.203128,13,4,1,5.060606,0.658568,1.9375,2.015064,1.34375,0.787375,4.967742,0.604642,1.633333,1.217214,1.645161,1.517638
Memme,3.796875,1.961371,5.59375,2.293668,5.698413,2.427231,17,5,2,3.787879,2.132451,5.606061,2.207082,6.375,2.181299,3.806452,1.796652,5.580645,2.419011,5,2.503331
Menü,5.666667,1.295152,3.274194,2.368989,4.746032,2.799587,13,4,2,5.5,1.502686,3.6875,2.428826,4.84375,2.874912,5.83871,1.035914,2.833333,2.260353,4.645161,2.763433
Metall,5.109375,1.114368,2.25,1.790628,2.306452,1.675168,12,6,2,4.939394,1.14399,2.212121,1.81586,2.46875,2.015815,5.290323,1.070624,2.290323,1.792457,2.133333,1.224276
Mief,3.71875,2.003717,5.046875,2.332855,6.666667,2.30007,15,4,1,3.787879,2.117746,4.939394,2.536476,7.03125,2.132458,3.645161,1.906976,5.16129,2.130677,6.290323,2.438491
Milben,3.71875,2.134142,4.03125,2.468653,2.15873,1.557566,16,6,2,3.969697,2.284251,4.484849,2.647183,2.4375,1.865433,3.451613,1.963648,3.548387,2.203614,1.870968,1.117794
Milde,5.84127,1.62844,4.112903,2.396068,7.460318,1.932952,13,5,2,5.875,1.791557,4.375,2.511265,7.84375,1.608634,5.806452,1.470133,3.833333,2.275557,7.064516,2.174634
Mist,3.734375,1.819142,5.349206,2.272974,3.032258,2.187653,13,4,1,3.939394,1.853028,5.28125,2.385905,3,2.366432,3.516129,1.786448,5.419355,2.187452,3.064516,2.032002
Mitte,5.095238,0.962428,2.68254,2.04644,5.725807,2.643702,8,5,2,5.121212,0.92728,2.46875,2.285782,5.84375,2.370645,5.066667,1.014833,2.903226,1.776792,5.6,2.943139
Moder,3.671875,2.116111,4.265625,2.533848,5.295082,2.812735,16,5,2,3.575758,2.236491,4.666667,2.700309,5.483871,2.706424,3.774194,2.011793,3.83871,2.310798,5.1,2.951914
Modul,4.984375,0.766194,2.380952,1.937978,5.322581,2.918422,14,5,2,4.878788,0.857233,2.25,2.063508,5.84375,2.952412,5.096774,0.650889,2.516129,1.823385,4.766667,2.824564
Moment,5.476191,1.268186,3.52381,2.422057,7.354839,2.450137,10,6,2,5.375,1.539795,4.28125,2.542977,7.8125,1.908174,5.580645,0.922829,2.741936,2.048865,6.866667,2.873582
Monat,5.238095,0.962428,2.129032,1.624443,5.492064,2.928575,9,5,2,5.242424,1.090593,2.09375,1.872714,6.15625,2.772089,5.233333,0.8172,2.166667,1.341212,4.806452,2.971188
Monster,3.857143,2.340783,5.952381,2.439121,4.952381,2.690656,12,7,2,3.78125,2.445989,5.969697,2.698204,4.875,2.485442,3.935484,2.2647369999999998,5.933333,2.164499,5.032258,2.926703
Monteur,4.765625,0.791667,2.492064,2.015048,3.333333,2.495157,15,7,2,4.606061,0.933387,2.40625,1.965171,3.5625,2.66322,4.935484,0.573613,2.580645,2.094026,3.096774,2.328874
Morast,3.734375,1.937452,4.40625,2.511679,3.888889,2.634211,15,6,2,3.515152,2.032874,4.818182,2.530496,3.75,2.70006,3.967742,1.834555,3.967742,2.456066,4.032258,2.601075
Mord,2.516129,2.867237,7.063492,2.577026,5.333333,3.192734,10,4,1,2.71875,3.029259,7.53125,2.396023,5.8125,2.97774,2.3,2.718392,6.580645,2.705232,4.83871,3.377344
Mörder,2.774194,2.76049,6.90625,2.635043,4.677419,2.756656,10,6,2,3.0625,2.906472,6.69697,2.994629,4.9375,2.746699,2.466667,2.609444,7.129032,2.217235,4.4,2.786668
Moschus,5.25,1.790628,3.6875,2.409472,3.730159,2.653095,17,7,2,5.272727,1.940888,4.242424,2.646109,4.09375,2.922211,5.225807,1.647416,3.096774,2.005905,3.354839,2.331643
Möse,4.365079,2.497105,6.84127,2.541313,2.573771,1.927512,18,4,2,3.6875,2.442071,5.71875,2.887508,2.96875,2.162501,5.064516,2.39354,8,1.414214,2.137931,1.552053
Mühle,5.21875,0.999504,2.344262,1.824694,1.532258,0.918262,12,5,2,5.181818,1.102683,2.677419,2.196772,1.40625,0.756024,5.258065,0.893224,2,1.286535,1.666667,1.061337
Müll,3.71875,2.104181,4.555556,2.305518,2.793651,1.935731,11,4,1,3.848485,2.320038,4.375,2.379347,2.59375,1.864081,3.580645,1.875708,4.741936,2.250448,3,2.016598
Mund,5.765625,1.823499,4.129032,2.51216,1.444444,0.946603,10,4,1,5.757576,2.062012,3.96875,2.334653,1.28125,0.581121,5.774194,1.564389,4.3,2.718392,1.612903,1.202149
Münze,5.460318,1.242077,2.83871,2.073988,1.380952,0.633184,13,5,2,5.393939,1.273268,2.83871,2.517893,1.375,0.609071,5.533333,1.224276,2.83871,1.551274,1.387097,0.667204
Murmel,5.285714,1.262723,2.301587,1.63268,2.095238,1.881268,17,6,2,5.125,1.099853,2.4375,1.882646,2.1875,1.958233,5.451613,1.410407,2.16129,1.344043,2,1.825742
Muschi,4.920635,2.238242,6.609375,2.251047,2.333333,1.665591,18,6,2,4.375,2.043874,6.060606,2.435921,2.71875,2.051504,5.483871,2.321938,7.193548,1.90472,1.935484,1.030711
Musik,6.703125,2.646829,6.129032,2.371165,5.396825,2.997524,8,5,2,6.636364,2.837452,5.903226,2.612213,6.21875,2.83679,6.774194,2.472646,6.354839,2.122081,4.548387,2.964667
Muskel,5.761905,1.410951,4.634921,2.665803,2.048387,1.603556,14,6,2,5.53125,1.367465,4.484849,2.599534,1.9375,1.389767,6,1.437591,4.8,2.771779,2.166667,1.821014
Mut,6.265625,2.205636,5.746032,2.455857,7.435484,2.207446,10,3,1,6.090909,2.227157,5.787879,2.558779,8.21875,1.039056,6.451613,2.203614,5.7,2.380235,6.6,2.774266
Mutant,4.375,1.972027,4.333333,2.341767,4.873016,2.708958,18,6,2,4.333333,1.931105,4.125,2.324484,5.1875,2.481382,4.419355,2.045714,4.548387,2.378217,4.548387,2.930742
Mütze,5.33871,0.922284,2.209677,1.59031,1.508197,1.0428,12,5,2,5.25,1.04727,2.40625,1.898376,1.387097,0.615219,5.433333,0.773854,2,1.17444,1.633333,1.351457
Mystik,5.730159,1.638315,4.90625,2.361858,7.887097,1.865167,14,6,2,5.909091,1.528145,5.181818,2.416797,8.28125,1.084625,5.533333,1.756433,4.612903,2.30474,7.466667,2.388671
Mythen,5.859375,1.467826,4.875,2.193063,7.919355,1.632642,12,6,2,5.727273,1.305582,5.272727,2.139987,8.21875,1.069651,6,1.632993,4.451613,2.203614,7.6,2.044336
Nacken,5.84375,1.673498,4.031746,2.389279,1.587302,1.026031,12,6,2,5.787879,1.634732,4.0625,2.626632,1.28125,0.522672,5.903226,1.738866,4,2.160247,1.903226,1.300124
Nadel,4.71875,1.090635,4.015625,2.439699,1.476191,0.858678,13,5,2,4.818182,1.236288,3.515152,2.251683,1.5,0.950382,4.612903,0.919327,4.548387,2.553934,1.451613,0.767625
Nähe,6.328125,2.108597,5.828125,2.394138,6.83871,2.20427,9,4,2,6.333333,2.174665,6.181818,2.416797,7.09375,2.248431,6.322581,2.071828,5.451613,2.350017,6.566667,2.160513
Name,5.390625,1.364135,2.854839,2.110448,5.854839,3.077399,9,4,2,5.30303,1.489229,2.8125,2.131749,5.71875,3.225247,5.483871,1.2348,2.9,2.122945,6,2.959497
Narbe,3.703125,1.997456,4.920635,2.391528,2.111111,1.656961,14,5,2,3.69697,2.068889,5.151515,2.373305,2,1.64611,3.709677,1.952666,4.666667,2.425914,2.225807,1.687398
Nase,5.1875,0.870596,3.125,2.134375,1.483871,1.112403,10,4,2,5.181818,1.044466,3.454546,2.292527,1.15625,0.447889,5.193548,0.654184,2.774194,1.927169,1.833333,1.464131
Natter,4.234375,1.933351,4.015873,2.239615,1.587302,1.17274,16,6,2,4.121212,1.980492,4.0625,2.354645,1.4375,1.0140150000000001,4.354839,1.906976,3.967742,2.152268,1.741936,1.315744
Nazi,2.580645,2.784903,7.796875,2.040695,3.919355,2.806891,14,4,2,2.75,3.026762,7.393939,2.486707,3.96875,2.72958,2.4,2.540703,8.225807,1.334408,3.866667,2.932968
Neid,3.492064,2.481369,5.857143,2.1087920000000002,8.096774,1.314605,12,4,1,3.625,2.636591,5.875,2.225222,8.34375,0.745281,3.354839,2.345896,5.83871,2.018197,7.833333,1.703614
Nektar,5.777778,1.441823,3.296875,2.179848,2.951613,2.183601,16,6,2,5.90625,1.467044,3.69697,2.364911,3.03125,2.402745,5.645161,1.427081,2.870968,1.910357,2.866667,1.96053
Nigger,2.873016,2.648749,7.253968,2.192129,4.467742,2.732427,15,6,2,2.9375,2.816283,7.0625,2.408821,4.774194,2.654677,2.806452,2.508909,7.451613,1.963648,4.16129,2.817762
Nippel,5.603175,2.275676,6.571429,2.13809,1.887097,1.344141,18,6,2,4.606061,1.935513,5.53125,2.214095,2.09375,1.633508,6.7,2.1359,7.645161,1.427081,1.666667,0.922266
Not,3.5625,2.308542,5.666667,2.663977,7.365079,1.928576,10,3,1,3.515152,2.501515,5.9375,2.675305,7.40625,2.061308,3.612903,2.124106,5.387097,2.666801,7.322581,1.814517
Notar,4.746032,1.25683,2.5,2.054583,3.777778,2.773402,13,5,2,5.0625,1.162242,2.548387,2.350017,3.4375,2.638884,4.419355,1.285151,2.451613,1.748117,4.129032,2.906796
Notiz,5.015625,0.983873,2.492064,1.916592,4.015873,2.580898,13,5,2,5.030303,0.951474,2.3125,2.038936,3.96875,2.608725,5,1.032796,2.677419,1.796053,4.064516,2.594038
Nutte,3.476191,2.595636,6.539683,2.347445,4,2.540003,16,5,2,3.125,2.446195,5.69697,2.506053,4.40625,2.588553,3.83871,2.733701,7.466667,1.775957,3.580645,2.460003
Nutzen,5.301587,1.303035,2.671875,1.799953,6.709677,2.458756,11,6,2,5.25,1.163975,2.757576,1.785887,6.75,2.382734,5.354839,1.45025,2.580645,1.839822,6.666667,2.577533
Obdach,5.25,1.727463,3.4375,2.084524,4.33871,2.521667,15,6,2,5.151515,1.41689,3.212121,1.96465,4.875,2.310565,5.354839,2.025642,3.677419,2.211894,3.766667,2.64814
Obhut,5.703125,1.677864,3.421875,2.014272,5.952381,2.471963,13,5,2,5.545455,1.73369,3.636364,1.867789,6.1875,2.361485,5.870968,1.627717,3.193548,2.166708,5.709677,2.597352
Ofen,5.171875,1.538446,3.532258,2.365862,1.532258,0.843835,12,4,2,5.212121,1.363763,3.4375,2.422176,1.5,0.879883,5.129032,1.727077,3.633333,2.341284,1.566667,0.8172
Opfer,3,2.469165,6.428571,2.298066,4.968254,2.614897,8,5,2,3.0625,2.601953,6.575758,2.305297,5.34375,2.44434,2.935484,2.365523,6.266667,2.318343,4.580645,2.766155
Ordner,5.171875,1.032099,2.196721,1.777823,2.380952,2.330918,13,6,2,5.060606,0.933387,2.419355,2.247579,1.6875,1.57475,5.290323,1.131181,1.966667,1.098065,3.096774,2.761097
Ordnung,5.625,1.768328,3.484375,2.16019,6.241936,2.61575,10,7,2,5.606061,1.638204,3.757576,2.586386,6.65625,2.509458,5.645161,1.924377,3.193548,1.579438,5.8,2.696102
Organ,5.0625,1.446122,3.983607,2.179387,2.301587,1.592674,12,5,2,5.242424,1.323591,3.870968,2.140747,2.25,1.586231,4.870968,1.565076,4.1,2.249138,2.354839,1.623749
Orgie,5.126984,1.879362,7.112903,2.150904,5.031746,2.627204,15,5,2,4.625,1.827214,6.16129,2.570302,5.75,2.286002,5.645161,1.817478,8.064516,0.963863,4.290323,2.783206
Paar,6.492064,2.256696,5.095238,2.374015,4.174603,2.768135,10,4,1,6.515152,2.526376,5.515152,2.306529,3.46875,2.382522,6.466667,1.96053,4.633333,2.399473,4.903226,2.981664
Paarung,6.096774,1.375544,5.936508,2.347772,5.587302,2.721687,15,7,2,5.90625,1.376282,5.878788,2.433588,6.125,2.536826,6.3,1.368362,6,2.289406,5.032258,2.834124
Packung,4.953125,0.602368,2.203125,1.756437,2.111111,1.68591,14,7,2,4.939394,0.704423,2.181818,1.827815,2,1.107161,4.967742,0.481932,2.225807,1.707038,2.225807,2.140244
Paddel,5.515625,1.023412,2.131148,1.596615,1.539683,1.242077,17,6,2,5.363636,1.025249,2.290323,1.986514,1.65625,1.598576,5.677419,1.012821,1.966667,1.0662,1.419355,0.719916
Paket,5.484375,1.297032,2.650794,2.056922,1.83871,1.427982,11,5,2,5.333333,1.428869,2.96875,2.558785,1.84375,1.461536,5.645161,1.141589,2.322581,1.326326,1.833333,1.416244
Palast,5.777778,1.987416,4.274194,2.548991,2.419355,2.108129,11,6,2,5.787879,1.763476,4.4375,2.66322,2.21875,2.090445,5.766667,2.238893,4.1,2.454412,2.633333,2.141275
Panik,3.015873,2.399543,6.650794,2.390564,7.758065,1.585648,11,5,2,3.09375,2.692395,6.606061,2.6213,8.1875,0.820602,2.935484,2.096592,6.7,2.151984,7.3,2.036732
Papier,5.34375,0.801165,2.387097,1.876121,1.655738,0.854113,9,6,2,5.212121,0.649883,2.4375,2.108929,1.71875,0.991394,5.483871,0.926318,2.333333,1.625939,1.586207,0.682288
Parfüm,6.380952,2.2028470000000002,4.952381,2.310066,2.774194,2.228131,14,6,2,6.393939,2.235221,4.96875,2.546147,3.125,2.756225,6.366667,2.204749,4.935484,2.080633,2.4,1.428769
Party,6.460318,2.487552,6.0625,2.273903,4.746032,2.657723,11,5,2,6.181818,2.530496,5.787879,2.631036,5.125,2.599628,6.766667,2.445028,6.354839,1.817478,4.354839,2.702448
Pech,3.609375,2.135246,5.015873,2.338266,7.290323,2.511528,11,4,1,3.515152,2.29294,5.030303,2.417189,7.78125,2.043627,3.709677,1.986514,5,2.289406,6.766667,2.872982
Pein,3.444444,2.421528,5.761905,2.353544,7.887097,1.548186,14,4,1,3.53125,2.602534,5.606061,2.384054,8.21875,0.79248,3.354839,2.259032,5.933333,2.347902,7.533333,2.029665
Pendel,4.96875,1.083333,3.111111,2.032884,1.857143,1.412583,15,6,2,4.969697,1.31065,3.71875,2.26095,1.84375,1.505032,4.967742,0.795147,2.483871,1.567822,1.870968,1.335214
Penis,5.095238,1.811382,7.142857,2.077973,1.31746,0.643213,14,5,2,4.8125,1.749424,6.71875,2.203141,1.40625,0.797552,5.387097,1.856115,7.580645,1.875708,1.225807,0.425024
Penner,3.609375,2.286032,6.047619,2.253518,4.285714,2.549058,14,6,2,3.575758,2.291701,5.939394,2.060634,4.59375,2.734008,3.645161,2.317303,6.166667,2.478644,3.967742,2.344979
Perle,6.380952,2.260663,5.190476,2.468231,2.032258,1.783051,13,5,2,6.3125,2.263846,5,2.462215,1.78125,1.679754,6.451613,2.292578,5.4,2.499655,2.3,1.878187
Pest,2.904762,2.860827,6.84127,2.171712,4.612903,2.932882,13,4,1,2.96875,2.999832,6.65625,2.350146,5.375,2.882092,2.83871,2.75798,7.032258,1.991379,3.8,2.808853
Petze,3.453125,2.302033,5.126984,2.504783,6.419355,2.287159,18,5,2,3.454546,2.526001,5,2.590305,6.59375,1.932062,3.451613,2.079082,5.258065,2.449051,6.233333,2.635086
Pfanne,5,1.007905,2.258065,1.801052,1.253968,0.594823,14,6,2,4.666667,0.989529,2.34375,2.103904,1.15625,0.447889,5.354839,0.914636,2.166667,1.440386,1.354839,0.709384
Pflege,5.873016,1.827144,3.888889,2.222401,6.516129,2.420825,11,6,2,6,1.802776,3.6875,2.070336,6.677419,2.300538,5.733333,1.874205,4.096774,2.38544,6.354839,2.56318
Pfusch,3.222222,2.405937,5.578125,2.328599,6.403226,2.336171,15,6,1,3.4375,2.487874,5.090909,2.350048,6.6875,2.070336,3,2.33809,6.096774,2.22643,6.1,2.591099
Phase,5.015625,0.934221,2.193548,1.77264,6.714286,2.458878,10,5,2,5.121212,0.992395,2.1875,1.821688,7,2.079082,4.903226,0.870051,2.2,1.749877,6.419355,2.802073
Phobie,3.412698,2.460232,6.15625,2.365216,8,1.471032,17,6,2,3.272727,2.565063,6.454546,2.538342,8.15625,1.483444,3.566667,2.373464,5.83871,2.16174,7.833333,1.464131
Pickel,3.140625,2.266857,5.796875,2.619704,1.904762,1.117519,15,6,2,2.939394,2.486707,5.818182,2.732382,1.875,1.039541,3.354839,2.025642,5.774194,2.539156,1.935484,1.209283
Picknick,6.258065,2.209781,4.671875,2.26817,3.301587,2.387028,14,8,2,6.03125,2.278715,4.848485,2.333469,3.5,2.639648,6.5,2.145565,4.483871,2.219174,3.096774,2.119038
Pimmel,4.063492,2.184055,7.109375,1.968943,1.822581,1.408687,18,6,2,3.625,1.862187,6.727273,2.154541,2.125,1.699146,4.516129,2.420344,7.516129,1.690581,1.5,0.937716
Pisse,3.190476,2.558081,6.885246,2.60831,2.269841,1.667588,18,5,2,3.25,2.735667,6.451613,2.838294,2.5625,2.015064,3.129032,2.404744,7.333333,2.309401,1.967742,1.168585
Pizza,6.380952,1.799898,4.625,2.472066,1.650794,1.493629,13,5,2,5.939394,1.836086,4.363636,2.421495,1.5,1.481063,6.866667,1.655364,4.903226,2.534493,1.806452,1.514802
Plage,3.714286,2.113158,4.578125,2.59306,6.387097,2.588467,14,5,2,3.96875,2.101986,4.333333,2.700309,7.3125,1.63505,3.451613,2.126636,4.83871,2.491275,5.4,3.046762
Plakat,5.142857,0.87726,2.444444,1.924191,2.444444,2.190727,12,6,2,4.909091,0.765002,2.09375,1.889861,2.78125,2.511064,5.4,0.932183,2.806452,1.92214,2.096774,1.776792
Plane,5.063492,0.948224,2.193548,1.677613,2.253968,1.822514,14,5,2,5.121212,0.780928,2.354839,2.074422,2.25,1.951013,5,1.114172,2.032258,1.168585,2.258065,1.71207
Platte,5.109375,0.856667,2.360656,1.844205,2.354839,1.670347,11,6,2,5,0.901388,2.387097,1.926611,2.193548,1.621098,5.225807,0.804557,2.333333,1.787569,2.516129,1.729566
Pleite,3.476191,2.333882,5.078125,2.470812,6.080645,2.777535,11,6,2,3.59375,2.353575,5.212121,2.654684,6.90625,2.454218,3.354839,2.345896,4.935484,2.293985,5.2,2.869579
Pöbel,3.555556,2.108185,5.265625,2.064378,5.112903,2.70461,15,5,2,3.53125,2.15503,5.212121,2.132451,5.40625,2.563508,3.580645,2.094026,5.322581,2.022986,4.8,2.857537
Pocken,3.111111,2.44363,4.333333,2.590305,3.241936,2.337755,15,6,2,3.1875,2.58329,4,2.602728,3.16129,2.437167,3.032258,2.330721,4.677419,2.574064,3.322581,2.271374
Poet,6.142857,2.227809,4.84375,2.262312,5.095238,2.39431,13,4,2,6.393939,2.207082,5,2.150581,5.1875,2.334005,5.866667,2.255007,4.677419,2.399821,5,2.48998
Polyp,4.269841,1.686821,3.031746,2.047566,3.174603,2.275676,18,5,2,4,1.565763,3.46875,2.341551,3.40625,2.51267,4.548387,1.785846,2.580645,1.607777,2.935484,2.015531
Popel,4.015625,1.838669,5.539683,2.319798,1.967742,1.819455,18,5,2,4,2.046338,5.75,2.184993,2.09375,2.005788,4.032258,1.622424,5.322581,2.468294,1.833333,1.620629
Popo,5.765625,1.779443,6,2.323107,1.746032,1.092028,17,4,2,5.272727,1.875379,5.484849,2.399495,1.8125,1.281066,6.290323,1.531743,6.548387,2.142253,1.677419,0.871286
Porno,4.730159,2.560282,7.079365,2.172419,3.460318,2.650778,15,5,2,3.78125,2.351861,6.03125,2.468961,3.15625,2.541391,5.709677,2.424782,8.16129,1.035914,3.774194,2.765377
Pracht,6.147541,2.039903,3.78125,2.235846,6.467742,2.584428,12,6,1,6.40625,2.029768,3.787879,2.088025,7.0625,2.25671,5.862069,2.0480680000000002,3.774194,2.418122,5.833333,2.792642
Prämie,5.920635,2.065864,4.109375,2.594972,5.15873,2.671271,12,6,2,5.636364,1.94965,4.060606,2.703463,5.1875,2.595747,6.233333,2.176415,4.16129,2.517893,5.129032,2.789766
Prärie,5.453125,1.54231,2.741936,2.056063,4.145161,2.91883,15,6,2,5.484849,1.39466,2.677419,2.150769,4.5625,2.861733,5.419355,1.708297,2.806452,1.990299,3.7,2.961244
Produkt,5.140625,0.870453,2.253968,1.645799,4.380952,2.942616,10,7,2,5,1,2.28125,1.818088,4.5625,3.130882,5.290323,0.69251,2.225807,1.476701,4.193548,2.773919
Profi,6.015625,1.91479,3.796875,2.282992,5.920635,2.404979,11,5,2,5.909091,1.809068,3.333333,2.160247,6.625,2.106059,6.129032,2.045188,4.290323,2.340848,5.193548,2.508909
Profit,5.046875,2.096329,3.984375,2.535414,6.467742,2.434168,12,6,2,4.757576,1.936981,3.969697,2.627794,6.875,2.028029,5.354839,2.244228,4,2.476557,6.033333,2.772816
Prospekt,5.031746,0.73984,2.258065,1.782754,3.031746,2.341548,13,8,2,4.84375,0.723316,2.3125,2.278051,3.0625,2.408821,5.225807,0.716923,2.2,1.063501,3,2.309401
Prügel,3.171875,2.193458,6.333333,2.362339,5.047619,2.690656,13,6,2,3.333333,2.300362,6.242424,2.462599,5.3125,2.71718,3,2.097618,6.433333,2.284631,4.774194,2.679673
Puff,3.793651,2.609899,6.3125,2.315407,3.412698,2.575536,15,4,1,3.34375,2.63487,5.454546,2.575011,4.03125,2.72958,4.258065,2.542541,7.225807,1.585553,2.774194,2.276103
Pups,3.873016,2.43954,5.15873,2.528587,3.83871,2.650045,18,4,1,3.5625,2.28512,5.272727,2.52825,4.40625,2.710307,4.193548,2.587397,5.033333,2.566137,3.233333,2.486978
Pussy,4.96875,2.462215,6.68254,2.270607,3.825397,2.691322,17,5,2,4.363636,2.162438,5.84375,2.464056,3.96875,2.776449,5.612903,2.629036,7.548387,1.689945,3.677419,2.638018
Quadrat,5.15625,0.478714,2.147541,2.080353,3.16129,2.662389,14,7,2,5.212121,0.599874,1.967742,2.073385,2.71875,2.426126,5.096774,0.300537,2.333333,2.106367,3.633333,2.858542
Qual,3.290323,2.694178,5.730159,2.665226,7.435484,2.021369,13,4,1,3.3125,2.867364,6.03125,2.520681,7.9375,1.268413,3.266667,2.545223,5.419355,2.813944,6.9,2.50998
Quartier,5.015625,0.934221,2.349206,1.705387,4.253968,2.822538,12,8,2,4.939394,0.863836,2.3125,1.958233,4.40625,2.815388,5.096774,1.011759,2.387097,1.430091,4.096774,2.867692
Rache,3.587302,2.387028,6.984127,2.253972,7.548387,2.085684,11,5,2,3.5,2.341767,6.454546,2.412091,8.09375,1.173893,3.677419,2.468294,7.566667,1.941974,6.966667,2.645534
Rächer,3.825397,2.098692,5.84127,2.40434,6.081967,2.465056,14,6,2,3.34375,1.789023,5.727273,2.465673,6.59375,1.965171,4.322581,2.300538,5.966667,2.370557,5.517241,2.848818
Rampe,4.65625,1.347764,2.354839,1.699535,2.467742,1.67643,13,5,2,4.818182,1.044466,2.451613,2.126636,2.3125,1.595103,4.483871,1.609782,2.258065,1.153769,2.633333,1.771096
Raps,5.238095,1.146021,2.491803,1.83142,2.322581,2.01449,14,4,1,5.09375,1.058282,2.741936,2.159749,2.25,2.09454,5.387097,1.229564,2.233333,1.406471,2.4,1.958184
Rasen,5.53125,1.379772,2.540984,1.648977,2.222222,2.097959,11,5,2,5.363636,1.577541,2.387097,1.542237,2.25,2.214323,5.709677,1.131181,2.7,1.764594,2.193548,2.006977
Rassist,2.634921,2.665803,7.484375,2.225339,5.33871,2.751712,15,7,2,2.78125,2.926347,7.030303,2.579787,6.09375,2.441039,2.483871,2.406532,7.967742,1.682931,4.533333,2.873582
Rasur,5.53125,1.500992,4.234375,2.55568,3.603175,2.51152,17,5,2,5.212121,1.268798,3.969697,2.404226,4.3125,2.752565,5.870968,1.668171,4.516129,2.718713,2.870968,2.028825
Ratte,4.03125,2.13042,5.098361,2.501366,1.295082,0.66694,14,5,2,4.151515,2.166812,4.870968,2.837157,1.322581,0.747757,3.903226,2.119038,5.333333,2.122675,1.266667,0.583292
Raub,3.171875,2.573088,5.796875,2.476427,5.333333,2.70006,12,4,1,3.272727,2.61334,5.939394,2.397126,5.71875,2.452574,3.064516,2.568209,5.645161,2.5890590000000002,4.935484,2.920451
Räuber,3.555556,2.441429,5.671875,2.343886,3.444444,2.277363,11,6,2,3.71875,2.517479,5.818182,2.615513,3.5625,2.18407,3.387097,2.389943,5.516129,2.04729,3.322581,2.399821
Rechner,5.328125,1.414827,2.596774,2.161206,2.222222,1.708087,11,7,2,4.969697,1.07485,2.16129,2.018197,2.3125,1.839311,5.709677,1.636939,3.032258,2.24327,2.129032,1.586231
Regal,4.984375,0.487696,1.934426,1.641837,1.492064,1.07573,13,5,2,5,0.612372,2.3,2.151984,1.375,0.906962,4.967742,0.314523,1.580645,0.807225,1.612903,1.229564
Reichtum,6,2.132695,4.904762,2.460752,6.774194,2.524758,11,8,2,5.939394,2.304064,4.625,2.498387,7.3125,2.023053,6.066667,1.964045,5.193548,2.427885,6.2,2.893512
Reife,5.859375,1.909601,4.555556,2.48075,7.451613,1.96425,13,5,2,5.69697,1.960307,4.545455,2.412091,7.6875,1.654661,6.032258,1.870541,4.566667,2.595531,7.2,2.249904
Reifung,6.080645,1.560773,3.46875,2.189214,7.741936,1.745584,16,7,2,6.03125,1.596051,3.515152,2.360101,7.6875,1.839311,6.133333,1.547709,3.419355,2.029355,7.8,1.669194
Reise,6.548387,2.427151,5.596774,2.595454,5.52381,2.576927,9,5,2,6.46875,2.462419,5.818182,2.615513,6.1875,2.191442,6.633333,2.428045,5.344828,2.594993,4.83871,2.794003
Reiz,6.047619,1.790914,5.90625,2.244703,7.290323,2.168229,11,4,1,5.878788,1.883441,5.878788,2.509452,7.5,2.140244,6.233333,1.695498,5.935484,1.96529,7.066667,2.211776
Rekord,6.109375,2.00093,4.25,2.690371,6.193548,2.774821,11,6,2,5.787879,1.89996,4.030303,2.615875,6.78125,2.561934,6.451613,2.079082,4.483871,2.791308,5.566667,2.896887
Reptil,4.75,1.414214,3.640625,2.228012,2.241936,1.585648,16,6,2,4.454546,1.582935,3.787879,2.484421,2.15625,1.37041,5.064516,1.152837,3.483871,1.947151,2.333333,1.806756
Ressort,5.25,0.92582,2.196721,1.720656,5.645161,2.931439,10,7,2,5.212121,0.992395,2.354839,2.042032,5.96875,2.788043,5.290323,0.86385,2.033333,1.325697,5.3,3.086679
Retter,6.396825,2.268577,5.142857,2.583179,4.650794,2.502636,12,6,2,6.393939,2.423058,5.060606,2.737921,4.78125,2.432765,6.4,2.127002,5.233333,2.445028,4.516129,2.606031
Rettung,6.234375,2.06053,5.619048,2.497925,6.5,2.447816,10,7,2,6.242424,2.236491,5.787879,2.631036,6.354839,2.456941,6.225807,1.892259,5.433333,2.373464,6.645161,2.470471
Riegel,4.984375,1.147699,2.387097,1.858563,2.301587,1.810676,13,6,2,5.090909,1.182255,2.25,1.951013,2.1875,1.856766,4.870968,1.117794,2.533333,1.775957,2.419355,1.784642
Röhre,4.640625,1.103633,2.5625,2.014826,2.793651,2.208187,13,5,2,4.484849,1.325736,3,2.345208,2.875,2.254029,4.806452,0.792437,2.096774,1.491193,2.709677,2.193833
Roman,5.492064,1.924989,3.698413,2.076248,3.322581,2.714709,9,5,2,5.46875,2.124881,3.8125,2.249552,3.8125,2.988553,5.516129,1.729566,3.580645,1.910919,2.8,2.325273
Rose,6.403226,2.176323,4.78125,2.528999,1.349206,0.626272,12,4,2,6.34375,2.404423,4.757576,2.692934,1.28125,0.581121,6.466667,1.942862,4.806452,2.386341,1.419355,0.672022
Rotz,3.53125,2.260557,5.265625,2.331579,3.741936,2.810609,17,4,1,3.424242,2.500379,5.454546,2.00142,3.774194,2.801305,3.645161,2.009119,5.064516,2.657511,3.709677,2.865816
Ruder,5.359375,1.089156,2.409836,1.935433,1.507937,1.029767,13,5,2,5.424242,0.969223,2.5,2.271847,1.4375,0.800705,5.290323,1.216376,2.310345,1.5143,1.580645,1.232185
Ruhe,6.46875,2.189214,3.90625,2.561738,7.629032,1.960544,9,4,2,6.363636,2.369311,4.121212,2.521874,7.9375,1.79493,6.580645,2.012862,3.677419,2.625352,7.3,2.103364
Ruhm,6.238095,2.234006,5.203125,2.437665,8.193548,1.291063,11,4,1,6.1875,2.249552,4.818182,2.57942,8.3125,1.029798,6.290323,2.25379,5.612903,2.246144,8.066667,1.529781
Rührung,5.9375,2.099698,5.578125,2.402411,7.306452,2.037265,13,7,2,6.030303,2.053729,5.878788,2.459136,7.96875,1.092035,5.83871,2.177105,5.258065,2.337631,6.6,2.540703
Ruin,3.095238,2.674336,5.031746,2.602531,6.870968,2.357297,13,4,2,3.3125,2.912016,5.15625,2.760427,7.71875,1.549909,2.870968,2.432309,4.903226,2.467858,5.966667,2.735253
Rülpser,3.84375,1.89585,5.84375,2.418308,4.33871,2.95842,18,7,2,3.727273,1.858641,5.484849,2.647183,4.83871,3.110164,3.967742,1.957615,6.225807,2.124613,3.83871,2.75798
Rüpel,3.859375,1.892904,4.984375,2.2431,5.253968,2.663785,16,5,2,4,2,4.575758,2.194173,5.46875,2.4228,3.709677,1.792457,5.419355,2.247579,5.032258,2.915292
Saal,5.171875,0.918154,2.603175,2.090992,2.428571,2.005752,10,4,1,5.121212,1.023401,2.65625,2.164365,2.46875,2.184762,5.225807,0.804557,2.548387,2.046765,2.387097,1.838068
Sadist,3.174603,2.492179,6.703125,1.908042,5.786885,2.751453,17,6,2,3.28125,2.761888,6.424242,2.016034,5.806452,2.613036,3.064516,2.220142,7,1.770122,5.766667,2.93238
Sahne,5.96875,1.763553,3.5625,2.474473,1.725807,1.230345,14,5,2,6.030303,1.862204,3.69697,2.53087,1.870968,1.477429,5.903226,1.680374,3.419355,2.446415,1.580645,0.922829
Salbung,5.328125,1.533278,3.953125,2.602988,5.857143,2.798947,17,7,2,5.575758,1.323591,4.060606,2.645035,6.375,2.511265,5.064516,1.711442,3.83871,2.59611,5.322581,3.015373
Sammler,5.328125,1.285508,2.571429,1.73869,4.492064,2.583278,11,7,2,5.424242,1.225518,2.875,2.01206,4.46875,2.577626,5.225807,1.359159,2.258065,1.365473,4.516129,2.631488
Sand,6.333333,1.892259,3.234375,2.518139,1.984127,1.83595,10,4,1,6.25,1.900764,3.515152,2.762712,2.03125,1.840133,6.419355,1.910919,2.935484,2.235106,1.935484,1.860743
Sänger,6.253968,2.094295,4.412698,2.359845,3.096774,2.117141,10,6,2,6.363636,2.288807,4.71875,2.358709,3.354839,2.229326,6.133333,1.888866,4.096774,2.357327,2.83871,2.001612
Saphir,5.934426,1.948237,4.238095,2.421105,2.269841,2.009705,17,6,2,5.875,2.239672,4.515152,2.563216,2.28125,2.158769,6,1.603568,3.933333,2.258064,2.258065,1.879144
Sarg,3.612903,2.657219,6.03125,2.594064,1.774194,1.151184,12,4,1,3.375,2.709005,6.121212,2.78116,1.6875,1.176038,3.866667,2.622625,5.935484,2.421232,1.866667,1.136642
Satan,3.507937,2.651068,6.5625,2.382975,6.145161,2.968947,13,5,2,3.53125,2.81682,6.30303,2.31145,6.3125,2.632765,3.483871,2.514902,6.83871,2.46437,5.966667,3.326833
Satin,6.016129,1.824172,4.4375,2.487269,2.603175,2.159299,16,5,2,6.212121,1.727671,4.424242,2.487849,2.46875,2.15503,5.793103,1.934265,4.451613,2.527696,2.741936,2.190399
Satz,5.15625,0.739342,2.080645,1.767636,4.935484,3.018364,9,4,1,5.121212,0.857233,2.25,2.032002,5.40625,2.894482,5.193548,0.601074,1.9,1.446756,4.433333,3.114851
Sau,3.68254,1.776417,6.421875,2.216852,1.596774,1.273432,13,3,1,3.71875,1.689329,5.787879,2.368512,1.548387,1.178663,3.645161,1.889416,7.096774,1.850312,1.645161,1.379575
Säufer,3.3125,2.46805,6.578125,2.266419,4.206349,2.634503,15,6,2,3.424242,2.669624,6.333333,2.419539,4.96875,2.705841,3.193548,2.271847,6.83871,2.099155,3.419355,2.349102
Säule,5.25,1.007905,2.396825,1.947204,2.015873,1.679978,12,5,2,5.393939,1.028937,2.5625,2.108929,2.1875,2.101267,5.096774,0.978258,2.225807,1.783436,1.83871,1.098386
Sauna,6.15873,1.868295,5.714286,2.372073,2.031746,1.513043,12,5,2,5.96875,1.975403,5.212121,2.287979,2.0625,1.389767,6.354839,1.761598,6.266667,2.377094,2,1.65328
Schabe,3.619048,1.962787,4.15625,2.583333,1.822581,1.016651,18,6,2,3.5,2.140244,4.515152,2.829766,1.84375,1.167003,3.741936,1.788253,3.774194,2.276103,1.8,0.846901
Schaf,5.375,1.133893,2.666667,2.032002,1.412698,0.815869,13,5,1,5.242424,1.173411,2.757576,2.062012,1.46875,0.91526,5.516129,1.091512,2.566667,2.028815,1.354839,0.709384
Schal,5.203125,1.544881,2.507937,1.990891,1.634921,1.248245,13,5,1,5.090909,1.486683,2.53125,2.094299,1.8125,1.533234,5.322581,1.620434,2.483871,1.912607,1.451613,0.850047
Schale,5.15873,0.936816,2.672131,1.989316,1.854839,1.597609,13,6,2,5.15625,1.080901,2.548387,2.218689,1.78125,1.475267,5.16129,0.77875,2.8,1.749877,1.933333,1.740657
Schalk,5.09375,1.508902,3.796875,2.139424,6.435484,2.379013,15,6,1,5.363636,1.557606,3.848485,2.306529,6.96875,1.874866,4.806452,1.424064,3.741936,1.982721,5.866667,2.738403
Schalter,5.015625,0.723576,1.868853,1.596615,1.968254,1.523666,13,8,2,4.909091,0.879049,2.225807,2.044663,2.09375,1.691714,5.129032,0.499462,1.5,0.820008,1.83871,1.344043
Schande,3.52381,2.374985,5.390625,2.32049,7.096774,2.526643,12,7,2,3.875,2.472429,5.060606,2.410127,7.90625,1.672537,3.16129,2.252358,5.741936,2.205565,6.233333,2.990598
Schatz,6.629032,2.536513,5.53125,2.563286,4.634921,2.908839,12,6,1,6.28125,2.831099,5.878788,2.701361,4.96875,3.146779,7,2.165561,5.16129,2.395785,4.290323,2.648189
Schaufel,4.984375,0.629744,2.403226,1.68367,1.507937,1.189646,14,8,2,5.030303,0.529437,2.4375,1.949979,1.5625,1.366359,4.935484,0.727346,2.366667,1.376736,1.451613,0.994609
Schaum,5.634921,1.46245,3.703125,2.440919,2.285714,1.63064,14,6,1,5.484849,1.438776,3.727273,2.589314,2.40625,2.029768,5.8,1.494819,3.677419,2.314982,2.16129,1.098386
Scheide,5.359375,1.820232,6.968254,1.777714,1.790323,1.392452,15,7,2,4.969697,1.722731,6.40625,2.076899,1.8125,1.595103,5.774194,1.856694,7.548387,1.178663,1.766667,1.165106
Scheisse,3.396825,2.426598,6.25,2.636737,3,2.268819,13,8,2,3.5,2.475688,6.393939,2.524126,3.15625,2.411122,3.290323,2.410996,6.096774,2.785137,2.833333,2.134824
Schema,4.984375,1.031137,2.065574,2.023766,6.516129,2.590917,13,6,2,5.060606,0.899284,2.129032,2.291171,6.875,2.282472,4.903226,1.164899,2,1.741977,6.133333,2.873582
Schenkel,5.984375,1.3742780000000001,5.396825,2.599874,1.920635,1.298903,14,8,2,5.515152,1.349102,4.878788,2.459136,1.75,0.950382,6.483871,1.2348,5.966667,2.671476,2.096774,1.578076
Schere,4.984375,0.723576,2.209677,1.579968,1.31746,1.089916,13,6,2,5.060606,0.658568,2.193548,1.701359,1.40625,1.433682,4.903226,0.789719,2.225807,1.476701,1.225807,0.560338
Scherz,6.380952,2.210157,5.015625,2.104358,6.596774,2.183843,12,6,1,6.212121,2.355281,4.939394,2.192878,6.90625,2.005788,6.566667,2.062528,5.096774,2.03887,6.266667,2.347902
Scheusal,2.984127,2.679023,5.809524,2.415389,6.854839,2.253207,16,8,2,3.121212,2.78116,5.69697,2.455668,7.40625,1.562863,2.833333,2.60084,5.933333,2.405931,6.266667,2.715642
Schiene,4.875,1.015749,2.459016,2.094228,2.064516,1.998942,12,7,2,4.757576,0.969223,2.580645,2.30614,2.15625,2.244842,5,1.064581,2.333333,1.88155,1.966667,1.731719
Schiff,5.453125,1.457653,2.854839,1.973985,1.492064,0.913572,10,6,1,5.454546,1.641092,2.75,2.125119,1.40625,0.874712,5.451613,1.260654,2.966667,1.828573,1.580645,0.958269
Schilf,5.349206,1.233389,2.587302,1.980835,1.564516,1.018211,14,6,1,5.4375,1.293595,2.6875,2.334005,1.40625,0.712079,5.258065,1.182307,2.483871,1.567822,1.733333,1.25762
Schimmel,3.587302,2.56298,4.28125,2.278044,3.032258,2.217425,13,8,2,3.78125,2.6364,4.454546,2.386039,3.03125,2.221368,3.387097,2.512335,4.096774,2.181052,3.033333,2.251181
Schinken,5.359375,1.703099,3.539683,2.270607,1.349206,0.743981,13,8,2,5.181818,1.648002,3.53125,2.409449,1.375,0.906962,5.548387,1.767083,3.548387,2.157757,1.322581,0.540808
Schirm,5.25,0.992032,2.333333,1.934408,1.5,1.020286,13,6,1,5.272727,0.977008,2.125,1.862187,1.40625,0.756024,5.225807,1.023383,2.548387,2.01393,1.6,1.248447
Schiss,3.428571,2.248399,5.809524,2.551768,6.333333,2.805525,18,6,1,3.393939,2.26301,5.515152,2.807593,7.3125,2.038936,3.466667,2.270247,6.133333,2.239663,5.322581,3.14523
Schlacht,3.625,2.089277,6.539683,2.374769,5.193548,2.660203,11,8,1,3.545455,2.093008,6.333333,2.520747,5.6875,2.442071,3.709677,2.116499,6.766667,2.223438,4.666667,2.820288
Schlaf,6.619048,2.497925,4.875,2.400397,4.539683,2.83313,11,6,1,6.484849,2.623466,5,2.20794,5.15625,2.725144,6.766667,2.387949,4.741936,2.620022,3.903226,2.844349
Schläger,3.109375,2.289501,6.587302,2.297509,3.888889,2.521591,12,8,2,3.272727,2.267608,6.333333,2.581989,3.9375,2.577039,2.935484,2.33717,6.866667,1.942862,3.83871,2.504619
Schlampe,3.52381,2.435339,6.920635,1.903321,4.603175,2.727043,16,8,2,3.375,2.524078,6.46875,2.078839,5.4375,2.687336,3.677419,2.371878,7.387097,1.605769,3.741936,2.529397
Schlaufe,4.9375,0.923675,2.444444,2.077357,2.5,1.914141,17,8,2,4.757576,0.791766,2.363636,2.11864,2.4375,1.882646,5.129032,1.024433,2.533333,2.063364,2.566667,1.977169
Schleim,3.666667,2.257604,5.5,2.794553,2.580645,1.937959,15,7,1,3.484849,2.360101,5.606061,2.749311,2.8125,2.191442,3.866667,2.161311,5.387097,2.883024,2.333333,1.625939
Schlips,5.015625,0.806564,2.888889,2.342532,1.746032,1.413852,14,7,1,4.969697,0.809508,2.65625,2.237645,1.84375,1.608634,5.064516,0.813859,3.129032,2.459566,1.645161,1.198566
Schlund,4,1.840407,4.714286,2.458878,4.206349,2.591293,15,7,1,3.787879,1.866775,4.666667,2.594064,3.96875,2.468961,4.233333,1.813424,4.766667,2.344227,4.451613,2.730552
Schmaus,5.873016,1.717951,5.03125,2.538396,4.619048,2.599185,16,7,1,5.78125,1.773176,5.181818,2.697853,5.0625,2.589526,5.967742,1.682931,4.870968,2.390843,4.16129,2.570302
Schmerz,3.546875,2.455507,6.539683,2.138928,7.33871,2.304262,11,7,1,3.69697,2.67494,6.727273,2.110579,8.09375,1.422387,3.387097,2.231254,6.333333,2.186689,6.533333,2.775923
Schmuck,6,1.745743,3.857143,2.313057,2.145161,1.566523,11,7,1,6.212121,1.916337,4.09375,2.262733,2.28125,1.764057,5.774194,1.542934,3.612903,2.375955,2,1.339068
Schmutz,3.650794,2.009323,4.328125,2.25413,3.507937,2.428812,13,7,1,3.875,2.181299,4.272727,2.253785,3.71875,2.690897,3.419355,1.821615,4.387097,2.290232,3.290323,2.147767
Schnauze,3.650794,2.148959,5.31746,2.454919,3.238095,2.480337,14,8,2,3.84375,2.171804,5,2.397916,3.34375,2.509458,3.451613,2.142253,5.666667,2.509751,3.129032,2.486523
Schnee,5.951613,2.091571,3.984127,2.399543,1.580645,1.194913,10,6,1,5.6875,2.235166,4.25,2.382734,1.53125,0.949851,6.233333,1.924136,3.709677,2.424782,1.633333,1.42595
Schnitt,5.109375,0.993905,2.952381,1.987287,3.952381,2.399117,10,7,1,5.060606,0.863836,3,1.967478,4,2.514474,5.16129,1.128325,2.903226,2.03887,3.903226,2.314517
Schnösel,3.46875,2.260557,4.859375,2.422561,5.873016,2.43954,16,8,2,3.424242,2.424231,4.787879,2.471811,6.21875,2.21045,3.516129,2.111413,4.935484,2.407426,5.516129,2.644125
Schnur,4.90625,0.683566,2.145161,1.667891,1.790323,1.202962,13,6,1,5,0.612372,2.354839,2.090429,1.8125,1.306004,4.806452,0.749193,1.935484,1.09348,1.766667,1.104328
Schock,3.59375,2.209063,6.933333,2.032504,7.225807,1.936867,11,6,1,3.575758,2.411305,6.266667,2.504249,7.6875,1.330474,3.612903,2.011259,7.6,1.101723,6.733333,2.347902
Schrank,5.015625,0.487696,2.229508,1.994939,1.31746,0.643213,12,7,1,4.969697,0.636634,2.516129,2.378669,1.34375,0.700662,5.064516,0.249731,1.933333,1.484014,1.290323,0.588419
Schreck,3.90625,2.272812,5.730159,2.528587,7.555556,1.682718,13,7,1,3.787879,2.394754,5.69697,2.555446,7.75,1.319824,4.032258,2.1677,5.766667,2.541834,7.354839,1.992459
Schrei,3.761905,2.069083,6.68254,1.907755,5.548387,2.820751,12,6,1,3.606061,2.290461,6.666667,2.041242,6.40625,2.637929,3.933333,1.818171,6.7,1.784029,4.633333,2.760352
Schrift,5.375,1.676163,2.746032,2.094295,4.396825,3.018971,11,7,1,5.484849,1.622521,2.59375,2.045599,4.5,3.090047,5.258065,1.750576,2.903226,2.165715,4.290323,2.991026
Schuft,3.796875,1.961371,4.951613,2.537763,5.387097,2.70006,15,6,1,3.969697,2.038456,4.8125,2.66927,5.645161,2.443336,3.612903,1.891691,5.1,2.426151,5.129032,2.952309
Schuh,5.375,1.558387,2.734375,2.169355,1.31746,0.779276,12,5,1,5.212121,1.53618,2.909091,2.441358,1.21875,0.490844,5.548387,1.588263,2.548387,1.859009,1.419355,0.992445
Schuld,3.793651,2.163918,5.5,2.13809,7.677419,2.11764,9,6,1,3.8125,2.361485,5.242424,2.106987,8.0625,1.66438,3.774194,1.978378,5.774194,2.17117,7.266667,2.476557
Schulden,3.15625,2.43792,4.968254,2.468957,5.746032,2.633336,10,8,2,3.545455,2.658605,4.606061,2.474108,6.53125,2.109646,2.741936,2.14426,5.366667,2.442206,4.935484,2.897533
Schulter,5.28125,1.24044,2.984375,2.134317,1.516129,0.804535,11,8,2,5.363636,1.220097,2.848485,2.063389,1.625,0.870669,5.193548,1.275914,3.129032,2.232218,1.4,0.723974
Schurke,3.796875,2.276029,4.968254,2.382519,5,2.608918,15,7,2,3.878788,2.218637,4.454546,2.476021,5.53125,2.577626,3.709677,2.369157,5.533333,2.177207,4.451613,2.566953
Schüssel,5.1875,0.906327,1.951613,1.273017,1.269841,0.601245,12,8,2,5.242424,0.902438,2.09375,1.531589,1.25,0.508001,5.129032,0.921663,1.8,0.924755,1.290323,0.69251
Schutz,6.111111,2.064376,4.21875,2.346688,7.225807,2.1533,9,6,1,6.09375,2.021807,4.090909,2.578319,7.96875,1.092035,6.129032,2.140747,4.354839,2.106314,6.433333,2.68692
Schwamm,5.031746,1.031258,2.4,2.140806,1.761905,1.227564,14,7,1,5.030303,0.951474,2.433333,2.430884,1.65625,1.095721,5.033333,1.129032,2.366667,1.847334,1.870968,1.359949
Schwanz,4.396825,1.996284,6.587302,2.339251,1.920635,1.440224,13,7,1,3.96875,1.85758,5.875,2.624328,2,1.414214,4.83871,2.067152,7.322581,1.758543,1.83871,1.485413
Schwarm,6.354839,1.967746,5.396825,2.618419,5.564516,2.87796,14,7,1,6.53125,2.15503,5.818182,2.567277,6.65625,2.509458,6.166667,1.763291,4.933333,2.638356,4.4,2.823546
Schweiss,3.90625,2.158179,5.453125,2.487618,3.096774,2.295467,12,7,1,3.757576,2.449876,5.727273,2.375299,3.322581,2.561082,4.064516,1.824564,5.16129,2.608918,2.870968,2.012328
Schwinge,4.953125,0.998883,2.571429,1.881268,4.580645,2.939546,16,8,2,5,1.172604,2.71875,2.128673,5,2.940266,4.903226,0.789719,2.419355,1.607777,4.133333,2.921187
Schwuler,4.78125,1.704045,5.793651,2.308181,4.428571,2.525447,16,8,2,4.727273,1.682125,5.484849,2.223753,4.28125,2.47874,4.83871,1.753031,6.133333,2.388671,4.580645,2.604793
Schwung,5.78125,1.558069,4.419355,2.315652,6.396825,2.399864,11,7,1,5.787879,1.81586,4.4375,2.227938,6.53125,2.539804,5.774194,1.257237,4.4,2.443852,6.258065,2.279879
Schwur,5.671875,1.604109,4.40625,2.258801,7.048387,2.183601,13,6,1,5.606061,1.539874,4.151515,2.181187,7.53125,1.606125,5.741936,1.692488,4.677419,2.343603,6.533333,2.596195
Seele,6.349206,2.280059,5.725807,2.561822,8.209677,1.670742,9,5,2,6.272727,2.52825,5.5625,2.770088,8.59375,0.837021,6.433333,2.011747,5.9,2.354013,7.8,2.18774
Segen,5.984127,1.913383,3.890625,2.310206,7.370968,2.105682,11,5,2,6.272727,1.908414,4.212121,2.433588,7.84375,1.37041,5.666667,1.899788,3.548387,2.157757,6.866667,2.609444
Segnung,5.809524,2.161669,3.796875,2.476427,7.435484,2.013243,16,7,2,6.030303,2.053729,3.606061,2.524126,7.46875,1.813647,5.566667,2.284631,4,2.44949,7.4,2.23761
Seide,5.921875,1.84567,3.71875,2.353442,2.483871,2.200908,13,5,2,6.151515,1.822108,3.969697,2.567645,2.65625,2.417802,5.677419,1.868816,3.451613,2.110904,2.3,1.967845
Seil,4.984375,0.806564,2.677419,1.888483,1.476191,1.229439,13,4,1,4.939394,0.933387,2.806452,2.0562,1.4375,1.162242,5.032258,0.657463,2.548387,1.728944,1.516129,1.31329
Sekt,5.634921,1.798759,4.774194,2.607803,2.032787,1.622418,12,4,1,5.333333,1.963203,4.71875,2.517479,2.0625,1.457738,5.966667,1.564329,4.833333,2.742807,2,1.812654
Selters,5.171875,1.397897,2.333333,1.741338,2.193548,1.854005,16,7,2,5.060606,1.39058,2.363636,1.997157,2.3125,1.958233,5.290323,1.418768,2.3,1.441981,2.066667,1.760355
Sender,5.09375,0.938062,2.444444,1.84721,4.253968,2.705838,9,6,2,4.848485,0.712444,2.40625,2.153158,4.40625,2.650129,5.354839,1.081616,2.483871,1.502686,4.096774,2.79708
Sendung,5.296875,0.9029,2.725807,1.93475,4.936508,2.57076,10,7,2,5.212121,1.023401,2.548387,1.963648,5,2.615093,5.387097,0.760588,2.903226,1.921021,4.870968,2.565696
Sequenz,5.078125,0.7623,2,1.755553,6.145161,2.850636,14,7,2,5.151515,0.795346,2.064516,2.189908,7.09375,2.276944,5,0.730297,1.935484,1.209283,5.133333,3.082021
Seuche,3.047619,2.779119,6.921875,2.184394,6.333333,2.423008,13,6,2,3.21875,2.904217,6.484849,2.463752,7.09375,1.889861,2.870968,2.680074,7.387097,1.764037,5.548387,2.681277
Sex,6.920635,2.516408,7.921875,1.862791,4.539683,2.872705,10,3,1,6.53125,2.602534,7.545455,2.386039,4.78125,2.83679,7.322581,2.399821,8.322581,0.944708,4.290323,2.934775
Sieb,5.203125,1.056795,2.032258,1.688609,1.645161,1.188701,15,4,1,5.121212,1.139012,2.15625,2.065217,1.625,1.361925,5.290323,0.972747,1.9,1.184672,1.666667,0.994236
Sieg,6.580645,2.627399,6,2.501612,6.126984,2.72084,8,4,1,6.46875,2.663788,5.757576,2.462599,6.28125,2.65469,6.7,2.628098,6.266667,2.558735,5.967742,2.822338
Siegel,5.25,1.007905,2.539683,1.966046,2.870968,2.350332,13,6,2,5.393939,0.998104,2.6875,2.235166,2.875,2.090686,5.096774,1.011759,2.387097,1.666882,2.866667,2.63574
Sieger,6.625,2.373799,5.625,2.842422,4.758065,2.990068,10,6,2,6.393939,2.486707,5.181818,2.952272,4.84375,2.908379,6.870968,2.261886,6.096774,2.687686,4.666667,3.122039
Silbe,4.968254,0.671259,2.109375,1.878172,5.225807,2.893856,14,5,2,4.969697,0.769937,1.878788,1.932576,5.90625,2.728102,4.966667,0.556053,2.354839,1.817478,4.5,2.933164
Sitz,5.171875,0.655978,2.460318,1.882221,2.435484,1.947011,10,4,1,5.121212,0.649883,2.71875,2.275173,2.28125,1.904737,5.225807,0.668814,2.193548,1.35202,2.6,2.010318
Ski,5.587302,1.756416,3.296875,2.49876,1.968254,1.635969,12,3,1,5.30303,1.793824,2.939394,2.276777,1.8125,1.424158,5.9,1.688705,3.677419,2.700458,2.129032,1.839238
Sklave,3.375,2.400397,6,2.423008,3.68254,2.47455,14,6,2,3.484849,2.412483,5.90625,2.305105,3.8125,2.388649,3.258065,2.421676,6.096774,2.573646,3.548387,2.592794
Slalom,5.225807,1.259968,2.532258,1.870546,4.111111,2.553373,13,6,2,5,1.107161,2.46875,1.999748,5,2.615093,5.466667,1.382984,2.6,1.753814,3.193548,2.166708
Sockel,5.0625,0.870596,2.222222,1.72687,2.15873,1.427906,13,6,2,5.181818,0.768706,2.4375,2.03101,1.84375,1.050633,4.935484,0.963863,2,1.341641,2.483871,1.690581
Sohle,4.921875,0.802866,1.967742,1.63935,1.951613,1.519571,14,5,2,4.848485,0.90558,2.193548,2.039924,2.09375,1.802496,5,0.68313,1.741936,1.094463,1.8,1.15669
Soja,5.234375,1.400025,2.796875,2.219536,2.873016,2.18124,14,4,2,5.181818,1.236288,3.030303,2.228857,3.28125,2.385905,5.290323,1.574665,2.548387,2.218689,2.451613,1.894531
Sommer,6.984127,2.679023,5.8125,2.587362,5.258065,2.952829,9,6,2,6.878788,2.825747,5.909091,2.685187,5.677419,2.700458,7.1,2.550862,5.709677,2.519174,4.83871,3.173818
Sonne,6.796875,2.613638,5.53125,2.742776,2.539683,2.305851,9,5,2,6.666667,2.857738,5.636364,2.848445,2.71875,2.504633,6.935484,2.365523,5.419355,2.66801,2.354839,2.106314
Sorte,5.125,0.766356,2.095238,1.455959,6.754098,2.453947,12,5,2,5.060606,0.78817,2.34375,1.824729,7.15625,2.287545,5.193548,0.749193,1.83871,0.898027,6.310345,2.592619
Spalte,5.078125,1.185959,4.016393,2.519866,2.920635,2.142516,14,6,2,4.787879,1.08275,3.387097,2.485658,3.25,2.369157,5.387097,1.229564,4.666667,2.425914,2.580645,1.857852
Spange,4.765625,1.3421400000000001,3,2.13809,1.698413,1.057003,16,6,2,5.030303,1.185455,2.727273,2.281347,1.65625,1.065875,4.483871,1.457646,3.290323,1.969662,1.741936,1.063571
Spanner,3.206349,2.363422,6.31746,1.856335,4.983871,2.760921,16,7,2,3.181818,2.518116,6.121212,2.027276,4.90625,2.751649,3.233333,2.223438,6.533333,1.655364,5.066667,2.815393
Spass,7.296875,2.717841,6.46875,2.3836,7.444444,1.957432,16,5,1,6.909091,2.982906,6.242424,2.500379,7.78125,1.475267,7.709677,2.383185,6.709677,2.268532,7.096774,2.328874
Speichel,4.703125,1.570357,5.079365,2.223783,2.047619,1.45279,15,8,2,4.636364,1.834022,5.151515,2.346823,1.90625,1.444888,4.774194,1.257237,5,2.117253,2.193548,1.470133
Speicher,5.15625,0.89476,2.59375,2.230515,4.047619,2.738192,13,8,2,5.121212,0.92728,2.30303,2.17205,3.8125,2.775904,5.193548,0.87252,2.903226,2.285532,4.290323,2.722665
Spektrum,5.25,0.872872,2.483871,1.948029,6.467742,2.720401,11,8,2,5.151515,0.90558,2.354839,1.975658,7.21875,2.253805,5.354839,0.838586,2.612903,1.943835,5.666667,2.974992
Spende,6.145161,1.772715,3.825397,2.372828,5.365079,2.713774,12,6,2,6,1.778002,3.71875,2.426126,5.78125,2.660759,6.3,1.784029,3.935484,2.351389,4.935484,2.743908
Sperma,4.96875,1.542712,6.548387,1.947486,1.857143,1.479507,15,6,2,4.848485,1.583533,6.28125,2.082715,2.0625,1.848059,5.096774,1.513381,6.833333,1.78274,1.645161,0.950382
Spiegel,5.453125,1.562758,3.301587,2.380261,1.428571,0.688952,9,7,2,5.575758,1.62077,3.65625,2.44434,1.375,0.609071,5.322581,1.514092,2.935484,2.293985,1.483871,0.769024
Spinner,3.765625,1.949702,5.046875,2.305478,5.564516,2.545462,14,7,2,3.757576,2.121767,4.909091,2.184657,6.258065,2.159749,3.774194,1.783436,5.193548,2.45519,4.870968,2.741556
Spion,3.921875,2.026058,5.774194,2.293393,4.301587,2.814908,13,5,2,3.848485,2.137774,5.709677,2.084763,4.46875,2.884714,4,1.932184,5.83871,2.517893,4.129032,2.777792
Spitzel,3.666667,2.24327,5.40625,2.479879,4.68254,2.526156,14,7,2,3.96875,2.334653,5.545455,2.538342,5.09375,2.467327,3.354839,2.137731,5.258065,2.449051,4.258065,2.555618
Spott,3.75,2.174893,4.875,2.089277,7.015873,2.082896,12,5,1,3.787879,2.175971,4.69697,1.9443,7.5,1.545023,3.709677,2.208975,5.064516,2.24997,6.516129,2.447733
Sprache,5.629032,1.875064,3.21875,2.104181,6.612903,2.681783,8,7,2,5.806452,2.120053,3.272727,2.225881,6.96875,2.669836,5.451613,1.609114,3.16129,2.001612,6.233333,2.68692
Spritze,3.921875,2.041667,5.112903,2.430036,1.634921,1.428981,13,7,2,4.272727,2.183357,4.96875,2.468961,2,1.900764,3.548387,1.840991,5.266667,2.420221,1.258065,0.444803
Spucke,4.234375,1.601013,4.78125,2.291937,2.047619,1.474827,16,6,2,4.181818,1.6855,5.090909,2.170306,2,1.606439,4.290323,1.531743,4.451613,2.406086,2.096774,1.350428
Stachel,4.476191,1.56429,4.0625,2.409472,1.873016,1.22464,14,7,2,4.53125,1.70359,3.909091,2.541698,1.75,0.983739,4.419355,1.432345,4.225807,2.290701,2,1.437591
Stahl,4.984127,0.706926,2.359375,1.905441,2.129032,1.806036,11,5,1,4.848485,0.441674,2.393939,2.045413,2.1875,1.958233,5.133333,0.899553,2.322581,1.777397,2.066667,1.659525
Stamm,5.078125,0.625,2.258065,1.889882,1.920635,1.649062,12,5,1,5.030303,0.466694,2.451613,2.188435,1.8125,1.176038,5.129032,0.763411,2.064516,1.547805,2.032258,2.040978
Stapel,4.96875,0.616409,1.918033,1.68617,2.984127,2.239615,13,6,2,5.060606,0.555619,2.133333,2.255007,2.46875,1.950755,4.870968,0.67042,1.709677,0.82436,3.516129,2.420344
Stärke,6.349206,2.20087,5.109375,2.430737,7.327869,2.11913,10,6,2,6.151515,2.373305,5.30303,2.404226,7.6875,1.803894,6.566667,2.011747,4.903226,2.481328,6.931035,2.389427
Stasi,3.380952,2.40583,5.904762,2.780777,4.952381,2.99154,11,5,2,3.1875,2.249552,5.939394,2.967948,5.59375,2.872106,3.580645,2.579072,5.866667,2.609444,4.290323,3.013233
Statut,4.984375,0.766194,2.193548,1.735254,5.596774,2.645502,14,6,2,5.030303,0.466694,2.21875,1.963118,6.0625,2.577039,4.935484,0.997847,2.166667,1.487496,5.1,2.669754
Stecher,3.555556,2.381229,5.269841,2.553974,5.412698,2.427231,16,7,2,3.4375,2.461805,5.272727,2.515859,5.90625,2.190292,3.677419,2.329336,5.266667,2.638356,4.903226,2.586566
Stecker,4.734375,0.929963,2.409836,1.883057,1.793651,1.577654,15,7,2,4.69697,1.045372,2.3,2.053592,1.8125,1.490562,4.774194,0.804557,2.516129,1.729566,1.774194,1.687398
Stein,4.984375,0.917072,2.396825,1.791915,1.333333,0.595683,10,5,1,5.090909,1.100103,2.46875,1.967221,1.46875,0.717719,4.870968,0.67042,2.322581,1.620434,1.193548,0.40161
Steuer,4.28125,1.922868,2.66129,2.118951,4.758065,2.956989,11,6,2,4.454546,1.872347,2.548387,2.203614,4.064516,2.743908,4.096774,1.989218,2.774194,2.060901,5.451613,3.042353
Stiefel,4.984375,0.999876,3.064516,2.359987,1.403226,1.031626,13,7,2,4.878788,1.053494,3.129032,2.37686,1.25,0.803219,5.096774,0.943569,3,2.380476,1.566667,1.222866
Stiel,5.03125,0.616409,2.571429,1.973324,1.904762,1.410951,15,5,1,5.121212,0.73983,2.5625,2.093577,2.03125,1.555104,4.935484,0.442379,2.580645,1.875708,1.774194,1.257237
Stift,5.359375,1.074483,2.098361,1.690216,1.555556,1.553122,13,5,1,5.181818,1.157976,1.903226,1.660418,1.46875,1.480723,5.548387,0.960511,2.3,1.725069,1.645161,1.644149
Stinker,3.396825,2.239957,5.238095,2.473826,6.225807,2.257369,16,7,2,3.636364,2.288807,5.121212,2.534235,6.677419,1.850893,3.133333,2.192988,5.366667,2.442206,5.774194,2.55225
Stirn,5.375,0.95119,3.140625,2.231571,1.806452,1.32861,11,5,1,5.424242,1.031695,3.030303,2.242834,1.53125,0.761339,5.322581,0.871286,3.258065,2.250448,2.1,1.709003
Stoff,4.984375,1.133784,2.650794,2.009323,2.936508,2.333992,10,5,1,4.909091,1.331438,2.75,2.314052,3.03125,2.494955,5.064516,0.89202,2.548387,1.670104,2.83871,2.192362
Stolz,5.578125,2.068699,5.140625,2.349382,7.919355,1.935843,10,5,1,5.121212,2.27428,5.424242,2.250421,8.1875,1.306004,6.064516,1.730809,4.83871,2.450806,7.633333,2.428045
Störer,3.380952,2.173362,5.730159,2.604007,5.31746,2.675006,15,6,2,3.59375,2.353575,5.363636,2.770584,6.0625,2.435457,3.16129,1.984889,6.133333,2.388671,4.548387,2.730552
Strahlen,5.619048,2.173362,3.765625,2.480029,6.603175,2.379616,12,8,2,5.909091,2.336713,4.121212,2.433588,6.4375,2.500806,5.3,1.967845,3.387097,2.512335,6.774194,2.276103
Strand,6.596774,2.213666,4.9375,2.816477,2.269841,1.705838,12,6,1,6.34375,2.33638,4.939394,2.794407,2.3125,1.821688,6.866667,2.080009,4.935484,2.886006,2.225807,1.606439
Strasse,5.206349,0.986338,2.193548,1.80017,1.873016,1.18447,15,7,2,5.121212,1.139012,2.193548,2.039924,1.84375,1.221035,5.3,0.794377,2.193548,1.55819,1.903226,1.164899
Streifen,5.359375,0.8041,2.209677,1.847791,2.774194,2.1609,11,8,2,5.30303,0.728219,2.53125,2.382522,2.3125,1.730886,5.419355,0.885972,1.866667,0.937102,3.266667,2.476557
Streit,3.09375,2.598649,5.790323,2.542344,6.672131,2.73082,8,6,1,3.060606,2.849774,5.46875,2.56508,7.387097,2.231254,3.129032,2.348644,6.133333,2.515241,5.933333,3.02784
Stress,3.515625,2.316211,5.777778,2.574343,7.349206,2.033262,12,6,1,3.636364,2.497726,5.727273,2.775706,7.34375,2.103904,3.387097,2.139742,5.833333,2.379269,7.354839,1.992459
Stricher,3.190476,2.408702,6.34375,2.071873,5.016129,2.512212,16,8,2,3.21875,2.549312,6,2.20794,4.806452,2.561502,3.16129,2.296327,6.709677,1.883145,5.225807,2.48609
Strick,4.234375,1.832183,3.890625,2.551795,1.650794,1.333909,13,6,1,4.333333,1.796988,3.969697,2.78932,1.5,0.842424,4.129032,1.892827,3.806452,2.315446,1.806452,1.701359
Strumpf,4.953125,0.805333,2.725807,2.049945,1.730159,1.427906,15,7,1,4.909091,0.722999,2.625,2.075199,1.59375,0.874712,5,0.894427,2.833333,2.052473,1.870968,1.839238
Student,5.71875,2.235846,4.079365,2.384774,3.777778,2.412631,11,7,2,5.606061,2.276777,3.727273,2.414445,3.90625,2.51908,5.83871,2.222563,4.466667,2.330211,3.645161,2.331643
Stufe,5.03125,0.502967,1.868853,1.161542,2.079365,1.548168,11,5,2,5.090909,0.678401,1.935484,1.388896,1.84375,1.37041,4.967742,0.179605,1.8,0.886683,2.322581,1.700727
Stuhl,4.96875,0.815889,2.031746,1.703585,1.269841,0.573792,11,5,1,5.030303,0.728219,2.1875,2.054696,1.25,0.567962,4.903226,0.907555,1.870968,1.258092,1.290323,0.588419
Stummel,4.28125,1.838467,3.328125,2.008353,3.15873,2.041555,17,7,2,4.212121,1.89996,3.727273,2.211797,3.25,2.155264,4.354839,1.799044,2.903226,1.700095,3.064516,1.948255
Stümper,3.793651,1.944046,4.59375,2.592534,6.145161,2.331866,16,7,2,4,2.109885,4.545455,2.634992,6.09375,2.291068,3.580645,1.765865,4.645161,2.5890590000000002,6.2,2.412611
Stunde,5.03125,0.942283,2.354839,1.775025,5.587302,3.040771,8,6,2,5,1.030776,2.483871,1.929956,6.03125,2.912536,5.064516,0.853834,2.225807,1.627056,5.129032,3.148989
Stunk,3.53125,2.281525,5.90625,2.314336,6.822581,2.161695,17,5,1,3.69697,2.430083,5.575758,2.332251,7.40625,1.701221,3.354839,2.137731,6.258065,2.279879,6.2,2.441029
Stute,5.375,1.105542,3.90625,2.47347,1.698413,1.10183,13,5,2,5.424242,1.14647,3.272727,2.183357,1.625,0.870669,5.322581,1.076634,4.580645,2.617559,1.774194,1.30919
Sucht,3.238095,2.427758,6.349206,1.952325,7.564516,1.996891,12,5,1,3.4375,2.601953,6.0625,2.108929,8.3125,1.119836,3.032258,2.25808,6.645161,1.761598,6.766667,2.402346
Suff,3.492064,2.235152,6.365079,2.302184,6.209677,2.477023,15,4,1,3.28125,2.203141,5.757576,2.598441,6.875,2.254029,3.709677,2.283178,7.033333,1.731719,5.5,2.542738
Summe,5,1.234427,2.606557,2.230685,6.451613,2.539378,9,5,2,4.848485,1.438776,2.612903,2.185977,7.25,1.883716,5.16129,0.969425,2.6,2.313379,5.6,2.883963
Sünde,3.903226,2.690053,6.253968,2.214092,7.854839,1.818365,12,5,2,3.71875,2.642511,6.454546,2.06293,8.21875,1.184153,4.1,2.771157,6.033333,2.385059,7.466667,2.270247
Suppe,5.21875,1.350705,3,2.086825,2.079365,1.579114,12,5,2,5.060606,1.412874,3.03125,2.086584,2.03125,1.635974,5.387097,1.282638,2.967742,2.121067,2.129032,1.543631
Tafel,5.125,0.723747,2.278689,1.889719,1.52381,0.913292,11,5,2,5.090909,0.804815,2.483871,2.307538,1.59375,1.073414,5.16129,0.637536,2.066667,1.33735,1.451613,0.722897
Talent,6.419355,2.020781,4.571429,2.100033,7.5,1.948097,11,6,2,6.21875,2.181068,4.666667,2.041242,7.96875,1.379209,6.633333,1.847334,4.466667,2.192988,7,2.334154
Tango,6.25,2.130653,4.796875,2.495581,3.774194,2.418639,13,5,2,6.393939,2.075744,4.878788,2.496968,4.09375,2.480367,6.096774,2.211407,4.709677,2.532371,3.433333,2.344227
Tanz,6.046875,2.156052,4.619048,2.317038,3.730159,2.509378,10,4,1,6.333333,2.300362,4.90625,2.319057,3.65625,2.431107,5.741936,1.982721,4.322581,2.314982,3.806452,2.625762
Tänzer,5.904762,2.005752,5.52381,2.638775,3.31746,2.263493,11,6,2,5.90625,2.021807,5.25,2.862438,3.4375,2.28512,5.903226,2.022455,5.806452,2.400269,3.193548,2.271847
Tasche,5.09375,1.136952,2.412698,1.880588,1.596774,1.151758,12,6,2,5.151515,1.39466,2.757576,2.222475,1.5625,1.105339,5.032258,0.795147,2.033333,1.351457,1.633333,1.217214
Tasse,5.078125,0.931029,1.935484,1.577204,1.349206,0.572452,13,5,2,4.878788,0.96039,2.193548,2.0562,1.375,0.659912,5.290323,0.86385,1.677419,0.83215,1.322581,0.475191
Taste,5.046875,0.375,2.048387,1.613747,1.428571,0.85599,15,5,2,5.090909,0.384353,2.064516,1.913731,1.3125,0.737804,5,0.365148,2.032258,1.277599,1.548387,0.960511
Täter,3.296875,2.334555,6.451613,2.230029,4.603175,2.642944,9,5,2,3.181818,2.493173,6.5625,2.299193,4.90625,2.557208,3.419355,2.187452,6.333333,2.186689,4.290323,2.73488
Taxi,5.109375,0.910559,2.311475,1.848792,1.564516,0.968707,12,4,2,5.060606,0.998104,2.387097,2.108355,1.5,0.842424,5.16129,0.820438,2.233333,1.568732,1.633333,1.098065
Technik,5.301587,1.421436,2.580645,1.996295,5.290323,3.05355,9,7,2,5.181818,1.50944,2.741936,2.323327,5.375,3.087436,5.433333,1.330889,2.419355,1.628377,5.2,3.067066
Teig,5.46875,1.154271,2.491803,1.894052,1.920635,1.706738,14,4,1,5.333333,1.050793,2.645161,2.214323,1.8125,1.57475,5.612903,1.256382,2.333333,1.516196,2.032258,1.852635
Tennis,5.4375,1.478685,2.854839,2.331866,2.16129,1.611369,11,6,2,5.121212,1.293193,2.15625,1.952821,2.125,1.699146,5.774194,1.606439,3.6,2.499655,2.2,1.540264
Teppich,4.984375,0.654464,2.253968,1.596046,1.714286,1.113387,12,7,2,4.848485,0.755034,2.3125,1.891194,1.625,0.941858,5.129032,0.499462,2.193548,1.249516,1.806452,1.275914
Terror,2.677419,2.635036,7.349206,2.20087,7.483871,2.078319,10,6,2,2.71875,2.726624,7.242424,2.318813,7.875,1.844783,2.633333,2.579539,7.466667,2.096522,7.066667,2.258064
Teufel,3.666667,2.362339,6.253968,2.55247,5.967213,3.103585,10,6,2,3.625,2.379347,6.242424,2.574275,6.125,2.836968,3.709677,2.383185,6.266667,2.572177,5.793103,3.416131
Tinte,5.28125,0.863157,2.640625,1.73998,1.967742,1.227656,13,5,2,5.212121,0.696311,2.69697,1.895469,2.0625,1.242721,5.354839,1.018116,2.580645,1.586909,1.866667,1.224276
Tisch,5.015625,0.723576,1.790323,1.641042,1.365079,0.809253,9,5,1,5,0.75,1.84375,1.885588,1.28125,0.581121,5.032258,0.706346,1.733333,1.362891,1.451613,0.994609
Toaster,5.15625,1.115814,2.16129,1.960207,1.253968,0.56706,15,7,2,5,1.06066,2.451613,2.277992,1.21875,0.55267,5.322581,1.165822,1.870968,1.565076,1.290323,0.588419
Tod,2.725807,2.735135,7.15873,2.322446,6.370968,3.225075,8,3,1,2.9375,2.928586,7.125,2.732717,7.15625,2.841051,2.5,2.542738,7.193548,1.851474,5.533333,3.441465
Torte,6.15625,2.009649,3.612903,2.30007,1.301587,0.687091,14,5,2,6.272727,2.050499,4.387097,2.59072,1.25,0.622171,6.032258,1.991379,2.83871,1.675247,1.354839,0.754912
Tötung,2.819672,2.83142,7.714286,1.861569,5.311475,2.912851,12,6,2,2.967742,3.146256,7.78125,1.995711,5.59375,2.826823,2.666667,2.509751,7.645161,1.742573,5,3.023716
Tragik,4.171875,2.059085,5.09375,2.293668,8.290323,0.964741,13,6,2,4.212121,2.073005,5.636364,2.103839,8.5625,0.669015,4.129032,2.07753,4.516129,2.378669,8,1.144703
Traktor,5.0625,0.923675,2.098361,1.690216,1.460318,1.119121,14,7,2,4.969697,0.847233,1.935484,1.691853,1.375,0.793116,5.16129,1.003221,2.266667,1.700575,1.548387,1.386572
Transfer,5.140625,1.20669,2.290323,1.919589,6.290323,2.42519,12,8,2,4.969697,1.07485,2.258065,2.308935,6.46875,2.228617,5.322581,1.326326,2.322581,1.469401,6.1,2.643796
Trauer,3.301587,2.581791,6.754098,2.118614,7.42623,2.085338,11,6,2,3.4375,2.850439,6.774194,2.246622,8.0625,1.045343,3.16129,2.310798,6.733333,2.016028,6.724138,2.67123
Traum,6.612903,2.249625,5.546875,2.53189,6.935484,2.527689,9,5,1,6.5,2.44949,5.787879,2.521874,7.5,1.951013,6.733333,2.049951,5.290323,2.558561,6.333333,2.940013
Trauma,3.265625,2.324761,6.790323,2.073542,6.66129,2.455796,13,6,2,3.30303,2.518492,6.21875,2.445989,7.09375,2.219552,3.225807,2.140244,7.4,1.379655,6.2,2.644448
Träumer,6.68254,2.123793,5.078125,2.379173,5.564516,2.820423,14,7,2,6.666667,2.300362,4.909091,2.336713,5.84375,2.689398,6.7,1.950243,5.258065,2.449051,5.266667,2.970352
Trauung,6.301587,2.174893,5.71875,2.446045,5.096774,2.732378,14,7,2,6.363636,2.21949,5.969697,2.430083,5.3125,2.66927,6.233333,2.160513,5.451613,2.474385,4.866667,2.825174
Treffer,5.983871,1.9876,4.174603,2.581196,5.603175,2.517934,10,7,2,5.90625,2.08465,3.6875,2.729026,5.90625,2.387594,6.066667,1.910648,4.677419,2.357783,5.290323,2.648189
Trennung,3.484375,2.196622,6.84127,2.251926,6.741936,2.547487,10,8,2,3.393939,2.317588,7.181818,2.068432,6.65625,2.659243,3.580645,2.094026,6.466667,2.41737,6.833333,2.464693
Treppe,4.90625,0.938062,2.25,1.708987,1.612903,1.07665,11,6,2,5,0.790569,2.30303,1.9443,1.40625,0.712079,4.806452,1.077632,2.193548,1.447282,1.833333,1.341212
Treue,6.476191,2.54544,6.015625,2.406949,7.870968,1.624443,11,5,1,6.545455,2.784903,6.060606,2.585288,8.125,1.453583,6.4,2.298425,5.967742,2.24327,7.6,1.773366
Tripper,3.142857,2.663112,6.265625,2.463977,4.951613,3.091116,18,7,2,3.5625,2.793281,5.939394,2.749311,5.3125,3.073692,2.709677,2.49257,6.612903,2.108355,4.566667,3.114851
Triumph,6.419355,2.243741,6.301587,2.550363,7.387097,1.986469,11,7,2,6.1875,2.191442,5.75,2.723849,7.9375,1.389767,6.666667,2.309401,6.870968,2.261886,6.8,2.354746
Trophäe,6.419355,1.954804,4.5625,2.422612,3.079365,2.477652,13,7,2,6.25,2.109885,4.575758,2.525251,2.5625,2.12417,6.6,1.792706,4.548387,2.350017,3.612903,2.728582
Tröster,5.6875,1.876124,4.25,2.323107,6.16129,2.410316,16,7,2,5.424242,2.077112,4.454546,2.501136,6.967742,2.02458,5.967742,1.622424,4.032258,2.136725,5.354839,2.523865
Trottel,3.671875,2.145906,5.21875,2.163688,5.555556,2.601351,15,7,2,3.818182,2.11327,5.212121,2.117746,6.125,2.392866,3.516129,2.204102,5.225807,2.246622,4.967742,2.713962
Trübsal,3.71875,1.98781,5.190476,2.361363,7.580645,1.806622,15,7,2,3.787879,1.932576,5.393939,2.511715,8.03125,0.999496,3.645161,2.074422,4.966667,2.204749,7.1,2.30965
Truhe,5.078125,1.131156,3.032258,2.360659,1.619048,1.05385,15,5,2,4.878788,1.023401,2.75,2.488684,1.4375,0.669015,5.290323,1.216376,3.333333,2.218004,1.806452,1.327136
Trumpf,5.936508,2.015048,4.21875,2.40019,6.112903,2.612108,13,6,1,5.969697,1.895469,4,2.474874,6.34375,2.54773,5.9,2.171127,4.451613,2.33579,5.866667,2.700362
Tube,5.03125,0.354954,2.04918,1.745721,1.587302,1.010189,15,4,2,5.030303,0.394085,2.129032,2.061422,1.59375,1.042929,5.032258,0.314523,1.966667,1.376736,1.580645,0.992445
Tuch,5.09375,0.885846,2.453125,1.876587,1.741936,1.40182,12,4,1,4.939394,1.058873,2.878788,2.407768,1.46875,0.841825,5.258065,0.630753,2,0.894427,2.033333,1.79046
Tücke,3.571429,2.153124,4.765625,2.524434,7.516129,1.905488,15,5,2,3.5625,2.27096,4.727273,2.54058,7.59375,1.662865,3.580645,2.061944,4.806452,2.548455,7.433333,2.160513
Tugend,6.225807,2.1533,4.603175,2.366021,7.548387,2.013702,12,6,2,6.21875,2.043627,4.454546,2.437864,7.9375,1.435439,6.233333,2.299675,4.766667,2.314621,7.133333,2.445733
Tumor,3,2.645751,6.825397,2.21825,3.174603,2.568668,13,5,2,3.21875,2.859443,6.28125,2.642511,3.21875,2.561934,2.774194,2.431867,7.387097,1.52047,3.129032,2.617148
Tunte,3.78125,2.003717,5.171875,2.478829,4.444444,2.740248,17,5,2,3.666667,1.931105,4.909091,2.479461,4.65625,2.835369,3.903226,2.103249,5.451613,2.48782,4.225807,2.667204
Tür,5.15625,0.858547,2.354839,1.847433,1.333333,0.647576,9,3,1,5.090909,0.979912,2.451613,2.17315,1.375,0.707107,5.225807,0.716923,2.258065,1.482515,1.290323,0.588419
Turm,5.328125,1.084592,2.746032,1.731755,1.603175,0.833564,11,4,1,5.151515,1.093195,2.59375,1.603612,1.53125,0.841825,5.516129,1.060533,2.903226,1.868241,1.677419,0.83215
Umlaut,5.142857,1.060389,2.016129,1.971036,5.483871,3.15055,18,6,2,5.333333,1.050793,1.96875,2.132458,6.28125,2.975539,4.933333,1.048261,2.066667,1.818171,4.633333,3.156639
Umschlag,4.921875,0.741185,2.131148,1.892753,1.825397,1.486929,13,8,2,4.909091,0.722999,2.322581,2.196772,1.875,1.680054,4.935484,0.771815,1.933333,1.529781,1.774194,1.283477
Unheil,3.333333,2.355502,5.603175,2.419942,8.080645,1.309466,12,6,2,3.34375,2.52228,5.515152,2.463752,8.15625,0.919655,3.322581,2.211894,5.7,2.409035,8,1.640017
Urin,3.671875,1.782229,6.31746,2.220327,2.222222,1.72687,13,4,2,3.545455,1.855581,6.484849,2.373305,2.28125,1.987613,3.806452,1.72084,6.133333,2.063364,2.16129,1.439833
Urlaub,7.048387,2.784191,5.421875,2.54985,6.467742,2.597084,10,6,2,7.03125,2.912536,5.424242,2.525251,6.9375,2.28512,7.066667,2.690127,5.419355,2.617559,5.966667,2.846454
Urne,3.5625,2.114763,4.809524,2.558081,2,1.45912,14,4,2,3.484849,2.223753,5.030303,2.591873,2.09375,1.633508,3.645161,2.025642,4.566667,2.541834,1.903226,1.274228
Urteil,4.126984,1.679978,4.365079,2.490638,6.516129,2.584582,8,6,2,4.393939,1.784296,4.875,2.498387,7.15625,2.215916,3.833333,1.533158,3.83871,2.409658,5.833333,2.804963
Verb,5.0625,0.559904,1.790323,1.579968,5.952381,3.107891,15,4,1,5.060606,0.609272,1.967742,2.02458,5.96875,3.177384,5.064516,0.512216,1.612903,0.954897,5.935484,3.086913
Verbot,3.515625,2.309347,6.295082,2.076409,7.206349,2.171359,10,6,2,3.545455,2.3597,6.645161,1.761598,7.34375,2.025791,3.483871,2.293047,5.933333,2.333169,7.064516,2.33717
Verkauf,5.3125,1.067187,2.4375,1.660704,5.704918,2.525498,9,7,2,5.363636,0.895062,2.424242,1.639937,6.258065,2.449051,5.258065,1.23741,2.451613,1.709556,5.133333,2.515241
Verlust,3.140625,2.369564,6.15873,2.431025,7.868853,1.564986,9,7,2,3.212121,2.420712,6.333333,2.49583,7.83871,1.572615,3.064516,2.351389,5.966667,2.385059,7.9,1.583318
Verrat,3.15873,2.653095,5.65625,2.521141,7.33871,1.966469,12,6,2,3.40625,2.769178,5.757576,2.411305,7.875,1.237844,2.903226,2.547611,5.548387,2.668816,6.766667,2.416657
Verriss,4.484375,1.671348,4.140625,2.356128,6.967742,1.966671,17,7,2,4.454546,1.71557,3.909091,2.213081,7.258065,1.825153,4.516129,1.650676,4.387097,2.512335,6.677419,2.087855
Viper,4.25,1.825742,4.873016,2.762024,2.387097,2.129841,16,5,2,3.878788,1.408847,4.5625,2.816283,2.40625,2.138124,4.645161,2.137731,5.193548,2.71317,2.366667,2.157319
Vorbild,6.269841,1.885482,4.890625,2.417641,6.854839,2.209123,10,7,2,6.212121,1.866775,4.969697,2.455668,7.21875,1.809195,6.333333,1.93575,4.806452,2.414116,6.466667,2.542512
Vorgang,5.095238,0.530194,2.380952,1.895909,6.741936,2.360435,11,7,2,5.090909,0.522233,2.75,2.369157,7.1875,1.958233,5.1,0.547723,2,1.154701,6.266667,2.677278
Vorhang,5.3125,1.005935,2.451613,1.522266,2.301587,2.005114,12,7,2,5.090909,0.84275,2.322581,1.700727,2.40625,2.298097,5.548387,1.120676,2.580645,1.336019,2.193548,1.681653
Vorspiel,6.730159,2.363747,6.328125,2.456315,6.428571,2.31206,13,8,2,6.181818,2.455282,6.030303,2.567645,6.9375,1.79493,7.333333,2.138858,6.645161,2.331643,5.903226,2.675255
Vorteil,6,1.926052,3.453125,2.144981,7.322581,1.981672,10,7,2,6.060606,1.853028,3.424242,2.222475,7.8125,1.512048,5.933333,2.03306,3.483871,2.095566,6.8,2.295423
Vortrag,5.28125,1.147375,2.725807,2.073797,4.888889,2.609605,10,7,2,5.151515,1.301951,2.84375,2.370645,5.03125,2.507851,5.419355,0.958269,2.6,1.734041,4.741936,2.7443
Vulva,5.269841,1.724644,5.75,2.783169,2.634921,2.026451,17,5,2,4.78125,1.4308670000000001,5.30303,2.63966,2.65625,2.025791,5.774194,1.874561,6.225807,2.894934,2.612903,2.060379
Wachs,5.421875,1.095513,2.83871,2.327269,1.887097,1.589977,14,5,1,5.545455,1.063335,3.16129,2.659534,2.09375,1.83794,5.290323,1.131181,2.516129,1.929956,1.666667,1.268541
Wachstum,5.725807,1.671059,4.03125,2.581797,6.777778,2.419307,9,8,2,5.935484,1.436094,3.636364,2.369311,6.75,2.488684,5.516129,1.877427,4.451613,2.766932,6.806452,2.386341
Wade,5.109375,1.128522,2.952381,1.75452,1.714286,1.069045,14,4,2,5.030303,1.158794,2.96875,1.874866,1.59375,0.910844,5.193548,1.108132,2.935484,1.651978,1.83871,1.213721
Waffe,3.53125,2.33652,6.222222,2.498028,1.677419,1.156226,10,5,2,3.454546,2.48861,6.5,2.341767,1.75,1.218142,3.612903,2.201173,5.935484,2.657511,1.6,1.101723
Waggon,5.174603,0.925267,2.476191,2.085721,1.380952,0.68223,14,6,2,5.060606,0.863836,2.15625,2.017814,1.375,0.751343,5.3,0.987857,2.806452,2.135718,1.387097,0.615219
Wahrheit,7.234375,2.70063,5.903226,2.584377,8.306452,1.421021,9,8,2,7.121212,2.869643,5.65625,2.70733,8.28125,1.764057,7.354839,2.550142,6.166667,2.464693,8.333333,0.958927
Wampe,4,2.047816,4.234375,2.447819,3.065574,2.112415,17,5,2,4.25,2.140244,4.090909,2.466825,3.53125,2.488482,3.741936,1.948807,4.387097,2.458691,2.551724,1.478083
Wanst,3.71875,2.214446,4.177419,2.392092,4.476191,2.583179,17,5,1,3.787879,2.407768,4.096774,2.624942,4.46875,2.67587,3.645161,2.025642,4.258065,2.175128,4.483871,2.528121
Wanze,3.984127,2.113643,4.5,2.538591,2.063492,1.654642,16,5,2,3.9375,2.213412,4.636364,2.678831,2.0625,1.776868,4.032258,2.040978,4.354839,2.415897,2.064516,1.547805
Wärme,6.793651,2.148959,5.174603,2.419942,6.147541,2.874231,11,5,2,6.848485,2.360101,5.30303,2.567645,6.28125,2.942836,6.733333,1.928611,5.033333,2.281611,6,2.841026
Warze,3.375,2.278262,5.063492,2.57076,1.854839,1.607837,17,5,2,3.393939,2.461445,5.030303,2.651472,1.96875,1.822518,3.354839,2.106314,5.1,2.523681,1.733333,1.362891
Weisheit,7.140625,2.575015,5.095238,2.460752,8.377049,1.199499,11,8,2,7.151515,2.71709,5.21875,2.536627,8.612903,0.667204,7.129032,2.459566,4.967742,2.415007,8.133333,1.547709
Weste,5.125,0.899735,2.015873,1.518616,1.725807,1.175841,13,5,2,5.030303,0.918043,2.0625,1.830521,1.625,1.237844,5.225807,0.883541,1.967742,1.139704,1.833333,1.116748
Wichser,3.206349,2.54101,6.507937,2.206099,5.555556,2.538591,17,7,2,3.1875,2.442071,6.212121,2.287979,5.75,2.409658,3.225807,2.679673,6.833333,2.10227,5.354839,2.690085
Wille,6.190476,1.941542,4.9375,2.742233,8,1.504093,11,5,2,6.181818,1.943813,4.515152,2.884454,8.03125,1.379209,6.2,1.972221,5.387097,2.551828,7.966667,1.650148
Winkel,4.984375,0.881777,1.770492,1.564113,2.825397,2.239957,11,6,2,5.030303,0.585494,1.903226,1.90359,3.1875,2.545553,4.935484,1.12355,1.633333,1.129032,2.451613,1.840991
Wissen,6.15873,2.201219,4.68254,2.752274,7.870968,1.56272,9,6,2,6.1875,2.320143,4.46875,2.918068,8.21875,0.906406,6.129032,2.109375,4.903226,2.599421,7.5,1.995685
Witz,6.507937,2.354632,4.904762,2.339798,6.269841,2.515798,11,4,1,6.212121,2.583089,4.71875,2.439386,6.75,1.900764,6.833333,2.069205,5.096774,2.256174,5.774194,2.974443
Wohl,6.193548,1.982205,4.765625,2.355286,7.564516,2.093088,10,4,1,6.181818,2.128006,4.969697,2.228857,7.9375,1.501344,6.206897,1.839629,4.548387,2.501183,7.166667,2.547255
Wollust,6,2.44949,6.714286,2.066855,7.704918,1.819746,14,7,2,5.090909,2.479461,6.424242,2.278024,8.064516,1.590293,6.967742,2.040978,7.033333,1.79046,7.333333,1.988473
Wonne,6.265625,1.953769,5.46875,2.654548,7.774194,1.859132,13,5,2,6.242424,2.092103,5.363636,2.607899,8.34375,0.901947,6.290323,1.829272,5.580645,2.741948,7.166667,2.379269
Wort,5.328125,1.448093,2.603175,2.174186,5.587302,3.093359,8,4,1,5.333333,1.493039,2.84375,2.616442,6.28125,3.071559,5.322581,1.423308,2.354839,1.603088,4.870968,2.997131
Wunde,3.859375,1.901271,5.222222,2.38574,3.079365,2.018476,12,5,2,4,2.150581,4.59375,2.407775,3.34375,2.322532,3.709677,1.616448,5.870968,2.217235,2.806452,1.641531
Wunder,6.75,2.519763,6.640625,2.458333,8.096774,1.913795,10,6,2,6.848485,2.71709,6.545455,2.682011,8.6875,0.644455,6.645161,2.331643,6.741936,2.235587,7.466667,2.542512
Wunsch,6.322581,2.046782,5.3125,2.455153,7.919355,1.518178,9,6,1,6.25,2.314052,5.272727,2.478315,8.21875,0.941323,6.4,1.753814,5.354839,2.470471,7.6,1.922642
Würde,6.380952,2.253518,4.65625,2.405145,8.032258,1.792221,10,5,2,6.393939,2.17858,4.272727,2.362106,8.40625,1.160072,6.366667,2.370557,5.064516,2.421232,7.633333,2.235811
Würger,3.387097,2.594792,6.140625,2.369564,4.412698,2.757014,16,6,2,3.59375,2.780803,6.393939,2.276777,4.375,2.756225,3.166667,2.40808,5.870968,2.473081,4.451613,2.80284
Würze,6.047619,1.745303,4.046875,2.353179,4.936508,2.699301,15,5,2,6.181818,1.827815,4.242424,2.449876,5.625,2.636591,5.9,1.66816,3.83871,2.267109,4.225807,2.616737
Wut,3.5625,2.273903,7.609375,2.044095,7.645161,1.97606,11,3,1,3.69697,2.297891,7,2.610077,8,1.759765,3.419355,2.277048,8.258065,0.815179,7.266667,2.148509
Yacht,5.828125,1.759822,3.31746,2.131374,1.66129,1.2003219999999999,13,5,1,5.424242,1.639937,2.875,1.896516,1.53125,0.802592,6.258065,1.806797,3.774194,2.290701,1.8,1.517712
Zank,3.015625,2.299014,5.78125,2.235846,6.935484,2.015278,14,4,1,3.060606,2.511715,5.848485,2.360101,7.15625,1.815869,2.967742,2.0894,5.709677,2.132191,6.7,2.215152
Zauber,6.380952,2.239157,5,2.500794,7.451613,2.251975,12,6,2,6.787879,2.341975,5.515152,2.670688,8.125,1.157026,5.933333,2.066704,4.451613,2.218689,6.733333,2.863966
Zecke,3.984127,2.358868,5.859375,2.349382,1.936508,1.749406,16,5,2,3.6875,2.388649,5.212121,2.446395,2.09375,1.923696,4.290323,2.326565,6.548387,2.062987,1.774194,1.564389
Zeichen,5.25,1.098339,2.68254,1.932952,4.532258,2.809339,9,7,2,5.060606,1.170988,2.5625,2.25671,5,2.711981,5.451613,0.994609,2.806452,1.55819,4.033333,2.87058
Zeile,5.125,0.54917,1.919355,1.711086,3.492064,2.532836,12,5,2,5,0.433013,2.15625,2.065217,3.3125,2.570772,5.258065,0.630753,1.666667,1.212957,3.677419,2.521734
Zeitung,5.5625,1.592393,2.419355,1.625094,1.380952,0.705476,8,7,2,5.272727,1.442063,2.28125,1.528954,1.5,0.842424,5.870968,1.707668,2.566667,1.735697,1.258065,0.514311
Zelle,4.28125,2.058423,3.269841,2.390886,2.596774,1.979068,11,5,2,4.181818,1.927669,3.25,2.396234,3.03125,2.34843,4.387097,2.216264,3.290323,2.424782,2.133333,1.382984
Zelt,5.734375,1.555759,3.269841,2.208534,1.460318,0.839074,11,4,1,5.272727,1.546624,3,2.199707,1.4375,0.877588,6.225807,1.430843,3.548387,2.218689,1.483871,0.811212
Zettel,4.96875,0.815889,2.129032,1.78779,1.555556,1.341374,12,6,2,4.818182,0.950478,2.34375,1.99369,1.71875,1.745674,5.129032,0.618705,1.9,1.539144,1.387097,0.715422
Zicke,3.5,2.015811,6.0625,2.092124,5.444444,2.680742,16,5,2,3.606061,2.164189,5.939394,2.105638,6.40625,2.39434,3.387097,1.873987,6.193548,2.104271,4.451613,2.63108
Zimmer,5.375,0.967733,2.650794,2.041179,2.238095,1.729388,9,6,2,5.393939,1.028937,3.03125,2.45586,2.125,1.680054,5.354839,0.914636,2.258065,1.436842,2.354839,1.799044
Zimt,5.984127,1.650924,3.4375,2.252864,2.16129,1.812466,15,4,1,6.181818,1.722182,3.666667,2.569857,2.09375,1.889861,5.766667,1.568732,3.193548,1.869391,2.233333,1.755451
Zombie,3.603175,2.738847,5.68254,2.564179,5.483871,2.786042,16,6,2,3.53125,2.940094,5.69697,2.766822,6.15625,2.616442,3.677419,2.561082,5.666667,2.368374,4.766667,2.824564
Zorn,3.4375,2.217356,6.296875,2.421332,7.403226,2.044262,11,4,1,3.515152,2.373305,6.454546,2.251262,7.75,1.545023,3.354839,2.074422,6.129032,2.617148,7.033333,2.442206
Zufahrt,5.078125,0.697039,1.758065,1.656438,4.730159,2.610193,13,7,2,5.060606,0.658568,2,1.900764,4.9375,2.589526,5.096774,0.746317,1.5,1.332615,4.516129,2.656702
Zufuhr,5.015625,0.577135,2.065574,1.681952,5.693548,2.460099,15,6,2,4.909091,0.522233,2.2,2.091032,6,2.309401,5.129032,0.618705,1.935484,1.181397,5.387097,2.603554
Zug,5.269841,1.050443,2.16129,1.601163,1.571429,1.102991,9,3,1,5.0625,0.948258,2.28125,1.887726,1.375,0.906962,5.483871,1.121635,2.033333,1.245221,1.774194,1.257237
Zugang,5.125,0.745356,2.174603,1.54021,5.984127,2.555778,10,6,2,5.030303,0.809508,2.5,1.84915,5.6875,2.595747,5.225807,0.668814,1.83871,1.067607,6.290323,2.519174
Zugriff,4.71875,1.441656,2.301587,1.747209,6.666667,2.278936,11,7,2,4.575758,1.414883,2.375,1.979736,6.71875,2.113465,4.870968,1.477429,2.225807,1.499104,6.612903,2.472211
Zustand,5.015625,0.845008,2.688525,1.953979,7.225807,2.168473,9,7,2,4.909091,0.84275,2.677419,2.150769,7.4375,2.078112,5.129032,0.846244,2.7,1.764594,7,2.274294
Zutritt,5.1875,0.940702,2.546875,1.851037,5.951613,2.620396,12,7,2,5,0.612372,2.333333,1.761865,6,2.408319,5.387097,1.174093,2.774194,1.944388,5.903226,2.856044
