anew_number,anew_yesno,translate_word_english,word_italian,pos,length,frequency_colfis,frequency_log_colfis,frequecy_repub,log_frequency_repub,orthographic_neighbors,frequency_mean_orthographic_neighbors,n_familiar_imagine_concrete,familiar_mean,familiar_sd,imagine_mean,imagine_sd,concrete_mean,concrete_sd,n_valence_arousal_dominance,valence_mean,valence_sd,arousal_mean,arousal_sd,dominance_mean,dominance_sd,n_valence_arousal_dominance_female,valence_mean_female,valence_sd_female,arousal_mean_female,arousal_sd_female,dominance_mean_female,dominance_sd_female,n_valence_arousal_dominance_male,valence_mean_male,valence_sd_male,arousal_mean_male,arousal_sd_male,dominance_mean_male,dominance_sd_male,df_compare_gender,t_valence,p_valence,t_arousal,p_arousal,t_dominance,p_dominance
717,1,dazzle,abbaglio,s,8,13,2.64,577,6.36,1,0.313357,20,5.5,1.91,6.4,2.41,4.25,2.61,33,3.94,1.77,5.67,1.55,4.3,1.63,23,3.83,1.67,5.7,1.36,4.3,1.79,10,4.2,2.04,5.6,2.01,4.3,1.25,31,0.55,0.584,0.16,0.874,0.01,0.995
722,1,derelict,abbandonato,a,11,45,3.83,5666,8.64,4,11.12419,20,6.5,1.99,6.65,1.76,5.1,2.65,35,2,1.5,7.09,1.85,3.37,1.88,25,2.08,1.68,6.8,2.02,3.24,2.01,10,1.8,0.92,7.8,1.14,3.7,1.57,33,0.49,0.624,1.47,0.152,0.65,0.521
624,1,abundance,abbondanza,s,10,32,3.5,2257,7.72,1,0.313357,20,5.9,1.62,6.8,1.54,4.75,2.02,33,6.82,2.08,5.09,1.99,5.42,1.94,23,6.35,2.21,5.35,1.61,5.13,2.1,10,7.9,1.29,4.5,2.68,6.1,1.37,31,2.06,0.047,1.13,0.267,1.34,0.191
218,1,hug,abbraccio,s,9,47,3.87,4902,8.5,2,5.170395,20,7.75,1.92,8.35,1.5,7.7,1.75,33,7.7,1.79,5.7,2.74,5.73,2.17,23,7.48,2.06,5.74,2.83,5.65,2.19,10,8.2,0.79,5.6,2.67,5.9,2.23,31,1.06,0.295,0.13,0.896,0.3,0.768
-,0,fir,abete,s,5,17,2.89,732,6.6,5,16.9212934,20,7.75,1.59,8.3,0.98,8.05,1.32,35,6.17,1.29,4.51,1.9,5.34,1.43,24,6.08,1.35,4.67,2.01,5.54,1.53,11,6.36,1.21,4.18,1.66,4.91,1.14,33,0.59,0.56,0.7,0.492,1.22,0.231
813,1,inhabitant,abitante,s,8,270,5.6,19822,9.89,1,77.3993,20,7.5,1.54,7,1.92,6.6,1.93,33,5.67,1.43,4.97,2.11,5.67,1.41,23,5.7,1.43,5.57,1.53,5.48,1.16,10,5.6,1.51,3.6,2.67,6.1,1.85,31,0.17,0.863,2.68,0.012,1.17,0.249
563,1,house,abitazione,s,10,160,5.08,12537,9.44,2,11.59422,20,8.15,1.27,8.4,1.14,8.35,1.14,35,6.46,1.48,4.31,1.98,5.54,1.44,24,6.54,1.41,4.79,1.82,5.58,1.53,11,6.27,1.68,3.27,2,5.45,1.29,33,0.49,0.625,2.22,0.033,0.24,0.81
133,1,dress,abito,s,5,315,5.76,13732,9.53,7,14.145861,20,8.2,1.32,8.35,1.04,8.6,0.88,33,7.27,1.64,5.58,2.25,6.03,1.7,23,7.48,1.59,6,2.45,6.22,1.86,10,6.8,1.75,4.6,1.35,5.6,1.26,31,1.09,0.283,1.69,0.101,0.95,0.347
775,1,habit,abitudini,s,9,195,5.28,10610,9.27,1,33.5292,20,6.75,1.8,5.8,2.5,4.25,2.88,33,4.91,2.14,4.88,2.03,4.97,1.69,23,4.61,2.21,5.04,1.85,4.74,1.66,10,5.6,1.9,4.5,2.46,5.5,1.72,31,1.23,0.227,0.7,0.488,1.2,0.239
622,1,abortion,aborto,s,6,79,4.38,8688,9.07,1,3.76029,20,4.55,2.24,6.2,2.35,5.75,2.24,33,2.06,1.62,6.58,2,4.27,2.28,23,1.74,1.25,6.61,1.95,4.04,2.4,10,2.8,2.15,6.5,2.22,4.8,1.99,31,1.79,0.084,0.14,0.889,0.87,0.39
1,1,abuse,abuso,s,5,71,4.28,10206,9.23,2,5.170396,20,4.7,2.03,6.05,2.35,5.8,2.59,34,1.74,1.08,6.12,2.16,4.44,1.76,24,1.79,1.18,6.71,1.9,4.54,1.79,10,1.6,0.84,4.7,2.16,4.2,1.75,32,0.22,0.828,2.54,0.016,0.21,0.834
625,1,acceptance,accettazione,s,12,24,3.22,3154,8.06,1,0.313357,20,6.2,1.74,5.45,2.46,4.4,2.41,33,5.79,2.19,5.06,2.3,4.67,1.93,23,6,2.39,5.39,2.43,4.96,2.01,10,5.3,1.64,4.3,1.89,4,1.63,31,0.84,0.407,1.26,0.216,1.32,0.196
88,1,cozy,accogliente,a,11,21,3.09,629,6.45,2,0.940072,20,7.15,1.63,6,2.18,3.9,2.47,34,8.03,1.6,4.97,2.98,6.74,1.85,24,8,1.74,5.25,3.1,6.58,1.84,10,8.1,1.29,4.3,2.71,7.1,1.91,32,0.16,0.871,0.84,0.405,0.74,0.466
135,1,easygoing,accomodante,a,11,1,0.69,437,6.08,0,0,20,5.75,1.83,5.25,1.86,3.9,2.05,35,6.4,1.85,4.89,2.53,6.11,1.94,25,6.68,1.82,5.24,2.65,5.84,1.99,10,5.7,1.83,4,2.05,6.8,1.69,33,1.44,0.16,1.32,0.194,1.34,0.189
631,1,agreement,accordo,s,7,514,6.24,148515,11.91,7,9.445490714,20,6.75,1.74,6.55,2.35,5,2.32,34,6.71,1.43,5.82,1.91,6,1.56,24,6.75,1.45,6.08,1.86,5.96,1.57,10,6.6,1.43,5.2,1.99,6.1,1.6,32,0.64,0.529,1.32,0.197,0.49,0.625
486,1,water,acqua,s,5,1113,7.02,54003,10.9,2,26.7920575,20,8.6,1.19,8.55,0.89,8.4,1.31,32,7.78,1.18,4.75,2.83,6.19,1.8,22,7.86,1.08,5.14,2.92,6.14,1.75,10,7.6,1.43,3.9,2.56,6.3,2,30,0.58,0.568,1.15,0.258,0.23,0.816
6,1,adorable,adorabile,a,9,11,2.48,387,5.96,0,0,20,7.35,1.35,6.75,1.89,5,2.15,33,7.33,1.36,4.97,2.31,5.42,2.06,22,7.36,1.43,4.77,2.52,5.23,2.31,11,7.27,1.27,5.36,1.86,5.82,1.47,31,0.18,0.86,0.69,0.497,0.77,0.446
546,1,adult,adulto,a/s,6,99,4.61,9847,9.2,3,12.7432,20,8.05,1.23,7.95,1.05,7.2,1.88,36,5.78,1.59,5.58,2.16,5.22,1.82,24,5.71,1.6,5.63,1.88,5.33,1.52,12,5.92,1.62,5.5,2.71,5,2.37,34,0.37,0.716,0.16,0.873,0.51,0.612
539,1,plane,aereo,a/s,5,206,5.33,56252,10.94,7,6.625270857,20,7.75,2.07,8.7,0.8,8.2,1.54,32,6.56,1.5,5.41,2.45,5.22,1.9,22,6.36,1.62,5.77,2.29,5.05,1.81,10,7,1.15,4.6,2.72,5.6,2.12,30,1.12,0.273,1.27,0.214,0.76,0.452
221,1,hungry,affamato,a,8,46,3.85,1250,7.13,4,2.741876,20,7.65,1.69,6.65,2.87,4.85,2.91,34,4.74,2.35,5.62,2.07,4.88,1.93,24,5.29,2.49,5.79,2,4.88,2.05,10,3.4,1.26,5.2,2.3,4.9,1.73,32,2.01,0.053,0.66,0.513,0.01,0.991
159,1,fascinate,affascinare,v,11,44,3.81,5228,8.56,1,0.626715,20,6.45,1.76,6.45,2.82,3.9,2.49,34,7.97,1.29,6.82,2.47,7.24,1.86,24,7.83,1.4,6.75,2.54,7,1.79,10,8.3,0.95,7,2.4,7.8,1.99,32,0.96,0.345,0.27,0.792,1.15,0.259
162,1,fatigued,affaticato,a,10,11,2.48,666,6.5,4,0.7833935,20,6.9,1.92,7.1,1.94,5.55,1.73,33,3.73,1.63,5.48,1.75,4.67,1.51,23,3.87,1.71,5.91,1.73,4.65,1.77,10,3.4,1.43,4.5,1.43,4.7,0.67,31,0.76,0.454,2.26,0.031,0.08,0.935
7,1,affection,affetto,s,7,176,5.18,9369,9.15,6,39.22192867,20,7.7,1.81,6.9,1.94,5.5,2.95,33,7.48,1.92,6.09,2.65,6.45,1.79,22,7.59,2.17,6.59,2.86,6.64,1.94,11,7.27,1.35,5.09,1.92,6.09,1.45,31,0.44,0.661,1.57,0.127,0.82,0.417
195,1,grief,afflizione,s,10,3,1.39,154,5.04,1,0.626715,20,5.85,1.66,5.3,2.27,5.15,2.06,33,1.94,1.12,6.39,2.16,3.18,2.14,23,1.65,0.71,6.78,2.11,2.52,1.73,10,2.6,1.58,5.5,2.12,4.7,2.31,31,2.4,0.022,1.6,0.119,3,0.005
591,1,drown,affogare,v,8,19,3,1098,7,0,0,20,4.95,3.15,7.15,2.18,5.8,2.38,34,1.79,1.57,7.88,1.74,3.15,2.5,24,1.92,1.79,7.96,1.55,3.13,2.52,10,1.5,0.85,7.7,2.21,3.2,2.57,32,0.7,0.49,0.39,0.699,0.08,0.938
27,1,assault,aggressione,s,11,105,4.66,8444,9.04,1,6.26715,20,4.65,1.84,5.75,2.2,4.45,2.28,36,2.53,1.11,7.08,1.5,3.86,1.31,26,2.62,1.1,7.27,1.48,3.73,1.19,10,2.3,1.16,6.6,1.51,4.2,1.62,34,0.76,0.452,1.21,0.236,0.96,0.344
9,1,aggressive,aggressivo,a,10,73,4.3,7469,8.92,3,5.431526667,20,6.45,1.99,6.95,1.7,6.15,2.08,33,3.48,1.92,6.61,2.03,5.21,2.16,23,3.17,1.92,6.78,1.78,5,1.88,10,4.2,1.81,6.2,2.57,5.7,2.75,31,1.43,0.162,0.75,0.457,0.85,0.401
848,1,limber,agile,a,5,41,3.74,2429,7.8,4,10.88917175,20,6.8,1.82,7.05,1.76,5.25,2.05,31,6.84,1.7,6.29,2.1,6.74,1.61,21,6.81,1.89,6.62,1.96,6.95,1.63,10,6.9,1.29,5.6,2.32,6.3,1.57,29,0.14,0.892,1.28,0.212,1.06,0.3
22,1,agility,agilità,s,7,22,3.14,983,6.89,1,22.8751,20,6,1.95,5.75,2.2,4.1,2.67,36,7.61,1.5,7.14,2.23,7,1.97,26,7.77,1.34,7.31,2.2,7.23,1.88,10,7.2,1.87,6.7,2.36,6.4,2.17,34,1.02,0.314,0.73,0.472,1.14,0.263
837,1,lamb,agnello,s,7,27,3.33,2844,7.95,1,31.0224,20,6,2.05,7.35,1.5,7.35,1.39,33,6.36,1.65,4.91,2.13,5.06,2.09,23,6,1.62,4.96,1.97,4.61,2.06,10,7.2,1.48,4.8,2.57,6.1,1.85,31,2,0.054,0.19,0.849,1.97,0.058
897,1,needle,ago,s,3,58,4.08,2318,7.75,16,4.935377625,20,7.35,1.79,8.2,1.06,8.3,0.92,35,3.77,1.82,5.57,1.63,4.54,1.74,25,3.68,1.93,5.76,1.74,4.24,1.61,10,4,1.56,5.1,1.29,5.3,1.89,33,0.47,0.645,1.08,0.286,1.67,0.104
10,1,agony,agonia,s,6,29,3.4,2429,7.8,0,0,20,5,1.97,5.95,2.31,4.05,2.37,33,1.45,0.9,7.52,1.37,2.64,1.64,21,1.29,0.72,7.14,1.49,2.9,1.84,12,1.75,1.14,8.17,0.83,2.17,1.11,31,1.44,0.159,2.18,0.037,1.26,0.218
420,1,sunrise,alba,s,4,144,4.98,10368,9.25,18,206.6941984,20,7.7,1.3,8.2,1.01,6.3,2.43,35,7.97,1.74,3.97,2.84,5.89,2.01,25,8,1.98,4.16,3.12,6.2,2.12,10,7.9,0.99,3.5,2.07,5.1,1.52,33,0.15,0.881,0.61,0.543,1.49,0.146
450,1,tree,albero,s,6,305,5.72,10124,9.22,5,13.0356728,20,8.3,1.22,8.65,0.93,8.5,1.1,44,6.23,1.95,4.39,2.27,4.8,1.34,34,6.26,2.09,4.74,2.35,4.74,1.36,10,6.1,1.45,3.2,1.55,5,1.33,42,0.23,0.818,1.94,0.06,0.54,0.589
582,1,alcoholic,alcolista,s,9,7,2.08,414,6.03,1,2.1935,20,6.25,2.2,7.1,1.77,6.2,2.31,34,2.35,1.54,5.53,2.23,3.94,2.15,24,2.21,1.59,5.71,2.37,3.79,2.36,10,2.7,1.42,5.1,1.91,4.3,1.57,32,0.85,0.403,0.72,0.478,0.62,0.537
633,1,alien,alieno,a,6,7,2.08,1741,7.46,5,72.1349718,20,6.3,2,6.75,1.83,5.8,2.24,36,5.86,1.66,5.75,1.86,5.44,1.5,24,5.71,1.78,5.79,1.69,5.38,1.71,12,6.17,1.4,5.67,2.23,5.58,1,34,0.78,0.442,0.19,0.852,0.39,0.701
872,1,merry,allegro,a/s,7,138,4.93,9059,9.11,3,10.86305667,20,7.4,1.9,6.9,2.27,4.55,2.78,35,8.11,1.05,5.89,3.08,6.86,2.22,25,8.16,0.94,5.72,3.31,6.68,2.51,10,8,1.33,6.3,2.5,7.3,1.25,33,0.4,0.69,0.5,0.621,0.74,0.465
636,1,allergy,allergia,s,8,18,2.94,1115,7.02,1,3.44693,20,6.6,2.19,7.15,2.03,6.2,2.33,35,3.29,1.96,5.91,1.84,3.91,2.34,24,3.29,2.18,6.33,1.63,3.79,2.41,11,3.27,1.49,5,2,4.18,2.27,33,0.03,0.979,2.09,0.044,0.45,0.654
11,1,alert,allerta,s,7,5,1.79,1911,7.56,4,1.3317705,20,6.85,2.46,5.5,2.5,3.85,3.13,32,5.03,1.73,6.16,1.8,5.75,1.74,22,5.32,1.78,6.64,1.4,5.77,1.69,10,4.4,1.51,5.1,2.18,5.7,1.95,30,1.41,0.168,2.41,0.022,0.11,0.915
264,1,loved,amato,a/s,5,94,4.55,4787,8.47,9,9.017742111,20,7.55,1.54,6.05,2.74,4.95,2.74,35,8.37,1.19,5.43,2.91,6.2,1.86,25,8.36,1.15,5.6,3.1,6.12,1.92,10,8.4,1.35,5,2.49,6.4,1.78,33,0.09,0.93,0.54,0.59,0.4,0.694
14,1,ambition,ambizione,s,9,76,4.34,8645,9.06,2,7.9906,20,6.55,2.06,5.9,2.67,5,2.58,33,7.79,1.36,7.82,1.31,7.52,1.39,23,7.7,1.55,7.83,1.37,7.43,1.41,10,8,0.82,7.8,1.23,7.7,1.42,31,0.58,0.564,0.05,0.959,0.5,0.623
15,1,ambulance,ambulanza,s,9,64,4.17,3564,8.18,1,8.14729,20,7.8,2.02,8.15,1.87,8.55,0.89,34,2.85,1.88,5.97,2.04,3.68,1.74,24,2.63,1.93,6.08,2.24,3.54,1.89,10,3.4,1.71,5.7,1.49,4,1.33,32,1.1,0.279,0.49,0.625,0.7,0.491
175,1,friendly,amichevole,a/s,10,32,3.5,8006,8.99,1,5.64043,20,7.75,1.45,5.75,2.22,4.75,2.59,34,7.29,1.53,5.35,2.24,5.79,1.77,24,7.58,1.67,5.33,2.41,5.88,2.01,10,6.6,0.84,5.4,1.9,5.6,1.07,32,1.76,0.087,0.08,0.938,0.41,0.687
174,1,friend,amico,s,5,1265,7.14,94299,11.45,4,69.64357175,20,8.3,1.34,8.1,1.02,7.75,1.48,34,8.21,1.15,6.18,2.68,6.29,1.88,24,8.5,0.93,6.33,2.82,6.17,2.01,10,7.5,1.35,5.8,2.39,6.6,1.58,32,2.49,0.018,0.52,0.605,0.61,0.549
5,1,admired,ammirato,a,8,23,3.18,817,6.71,5,2.0681574,20,5.9,1.89,5.8,2.55,4.25,2.29,33,7.7,1.26,5.91,2.28,6.76,1.48,21,7.95,1.12,6.29,2.31,6.81,1.47,12,7.25,1.42,5.25,2.18,6.67,1.56,31,1.57,0.126,1.27,0.215,0.26,0.794
263,1,love,amore,s,5,1153,7.05,54169,10.9,5,13.5997058,20,7.05,1.76,6.65,2.18,4.85,2.87,31,8.03,1.52,6.61,2.6,5.42,2.26,21,8.05,1.28,6.9,2.66,4.95,2.42,10,8,2,6,2.49,6.4,1.58,29,0.08,0.936,0.9,0.375,1.72,0.096
16,1,angel,angelo,s,6,76,4.34,5739,8.66,5,24.065854,20,5.25,1.92,6.7,1.22,4.4,2.21,33,7.3,1.67,4.18,2.36,4.97,1.94,23,7.17,1.72,4.26,2.34,5,1.78,10,7.6,1.58,4,2.54,4.9,2.38,31,0.67,0.509,0.29,0.776,0.13,0.895
700,1,corner,angolo,s,6,303,5.72,15459,9.65,3,29.03775733,20,6.8,2.48,8,1.3,7.3,2.03,34,4.88,0.81,4.94,1.86,5.15,1.81,24,4.67,0.7,5.17,1.58,4.92,1.72,10,5.4,0.84,4.4,2.41,5.7,2,32,2.62,0.013,1.1,0.28,1.15,0.257
19,1,anguished,angosciato,a,10,16,2.83,888,6.79,3,1.148978,20,6.1,2.17,7,1.52,5.05,2.21,34,2.03,1.53,5.91,2.61,3.47,2.18,24,2.08,1.77,5.67,2.57,3.5,2.27,10,1.9,0.74,6.5,2.76,3.4,2.07,32,0.31,0.755,0.84,0.405,0.12,0.905
935,1,pet,animale domestico,s,17,NA,NA,NA,NA,NA,NA,20,8,1.34,8.35,1.04,8.45,0.89,44,7.39,2.19,5.98,2.57,6.02,2.06,34,7.26,2.39,6.26,2.73,5.94,2.17,10,7.8,1.32,5,1.63,6.3,1.7,42,0.67,0.503,1.38,0.173,0.48,0.634
48,1,bored,annoiato,a,8,8,2.2,832,6.73,6,0.940072667,20,7.15,1.69,6.1,2.22,5.05,2.42,32,2.22,1.24,5.69,2.48,3.81,1.84,22,2.59,1.3,5.36,2.34,4,1.6,10,1.4,0.52,6.4,2.76,3.4,2.32,30,2.78,0.009,1.1,0.281,0.85,0.401
21,1,anxious,ansioso,a,7,57,4.06,3078,8.03,3,4.491456667,20,7.35,1.63,7.55,1.67,4.9,2.38,44,2.16,1.22,7.25,1.77,3.16,2.01,34,2.06,1.18,7.24,1.97,2.91,2.02,10,2.5,1.35,7.3,0.82,4,1.83,42,1.01,0.32,0.1,0.92,1.53,0.134
259,1,listless,apatico,a,7,2,1.1,236,5.47,1,0.626715,20,5.85,2.56,6.45,2.86,4.75,2.95,33,2.48,1.56,5.45,1.99,4.03,1.79,23,2.09,1.41,5.3,2.2,3.57,1.75,10,3.4,1.58,5.8,1.4,5.1,1.45,31,2.37,0.024,0.65,0.519,2.42,0.021
583,1,bees,ape,s,3,42,3.76,1539,7.34,15,1.775691667,20,7.75,2.07,8.85,0.37,8.55,1.23,32,3.81,2.26,6.34,2.25,4.25,2.3,22,4.41,2.22,6.68,1.7,4.18,2.08,10,2.5,1.84,5.6,3.13,4.4,2.84,30,2.37,0.024,1.27,0.213,0.24,0.808
-,0,clothes_hanger,appendiabiti,s,12,1,0.69,17,2.89,0,0,20,7.75,1.92,8.4,1.47,8.6,0.99,34,5.32,0.94,4.62,1.61,5.26,1.19,24,5.13,0.85,4.67,1.52,5.33,1.2,10,5.8,1.03,4.5,1.9,5.1,1.2,32,1.98,0.056,0.27,0.789,0.52,0.61
267,1,luscious,appetitoso,a,10,9,2.3,382,5.95,3,0.626714667,20,7.1,1.74,6.8,1.91,5.3,2.72,35,7.89,1.05,6.26,2.41,6.29,2.05,25,7.88,1.17,6.12,2.49,6.24,1.98,10,7.9,0.74,6.6,2.27,6.4,2.32,33,0.05,0.96,0.53,0.601,0.21,0.838
640,1,applause,applauso,s,8,136,4.92,17327,9.76,1,29.769,20,7.7,1.49,7.9,1.33,7.4,2.01,36,7,1.84,6,2.18,6.06,2.12,24,6.92,2.1,6.21,2.13,6.04,2.4,12,7.17,1.19,5.58,2.31,6.08,1.51,34,0.38,0.706,0.81,0.425,0.05,0.957
252,1,learn,apprendere,v,10,113,4.74,13762,9.53,1,0.313357,20,6.6,2.64,6.65,2.13,5.45,2.5,34,7.68,1.25,6.82,1.88,5.97,1.59,24,7.58,1.28,6.92,1.77,6.25,1.29,10,7.9,1.2,6.6,2.22,5.3,2.06,32,0.67,0.509,0.44,0.662,1.63,0.113
343,1,rainbow,arcobaleno,s,10,7,2.08,2218,7.7,0,0,20,7.05,1.9,8.6,0.94,5.65,2.7,33,7.64,1.87,5.06,2.85,5.88,2.22,23,7.48,2.11,5.43,2.68,5.74,2.14,10,8,1.15,4.2,3.19,6.2,2.49,31,0.73,0.47,1.15,0.259,0.54,0.591
632,1,air,aria,s,4,774,6.65,44984,10.71,15,12.24181793,20,7.45,1.73,5.65,2.5,4.5,3.1,35,7.34,1.53,5.51,2.48,6.03,1.89,25,7.56,1.42,5.88,2.8,6,1.87,10,6.8,1.75,4.6,0.97,6.1,2.02,33,1.34,0.189,1.4,0.171,0.14,0.89
489,1,weapon,arma,s,4,450,6.11,57929,10.97,15,30.66722367,20,6.3,2.36,8.2,1.2,8,1.41,34,3.65,1.84,6.24,1.84,4.26,2.37,24,3.29,1.71,6.29,1.85,3.71,2.2,10,4.5,1.96,6.1,1.91,5.6,2.32,32,1.8,0.081,0.27,0.787,2.25,0.031
850,1,locker,armadietto,s,10,1,0.69,295,5.69,1,0.626715,20,8,1.86,8.25,1.41,8.25,1.29,35,5.74,1.15,4.31,1.71,5.51,1.2,25,5.8,1.19,4.48,1.5,5.16,0.69,10,5.6,1.07,3.9,2.18,6.4,1.71,33,0.46,0.648,0.9,0.373,3.1,0.004
-,0,closet,armadio,s,7,87,4.48,2624,7.87,4,1.410109,20,7.9,1.77,7.95,2.33,8.3,1.81,36,6.08,1.61,4.56,1.87,5.03,1.73,26,6.08,1.7,4.69,1.81,5.08,1.76,10,6.1,1.45,4.2,2.1,4.9,1.73,34,0.04,0.97,0.7,0.488,0.27,0.788
18,1,angry,arrabbiato,a,10,44,3.81,2071,7.64,4,2.036823,20,7.65,1.39,7.4,2.04,5.8,2.59,32,2.25,1.39,7,1.95,5.56,2.41,22,2.09,1.19,7.5,1.19,5.23,2.2,10,2.6,1.78,5.9,2.81,6.3,2.79,30,0.96,0.346,2.29,0.029,1.17,0.249
25,1,arrogant,arrogante,a,9,34,3.56,2746,7.92,2,2.8202185,20,5.75,2.36,5.65,2.39,4.3,2.39,36,2.42,1.61,6.92,1.78,6.03,2.24,24,2.17,1.49,6.75,1.89,5.83,2.46,12,2.92,1.78,7.25,1.54,6.42,1.73,34,1.33,0.192,0.79,0.435,0.73,0.469
367,1,rusty,arrugginito,v,11,11,2.48,232,5.45,3,0.940073,20,5.95,2.24,6.85,2.25,6.75,2.27,35,4.23,1.09,4.66,1.53,5.17,1.27,25,4.2,1.15,4.92,1.44,5.08,1.38,10,4.3,0.95,4,1.63,5.4,0.97,33,0.24,0.81,1.64,0.11,0.67,0.509
643,1,art,arte,s,4,622,6.43,48175,10.78,19,7.669008105,20,6.35,2.11,6.5,2.21,5.6,2.5,35,7.66,1.35,5.26,2.52,6.17,1.84,25,7.84,1.25,5.76,2.45,6.32,1.86,10,7.2,1.55,4,2.36,5.8,1.81,33,1.28,0.21,1.94,0.061,0.75,0.458
738,1,elevator,ascensore,s,9,53,3.99,2329,7.75,1,1.56679,20,8.1,1.25,8.2,1.15,8.3,1.17,33,5.18,2.62,5.09,2.52,4.79,2.16,23,4.74,2.72,5.43,2.41,4.22,2.02,10,6.2,2.15,4.3,2.71,6.1,1.97,31,1.5,0.143,1.2,0.24,2.48,0.019
561,1,hairdryer,asciugacapelli,s,14,0,0,50,3.93,0,0,20,8.8,0.7,9,0,8.9,0.31,33,6.27,1.59,4.39,2.06,5.61,1.58,22,6.55,1.53,4.59,2.2,5.64,1.33,11,5.73,1.62,4,1.79,5.55,2.07,31,1.42,0.166,0.77,0.446,0.15,0.879
910,1,nursery,asilo,s,5,69,4.25,5149,8.55,4,2.428521,20,7.7,1.26,8.15,1.23,7.95,1.39,33,6.85,1.79,5.39,2.36,5.64,1.67,22,7.32,1.81,5.82,2.7,6,1.83,11,5.91,1.38,4.55,1.13,4.91,1.04,31,2.27,0.03,1.49,0.146,1.83,0.077
989,1,sour,aspro,a,5,64,4.17,6801,8.82,4,4.387005,20,6.1,1.37,6.85,1.46,5.45,2.14,33,4.24,1.75,5.36,1.82,4.48,1.82,23,4.35,1.77,5.3,1.84,4.43,1.97,10,4,1.76,5.5,1.84,4.6,1.51,31,0.52,0.608,0.28,0.781,0.24,0.815
26,1,assassin,assassino,a/s,9,188,5.24,10,2.4,3,8.251754,20,4.55,2.52,7.15,2.39,7.75,1.94,34,1.85,1.74,6.62,2.34,4,2.15,24,2.04,2.01,7.13,2.21,4.33,2.2,10,1.4,0.7,5.4,2.27,3.2,1.87,32,0.82,0.421,1.82,0.078,1.47,0.15
141,1,embattled,assediato,a,9,7,2.08,1693,7.43,4,2.03682225,20,4.45,1.39,5.15,1.93,3.75,1.48,33,3.64,2.1,5.91,2.16,4.36,2.04,23,3.52,2.15,5.78,2.28,4,1.78,10,3.9,2.08,6.2,1.93,5.2,2.44,31,0.47,0.642,0.51,0.617,1.59,0.123
381,1,secure,assicurare,v,10,385,5.96,46204,10.74,1,1.25343,20,5.7,1.92,4.6,2.21,3.65,2.28,33,6.61,1.95,5.45,2.17,5.79,2.09,23,6.78,1.48,5.17,2.1,5.96,1.82,10,6.2,2.82,6.1,2.28,5.4,2.67,31,0.78,0.439,1.13,0.266,0.7,0.49
626,1,ace,asso,s,4,28,3.37,2054,7.63,7,14.41444514,20,6.4,1.73,6.5,1.99,5.35,2.3,33,6.61,1.41,5.76,1.39,6.18,1.61,22,6.82,1.37,6,1.51,6.64,1.56,11,6.18,1.47,5.27,1.01,5.27,1.35,31,1.23,0.228,1.44,0.161,2.47,0.019
623,1,absurd,assurdo,a,7,111,4.72,12128,9.4,3,5.744893333,20,6.7,1.87,5.2,2.8,4.7,2.79,33,4.67,1.31,5.64,1.69,4.55,1.6,22,4.82,1.22,5.86,1.46,4.45,1.37,11,4.36,1.5,5.18,2.09,4.73,2.05,31,0.93,0.357,1.09,0.282,0.46,0.652
474,1,venom,astio,s,5,6,1.95,788,6.67,2,2.0368235,20,5.4,2.39,4.9,2.29,4.3,2.41,33,3,2.03,5.12,2.47,4.64,2.18,23,2.91,1.7,5.17,2.39,4.43,1.67,10,3.2,2.74,5,2.79,5.1,3.11,31,0.37,0.715,0.18,0.856,0.8,0.429
501,1,astronaut,astronauta,s,10,15,2.77,1640,7.4,1,2.50686,20,5.6,2.62,7.5,2.04,7.2,2.38,36,6.47,1.42,5.5,2.1,5.97,1.87,26,6.54,1.39,5.42,2.06,5.92,1.94,10,6.3,1.57,5.7,2.31,6.1,1.79,34,0.44,0.659,0.35,0.729,0.25,0.804
644,1,athletics,atletica,s,8,45,3.83,1000,6.91,3,3.342480667,20,5,2,6.7,1.78,4.1,2.25,33,7.27,1.79,6.15,2.51,6.27,1.88,23,7.17,1.99,6.17,2.57,6.48,1.81,10,7.5,1.27,6.1,2.51,5.8,2.04,31,0.48,0.638,0.08,0.94,0.95,0.348
933,1,penthouse,attico,s,6,8,2.2,764,6.64,9,17.89618822,20,6.45,2.04,7.1,2.27,7.85,1.76,33,6.79,1.71,5.42,2.24,6.09,1.57,23,6.57,1.65,5.61,2.04,5.91,1.41,10,7.3,1.83,5,2.71,6.5,1.9,31,1.14,0.263,0.71,0.481,0.99,0.331
4,1,activate,attivare,v,8,59,4.09,5371,8.59,2,5.4837575,20,5.75,1.94,4.3,2.05,3.1,1.89,35,6.69,1.43,6.2,1.73,6.2,1.61,25,6.64,1.55,6.36,1.78,6.08,1.73,10,6.8,1.14,5.8,1.62,6.5,1.27,33,0.29,0.77,0.86,0.395,0.69,0.493
199,1,handsome,attraente,a,9,37,3.64,1830,7.51,1,1.25343,20,6.7,1.81,6.1,2.07,4.35,2.62,33,7.88,1.19,5.18,2.74,6.03,1.76,22,7.82,1.33,6.14,2.66,6.5,1.57,11,8,0.89,3.27,1.79,5.09,1.81,31,0.41,0.686,3.21,0.003,2.31,0.028
1015,1,tool,attrezzo,s,8,41,3.74,1133,7.03,2,5.3270785,20,7.05,2.04,7.5,2.14,7.75,1.92,33,5.36,1.11,4.67,1.87,5.61,1.46,23,5.22,1.04,4.83,1.87,5.35,1.4,10,5.7,1.25,4.3,1.89,6.2,1.48,31,1.15,0.259,0.74,0.465,1.58,0.124
45,1,bold,audace,a,6,33,3.53,2087,7.64,1,5.01372,20,6.4,1.35,6,1.12,3.85,1.69,34,6.62,1.72,6.32,2.01,5.94,1.69,24,6.46,1.82,6.46,2.02,6.08,1.82,10,7,1.49,6,2.05,5.6,1.35,32,0.83,0.412,0.6,0.553,0.76,0.455
715,1,dawn,aurora,s,6,6,1.95,833,6.73,2,0.313357,20,6,2.43,7.55,1.99,6.35,2.32,34,7.44,2,4.88,2.58,5.74,2.12,24,7.29,2.22,5.25,2.66,6.21,1.96,10,7.8,1.4,4,2.26,4.6,2.17,32,0.67,0.509,1.3,0.203,2.12,0.042
541,1,bus,autobus,s,7,92,4.53,6409,8.77,0,0,20,8.1,1.12,8.25,1.52,8.3,1.34,34,4.85,1.48,5.12,1.97,5.26,1.78,24,4.88,1.48,5.33,1.81,4.79,1.53,10,4.8,1.55,4.6,2.32,6.4,1.9,32,0.18,0.862,0.6,0.553,2.78,0.009
551,1,car,automobile,s,10,806,6.69,15298,9.64,1,21.935,20,7.55,2.19,8.2,1.47,7.55,2.5,35,6.6,1.7,5.94,1.88,6.09,1.48,24,6.63,1.86,6.13,1.87,6.08,1.67,11,6.55,1.37,5.55,1.92,6.09,1.04,33,0.13,0.9,0.84,0.405,0.01,0.989
562,1,highway,autostrada,s,10,103,4.64,16185,9.69,1,11.9076,20,8.2,1.4,8.1,1.29,8.4,0.94,33,5.52,2.11,5.73,2.25,5.39,2.18,23,5.43,2.17,5.87,2.14,5.17,2.27,10,5.7,2.06,5.4,2.59,5.9,1.97,31,0.33,0.746,0.54,0.59,0.88,0.387
29,1,autumn,autunno,s,7,139,4.94,15606,9.66,0,0,20,7.2,1.61,7.6,1.7,5.75,2.07,34,6,2,4.18,2.05,5.03,1.82,24,6,2.06,4.29,2.07,4.88,1.75,10,6,1.94,3.9,2.08,5.4,2.01,32,0.19,0.849,0.3,0.769,0.79,0.433
769,1,greed,avidità,s,7,13,2.64,859,6.76,2,1.566785,20,5.15,2.48,5.4,2.64,4.5,2.21,33,1.82,0.92,6.18,1.99,5.06,2.29,22,1.68,0.78,5.95,2.19,4.82,2.28,11,2.09,1.14,6.64,1.5,5.55,2.34,31,1.22,0.233,0.93,0.362,0.86,0.398
630,1,adventure,avventura,s,9,270,5.6,19428,9.87,1,29.1422,20,5.9,1.68,6.1,1.89,3.95,2.14,33,8.06,1.2,7.06,2.19,6.3,2.24,23,7.91,1.38,7.26,2.2,6.22,2.28,10,8.4,0.52,6.6,2.22,6.5,2.27,31,1.08,0.29,0.79,0.435,0.33,0.745
782,1,hardship,avversità,s,9,8,2.2,396,5.98,0,0,20,6.6,1.76,5.4,2.58,4.15,2.54,35,3.17,1.46,6.63,1.83,4.4,1.72,25,2.96,1.49,6.72,1.67,4.4,1.61,10,3.7,1.34,6.4,2.27,4.4,2.07,33,1.37,0.181,0.46,0.648,0,1
248,1,kiss,bacio,s,5,135,4.91,4445,8.4,6,2.402407,20,8.6,1.19,8.55,0.89,7.95,1.93,35,8.6,0.6,6.54,3.11,6.6,2.03,25,8.64,0.64,6.2,3.28,6.48,2.18,10,8.5,0.53,7.4,2.59,6.9,1.66,33,0.61,0.544,1.03,0.309,0.55,0.588
269,1,maggot,baco,s,4,7,2.08,279,5.63,11,6.096226,20,5.65,2.39,6,2.51,6.3,2.08,33,4.55,1.64,5.18,1.83,4.67,1.36,22,4.59,1.71,4.95,1.68,4.86,1.49,11,4.45,1.57,5.64,2.11,4.27,1.01,31,0.22,0.826,1.01,0.32,1.18,0.246
548,1,bathroom,bagno,s,5,242,5.49,9491,9.16,6,10.54968783,20,6.65,1.79,7.5,1.54,7.35,1.66,33,6.85,1.7,2.52,1.79,5.33,2.17,22,6.91,1.69,2.36,1.76,5.09,2.2,11,6.73,1.79,2.82,1.89,5.82,2.14,31,0.29,0.777,0.68,0.5,0.9,0.373
-,0,balcony,balcone,s,7,65,4.19,2634,7.88,4,13.3176955,20,7.95,1.32,8.7,0.57,8.7,0.66,35,6.31,1.47,4.03,2.01,5.54,1.52,25,6.52,1.48,4.2,2.2,5.8,1.63,10,5.8,1.4,3.6,1.43,4.9,0.99,33,1.32,0.195,0.79,0.433,1.62,0.115
507,1,dancer,ballerino,a/s,9,23,3.18,4173,8.34,3,6.893863333,20,7.15,2.28,8.2,1.24,7.7,1.87,32,5.66,2.15,5.09,2.19,5.78,1.83,22,6.27,1.52,5.32,2.06,5.73,1.61,10,4.3,2.75,4.6,2.5,5.9,2.33,30,2.63,0.013,0.86,0.399,0.24,0.809
70,1,child,bambino,s,7,1288,7.16,76804,11.25,6,59.224612,20,8.05,1.57,8.4,1.05,8.25,1.25,33,7.97,1.55,6.52,2.67,6.39,2.03,21,8.52,0.75,7,2.77,6.95,1.77,12,7,2.09,5.67,2.35,5.42,2.15,31,3.05,0.005,1.4,0.171,2.21,0.034
728,1,doll,bambola,s,7,46,3.85,1885,7.54,2,5.327075,20,7.75,1.62,8.55,0.76,8.25,1.33,32,6.22,1.68,4.91,2.16,6.41,1.52,22,6.41,1.65,5.09,2.2,6.45,1.53,10,5.8,1.75,4.5,2.12,6.3,1.57,30,0.95,0.35,0.71,0.482,0.26,0.795
32,1,bankrupt,bancarotta,s,10,19,3,3657,8.2,1,0.940072,20,3.5,1.93,4.95,2.44,4.1,2.1,33,1.88,1.22,4.06,2.73,5.82,2.8,23,1.7,1.18,3.91,2.66,5.78,2.63,10,2.3,1.25,4.4,2.99,5.9,3.31,31,1.32,0.195,0.47,0.645,0.11,0.914
753,1,flag,bandiera,s,8,153,5.04,21348,9.97,1,14.7278,20,7.2,2.44,8.3,1.22,7.85,1.9,34,6.35,1.45,5.09,2.18,6.12,1.82,24,6.04,1.33,5.29,2.03,5.83,1.46,10,7.1,1.52,4.6,2.55,6.8,2.44,32,2.02,0.052,0.84,0.407,1.43,0.162
650,1,bar,bar,s,3,240,5.48,13729,9.53,26,19.40405796,20,8.45,1.28,8.3,1.69,8.35,1.23,33,6.64,1.52,5.39,2.36,6.21,1.56,23,6.78,1.59,5.3,2.48,6.04,1.58,10,6.3,1.34,5.6,2.17,6.6,1.51,31,0.84,0.41,0.33,0.746,0.94,0.353
76,1,coffin,bara,s,4,40,3.71,3859,8.26,29,10.70819503,20,6.3,2.68,7.95,1.64,7.75,1.8,35,2.11,1.51,6.51,2.01,3.83,2.16,25,1.88,1.48,6.8,2,3.76,2.31,10,2.7,1.49,5.8,1.93,4,1.83,33,1.48,0.149,1.35,0.187,0.29,0.772
529,1,sailboat,barca,s,5,171,5.15,12816,9.46,10,15.0725303,20,8.25,1.41,8.35,1.6,8.35,1.31,34,6.44,1.91,5.12,2.45,5.29,1.71,24,6.58,1.95,5,2.55,5.46,1.86,10,6.1,1.85,5.4,2.27,4.9,1.29,32,0.67,0.51,0.43,0.671,0.86,0.395
651,1,barrel,barile,s,6,13,2.64,6411,8.77,4,1.80180425,20,6.65,2.68,8.35,1.27,8.7,0.92,34,4.65,1.15,4.62,1.56,4.68,1.22,24,4.54,1.25,4.5,1.41,4.54,1.18,10,4.9,0.88,4.9,1.91,5,1.33,32,0.82,0.417,0.68,0.503,0.99,0.327
33,1,bastard,bastardo,a/s,8,24,3.22,1082,6.99,2,1.0967525,20,6.4,2.09,6.5,2.52,5.5,2.52,33,2.06,1.34,6.3,1.67,5.24,1.79,22,1.73,1.03,6.27,1.78,5.32,1.67,11,2.73,1.68,6.36,1.5,5.09,2.07,31,2.12,0.042,0.15,0.885,0.34,0.736
677,1,cane,bastone,s,7,76,4.34,3706,8.22,5,2.1935022,20,6.95,1.93,7.6,1.82,7.75,1.71,34,4.56,1.02,4.76,1.21,5.26,1.58,24,4.58,0.93,4.96,1.08,5.08,1.69,10,4.5,1.27,4.3,1.42,5.7,1.25,32,0.39,0.701,1.61,0.117,0.89,0.382
660,1,bliss,beatitudine,s,11,14,2.71,298,5.7,1,0.313357,20,4.95,1.57,5.15,2.16,3.2,2.07,34,7.71,1.55,4.79,2.79,6.32,1.92,24,7.67,1.76,4.79,2.89,6.5,1.74,10,7.8,0.92,4.8,2.7,5.9,2.33,32,0.16,0.874,0.39,0.698,0.58,0.563
31,1,baby,bebè,s,4,15,2.77,363,5.9,4,0.470036,20,6.3,3.13,8.45,1,8.65,0.81,44,7.82,1.57,6.77,2.55,5.86,1.89,34,7.94,1.67,7.03,2.47,5.76,1.99,10,7.4,1.17,5.9,2.77,6.2,1.55,42,0.95,0.345,1.24,0.222,0.64,0.528
35,1,beauty,bellezza,s,8,294,5.69,12442,9.43,1,8.77401,20,7.1,1.59,7.4,2.23,4.75,2.79,34,7.94,1.43,6.85,1.97,6.68,2.21,24,7.96,1.43,7.04,1.97,6.46,2.3,10,7.9,1.52,6.4,2.01,7.2,1.99,32,0.11,0.916,0.86,0.395,0.89,0.381
654,1,beautiful,bello,a,5,1929,7.57,96911,11.48,15,75.20576507,20,6.9,1.55,7.3,1.69,4.95,2.48,33,8.06,1.25,6.03,2.57,5.64,2.13,23,8.09,1.16,6.04,2.57,5.52,2.33,10,8,1.49,6,2.71,5.9,1.66,31,0.18,0.857,0.04,0.965,0.46,0.647
648,1,bandage,benda,s,5,8,2.2,541,6.3,7,9.355953143,20,6.85,1.5,7.75,1.33,7.75,1.37,33,3.85,1.48,5.64,1.9,3.85,1.8,23,4,1.51,5.7,1.66,3.83,1.5,10,3.5,1.43,5.5,2.46,3.9,2.47,31,0.89,0.381,0.27,0.791,0.11,0.916
42,1,bless,benedire,v,8,39,3.69,2717,7.91,1,1.88014,20,5.2,1.94,6.4,2.21,5.25,2.61,31,6.29,2.07,5.29,1.85,5.32,1.22,21,6.57,1.86,5.57,1.78,5,0.89,10,5.7,2.45,4.7,1.95,6,1.56,29,1.1,0.28,1.24,0.225,2.27,0.031
659,1,blasphemy,bestemmia,s,9,17,2.89,913,6.82,2,1.0967485,20,4.95,2.58,6.5,2.8,5.35,2.76,35,2.29,1.49,6.09,2.13,4.4,2.14,24,1.88,1.08,6.25,1.94,4.25,2.03,11,3.18,1.89,5.73,2.57,4.73,2.45,33,2.61,0.013,0.67,0.509,0.61,0.549
653,1,beast,bestia,s,6,74,4.32,3715,8.22,4,3.0552355,20,5.35,2.66,7.6,1.47,6.6,1.93,36,3.67,2.03,6.75,2.01,4.25,2.44,26,3.62,2.16,6.88,1.99,4.04,2.71,10,3.8,1.75,6.4,2.12,4.8,1.55,34,0.24,0.811,0.64,0.524,0.83,0.41
542,1,white,bianco,a,6,711,6.57,55374,10.92,5,39.7337374,20,7.4,1.6,7.8,1.61,5.75,3.19,33,6.33,1.81,4.45,2.44,5.15,1.89,23,6,1.83,4.43,2.46,5,1.83,10,7.1,1.6,4.5,2.51,5.5,2.07,31,1.64,0.111,0.07,0.945,0.69,0.494
657,1,beverage,bibita,s,6,14,2.71,906,6.81,1,3.44693,20,7.85,1.31,8.05,1.28,8,1.56,33,7.09,1.35,5.24,1.9,6,1.52,22,7.18,1.37,5.73,1.98,6.05,1.46,11,6.91,1.38,4.27,1.35,5.91,1.7,31,0.54,0.594,2.19,0.036,0.24,0.813
-,0,glass,bicchiere,s,9,162,5.09,3664,8.21,1,13.161,20,8.55,0.76,8.8,0.52,8.85,0.49,33,5.76,1.2,4,1.82,6,1.64,21,5.67,1.06,4.14,1.9,6,1.61,12,5.92,1.44,3.75,1.71,6,1.76,31,0.57,0.573,0.59,0.559,0,1
-,0,bicycle,bicicletta,s,10,104,4.65,4722,8.46,1,5.95379,20,8.35,0.88,8.95,0.22,8.85,0.49,32,6.63,1.9,5.31,2.4,6.47,1.93,22,6.91,1.57,5.59,2.34,6.41,2.02,10,6,2.45,4.7,2.54,6.6,1.84,30,1.27,0.214,0.97,0.339,0.25,0.801
662,1,blond,biondo,a,6,164,5.11,7515,8.92,3,21.41275333,20,7.25,1.45,8.05,1.36,7.4,1.7,33,5.88,2.01,4.73,1.61,5.42,1.46,22,5.68,2.21,5,1.54,5.41,1.53,11,6.27,1.56,4.18,1.66,5.45,1.37,31,0.79,0.435,1.4,0.171,0.08,0.934
75,1,cockroach,blatta,s,6,0,0,42,3.76,1,0.313357,20,3.85,2.7,5.35,2.89,5.6,2.87,34,3.03,1.62,5.59,1.94,4.47,1.56,24,3.13,1.7,5.75,2.01,4.42,1.61,10,2.8,1.48,5.2,1.81,4.6,1.51,32,0.06,0.951,0.86,0.398,0.19,0.852
544,1,blue,blu,a,3,210,5.35,16938,9.74,5,1.4414454,20,7.9,1.37,8.15,1.23,5.65,2.68,33,7.33,1.59,4.91,2.45,5.97,1.7,22,7.86,1.21,5.18,2.75,5.86,1.73,11,6.27,1.79,4.36,1.69,6.18,1.72,31,3.03,0.005,0.9,0.375,0.5,0.621
-,0,mouth,bocca,s,5,322,5.78,15543,9.65,7,10.16173743,20,8.8,0.7,8.75,0.72,8.8,0.7,34,6.56,1.64,5.41,2.32,6.26,1.76,24,6.92,1.72,5.58,2.52,6.38,1.93,10,5.7,1.06,5,1.83,6,1.33,32,2.07,0.046,0.66,0.513,0.56,0.58
970,1,scalding,bollente,a,8,53,3.99,1624,7.39,2,2.976895,20,7.3,1.49,7.65,1.6,6.65,1.95,33,2.76,1.7,5.82,2.04,4.12,1.56,22,2.5,1.68,5.68,2.01,4.27,1.67,11,3.27,1.68,6.09,2.17,3.82,1.33,31,1.24,0.223,0.54,0.595,0.79,0.438
832,1,kettle,bollitore,s,9,4,1.61,46,3.85,1,0.313357,20,6.45,2.78,7.4,2.26,7.65,2.21,34,4.74,1.33,5.38,1.83,5.21,1.47,24,4.71,1.37,5.75,1.67,5.21,1.47,10,4.8,1.32,4.5,1.96,5.2,1.55,32,0.18,0.858,1.89,0.068,0.01,0.988
46,1,bomb,bomba,s,5,210,5.35,24705,10.11,7,12.75812657,20,4.3,2.74,6.8,2.57,6.95,2.19,31,1.71,1.37,7.26,1.91,3.32,2.61,21,1.48,1.12,7.52,1.89,3.24,2.72,10,2.2,1.75,6.7,1.95,3.5,2.51,29,1.4,0.173,1.13,0.27,0.26,0.799
664,1,board,bordo,s,5,111,4.72,21641,9.98,8,5.601260125,20,6.15,2.35,6.5,2.98,6.4,2.98,33,4.85,1.09,5.33,1.34,5.06,0.97,23,4.91,1.28,5.39,1.47,4.96,1.07,10,4.7,0.48,5.2,1.03,5.3,0.67,31,0.51,0.615,0.37,0.712,0.94,0.356
666,1,bottle,bottiglia,s,9,122,4.81,7433,8.91,1,15.9812,20,7.8,1.85,8.1,2.07,8.2,1.36,36,5.97,1.73,5.42,1.84,5.33,1.49,26,6,1.83,5.62,1.88,5.27,1.61,10,5.9,1.52,4.9,1.73,5.5,1.18,34,0.15,0.879,1.05,0.303,0.41,0.684
667,1,bouquet,bouquet,s,7,14,2.71,454,6.12,0,0,20,6.2,1.82,7.45,1.54,7.05,1.82,33,6.67,1.98,5.03,2.19,5.67,1.83,23,7.22,1.88,5.3,2.34,5.74,2,10,5.4,1.65,4.4,1.71,5.5,1.43,31,2.64,0.013,1.1,0.282,0.34,0.736
642,1,arm,braccio,s,7,480,6.18,33325,10.41,1,69.5653,20,8.1,1.33,8.25,1.12,8.3,1.17,36,5.64,1.02,4.89,1.6,5.47,1.44,24,5.75,1.15,5,1.72,5.5,1.62,12,5.42,0.67,4.67,1.37,5.42,1.08,34,0.92,0.362,0.58,0.563,0.16,0.873
307,1,patent,brevetto,s,8,17,2.89,1485,7.3,1,3.13357,20,5.15,2.32,6.1,2.25,6.25,2.29,31,6.03,1.83,5.65,1.94,5.77,1.86,21,6.14,1.46,5.67,1.8,5.76,1.64,10,5.8,2.53,5.6,2.32,5.8,2.35,29,0.48,0.635,0.09,0.931,0.05,0.958
669,1,breeze,brezza,s,6,12,2.56,869,6.77,2,0.9400725,20,6.85,2.01,5.95,3.07,6,2.62,33,7.42,1.35,4.09,2.27,5.3,1.88,23,7.65,1.3,4.17,2.52,5.74,1.86,10,6.9,1.37,3.9,1.66,4.3,1.57,31,1.5,0.143,0.31,0.755,2.13,0.041
586,1,burn,bruciatura,s,10,8,2.2,335,5.82,1,1.25343,20,6.4,1.82,7.7,1.45,7.9,1.17,34,3.18,1.71,6.21,1.77,4.09,1.44,24,3.08,1.82,6.54,1.64,4.21,1.44,10,3.4,1.51,5.4,1.9,3.8,1.48,32,0.32,0.754,1.53,0.135,1.02,0.314
53,1,brutal,brutale,a,7,30,3.43,3678,8.21,1,1.25343,20,5.85,2.43,4.6,2.41,3.6,1.79,35,2.6,1.87,6.54,2.17,4.29,2.14,25,2.56,1.94,6.28,2.19,4.28,2.01,10,2.7,1.77,7.2,2.1,4.3,2.54,33,0.2,0.845,1.14,0.264,0.02,0.98
460,1,ugly,brutto,a,6,286,5.66,23426,10.06,7,14.14586014,20,7.1,1.62,6.9,1.77,5.85,2.56,33,3.48,2.09,5.12,2.25,3.85,2.02,23,3.83,2.12,5.22,2.35,3.87,2.18,10,2.7,1.89,4.9,2.08,3.8,1.69,31,1.44,0.159,0.37,0.715,0.09,0.929
257,1,lie,bugia,s,5,50,3.93,2122,7.66,1,8.46065,20,6.5,1.73,5.9,2.25,5.4,2.35,33,2.61,1.6,6.42,1.8,4.82,2.13,23,2.09,1.38,6.61,1.8,4.48,1.9,10,3.8,1.48,6,1.83,5.6,2.5,31,3.21,0.003,0.89,0.381,1.41,0.168
714,1,dark,buio,a/s,4,126,4.84,12364,9.42,7,6.490976714,20,7.15,1.53,8,1.3,5.95,2.21,34,4.82,1.88,4.97,2.63,4.97,2.24,24,4.46,2.04,5.46,2.62,4.83,2.28,10,5.7,1.06,3.8,2.39,5.3,2.21,32,2.08,0.046,1.79,0.083,0.56,0.578
766,1,good,buono,a,5,1653,7.41,109666,11.61,8,50.37217375,20,7.35,1.42,7.3,1.84,4.9,2.34,33,8,1.06,5.36,2.49,6.64,1.43,21,8.24,0.83,5.71,2.47,6.9,1.22,12,7.58,1.31,4.75,2.49,6.17,1.7,31,1.76,0.088,1.07,0.291,1.45,0.158
57,1,butter,burro,s,5,91,4.52,1858,7.53,7,0.850540714,20,7.8,1.36,8.35,1.18,8.5,1,34,5.35,2.23,4.06,1.86,5.47,1.78,24,5.29,2.39,4.42,1.82,5.42,1.74,10,5.5,1.9,3.2,1.75,5.6,1.96,32,0.24,0.808,1.8,0.082,0.27,0.789
-,0,cactus,cactus,s,6,10,2.4,159,5.08,0,0,20,7.35,1.6,8.1,1.68,7.95,1.5,34,4.65,2.29,5.32,2,4.94,1.39,24,4.46,2.45,5.75,2.05,4.92,1.59,10,5.1,1.91,4.3,1.49,5,0.82,32,0.74,0.466,2.02,0.052,0.16,0.876
86,1,corpse,cadavere,s,8,180,5.2,11996,9.39,1,13.4744,20,6.95,1.9,8.2,1.2,7.9,1.55,34,1.65,1.32,7.12,1.97,3.68,2.57,24,1.63,1.53,7.58,1.41,3.54,2.5,10,1.7,0.67,6,2.67,4,2.83,32,0.15,0.883,2.27,0.03,0.47,0.642
743,1,fall,caduta,s,6,128,4.86,20767,9.94,5,9.714071,20,6.9,2.07,7.15,1.87,5.85,2.72,35,3,1.63,6.03,1.89,3.97,1.71,25,3.08,1.71,6.2,1.47,4.08,1.68,10,2.8,1.48,5.6,2.72,3.7,1.83,33,0.45,0.652,0.85,0.403,0.59,0.56
834,1,kick,calciare,v,8,8,2.2,2002,7.6,1,7.83394,20,5.2,2.14,7.2,1.54,5.9,1.71,36,5.28,2.13,6.06,2.33,5.61,1.63,26,5.27,2.24,6.38,2.17,5.42,1.72,10,5.3,1.95,5.2,2.62,6.1,1.29,34,0.04,0.97,1.38,0.175,1.12,0.269
483,1,warmth,calore,s,6,128,4.86,4996,8.52,7,31.51481771,20,7.55,1.7,6.25,2.34,4.75,2.95,32,7.78,1.13,4.41,2.77,6.19,1.87,22,8,1.02,4.77,2.86,6.41,1.84,10,7.3,1.25,3.6,2.5,5.7,1.95,30,1.67,0.105,1.11,0.274,0.99,0.329
-,0,sock,calza,s,5,32,3.5,1826,7.51,11,8.090319091,20,8.15,1.23,8.25,1.07,8.55,0.94,35,5.09,1.38,4.26,1.85,5.14,1.77,25,5.12,1.45,4.4,1.58,4.84,1.7,10,5,1.25,3.9,2.47,5.9,1.79,33,0.23,0.82,0.72,0.479,1.64,0.11
-,0,bedroom,camera,s,6,691,6.54,80271,11.29,3,13.26545733,20,8.65,0.81,8.6,0.99,8.75,0.64,33,6.97,1.55,4.39,2.33,6,1.95,23,7.09,1.65,4.65,2.35,5.7,1.92,10,6.7,1.34,3.8,2.3,6.7,1.95,31,0.65,0.519,0.96,0.342,1.38,0.178
-,0,shirt,camicia,s,7,131,4.88,7133,8.87,2,5.0137185,20,8.15,1.18,8.2,1.15,8.3,1.26,33,5.58,1.39,4.79,1.32,5.06,1.56,22,5.36,1.33,4.86,1.21,5.18,1.5,11,6,1.48,4.64,1.57,4.82,1.72,31,1.25,0.221,0.46,0.648,0.63,0.536
577,1,truck,camion,s,6,60,4.11,7541,8.93,0,0,20,7.55,1.82,8.6,0.75,8.5,1.05,33,4.73,1.46,5.27,1.68,4.58,1.79,23,4.52,1.27,5.22,1.62,4.61,1.83,10,5.2,1.81,5.4,1.9,4.5,1.78,31,1.23,0.227,0.28,0.779,0.16,0.875
682,1,champ,campione,s,8,409,6.02,38565,10.56,3,17.86137233,20,6.25,1.89,6.8,2.12,6.25,2.05,31,6.71,1.53,5.71,1.72,5.19,1.47,21,6.71,1.62,5.48,1.47,4.9,1.34,10,6.7,1.42,6.2,2.15,5.8,1.62,29,0.02,0.981,1.1,0.28,1.63,0.114
558,1,field,campo,s,5,983,6.89,114677,11.65,5,15.3545142,20,7.15,2.13,7.9,1.97,6.9,2.31,35,5.71,1.02,4.77,1.68,5.2,1.26,24,5.79,1.14,5.04,1.73,5.21,1.41,11,5.55,0.69,4.18,1.47,5.18,0.87,33,0.66,0.514,1.43,0.163,0.06,0.955
181,1,gangrene,cancrena,s,8,14,2.71,227,5.43,0,0,20,3.35,1.81,6.65,1.95,6.65,1.79,33,2.12,1.62,6.48,2.36,3.27,2,23,2.17,1.85,6.26,2.26,3,1.76,10,2,0.94,7,2.62,3.9,2.47,31,0.28,0.781,0.82,0.417,1.19,0.242
60,1,cancer,cancro,s,6,50,3.93,5923,8.69,1,0.940072,20,6.55,1.76,6.1,2.51,5.95,2.44,33,1.97,2.04,6.24,2.18,3.18,1.84,23,1.91,1.86,6.17,2.06,3.13,1.91,10,2.1,2.51,6.4,2.55,3.3,1.77,31,0.24,0.813,0.27,0.789,0.24,0.813
-,0,candelabrum,candelabro,s,10,5,1.79,312,5.75,1,0.940072,20,6.2,2.07,7.6,1.43,7.6,1.96,36,5.67,1.26,4.17,1.75,5.08,1.38,24,5.63,1.38,4.13,1.9,4.92,1.35,12,5.75,1.06,4.25,1.48,5.42,1.44,34,0.28,0.784,0.2,0.843,1.02,0.313
511,1,dog,cane,s,4,328,5.8,12450,9.43,24,11.86843,20,8.5,1.28,8.45,1.19,8.55,1.1,34,7.09,2.15,6.15,2.2,5.88,1.72,24,7.21,2.32,6.08,2.39,6,1.93,10,6.8,1.75,6.3,1.77,5.6,1.07,32,0.5,0.622,0.26,0.798,0.61,0.545
678,1,cannon,cannone,s,7,42,3.76,3622,8.2,7,9.490257714,20,5.35,2.21,8.1,1.29,7.75,1.65,33,4.33,2.3,5.76,1.94,4,1.98,23,3.96,1.87,5.7,1.96,3.74,1.94,10,5.2,3.01,5.9,1.97,4.6,2.07,31,1.45,0.157,0.27,0.786,1.15,0.258
1026,1,vest,canottiera,s,10,8,2.2,528,6.27,2,0.7833935,20,7.15,1.84,7.5,1.61,7.75,1.59,33,5.67,1.71,4.48,1.89,5.03,1.57,23,5.74,1.76,4.74,1.76,4.83,1.3,10,5.5,1.65,3.9,2.13,5.5,2.07,31,0.36,0.718,1.18,0.247,1.14,0.264
681,1,cellar,cantina,s,7,67,4.22,2696,7.9,4,3.6036125,20,7,1.81,8.2,1.24,8.05,1.28,34,5.56,1.64,4.71,1.92,5.79,1.49,24,5.25,1.54,4.83,1.76,5.5,1.47,10,6.3,1.7,4.4,2.32,6.5,1.35,32,0.94,0.353,0.88,0.385,1.56,0.129
987,1,song,canzone,s,7,330,5.8,26908,10.2,4,15.432843,20,8.15,1.5,7.3,2.27,6.8,2.42,33,8,1.15,6.33,2.38,6.7,1.72,23,8.09,1.08,6.48,2.35,6.65,1.77,10,7.8,1.32,6,2.54,6.8,1.69,31,0.66,0.517,0.52,0.604,0.22,0.825
684,1,chaos,caos,s,4,78,4.37,8944,9.1,5,0.3760286,20,6.7,2.08,7.2,1.79,5.75,1.89,33,3.82,1.96,6.33,2.13,4.79,2.09,22,4.14,2.1,6.64,2.01,5,1.83,11,3.18,1.54,5.73,2.33,4.36,2.58,31,1.33,0.192,1.16,0.254,0.82,0.418
62,1,capable,capace,a,6,403,6,35051,10.46,4,11.9075715,20,6.1,1.8,5.9,1.77,4.6,2.09,33,7.27,1.72,6.73,1.82,5.85,2.03,23,7.04,1.77,7.04,1.43,5.57,2.11,10,7.8,1.55,6,2.45,6.5,1.78,31,1.17,0.251,1.54,0.133,1.22,0.23
903,1,nipple,capezzolo,s,9,9,2.3,231,5.45,1,2.1935,20,7.65,1.84,8.75,0.55,8.6,1.05,33,6.42,1.84,5.42,2.37,5.52,2.03,23,5.83,1.8,4.96,1.94,4.78,1.68,10,7.8,1.03,6.5,2.99,7.2,1.81,31,3.23,0.003,1.77,0.086,3.71,0.001
783,1,hat,cappello,s,8,112,4.73,5016,8.52,3,8.982913333,20,7.8,1.7,8.8,0.52,8.45,0.94,44,5.7,1.65,4.14,1.42,5.23,1.05,34,5.56,1.65,4.15,1.48,5.21,1.15,10,6.2,1.62,4.1,1.29,5.3,0.67,42,1.08,0.285,0.09,0.928,0.25,0.807
906,1,noose,cappio,s,6,6,1.95,552,6.32,1,0.626715,20,4.55,1.88,6.1,2.36,6.4,2.21,33,2.97,2.01,6.7,1.63,4.52,2.15,23,2.57,2.02,7.3,1.36,4.13,2.32,10,3.9,1.73,5.3,1.34,5.4,1.43,31,1.82,0.079,3.9,0,1.59,0.121
-,0,coat,cappotto,s,8,43,3.78,1922,7.56,1,2.50686,20,8.65,0.81,8.6,1.27,8.75,0.72,33,7.06,1.5,4.61,1.71,5.3,1.26,23,7.43,1.38,4.65,1.85,5.57,1.38,10,6.2,1.48,4.5,1.43,4.7,0.67,31,2.32,0.027,0.23,0.819,1.88,0.07
972,1,scapegoat,capro espiatorio,s,16,NA,NA,NA,NA,NA,NA,20,4.65,2.62,5.2,2.8,3.55,2.67,34,3.88,2.03,5.53,2.19,5.18,2.14,24,3.83,2.24,5.5,2.17,5.46,2.34,10,4,1.49,5.6,2.37,4.5,1.43,32,0.22,0.831,0.12,0.906,1.2,0.24
603,1,rifle,carabina,s,8,1,0.69,368,5.91,0,0,20,3.3,2.2,5.65,2.89,6.05,2.95,34,3.94,1.61,5.53,1.73,5,1.72,24,3.63,1.53,5.88,1.75,4.79,1.67,10,4.7,1.64,4.7,1.42,5.5,1.84,32,1.61,0.117,1.31,0.199,1.37,0.18
829,1,jug,caraffa,s,7,7,2.08,12,2.56,1,0.626715,20,7.2,2.07,7.45,2.06,7.25,2,35,5.71,0.99,4.51,1.38,5.23,1.11,24,5.71,1,4.79,1.18,5.29,1.23,11,5.73,1.01,3.91,1.64,5.09,0.83,33,0.05,0.959,1.81,0.079,0.49,0.628
61,1,candy,caramella,s,9,23,3.18,946,6.85,3,1.984596333,20,8.7,0.92,8.6,1.57,8.8,0.52,33,7.3,1.7,6,2.22,5.48,1.95,23,7.3,1.94,6.61,1.92,5.52,2.02,10,7.3,1.06,4.6,2.32,5.4,1.9,31,0.01,0.995,2.59,0.014,0.16,0.872
679,1,carcass,carcassa,s,8,12,2.56,932,6.84,1,2.50686,20,4.15,2.56,5.6,3.17,6.05,3.14,32,2.78,1.93,5.56,1.87,4.66,1.84,22,2.5,1.79,5.77,1.57,4.64,1.99,10,3.4,2.17,5.1,2.42,4.7,1.57,30,1.23,0.227,0.94,0.353,0.09,0.93
236,1,jail,carcere,s,7,412,6.02,48294,10.79,1,8.77401,20,5.9,2.13,7.65,1.31,7.85,1.23,35,2.43,1.84,6.6,2.29,4,2.28,25,2.44,2.04,6.92,1.96,4.04,2.49,10,2.4,1.26,5.8,2.94,3.9,1.73,33,0.06,0.955,1.32,0.196,0.16,0.872
64,1,caress,carezza,s,7,18,2.94,1084,6.99,3,3.969192333,20,7.7,1.92,7.85,2.06,7.45,2.14,33,8.39,1.14,5.45,2.84,6.64,2.26,23,8.74,0.75,5.96,2.85,6.74,2.28,10,7.6,1.51,4.3,2.58,6.4,2.32,31,2.92,0.006,1.57,0.125,0.39,0.699
97,1,cute,carino,a,6,58,4.08,2530,7.84,16,9.831587688,20,7.45,1.73,7.2,2.04,5.1,2.4,35,8.11,0.9,6.29,2.18,6.97,1.9,24,8.25,0.68,6.67,2.12,7,2.17,11,7.82,1.25,5.45,2.16,6.91,1.22,33,1.33,0.192,1.56,0.128,0.13,0.898
1029,1,wagon,carro,s,5,78,4.37,8985,9.1,16,13.88565888,20,5.6,1.67,7.05,1.61,7.05,1.73,33,5.48,1.56,4.94,1.75,5.03,1.31,23,5.3,1.64,5.09,1.78,5.09,1.41,10,5.9,1.37,4.6,1.71,4.9,1.1,31,1.01,0.322,0.73,0.471,0.37,0.713
-,0,carriage,carrozza,s,8,56,4.04,2086,7.64,2,2.9768975,20,5.75,2.27,8.1,1.33,7.85,1.66,35,6.37,1.37,4.31,2.07,5.69,1.51,25,6.72,1.4,4.36,2.22,5.72,1.67,10,5.5,0.85,4.2,1.75,5.6,1.07,33,2.56,0.015,0.2,0.84,0.21,0.835
303,1,paper,carta,s,5,607,6.41,56326,10.94,13,18.94605338,20,7.9,1.45,7.85,1.53,8.15,1.39,33,6.15,1.64,5.03,2.13,5.76,1.68,23,6.13,1.55,4.83,2.23,5.7,1.79,10,6.2,1.93,5.5,1.9,5.9,1.45,31,0.11,0.913,0.83,0.412,0.32,0.753
209,1,home,casa,s,4,2954,7.99,201918,12.22,21,86.50159567,20,8.6,1.19,8.55,0.83,8.05,2.14,35,8.26,1.22,4.43,2.92,6.23,2,25,8.76,0.6,4.2,3.27,6.48,2.22,10,7,1.49,5,1.83,5.6,1.17,33,5.06,0,0.73,0.473,1.18,0.246
487,1,waterfall,cascata,s,7,25,3.26,1383,7.23,6,1.253428,20,6.35,2.23,7.9,2.13,7.25,2.15,36,7.75,1.42,5,2.89,5.31,2.32,26,7.73,1.56,4.88,2.97,5.04,2.58,10,7.8,1.03,5.3,2.79,6,1.25,34,0.13,0.898,0.38,0.705,1.12,0.271
680,1,casino,casinò,s,6,20,3.04,1950,7.58,5,2.7575464,20,4.4,2.21,7.05,1.73,6.75,2.22,33,4.24,2.12,5.82,2.02,5.33,2.03,23,4,1.98,6.09,1.73,5.04,2.16,10,4.8,2.44,5.2,2.57,6,1.56,31,1,0.327,1.16,0.253,1.26,0.218
-,0,chest_of_drawers,cassettiera,s,11,12,2.56,22,3.14,1,1.88014,20,7.85,1.42,7.85,1.87,8.4,1.05,33,5.58,1.23,4.97,1.61,5.24,1.58,23,5.65,1.4,5.09,1.62,5.22,1.81,10,5.4,0.7,4.7,1.64,5.3,0.95,31,0.54,0.595,0.63,0.534,0.14,0.893
401,1,slum,catapecchia,s,11,2,1.1,147,5,1,0.313357,20,5.35,2.3,6.7,2.43,6.7,2.58,35,2.83,1.27,5.03,1.56,3.94,1.47,24,2.71,1.27,5.17,1.66,4.04,1.55,11,3.09,1.3,4.73,1.35,3.73,1.35,33,0.82,0.417,0.77,0.448,0.58,0.566
741,1,evil,cattivo,a,7,263,5.58,35364,10.47,3,19.21923333,20,6.6,1.9,5.7,2.36,4.65,2.39,35,2.57,1.33,6.14,1.5,4.71,1.82,25,2.44,1.39,6.08,1.61,4.76,1.85,10,2.9,1.2,6.3,1.25,4.6,1.84,33,0.92,0.365,0.39,0.701,0.23,0.819
842,1,lawsuit,causa,s,5,405,6.01,59639,11,6,21.09938617,20,6.6,1.79,5.5,2.72,3.45,2.31,33,5.21,0.96,5.24,1.64,5.33,1.41,23,5.09,0.73,5.39,1.59,5.22,1.2,10,5.5,1.35,4.9,1.79,5.6,1.84,31,1.14,0.263,0.79,0.438,0.71,0.482
214,1,horse,cavallo,s,7,251,5.53,19540,9.88,4,9.94909,20,7.55,1.88,8.1,1.8,8.4,1.31,34,6.41,2,5.38,2.36,5.82,2.08,24,6.5,2.28,5.75,2.56,6.13,2.11,10,6.2,1.14,4.5,1.58,5.1,1.91,32,0.39,0.697,1.43,0.163,1.32,0.195
638,1,ankle,caviglia,s,8,61,4.13,2818,7.94,3,3.238025667,20,8.25,1.12,8.35,1.31,8.35,1.27,33,5.12,0.99,4.67,1.63,5.06,1.03,22,5.27,0.88,4.73,1.96,5,1.15,11,4.82,1.17,4.55,0.69,5.18,0.75,31,1.25,0.22,0.3,0.768,0.47,0.64
587,1,cell,cellula,s,7,98,4.6,6189,8.73,1,25.0686,20,5.05,2.8,5.65,2.74,5.05,2.91,36,5.53,1.59,5.03,2.14,5.36,1.66,26,5.65,1.72,5.19,2.12,5.42,1.79,10,5.2,1.23,4.6,2.27,5.2,1.32,34,0.76,0.452,0.74,0.466,0.36,0.723
509,1,dinner,cena,s,4,213,5.37,12347,9.42,22,7.648769909,20,8.05,1.54,8,1.08,7.7,1.59,33,7.58,1.17,3.97,2.74,6.67,1.61,21,7.71,1.27,4.1,2.83,6.62,1.6,12,7.33,0.98,3.75,2.7,6.75,1.71,31,0.89,0.378,0.34,0.734,0.22,0.827
-,0,centerpiece,centrotavola,s,12,2,1.1,16,2.83,0,0,20,7.4,1.67,8.05,1.32,7.8,1.54,35,5.4,1.09,4.77,1.59,5.26,1.15,24,5.63,1.1,4.79,1.72,5.21,1.06,11,4.91,0.94,4.73,1.35,5.36,1.36,33,1.87,0.071,0.11,0.913,0.37,0.716
687,1,circle,cerchio,s,7,72,4.29,4539,8.42,1,6.26715,20,7.35,1.53,7.8,1.74,6.3,2.13,31,5.77,1.54,4,2.19,5.55,1.55,21,5.33,1.32,4.14,2.13,5.48,1.57,10,6.7,1.64,3.7,2.41,5.7,1.57,29,2.5,0.018,0.52,0.607,0.37,0.713
-,0,brain,cervello,s,8,178,5.19,10085,9.22,3,1.671238,20,6.85,2.32,7.75,1.55,7.75,1.55,34,7.38,1.83,7.29,2.02,7.41,1.88,24,7.63,1.53,7,2.19,7.46,1.67,10,6.8,2.39,8,1.41,7.3,2.41,32,1.21,0.236,1.33,0.193,0.22,0.827
547,1,basket,cesto,s,5,18,2.94,545,6.3,20,68.59395415,20,7.7,1.63,8,1.34,7.85,1.42,35,5.37,0.88,4.66,1.33,5.11,1.05,24,5.38,0.97,4.83,1.34,5.17,1.17,11,5.36,0.67,4.27,1.27,5,0.77,33,0.04,0.972,1.17,0.252,0.43,0.67
68,1,charm,charme,s,6,9,2.3,582,6.37,0,0,20,5.15,2.16,5.5,2.5,3.1,1.74,44,7.36,1.42,5.09,2.18,5.8,1.56,34,7.59,1.23,5.47,2.25,5.79,1.55,10,6.6,1.78,3.8,1.32,5.8,1.69,42,2.01,0.051,2.23,0.031,0.01,0.992
243,1,kerosene,cherosene,s,9,1,0.69,55,4.03,0,0,20,5.1,2.49,5.3,2.41,6.4,2.11,33,4.64,1.52,5.27,1.84,5.03,1.38,23,4.43,1.34,5.61,1.75,4.74,1.25,10,5.1,1.85,4.5,1.9,5.7,1.49,31,1.16,0.253,1.63,0.113,1.91,0.065
833,1,key,chiave,s,6,250,5.53,22329,10.01,4,11.515893,20,8.3,1.3,8.3,1.03,8.3,1.08,33,5.58,1.37,4.94,1.68,5.52,1.54,22,5.77,1.45,5,1.75,5.59,1.44,11,5.18,1.17,4.82,1.6,5.36,1.8,31,1.17,0.249,0.29,0.774,0.39,0.697
71,1,church,chiesa,s,6,515,6.25,63118,11.05,5,34.531914,20,7.7,1.49,8.4,1.14,8,1.52,34,6.18,2.26,3.85,2.51,5.91,1.9,24,6.63,1.86,4.08,2.47,5.67,1.76,10,5.1,2.85,3.3,2.67,6.5,2.17,32,1.86,0.073,0.82,0.416,1.17,0.249
612,1,surgery,chirurgia,s,9,32,3.5,2640,7.88,0,0,20,6,1.86,5.9,2.29,5.65,2.16,33,3.76,2.18,6.52,2.05,4.45,2.15,23,3.87,2.44,6.87,2.03,4.35,2.46,10,3.5,1.51,5.7,1.95,4.7,1.25,31,0.44,0.662,1.54,0.134,0.43,0.673
514,1,food,cibo,s,4,236,5.47,9102,9.12,11,5.668915364,20,8.45,0.83,8.3,1.26,8.35,1.27,34,7.5,1.5,6.47,2.09,6.24,2.08,24,7.5,1.53,7.04,1.76,6.04,2.33,10,7.5,1.51,5.1,2.28,6.7,1.25,32,0.13,0.899,1.98,0.056,0.72,0.476
973,1,scar,cicatrice,s,9,10,2.4,923,6.83,1,1.88014,20,7.15,2.21,8.3,1.03,7.9,1.37,44,2.91,1.84,5.98,1.66,4.57,1.48,34,2.68,1.77,5.97,1.66,4.47,1.35,10,3.7,1.95,6,1.76,4.9,1.91,42,1.57,0.123,0.05,0.961,0.8,0.428
-,0,cyclamen,ciclamino,s,9,1,0.69,121,4.8,0,0,20,5.75,2.47,7.6,1.9,8.05,1.9,44,7.02,1.68,4.52,2.14,5.39,1.62,34,7.06,1.76,4.85,2.24,5.38,1.54,10,6.9,1.45,3.4,1.26,5.4,1.96,42,0.26,0.796,1.95,0.058,0.03,0.976
98,1,cyclone,ciclone,s,7,22,3.14,2584,7.86,2,0.7833935,20,5.25,2.24,6.2,2.19,5.7,2.62,35,3.23,1.88,6.4,1.67,4.03,1.87,25,3.08,1.98,6.56,1.42,4.16,2.06,10,3.6,1.65,6,2.21,3.7,1.34,33,0.73,0.468,0.9,0.377,0.65,0.519
43,1,blind,cieco,a/s,5,73,4.3,5637,8.64,5,24.0031848,20,4.6,2.44,7.15,1.93,6.4,2.39,33,1.94,1.06,6.06,1.85,3.67,1.88,21,1.86,0.85,5.76,2,3.62,1.8,12,2.08,1.38,6.58,1.51,3.75,2.09,31,0.58,0.563,1.23,0.226,0.19,0.851
205,1,heaven,cielo,s,5,321,5.77,24629,10.11,4,14.57111425,20,7.95,1.36,8.2,1.67,6.4,2.87,33,7.82,1.29,4.82,2.48,5.52,1.92,23,8.3,0.93,5.13,2.74,5.91,1.76,10,6.7,1.34,4.1,1.66,4.6,2.07,31,3.99,0,1.1,0.28,1.87,0.071
-,0,cherry_tree,ciliegio,s,8,34,3.56,378,5.94,2,1.8801425,20,7.4,1.76,7.95,1.67,8,1.21,33,6.52,1.44,4.36,1.71,5.3,1.67,22,6.68,1.55,4.41,1.99,5.32,1.99,11,6.18,1.17,4.27,1.01,5.27,0.79,31,0.94,0.355,0.21,0.833,0.07,0.943
65,1,cemetery,cimitero,s,8,69,4.25,6077,8.71,1,4.70036,20,6.55,2.16,7.6,2.14,7.4,2.09,31,2.29,2.25,5.65,2.44,3.26,1.95,21,1.48,1.12,6.38,2.04,2.71,1.65,10,4,3.06,4.1,2.6,4.4,2.12,29,3.38,0.002,2.67,0.012,2.43,0.022
505,1,chocolate,cioccolato,s,10,46,3.85,1246,7.13,1,6.26715,20,8.5,1.15,8.4,1.27,8.5,1,34,8.35,0.85,5.5,3.19,6.41,2.48,24,8.54,0.72,5.17,3.42,7,2.28,10,7.9,0.99,6.3,2.54,5,2.45,32,2.11,0.043,0.94,0.354,2.28,0.029
72,1,circus,circo,s,5,44,3.81,4492,8.41,7,47.45120843,20,6.35,1.5,8,1.03,6.7,1.78,36,6.08,2.29,5.11,2.12,5.53,1.66,24,6.5,2.28,5.63,2.2,5.5,1.82,12,5.25,2.14,4.08,1.56,5.58,1.38,34,1.58,0.123,2.16,0.038,0.14,0.89
73,1,city,città,s,5,1674,7.42,143736,11.88,3,0.417809667,20,7.95,1.05,8.25,1.02,7.65,1.42,34,6.41,1.54,5.76,2.1,5.59,1.99,24,6.33,1.58,6.04,1.83,5.54,1.86,10,6.6,1.51,5.1,2.64,5.7,2.36,32,0.45,0.652,1.2,0.24,0.21,0.836
94,1,cuddle,coccolare,v,9,20,3.04,899,6.8,0,0,20,5.95,2.39,7.2,2.14,7.05,2.11,36,8.28,1.11,5.83,1.42,3.94,2.89,24,8.42,1.02,5.83,1.31,3.67,2.81,12,8,1.28,5.83,1.7,4.5,3.09,34,1.06,0.296,0,1,0.81,0.422
703,1,coward,codardo,a,7,5,1.79,251,5.53,2,0.6267145,20,5.85,1.84,5.15,2.68,3.95,2.52,35,2.89,1.49,5.97,1.67,5.66,2.01,25,3.04,1.43,5.84,1.57,5.64,1.96,10,2.5,1.65,6.3,1.95,5.7,2.26,33,0.97,0.34,0.73,0.47,0.08,0.938
17,1,anger,collera,s,7,33,3.53,1220,7.11,4,14.17941225,20,6.35,1.76,6.3,2.11,5,2,33,2.7,1.7,7.03,1.88,4.64,2.28,23,2.39,1.5,7.09,1.95,4.22,2.26,10,3.4,2.01,6.9,1.79,5.6,2.12,31,1.6,0.12,0.26,0.797,1.65,0.11
89,1,crash,collisione,s,10,11,2.48,2381,7.78,2,1.0967485,20,6.3,2.43,7.2,2.42,5.45,2.74,34,2.88,1.59,6.82,1.53,3.88,1.59,24,2.71,1.46,6.71,1.46,3.88,1.65,10,3.3,1.89,7.1,1.73,3.9,1.52,32,0.99,0.331,0.68,0.504,0.04,0.967
-,0,neck,collo,s,5,179,5.19,7625,8.94,15,14.99937307,20,8.05,1.32,8.1,1.37,8.3,1.26,33,6.76,1.46,4.85,2.43,5.3,1.91,23,6.91,1.53,5.09,2.39,5.26,1.91,10,6.4,1.26,4.3,2.54,5.4,2.01,31,0.93,0.361,0.85,0.4,0.19,0.851
730,1,dove,colombo,s,7,7,2.08,789,6.67,3,3.342476667,20,5.45,2.42,6.25,2.43,6.25,2.57,35,5.6,1.12,4.71,1.93,5.4,1.56,24,5.75,1.22,5,2.02,5.33,1.66,11,5.27,0.79,4.09,1.64,5.55,1.37,33,1.18,0.246,1.3,0.201,0.37,0.714
695,1,column,colonna,s,7,133,4.9,12414,9.43,2,18.6448,20,6.4,1.9,8,1.3,7.9,1.45,33,5.52,1.03,4.3,1.86,5.45,1.37,21,5.52,1.17,4.76,1.79,5.62,1.2,12,5.5,0.8,3.5,1.78,5.17,1.64,31,0.06,0.95,1.95,0.06,0.91,0.37
694,1,color,colore,s,6,615,6.42,26975,10.2,10,30.5210216,20,8,1.34,7.95,1.5,6.85,2.32,35,7.43,1.22,5.63,2.02,6.2,1.62,24,7.5,1.22,5.75,2.15,6.13,1.6,11,7.27,1.27,5.36,1.75,6.36,1.75,33,0.51,0.616,0.52,0.606,0.4,0.693
747,1,fault,colpa,s,5,312,5.75,30979,10.34,10,39.827746,20,6.9,1.83,6.3,2.27,3.95,2.48,44,3.43,1.47,5.52,1.8,4.25,1.64,34,3.5,1.52,5.53,1.78,4.03,1.51,10,3.2,1.32,5.5,1.96,5,1.94,42,0.56,0.576,0.04,0.964,1.68,0.101
197,1,guilty,colpevole,a/s,9,81,4.41,15302,9.64,1,16.2946,20,6,2,5.25,2.31,4.2,2.5,35,2.31,1.28,6.43,1.99,3.49,1.85,25,2.16,1.37,6.44,2.27,3.36,2,10,2.7,0.95,6.4,1.07,3.8,1.48,33,1.13,0.265,0.05,0.958,0.63,0.534
594,1,hit,colpire,v,7,540,6.29,58798,10.98,2,4.700361,20,5.9,1.37,6.5,1.93,5.85,2.64,33,4.21,1.8,6.21,1.75,5.42,2.03,21,3.62,1.43,6.33,1.43,5.1,2.05,12,5.25,1.96,6,2.26,6,1.95,31,2.75,0.01,0.52,0.606,1.24,0.224
596,1,knife,coltello,s,8,117,4.77,5688,8.65,3,3.551371333,20,6.9,2.43,8.05,1.28,7.75,1.71,35,3.94,1.49,5.71,1.92,5,1.35,25,3.72,1.57,6.08,1.53,5.12,1.33,10,4.5,1.18,4.8,2.53,4.7,1.42,33,1.42,0.166,1.85,0.074,0.83,0.414
696,1,comfort,comfort,s,7,31,3.47,560,6.33,1,4.387,20,6.5,1.96,6.7,1.98,5.1,2.22,35,7.8,1.08,3.83,2.54,6.4,2.06,25,7.96,1.06,3.96,2.76,6.48,2.1,10,7.4,1.07,3.5,1.96,6.2,2.04,33,1.41,0.169,0.48,0.635,0.36,0.722
77,1,comedy,commedia,s,8,155,5.05,14125,9.56,1,8.77401,20,6.55,1.43,6.45,1.88,5.45,2.21,35,6.83,1.34,4.74,1.96,5.89,1.39,25,7,1.38,4.8,2.12,5.84,1.34,10,6.4,1.17,4.6,1.58,6,1.56,33,1.21,0.237,0.27,0.79,0.3,0.763
150,1,errand,commissione,s,11,460,6.13,107688,11.59,4,3.681961,20,6.8,1.82,6.35,2.56,6.05,2.76,35,5.2,1.75,5.86,1.72,4.91,1.76,25,5.28,1.97,6.08,1.8,4.92,1.93,10,5,1.05,5.3,1.42,4.9,1.29,33,0.42,0.675,1.22,0.23,0.03,0.976
-,0,dresser,comò,s,4,8,2.2,121,4.8,8,529.5343914,20,8.05,1.28,8.1,1.29,8.25,1.25,33,5.12,1.14,4.48,1.35,5.21,1.41,22,4.86,1.13,4.68,1.09,5.14,1.39,11,5.64,1.03,4.09,1.76,5.36,1.5,31,1.91,0.065,1.19,0.242,0.43,0.669
-,0,bedside_table,comodino,s,8,26,3.3,546,6.3,1,1.56679,20,8,1.41,8.2,1.32,8.25,1.25,33,5.15,1.12,4.33,1.41,4.97,1.45,22,4.95,1.17,4.77,1.15,4.82,1.62,11,5.55,0.93,3.45,1.51,5.27,1.01,31,1.45,0.157,2.79,0.009,0.85,0.403
39,1,birthday,compleanno,s,10,75,4.33,4777,8.47,1,1.25343,20,8,1.78,7.6,2.11,6.1,2.53,33,7.88,1.65,7.18,1.83,6.73,1.61,23,8.09,1.41,7.61,1.67,6.83,1.61,10,7.4,2.12,6.2,1.87,6.5,1.65,31,1.1,0.28,2.15,0.04,0.53,0.6
552,1,computer,computer,s,8,221,5.4,24061,10.09,0,0,20,8.4,0.94,8.8,0.7,8.2,1.74,44,6.34,1.72,5.34,1.89,5.14,1.82,34,6.29,1.77,5.65,1.7,4.88,1.9,10,6.5,1.65,4.3,2.21,6,1.25,42,0.33,0.744,2.05,0.046,1.74,0.089
78,1,concentrate,concentrarsi,v,12,135,4.91,1000,6.91,2,0.7833935,20,7.05,1.85,6.15,2.78,4.3,2.68,33,6.58,1.89,5.76,2.37,5.94,2.18,23,6.35,2.08,5.87,2.4,5.74,2.34,10,7.1,1.29,5.5,2.42,6.4,1.78,31,1.05,0.3,0.41,0.688,0.8,0.432
80,1,confused,confuso,a,7,110,4.71,8057,8.99,4,6.267158,20,7.25,1.45,6.35,2.25,4.6,2.23,44,2.98,1.41,5.89,2.05,3.91,1.65,34,2.79,1.39,6,2,3.79,1.79,10,3.6,1.35,5.5,2.27,4.3,1.06,42,1.62,0.112,0.67,0.504,0.85,0.402
54,1,bunny,coniglietto,s,11,0,0,107,4.68,0,0,20,7.35,2.08,8.35,1.6,7.95,2.28,35,7.11,1.57,3.57,2.28,5.8,1.92,25,7.52,1.5,3.52,2.4,5.88,2.13,10,6.1,1.29,3.7,2.06,5.6,1.35,33,2.62,0.013,0.21,0.836,0.38,0.703
527,1,rabbit,coniglio,s,8,30,3.43,1212,7.1,0,0,20,6.85,1.9,8.15,1.31,8,1.45,33,6.36,1.82,4.76,2.03,5.61,1.34,22,6.41,2.06,5,2.16,5.59,1.37,11,6.27,1.27,4.27,1.74,5.64,1.36,31,0.2,0.843,0.97,0.34,0.09,0.929
249,1,knowledge,conoscenza,s,10,326,5.79,20282,9.92,1,19.7415,20,6.8,1.88,5.35,2.87,4.35,2.8,31,7.84,1.51,6.74,2.16,6.42,2.26,21,7.71,1.59,6.52,2.06,6.48,2.18,10,8.1,1.37,7.2,2.39,6.3,2.54,29,0.66,0.515,0.81,0.424,0.2,0.843
81,1,consoled,consolato,s,9,11,2.48,1553,7.35,3,1.357882333,20,5.35,1.87,5.8,2.24,4.95,2.09,31,5.68,1.87,5.06,1.39,4.65,1.66,21,5.9,1.51,5.24,0.89,4.48,1.69,10,5.2,2.49,4.7,2.11,5,1.63,29,0.98,0.335,1.01,0.321,0.81,0.422
503,1,cash,contante,s,8,40,3.71,4458,8.4,5,18.801454,20,7.15,1.87,7.05,2.67,7.5,1.79,36,6.81,1.62,5.81,2.04,5.69,2.03,26,6.69,1.64,5.69,1.93,5.62,2,10,7.1,1.6,6.1,2.38,5.9,2.18,34,0.67,0.506,0.53,0.598,0.37,0.712
83,1,contents,contenuto,s,9,154,5.04,24323,10.1,4,11.0458575,20,5.8,2.04,4.95,2.09,5.05,2.48,34,5.56,1.42,4.71,1.75,5.44,1.19,24,5.33,1.43,5.04,1.63,5.46,1.35,10,6.1,1.29,3.9,1.85,5.4,0.7,32,1.46,0.154,1.79,0.083,0.13,0.898
84,1,context,contesto,s,8,81,4.41,11498,9.35,4,9.32238125,20,6.85,1.81,5.2,2.89,4.65,2.8,32,5.84,1.14,5.09,2.13,6.03,1.84,22,5.77,1.02,5.55,1.5,5.82,1.87,10,6,1.41,4.1,2.96,6.5,1.78,30,0.52,0.609,1.85,0.075,0.97,0.339
506,1,couple,coppia,s,6,423,6.05,26719,10.19,3,19.42816667,20,7,2.08,7.35,1.46,6.6,2.23,33,7.55,1.54,5.21,2.37,6.12,1.92,22,7.86,1.46,5.41,2.61,6.05,2.03,11,6.91,1.58,4.82,1.83,6.27,1.74,31,1.73,0.094,0.67,0.508,0.32,0.754
668,1,brave,coraggioso,a,10,80,4.39,7625,8.94,3,5.013716667,20,6.65,2.03,5.8,1.99,5.55,2.14,33,7.7,1.07,7.12,1.56,6.61,2.01,23,7.61,1.16,7.26,1.36,6.83,2.1,10,7.9,0.88,6.8,1.99,6.1,1.79,31,0.71,0.483,0.78,0.443,0.95,0.349
698,1,cord,corda,s,5,115,4.75,5764,8.66,12,14.98894283,20,7.05,2.44,8.3,1.26,8,1.65,32,4.28,1.33,5.31,1.82,5.31,1.67,22,3.95,1.46,5.82,1.53,5.14,1.75,10,5,0.47,4.2,1.99,5.7,1.49,30,2.19,0.036,2.52,0.017,0.88,0.386
-,0,frame,cornice,s,7,60,4.11,4798,8.48,1,2.82022,20,7.15,2.23,8.35,1.04,8.05,1.43,34,6,1.44,4.56,2.11,5.74,1.46,24,6.29,1.52,4.83,2.18,5.83,1.55,10,5.3,0.95,3.9,1.85,5.5,1.27,32,1.67,0.105,1.12,0.272,0.42,0.674
90,1,crown,corona,s,6,61,4.13,5691,8.65,4,0.940073,20,6.45,2.7,8,1.34,7.95,1.61,34,6.41,1.78,5.21,2.36,6.06,1.92,24,6.83,1.81,5.42,2.57,6.29,2.05,10,5.4,1.26,4.7,1.77,5.5,1.51,32,2.27,0.03,0.8,0.428,1.1,0.28
665,1,body,corpo,s,5,876,6.78,50353,10.83,10,48.8211146,20,8.4,1.47,8.45,0.89,8.4,1.1,35,6.8,1.81,5.66,2.41,6.26,1.7,25,6.64,1.85,5.64,2.4,6.12,1.69,10,7.2,1.75,5.7,2.58,6.6,1.78,33,0.82,0.417,0.07,0.948,0.75,0.46
701,1,corridor,corridoio,s,9,157,5.06,9128,9.12,0,0,20,7.3,1.53,7.55,1.5,7.5,1.67,33,5.06,1.2,4.39,1.41,4.73,0.94,23,4.83,0.89,4.57,1.38,4.57,0.73,10,5.6,1.65,4,1.49,5.1,1.29,31,1.76,0.088,1.06,0.298,1.53,0.137
571,1,runner,corridore,s,9,62,4.14,3598,8.19,1,11.9076,20,5.9,2.17,7.2,1.7,7,1.97,35,5.69,1.53,5.77,1.85,5.91,1.77,25,5.68,1.7,5.92,2.04,6,1.94,10,5.7,1.06,5.4,1.26,5.7,1.34,33,0.03,0.973,0.75,0.46,0.45,0.658
702,1,corrupt,corrotto,a/s,8,30,3.43,4666,8.45,3,10.54969,20,5.3,2.2,5.3,2.6,4.3,2.52,35,1.94,1.78,6.77,2.31,4.26,2.38,25,2.28,2.01,6.68,2.27,4.4,2.38,10,1.1,0.32,7,2.54,3.9,2.47,33,1.83,0.076,0.36,0.718,0.56,0.582
245,1,kind,cortese,a,7,32,3.5,2742,7.92,3,2.1935033330000002,20,6.15,2.39,5,2.41,4.35,2.54,36,7.39,2,4.58,2.78,5.81,1.98,26,7.54,1.94,4.69,2.9,5.85,1.93,10,7,2.21,4.3,2.58,5.7,2.21,34,0.72,0.478,0.37,0.71,0.2,0.846
320,1,politeness,cortesia,s,8,33,3.53,2891,7.97,1,0.626715,20,7.65,1.57,6.6,2.93,4.6,3.03,33,7.97,1.16,5.48,2.67,6.55,1.84,23,8.17,1.07,5.52,2.73,6.3,1.89,10,7.5,1.27,5.4,2.67,7.1,1.66,31,1.57,0.127,0.12,0.906,1.15,0.26
691,1,coast,costa,s,5,134,4.91,12534,9.44,19,17.41607468,20,7.4,2.04,8.2,1.4,8,1.56,34,7.12,1.85,5,2.76,6.21,2.09,24,7.21,1.72,5,2.87,6.33,1.88,10,6.9,2.23,5,2.62,5.9,2.6,32,0.44,0.666,0,1,0.55,0.589
608,1,skull,cranio,s,6,35,3.58,1462,7.29,3,2.715765667,20,7.3,1.81,7.65,2.3,8.2,1.85,33,5.18,1.74,5.09,1.31,5.39,1.43,23,5.17,2.04,5.22,1.48,5.57,1.62,10,5.2,0.79,4.8,0.79,5,0.82,31,0.04,0.969,0.84,0.408,1.04,0.306
-,0,cupboard,credenza,s,8,43,3.78,1100,7,1,6.89386,20,7.3,1.22,7.55,1.05,7.7,1.17,31,5.68,1.45,5.32,1.76,5.19,1.78,21,5.71,1.55,5.48,1.6,4.62,1.56,10,5.6,1.26,5,2.11,6.4,1.65,29,0.2,0.841,0.7,0.49,2.91,0.007
1022,1,twilight,crepuscolo,s,10,9,2.3,903,6.81,0,0,20,5.55,2.46,6.95,1.96,4.55,2.11,35,6.74,1.69,4.03,2.16,5.43,2.09,25,6.96,1.59,4.28,2.28,5.6,2.08,10,6.2,1.87,3.4,1.78,5,2.16,33,1.21,0.234,1.09,0.283,0.76,0.451
705,1,criminal,criminale,a,9,76,4.34,14525,9.58,1,23.1884,20,5.3,2.39,6.2,2.31,5.7,2.6,36,1.58,0.87,7.11,1.97,4.03,2.44,24,1.46,0.72,7.42,1.61,4.08,2.64,12,1.83,1.11,6.5,2.5,3.92,2.11,34,1.22,0.23,1.33,0.192,0.19,0.85
704,1,crime,crimine,s,7,75,4.33,11077,9.31,2,5.7971285,20,4.55,2.65,6.05,2.48,5.3,2.39,31,2.48,2.29,7,1.57,3.9,2.33,21,2.43,2.62,7.19,1.69,3.9,2.21,10,2.6,1.51,6.6,1.26,3.9,2.69,29,0.19,0.85,0.98,0.336,0.01,0.996
706,1,crisis,crisi,s,5,694,6.54,107664,11.59,1,0.940072,20,6.95,1.64,6.4,1.85,5.75,2.4,33,2.21,1.56,6.73,1.75,4,2.21,22,2.18,1.53,7.05,1.81,3.91,2.41,11,2.27,1.68,6.09,1.51,4.18,1.83,31,0.16,0.877,1.5,0.143,0.33,0.744
91,1,crucify,crocifiggere,v,12,3,1.39,307,5.73,0,0,20,6.25,2.43,6.85,2.01,5.55,2.56,35,1.6,1.06,7.17,1.62,2.86,2.3,25,1.32,0.63,7.16,1.7,2.68,2.44,10,2.3,1.57,7.2,1.48,3.3,1.95,33,2.68,0.011,0.07,0.948,0.71,0.48
92,1,cruel,crudele,a,7,67,4.22,5500,8.61,1,6.58051,20,4.85,2.39,6.1,1.83,5.65,2.32,34,2.68,1.72,5.26,1.91,4.76,1.91,24,2.75,1.94,5.5,2.09,5,1.84,10,2.5,1.08,4.7,1.34,4.2,2.04,32,0.47,0.644,1.31,0.199,0.58,0.565
-,0,spoon,cucchiaio,s,9,197,5.29,385,5.96,0,0,20,7.75,2.2,8.9,0.45,8.55,1.39,33,5.64,1.34,4.18,1.81,6.55,1.75,21,5.76,1.26,3.9,1.61,6.62,1.72,12,5.42,1.51,4.67,2.1,6.42,1.88,31,0.71,0.486,1.17,0.251,0.31,0.755
336,1,puppy,cucciolo,s,8,40,3.71,883,6.78,4,1.8801435,20,7.55,1.67,8,1.21,7.8,1.32,33,7.42,1.89,5.27,2.64,6.3,2.01,23,7.3,2.05,5.91,2.52,6.17,2.06,10,7.7,1.49,3.8,2.39,6.6,1.96,31,0.55,0.588,2.24,0.032,0.55,0.583
709,1,cuisine,cucina,s,6,271,5.61,7511,8.92,7,2.641155286,20,7.85,1.57,7.95,1.32,8.15,1.42,33,7.61,1.32,5.21,2.89,6.36,2.09,21,7.67,1.32,5.57,2.8,6.57,1.91,12,7.5,1.38,4.58,3.06,6,2.41,31,0.34,0.733,0.94,0.353,0.75,0.458
697,1,cook,cucinare,v,8,69,4.25,1761,7.47,1,0.626715,20,8.15,1.27,8.2,1.32,7.7,1.63,34,7.56,1.74,6.12,2.85,6.85,2.23,24,7.58,1.84,5.96,3.11,7.08,2.17,10,7.5,1.58,6.5,2.17,6.3,2.41,32,0.13,0.901,0.5,0.621,0.93,0.359
787,1,heart,cuore,s,5,672,6.51,48360,10.79,4,10.81083175,20,7.95,1.1,8.1,1.17,7.2,2.09,33,7.42,2.05,5.85,2.56,5.97,2.14,23,7.61,1.9,6.35,2.5,5.91,2.33,10,7,2.4,4.7,2.45,6.1,1.73,31,0.78,0.441,1.75,0.09,0.23,0.822
95,1,curious,curioso,a/s,7,151,5.02,13438,9.51,4,10.57581,20,7,1.52,6,2.66,3.6,2.09,33,7.42,1.48,6.36,2.52,6.21,2,23,7.74,1.36,6.87,2.4,6.52,2.02,10,6.7,1.57,5.2,2.53,5.5,1.84,31,1.93,0.063,1.81,0.08,1.37,0.181
315,1,pillow,cuscino,s,7,57,4.06,1243,7.13,2,4.8570385,20,8.1,1.48,8.25,1.02,8.3,1.17,33,7.88,1.32,2.27,1.7,5.82,2.48,23,7.96,1.36,2.3,1.69,5.87,2.3,10,7.7,1.25,2.2,1.81,5.7,2.98,31,0.51,0.615,0.16,0.874,0.18,0.86
808,1,impair,danneggiare,v,11,68,4.23,8771,9.08,1,1.56679,20,5.65,2.23,5.65,2.21,5.4,2.33,33,2.15,1.23,5.64,1.71,4.97,1.61,23,1.96,1.02,5.83,1.75,5,1.65,10,2.6,1.58,5.2,1.62,4.9,1.6,31,1.4,0.17,0.97,0.342,0.16,0.873
712,1,damage,danno,s,5,272,5.61,38603,10.56,11,230.2040076,20,6.2,1.77,6.4,1.57,5.3,2.47,33,3.12,1.62,5.21,2.13,4,1.68,23,3.35,1.58,4.96,1.72,4.04,1.52,10,2.6,1.65,5.8,2.9,3.9,2.08,31,1.23,0.227,1.05,0.304,0.22,0.825
101,1,debt,debito,s,6,182,5.21,34105,10.44,5,6.5804984,20,6.8,2.24,6.3,2.45,4.85,2.43,33,1.73,1.18,6.55,2.11,3.52,1.92,23,1.65,1.11,6.39,2.17,3.7,1.87,10,1.9,1.37,6.9,2.02,3.1,2.08,31,0.55,0.587,0.63,0.533,0.81,0.422
164,1,feeble,debole,a,6,166,5.12,23171,10.05,1,23.8152,20,6.2,2.04,5.8,2.33,3.95,2.44,36,2.25,1.25,6.08,2.39,3.33,2.31,26,1.88,0.91,6.08,2.54,2.92,2.38,10,3.2,1.55,6.1,2.08,4.4,1.78,34,3.17,0.003,0.03,0.98,1.77,0.085
102,1,decompose,decomporsi,v,10,5,1.79,50,3.93,0,0,20,5.45,1.76,5.7,2.27,5.1,2,34,3.74,1.91,5.12,2.09,4.35,1.45,24,3.79,2.11,5.25,1.89,4.54,1.44,10,3.6,1.43,4.8,2.57,3.9,1.45,32,0.53,0.602,0.56,0.577,1.4,0.17
719,1,decorate,decorare,v,8,73,4.3,1171,7.07,1,7.52058,20,7.15,1.63,6.9,1.89,6.2,2.42,34,6.94,1.79,5.53,2.56,6.26,1.96,24,7.21,1.74,6.17,2.43,6.29,2.03,10,6.3,1.83,4,2.31,6.2,1.87,32,1.36,0.182,2.4,0.022,0.12,0.903
720,1,deformed,deforme,a,7,7,2.08,359,5.89,2,0.7833935,20,5.3,1.56,6.15,1.69,5.2,1.58,33,2.94,1.69,5.73,2.02,3.61,1.69,22,2.59,1.3,6.09,2.2,3.27,1.75,11,3.64,2.2,5,1.41,4.27,1.42,31,1.72,0.095,1.49,0.146,1.64,0.111
105,1,delight,delizia,s,7,14,2.71,982,6.89,2,0.7833935,20,6.75,2,6.6,2.68,4.9,2.63,33,7.97,0.85,5.42,2.49,5.97,1.63,23,8.3,0.7,5.3,2.91,6.17,1.75,10,7.2,0.63,5.7,1.06,5.5,1.27,31,4.27,0,0.41,0.681,1.1,0.282
120,1,disappoint,deludere,v,8,51,3.95,8542,9.05,0,0,20,7,1.72,6.2,2.53,4.6,3.2,35,1.8,1.62,7.09,2.11,3.17,2.16,25,1.52,0.92,6.96,2.32,3.16,2.13,10,2.5,2.64,7.4,1.51,3.2,2.35,33,1.65,0.108,0.55,0.584,0.05,0.961
106,1,demon,demonio,s,7,16,2.83,1030,6.94,1,0.626715,20,4.15,2.23,6.2,2.19,2.65,1.76,44,1.77,1.36,6.8,2.16,4.5,2.43,34,1.62,1.26,6.74,2.33,4.62,2.58,10,2.3,1.64,7,1.56,4.1,1.85,42,1.41,0.166,0.34,0.738,0.59,0.559
282,1,money,denaro,s,6,337,5.82,31485,10.36,4,48.25700425,20,7.7,1.45,7.8,1.44,7.85,1.6,33,7.73,1.66,6.61,2.18,5.03,2.53,23,7.74,1.86,6.52,2.09,4.57,2.52,10,7.7,1.16,6.8,2.49,6.1,2.33,31,0.06,0.952,0.33,0.742,1.64,0.111
589,1,dentist,dentista,s,8,23,3.18,1597,7.38,2,1.0967485,20,7.4,1.79,8.25,1.37,8.15,1.35,33,3.91,2.02,6.03,2.23,3.97,2.05,22,3.64,2.04,6.27,1.78,4.32,2.06,11,4.45,1.97,5.55,2.98,3.27,1.95,31,1.1,0.28,0.88,0.385,1.4,0.172
108,1,depression,depressione,s,11,75,4.33,5607,8.63,2,5.327075,20,5.85,2.16,5.75,2.29,4.1,2.15,36,1.89,1.09,6.28,2.5,3.69,2.55,26,1.96,1.15,6.42,2.27,3.19,2.37,10,1.7,0.95,5.9,3.14,5,2.67,34,0.64,0.527,0.56,0.582,1.98,0.055
107,1,depressed,depresso,a,8,46,3.85,2634,7.88,5,2.5695314,20,5.65,2.23,5.9,2.49,5,2.25,35,1.69,0.83,5.71,2.28,3.6,2.1,24,1.79,0.93,5.67,2.04,3.5,2.04,11,1.45,0.52,5.82,2.86,3.82,2.32,33,1.12,0.272,0.18,0.858,0.41,0.684
1010,1,tease,deridere,v,8,15,2.77,639,6.46,1,56.4043,20,6.25,1.77,5.55,2.84,4.15,2.94,32,4.13,1.39,6.28,1.92,4.75,1.67,22,4.14,1.32,6.59,1.62,4.59,1.59,10,4.1,1.6,5.6,2.41,5.1,1.85,30,0.07,0.946,1.37,0.18,0.8,0.432
1034,1,wish,desiderio,s,9,359,5.89,20216,9.91,0,0,20,7.35,1.53,6.8,1.64,4.2,2.35,33,8.58,0.61,6.91,2.3,6.85,2.03,22,8.68,0.48,7.36,2.01,6.95,2.01,11,8.36,0.81,6,2.65,6.64,2.16,31,1.43,0.164,1.65,0.109,0.42,0.679
114,1,detest,detestare,v,9,47,3.87,2978,8,1,0.313357,20,5.75,2.15,5.25,2.34,3.4,2.3,34,2.26,1.71,6.41,2.03,5,2.46,24,2.17,1.76,6.21,1.79,5.42,2.47,10,2.5,1.65,6.9,2.56,4,2.26,32,0.51,0.612,0.9,0.374,1.56,0.128
724,1,detail,dettaglio,s,9,161,5.09,18259,9.81,0,0,20,6.25,2.05,5.15,2.46,4.15,2.35,34,6.21,1.57,5.56,2.03,5.94,1.69,24,6.21,1.69,5.75,2.27,5.96,1.85,10,6.2,1.32,5.1,1.29,5.9,1.29,32,0.01,0.989,0.85,0.404,0.09,0.928
116,1,devoted,devoto,a/s,6,24,3.22,2392,7.78,4,42.9299475,20,5.45,1.76,5.85,2.6,3.8,2.31,33,5.55,2.25,4.73,2.24,4.82,1.99,21,5.95,2.44,5.05,2.42,4.67,1.93,12,4.83,1.75,4.17,1.85,5.08,2.15,31,1.39,0.173,1.09,0.284,0.57,0.571
117,1,diamond,diamante,s,8,30,3.43,2769,7.93,1,6.89386,20,5.45,2.96,8.15,1.39,8.05,1.54,34,7.91,1.38,5.94,2.85,6.65,2.29,24,8.04,1.43,6.67,2.39,6.67,2.1,10,7.6,1.26,4.2,3.22,6.6,2.84,32,0.85,0.403,2.47,0.019,0.08,0.94
115,1,devil,diavolo,s,7,137,4.93,6644,8.8,3,1.044524667,20,4.45,2.26,5.45,2.54,4,1.89,35,2.4,1.65,6.63,2.07,4.86,2.63,25,2.2,1.61,6.92,1.98,4.8,2.66,10,2.9,1.73,5.9,2.23,5,2.67,33,1.14,0.263,1.33,0.193,0.2,0.842
118,1,dignified,dignitoso,a,9,34,3.56,2851,7.96,3,1.462333,20,5.95,2.24,6.2,2.19,4.4,2.11,33,6.7,1.74,6.15,2.09,5.73,1.97,23,6.48,1.93,6.78,1.44,5.52,2,10,7.2,1.14,4.7,2.67,6.2,1.93,31,1.1,0.281,2.92,0.006,0.91,0.372
190,1,god,dio,s,3,139,4.94,7342,8.9,16,49.88256,20,6.6,2.64,5.05,2.74,3.1,2.36,44,6.48,1.93,5.02,2.55,5.02,2.14,34,6.38,2.05,5,2.67,5.09,2.31,10,6.8,1.55,5.1,2.18,4.8,1.48,42,0.6,0.555,0.11,0.915,0.37,0.713
628,1,addicted,dipendente,a,10,48,3.89,44330,10.7,2,33.059215,20,5.7,2.2,6.7,2.18,7.4,1.67,33,2.33,1.65,6.45,1.77,4.88,2.3,23,2.3,1.79,6.7,1.72,4.78,2.52,10,2.4,1.35,5.9,1.85,5.1,1.79,31,0.15,0.881,1.2,0.241,0.36,0.722
119,1,diploma,diploma,s,7,40,3.71,5984,8.7,1,1.88014,20,8.1,1.21,7.9,1.41,8.2,1.11,33,7.52,2.29,6.21,2.63,6.21,2.46,23,7.91,2.21,6.61,2.46,5.65,2.59,10,6.6,2.32,5.3,2.91,7.5,1.58,31,1.54,0.133,1.33,0.194,2.08,0.045
121,1,disaster,disastro,s,8,92,4.53,14036,9.55,1,5.95379,20,6.65,1.63,6.5,2.16,5.3,2.49,33,2.3,1.85,5.88,2.37,3.67,2.19,23,2.57,2.13,5.78,2.26,3.78,2.15,10,1.7,0.67,6.1,2.73,3.4,2.37,31,1.25,0.221,0.35,0.73,0.46,0.652
733,1,dump,discarica,s,9,44,3.81,2739,7.92,1,0.313357,20,6.85,1.79,7.6,1.43,8.1,1.07,33,2.27,1.4,6.06,1.75,3.76,1.54,22,2.09,1.31,5.82,1.92,3.86,1.75,11,2.64,1.57,6.55,1.29,3.55,1.04,31,1.06,0.298,1.13,0.267,0.55,0.584
375,1,scorn,disdegno,s,8,0,0,76,4.34,1,1.88014,20,5.05,2.44,5.4,2.26,4.05,2.44,31,2.65,1.78,5.87,2.06,5.1,2.1,21,2.48,1.97,5.81,2.2,5,2.14,10,3,1.33,6,1.83,5.3,2.11,29,0.76,0.453,0.24,0.815,0.37,0.717
109,1,deserter,disertore,s,9,3,1.39,669,6.51,2,1.7234635,20,4,2.05,4.1,2.57,4.35,2.43,31,2.84,1.88,5.52,1.55,4.84,1.61,21,2.43,1.57,5.33,1.53,4.38,1.24,10,3.7,2.26,5.9,1.6,5.8,1.93,29,1.83,0.078,0.95,0.349,2.48,0.019
124,1,disgusted,disgustato,a,10,12,2.56,414,6.03,2,1.25343,20,7.1,1.55,7,1.81,4.95,2.56,35,2.09,1.2,6.4,1.5,3.91,2.19,25,1.92,1.15,6.52,1.53,3.64,1.89,10,2.5,1.27,6.1,1.45,4.6,2.8,33,1.31,0.2,0.74,0.462,1.18,0.247
41,1,blase,disincantato,a,12,5,1.79,719,6.58,1,0.313357,20,4.9,1.89,3.8,2.02,3.25,1.92,35,4.69,1.45,4.97,1.56,4.46,1.44,25,4.76,1.64,5.16,1.57,4.24,1.45,10,4.5,0.85,4.5,1.51,5,1.33,33,0.47,0.639,1.13,0.265,1.43,0.162
296,1,nonchalant,disinvolto,a,10,34,3.56,2921,7.98,3,2.402407333,20,6.8,1.51,6.15,2.11,4.6,2.11,35,6.8,1.47,4.8,2.08,6.03,1.42,24,6.63,1.5,4.92,2.08,5.96,1.37,11,7.18,1.4,4.55,2.16,6.18,1.6,33,1.04,0.306,0.48,0.632,0.43,0.673
873,1,messy,disordinato,a,11,21,3.09,1363,7.22,3,1.253429,20,7.65,1.39,6.9,1.97,5.85,2.8,35,4.14,1.85,5.86,2.07,5.46,2.09,25,4.2,1.76,5.6,2,5.56,2,10,4,2.16,6.5,2.22,5.2,2.39,33,0.29,0.777,1.17,0.252,0.45,0.652
110,1,despairing,disperato,a,9,165,5.11,14738,9.6,4,9.9490905,20,6.75,1.94,7.1,1.8,5.25,2.81,33,2.48,1.52,6.06,2.18,3.42,2.15,23,2.43,1.31,5.96,2.12,3.3,1.82,10,2.6,2.01,6.3,2.41,3.7,2.87,31,0.28,0.78,0.41,0.684,0.48,0.635
878,1,mischief,dispetto,s,8,36,3.61,6431,8.77,3,89.51588233,20,6.55,2.01,6.85,2.32,5.25,2.51,34,3.41,1.91,5.94,1.82,4.71,1.9,24,3.38,2.06,5.96,1.76,4.88,2.09,10,3.5,1.58,5.9,2.08,4.3,1.34,32,0.17,0.865,0.08,0.934,0.8,0.43
126,1,displeased,dispiaciuto,a,11,18,2.94,472,6.16,2,1.2534275,20,6.55,1.57,6.95,1.88,4.7,2.45,33,2.7,1.42,5.79,1.67,3.94,1.48,21,2.48,1.36,5.67,1.71,4.05,1.47,12,3.08,1.51,6,1.65,3.75,1.54,31,1.18,0.245,0.54,0.59,0.55,0.586
111,1,despise,disprezzare,v,11,30,3.43,1739,7.46,1,0.313357,20,5.65,2.21,5.95,2.74,4.7,2.74,34,2.24,1.33,5.82,2.02,4.76,1.52,24,2,1.32,5.96,2.03,4.63,1.56,10,2.8,1.23,5.5,2.07,5.1,1.45,32,1.64,0.11,0.6,0.555,0.83,0.414
82,1,contempt,disprezzo,s,9,42,3.76,3112,8.04,1,0.940072,20,5.75,1.83,6.35,1.84,3.55,1.61,33,2.61,1.68,5.97,1.94,4.09,1.96,23,2.57,1.73,5.61,2.04,3.87,2.1,10,2.7,1.64,6.8,1.48,4.6,1.58,31,0.21,0.836,1.66,0.107,0.98,0.333
113,1,detached,distaccato,a,10,23,3.18,1617,7.39,4,0.861733,20,6.6,1.73,6.05,2.04,4.35,2.43,44,3.27,1.95,5.2,1.91,4.48,1.9,34,3.12,2.1,5.29,1.92,4.44,2.03,10,3.8,1.23,4.9,1.97,4.6,1.43,42,0.97,0.335,0.57,0.573,0.23,0.819
13,1,aloof,distante,a,8,70,4.26,4268,8.36,3,10.65414,20,6.9,1.94,6.45,2.76,5.05,2.82,33,3.15,1.46,5.91,1.86,4.61,1.25,23,2.65,1.4,6,1.95,4.52,1.24,10,4.3,0.82,5.7,1.7,4.8,1.32,31,3.45,0.002,0.42,0.677,0.58,0.565
112,1,destroy,distruggere,v,11,202,5.31,22290,10.01,3,0.626714667,20,5.4,2.33,6.1,2.67,5.75,2,35,2.66,1.71,6.57,2,4.17,2.09,24,2.21,1.41,6.58,2.06,4.08,2.12,11,3.64,1.96,6.55,1.97,4.36,2.11,33,2.45,0.02,0.05,0.96,0.36,0.719
723,1,destruction,distruzione,s,11,66,4.2,6429,8.77,2,5.327075,20,5.9,2.02,6.6,2.5,5.65,2.39,33,2.3,2.1,7,1.75,4.03,2.19,23,1.91,1.81,7.43,1.73,3.65,2.19,10,3.2,2.53,6,1.41,4.9,2.02,31,1.66,0.106,2.31,0.028,1.54,0.134
727,1,disturb,disturbare,v,10,78,4.37,5550,8.62,1,0.626715,20,5.75,1.74,6.05,2.28,4,2.1,36,3.19,1.79,6.44,1.76,5.03,1.84,26,3.19,1.72,6.62,1.9,5.04,2.05,10,3.2,2.04,6,1.33,5,1.25,34,0.01,0.991,0.94,0.356,0.06,0.956
752,1,finger,dito,s,4,217,5.38,9835,9.19,15,38.45942873,20,8.45,1.32,8.4,1.14,8.4,1.31,33,5.24,1.28,4.91,2.02,5.48,1.92,23,5.35,1.07,5.13,1.82,5.04,1.89,10,5,1.7,4.4,2.46,6.5,1.65,31,0.71,0.48,0.95,0.348,2.1,0.044
-,0,sofa,divano,s,6,95,4.56,2540,7.84,7,5.371837429,20,8.45,1.15,8.6,1.14,8.7,0.57,34,7.44,1.78,2,1.6,5.82,2.19,24,7.79,1.38,2.04,1.6,5.83,1.95,10,6.6,2.37,1.9,1.66,5.8,2.82,32,1.84,0.074,0.23,0.818,0.04,0.969
759,1,fun,divertimento,s,12,96,4.57,5448,8.6,1,5.64043,20,7.6,1.5,7.75,1.45,5.65,2.23,33,8.33,1.22,7,2.57,7.7,1.29,21,8.52,0.68,6.52,2.98,7.71,1.31,12,8,1.81,7.83,1.4,7.67,1.3,31,1.2,0.24,1.43,0.163,0.1,0.92
128,1,divorce,divorzio,s,8,97,4.58,7355,8.9,2,0.470036,20,5.85,2.08,5.05,2.5,4.55,2.63,35,2.46,1.63,6.49,2.06,4.46,2.54,25,2.36,1.8,6.44,2.06,4.72,2.67,10,2.7,1.16,6.6,2.17,3.8,2.15,33,0.55,0.586,0.2,0.839,0.97,0.34
729,1,dollar,dollaro,s,7,392,5.97,90395,11.41,2,50.7636785,20,6.9,2.15,7.55,1.99,7.95,1.32,33,7.39,1.52,6.88,1.8,5.82,1.96,23,7.09,1.62,6.91,1.7,5.57,1.93,10,8.1,0.99,6.8,2.1,6.4,2.01,31,1.82,0.078,0.16,0.871,1.13,0.267
627,1,ache,dolore,s,6,349,5.86,19291,9.87,3,31.64908567,20,6.7,1.63,6.85,2.03,5.1,2.49,33,1.88,1.08,6.64,1.82,3.12,1.63,21,1.67,1.02,6.38,1.83,3,1.76,12,2.25,1.14,7.08,1.78,3.33,1.44,31,1.52,0.139,1.07,0.293,0.56,0.581
85,1,controlling,dominante,a,9,55,4.03,5730,8.65,1,5.64043,20,6.25,2.1,5.75,2.45,4.35,2.18,33,6.21,2.23,5.52,2.35,6.15,2.35,22,6,2.23,5.64,2.17,5.82,2.44,11,6.64,2.29,5.27,2.76,6.82,2.09,31,0.77,0.449,0.41,0.682,1.16,0.255
498,1,woman,donna,s,5,2307,7.74,138031,11.84,6,63.35039233,20,8.35,0.99,8.75,0.64,8.05,1.5,44,6.91,1.9,5.98,2.36,6.09,1.95,34,6.59,1.88,5.74,2.25,5.85,1.91,10,8,1.63,6.8,2.66,6.9,1.97,42,2.15,0.038,1.26,0.213,1.51,0.137
943,1,present,dono,s,4,103,4.64,5266,8.57,21,309.7463959,20,7,1.86,7.35,1.39,7.1,1.45,33,7.61,1.48,6.12,1.9,5.76,2.41,22,7.95,1.4,6.45,1.95,5.82,2.65,11,6.91,1.45,5.45,1.69,5.64,1.96,31,2,0.054,1.45,0.157,0.2,0.842
399,1,sleep,dormire,v,7,368,5.91,13699,9.53,3,0.940073,20,8.5,0.89,8.05,1.36,5.9,2.49,44,8.2,1.25,2.82,2.35,5.36,2.31,34,8.09,1.36,3.21,2.52,5.35,2.1,10,8.6,0.7,1.5,0.71,5.4,3.06,42,1.14,0.26,2.1,0.042,0.06,0.956
129,1,doctor,dottore,s,7,397,5.99,22970,10.04,1,3.13357,20,7.8,1.2,7.95,1.54,8.05,1.43,34,5.41,2.18,5.21,2.36,4.29,1.8,24,5.21,2.28,5.63,2.26,4,1.82,10,5.9,1.91,4.2,2.39,5,1.63,32,1.13,0.267,1.67,0.105,1.63,0.114
581,1,addict,drogato,s,7,23,3.18,1488,7.31,6,1.9323715,20,4.75,2.36,5.7,2.66,5.6,2.09,36,2,1.53,5.64,2.29,4.56,2.62,24,1.67,1.05,6,1.91,4.79,2.75,12,2.67,2.1,4.92,2.87,4.08,2.39,34,1.92,0.064,1.35,0.186,0.76,0.453
781,1,hard,duro,a,4,510,6.24,74134,11.21,9,23.57143078,20,6.95,1.54,6.65,1.69,5.75,1.8,33,5,0.97,5.24,1.62,4.97,1.57,22,5,0.93,5.27,1.58,4.86,1.49,11,5,1.1,5.18,1.78,5.18,1.78,31,0,1,0.15,0.882,0.54,0.591
151,1,excellence,eccellenza,s,10,44,3.81,3810,8.25,0,0,20,5.15,2.06,5.8,2.04,3.45,1.57,33,7.55,1.8,6.36,2.04,6,1.92,23,7.61,1.88,6.78,1.68,6.04,1.89,10,7.4,1.71,5.4,2.55,5.9,2.08,31,0.3,0.765,1.85,0.073,0.19,0.847
922,1,outstanding,eccezionale,a,11,144,4.98,12120,9.4,1,13.161,20,6.75,1.29,6.6,2.33,4.85,2.13,35,8.2,1.05,6.66,2.1,7.23,1.52,24,8.54,0.72,6.58,2.06,7.46,1.47,11,7.45,1.29,6.82,2.27,6.73,1.56,33,3.2,0.003,0.3,0.764,1.34,0.19
24,1,aroused,eccitato,a,8,28,3.37,84,4.44,4,1.096751,20,6.35,1.18,6.85,1.81,5.3,1.89,33,7.24,1.71,7.18,1.51,6.24,1.79,23,6.83,1.77,7.09,1.28,5.87,1.79,10,8.2,1.14,7.4,2.01,7.1,1.52,31,2.25,0.032,0.54,0.592,1.89,0.068
152,1,excitement,eccitazione,s,11,31,3.47,1642,7.4,0,0,20,6.8,2.04,6.9,2.4,5.95,2.56,34,7.44,1.5,7.47,1.86,6.5,2,24,7.33,1.66,7.33,2.08,6.13,2.07,10,7.7,1.06,7.8,1.23,7.4,1.58,32,0.52,0.607,0.78,0.44,2.15,0.04
550,1,building,edificio,s,8,150,5.02,13832,9.53,0,0,20,8,1.52,8.5,0.89,8.15,1.31,44,5.64,1.08,4.77,1.9,5.05,1.54,34,5.53,1.02,5.09,1.71,4.88,1.53,10,6,1.25,3.7,2.21,5.6,1.51,42,1.22,0.23,2.11,0.041,1.31,0.199
382,1,selfish,egoista,a,7,17,2.89,1152,7.05,2,1.0967485,20,6.25,2.15,6.35,2.35,4.95,2.42,35,2.4,1.19,5.57,2.02,4.4,1.9,24,2.29,1.27,5.54,2,4.29,1.88,11,2.64,1.03,5.64,2.16,4.64,2.01,33,0.79,0.436,0.13,0.9,0.49,0.625
-,0,elephant,elefante,s,8,60,4.11,2099,7.65,2,24.285225,20,5.75,2.31,8.05,2.01,7.85,1.98,36,6.33,1.57,5.44,2.05,4.81,1.91,26,6.38,1.53,5.81,1.94,4.85,2.07,10,6.2,1.75,4.5,2.12,4.7,1.49,34,0.31,0.757,1.77,0.086,0.2,0.84
139,1,elegant,elegante,a,8,197,5.29,11795,9.38,3,8.774005,20,6.75,1.59,7.25,1.52,5.7,2.43,33,8.06,1.09,6.55,2.27,6.55,2.15,23,8.13,0.97,6.52,2.23,6.52,2.33,10,7.9,1.37,6.6,2.46,6.6,1.78,31,0.55,0.584,0.09,0.929,0.09,0.925
825,1,item,elemento,s,8,427,6.06,41254,10.63,1,84.6065,20,5.15,2.32,4.75,2.29,4,2.34,33,5.36,0.99,4.91,1.28,5.09,1.01,22,5.5,1.19,5.27,0.94,5.18,1.18,11,5.09,0.3,4.18,1.6,4.91,0.54,31,1.12,0.272,2.48,0.019,0.72,0.474
641,1,appliance,elettrodomestico,s,16,14,2.71,2098,7.65,1,3.13357,20,7.85,1.27,7.7,1.49,8.15,1.14,35,4.03,1.67,5.26,1.44,4.83,1.72,25,3.92,1.75,5.6,1.26,4.68,1.73,10,4.3,1.49,4.4,1.58,5.2,1.75,33,0.6,0.551,2.37,0.024,0.8,0.428
-,0,helicopter,elicottero,s,10,105,4.66,12887,9.46,1,10.3408,20,6.7,2.43,8.65,0.81,8.05,1.85,32,5.56,1.39,4.66,1.75,5.28,1.17,22,5.68,1.59,5.18,1.5,5.14,0.89,10,5.3,0.82,3.5,1.78,5.6,1.65,30,0.71,0.48,2.77,0.009,1.04,0.307
203,1,headache,emicrania,s,9,21,3.09,370,5.92,1,2.1935,20,5.55,3.22,7.2,2.65,7.65,1.57,33,2,1.12,4.09,2.4,3.45,1.62,23,1.91,0.9,3.83,2.46,3.52,1.68,10,2.2,1.55,4.7,2.26,3.3,1.57,31,0.67,0.507,0.96,0.345,0.36,0.724
438,1,thrill,entusiasmare,v,12,33,3.53,4155,8.33,0,0,20,6.3,2.25,5.1,2.77,3.95,2.72,32,7.81,1.28,7.09,2.32,7.09,1.97,22,8,1.2,7.23,2.2,6.82,2.06,10,7.4,1.43,6.8,2.66,7.7,1.7,30,1.24,0.225,0.48,0.637,1.18,0.248
1040,1,zest,entusiasmo,s,10,175,5.17,14976,9.61,3,3.133575,20,7.5,1.76,6.55,2.11,4.05,2.33,34,7.91,1.56,7.53,2.05,6.71,2.14,24,7.96,1.78,7.75,2.19,7.04,2.2,10,7.8,0.92,7,1.63,5.9,1.85,32,0.27,0.793,0.97,0.338,1.44,0.159
768,1,grass,erba,s,4,160,5.08,6015,8.7,4,6.26714175,20,6.9,1.89,7.45,2.04,7.45,1.64,33,6.36,2.01,4.48,2.06,5.36,1.6,23,6.3,2.22,4,2.02,5.43,1.65,10,6.5,1.51,5.6,1.78,5.2,1.55,31,0.25,0.802,2.16,0.039,0.38,0.704
789,1,heroin,eroina,s,6,96,4.57,8334,9.03,3,2.297955667,20,4.5,2.37,5.9,2.67,6.25,2.22,33,3.61,2.71,5.73,2.36,5.85,2.4,23,3.43,2.94,5.61,2.57,5.78,2.75,10,4,2.21,6,1.89,6,1.41,31,0.54,0.591,0.43,0.669,0.24,0.815
512,1,erotic,erotico,a,7,90,4.51,4868,8.49,4,5.092058,20,5.6,2.21,7,1.97,4.85,2.43,44,7.3,1.58,6.82,2.06,6.34,1.82,34,7,1.63,7,1.79,6.12,1.82,10,8.3,0.82,6.2,2.82,7.1,1.66,42,2.41,0.02,1.08,0.286,1.53,0.134
880,1,mistake,errore,s,6,394,5.98,42660,10.66,3,24.44188567,20,6.85,1.57,5.35,2.13,4.65,2.21,35,2.89,1.62,6.54,1.77,3.66,1.88,25,2.88,1.74,6.52,1.69,3.64,2.04,10,2.9,1.37,6.6,2.07,3.7,1.49,33,0.03,0.974,0.12,0.906,0.08,0.933
154,1,execution,esecuzione,s,10,141,4.96,12692,9.45,1,8.14729,20,5.2,1.96,5.95,1.85,5.15,2.08,33,3.09,1.97,6.52,1.84,4.64,1.83,22,2.95,2.15,6.68,1.73,4.45,2.04,11,3.36,1.63,6.18,2.09,5,1.34,31,0.56,0.583,0.73,0.47,0.8,0.429
23,1,army,esercito,s,8,204,5.32,35330,10.47,3,3.864741667,20,6.55,2.21,7.75,1.74,7.55,2.31,34,4.21,1.95,5.91,1.54,4.71,1.85,24,4.42,2.06,6.08,1.61,4.92,2.08,10,3.7,1.64,5.5,1.35,4.2,1.03,32,0.98,0.337,1,0.323,1.03,0.311
155,1,exercise,esercizio,s,9,197,5.29,26283,10.18,0,0,20,7.6,1.39,7.1,2.02,6.2,2.61,35,4.89,1.83,5.94,1.88,4.97,1.76,25,4.88,1.92,5.92,1.78,4.76,1.85,10,4.9,1.66,6,2.21,5.5,1.43,33,0.03,0.977,0.11,0.911,1.13,0.267
735,1,ecstasy,estasi,s,6,26,3.3,1142,7.04,2,2.82022,20,6,1.59,6.25,1.94,3.95,2.54,33,7.03,2.3,6.97,2.42,6.7,2.1,23,6.61,2.52,7.22,2.26,6.52,2.25,10,8,1.33,6.4,2.8,7.1,1.73,31,1.64,0.111,0.89,0.38,0.72,0.476
521,1,outdoors,esterno,a/s,7,232,5.45,28699,10.26,3,16.5035,20,6.5,1.67,5.85,2.28,4.6,2.6,34,6.06,1.54,5.18,1.99,5.53,1.48,24,6.21,1.61,5.42,1.79,5.46,1.53,10,5.7,1.34,4.6,2.41,5.7,1.42,32,1.15,0.258,1.09,0.282,0.32,0.751
138,1,elated,esultante,a,9,3,1.39,212,5.36,2,3.9169685,20,6.15,2.03,6.1,2.15,4.4,2.28,31,7.68,1.17,6.97,2.29,6.71,1.88,21,7.76,1.22,7.19,2.36,6.57,2.04,10,7.5,1.08,6.5,2.17,7,1.56,29,0.58,0.568,0.78,0.441,0.59,0.563
740,1,event,evento,s,6,248,5.52,25316,10.14,2,17.3913285,20,7.2,1.15,6.25,1.97,4.2,1.99,44,6.64,1.67,6.14,2.02,5.93,1.63,34,6.68,1.7,6.35,1.92,6,1.56,10,6.5,1.65,5.4,2.27,5.7,1.95,42,0.29,0.773,1.32,0.193,0.51,0.616
941,1,plain,evidente,a,8,208,5.34,26796,10.2,3,5.535965667,20,6.5,1.43,4.35,2.01,3.25,2.34,33,6.15,2.2,5.39,2.29,5.61,1.89,23,5.57,2.25,5.57,2.29,5.3,1.96,10,7.5,1.35,5,2.36,6.3,1.57,31,2.51,0.017,0.65,0.523,1.42,0.167
-,0,marker,evidenziatore,s,13,0,0,48,3.89,0,0,20,8.6,0.82,8.35,1.14,8.75,0.72,31,5.81,1.19,5.13,1.69,5.48,1.48,21,5.81,1.08,5.14,1.82,5.1,1.3,10,5.8,1.48,5.1,1.45,6.3,1.57,29,0.02,0.984,0.06,0.949,2.26,0.032
556,1,face,faccia,s,6,409,6.02,39460,10.58,7,27.44115129,20,8.3,1.42,8.4,0.99,8.25,1.25,34,5.59,1.5,4.91,1.76,5.41,1.48,24,5.75,1.73,5.17,1.86,5.58,1.72,10,5.2,0.63,4.3,1.42,5,0.47,32,0.97,0.338,1.32,0.196,1.05,0.302
734,1,easy,facile,a,6,642,6.47,51116,10.84,5,8.2099542,20,7.55,1.15,5.55,2.65,3.7,1.66,44,7.45,1.68,4.09,2.68,6.73,1.59,34,7.26,1.81,4.47,2.74,6.68,1.65,10,8.1,0.88,2.8,2.1,6.9,1.45,42,1.4,0.169,1.77,0.083,0.39,0.701
536,1,hawk,falco,s,5,33,3.53,4186,8.34,12,6.502168333,20,6.25,2.07,8.4,1.27,8.05,1.39,34,6.68,1.66,5.76,2.26,6.44,1.71,24,6.71,1.83,6.25,2.21,6.38,1.81,10,6.6,1.26,4.6,2.01,6.6,1.51,32,0.25,0.804,1.56,0.128,0.23,0.819
156,1,failure,fallimento,s,10,111,4.72,15917,9.68,1,3.76029,20,5.5,1.76,4.9,2.25,3.5,2.26,36,2.47,1.61,6.5,1.87,3.58,2.03,24,2,1.02,6.42,2,3.38,1.95,12,3.42,2.15,6.67,1.67,4,2.22,34,2.7,0.011,0.37,0.712,0.87,0.392
744,1,false,falso,a/s,5,199,5.3,32438,10.39,6,11.43755,20,6.3,2.56,6.15,2.76,5.25,2.69,35,1.94,1.16,5.94,1.98,4.29,2.12,24,1.92,1.21,5.67,1.76,4.46,1.98,11,2,1.1,6.55,2.38,3.91,2.47,33,0.19,0.847,1.23,0.229,0.71,0.485
157,1,fame,fama,s,4,113,4.74,8589,9.06,15,6.705846333,20,5.5,1.91,6.75,2.4,4.25,2.49,34,6.74,1.85,6.79,1.77,6.53,1.93,24,7,2.02,7.21,1.56,6.75,1.94,10,6.1,1.2,5.8,1.93,6,1.89,32,1.19,0.243,2.11,0.043,1.17,0.251
611,1,starving,famelico,a,8,7,2.08,466,6.15,1,1.56679,20,6.45,2.01,7.1,1.92,5.65,2.03,34,3.06,1.32,6.18,2.1,4.68,2.1,24,3.21,1.47,6.38,1.74,4.38,2.16,10,2.7,0.82,5.7,2.83,5.4,1.84,32,1.02,0.315,0.85,0.4,1.31,0.199
158,1,family,famiglia,s,8,1430,7.27,113204,11.64,1,94.0072,20,8.4,1.31,8.3,1.22,7.55,2.26,34,7.91,1.26,5.88,3.04,6.12,1.89,24,8,1.18,6,3.18,6.17,2.04,10,7.7,1.49,5.6,2.84,6,1.56,32,0.99,0.332,0.26,0.797,0.01,0.991
745,1,famous,famoso,a,6,485,6.19,37592,10.53,4,20.368218,20,5.6,2.35,5.6,2.14,4.15,2.32,33,6.27,1.42,5.18,2.4,5.85,1.48,21,6.29,1.52,5.71,2.41,6.05,1.24,12,6.25,1.29,4.25,2.18,5.5,1.83,31,0.07,0.946,1.74,0.093,1.02,0.315
785,1,headlight,fanale,s,6,6,1.95,151,5.02,5,46.188863,20,5.95,2.37,7,2.13,7.35,1.76,35,4.8,1.32,5.2,1.83,4.97,1.58,25,4.72,1.4,5.72,1.57,4.68,1.57,10,5,1.15,3.9,1.85,5.7,1.42,33,0.56,0.58,2.95,0.006,1.78,0.085
983,1,slush,fanghiglia,s,10,4,1.61,126,4.84,0,0,20,5.1,2.07,6.55,2.44,6.9,2.13,33,3.67,1.91,5.3,1.67,4.79,1.58,23,3.39,2.1,5.43,1.78,5,1.65,10,4.3,1.25,5,1.41,4.3,1.34,31,1.26,0.215,0.68,0.5,1.18,0.247
887,1,muddy,fangoso,a,7,7,2.08,397,5.99,3,0.626714667,20,6.05,1.88,6.85,2.08,6.9,2,33,3.55,1.44,5.24,1.66,4.85,1.09,22,3.32,1.49,5.18,1.65,4.95,0.9,11,4,1.26,5.36,1.75,4.64,1.43,31,1.3,0.204,0.29,0.772,0.78,0.439
746,1,fantasy,fantasia,s,8,220,5.4,16294,9.7,2,16.60795,20,7.1,2,5.8,2.71,3,2.2,36,7.97,1.3,5.86,3.06,6.75,2.18,24,8,1.1,6.42,2.64,6.33,2.18,12,7.92,1.68,4.75,3.65,7.58,2.02,34,0.18,0.859,1.57,0.125,1.66,0.106
58,1,butterfly,farfalla,s,8,55,4.03,1470,7.29,1,9.08737,20,7.05,2.11,8.55,0.76,8.2,1.58,32,7.03,1.66,3.44,2.23,6.47,2.24,22,7.41,1.68,3.82,2.06,6.27,2.37,10,6.2,1.32,2.6,2.46,6.9,1.97,30,2.01,0.054,1.46,0.155,0.73,0.472
847,1,lighthouse,faro,s,4,39,3.69,2628,7.87,20,59.91394135,20,7.9,2,8.25,1.16,6.4,2.06,34,6.71,1.55,4.68,2.37,5.74,2.25,24,7,1.32,4.79,2.41,5.42,2.24,10,6,1.89,4.4,2.37,6.5,2.17,32,1.77,0.086,0.43,0.668,1.29,0.205
187,1,glamour,fascino,s,7,149,5.01,8362,9.03,4,2.50686,20,7.3,1.34,7,1.41,4.85,2.11,33,7.67,1.45,5.91,2.17,5.73,1.79,22,8.05,1.09,6.18,2.54,6,1.83,11,6.91,1.81,5.36,1.03,5.18,1.66,31,2.25,0.032,1.02,0.315,1.25,0.221
936,1,phase,fase,s,4,320,5.77,50092,10.82,15,94.67572273,20,5.35,1.73,4.2,2.38,3.75,2.43,35,4.66,0.97,5,1.57,4.83,1.4,25,4.64,1.08,5.28,1.54,4.88,1.62,10,4.7,0.67,4.3,1.49,4.7,0.67,33,0.16,0.871,1.71,0.096,0.34,0.737
908,1,nuisance,fastidio,s,8,81,4.41,7067,8.86,0,0,20,5.7,2.54,5.4,2.7,3.4,2.16,31,2.55,1.79,6.06,1.69,4.42,1.95,21,2.62,1.99,5.76,1.67,4.05,1.83,10,2.4,1.35,6.7,1.64,5.2,2.04,29,0.31,0.755,1.47,0.152,1.58,0.125
557,1,farm,fattoria,s,8,20,3.04,1746,7.47,1,2.50686,20,6.35,1.98,7.85,1.66,7.8,1.47,33,6.7,1.76,5.27,2.11,5.82,1.51,22,6.64,1.79,5.77,1.9,5.59,1.5,11,6.82,1.78,4.27,2.24,6.27,1.49,31,0.28,0.784,2.01,0.053,1.23,0.227
748,1,favor,favore,s,6,132,4.89,43846,10.69,3,7.833952333,20,7,1.56,5.8,2.53,4.15,2.3,36,7,1.8,6.22,2.1,5.47,1.42,24,7.17,1.9,6.58,2.04,5.33,1.58,12,6.67,1.61,5.5,2.11,5.75,1.06,34,0.78,0.441,1.48,0.147,0.82,0.416
830,1,kerchief,fazzoletto,s,10,38,3.66,1825,7.51,1,3.13357,20,8.2,1.4,8.45,0.94,8.45,1,33,5.39,1.64,3.97,1.94,5.82,1.63,21,5.48,1.89,4.14,1.93,5.76,1.61,12,5.25,1.14,3.67,2.02,5.92,1.73,31,0.38,0.709,0.67,0.507,0.26,0.798
750,1,fever,febbre,s,6,69,4.25,5610,8.63,1,0.313357,20,6.65,1.93,7.65,1.53,5.4,2.5,33,3.18,1.88,5.58,2.45,3.3,1.57,23,3.3,1.92,5.52,2.29,3.17,1.47,10,2.9,1.85,5.7,2.91,3.6,1.84,31,0.56,0.578,0.19,0.851,0.71,0.483
377,1,scum,feccia,s,6,1,0.69,122,4.81,2,87.4266785,20,5.3,2,5.6,1.96,5.4,1.96,33,1.94,1.41,5.85,1.79,4.21,2,23,1.83,1.44,6.04,1.82,3.96,2.06,10,2.2,1.4,5.4,1.71,4.8,1.81,31,0.69,0.493,0.95,0.35,1.12,0.271
200,1,happy,felice,a,6,423,6.05,25193,10.13,5,6.5178364,20,8.3,1.17,7,2.38,5.35,2.94,32,8.53,0.95,6.81,2.96,7.16,2,22,8.68,0.72,6.77,2.99,7,2.18,10,8.2,1.32,6.9,3.03,7.5,1.58,30,1.35,0.188,0.11,0.912,0.65,0.521
-,0,sweatshirt,felpa,s,5,11,2.48,305,5.72,1,0.940072,20,8.55,1,8.85,0.37,8.75,0.44,34,7.03,1.59,4.44,2.5,6.18,1.47,24,7.08,1.56,4.71,2.54,6.21,1.47,10,6.9,1.73,3.8,2.39,6.1,1.52,32,0.3,0.764,0.96,0.342,0.19,0.848
394,1,sissy,femminuccia,s,11,0,0,158,5.07,0,0,20,7.2,1.85,7.1,1.86,6.4,2.33,33,4.64,2.07,5.48,1.79,6.15,1.68,22,4.68,2.36,5.68,1.89,6.23,1.74,11,4.55,1.44,5.09,1.58,6,1.61,31,0.18,0.862,0.89,0.379,0.36,0.72
468,1,vacation,ferie,s,5,83,4.43,1000,6.91,6,41.1020365,20,7.1,1.83,6.75,2.57,5.25,2.75,33,8.48,0.76,5.82,3.18,6.73,2.04,23,8.61,0.66,5.52,3.38,7,1.88,10,8.2,0.92,6.5,2.68,6.1,2.33,31,1.45,0.156,0.81,0.425,1.17,0.249
595,1,injury,ferita,s,6,92,4.53,10431,9.25,7,16.20506129,20,6.1,1.86,6.95,1.76,6.8,1.96,33,2.55,1.37,6.06,2.19,4.06,2.11,23,2.74,1.45,6.13,2.12,3.78,1.98,10,2.1,1.1,5.9,2.47,4.7,2.36,31,1.24,0.224,0.27,0.786,1.16,0.256
620,1,wounds,ferite,a,6,92,4.53,1000,6.91,4,22.1700175,20,6.8,1.44,8.2,1.24,7.6,1.5,34,2.35,1.7,6.74,1.69,3.85,1.81,24,2.17,1.66,6.88,1.51,3.79,1.74,10,2.8,1.81,6.4,2.12,4,2.05,32,0.99,0.331,0.74,0.465,0.3,0.765
222,1,hurt,ferito,s,6,90,4.51,17858,9.79,5,27.951476,20,7.2,1.54,7.3,1.34,7.15,1.46,33,1.88,1.14,6.88,1.8,4.03,2.04,22,1.68,1.21,7.36,1.56,4.09,2.24,11,2.27,0.9,5.91,1.92,3.91,1.64,31,1.43,0.163,2.34,0.026,0.24,0.813
565,1,iron,ferro,s,5,206,5.33,20562,9.93,11,7.036292727,20,7.75,1.65,7.95,1.43,8.4,0.99,34,4.41,1.52,5.24,1.83,4.65,1.47,24,4.25,1.57,5.54,1.74,4.67,1.69,10,4.8,1.4,4.5,1.9,4.6,0.84,32,0.96,0.344,1.55,0.132,0.12,0.907
305,1,party,festa,s,5,501,6.22,34123,10.44,14,39.6620655,20,7.8,1.47,8.15,1.23,7.2,1.99,32,7.66,1.33,6.59,2.59,6.91,1.69,22,7.77,1.31,6.91,2.47,6.95,1.7,10,7.4,1.43,5.9,2.85,6.8,1.75,30,0.73,0.473,1.02,0.315,0.24,0.815
749,1,festive,festivo,a,7,18,2.94,1388,7.24,6,1.0967505,20,4.75,2.47,6.6,2.04,7.3,1.63,44,7.98,1.55,6.32,2.05,5.5,2.91,34,7.91,1.54,6.5,2.15,5.76,3.01,10,8.2,1.62,5.7,1.64,4.6,2.5,42,0.51,0.61,1.08,0.284,1.11,0.271
169,1,foul,fetido,a,6,1,0.69,222,5.41,0,0,20,3.75,1.74,4.85,2.85,4,2.38,34,2.79,1.57,5.62,2.07,4.79,1.43,24,2.83,1.63,6,1.79,5.08,1.35,10,2.7,1.49,4.7,2.5,4.1,1.45,32,0.21,0.837,2.08,0.046,2.03,0.051
996,1,stench,fetore,s,6,4,1.61,185,5.23,2,1.5667885,20,4.4,2.04,5.8,2.57,4.15,2.56,36,1.83,1.38,6.67,2,4.36,1.99,26,1.96,1.43,6.46,2,4.23,2.03,10,1.5,1.27,7.2,1.99,4.7,1.95,34,0.89,0.378,0.99,0.328,0.63,0.534
674,1,busybody,ficcanaso,s,9,2,1.1,136,4.92,0,0,20,6.9,1.33,6.8,1.77,5.55,1.96,33,3.03,1.61,6.06,1.87,4.73,1.92,22,2.73,1.55,6.41,1.97,4.86,2.03,11,3.64,1.63,5.36,1.5,4.45,1.75,31,1.56,0.128,1.55,0.132,0.57,0.573
424,1,sweetheart,fidanzato,a/s,9,130,4.88,4485,8.41,3,14.30998333,20,7.55,2.04,7.4,2.19,7.35,2.08,35,6.54,2.36,4.97,2.44,6.06,1.47,25,6.6,2.31,5,2.58,5.84,1.43,10,6.4,2.59,4.9,2.18,6.6,1.51,33,0.22,0.824,0.11,0.915,1.4,0.172
457,1,trust,fiducia,s,7,346,5.85,35840,10.49,0,0,20,7.5,1.28,6.3,1.92,4.05,2.54,34,7.29,2.17,5.21,2.21,5.76,1.92,24,7.54,2.34,5.08,2.41,6.08,2.1,10,6.7,1.64,5.5,1.72,5,1.15,32,1.03,0.31,0.49,0.624,1.53,0.137
79,1,confident,fiducioso,a,9,29,3.4,3688,8.21,3,1.462334,20,7.2,1.54,5.8,2.53,3.35,1.76,33,7.33,1.53,6.55,2.06,6.18,1.7,23,7.3,1.64,6.74,1.86,6.22,1.62,10,7.4,1.35,6.1,2.51,6.1,1.97,31,0.16,0.872,0.81,0.422,0.18,0.859
784,1,hay,fieno,s,5,14,2.71,447,6.1,5,31.7117858,20,6.2,2.55,8.25,1.12,7.8,1.74,33,5.3,1.29,3.61,1.77,5.73,1.46,21,5.29,1.27,3.76,1.76,5.57,1.43,12,5.33,1.37,3.33,1.83,6,1.54,31,0.1,0.92,0.66,0.511,0.8,0.427
288,1,movie,film,s,4,1226,7.11,157545,11.97,8,22.67923925,20,8.15,1.35,7.5,1.96,6.8,1.94,36,7.83,1.34,4.92,2.87,5.14,1.76,26,7.73,1.46,4.62,2.76,4.92,1.79,10,8.1,0.99,5.7,3.16,5.7,1.64,34,0.73,0.468,1.02,0.317,1.19,0.241
495,1,window,finestra,s,8,287,5.66,13418,9.5,3,12.01202233,20,8.25,1.45,8.4,1.14,8.45,1.05,33,5.64,1.25,4.45,1.95,5.55,1.64,23,5.65,1.4,4.91,1.68,5.17,1.53,10,5.6,0.84,3.4,2.22,6.4,1.65,31,0.11,0.914,2.16,0.039,2.07,0.047
168,1,flower,fiore,s,5,410,6.02,14489,9.58,5,24.0031978,20,7.8,1.7,8.15,1.39,8.25,1.37,31,7.9,1.35,5.32,2.37,6.16,1.9,21,7.9,1.45,5.24,2.41,6.05,2.01,10,7.9,1.2,5.5,2.42,6.4,1.71,29,0.01,0.993,0.28,0.779,0.48,0.637
44,1,blossom,fiorire,v,7,49,3.91,3139,8.05,3,0.731168,20,6.6,1.64,6.75,2.02,6.25,2.31,35,7.31,1.51,4.89,2.42,5.66,1.51,24,7.92,1.14,5.13,2.69,5.88,1.6,11,6,1.41,4.36,1.69,5.18,1.25,33,4.28,0,0.86,0.396,1.27,0.213
572,1,sky,firmamento,s,10,11,2.48,491,6.2,1,0.626715,20,5.25,2.34,6.25,2.22,4.8,2.78,33,6.85,2.14,4.88,2.32,4.67,2.01,23,6.52,2.25,5.26,2.05,4.87,1.89,10,7.6,1.71,4,2.75,4.2,2.3,31,1.35,0.187,1.46,0.153,0.88,0.388
1030,1,whistle,fischio,s,7,56,4.04,6466,8.77,3,49.82376167,20,7.25,1.83,7.6,1.57,6.85,2.35,44,4.75,1.84,5.82,1.88,4.89,1.4,34,4.65,1.87,6,1.84,4.88,1.37,10,5.1,1.79,5.2,1.99,4.9,1.6,42,0.68,0.501,1.19,0.242,0.03,0.973
362,1,river,fiume,s,5,275,5.62,15460,9.65,3,14.72778667,20,6.55,1.61,8,1.72,7.5,1.79,36,5.89,1.91,4.83,2.1,5.14,1.64,24,5.79,2.19,5,2.17,5.17,1.66,12,6.08,1.24,4.5,2.02,5.08,1.68,34,0.43,0.672,0.67,0.509,0.14,0.888
167,1,flabby,flaccido,a,8,5,1.79,16,2.83,3,0.417809667,20,5.45,2.11,6.85,1.76,6.3,2.36,34,3.68,1.57,4.12,1.95,4.59,1.52,24,3.58,1.61,4.29,2.05,4.67,1.61,10,3.9,1.52,3.7,1.7,4.4,1.35,32,0.22,0.825,1.01,0.321,0.33,0.746
754,1,flirt,flirtare,v,8,7,2.08,449,6.11,0,0,20,6.7,2,6.55,2.01,6.8,1.88,33,6,0.97,5.76,1.28,6.21,1.41,23,6.13,0.97,5.87,1.22,6.13,1.32,10,5.7,0.95,5.5,1.43,6.4,1.65,31,1.18,0.247,0.76,0.453,0.5,0.621
-,0,sheet,foglio,s,6,150,5.02,7407,8.91,6,81.21175783,20,8,1.45,8.25,1.16,8.1,1.48,36,5.78,1.38,4.97,1,5.83,1.4,24,5.71,1.16,5.04,1.12,5.58,1.18,12,5.92,1.78,4.83,0.72,6.33,1.72,34,0.42,0.675,0.58,0.563,1.54,0.133
856,1,mad,folle,a,5,59,4.09,6838,8.83,11,9.229799636,20,6.95,1.5,7.5,1.96,6.4,2.09,34,5.59,1.52,5.88,2.03,6,1.91,24,5.63,1.71,6.29,2.16,6,2,10,5.5,0.97,4.9,1.29,6,1.76,32,0.33,0.746,1.99,0.055,0.4,0.69
974,1,scissors,forbici,s,7,22,3.14,619,6.43,1,1.25343,20,8,1.59,8.1,1.77,8.25,1.33,31,4.35,1.54,5.23,1.84,5.45,1.18,21,4.05,1.4,5.1,1.55,5.33,1.15,10,5,1.7,5.5,2.42,5.7,1.25,29,1.66,0.108,0.57,0.575,0.8,0.427
560,1,fork,forchetta,s,9,25,3.26,478,6.17,1,1.56679,20,8.1,1.77,8.65,0.81,8.4,1.5,32,6.09,1.75,4.69,1.97,6.03,1.67,22,6.36,1.92,5.23,1.74,5.86,1.73,10,5.5,1.18,3.5,2.01,6.4,1.58,30,1.31,0.2,2.48,0.019,0.84,0.41
776,1,hairpin,forcina,s,7,3,1.39,18,2.94,3,0.626714667,20,7.9,1.74,8.3,1.53,8.6,1.19,34,5.26,1.16,4.68,1.65,5.59,1.35,24,5.29,1.2,4.54,1.82,5.67,1.46,10,5.2,1.14,5,1.15,5.4,1.07,32,0.21,0.838,0.73,0.468,0.52,0.608
414,1,strong,forte,a,5,948,6.86,124516,11.73,16,92.910471,20,6.9,1.8,6,1.78,5.9,2.2,33,7.18,1.88,6.64,2.3,6.97,1.72,23,7.09,1.9,6.78,2.28,7.13,1.71,10,7.4,1.9,6.3,2.45,6.6,1.78,31,0.43,0.667,0.55,0.588,0.81,0.425
780,1,haphazard,fortuito,a,8,7,2.08,564,6.34,3,0.417809667,20,4.75,2.1,4.45,2.16,3.8,2.09,44,5.55,1.39,5.27,1.91,4.84,1.49,34,5.74,1.31,5.59,1.86,4.85,1.54,10,4.9,1.52,4.2,1.75,4.8,1.4,42,1.71,0.095,2.1,0.042,0.1,0.923
266,1,lucky,fortunato,a,9,116,4.76,9457,9.15,3,6.78941,20,6.45,1.19,6.2,1.99,3.85,1.93,33,8.09,1.51,5.88,2.81,5.94,2.32,21,8.57,0.98,5.81,2.99,6.62,2.09,12,7.25,1.91,6,2.59,4.75,2.3,31,2.64,0.013,0.18,0.855,2.39,0.023
170,1,fragrance,fragranza,s,9,19,3,155,5.05,2,1.096751,20,6.3,1.81,6.1,2.4,4.85,2.28,33,6.52,1.56,4.76,1.75,5.42,1.58,22,6.77,1.6,5,2,5.45,1.79,11,6,1.41,4.27,1.01,5.36,1.12,31,1.36,0.185,1.13,0.267,0.15,0.879
52,1,brother,fratello,s,8,599,6.4,42935,10.67,1,73.3256,20,7.4,2.7,8.25,1.16,8.3,1.17,31,8.48,0.81,6.77,2.16,6,1.63,21,8.62,0.67,6.76,2.43,5.95,1.56,10,8.2,1.03,6.8,1.55,6.1,1.85,29,1.36,0.183,0.05,0.964,0.23,0.819
693,1,cold,freddo,a,6,273,5.61,27740,10.23,4,14.5711155,20,7.9,1.41,7.7,1.03,5.75,2.65,36,3.22,1.85,5.64,2.15,3.97,1.99,26,3.35,1.98,5.54,2.25,3.73,1.99,10,2.9,1.52,5.9,1.97,4.6,1.96,34,0.64,0.526,0.45,0.658,1.18,0.247
799,1,icebox,freezer,s,7,15,2.77,253,5.54,0,0,20,8.45,1.19,8.15,2.11,8.7,0.92,33,6.85,1.44,5.24,2.22,6.12,1.63,23,6.96,1.55,5.13,2.49,6.22,1.81,10,6.6,1.17,5.5,1.51,5.9,1.2,31,0.65,0.522,0.43,0.668,0.51,0.616
758,1,frigid,frigido,a,7,2,1.1,202,5.31,2,0.313357,20,4.1,2.29,5.25,1.92,4.3,2.36,34,3.68,1.27,5.44,1.5,3.82,1.62,24,3.54,1.25,5.63,1.5,3.75,1.65,10,4,1.33,5,1.49,4,1.63,32,0.96,0.346,1.11,0.275,0.4,0.689
523,1,pancakes,frittella,s,9,4,1.61,112,4.73,1,1.25343,20,8.05,1.28,8.25,0.97,8.35,0.93,35,7.03,1.76,5.23,2.41,5.8,2.03,25,7.36,1.73,5.36,2.68,5.84,2.1,10,6.2,1.62,4.9,1.66,5.7,1.95,33,1.82,0.077,0.5,0.618,0.18,0.857
177,1,frustrated,frustrato,a,9,8,2.2,1246,7.13,3,0.731167,20,5.5,1.64,6,1.81,4.05,1.93,33,2,1.3,6.18,2.16,3.55,2.05,22,2,1.51,6.18,2.2,3.45,2.15,11,2,0.77,6.18,2.18,3.73,1.9,31,0,1,0,1,0.36,0.724
979,1,shotgun,fucile,s,6,80,4.39,7033,8.86,5,36.9134164,20,6,2.1,7.75,1.55,7.9,1.55,33,2.7,1.74,6.64,1.85,4.39,1.6,22,2.18,1.44,6.91,2.02,4.23,1.85,11,3.73,1.9,6.09,1.38,4.73,0.9,31,2.61,0.014,1.21,0.237,0.84,0.406
598,1,lightning,fulmine,s,7,57,4.06,2480,7.82,4,2.8202175,20,5.85,1.98,8.05,1.36,7.3,2.03,33,4.42,2.44,5.42,2.4,4.48,1.94,21,3.48,2.09,5.71,2.26,4.19,1.86,12,6.08,2.15,4.92,2.64,5,2.04,31,3.41,0.002,0.92,0.366,1.16,0.255
178,1,funeral,funerale,s,8,83,4.43,9901,9.2,1,14.4144,20,6.1,2.22,7.95,1.67,6.7,2.45,33,2.21,1.96,7.03,2.01,2.76,2.02,23,2.39,2.25,7.17,2.12,2.48,1.81,10,1.8,1.03,6.7,1.77,3.4,2.41,31,0.79,0.436,0.62,0.542,1.22,0.233
567,1,mushroom,fungo,s,5,38,3.66,1612,7.39,8,44.10509675,20,7.2,1.82,7.85,1.66,7.7,1.53,33,5.85,2.2,4.88,2.01,5.39,1.52,23,5.91,2.19,5.3,2.01,5.3,1.64,10,5.7,2.31,3.9,1.73,5.6,1.26,31,0.25,0.802,1.92,0.064,0.51,0.615
513,1,fireworks,fuochi d'artificio,s,18,NA,NA,NA,NA,NA,NA,20,7.5,1.61,8.35,1.04,7.4,2.01,33,7.91,1.44,6.09,2.36,5.91,1.57,22,7.91,1.44,6.32,2.34,6.18,1.65,11,7.91,1.51,5.64,2.46,5.36,1.29,31,0,1,0.78,0.443,1.44,0.161
166,1,fire,fuoco,s,5,609,6.41,43522,10.68,4,3.05523225,20,7.6,1.76,8.5,1.05,8.3,1.26,34,6,1.94,5.41,2.39,5.62,2.07,24,5.71,1.99,5.71,2.33,5.33,2.22,10,6.7,1.7,4.7,2.5,6.3,1.57,32,1.38,0.178,1.13,0.268,1.25,0.221
-,0,leg,gamba,s,5,330,5.8,17700,9.78,11,9.543163364,20,8.05,1.36,8.3,1.08,8.35,1.09,33,5.55,1.12,4.97,1.85,5.45,1.18,23,5.43,0.95,5,1.54,5.26,0.86,10,5.8,1.48,4.9,2.51,5.9,1.66,31,0.86,0.398,0.14,0.889,1.46,0.154
517,1,kitten,gattino,s,7,4,1.61,310,5.74,4,18.64477,20,8.1,1.02,8.5,1.19,8.8,0.41,33,6.82,2.36,5,2.59,5.64,1.73,23,6.83,2.35,5.43,2.66,5.48,1.73,10,6.8,2.53,4,2.21,6,1.76,31,0.03,0.977,1.49,0.146,0.79,0.434
504,1,cat,gatto,s,5,169,5.14,5877,8.68,11,116.682851,20,8.25,1.33,8.9,0.45,8.75,0.79,35,6.17,2.24,4.51,2.27,5.43,1.67,25,6.56,2.1,4.44,2.52,5.24,1.83,10,5.2,2.39,4.7,1.57,5.9,1.1,33,1.66,0.106,0.3,0.764,1.06,0.297
238,1,jelly,gelatina,s,8,14,2.71,412,6.02,0,0,20,6,2.25,7.15,1.6,7.25,1.29,33,4.91,1.7,5,1.6,5.3,1.26,23,5,1.95,5.04,1.61,5.26,1.18,10,4.7,0.95,4.9,1.66,5.4,1.51,31,0.46,0.649,0.23,0.817,0.29,0.776
237,1,jealousy,gelosia,s,7,65,4.19,3846,8.26,1,2.1935,20,7.3,1.92,7.35,1.98,5.6,2.95,33,3.67,1.71,6.42,1.89,4.48,2.29,23,3.7,1.66,6.57,1.62,4.65,2.39,10,3.6,1.9,6.1,2.47,4.1,2.13,31,0.15,0.885,0.64,0.524,0.63,0.533
763,1,gender,genere,s,6,429,6.06,46185,10.74,7,20.41299714,20,6.65,1.6,5.1,2.55,4.3,2.34,34,5.09,1.14,4.71,1.7,5.26,1.26,24,5.13,0.99,4.75,1.73,5.29,1.04,10,5,1.49,4.6,1.71,5.2,1.75,32,0.27,0.791,0.31,0.762,0.12,0.908
525,1,people,gente,s,5,1052,6.96,91640,11.43,9,24.790007,20,8.15,1.31,8.4,0.82,7.05,2.24,34,5.74,1.73,5.94,1.81,5.21,1.95,24,5.88,2.01,6.42,1.74,4.96,2.07,10,5.4,0.7,4.8,1.48,5.8,1.55,32,0.72,0.474,2.57,0.015,1.15,0.258
183,1,gentle,gentile,a,7,131,4.88,7263,8.89,1,10.0274,20,7.3,1.53,6.3,1.89,5.85,2.35,33,8.15,0.94,5.58,2.48,7.06,1.48,23,8.17,0.89,5.52,2.41,7.09,1.47,10,8.1,1.1,5.7,2.75,7,1.56,31,0.2,0.839,0.19,0.853,0.15,0.879
246,1,kindness,gentilezza,s,10,25,3.26,1134,7.03,0,0,20,7.55,1.54,6.8,2.76,4.6,2.74,33,8.24,1.03,5.42,2.44,6.85,1.64,23,8.52,0.85,5,2.66,6.91,1.76,10,7.6,1.17,6.4,1.51,6.7,1.42,31,2.55,0.016,1.55,0.131,0.34,0.738
-,0,geranium,geranio,s,7,12,2.56,259,5.56,0,0,20,7.1,1.92,7.85,1.35,8.05,1.39,33,6.15,1.42,5.06,1.46,5.42,1.25,23,6.22,1.41,5,1.21,5.22,0.9,10,6,1.49,5.2,1.99,5.9,1.79,31,0.4,0.692,0.36,0.723,1.47,0.153
764,1,germs,germe,s,5,17,2.89,1401,7.25,5,6.455162,20,5.15,1.79,5.3,2.23,5.55,2.26,35,3.2,2.13,6.03,2.06,3.71,1.84,25,2.96,2.09,6.16,1.75,3.52,1.71,10,3.8,2.2,5.7,2.79,4.2,2.15,33,1.06,0.298,0.59,0.559,0.99,0.331
186,1,glacier,ghiacciaio,s,10,23,3.18,915,6.82,3,1.357880667,20,6.3,1.56,7.25,1.41,7.4,1.43,33,4.73,2.38,5.67,2.29,4.67,1.96,23,4.65,2.62,6,2.26,4.61,1.92,10,4.9,1.79,4.9,2.28,4.8,2.15,31,0.27,0.788,1.28,0.209,0.25,0.802
196,1,guillotine,ghigliottina,s,12,6,1.95,682,6.53,1,0.313357,20,4.3,2.23,7.3,1.84,6.1,2.65,36,1.97,1.34,7.31,1.83,3.75,2.45,24,1.29,0.62,7.71,1.73,3.21,2.43,12,3.33,1.37,6.5,1.83,4.83,2.21,34,6.19,0,1.94,0.061,1.95,0.06
-,0,jacket,giacca,s,6,142,4.96,6838,8.83,2,0.470036,20,8.6,0.82,8.45,0.89,8.55,0.89,34,5.71,1.43,4.18,1.85,4.88,0.91,24,5.25,1.15,4.25,1.82,4.88,1.03,10,6.8,1.48,4,2,4.9,0.57,32,3.29,0.002,0.35,0.725,0.07,0.943
545,1,yellow,giallo,a/s,6,179,5.19,26141,10.17,3,13.57883333,20,7.6,1.82,8.1,1.52,6,2.79,34,5.97,1.9,5.32,2.25,5.68,1.49,24,6.04,2.16,5.71,2.42,5.71,1.65,10,5.8,1.14,4.4,1.51,5.6,1.07,32,0.33,0.741,1.58,0.124,0.19,0.85
761,1,garden,giardino,s,8,310,5.74,11493,9.35,3,7.938382333,20,7.9,1.59,8.25,1.29,8.4,1.05,35,7.54,1.4,4.17,2.64,5.94,1.78,25,7.72,1.4,4.8,2.77,6.08,1.87,10,7.1,1.37,2.6,1.43,5.6,1.58,33,1.19,0.242,2.37,0.024,0.71,0.48
534,1,garter,giarrettiera,s,12,6,1.95,289,5.67,1,1.25343,20,6.25,2.31,7.8,1.44,8,1.26,35,6.66,1.73,5.86,2.26,6.11,2.1,25,6.48,1.76,5.88,2.3,6.36,2.14,10,7.1,1.66,5.8,2.3,5.5,1.96,33,0.96,0.346,0.09,0.926,1.1,0.28
515,1,gymnast,ginnasta,s,8,2,1.1,310,5.74,0,0,20,6.55,2.24,7.75,1.97,7.9,1.59,34,6.56,1.62,5.56,2.29,6.44,1.65,24,6.46,1.69,5.67,2.3,6.33,1.69,10,6.8,1.48,5.3,2.36,6.7,1.64,32,0.56,0.583,0.42,0.677,0.58,0.564
1017,1,toy,giocattolo,s,10,69,4.25,3833,8.25,1,11.9076,20,7.4,1.5,8.05,1.19,8,1.41,31,7.03,1.72,6.13,2.14,6.32,1.68,21,6.67,1.93,6,2.14,6,1.67,10,7.8,0.79,6.4,2.22,7,1.56,29,1.77,0.087,0.48,0.635,1.59,0.123
760,1,game,gioco,s,5,938,6.84,86520,11.37,5,11.6568882,20,7.4,1.39,6.85,1.98,7.2,1.58,33,7.61,1.06,6.64,2.07,6.67,1.78,23,7.61,0.94,6.48,2.35,6.61,1.83,10,7.6,1.35,7,1.25,6.8,1.75,31,0.02,0.983,0.66,0.515,0.28,0.782
240,1,joy,gioia,s,5,235,5.46,10879,9.29,5,13.5370344,20,7.4,1.79,7.8,1.85,5.1,2.1,35,8.54,0.61,6.63,2.37,7.37,1.35,24,8.71,0.46,6.5,2.5,7.54,1.38,11,8.18,0.75,6.91,2.12,7,1.26,33,2.55,0.016,0.47,0.642,1.1,0.278
239,1,jewel,gioiello,s,8,133,4.9,6967,8.85,2,15.82455,20,7.4,1.31,8.35,0.99,7.7,1.95,35,6.8,1.69,5.4,1.93,5.86,1.72,25,7,1.89,5.8,1.78,5.72,1.62,10,6.3,0.95,4.4,2.01,6.2,1.99,33,1.11,0.276,2.03,0.051,0.74,0.463
241,1,joyful,gioioso,a,7,22,3.14,1464,7.29,3,2.402408333,20,7.05,1.64,6.45,2.5,4.8,2.5,36,7.72,1.68,5.92,2.73,6.72,1.92,24,7.83,1.86,5.96,2.93,6.46,2.11,12,7.5,1.31,5.83,2.41,7.25,1.42,34,0.55,0.583,0.13,0.899,1.17,0.25
1038,1,young,giovane,a/s,7,1007,6.92,146304,11.89,4,60.556305,20,8.15,0.88,7.95,1.05,6.75,1.89,44,7.86,1.05,6.52,2.16,6.55,1.65,34,8.06,0.98,6.97,2.05,6.68,1.68,10,7.2,1.03,5,1.89,6.1,1.52,42,2.4,0.021,2.72,0.01,0.97,0.337
1039,1,youth,gioventù,s,8,57,4.06,4438,8.4,0,0,20,7.7,1.3,7,1.81,5.9,2.45,33,7.88,1.65,6.88,2.18,7.06,1.75,23,7.91,1.78,7.13,2.2,6.83,1.8,10,7.8,1.4,6.3,2.11,7.6,1.58,31,0.18,0.86,1.01,0.321,1.18,0.249
827,1,jolly,gioviale,a,8,5,1.79,353,5.87,1,0.313357,20,6.25,1.77,6.1,1.59,4.35,2.28,31,7.39,1.41,6.13,2.17,6.39,1.61,21,7.52,1.36,6.48,2.04,6.43,1.66,10,7.1,1.52,5.4,2.37,6.3,1.57,29,0.78,0.442,1.3,0.202,0.21,0.839
242,1,justice,giustizia,s,9,381,5.95,66555,11.11,1,0.626715,20,6.2,1.82,6.6,2.52,4.1,2.25,33,7.39,1.85,6.82,2.24,6.09,2.11,22,7.36,2.04,7.64,1.62,6.36,2.13,11,7.45,1.51,5.18,2.48,5.55,2.07,31,0.13,0.897,3.43,0.002,1.05,0.301
189,1,glory,gloria,s,6,77,4.36,6887,8.84,2,2.1935035,20,6.1,2.2,5.45,2.46,3.6,2.8,32,7,1.76,6.16,2.03,6.44,1.72,22,6.5,1.71,6.05,1.81,6.05,1.65,10,8.1,1.37,6.4,2.55,7.3,1.64,30,2.6,0.014,0.45,0.655,2,0.054
145,1,enjoyment,godimento,s,9,21,3.09,1713,7.45,0,0,20,6.95,1.64,6.45,2.63,4.35,2.32,33,7.7,1.53,6.48,2.25,6.97,1.51,23,7.48,1.59,6.39,2.35,6.74,1.6,10,8.2,1.32,6.7,2.11,7.5,1.18,31,1.26,0.218,0.36,0.724,1.35,0.188
689,1,clumsy,goffo,a,5,17,2.89,1557,7.35,5,5.2643968,20,5.5,2.12,6.55,2.37,5.3,2.6,32,3.41,1.48,4.56,1.64,4.31,1.67,22,3.73,1.58,4.82,1.5,4.41,1.3,10,2.7,0.95,4,1.89,4.1,2.38,30,1.9,0.067,1.32,0.197,0.48,0.636
535,1,golfer,golfista,s,8,2,1.1,115,4.75,3,1.253428333,20,6.25,2.07,7.25,1.68,7.25,1.94,33,5.24,1.5,4.33,1.69,4.94,1.56,22,5.14,1.78,4.64,1.65,4.91,1.6,11,5.45,0.69,3.73,1.68,5,1.55,31,0.57,0.574,1.48,0.148,0.16,0.878
737,1,elbow,gomito,s,6,32,3.5,2048,7.63,3,3.969193333,20,8.05,1.67,7.85,1.87,8.55,1,34,4.74,1.42,4.79,1.37,4.88,1.27,24,4.71,1.43,5,1.38,4.88,1.39,10,4.8,1.48,4.3,1.25,4.9,0.99,32,0.17,0.867,1.38,0.177,0.05,0.959
-,0,rubber,gomma,s,5,91,4.52,6402,8.76,6,11.4897795,20,8.1,1.77,8.8,0.41,8.7,0.66,34,5.29,1,4.47,1.69,5.53,1.31,24,5.25,0.85,4.88,1.45,5.25,0.99,10,5.4,1.35,3.5,1.9,6.2,1.75,32,0.39,0.697,2.29,0.028,2.02,0.052
-,0,skirt,gonna,s,5,83,4.43,2355,7.76,7,68.98337843,20,8.4,0.94,8.55,1.05,8.6,0.82,34,6.47,1.4,5.09,2.23,5.79,1.53,24,6.5,1.47,5.13,2.07,6.13,1.45,10,6.4,1.26,5,2.71,5,1.49,32,0.19,0.853,0.15,0.885,2.04,0.05
-,0,clip,graffetta,s,9,0,0,21,3.09,0,0,20,7.4,1.85,8.3,1.17,8.25,1.16,33,5.12,1.05,4.55,1.6,5.39,1.27,22,5.09,1.23,4.91,1.44,5.18,1.01,11,5.18,0.6,3.82,1.72,5.82,1.66,31,0.23,0.819,1.92,0.064,1.37,0.18
771,1,grenade,granata,s,7,36,3.61,2853,7.96,7,0.850541143,20,5,1.92,6.35,2.64,7.2,1.74,33,2.91,1.83,6.73,1.64,3.76,1.82,23,2.57,1.88,7.09,1.59,3.61,1.88,10,3.7,1.49,5.9,1.52,4.1,1.73,31,1.69,0.102,1.99,0.055,0.71,0.485
160,1,fat,grasso,a/s,6,85,4.45,5261,8.57,7,15.71263671,20,6.95,1.57,7.4,1.5,6.95,1.73,33,2.48,1.7,5.55,2.02,4.27,2.53,23,2.04,1.3,5.57,2.23,3.74,2.56,10,3.5,2.12,5.5,1.51,5.5,2.07,31,2.43,0.021,0.08,0.934,1.91,0.065
193,1,grateful,grato,a,5,37,3.64,2597,7.86,12,18.87980875,20,6.25,1.65,5.05,2.19,3.95,1.93,34,7.35,1.57,5.32,2.21,5.56,1.73,24,7.71,1.4,5.42,2.54,5.71,1.73,10,6.5,1.72,5.1,1.2,5.2,1.75,32,2.15,0.039,0.38,0.71,0.78,0.443
573,1,skyscraper,grattacielo,s,11,17,2.89,2841,7.95,1,2.82022,20,6.05,2.58,7.8,1.67,7.65,2.11,33,5.73,1.75,5.27,2.02,4.42,1.7,22,5.77,1.72,5.68,1.99,4.41,1.92,11,5.64,1.91,4.45,1.92,4.45,1.21,31,0.21,0.837,1.69,0.101,0.07,0.944
978,1,severe,grave,a,5,554,6.32,69359,11.15,10,8.9306914,20,6.05,2.35,5.2,2.19,3.8,2.19,35,2.29,1.49,6.77,1.66,4.03,1.95,25,2.28,1.59,6.76,1.76,4.12,2.11,10,2.3,1.25,6.8,1.48,3.8,1.55,33,0.04,0.972,0.06,0.95,0.43,0.667
326,1,pretty,grazioso,a,8,39,3.69,2730,7.91,3,2.820217333,20,8.15,1.09,6.6,2.01,6,2.32,32,6.94,1.37,5.41,2.23,5.72,1.3,22,6.95,1.25,5.59,1.89,5.41,1.01,10,6.9,1.66,5,2.91,6.4,1.65,30,0.1,0.919,0.69,0.496,2.1,0.044
707,1,crude,grezzo,a,6,14,2.71,851,6.75,6,19.21919283,20,5.25,1.8,5.4,1.85,4.25,1.89,31,3.23,1.63,4.97,1.3,4.84,1.49,21,3.29,1.52,4.95,1.16,4.48,1.54,10,3.1,1.91,5,1.63,5.6,1.07,29,0.29,0.772,0.09,0.926,2.07,0.047
690,1,coarse,grossolano,a,10,19,3,1203,7.09,3,1.253429,20,4.35,1.95,5.25,1.8,4.3,1.95,44,4.43,1.63,5.07,1.02,5.02,1.52,34,4.29,1.77,5.06,0.85,5,1.54,10,4.9,0.99,5.1,1.52,5.1,1.52,42,1.03,0.308,0.11,0.912,0.18,0.857
854,1,lump,grumo,s,5,10,2.4,684,6.53,4,0.54837525,20,5.5,2.21,5.75,2.24,6,2.1,36,3.64,1.53,5.39,1.79,5,1.6,24,3.38,1.47,5.42,1.86,5.13,1.87,12,4.17,1.59,5.33,1.72,4.75,0.87,34,1.49,0.147,0.13,0.898,0.66,0.516
580,1,watch,guardia,s,7,315,5.76,33196,10.41,3,6.893862333,20,5.45,2.46,6.8,2.55,6.75,2.36,36,4.47,1.44,5.64,1.96,4.47,1.9,26,4.5,1.48,5.65,2,4.12,1.97,10,4.4,1.43,5.6,1.96,5.4,1.43,34,0.18,0.855,0.07,0.942,1.88,0.069
786,1,heal,guarire,v,7,89,4.5,4582,8.43,3,0.940071333,20,6.25,1.77,6.15,2.5,4.9,2.29,34,7.32,2.03,5.38,2.69,5.32,2.04,24,7.5,1.98,5.79,2.69,5.21,1.98,10,6.9,2.18,4.4,2.55,5.6,2.27,32,0.21,0.838,1.54,0.133,0.58,0.564
482,1,war,guerra,s,6,954,6.86,133072,11.8,3,9.191824,20,6.6,2.01,7.5,1.54,6.5,2.26,35,1.49,0.78,7.6,1.91,3.57,3.01,25,1.36,0.7,7.56,2.06,3.56,3.25,10,1.8,0.92,7.7,1.57,3.6,2.46,33,1.54,0.134,0.19,0.848,0.03,0.972
522,1,owl,gufo,s,4,9,2.3,236,5.47,4,0.861733,20,5.1,2.02,7.4,2.01,6.75,2.61,35,5.57,1.84,4.97,1.27,5.06,1.28,24,5.42,2,5.13,1.33,5.08,1.47,11,5.91,1.45,4.64,1.12,5,0.77,33,0.73,0.47,1.06,0.298,0.18,0.861
1007,1,taste,gusto,s,5,293,5.68,16872,9.73,5,20.493584,20,6.95,1.67,5.5,2.63,4.1,2.59,32,7.25,1.41,4.88,2.23,6.28,1.92,22,7.23,1.38,5.09,2,6.14,2.01,10,7.3,1.57,4.4,2.72,6.6,1.78,30,0.13,0.895,0.81,0.425,0.63,0.536
777,1,hamburger,hamburger,s,9,13,2.64,1124,7.03,0,0,20,8.65,0.99,8.4,1.23,7.4,1.82,31,6.84,1.9,5.35,2.27,6.74,1.73,21,6.86,1.74,4.81,2.2,6.48,1.81,10,6.8,2.3,6.5,2.07,7.3,1.49,29,0.08,0.939,2.03,0.051,1.25,0.221
779,1,handicap,handicap,s,8,43,3.78,3500,8.16,0,0,20,6.2,1.85,6.9,2.05,7.1,2.1,33,2.33,1.55,6.52,1.62,3.94,2.03,22,2.18,1.47,7.05,1.62,3.77,2.31,11,2.64,1.75,5.45,1.04,4.27,1.35,31,0.79,0.437,2.96,0.006,0.66,0.513
795,1,hotel,hotel,s,5,61,4.13,6605,8.8,2,1.25343,20,7.75,1.65,8.6,0.88,8.6,0.82,34,6.26,1.99,3.97,2.56,6.06,1.89,24,6.08,2.04,3.96,2.48,5.96,1.78,10,6.7,1.89,4,2.91,6.3,2.21,32,0.82,0.419,0.04,0.966,0.47,0.638
220,1,humor,humor,s,5,27,3.33,230,5.44,1,0.313357,20,7.4,1.35,5.9,2.2,3.6,2.54,44,6.36,1.53,6.02,1.42,5.95,1.38,34,6.26,1.62,6.12,1.43,5.88,1.45,10,6.7,1.16,5.7,1.42,6.2,1.14,42,0.79,0.434,0.81,0.421,0.64,0.529
800,1,idea,idea,s,4,1058,6.97,94863,11.46,6,16.39903183,20,7.35,1.81,6.45,2.5,3.6,2.37,33,7.94,1.09,7.33,1.81,6.79,1.83,22,7.95,1.09,7.68,1.46,7.27,1.75,11,7.91,1.14,6.64,2.29,5.82,1.66,31,0.11,0.912,1.6,0.12,2.29,0.029
801,1,identity,identità,s,8,226,5.42,20663,9.94,1,0.626715,20,6.3,2.47,5.15,2.81,5.05,2.52,34,6.29,1.99,5.44,1.91,5.82,1.71,24,6.04,1.99,5.96,1.43,5.54,1.64,10,6.9,1.97,4.2,2.39,6.5,1.78,32,1.15,0.259,2.66,0.012,1.51,0.14
223,1,idiot,idiota,a/s,6,22,3.14,1373,7.23,3,1.566786333,20,6.3,2,5.6,2.58,5.05,2.54,32,2.59,1.43,5.53,2,4.59,2.33,22,2.82,1.44,5.41,1.84,4.14,2.12,10,2.1,1.37,5.8,2.39,5.6,2.55,30,1.33,0.194,0.51,0.616,1.7,0.1
802,1,idol,idolo,s,5,39,3.69,3056,8.03,1,2.82022,20,6.35,1.66,6.9,2.07,6.1,2,34,7.53,1.5,6.59,1.99,5.79,2.03,24,7.54,1.38,6.79,1.91,6.08,2.04,10,7.5,1.84,6.1,2.18,5.1,1.91,32,0.07,0.943,0.92,0.363,1.3,0.202
564,1,hydrant,idrante,s,7,6,1.95,403,6,1,0.940072,20,4.6,2.52,7.35,2.08,7.1,2.38,36,5.64,1.57,5.39,1.68,5.25,1.48,26,5.58,1.58,5.81,1.5,5.31,1.57,10,5.8,1.62,4.3,1.7,5.1,1.29,34,0.38,0.708,2.61,0.013,0.37,0.712
803,1,ignorance,ignoranza,s,9,39,3.69,2723,7.91,1,0.626715,20,6.7,2.11,5.9,2.25,4.55,2.7,36,2.03,1.34,5.92,2.45,4.25,2.84,26,2.12,1.45,5.85,2.54,3.81,2.79,10,1.8,1.03,6.1,2.33,5.4,2.8,34,0.63,0.535,0.27,0.786,1.53,0.134
140,1,embarrassed,imbarazzato,a,11,41,3.74,2360,7.77,3,2.297954,20,7.6,1.1,6.95,1.73,5,2.64,34,3.62,1.78,6.41,1.99,3.5,1.78,24,3.75,2.01,6.46,2.06,3.08,1.53,10,3.3,1.06,6.3,1.89,4.5,2.01,32,0.67,0.509,0.21,0.836,2.24,0.032
805,1,imagine,immaginare,v,10,353,5.87,26202,10.17,3,1.775689,20,7.4,1.73,6.05,2.63,4.75,2.73,33,7.91,1.72,5,3.42,6.82,2.38,23,8.09,1.73,4.91,3.36,7,2.3,10,7.5,1.72,5.2,3.74,6.4,2.63,31,0.9,0.376,0.22,0.829,0.66,0.514
806,1,immature,immaturo,a,8,6,1.95,681,6.53,2,0.313357,20,6.45,1.61,6.2,1.77,4.2,2.61,44,2.55,1.32,5.84,1.94,5.18,2.25,34,2.44,1.28,5.88,1.74,4.74,2.09,10,2.9,1.45,5.7,2.63,6.7,2.21,42,0.97,0.34,0.26,0.797,2.58,0.014
590,1,dirty,immondizia,s,10,22,3.14,1554,7.35,1,1.88014,20,7.45,1.67,8.15,1.27,8.1,1.25,34,2.12,1.32,5.94,1.52,4.53,1.99,24,2,1.29,6.04,1.52,4.38,2.12,10,2.4,1.43,5.7,1.57,4.9,1.66,32,0.8,0.429,0.59,0.558,0.7,0.491
807,1,immoral,immorale,a,8,18,2.94,1254,7.13,1,0.940072,20,5.8,2.31,4.7,2.62,2.95,1.99,31,2.61,1.69,5.97,2.04,4.87,2.33,21,2.62,1.83,5.71,2.08,4.76,2.28,10,2.6,1.43,6.5,1.96,5.1,2.56,29,0.03,0.977,1,0.325,0.37,0.713
8,1,afraid,impaurito,a,9,20,3.04,1,0.69,3,1.044525667,20,7.4,1.14,7.3,1.13,5.55,2.09,34,2.47,1.42,6.76,2.18,3.68,1.87,24,2.29,1.49,7.04,2.05,3.38,1.95,10,2.9,1.2,6.1,2.42,4.4,1.51,32,1.14,0.261,1.16,0.256,1.48,0.148
143,1,engaged,impegnato,a,9,229,5.44,2926,7.98,5,12.596962,20,6.25,2,5.25,2.36,4.9,1.8,33,5.79,1.05,6.39,1.41,4.85,1.44,22,5.77,1.02,6.64,1.22,4.73,1.39,11,5.82,1.17,5.91,1.7,5.09,1.58,31,0.12,0.909,1.42,0.167,0.68,0.502
147,1,employment,impiego,s,7,122,4.81,17382,9.76,2,3.7602885,20,7.25,1.97,6.7,2.49,5.85,2.52,34,6.56,1.62,6.97,2.05,6.03,2.1,24,6.75,1.65,7.08,1.69,5.88,2.11,10,6.1,1.52,6.7,2.83,6.4,2.12,32,1.22,0.232,0.51,0.612,0.32,0.753
224,1,impotent,impotente,a,9,34,3.56,2991,8,3,5.953795667,20,5.25,2.22,6.1,1.92,4.55,2.5,44,2.27,1.58,6.75,1.93,3.64,2.35,34,2.21,1.55,6.71,1.88,3.68,2.34,10,2.5,1.72,6.9,2.18,3.5,2.51,42,0.51,0.61,0.28,0.784,0.21,0.838
225,1,impressed,impressionato,a,13,5,1.79,3,1.39,3,0.731167333,20,6,1.95,6.1,2.53,4.65,2.56,33,6.21,1.63,5.73,1.99,4.79,1.36,23,5.96,1.8,6.22,1.91,4.65,1.56,10,6.8,1.03,4.6,1.78,5.1,0.74,31,1.38,0.177,2.28,0.029,0.86,0.395
809,1,incentive,incentivo,s,9,40,3.71,6376,8.76,2,5.1703975,20,6.2,2.33,5.8,1.77,4.35,2.37,35,7.26,1.4,6.66,1.89,6.26,1.58,25,7.08,1.53,6.56,1.73,6,1.58,10,7.7,0.95,6.9,2.33,6.9,1.45,33,1.19,0.242,0.47,0.638,1.56,0.129
229,1,ink,inchiostro,s,10,23,3.18,1149,7.05,1,0.940072,20,7.75,1.92,8.25,1.21,8.05,1.47,34,5.47,1.26,4.56,2.11,5.85,1.48,24,5.5,1.1,4.83,1.93,5.54,1.22,10,5.4,1.65,3.9,2.47,6.6,1.84,32,0.21,0.837,1.18,0.245,1.98,0.056
2,1,accident,incidente,s,9,343,5.84,38882,10.57,1,35.7227,20,6.85,2.41,8.1,1.12,7.45,1.76,44,1.43,0.79,7.43,1.56,3.18,2.05,34,1.38,0.7,7.53,1.42,2.88,2.01,10,1.6,1.07,7.1,2.02,4.2,1.93,42,0.76,0.45,0.76,0.451,1.84,0.073
69,1,cheer,incoraggiare,v,12,75,4.33,7037,8.86,1,0.626715,20,6.95,1.7,6.4,2.28,4.2,2.38,44,7.98,1.15,6.59,2.03,5.98,2.04,34,8.21,1.01,6.97,1.88,6.03,2.08,10,7.2,1.32,5.3,2.06,5.8,1.99,42,2.58,0.013,2.42,0.02,0.31,0.759
295,1,nightmare,incubo,s,6,152,5.03,11183,9.32,2,5.7971285,20,7.4,1.5,7.4,1.54,4.45,2.68,33,1.79,1.19,6.85,2.2,3.42,2.32,23,1.52,0.9,6.87,2.34,3.17,1.97,10,2.4,1.58,6.8,1.93,4,3.02,31,2.04,0.05,0.08,0.935,0.94,0.355
206,1,helpless,indifeso,a,8,22,3.14,1434,7.27,3,1.775691667,20,5.9,1.92,6.05,1.88,4.8,2.42,33,2.94,1.62,5.64,2.43,3.7,2.11,23,3.17,1.67,5.3,2.1,3.83,1.97,10,2.4,1.43,6.4,3.06,3.4,2.5,31,1.27,0.212,1.2,0.241,0.53,0.603
810,1,indifferent,indifferente,a,12,82,4.42,5882,8.68,1,9.08737,20,5.85,2.46,5.55,2.52,3.85,2.39,31,3.68,2.09,4.87,2.05,4.65,1.72,21,3.29,1.74,4.43,1.83,4.38,1.36,10,4.5,2.59,5.8,2.25,5.2,2.3,29,1.55,0.132,1.81,0.081,1.25,0.222
921,1,outrage,indignazione,s,12,29,3.4,3649,8.2,1,0.626715,20,5.55,2.11,5.7,2.49,4.1,2.31,34,3.09,1.58,5.91,2.15,5.06,1.56,24,2.96,1.55,6.04,2.18,5,1.67,10,3.4,1.71,5.6,2.17,5.2,1.32,32,0.74,0.467,0.54,0.593,0.34,0.738
762,1,garment,indumento,s,9,30,3.43,1070,6.98,1,7.20722,20,8.05,1.5,8.05,1.36,7.9,1.62,33,6.3,1.4,4.67,1.8,5.58,1.79,22,6.55,1.47,4.82,1.97,5.55,2.09,11,5.82,1.17,4.36,1.43,5.64,1.03,31,1.43,0.164,0.68,0.502,0.14,0.893
227,1,industry,industria,s,9,285,5.66,60091,11,1,22.2484,20,6.65,1.95,8,1.34,7.5,1.7,44,4.64,1.88,5.57,1.76,4.7,1.81,34,4.53,1.85,5.59,1.73,4.56,1.8,10,5,2.05,5.5,1.96,5.2,1.87,42,0.69,0.493,0.14,0.891,0.98,0.331
20,1,annoy,infastidire,v,11,28,3.37,2869,7.96,0,0,20,7.25,1.92,6.4,1.27,4.75,2.38,36,2.44,1.21,6.53,1.21,4.42,2.03,26,2.27,1.15,6.35,1.23,4.08,2.06,10,2.9,1.29,7,1.05,5.3,1.77,34,1.43,0.163,1.48,0.148,1.66,0.107
516,1,infatuation,infatuazione,s,12,6,1.95,285,5.66,1,0.313357,20,6.6,2.06,6.6,2.39,5,2.08,33,6.61,2.26,7.09,1.67,5.36,2.19,23,6.78,2.33,7.35,1.47,5.57,2.23,10,6.2,2.15,6.5,2.01,4.9,2.13,31,0.67,0.505,1.36,0.183,0.8,0.432
462,1,unfaithful,infedele,a/s,8,19,3,1575,7.36,1,2.82022,20,5.05,2.33,5.15,2.25,4.7,2.49,36,1.83,1.7,7.56,1.5,4.81,2.4,24,1.54,1.67,7.58,1.47,4.38,2.28,12,2.42,1.68,7.5,1.62,5.67,2.5,34,1.48,0.148,0.15,0.878,1.55,0.13
463,1,unhappy,infelice,a,8,45,3.83,3985,8.29,1,2.82022,20,6.6,2.21,6.9,2.27,4.8,3.05,35,1.89,1.41,6.31,2.05,3.26,1.96,25,1.92,1.5,6.68,2.01,2.84,1.75,10,1.8,1.23,5.4,1.96,4.3,2.16,33,0.22,0.824,1.71,0.096,2.09,0.045
812,1,inferior,inferiore,a,9,198,5.29,21140,9.96,2,18.01805,20,5.35,2.03,5.7,2.25,4,2.43,34,2.44,1.4,5.59,2.03,3.38,1.83,24,2.17,1.24,5.79,2.21,3.17,1.74,10,3.1,1.6,5.1,1.52,3.9,2.02,32,1.84,0.075,0.9,0.374,1.07,0.293
538,1,nurse,infermiere,s,10,56,4.04,2768,7.93,2,8.30397,20,7.4,1.67,8.2,0.95,7.95,1.36,33,4.58,2.05,5.64,1.9,4.24,1.56,22,4.32,2.21,5.86,1.86,4.23,1.66,11,5.09,1.64,5.18,1.99,4.27,1.42,31,1.02,0.314,0.97,0.339,0.08,0.939
788,1,hell,inferno,s,7,113,4.74,7979,8.98,4,66.82353925,20,5.05,2.09,5.1,2.25,4.2,2.12,33,2.39,1.6,6.42,2.02,4.39,2.28,22,1.68,0.78,6.77,2.14,4,2.43,11,3.82,1.89,5.73,1.62,5.18,1.78,31,4.63,0,1.43,0.164,1.43,0.163
228,1,infection,infezione,s,9,57,4.06,3465,8.15,2,7.67726,20,6.15,1.95,7.4,1.7,7.15,1.9,34,2.44,1.42,5.56,2,4.85,1.74,24,2.46,1.5,5.88,1.94,5,1.87,10,2.4,1.26,4.8,2.04,4.5,1.43,32,0.28,0.783,1.38,0.176,0.82,0.421
647,1,bake,infornare,v,9,0,0,51,3.95,2,5.953815,20,8,1.26,7.85,1.27,7.6,1.64,36,7.44,1.52,5.78,2.24,6.08,1.68,24,7.54,1.67,5.92,2.28,6.17,1.58,12,7.25,1.22,5.5,2.24,5.92,1.93,34,0.54,0.595,0.52,0.607,0.42,0.68
149,1,enraged,infuriato,a,9,14,2.71,2,1.1,3,1.148978333,20,6.75,2.07,7.55,1.39,4.55,2.06,44,2.93,2,7.34,1.96,5.93,2.37,34,2.97,2.18,7.35,1.92,5.74,2.42,10,2.8,1.32,7.3,2.21,6.6,2.17,42,0.23,0.816,0.07,0.941,1.02,0.315
718,1,deceit,inganno,s,7,38,3.66,2986,8,2,1.41011,20,5.65,2.03,5.65,2.23,4.25,2.1,33,2,1.44,6.18,2.11,4.03,2.44,22,1.82,1.3,6.55,2.04,3.91,2.81,11,2.36,1.69,5.45,2.16,4.27,1.56,31,1.03,0.311,1.42,0.166,0.4,0.694
469,1,valentine,innamorato,a/s,10,91,4.52,1835,7.52,5,6.8311838,20,7.8,1.7,7.9,1.41,5.25,2.55,33,8.21,1.6,7.91,1.7,5.94,2.32,23,8.04,1.85,8,1.6,5.91,2.47,10,8.6,0.7,7.7,2,6,2.05,31,0.92,0.366,0.46,0.649,0.1,0.923
814,1,innocent,innocente,a/s,9,89,4.5,10952,9.3,1,15.3545,20,5.65,2.21,4.65,2.18,3.4,1.9,36,6.5,1.92,4.86,2.23,4.83,2.17,26,6.19,2,5.12,2.27,4.58,2.19,10,7.3,1.49,4.2,2.1,5.5,2.07,34,1.58,0.123,1.11,0.277,1.15,0.259
755,1,flood,inondazione,s,11,5,1.79,771,6.65,1,0.940072,20,5.55,2.52,7.1,2.05,6.9,2.05,33,2.24,1.58,6.91,1.97,3.85,2.45,23,2.43,1.75,6.87,2.14,3.65,2.44,10,1.8,1.03,7,1.63,4.3,2.54,31,1.06,0.297,0.17,0.865,0.69,0.494
428,1,tense,inquieto,a,8,41,3.74,2824,7.95,3,2.924668333,20,6.65,1.66,5.75,2.12,4.3,2.11,36,3.61,1.87,7.14,1.76,5.11,2.01,24,3.13,1.51,7.38,1.35,4.79,1.86,12,4.58,2.19,6.67,2.39,5.75,2.22,34,2.34,0.025,1.14,0.261,1.36,0.181
321,1,pollute,inquinare,v,9,27,3.33,4086,8.32,1,1.56679,20,6.55,1.79,6.9,1.55,6.85,2.06,33,1.67,0.96,6.12,2.26,4.09,1.99,22,1.59,1.1,6.45,2.3,4.14,2.25,11,1.82,0.6,5.45,2.11,4,1.41,31,0.64,0.529,1.21,0.237,0.18,0.856
369,1,salad,insalata,s,8,34,3.56,912,6.82,1,1.25343,20,8.25,1.21,8.5,0.89,8.55,1.1,35,6.71,1.62,4.43,2.16,6.11,1.76,25,6.8,1.71,4.96,1.93,5.8,1.55,10,6.5,1.43,3.1,2.23,6.9,2.08,33,0.49,0.628,2.47,0.019,1.72,0.096
1009,1,teacher,insegnante,s,10,150,5.02,13483,9.51,1,25.382,20,7.9,1.25,7.85,1.27,7.9,2.05,34,5.5,1.58,5.38,2.09,4.47,1.52,24,5.25,1.42,5.63,2.06,4.29,1.43,10,6.1,1.85,4.8,2.15,4.9,1.73,32,1.45,0.156,1.05,0.301,1.06,0.295
816,1,insect,insetto,s,7,76,4.34,1450,7.28,4,7.9122875,20,7.2,1.99,7.75,1.55,7.55,1.85,33,3.27,1.63,6.3,1.86,4.12,2.07,22,2.95,1.68,6.5,2.06,3.91,2.04,11,3.91,1.38,5.91,1.38,4.55,2.16,31,1.63,0.113,0.86,0.399,0.83,0.414
230,1,insecure,insicuro,a,8,16,2.83,1191,7.08,3,1.253429,20,7.2,1.94,5.85,2.62,4.9,2.63,36,2.67,1.74,6.11,2.15,3.86,2.42,26,2.85,1.85,6.12,2.18,3.54,2.37,10,2.2,1.4,6.1,2.18,4.7,2.45,34,1,0.325,0.02,0.985,1.3,0.201
658,1,bland,insipido,a,8,7,2.08,252,5.53,2,0.313357,20,4.3,1.45,3.65,1.69,3.75,1.92,36,5.17,1.81,4.14,1.42,5.22,1.2,24,5.13,1.94,4.29,1.27,4.92,0.97,12,5.25,1.6,3.83,1.7,5.83,1.4,34,0.19,0.849,0.91,0.368,2.29,0.028
231,1,insolent,insolente,a,9,4,1.61,323,5.78,3,0.626714667,20,5.45,1.93,5.85,1.9,3.95,1.76,44,3.23,1.93,6.09,2.01,5.55,1.84,34,3.29,2.04,6.12,1.85,5.38,1.92,10,3,1.56,6,2.58,6.1,1.45,42,0.42,0.677,0.16,0.873,1.09,0.282
817,1,insult,insulto,s,7,62,4.14,7462,8.92,5,3.1962486,20,6.5,1.99,7.2,2.21,5.1,2.17,35,3.03,2.12,6.63,1.85,4.77,1.75,25,2.88,2.03,6.56,1.73,4.68,1.8,10,3.4,2.41,6.8,2.2,5,1.7,33,0.65,0.52,0.34,0.734,0.48,0.632
361,1,riot,insurrezione,s,12,12,2.56,1537,7.34,0,0,20,4.35,2.54,5.5,1.73,4.55,2.48,34,5.18,1.85,6.24,1.86,5.35,1.81,24,5.17,1.83,6.58,1.64,5.5,2,10,5.2,1.99,5.4,2.17,5,1.25,32,0.05,0.963,1.74,0.091,0.73,0.471
818,1,intellect,intelletto,s,10,36,3.61,701,6.55,1,0.313357,20,7.3,1.49,5.95,3.03,3.95,3,33,7.7,1.42,5.94,2.45,6.55,1.91,23,7.91,1.47,6.04,2.4,6.61,2.13,10,7.2,1.23,5.7,2.67,6.4,1.35,31,1.34,0.191,0.37,0.717,0.28,0.778
234,1,interest,interesse,s,9,695,6.55,101853,11.53,4,33.4509075,20,7.4,1.47,5.95,2.24,4.3,2.03,33,8.03,1.16,6.82,2.42,7.06,1.56,22,7.82,1.26,7.09,2.2,7.14,1.58,11,8.45,0.82,6.27,2.83,6.91,1.58,31,1.52,0.139,0.91,0.368,0.39,0.7
821,1,intimate,intimo,a/s,6,91,4.52,6003,8.7,6,5.379303167,20,7.25,1.68,7.2,2.09,5.9,2.29,34,6.71,1.49,5.65,2.25,6.29,1.68,24,6.58,1.53,5.71,2.37,6.04,1.6,10,7,1.41,5.5,2.07,6.9,1.79,32,0.69,0.498,0.31,0.759,1.5,0.144
822,1,intruder,intruso,a/s,7,12,2.56,624,6.44,3,1.044525667,20,5.6,1.64,5.4,1.82,5.65,1.73,33,2.94,1.48,5.67,2.12,4.94,1.78,23,2.87,1.42,6.17,1.7,4.91,1.7,10,3.1,1.66,4.5,2.59,5,2.05,31,0.41,0.687,2.21,0.035,0.13,0.9
467,1,useless,inutile,a,7,290,5.67,28571,10.26,1,22.5617,20,5.35,2.46,4.65,2.39,3.35,1.76,36,2.14,1.38,6.22,1.82,3.69,2.11,24,1.75,0.85,6.58,1.74,3.46,2.11,12,2.92,1.88,5.5,1.83,4.17,2.12,34,2.58,0.014,1.73,0.093,0.95,0.349
823,1,invader,invasore,s,8,19,3,987,6.9,1,4.387,20,4.3,1.72,5.7,2.39,5.85,1.39,33,2.33,1.49,6.67,1.98,4.18,2.11,23,2.35,1.53,6.87,1.91,3.78,2.15,10,2.3,1.49,6.2,2.15,5.1,1.79,31,0.08,0.934,0.89,0.38,1.69,0.1
824,1,invest,investire,v,9,157,5.06,30890,10.34,2,3.60361,20,4.7,2.3,5.85,2.48,4.6,2.64,36,3.58,2.51,6.89,2.08,4.42,2.43,26,3.69,2.63,6.88,2.07,4.62,2.5,10,3.3,2.26,6.9,2.23,3.9,2.28,34,0.41,0.681,0.02,0.984,0.79,0.437
342,1,rage,ira,s,3,56,4.04,4426,8.4,20,308.359096,20,6.1,2.17,6.2,2.33,5.1,2.07,33,4.15,2.03,6.36,1.58,3.76,1.82,23,4.22,1.95,6.52,1.53,3.43,1.83,10,4,2.31,6,1.7,4.5,1.65,31,0.28,0.783,0.87,0.391,1.58,0.124
235,1,irritate,irritare,v,8,40,3.71,5153,8.55,2,0.7833935,20,7,1.52,6.85,2.08,4.75,2.57,33,2.82,1.67,6.21,1.75,4.97,1.9,23,2.74,1.66,6.57,1.75,4.83,2.04,10,3,1.76,5.4,1.51,5.3,1.57,31,0.41,0.686,1.83,0.078,0.65,0.518
232,1,inspire,ispirare,v,8,199,5.3,18606,9.83,3,2.715762333,20,6,2.73,4.95,2.35,3.95,2.26,36,7.11,1.69,5.75,2.17,5.75,2.02,26,7.08,1.79,5.62,2.33,5.69,2.26,10,7.2,1.48,6.1,1.73,5.9,1.29,34,0.19,0.848,0.59,0.556,0.27,0.787
233,1,inspired,ispirato,a,8,18,2.94,673,6.51,5,4.6376894,20,6.1,1.83,5.1,2.69,3.75,2.2,36,7.28,1.47,5.36,2.6,6.61,2.11,24,6.92,1.59,5.58,2.55,6.58,1.91,12,8,0.85,4.92,2.75,6.67,2.57,34,2.2,0.035,0.72,0.476,0.11,0.913
137,1,education,istruzione,s,10,103,4.64,14871,9.61,2,7.9906075,20,8,1.34,6.3,2.45,4.6,2.62,33,7.64,1.45,6.94,1.94,6.76,2.09,23,7.57,1.59,7.22,1.78,6.83,1.97,10,7.8,1.14,6.3,2.21,6.6,2.46,31,0.42,0.677,1.26,0.216,0.28,0.78
831,1,ketchup,ketchup,s,7,0,0,98,4.6,0,0,20,6.95,2.33,7.7,2.11,7.95,1.73,36,6.08,2.23,4.94,2.18,5.78,1.91,24,6.38,2.37,5.17,2.22,5.46,1.79,12,5.5,1.88,4.5,2.11,6.42,2.07,34,1.11,0.274,0.86,0.394,1.44,0.16
244,1,killer,killer,s,6,124,4.83,14347,9.57,7,1.835379286,20,4.5,2.7,6.6,2.58,6.5,2.5,31,2,1.61,7.06,2.14,3.65,2.27,21,1.81,1.54,7.33,1.96,3.33,2.18,10,2.4,1.78,6.5,2.51,4.3,2.45,29,0.95,0.349,1.01,0.32,1.11,0.276
435,1,thief,ladro,s,5,92,4.53,8446,9.04,5,5.891127,20,5.05,2.78,7.9,1.52,7.6,1.6,34,2.47,1.88,6.82,2.33,3.91,2.09,24,2.54,2.02,6.83,2.2,3.83,2.22,10,2.3,1.57,6.8,2.74,4.1,1.85,32,0.34,0.738,0.04,0.97,0.33,0.741
250,1,lake,lago,s,4,131,4.88,7406,8.91,14,8.012999286,20,6.25,2.02,7.75,1.33,7.25,1.68,33,6.91,1.77,4.3,2.46,5.42,1.64,23,6.61,1.92,4.43,2.43,5.09,1.62,10,7.6,1.17,4,2.62,6.2,1.48,31,1.5,0.143,0.46,0.648,1.86,0.072
774,1,gripe,lamentela,s,9,23,3.18,1574,7.36,1,6.58051,20,6.55,1.64,6.1,2.15,5.25,1.92,33,2.94,1.2,5.7,2.19,4.64,1.87,22,2.91,1.31,5.91,2.22,4.36,1.81,11,3,1,5.27,2.15,5.18,1.94,31,0.2,0.841,0.78,0.439,1.19,0.241
838,1,lamp,lampada,s,7,76,4.34,1370,7.22,2,4.543681,20,7.75,1.45,8.15,1.09,8.3,0.98,35,5.91,1.54,4.71,2.08,5.91,1.6,25,6.08,1.73,5.08,2.25,5.84,1.62,10,5.5,0.85,3.8,1.23,6.1,1.6,33,1.01,0.322,1.69,0.101,0.43,0.67
566,1,lightbulb,lampadina,s,9,24,3.22,966,6.87,1,3.44693,20,8.3,1.34,8.35,1.35,8.55,0.89,33,5.97,1.38,5.03,1.21,5.88,1.85,23,5.96,1.4,5.22,1.2,5.78,1.91,10,6,1.41,4.6,1.17,6.1,1.79,31,0.08,0.935,1.36,0.183,0.45,0.658
839,1,lantern,lanterna,s,8,14,2.71,195,5.28,1,2.50686,20,6.5,2.01,7.95,1.36,7.7,1.66,34,6.18,1.27,4.41,2.09,5.59,1.5,24,6,1.25,4.67,1.9,5.42,1.38,10,6.6,1.26,3.8,2.49,6,1.76,32,1.05,0.302,0.68,0.499,1.23,0.228
663,1,blubber,lardo,s,5,3,1.39,210,5.35,10,7.6145828,20,5.9,2.05,6.8,1.96,7.05,1.57,33,3,1.84,5.12,1.88,4.12,1.75,23,3.3,1.87,5.04,1.85,3.87,1.58,10,2.3,1.64,5.3,2.06,4.7,2.06,31,1.47,0.152,0.35,0.725,1.27,0.214
876,1,milk,latte,s,5,152,5.03,36,3.61,9,9.783715444,20,8.4,1.23,8.5,0.89,8.45,0.94,35,6.29,2.14,4.2,2.04,5.6,1.82,25,6.48,2.29,4.12,2.13,5.44,1.87,10,5.8,1.69,4.4,1.9,6,1.7,33,0.85,0.403,0.36,0.72,0.82,0.419
192,1,graduate,laureato,a/s,8,24,3.22,5153,8.55,2,4.70036,20,7.6,2.11,8.75,0.72,8,1.65,33,8.88,0.33,7.79,1.92,7.24,2.28,23,8.87,0.34,7.91,1.76,7.09,2.33,10,8.9,0.32,7.5,2.32,7.6,2.22,31,0.24,0.813,0.56,0.578,0.59,0.56
502,1,bath,lavare,v,6,185,5.23,915,6.82,4,4.70035625,20,8,1.52,8.1,1.33,8.15,1.27,33,5.76,1.71,4.36,1.97,5.64,1.76,22,5.55,1.87,4.59,2.09,5.5,1.9,11,6.18,1.33,3.91,1.7,5.91,1.51,31,1.01,0.323,0.94,0.356,0.62,0.539
844,1,leader,leader,s,6,452,6.12,99394,11.51,1,0.940072,20,6.45,2.04,6.85,2.56,5.95,2.84,33,6.39,2.15,6.39,1.9,6.09,2.18,23,5.87,2.2,6.26,1.96,6.09,2.31,10,7.6,1.51,6.7,1.83,6.1,1.97,31,2.26,0.031,0.6,0.551,0.02,0.988
265,1,loyal,leale,a,5,26,3.3,2714,7.91,2,49.98053,20,6.4,2.28,5.85,2.64,4,2.34,34,7.88,1.32,5.97,2.5,6.74,1.8,24,8.17,1.34,6.08,2.59,6.92,1.79,10,7.2,1.03,5.7,2.41,6.3,1.83,32,2.15,0.039,0.04,0.968,0.35,0.732
254,1,leprosy,lebbra,s,6,5,1.79,182,5.21,1,44.8101,20,2.8,1.82,5.85,2.46,5.3,2.32,33,2.55,2.54,6.64,1.95,3.58,2.18,23,2.61,2.59,6.7,1.84,3.35,2.08,10,2.4,2.55,6.5,2.27,4.1,2.42,31,0.21,0.832,0.26,0.796,0.91,0.371
845,1,legend,leggenda,s,8,107,4.68,7520,8.93,2,11.5942,20,5.7,1.81,6.4,2.37,4.65,2.13,34,6.21,1.43,5.03,2.11,5.76,1.42,24,5.96,1.43,5.25,1.87,5.5,1.29,10,6.8,1.32,4.5,2.64,6.4,1.58,32,2.03,0.051,0.97,0.34,1.43,0.163
988,1,soothe,lenire,v,6,7,2.08,430,6.07,1,86.8,20,4.3,2.39,4.6,2.66,3.25,2.07,33,5.73,2.21,4.64,1.83,5.27,1.48,21,5.76,1.84,4.67,1.77,5.29,1.27,12,5.67,2.84,4.58,2.02,5.25,1.86,31,0.12,0.908,0.12,0.902,0.07,0.948
982,1,slow,lento,a,5,134,4.91,14642,9.59,13,61.92425938,20,6.15,1.66,5.85,2.11,4.8,2.07,35,4.26,1.67,4.74,1.84,4.86,1.48,25,4.52,1.56,4.8,1.87,4.88,1.48,10,3.6,1.84,4.6,1.84,4.8,1.55,33,1.5,0.143,0.29,0.776,0.14,0.888
518,1,lion,leone,s,5,78,4.37,5345,8.58,4,2.898556,20,5.35,2.56,8.3,1.13,7.6,2.06,33,5.45,2.49,6.67,2.35,3.79,2.12,21,5.05,2.87,7,2.26,3.67,2.31,12,6.17,1.47,6.08,2.5,4,1.81,31,1.25,0.219,1.08,0.289,0.43,0.671
597,1,lesbian,lesbica,s,7,7,2.08,1148,7.05,3,0.417809667,20,5.45,2.33,7.25,2.15,7.25,1.83,33,4.64,1.71,5.15,2.02,5.61,1.14,23,4.39,1.62,5.09,1.95,5.61,1.2,10,5.2,1.87,5.3,2.26,5.6,1.07,31,1.26,0.217,0.27,0.785,0.02,0.984
865,1,manure,letame,s,6,2,1.1,205,5.33,2,19.11478,20,5.05,2.74,8.1,1.33,7.65,2.21,33,2.58,1.7,4.58,2.03,4.61,1.69,21,2.05,1.4,4.9,1.95,4.1,1.3,12,3.5,1.83,4,2.13,5.5,1.98,31,2.56,0.015,1.24,0.224,2.47,0.019
846,1,letter,lettera,s,7,633,6.45,72951,11.2,3,42.92997167,20,6.8,2.04,8,1.26,7.25,2.12,33,6.7,1.29,4.42,2.25,5.88,1.36,21,6.52,1.08,4.52,2.2,5.9,1.3,12,7,1.6,4.25,2.42,5.83,1.53,31,1.02,0.314,0.33,0.742,0.14,0.888
549,1,bed,letto,s,5,511,6.24,16538,9.71,18,43.78297533,20,8.05,1.54,8.5,1,8.15,1.35,33,8.18,1.16,4.06,2.88,6.24,1.84,22,8.27,1.12,4.27,2.99,6.41,1.68,11,8,1.26,3.64,2.73,5.91,2.17,31,0.63,0.532,0.59,0.558,0.73,0.47
255,1,liberty,liberazione,s,11,87,4.48,14507,9.58,1,0.313357,20,6.2,1.44,5.85,2.25,4.9,1.65,33,7.91,1.42,5.3,2.72,6.06,1.73,22,8.41,1.1,5.59,2.99,6.14,2.03,11,6.91,1.51,4.73,2.1,5.91,0.94,31,3.26,0.003,0.86,0.399,0.35,0.728
172,1,free,libero,a,6,622,6.43,68126,11.13,5,24.8179114,20,7.35,1.69,6.75,2.29,4.8,2.42,34,8.29,1.09,6.94,2.68,7.21,1.93,24,8.38,1.13,6.92,2.87,7.21,2.02,10,8.1,0.99,7,2.31,7.2,1.81,32,0.94,0.352,0.08,0.94,0.43,0.673
173,1,freedom,libertà,s,7,393,5.98,51687,10.85,1,6.58051,20,7.2,1.85,7,1.72,4.7,2.72,34,8.56,0.79,6.21,2.64,7.18,1.82,24,8.5,0.83,6.71,2.37,7.33,1.9,10,8.7,0.67,5,2.98,6.8,1.62,32,0.67,0.507,1.78,0.085,0.78,0.444
-,0,bookcase,libreria,s,8,90,4.51,7960,8.98,2,4.70036,20,8.1,1.37,8.6,0.75,8.6,0.88,35,6.29,1.72,4.06,2.11,5.71,2.09,25,6.56,1.71,4.08,2.33,5.84,2.17,10,5.6,1.65,4,1.56,5.4,1.96,33,1.52,0.139,0.1,0.921,0.56,0.582
47,1,book,libro,s,5,1004,6.91,90647,11.41,3,41.99001,20,8.45,1.23,8.5,0.89,8.6,0.82,35,7.69,1.3,3.6,2.65,6.66,2.17,25,7.8,1.32,3.88,2.88,6.64,2.29,10,7.4,1.26,2.9,1.91,6.7,1.95,33,0.82,0.419,0.99,0.33,0.07,0.942
984,1,smooth,liscio,a,6,56,4.04,3124,8.05,4,5.01371225,20,6.15,1.84,7,1.97,5.9,1.59,31,6.13,1.41,4.61,1.82,5.52,1.52,21,5.86,1.35,4.48,1.63,5.43,1.6,10,6.7,1.42,4.9,2.23,5.7,1.42,29,1.6,0.121,0.6,0.553,0.46,0.651
338,1,quarrel,litigio,s,7,50,3.93,3099,8.04,0,0,20,5.95,1.73,6.6,2.04,6.05,2.21,36,2.61,1.46,7.19,1.62,5.53,1.98,24,2.04,1.27,7.25,1.75,5.58,1.95,12,3.75,1.14,7.08,1.38,5.42,2.11,34,3.94,0,0.29,0.775,0.24,0.816
751,1,fight,lotta,s,5,285,5.66,44851,10.71,13,6.725128077,20,6.9,2.15,7.3,1.69,6.1,2.45,34,4.38,1.72,6.41,1.86,5.35,1.81,24,4.04,1.83,6.67,1.76,5.46,1.98,10,5.2,1.14,5.8,2.04,5.1,1.37,32,1.85,0.074,1.25,0.221,0.52,0.606
853,1,lottery,lotteria,s,8,20,3.04,3887,8.27,3,0.731167333,20,5.1,2.49,6.95,1.76,4.55,2.56,33,6.82,2.01,6.15,2.22,5.12,2,23,7,1.93,6.7,1.72,5.09,2.11,10,6.4,2.22,4.9,2.81,5.2,1.81,31,0.78,0.439,2.27,0.031,0.15,0.884
716,1,daylight,luce,s,4,730,6.59,48217,10.78,11,13.47436936,20,7.5,2.16,8,1.56,7.05,1.64,35,7.74,1.31,4.8,2.27,6.43,1.77,24,7.79,1.41,4.88,2.36,6.79,1.77,11,7.64,1.12,4.64,2.16,5.64,1.57,33,0.32,0.751,0.28,0.778,1.86,0.072
671,1,bright,luminoso,a,8,111,4.72,4896,8.5,3,7.833926667,20,6.55,1.88,6.85,2.56,5.05,2.86,33,7.91,1.1,5.55,2.46,6.45,1.99,23,8.17,0.94,5.39,2.68,6.78,1.98,10,7.3,1.25,5.9,1.97,5.7,1.89,31,2.22,0.034,0.54,0.594,1.46,0.153
883,1,moody,lunatico,a,8,5,1.79,341,5.83,1,0.626715,20,7.25,1.8,6.8,2.61,5.1,2.51,34,3.38,1.97,6.38,1.81,4.76,2.08,24,3.79,2.06,6.42,1.67,4.75,2.09,10,2.4,1.35,6.3,2.21,4.8,2.15,32,1.96,0.059,0.17,0.867,0.06,0.95
268,1,luxury,lusso,s,5,122,4.81,9637,9.17,6,10.49747733,20,6.3,2.34,7.3,2.08,5.75,2.47,33,8.03,1.55,7.18,1.67,6.06,1.94,23,7.83,1.77,7.17,1.83,5.96,1.94,10,8.5,0.71,7.2,1.32,6.3,2,31,1.15,0.258,0.04,0.968,0.46,0.647
519,1,lust,lussuria,s,8,3,1.39,336,5.82,0,0,20,4.95,1.93,4.9,2.1,3.7,1.87,36,6.94,1.96,6.39,2.39,6.31,2.11,26,6.58,2.08,6.54,2.27,6.04,2.22,10,7.9,1.2,6,2.79,7,1.7,34,1.88,0.068,0.6,0.553,1.23,0.225
656,1,bereavement,lutto,s,5,36,3.61,4929,8.5,7,221.3193784,20,6.2,1.96,6.25,2.38,5.6,2.23,36,1.42,0.87,7.11,2.12,2.81,2.18,24,1.33,0.87,7.29,1.71,3.25,2.27,12,1.58,0.9,6.75,2.83,1.92,1.73,34,0.8,0.427,0.72,0.478,1.79,0.083
855,1,machine,macchina,s,8,687,6.53,47497,10.77,1,49.1971,20,8.25,1.65,8.15,1.9,8.2,1.85,33,6.27,1.86,5.33,2.19,6.39,2.05,23,6.04,1.87,5.96,1.89,6.09,2.13,10,6.8,1.81,3.9,2.23,7.1,1.73,31,1.08,0.29,2.72,0.011,1.32,0.196
397,1,slaughter,macello,s,7,4,1.61,918,6.82,3,0.417809667,20,6.1,2.38,6.1,2.38,5.85,2.39,35,3.2,2.3,6.57,2.03,4.8,2.46,25,2.96,2.42,6.8,1.91,4.72,2.49,10,3.8,1.93,6,2.31,5,2.49,33,0.98,0.336,1.05,0.3,0.3,0.766
286,1,mother,madre,s,5,1074,6.98,47877,10.78,5,83.6036748,20,8.25,1.48,8.7,0.73,8.55,1,33,8.39,1.5,5.39,2.62,6.42,1.92,22,8.59,0.73,5.55,2.72,6.82,1.79,11,8,2.41,5.09,2.51,5.64,2.01,31,1.07,0.293,0.46,0.646,1.72,0.096
858,1,magical,magico,a,6,145,4.98,9588,9.17,4,6.267145,20,6.05,2.31,5.25,2.34,3.6,2.28,35,7.34,1.7,6.06,2.14,6.17,1.93,25,7.48,1.85,6.28,2.34,6.44,1.8,10,7,1.25,5.5,1.51,5.5,2.17,33,0.75,0.458,0.97,0.338,1.31,0.198
271,1,masterful,magistrale,a,10,13,2.64,1511,7.32,1,1.25343,20,5.45,1.9,5.3,2.54,3.7,2.25,36,6.83,1.52,4,1.67,7.06,1.53,26,6.92,1.65,4.12,1.75,6.69,1.41,10,6.6,1.17,3.7,1.49,8,1.49,34,0.57,0.576,0.66,0.513,2.46,0.019
-,0,sweater,maglia,s,6,158,5.07,12486,9.43,7,9.579784429,20,8.85,0.37,8.75,0.55,8.8,0.52,31,6.23,1.5,4.84,1.95,5.35,1.52,21,6.24,1.41,4.81,2.02,5.1,1.58,10,6.2,1.75,4.9,1.91,5.9,1.29,29,0.07,0.949,0.12,0.906,1.4,0.171
431,1,terrific,magnifico,a,9,88,4.49,6278,8.74,3,4.804815667,20,6.65,1.93,4.4,1.96,3.2,2.42,36,8.06,1.24,6.44,2.49,6,2.28,26,7.92,1.38,6.58,2.56,5.81,2.55,10,8.4,0.7,6.1,2.38,6.5,1.35,34,1.03,0.308,0.51,0.614,0.81,0.422
937,1,pig,maiale,s,6,40,3.71,1806,7.5,4,0.8617315,20,6.75,2.02,7.9,1.89,7.05,2.11,35,4.49,1.67,4.83,1.5,4.77,1.29,24,4,1.62,4.96,1.52,4.42,1.18,11,5.55,1.29,4.55,1.51,5.55,1.21,33,2.78,0.009,0.75,0.459,2.61,0.014
443,1,toothache,mal di denti,s,12,NA,NA,NA,NA,NA,NA,20,7.95,1.5,8.2,1.4,7.05,2.76,34,2.09,1.9,7.53,1.81,2.62,1.56,24,2.04,2.1,7.42,1.98,2.54,1.5,10,2.2,1.4,7.8,1.4,2.8,1.75,32,0.22,0.828,0.56,0.582,0.44,0.666
379,1,seasick,mal di mare,s,11,NA,NA,NA,NA,NA,NA,20,5.4,2.37,6.1,2.51,6,2.34,36,2.39,1.46,6.42,2.27,4.03,2.14,24,2.13,1.39,6.13,2.58,4,2.3,12,2.92,1.51,7,1.41,4.08,1.88,34,1.57,0.127,1.09,0.282,0.11,0.914
390,1,sickness,malanno,s,7,17,2.89,1150,7.05,1,3.44693,20,6.7,1.72,6.95,2.31,4.9,2.25,34,2.35,1.57,5.62,2.35,4.62,2.3,24,2.04,1.55,5.83,2.18,4.33,2.24,10,3.1,1.45,5.1,2.77,5.3,2.41,32,1.85,0.073,0.83,0.415,1.12,0.27
860,1,malaria,malaria,s,7,10,2.4,671,6.51,1,2.50686,20,3.45,2.16,5.35,2.72,5.75,2.53,31,1.32,0.7,7.03,1.82,2.94,2.03,21,1.24,0.54,7.24,1.64,2.29,1.68,10,1.5,0.97,6.6,2.17,4.3,2.11,29,0.97,0.34,0.91,0.369,2.88,0.007
607,1,sick,malato,a/s,6,139,4.94,18968,9.85,8,7.520578375,20,6.25,1.68,6.9,1.68,5.45,2.09,33,1.88,0.99,6.33,2.47,3.12,1.83,21,1.76,0.94,6.57,2.31,3.38,2.09,12,2.08,1.08,5.92,2.78,2.67,1.23,31,0.89,0.379,0.73,0.473,1.08,0.289
804,1,illness,malattia,s,8,402,6,25839,10.16,1,47.6303,20,6.5,1.82,6.85,2.11,6.3,2.23,35,1.74,1.07,6.57,2.12,2.74,1.74,24,1.63,0.97,6.83,2.04,2.5,1.74,11,2,1.26,6,2.28,3.27,1.68,33,0.96,0.342,1.08,0.287,1.23,0.227
366,1,rude,maleducato,a/s,10,4,1.61,633,6.45,2,0.9400735,20,6.1,1.55,7.25,1.52,5.45,2.16,34,1.91,1.24,5.65,2.03,5.12,2.29,24,1.96,1.08,5.5,1.84,4.58,2.1,10,1.8,1.62,6,2.49,6.4,2.32,32,0.33,0.74,0.65,0.521,2.23,0.033
726,1,discomfort,malessere,s,9,46,3.85,5088,8.53,1,1.88014,20,6.4,1.96,5.7,2.77,4.25,2.84,32,2.41,1.29,6.06,2.12,4.22,1.88,22,2.27,1.28,6.55,1.63,4.05,1.43,10,2.7,1.34,5,2.75,4.6,2.67,30,0.86,0.395,2,0.055,0.77,0.448
270,1,malice,malevolenza,s,11,1,0.69,101,4.62,1,0.313357,20,3.7,2.18,4.3,2.32,3.2,1.91,36,3.5,1.46,6.14,2.21,3.61,1.5,26,3.35,1.38,6.46,1.96,3.88,1.45,10,3.9,1.66,5.3,2.67,2.9,1.45,34,1.02,0.316,1.44,0.16,1.82,0.077
493,1,wicked,malvagio,a/s,8,15,2.77,923,6.83,1,1.25343,20,5.3,2.39,5.8,2.57,4.15,2.37,33,2.27,1.4,6.55,1.87,4.82,2.17,21,1.86,1.28,6.52,1.91,4.71,2.35,12,3,1.35,6.58,1.88,5,1.91,31,2.43,0.021,0.09,0.932,0.36,0.722
136,1,eat,mangiare,v,8,502,6.22,18230,9.81,1,3.13357,20,8.15,1.14,7.9,1.33,7.55,1.54,33,8,1.27,6.15,2.65,6.24,2.11,22,8.09,1.38,6.77,2.18,6.45,2.13,11,7.82,1.08,4.91,3.14,5.82,2.09,31,0.57,0.571,1.99,0.055,0.81,0.422
862,1,maniac,maniaco,a/s,7,16,2.83,2147,7.67,2,0.9400725,20,5.5,1.88,7.1,1.8,7.95,1.28,33,1.67,1.36,7.24,2.02,3.82,2.48,23,1.48,1.04,7.3,2.16,3.3,2.24,10,2.1,1.91,7.1,1.73,5,2.71,31,1.21,0.234,0.26,0.794,1.87,0.07
732,1,dummy,manichino,s,9,8,2.2,809,6.7,1,1.56679,20,7.15,1.81,7.85,2.08,7.75,1.8,33,4.82,1.36,4.55,1.87,5.15,1.89,23,4.96,1.36,4.7,1.89,5,2.02,10,4.5,1.35,4.2,1.87,5.5,1.58,31,0.89,0.383,0.69,0.493,0.69,0.494
778,1,hand,mano,s,4,1595,7.38,147900,11.9,22,43.12940827,20,8.25,1.25,8.7,0.66,8.25,1.33,32,6,1.67,4.94,1.97,5.59,1.6,22,5.95,1.56,5.27,1.75,5.41,1.56,10,6.1,1.97,4.2,2.3,6,1.7,30,0.23,0.823,1.46,0.156,0.97,0.342
1006,1,tamper,manomettere,v,11,8,2.2,625,6.44,0,0,20,4.4,2.21,5.55,2.5,4.95,2.42,35,3.51,1.56,5.63,1.63,4.69,1.66,24,3.5,1.59,5.75,1.42,4.75,1.67,11,3.55,1.57,5.36,2.06,4.55,1.69,33,0.08,0.938,0.65,0.523,0.33,0.74
634,1,alimony,mantenimento,s,12,26,3.3,4248,8.35,0,0,20,5.3,1.49,5.65,1.27,5.5,1.7,36,4.31,1.17,5.75,1.99,5.39,1.81,24,4.5,1.14,5.71,2.27,5.5,1.82,12,3.92,1.16,5.83,1.34,5.17,1.85,34,1.44,0.16,0.18,0.862,0.52,0.609
365,1,rotten,marcio,a/s,6,22,3.14,2633,7.88,3,15.981243,20,6.05,1.82,6.6,2.46,5.75,2.45,33,2.06,1.25,6.09,1.67,4.64,1.82,23,1.52,0.85,6.13,1.77,4.48,2.06,10,3.3,1.16,6,1.49,5,1.05,31,4.95,0,0.2,0.84,0.75,0.457
-,0,daisy,margherita,s,10,8,2.2,669,6.51,1,2.50686,20,7.8,1.11,8.35,0.88,7.75,1.74,36,7.19,1.51,4.89,2.35,5.67,1.64,24,7.75,1.03,5.08,2.48,5.71,1.9,12,6.08,1.73,4.5,2.11,5.58,1,34,3.63,0.001,0.7,0.491,0.21,0.833
198,1,hammer,martello,s,8,26,3.3,2510,7.83,5,17.360002,20,6.7,2.68,8.6,0.88,8.25,1.33,36,4.14,1.55,5.92,1.79,5.31,1.83,26,4.12,1.51,6.12,1.77,5.42,2.02,10,4.2,1.75,5.4,1.84,5,1.25,34,0.14,0.886,1.07,0.291,0.61,0.543
867,1,massacre,massacro,s,8,62,4.14,9845,9.19,3,1.984596333,20,3.9,2,6.3,2.25,4.95,2.11,33,1.3,0.68,7.48,1.48,2.88,2.1,21,1.1,0.3,7.62,1.28,2.71,2.22,12,1.67,0.98,7.25,1.82,3.17,1.95,31,2.49,0.018,0.68,0.5,0.59,0.561
599,1,masturbate,masturbarsi,v,11,7,2.08,68,4.23,0,0,20,4.5,2.35,6.25,1.92,5.85,2.39,32,5.09,3.11,6,2.6,5.5,2.4,22,4.09,3.02,6.05,2.63,5.14,2.38,10,7.3,2.06,5.9,2.69,6.3,2.36,30,3.04,0.005,0.14,0.886,1.29,0.208
868,1,material,materiale,a/s,9,273,5.61,25541,10.15,1,43.5567,20,6.4,1.96,6.85,1.73,6.35,2.16,31,5.32,1.19,5.19,1.3,5.32,1.35,21,5.24,1,5.33,1.24,5.14,1.46,10,5.5,1.58,4.9,1.45,5.7,1.06,29,0.56,0.577,0.86,0.395,1.08,0.291
309,1,pencil,matita,s,6,45,3.83,1487,7.31,4,1.56678675,20,8.15,2.03,8.15,1.93,8.75,0.64,34,5.88,1.43,4.21,2.04,5.76,1.79,24,5.79,1.32,4.54,2.08,5.71,1.81,10,6.1,1.73,3.4,1.78,5.9,1.85,32,0.57,0.575,1.51,0.14,0.28,0.781
491,1,wedding,matrimonio,s,10,492,6.2,19164,9.86,1,51.704,20,7.75,1.8,8.25,1.59,7.8,1.67,32,7.13,1.56,5.72,2.45,6.41,2.01,22,7.64,1.43,6.27,2.39,6.45,2.02,10,6,1.25,4.5,2.22,6.3,2.11,30,3.11,0.004,1.98,0.057,0.2,0.844
857,1,madman,matto,a/s,5,56,4.04,4962,8.51,13,101.6964825,20,6.65,1.69,7,2,6.35,1.93,33,3.91,1.94,5.79,1.93,5,2.02,23,3.91,2.04,6.3,1.58,4.65,1.82,10,3.9,1.79,4.6,2.22,5.8,2.3,31,0.02,0.986,2.51,0.017,1.53,0.135
869,1,medicine,medicina,s,8,192,5.26,13685,9.52,1,14.1011,20,6.8,1.77,7.45,1.28,6.3,1.87,44,4.93,2.47,5.59,2.09,4.41,2.07,34,4.74,2.53,5.91,1.99,4,2.04,10,5.6,2.27,4.5,2.17,5.8,1.55,42,0.97,0.337,1.93,0.06,2.57,0.014
400,1,slime,melma,s,5,6,1.95,412,6.02,2,0.470036,20,4.4,2.14,6.45,2.37,6.65,2.03,33,2.7,1.55,5.85,1.75,4.61,1.56,23,2.48,1.62,6.04,1.92,4.57,1.78,10,3.2,1.32,5.4,1.26,4.7,0.95,31,1.24,0.225,0.97,0.34,0.22,0.824
870,1,melody,melodia,s,7,44,3.81,2219,7.71,2,3.7602885,20,6.7,2.3,6.75,2.34,5.8,2.59,36,6.42,1.34,4.08,2.87,5.33,2.01,26,6.42,1.45,4.23,3.08,5.15,2.2,10,6.4,1.07,3.7,2.36,5.8,1.4,34,0.05,0.964,0.49,0.626,0.86,0.396
274,1,memory,memoria,s,7,313,5.75,31403,10.35,2,6.8938785,20,7.3,1.42,5.45,2.44,4.2,2.35,35,6.77,1.42,5.37,2.54,5.89,1.91,25,6.68,1.44,5.76,2.54,5.8,1.94,10,7,1.41,4.4,2.41,6.1,1.91,33,0.6,0.554,1.45,0.156,0.42,0.68
36,1,beggar,mendicante,a,10,17,2.89,665,6.5,1,3.44693,20,5.4,2.26,5.95,2.65,6,2.71,36,3.25,1.79,5.56,1.78,4.78,2.33,24,3.13,1.85,5.79,1.74,4.71,2.24,12,3.5,1.73,5.08,1.83,4.92,2.61,34,0.59,0.562,1.13,0.266,0.25,0.805
864,1,mantel,mensola,s,7,17,2.89,144,4.98,3,1.253428,20,7.6,2.16,8.25,1.59,8.5,1.28,34,5.15,1.13,4.26,1.58,5.09,1.4,24,5.17,1.27,4.29,1.68,4.88,1.54,10,5.1,0.74,4.2,1.4,5.6,0.84,32,0.15,0.878,0.15,0.88,1.39,0.173
877,1,mind,mente,s,5,397,5.99,21346,9.97,14,42.63903529,20,7.2,2.28,5.45,2.24,4.6,2.68,32,7.72,1.42,5.94,2.72,6.97,1.99,22,7.64,1.36,6.14,2.47,6.64,2.08,10,7.9,1.6,5.5,3.31,7.7,1.64,30,0.48,0.634,0.61,0.549,1.42,0.165
685,1,chin,mento,s,5,37,3.64,903,6.81,15,50.2416206,20,6.95,2.72,7.5,2.24,7.8,1.94,36,4.92,1.05,5.03,0.81,4.86,0.83,26,4.85,1.22,4.96,0.82,4.73,0.83,10,5.1,0.32,5.2,0.79,5.2,0.79,34,0.64,0.525,0.79,0.437,1.54,0.132
499,1,wonder,meraviglia,s,10,68,4.23,5192,8.56,4,2.97689675,20,6.3,1.66,5.1,1.83,3.6,2.3,35,8.03,1.27,6.49,2.2,5.89,2.01,25,8.32,1.14,6.32,2.46,5.92,2.23,10,7.3,1.34,6.9,1.37,5.8,1.4,33,2.27,0.03,0.7,0.49,0.16,0.876
866,1,market,mercato,s,7,815,6.7,201867,12.22,3,43.45224,20,7.05,1.61,8.2,1.06,7.55,1.57,33,6.18,1.65,4.76,2.59,5.64,1.39,21,6.81,1.29,4.71,2.61,5.76,1.41,12,5.08,1.68,4.83,2.66,5.42,1.38,31,3.32,0.002,0.13,0.901,0.68,0.501
283,1,month,mese,s,4,1998,7.6,236659,12.37,13,39.21791254,20,7.65,1.53,6.1,3.14,5.2,3.24,33,5.27,1.35,4.73,1.89,5.03,0.88,23,5.3,1.61,4.78,1.88,5.09,0.9,10,5.2,0.42,4.6,2.01,4.9,0.88,31,0.2,0.842,0.25,0.803,0.55,0.584
-,0,ladle,mestolo,s,7,8,2.2,73,4.3,2,0.7833935,20,7.75,1.16,8.1,1.17,7.9,1.74,36,5.67,1.47,4.83,1.32,5.19,1.01,24,5.71,1.3,4.88,1.42,5.33,0.92,12,5.58,1.83,4.75,1.14,4.92,1.16,34,0.24,0.814,0.26,0.793,1.17,0.248
874,1,metal,metallo,s,7,65,4.19,4377,8.38,1,4.387,20,6.7,1.63,7.35,1.63,7.5,1.7,34,4.76,0.99,4.82,1.68,5.06,1.48,24,4.71,0.95,5,1.44,5.04,1.4,10,4.9,1.1,4.4,2.17,5.1,1.73,32,0.43,0.667,1.02,0.314,0.12,0.904
875,1,method,metodo,s,6,268,5.59,21758,9.99,1,31.0224,20,6,1.72,5.8,2.88,4.2,2.5,34,6.44,1.64,5.71,2.22,6.59,1.58,24,6.17,1.4,5.67,2.16,6.13,1.36,10,7.1,2.02,5.8,2.49,7.7,1.57,32,1.55,0.132,0.16,0.876,2.94,0.006
792,1,honey,miele,s,5,63,4.16,2639,7.88,4,30.00401925,20,6.25,2.45,8.2,1.47,8.2,1.51,34,6.38,2.49,4.53,2.44,5.41,2.05,24,6.46,2.77,4.63,2.67,5.21,2.17,10,6.2,1.75,4.3,1.89,5.9,1.73,32,0.38,0.709,0.28,0.783,1.01,0.322
226,1,improve,migliorare,v,10,225,5.42,22744,10.03,1,2.1935,20,6.95,2.01,6.6,2.58,5.3,2.83,35,7.94,1.11,6.94,2.13,6.94,1.81,24,8.04,1.08,7.08,2.22,6.79,1.79,11,7.73,1.19,6.64,1.96,7.27,1.9,33,0.77,0.445,0.57,0.572,0.72,0.475
278,1,millionaire,milionario,a/s,10,6,1.95,740,6.61,2,0.626715,20,4.8,2.26,6.35,2.37,5,2.13,33,7.58,1.77,5.73,2.55,6.39,1.95,22,7.95,1.46,5.68,2.97,6.73,1.86,11,6.82,2.14,5.82,1.54,5.73,2.05,31,1.8,0.082,0.14,0.888,1.41,0.169
275,1,menace,minaccia,s,8,174,5.16,26403,10.18,2,1.7234635,20,6.25,1.65,5.75,2.77,4.6,2.58,33,1.88,1.22,7.21,1.88,3.91,2.44,23,1.48,0.79,7.52,1.93,4.04,2.65,10,2.8,1.55,6.5,1.65,3.6,1.96,31,3.27,0.003,1.46,0.155,0.47,0.639
279,1,miracle,miracolo,s,8,198,5.29,17188,9.75,1,18.8014,20,4.75,2.61,5,2.47,3.05,2.37,35,7.06,2.03,5.11,3.04,4.31,2.19,25,7.28,2.21,5.32,3.2,4.28,2.48,10,6.5,1.43,4.6,2.67,4.4,1.35,33,1.03,0.311,0.63,0.534,0.14,0.886
879,1,misery,miseria,s,7,72,4.29,5974,8.7,2,1.4101085,20,5.75,2.24,7,2.05,5.45,1.96,33,1.94,1.56,6.45,2.15,3.55,2.31,23,1.83,1.59,6.35,2.33,3.57,2.29,10,2.2,1.55,6.7,1.77,3.5,2.46,31,0.63,0.535,0.43,0.673,0.07,0.942
891,1,mystic,mistico,a/s,7,26,3.3,2756,7.92,3,3.133573,20,3.45,1.93,3.55,1.85,2.5,1.64,36,5.25,1.75,4.78,2.27,5.31,1.86,26,5.23,1.63,4.65,2.15,5.04,1.97,10,5.3,2.11,5.1,2.64,6,1.41,34,0.11,0.917,0.52,0.604,1.41,0.169
273,1,meek,mite,a,4,48,3.89,2898,7.97,15,14.6442406,20,5.65,2.21,5.25,2.81,4.2,2.44,36,6.14,1.27,4.5,1.96,5.33,1.35,24,5.75,0.99,4.67,1.71,5.25,0.94,12,6.92,1.44,4.17,2.44,5.5,1.98,34,2.86,0.007,0.72,0.479,0.52,0.608
675,1,cabinet,mobile,a/s,6,162,5.09,21171,9.96,2,34.31265,20,8.05,1.57,7.6,2.01,8.2,1.28,34,5.35,1.3,4.65,1.94,5.06,1.52,24,5.46,1.41,4.88,1.98,5.13,1.75,10,5.1,0.99,4.1,1.79,4.9,0.74,32,0.73,0.472,1.07,0.295,0.39,0.7
881,1,mobility,mobilità,s,8,46,3.85,5505,8.61,3,0.940072333,20,5.8,1.91,5.5,2.42,4.85,2.7,34,6.56,1.71,5.35,1.91,6.15,1.67,24,6.63,1.71,5.63,1.76,6,1.72,10,6.4,1.78,4.7,2.16,6.5,1.58,32,0.46,0.651,1.27,0.213,1.09,0.284
280,1,modest,modesto,a,7,126,4.84,15690,9.66,5,4.4496814,20,5.9,2.2,4.2,2.44,3.95,2.28,36,6.14,1.73,4.58,2.03,5.53,1.56,26,6.04,1.91,4.85,1.89,5.31,1.62,10,6.4,1.17,3.9,2.33,6.1,1.29,34,0.56,0.581,1.26,0.216,1.38,0.175
863,1,manner,modo,s,4,1953,7.58,177886,12.09,15,21.09938353,20,6.4,2.04,3.4,2.41,2.4,1.67,32,5.19,0.78,4.59,1.5,5.47,1.27,22,5.32,0.84,4.91,0.81,5.45,1.1,10,4.9,0.57,3.9,2.33,5.5,1.65,30,1.43,0.163,1.83,0.077,0.09,0.927
1031,1,wife,moglie,s,6,964,6.87,56950,10.95,8,12.14259425,20,7.25,1.68,7.6,1.23,6.85,2.18,33,6.85,1.73,5.73,2.32,5.97,1.38,22,6.82,1.82,6.32,2.15,6.14,1.46,11,6.91,1.64,4.55,2.3,5.64,1.21,31,0.14,0.89,2.19,0.036,0.98,0.335
281,1,moment,momento,s,7,1659,7.41,175414,12.07,2,39.9530785,20,6.95,1.67,5.55,2.46,4.15,2.52,33,6.61,1.39,5.48,1.94,5.21,1.73,22,6.5,1.57,5.32,2.08,5.55,1.84,11,6.82,0.98,5.82,1.66,4.55,1.29,31,0.61,0.544,0.69,0.494,1.61,0.118
500,1,world,mondo,s,5,2193,7.69,213699,12.27,12,22.40505708,20,6.3,2.54,7,2.38,5.25,2.9,34,7.12,1.82,6.18,2.59,5.03,2.28,24,6.88,2.03,6.13,2.76,5.29,2.4,10,7.7,1.06,6.3,2.26,4.4,1.9,32,1.21,0.235,0.18,0.861,1.04,0.305
692,1,coin,moneta,s,6,170,5.14,24484,10.11,2,9.714065,20,7.65,1.53,8,1.95,8.25,1.48,36,6.33,2.11,5.72,2.42,5.5,2.12,26,6.27,2.03,5.65,2.65,5.38,2.25,10,6.5,2.42,5.9,1.79,5.8,1.81,34,0.29,0.774,0.27,0.789,0.52,0.605
287,1,mountain,montagna,s,8,322,5.78,18835,9.84,2,17.8613785,20,6.8,1.99,8.25,1.29,8.3,1.03,33,6.82,1.36,4.06,2.63,5.88,1.85,21,6.95,1.28,4.14,2.63,6.24,1.67,12,6.58,1.51,3.92,2.75,5.25,2.05,31,0.75,0.461,0.23,0.817,1.5,0.142
528,1,rollercoaster,montagne russe,s,14,NA,NA,NA,NA,NA,NA,20,6.15,2.43,7.55,1.96,6.8,2.5,36,5.83,2.56,7.42,2.22,5.72,2.68,24,5.79,2.84,7.75,2.03,5.63,2.62,12,5.92,1.98,6.75,2.53,5.92,2.91,34,0.14,0.892,1.28,0.208,0.3,0.763
884,1,moral,morale,a/s,6,230,5.44,30110,10.31,4,5.40542725,20,6.65,1.79,5.95,2.67,3.5,2.67,33,6.58,1.9,5,2.3,5.94,1.92,22,6.55,1.6,5.23,2.25,5.36,1.84,11,6.64,2.5,4.55,2.46,7.09,1.58,31,0.13,0.9,0.8,0.432,2.66,0.012
986,1,soft,morbido,a,7,111,4.72,5199,8.56,4,6.032125,20,7.2,1.74,7.75,1.86,6.85,2.39,34,5.53,1.46,4.85,1.76,5.53,1.46,24,5.71,1.12,5.29,1.46,5.25,1.33,10,5.1,2.08,3.8,2.04,6.2,1.62,32,1.11,0.275,2.41,0.022,1.78,0.084
272,1,measles,morbillo,s,8,2,1.1,244,5.5,1,2.82022,20,5.35,2.46,6.6,2.26,6,2.62,31,2.71,1.94,5.84,2.25,3.52,2,21,2.71,2.1,6.05,2.13,3.1,1.73,10,2.7,1.64,5.4,2.55,4.4,2.32,29,0.02,0.985,0.74,0.464,1.76,0.089
284,1,morbid,morboso,a,7,33,3.53,1213,7.1,3,2.611311667,20,6.55,1.79,6.15,2.41,5.35,2.32,33,3.03,1.59,6.48,1.28,3.67,2.04,23,3.17,1.5,6.65,1.27,3.83,2.15,10,2.7,1.83,6.1,1.29,3.3,1.83,31,0.78,0.44,1.15,0.26,0.67,0.505
100,1,death,morte,s,5,815,6.7,74677,11.22,17,56.36750859,20,6.5,2.16,5.4,2.7,4.6,2.95,32,2.22,2.03,7.38,2.17,2.91,2.48,22,2,1.69,8.05,1.56,2.05,1.65,10,2.7,2.67,5.9,2.64,4.8,3.01,30,0.9,0.374,2.89,0.007,3.36,0.002
588,1,dead,morto,a/s,5,195,5.28,9731,9.18,16,98.66856188,20,6.7,2.25,7.8,1.91,7.35,1.63,33,1.36,0.74,7.12,1.62,2.42,1.54,22,1.18,0.5,7.23,1.51,2.27,1.64,11,1.73,1.01,6.91,1.87,2.73,1.35,31,2.09,0.045,0.53,0.602,0.79,0.433
1021,1,tune,motivo,s,6,602,6.4,52009,10.86,5,17.6733602,20,6.25,2.24,4.4,2.54,3.55,2.37,33,6.09,1.51,5.21,2.03,5.48,1.66,23,6,1.57,5.39,1.85,5.39,1.83,10,6.3,1.42,4.8,2.44,5.7,1.25,31,0.52,0.607,0.77,0.45,0.48,0.631
-,0,motorcycle,motocicletta,s,12,49,3.91,1208,7.1,1,2.82022,20,7.25,1.94,8.25,1.16,8.55,1.1,33,6.67,1.96,6.09,2.36,6,1.89,22,6.59,2.2,6.32,2.46,6,1.83,11,6.82,1.47,5.64,2.2,6,2.1,31,0.31,0.759,0.78,0.443,0,1
148,1,engine,motore,s,6,231,5.45,20602,9.93,3,7.416139,20,6.25,1.97,6.75,1.21,6.95,2.01,36,5.83,1.84,5.39,2.33,5.72,1.6,24,5.79,1.64,5.17,2.41,5.88,1.62,12,5.92,2.27,5.83,2.21,5.42,1.56,34,0.19,0.851,0.8,0.427,0.81,0.425
554,1,cow,mucca,s,5,12,2.56,2210,7.7,6,2.8724415,20,5.95,2.58,8.15,1.57,7.65,2.25,31,5.94,1.61,4.77,1.93,5.45,1.41,21,5.86,1.24,4.76,2,5.24,1.55,10,6.1,2.28,4.8,1.87,5.9,0.99,29,0.39,0.702,0.05,0.96,1.23,0.228
886,1,mucus,muco,s,4,5,1.79,118,4.78,8,14.257758,20,7.95,1.43,7.8,1.77,8.1,1.37,34,2.91,1.76,5.32,2.13,4.44,1.69,24,2.67,1.93,5.29,2.24,4.25,1.8,10,3.5,1.18,5.4,1.96,4.9,1.37,32,1.27,0.215,0.13,0.895,1.02,0.315
179,1,fungus,muffa,s,5,11,2.48,290,5.67,5,1.6921304,20,6.35,1.93,7.3,1.59,7.1,1.59,35,2.71,1.49,5.91,1.82,4.94,1.28,25,2.72,1.49,6.12,1.62,5,1.19,10,2.7,1.57,5.4,2.27,4.8,1.55,33,0.04,0.972,1.06,0.297,0.41,0.683
888,1,muffin,muffin,s,6,1,0.69,2,1.1,0,0,20,8.3,1.13,8.55,1.23,8.65,0.99,33,7.7,1.36,6.55,2.44,6.03,2.39,23,7.65,1.53,7,2.26,6.52,2.19,10,7.8,0.92,5.5,2.64,4.9,2.56,31,0.28,0.779,1.67,0.105,1.86,0.073
1032,1,windmill,mulino,s,6,18,2.94,1160,7.06,4,1.331768,20,6.2,1.82,7.2,2.44,7.65,1.66,33,5.91,1.38,4.52,1.79,5.67,1.16,23,5.96,1.52,4.3,1.82,5.83,1.15,10,5.8,1.03,5,1.7,5.3,1.16,31,0.3,0.769,1.03,0.312,1.2,0.239
-,0,wall,muro,s,4,343,5.84,25962,10.16,15,12.80587793,20,8,1.45,8.4,1.1,7.95,1.43,35,4.69,1.66,5.03,1.56,4.57,1.42,24,4.88,1.54,4.88,1.45,4.67,1.4,11,4.27,1.9,5.36,1.8,4.36,1.5,33,1,0.326,0.86,0.398,0.58,0.566
290,1,muscular,muscoloso,a,9,12,2.56,582,6.37,3,0.626714667,20,7.2,1.44,8.3,0.73,7.35,1.42,44,6.61,1.81,6.05,2.15,6,1.74,34,6.68,1.61,6.41,1.86,5.94,1.77,10,6.4,2.46,4.8,2.66,6.2,1.69,42,0.42,0.676,2.18,0.035,0.41,0.684
889,1,museum,museo,s,5,218,5.39,21640,9.98,4,6.5021655,20,7.55,1.32,8.1,1.29,7.95,1.73,33,6.85,1.7,4.52,2.36,5.94,1.68,23,7.04,1.61,4.74,2.42,6.48,1.68,10,6.4,1.9,4,2.26,4.7,0.82,31,1,0.325,0.82,0.417,3.17,0.003
291,1,music,musica,s,6,568,6.34,58426,10.98,3,0.522262,20,7.95,1.28,6.75,1.94,5.5,2.52,31,8.42,0.92,4.77,2.79,6.58,1.8,21,8.29,1.06,4.33,3.09,6.38,1.83,10,8.7,0.48,5.7,1.83,7,1.76,29,1.18,0.249,1.29,0.208,0.89,0.381
890,1,mutation,mutazione,s,9,22,3.14,1944,7.57,1,3.44693,20,5.25,2.02,4.65,2.06,5,2.18,35,4.14,1.77,5.74,1.82,4.6,1.67,25,4.28,1.97,5.96,1.81,4.88,1.74,10,3.8,1.14,5.2,1.81,3.9,1.29,33,0.72,0.476,1.12,0.271,1.61,0.117
292,1,mutilate,mutilare,v,8,5,1.79,526,6.27,1,0.313357,20,3.95,2.31,5.3,2.66,4.9,2.25,33,1.24,0.66,7.15,1.86,3.3,2.1,21,1.19,0.68,7,1.9,2.86,1.53,12,1.33,0.65,7.42,1.83,4.08,2.75,31,0.59,0.56,0.61,0.544,1.66,0.107
894,1,narcotic,narcotico,a,9,1,0.69,468,6.15,1,2.50686,20,4.85,2.3,6.05,1.93,5.85,2.32,34,3.12,1.57,5.53,2.25,3.74,1.97,24,3.04,1.37,5.58,2.21,3.42,1.89,10,3.3,2.06,5.4,2.46,4.5,2.07,32,0.43,0.669,0.21,0.832,1.48,0.148
207,1,hide,nascondere,v,10,491,6.2,38871,10.57,2,0.470036,20,6.1,1.74,5.85,2.23,4.4,1.88,33,3.58,1.71,5.64,1.78,5.06,1.62,22,3.23,1.74,5.95,1.84,5.18,1.65,11,4.27,1.49,5,1.55,4.82,1.6,31,1.7,0.099,1.48,0.15,0.6,0.551
-,0,nose,naso,s,4,131,4.88,7771,8.96,14,52.12922236,20,8.25,1.41,8.7,0.66,8.3,1.03,33,4.94,1.14,5.09,1.26,5.15,0.8,22,5.05,1.29,5.32,0.95,5.32,0.78,11,4.73,0.79,4.64,1.69,4.82,0.75,31,0.75,0.46,1.49,0.145,1.76,0.089
686,1,christmas,natale,a/s,6,186,5.23,21023,9.95,4,7.8339375,20,7.8,1.58,7.8,1.58,5.65,2.7,33,8.03,1.36,5.97,2.88,6.06,2.51,23,8.22,1.24,5.61,3.16,6,2.75,10,7.6,1.58,6.8,1.99,6.2,1.99,31,1.21,0.236,1.1,0.281,0.21,0.837
293,1,nature,natura,s,6,525,6.27,30011,10.31,3,4.178100667,20,7.05,2.24,8.15,1.27,6.95,2.28,34,7.76,1.48,5.62,2.93,5.47,2.8,24,7.75,1.65,5.96,3.09,5.63,2.79,10,7.8,1.03,4.8,2.49,5.1,2.92,32,0.09,0.93,1.05,0.301,0.49,0.626
896,1,natural,naturale,a,8,452,6.12,25533,10.15,1,42.93,20,6.9,1.74,6.05,2.21,4.6,2.68,33,7.67,1.65,4.76,2.62,5.79,2.38,23,7.48,1.62,4.65,2.42,5.52,2.31,10,8.1,1.73,5,3.16,6.4,2.55,31,0.99,0.328,0.35,0.732,0.97,0.338
388,1,ship,nave,s,4,182,5.21,23686,10.07,18,9.731495222,20,6.95,2.01,8.4,1.05,7.95,1.73,36,6.92,1.32,5.28,2.36,5.72,1.89,24,6.83,1.24,4.96,2.48,6,1.87,12,7.08,1.51,5.92,2.07,5.17,1.9,34,0.53,0.599,1.15,0.257,1.26,0.218
898,1,neglect,negligenza,s,10,11,2.48,1088,6.99,1,1.25343,20,5.45,1.96,5.6,2.54,4.2,2.31,35,2.74,1.31,5.69,2,4.69,1.76,24,2.88,1.42,5.88,1.68,4.33,1.74,11,2.45,1.04,5.27,2.61,5.45,1.63,33,0.88,0.387,0.82,0.416,1.8,0.08
811,1,infant,neonato,a/s,7,48,3.89,5135,8.54,3,4.28255,20,6.45,2.54,7.8,1.94,7.65,2.01,33,8.27,1.51,6,2.73,6.48,1.8,23,8.43,1.67,6.13,2.94,6.52,2,10,7.9,0.99,5.7,2.26,6.4,1.35,31,0.94,0.357,0.41,0.684,0.18,0.862
543,1,black,nero,a/s,4,752,6.62,76096,11.24,16,39.75723725,20,7,2.13,7.9,1.59,6.7,2.13,35,4.6,2.05,5.2,1.75,4.83,1.6,24,4,2.02,5.71,1.73,4.63,1.84,11,5.91,1.45,4.09,1.22,5.27,0.79,33,2.81,0.008,2.79,0.009,1.12,0.272
899,1,nervous,nervoso,a,7,142,4.96,9017,9.11,3,7.729493333,20,7.3,1.95,6.55,2.72,5.7,2.49,32,2.31,1.2,6.5,2.11,4.41,2.23,22,2.18,1.18,7.05,1.36,4.05,1.84,10,2.6,1.26,5.3,2.95,5.2,2.86,30,0.91,0.371,2.32,0.028,1.38,0.178
294,1,nectar,nettare,s,7,15,2.77,112,4.73,4,5.013708,20,6.4,2.44,6.1,2.69,4.65,2.32,36,6.94,1.64,5.03,1.98,5.25,1.81,26,6.81,1.58,4.5,1.92,4.92,1.85,10,7.3,1.83,6.4,1.43,6.1,1.45,34,0.8,0.427,2.83,0.008,1.8,0.08
575,1,snow,neve,s,4,190,5.25,12723,9.45,9,67.82447467,20,6.75,2.45,8.5,0.95,8.1,1.62,33,7.67,1.16,4.85,2.88,5.64,1.97,21,7.81,1.08,5,2.88,6,1.76,12,7.42,1.31,4.58,3,5,2.22,31,0.93,0.359,0.39,0.696,1.43,0.163
900,1,neurotic,nevrotico,a,9,16,2.83,1562,7.35,1,2.1935,20,6.1,1.52,6.4,1.98,5.75,2.12,33,3,1.5,6.36,1.62,5.06,1.8,23,3.13,1.58,6.3,1.64,5,1.6,10,2.7,1.34,6.5,1.65,5.2,2.3,31,0.75,0.457,0.31,0.755,0.29,0.775
836,1,knot,nodo,s,4,95,4.56,14366,9.57,13,60.98414431,20,7.05,1.96,7.65,2.11,7.7,1.84,33,4.76,1.46,4.61,1.94,5.06,1.43,23,4.74,1.45,4.74,1.81,4.91,1.5,10,4.8,1.55,4.3,2.26,5.4,1.26,31,0.11,0.914,0.59,0.558,0.89,0.379
146,1,ennui,noia,s,4,63,4.16,4615,8.44,12,10.62804425,20,6.8,2.26,7.2,1.7,4.35,2.66,34,2.74,1.64,4.74,2.44,3.59,1.97,24,2.67,1.76,4.79,2.47,3.75,2.05,10,2.9,1.37,4.6,2.5,3.2,1.81,32,0.37,0.711,0.21,0.838,0.74,0.467
893,1,name,nome,s,4,1180,7.07,128762,11.77,14,311.2084211,20,7.65,1.46,7.2,2.28,5.3,2.81,33,5.91,1.49,4.91,1.88,5.58,1.52,22,5.91,1.57,5.32,1.55,5.5,1.22,11,5.91,1.38,4.09,2.26,5.73,2.05,31,0,1,1.84,0.076,0.4,0.692
901,1,news,notizie,s,7,550,6.31,1000,6.91,2,51.234036,20,8.05,1.5,7.3,2.41,6.25,2.67,35,6.69,1.28,6.46,1.7,5.83,1.6,24,6.75,1.29,6.71,1.63,6.04,1.6,11,6.55,1.29,5.91,1.81,5.36,1.57,33,0.43,0.667,1.3,0.202,1.17,0.25
520,1,nude,nudo,a/s,4,192,5.26,12391,9.42,8,10.22328775,20,7.25,1.52,7.65,1.39,7.3,1.45,36,5.61,2.09,5.47,2.57,4.97,1.76,24,5.5,2.06,5.75,2.51,4.67,1.76,12,5.83,2.21,4.92,2.71,5.58,1.68,34,0.45,0.658,0.92,0.366,1.5,0.144
576,1,swimmer,nuotatore,s,9,9,2.3,492,6.2,1,0.940072,20,6.9,1.8,8.2,1.67,7.45,2.19,34,6.91,1.6,6.09,2.25,6.09,1.83,24,7.17,1.58,6.33,2.26,6.17,1.71,10,6.3,1.57,5.5,2.22,5.9,2.18,32,1.27,0.212,1.18,0.246,0.17,0.869
907,1,nourish,nutrire,v,7,127,4.85,7958,8.98,4,0.54837525,20,7.2,1.15,6.65,1.57,5.85,1.84,33,6.73,1.48,6.48,1.5,5.94,1.64,22,7.05,1.43,6.68,1.59,6.14,1.7,11,6.09,1.45,6.09,1.3,5.55,1.51,31,1.8,0.081,1.07,0.294,0.98,0.337
533,1,clouds,nuvole,s,6,79,4.38,1000,6.91,2,4.0736475,20,7.2,1.99,8.3,1.03,6.4,1.93,31,6.94,1.69,4.9,2.45,5.87,1.63,21,6.9,1.7,4.71,2.33,5.62,1.36,10,7,1.76,5.3,2.79,6.4,2.07,29,0.14,0.886,0.61,0.544,1.26,0.217
923,1,overcast,nuvoloso,a,8,4,1.61,6800,8.82,1,0.313357,20,8.25,1.29,8.25,1.21,6.9,2.55,34,4,2.15,4.47,1.71,4.26,1.56,24,3.79,2.17,4.38,1.69,4.17,1.55,10,4.5,2.12,4.7,1.83,4.5,1.65,32,0.87,0.389,0.5,0.621,0.56,0.579
912,1,obey,obbedire,v,8,38,3.66,3766,8.23,1,0.313357,20,7.1,1.62,5.8,2.26,4.9,2.73,34,3.85,2.18,6.06,2.04,3.71,2.11,24,3.71,2.18,6.08,2.22,3.79,2.3,10,4.2,2.25,6,1.63,3.5,1.65,32,0.59,0.556,0.11,0.916,0.36,0.72
911,1,obesity,obesità,s,7,10,2.4,613,6.42,0,0,20,6.9,2.36,7.4,1.93,6.85,2.13,34,2.47,1.81,5.21,1.9,4.5,1.94,24,2.42,2,5.33,2.01,4.25,2.01,10,2.6,1.35,4.9,1.66,5.1,1.73,32,0.26,0.793,0.6,0.553,1.17,0.251
285,1,morgue,obitorio,s,8,14,2.71,1013,6.92,0,0,20,4.95,2.14,6.4,2.16,6.35,2.56,33,1.88,1.36,5.18,2.83,3.33,2.17,23,1.83,1.37,5.48,2.83,3.39,2.1,10,2,1.41,4.5,2.88,3.2,2.44,31,0.33,0.742,0.91,0.37,0.23,0.821
-,0,eye,occhio,s,6,1297,7.17,65054,11.08,1,0.313357,20,8.65,0.67,8.85,0.49,8.6,0.75,44,6.8,1.49,5.41,2.23,6.07,1.56,34,6.85,1.54,5.91,2.18,6.09,1.62,10,6.6,1.35,3.7,1.49,6,1.41,42,0.47,0.642,3,0.005,0.16,0.877
1033,1,wink,occhiolino,s,10,1,0.69,148,5,1,0.313357,20,7.45,2.33,8,2.13,7.45,2.14,34,6.21,1.37,5.62,1.94,5.59,1.54,24,6.38,1.24,5.79,1.61,5.38,1.53,10,5.8,1.62,5.2,2.62,6.1,1.52,32,1.12,0.27,0.81,0.426,1.26,0.216
297,1,ocean,oceano,s,6,62,4.14,3410,8.13,1,3.76029,20,6.5,2.21,8,1.49,7.45,1.7,34,7.74,1.66,5.62,2.91,5.38,2.28,24,7.96,1.4,5.58,3.03,5,2.27,10,7.2,2.15,5.7,2.75,6.3,2.16,32,0.09,0.93,0.19,0.851,1.12,0.271
202,1,hatred,avversione,s,10,14,2.71,1444,7.28,1,0.313357,20,4.45,2.09,5.4,2.14,6,1.89,33,2.3,1.63,4.97,2.79,5.97,2.38,23,1.83,1.3,4.61,2.78,6.22,2.21,10,3.4,1.84,5.8,2.78,5.4,2.76,31,2.81,0.008,1.13,0.266,0.9,0.373
201,1,hate,odio,s,4,70,4.26,7334,8.9,9,12.22093744,20,5.25,2.29,5.3,2.25,4.05,2.09,33,2.18,1.74,6.15,2.08,4.79,2.33,22,2,1.77,6.86,1.7,4.86,2.57,11,2.55,1.69,4.73,2.1,4.64,1.86,31,0.84,0.405,3.15,0.004,0.26,0.796
913,1,obnoxious,odioso,a,6,29,3.4,1678,7.43,4,1.64512625,20,5.95,2.37,6.15,2.3,4.95,2.31,35,1.8,1.08,6.29,2.07,5.06,2.04,24,1.58,0.83,6.21,2.02,5.25,1.78,11,2.27,1.42,6.45,2.25,4.64,2.58,33,1.81,0.079,0.32,0.749,0.82,0.418
917,1,offend,offendere,v,9,64,4.17,5815,8.67,0,0,20,5.25,2.17,5.65,2.41,3.75,2.2,31,2.45,1.8,6.81,1.9,5.58,2.22,21,2.24,1.61,7,1.97,5.29,2.55,10,2.9,2.18,6.4,1.78,6.2,1.14,29,0.95,0.348,0.82,0.422,1.08,0.291
959,1,resent,offendersi,v,10,64,4.17,95,4.56,2,0.626715,20,6.95,1.79,6.35,2.48,5.15,2.16,33,2.85,1.5,6.27,1.88,4.42,1.77,23,2.57,1.44,6.48,1.81,4.09,1.47,10,3.5,1.51,5.8,2.04,5.2,2.2,31,1.69,0.101,0.95,0.348,1.71,0.097
385,1,shadow,ombra,s,5,265,5.58,23774,10.08,3,11.80313733,20,6.85,2.01,7.3,1.75,6.65,2.52,33,5.27,2.27,4.3,2.04,4.67,1.41,23,4.83,2.19,4.61,2.13,4.39,1.37,10,6.3,2.21,3.6,1.71,5.3,1.34,31,1.77,0.086,1.32,0.196,1.76,0.088
578,1,umbrella,ombrello,s,8,31,3.47,2481,7.82,3,1.148978,20,8.1,1.41,8.1,1.55,8.4,1.05,34,4.35,1.69,4.97,1.06,4.65,1.37,24,3.96,1.76,5.08,0.97,4.54,1.5,10,5.3,1.06,4.7,1.25,4.9,0.99,32,2.24,0.032,0.96,0.344,0.69,0.495
289,1,murderer,omicida,s,7,19,3,2620,7.87,2,13.004315,20,5.5,2.52,6.1,2.45,6.1,2.25,34,1.53,0.83,7.15,2.13,3.29,1.95,24,1.38,0.77,7.33,2.26,3.25,2.11,10,1.9,0.88,6.7,1.83,3.4,1.58,32,1.74,0.091,0.78,0.439,0.2,0.841
210,1,honest,onesto,a/s,6,83,4.43,8801,9.08,5,6.2671474,20,7.3,2,5.75,2.86,4.65,3.01,35,7.77,1.31,5.23,2.6,6.6,1.79,25,7.8,1.35,5.56,2.57,6.44,1.83,10,7.7,1.25,4.4,2.63,7,1.7,33,0.2,0.842,1.2,0.239,0.83,0.41
211,1,honor,onore,s,5,231,5.45,19619,9.88,6,9.087372,20,5.9,2.2,4.7,2,3.3,2.03,35,7,1.5,6,2.13,6,1.7,25,7.24,1.42,6.36,1.98,6,1.87,10,6.4,1.58,5.1,2.33,6,1.25,33,1.53,0.135,1.62,0.115,0,1
298,1,opinion,opinione,s,8,297,5.7,41090,10.62,1,16.2946,20,3.75,2.69,4.7,2.36,6.75,2.2,35,6.63,1.59,5.74,1.67,6.37,1.75,25,6.44,1.73,5.56,1.58,6.2,1.71,10,7.1,1.1,6.2,1.87,6.8,1.87,33,1.11,0.274,1.03,0.312,0.91,0.367
55,1,burdened,oppresso,a/s,8,10,2.4,951,6.86,4,3.1335755,20,5.85,2.06,5.15,2.46,4.95,2.39,32,3.16,1.3,6.97,2.33,2.06,1.05,22,3.41,1.22,7.82,1.53,1.95,1.13,10,2.6,1.35,5.1,2.77,2.3,0.82,30,1.68,0.103,3.59,0.001,0.86,0.395
925,1,pamphlet,opuscolo,s,8,15,2.77,1084,6.99,1,2.1935,20,5.95,2.06,6.85,1.76,7.2,1.58,33,5.85,1.5,4.61,1.95,5.18,1.33,23,5.87,1.25,4.43,1.78,5.22,1.48,10,5.8,2.04,5,2.36,5.1,0.99,31,0.12,0.905,0.76,0.453,0.23,0.82
919,1,option,opzione,s,7,30,3.43,9264,9.13,1,3.44693,20,5.8,1.67,5.85,1.76,4.5,2.16,33,6.06,2.08,5.58,2.03,5.55,2.11,23,5.65,2.21,5.74,1.98,5.09,2.04,10,7,1.41,5.2,2.2,6.6,1.96,31,1.77,0.086,0.69,0.492,1.98,0.057
299,1,orchestra,orchestra,s,9,168,5.13,17212,9.75,1,5.01372,20,7.1,2.05,8.25,1.16,8.25,1.21,33,6.36,1.52,4.94,2.46,5.79,1.39,23,6.17,1.47,5.17,2.27,5.83,1.11,10,6.8,1.62,4.4,2.91,5.7,1.95,31,1.09,0.283,0.83,0.415,0.24,0.815
-,0,orchid,orchidea,s,8,10,2.4,403,6,1,3.13357,20,7.6,1.35,8.6,0.88,8.35,0.75,35,7.4,1.29,4.17,2.33,5.86,1.63,25,7.68,1.18,4.08,2.47,5.52,1.5,10,6.7,1.34,4.4,2.07,6.7,1.7,33,2.14,0.04,0.36,0.72,2.02,0.051
1014,1,tidy,ordinato,a,8,38,3.66,3098,8.04,4,3.5252725,20,7.3,1.42,7.6,1.6,5.65,2.35,33,6.79,1.67,4.91,2.35,5.73,2.04,21,7,1.61,5.29,2.49,6,2.1,12,6.42,1.78,4.25,2.01,5.25,1.91,31,0.96,0.343,1.23,0.229,1.02,0.316
-,0,ear,orecchio,s,8,203,5.32,8495,9.05,1,27.2621,20,8.4,1.14,8.6,0.99,8.75,0.91,34,5.38,1.04,4.41,1.91,5.24,1.28,24,5.42,1.02,4.29,1.94,5.33,1.37,10,5.3,1.16,4.7,1.89,5,1.05,32,0.29,0.772,0.56,0.578,0.69,0.498
920,1,orgasm,orgasmo,s,7,32,3.5,987,6.9,1,0.940072,20,6.85,2.11,7.4,1.7,7.35,1.5,33,8.24,1.52,7.18,2.6,7.09,2.17,23,8.09,1.73,7.04,2.6,7.04,2.18,10,8.6,0.84,7.5,2.72,7.2,2.25,31,0.89,0.382,0.46,0.651,0.19,0.852
327,1,pride,orgoglio,s,8,110,4.71,10728,9.28,0,0,20,7,1.78,6.3,2.77,4.5,2.8,35,5.71,2.18,6.09,1.85,5.66,1.94,24,6.08,2.21,6.5,1.72,5.71,1.99,11,4.91,1.97,5.18,1.89,5.55,1.92,33,1.51,0.141,2.04,0.049,0.23,0.822
334,1,proud,orgoglioso,a,10,76,4.34,5656,8.64,3,4.491443333,20,7.25,1.33,6.65,2.08,4.4,2.35,33,6.03,2.66,6.18,2.38,6.55,2.17,22,5.86,2.64,6.18,2.3,6.36,2.15,11,6.36,2.8,6.18,2.64,6.91,2.26,31,0.5,0.619,0,1,0.68,0.504
191,1,gold,oro,s,3,395,5.98,33013,10.4,12,135.5271017,20,6.5,1.96,7.85,1.46,7.1,2.57,33,7.09,2.04,5.79,2.15,5.79,1.8,21,7.19,1.81,5.71,2.28,5.52,1.89,12,6.92,2.47,5.92,1.98,6.25,1.6,31,0.37,0.717,0.26,0.799,1.12,0.271
688,1,clock,orologio,s,8,143,4.97,5514,8.62,0,0,20,8.15,1.42,8.15,1.23,8.5,0.83,33,5.06,2.09,5.45,1.89,4.52,1.7,23,5,2,5.39,2.04,4.43,1.62,10,5.2,2.39,5.6,1.58,4.7,1.95,31,0.25,0.805,0.29,0.776,0.41,0.687
131,1,dreadful,orribile,a,8,65,4.19,3134,8.05,1,5.32708,20,5.85,2.21,5.3,2.81,3.95,2.89,33,2.55,1.84,6.76,1.85,3.91,1.94,23,2.04,1.69,7.17,1.56,3.65,2.14,10,3.7,1.7,5.8,2.2,4.5,1.27,31,2.58,0.015,2.05,0.049,1.16,0.256
213,1,horror,orrore,s,6,102,4.63,8956,9.1,2,41.04982,20,5.4,2.23,6.05,2.16,3.9,2.31,33,2.12,1.29,6.85,1.95,3.73,1.75,22,1.82,1.26,6.73,2.27,3.59,1.68,11,2.73,1.19,7.09,1.14,4,1.95,31,1.99,0.056,0.5,0.622,0.63,0.536
914,1,obscene,osceno,a,6,10,2.4,2053,7.63,3,0.835619667,20,5.45,2.24,5.4,2.41,4.05,2.21,32,3.31,2.05,5.47,1.68,4.72,1.76,22,2.59,1.5,5.5,1.34,4.09,1.38,10,4.9,2.28,5.4,2.37,6.1,1.79,30,3.42,0.002,0.15,0.879,3.48,0.002
215,1,hospital,ospedale,s,8,482,6.18,46683,10.75,1,22.8751,20,7.3,1.56,8.2,1.11,8.45,0.76,35,2.83,1.84,6.71,1.82,4.06,2.07,25,2.8,1.89,7.04,1.51,4.08,2.12,10,2.9,1.79,5.9,2.33,4,2.05,33,0.14,0.887,1.72,0.095,0.1,0.92
915,1,obsession,ossessione,s,10,45,3.83,4686,8.45,2,1.4101075,20,5.65,2.54,5,2.64,3,2,31,2.58,1.54,6.74,1.79,4,2.52,21,2.48,1.66,6.9,1.81,3.29,2.28,10,2.8,1.32,6.4,1.78,5.5,2.42,29,0.54,0.594,0.73,0.472,2.48,0.019
790,1,hinder,ostacolare,v,10,46,3.85,5842,8.67,0,0,20,6.9,1.48,6.15,2.21,4.7,2.13,34,3.41,1.62,6.76,1.63,4.74,1.58,24,3.29,1.71,6.92,1.59,4.96,1.68,10,3.7,1.42,6.4,1.78,4.2,1.23,32,0.67,0.511,0.84,0.409,1.29,0.208
216,1,hostage,ostaggio,s,8,38,3.66,12347,9.42,1,0.313357,20,3.65,1.9,7.4,1.73,4.95,2.5,33,1.88,1.24,7.48,1.42,2.58,1.7,21,1.67,1.24,7.57,1.43,2.48,1.78,12,2.25,1.22,7.33,1.44,2.75,1.6,31,1.31,0.2,0.46,0.65,0.44,0.663
217,1,hostile,ostile,a,6,48,3.89,6040,8.71,2,3.1335725,20,6.4,2.21,6,1.89,3.8,1.88,44,2.75,1.94,6.59,1.91,5.05,1.74,34,2.59,2.08,6.71,1.82,4.91,1.62,10,3.3,1.34,6.2,2.25,5.5,2.12,42,1.02,0.314,0.73,0.468,0.94,0.353
918,1,optimism,ottimismo,s,9,69,4.25,11504,9.35,0,0,20,6.8,1.94,6.1,2.67,3.35,2.58,33,7.82,1.67,6.15,2.48,7.09,1.84,23,7.91,1.83,5.96,2.6,6.96,2.01,10,7.6,1.26,6.6,2.22,7.4,1.43,31,0.49,0.628,0.68,0.501,0.63,0.534
308,1,peace,pace,s,4,401,6,61272,11.02,13,16.68023023,20,7.15,1.09,5.7,1.84,4.3,2.25,33,8.09,1.16,4.45,2.67,6.09,1.7,23,8.26,1.1,4.87,2.74,6.13,1.6,10,7.7,1.25,3.5,2.37,6,2,31,1.29,0.205,1.37,0.18,0.2,0.843
-,0,pan,padella,s,7,42,3.76,365,5.9,6,1.462334667,20,8.3,1.22,8.1,1.41,8.15,1.42,36,5.86,1.51,4.72,2.11,5.64,1.5,24,5.96,1.49,4.92,2.32,5.58,1.64,12,5.67,1.61,4.33,1.61,5.75,1.22,34,0.54,0.593,0.78,0.441,0.31,0.758
161,1,father,padre,s,5,1328,7.19,74346,11.22,4,91.1869325,20,8.35,1.35,8.45,1,8.25,1.21,35,7.77,1.4,5.29,2.76,5.6,2.06,25,8,1.22,5.16,2.95,5.72,2.17,10,7.2,1.69,5.6,2.32,5.3,1.83,33,1.56,0.127,0.42,0.677,0.54,0.594
302,1,palace,palazzo,s,7,437,6.08,83700,11.34,2,13.1610075,20,7.45,1.79,8.05,1.36,8.15,1.18,33,6.06,1.46,4.91,1.38,5.09,1.61,22,5.82,1.3,5.18,1.26,4.95,1.65,11,6.55,1.69,4.36,1.5,5.36,1.57,31,1.37,0.18,1.65,0.109,0.68,0.5
555,1,dustpan,paletta,s,7,8,2.2,481,6.18,7,1.880144143,20,7.7,1.72,8.45,1.1,8.7,0.66,34,5.26,1.19,4.18,1.87,5.47,1.31,24,5.08,1.25,4.58,1.72,5.33,1.2,10,5.7,0.95,3.2,1.93,5.8,1.55,32,1.4,0.172,2.06,0.047,0.95,0.351
673,1,bullet,pallottola,s,10,38,3.66,2893,7.97,1,6.26715,20,4.55,1.88,6.5,2.35,7.15,1.81,33,2.61,1.73,5.97,2.21,4.21,1.98,23,2.3,1.66,6.35,1.8,4.35,2.12,10,3.3,1.77,5.1,2.88,3.9,1.66,31,1.55,0.131,1.52,0.139,0.59,0.559
1004,1,swamp,palude,s,6,17,2.89,2138,7.67,1,1.88014,20,5.8,1.79,7.4,1.5,7.45,1.5,33,3.76,1.5,5.3,1.7,4.48,1.58,22,3.82,1.47,5.36,1.71,4.5,1.6,11,3.64,1.63,5.18,1.78,4.45,1.63,31,0.32,0.749,0.28,0.778,0.08,0.94
655,1,bench,panca,s,5,18,2.94,781,6.66,11,19.11483145,20,6.7,2.3,7.65,2.5,7.85,2.21,36,5.67,1.53,3.81,1.82,5.22,1.24,26,5.69,1.46,3.5,1.61,5,1.26,10,5.6,1.78,4.6,2.17,5.8,1.03,34,0.16,0.874,1.67,0.105,1.78,0.084
601,1,panic,panico,s,6,76,4.34,6343,8.76,2,4.230325,20,5.95,1.88,5.55,2.48,4.55,2.46,36,2.42,1.66,6.94,2.23,3.92,2.48,24,2,1.47,7.33,1.52,3.21,1.93,12,3.25,1.76,6.17,3.16,5.33,2.9,34,2.25,0.031,1.51,0.141,2.62,0.013
-,0,trouser,pantalone,s,9,127,4.85,5038,8.52,1,34.7827,20,8.3,1.08,8.25,1.16,8.25,1.25,33,5.88,1.41,4.52,1.77,5.3,1.29,23,6,1.28,4.96,1.52,5.13,1.01,10,5.6,1.71,3.5,1.96,5.7,1.77,31,0.74,0.462,2.32,0.027,1.18,0.249
304,1,paradise,paradiso,s,8,92,4.53,8019,8.99,2,1.566786,20,4.55,2.24,5.55,2.44,3.25,2.15,33,7.58,1.92,4.67,2.61,5.52,1.99,23,7.35,2.12,4.96,2.48,5.43,1.97,10,8.1,1.29,4,2.91,5.7,2.11,31,1.03,0.309,0.97,0.341,0.35,0.73
926,1,paralysis,paralisi,s,8,21,3.09,3807,8.24,1,2.1935,20,5.2,1.99,5.6,2.39,5.8,1.67,33,1.58,0.94,7.33,1.76,2.61,1.78,23,1.39,0.66,7.7,1.36,2.26,1.6,10,2,1.33,6.5,2.32,3.4,2.01,31,1.77,0.086,1.86,0.073,1.74,0.092
927,1,part,parte,s,5,2608,7.87,383374,12.86,16,20.56407831,20,6.05,1.64,4.9,1.52,4.3,1.63,35,5.17,1.34,4.91,1.44,5.34,1.33,25,5.12,1.48,5.32,1.07,5.16,1.11,10,5.3,0.95,3.9,1.79,5.8,1.75,33,0.35,0.725,2.9,0.007,1.3,0.202
928,1,passage,passaggio,s,9,314,5.75,37073,10.52,4,8.69567675,20,6.8,1.88,6.75,2,5,1.89,33,5.58,1.12,4.97,1.36,4.97,1.02,22,5.36,0.85,5.14,1.04,4.95,0.84,11,6,1.48,4.64,1.86,5,1.34,31,1.58,0.125,1,0.326,0.12,0.906
306,1,passion,passione,s,8,327,5.79,23930,10.08,1,16.2946,20,7.3,1.53,6.85,1.42,4.8,2.63,34,8.12,1.09,7.91,1.6,6.12,2.36,24,8.33,1.13,8,1.74,6.38,2.22,10,7.6,0.84,7.7,1.25,5.5,2.68,32,1.84,0.074,0.49,0.626,0.99,0.332
524,1,pasta,pasta,s,5,99,4.61,4403,8.39,17,28.90260929,20,7.9,1.62,8.15,1.46,8.3,1.49,36,7.42,1.44,4.86,2.5,6.47,1.8,24,7.54,1.5,4.83,2.63,6.42,1.84,12,7.17,1.34,4.92,2.31,6.58,1.78,34,0.73,0.47,0.09,0.926,0.26,0.797
-,0,pastel,pastello,s,8,8,2.2,727,6.59,3,16.39903,20,7,1.89,7.8,1.47,7.85,1.46,33,6.82,1.47,4.7,2.01,5.76,1.54,23,7.35,1.3,4.91,2.13,5.7,1.58,10,5.6,1.07,4.2,1.69,5.9,1.52,31,3.72,0.001,0.94,0.357,0.35,0.732
314,1,pie,pasticcio,s,9,29,3.4,3763,8.23,2,0.7833935,20,6.75,1.92,6.65,2.08,5.25,2.24,35,4.6,1.77,5.94,1.81,5.46,1.44,25,4.72,1.97,6.16,1.57,5.52,1.56,10,4.3,1.16,5.4,2.32,5.3,1.16,33,0.63,0.534,1.12,0.269,0.4,0.69
930,1,patriot,patriota,s,8,9,2.3,1290,7.16,1,1.56679,20,6.15,1.84,5.95,1.99,5.1,1.94,34,6.56,1.64,6.03,1.7,6.09,1.71,24,6.96,1.49,6.25,1.65,6.29,1.81,10,5.6,1.65,5.5,1.78,5.6,1.43,32,2.35,0.025,1.18,0.246,1.08,0.29
592,1,fear,paura,s,5,698,6.55,54659,10.91,6,14.3622145,20,7.2,1.91,6.55,2.63,5,2.96,33,2.21,1.45,6.94,2.25,3.52,2.08,23,1.65,1.03,7.43,2.09,2.87,2.05,10,3.5,1.51,5.8,2.3,5,1.25,31,4.11,0,2.01,0.053,3.03,0.005
-,0,floor,pavimento,s,9,100,4.62,3090,8.04,2,2.6635385,20,8.1,1.25,8.35,1.14,8.25,1.25,35,5.26,1.15,4.37,1.48,4.97,0.75,24,5.25,1.15,4.46,1.25,4.92,0.58,11,5.27,1.19,4.18,1.94,5.09,1.04,33,0.05,0.958,0.51,0.614,0.63,0.53
929,1,patient,paziente,a/s,8,190,5.25,16188,9.69,1,32.9025,20,6.45,1.7,7.2,1.94,6.55,2.54,31,5.32,2.3,5.03,2.09,5.61,1.99,21,5.05,2.44,5.24,1.97,5.05,1.94,10,5.9,1.97,4.6,2.37,6.8,1.62,29,0.96,0.343,0.79,0.436,2.47,0.019
815,1,insane,pazzo,a,5,83,4.43,9583,9.17,10,15.761876000000001,20,5.75,2.38,7.2,2.02,5.95,2.63,34,3.82,2.02,6.32,1.97,5.06,1.74,24,4.08,2.1,6.17,1.86,5.08,1.74,10,3.2,1.75,6.7,2.26,5,1.83,32,1.17,0.252,0.72,0.479,0.13,0.901
393,1,sinful,peccaminoso,a,11,7,2.08,400,5.99,2,0.940072,20,4.6,2.11,5.15,2.39,3.95,2.11,33,5.64,1.71,5.3,2.21,5.15,2.22,23,5.7,1.72,5.65,2.01,5.48,2.17,10,5.5,1.78,4.5,2.55,4.4,2.27,31,0.3,0.768,1.39,0.173,1.29,0.205
392,1,sin,peccato,s,7,178,5.19,8005,8.99,7,3.178340714,20,7,1.69,6.3,2.27,4.45,2.56,33,3.61,1.8,5.73,1.81,5.15,2.17,23,3.3,2.01,6.22,1.65,4.52,2,10,4.3,0.95,4.6,1.71,6.6,1.9,31,1.49,0.147,2.56,0.016,2.79,0.009
180,1,fur,pelliccia,s,9,38,3.66,2148,7.67,1,0.313357,20,5.35,2.43,7.55,1.47,7.35,1.73,33,4.64,2.93,5.27,2.24,5.52,1.99,23,4.83,2.9,5.48,2.09,5.57,1.97,10,4.2,3.12,4.8,2.62,5.4,2.12,31,0.56,0.581,0.79,0.433,0.22,0.83
301,1,pain,pena,s,4,292,5.68,24950,10.12,19,6.860884053,20,5.95,1.61,5.95,1.9,3.7,2.03,33,3.12,1.85,5.55,2.31,4.3,2.05,23,3.3,2.05,5.74,2.28,3.91,2.21,10,2.7,1.25,5.1,2.42,5.2,1.32,31,0.86,0.397,0.73,0.473,1.7,0.099
931,1,penalty,penalità,s,8,1,0.69,485,6.19,0,0,20,6.8,2.19,7.45,2.21,7.95,1.64,32,2.38,1.21,6.28,1.97,3.94,2.15,22,2.64,1.26,6.23,1.57,3.68,1.59,10,1.8,0.92,6.4,2.76,4.5,3.1,30,1.88,0.069,0.23,0.823,1,0.327
932,1,penis,pene,s,4,20,3.04,35,3.58,18,47.43883117,20,7.1,2.31,8.15,1.79,8.25,1.59,34,6.09,1.83,6.09,2.19,5.94,1.92,24,6.38,1.74,6.17,2.2,5.54,2,10,5.4,1.96,5.9,2.28,6.9,1.37,32,1.44,0.16,0.32,0.752,1.96,0.059
-,0,pen,penna,s,5,80,4.39,6016,8.7,13,13.76364869,20,8.4,0.99,8.25,1.52,8.45,1,34,5.74,1.33,5.12,1.79,6.03,1.6,24,5.96,1.3,5.42,1.67,6,1.77,10,5.2,1.32,4.4,1.96,6.1,1.2,32,1.36,0.182,1.57,0.127,0.42,0.681
1013,1,thought,pensiero,s,8,426,6.06,26731,10.19,1,38.2296,20,7.95,1.43,6.25,3.06,4.9,2.95,33,7.03,1.83,6.73,1.96,6.18,2.1,23,7.13,1.87,6.83,1.9,6.43,2.02,10,6.8,1.81,6.5,2.17,5.6,2.27,31,0.47,0.641,0.43,0.667,1.05,0.301
437,1,thoughtful,pensieroso,a,10,14,2.71,341,5.83,3,0.940071333,20,7.6,1.85,6.85,2.23,4.5,2.67,35,4.71,1.79,5.51,1.6,4.91,1.52,25,4.72,1.72,5.68,1.49,4.72,1.46,10,4.7,2.06,5.1,1.85,5.4,1.65,33,0.03,0.977,0.97,0.339,1.2,0.238
351,1,repentant,pentito,s,7,143,4.97,23578,10.07,5,24.1285234,20,5.95,1.82,6.8,1.61,4.1,2.38,33,5.67,1.95,5.36,1.82,5.42,1.77,23,5.61,1.99,5.78,1.48,5.26,1.94,10,5.8,1.93,4.4,2.22,5.8,1.32,31,0.26,0.8,2.12,0.043,0.8,0.43
-,0,pot,pentola,s,7,54,4.01,1610,7.38,5,1.2534292,20,8.4,0.88,8.4,0.99,8.6,0.82,33,5.48,1.18,4.24,1.7,5.61,1.37,21,5.48,1.08,4.38,1.5,5.38,1.2,12,5.5,1.38,4,2.04,6,1.6,31,0.06,0.956,0.61,0.543,1.26,0.216
851,1,loser,perdente,a/s,8,15,2.77,3170,8.06,3,1.044524667,20,5.2,2.09,6.55,2.16,4.6,1.82,33,2.3,1.33,6,2.06,3.88,1.85,21,2.24,1.3,6.1,1.81,4,1.82,12,2.42,1.44,5.83,2.52,3.67,1.97,31,0.36,0.718,0.35,0.732,0.49,0.626
310,1,perfection,perfezione,s,10,63,4.16,3555,8.18,4,3.52528225,20,5.7,1.81,4.95,2.74,3.25,2.27,33,6.55,2.5,5.58,2.72,5.7,2.26,23,5.91,2.64,5.26,2.49,5.35,2.04,10,8,1.33,6.3,3.2,6.5,2.64,31,2.35,0.025,1.01,0.32,1.37,0.182
713,1,danger,pericolo,s,8,325,5.79,35909,10.49,1,24.1285,20,6.8,1.79,6.45,1.73,5.35,2.32,32,2.28,1.59,7.25,2.18,4.16,2.23,22,2.14,1.67,7.68,1.59,3.77,2.11,10,2.6,1.43,6.3,3.02,5,2.36,30,0.76,0.454,1.71,0.098,1.47,0.152
852,1,lost,perso,a,5,20,3.04,7276,8.89,9,71.16699889,20,6.4,1.93,5.75,2.86,5.1,2.95,33,2.91,1.68,6.52,1.62,4.06,1.87,23,2.65,1.72,6.61,1.62,3.78,2.02,10,3.5,1.51,6.3,1.7,4.7,1.34,31,1.35,0.188,0.5,0.623,1.31,0.2
311,1,person,persona,s,7,1915,7.56,151612,11.93,3,135.0571457,20,8.05,1.15,8,1.03,7.95,1.61,31,6.77,1.61,5.16,2,5.71,1.6,21,6.86,1.68,5.29,1.98,5.33,1.46,10,6.6,1.51,4.9,2.13,6.5,1.65,29,0.41,0.684,0.5,0.624,2,0.055
1035,1,wit,perspicacia,s,11,0,0,66,4.2,0,0,20,3.8,1.54,3.85,2.37,2.65,1.73,36,7.42,1.23,5.89,2.08,5.92,1.63,26,7.19,1.27,5.92,1.87,5.81,1.74,10,8,0.94,5.8,2.66,6.2,1.32,34,1.83,0.077,0.16,0.876,0.64,0.525
312,1,pervert,pervertito,s,10,3,1.39,79,4.38,0,0,20,5.45,2.01,7.55,1.85,7.7,1.42,34,2.59,1.73,6.38,1.92,4.62,2.22,24,2.63,1.81,6.33,2.1,4.75,2.36,10,2.5,1.58,6.5,1.51,4.3,1.89,32,0.16,0.876,0.11,0.912,0.62,0.541
559,1,fish,pesce,s,5,318,5.77,7692,8.95,10,8.3353033,20,8.2,1.36,8.55,0.83,8.35,1.27,33,5.88,1.65,4.82,2.14,5.24,1.89,23,5.7,1.66,4.96,2.1,4.96,1.87,10,6.3,1.64,4.5,2.32,5.9,1.85,31,0.96,0.343,0.56,0.582,1.34,0.191
188,1,gloom,pessimismo,s,10,21,3.09,4033,8.3,0,0,20,6.45,2.04,5.5,2.33,3.5,2.28,31,2.55,2.13,6.03,2.04,4,2.21,21,2.43,2.29,5.95,2.04,3.67,2.18,10,2.8,1.81,6.2,2.15,4.7,2.21,29,0.45,0.657,0.31,0.758,1.23,0.229
313,1,pest,peste,s,5,26,3.3,1000,6.91,16,12.67138738,20,4.8,2.28,5.3,2.36,4.8,2.59,44,2.25,1.84,6.57,1.92,3.89,2.28,34,2.24,1.92,6.59,1.99,3.85,2.39,10,2.3,1.64,6.5,1.78,4,2,42,0.1,0.924,0.13,0.9,0.18,0.86
767,1,gossip,pettegolezzo,s,12,43,3.78,2919,7.98,1,10.3408,20,6.6,2.06,5.9,2.81,5.3,2.56,35,4.11,2.27,6.23,2.21,5.26,1.98,24,4.42,2.21,6.79,1.67,5.33,2.14,11,3.45,2.38,5,2.79,5.09,1.64,33,1.17,0.251,2.37,0.024,0.33,0.742
317,1,pleasure,piacere,s,7,325,5.79,71244,11.17,4,3.99531975,20,7.75,1.45,7.35,2.13,6.05,2.52,34,8.24,1.35,6.06,2.62,7.09,1.38,24,8.13,1.54,6.25,2.42,7.21,1.38,10,8.5,0.71,5.6,3.13,6.8,1.4,32,0.73,0.469,0.65,0.518,0.78,0.44
316,1,plant,pianta,s,6,292,5.68,4754,8.47,5,15.855886,20,8,1.49,8.4,0.94,8.55,1.1,35,6.2,1.51,4.34,2.18,5.66,1.53,25,6.36,1.52,4.68,2.19,5.36,1.38,10,5.8,1.48,3.5,2.01,6.4,1.71,33,0.99,0.329,1.47,0.151,1.88,0.069
-,0,plate,piatto,a/s,6,267,5.59,10079,9.22,4,14.3360925,20,8.85,0.37,8.9,0.31,8.95,0.22,35,6,1.39,5.17,0.98,5.63,1.68,25,6.16,1.57,5.16,0.99,5.76,1.39,10,5.6,0.7,5.2,1.03,5.3,2.31,33,1.08,0.289,0.11,0.915,0.73,0.473
408,1,square,piazza,s,6,347,5.85,57894,10.97,4,5.6404255,20,8.2,1.36,8.45,1,8.3,1.13,33,6.79,1.69,4.97,2.32,5.94,1.54,22,7,1.48,5.32,2.34,5.86,1.61,11,6.36,2.06,4.27,2.24,6.09,1.45,31,1.02,0.316,1.23,0.229,0.39,0.696
256,1,lice,pidocchi,s,8,5,1.79,154,5.04,0,0,20,4.55,2.19,7.35,1.6,7.05,2.11,33,2.85,1.82,6.18,2.04,3.7,1.93,23,2.83,1.8,5.91,2.02,3.43,1.7,10,2.9,1.97,6.8,2.04,4.3,2.36,31,0.11,0.917,1.15,0.257,1.19,0.242
757,1,foot,piede,s,5,704,6.56,47332,10.76,9,28.06290878,20,7.7,1.59,8.05,1.54,8,1.38,33,5.39,1.75,4.76,2,5.21,1.39,23,5.26,1.84,4.96,2.1,5.35,1.27,10,5.7,1.57,4.3,1.77,4.9,1.66,31,0.66,0.516,0.86,0.395,0.85,0.402
940,1,pity,pietà,s,5,57,4.06,4334,8.37,0,0,20,5.6,1.73,5.55,1.76,3,1.89,33,3,1.84,5.06,1.78,5.03,1.81,23,2.78,1.59,4.96,1.92,4.74,1.84,10,3.5,2.32,5.3,1.49,5.7,1.64,31,1.03,0.31,0.5,0.619,1.42,0.165
843,1,lazy,pigro,a,5,25,3.26,1586,7.37,6,10.39302667,20,7.4,1.57,7.3,1.66,4.95,2.44,33,4.45,1.92,4.45,2.21,4.3,2.17,23,4.48,1.86,4.83,2.35,4.22,1.98,10,4.4,2.17,3.6,1.65,4.5,2.68,31,0.11,0.916,1.49,0.146,0.34,0.737
-,0,pine,pino,s,4,35,3.58,952,6.86,22,39.58275532,20,6.8,2.4,8.55,1,8.4,1.05,33,6.24,1.41,3.76,1.79,5.45,1.09,21,5.95,1.2,4.1,1.76,5.67,1.11,12,6.75,1.66,3.17,1.75,5.08,1,31,1.59,0.121,1.46,0.154,1.5,0.143
569,1,rain,pioggia,s,7,183,5.21,20424,9.92,1,0.313357,20,7.9,1.48,8,1.92,7.5,2.12,36,4.36,2.45,4.61,2.36,4.5,1.81,26,4.31,2.57,4.38,2.56,4.27,1.91,10,4.5,2.22,5.2,1.69,5.1,1.45,34,0.21,0.837,0.93,0.36,1.24,0.223
939,1,pistol,pistola,s,7,250,5.53,15925,9.68,4,4.778706,20,5.75,2.84,8,1.72,8.2,1.77,34,3.41,2.15,6.35,2.2,4.15,2.32,24,2.96,1.83,6.54,2.26,3.71,2.31,10,4.5,2.55,5.9,2.08,5.2,2.1,32,1.99,0.055,0.77,0.447,1.76,0.088
949,1,python,pitone,s,6,4,1.61,246,5.51,3,1.357879,20,4.65,2.48,8.15,1.35,8.05,1.47,33,3.48,2.12,6.24,2.02,3.91,1.81,21,2.62,2.01,6.48,2.29,3.52,1.75,12,5,1.35,5.83,1.4,4.58,1.78,31,3.65,0.001,0.88,0.387,1.66,0.107
924,1,paint,pitturare,v,9,2,1.1,73,4.3,0,0,20,5.8,2.19,7.65,1.23,6.7,2.36,33,7,1.35,4.33,2.79,6.21,1.39,21,6.81,1.33,4.33,2.94,6.43,1.47,12,7.33,1.37,4.33,2.64,5.83,1.19,31,1.08,0.289,0,1,1.19,0.241
526,1,pizza,pizza,s,5,27,3.33,2330,7.75,13,4.796778385,20,8.75,0.72,9,0,9,0,32,8.19,1.2,5.81,2.81,6.88,2.04,22,8.32,1.25,5.95,2.68,6.82,2.17,10,7.9,1.1,5.5,3.21,7,1.83,30,0.91,0.371,0.42,0.679,0.23,0.82
938,1,pinch,pizzicotto,s,10,1,0.69,102,4.63,0,0,20,7,1.86,7.35,1.69,7.35,1.98,33,4.7,1.79,5.73,1.55,5.03,1.69,23,4.52,1.59,6,1.38,5.17,1.77,10,5.1,2.23,5.1,1.79,4.7,1.49,31,0.85,0.403,1.57,0.126,0.74,0.467
318,1,poetry,poesia,s,6,153,5.04,15652,9.66,1,15.3545,20,7.2,1.96,7.05,2.16,5.85,2.39,34,7.41,2.02,4.41,2.72,6.09,1.62,24,7.58,2.02,4.21,2.92,6.04,1.73,10,7,2.05,4.9,2.23,6.2,1.4,32,0.76,0.451,0.67,0.508,0.26,0.8
-,0,armchair,poltrona,s,8,168,5.13,13421,9.5,1,14.4144,20,8.7,0.73,8.7,0.8,8.6,1.05,33,7.58,1.46,3.82,2.78,4.97,2.27,23,7.57,1.59,4,2.97,5.04,2.16,10,7.6,1.17,3.4,2.37,4.8,2.62,31,0.06,0.951,0.56,0.577,0.28,0.782
130,1,door,porta,s,5,753,6.63,54691,10.91,17,25.62158006,20,8.35,1.14,8.7,0.73,8.45,1.1,34,5.71,1.27,4.79,1.89,5.79,1.39,24,5.83,1.24,4.92,1.98,5.83,1.31,10,5.4,1.35,4.5,1.72,5.7,1.64,32,0.91,0.372,0.58,0.566,0.25,0.803
-,0,ashtray,posacenere,s,10,2,1.1,97,4.58,0,0,20,7.8,2.02,8.35,1.46,8.75,0.55,33,4.24,2.06,4.85,1.8,4.82,1.93,23,3.78,1.93,5.22,1.65,4.78,1.86,10,5.3,2.06,4,1.94,4.9,2.18,31,2.04,0.05,1.85,0.074,0.16,0.875
276,1,mighty,possente,a,8,19,3,1400,7.24,1,1.25343,20,6,1.65,5.85,1.95,4.8,2.04,44,5.7,1.81,5.91,1.97,5.64,2.17,34,5.44,1.67,5.91,1.71,5.18,2.11,10,6.6,2.07,5.9,2.81,7.2,1.62,42,1.83,0.075,0.02,0.987,2.79,0.008
683,1,chance,possibilità,s,11,584,6.37,75552,11.23,0,0,20,6.35,2.01,4.75,2.27,3.8,2.12,35,7.54,1.42,6.71,2.11,6.77,1.73,25,7.52,1.48,6.4,2.25,6.52,1.81,10,7.6,1.35,7.5,1.51,7.4,1.43,33,0.15,0.883,1.41,0.167,1.37,0.179
859,1,mail,posta,s,5,134,4.91,16803,9.73,17,74.74494747,20,8,1.84,8.15,1.5,8.3,1.59,34,5.06,1.72,5.38,1.84,4.82,1.66,24,5.04,1.63,5.38,1.58,4.79,1.59,10,5.1,2.02,5.4,2.46,4.9,1.91,32,0.09,0.93,0.04,0.972,0.17,0.865
942,1,poster,poster,s,6,16,2.83,1036,6.94,5,1.8174728,20,6.5,2.33,8.15,1.27,7.9,1.74,33,6.15,1.68,4.03,2.17,6.12,1.49,21,6.57,1.4,4.05,2.13,6.19,1.29,12,5.42,1.93,4,2.34,6,1.86,31,1.99,0.056,0.06,0.953,0.35,0.731
324,1,powerful,potente,a,7,188,5.24,23616,10.07,5,11.5315484,20,6.45,1.9,6.05,2.16,4.5,2.06,33,5.91,2.21,6.24,2.17,5.79,2.19,22,5.82,2.42,6.73,2.05,5.68,2.48,11,6.09,1.81,5.27,2.15,6,1.55,31,0.33,0.744,1.89,0.068,0.39,0.701
323,1,power,potenza,s,7,187,5.24,17607,9.78,2,2.9768935,20,6.1,1.89,5,2.45,3.6,2.39,33,6.55,1.77,5.91,2.48,6.45,1.89,23,6.3,1.61,5.78,2.28,6.3,2.1,10,7.1,2.08,6.2,3.01,6.8,1.32,31,1.2,0.241,0.44,0.664,0.69,0.497
322,1,poverty,povertà,s,7,50,3.93,6026,8.7,0,0,20,5.9,1.74,6.5,2.12,6,1.97,33,1.73,0.72,6.73,2.1,4.15,2.36,22,1.59,0.73,7,2.29,4.23,2.76,11,2,0.63,6.18,1.6,4,1.34,31,1.58,0.125,1.06,0.298,0.26,0.799
325,1,prairie,prateria,s,8,11,2.48,725,6.59,1,1.88014,20,5.95,2.19,7.75,1.41,7.45,1.61,44,6.61,1.91,3.64,2.19,4.89,1.6,34,6.62,2.02,3.88,2.37,4.82,1.68,10,6.6,1.58,2.8,1.14,5.1,1.37,42,0.03,0.98,1.39,0.172,0.48,0.637
841,1,lawn,prato,s,5,94,4.55,5796,8.67,11,3.105085818,20,7.6,1.64,8.45,1.43,8.35,1.31,33,7.55,1.97,3.61,2.62,6.21,2.29,23,7.17,2.21,4.13,2.69,5.7,2.38,10,8.4,0.84,2.4,2.12,7.4,1.58,31,1.69,0.101,1.8,0.081,2.06,0.047
553,1,cliff,precipizio,s,10,1,0.69,689,6.54,0,0,20,6.15,2.35,8.2,1.2,7.3,1.89,34,2.5,1.89,7.53,1.71,4.09,2.22,24,2.33,1.79,7.58,1.38,3.96,1.76,10,2.9,2.18,7.4,2.41,4.4,3.17,32,0.79,0.435,0.28,0.781,0.52,0.605
455,1,troubled,preoccupato,a,11,166,5.12,5727,8.65,5,7.7085954,20,7.25,1.37,6.7,2.39,5.3,1.92,33,3.27,1.77,6.33,2.19,3.85,1.6,23,3.22,1.95,6.52,1.97,3.52,1.16,10,3.4,1.35,5.9,2.69,4.6,2.22,31,0.27,0.79,0.74,0.462,1.84,0.075
944,1,pressure,pressione,s,9,225,5.42,32540,10.39,2,12.37762,20,6.4,2.28,6.25,2.9,5.15,2.72,32,2.91,1.89,6.66,1.96,4,2.09,22,2.45,1.57,7.14,1.55,3.5,1.65,10,3.9,2.23,5.6,2.41,5.1,2.6,30,2.11,0.043,2.17,0.038,2.11,0.043
945,1,prestige,prestigio,s,9,75,4.33,9538,9.16,0,0,20,4.45,2.06,4.6,2.14,2.8,1.82,36,7.31,1.49,6.08,2.55,6.33,2.1,26,7.46,1.5,6.23,2.63,6.19,2.23,10,6.9,1.45,5.7,2.41,6.7,1.77,34,1.01,0.318,0.55,0.583,0.64,0.523
328,1,priest,prete,s,5,101,4.62,10916,9.3,10,12.8476543,20,6.7,2.18,8.3,1.45,8.3,1.56,34,4.94,1.48,5.15,1.16,5.21,1.2,24,5.17,1.46,5.17,1.2,5.17,1.2,10,4.4,1.43,5.1,1.1,5.3,1.25,32,1.4,0.171,0.15,0.881,0.29,0.773
329,1,prison,prigione,s,8,82,4.42,9936,9.2,1,3.76029,20,4.8,2.65,7.7,1.42,7.4,1.9,44,1.86,1.64,6.7,2.18,3.36,2.39,34,1.88,1.77,6.62,2.12,3.41,2.5,10,1.8,1.14,7,2.49,3.2,2.1,42,0.14,0.891,0.48,0.632,0.24,0.809
993,1,spring,primavera,s,9,210,5.35,17612,9.78,1,0.626715,20,7.45,1.9,7.4,1.79,6.8,1.85,33,8.06,1.27,4.82,3.04,6.67,1.81,23,8.39,0.84,4.61,3.26,7.09,1.73,10,7.3,1.77,5.3,2.54,5.7,1.7,31,2.43,0.021,0.6,0.556,2.13,0.042
330,1,privacy,privacy,s,7,16,2.83,3020,8.01,0,0,20,7.5,1.91,6.6,2.48,4.9,2.71,35,6.86,1.82,5.37,2.24,5.54,1.85,24,7.29,1.49,5.83,2.18,5.71,1.73,11,5.91,2.17,4.36,2.11,5.18,2.14,33,2.2,0.035,1.87,0.07,0.78,0.443
454,1,trouble,problema,s,8,1930,7.57,213594,12.27,1,293.929,20,6.85,1.6,6.55,2.24,5.1,2.69,34,3.06,1.7,7.32,2,5.03,2.37,24,3.17,1.76,7.5,1.74,5.04,2.14,10,2.8,1.62,6.9,2.56,5,2.98,32,0.57,0.576,0.79,0.433,0.05,0.964
331,1,profit,profitto,s,8,61,4.13,12008,9.39,2,3.9169685,20,5.7,2.32,6.4,1.9,5.2,2.35,34,6.65,1.45,6.06,1.89,5.62,1.84,24,6.42,1.41,5.92,1.53,5.38,1.79,10,7.2,1.48,6.4,2.63,6.2,1.93,32,1.46,0.155,0.67,0.505,1.2,0.24
934,1,perfume,profumo,s,7,159,5.08,3759,8.23,4,4.622025,20,7.7,1.38,7.05,1.9,6.35,2.66,36,7.56,1.65,5.22,2.63,5.89,2,26,7.35,1.81,5.19,2.76,5.58,2.14,10,8.1,0.99,5.3,2.41,6.7,1.34,34,1.24,0.224,0.11,0.914,1.54,0.133
947,1,progress,progresso,s,9,100,4.62,15553,9.65,1,10.6542,20,6,1.86,5.95,2.14,4.55,2.19,33,7.15,2.15,6.64,2.47,5.58,1.68,23,7.22,1.93,7,1.91,5.35,1.85,10,7,2.71,5.8,3.43,6.1,1.1,31,0.26,0.794,1.29,0.205,1.19,0.243
332,1,promotion,promozione,s,10,88,4.49,10038,9.21,1,4.70036,20,6.05,2.19,5.55,2.86,5.05,2.37,36,8.36,0.87,6.17,2.44,7.03,1.73,24,8.58,0.72,6.33,2.37,6.96,1.52,12,7.92,1,5.83,2.66,7.17,2.17,34,2.31,0.027,0.57,0.57,0.34,0.739
492,1,whore,prostituta,s,10,59,4.09,5441,8.6,3,3.760290667,20,4.25,2.38,6.15,2.35,6.45,2.09,33,2.39,1.94,5.24,2.12,4.24,2.32,23,1.83,1.37,5.04,2.12,3.61,2.33,10,3.7,2.45,5.7,2.16,5.7,1.57,31,2.82,0.008,0.81,0.423,2.58,0.015
333,1,protected,protetto,a,8,47,3.87,6751,8.82,7,24.62098243,20,6.25,1.52,5.7,2.05,4.15,1.87,33,7.7,1.59,4.73,2.32,5.55,2.08,22,8.23,1.15,4.77,2.6,5.64,2.26,11,6.64,1.86,4.64,1.75,5.36,1.75,31,3.04,0.005,0.16,0.877,0.35,0.728
585,1,boxer,pugile,s,6,37,3.64,3122,8.05,1,3.13357,20,5.65,1.76,7.75,2,7.4,1.5,33,5.85,1.89,5.67,2.06,5.09,1.96,23,5.74,1.79,5.91,1.88,4.7,2.05,10,6.1,2.18,5.1,2.42,6,1.41,31,0.5,0.622,1.05,0.304,1.82,0.078
99,1,dagger,pugnale,s,7,12,2.56,643,6.47,1,0.626715,20,5.15,2.08,8.05,1.23,8.05,1.1,34,3.12,1.57,5.91,1.99,4.68,1.65,24,2.83,1.61,6.63,1.44,4.63,1.81,10,3.8,1.32,4.2,2.15,4.8,1.23,32,1.23,0.227,3.73,0.001,0.25,0.802
948,1,pungent,pungente,a,8,23,3.18,929,6.84,1,2.50686,20,5.35,2.06,6.6,2.23,5.05,2.76,33,3.64,1.73,6.18,1.67,4.36,1.62,21,3.14,1.62,6.52,1.47,4.29,1.76,12,4.5,1.62,5.58,1.88,4.5,1.38,31,2.31,0.028,1.6,0.121,0.36,0.72
335,1,punishment,punizione,s,9,76,4.34,8824,9.09,1,5.01372,20,5.25,2.02,6.2,2.5,5.75,2.24,35,2.63,1.7,6.26,1.56,3.4,1.75,24,2,1.1,6.5,1.32,3.13,1.65,11,4,2,5.73,1.95,4,1.9,33,3.83,0.001,1.38,0.177,1.39,0.174
946,1,prick,puntura,s,7,10,2.4,652,6.48,1,2.1935,20,7.2,2.02,7.9,1.62,8.05,1.7,33,3.12,1.69,6.09,2.08,4.15,1.7,23,3.17,1.72,6.26,1.76,3.74,1.45,10,3,1.7,5.7,2.75,5.1,1.91,31,0.27,0.791,0.71,0.486,2.25,0.032
602,1,pus,pus,s,3,2,1.1,66,4.2,17,83.75886288,20,6.05,2.35,7.05,2.04,6.6,2.19,36,1.81,1.19,6.81,2.04,3.97,2.1,26,1.77,1.24,6.58,2.18,3.58,2.19,10,1.9,1.1,7.4,1.58,5,1.49,34,0.29,0.773,1.09,0.285,1.88,0.068
337,1,putrid,putrido,a,7,3,1.39,121,4.8,3,1.148978,20,5.15,2.56,5.7,2,5.4,2.19,33,2.33,1.61,5.64,1.8,4.15,2.05,23,2.43,1.62,5.35,1.9,4.35,1.85,10,2.1,1.66,6.3,1.42,3.7,2.5,31,0.54,0.592,1.42,0.166,0.83,0.412
793,1,hooker,puttana,s,7,27,3.33,1497,7.31,1,2.1935,20,5.75,2.31,7.4,2.01,7.45,1.7,33,3.67,1.73,5.55,1.95,3.09,1.61,23,3.61,1.9,5.61,1.99,3.13,1.52,10,3.8,1.32,5.4,1.96,3,1.89,31,0.29,0.775,0.28,0.783,0.21,0.834
411,1,stink,puzza,s,5,16,2.83,891,6.79,6,4.230324167,20,6.45,2.16,6.25,2.83,5.15,2.96,35,2.06,1.61,6.69,1.81,4.23,1.63,25,2,1.71,6.8,1.71,4.52,1.42,10,2.2,1.4,6.4,2.12,3.5,1.96,33,0.33,0.745,0.58,0.563,1.72,0.095
-,0,copybook,quaderno,s,8,18,2.94,1729,7.46,1,3.13357,20,8.1,1.55,8.6,0.88,8.65,0.81,33,5.15,1.23,5.52,1.7,4.82,1.61,23,5.17,1.37,5.57,1.75,4.65,1.64,10,5.1,0.88,5.4,1.65,5.2,1.55,31,0.16,0.877,0.25,0.802,0.9,0.377
-,0,picture,quadro,a/s,6,337,5.82,48163,10.78,4,11.045861,20,8.05,1.64,8.6,0.82,8.3,1.78,32,6.56,1.61,4.31,2.48,5.25,1.81,22,6.45,1.65,4.59,2.22,5.23,1.51,10,6.8,1.55,3.7,3.02,5.3,2.45,30,0.56,0.581,0.94,0.355,0.1,0.918
950,1,quality,qualità,s,7,414,6.03,42106,10.65,0,0,20,6.4,1.54,5.05,2.28,3.75,2.34,33,6.94,1.58,5.42,2.08,5.33,1.69,22,7.14,1.58,5.86,1.93,5.5,1.87,11,6.55,1.57,4.55,2.16,5,1.26,31,1.01,0.319,1.78,0.086,0.8,0.432
951,1,quart,quarto,a/s,6,247,5.51,39392,10.58,8,90.24690175,20,6.35,2.01,4.65,2.52,4.05,1.79,33,4.7,1.02,4.94,1.92,4.88,1.39,23,4.96,0.88,5.22,1.48,4.7,0.93,10,4.1,1.1,4.3,2.67,5.3,2.11,31,2.39,0.023,1.27,0.212,1.16,0.256
-,0,oak,quercia,s,7,30,3.43,1304,7.17,0,0,20,7.9,1.48,8.45,1.05,8.55,1.05,34,7,1.61,4.71,2.53,6.15,1.76,24,7,1.59,5,2.54,6,1.72,10,7,1.76,4,2.49,6.5,1.9,32,0,1,1.05,0.301,0.75,0.459
340,1,rabies,rabbia,s,6,160,5.08,14475,9.58,4,11.750905,20,7,1.84,7.2,1.82,5.45,2.86,34,2.88,1.84,7.26,1.86,5.44,2.48,24,2.63,1.84,7.42,1.72,5.04,2.4,10,3.5,1.78,6.9,2.23,6.4,2.5,32,1.28,0.211,0.73,0.47,1.48,0.148
955,1,radiator,radiatore,s,9,4,1.61,209,5.35,1,0.313357,20,5.95,3.02,6.9,2.36,6.8,2.4,33,5.27,1.84,4.73,1.46,5.09,1.28,22,5.18,1.94,4.82,1.5,4.95,1.29,11,5.45,1.69,4.55,1.44,5.36,1.29,31,0.4,0.695,0.5,0.622,0.86,0.397
341,1,radio,radio,s,5,182,5.21,19563,9.88,2,0.7833935,20,7.7,1.53,7.9,1.83,7.8,1.4,33,7.39,1.95,4.55,2.76,6,2.26,23,7.3,2.01,5.26,2.68,5.78,2.35,10,7.6,1.9,2.9,2.28,6.5,2.07,31,0.39,0.696,2.42,0.021,0.83,0.411
954,1,radiant,radioso,a,7,14,2.71,855,6.75,2,1.4101085,20,6.7,1.17,6.15,1.46,4.95,1.96,34,7.88,1.25,5.35,2.65,6.21,1.77,24,7.96,1.33,5.17,2.91,6.21,1.93,10,7.7,1.06,5.8,1.93,6.2,1.4,32,0.54,0.591,0.63,0.534,0.01,0.99
185,1,girl,ragazza,s,7,931,6.84,42362,10.65,4,108.8917143,20,8.5,1.19,8.6,0.88,8.7,0.8,32,6.69,1.86,5.75,2.44,6.22,1.68,22,6.32,1.91,5.55,2.24,6.05,1.43,10,7.5,1.51,6.2,2.9,6.6,2.17,30,1.72,0.096,0.7,0.49,0.86,0.396
835,1,kids,ragazzini,s,9,8,2.2,1000,6.91,7,10.60939129,20,7.9,1.65,8.3,1.22,8.2,1.58,34,5.79,1.67,5.09,1.68,5.94,1.56,24,6.13,1.8,5.21,1.93,6.04,1.71,10,5,0.94,4.8,0.79,5.7,1.16,32,1.86,0.072,0.64,0.526,0.58,0.568
50,1,boy,ragazzo,s,7,1286,7.16,68981,11.14,4,113.8272143,20,8.55,0.83,8.55,0.83,8.4,1.23,44,6.7,1.68,6.14,2.11,6.07,1.93,34,6.97,1.62,6.53,2.09,5.91,1.98,10,5.8,1.62,4.8,1.62,6.6,1.78,42,2.01,0.051,2.4,0.021,0.99,0.328
404,1,snuggle,raggomitolarsi,v,14,1,0.69,4,1.61,0,0,20,7.65,1.39,7.1,1.65,6.15,2.03,34,6.94,2.51,6.18,2.42,5.44,2.19,24,7.29,2.48,6.38,2.58,5.42,2.36,10,6.1,2.51,5.7,2,5.5,1.84,32,1.27,0.212,0.74,0.467,0.1,0.921
610,1,spider,ragno,s,5,27,3.33,1279,7.15,4,27.262075,20,6.15,2.21,8.35,1.09,8.15,1.6,33,3.88,2.22,5.82,2.07,4.82,1.98,21,3.33,1.91,5.95,1.72,4.62,1.8,12,4.83,2.48,5.58,2.64,5.17,2.29,31,1.95,0.06,0.49,0.63,0.76,0.452
348,1,regretful,rammaricato,a,11,1,0.69,265,5.58,0,0,20,4.3,1.53,5,2,3.8,1.47,33,3.15,1.7,6,1.48,4.21,1.58,23,3.3,1.69,5.91,1.41,4.13,1.74,10,2.8,1.75,6.2,1.69,4.4,1.17,31,0.78,0.442,0.51,0.616,0.45,0.659
176,1,frog,rana,s,4,16,2.83,1060,6.97,23,3.365188391,20,6,1.89,7.6,1.6,7.6,1.6,33,4.36,1.92,5.12,1.96,5.24,1.37,23,4.3,2.14,5.61,1.83,5.17,1.3,10,4.5,1.35,4,1.89,5.4,1.58,31,0.27,0.792,2.3,0.028,0.43,0.67
956,1,rancid,rancido,a,7,1,0.69,84,4.44,1,0.313357,20,4.7,2.03,4.7,2.11,5.05,2.01,33,2.33,1.55,5.55,1.91,4.36,1.39,23,2.04,1.36,5.7,1.72,4.39,1.47,10,3,1.83,5.2,2.35,4.3,1.25,31,1.67,0.105,0.68,0.501,0.17,0.865
1005,1,swift,rapido,a,6,190,5.25,23235,10.05,6,7.4161115,20,6.65,1.6,5.7,2.15,4.3,2.18,35,6.14,1.7,6.31,2.11,5.63,1.77,25,5.88,1.67,6.8,1.55,5.44,1.58,10,6.8,1.69,5.1,2.85,6.1,2.18,33,1.47,0.151,2.28,0.029,1,0.325
621,1,abduction,rapimento,s,9,29,3.4,5238,8.56,1,1.56679,20,5.65,2.54,6.55,1.96,5.85,2.41,34,2,1.92,6.91,2.23,2.68,2.04,24,1.88,2.01,7.08,2.32,2.46,2.17,10,2.3,1.77,6.5,2.07,3.2,1.69,32,0.58,0.565,0.69,0.496,0.96,0.342
964,1,robber,rapinatore,s,10,93,4.54,3474,8.15,1,17.8614,20,5.1,1.94,7.7,1.98,7.75,1.48,34,2.44,1.46,6.15,2.44,4.79,2.06,24,2.67,1.55,7.04,1.76,4.92,2.21,10,1.9,1.1,4,2.58,4.5,1.72,32,1.93,0.062,2.87,0.007,0.59,0.56
819,1,intercourse,rapporto sessuale,s,17,NA,NA,NA,NA,NA,NA,20,6.25,2.24,6.9,2.36,5.05,2.5,33,6.73,1.33,6,2.33,6,2.09,23,7,1.35,6.17,2.55,6.04,2.25,10,6.1,1.1,5.6,1.78,5.9,1.79,31,1.85,0.073,0.64,0.524,0.18,0.86
957,1,razor,rasoio,s,6,21,3.09,933,6.84,0,0,20,8.15,1.87,8.8,0.52,8.7,1.13,32,4.72,1.55,4.72,1.25,5.25,1.76,22,4.5,1.57,4.73,0.94,5.14,1.78,10,5.2,1.48,4.7,1.83,5.5,1.78,30,1.19,0.243,0.06,0.956,0.54,0.596
345,1,rat,ratto,s,5,7,2.08,1329,7.19,14,94.72342357,20,6.85,1.93,7.75,1.45,7.85,1.39,33,2.67,1.51,6.36,1.92,3.91,1.93,22,2.55,1.68,6.77,1.88,3.82,2.13,11,2.91,1.14,5.55,1.81,4.09,1.51,31,0.64,0.524,1.79,0.083,0.38,0.708
247,1,king,re,s,2,377,5.93,29150,10.28,34,404.5904361,20,5.3,2.32,7.35,1.84,6.25,1.77,35,5.83,1.72,5.4,2.16,5.29,2.01,25,5.8,1.83,5.88,1.94,5.4,2.06,10,5.9,1.52,4.2,2.3,5,1.94,33,0.15,0.879,2.19,0.035,0.53,0.602
184,1,gift,regalo,s,6,143,4.97,8184,9.01,4,9.792418,20,7.2,1.74,8.05,1.05,7.2,1.85,36,8.08,1.13,6.67,2.43,6.06,2.12,24,8.17,1.27,6.33,2.81,6.25,2.07,12,7.92,0.79,7.33,1.23,5.67,2.27,34,0.62,0.54,1.17,0.249,0.77,0.445
952,1,queen,regina,s,6,190,5.25,10240,9.23,3,1.566784,20,7.05,1.76,7.9,1.45,7.65,1.53,33,6.7,1.49,5.94,2.29,6.24,2.19,23,6.91,1.5,6.35,2.23,6.13,2.14,10,6.2,1.4,5,2.26,6.5,2.42,31,1.28,0.211,1.59,0.122,0.44,0.664
349,1,rejected,respinto,a,8,1,0.69,1065,6.97,4,2.89855675,20,5.85,1.81,5.7,2.32,4.15,1.69,33,1.97,1.07,6.58,1.66,4.15,2.24,22,1.77,0.97,6.73,1.88,3.91,2.45,11,2.36,1.21,6.27,1.1,4.64,1.75,31,1.52,0.139,0.74,0.467,0.88,0.387
958,1,reptile,rettile,s,7,8,2.2,321,5.77,1,1.56679,20,6.7,2.25,7.85,1.6,7.75,1.62,32,4.31,2.25,5.56,2.3,4.94,2.02,22,3.86,2.1,5.77,2.07,4.95,1.86,10,5.3,2.36,5.1,2.81,4.9,2.42,30,1.73,0.094,0.76,0.452,0.07,0.945
962,1,revolver,revolver,s,8,8,2.2,700,6.55,0,0,20,3.7,2.52,6.4,2.54,6.6,2.37,33,4.33,1.98,5.97,1.69,4.61,1.85,21,3.86,1.93,5.81,1.66,4.19,1.5,12,5.17,1.85,6.25,1.76,5.33,2.23,31,1.9,0.067,0.72,0.479,1.76,0.088
104,1,defiant,ribelle,a/s,7,46,3.85,12927,9.47,4,5.092061,20,6.55,2.16,7.4,1.6,6.35,2.18,34,5.53,1.46,5.71,2.02,6.15,1.6,24,5.58,1.69,6.17,1.71,6.29,1.65,10,5.4,0.7,4.6,2.37,5.8,1.48,32,0.2,0.842,2.32,0.027,1.05,0.3
40,1,blackmail,ricatto,s,7,54,4.01,6095,8.72,3,2.715765,20,4.8,2.44,4.9,2.69,3.65,2.41,31,2.03,1.4,6.58,1.95,4.32,2.52,21,2.05,1.47,6.81,1.91,4.33,2.69,10,2,1.33,6.1,2.02,4.3,2.26,29,0.09,0.931,0.95,0.351,0.03,0.973
359,1,riches,ricchezze,s,9,112,4.73,1000,6.91,1,27.2621,20,5.2,1.82,6.35,2.39,5.75,2.31,31,7.03,1.94,6.06,2.56,6.26,2.21,21,7.29,2.03,6.52,2.44,5.9,2.3,10,6.5,1.72,5.1,2.64,7,1.89,29,1.06,0.3,1.48,0.15,1.31,0.201
488,1,wealthy,ricco,a,5,452,6.12,42057,10.65,6,14.98893033,20,6.75,2.22,7.35,2.41,6.15,2.94,33,7.18,1.93,6.06,2.14,5.58,2.12,23,6.78,2.13,5.87,2.26,5.3,1.96,10,8.1,0.88,6.5,1.84,6.2,2.44,31,1.87,0.07,0.77,0.444,1.12,0.272
358,1,reward,ricompensa,s,10,13,2.64,765,6.64,2,0.313357,20,6.25,1.97,6.75,1.55,5.95,2.11,33,7.79,1.24,6,2.36,6.3,1.76,21,8.05,1.12,6.1,2.64,6.05,1.86,12,7.33,1.37,5.83,1.85,6.75,1.54,31,1.63,0.114,0.3,0.764,1.11,0.277
433,1,thankful,riconoscente,a,12,12,2.56,429,6.06,2,0.470036,20,6.1,1.68,5.2,2.02,3.65,2.28,33,7.91,1.18,6.06,2.34,6.36,1.92,23,7.61,1.23,5.91,2.04,5.87,1.87,10,8.6,0.7,6.4,3.03,7.5,1.58,31,2.37,0.024,0.54,0.592,2.41,0.022
871,1,memories,ricordi,s,7,314,5.75,1000,6.91,4,60.9479675,20,8.05,1.15,7.3,2.47,4.15,3.07,34,6.85,1.58,6.03,2.35,5.03,2.56,24,6.79,1.53,6.04,2.33,4.96,2.74,10,7,1.76,6,2.54,5.2,2.2,32,0.35,0.732,0.05,0.963,0.25,0.807
360,1,ridicule,ridicolo,a,8,59,4.09,6847,8.83,4,2.03682175,20,5.2,1.79,5.1,2.88,4.3,2.27,33,2.82,1.79,6.3,1.59,4.39,2.06,23,2.43,1.65,6.52,1.53,4.35,2.37,10,3.7,1.89,5.8,1.69,4.5,1.18,31,1.94,0.061,1.21,0.237,0.19,0.849
615,1,trash,rifiuto,s,7,195,5.28,20228,9.91,3,17.96583333,20,6.35,1.95,6.8,2.02,4.9,2.49,34,2.44,1.85,6.35,1.82,4.12,2.13,24,2.25,1.85,6.46,1.86,4.38,2.22,10,2.9,1.85,6.1,1.79,3.5,1.84,32,0.93,0.357,0.52,0.609,1.1,0.282
-,0,ruler,righello,s,8,1,0.69,67,4.22,0,0,20,6.85,2.08,8.25,1.16,8.3,1.17,34,5.5,1.02,4.44,1.64,5.41,1.46,24,5.42,0.88,4.67,1.66,5.33,1.52,10,5.7,1.34,3.9,1.52,5.6,1.35,32,0.56,0.576,1.44,0.159,0.61,0.549
963,1,rigid,rigido,a,6,97,4.58,9190,9.13,4,4.9353805,20,6.45,1.61,6.55,1.32,5.6,1.64,33,4.24,1.23,5.33,1.71,4.36,1.48,22,4.05,1.05,5.41,1.62,4.27,1.45,11,4.64,1.5,5.18,1.94,4.55,1.57,31,1.32,0.196,0.36,0.725,0.49,0.624
350,1,relaxed,rilassato,a,9,31,3.47,2,1.1,6,1.566787,20,6.9,1.68,7.35,1.79,5.7,2.64,34,8.38,1.04,3.5,2.83,6.09,1.83,24,8.33,1.2,3.54,2.84,6.08,2.1,10,8.5,0.53,3.4,2.95,6.1,0.99,32,0.42,0.678,0.13,0.897,0.02,0.981
347,1,refreshment,rinfresco,s,9,7,2.08,182,5.21,1,0.313357,20,7,1.69,8.2,1.2,6.85,2.08,34,7.38,1.46,5.35,2.35,6.35,1.63,24,7.33,1.55,5.5,2.45,6.25,1.62,10,7.5,1.27,5,2.16,6.6,1.71,32,0.3,0.766,0.56,0.579,0.56,0.576
387,1,sheltered,riparato,a,8,5,1.79,232,5.45,5,1.1280858,20,6.75,1.48,5.9,2.29,5,2.55,33,6.45,1.97,5.09,2.43,4.94,1.84,23,6.52,2.04,5.3,2.34,4.87,2.05,10,6.3,1.89,4.6,2.67,5.1,1.29,31,0.29,0.772,0.76,0.453,0.33,0.746
251,1,laughter,risata,s,6,85,4.45,4348,8.38,7,1.880143,20,8.55,0.69,8.2,1.15,7.15,2.28,44,8.32,0.96,6.41,2.69,6.82,1.56,34,8.41,0.99,6.68,2.76,6.91,1.68,10,8,0.82,5.5,2.32,6.5,1.08,42,1.2,0.237,1.22,0.228,0.73,0.469
353,1,reserved,riservato,a,9,106,4.67,9175,9.12,4,9.949095,20,6.8,1.28,5.85,1.79,4.3,2.11,35,6.2,1.76,4.4,1.85,5.43,1.77,25,6.36,1.85,4.52,2.02,5.4,1.41,10,5.8,1.55,4.1,1.37,5.5,2.55,33,0.85,0.404,0.6,0.552,0.15,0.883
354,1,respect,rispetto,s,8,236,5.47,124494,11.73,3,9.08737,20,7.25,2.15,6.1,2.92,5.5,2.91,33,8.39,0.9,6.97,2.23,7.61,1.25,23,8.43,0.84,6.65,2.42,7.61,1.16,10,8.3,1.06,7.7,1.57,7.6,1.51,31,0.39,0.699,1.25,0.22,0.02,0.986
355,1,respectful,rispettoso,a,10,30,3.43,2930,7.98,4,1.80180425,20,7.05,1.54,6.2,2.48,4.8,2.48,33,7.67,1.22,4.79,2.71,6.36,1.76,21,7.95,1.02,4.86,2.73,6.67,1.59,12,7.17,1.4,4.67,2.81,5.83,1.99,31,1.85,0.074,0.19,0.85,1.32,0.196
639,1,answer,risposta,s,8,765,6.64,67561,11.12,3,42.92993333,20,7.05,2.11,5.75,2.77,4.85,3.15,33,6.24,1.71,6.12,2,5.88,1.83,23,6.43,1.9,6.57,1.97,5.83,1.97,10,5.8,1.14,5.1,1.73,6,1.56,31,0.98,0.336,2.03,0.051,0.25,0.807
960,1,restaurant,ristorante,s,10,247,5.51,12635,9.44,1,23.1884,20,8.25,1.37,8.4,1.05,8.05,1.67,34,6.56,2,5.09,2.44,5.62,1.5,24,6.46,2.25,5.29,2.53,5.71,1.55,10,6.8,1.32,4.6,2.27,5.4,1.43,32,0.45,0.657,0.75,0.46,0.54,0.592
3,1,achievement,risultato,s,9,902,6.81,115947,11.66,4,42.8517325,20,7.3,2.32,7.15,2.32,6.8,2.26,35,6.34,1.53,6.29,2.08,5.37,1.94,24,6.33,1.58,6.54,2.19,5.33,2.14,11,6.36,1.5,5.73,1.79,5.45,1.51,33,0.05,0.958,1.08,0.289,0.17,0.867
721,1,delayed,ritardato,a/s,9,8,2.2,2,1.1,3,1.044524,20,6.1,1.83,6.55,2.09,4.85,2.11,44,2.82,1.59,5.39,1.93,4.77,1.72,34,2.85,1.58,5.32,1.92,4.88,1.74,10,2.7,1.7,5.6,2.07,4.4,1.71,42,0.26,0.793,0.39,0.696,0.77,0.443
961,1,reunion,riunione,s,8,242,5.49,52569,10.87,2,6.1104785,20,6.65,1.35,7.8,1.44,6.05,2.63,33,5.12,1.47,5.48,1.75,4.97,1.78,23,5.09,1.38,5.52,1.34,4.74,1.84,10,5.2,1.75,5.4,2.55,5.5,1.58,31,0.2,0.843,0.18,0.858,1.14,0.265
356,1,reverent,riverente,a,9,1,0.69,75,4.33,1,0.626715,20,5.25,2.02,4.95,2.28,4.2,1.85,33,5.36,1.65,5.15,2.09,5.42,1.75,23,5.13,1.6,5.48,1.83,5.48,1.16,10,5.9,1.73,4.4,2.55,5.3,2.75,31,1.24,0.225,1.38,0.178,0.26,0.793
828,1,journal,rivista,s,7,170,5.14,17384,9.76,4,6.65885425,20,7.3,1.81,7.9,1.55,7.9,1.52,35,6.17,1.69,4.09,2.31,5.89,1.69,25,6.32,1.77,4.56,2.36,5.88,1.9,10,5.8,1.48,2.9,1.73,5.9,1.1,33,0.82,0.419,2.01,0.053,0.03,0.975
357,1,revolt,rivolta,s,7,98,4.6,14064,9.55,7,8.908294571,20,5.6,2.3,6.85,2.08,6.05,2.28,31,5.68,2.29,6.77,2.26,6.23,2.14,21,5.62,2.48,6.95,2.29,6,2.37,10,5.8,1.93,6.4,2.27,6.7,1.57,29,0.2,0.841,0.63,0.534,0.85,0.404
593,1,gun,rivoltella,s,10,8,2.2,498,6.21,1,0.313357,20,3.1,1.8,6.5,2.37,6.5,2.21,36,3.92,2.35,6.42,2.27,4.81,2.24,26,4.15,2.49,6.5,2.21,4.69,2.49,10,3.3,1.89,6.2,2.53,5.1,1.45,34,0.98,0.335,0.35,0.728,0.48,0.632
965,1,rock,roccia,s,6,102,4.63,3012,8.01,5,7.6459148,20,6.8,1.88,8.4,1.31,8.15,1.46,33,5.12,1.62,5.03,1.85,5.27,1.97,23,4.83,1.67,5.35,1.58,5.17,2.17,10,5.8,1.32,4.3,2.26,5.5,1.51,31,1.63,0.113,1.53,0.136,0.43,0.67
364,1,romantic,romantico,a,9,112,4.73,6754,8.82,2,9.870775,20,6.7,2.54,7.2,1.99,4.7,2.41,34,7.97,0.9,5.88,2.82,6.35,2.17,24,8.25,0.79,5.88,3.07,6.5,2.28,10,7.3,0.82,5.9,2.23,6,1.94,32,2.69,0.011,0.28,0.781,0.38,0.703
-,0,rose,rosa,a/s,4,197,5.29,10876,9.29,25,60.39023516,20,7.95,1.43,8.35,0.88,8.15,1.14,44,7.36,1.5,4.59,2.32,5.64,1.57,34,7.68,1.39,4.65,2.47,5.62,1.65,10,6.3,1.42,4.4,1.78,5.7,1.34,42,2.75,0.009,0.29,0.771,0.14,0.886
570,1,red,rosso,a,5,513,6.24,47590,10.77,10,43.556723,20,8.15,1.5,8.4,1.5,5.6,2.89,33,7.12,1.6,6.61,1.98,6.7,1.67,23,7.22,1.68,6.96,1.85,6.57,1.65,10,6.9,1.45,5.8,2.15,7,1.76,31,0.52,0.607,1.57,0.125,0.68,0.5
672,1,broken,rotto,a,5,54,4.01,2605,7.87,14,45.839686,20,7.05,1.64,7.6,1.43,7,1.75,35,3.14,1.33,5.4,1.77,4.2,1.51,24,3.13,1.33,5.71,1.65,4.38,1.5,11,3.18,1.4,4.73,1.9,3.82,1.54,33,0.12,0.909,1.55,0.13,1.01,0.319
975,1,scorching,rovente,a,7,28,3.37,2897,7.97,3,8.774006667,20,6.05,1.57,6.75,1.74,5.6,2.35,33,3.64,2.12,5.61,1.82,4.18,1.49,23,3.83,2.25,5.43,1.59,4.09,1.35,10,3.2,1.81,6,2.31,4.4,1.84,31,0.78,0.444,0.82,0.421,0.55,0.587
904,1,noisy,rumoroso,a,8,15,2.77,1847,7.52,3,1.253428333,20,7.15,1.98,6.6,2.41,5.55,2.67,34,3.09,1.62,6.53,1.88,4.18,1.66,24,2.88,1.6,6.79,1.79,4.21,1.82,10,3.6,1.65,5.9,2.02,4.1,1.29,32,1.2,0.241,1.27,0.212,0.17,0.865
966,1,rough,ruvido,a,6,22,3.14,1522,7.33,3,1.671239,20,7.1,2,7.35,1.84,6.55,2.21,35,4.34,1.57,4.89,1.55,5.26,1.34,25,4.08,1.73,5.08,1.47,5.08,1.26,10,5,0.82,4.4,1.71,5.7,1.49,33,1.6,0.119,1.18,0.246,1.25,0.22
497,1,wise,saggio,a/s,6,132,4.89,21948,10,8,27.57539213,20,6.8,1.85,6.05,2.33,5.9,2.34,32,7.31,1.49,5.5,2.65,6.19,1.69,22,7.09,1.44,5.91,2.45,6.09,1.57,10,7.8,1.55,4.6,2.99,6.4,2.01,30,1.26,0.218,1.31,0.2,0.47,0.64
-,0,willow,salice,s,6,10,2.4,272,5.61,6,9.1395935,20,6,2.1,7.55,1.7,7.85,1.27,33,5.73,2.18,4.61,2.08,5.21,1.62,23,5.52,2.48,4.78,2.33,5.04,1.52,10,6.2,1.23,4.2,1.32,5.6,1.84,31,0.82,0.421,0.74,0.467,0.91,0.371
770,1,greet,salutare,v,8,194,5.27,15330,9.64,3,8.669562333,20,7.5,1.4,7.1,2.02,6,2.18,33,6.61,1.64,5.45,1.86,5.27,2.02,22,6.73,1.72,5.73,2.05,5.18,2.24,11,6.36,1.5,4.91,1.3,5.45,1.57,31,0.6,0.556,1.2,0.238,0.36,0.721
204,1,health,salute,s,6,317,5.76,24053,10.09,7,8.550185714,20,7.25,1.25,6.25,2.27,4.55,2.65,33,7.58,1.7,5.33,2.89,5.73,2.39,21,7.76,1.73,5.43,2.98,6.24,2.21,12,7.25,1.66,5.17,2.86,4.83,2.52,31,0.83,0.413,0.25,0.807,1.67,0.105
370,1,salute,saluto,s,6,67,4.22,4600,8.43,7,31.38048429,20,8,1.3,7.8,1.47,6.25,2.63,33,7.09,1.93,5.73,2.13,6.09,1.81,23,6.7,2.05,6.22,1.93,5.96,1.87,10,8,1.25,4.6,2.22,6.4,1.71,31,1.85,0.073,2.12,0.043,0.64,0.526
969,1,save,salvare,v,7,426,6.06,42185,10.65,5,7.269884,20,6.3,1.13,5.75,2.43,4.35,2.5,33,8.03,1.4,7.39,2.12,7,1.79,23,8.09,1.35,7.3,2.32,6.83,1.83,10,7.9,1.6,7.6,1.65,7.4,1.71,31,0.35,0.731,0.36,0.719,0.84,0.405
352,1,rescue,salvataggio,s,11,38,3.66,4884,8.49,0,0,20,5.85,2.58,7.15,1.87,5.6,2.19,34,6.65,1.72,6.21,1.89,6.44,1.83,24,6.83,1.66,5.92,1.89,6.25,1.87,10,6.2,1.87,6.9,1.79,6.9,1.73,32,0.98,0.336,1.4,0.17,0.94,0.353
373,1,savior,salvatore,s,9,15,2.77,1950,7.58,2,2.8202175,20,5.45,2.42,5.8,2.26,5.25,2.12,35,6.77,1.91,5.71,2.01,5.31,2.05,24,7,1.98,5.92,2.12,5.46,2.08,11,6.27,1.74,5.27,1.74,5,2.05,33,1.05,0.303,0.88,0.387,0.61,0.548
584,1,bloody,sanguinoso,a,10,31,3.47,4125,8.33,3,2.820213333,20,6.5,1.82,6.95,1.61,6.6,1.6,33,2.33,1.55,6.27,1.97,4.09,1.53,22,2.09,1.69,6.86,1.96,3.91,1.77,11,2.82,1.17,5.09,1.45,4.45,0.82,31,1.28,0.21,2.65,0.012,0.97,0.342
968,1,saint,santo,a/s,5,115,4.75,35072,10.47,15,66.11844107,20,5.9,2.61,6.2,2.65,5.1,2.79,35,6.09,2.16,5,2.17,5.34,1.57,24,6.38,1.97,5.46,1.93,5.33,1.43,11,5.45,2.5,4,2.41,5.36,1.91,33,1.18,0.248,1.92,0.064,0.05,0.959
30,1,awed,sbalordito,a,10,23,3.18,504,6.22,2,2.35018,20,6.5,1.93,6.05,2.28,5.35,1.66,33,6.88,0.99,7.42,1.12,6.36,1.41,23,7.04,1.07,7.22,1.13,6.35,1.5,10,6.5,0.71,7.9,0.99,6.4,1.26,31,1.47,0.151,1.65,0.108,0.1,0.924
-,0,stairs,scala,s,5,217,5.38,29110,10.28,8,5.052889875,20,7.7,1.34,8.35,1.6,8.6,0.82,33,5.12,1.14,5.33,1.63,4.91,1.04,23,5,1.04,5.7,1.55,4.91,1,10,5.4,1.35,4.5,1.58,4.9,1.2,31,0.93,0.362,2.02,0.052,0.03,0.974
971,1,scandal,scandalo,s,8,234,5.46,29748,10.3,1,18.1747,20,6.05,2.26,6.3,2.25,4.45,2.35,34,3,1.76,6.47,1.86,4.5,2.18,24,2.83,1.74,6.92,1.84,4.42,2.21,10,3.4,1.84,5.4,1.51,4.7,2.21,32,0.85,0.4,2.3,0.028,0.34,0.735
363,1,roach,scarafaggio,s,11,7,2.08,355,5.87,0,0,20,6.65,2.87,8.4,1.47,8.3,1.69,34,3.18,1.64,5.94,2.27,4.24,2.06,24,2.83,1.69,6.42,2.1,3.83,2.04,10,4,1.25,4.8,2.35,5.2,1.87,32,1.97,0.058,1.97,0.057,1.82,0.078
-,0,shoe,scarpa,s,6,195,5.28,9585,9.17,4,23.736825,20,8.05,1.32,8.4,1.14,8.6,1.1,33,6.03,1.83,5.18,2.13,5.94,1.84,23,6.04,2.03,5.7,1.92,5.91,2.07,10,6,1.33,4,2.21,6,1.25,31,0.06,0.951,2.23,0.033,0.12,0.903
395,1,skeptical,scettico,a,8,32,3.5,4935,8.5,2,3.133575,20,6.2,2.12,5.25,2.63,4.2,2.44,35,4.94,1.55,5.86,1.61,5.34,1.73,25,5,1.58,6.16,1.31,5.6,1.63,10,4.8,1.55,5.1,2.08,4.7,1.89,33,0.34,0.736,1.82,0.078,1.41,0.168
826,1,joke,scherzo,s,7,130,4.88,6188,8.73,6,12.69097567,20,7.55,1.88,6.1,2.49,5.8,2.28,32,6.94,1.22,6,2.18,5.94,1.58,22,6.82,1.22,6,1.98,5.73,1.35,10,7.2,1.23,6,2.71,6.4,2.01,30,0.82,0.419,0,1,1.12,0.273
93,1,crushed,schiacciato,a,11,6,1.95,791,6.67,5,1.5667858,20,5.65,2.23,5.9,1.97,4.95,1.67,35,2.69,1.71,6.63,1.86,3.31,2,25,2.44,1.39,6.84,1.49,3.6,2.14,10,3.3,2.31,6.1,2.6,2.6,1.43,33,1.36,0.183,1.06,0.296,1.35,0.185
396,1,slap,schiaffo,s,8,25,3.26,3389,8.13,2,0.9400735,20,5.6,2.28,7.9,1.65,7.6,1.67,33,2.73,1.82,6.52,1.7,4.7,2.21,22,2.73,1.96,6.91,1.72,4.77,2.49,11,2.73,1.62,5.73,1.42,4.55,1.63,31,0,1,1.97,0.058,0.27,0.786
398,1,slave,schiavo,a/s,7,47,3.87,3868,8.26,4,4.8570375,20,5.4,2.44,7.05,1.57,7.15,1.98,32,1.75,1.11,6.44,2.58,3.97,2.72,22,1.73,1.24,6.91,2.27,3.45,2.69,10,1.8,0.79,5.4,3.03,5.1,2.56,30,0.17,0.867,1.57,0.127,1.63,0.114
756,1,foam,schiuma,s,7,19,3,443,6.1,1,0.626715,20,7.45,1.67,8.2,1.11,7.45,1.64,36,6.5,1.38,4.33,2.14,5.42,1.42,24,6.71,1.33,4.04,2.26,5.42,1.5,12,6.08,1.44,4.92,1.83,5.42,1.31,34,1.29,0.206,1.16,0.253,0,1
389,1,shy,schivo,a,6,9,2.3,1246,7.13,3,6.267150667,20,6.1,1.52,7.25,2.07,4.2,2.5,33,3.88,1.24,3.48,1.37,3.55,1.8,21,3.86,1.2,3.62,1.28,3.57,1.69,12,3.92,1.38,3.25,1.54,3.5,2.07,31,0.13,0.897,0.74,0.466,0.11,0.915
-,0,scarf,sciarpa,s,7,27,3.33,1339,7.2,2,1.8801435,20,8.6,0.88,8.65,0.81,8.7,0.73,34,6.65,1.25,4.15,2.02,5.68,1.45,24,6.67,1.2,4.5,2.11,5.71,1.43,10,6.6,1.43,3.3,1.57,5.6,1.58,32,0.14,0.89,1.62,0.115,0.2,0.846
-,0,monkey,scimmia,s,7,56,4.04,1602,7.38,1,9.40072,20,6.3,2.15,8.35,1.09,8.4,0.82,33,5.7,1.69,4.85,1.66,4.97,1.16,22,5.68,1.7,5.36,1.4,5.05,1.36,11,5.73,1.74,3.82,1.72,4.82,0.6,31,0.07,0.943,2.77,0.009,0.53,0.603
905,1,nonsense,sciocchezza,s,11,45,3.83,2577,7.85,1,8.14729,20,6.05,2.14,5.25,2.2,3.45,2.04,33,4.55,1.73,5.21,1.69,5.06,1.78,23,4.35,1.82,5.43,1.65,4.83,1.92,10,5,1.49,4.7,1.77,5.6,1.35,31,0.99,0.328,1.15,0.258,1.15,0.259
981,1,silly,sciocco,a/s,7,36,3.61,1439,7.27,2,2.1935035,20,6.4,1.96,5.9,2.43,4.9,2.38,35,3.37,1.66,5.26,2.48,4.94,2.36,25,3.72,1.74,5.6,2.22,4.92,2.14,10,2.5,1.08,4.4,2.99,5,2.98,33,2.05,0.048,1.31,0.2,0.09,0.93
49,1,bowl,scodella,s,8,14,2.71,134,4.91,2,0.9400735,20,7.15,1.95,7.65,1.57,7.85,1.42,33,5.12,1.39,4.85,1.54,5.45,1.54,23,5.13,1.18,4.91,1,5.04,1.07,10,5.1,1.85,4.7,2.45,6.4,2.07,31,0.06,0.955,0.36,0.722,2.51,0.018
-,0,colander,scolapasta,s,10,1,0.69,18,2.94,0,0,20,8.1,1.74,8.05,2.16,8.3,1.81,36,5.47,0.97,4.83,1.36,5.33,1.41,26,5.46,1.07,4.92,1.23,5.27,1.59,10,5.5,0.71,4.6,1.71,5.5,0.85,34,0.1,0.917,0.63,0.532,0.43,0.667
-,0,ink_remover,scolorina,s,9,0,0,6,1.95,1,0.940072,20,7.15,1.87,8,1.49,7.8,1.61,35,4.6,1.52,4.66,1.41,5.09,1.17,24,4.92,1.32,4.71,1.37,5.13,1.26,11,3.91,1.76,4.55,1.57,5,1,33,1.89,0.068,0.31,0.757,0.29,0.775
103,1,defeated,sconfitto,a/s,9,14,2.71,3219,8.08,3,22.24836333,20,5.3,1.95,6.2,2.21,5.75,1.97,34,1.82,1.06,6.53,1.73,2.71,1.7,24,1.71,1.04,6.29,1.63,2.92,1.82,10,2.1,1.1,7.1,1.91,2.2,1.32,32,0.98,0.333,1.25,0.219,1.13,0.268
-,0,scooter,scooter,s,7,22,3.14,1240,7.12,0,0,20,7.9,1.71,8.35,1.27,8.55,1.05,33,6.12,2.1,5.97,2.39,6.09,1.63,23,6.09,2.31,6.22,2.17,5.83,1.4,10,6.2,1.62,5.4,2.88,6.7,2,31,0.14,0.89,0.9,0.375,1.44,0.159
122,1,discouraged,scoraggiato,a,11,5,1.79,603,6.4,3,0.940073,20,6.75,1.92,6.35,1.81,4.8,2.61,33,2.58,1.58,5.52,2.17,4.39,2.24,23,2.78,1.68,5.26,1.81,3.96,1.66,10,2.1,1.29,6.1,2.85,5.4,3.06,31,1.14,0.261,1.02,0.314,1.76,0.088
378,1,scurvy,scorbuto,s,8,3,1.39,26,3.3,0,0,20,4.35,2.32,4.55,2.78,4.05,2.24,33,2.48,1.46,6,1.98,4.42,2.08,22,2.32,1.52,6.05,1.99,4.27,2.33,11,2.82,1.33,5.91,2.07,4.73,1.49,31,0.93,0.362,0.18,0.856,0.59,0.562
485,1,waste,scorie,s,6,12,2.56,1000,6.91,6,18.85366333,20,5.95,2.28,5.95,3.05,5.45,3.05,33,2.55,1.62,6.03,2.07,4.85,1.5,23,2.35,1.3,5.96,2.33,4.65,1.47,10,3,2.21,6.2,1.4,5.3,1.57,31,1.06,0.296,0.31,0.761,1.14,0.261
976,1,scorpion,scorpione,s,9,23,3.18,352,5.87,2,1.880146,20,6.85,2.13,8.1,1.41,7.85,1.84,34,4.12,2.06,6.35,1.94,4.26,1.81,24,3.83,2.06,6.83,1.97,4.08,2.04,10,4.8,1.99,5.2,1.32,4.7,1.06,32,1.26,0.217,2.4,0.023,0.9,0.375
1036,1,writer,scrittore,s,9,273,5.61,34212,10.44,2,12.690995,20,6.7,1.98,8.2,1.32,7.2,2.26,34,6.68,1.55,5.38,2.31,6.06,1.67,24,7,1.56,6.13,2.15,6.04,1.68,10,5.9,1.29,3.6,1.65,6.1,1.73,32,1.84,0.075,2.87,0.007,0.34,0.738
-,0,desk,scrivania,s,9,74,4.32,4340,8.38,1,2.1935,20,8.7,0.66,8.8,0.62,8.8,0.62,33,5.7,1.51,5.12,2.34,5.42,1.62,23,5.48,1.41,5.52,2.04,5.39,1.5,10,6.2,1.69,4.2,2.82,5.5,1.96,31,1.27,0.212,1.52,0.139,0.17,0.863
990,1,spanking,sculacciata,s,11,0,0,47,3.87,0,0,20,6.15,2.03,7.6,1.54,7.3,1.45,33,2.67,1.41,6.12,1.63,4.09,2.17,22,2.5,1.37,6.14,1.75,3.91,2.31,11,3,1.48,6.09,1.45,4.45,1.92,31,0.96,0.344,0.07,0.941,0.67,0.505
153,1,excuse,scusa,s,5,118,4.78,7391,8.91,9,6.545695778,20,7.3,1.56,5.65,2.25,3.45,1.79,44,5.36,2.31,5.2,2.31,4.95,1.68,34,5.76,2.4,5.26,2.22,5.12,1.63,10,4,1.33,5,2.71,4.4,1.84,42,2.21,0.032,0.32,0.754,1.19,0.241
123,1,disdainful,sdegnoso,a,8,4,1.61,275,5.62,3,0.417809667,20,6.45,1.57,6.4,2.04,5.85,2.08,35,2.71,1.34,5.8,1.8,4.49,1.38,24,2.75,1.54,5.92,1.86,4.67,1.46,11,2.64,0.81,5.55,1.69,4.09,1.14,33,0.23,0.82,0.56,0.578,1.15,0.258
66,1,chair,sedia,s,5,122,4.81,6924,8.84,4,39.56135,20,8.4,1.43,8.4,1.1,8.45,1.1,34,5.79,1.55,3.65,1.86,5.32,1.34,24,5.88,1.7,3.96,1.94,5.04,1.12,10,5.6,1.17,2.9,1.45,6,1.63,32,0.46,0.645,1.55,0.132,1.98,0.056
380,1,seat,sedile,s,6,80,4.39,3134,8.05,3,3.551382333,20,7.55,1.67,8.25,1.48,8.5,0.89,33,5.67,1.8,4.36,2.13,5.39,1.89,23,5.35,1.97,4.48,2.21,5.13,2.03,10,6.4,1.07,4.1,2.02,6,1.41,31,1.58,0.124,0.46,0.647,1.23,0.229
51,1,breast,seno,s,4,108,4.69,8388,9.03,15,364.7481702,20,7.75,1.55,8.35,0.81,8.3,1.49,44,6.91,1.76,6.11,2.05,5.86,1.62,34,6.47,1.74,5.71,1.78,5.59,1.35,10,8.4,0.7,7.5,2.37,6.8,2.15,42,3.39,0.002,2.59,0.013,2.16,0.036
977,1,sentiment,sentimento,s,10,266,5.59,20514,9.93,2,25.69531,20,7.95,1.28,6.35,2.48,5.05,3.19,36,7.28,1.73,5.53,2.14,5.83,1.73,24,7.29,1.83,5.83,2.24,5.67,1.99,12,7.25,1.6,4.92,1.88,6.17,1.03,34,0.07,0.947,1.22,0.232,0.81,0.422
56,1,burial,sepoltura,s,9,19,3,1124,7.03,1,1.56679,20,5.9,1.92,7,1.97,6.9,2.31,33,1.91,1.61,6.97,1.9,3.45,2.02,23,1.52,1.5,7.26,1.98,3.3,2.14,10,2.8,1.55,6.3,1.57,3.8,1.75,31,2.22,0.034,1.36,0.185,0.64,0.525
613,1,tank,serbatoio,s,9,37,3.64,2799,7.94,0,0,20,6.65,2.56,8.05,1.43,8,1.81,32,4.78,1.18,4.72,1.71,5.09,1.84,22,4.86,0.99,5.09,1.31,5,1.75,10,4.6,1.58,3.9,2.23,5.3,2.11,30,0.58,0.568,1.9,0.067,0.42,0.676
464,1,untroubled,sereno,a,6,138,4.93,16526,9.71,4,9.71408175,20,7.05,1.99,7.05,1.85,4.95,2.37,35,8.09,1.2,4.83,3.02,6.94,1.95,25,8.28,1.06,4.92,3.24,6.96,1.97,10,7.6,1.43,4.6,2.55,6.9,2.02,33,1.55,0.131,0.28,0.782,0.08,0.936
383,1,serious,serio,a/s,5,312,5.75,40320,10.6,10,29.3929271,20,7.65,1.18,6.9,2,4.3,2.45,34,5.56,1.94,4.68,2.14,5,1.67,24,5.46,2.04,5.04,2.2,5,2,10,5.8,1.75,3.8,1.81,5,0,32,0.46,0.647,1.57,0.125,0,1
609,1,snake,serpente,s,8,53,3.99,2130,7.66,3,6.371603333,20,5.85,2.8,7.25,2.81,7.5,2.19,35,2.97,2.13,6.4,2.14,4.03,2.24,24,2.75,2.19,6.79,2.15,3.71,2.12,11,3.45,2.02,5.55,1.97,4.73,2.45,33,0.9,0.373,1.63,0.112,1.26,0.217
384,1,sex,sesso,s,5,348,5.86,17435,9.77,11,49.76689991,20,6.75,1.41,7.35,1.87,6.8,1.61,33,8.06,1.5,6.94,2.67,6.58,2.25,23,7.83,1.67,6.87,2.72,6.35,2.17,10,8.6,0.84,7.1,2.69,7.1,2.47,31,1.38,0.177,0.22,0.824,0.88,0.386
391,1,silk,seta,s,4,116,4.76,2753,7.92,12,35.87940508,20,6.55,2.31,7.4,2.28,7.95,1.54,34,7.06,1.86,4.09,2.56,6.26,1.76,24,7.17,1.95,4.58,2.67,6.25,1.75,10,6.8,1.69,2.9,1.91,6.3,1.89,32,0.52,0.608,1.8,0.081,0.07,0.941
530,1,sexy,sexy,a,4,52,3.97,2107,7.65,1,2.50686,20,7.25,1.29,7.7,1.26,5.65,2.35,34,7.65,1.32,7.59,1.52,6.41,1.89,24,7.75,1.36,7.63,1.64,6.79,1.69,10,7.4,1.26,7.5,1.27,5.5,2.12,32,0.7,0.491,0.22,0.831,1.88,0.069
991,1,sphere,sfera,s,5,48,3.89,4599,8.43,2,14.7278,20,6.3,1.59,7.3,1.95,7.35,1.57,34,5.68,1.53,4.68,1.87,5.21,1.2,24,5.67,1.69,4.88,1.87,5.25,1.26,10,5.7,1.16,4.2,1.87,5.1,1.1,32,0.06,0.955,0.96,0.345,0.33,0.745
999,1,stool,sgabello,s,8,8,2.2,468,6.15,1,0.313357,20,7.1,2.27,7.7,1.92,7.5,1.79,35,5.4,0.95,4.49,1.5,5,0.91,24,5.46,0.93,4.42,1.41,4.92,0.93,11,5.27,1.01,4.64,1.75,5.18,0.87,33,0.53,0.597,0.4,0.694,0.8,0.43
895,1,nasty,sgradevole,a,10,32,3.5,2578,7.86,1,2.50686,20,5.05,1.85,5.25,2.17,4.2,1.82,36,2.17,1.28,6.14,2.03,4.92,1.96,24,1.92,1.21,6.08,2.22,5.04,1.81,12,2.67,1.3,6.25,1.66,4.67,2.31,34,1.71,0.097,0.23,0.82,0.54,0.596
967,1,safe,sicuro,a,6,552,6.32,46231,10.74,5,16.6079504,20,6.9,1.48,6.65,1.84,5,2.08,34,7.88,0.88,6,2.44,6.91,1.52,24,7.88,0.9,6.17,2.3,6.79,1.59,10,7.9,0.88,5.6,2.84,7.2,1.4,32,0.07,0.941,0.61,0.545,0.71,0.485
425,1,syphilis,sifilide,s,8,3,1.39,323,5.78,0,0,20,3.05,2.09,3.5,2.09,3.95,2.26,36,1.92,1.42,6.64,2.13,3.33,2.26,26,1.96,1.48,6.5,2.25,3.15,2.19,10,1.8,1.32,7,1.83,3.8,2.49,34,0.3,0.765,0.63,0.535,0.77,0.449
339,1,quiet,silenzioso,a,10,96,4.57,7010,8.86,3,5.953806667,20,6.75,1.94,5.65,2.43,4.65,2.72,35,5.51,1.9,4.29,2.12,5.63,1.96,25,5.44,2.08,4.48,2.31,5.4,2.16,10,5.7,1.42,3.8,1.55,6.2,1.23,33,0.36,0.72,0.85,0.4,1.1,0.281
902,1,nice,simpatico,a,9,132,4.89,7400,8.91,2,9.40074,20,7.9,1.29,6.9,2.05,5.05,2.37,33,8.42,0.94,6.18,2.6,7.27,1.33,22,8.41,1.01,5.91,2.72,7.41,1.47,11,8.45,0.82,6.73,2.37,7,1,31,0.13,0.898,0.85,0.403,0.83,0.413
125,1,disloyal,sleale,a,6,7,2.08,997,6.91,1,0.940072,20,4.9,2.34,6,2.1,6,1.89,35,1.89,1.28,5.03,2.16,5.26,1.95,24,1.75,1.15,4.79,1.91,5.13,1.94,11,2.18,1.54,5.55,2.66,5.55,2.02,33,0.93,0.361,0.96,0.346,0.59,0.561
403,1,snob,snob,s,4,3,1.39,1336,7.2,1,0.313357,20,5.6,1.93,6.7,2,4.2,1.91,31,2.39,1.48,6.45,1.93,5.29,2.15,21,2.29,1.55,6.67,1.83,5.38,2.18,10,2.6,1.35,6,2.16,5.1,2.18,29,0.55,0.588,0.9,0.377,0.34,0.74
985,1,social,socievole,a,9,2,1.1,196,5.28,1,0.313357,20,7.4,1.47,6.95,1.61,4.9,2.07,31,7.45,1.48,5.94,2.34,6.42,1.5,21,7.62,1.47,6.19,2.5,6.24,1.58,10,7.1,1.52,5.4,1.96,6.8,1.32,29,0.91,0.37,0.88,0.388,0.97,0.338
372,1,satisfied,soddisfatto,a,11,139,4.94,10224,9.23,3,7.729473333,20,7.15,2.11,6.05,2.16,5.15,2.8,32,8.44,0.88,6.69,2.57,7.34,1.62,22,8.5,0.91,7.09,2.58,7.27,1.78,10,8.3,0.82,5.8,2.44,7.5,1.27,30,0.59,0.559,1.33,0.193,0.36,0.719
418,1,suffocate,soffocare,v,9,92,4.53,4930,8.5,1,0.313357,20,3.95,1.93,5.7,2.18,4.8,2.21,36,1.56,1.34,8.11,1.19,3.11,2.38,24,1.21,0.41,8.21,1.02,2.67,2.16,12,2.25,2.14,7.92,1.51,4,2.63,34,2.33,0.026,0.69,0.496,1.62,0.114
132,1,dream,sogno,s,5,554,6.32,33184,10.41,5,51.5159714,20,7.05,1.88,6.9,1.8,4.1,2.55,33,7,1.75,5.3,2.62,5.33,1.8,22,7.14,2.03,6.09,2.6,5.23,2.02,11,6.73,1.01,3.73,1.9,5.55,1.29,31,0.63,0.535,2.67,0.012,0.47,0.639
532,1,sun,sole,s,4,485,6.19,46651,10.75,17,121.1400312,20,8.1,1.52,8.45,1.1,8,1.34,35,8.17,0.98,5.91,2.8,6.26,2.25,24,8.5,0.78,6.08,3.03,6.75,2.09,11,7.45,1.04,5.55,2.3,5.18,2.32,33,3.32,0.002,0.52,0.605,1.99,0.055
1003,1,sunlight,soleggiato,a,10,12,2.56,518,6.25,4,0.7833935,20,6.65,1.95,7.4,1.64,5.85,2.37,33,7.42,1.9,5.18,2.96,5.33,1.91,23,7.17,2.06,5.26,2.78,5.22,1.93,10,8,1.41,5,3.5,5.6,1.96,31,1.15,0.259,0.23,0.82,0.52,0.606
405,1,solemn,solenne,a,7,62,4.14,5861,8.68,1,3.76029,20,5.75,1.86,4.6,2.39,3.7,2.08,35,6.4,1.91,5.09,2.2,5.71,1.62,25,6.2,1.94,5.4,2.1,5.44,1.45,10,6.9,1.85,4.3,2.36,6.4,1.9,33,0.98,0.335,1.35,0.186,1.62,0.114
261,1,lonely,solitario,a,9,78,4.37,6504,8.78,2,4.54368,20,6.55,1.57,6.55,2.44,5.15,2.91,33,3.45,1.92,5.33,1.59,4.64,1.76,23,3.3,1.99,5.17,1.7,4.65,1.94,10,3.8,1.81,5.7,1.34,4.6,1.35,31,0.68,0.505,0.87,0.392,0.08,0.939
260,1,loneliness,solitudine,s,10,176,5.18,7843,8.97,1,1.56679,20,6.35,1.76,6.3,2.41,4.35,2.46,34,2.68,1.95,5.24,2.55,3.38,2.23,24,2.63,1.97,5.25,2.79,3,1.96,10,2.8,1.99,5.2,1.99,4.3,2.67,32,0.24,0.816,0.05,0.959,1.58,0.123
12,1,alone,solo,a,4,1341,7.2,91342,13.3,18,297.7940551,20,6.75,2.38,6.6,2.04,4.95,2.74,33,3.33,2.42,5.24,2.59,4.3,2.89,23,3.22,2.5,5.83,2.39,4,2.56,10,3.6,2.32,3.9,2.64,5,3.59,31,0.41,0.683,2.06,0.048,0.91,0.369
416,1,subdued,sommesso,a,8,19,3,1167,7.06,4,9.00902425,20,5.2,2.44,5.3,2.54,4.55,1.9,35,4.57,1.42,3.6,1.48,3.51,2.56,24,4.29,0.95,3.96,1.2,2.92,2.28,11,5.18,2.04,2.82,1.78,4.82,2.75,33,1.78,0.085,2.24,0.032,2.15,0.039
346,1,rattle,sonaglio,s,8,4,1.61,171,5.15,0,0,20,5.45,1.96,6.9,1.41,7,1.97,36,6,1.53,4.67,1.85,5.47,1.38,24,6.04,1.71,4.88,1.92,5.63,1.53,12,5.92,1.16,4.25,1.71,5.17,1.03,34,0.23,0.821,0.95,0.347,0.94,0.356
840,1,lavish,sontuoso,a,8,32,3.5,2455,7.81,4,1.33177,20,3.95,1.73,5.6,1.88,4.55,1.99,44,6.25,1.67,5.07,1.87,5.11,1.42,34,6.21,1.84,5.32,1.77,4.94,1.43,10,6.4,0.97,4.2,2.04,5.7,1.25,42,0.32,0.751,1.7,0.096,1.51,0.139
300,1,overwhelmed,sopraffatto,a,11,1,0.69,437,6.08,3,1.148975667,20,5.3,1.89,6.3,2.05,5.2,2.17,33,3.33,1.85,5.88,2.1,3.88,1.54,21,3,1.61,6.24,2.1,3.71,1.74,12,3.92,2.15,5.25,2.05,4.17,1.11,31,1.39,0.174,1.31,0.199,0.81,0.424
1019,1,treat,sorpresa,s,8,369,5.91,463,6.14,3,21.30831667,20,7.65,1.76,6.9,2.2,6.05,2.58,32,7.91,1.77,6.84,2.2,6,2.11,22,8.32,1.25,7.32,2.15,6.14,2.23,10,7,2.4,5.8,2.04,5.7,1.89,30,2.06,0.049,1.88,0.07,0.54,0.596
422,1,surprised,sorpreso,a,8,86,4.47,2670,7.89,3,46.58571667,20,6.7,1.53,6.7,2.43,4.75,2.67,33,7.12,1.47,6.18,1.86,5.82,2.26,23,7.35,1.53,6.7,1.61,6.04,2.14,10,6.6,1.26,5,1.94,5.3,2.54,31,1.36,0.185,2.61,0.014,0.87,0.393
773,1,grin,sorriso,s,7,309,5.74,14419,9.58,3,17.02576333,20,6.6,2.68,8.3,1.17,7.9,1.71,33,8.55,0.9,6.85,1.94,6.18,2.8,21,8.57,0.87,7.52,1.4,7,2.24,12,8.5,1,5.67,2.23,4.75,3.19,31,0.21,0.831,2.95,0.006,2.38,0.024
423,1,suspicious,sospettoso,a,10,10,2.4,1106,7.01,3,0.522262333,20,5.8,2.04,5.95,2.28,4.25,1.65,35,4.4,1.5,5.97,1.89,4.6,1.75,24,4.46,1.64,6.33,1.86,4.67,1.79,11,4.27,1.19,5.18,1.78,4.45,1.75,33,0.34,0.739,1.72,0.094,0.33,0.745
604,1,scared,spaventato,a,10,62,4.14,1497,7.31,4,4.70035375,20,6.4,1.7,7.45,1.5,4.95,2.37,36,2.47,1.54,6.53,2.42,3.69,2.36,26,2.38,1.44,6.81,2.26,3.46,2.44,10,2.7,1.83,5.8,2.78,4.3,2.16,34,0.54,0.589,1.12,0.269,0.95,0.348
163,1,fearful,spaventoso,a,10,38,3.66,4075,8.31,3,2.089048333,20,6.05,1.23,6.25,1.8,4.05,2.04,33,3.27,2.18,6.3,2.14,4.94,2.03,23,3.17,2.12,6,2.17,4.48,1.88,10,3.5,2.42,7,2,6,2.05,31,0.39,0.7,1.24,0.223,2.08,0.046
574,1,space,spazio,s,6,692,6.54,57037,10.95,2,1.410106,20,6.3,1.69,6.35,1.73,4.75,2.12,31,6.71,1.55,5.61,2.2,5.74,1.63,21,6.52,1.57,5.24,2.02,5.67,1.46,10,7.1,1.52,6.4,2.46,5.9,2.02,29,0.96,0.343,1.4,0.173,0.37,0.717
182,1,garbage,spazzatura,s,10,33,3.53,2290,7.74,0,0,20,6.7,2.15,8.15,0.99,7.8,1.7,33,2.24,1.41,5.3,2.1,4.97,1.98,23,2.09,1.38,5.52,2.17,5.04,2.14,10,2.6,1.51,4.8,1.93,4.8,1.62,31,0.96,0.346,0.91,0.372,0.32,0.751
-,0,mirror,specchio,s,8,138,4.93,6767,8.82,2,3.133575,20,7.95,1.57,8.7,0.73,8.55,1,33,5.94,1.34,5.73,1.77,5.15,1.54,23,5.91,1.41,5.96,1.87,5.04,1.72,10,6,1.25,5.2,1.48,5.4,1.07,31,0.17,0.868,1.13,0.266,0.6,0.55
63,1,carefree,spensierato,a,11,9,2.3,829,6.72,2,0.940072,20,5.8,2.07,6.25,2.12,4.85,2.41,34,7.53,2.06,4.09,2.82,6.35,1.76,24,7.46,2.26,4.54,3.02,6.42,1.95,10,7.7,1.57,3,2,6.2,1.23,32,0.31,0.761,1.48,0.149,0.32,0.749
794,1,hope,speranza,s,8,480,6.18,41619,10.64,1,40.4231,20,6.9,1.55,5.25,2.43,3.8,2.97,31,7.42,2,5.65,2.37,6.1,2.06,21,7.67,1.59,5,2.41,6.1,1.92,10,6.9,2.69,7,1.7,6.1,2.42,29,1,0.326,2.35,0.026,0.01,0.995
212,1,hopeful,speranzoso,a,10,10,2.4,408,6.01,2,1.0967485,20,5.85,2.35,5.75,2.84,5.35,2.52,33,7.24,1.75,5.36,2.56,5.45,2.32,23,7.43,1.41,5.78,2.47,5.48,2.41,10,6.8,2.39,4.4,2.63,5.4,2.22,31,0.96,0.346,1.45,0.157,0.09,0.931
34,1,beach,spiaggia,s,8,221,5.4,10136,9.22,0,0,20,8.25,1.33,8.25,1.33,8.05,1.54,33,8.03,1.05,5.18,2.87,6.12,1.87,22,8.09,1.19,5.45,2.94,5.86,1.83,11,7.91,0.7,4.64,2.77,6.64,1.91,31,0.47,0.645,0.77,0.448,1.13,0.269
-,0,stapler,spillatrice,s,11,0,0,5,1.79,0,0,20,7.05,2.42,8.65,0.67,8.15,1.76,44,4.95,0.61,5.02,1.09,5.52,1.25,34,4.88,0.59,5.03,0.9,5.32,1.25,10,5.2,0.63,5,1.63,6.2,1.03,42,1.47,0.149,0.07,0.941,2.02,0.05
436,1,thorn,spina,s,5,41,3.74,2901,7.97,6,1.775692333,20,7,1.81,7.8,1.44,8,1.34,35,2.91,1.69,6.54,1.79,4.26,1.8,25,2.96,1.77,6.4,1.76,4.44,2.02,10,2.8,1.55,6.9,1.91,3.8,1.03,33,0.25,0.804,0.74,0.463,0.95,0.351
406,1,spirit,spirito,s,7,324,5.78,25490,10.15,3,7.938396667,20,4.95,2.78,4.5,2.95,3.15,2.06,35,6.03,1.56,4.91,1.93,5.46,1.6,24,5.83,1.52,5.29,1.78,5.46,1.5,11,6.45,1.63,4.09,2.07,5.45,1.86,33,1.1,0.281,1.76,0.088,0.01,0.995
165,1,filth,sporcizia,s,9,12,2.56,654,6.48,0,0,20,6.6,2.16,7.8,1.96,7.7,1.72,33,2.21,1.32,5.82,2.26,5.09,2.32,23,1.96,1.11,6.13,2.14,5.09,2.33,10,2.8,1.62,5.1,2.47,5.1,2.42,31,1.74,0.091,1.21,0.234,0.01,0.988
725,1,dirt,sporco,a,6,99,4.61,8820,9.08,3,3.446931333,20,5.85,1.95,7.35,2.18,6.95,2.04,33,1.97,1.26,5.85,2.29,4.97,1.91,23,1.83,1.11,5.83,2.46,5.09,1.93,10,2.3,1.57,5.9,1.97,4.7,1.95,31,0.99,0.329,0.08,0.934,0.53,0.601
670,1,bride,sposa,s,5,91,4.52,1000,6.91,6,18.59253667,20,6.9,1.86,8.35,1.27,8.4,1.05,34,7.74,1.54,5.76,2.56,6.47,1.81,24,7.67,1.66,6.13,2.49,6.25,1.78,10,7.9,1.29,4.9,2.64,7,1.89,32,0.4,0.694,1.28,0.208,1.1,0.278
407,1,spouse,sposo,s,5,86,4.47,3284,8.1,5,16.607954,20,6.5,2.12,7.1,2.22,6.8,2.17,35,6.71,2.35,6.49,1.92,5.54,1.84,24,7.29,1.97,6.63,1.84,5.96,1.4,11,5.45,2.7,6.18,2.14,4.64,2.38,33,2.28,0.029,0.63,0.533,2.07,0.046
992,1,spray,spray,s,5,12,2.56,841,6.74,0,0,20,7.9,1.25,8.05,1.15,8.35,0.81,35,5.2,1.68,4.6,1.83,5.71,1.53,25,5.28,1.88,4.84,1.89,5.68,1.63,10,5,1.05,4,1.63,5.8,1.32,33,0.44,0.662,1.23,0.226,0.21,0.837
376,1,scornful,sprezzante,a,10,17,2.89,1298,7.17,1,0.940072,20,5.35,2.11,4.8,2.48,3.4,2.01,33,4.03,2.52,5.76,1.54,5.67,2.01,22,3.18,1.82,5.68,1.29,5.45,2.13,11,5.73,2.94,5.91,2.02,6.09,1.76,31,3.08,0.004,0.39,0.696,0.85,0.4
606,1,shark,squalo,s,6,16,2.83,1254,7.13,1,3.13357,20,5.4,2.76,8.35,1.27,7.65,2.3,36,3.17,2.08,7.03,2.17,3.56,2.37,26,3.12,2.07,7.08,2.24,3.5,2.57,10,3.3,2.21,6.9,2.08,3.7,1.89,34,0.24,0.815,0.22,0.83,0.22,0.824
994,1,stagnant,stagnante,a,9,7,2.08,607,6.41,1,0.313357,20,3.6,1.79,4.35,2.48,4.4,2.33,36,3.22,1.51,5.78,1.82,4.83,1.63,24,3,1.32,5.71,1.85,4.63,1.38,12,3.67,1.83,5.92,1.83,5.25,2.05,34,1.26,0.218,0.32,0.752,1.09,0.285
708,1,crutch,stampella,s,9,13,2.64,802,6.69,1,2.50686,20,6.65,1.9,8,1.65,8.1,1.65,34,3.71,1.57,5.29,1.73,4.44,1.64,24,3.5,1.67,5.83,1.34,4.33,1.9,10,4.2,1.23,4,1.94,4.7,0.67,32,1.16,0.255,2.89,0.007,0.48,0.637
882,1,mold,stampo,s,6,57,4.06,3224,8.08,6,28.41106283,20,4.7,2.05,5.5,2.52,6.1,2.34,36,5.22,1.24,4.58,1.34,4.89,1.14,26,5.23,1.42,4.73,1.31,4.81,1.3,10,5.2,0.63,4.2,1.4,5.1,0.57,34,0.07,0.948,1.07,0.293,0.68,0.499
490,1,weary,stanco,a,6,154,5.04,12633,9.44,5,42.679198,20,7.45,1.64,7.4,1.47,5.05,2.82,36,2.97,1.44,5.33,2.52,3.94,2.28,26,2.69,1.46,5.73,2.62,3.42,2.18,10,3.7,1.16,4.3,2,5.3,2.06,34,1.95,0.06,1.56,0.129,2.35,0.025
995,1,statue,statua,s,6,102,4.63,6159,8.73,2,8.46063,20,7.35,2.16,8.3,1.17,8.3,1.38,32,6.5,1.39,4.88,2.31,6.06,1.72,22,6.5,1.47,4.95,2.15,5.95,1.84,10,6.5,1.27,4.7,2.75,6.3,1.49,30,0,1,0.28,0.778,0.52,0.607
409,1,star,stella,s,6,261,5.57,14644,9.59,4,15.43286675,20,8,1.49,8.3,1.38,7.85,1.84,33,7.55,1.6,5.76,2.25,5.67,1.55,23,7.83,1.56,6.22,2.21,5.52,1.65,10,6.9,1.6,4.7,2.06,6,1.33,31,1.56,0.129,1.85,0.074,0.81,0.425
998,1,stomach,stomaco,s,7,78,4.37,2749,7.92,2,0.313357,20,7.55,1.39,7.65,1.98,8.05,1.36,34,4.59,1.35,5.12,1.7,4.68,1.47,24,4.33,1.37,5.21,1.69,4.58,1.56,10,5.2,1.14,4.9,1.79,4.9,1.29,32,1.76,0.088,0.48,0.637,0.57,0.575
208,1,history,storia,s,6,1662,7.42,173783,12.07,3,27.26208233,20,7.25,1.52,5.8,2.33,3.6,2.3,44,6.14,1.96,5.25,2.38,5.86,1.66,34,6.12,1.98,5.68,2.24,5.76,1.63,10,6.2,1.99,3.8,2.39,6.2,1.81,42,0.12,0.909,2.29,0.027,0.72,0.474
412,1,street,strada,s,6,1293,7.17,116658,11.67,4,36.03610725,20,8.1,1.45,8.35,1.18,8.35,1.04,33,4.85,1.42,5.36,1.95,4.61,1.62,22,5.23,1.34,5.5,2.11,4.91,1.72,11,4.09,1.3,5.09,1.64,4,1.26,31,2.32,0.027,0.56,0.578,1.55,0.13
916,1,odd,strano,a,6,412,6.02,25978,10.17,7,13.34008243,20,7.45,1.43,6.2,3,2.85,2.35,33,5.21,1.52,5.3,1.79,5.09,1.51,23,5.04,1.69,5.35,1.85,5.09,1.7,10,5.6,0.97,5.2,1.75,5.1,0.99,31,0.97,0.34,0.21,0.832,0.02,0.982
413,1,stress,stress,s,6,81,4.41,4665,8.45,2,1.096751,20,7.7,1.45,6.85,2.41,5.2,2.61,33,1.79,1.17,7.79,1.67,3.94,2.81,23,1.61,1.03,8.17,1.19,3.83,2.84,10,2.2,1.4,6.9,2.28,4.2,2.86,31,1.36,0.185,2.12,0.042,0.35,0.731
127,1,distressed,stressato,a,9,10,2.4,397,5.99,2,1.096751,20,5.65,2.35,5.6,2.62,3.9,2.17,36,1.81,1.17,6.78,1.82,2.75,1.96,26,1.46,0.9,6.77,1.88,2.54,1.86,10,2.7,1.34,6.8,1.75,3.3,2.21,34,3.21,0.003,0.04,0.965,1.04,0.304
980,1,shriek,strillo,s,7,3,1.39,270,5.6,2,0.7833935,20,7.05,1.93,7.6,1.79,6.6,2.33,33,2.94,1.46,6.48,1.66,5.18,1.76,22,3.09,1.38,6.59,1.33,4.91,1.74,11,2.64,1.63,6.27,2.24,5.73,1.74,31,0.84,0.407,0.51,0.612,1.27,0.213
649,1,banner,striscione,s,10,51,3.95,6417,8.77,1,7.52058,20,6.95,1.57,8.25,1.07,8.55,0.76,33,6.21,1.34,5.3,2.02,6.09,1.47,23,6.26,1.45,5.52,2.29,6.26,1.54,10,6.1,1.1,4.8,1.14,5.7,1.25,31,0.31,0.757,0.94,0.354,1.01,0.32
861,1,mangle,stritolare,v,10,6,1.95,815,6.7,0,0,20,5.75,2.63,6.25,2.38,5.3,2.47,34,4.71,1.77,5.5,1.56,5.47,1.46,24,4.63,1.76,5.42,1.44,5.46,1.5,10,4.9,1.85,5.7,1.89,5.5,1.43,32,0.41,0.686,0.48,0.637,0.07,0.941
374,1,scholar,studioso,a/s,8,126,4.84,13535,9.51,2,13.944385,20,7.2,2.35,7.2,1.82,6.55,1.96,35,7.11,1.95,6.09,2.48,6.49,2.01,24,7.54,1.67,6.46,2.45,6.71,1.94,11,6.18,2.27,5.27,2.45,6,2.14,33,2,0.054,1.33,0.193,0.97,0.34
1001,1,stove,stufa,s,5,20,3.04,460,6.13,6,1.410106833,20,8.2,1.24,8.45,1.15,8.4,1.14,34,6.97,1.42,4.47,2.12,5.76,1.46,24,6.92,1.53,4.92,2.06,5.88,1.42,10,7.1,1.2,3.4,1.96,5.5,1.58,32,0.34,0.738,1.98,0.056,0.68,0.503
410,1,startled,stupefatto,a,10,10,2.4,274,5.62,2,1.096751,20,5.85,2.18,5.6,2.23,4.85,2.35,36,6.92,1.5,6.33,1.97,5.81,1.83,24,7.21,1.32,6.54,1.67,6.08,1.25,12,6.33,1.72,5.92,2.5,5.25,2.63,34,1.69,0.1,0.89,0.377,1.3,0.203
415,1,stupid,stupido,a,7,71,4.28,3906,8.27,4,6.34549,20,6.35,2.01,5.5,2.16,5.05,2.33,33,2.94,1.37,5.58,1.85,4.67,1.87,22,2.86,1.25,5.77,1.63,4.55,1.71,11,3.09,1.64,5.18,2.27,4.91,2.21,31,0.44,0.66,0.86,0.397,0.52,0.605
28,1,astonished,stupito,a,7,52,3.97,2178,7.69,4,5.40542375,20,6.85,1.35,6.65,2.5,3.9,2.38,33,6.03,1.85,6.06,2.09,5.42,1.77,23,6.35,2.01,6.35,2.14,5.65,1.9,10,5.3,1.16,5.4,1.9,4.9,1.37,31,1.53,0.136,1.21,0.237,1.13,0.268
344,1,rape,stupro,s,6,58,4.08,3921,8.27,2,2.0368235,20,4.4,2.84,6.9,1.74,6.5,2.01,44,1.18,0.69,7.5,1.96,3.89,2.9,34,1.06,0.24,7.79,1.68,3.47,2.96,10,1.6,1.35,6.5,2.55,5.3,2.31,42,2.28,0.028,1.89,0.066,1.8,0.08
417,1,success,successo,s,8,774,6.65,75382,11.23,3,12.74321,20,5.85,1.57,5.15,1.87,4.2,1.94,33,7.85,1.42,7.06,1.82,6.52,1.97,21,7.81,1.44,7.19,1.78,6.76,2.19,12,7.92,1.44,6.83,1.95,6.08,1.51,31,0.21,0.838,0.54,0.595,0.95,0.349
772,1,grime,sudiciume,s,9,3,1.39,48,3.89,0,0,20,4.35,1.39,5.4,1.93,5.95,1.5,36,1.97,1.4,6.61,1.78,4.36,1.96,24,1.71,1.04,6.42,1.86,4,1.72,12,2.5,1.88,7,1.6,5.08,2.27,34,1.63,0.112,0.93,0.361,1.6,0.119
699,1,cork,sughero,s,7,6,1.95,203,5.32,0,0,20,6.7,1.87,7.85,1.5,7.6,1.79,34,4.85,1.02,4.41,1.71,5.44,1.65,24,4.79,1.1,4.5,1.67,5.46,1.64,10,5,0.82,4.2,1.87,5.4,1.78,32,0.5,0.621,0.16,0.875,0.01,0.995
419,1,suicide,suicidio,s,8,102,4.63,11021,9.31,0,0,20,5.35,2.64,6.5,2.48,6.15,2.62,33,1.61,1.34,7.09,2.07,4.06,2.59,23,1.61,1.41,7.09,2.09,4.22,2.49,10,1.6,1.26,7.1,2.13,3.7,2.91,31,0.02,0.987,0.02,0.987,0.52,0.605
909,1,nun,suora,s,5,86,4.47,4207,8.34,6,7.259449,20,6.45,2.61,8.25,1.52,8.15,1.53,34,5.35,1.47,4.74,1.66,4.94,1.32,24,5.29,1.49,5.17,1.49,4.83,1.31,10,5.5,1.51,3.7,1.64,5.2,1.4,32,0.37,0.714,2.54,0.016,0.73,0.47
892,1,naked,svestito,a,8,1,0.69,4,1.61,1,0.313357,20,6.7,2.64,7.7,1.22,6.85,2.32,32,4.97,2.07,5.59,2.17,5.03,1.77,22,4.73,2.19,5.86,2.03,4.59,1.65,10,5.5,1.78,5,2.45,6,1.7,30,0.98,0.336,1.05,0.304,2.22,0.034
441,1,tobacco,tabacco,s,7,26,3.3,3449,8.15,2,2.036821,20,7.35,1.66,8,1.38,8.1,1.45,33,5.06,3.09,4.73,2.35,4.48,2.45,23,5.09,3.09,5.13,2.3,4.65,2.66,10,5,3.27,3.8,2.3,4.1,1.97,31,0.07,0.942,1.53,0.137,0.59,0.56
-,0,chopping_board,tagliere,s,8,3,1.39,14,2.71,5,9.8394172,20,6.8,1.88,7.3,2,7.65,2.11,33,4.55,1.64,5.12,1.29,4.79,1.22,23,4.13,1.25,5.39,1.03,4.61,1.12,10,5.5,2.07,4.5,1.65,5.2,1.4,31,2.35,0.025,1.89,0.068,1.29,0.205
711,1,cut,taglio,s,6,174,5.16,27082,10.21,8,4.34783425,20,7,1.81,7.55,1.93,7.25,2.22,34,3.82,1.87,5.82,1.9,4.79,1.82,24,3.83,2.08,5.83,1.9,4.96,1.71,10,3.8,1.32,5.8,1.99,4.4,2.12,32,0.05,0.963,0.05,0.964,0.81,0.424
427,1,talent,talento,s,7,141,4.96,10640,9.27,2,7.677245,20,6.6,1.93,6.2,1.96,4.45,2.14,34,7.15,2.03,6.12,2.56,6.59,1.94,24,7.42,2.04,6.21,2.75,6.67,1.86,10,6.5,1.96,5.9,2.13,6.4,2.22,32,1.21,0.236,0.32,0.754,0.36,0.721
-,0,carpet,tappeto,s,7,106,4.67,6992,8.85,1,13.4744,20,7.05,2.09,8.1,1.25,7.8,1.61,33,5.61,1.75,4.76,1.46,5.03,1.13,23,5.52,1.5,4.74,1.25,4.91,1.28,10,5.8,2.3,4.8,1.93,5.3,0.67,31,0.41,0.681,0.11,0.914,0.9,0.375
426,1,table,tavolo,s,6,390,5.97,28428,10.26,4,23.345115,20,8.05,1.39,8.6,0.68,8.6,0.88,33,5.82,1.21,4.06,1.8,5.76,1.41,21,5.81,1.29,4.1,1.92,5.67,1.24,12,5.83,1.11,4,1.65,5.92,1.73,31,0.05,0.958,0.14,0.887,0.48,0.633
1008,1,taxi,taxi,s,4,65,4.19,3066,8.03,6,12.42984283,20,7.25,1.97,8.3,1.3,8.05,1.57,35,5.4,1.5,4.86,1.75,5.23,1.4,24,5.54,1.61,4.75,1.89,5.29,1.23,11,5.09,1.22,5.09,1.45,5.09,1.76,33,0.82,0.417,0.53,0.6,0.39,0.699
-,0,baking_pan,teglia,s,6,8,2.2,24,3.22,2,12.690975,20,8.1,1.33,8.2,1.32,8.1,1.94,34,5.85,1.54,5.09,2.09,5.41,1.33,24,6.25,1.54,5.33,2.18,5.42,1.5,10,4.9,1.1,4.5,1.84,5.4,0.84,32,2.51,0.017,1.06,0.297,0.03,0.974
-,0,pencil_sharpener,temperino,s,9,5,1.79,118,4.78,1,0.313357,20,8.65,0.99,8.85,0.67,8,1.41,33,5.09,1.04,5.27,1.74,4.52,1.75,23,5,1.17,5.22,1.2,4.61,1.75,10,5.3,0.67,5.4,2.67,4.3,1.83,31,0.76,0.456,0.27,0.786,0.46,0.649
1000,1,storm,tempesta,s,8,77,4.36,9309,9.14,2,1.5667885,20,6.65,2.13,7.8,1.94,7.15,1.63,33,4.3,2.23,5.73,2.05,4.39,2.06,22,3.73,2.19,6.05,1.76,4.36,2.3,11,5.45,1.92,5.09,2.51,4.45,1.57,31,2.22,0.034,1.27,0.213,0.12,0.907
439,1,time,tempo,s,5,3598,8.19,359361,12.79,2,133.960536,20,7.55,1.47,4.8,2.82,2.95,2.04,36,5.36,1.96,5.78,2.28,4.28,2.29,26,5.5,2.04,6.15,1.93,3.81,2.37,10,5,1.76,4.8,2.9,5.5,1.58,34,0.68,0.501,1.63,0.112,2.08,0.045
710,1,curtains,tenda,s,5,85,4.45,3401,8.13,8,10.4583005,20,7.25,2.31,8.45,0.89,8.4,0.99,44,5.75,1.46,4.39,1.59,5.18,1.02,34,5.65,1.52,4.59,1.67,5.15,1.05,10,6.1,1.29,3.7,1.06,5.3,0.95,42,0.86,0.396,1.58,0.121,0.41,0.681
1011,1,tender,tenero,a,6,94,4.55,4489,8.41,6,20.26376783,20,7.35,1.69,7.1,2,5.3,2.25,34,7.35,1.39,4.44,2.34,6,1.58,24,7.46,1.25,5,2.34,6.21,1.56,10,7.1,1.73,3.1,1.79,5.5,1.58,32,0.68,0.502,2.29,0.028,1.2,0.238
540,1,tennis,tennis,s,6,152,5.03,8217,9.01,1,9.40072,20,5.9,1.86,7.35,1.46,6.2,2.46,36,6.17,2.01,5.83,1.96,5.42,1.71,24,5.63,2,5.83,1.76,5.75,1.51,12,7.25,1.6,5.83,2.41,4.75,1.96,34,2.45,0.02,0,1,1.69,0.099
434,1,theory,teoria,s,6,230,5.44,14292,9.57,1,15.3545,20,6.65,1.84,5.5,2.93,4.9,2.75,33,5.61,1.6,5.85,1.56,5.39,2.01,23,5.78,1.68,5.91,1.62,5.52,2.06,10,5.2,1.4,5.7,1.49,5.1,1.97,31,0.96,0.344,0.35,0.725,0.55,0.589
429,1,termite,termite,s,7,4,1.61,68,4.23,2,61.8878575,20,4.2,2.69,4.9,2.99,5.6,2.68,31,3.61,1.86,6.06,1.88,4.55,2.05,21,3.76,1.79,5.71,1.82,4.05,1.6,10,3.3,2.06,6.8,1.87,5.6,2.55,29,0.64,0.526,1.54,0.135,2.08,0.046
1012,1,thermometer,termometro,s,10,18,2.94,1826,7.51,0,0,20,7.8,1.36,7.85,1.27,8.15,0.99,33,3.67,1.49,4.88,1.78,4.3,1.51,23,3.43,1.5,5.26,1.79,4.04,1.3,10,4.2,1.4,4,1.49,4.9,1.85,31,1.37,0.18,1.95,0.06,1.53,0.137
134,1,earth,terra,s,5,933,6.84,52084,10.86,13,11.08803331,20,7.35,1.93,8.1,1.29,7.55,1.73,34,6.76,1.74,5.35,2.46,5.82,2.28,24,6.71,1.68,5.54,2.48,5.88,2.13,10,6.9,1.97,4.9,2.47,5.7,2.71,32,0.29,0.775,0.69,0.497,0.2,0.842
-,0,terrace,terrazzo,s,8,57,4.06,656,6.49,4,3.13357425,20,7.6,1.64,8.15,1.57,8.35,1.09,34,6.44,1.35,4.91,2.14,6.09,1.5,24,6.42,1.38,5.25,1.78,5.75,1.42,10,6.5,1.35,4.1,2.77,6.9,1.45,32,0.56,0.579,0.76,0.453,1.94,0.062
430,1,terrible,terrificante,a,12,22,3.14,1000,6.91,1,2.82022,20,5.85,2.03,6,1.89,5.05,2.26,34,1.91,1.11,6.47,1.99,3.65,1.63,24,1.88,1.15,6.33,2.04,3.54,1.64,10,2,1.05,6.8,1.93,3.9,1.66,32,0.29,0.77,0.62,0.541,0.58,0.567
614,1,terrorist,terrorista,s,10,61,4.13,16920,9.74,2,7.3638785,20,4.95,2.68,7.8,1.7,7.75,2.07,34,1.62,1.04,7.53,1.71,3.47,2.46,24,1.46,0.93,7.5,1.87,3.75,2.72,10,2,1.25,7.6,1.35,2.8,1.62,32,1.4,0.172,0.15,0.879,1.02,0.313
432,1,terrified,terrorizzato,a,12,45,3.83,213,5.37,4,2.663538,20,6.05,1.82,7.1,1.59,4.75,2.36,44,1.7,1,7.66,1.52,3.61,2.54,34,1.62,0.95,7.53,1.64,3.5,2.58,10,2,1.15,8.1,0.99,4,2.45,42,1.06,0.294,1.04,0.304,0.54,0.59
997,1,stiff,teso,a,4,99,4.61,5910,8.68,11,30.53810564,20,6.3,1.87,5.9,2,4.65,2.13,31,3.23,1.38,6.03,2.37,4.23,2.23,21,3,1.38,6.29,2.19,3.76,2.1,10,3.7,1.34,5.5,2.76,5.2,2.3,29,1.33,0.193,0.86,0.398,1.73,0.094
449,1,treasure,tesoro,s,6,191,5.26,47760,10.77,1,6.89386,20,6.45,2.01,7.35,1.66,5.6,2.5,33,7.88,1.24,5.67,2.17,6.27,1.55,22,7.91,1.27,5.77,2.18,6.5,1.54,11,7.82,1.25,5.45,2.25,5.82,1.54,31,0.19,0.847,0.39,0.699,1.2,0.238
742,1,fabric,tessuto,s,7,163,5.1,6602,8.8,3,6.893871333,20,7.7,1.59,7.4,2.04,7.55,2.01,33,5.55,1.56,4.67,1.69,5.33,1.63,22,5.59,1.59,4.82,1.89,5.27,1.78,11,5.45,1.57,4.36,1.21,5.45,1.37,31,0.23,0.817,0.72,0.475,0.3,0.768
-,0,head,testa,s,5,957,6.86,71455,11.18,22,22.39079318,20,8.4,1.35,8.3,1.17,8.25,1.33,32,6.34,1.43,5.09,2.58,5.81,1.75,22,6.59,1.53,5.77,2.35,5.73,1.88,10,5.8,1.03,3.6,2.55,6,1.49,30,1.48,0.149,2.36,0.025,0.4,0.69
731,1,dreary,tetro,a,5,14,2.71,965,6.87,9,15.25006289,20,4.95,2.31,5.95,1.39,4.8,1.64,34,3.06,1.65,5.85,1.88,3.88,1.55,24,2.96,1.33,6.04,1.78,3.42,1.47,10,3.3,2.31,5.4,2.12,5,1.15,32,0.54,0.59,0.91,0.372,3.03,0.005
-,0,roof,tetto,s,5,154,5.04,16120,9.69,17,135.8863136,20,7.9,1.45,8.15,1.73,8.35,1.23,33,6.15,1.68,4.76,2,5.55,1.54,23,6.13,1.74,4.87,2.16,5.7,1.69,10,6.2,1.62,4.5,1.65,5.2,1.14,31,0.11,0.915,0.48,0.633,0.84,0.405
-,0,tiger,tigre,s,5,34,3.56,2786,7.93,2,2.1935,20,5.95,2.06,8.1,1.94,8.15,1.27,36,5.22,2.03,6.78,2.37,4.58,2.57,26,5.19,2.08,7.19,2,4.73,2.76,10,5.3,2,5.7,2.98,4.2,2.04,34,0.14,0.889,1.74,0.09,0.55,0.586
440,1,timid,timido,a,6,83,4.43,5866,8.68,3,3.86474,20,7.7,1.53,7.05,1.79,4.7,2.81,35,3.94,1.86,4.89,2.26,4.51,1.98,25,4.16,1.8,4.8,2.06,4.52,1.96,10,3.4,2.01,5.1,2.81,4.5,2.12,33,1.09,0.282,0.35,0.728,0.03,0.979
442,1,tomb,tomba,s,5,99,4.61,7517,8.93,4,12.53430175,20,6,2.36,7.95,1.32,7.7,1.42,33,2.39,1.97,6.27,2.17,3.48,1.75,23,2.35,2.1,6.09,2.29,3.43,1.62,10,2.5,1.72,6.7,1.89,3.6,2.12,31,0.2,0.842,0.74,0.464,0.25,0.808
-,0,mouse,topo,s,4,69,4.25,3441,8.14,12,164.4603424,20,6.25,1.94,8.2,1.28,7.9,1.68,33,3.61,2.4,5.94,2.28,4.73,2.2,23,3.17,2.33,6.3,2.24,4.48,2.13,10,4.6,2.37,5.1,2.23,5.3,2.36,31,1.61,0.118,1.42,0.166,0.99,0.331
444,1,tornado,tornado,s,7,4,1.61,607,6.41,3,28.20217167,20,5.05,2.19,7.65,2.01,6.7,2.34,35,3.37,1.8,6.97,2.04,4.51,2.68,25,3.2,1.91,7.08,1.98,4.88,2.89,10,3.8,1.48,6.7,2.26,3.6,1.9,33,0.89,0.381,0.49,0.625,1.29,0.207
1016,1,tower,torre,s,5,64,4.17,6735,8.82,10,9.8707642,20,6.6,2.46,8.2,1.51,7.95,1.64,31,5.48,1.79,5.1,1.94,5.42,1.71,21,5.52,1.33,4.86,1.85,5.19,1.89,10,5.4,2.59,5.6,2.12,5.9,1.2,29,0.18,0.86,1,0.327,1.08,0.287
59,1,cake,torta,s,5,67,4.22,3105,8.04,16,36.60405788,20,7.85,1.6,8.5,0.95,8.25,1.29,35,7.66,1.47,5.06,2.6,5.49,2.09,25,8,1.35,5.72,2.59,5.52,2.14,10,6.8,1.48,3.4,1.84,5.4,2.07,33,2.31,0.027,2.57,0.015,0.15,0.881
445,1,torture,tortura,s,7,47,3.87,4180,8.34,2,3.60361,20,3.8,1.85,5.5,2.52,5.6,2.01,35,1.63,1.21,7.49,1.62,3.26,2.39,24,1.42,0.93,7.79,1.32,3.13,2.4,11,2.09,1.64,6.82,2.04,3.55,2.46,33,1.56,0.129,1.7,0.098,0.48,0.636
446,1,toxic,tossico,a,7,21,3.09,3587,8.19,2,2.3501825,20,5.6,2.41,6.2,2.65,5.85,2.16,33,2.55,2.18,5.27,2.28,4.55,2.54,22,2,1.85,5.27,2.6,4.5,2.86,11,3.64,2.46,5.27,1.56,4.64,1.86,31,2.14,0.04,0,1,0.14,0.887
37,1,betray,tradire,v,7,189,5.25,12429,9.43,3,2.089049,20,5.55,2.28,5.7,3.11,4.85,3.25,33,2.09,1.76,6.82,2.05,4.52,2.09,23,1.78,1.73,7.3,1.79,4.35,2.33,10,2.8,1.69,5.7,2.26,4.9,1.45,31,1.56,0.128,2.18,0.037,0.69,0.495
448,1,traitor,traditore,s,9,26,3.3,3152,8.06,2,2.0368235,20,4.8,2.73,5.35,2.72,5.9,2.13,35,1.97,1.2,5.31,2.07,6.43,2.27,25,1.72,1.1,5.44,2,6.44,2.29,10,2.6,1.26,5,2.31,6.4,2.32,33,2.05,0.048,0.56,0.577,0.05,0.963
447,1,tragedy,tragedia,s,8,188,5.24,23965,10.08,1,9.40072,20,6.8,1.77,7.05,1.9,5.65,2.35,34,2.44,1.86,6.47,2.42,3.68,1.92,24,2.5,2.06,6.63,2.45,3.71,2.01,10,2.3,1.34,6.1,2.42,3.6,1.78,32,0.28,0.78,0.57,0.572,0.15,0.883
-,0,tram,tram,s,4,27,3.33,1815,7.5,5,6.893857,20,6.65,2.41,8.65,0.75,8.4,1.1,33,4.91,1.44,5.18,1.84,4.76,1.7,21,5.05,1.24,5.29,1.65,4.9,1.37,12,4.67,1.78,5,2.22,4.5,2.2,31,0.72,0.475,0.42,0.676,0.65,0.518
421,1,sunset,tramonto,s,8,68,4.23,4985,8.51,3,1.880142333,20,8.45,1.05,8.45,0.89,7.35,2.54,34,7.91,1.5,4.29,2.86,5.76,2.09,24,7.92,1.74,4.33,3.16,6,2.25,10,7.9,0.74,4.2,2.1,5.2,1.62,32,0.03,0.977,0.12,0.904,1.02,0.316
531,1,skijump,trampolino,s,10,12,2.56,1034,6.94,0,0,20,6.95,2.11,7.9,1.21,8.05,1.15,33,4.76,2.19,6.06,2.16,5.15,2.17,23,4.48,2.37,6.13,2.18,4.96,2.33,10,5.4,1.65,5.9,2.23,5.6,1.78,31,1.11,0.274,0.28,0.784,0.78,0.442
253,1,leisurely,tranquillo,a,10,306,5.73,25241,10.14,3,18.27919333,20,6.95,1.99,6.1,2.29,4.4,2.48,33,8.12,1.14,4.18,2.64,6.76,1.84,22,7.82,1.26,4.91,2.78,6.5,1.97,11,8.73,0.47,2.73,1.62,7.27,1.49,31,2.3,0.028,2.4,0.023,1.14,0.261
616,1,trauma,trauma,s,6,66,4.2,5079,8.53,1,7.83394,20,6.8,1.61,6.45,1.79,4.8,2.5,34,2.03,1.68,6.5,2.33,3.12,1.51,24,1.79,1.69,6.5,2.54,3.08,1.67,10,2.6,1.58,6.5,1.84,3.2,1.14,32,1.29,0.205,0,1,0.2,0.841
-,0,train,treno,s,5,230,5.44,22043,10,6,9.452951167,20,7.8,1.88,8.25,1.89,8.35,1.6,36,5.39,2.22,5.25,2.33,5.06,2.04,26,5.42,2.21,5.65,2.33,5.23,2.25,10,5.3,2.36,4.2,2.1,4.6,1.35,34,0.15,0.884,1.72,0.095,0.83,0.414
452,1,triumphant,trionfante,a,10,21,3.09,1321,7.19,1,1.56679,20,5.95,1.47,6.2,1.77,4.85,1.69,33,7.48,1.39,6.27,2.23,6.64,1.78,22,7.82,1.33,6.45,2.58,6.91,1.93,11,6.82,1.33,5.91,1.3,6.09,1.38,31,2.03,0.051,0.66,0.516,1.25,0.219
451,1,triumph,trionfo,s,7,98,4.6,11345,9.34,3,3.342476667,20,5.15,2.21,5.75,1.92,4.8,2.21,34,8,1.23,6.85,2.13,6.41,2.48,24,8,1.18,7.08,1.91,5.96,2.61,10,8,1.41,6.3,2.63,7.5,1.78,32,0,1,0.97,0.337,1.7,0.099
368,1,sad,triste,a,6,171,5.15,10228,9.23,3,3.133574667,20,6.35,2.23,6.55,1.82,5.15,1.84,31,2.03,1.45,6.23,2.19,3.68,2.2,21,1.57,0.98,6.33,2.42,3,1.73,10,3,1.83,6,1.7,5.1,2.47,29,2.86,0.008,0.39,0.699,2.75,0.01
453,1,trophy,trofeo,s,6,34,3.56,2439,7.8,1,3.13357,20,6.2,2.07,7.15,2.03,7.05,1.99,33,7.24,1.5,6.24,2.05,6.55,1.62,22,7.55,1.44,6.55,2.22,6.68,1.78,11,6.64,1.5,5.64,1.57,6.27,1.27,31,1.69,0.102,1.21,0.235,0.68,0.503
456,1,trumpet,tromba,s,6,27,3.33,2245,7.72,1,3.44693,20,5.85,2.13,8,1.21,8.2,1.15,35,5.43,1.88,5.03,2.19,5.49,1.74,25,5.32,2.12,5.48,2.14,5.64,1.7,10,5.7,1.16,3.9,1.97,5.1,1.85,33,0.53,0.597,2.01,0.052,0.83,0.415
1020,1,trunk,tronco,s,6,37,3.64,1895,7.55,3,1.044525667,20,7.25,1.68,8.25,1.16,8.65,0.67,44,5.09,1.52,4.7,1.87,5.05,1.48,34,5.12,1.57,4.88,1.82,5,1.6,10,5,1.41,4.1,2.02,5.2,1.03,42,0.21,0.833,1.16,0.251,0.37,0.711
171,1,fraud,truffa,s,6,63,4.16,8424,9.04,1,4.70036,20,5.95,2.09,6.05,2.39,5.1,2.38,32,2.13,1.81,7.25,2.08,4.31,2.68,22,1.82,1.18,7.45,1.84,3.68,2.21,10,2.8,2.7,6.8,2.57,5.7,3.2,30,1.45,0.158,0.82,0.418,2.08,0.047
-,0,t-shirt,t-shirt,s,7,1,0.69,711,6.57,0,0,20,8.7,0.66,8.85,0.49,8.8,0.41,31,7,1.63,5.03,1.85,5.9,1.4,21,6.81,1.66,4.43,1.63,5.52,1.08,10,7.4,1.58,6.3,1.7,6.7,1.7,29,0.94,0.355,2.95,0.006,2.35,0.026
510,1,diver,tuffatore,s,9,1,0.69,143,4.97,0,0,20,6,1.78,8.55,0.69,7.75,1.59,33,5.39,2.61,5.85,2.33,5.42,1.85,23,4.91,2.76,6.09,2.33,5.26,2,10,6.5,1.9,5.3,2.36,5.8,1.48,31,1.65,0.109,0.89,0.382,0.76,0.452
459,1,tumor,tumore,s,6,58,4.08,6239,8.74,4,23.65849,20,5.75,2.57,6.2,2.4,6.15,2.56,32,1.72,1.59,6.66,2.6,5.25,3.26,22,1.5,1.22,6.41,2.79,5.14,3.2,10,2.2,2.2,7.2,2.15,5.5,3.57,30,1.16,0.255,0.79,0.434,0.29,0.775
465,1,upset,turbato,a,7,25,3.26,458,6.13,5,1.8174738,20,6.45,1.23,5.85,2.11,4.25,2.38,33,2.76,1.8,5.97,1.74,4.48,1.54,22,2.86,2.01,6,1.6,4.32,1.67,11,2.55,1.37,5.91,2.07,4.82,1.25,31,0.47,0.64,0.14,0.89,0.87,0.389
38,1,bird,uccello,s,7,146,4.99,3155,8.06,2,14.7277785,20,6.95,1.96,8.55,1,7.95,1.85,33,6.33,1.83,4.82,2.01,5.33,1.67,23,6.13,1.91,5.3,1.82,4.91,1.56,10,6.8,1.62,3.7,2.06,6.3,1.57,31,0.96,0.342,2.24,0.032,2.34,0.026
568,1,office,ufficio,s,7,704,6.56,76565,11.25,2,0.313357,20,7,1.75,7.9,1.37,7.3,2.05,36,4.83,1.46,5.11,2.16,4.83,1.93,24,4.83,1.69,5.5,2.19,4.96,1.99,12,4.83,0.94,4.33,1.97,4.58,1.88,34,0,1,1.56,0.129,0.54,0.591
461,1,ulcer,ulcera,s,6,1,0.69,543,6.3,0,0,20,5.1,1.94,5.6,2.44,5.6,2.41,35,2.11,1.73,5.6,2.33,4.51,1.99,25,2.08,1.91,5.44,2.42,4.6,1.96,10,2.2,1.23,6,2.16,4.3,2.16,33,0.18,0.856,0.64,0.529,0.4,0.693
-,0,olive_tree,ulivo,s,5,14,2.71,21483,9.98,3,1.671238333,20,7.75,1.74,8.65,0.59,8.7,0.66,35,5.91,1.36,3.91,1.93,5.31,1.49,25,5.92,1.29,4.2,1.98,5.44,1.58,10,5.9,1.6,3.2,1.69,5,1.25,33,0.04,0.969,1.4,0.17,0.78,0.438
796,1,humane,umano,a,5,531,6.28,48033,10.78,6,25.01637167,20,7.85,1.98,8.3,1.38,8.1,1.55,34,6.44,1.81,6.06,1.69,6,1.35,24,6.54,1.84,6.21,1.59,6.17,1.34,10,6.2,1.81,5.7,1.95,5.6,1.35,32,0.5,0.624,0.8,0.432,1.12,0.271
219,1,humble,umile,a,5,45,3.83,2789,7.93,6,15.45895983,20,7.05,1.67,6.8,1.58,4.6,1.96,31,7.13,1.96,5.39,1.93,5.68,2.09,21,7.24,2.12,5.24,1.95,5.14,2.06,10,6.9,1.66,5.7,1.95,6.8,1.75,29,0.44,0.661,0.62,0.542,2.19,0.036
797,1,humiliate,umiliare,v,8,36,3.61,3974,8.29,1,1.25343,20,5.7,2.05,6.4,1.9,5,2.27,34,2.29,1.47,6.26,1.73,4.68,1.93,24,2.17,1.49,6.54,1.74,5.04,2.05,10,2.6,1.43,5.6,1.58,3.8,1.32,32,0.89,0.383,1.46,0.154,1.9,0.067
1023,1,unit,unità,s,5,244,5.5,46030,10.74,5,44.9980144,20,5.15,2.28,5.4,2.16,3.55,2.14,33,6.21,1.78,4.61,2.03,5.67,1.98,23,6.17,1.67,4.22,1.73,5.3,1.96,10,6.3,2.11,5.5,2.46,6.5,1.84,31,0.18,0.855,1.72,0.096,1.64,0.112
537,1,man,uomo,s,4,3243,8.08,244466,12.41,8,4.8570415,20,8.1,1.17,8.15,1.18,7.9,1.25,36,6.31,1.53,5.81,1.98,5.92,1.99,24,6.46,1.74,5.79,2.21,5.79,2.02,12,6,0.95,5.83,1.53,6.17,1.99,34,0.85,0.404,0.06,0.954,0.53,0.601
736,1,egg,uovo,s,4,169,5.14,5004,8.52,7,95.30534529,20,8,1.38,7.85,1.53,8.35,1.14,34,5.76,1.99,4.68,1.8,5.24,1.3,24,5.75,2.13,4.75,1.92,5.21,1.41,10,5.8,1.69,4.5,1.58,5.3,1.06,32,0.07,0.948,0.36,0.719,0.18,0.855
798,1,hurricane,uragano,s,7,14,2.71,1535,7.34,1,0.626715,20,4.85,2.66,7.55,1.96,6.8,2.28,34,2.41,1.69,7.62,1.63,3.44,2.62,24,2.33,1.88,7.75,1.39,3.58,2.67,10,2.6,1.17,7.3,2.16,3.1,2.6,32,0.41,0.682,0.73,0.473,0.48,0.631
617,1,urine,urina,s,5,24,3.22,1114,7.02,6,1.253430167,20,7.45,1.9,7.9,1.29,7.95,1.5,33,4.82,1.38,4.12,1.58,4.82,1.26,23,4.78,1.44,4.3,1.55,4.96,1.22,10,4.9,1.29,3.7,1.64,4.5,1.35,31,0.22,0.826,1.01,0.319,0.95,0.347
605,1,scream,urlo,s,4,81,4.41,7315,8.9,6,11.33308833,20,7.35,1.39,7.85,1.35,6.2,2.93,33,3.33,2.42,6.42,2.31,5.03,1.86,23,3,2.24,6.35,2.46,5.09,1.9,10,4.1,2.77,6.6,2.01,4.9,1.85,31,1.21,0.236,0.28,0.778,0.26,0.796
96,1,custom,usanza,s,6,26,3.3,708,6.56,1,2.82022,20,7.05,2.01,6.75,1.65,5.9,1.33,33,6.45,1.77,4.76,2.77,6.15,1.77,21,6.95,1.66,4.95,3.02,6.33,1.8,12,5.58,1.68,4.42,2.35,5.83,1.75,31,2.27,0.03,0.53,0.601,0.78,0.444
1024,1,utensil,utensile,s,8,15,2.77,923,6.83,1,3.76029,20,7.4,1.88,7.75,1.68,8.35,1.04,31,5.77,1.2,4.87,1.65,5.65,1.31,21,5.43,0.75,4.76,1.37,5.29,1.1,10,6.5,1.65,5.1,2.18,6.4,1.43,29,2.52,0.018,0.53,0.602,2.39,0.024
466,1,useful,utile,a/s,5,323,5.78,56101,10.93,3,47.21239333,20,6.8,1.7,4.9,2.53,3.95,2.31,35,7.34,1.26,5.06,1.98,5.8,1.73,25,7.16,1.21,5.4,2.04,5.76,1.71,10,7.8,1.32,4.2,1.62,5.9,1.85,33,1.38,0.178,1.66,0.107,0.21,0.832
791,1,holiday,vacanza,s,7,349,5.86,22468,10.02,1,55.7776,20,7.35,1.73,7.35,1.42,6.8,1.74,33,8.67,0.74,4.97,3.5,7.18,1.96,23,8.87,0.34,5.09,3.55,7.65,1.5,10,8.2,1.14,4.7,3.53,6.1,2.51,31,2.61,0.014,0.29,0.775,2.21,0.034
1025,1,vagina,vagina,s,6,10,2.4,358,5.88,2,33.6859285,20,8.35,0.93,8.45,0.89,8.65,0.75,35,6.37,2.07,6,2.45,6.57,1.84,25,5.6,1.8,5.36,2.1,6.12,1.74,10,8.3,1.34,7.6,2.63,7.7,1.64,33,4.27,0,2.65,0.012,2.47,0.019
402,1,smallpox,vaiolo,s,6,1,0.69,134,4.91,2,0.7833935,20,4,2.05,5.2,2.71,5.3,2.54,44,2.34,1.68,6.41,1.9,3.39,1.91,34,2.29,1.71,6.32,2.01,3.38,1.97,10,2.5,1.65,6.7,1.49,3.4,1.78,42,0.34,0.738,0.55,0.587,0.03,0.98
645,1,avalanche,valanga,s,7,40,3.71,5625,8.64,0,0,20,5.45,1.85,6.85,2.08,6.65,1.81,33,3.36,2.09,6.39,2.32,3.55,1.84,23,3.43,2.09,6.17,2.37,3.48,1.73,10,3.2,2.2,6.9,2.23,3.7,2.16,31,0.29,0.772,0.82,0.417,0.31,0.756
470,1,vampire,vampiro,s,7,15,2.77,1151,7.05,2,1.4101085,20,4.65,2.21,6.45,2.01,5.05,2.39,33,4.33,2.39,5.73,2.47,4.09,1.89,23,4.61,2.37,6,2.17,3.78,2.02,10,3.7,2.45,5.1,3.07,4.8,1.4,31,1,0.324,0.96,0.343,1.44,0.159
471,1,vandal,vandalo,s,7,8,2.2,669,6.51,3,1.462335,20,5.4,1.93,6.75,1.62,5.8,1.64,44,1.82,1.21,6.57,1.42,4.73,1.86,34,1.62,1.02,6.56,1.46,4.71,1.92,10,2.5,1.58,6.6,1.35,4.8,1.75,42,2.11,0.04,0.08,0.937,0.14,0.89
472,1,vanity,vanità,s,6,26,3.3,1511,7.32,2,25.068615,20,5.95,2.26,6.25,2.59,3.9,2.43,34,4.32,1.72,5.35,2.12,5.41,1.99,24,4.25,1.87,5.63,1.93,5.33,1.76,10,4.5,1.35,4.7,2.5,5.6,2.55,32,0.02,0.984,1.14,0.263,0.25,0.804
629,1,advantage,vantaggio,s,9,258,5.56,30065,10.31,0,0,20,6.2,1.7,5.6,2.11,3.7,2.2,31,7.94,1.12,6.39,2.14,6.84,1.81,21,8.05,0.97,6.33,2.44,7,1.95,10,7.7,1.42,6.5,1.43,6.5,1.51,29,0.8,0.43,0.2,0.843,0.71,0.481
652,1,bathtub,vasca,s,5,68,4.23,1954,7.58,10,7.3952396,20,7.9,1.52,8.55,0.76,8.35,1.09,34,7.38,1.56,2,1.5,6.15,2.39,24,7.29,1.55,2.04,1.57,6.42,2.17,10,7.6,1.65,1.9,1.37,5.5,2.88,32,0.52,0.607,0.25,0.806,1.02,0.315
-,0,vase,vaso,s,4,112,4.73,3486,8.16,14,55.97904957,20,8.35,0.81,8.65,0.59,8.8,0.41,35,5.11,0.76,4.4,1.59,5.14,1.46,25,5.04,0.79,4.6,1.38,5.08,0.91,10,5.3,0.67,3.9,2.02,5.3,2.41,33,0.91,0.367,1.18,0.246,0.4,0.693
277,1,mildew,vecchiume,s,9,0,0,65,4.19,0,0,20,5.8,2.38,4.8,1.4,4.5,1.67,33,3.61,1.46,4.88,1.62,4.7,1.38,21,3.29,1.49,5.14,1.35,4.52,1.29,12,4.17,1.27,4.42,1.98,5,1.54,31,1.72,0.095,1.25,0.219,0.95,0.348
473,1,vehicle,veicolo,s,7,121,4.8,7486,8.92,2,10.4974575,20,7.75,2.1,8.45,1.1,8.25,1.52,34,6.5,1.76,6.41,2.03,6.18,1.98,24,6.63,1.93,6.67,1.88,6.13,2.21,10,6.2,1.32,5.8,2.35,6.3,1.34,32,0.55,0.589,1.09,0.282,0.47,0.642
319,1,poison,veleno,s,6,73,4.3,7938,8.98,5,2.7575468,20,3.95,1.82,6.6,2.64,6.05,2.91,34,1.94,1.41,6.41,2.09,4.12,2.25,24,1.71,1.4,6.38,2.34,4.08,2.28,10,2.5,1.35,6.5,1.43,4.2,2.3,32,1.52,0.139,0.16,0.877,0.14,0.893
953,1,quick,veloce,a,6,180,5.2,14867,9.61,1,14.1011,20,7.1,1.8,7.15,2.03,5.05,1.96,35,6.54,1.34,6.91,1.62,5.97,1.85,24,6.58,1.25,7.17,1.49,6.08,1.69,11,6.45,1.57,6.36,1.8,5.73,2.24,33,0.26,0.796,1.38,0.176,0.52,0.605
194,1,green,verde,a/s,5,329,5.8,39020,10.57,10,16.4199259,20,7.45,1.88,8.1,1.86,5.75,2.55,35,7.11,1.62,4.74,2.47,5.83,1.62,25,7.32,1.75,5.04,2.68,5.84,1.62,10,6.6,1.17,4,1.7,5.8,1.69,33,1.19,0.241,1.13,0.266,0.07,0.948
1027,1,virgin,vergine,a/s,7,20,3.04,2125,7.66,2,1.0967485,20,4.25,2.38,5.3,1.89,5.15,1.93,33,6,1.73,5.27,1.81,4.82,1.81,23,5.65,1.4,5.17,1.53,4.7,1.58,10,6.8,2.2,5.5,2.42,5.1,2.33,31,1.81,0.08,0.47,0.641,0.58,0.564
386,1,shamed,vergognato,a,10,90,4.51,140,4.95,4,0.7833935,20,7.1,1.94,7.25,1.62,5.45,2.42,34,2.91,1.76,6.62,1.91,3.32,1.77,24,3.04,1.88,6.71,1.81,3.5,1.98,10,2.6,1.51,6.4,2.22,2.9,1.1,32,0.66,0.514,0.42,0.674,0.9,0.376
458,1,truth,verità,s,6,519,6.25,53207,10.88,0,0,20,7.75,1.62,4.15,2.83,4.15,2.81,36,6.58,2.32,6.61,2.19,5.61,2.05,26,6.46,2.5,6.65,2.12,5.42,2.12,10,6.9,1.85,6.5,2.51,6.1,1.85,34,0.5,0.619,0.19,0.854,0.89,0.382
661,1,blister,vescica,s,7,20,3.04,333,5.81,0,0,20,7.25,1.71,7.35,1.69,7.65,1.69,35,4.46,1.4,5.63,2,4.37,1.48,24,4.46,1.44,5.83,1.99,4.29,1.57,11,4.45,1.37,5.18,2.04,4.55,1.29,33,0.01,0.994,0.89,0.379,0.47,0.644
484,1,wasp,vespa,s,5,9,2.3,526,6.27,4,1.0184105,20,7.6,1.54,8.75,0.55,8.55,0.76,34,3.76,2.16,6.03,2.14,4.91,2.02,24,3.75,2.49,6.38,2.06,5.08,2.12,10,3.8,1.14,5.2,2.2,4.5,1.78,32,0.06,0.952,1.49,0.147,0.76,0.452
74,1,clothing,vestito,s,7,218,5.39,10324,9.24,5,17.2346434,20,8.2,1.28,8.2,1.01,7.95,1.39,35,6.97,2.11,6.71,1.98,6.17,2.47,25,7.12,2.24,7.08,1.61,6.08,2.56,10,6.6,1.78,5.8,2.57,6.4,2.32,33,0.65,0.518,1.78,0.084,0.34,0.734
765,1,glass,vetro,s,5,198,5.29,11106,9.32,7,10.78844929,20,8.15,1.53,8.6,0.82,8.6,0.99,34,4.82,1.71,4.85,1.73,5.18,1.57,24,4.88,1.92,4.88,1.83,5.04,1.37,10,4.7,1.16,4.8,1.55,5.5,2.01,32,0.27,0.791,0.11,0.91,0.77,0.445
1018,1,travel,viaggiare,v,9,215,5.38,17547,9.77,0,0,20,7.35,1.79,7,2.05,6,2.43,36,8.31,1.01,6.92,2.48,6.81,1.58,24,8.46,0.98,6.71,2.87,6.96,1.49,12,8,1.04,7.33,1.44,6.5,1.78,34,1.3,0.203,0.71,0.483,0.82,0.421
1028,1,voyage,viaggio,s,7,526,6.27,48138,10.78,3,6.998305667,20,7.55,1.57,7.6,1.79,6.1,2.45,34,8.18,1.06,6.97,2.49,7.5,1.64,24,8.33,1.05,7.38,2.43,7.67,1.69,10,7.8,1.03,6,2.49,7.1,1.52,32,1.33,0.192,1.55,0.131,0.35,0.728
646,1,avenue,viale,s,5,44,3.81,8627,9.06,4,6.972195,20,7.85,1.53,7.95,1.23,8.2,1.28,35,6.57,1.56,4.2,2.08,5.46,1.56,25,6.68,1.57,4.6,2,5.36,1.58,10,6.3,1.57,3.2,2.04,5.7,1.57,33,0.65,0.523,1.86,0.072,0.58,0.568
637,1,alley,vicolo,s,6,47,3.87,3129,8.05,2,4.0736485,20,6.4,2.16,7.3,1.66,7.1,1.89,33,4.67,1.81,5.09,1.89,4.73,1.13,23,4.35,1.61,5.74,1.63,4.57,1.16,10,5.4,2.12,3.6,1.65,5.1,0.99,31,1.57,0.128,3.45,0.002,1.27,0.215
262,1,louse,vigliacco,a/s,9,5,1.79,763,6.64,1,0.626715,20,6.6,1.19,6.25,2.45,5.15,2.72,33,2.03,1.65,6.88,1.52,5,2.36,23,1.87,1.29,7.04,1.64,5.3,2.36,10,2.4,2.32,6.5,1.18,4.3,2.31,31,0.85,0.404,0.95,0.352,1.13,0.268
476,1,vigorous,vigoroso,a,8,32,3.5,1640,7.4,4,4.46534125,20,5.65,1.31,5.65,1.84,4.75,2.15,33,7.48,1.18,5.88,1.96,6.52,2.02,23,7.57,1.08,6.26,1.86,6.43,2.09,10,7.3,1.42,5,2,6.7,1.95,31,0.59,0.56,1.75,0.09,0.34,0.734
477,1,village,villaggio,s,9,174,5.16,15339,9.64,1,0.313357,20,5.95,2.21,7.1,1.45,6.9,1.68,33,7,1.73,5.27,2.47,5.36,1.83,23,6.52,1.7,4.96,2.34,4.91,1.53,10,8.1,1.29,6,2.71,6.4,2.12,31,2.62,0.014,1.12,0.271,2.28,0.03
87,1,cottage,villetta,s,8,40,3.71,3116,8.04,3,3.551383333,20,6.8,2.35,8.3,1.66,8.35,1.66,34,7.06,1.56,5.06,2.3,6.26,1.56,24,6.92,1.67,5.5,1.93,6.21,1.53,10,7.4,1.26,4,2.83,6.4,1.71,32,0.82,0.418,1.79,0.082,0.32,0.75
494,1,win,vincere,v,7,476,6.17,106672,11.58,5,2.8828878,20,6.05,1.28,6.95,1.36,5.15,2.48,33,8.24,1.03,7.27,2.23,7.12,1.49,23,8.17,1.11,7.39,2.13,7.09,1.59,10,8.4,0.84,7,2.54,7.2,1.32,31,0.57,0.571,0.46,0.65,0.2,0.845
67,1,champion,vincitore,a/s,9,146,4.99,17020,9.74,1,18.8014,20,6.35,1.63,7.45,1.23,5.6,1.6,36,7,1.35,6.75,1.5,7.36,1.29,24,7.17,1.4,6.83,1.58,7.25,1.36,12,6.67,1.23,6.58,1.38,7.58,1.16,34,1.05,0.302,0.47,0.644,0.73,0.473
496,1,wine,vino,s,4,283,5.65,10900,9.3,20,49.8865092,20,6.95,2.26,8.15,1.81,8.2,1.77,34,6.68,1.98,4.76,2.12,6,1.41,24,6.38,2.16,5,1.96,5.79,1.22,10,7.4,1.26,4.2,2.49,6.5,1.78,32,1.39,0.173,1,0.323,1.35,0.187
478,1,violent,violento,a,8,232,5.45,23232,10.05,5,9.087355,20,6.7,1.81,6.45,1.88,5.75,2.63,32,2.75,2.48,5.75,2.95,4.97,2.44,22,2.14,1.98,6.27,2.83,4.23,2.31,10,4.1,3,4.6,3.03,6.6,1.96,30,2.21,0.035,1.52,0.14,2.82,0.008
579,1,violin,violino,s,7,35,3.58,2543,7.84,4,1.096751,20,6.75,2.34,8.45,1,8.4,1.23,44,6.73,2,4.23,2.47,5.16,1.6,34,6.68,2.14,4.35,2.63,5.03,1.64,10,6.9,1.52,3.8,1.87,5.6,1.43,42,0.31,0.761,0.62,0.54,0.99,0.327
479,1,virtue,virtù,s,5,80,4.39,7944,8.98,0,0,20,6,1.45,5.15,2.13,3.75,2.15,31,7.74,1.15,5.81,2.43,6.39,1.5,21,7.62,1.24,5.62,2.46,6.24,1.58,10,8,0.94,6.2,2.44,6.7,1.34,29,0.86,0.399,0.62,0.542,0.8,0.432
480,1,vision,vista,s,5,430,6.07,68550,11.14,13,47.678534,20,6.8,1.7,6.2,2.35,5.1,2.1,34,6.97,1.55,5.62,2.23,5.79,1.84,24,7.25,1.65,5.96,2.4,5.67,1.9,10,6.3,1.06,4.8,1.55,6.1,1.73,32,1.2,0.24,1.33,0.192,0.81,0.424
258,1,life,vita,s,4,2829,7.95,195228,12.18,19,12.41885247,20,7.35,2.03,6.5,2.69,4.8,2.91,34,8.12,1.12,6.88,2.31,6.32,2.27,24,8.21,1.1,7.21,2.21,6.33,2.39,10,7.9,1.2,6.1,2.47,6.3,2.06,32,0.72,0.474,1.29,0.206,0.04,0.97
618,1,victim,vittima,s,7,502,6.22,52891,10.88,1,66.4318,20,5.8,2.17,6.15,2.58,5.7,2.83,33,1.97,1.19,6.21,2.01,3.7,1.96,23,1.78,1.09,6.3,2.01,3.61,2.23,10,2.4,1.35,6,2.11,3.9,1.2,31,1.4,0.173,0.39,0.696,0.39,0.701
475,1,victory,vittoria,s,8,419,6.04,47802,10.77,3,32.69359667,20,5.65,2.21,6.85,2.37,4.9,2.38,34,8.32,1.07,7.41,2.18,8.15,0.96,24,8.25,1.19,7.13,2.42,8.21,0.78,10,8.5,0.71,8.1,1.29,8,1.33,32,0.62,0.541,1.2,0.24,0.57,0.571
849,1,lively,vivace,a,6,98,4.6,7594,8.94,1,9.71408,20,6.85,2.08,6.2,2.38,4.25,2.49,35,7.09,1.88,6.6,1.97,6.03,1.65,25,7.08,2.12,6.68,2.15,5.8,1.71,10,7.1,1.2,6.4,1.51,6.6,1.43,33,0.03,0.978,0.37,0.711,1.31,0.2
635,1,alive,vivo,a,4,313,5.75,23173,10.05,12,31.44023608,20,6.8,2.44,6.9,2.02,6.55,2.28,34,8.24,1.21,7.38,1.71,6.94,1.97,24,8.42,0.97,7.54,1.82,7.38,1.61,10,7.8,1.62,7,1.41,5.9,2.42,32,1.38,0.179,0.84,0.407,2.09,0.045
508,1,desire,voglia,s,6,393,5.98,29717,10.3,6,36.71497033,20,7.75,1.92,6.25,2.69,4.25,2.79,32,7.44,1.32,6.56,2.24,6.66,1.84,22,7.45,1.5,7.05,1.84,6.68,2.03,10,7.4,0.84,5.5,2.76,6.6,1.43,30,0.11,0.916,1.88,0.07,0.11,0.91
481,1,vomit,vomito,s,6,14,2.71,599,6.4,2,5.4837575,20,7.7,1.89,7.85,1.6,6.7,1.92,33,1.64,1.32,4.64,2.29,5.73,2.15,22,1.23,0.87,4.32,2.5,5.73,2.41,11,2.45,1.69,5.27,1.74,5.73,1.62,31,2.77,0.009,1.13,0.265,0,1
619,1,volcano,vulcano,s,7,30,3.43,2217,7.7,1,2.82022,20,6.5,2.16,8.1,1.17,7.8,1.7,36,5.22,1.97,6.22,2.03,4.58,2.56,24,4.79,1.96,6.67,1.83,4.54,2.62,12,6.08,1.78,5.33,2.19,4.67,2.53,34,1.92,0.063,1.93,0.062,0.14,0.892
1037,1,yacht,yacht,s,5,20,3.04,1956,7.58,1,0.626715,20,4.65,2.6,7.45,2.26,6.65,2.89,33,6.91,1.53,4.97,2.49,6.03,1.51,21,6.67,1.65,4.86,2.24,5.81,1.36,12,7.33,1.23,5.17,2.98,6.42,1.73,31,1.21,0.234,0.34,0.737,1.12,0.273
371,1,sapphire,zaffiro,s,7,5,1.79,180,5.2,1,0.313357,20,3.95,2.37,6.4,2.46,6.85,2.81,36,6.75,1.57,4.86,1.99,5.64,1.46,26,6.62,1.63,5,1.83,5.38,1.33,10,7.1,1.45,4.5,2.42,6.3,1.64,34,0.82,0.416,0.67,0.507,1.74,0.092
885,1,mosquito,zanzara,s,7,25,3.26,788,6.67,1,5.32708,20,7.45,1.36,8.65,0.81,8.25,1.48,33,2.42,1.6,6.18,2.48,4.79,1.95,21,2.19,1.29,6.19,2.11,4.81,2.04,12,2.83,2.04,6.17,3.13,4.75,1.86,31,1.11,0.274,0.03,0.979,0.08,0.934
1002,1,sugar,zucchero,s,8,120,4.8,3179,8.06,1,2.82022,20,7.9,1.25,8.1,1.07,8.2,1.2,33,6.55,2.12,5.15,2.2,5.3,1.53,22,6.82,1.92,5.23,2.33,5.55,1.79,11,6,2.49,5,2,4.82,0.6,31,1.05,0.304,0.28,0.784,1.3,0.203
NA,NA,NA,NA,NA,NA,NA,NA,NA,NA,NA,NA,NA,NA,NA,NA,NA,NA,NA,NA,NA,NA,NA,NA,NA,NA,NA,NA,NA,NA,NA,NA,NA,NA,NA,NA,NA,NA,NA,NA,NA,NA,NA,NA,NA,NA,NA
NA,NA,NA,NA,NA,NA,NA,NA,NA,NA,NA,NA,NA,NA,NA,NA,NA,NA,NA,34.20874219,NA,NA,NA,NA,NA,NA,NA,NA,NA,NA,NA,NA,NA,NA,NA,NA,NA,NA,NA,NA,NA,NA,NA,NA,NA,NA,NA
NA,NA,NA,NA,NA,NA,NA,NA,NA,NA,NA,NA,NA,NA,NA,NA,NA,NA,NA,31,NA,NA,NA,NA,NA,NA,NA,NA,NA,NA,NA,NA,NA,NA,NA,NA,NA,NA,NA,NA,NA,NA,NA,NA,NA,NA,NA
NA,NA,NA,NA,NA,NA,NA,NA,NA,NA,NA,NA,NA,NA,NA,NA,NA,NA,NA,44,NA,NA,NA,NA,NA,NA,NA,NA,NA,NA,NA,NA,NA,NA,NA,NA,NA,NA,NA,NA,NA,NA,NA,NA,NA,NA,NA
NA,NA,NA,NA,NA,NA,NA,NA,NA,NA,NA,NA,NA,NA,NA,NA,NA,NA,NA,NA,NA,NA,NA,NA,NA,NA,NA,NA,NA,NA,NA,NA,NA,NA,NA,NA,NA,NA,NA,NA,NA,NA,NA,NA,NA,NA,NA
NA,NA,NA,NA,NA,NA,NA,NA,NA,NA,NA,NA,NA,NA,NA,NA,NA,NA,NA,NA,NA,NA,NA,NA,NA,NA,NA,NA,NA,NA,NA,NA,NA,NA,NA,NA,NA,NA,NA,NA,NA,NA,NA,NA,NA,NA,NA
