word_french,translate_word_english,translate_word_german,pos,length,syllables,frequency_films,frequency_books,humans_yes,humans_no,humans_n,human_difficulty,nonhumans_yes,nonhumans_no,nonhumans_n,nonhuman_difficulty,category,concrete_mean,concrete_sd,concrete_n,concrete_difficulty,familiar_mean,familiar_sd,familiar_n,familiar_difficulty,intensity_mean,intensity_sd,intensity_n,intensity_difficulty,temporal_stability_mean,temporal_stability_sd,temporal_stability_n,temporal_stability_difficulty,valence_mean,valence_sd,valence_n,valence_difficulty,visibility_mean,visibility_sd,visibility_n,visibility_difficulty
abasourdi,stunned,benommen,PPADJ,9,4,0.24,2.03,20,0,20,0,0,20,20,0,uniquely human,3.6,1.93,20,0,4.55,1.79,20,0,4.7,1.13,20,0,2.22,0.81,18,0,2.6,0.75,20,0,3.47,0.84,19,0
abattu,downcast,niedergeschlagen,PPADJ,6,3,1.82,3.78,20,0,20,0,13,7,20,4,preferentially human,3.45,1.61,20,1,5,1.72,20,0,4.8,1.24,20,0,3.6,1.39,20,0,2.05,0.83,20,0,4.15,1.46,20,0
abject,despicable,verachtenswert,ADJ,6,2,1.4,1.69,13,7,20,0,12,8,20,5,both,3.37,1.34,19,0,3.42,1.8,19,1,5.15,1.31,20,1,4.24,1.2,17,2,2.17,1.1,18,2,3,1.73,19,1
abondant,abundant,üppig,ADJ,8,3,0.09,1.42,3,17,20,0,18,2,20,0,preferentially non-human,4,2.05,20,1,4.9,1.48,20,0,4.8,0.95,20,0,3.7,1.26,20,0,4.9,1.33,20,0,4.65,1.76,20,0
abrasif,abrasive,(ab)scheuernd,ADJ,7,3,0.04,0.27,11,8,19,4,16,4,20,4,preferentially non-human,3.06,1.73,18,3,2.85,1.9,20,1,4.78,1.35,18,3,4.06,1.73,18,4,2.85,1.18,20,0,3.92,1.32,13,4
absorbant,absorbent,absorbierend,ADJ,9,3,0.08,0.81,5,15,20,2,20,0,20,0,preferentially non-human,4.45,1.73,20,0,4.6,2.16,20,0,3.7,1.38,20,1,4.85,1.27,20,1,4.25,0.64,20,1,3.55,1.64,20,0
abstrait,abstract,abstrakt,ADJ,8,2,0.61,3.85,4,16,20,0,20,0,20,0,preferentially non-human,2.74,1.33,19,1,4.7,1.53,20,0,3.75,1.52,20,1,5.32,1.2,19,1,3.53,0.7,19,2,2.2,1.4,20,2
acariâtre,cantankerous,griesgrämig,ADJ,9,3,0.13,1.22,7,9,16,7,12,8,20,3,preferentially non-human,2.89,1.32,18,2,3,2.27,15,5,5.24,1.09,17,5,5.06,1.3,17,4,2.69,1.14,16,2,3.13,1.55,15,4
accommodant,accommodating,entgegenkommend,ADJ,11,4,0.22,0.14,15,5,20,1,14,6,20,2,both,3.05,1.57,20,1,4.4,1.82,20,0,3.45,1.19,20,2,4.74,1.1,19,1,4.53,1.07,19,1,2.63,1.38,19,2
accroupi,crouched,hockend,ADJ,8,3,0.16,3.24,19,1,20,0,5,15,20,1,preferentially human,3.8,2.26,20,1,4.45,1.93,20,0,3.05,1.67,20,3,2.15,1.39,20,0,3.74,0.45,19,2,6,1.38,20,0
accusateur,accusing,anklagend,ADJ,10,4,0.2,0.81,19,1,20,0,10,10,20,1,preferentially human,3.15,1.95,20,1,4.5,1.93,20,1,4.6,0.94,20,0,4.05,0.91,19,0,2.2,0.89,20,1,3.05,1.54,19,4
acharné,fierce,erbittert,PPADJ,8,3,0.66,1.69,20,0,20,0,3,17,20,0,preferentially human,3.15,1.79,20,2,5.2,1.47,20,0,5.44,0.92,18,1,4.35,1.31,20,0,3.7,1.49,20,0,3.15,1.57,20,0
acide,acidic,säurehaltig,ADJ,5,2,1.86,6.89,2,18,20,0,19,1,20,0,uniquely non-human,5.37,1.12,19,0,4.75,1.77,20,0,4.6,1.57,20,0,5.5,1.32,20,1,2.65,0.67,20,1,2.7,1.45,20,1
acidulé,acidulous,säuerlich,ADJ,7,4,0.02,0.47,1,19,20,0,18,2,20,3,uniquely non-human,4.89,1.56,19,1,3.58,1.95,19,0,4.05,1.15,20,0,5,1.12,20,1,3.61,0.78,18,2,3.68,2.16,19,2
âcre,acrid,beißend,ADJ,4,1,0.45,10.14,3,16,19,4,15,5,20,4,preferentially non-human,3.89,1.7,19,1,3,2.05,20,1,4.44,1.25,18,5,4.65,1.5,17,1,2.68,1.16,19,2,3.47,1.7,17,3
acrylique,acrylic,akrylisch,ADJ,9,3,0.21,0.34,1,19,20,0,18,2,20,1,uniquely non-human,4.35,1.69,20,0,3,1.64,18,3,3.5,1.72,18,7,5.59,1.12,17,3,4,0.37,16,3,4.26,2.16,19,2
adhésif,adhesive,klebend,ADJ,7,3,0.73,0.47,2,18,20,0,18,2,20,0,uniquely non-human,4,1.38,20,0,4.55,1.76,20,0,3.7,1.34,20,1,4.85,0.93,20,2,4.15,0.59,20,1,4.75,1.62,20,0
admiratif,admiring,bewundernd,ADJ,9,4,0.26,2.57,19,1,20,0,3,17,20,0,preferentially human,3.4,1.47,20,2,5.6,1.31,20,0,4.3,1.3,20,0,3.55,1,20,1,5.45,1.1,20,0,4.05,1.67,20,0
adoré,admired,angebetet/vergöttert,PPADJ,5,3,missing,entry,18,2,20,0,15,5,20,2,preferentially human,3.55,1.85,20,0,5.95,1.36,20,0,4.45,1.15,20,0,4.35,1.09,20,1,6.1,0.72,20,0,2.95,1.64,20,1
adroit,skillful,geschickt,ADJ,6,2,1.13,3.51,19,1,20,1,4,16,20,0,preferentially human,2.89,1.29,19,1,5.2,1.2,20,0,4,1.3,20,0,5.21,0.63,19,1,5.61,0.85,18,1,2.75,1.41,20,0
affable,courteous,umgänglich,ADJ,7,2,0.37,3.11,13,5,18,4,4,16,20,4,preferentially human,2.78,1.86,18,4,3.33,1.68,18,3,4.35,1.23,20,5,3.94,1.16,18,3,3.38,1.36,16,2,3.07,1.44,14,4
affecté,affected,affektiert,PPADJ,7,3,0.73,1.28,18,2,20,0,8,12,20,4,preferentially human,3.65,2.06,20,0,4.8,1.7,20,1,3.9,0.91,20,0,3.2,1.58,20,0,3.15,0.93,20,0,3.9,1.59,20,0
affectif,affective,affektiv,ADJ,8,3,0.94,1.28,19,1,20,0,5,15,20,0,preferentially human,3.9,1.89,20,1,5.95,1.18,19,0,3.84,1.12,19,0,4.95,1.1,20,0,5.9,1.07,20,1,3.2,1.44,20,0
affectueux,affectionate,liebevoll,ADJ,10,3,3.56,7.97,20,0,20,0,3,17,20,0,preferentially human,4.05,1.93,20,0,5.9,1.21,20,0,3.8,1.51,20,0,4.63,0.9,19,0,6.21,0.63,19,0,3.95,1.39,20,0
affolé,distraught,verzweifelt,PPADJ,6,3,0.19,4.19,20,0,20,0,1,19,20,0,uniquely human,3.6,1.54,20,0,4.7,1.75,20,0,5.42,0.69,19,0,2.37,1.07,19,0,2.35,0.75,20,0,4.45,1.23,20,0
africain,African,afrikanisch,ADJ,8,3,2.34,3.65,20,0,20,1,14,6,20,1,preferentially human,4.55,1.82,20,1,5.35,1.81,20,0,3.65,1.66,20,1,6.3,0.8,20,2,3.95,0.51,20,0,5.95,1.18,19,1
âgé,old,alt,ADJ,3,2,7.67,14.39,19,0,19,0,17,3,20,2,both,4.1,1.77,20,0,6,1.53,19,0,3.7,1.13,20,0,6,1.2,19,0,3.35,0.88,20,0,6.26,0.81,19,0
agissant,effective,wirksam,ADJ,8,3,0.05,0.14,18,2,20,2,6,14,20,1,preferentially human,3,1.45,20,1,5.4,1.47,20,2,3.5,1.24,20,0,3.47,1.07,19,1,5,0.82,19,4,3.35,1.87,20,2
agréable,pleasant,angenehm,ADJ,8,3,37.71,31.35,20,0,20,0,14,6,20,0,preferentially human,4.15,1.66,20,0,6.3,1.03,20,0,3.3,1.59,20,0,4.4,1.1,20,0,6.2,0.89,20,0,4,1.59,20,1
agressif,aggressive,aggressiv,ADJ,8,3,5.76,6.82,20,0,20,0,8,12,20,1,preferentially human,4.1,1.71,20,0,5.5,1.91,20,0,5.15,0.99,20,0,3.95,1.1,20,0,1.6,0.68,20,0,4.5,1.82,20,0
ahuri,dazed,verblüfft,PPADJ,5,3,0.34,4.46,20,0,20,0,1,19,20,2,uniquely human,3.65,1.76,20,0,4.25,1.97,20,0,5.3,0.92,20,0,2.9,0.79,20,0,2.55,0.76,20,0,4.2,1.32,20,0
aigre,sour,sauer,ADJ,5,1,0.42,8.38,12,8,20,2,18,2,20,0,preferentially non-human,4.82,1.13,17,1,3.7,1.98,20,0,4.3,1.42,20,2,4.26,1.56,19,2,2.2,0.83,20,1,2.67,1.33,18,0
aigrelet,sourish,säuerlich,ADJ,8,3,0,1.35,8,11,19,6,14,6,20,4,preferentially non-human,3.78,1.86,18,1,2.89,1.49,19,3,4.21,0.92,19,2,4.17,0.99,18,2,2.63,0.9,19,1,3.36,1.82,14,3
aimable,kind,liebenswürdig,ADJ,7,2,21.98,24.59,20,0,20,0,2,18,20,0,uniquely human,3.65,1.84,20,0,6.1,0.97,20,1,3,1.03,20,0,5.05,1.22,19,0,6.05,0.89,20,0,3.9,1.55,20,0
aimant,loving,liebevoll,ADJ,6,2,1.18,0.81,19,1,20,0,5,15,20,1,preferentially human,3.5,1.4,20,0,5.5,1.7,20,0,3.65,1.18,20,0,4.89,0.81,19,0,6.37,0.6,19,0,4,1.41,20,0
alambiqué,convoluted,gewunden,PPADJ,9,4,missing,entry,2,16,18,5,16,4,20,6,preferentially non-human,2.78,1.48,18,4,2.76,1.82,17,5,4.37,1.54,19,5,4,1.15,16,4,3.19,0.91,16,2,3.06,1.91,16,4
alcalin,alkaline,alkalisch,ADJ,7,3,0.09,0.07,0,20,20,1,19,1,20,2,uniquely non-human,2.53,1.01,17,2,2.67,1.81,18,1,3.44,1.58,18,6,5.12,1.8,17,1,4.12,0.49,17,3,2.47,2.15,17,5
alerte,alert,rege,ADJ,6,2,8.05,6.55,14,6,20,2,6,14,20,1,preferentially human,3.25,1.8,20,0,4.9,2.07,20,0,3.9,1.33,20,0,2.63,0.96,19,0,4.25,1.33,20,0,3.6,1.43,20,0
allègre,cheerful,vergnügt,ADJ,7,2,0.13,4.46,11,7,18,5,5,15,20,6,preferentially human,2.63,1.57,19,1,3.1,2.22,20,1,4.11,1.41,18,3,4.18,1.33,17,4,4.05,1.03,19,0,3.24,1.2,17,3
altruiste,altruistic,selbstlos,ADJ,9,2,0.52,0,20,0,20,0,0,20,20,0,uniquely human,3.15,1.98,20,1,5.37,1.26,19,1,4.74,0.93,19,0,5.76,0.56,17,1,5.85,1.27,20,0,2.63,1.46,19,0
amaigri,gaunt,abgemagert,PPADJ,7,3,0.02,1.08,20,0,20,1,11,9,20,0,preferentially human,4.3,1.89,20,0,4.8,1.77,20,0,3.95,1.28,20,0,3.8,1.15,20,0,2.53,0.61,19,0,5.3,1.34,20,0
ambitieux,ambitious,ehrgeizig,ADJ,9,3,4.82,3.72,20,0,20,0,1,19,20,0,uniquely human,2.95,1.39,20,0,5.85,1.27,20,0,4.3,1.45,20,0,5.58,0.96,19,0,5.55,0.94,20,0,2.7,1.49,20,0
amical,friendly,kameradschaftlich,ADJ,6,3,4.26,11.22,20,0,20,0,2,18,20,0,uniquely human,3.55,1.79,20,0,6.21,1.08,19,0,3.5,1.36,20,0,5.25,1.07,20,0,6.25,0.79,20,0,3.8,1.82,20,1
amidonné,starched,gestärkt (Wäsche),PPADJ,8,4,missing,entry,0,19,19,3,18,2,20,2,uniquely non-human,3.79,1.65,19,0,2.8,1.7,20,0,3.63,1.38,19,8,5,1.33,19,3,3.95,0.91,19,0,2.83,1.69,18,3
amnésique,amnesic,amnestisch,ADJ,9,3,2.44,0.47,19,1,20,0,1,19,20,0,uniquely human,3.2,1.7,20,0,5.16,2.01,19,0,4.75,1.33,20,1,5.3,1.45,20,2,2.3,0.73,20,0,2.6,1.96,20,0
amorphe,lifeless,energielos,ADJ,7,2,0.14,0.88,15,5,20,0,12,8,20,4,preferentially human,3.15,1.5,20,0,3.16,1.98,19,0,4.65,1.6,20,1,4.63,1.3,19,0,2.32,0.82,19,0,5.2,1.61,20,2
amoureux,in love,verliebt,ADJ,8,3,63.41,31.28,20,0,20,0,3,17,20,1,preferentially human,4.7,1.56,20,0,6.26,0.99,19,0,4.6,2.04,20,0,4.63,1.38,19,1,6.4,0.75,20,1,4.15,1.35,20,1
amusant,amusing,unterhaltend,ADJ,7,3,25.24,13.04,20,0,20,0,17,3,20,1,preferentially human,3.9,1.62,20,1,6.61,0.7,18,0,3.5,1.36,20,0,4,1.34,20,0,6.1,0.72,20,0,4.35,1.98,20,0
angoissé,anxious,beklommen,ADJ,8,3,0.28,2.57,20,0,20,0,1,19,20,0,uniquely human,4.25,1.68,20,0,5.95,1.22,19,0,5.16,0.96,19,0,3.2,1.44,20,0,1.95,0.69,20,0,4.05,1.23,20,0
anorexique,anorexic,magersüchtig,ADJ,10,4,0.31,0.34,18,1,19,0,1,19,20,1,uniquely human,4.75,1.86,20,0,4.85,2.13,20,0,5.25,1.92,20,0,5,0.97,20,0,1.65,0.67,20,0,5.85,1.18,20,0
anxieux,anxious,ängstlich,ADJ,7,2,2.83,6.35,20,0,20,0,0,20,20,0,uniquely human,3.4,1.43,20,3,5.55,1.5,20,0,4.5,1.05,20,0,3.63,1.26,19,0,2.15,0.75,20,0,4.2,1.32,20,0
apaisant,soothing,beruhigend,ADJ,8,3,0.7,2.3,19,1,20,2,18,2,20,1,both,3.85,1.6,20,0,5.65,1.18,20,0,2.9,1.21,20,0,4.2,1.2,20,0,5.85,0.67,20,0,3.05,1.54,20,1
apathique,apathetic,apathisch,ADJ,9,3,0.46,0.41,19,1,20,1,6,14,20,2,preferentially human,2.83,1.58,18,0,3.58,2.04,19,1,4.9,1.52,20,1,5.06,1.3,18,0,2.83,1.2,18,3,3.41,1.46,17,1
apeuré,frightened,verängstigt,ADJ,6,3,0.69,2.36,20,0,20,0,3,17,20,0,preferentially human,3.5,1.47,20,0,4.4,2.09,20,0,4.2,1.4,20,0,2.85,1.53,20,0,2.6,0.68,20,0,4,1.56,20,1
aplati,flattened,platt,PPADJ,6,3,0.09,1.35,2,18,20,2,20,0,20,0,uniquely non-human,5,1.56,20,0,4.7,1.95,20,0,3.95,1.67,20,1,5.45,1.39,20,0,3,1.03,20,1,5.6,1.5,20,0
appétissant,appetizing,appetitlich,ADJ,11,4,0.77,0.88,4,16,20,1,19,1,20,1,preferentially non-human,5.5,1.82,20,0,5.8,1.2,20,0,4.05,1.32,20,0,4.2,1.28,20,3,6,0.73,20,0,5.45,1.43,20,0
appliqué,devoted,eifrig,PPADJ,8,3,0.12,2.09,19,1,20,0,12,8,20,1,preferentially human,3.05,1.39,20,0,5.53,1.35,19,0,3.9,0.79,20,0,4.05,1.47,20,0,5.26,0.81,19,0,3.6,1.67,20,0
âpre,bitter,herb,ADJ,4,1,1.32,7.7,3,15,18,6,18,2,20,2,preferentially non-human,3,1.52,20,1,3.37,1.77,19,2,4.47,1.02,19,5,4.56,1.5,16,3,2.81,1.11,16,3,2.64,1.01,14,4
aqueux,watery,wässrig,ADJ,6,2,0.02,0.34,1,19,20,0,20,0,20,0,uniquely non-human,4.2,1.58,20,0,3.89,2.26,19,2,3.58,1.8,19,4,4.8,1.7,20,1,3.61,0.7,18,3,5,1.56,19,0
arboré,covered by trees,mit Bäumen bestanden,ADJ,6,3,missing,entry,0,20,20,1,18,2,20,4,uniquely non-human,3.65,1.87,20,1,3.5,1.95,18,2,3.65,1.6,20,5,4.84,1.3,19,1,4.41,0.8,17,3,5.12,1.83,17,2
arctique,arctic,arktisch,ADJ,8,2,0.37,0.27,0,18,18,3,16,4,20,2,preferentially non-human,3.11,1.45,19,4,3.68,2.11,19,2,4.25,1.52,20,3,5.5,1.43,20,4,3.89,0.58,18,1,4.33,2.2,18,2
argenté,silvery,silbrig,ADJ,7,3,0.68,3.99,1,19,20,0,20,0,20,0,uniquely non-human,4.3,1.84,20,0,4.85,1.98,20,0,3.3,0.98,20,0,5.65,1.53,20,2,4.83,0.71,18,2,5.95,1.76,20,1
argileux,clayey,lehmig,ADJ,8,3,0,0.34,1,19,20,0,19,1,20,0,uniquely non-human,4.25,1.8,20,0,3.4,2.11,20,0,2.84,0.9,19,5,5.55,1.36,20,0,3.5,1.05,20,1,4.95,1.67,20,0
aride,arid,ausgedörrt,ADJ,5,2,1.17,4.26,1,19,20,0,17,3,20,2,preferentially non-human,4.35,1.53,20,1,3.6,1.96,20,0,5.5,1,20,1,5.25,1.21,20,1,2.63,0.68,19,2,5.72,1.18,18,1
arqué,arched,gebogen,ADJ,5,2,0.02,0.47,5,15,20,1,19,1,20,2,preferentially non-human,3.45,1.7,20,0,3.35,1.79,20,0,3,0.88,19,2,5.44,1.38,18,3,3.79,0.63,19,1,5.72,1.32,18,2
arrangeant,accommodating,entgegenkommend,ADJ,10,3,0.03,0.2,14,6,20,2,9,10,19,2,preferentially human,2.25,1.12,20,2,4.55,1.79,20,1,3.8,1.2,20,0,3.95,1.1,20,2,4.8,0.95,20,1,2.35,1.5,20,5
arrogant,arrogant,arrogant,ADJ,8,3,2.98,2.16,20,0,20,0,2,18,20,2,uniquely human,2.9,1.45,20,1,4.95,2.11,20,0,5.26,0.73,19,0,4.84,1.26,19,0,1.95,0.62,19,0,4.1,1.65,20,0
arrondi,round,rund,PPADJ,7,3,0.2,2.91,4,16,20,0,20,0,20,0,preferentially non-human,4.55,1.96,20,0,4.6,2.01,20,0,3.05,1.36,20,2,5.45,1.05,20,1,3.9,0.79,20,1,5.85,1.5,20,0
aseptique,aseptic,keimfrei,ADJ,9,3,0.01,0.2,10,10,20,5,15,4,19,7,preferentially non-human,3,1.53,19,0,2.89,2.02,19,3,4.63,0.76,19,5,4.61,1.14,18,3,3.67,1.05,15,3,2.75,1.61,16,3
assermenté,sworn in,vereidigt,PPADJ,10,4,0.32,0.07,13,5,18,3,5,14,19,5,preferentially human,2.37,1.16,19,3,3.05,2.04,19,1,4.42,1.68,19,1,4.44,1.82,16,5,3.94,0.87,18,2,1.67,0.91,18,4
assidu,assiduous,emsig,ADJ,6,3,0.5,1.01,16,3,19,2,4,16,20,1,preferentially human,2.75,1.59,20,1,4.05,1.73,20,1,4.35,1.14,20,1,5.16,1.12,19,0,5.15,1.09,20,1,2.5,1.5,20,0
astucieux,shrewd,pfiffig,ADJ,9,3,3.52,1.28,18,2,20,1,13,7,20,1,preferentially human,2.8,1.44,20,0,5.4,1.47,20,0,4.15,0.99,20,0,5.05,1,20,1,5.84,0.69,19,0,2.5,1.1,20,2
athée,atheistic,atheistisch,ADJ,5,2,1.15,1.62,20,0,20,0,3,17,20,0,preferentially human,2.55,1.54,20,0,5.58,1.07,19,0,3.9,1.62,20,2,6.11,0.99,19,0,4,1.41,20,1,1.39,0.7,18,0
athlétique,athletic,athletisch,ADJ,10,3,0.65,2.16,20,0,20,0,3,17,20,0,preferentially human,4.35,1.87,20,0,5.05,1.64,20,0,4.45,1.47,20,0,5,0.92,20,0,5.65,0.75,20,0,5.45,1.76,20,0
atomique,atomic,atomar,ADJ,8,3,5.3,6.22,1,19,20,0,18,2,20,1,uniquely non-human,3.35,1.93,20,1,4.2,2.24,20,1,4.7,1.59,20,2,4.95,2.16,20,2,3.1,1.21,20,0,3.58,2.01,19,2
attentif,attentive,aufmerksam,ADJ,8,3,3.77,17.3,20,0,20,0,2,18,20,0,uniquely human,3.3,1.56,20,0,6.2,1.11,20,0,3.5,1.15,20,0,2.9,1.74,20,0,5.6,0.75,20,0,3.8,1.44,20,0
attentionné,thoughtful,rücksichtsvoll,ADJ,11,4,1.73,0.34,20,0,20,0,2,18,20,0,uniquely human,3.45,1.5,20,1,6.21,0.85,19,0,3.85,1.39,20,0,5.11,0.66,19,0,6.32,0.58,19,0,3.1,1.52,20,0
attractif,attractive,attraktiv,ADJ,9,3,0.14,0.27,16,4,20,0,18,2,20,0,both,3.95,1.57,20,0,5.7,1.26,20,0,4.6,0.75,20,0,4.35,1.42,20,0,5.8,0.89,20,0,4.47,1.93,19,1
audacieux,daring,wagemutig,ADJ,9,3,3.06,4.46,20,0,20,0,7,13,20,2,preferentially human,3.26,1.63,19,2,5.1,1.77,20,0,4.45,1.1,20,0,5,1.03,20,0,5.79,0.54,19,0,3.35,1.76,20,0
austère,austere,sittenstreng,ADJ,7,2,1.26,8.24,19,1,20,0,13,7,20,2,preferentially human,2.75,1.37,20,1,3.95,1.76,20,1,4.85,1.18,20,1,5,1.25,19,2,2.16,1.12,19,2,3.9,1.62,20,1
autonome,autonomous,autonom,ADJ,8,3,1.7,1.89,19,1,20,0,8,12,20,4,preferentially human,3.5,1.67,20,1,5.95,1,20,0,3.95,1.57,20,0,5.68,0.67,19,0,5.6,0.99,20,0,3.25,2,20,0
autoritaire,authoritarian,autoritär,ADJ,11,4,1.19,3.31,20,0,20,0,4,16,20,1,preferentially human,3.2,1.4,20,0,5.65,1.46,20,0,5,1.03,20,0,5.3,0.86,20,0,3.1,1.37,20,0,4.15,1.69,20,0
avachi,limp,schlapp,ADJ,6,3,0.04,1.35,17,2,19,1,8,12,20,4,preferentially human,3.65,1.53,20,0,3.55,2.06,20,2,4.28,1.41,18,1,3.5,1.54,18,0,2.6,0.75,20,1,4.61,1.61,18,3
avare,miserly,geizig,ADJ,5,2,2.26,5.95,20,0,20,1,2,18,20,0,uniquely human,3.25,1.33,20,0,4.95,1.57,20,0,5.2,1.15,20,0,5.58,0.69,19,0,1.7,0.73,20,0,2.53,1.39,19,0
avenant,obliging,einnehmend,ADJ,7,2,0.52,0.88,17,3,20,0,6,14,20,3,preferentially human,2.68,1.34,19,1,3.74,1.97,19,0,3.58,0.9,19,2,4.22,1.52,18,0,4.95,0.97,19,0,3.42,1.61,19,1
aventureux,adventurous,abenteuerlustig,ADJ,10,4,0.69,1.69,20,0,20,0,2,18,20,0,uniquely human,3.3,1.81,20,1,5.2,1.47,20,0,4.7,1.08,20,0,5.16,1.17,19,0,5.47,0.77,19,0,3.65,1.63,20,0
averti,well-informed,erfahren,PPADJ,6,3,0.64,2.16,20,0,20,0,2,18,20,1,uniquely human,3.35,2.16,20,0,4.6,1.82,20,0,3.3,1.13,20,0,4.3,1.59,20,0,4.85,0.88,20,0,3,1.75,20,2
avide,greedy,gierig,ADJ,5,2,1.94,10.34,19,1,20,0,4,16,20,2,preferentially human,2.8,1.51,20,2,4.5,1.7,20,0,4.8,1.28,20,0,4.1,1.07,20,0,3.3,1.59,20,0,2.68,1.42,19,0
avisé,prudent,besonnen,ADJ,5,3,0.86,1.35,17,2,19,2,4,16,20,1,preferentially human,2.55,2.01,20,1,3.9,1.97,20,0,3.95,1.23,20,1,4.25,1.25,20,0,4.8,1.24,20,0,2.56,1.34,18,2
azoté,nitrogenous,stickstoffhaltig,ADJ,5,3,0,0,0,20,20,0,18,2,20,0,uniquely non-human,3.35,1.6,20,0,2.17,1.34,18,1,3.7,1.75,20,6,5.7,1.08,20,2,3.37,1.07,19,3,1.5,0.86,18,1
balafré,scarred,vernarbt,ADJ,7,3,0.35,0.88,18,2,20,0,12,8,20,2,preferentially human,4.16,1.54,19,0,3.22,2.13,18,1,4.85,1.35,20,1,5.53,1.68,19,0,2.47,0.9,19,0,6.5,0.63,16,0
balourd,gawky,trottelig,ADJ,7,2,0.41,0.54,18,1,19,1,4,16,20,3,preferentially human,3.8,1.54,20,0,3.42,2.04,19,0,4.85,1.14,20,1,4.7,0.8,20,0,2.16,0.96,19,1,4.18,1.47,17,0
baraqué,muscular,breitschultrig,ADJ,7,3,0.96,0.41,20,0,20,0,5,15,20,1,preferentially human,4.3,1.84,20,0,5.3,1.34,20,0,4.35,1.31,20,0,5.16,0.9,19,0,4.79,0.79,19,0,6.16,0.96,19,0
barbu,bearded,bärtig,ADJ,5,2,1.27,5.41,20,0,20,0,6,14,20,1,preferentially human,4.35,2.11,20,0,5.25,1.89,20,0,3.5,1.67,20,0,4.1,1.52,20,0,3.68,0.48,19,0,6.65,0.67,20,0
bas,low,niedrig,ADJ,3,1,73.86,99.8,5,15,20,2,18,2,20,1,preferentially non-human,2.65,1.57,20,0,5.45,2.01,20,0,3.45,1.57,20,0,4.58,1.77,19,4,3.2,1.15,20,0,6.26,0.93,19,0
basané,swarthy,dunkelhäutig/braungebrannt,ADJ,6,3,0.32,1.69,20,0,20,0,7,12,19,0,preferentially human,4.5,1.76,20,0,5.2,1.91,20,0,3.45,1.1,20,0,5.85,1.23,20,0,4.25,0.55,20,1,6.42,0.9,19,0
basculant,folding,kipp-/klappbar,ADJ,9,3,0.04,0.54,1,19,20,1,18,2,20,0,uniquely non-human,3.15,1.18,20,1,3.6,2.06,20,1,3.55,1.39,20,1,4,1.92,20,1,3,0.97,20,1,4.55,1.88,20,0
basique,basic,basisch,ADJ,7,2,0.85,0,4,16,20,0,20,0,20,1,preferentially non-human,2.7,1.56,20,1,5,1.69,20,0,2.95,1.5,20,0,5.2,1.4,20,0,3.89,0.81,19,1,2.9,1.77,20,2
batailleur,quarrelsome,streitsuechtig,ADJ,10,3,0,0.61,18,2,20,1,2,18,20,0,uniquely human,3.2,1.32,20,0,4.1,2,20,0,4.6,1.27,20,0,4.7,0.98,20,0,3.9,1.29,20,0,2.95,1.43,20,1
bavard,talkative,geschwätzig,ADJ,6,2,2.39,4.86,20,0,20,0,1,19,20,1,uniquely human,4.4,1.67,20,0,6.05,1,20,0,4.2,1.44,20,0,5.11,0.99,19,0,3.37,1.07,19,0,3.65,2.06,20,0
béat,blissfully happy,glückselig,ADJ,4,2,0.21,1.89,18,2,20,0,2,18,20,0,uniquely human,3.2,1.61,20,1,3.21,1.75,19,0,4.1,1.37,20,0,2.79,1.62,19,0,3.8,1.28,20,0,4.25,1.12,20,1
beau,beautiful,schön,ADJ,4,1,281.23,270.07,19,1,20,0,18,2,20,2,both,5.1,1.55,20,0,6.5,0.76,20,0,3.45,1.57,20,0,4.9,1.29,20,1,6.25,0.85,20,0,5.5,1.96,20,2
belliqueux,belligerent,kampflustig,ADJ,10,3,0.41,1.28,16,2,18,4,5,15,20,1,preferentially human,2.8,1.24,20,0,3.45,1.82,20,0,4.95,1.23,20,3,4.55,1.23,20,1,2.44,1.1,18,1,3.45,1.76,20,2
besogneux,needy,bedürftig,ADJ,9,3,0,1.28,17,2,19,4,5,15,20,2,preferentially human,2.8,1.44,20,1,3.3,2,20,1,3.79,1.23,19,4,4.75,1.21,20,0,4.06,0.83,17,4,2.71,1.26,17,2
bête,daft,blöd,ADJ,4,1,51.33,33.31,20,0,20,0,9,11,20,1,preferentially human,3.4,1.7,20,0,6,1.25,19,0,4.2,1.44,20,0,5.05,1.47,20,0,1.65,0.75,20,0,2.9,1.55,20,2
beurré,buttered/to get plastered,gebuttert/besoffen,ADJ,6,2,0.43,0.74,9,11,20,0,17,3,20,0,preferentially non-human,4.7,1.98,20,0,4.7,1.95,20,0,4,1.34,20,1,3.65,1.31,20,2,2.89,0.99,19,2,5.25,1.74,20,0
bicolore,two-colored,zweifarbig,ADJ,8,3,0.15,0.47,0,20,20,0,19,1,20,0,uniquely non-human,4.35,1.95,20,0,4.4,1.93,20,1,3.2,1.47,20,5,5.7,1.26,20,2,4.32,0.58,19,1,6.68,0.75,19,0
bienheureux,blissful,glückselig,ADJ,11,3,2.09,2.84,20,0,20,0,1,19,20,0,uniquely human,3.4,1.54,20,0,4.9,1.8,20,0,3.85,1.31,20,0,4.7,1.08,20,0,5.89,0.94,19,0,4.15,1.46,20,2
bienveillant,benevolent,wohlwollend,ADJ,12,3,0.84,2.97,20,0,20,1,4,16,20,0,preferentially human,3.5,1.47,20,1,5.25,1.62,20,0,3.5,1.24,20,0,5.1,1.07,20,0,6.11,0.66,19,0,2.89,1.29,19,0
binoclard,bespectacled,Brille tragend,ADJ,9,3,2.22,2.09,20,0,20,0,3,17,20,1,preferentially human,4.35,1.95,20,1,4.11,2.05,18,1,4.35,1.35,20,1,5.33,1.57,18,1,2.26,0.87,19,0,6.22,1.11,18,0
biodégradable,biodegradable,biologisch abbaubar,ADJ,13,4,0.1,0.07,0,20,20,0,20,0,20,0,uniquely non-human,4.25,1.52,20,0,4.75,1.86,20,0,3.2,1.7,20,1,5.2,1.99,20,1,5.95,0.85,19,0,3,1.86,20,0
bionique,bionic,bionisch,ADJ,8,2,0.24,0,4,16,20,1,19,1,20,1,preferentially non-human,2.67,1.41,18,2,2,1.33,19,2,4.11,1.56,19,8,4.89,1.73,19,5,3.95,0.91,19,1,3.06,2.21,16,4
biplace,two-seat,zweisitzig,ADJ,7,2,0.02,0,0,20,20,0,18,2,20,2,uniquely non-human,3.26,2.05,19,2,2.7,1.89,20,2,3.1,1.37,20,6,5.44,1.25,18,5,4.22,0.55,18,3,6.17,1.04,18,0
blafard,pallid,bleich,ADJ,7,2,0.37,4.8,17,2,19,1,9,11,20,1,preferentially human,3.61,1.72,18,2,3.35,2.32,17,2,4.61,1.38,18,3,2.94,0.44,16,1,2.35,0.79,17,0,4.41,1.77,17,1
blême,pale,leichenblass,ADJ,5,1,1.16,11.62,11,8,19,1,8,12,20,0,preferentially human,3.63,1.21,19,0,3.55,1.9,20,1,3.89,1.2,19,3,3.67,1.03,18,0,2.76,0.9,17,1,4.71,1.98,14,2
blindé,armored,gepanzert,PPADJ,6,2,1.44,1.35,9,11,20,0,19,1,20,0,preferentially non-human,3.65,1.42,20,0,5.55,1.88,20,0,4.8,1.15,20,1,5.79,0.98,19,1,4.47,1.02,19,2,4.55,2.16,20,0
blond,blonde,blond,ADJ,5,1,8.73,21.28,20,0,20,0,11,9,20,4,preferentially human,4.75,1.92,20,0,6.5,0.62,18,0,3,1.62,20,4,6.16,0.76,19,0,4.37,0.5,19,1,6.74,0.56,19,0
boisé,wooded,bewaldet,PPADJ,5,2,0.15,0.61,1,19,20,0,18,2,20,0,uniquely non-human,4.7,1.56,20,0,4,2.08,20,0,3.4,1.54,20,5,5.6,1.27,20,1,4.59,1,17,2,6.11,1.1,19,0
boiteux,lame,hinkend,ADJ,7,2,2.02,2.23,18,2,20,0,14,6,20,1,preferentially human,3.85,1.93,20,0,4.3,2.03,20,0,4.05,1.15,20,0,4.5,1.4,20,1,2.75,0.72,20,0,5.8,1.2,20,0
bombé,cambered,gewölbt,PPADJ,5,2,0.16,2.43,3,17,20,0,20,0,20,0,preferentially non-human,4.25,1.52,20,0,4.2,1.99,20,0,3.7,1.26,20,0,5.15,1.04,20,2,4,0.82,19,2,5.4,1.82,20,0
bonasse,meek,duldsam,ADJ,7,2,0.08,1.62,14,5,19,4,1,19,20,0,preferentially human,4.35,1.93,20,0,4.95,2.01,20,1,5.11,1.29,19,1,4.9,1.41,20,1,3.25,2.1,20,1,6.05,1.13,19,0
bordélique,messy,schlampig,ADJ,10,3,0.6,0.54,20,0,20,0,12,8,20,1,preferentially human,3.55,1.76,20,1,6.05,1.36,20,0,5.05,1.36,20,0,4.65,1.66,20,0,2.1,0.64,20,0,4.5,1.7,20,1
borgne,one-eyed/shady,einäugig/finster,ADJ,6,1,1.67,3.45,19,1,20,0,5,15,20,3,preferentially human,3.47,1.87,19,2,3.45,2.19,20,1,4.7,1.26,20,3,6,1.05,19,1,2.5,1.05,20,0,6.21,1.08,19,0
borné,close-minded,engstirnig,PPADJ,5,2,2.07,1.96,20,0,20,0,4,16,20,2,preferentially human,3.15,1.79,20,0,4.8,1.51,20,0,4.83,0.62,18,1,5.05,1,20,0,2.11,0.57,19,0,3.25,1.89,20,2
bossu,hunchbacked,buckelig,ADJ,5,2,1.58,2.03,19,1,20,1,15,5,20,0,preferentially human,4.35,1.69,20,0,4,2.03,20,0,4.25,1.37,20,0,5.84,1.01,19,0,2.45,0.89,20,1,6.35,0.75,20,0
botanique,botanical,botanisch,ADJ,9,3,0.7,0.47,0,20,20,0,19,1,20,0,uniquely non-human,3.6,1.5,20,1,3.75,2.22,20,0,3.37,1.46,19,3,5.32,1.34,19,5,4.4,0.68,20,2,4.53,2.01,19,4
bouché,blocked,verstopft,PPADJ,6,2,1.22,1.35,14,6,20,1,17,3,20,0,preferentially non-human,3.75,1.83,20,0,5.05,1.76,20,0,4.15,1.09,20,1,3.53,1.02,19,2,2.6,0.82,20,1,5.05,1.96,20,0
boudeur,sulky,schmollend,ADJ,7,2,0.01,2.09,20,0,20,0,1,19,20,0,uniquely human,3.35,1.5,20,0,5.15,1.81,20,0,4,0.92,20,0,3.7,1.34,20,0,2.2,0.7,20,0,3.65,1.69,20,0
bougon,grumpy,mürrisch,ADJ,6,2,0.13,1.96,11,7,18,5,5,15,20,3,preferentially human,2.44,0.92,18,1,3,1.81,18,0,3.89,1.49,18,7,3.82,1.33,17,3,2.61,0.92,18,1,3.79,1.25,14,2
bouilli,boiled,gekocht,ADJ,7,2,0.37,2.36,2,18,20,0,19,1,20,0,uniquely non-human,4.85,1.73,20,1,4.05,1.88,20,0,4.4,1.23,20,2,4.35,1.84,20,0,3.2,1.01,20,2,4,1.78,20,2
bouillonnant,bubbling,sprudelnd,ADJ,12,3,0.16,1.01,8,12,20,1,17,3,20,2,preferentially non-human,5.05,1.47,20,0,4.5,1.85,20,0,5.3,1.22,20,0,2.95,1.36,20,0,4.05,1,20,0,5.35,1.76,20,0
bourgeois,bourgeois,bürgerlich,ADJ,9,2,3.12,11.82,20,0,20,0,8,12,20,0,preferentially human,3.45,1.82,20,1,5.05,1.67,20,0,4.1,1.37,20,0,5.3,0.92,20,1,3.65,1.27,20,0,4.45,1.39,20,1
bourratif,filling,sättigend,ADJ,9,3,0.02,0.07,4,16,20,0,18,2,20,0,preferentially non-human,4.65,1.63,20,1,5.2,1.2,20,0,4.8,1.32,20,1,3.95,1.15,20,2,2.85,1.27,20,0,3.35,1.6,20,1
bourru,gruff/rough,raubeinig/grob,ADJ,6,2,0.28,3.51,12,7,19,2,6,14,20,5,preferentially human,3.15,1.66,20,2,3.15,1.9,20,0,4.53,1.02,19,2,4.12,0.93,17,3,2.83,0.92,18,1,4.31,1.85,16,1
boutonneux,spotty,pickelig,ADJ,10,3,0.55,1.55,20,0,20,0,12,8,20,2,preferentially human,4.4,1.85,20,0,5.3,1.81,20,0,4.5,1.24,20,0,3.9,1.25,20,0,2.1,0.72,20,0,6.32,0.75,19,0
brave,decent/brave,anständig/tapfer,ADJ,5,1,24.55,23.31,20,0,20,0,4,16,20,0,preferentially human,3.15,1.95,20,0,5.35,1.76,20,0,4.05,1.47,20,0,5.15,0.93,20,0,5.79,0.85,19,0,2.95,1.54,19,1
brodé,embroidered,bestickt,PPADJ,5,2,0.13,2.64,0,20,20,0,19,1,20,0,uniquely non-human,3.25,1.55,20,1,3.7,2.05,20,1,3.45,1.67,20,2,5.1,1.65,20,2,4.26,0.73,19,2,5.74,1.33,19,0
bronzé,tanned,sonnengebräunt,ADJ,6,2,1.65,2.84,20,0,20,0,11,9,20,1,preferentially human,4.95,1.7,20,0,6.05,1.13,19,0,4,1.52,20,1,3.32,1.06,19,1,5.1,0.85,20,0,6.58,0.84,19,0
brouillon,untidy,unordentlich,ADJ,9,2,0.1,0.95,11,9,20,0,18,2,20,1,preferentially non-human,3.35,1.6,20,0,5.45,1.9,20,0,4.25,1.41,20,0,4.11,1.24,19,0,2.75,0.97,20,0,4.2,1.77,20,0
broussailleux,brushy,mit Gestrüpp bewachsen,ADJ,13,3,0.03,1.35,3,17,20,1,18,2,20,0,preferentially non-human,4,1.45,20,0,3.15,1.98,20,0,3.95,1.5,20,1,4,1.03,18,0,2.95,0.89,20,0,5.67,1.37,18,1
brûlant,burning/boiling,glühend heiss,ADJ,7,2,4.48,15.68,6,14,20,2,18,2,20,0,preferentially non-human,6.05,1.05,20,0,5.95,1.22,19,0,6,0.92,20,0,3.75,1.41,20,0,2.55,0.83,20,0,4.05,1.85,20,0
brun,brunette,braunhaarig,ADJ,4,1,3.39,21.35,18,2,20,0,18,2,20,1,both,5.53,1.17,19,0,6,1.3,20,0,3,1.78,20,3,5.95,1.19,20,0,4.15,0.75,20,0,6.53,1.26,19,0
brusque,brusque,barsch,ADJ,7,1,1.77,26.76,19,1,20,0,10,10,20,1,preferentially human,3.75,1.74,20,0,5.4,1.54,20,0,4.8,1.2,20,0,4,1.49,20,1,2.35,0.49,20,0,3.5,1.47,20,0
buté,obstinate,halsstarrig,PPADJ,4,2,1.06,6.28,18,2,20,1,5,15,20,0,preferentially human,3.2,1.74,20,0,4.6,1.79,20,0,4.75,0.91,20,0,4.75,1.33,20,0,2.7,0.73,20,1,2.95,1.47,19,1
buvable,drinkable,trinkbar,ADJ,7,2,0.21,0.61,5,15,20,1,19,1,20,0,preferentially non-human,4.85,1.66,20,0,5.26,1.33,19,1,2.79,0.98,19,0,5.2,1.36,20,0,4.65,0.81,20,0,3.75,1.71,20,0
cabossé,dented/battered,verbeult,PPADJ,7,3,0.4,1.62,2,18,20,0,19,1,20,0,uniquely non-human,3.5,1.96,20,0,3.9,1.92,20,0,3.9,1.07,20,0,5.1,1.55,20,1,2.4,0.68,20,0,6,0.82,19,0
câchère,kosher,koscher,ADJ,7,2,0,0,0,19,19,2,14,6,20,7,preferentially non-human,2.78,1.26,18,1,2.41,1.87,17,2,3.67,1.41,18,6,4.63,1.2,16,6,3.4,0.91,15,3,2.24,1.35,17,6
cafardeux,gloomy,trübselig,ADJ,9,3,0.07,0.34,16,4,20,1,11,9,20,2,preferentially human,3.4,1.47,20,0,3.7,1.84,20,0,5,0.88,19,0,3.75,1.16,20,0,2.05,0.85,19,0,3.85,2.01,20,3
cahoteux,bumpy,holprig,ADJ,8,3,0.05,0.61,2,16,18,3,17,3,20,1,preferentially non-human,2.72,0.96,18,2,2.5,1.47,18,4,4.37,0.9,19,1,4.31,1.3,16,4,2.82,0.88,17,2,4.25,1.66,12,5
caillouteux,stony,steinig,ADJ,11,3,0.2,1.35,1,19,20,0,19,1,20,0,uniquely non-human,4.85,1.6,20,0,3.75,1.97,20,1,3.7,1.78,20,0,5.65,1.04,20,1,2.95,0.85,19,1,5.37,1.54,19,0
calcaire,calcareous/limy,kalkig,ADJ,8,2,0.1,0.41,1,19,20,0,18,2,20,0,uniquely non-human,4.35,1.39,20,0,4.05,2.24,20,1,3.05,1.18,19,5,5.42,1.5,19,2,3.35,0.81,20,0,5.15,1.84,20,0
calcifié,calcified,verkalkt,ADJ,8,3,0.01,0,0,20,20,0,18,2,20,2,uniquely non-human,3.6,1.39,20,0,3,1.72,20,2,4.39,1.2,18,5,5.68,1.2,19,1,3.16,0.96,19,1,4.94,1.73,16,3
calciné,burnt,verbrannt,PPADJ,7,3,0.12,0.68,3,17,20,2,19,1,20,0,preferentially non-human,3.85,1.5,20,2,3.35,2.03,20,1,5.35,1.09,20,0,5.67,1.03,18,2,2.47,1.22,19,2,6,1.17,17,2
calme,calm,ruhig,ADJ,5,1,58.78,65.81,20,0,20,0,10,10,20,3,preferentially human,3.65,1.73,20,1,6.58,0.77,19,0,2.9,1.29,20,0,4.25,1.21,20,0,4.95,0.69,20,0,3.85,1.14,20,0
candide,candid,arglos,ADJ,7,2,0.89,3.92,12,7,19,4,4,16,20,3,preferentially human,2.65,1.27,17,1,3.63,1.98,19,0,4.05,1.58,19,4,4.56,1.1,18,4,3.88,1.15,16,3,3,1.83,16,6
caoutchouteux,rubbery,gummiartig,ADJ,13,4,0.06,0.54,1,19,20,0,20,0,20,0,uniquely non-human,5.25,1.62,20,0,3.8,2.21,20,2,3.4,1.27,20,2,5.85,1.09,20,1,3.37,0.83,19,1,4.85,1.76,20,0
capable,capable,fähig,ADJ,7,2,65.15,69.73,20,0,20,0,5,15,20,0,preferentially human,2.95,1.47,20,0,6.05,1.08,19,0,3.53,1.02,19,0,4.95,1.08,19,0,5.8,0.89,20,0,2.3,1.34,20,1
capricieux,capricious,launisch,ADJ,10,3,2.12,3.04,20,0,20,0,5,15,20,1,preferentially human,3.35,1.66,20,2,5.4,1.93,20,0,4.85,1.14,20,0,4.5,1.43,20,1,2.5,0.69,20,1,3.2,1.82,20,1
carré,angular/broad-shouldered,eckig/breitschuldrig,ADJ,5,2,2.67,8.18,7,13,20,0,19,1,20,1,preferentially non-human,4.6,1.88,20,1,5.35,1.6,20,0,3.15,1.57,20,3,6.37,0.68,19,1,3.47,0.9,19,2,6.68,0.75,19,0
carrossable,suitable for motor vehicles,befahrbar,ADJ,11,3,0,0.47,0,20,20,0,18,2,20,1,uniquely non-human,2.8,1.28,20,1,2.6,1.57,20,2,3.58,0.9,19,3,5,1.25,19,2,4.47,0.64,15,4,4.06,1.64,17,0
casqué,helmeted,behelmt,ADJ,6,2,0.06,0.95,10,9,19,0,15,4,19,3,preferentially non-human,3.5,1.67,20,0,3.95,2.04,20,0,3.16,1.07,19,1,2.56,0.86,18,0,4.17,0.62,18,2,5.9,1.25,20,0
cassable,breakable,zerbrechlich,ADJ,8,2,0.01,0.14,2,18,20,1,20,0,20,0,uniquely non-human,4.25,1.77,20,0,4.85,1.46,20,1,3.35,1.57,20,0,5.2,1.64,20,0,2.5,0.89,20,1,4.45,1.57,20,0
cassé,broken,kaputt,PPADJ,5,2,11.48,7.43,6,14,20,0,18,2,20,0,preferentially non-human,3.95,1.73,20,1,5.85,1.6,20,0,4.05,1.23,20,0,5.53,1.35,19,1,1.95,0.62,19,1,5.9,1.21,20,0
causeur,chatty,gesprächig/plauderig,ADJ,7,2,0.29,0.14,17,3,20,1,2,18,20,1,preferentially human,3.65,1.87,20,0,4.1,1.92,20,1,3.6,1.19,20,1,4.6,1.1,20,0,4.1,1.48,20,0,3.35,1.98,20,0
caustique,caustic/biting,kaustisch/ätzend,ADJ,9,2,0.34,1.15,8,11,19,5,15,5,20,5,preferentially non-human,3.29,1.79,17,1,3.05,2.11,20,2,4.05,1.43,20,4,4.59,1.5,17,3,3.56,0.78,18,0,3,1.81,15,5
chaleureux,warm-hearted,herzlich,ADJ,10,3,3.96,6.22,20,0,20,0,14,6,20,3,preferentially human,4.9,1.71,20,0,5.74,1.24,19,0,4.1,1.62,20,0,5.1,0.91,20,0,6.2,0.7,20,0,4.35,1.79,20,0
changeant,fickle/changing,wechselhaft,ADJ,9,2,1.19,1.89,17,3,20,0,14,6,20,2,preferentially human,3,1.65,20,0,5.2,1.58,20,1,3.55,1.05,20,1,2.65,1.69,20,1,3.21,0.85,19,0,3.4,2.06,20,1
charitable,charitable,karitativ,ADJ,10,3,2.9,2.7,19,1,20,0,5,15,20,1,preferentially human,3.3,2,20,1,4.3,1.92,20,0,3.85,1.46,20,0,4.75,0.91,20,0,5.75,0.72,20,0,2.9,1.33,20,0
charmant,charming,charmant,ADJ,8,2,27.52,19.86,20,0,20,0,9,11,20,1,preferentially human,3.8,1.58,20,1,6.11,0.99,19,0,3.65,1.35,20,0,4.65,0.88,20,0,6.25,0.64,20,0,4.45,1.47,20,0
charmé,charmed,entzückt,PPADJ,6,2,0.39,0.81,20,0,20,0,0,20,20,3,uniquely human,3.4,1.73,20,0,5.75,1.33,20,0,3.5,1.36,20,0,3.63,0.76,19,0,5.8,0.83,20,0,3.9,1.52,20,1
chaste,chaste,keusch,ADJ,6,1,1.5,4.32,18,2,20,0,7,13,20,0,preferentially human,3.1,1.52,20,0,3.75,2.24,20,1,4.5,1.32,20,2,4.4,1.39,20,1,4,0.59,18,1,2.26,1.24,19,1
chauffé,heated,beheizt,PPADJ,7,2,missing,entry,3,17,20,0,19,1,20,0,preferentially non-human,5.1,1.37,20,0,6.17,0.99,18,0,3.25,1.37,20,1,3.35,1.39,20,1,4.6,0.75,20,1,3.7,1.81,20,0
chauve,bald,kahlköpfig,ADJ,6,1,5.25,9.46,20,0,20,0,5,15,20,0,preferentially human,4.8,1.82,20,0,5.2,1.99,20,0,4.15,1.98,20,1,6.15,0.67,20,0,2.75,0.91,20,0,6.68,0.48,19,0
chevelu,(long)haired,haarig,ADJ,7,2,1.31,2.36,20,0,20,0,10,10,20,2,preferentially human,4.9,1.59,20,0,4.9,1.8,20,0,3.4,1.5,20,0,4.4,1.64,20,1,4.25,0.91,20,1,6.42,0.69,19,0
chevronné,experienced,erfahren,ADJ,9,3,0.11,0.47,14,6,20,1,6,14,20,2,preferentially human,2.74,1.15,19,2,3.4,1.82,20,2,4.75,0.72,20,2,4.28,1.36,18,2,4.42,1.5,19,0,2.94,1.73,16,0
chic,chic,schick,ADJ,4,1,17.62,12.5,20,0,20,0,16,4,20,1,preferentially human,4.55,1.73,20,0,5.25,1.65,20,0,4,1.49,20,0,4.55,1.23,20,0,5.75,1.02,20,0,5.7,1.13,20,2
chimique,chemical,chemisch,ADJ,8,2,5.4,1.96,0,20,20,1,20,0,20,0,uniquely non-human,4.2,1.54,20,0,4.8,1.99,20,0,3.55,1.39,20,1,6.22,0.88,18,1,3.2,0.77,20,1,3.2,1.79,20,0
chloré,chlorinated,chlorhaltig,ADJ,6,2,0.01,0.07,0,20,20,0,19,1,20,0,uniquely non-human,4.05,1.61,20,0,3.65,1.98,20,0,3.15,1.63,20,4,5.4,1.35,20,2,3.76,0.44,17,5,1.58,1.02,19,3
chromé,containing chrome,chromhaltig,PPADJ,6,2,missing,entry,0,20,20,1,19,1,20,1,uniquely non-human,3.9,2.02,20,0,3.3,1.81,20,0,3.3,1.69,20,4,5,1.6,19,3,4.44,0.7,18,3,5.26,1.63,19,2
cinglé,crazy,verrückt,ADJ,6,2,4.28,1.22,19,1,20,0,3,17,20,2,preferentially human,2.8,1.74,20,1,5.35,1.5,20,0,5.55,1.32,20,0,5.2,1.32,20,0,1.84,0.6,19,0,3.55,1.79,20,1
circonspect,cautious,bedacht,ADJ,11,3,0.04,1.96,9,10,19,5,11,9,20,4,both,2.75,1.59,20,3,3.06,1.43,18,2,3.63,1.01,19,5,4.22,1.11,18,3,3.29,0.69,17,1,2.92,1.62,12,5
ciselé,chiselled/chopped,gemeißelt/gehackt,PPADJ,6,2,0.02,1.15,0,20,20,1,19,1,20,1,uniquely non-human,3.32,1.25,19,1,3.25,1.8,20,0,3.75,1.41,20,2,4.89,1.18,18,3,3.63,0.76,19,2,5.11,1.97,19,1
clairvoyant,clairvoyant,hellseherisch/weitsichtig,ADJ,11,3,0.53,1.01,19,1,20,0,4,16,20,1,preferentially human,3.9,2.05,20,1,4.45,1.79,20,1,3.55,1.15,20,1,4.68,1.6,19,0,5.42,1.02,19,1,2.8,1.77,20,2
coiffé,head-covered,kopf-bedeckt,PPADJ,6,2,0.51,1.15,18,2,20,0,10,10,20,1,preferentially human,4.2,1.67,20,0,5.55,1.82,20,0,3,1.38,20,1,2.75,1.16,20,0,4.75,0.79,20,0,5.8,1.67,20,0
coléreux,irritable,jähzornig,ADJ,8,3,0.73,2.09,19,0,19,0,2,18,20,0,uniquely human,3.53,1.84,19,1,4.95,1.79,20,0,5.25,1.12,20,0,4.3,1.26,20,0,1.9,0.64,20,0,4.2,1.79,20,0
colérique,choleric,cholerisch,ADJ,9,3,0.43,0.61,20,0,20,0,1,19,20,1,uniquely human,4,1.69,20,0,5.45,1.64,20,0,5.35,1.23,20,0,4.45,1.61,20,0,2.1,0.72,20,0,4.2,1.74,20,0
coloré,colored,gefärbt,PPADJ,6,3,0.78,2.36,7,13,20,1,20,0,20,0,preferentially non-human,5.95,1.47,19,0,5.95,1.18,19,0,3.4,1.6,20,1,5.05,1.47,20,1,5.55,0.94,20,2,6.47,0.84,19,0
comestible,edible,essbar,ADJ,10,3,1.04,1.22,1,19,20,0,20,0,20,0,uniquely non-human,4.9,1.77,20,0,5.7,1.42,20,0,2.63,0.9,19,1,5.4,1.1,20,1,5.25,0.79,20,0,2.9,1.45,20,0
comique,funny,lustig,ADJ,7,2,4.33,10.34,20,0,20,0,13,7,20,3,preferentially human,4.1,1.45,20,0,6.3,1.08,20,0,3.3,1.3,20,0,4.79,0.98,19,1,6.05,0.6,20,0,3.8,1.7,20,0
compact,compact,kompakt,ADJ,7,2,0.62,3.24,2,18,20,0,19,1,20,0,uniquely non-human,3.9,1.62,20,0,4.7,1.75,20,0,3.55,1.47,20,0,5.5,1.15,20,1,4.45,1.05,20,1,5.05,1.93,20,0
compatissant,compassionate,teilnahmsvoll,ADJ,12,4,1.01,1.35,20,0,20,0,0,20,20,0,uniquely human,3.4,1.64,20,1,4.85,1.87,20,0,3.65,1.46,20,0,4.35,1.31,20,0,5.4,0.68,20,0,3.25,1.55,20,0
compétent,competent,kompetent,ADJ,9,3,4.45,1.08,20,0,20,0,2,18,20,2,uniquely human,3.15,1.6,20,0,5.7,1.22,20,0,3.95,1.43,20,0,5.45,0.69,20,0,6.15,0.59,20,0,2.7,1.45,20,1
complexé,inhibited,gehemmt,ADJ,8,3,0.04,0.34,19,1,20,0,3,17,20,1,preferentially human,3.95,1.99,20,1,5.65,1.6,20,0,4.7,1.17,20,0,5.16,0.9,19,1,2.2,0.7,20,0,3.1,1.59,20,1
compréhensif,understanding,verständnisvoll,ADJ,12,4,2.73,2.36,19,1,20,0,4,16,20,0,preferentially human,3.05,1.9,20,0,5.95,1.28,20,0,3.35,1.27,20,0,4.55,1.36,20,0,5.75,0.72,20,0,2.65,1.63,20,0
concave,concave,konkav,ADJ,7,2,0.19,1.08,0,20,20,0,20,0,20,0,uniquely non-human,4.05,1.88,20,0,3.55,2.48,20,1,3.3,1.66,20,4,5.95,1.23,20,1,4,0.33,19,3,5.45,1.82,20,1
concentré,concentrated,konzentriert,PPADJ,9,3,1.5,2.09,20,0,20,0,7,13,20,1,preferentially human,4.05,1.93,20,0,6,1.11,19,0,3.85,1.27,20,0,3.2,1.61,20,0,5.58,0.77,19,0,4,1.52,20,0
conciliant,conciliatory,verträglich,ADJ,10,3,0.3,2.09,18,2,20,0,1,19,20,0,uniquely human,2.3,1.3,20,3,4.35,1.6,20,0,3.3,1.08,20,0,4.75,1.21,20,0,5.2,0.7,20,0,2.47,1.31,19,0
condescendant,patronizing,herablassend,ADJ,13,4,0.95,0.95,13,5,18,2,3,17,20,1,preferentially human,2.85,1.31,20,2,4.32,1.57,19,1,4.5,1.24,20,1,4.47,0.87,17,0,2.84,1.12,19,1,3.41,1.73,17,2
confiant,confident,zuversichtlich,ADJ,8,2,2.46,4.73,20,0,20,0,2,18,20,0,uniquely human,2.95,1.39,20,0,5.55,1.47,20,0,3.25,1.16,20,0,4.6,1.05,20,1,5.45,0.89,20,0,3.75,1.68,20,1
confiné,confined,eingeschränkt,PPADJ,7,3,0.34,0.88,4,16,20,1,16,4,20,0,preferentially non-human,3.4,1.64,20,0,4.16,2.12,19,0,3.7,1.26,20,0,4.11,1.05,19,0,3.42,1.22,19,0,4,1.69,20,1
confit,candied,kandiert,PPADJ,6,2,0.25,0.2,3,17,20,0,18,2,20,0,preferentially non-human,3.53,1.81,19,0,3.7,1.95,20,0,3.65,1.46,20,3,4.58,1.22,19,2,3.47,1.39,19,2,4.3,2.03,20,1
congelable,freezable,gefrierbar,ADJ,10,3,0,0,0,20,20,0,20,0,20,0,uniquely non-human,3.8,1.7,20,0,4.05,1.99,20,1,2.95,1.05,20,5,5.05,1.47,20,1,4.21,0.54,19,1,3.75,1.89,20,1
conique,cone-shaped,kegelförmig,ADJ,7,2,0.06,1.76,0,19,19,1,19,1,20,1,uniquely non-human,4,1.63,19,2,3.4,2.5,20,0,3.16,1.54,19,7,5.74,1.1,19,2,3.67,0.69,18,5,6.67,0.69,18,1
consciencieux,conscientious,gewissenhaft,ADJ,13,3,1.45,2.3,20,0,20,0,2,18,20,0,uniquely human,2.9,1.65,20,0,5.1,1.68,20,0,4.1,1.45,20,0,5.55,0.83,20,0,5.75,0.79,20,0,3.2,1.54,20,0
consistant,consistent,konsistent,ADJ,10,3,0.67,1.01,5,15,20,0,18,2,20,0,preferentially non-human,3.9,1.83,20,1,5.15,1.57,20,0,3.4,1.35,20,0,4.8,1.01,20,0,4.37,0.9,19,2,3.9,1.86,20,0
consommable,consumable,geniessbar,ADJ,11,3,0.01,0.47,2,18,20,0,20,0,20,1,uniquely non-human,4.1,1.74,20,1,5.4,1.47,20,0,2.85,1.04,20,0,5.3,1.17,20,0,4.9,0.55,20,1,3.5,1.85,20,0
consterné,appalled,bestürzt,PPADJ,9,3,0.17,1.69,20,0,20,0,1,19,20,0,uniquely human,2.8,1.11,20,2,4.35,1.66,20,0,4.9,1.02,20,0,2.68,0.95,19,0,3.05,1.05,20,0,3.4,1.39,20,0
content,pleased,zufrieden,ADJ,7,2,114.75,51.22,20,0,20,0,1,19,20,0,uniquely human,4.05,1.82,20,0,6.37,0.96,19,0,3.3,1.34,20,0,3.05,1.23,20,0,6.2,0.77,20,0,4.7,1.3,20,0
contrarié,annoyed,verstimmt,PPADJ,9,3,1.32,2.5,20,0,20,0,1,19,20,0,uniquely human,3,1.62,20,2,5.2,1.77,20,0,4.4,0.99,20,0,2.61,0.92,18,0,2.45,0.51,20,0,3.95,1.36,20,0
contrit,contrite,zerknirscht,ADJ,7,2,0.14,1.89,3,13,16,11,8,11,19,9,preferentially non-human,1.94,0.83,17,6,2.19,1.17,16,6,3.88,1.22,17,6,3.62,0.77,13,6,3.38,0.65,13,4,3.2,1.62,10,6
convaincu,convinced,überzeugt,PPADJ,9,3,3.82,8.18,20,0,20,0,1,19,20,0,uniquely human,2.9,1.71,20,1,5.75,1.52,20,1,4.32,1.45,19,0,4.25,1.52,20,0,4.75,0.85,20,0,2.9,1.65,20,0
convexe,convex,konvex,ADJ,7,2,0.07,0.54,1,19,20,1,20,0,20,0,uniquely non-human,3.5,1.82,20,0,3.55,1.79,20,0,3.35,1.5,20,2,5.7,1.22,20,1,3.68,0.58,19,3,5.55,1.73,20,1
corné,horny,hornig,ADJ/PPADJ,5,2,0,0.07,0,20,20,0,19,1,20,1,uniquely non-human,3.6,1.76,20,0,3.5,1.82,20,1,4.11,1.37,19,6,5,1,19,1,3.81,0.4,16,4,5.56,1.54,18,2
corpulent,corpulent,beleibt,ADJ,9,3,0.66,1.08,18,2,20,0,7,13,20,1,preferentially human,4.8,1.74,20,0,4.85,1.69,20,0,4.3,1.38,20,0,5.4,1.1,20,0,3,0.97,20,1,6.05,0.91,19,0
corrompu,corrupt,korrupt,PPADJ,8,3,1.53,0.61,20,0,20,0,5,15,20,2,preferentially human,2.8,1.44,20,2,4.85,2.01,20,0,5.16,0.9,19,0,4.4,1.5,20,0,1.47,0.51,19,1,2,1.53,19,1
corrosif,corrosive,ätzend,ADJ,8,3,0.17,0.61,3,17,20,0,20,0,20,0,preferentially non-human,4.11,1.29,19,0,3.55,1.96,20,0,5.3,1.34,20,0,4.85,1.46,20,1,2.1,0.97,20,0,3.35,1.69,20,1
costaud,hefty,robust,ADJ,7,2,5.84,5.27,20,0,20,0,12,8,20,1,preferentially human,3.8,1.85,20,0,5.5,1.82,20,0,4.4,1.19,20,0,5.55,0.89,20,0,4.85,0.99,20,0,5.75,1.16,20,0
costumé,in fancy dress,kostümiert,ADJ,7,3,0.68,0.54,14,6,20,0,15,5,20,0,both,4.5,1.91,20,0,4.45,2.01,20,0,3.15,1.27,20,1,3.1,1.41,20,0,4.63,0.68,19,1,6.1,0.79,20,1
cotonneux,cottony,wie watte,ADJ,9,3,0.06,1.76,1,18,19,1,19,1,20,0,uniquely non-human,4.85,1.69,20,0,3.2,2.26,20,0,2.95,1.22,19,1,5,1.49,20,2,4.47,1.22,19,2,5.26,1.76,19,1
coulant,flowing/easy-going,fließend/entgegenkommend,ADJ,7,2,0.71,2.64,6,14,20,1,19,1,20,1,preferentially non-human,4.7,1.56,20,0,4.65,1.95,20,0,3.1,1.29,20,0,4.4,1.57,20,2,3.32,0.82,19,2,4.9,1.92,20,2
coupable,guilty,schuldig,ADJ,8,2,46.45,20.2,20,0,20,0,5,15,20,0,preferentially human,3,1.62,20,1,5,1.78,20,0,4.75,1.21,20,0,5.47,1.02,19,0,1.75,0.72,20,0,2.35,1.66,20,0
courageux,courageous,mutig,ADJ,9,3,20.22,8.38,20,0,20,0,1,19,20,0,uniquely human,3.2,1.82,20,1,6.32,1,19,0,4.25,1.37,20,0,5.2,1.11,20,0,6.4,0.68,20,0,3.25,1.59,20,0
courbatu,aching,schmerzend,ADJ,8,3,0.01,0.27,13,6,19,2,8,12,20,3,preferentially human,4.2,1.58,20,0,3.33,1.64,18,3,3.44,1.25,18,1,3.39,1.38,18,2,2.85,1.04,20,1,3.95,1.81,19,0
courbe,curved,gebogen,ADJ,6,1,0.53,3.78,0,20,20,0,19,1,20,0,uniquely non-human,4.05,2.28,20,0,4.7,1.84,20,0,3.2,1.36,20,4,5.35,1.27,20,1,4.06,0.42,18,4,5.55,1.5,20,1
courroucé,wrathful,zornig,ADJ,9,3,0.57,1.49,10,7,17,4,10,10,20,5,both,2.89,1.64,18,4,2.94,1.92,17,1,4,0.82,19,2,3.12,1.05,17,3,3.07,1.03,15,3,3.83,1.64,12,4
courtois,courteous,höflich,ADJ,8,2,1.58,7.03,20,0,20,0,3,17,20,0,preferentially human,2.75,1.52,20,1,4.75,1.86,20,0,3.7,1.34,20,0,4.85,1.35,20,0,5.68,0.82,19,0,3.2,1.32,20,0
cousu,sewn,genäht,PPADJ,5,2,0.14,0.88,0,19,19,2,20,0,20,0,uniquely non-human,4.25,1.92,20,0,4.65,2.13,20,1,2.63,0.83,19,0,4.9,1.17,20,1,3.8,1.2,20,2,4.7,1.63,20,0
coûteux,expensive,teuer,ADJ,7,2,1.6,3.04,3,17,20,1,17,3,20,0,preferentially non-human,3.3,1.59,20,0,5.4,1.79,20,0,4.4,1.14,20,0,5,1.65,20,1,2.65,0.49,20,0,3.6,1.88,20,0
couturé,scarred,narbig,PPADJ,7,3,0,0.27,1,19,20,1,17,3,20,0,preferentially non-human,3.74,2.05,19,1,2.8,1.94,20,3,3.2,1.36,20,3,5,1,19,3,3.79,0.42,19,1,4.89,1.56,19,1
craintif,fearful,furchtsam,ADJ,8,2,0.97,3.92,20,0,20,0,4,16,20,0,preferentially human,3.5,1.79,20,0,5.16,1.8,19,0,4.15,1.04,20,0,4.2,1.44,20,1,2.2,0.62,20,0,4.1,1.41,20,0
craquelé,cracked,rissig,PPADJ,8,2,0.11,0.47,3,17,20,0,20,0,20,0,preferentially non-human,4.35,1.53,20,1,3.4,2.23,20,0,3.26,1.24,19,2,4.95,1.57,20,3,3.05,0.6,20,1,5.68,1.42,19,0
crasseux,filthy,verschmutzt,ADJ,8,2,1.75,7.16,17,3,20,0,20,0,20,1,preferentially non-human,4.75,1.37,20,0,4.65,1.79,20,0,5.05,1.43,20,0,3.45,1.05,20,0,2.2,0.83,20,0,5.89,0.94,19,0
créatif,creative,kreativ,ADJ,7,3,2.3,0.14,20,0,20,0,9,11,20,0,preferentially human,4,1.75,20,0,5.95,1.43,20,0,3.8,1.28,20,0,5.47,0.9,19,0,6.26,0.65,19,0,3.4,1.88,20,0
crédible,credible,glaubwürdig,ADJ,8,2,3.29,0.81,19,1,20,1,10,10,20,2,preferentially human,2.95,1.88,20,0,5.8,1.28,20,0,3.6,1.14,20,0,4.6,1.19,20,1,5,1.21,20,0,2.95,1.79,20,0
crédule,gullible,leichtgläubig,ADJ,7,2,0.74,1.01,16,3,19,1,4,16,20,2,preferentially human,2.47,1.17,19,0,4.58,1.8,19,0,4,1.21,20,1,4.5,1.28,20,0,3.05,0.85,19,0,2.37,1.54,19,3
crémeux,creamy,sahnig,ADJ,7,2,0.29,2.16,3,17,20,0,18,2,20,1,preferentially non-human,5.4,1.54,20,0,4.85,1.76,20,1,3.5,1.54,20,0,4.45,1.15,20,3,4.79,0.98,19,0,5.45,1.61,20,1
creux,hollow,hohl,ADJ,5,1,3.32,12.64,5,15,20,0,19,1,20,0,preferentially non-human,4.15,1.63,20,0,5.35,1.63,20,0,3.21,1.13,19,1,5.45,1.28,20,1,3.3,0.98,20,2,5.2,1.96,20,0
crispé,tense,verkrampft,PPADJ,6,2,missing,entry,19,1,20,0,8,12,20,0,preferentially human,4.45,1.54,20,0,4.65,1.73,20,1,4.05,1,20,0,3.2,1.36,20,0,2.45,0.69,20,0,4.4,1.5,20,0
crochu,hooked,hakenförmig,ADJ,6,2,0.33,1.49,3,17,20,0,20,0,20,0,preferentially non-human,4.5,1.67,20,0,4.5,1.85,20,0,4.35,1.27,20,2,5.16,1.38,19,2,2.75,0.85,20,1,5.84,1.12,19,0
croisé,crossed,gekreuzt,PPADJ,6,2,0.39,1.89,2,18,20,1,19,1,20,1,uniquely non-human,3.55,1.67,20,0,4.85,1.93,20,0,3.35,0.93,20,3,3.95,1.39,19,3,3.58,0.69,19,4,5.35,1.46,20,0
croquant,crunchy,knackig,ADJ,8,2,0.34,0.2,3,17,20,0,19,1,20,0,preferentially non-human,5.37,1.01,19,0,5.55,1.54,20,2,3.75,1.33,20,0,4.7,1.26,20,1,4.79,0.79,19,0,4.25,1.55,20,0
croustillant,crisp,knusprig,ADJ,12,3,0.95,0.47,2,18,20,0,19,1,20,0,uniquely non-human,5.6,1.57,20,0,5.05,1.7,20,0,4.2,1.28,20,0,4.5,1.28,20,1,5.05,0.69,20,0,5.37,1.26,19,0
croyant,someone who is a believer,gläubig,ADJ,7,2,2.51,3.31,20,0,20,0,2,18,20,0,uniquely human,3.15,1.66,20,0,5.05,1.85,20,0,4.1,1.25,20,0,5.65,1.18,20,0,4.4,0.94,20,1,2.25,1.71,20,0
cru,raw,roh,ADJ,3,1,3.16,5.81,9,11,20,0,19,1,20,0,preferentially non-human,4.6,1.9,20,0,5.45,1.85,20,0,4.58,1.12,19,0,4.2,1.47,20,0,2.74,0.87,19,0,4.2,1.7,20,2
cruel,cruel,grausam,ADJ,5,2,15.64,14.59,20,0,20,0,4,16,20,0,preferentially human,3.35,1.98,20,0,5.84,1.21,19,0,5.89,0.74,19,0,4.8,1.24,20,0,1.05,0.23,19,0,3.15,1.42,20,0
cubique,cubic,kubisch,ADJ,7,2,0.05,0.88,1,19,20,1,20,0,20,0,uniquely non-human,4.42,1.74,19,2,3.65,2.28,20,1,2.85,0.99,20,4,5.95,0.94,20,1,3.78,0.65,18,3,6.42,1.07,19,0
cuit,cooked,gekocht,PPADJ,4,1,3.93,4.73,4,16,20,0,20,0,20,0,preferentially non-human,5.2,1.47,20,0,6.05,1.18,19,1,3.5,1.05,20,1,5.7,1.38,20,0,4.11,0.57,19,2,5.25,1.21,20,0
culotté,cheeky,frech,ADJ/PPADJ,7,3,0.55,0.47,20,0,20,0,4,16,20,1,preferentially human,3.25,1.25,20,1,5.1,1.48,20,0,4.7,1.22,20,0,4.65,1.31,20,0,2.47,0.7,19,1,3.35,1.98,20,0
cupide,grasping,habgierig,ADJ,6,2,1.02,0.88,19,0,19,1,4,16,20,1,preferentially human,2.8,1.44,20,0,4.5,1.79,20,0,4.85,1.27,20,0,5.24,0.9,17,2,2.3,1.03,20,1,2.42,1.39,19,0
curieux,curious,neugierig,ADJ,7,2,26.11,44.26,20,0,20,0,2,18,20,2,uniquely human,3.25,1.52,20,0,6.37,0.83,19,0,3.8,1.47,20,0,5.11,1.24,19,0,5,1.08,20,0,3.35,1.98,20,0
débile,daft,schwachsinnig,ADJ,6,2,17.8,3.11,20,0,20,0,8,12,20,1,preferentially human,3.15,1.57,20,0,5.8,1.44,20,1,4.85,1.6,20,0,4.65,1.69,20,0,1.32,0.48,19,0,3.7,1.89,20,0
débonnaire,good-natured,gutmütig,ADJ,10,3,0.06,2.64,6,10,16,9,6,14,20,10,both,2.75,1.53,16,6,2.19,1.05,16,4,4.65,1.11,17,7,4,1,15,6,3.82,0.4,11,5,3.5,1.73,12,4
débordant,overflowing,strotzend,ADJ,9,3,0.12,1.35,8,12,20,1,18,2,20,0,preferentially non-human,3.4,1.27,20,0,4.75,1.86,20,0,5.15,1.35,20,0,3.6,1.64,20,1,3.7,1.38,20,1,5.05,1.57,20,1
débordé,pushed for time,überlastet,PPADJ,7,3,4.16,3.11,18,2,20,0,8,12,20,2,preferentially human,3.45,1.7,20,0,5.85,1.14,20,0,4.75,0.97,20,0,3.25,1.29,20,0,2.5,0.76,20,0,4.2,1.51,20,2
débraillé,slovenly,liederlich,ADJ,9,3,0.18,0.68,18,2,20,1,10,10,20,1,preferentially human,4,1.89,20,2,3.65,2.01,20,0,4.79,0.79,19,0,3.61,0.92,18,1,2.6,0.88,20,1,5.11,1.68,18,1
débrouillard,resourceful,einfallsreich,ADJ,12,3,0.38,0.74,20,0,20,0,1,19,20,0,uniquely human,3.2,1.74,20,0,5.7,1.17,20,0,3.95,1.39,20,0,5.79,0.71,19,0,5.85,0.75,20,0,3.15,1.53,20,1
décaféiné,decaffeinated,koffeinfrei,PPADJ,9,5,0.08,0.07,0,20,20,0,18,2,20,1,uniquely non-human,4.15,1.6,20,0,4.9,1.97,20,0,3.3,1.34,20,3,5.37,1.26,19,3,3.85,0.75,20,1,1.47,0.77,19,1
déchaîné,raging,ausser Rand und Band,PPADJ,8,3,0.2,0.81,18,2,20,0,9,11,20,2,preferentially human,3.9,1.41,20,1,5.25,1.74,20,0,5.15,1.04,20,0,3.35,1.6,20,0,3.26,0.81,19,0,5.15,1.31,20,0
déchiré,torn,zerissen,PPADJ,7,3,3.92,3.72,13,7,20,2,20,0,20,0,preferentially non-human,4.4,1.47,20,0,5,2,20,1,5,1.21,20,0,5,1.59,20,2,2.15,0.88,20,0,6.32,0.75,19,0
décidé,determined,entschlossen,ADJ,6,3,1.88,6.55,20,0,20,0,5,15,20,0,preferentially human,2.58,1.35,19,1,5.84,1.07,19,0,4.55,1.5,20,0,4.05,1.61,20,0,5.4,0.88,20,0,3.9,1.48,20,1
décomposable,decomposable,(biologisch) abbaubar,ADJ,12,4,0,0.07,0,20,20,0,20,0,20,0,uniquely non-human,3.6,1.6,20,0,4.4,1.54,20,0,3.3,1.03,20,2,5.05,1.78,19,2,3.9,1.25,20,1,3.8,1.94,20,1
déconcerté,confused,verwirrt,PPADJ,10,4,0.2,1.55,20,0,20,0,1,19,20,0,uniquely human,2.8,1.58,20,0,4.4,1.98,20,0,4.55,0.94,20,0,3,0.92,20,0,2.85,0.75,20,0,3.2,1.2,20,1
décontracté,relaxed,entspannt,ADJ,11,4,0.61,0.68,20,0,20,0,4,16,20,1,preferentially human,3.7,1.72,20,0,5.89,1.05,19,0,3.45,1.15,20,0,3.65,1.27,20,0,5.6,0.68,20,0,4.3,1.75,20,0
décoré,decorated,dekoriert,PPADJ,6,3,0.94,0.81,7,13,20,1,20,0,20,0,preferentially non-human,4.45,1.85,20,0,5.5,1.47,20,0,3.1,1.33,20,2,4.75,1.16,20,1,5.42,0.69,19,0,5.45,1.47,20,0
découpé,cut out,aus-/zugeschnitten,PPADJ,7,3,0.32,1.08,1,19,20,0,19,1,20,0,uniquely non-human,4.5,1.82,20,0,4.7,1.84,20,0,4.1,1.83,20,0,5.55,1.32,20,1,3.2,0.89,20,3,5.79,1.03,19,0
décousu,unstitched/disjointed,aufgetrennt/unzusammenhängend,PPADJ,7,3,0.2,0.54,1,19,20,0,19,1,20,0,uniquely non-human,3.65,1.98,20,0,3.8,2.02,20,0,3.2,1.2,20,2,4.5,1.67,20,2,2.8,0.77,20,0,5.05,1.88,20,1
déçu,disappointed,enttäuscht,PPADJ,4,2,5.16,5.47,20,0,20,0,3,17,20,0,preferentially human,3.3,1.78,20,0,5.9,1.37,20,0,4,1.49,20,0,2.95,1.28,20,0,2.05,0.69,20,0,3.95,1.54,20,0
dédaigneux,disdainful,herablassend,ADJ,10,3,0.26,3.85,19,1,20,1,2,18,20,0,uniquely human,2.9,1.65,20,1,3.95,1.88,20,0,5,1.08,20,1,4.25,0.91,20,0,2.47,0.9,19,0,3.42,1.54,19,2
défectueux,defective,fehlerhaft,ADJ,10,3,1.74,0.74,1,19,20,0,20,0,20,0,uniquely non-human,3.35,1.95,20,0,4.95,1.67,20,0,4.68,0.82,19,0,3.95,1.57,20,1,2.05,0.76,20,0,4.05,1.88,20,0
déférent,deferential,ehrerbietig,ADJ,8,3,0,1.42,10,9,19,3,8,12,20,3,both,2.67,1.37,18,3,3,1.67,19,4,4.3,1.26,20,4,3.72,0.96,18,3,3.65,0.86,17,3,3.15,1.72,13,6
défiant,distrustful,argwöhnisch,ADJ,7,2,0.43,0.27,18,2,20,1,10,10,20,1,preferentially human,2.75,1.16,20,0,4.35,1.98,20,1,4.45,1.23,20,0,3.74,1.15,19,1,3.58,1.12,19,2,3.21,2.02,19,1
déformable,deformable,deformierbar,ADJ,10,3,0,0,1,19,20,0,19,1,20,0,uniquely non-human,4.45,2.04,20,0,4.5,1.82,20,0,3.1,1.48,20,3,4,2.03,20,1,3.8,0.83,20,3,4.2,1.91,20,2
dégoûté,disgusted,angeekelt,ADJ,7,3,0.29,3.51,20,0,20,0,1,19,20,0,uniquely human,4.7,1.45,20,0,6.21,1.08,19,0,5.25,1.16,20,0,2.9,1.55,20,0,2.1,0.72,20,0,4.65,1.5,20,1
déguisé,disguised,verkleidet,ADJ,7,3,1.93,1.22,20,0,20,1,15,5,20,0,preferentially human,3.9,1.83,20,0,4.95,1.96,20,0,3.5,1.24,20,1,2.75,1.12,20,0,4.21,0.79,19,1,5.5,1.36,20,2
délabré,dilapidated,baufällig,PPADJ,7,3,0.21,1.89,4,16,20,0,19,1,20,0,preferentially non-human,4,1.86,20,0,4.4,1.76,20,0,4.68,1,19,0,5.15,1.23,20,1,2.25,0.91,20,0,5.6,1.19,20,0
délectable,delectable,herzerfrischend/köstlich,ADJ,10,3,0.56,1.55,4,14,18,5,17,3,20,0,preferentially non-human,3.79,1.72,19,0,3.75,1.55,20,1,4.4,1.43,20,2,4.39,0.92,18,0,4.79,1.4,19,1,2.88,0.93,17,1
délicat,delicate,feinfühlig,ADJ,7,3,9.6,13.72,19,1,20,0,15,5,20,2,preferentially human,3.6,1.5,20,1,5.55,1.5,20,0,4.05,1.64,20,0,4.7,1.22,20,0,4.45,1.23,20,0,3.75,1.55,20,1
délicieux,delicious,lecker,ADJ,9,3,20.62,15.07,8,12,20,1,19,1,20,0,preferentially non-human,5.58,1.22,19,0,6.32,1.11,19,1,4.35,1.53,20,0,4.25,1.33,20,0,6.37,0.68,19,1,3.65,1.6,20,0
déliquescent,deliquescent,zerfliessbar,ADJ,12,4,0.02,0.07,1,15,16,9,13,6,19,9,preferentially non-human,2.79,1.53,14,5,1.93,0.96,15,8,4.18,1.55,17,7,4.71,1.1,17,5,3.29,1.33,14,5,3.27,1.85,11,8
délirant,delirious,wahnsinnig,ADJ,8,3,1.36,1.28,18,2,20,0,14,6,20,1,preferentially human,4.05,1.73,20,0,5.9,1.21,20,0,4.45,1.47,20,0,3.8,1.47,20,1,4.35,1.35,20,1,4,1.78,20,0
demeuré,retarded,zurückgeblieben,PPADJ,7,3,0.48,0.88,18,2,20,0,5,15,20,0,preferentially human,3.4,1.67,20,0,4.9,1.68,20,0,5.05,1.39,20,0,4.75,1.77,20,0,2.05,1,20,0,3.85,1.42,20,0
démonstratif,demonstrative,demonstrativ,ADJ,12,4,0.23,0.54,18,2,20,0,11,9,20,0,preferentially human,3.4,1.7,20,0,5.15,1.5,20,0,3.8,1.06,20,1,4.95,1.22,19,1,5,0.67,19,1,3.5,1.7,20,0
démonté,dismantled/raging,zerlegt/aufgewühlt,PPADJ,7,3,0.07,0.74,6,14,20,2,18,2,20,0,preferentially non-human,3.25,1.77,20,1,4.05,2.04,20,0,4.45,1.54,20,1,4.45,1.57,20,1,2.95,0.89,20,1,5.05,1.54,20,0
dépendant,dependent,abhängig,ADJ,9,3,0.56,0.34,20,0,20,1,12,8,20,3,preferentially human,2.53,1.31,19,1,5.75,1.45,20,0,4.1,1.33,20,0,4.95,1.05,20,0,2.95,1.08,19,1,2.74,1.52,19,1
dépensier,spendthrift,verschwenderisch,ADJ,9,3,0.1,0.27,20,0,20,0,1,19,20,0,uniquely human,2.8,1.32,20,0,5.3,1.53,20,0,4.53,1.07,19,0,4.9,1.33,20,0,2.79,0.54,19,0,3.1,1.8,20,0
dépité,vexed,bitter enttäuscht,PPADJ,6,3,0.05,0.95,17,2,19,1,3,17,20,0,preferentially human,3.5,1.64,20,0,3.45,1.85,20,0,5.25,1.07,20,0,3.05,1.1,20,0,2.21,0.71,19,1,3.78,1.7,18,0
déplié,unfolded/stretched out,entfaltet,PPADJ,6,3,missing,entry,0,20,20,1,19,1,20,0,uniquely non-human,3.65,1.84,20,0,4.9,1.8,20,0,3.35,1.39,20,2,3.5,1.36,20,1,3.79,0.98,19,3,5.45,1.61,20,1
déplumé,plucked/bald,gerupft,PPADJ,7,3,0.16,1.15,8,12,20,3,16,4,20,0,preferentially non-human,4.15,1.81,20,0,3.85,2.13,20,0,4,1.34,20,0,5,1.41,20,1,2.8,0.83,20,2,5.85,1.27,20,2
dépressif,depressive,depressiv,ADJ,9,3,1.11,0.34,20,0,20,0,3,17,20,1,preferentially human,3.75,1.94,20,1,5.85,1.57,20,0,5.05,1.22,19,0,4.45,1.19,20,0,1.55,0.69,20,0,3.95,1.36,20,0
déprimé,depressed,depremiert,PPADJ,7,3,1.89,0.68,20,0,20,0,2,18,20,0,uniquely human,4.15,1.87,20,0,5.6,1.79,20,0,5,1.26,20,0,4,1.59,20,0,1.6,0.75,20,0,4,1.3,20,1
dérouté,rerouted/disconcerted,umgeleitet/verwirrt,PPADJ,7,3,missing,entry,18,2,20,0,3,17,20,1,preferentially human,2.95,1.28,20,0,4.35,1.95,20,0,4.8,1.24,20,0,3.2,1.15,20,0,2.6,0.6,20,0,3.5,1.64,20,1
désabusé,disillusioned,desillusioniert,PPADJ,8,4,0.08,3.04,18,1,19,1,2,18,20,2,uniquely human,3.55,1.67,20,0,4.3,1.75,20,0,4.95,1.15,20,0,3.75,1.16,20,1,2.47,0.77,19,1,2.95,1.51,19,1
désappointé,disappointed,enttäuscht,PPADJ,11,4,0.04,0.14,17,2,19,1,4,16,20,1,preferentially human,3.11,1.49,18,1,3.55,1.85,20,0,4.15,0.99,20,1,3,0.82,19,0,2.68,0.67,19,1,3.67,1.64,18,0
désemparé,distraught,ratlos,PPADJ,9,4,0.2,2.23,20,0,20,0,0,20,20,0,uniquely human,3.55,1.9,20,0,4.25,1.65,20,0,5.42,1.07,19,0,3,1.21,20,0,2.55,0.69,20,0,3.26,1.28,19,0
désenchanté,disenchanted,desillusioniert,PPADJ,11,4,0.11,0.47,16,4,20,0,7,13,20,2,preferentially human,2.79,1.03,19,1,4.15,1.95,20,0,4.35,1.27,20,0,3.58,1.17,19,1,2.42,0.77,19,0,3.21,1.36,19,1
désespéré,desperate,verzweifelt,PPADJ,9,4,4.87,7.3,20,0,20,0,3,17,20,0,preferentially human,3.55,1.7,20,1,5.6,1.67,20,0,5.74,0.73,19,0,3.5,1,20,0,1.75,0.72,20,0,3.35,1.09,20,1
désirable,desirable,begehrenswert,ADJ,9,3,1.18,4.19,18,2,20,0,15,5,20,0,preferentially human,3.8,1.61,20,2,5.3,1.42,20,0,4.15,1.35,20,0,4.2,0.95,20,0,5.68,0.67,19,0,4.25,1.86,20,0
désœuvré,inactive/aimless,untätig,ADJ,9,3,0,1.42,11,7,18,3,8,12,20,3,preferentially human,2.55,1.5,20,1,4,1.92,20,0,4.26,0.81,19,1,3.58,1.35,19,1,2.4,0.68,20,1,3.11,1.84,18,2
désolé,saddened/desolate,betrübt/trostlos,PPADJ,6,3,193.51,6.49,18,2,20,0,3,17,20,1,preferentially human,3.35,1.6,20,0,6.26,1.37,19,0,3.47,0.77,19,1,2.95,1.28,20,0,3.5,1.05,20,1,3.65,1.69,20,0
désorienté,disoriented,disorientiert,PPADJ,10,4,0.7,1.35,19,1,20,0,5,15,20,1,preferentially human,2.89,1.29,19,0,4.9,1.92,20,0,4.05,1.15,20,0,2.9,1.25,20,0,2.6,0.82,20,0,3.55,1.28,20,1
despotique,despotic,despotisch,ADJ,10,3,0.16,0.41,18,2,20,2,7,13,20,4,preferentially human,3.4,1.5,20,2,3.84,1.89,19,1,5.84,1.07,19,2,4.65,1.11,17,4,1.84,0.9,19,1,2.84,1.68,19,3
détendu,relaxed,entspannt,PPADJ,7,3,1.77,3.99,20,0,20,0,8,12,20,1,preferentially human,3.7,1.81,20,1,5.45,1.67,20,0,2.9,1.29,20,0,3.5,1.32,20,0,5.63,0.68,19,0,4.25,1.59,20,0
dévoyé,rogue,fehlgeleitet,PPADJ,6,3,0.18,0.54,6,11,17,10,8,12,20,7,both,2.65,1.37,17,2,2.74,1.59,19,3,4.36,0.93,14,5,4.4,0.83,15,8,3.36,0.93,14,4,3.17,1.47,12,7
dictatorial,dictatorial,diktatorisch,ADJ,11,4,0.03,0.2,10,10,20,3,11,9,20,1,both,2.8,1.32,20,1,3.6,1.9,20,0,5.9,1.21,20,1,5.26,1.1,19,1,1.8,0.89,20,0,3.35,1.84,20,1
dissimulé,hidden/two-faced,versteckt/heuchlerisch,PPADJ,9,4,0.06,1.28,7,13,20,0,15,5,20,0,preferentially non-human,3.3,1.3,20,1,4.55,1.79,20,0,3.45,1.19,20,1,3.35,1.31,20,1,3.05,0.97,19,2,2.74,1.97,19,2
dissipé,distracted,unaufmerksam,PPADJ,7,3,0.22,0.68,20,0,20,0,4,16,20,0,preferentially human,2.65,1.31,20,1,4.8,1.54,20,0,3.75,1.29,20,0,3.45,1.1,20,1,2.5,0.51,20,0,3.25,1.62,20,1
distingué,distinguished,vornehm,PPADJ,9,3,2.81,4.19,20,0,20,0,11,9,20,0,preferentially human,3.58,1.74,19,1,4.85,2.01,20,0,4.2,1.28,20,0,4.75,1.33,20,0,5.7,0.66,20,0,4.6,1.67,20,0
distrait,absent-minded,geistesabwesend,ADJ,8,2,1.31,6.76,20,0,20,0,1,19,20,0,uniquely human,3.3,1.81,20,0,5.8,1.58,20,0,3.45,1.19,20,0,3.55,1.36,20,0,2.8,0.52,20,0,3.5,1.36,20,0
distrayant,distracting,ablenkend,ADJ,10,3,0.64,0.81,19,1,20,2,15,5,20,1,preferentially human,4,1.21,20,0,5.5,1.19,20,0,3.5,1.61,20,0,3.6,1.19,20,0,4.8,0.95,20,0,3.55,1.67,20,0
docile,docile,fügsam,ADJ,6,2,1.68,7.43,17,3,20,0,8,12,20,2,preferentially human,3.15,1.6,20,0,5,1.52,20,0,4,0.94,19,1,4.74,1.19,19,0,4.65,1.35,20,1,3.05,1.54,20,0
dominateur,dominating,herrisch,ADJ,10,4,0.53,0.95,19,1,20,0,6,14,20,3,preferentially human,3.1,1.8,20,0,5.6,1.47,20,0,5.4,0.82,20,0,5.21,0.98,19,0,2.75,1.21,20,0,3.45,1.7,20,1
doré,golden,vergoldet,ADJ,4,2,2.62,15.74,1,19,20,0,20,0,20,0,uniquely non-human,5.2,1.67,20,0,4.65,2.28,20,0,3.35,1.53,20,0,5.84,1.12,19,1,5.25,0.91,20,1,6.42,0.84,19,0
doucereux,sugary,süßlich,ADJ,9,2,0.25,1.76,7,11,18,5,15,5,20,2,preferentially non-human,3.74,1.82,19,2,3.42,2.14,19,2,3.42,1.64,19,2,4.16,1.07,19,4,4.6,1.31,20,0,3.06,1.91,16,3
doué,gifted,begabt,ADJ,4,1,6.81,4.19,20,0,20,0,1,19,20,0,uniquely human,3.1,1.41,20,0,5.84,1.12,19,0,4.16,0.83,19,0,5.53,0.96,19,0,6.05,0.76,20,0,2.9,1.74,20,0
douillet,oversensitive,überempfindlich,ADJ,8,2,1.97,4.19,16,4,20,1,18,2,20,0,both,4.65,1.95,20,0,5.1,1.55,20,0,3.55,1.47,20,0,4.85,1.14,20,0,5.1,1.55,20,0,4.11,1.73,19,2
dubitatif,doubtful,zweifelnd,ADJ,9,4,0.07,1.15,15,5,20,1,1,19,20,1,preferentially human,2.95,1.1,20,0,4.15,1.53,20,0,4.1,1.29,20,2,2.94,1.11,18,2,3.39,0.78,18,2,3.63,1.67,19,1
durable,durable,haltbar/dauerhaft,ADJ,7,2,1.61,4.73,1,19,20,0,20,0,20,0,uniquely non-human,3.05,1.61,20,1,6,0.94,19,0,3.35,1.35,20,0,6.2,1.01,20,1,5.6,0.82,20,1,3.45,2.09,20,1
dynamique,dynamic,dynamisch,ADJ,9,3,1.97,1.69,20,0,20,0,15,5,20,1,preferentially human,4.3,1.63,20,0,5.89,1.41,19,0,4.58,1.07,19,0,4.9,1.17,20,0,5.95,0.69,20,0,4.11,1.41,19,0
ébahi,amazed,verdutzt,PPADJ,5,3,0.13,1.49,20,0,20,0,1,19,20,0,uniquely human,3.35,1.6,20,0,4.05,1.93,20,0,4.84,1.01,19,0,3.1,1.71,20,0,4.11,1.24,19,1,4.1,1.55,20,0
éberlué,dumbfounded,verblüfft,PPADJ,7,3,0.01,1.28,12,4,16,4,3,17,20,3,preferentially human,2.47,0.94,17,2,3.28,1.6,18,1,5,0.97,18,2,3.32,1.42,19,1,3.25,0.93,16,2,3.6,1.5,15,2
ébloui,dazzled,beeindruckt,ADJ,6,3,0.05,2.97,16,4,20,0,4,16,20,0,preferentially human,4.3,1.66,20,0,5.45,1.5,20,0,4.45,1.15,20,0,2.16,1.17,19,0,4.4,1.23,20,0,4.75,1.71,20,0
écervelé,scatterbrained,schusselig,ADJ,8,4,0.46,0.14,20,0,20,0,1,19,20,3,uniquely human,3.05,1.82,20,0,3.8,2.24,20,2,5.45,1.43,20,0,4.89,1.24,19,1,1.74,0.56,19,0,3,1.72,20,0
écoeuré,disgusted,angewidert,ADJ,7,3,0.3,2.64,19,1,20,0,2,18,20,0,uniquely human,4.9,1.55,20,1,5.2,1.24,20,0,5.75,0.97,20,0,2.85,1.23,20,0,1.75,0.64,20,0,4.4,1.6,20,1
écologique,ecological,ökologisch,ADJ,10,4,1.59,0.74,12,8,20,0,20,0,20,0,preferentially non-human,3.45,1.9,20,0,6.32,1.06,19,0,3.7,1.45,20,2,5.85,0.81,20,1,5.65,0.99,20,0,2.9,1.71,20,0
économe,thrifty,sparsam,ADJ,7,3,0.31,1.76,20,0,20,0,14,6,20,3,preferentially human,2.55,1.54,20,1,5.8,1.44,20,0,3.5,1,20,0,5.3,0.92,20,0,5.15,0.67,20,0,2.95,1.64,20,2
écumeux,foamy,schaumbedeckt,ADJ,7,3,0,0.61,0,19,19,2,19,1,20,2,uniquely non-human,3.85,1.84,20,0,3.4,2.06,20,0,3.58,1.26,19,2,4.1,1.37,20,2,3.4,0.75,20,1,5.16,1.71,19,3
édenté,toothless,zahnlos,PPADJ,6,3,0.23,0.74,10,10,20,1,13,7,20,1,preferentially non-human,3.6,1.76,20,0,3.7,1.89,20,0,4.5,1.32,20,2,5.15,1.6,20,1,2.84,1.07,19,2,5.9,1.48,20,0
effacé,faded/erased/self-effacing,verblast/gelöscht/zurückhaltend,PPADJ,6,3,0.94,3.45,17,3,20,0,15,5,20,2,both,2.89,1.24,19,0,5.6,1.5,20,0,3.7,1.38,20,0,4.4,1.73,20,0,2.55,0.69,20,0,3.55,1.54,20,0
effaré,aghast,fassungslos,PPADJ,6,3,0.03,1.62,16,2,18,2,0,20,20,0,preferentially human,3.15,1.39,20,1,3.89,2.11,19,2,5.1,0.97,20,0,3.05,1.18,19,0,2.65,0.93,20,0,3.79,1.27,19,0
efféminé,effeminate,weibisch,PPADJ,8,4,0.49,0.2,20,0,20,0,9,11,20,1,preferentially human,3.85,1.79,20,0,4.75,1.97,20,0,4.55,1.43,20,0,5.2,1.11,20,0,3.2,0.95,20,0,5.55,1.5,20,0
efficace,effective/efficient,wirksam/effizient,ADJ,8,3,12.19,12.23,20,0,20,0,15,5,20,1,preferentially human,3.1,1.59,20,1,6.16,0.9,19,0,3.8,1.32,20,0,4.6,1.05,20,0,5.85,0.81,20,0,2.7,1.49,20,1
effiloché,frayed,ausgefranzt,PPADJ,9,4,missing,entry,2,18,20,0,19,1,20,0,preferentially non-human,4.6,1.64,20,0,3.63,2.22,19,1,3.05,1.13,19,1,4.58,1.43,19,0,2.58,0.9,19,1,5.15,1.66,20,1
effondré,prostrate,zusammengesackt,PPADJ,8,3,0.37,2.16,16,4,20,0,12,8,20,1,preferentially human,3.75,1.68,20,0,4.65,1.84,20,0,5.53,0.96,19,0,3.2,1.64,20,0,1.85,0.75,20,0,5.79,1.13,19,0
effréné,unrestrained,ungezügelt,ADJ,7,3,0.36,1.28,16,4,20,2,6,14,20,4,preferentially human,3.05,1.22,19,1,3.45,1.82,20,0,4.75,1.37,20,0,3.84,1.01,19,3,3.16,0.9,19,1,3.2,1.47,20,1
effronté,impudent,schamlos,ADJ,8,3,0.71,0.41,18,0,18,3,3,17,20,1,preferentially human,3.15,1.27,20,0,4.21,1.65,19,0,4.89,1.56,19,0,3.9,1.29,20,1,2.6,1.05,20,1,3.37,1.64,19,1
égalitaire,egalitarian,egalitär,ADJ,10,4,0.09,0.34,12,8,20,1,10,10,20,2,both,2.85,1.27,20,1,4.8,1.74,20,0,4.25,1.52,20,0,4.95,1.22,19,3,5.05,0.89,20,0,2.25,1.21,20,0
égaré,lost,verirrt,PPADJ,5,3,1.51,6.22,20,0,20,0,14,6,20,0,preferentially human,3.25,1.62,20,0,4.95,1.76,20,0,4,1.26,20,0,2.8,1.36,20,0,2.65,0.67,20,0,3.05,1.57,20,0
égocentrique,egocentric,egozentrisch,ADJ,12,4,1.21,0.34,20,0,20,0,1,19,20,1,uniquely human,3.25,1.65,20,1,4.95,1.99,20,0,5.55,1.19,20,0,5.55,0.83,20,0,1.9,0.72,20,0,3.35,1.87,20,0
égoiste,selfish,selbstsüchtig,ADJ,7,3,7.27,6.82,20,0,20,0,2,18,20,0,uniquely human,3,1.84,20,1,6,1.11,19,0,5.2,0.83,20,0,5.7,0.92,20,0,1.55,0.6,20,0,2.75,1.62,20,0
élastique,elastic,elastisch,ADJ,9,3,0.55,4.8,4,16,20,1,20,0,20,0,preferentially non-human,4.35,1.79,20,0,4.85,1.79,20,0,3.2,1.44,20,2,5,1.59,20,1,4.33,0.49,18,2,4.95,1.73,20,0
électrique,electric,elektrisch,ADJ,10,3,15.95,27.5,4,16,20,0,19,1,20,0,preferentially non-human,4.8,1.54,20,0,5.7,1.03,20,0,4.15,1.69,20,1,5.2,1.74,20,1,4.39,0.7,18,3,4.4,1.88,20,0
élégant,elegant,elegant,ADJ,7,3,4.74,11.35,20,0,20,0,14,6,20,0,preferentially human,4.1,1.89,20,1,5.89,1.33,19,0,3.95,1.36,20,0,4.4,0.99,20,1,6.05,0.52,19,0,5.55,1.23,20,0
élogieux,laudatory,lobend,ADJ,8,3,0.3,0.34,18,2,20,0,7,13,20,0,preferentially human,2.55,1.32,20,1,4.53,1.71,19,0,4.89,1.1,19,0,4.32,1.38,19,1,5.63,0.76,19,0,2.58,1.35,19,1
éloquent,eloquent,wortgewandt,ADJ,8,3,0.81,2.3,19,1,20,2,6,14,20,0,preferentially human,2.95,1.36,20,2,3.95,2.09,20,1,4.21,0.98,19,0,4.84,1.12,19,0,5.16,1.01,19,1,2.75,1.65,20,1
embarrassé,embarrassed,verlegen,PPADJ,10,4,1.46,5,20,0,20,0,0,20,20,0,uniquely human,3.7,1.81,20,0,5.5,1.57,20,0,4.42,0.9,19,0,2.45,0.69,20,0,2.79,0.54,19,0,4.3,1.59,20,0
embêté,bored/pestered,gelangweilt/verärgert,PPADJ,6,3,0.8,1.69,20,0,20,0,2,18,20,1,uniquely human,2.95,1.76,20,0,5.63,1.16,19,0,3.4,1.19,20,0,3.1,0.97,20,0,2.55,0.69,20,0,3.65,1.31,20,0
éméché,tipsy,beschwippst,PPADJ,6,3,0.16,0.68,17,3,20,0,4,16,20,1,preferentially human,4.35,1.66,20,0,4.75,1.55,20,0,4.2,1.58,20,0,2.95,1.18,19,0,3.11,0.66,19,1,5.55,1.23,20,1
émincé,sliced thinly,geschnetzelt,ADJ,6,3,0.11,0.2,3,17,20,1,17,3,20,0,preferentially non-human,4.1,1.83,20,0,3.9,1.52,20,0,3.05,1.08,19,2,5.05,1.08,19,2,4.17,0.62,18,2,5.1,1.77,20,0
émotif,emotional,emotional,ADJ,6,3,1.16,0.61,20,0,20,0,1,19,20,0,uniquely human,4.25,1.71,20,0,6.16,1.17,19,0,3.85,1.09,20,0,4.45,1.73,20,0,4.1,1.02,20,1,3.6,1.88,20,0
émoustillé,exhilarated,angeregt,PPADJ,10,4,missing,entry,20,0,20,1,3,16,19,1,preferentially human,3.65,1.69,20,1,3.95,1.88,20,0,4.55,1.1,20,0,3,1.03,20,0,4.79,0.85,19,0,3.55,1.47,20,2
empâté,grown bigger,aufgedunsen/fett,PPADJ,6,3,0.01,0.54,10,8,18,3,10,10,20,3,both,3.6,1.57,20,1,3.45,1.9,20,1,4.56,1.04,18,1,4.53,1.26,19,3,2.89,0.94,19,0,3.94,1.73,18,2
empilable,stackable,stapelbar,ADJ,9,3,0,0,0,20,20,0,20,0,20,0,uniquely non-human,3.35,1.69,20,1,4.05,1.79,20,0,2.75,1.02,20,3,4.75,1.97,20,3,4.21,0.71,19,2,4.95,2.01,20,0
empilé,piled up,geschichtet,PPADJ,6,3,missing,entry,0,20,20,0,18,2,20,0,uniquely non-human,3.7,1.98,20,0,4.5,2.04,20,0,3.25,1.21,20,2,3.75,1.59,20,1,4,0.49,18,4,5.58,1.43,19,0
emporté,to lose one's temper,aufbrausend,PPADJ,7,3,0.41,1.15,7,13,20,0,14,6,20,1,preferentially non-human,2.6,1.5,20,0,4.65,1.98,20,0,4.75,1.12,20,1,3.89,1.56,19,1,3.35,0.59,20,1,3.25,1.55,20,3
empoté,clumsy,tollpatschig,ADJ,6,3,0.48,0.27,19,1,20,0,4,16,20,1,preferentially human,3.21,1.36,19,1,3.6,1.6,20,0,4.65,1.31,20,1,4.6,1.27,20,0,2.25,0.72,20,0,4.22,1.63,18,1
empressé,eager,dienstbeflissen,ADJ,8,3,0.2,0.95,15,5,20,0,2,18,20,0,preferentially human,3.25,1.48,20,2,4.9,1.89,20,0,4.15,1.23,20,1,3,1.2,19,0,3.06,0.54,18,3,3.65,1.69,20,1
ému,touched,ergriffen,ADJ,3,2,2.32,6.89,20,0,20,0,0,20,20,0,uniquely human,4.4,1.82,20,0,6.21,1.27,19,0,4.4,1.43,20,0,2.7,1.49,20,0,4.25,1.41,20,0,4.5,1.5,20,0
enceinte,pregnant,schwanger,ADJ,8,2,46.41,11.08,18,2,20,0,1,19,20,0,uniquely human,4.3,1.75,20,0,5.6,1.9,20,0,4.05,1.73,20,0,3.85,1.39,20,0,5.5,1,20,0,5.68,1.06,19,0
enchanté,delighted,erfreut,PPADJ,8,3,35.28,4.26,19,1,20,0,6,14,20,3,preferentially human,3.4,1.47,20,0,5.55,1.61,20,0,4.1,1.33,20,0,3.1,1.17,20,0,5.65,0.67,20,0,4,1.3,20,1
énergique,energetic,energisch,ADJ,9,3,1.37,3.99,19,1,20,0,10,10,20,1,preferentially human,4.1,1.8,20,0,5.75,1.45,20,0,4.5,1.28,20,0,4.45,1.28,20,0,5.95,0.69,20,0,4.79,1.18,19,1
énervé,irritated,genervt,PPADJ,6,3,2.29,2.16,20,0,20,0,1,19,20,0,uniquely human,4.05,1.76,20,0,6,1.33,19,0,4.85,1.09,20,0,2.7,1.34,20,0,2,0.65,20,0,4.9,1.25,20,0
engagé,committed,engagiert,PPADJ,6,3,1.89,2.3,20,0,20,0,7,13,20,1,preferentially human,2.75,1.83,20,1,5.5,1.61,20,0,4.15,1.09,20,0,4.95,0.91,19,0,5.4,0.82,20,1,3,1.75,20,0
énigmatique,enigmatic,rätselhaft,ADJ,11,4,0.8,5.88,18,2,20,0,16,4,20,2,both,3.05,1.73,20,0,4.45,2.21,20,0,4.3,1.17,20,0,4.65,1.18,20,1,4.05,1.1,20,1,2.79,1.08,19,0
enjoué,jolly,fröhlich,ADJ,6,2,0.25,1.55,18,1,19,1,4,16,20,0,preferentially human,3.15,1.42,20,0,4.55,1.82,20,0,4.32,0.95,19,0,3.4,1.23,20,0,5.06,1.21,18,0,4.25,1.65,20,0
ennuyé,worried/bothered,besorgt/verärgert,PPADJ,6,3,0.35,2.43,20,0,20,0,0,20,20,0,uniquely human,3.1,1.62,20,0,5.95,1.51,19,0,4.26,0.56,19,0,2.7,1.08,20,0,2.6,0.5,20,0,3.8,1.47,20,0
ensanglanté,bloodstained,blutverschmiert,PPADJ,11,4,0.71,1.55,16,4,20,2,14,6,20,2,both,4.9,1.74,20,0,4.35,1.9,20,1,5.25,1.48,20,0,2.9,1.25,20,0,1.42,0.69,19,0,6,1.25,19,0
ensoleillé,sunny,sonnig,PPADJ,10,4,1.05,3.04,4,16,20,0,17,3,20,0,preferentially non-human,4.95,1.82,20,0,6,1.3,20,0,3.65,1.18,20,0,2.95,1.23,20,0,6.3,0.57,20,0,6.47,1.07,19,0
ensommeillé,sleepy,schläfrig,ADJ,11,4,0.1,0.95,18,2,20,1,2,18,20,1,uniquely human,4,1.69,20,0,3.9,2.25,20,0,3.35,1.53,20,1,2.55,1.32,20,0,3.05,0.83,20,0,4.65,1.6,20,1
entêté,stubborn,eigensinnig,PPADJ,6,3,0.24,0.27,18,1,19,1,1,19,20,0,uniquely human,2.9,1.59,20,1,4.8,1.82,20,1,4.79,0.85,19,0,4.84,1.64,19,0,2.79,0.42,19,0,2.95,1.67,20,1
enthousiasmé,enthusiastic,begeistert,PPADJ,12,4,missing,entry,20,0,20,0,1,19,20,0,uniquely human,3.9,1.68,20,1,5.15,1.57,20,0,4.55,1.05,20,0,3.15,1.31,20,0,5.89,0.66,19,0,3.75,1.37,20,0
enthousiaste,enthusiastic,enthusiastisch,ADJ,12,3,3.34,5.88,20,0,20,0,2,18,20,0,uniquely human,3.9,1.71,20,0,6.26,0.81,19,0,4.37,1.01,19,0,3.2,1.28,20,0,5.95,0.83,20,0,3.95,1.5,20,0
entreprenant,enterprising,unternehmenslustig,ADJ,12,4,0.24,1.49,20,0,20,0,3,17,20,0,preferentially human,3,1.38,20,1,5.55,1.28,20,0,3.79,1.47,19,0,5.2,0.95,20,0,5.3,1.08,20,0,3.5,1.47,20,0
envahissant,intrusive,aufdringlich,ADJ,11,4,0.33,0.88,20,0,20,0,16,4,20,3,preferentially human,2.89,1.24,19,0,5.35,1.53,20,0,5.05,1.15,20,0,4.25,1.37,20,0,2.1,0.85,20,0,4.3,1.78,20,0
enveloppant,enveloping/spellbinding,einschmeichelnd,ADJ,11,3,0.04,0.61,4,16,20,1,18,2,20,1,preferentially non-human,3.65,1.63,20,0,4.15,1.6,20,0,3.4,1.19,20,0,4.55,1.19,20,1,4.17,0.51,18,2,4.7,1.87,20,2
envieux,envious,neidisch,ADJ,7,2,0.64,1.22,20,0,20,0,3,17,20,0,preferentially human,3.1,1.37,20,0,5.05,1.57,20,0,4.7,1.26,20,0,3.7,1.49,20,0,2.95,1.15,20,0,2.85,1.35,20,0
envoûtant,bewitching,bezaubernd,ADJ,9,3,0.56,0.34,20,0,20,0,19,1,20,1,both,3.5,1.57,20,0,4.65,1.69,20,0,4.47,1.02,19,0,4.26,1.45,19,0,5.15,1.09,20,0,3.25,1.74,20,2
épaté,amazed,beeindruckt,PPADJ,5,3,0.02,1.76,20,0,20,0,4,16,20,0,preferentially human,2.95,1.39,19,0,5,1.62,20,0,4.74,0.73,19,0,2.47,1.02,19,1,4.75,1.29,20,1,3.9,1.17,20,0
éphémère,transient,vergänglich,ADJ,8,3,1.33,5.74,3,17,20,0,19,1,20,0,preferentially non-human,3.05,1.43,20,1,4.6,1.82,20,1,4.05,1.47,20,0,2.65,2.11,20,0,2.85,0.99,20,1,2.05,1.61,20,2
épicé,spicy,scharf gewürzt,PPADJ,5,3,0.81,0.14,1,19,20,0,19,1,20,1,uniquely non-human,5.4,1.57,20,0,5.6,1.35,20,0,4.6,1.31,20,0,4.84,1.54,19,0,4.11,0.99,19,1,3.6,2.14,20,0
épineux,thorny,dornig,ADJ,7,3,0.5,2.3,3,17,20,0,19,1,20,0,preferentially non-human,4.8,1.67,20,0,4.25,1.8,20,0,4.75,0.72,20,0,5.35,1.09,20,0,2.45,0.69,20,0,5.95,0.97,19,0
épris,in love,verliebt,PPADJ,5,2,0.08,0.68,17,2,19,5,4,16,20,0,preferentially human,3.45,1.57,20,0,4.22,1.86,18,0,4.35,1.14,20,0,3.65,1.17,17,2,4.25,1.21,20,1,3.5,1.58,18,2
épuisé,exhausted,entkräftet,PPADJ,6,3,2.29,7.84,20,0,20,1,3,17,20,0,preferentially human,4.3,1.89,20,0,6.05,1.1,20,1,4.95,0.91,19,0,3.15,1.18,20,0,2.15,0.59,20,0,4.6,1.27,20,0
équitable,fair,gerecht,ADJ,9,3,3.3,2.77,11,9,20,0,17,3,20,1,preferentially non-human,2.75,1.83,20,0,5.2,1.32,20,0,3.3,1.03,20,0,4.2,1.54,20,1,5.55,1,20,0,2.4,1.85,20,2
éreinté,worn,todmüde,PPADJ,7,3,0.05,0.41,15,3,18,2,6,14,20,2,preferentially human,3.3,1.26,20,2,3.95,1.96,19,0,5.1,0.91,20,1,3.13,0.81,16,1,2.72,0.89,18,2,3.89,1.37,18,3
esseulé,lonely,einsam,ADJ,7,3,0.43,0.14,13,5,18,3,7,13,20,5,preferentially human,2.79,1.32,19,3,3.12,2.12,17,3,4.26,1.41,19,3,3.22,1.06,18,2,2.61,0.98,18,1,3.53,1.61,19,2
estival,summerly,sommerlich,ADJ,7,3,0.35,0.47,3,17,20,1,19,1,20,0,preferentially non-human,4.25,1.59,20,1,3.9,2,20,1,3.65,1.73,20,1,4.1,1.41,20,2,5.55,1.1,20,0,4.79,1.99,19,0
estropié,crippled,verkrüppelt,PPADJ,8,3,0.89,0.47,17,3,20,0,14,6,20,2,preferentially human,3.45,1.47,20,1,3.3,2.15,20,2,4.5,1.19,20,2,5.32,1.63,19,0,2.3,0.8,20,0,5.5,1.41,16,1
étincelant,twinkling,funkelnd,ADJ,10,3,0.34,3.24,8,12,20,0,18,2,20,1,preferentially non-human,4.9,1.45,20,0,4.65,1.87,20,0,4.95,1.28,20,0,3.65,1.31,20,1,6.05,0.78,19,0,5.85,1.23,20,0
étonné,surprised,verblüfft,PPADJ,6,3,2.43,13.38,19,1,20,0,1,19,20,0,uniquely human,3.45,1.79,20,1,6.15,1.14,20,0,4.15,1.42,20,0,2.32,1.38,19,0,3.7,0.8,20,0,4.1,0.91,20,0
étourdi,dazed,benommen,ADJ,7,3,0.56,2.3,19,1,20,0,1,19,20,0,uniquely human,3,1.34,20,0,4.9,1.77,20,0,3.95,0.94,20,0,2.9,1.37,20,0,2.84,0.37,19,0,3.65,1.31,20,0
étrange,strange,seltsam,ADJ,7,2,70.99,83.65,20,0,20,0,19,1,20,1,both,3.9,1.74,20,0,5.85,1.09,20,0,4.2,1.2,20,0,4.75,1.37,20,0,3.32,0.75,19,0,4.35,2.06,20,3
étudié,considered,wohlüberlegt,PPADJ,6,3,0.1,0.68,5,15,20,1,19,1,20,1,preferentially non-human,2.89,1.13,18,1,5.95,1.39,20,0,3.4,1.19,20,1,4.85,1.35,20,0,4.9,0.79,20,0,2.8,1.91,20,1
évanoui,unconscious,ohnmächtig,PPADJ,7,3,0.34,2.77,14,6,20,0,1,19,20,0,preferentially human,3.2,1.7,20,0,4.45,2.14,20,0,4.4,1.31,20,1,2.3,1.13,20,0,2.45,0.83,20,0,5.55,1.54,20,0
évasé,flared,ausgestellt/abgestanden/verduftet,PPADJ,5,3,0,0.47,4,15,19,1,18,2,20,0,preferentially non-human,3.8,1.88,20,0,3.74,2.13,19,0,3.7,1.34,20,1,4.94,1.35,18,0,3.4,0.99,20,2,4.95,2.09,19,1
éveillé,awake,wach,PPADJ,7,3,1.39,5.41,20,0,20,0,3,17,20,1,preferentially human,4.05,2.04,20,0,5.89,1.15,19,0,3.4,1.47,20,0,3.75,1.55,20,0,5.47,0.96,19,0,5.1,1.41,20,0
éventé,stale,abgestanden,PPADJ,6,3,0.18,0.41,2,17,19,1,18,2,20,5,uniquely non-human,3.25,1.33,20,0,3.4,2.01,20,0,3.63,1.38,19,3,4.21,1.32,19,3,3.47,0.87,17,1,3.22,1.77,18,4
évidé,hollow,ausgehöhlt,PPADJ,5,3,0.02,0.34,1,18,19,1,18,2,20,1,uniquely non-human,3.21,1.75,19,0,3.2,2.17,20,0,4.12,1.36,17,4,4.28,1.6,18,2,3.06,1.09,17,3,4.56,1.92,18,4
exalté,exalted,überschwenglich,PPADJ,6,3,0.55,1.49,20,0,20,0,3,17,20,0,preferentially human,3.5,1.64,20,0,4.53,1.84,19,0,5.05,1.32,20,0,3.7,1.75,20,0,4.55,1.61,20,0,3.89,1.59,19,1
excentrique,eccentric,exszentrisch,ADJ,11,3,1.97,1.35,20,0,20,0,12,8,20,0,preferentially human,3.85,1.84,20,0,5.2,1.74,20,0,5.6,1.05,20,0,5.3,1.59,20,0,3.65,1.23,20,0,4.9,1.65,20,0
excité,excited,aufgedreht,PPADJ,6,3,3.58,3.11,20,0,20,0,4,16,20,0,preferentially human,4.35,1.73,20,0,5.8,1.36,20,0,5.15,0.93,20,0,2.65,0.99,20,0,4.85,1.18,20,0,4.8,1.36,20,0
exigeant,demanding,anspruchsvoll,ADJ,8,3,1.77,2.97,20,0,20,0,5,15,20,1,preferentially human,3.35,1.69,20,1,5.8,1.32,20,0,4.8,1.2,20,0,5.3,0.98,20,0,3.85,1.18,20,0,3.05,1.82,20,0
exotique,exotic,exotisch,ADJ,8,3,2.86,5,10,10,20,2,20,0,20,0,preferentially non-human,5.1,1.33,20,0,5.05,1.82,20,0,4.2,1.36,20,1,5.84,0.9,19,1,5.8,0.7,20,0,5.63,1.01,19,2
expansif,expansive,mitteilsam,ADJ,8,3,0.15,0.81,13,6,19,1,19,1,20,1,preferentially non-human,2.8,1.36,20,2,4.05,1.9,19,1,4.37,1.21,19,2,4.25,0.91,20,2,4.33,0.69,18,0,3.65,1.84,20,2
expéditif,expeditious,flink,ADJ,9,4,0.05,1.08,15,4,20,3,12,8,20,0,preferentially human,2.35,1.31,20,1,3.95,2.01,20,0,4.5,1.4,20,1,4.11,0.88,19,2,3.5,1,20,1,2.75,1.52,20,1
expérimenté,experienced,erfahren,ADJ/PPADJ,11,5,1.33,0.68,20,0,20,1,4,16,20,0,preferentially human,2.89,1.24,19,1,5.68,1.16,19,0,4,1.21,20,0,5.68,1.06,19,0,5.74,0.45,19,0,3.1,1.89,20,0
expirant,expired,ablaufend/erlöschend,ADJ,8,3,0,0.27,8,12,20,1,8,12,20,2,both,3,1.59,20,0,3.79,1.9,19,0,3.75,1.52,20,1,3.2,1.58,20,2,3.5,0.51,18,0,3.2,1.96,20,4
extasié,ecstatic,ekstatisch,PPADJ,7,3,0.01,0.95,18,1,19,2,2,18,20,2,preferentially human,3.95,1.7,20,2,4.9,1.8,20,0,5.84,0.96,19,0,2.7,1.03,20,0,5.05,1.18,19,1,4.35,1.42,20,1
extensible,extensible,dehnbar,ADJ,10,3,0.09,0.47,3,17,20,0,20,0,20,0,preferentially non-human,3.65,1.5,20,0,4.7,1.75,20,0,3.45,1.28,20,1,5,0.94,19,2,4.35,1.09,20,0,4.15,1.63,20,2
extravagant,extravagant,extravagant,ADJ,11,4,0.91,2.16,20,0,20,0,12,8,20,1,preferentially human,4.25,1.8,20,0,5.55,1.54,20,0,5.45,1.05,20,0,4.9,1.29,20,0,4.05,1.23,20,0,5.26,1.05,19,2
extraverti,extroverted,extrovertiert,ADJ,10,4,0.06,0,20,0,20,0,2,18,20,0,uniquely human,4.05,1.85,20,0,5.1,1.89,20,0,4.95,1.28,20,0,5.63,1.07,19,0,5.2,1.24,20,0,5.25,1.41,20,0
fâché,angry,verärgert,PPADJ,5,2,7.1,2.5,20,0,20,0,1,19,20,0,uniquely human,4.25,1.77,20,0,6.32,1,19,1,4.74,0.81,19,0,2.7,0.98,20,0,1.95,0.69,20,0,4.9,1.59,20,0
façonné,formed,bearbeitet/geformt,PPADJ,7,3,missing,entry,7,13,20,0,19,1,20,0,preferentially non-human,3.2,1.64,20,1,4,1.69,20,0,3.8,1.15,20,0,5.2,1.01,20,2,4.47,0.9,19,1,4.11,1.97,19,2
faible,weak,schwach,ADJ,6,1,31.03,40.95,20,0,20,0,13,7,20,1,preferentially human,3.7,1.45,20,0,5.75,1.52,20,1,4.15,1.23,20,0,4.1,1.33,20,0,1.95,0.6,20,0,3.25,1.59,20,1
fainéant,lazy,faul,ADJ,8,3,1.22,1.28,20,0,20,0,0,20,20,1,uniquely human,3.35,1.76,20,1,5.95,1.08,19,0,4.35,1.46,20,0,5.35,1.04,20,0,1.79,0.54,19,0,3.55,1.99,20,0
fanatique,fanatic,fanatisch,ADJ,9,3,0.78,1.62,19,1,20,0,2,18,20,2,uniquely human,3.45,1.7,20,0,4,2.05,20,0,6.21,0.63,19,0,4.95,1.58,19,0,2.7,1.17,20,0,3.35,1.84,20,1
fané,wilted,verwelkt,PPADJ,4,2,0.04,2.3,2,18,20,0,20,0,20,0,uniquely non-human,4.75,1.74,20,0,4.6,2.06,20,0,3.95,1.57,20,1,5.74,1.05,19,1,2.3,0.73,20,0,6,1.2,19,1
fanfaron,boastful,prahlerisch,ADJ,8,3,0.23,0.68,19,1,20,0,3,17,20,0,preferentially human,3.15,1.5,20,0,3.25,1.94,20,1,4,1.3,20,0,4.05,1.39,20,1,3.7,1.38,20,0,4,1.7,19,2
fantasque,capricious,launenhaft,ADJ,9,2,0.52,3.04,13,5,18,3,13,7,20,3,both,2.95,1.47,19,3,3.5,1.85,20,0,4.5,1,20,2,4.11,1.18,18,1,4.28,0.96,18,1,3.33,1.57,18,2
farfelu,wacky,verrückt,ADJ,7,3,0.93,0.61,18,1,19,0,15,5,20,1,preferentially human,3.1,1.33,20,1,4.7,1.78,20,0,4.5,1.1,20,1,4.5,1.15,20,0,3.55,1.1,20,0,3.55,1.64,20,0
farineux,floury,mehlig,ADJ,8,3,0,0.54,1,19,20,1,20,0,20,0,uniquely non-human,4.8,1.77,20,0,3.35,2.01,20,0,4,1.65,20,1,5.26,1.05,19,1,3.11,0.81,19,2,4.85,1.84,20,0
farouche,fierce,heftig,ADJ,8,2,1.9,11.62,19,1,20,1,3,17,20,3,preferentially human,3.2,1.44,20,1,4.16,2.06,19,1,4.4,0.99,20,1,3.79,1.62,19,0,3.25,0.79,20,0,3.21,1.72,19,0
fatigué,tired,müde,PPADJ,7,3,18.46,16.89,20,0,20,0,6,14,20,0,preferentially human,4.25,2.12,20,0,6.67,0.59,18,0,3.5,1.15,20,1,2.8,1.24,20,0,2.3,0.73,20,0,4.9,1.25,20,0
fautif,faulty/guilty,fehlerhaft/schuldig,ADJ,6,2,1.5,1.08,19,1,20,0,1,19,20,0,uniquely human,3.15,1.66,20,1,4.95,1.64,20,0,4.2,1.06,20,0,4.85,1.57,20,0,2.15,0.75,20,0,1.89,0.99,19,1
féminin,feminine,feminin,ADJ,7,3,7.51,11.28,20,0,20,0,17,3,20,0,preferentially human,4.65,1.93,20,0,6.42,0.9,19,0,3.2,1.54,20,1,6.15,0.93,20,0,4.8,1.01,20,0,5.85,0.81,20,0
féministe,feminist,feministisch,ADJ,9,3,0.79,1.62,19,1,20,0,4,16,20,0,preferentially human,3.1,1.68,20,1,5.1,1.45,20,0,4.85,1.35,20,0,5.53,0.77,19,0,3.35,0.88,20,0,3.2,1.94,20,0
fendu,split,geschlitzt,PPADJ,5,2,0.21,0.88,1,19,20,0,19,1,20,0,uniquely non-human,3.85,1.53,20,0,4.1,2,20,1,3.9,1.17,20,3,5.55,1.23,20,0,2.75,0.97,20,1,5.79,1.55,19,0
ferrugineux,ferruginous,eisenhaltig,ADJ,11,4,0,0.68,2,15,17,7,15,5,20,4,preferentially non-human,3.32,1.73,19,2,2.44,1.97,16,4,4.63,1.5,19,6,4.88,1.17,17,6,3.59,0.71,17,3,3.25,1.57,16,4
fervent,fervent,inbrünstig,ADJ,7,2,1.22,2.03,20,0,20,1,4,16,20,2,preferentially human,2.35,1.39,20,0,3.89,1.63,19,2,4.84,1.01,19,2,4.83,1.1,18,0,4.78,0.73,18,1,2.6,1.7,20,1
feuilleté,lamellate,blättrig,PPADJ,9,2,0.06,0.2,1,19,20,0,19,1,20,0,uniquely non-human,4.15,1.81,20,1,4.5,1.79,20,0,2.58,1.12,19,3,4.5,1.61,20,3,4.24,0.56,17,3,4.95,1.82,20,1
fiable,reliable,zuverlässig,ADJ,6,1,5.36,1.08,20,0,20,1,13,7,20,1,preferentially human,2.45,1.19,20,1,6.15,0.88,20,0,4.2,1.4,20,0,5.15,1.31,20,0,6.11,0.81,19,0,2.05,0.94,20,1
fibreux,fibrous,faserig,ADJ,7,2,0.16,0.2,0,20,20,0,20,0,20,0,uniquely non-human,4.4,1.6,20,0,3.5,2.01,20,0,3.7,1.69,20,2,5,1.41,20,2,3.61,0.61,18,2,5,1.81,20,0
fidèle,faithful,treu,ADJ,6,2,20.04,27.43,20,0,20,0,9,11,20,2,preferentially human,2.9,1.21,20,0,6.42,0.9,19,0,3.8,1.4,20,0,4.8,1.47,20,0,6.05,1.05,20,1,2.8,1.82,20,0
fier,proud,stolz,ADJ,4,1,46.07,31.42,20,0,20,0,6,14,20,0,preferentially human,3.15,1.76,20,0,5.95,1.39,19,0,4.47,1.07,19,0,4.4,1.31,20,1,5.3,1.08,20,0,4.3,1.87,20,1
filamenteux,filamentous,faserig,ADJ,11,4,0.01,0.07,0,20,20,0,20,0,20,1,uniquely non-human,4.15,1.66,20,0,3,1.89,19,1,4,1.65,20,2,5.26,0.93,19,1,3.24,0.75,17,2,4.95,1.72,19,1
finaud,sly,durchtrieben,ADJ,6,2,0.18,1.01,14,4,18,3,8,12,20,10,preferentially human,2.67,1.53,18,3,2.88,2.03,17,1,4.32,1.2,19,5,4.33,0.82,15,6,3.82,1.29,17,3,2.53,1.13,15,6
flambé,flambé,flambiert,PPADJ,6,2,0.17,0.07,3,17,20,1,19,1,20,1,preferentially non-human,4.75,1.68,20,0,4.7,1.95,20,0,4.7,1.42,20,1,4.05,1.67,20,2,3.75,1.21,20,0,5.3,1.3,20,0
flemmard,idle,faul,ADJ,8,2,0.4,0.27,20,0,20,0,2,18,20,0,uniquely human,3.85,1.87,20,1,5,1.72,20,0,4.55,1.05,20,0,4.6,1.1,20,1,1.89,0.57,19,1,3.5,1.43,20,0
flétri,withered,verwelkt,PPADJ,6,2,missing,entry,4,15,19,2,19,1,20,1,preferentially non-human,4,1.41,19,0,3.4,1.9,20,0,4,0.94,19,1,4.18,1.33,17,3,2.3,0.8,20,0,4.74,2.05,19,3
floconneux,flaky,flockig,ADJ,10,3,0.05,0.2,1,19,20,0,17,3,20,0,preferentially non-human,4.45,1.67,20,0,3.3,2.03,20,0,3.37,1.64,19,1,4.9,1.45,20,2,4.11,0.99,19,2,5.11,1.91,19,1
fondu,melted,geschmolzen,ADJ,5,2,1.61,2.36,1,19,20,0,20,0,20,1,uniquely non-human,5.37,1.26,19,0,4.85,1.66,20,0,3.75,1.45,20,0,4.6,1.39,20,1,3.68,0.82,19,2,5.75,1.12,20,0
forcené,rabid,wütend,ADJ,7,3,0.02,2.36,17,2,19,1,4,16,20,1,preferentially human,2.95,1.43,20,0,4.05,1.96,19,0,5.25,0.97,20,1,4.39,1.5,18,3,3.1,1.25,20,1,3.11,1.37,19,0
fort,strong,stark,ADJ,4,1,27.93,43.85,20,0,20,0,13,7,20,1,preferentially human,4.25,1.74,20,0,6.42,0.9,19,0,4.15,1.46,20,0,5.32,0.82,19,0,5.7,0.86,20,0,4.85,1.84,20,0
fouineur,prying,zudringlich,ADJ,8,2,0.13,0.47,20,0,20,0,3,17,20,0,preferentially human,3.65,1.76,20,1,4.45,2.04,20,1,4.9,1.02,20,0,4.65,1.23,20,0,2.05,0.6,20,0,2.8,1.32,20,0
fourbu,exhausted,todmüde,ADJ,6,2,0.12,2.84,12,6,18,2,11,9,20,4,both,3.16,1.34,19,1,3.58,1.89,19,0,4.63,1.07,19,3,3.74,1.1,19,1,2.56,0.92,18,2,2.65,1.73,17,2
fragile,fragile,empfindlich,ADJ,7,2,12.94,35.68,18,2,20,1,18,2,20,1,both,4.55,1.93,20,0,5.95,1.36,20,0,4,1.59,20,0,5.1,1.52,20,1,2.95,1.05,20,0,4.15,1.39,20,2
frêle,frail,zierlich,ADJ,5,1,1,9.8,18,2,20,1,14,6,20,0,preferentially human,3.8,1.74,20,0,3.8,1.85,20,0,4.4,1.14,20,0,4.6,1.1,20,1,3,0.88,19,2,5.37,1.54,19,1
frénétique,frenetic,frenetisch,ADJ,10,3,0.52,4.12,12,8,20,0,7,13,20,3,preferentially human,3.1,1.41,20,0,3.63,1.95,19,0,4.8,1.15,20,3,4.68,1.25,19,0,3.16,0.76,19,2,3.72,1.41,18,2
frivole,frivolous,frivol,ADJ,7,2,1.75,4.26,17,3,20,1,11,9,20,1,preferentially human,3.05,1.64,20,0,4.05,1.99,19,1,4.15,1.18,20,0,4.32,1.53,19,1,3.53,1.07,19,0,3.5,1.79,20,0
froufroutant,rustling,raschelnd/knisternd,ADJ,12,3,0,0.07,4,14,18,6,19,1,20,5,preferentially non-human,3.83,1.54,18,1,2.89,2.16,19,2,3.94,1.51,18,2,4.71,1.16,17,5,3.43,1.02,14,5,3.13,1.3,15,8
froussard,cowardly,ängstlich,ADJ,9,2,0.39,0.27,20,0,20,0,1,19,20,0,uniquely human,3.75,1.8,20,0,4.95,1.85,20,0,4.9,1.02,20,0,4.55,1.05,20,0,2.05,0.76,20,0,3.89,1.7,19,0
frugal,frugal,genügsam,ADJ,6,2,0.18,0.61,6,12,18,5,14,6,20,4,preferentially non-human,3.35,1.57,20,0,3.33,1.88,18,4,4.11,1.2,19,5,4.37,0.9,19,3,3.67,1.14,18,4,4.53,1.77,15,2
fruité,fruity,fruchtig,ADJ,6,2,0.31,0.34,0,20,20,1,19,1,20,1,uniquely non-human,5,1.95,20,0,5.25,1.45,20,0,3.21,1.13,19,2,5.42,1.07,19,2,5.55,0.83,20,0,3.5,1.82,20,0
frustré,frustrated,frustriert,PPADJ,7,2,1.14,1.15,20,0,20,0,1,19,20,0,uniquely human,3.1,1.77,20,1,5.7,1.59,20,0,5,0.75,19,0,2.95,0.94,20,0,2.05,0.76,20,0,3.45,1.32,20,0
furibond,furious,wütend,ADJ,8,3,0.25,1.35,18,1,19,2,0,20,20,1,uniquely human,2.89,1.76,19,1,3.45,2.01,20,1,5.79,1.08,19,1,3.16,1.42,19,0,2.5,1.15,18,2,4.4,1.4,15,1
furieux,furious,wütend,ADJ,7,2,18.06,29.53,20,0,20,0,3,17,20,0,preferentially human,4.2,1.44,20,1,6,1.11,19,0,5.45,0.94,20,0,2.65,1.35,20,0,1.8,0.7,20,0,5.15,1.76,20,0
futé,smart,schlau,ADJ,4,2,5.96,1.28,20,0,20,0,1,19,20,0,uniquely human,3.5,1.57,20,0,5.25,1.37,20,0,3.7,0.98,20,0,5.58,0.61,19,0,5.95,0.6,20,0,3.05,1.57,20,0
futile,trifling,oberflächlich,ADJ,6,2,2.23,4.86,15,5,20,2,15,5,20,1,both,2.85,1.84,20,1,4.8,1.74,20,1,3.95,1.36,20,1,4.79,1.18,19,0,2.68,0.95,19,0,2.45,1.54,20,1
gai,happy,fröhlich,ADJ,3,1,10.74,22.64,20,0,20,0,8,12,20,1,preferentially human,4.05,1.57,20,0,5.45,1.64,20,0,3.85,1.35,20,0,3.25,1.29,20,0,5.85,0.81,20,0,4.7,1.53,20,1
galant,gallant,galant,ADJ,6,2,4.66,2.77,20,0,20,0,6,14,20,0,preferentially human,3.2,1.85,20,1,5.45,1.36,20,0,3.85,1.31,20,0,4.9,1.12,20,0,6.05,0.62,19,0,3.85,1.98,20,0
galbé,curved,geschwungen/gerundet,ADJ,5,2,0,0.2,10,8,18,6,14,6,20,4,preferentially non-human,3.33,1.28,18,4,3.1,1.77,20,1,3.53,1.17,19,4,4.94,1.47,18,1,4.56,0.62,18,2,5.37,1.92,19,0
ganté,gloved,mit Handschuhen,PPADJ,5,2,0.04,0.2,11,9,20,1,13,7,20,2,both,4.11,1.91,19,0,3.16,2.01,19,2,3.53,1.31,19,3,3.55,1.43,20,1,3.83,0.38,18,3,5.65,1.41,17,2
gêné,embarrassed,verlegen,PPADJ,4,2,2.56,11.42,20,0,20,0,2,18,20,0,uniquely human,3.6,1.76,20,0,6.05,1.03,19,0,3.9,1.02,20,1,3,1.12,20,0,2.75,0.55,20,0,4.15,0.99,20,0
généreux,generous,grosszügig,ADJ,8,3,16.57,13.99,20,0,20,0,5,15,20,1,preferentially human,3.25,1.62,20,2,6.32,0.95,19,0,4.15,1.35,20,0,5.25,0.97,20,0,6.25,0.79,20,0,3.2,1.77,20,0
gentil,kind,liebenswürdig,ADJ,6,2,134.11,37.36,20,0,20,0,2,18,20,0,uniquely human,2.8,1.4,20,0,6.42,0.84,19,0,3.5,1.47,20,0,5.21,0.92,19,0,6.37,0.6,19,0,3.7,1.69,20,2
glaiseux,clayey,lehmig,ADJ,8,2,0,0.95,0,18,18,2,16,4,20,5,preferentially non-human,4.06,1.75,17,3,2.37,1.57,19,1,3.8,1.36,20,7,4.56,1.85,18,4,3,0.93,15,4,4.6,1.96,15,2
glissant,slippery,rutschig,ADJ,8,2,1.76,3.18,0,20,20,0,19,1,20,0,uniquely non-human,4.45,1.67,20,0,4.65,1.95,20,0,3.65,1.57,20,3,3.75,1.45,20,2,3,0.94,19,2,4.8,1.82,20,0
gonflable,inflatable,aufblasbar,ADJ,9,2,0.92,0.54,2,18,20,0,18,2,20,0,uniquely non-human,3.7,1.69,20,0,4.8,1.99,20,0,3,1.12,20,2,4.9,1.86,20,1,4,0.75,19,1,4.75,1.71,20,0
goudronneux,tarry,teerig,ADJ,11,3,0,0.2,0,20,20,0,18,2,20,0,uniquely non-human,4.7,1.59,20,0,3.3,2.05,20,1,4.15,1.5,20,5,5.68,1.06,19,0,3.1,0.85,20,0,5.89,1.02,18,1
gourmand,fond for food,schlemmerhaft,ADJ,8,2,1.81,4.53,20,0,20,0,4,16,20,0,preferentially human,4.9,1.65,20,0,5.85,1.31,20,0,4.37,0.9,19,0,5.26,0.87,19,0,4,0.88,19,1,3,1.45,20,0
gracieux,graceful,graziös,ADJ,8,2,2.42,7.64,20,0,20,0,14,6,20,1,preferentially human,3.65,1.63,20,0,5.1,1.59,20,0,4.15,1.35,20,0,5.1,1.21,20,0,5.8,0.77,20,0,5,1.25,19,1
gracile,slender,feingliedrig,ADJ,7,2,0.16,1.69,10,7,17,7,14,6,20,5,preferentially non-human,3.06,1.09,17,3,3.22,2.26,18,3,3.88,1.32,17,4,4.31,1.25,13,7,3.94,1.18,16,3,3.8,1.9,15,8
grand,tall,groß,ADJ,5,1,338.27,537.97,20,0,20,0,19,1,20,2,both,4.05,1.96,20,0,6.47,0.84,19,0,3.8,1.4,20,1,6.2,0.89,20,1,4.75,0.55,20,0,6.47,0.84,19,0
granulé,granulated,körnig,ADJ,7,3,0,0.07,1,19,20,0,18,2,20,1,uniquely non-human,4.9,1.8,20,0,4.05,1.9,20,0,3,0.94,19,3,5.11,1.57,18,3,3.89,0.47,18,2,5.9,1.21,20,0
grassouillet,pudgy,rundlich,ADJ,12,3,0.66,0.88,20,0,20,0,8,12,20,2,preferentially human,4.75,1.77,20,0,4.8,2.02,20,0,3.47,1.07,19,0,5.05,0.94,20,0,2.55,0.69,20,1,6,1.03,20,0
gratiné,cooked au gratin,überbacken,ADJ,7,3,0.02,0.41,3,17,20,0,19,1,20,0,preferentially non-human,5.05,1.76,20,0,5.45,1.47,20,0,4,1.56,20,2,4.75,1.41,20,1,4.37,1.07,19,4,5.75,1.33,20,0
gratuit,free,kostenlos,ADJ,7,2,12.15,5.81,1,19,20,0,18,2,20,0,uniquely non-human,2.8,1.47,20,0,6.1,1.25,20,0,3.5,2.28,20,0,5.1,1.71,20,1,5.75,0.79,20,0,2.7,2.05,20,0
grêlé,pockmarked,pockennarbig,ADJ,5,2,0.3,0.34,2,18,20,1,16,4,20,2,preferentially non-human,4.25,1.52,20,1,3.16,1.64,19,1,4.45,1.19,20,2,3.79,1.55,19,3,3.1,0.91,20,1,5.11,1.91,19,0
grillé,grilled,gegrillt,PPADJ,6,2,2.15,3.31,8,12,20,1,20,0,20,0,preferentially non-human,5.05,1.32,20,0,5.1,1.74,20,0,4.35,1.35,20,0,5.15,1.42,20,1,3.79,0.92,19,1,6.1,0.97,20,0
grincheux,grumpy,griessgrämig,ADJ,9,2,1.16,1.01,20,0,20,0,2,18,20,1,uniquely human,4,1.56,20,0,5.25,1.59,20,0,4.35,0.99,20,0,3.89,0.88,19,1,1.75,0.72,20,0,4.35,1.76,20,0
grognon,grumpy,griessgrämig,ADJ,7,2,0.71,0.88,20,0,20,0,2,18,20,0,uniquely human,3.6,1.79,20,0,4.3,2.08,20,0,4.3,1.03,20,0,3.4,1.19,20,0,1.95,0.62,19,0,3.85,1.57,20,1
gros,big,dick,ADJ,4,1,180.91,216.01,20,0,20,0,18,2,20,2,both,4.9,1.65,20,0,6.21,1.08,19,0,4.9,0.79,20,0,5.05,1.05,20,2,2.45,0.83,20,0,6.61,0.61,18,0
guilleret,jolly,fröhlich,ADJ,9,2,0.14,2.09,10,8,18,3,5,15,20,3,preferentially human,3.05,1.39,20,2,3.94,1.95,18,1,4.18,1.13,17,5,3.65,1,17,1,4.56,1.03,16,2,4.35,1.62,17,1
habillé,dressed,angezogen,PPADJ,7,3,5.14,7.03,20,0,20,0,14,6,20,0,preferentially human,4.65,1.9,20,0,6.2,1.06,20,0,2.9,1.48,20,2,3.3,1.45,20,1,4.4,0.82,20,1,6.42,0.69,19,0
haché,chopped,gehackt,PPADJ,5,2,0.73,1.01,1,19,20,0,19,1,20,0,uniquely non-human,4.4,1.39,20,0,4.79,1.78,19,2,4.35,1.79,20,0,5.5,1.15,20,2,3.3,0.86,20,1,5.25,1.52,20,0
hagard,haggard,verstörrt,ADJ,6,2,0.24,6.96,16,4,20,1,4,16,20,3,preferentially human,2.74,1.28,19,1,3.21,1.96,19,3,4.47,1.12,19,2,3.28,1.13,18,2,2.94,0.8,18,0,3.06,1.73,16,1
hardi,bold,kühn,ADJ,5,2,1.3,6.49,17,2,19,1,5,15,20,3,preferentially human,2.94,1.63,18,1,2.8,1.24,20,0,4.5,0.89,20,3,4.44,1.04,18,1,4.33,0.91,18,3,3.22,1.83,18,1
hautain,haughty,hochmütig,ADJ,7,2,0.51,4.12,20,0,20,0,1,19,20,0,uniquely human,3.1,1.48,20,0,4.53,1.74,19,0,5.05,0.71,19,0,5.11,0.99,19,0,1.95,0.89,20,1,4.45,1.54,20,0
hébété,dazed,benommen,PPADJ,6,3,0.29,2.84,16,2,18,5,3,17,20,2,preferentially human,2.89,1.53,18,2,3.45,2.06,20,0,4.5,0.83,20,2,2.95,1.22,19,0,3.06,1.11,18,3,3.39,1.42,18,1
herbeux,grassy,grasbewachsen,ADJ,7,2,0.01,0.74,0,20,20,0,16,4,20,0,preferentially non-human,4.95,1.23,20,0,3.5,1.99,20,0,3.7,1.45,20,6,5.4,1.39,20,3,4.06,0.64,18,1,5.67,1.41,18,0
héroïque,heroic,heroisch,ADJ,8,3,3.31,7.57,18,2,20,1,6,14,20,0,preferentially human,3.05,1.79,20,1,4.65,1.6,20,1,5.58,0.96,19,0,4.72,1.02,18,0,6.21,0.71,19,0,3.55,1.79,20,0
hésitant,hesitant,zögernd,ADJ,8,3,0.11,3.92,19,1,20,0,3,17,20,0,preferentially human,3.05,1.7,20,0,5.68,1.45,19,0,3.35,0.93,20,0,2.85,1.46,20,0,3.11,0.57,19,1,3.9,1.59,20,1
heureux,happy,froh,ADJ,7,2,155.8,125.41,20,0,20,0,0,20,20,0,uniquely human,3.6,1.98,20,0,6.16,1.38,19,0,4.05,1.61,20,0,3.6,1.35,20,0,6.74,0.45,19,0,4.35,1.79,20,1
hilare,jolly,vergnügt,ADJ,6,2,0.14,6.15,19,1,20,0,4,16,20,0,preferentially human,3.8,1.58,20,0,4.7,1.63,20,0,5.2,0.95,20,1,2.89,1.49,19,1,4.95,0.85,19,0,4.65,1.81,20,0
honnête,honest,ehrlich,ADJ,7,2,43.6,20.2,20,0,20,0,3,17,20,0,preferentially human,2.95,1.67,20,1,6.2,1.06,20,0,3.65,1.35,20,0,4.85,1.57,20,0,6.5,0.61,20,0,2.75,1.25,20,0
honorable,honorable,ehrenwert,ADJ,9,3,9.31,8.24,20,0,20,0,12,8,20,1,preferentially human,2.8,1.4,20,1,5.35,1.53,20,0,4,1.34,20,0,5.15,1.35,20,0,5.9,0.79,20,1,2.6,1.47,20,1
honteux,ashamed,beschämt,ADJ,7,2,7.17,13.04,20,0,20,0,5,15,20,0,preferentially human,3.3,1.72,20,0,5.5,1.7,20,0,4.8,1.06,20,0,3.15,1.23,20,1,1.75,0.72,20,0,3.25,1.07,20,0
hostile,hostile,feindselig,ADJ,7,2,6.32,15.47,20,0,20,0,14,6,20,3,preferentially human,3.2,1.67,20,1,4.8,1.64,20,0,5.68,0.75,19,0,4.2,1.2,20,0,1.79,0.63,19,0,4.1,1.8,20,1
huilé,oily,ölgetränkt,PPADJ,5,2,0.21,1.15,3,17,20,0,20,0,20,0,preferentially non-human,4.65,1.53,20,0,4.55,1.96,20,1,3.05,0.94,20,2,4.6,1.47,20,1,3.94,0.54,18,3,5.84,1.12,19,0
humble,humble,demütig,ADJ,6,1,9.66,12.84,20,0,20,0,9,11,20,2,preferentially human,2.75,1.12,20,0,5.1,1.68,20,0,3.45,1.5,20,0,5.58,1.02,19,1,5.85,0.75,20,0,2.25,1.33,20,0
humide,damp,feucht,ADJ,6,2,8.24,38.24,2,18,20,0,19,1,20,0,uniquely non-human,4.95,1.64,20,0,5.05,1.88,20,1,3.35,1.27,20,0,3.26,0.93,19,0,2.75,0.85,20,0,5.16,0.83,19,0
humilié,humiliated,gedemüdigt,PPADJ,7,3,1.09,2.16,19,1,20,0,2,18,20,0,uniquely human,3.75,1.86,20,1,5.3,2.05,20,1,4.65,1.39,20,0,2.95,1.23,20,0,1.75,0.64,20,0,2.84,1.17,19,0
humoristique,humorous,humoristisch,ADJ,12,4,0.2,0.61,14,6,20,0,14,6,20,1,both,4.45,1.64,20,0,5.5,1.54,20,0,3.8,1.2,20,0,4.9,0.97,20,1,5.89,0.74,19,0,3.65,1.6,20,1
hypocrite,hypocrite,heuchlerisch,ADJ,9,3,3.61,4.26,20,0,20,0,2,18,20,0,uniquely human,3,1.3,20,0,5.9,1.17,20,1,5.42,0.9,19,0,4.8,1.51,20,0,1.4,0.5,20,0,2.8,1.85,20,0
hystérique,hysterical,hysterisch,ADJ,10,3,5.6,3.45,20,0,20,0,3,17,20,0,preferentially human,3.75,1.62,20,0,4.9,1.97,20,0,6.21,0.85,19,0,3.75,1.55,20,0,1.85,0.88,20,1,4.9,1.41,20,0
idyllique,idyllic,idyllisch,ADJ,9,3,0.79,1.35,7,12,19,4,17,3,20,2,preferentially non-human,3.2,1.67,20,3,4.47,1.84,19,2,5.55,1.47,20,0,3.68,1.42,19,0,6,0.97,18,1,3.35,2.03,17,2
ignorant,ignorant,unwissend,ADJ,8,3,1.79,2.5,20,0,20,0,1,19,20,0,uniquely human,3,1.84,20,1,5,1.89,20,0,4.2,1.24,20,0,4.2,1.85,20,0,1.74,0.73,19,0,2.8,1.61,20,0
imaginatif,imaginative,fantasievoll,ADJ,10,5,0.44,1.08,20,0,20,0,6,14,20,0,preferentially human,3.7,1.53,20,1,5.65,1.57,20,0,3.7,1.49,20,0,5.6,0.99,20,0,6.05,0.62,19,0,2.75,1.71,20,0
imbécile,stupid,dumm,ADJ,8,3,18.79,10.88,20,0,20,0,2,18,20,0,uniquely human,2.58,1.12,19,0,5.25,2.1,20,0,4.85,0.93,20,0,4.6,1.47,20,0,1.65,0.75,20,0,3.5,1.57,20,1
imbriqué,nested,verschachtelt,ADJ,8,3,0,0.14,6,14,20,1,18,2,20,0,preferentially non-human,3,1.81,20,1,3.95,1.93,20,1,3.7,1.08,20,2,4.78,1.56,18,0,3.67,0.91,18,2,4.76,1.6,17,1
imbuvable,undrinkable,untrinkbar,ADJ,9,3,0.6,0.47,12,8,20,3,17,3,20,0,preferentially non-human,4.9,1.59,20,0,4.35,2.08,20,0,5,1.62,20,0,4.95,1.61,20,0,1.75,0.72,20,0,2.5,1.4,20,1
impérieux,imperious,gebieterisch,ADJ,9,3,0.38,6.55,18,2,20,2,12,8,20,1,preferentially human,2.75,1.37,20,3,3.95,2.24,20,0,4.53,1.54,19,1,4.3,1.17,20,0,3.79,1.51,19,1,2.67,1.53,18,6
impertinent,impertinent,unverschämt,ADJ,11,4,0.92,0.41,19,1,20,0,7,13,20,2,preferentially human,2.65,1.14,20,2,5,1.86,20,1,4.85,1.23,20,0,4.53,0.84,19,0,2.15,0.75,20,0,2.53,1.35,19,0
implorant,imploring,flehentlich,ADJ,9,3,0.23,1.15,18,2,20,0,4,16,20,1,preferentially human,2.9,1.68,20,1,4.15,1.6,20,1,4.9,1.12,20,0,3.1,1.41,20,1,2.75,1.02,20,0,3.84,1.42,19,0
impotent,impotent,impotent,ADJ,8,3,0.64,0.47,15,4,19,2,7,13,20,3,preferentially human,3.26,1.28,19,2,3.39,1.82,18,2,5.05,1.22,19,1,4.61,1.14,18,1,3,1.32,17,2,3.5,2.07,18,4
impressionable,impressionable,leicht zu beeindrucken,ADJ,15,4,0.78,0.68,20,0,20,1,6,14,20,0,preferentially human,3.4,1.7,20,1,4.85,1.9,20,0,4.25,1.29,20,1,4.5,1.57,20,0,3.8,1.36,20,0,2.58,1.17,19,1
imprévoyant,improvident,sorglos,ADJ,11,4,0,0.07,20,0,20,0,3,17,20,1,preferentially human,2.47,1.31,19,0,4.21,2.02,19,0,4.16,0.83,19,1,3.9,1.55,20,0,2.58,0.69,19,1,2.35,1.73,20,0
imprimé,printed,bedruckt,PPADJ,7,3,missing,entry,0,20,20,0,19,1,20,0,uniquely non-human,3.55,1.76,20,0,5.9,1.25,20,0,3.4,1.5,20,1,6,0.82,19,0,4.06,0.42,18,2,5.7,1.26,20,0
imprudent,imprudent,unvorsichtig,ADJ,9,3,3.1,2.5,20,0,20,0,3,17,20,0,preferentially human,2.95,1.47,20,0,5.35,1.6,20,0,4.3,1.08,20,0,4.26,0.87,19,0,2.25,0.64,20,0,3.15,1.6,20,0
impulsif,impulsive,impulsiv,ADJ,8,3,1.4,1.28,20,0,20,0,2,18,20,0,uniquely human,3.55,1.9,20,0,5.6,1.19,20,0,5.2,1.06,20,0,4.7,1.84,20,0,3.05,1.5,20,1,3.55,1.76,20,0
incertain,uncertain,unsicher,ADJ,9,3,1.49,8.78,19,1,20,0,6,14,20,1,preferentially human,2.55,1.39,20,1,5.6,1.54,20,0,3.35,1.35,20,0,3.26,1.1,19,0,2.75,0.79,20,0,3.1,1.62,20,0
incommodé,inconvenient,unbequem,ADJ,9,4,0.02,0.14,16,4,20,0,6,14,20,5,preferentially human,2.65,1.46,20,1,4.74,1.59,19,0,3.8,1.15,20,0,3.05,0.91,19,1,2.5,0.83,20,0,3.63,1.42,19,4
increvable,tireless,unverwüstlich,ADJ,10,3,0.35,0.61,14,6,20,4,17,3,20,0,preferentially non-human,3.1,1.97,20,0,4.5,1.99,20,0,5.7,1.13,20,0,5.8,1.15,20,1,5.32,0.95,19,0,3,1.41,20,0
indigeste,indigestible,unverdaulich,ADJ,9,3,0.24,0.81,5,15,20,1,19,1,20,0,preferentially non-human,4.6,1.47,20,0,4.85,1.63,20,1,4.75,1.29,20,0,4.15,1.46,20,2,1.85,0.59,20,0,2.6,1.76,20,0
indigné,indignant,aufgebracht,ADJ,7,3,0.14,2.5,19,1,20,0,0,20,20,1,uniquely human,3.05,1.85,20,0,4.9,1.77,20,0,4.8,1.28,20,0,3.15,1.35,20,0,2.4,0.75,20,1,3.6,1.64,20,1
indiscret,indiscreet,indiskret,ADJ,9,3,2.25,3.38,20,0,20,0,7,13,20,1,preferentially human,3.6,1.67,20,2,5.05,1.76,20,0,4,1.34,20,0,4.5,1.1,20,0,2.35,0.75,20,0,3,1.65,20,0
indulgent,indulgent,nachsichtig,ADJ,9,3,1.89,4.19,20,0,20,0,0,20,20,1,uniquely human,2.6,1.39,20,1,5.5,1.32,20,0,3.4,1.1,20,0,4.75,1.21,20,0,5.05,0.91,19,1,2.9,1.89,20,0
industrieux,industrious,gewandt,ADJ,11,4,0.01,0.68,2,17,19,3,17,3,20,2,preferentially non-human,3.17,1.5,18,2,3.21,1.9,19,1,3.79,0.98,19,3,4.8,1.15,20,3,3.56,1.1,18,2,3.26,2.05,19,0
inepte,inept,unfähig,ADJ,6,2,0.52,1.69,6,12,18,6,12,8,20,4,preferentially non-human,2.59,1.18,17,2,2.95,1.72,19,0,4.44,1.65,18,0,4.44,1.29,18,2,2.88,1.15,16,4,3.13,1.96,15,5
infirme,disabled,verkrüppelt,ADJ,7,2,2,3.04,15,4,19,1,2,18,20,0,preferentially human,3.8,1.67,20,0,3.75,2.15,20,0,4.5,1.54,20,0,5.5,1.24,20,0,2.15,0.88,20,0,5.58,1.26,19,1
infroissable,crease-resistant,knitterfrei,ADJ,12,3,0.18,0.14,12,8,20,2,19,1,20,0,preferentially non-human,3.85,1.69,20,0,4.1,1.94,20,0,4.65,1.57,20,0,5.45,1.5,20,0,4.42,1.12,19,1,2.95,1.43,20,0
ingénieux,ingenious,einfallsreich,ADJ,9,3,2.9,2.77,20,0,20,0,13,7,20,0,preferentially human,3.2,1.67,20,0,5.4,1.31,20,0,4.58,1.07,19,1,5.75,0.79,20,0,5.95,0.52,19,0,3.1,1.77,20,1
ingrat,ungrateful,undankbar,ADJ,6,2,3.46,4.86,20,0,20,0,3,17,20,0,preferentially human,3.4,1.47,20,0,4.85,1.76,20,0,5.37,0.76,19,1,4.6,1.35,20,0,1.42,0.61,19,0,3.05,1.85,20,0
inhibé,inhibited,gehemmt,ADJ,6,3,0.18,0.07,8,12,20,0,14,6,20,1,preferentially non-human,2.85,1.57,20,0,4.45,1.76,20,0,3.55,1.32,20,1,4.25,1.37,20,1,2.9,0.79,20,0,2.89,1.29,19,3
injurieux,abusive,beleidigend,ADJ,9,3,0.09,0.88,20,0,20,0,10,10,20,2,preferentially human,3.16,1.57,19,1,4.7,1.92,20,0,5,0.92,20,0,3.2,1.24,20,0,1.65,0.75,20,0,3.4,1.76,20,1
innocent,innocent,unschuldig,ADJ,8,3,23.49,11.22,20,0,20,0,5,15,20,2,preferentially human,3,1.72,20,1,5.6,1.6,20,0,3.7,1.38,20,0,4.65,1.76,20,1,5.15,1.14,20,1,2.05,0.85,19,1
inoccupé,unoccupied,frei/unbewohnt/untätig,ADJ,8,4,0.11,0.88,10,10,20,0,16,4,20,0,preferentially non-human,3.1,1.74,20,1,5.2,1.91,20,0,3.1,1.33,20,1,2.9,1.41,20,0,3.7,0.86,20,0,4,2.08,20,1
inondé,flooded,überschwemmt,ADJ/PPADJ,6,3,0.16,0.88,1,19,20,0,17,3,20,0,preferentially non-human,4.2,1.61,20,0,4.4,1.96,20,0,4.47,1.07,19,1,3.45,1.47,20,1,2.15,0.59,20,0,5.75,2,20,0
insomniaque,insomniac,schlaflos,ADJ,11,3,0.62,0.68,20,0,20,0,0,20,20,0,uniquely human,3.25,1.59,20,0,4.7,1.98,20,0,4.45,1.64,20,0,5.1,1.12,20,0,2.35,0.75,20,0,2.75,1.8,20,0
instruit,educated,gebildet,PPADJ,8,2,2.37,1.69,19,1,20,1,1,19,20,0,uniquely human,3.05,1.82,20,0,5.63,1.12,19,0,3.45,1.28,20,0,5.9,0.85,20,0,6.05,0.78,19,0,3,1.78,20,1
intègre,upright,integer,ADJ,7,2,1.5,0.81,18,2,20,0,6,14,20,0,preferentially human,2.74,1.79,19,0,4.4,1.9,20,1,4.25,1.41,20,0,5.32,1.16,19,1,5.7,0.8,20,0,2.3,1.26,20,1
intelligent,intelligent,intelligent,ADJ,11,4,31.92,19.32,20,0,20,0,3,17,20,1,preferentially human,3.4,1.79,20,0,5.95,1.28,20,0,3.95,1.5,20,0,5.63,0.76,19,0,6.45,0.6,20,0,2.61,1.29,18,2
intéressé,interested,interessiert,PPADJ,9,4,3.77,3.45,20,0,20,0,5,15,20,0,preferentially human,3,1.84,20,1,5.95,1.31,19,0,3.7,1.34,20,0,3.6,1.05,20,0,5,1.2,19,0,3.4,1.54,20,0
interloqué,taken aback,verdutzt,PPADJ,10,4,0.02,1.62,19,1,20,1,1,19,20,0,uniquely human,3,1.34,20,0,3.95,2.09,20,0,4.68,1.16,19,0,2.42,0.77,19,0,3.37,0.96,19,0,3.74,1.63,19,0
interminable,endless,endlos,ADJ,12,4,2.56,22.16,3,17,20,0,15,5,20,0,preferentially non-human,3.15,1.46,20,1,5.55,1.5,20,0,5.45,1.15,20,0,5.1,1.37,20,1,2.4,0.94,20,0,3.5,2.09,20,2
introverti,introverted,introvertiert,ADJ,10,4,0.22,0,20,0,20,0,3,17,20,1,preferentially human,3.21,1.65,19,1,5.3,1.59,20,0,4.3,1.38,20,0,5.42,0.9,19,0,2.8,0.89,20,0,3.55,1.93,20,0
irritable,irritable,reizbar,ADJ,9,3,1.56,1.22,19,1,20,0,8,12,20,3,preferentially human,4,1.75,20,0,5.1,1.71,20,0,4.7,1.13,20,0,4.05,1.36,20,0,2.2,0.7,20,0,3.9,1.92,20,0
irrité,irritated,ungehalten,PPADJ,6,3,missing,entry,19,1,20,1,5,15,20,0,preferentially human,4.4,1.7,20,0,5.3,1.42,20,0,4.95,1.15,20,0,2.85,1.04,20,0,2.1,0.45,20,0,4.2,1.15,20,0
jaillissant,sputtering,sprudelnd,ADJ,11,3,0,0.74,5,15,20,0,14,5,19,1,preferentially non-human,3.3,1.17,20,0,3.84,2.01,19,0,4.42,1.57,19,2,3,1.59,20,0,4.53,0.77,19,2,4.45,1.7,20,0
jaloux,jealous,neidisch,ADJ,6,2,29.87,15.14,20,0,20,0,0,20,20,0,uniquely human,3.9,1.83,20,1,6.16,1.26,19,0,5.05,1.03,19,0,4.65,1.18,20,0,2.21,0.63,19,0,3.2,1.74,20,1
jeune,young,jung,ADJ,5,1,234.9,432.64,20,0,20,0,16,4,20,1,preferentially human,4.1,1.97,20,0,6.6,0.68,20,0,3,1.34,20,0,4.1,1.25,20,1,5,0.86,20,1,5.9,1.21,20,0
joli,nice,nett,ADJ,4,2,94.55,44.53,20,0,20,0,18,2,20,1,both,4.95,1.47,20,0,6.4,0.88,20,1,3.21,0.98,19,0,4.95,1,20,0,6.47,0.7,19,0,5.8,1.58,20,1
joufflu,chubby-cheeked,pausbäckig,ADJ,7,2,0.12,1.42,20,0,20,0,7,13,20,1,preferentially human,4.05,1.73,20,0,4.2,1.77,20,0,4.25,1.16,20,0,4.35,1.53,20,0,3.4,1.05,20,0,6.22,0.73,18,0
jovial,jovial,heiter,ADJ,6,2,0.48,4.46,20,0,20,0,4,16,20,0,preferentially human,4.05,1.47,20,0,4.55,1.99,20,0,3.95,1.36,20,0,4,1.21,20,0,5.7,0.8,20,0,4.75,1.55,20,0
joyeux,joyful,vergnügt,ADJ,6,2,31.81,26.69,20,0,20,0,4,16,20,0,preferentially human,4.2,1.82,20,0,6.25,1.02,20,0,3.85,1.53,20,0,3.25,1.12,20,0,6.35,0.67,20,0,5.15,1.14,20,0
judicieux,judicious,gescheit,ADJ,9,3,1.72,1.35,17,3,20,0,13,7,20,1,preferentially human,2.65,1.46,20,0,5.21,1.32,19,0,3.75,1.12,20,0,4.65,1.27,20,0,5.47,1.12,19,0,2.25,1.33,20,1
laid,ugly,hässlich,ADJ,4,1,9.52,10.41,20,0,20,0,18,2,20,2,both,4.9,1.83,20,0,5.35,1.69,20,0,5,1.21,20,0,5.1,1.29,20,0,1.37,0.5,19,0,6.21,0.92,19,0
laineux,woolen,wollig,ADJ,7,2,0.06,1.08,2,18,20,1,18,2,20,0,preferentially non-human,5.3,1.63,20,0,3.6,2.01,20,0,3.15,1.66,20,2,5.32,1.49,19,3,4,0.75,19,1,5.58,1.46,19,1
lessivable,washable,waschbar,ADJ,10,3,0,0,1,19,20,0,20,0,20,0,uniquely non-human,3.4,1.76,20,0,3.85,2.18,20,0,2.89,1.2,19,1,5.5,1,20,1,4.39,0.7,18,3,4.33,1.71,18,2
lettré,well-read,belesen,ADJ,6,2,0.06,0.47,16,4,20,2,9,11,20,1,preferentially human,3.3,1.81,20,0,4.9,1.77,20,0,3.3,1.22,20,2,6.26,0.73,19,0,5.2,1.15,20,1,3.1,1.94,20,0
libéral,liberal,liberal,ADJ,7,3,1.12,3.04,17,3,20,0,9,11,20,2,preferentially human,2.75,1.52,20,1,4.85,1.95,20,0,4.1,1.41,20,0,5.61,0.92,18,1,4.42,1.12,19,0,2.05,1.31,19,2
libertin,libertine,ausschweifend/frivol,ADJ,8,3,0.41,0.74,20,0,20,0,3,17,20,0,preferentially human,3.42,1.5,19,1,4.3,2.13,20,0,5.11,1.05,19,0,4.61,0.78,18,0,3.55,1.54,20,0,2.85,1.84,20,0
ligneux,wooden,holzig,ADJ,7,2,0,0.2,0,19,19,2,18,2,20,1,uniquely non-human,3.21,1.87,19,2,2.95,1.79,20,1,2.89,1.08,18,6,4.72,1.36,18,5,3.56,0.78,18,4,4.42,2.01,19,4
liquide,liquid,flüssig,ADJ,7,2,7.48,12.03,2,18,20,0,20,0,20,0,uniquely non-human,5.1,1.97,20,0,5.4,1.85,20,0,2.75,1.16,20,1,4.9,1.59,20,2,4.06,0.42,18,1,6.42,0.9,19,0
livrable,can be delivered,lieferbar,ADJ,8,2,0,0.07,2,18,20,0,20,0,20,0,uniquely non-human,2.45,1.64,20,1,4.35,2.13,20,1,2.85,1.09,20,2,4.75,1.59,20,2,4.32,0.67,19,3,3.6,1.76,20,4
logeable,habitable,bewohnbar,ADJ,8,2,0,0.07,0,20,20,1,15,5,20,3,preferentially non-human,2.42,1.84,19,0,4,1.89,20,1,2.75,1.12,20,4,4.95,1.18,19,1,4.61,0.92,18,2,3,1.81,20,4
loquace,talkative,redselig,ADJ,7,2,0.58,2.03,16,2,18,3,3,17,20,1,preferentially human,3.7,1.89,20,1,4.2,1.85,20,1,4.1,1.12,20,1,4.82,0.88,17,1,4.28,1.07,18,1,2.78,1.52,18,2
loufoque,crazy,verrückt,ADJ,8,2,0.68,0.34,18,2,20,1,13,7,20,1,preferentially human,3.25,1.65,20,1,4.3,2.03,20,0,4.5,0.89,20,0,3.95,1.23,20,0,3.45,0.83,20,1,4,1.49,20,0
lourdaud,clumsy,unbeholfen,ADJ,8,2,0.23,0.2,20,0,20,0,5,15,20,3,preferentially human,3.7,1.53,20,0,3.75,2.36,20,0,4.7,0.92,20,0,4.45,1.32,20,0,2.3,0.98,20,1,4.06,1.59,18,1
loyal,loyal,loyal,ADJ,5,2,5.87,3.72,20,0,20,0,6,14,20,2,preferentially human,2.8,1.61,20,0,5.45,1.39,20,0,4.15,0.93,20,0,5.45,1,20,0,6.15,0.81,20,0,2.45,1.93,20,0
lustré,polished,blank gescheuert/glänzend,PPADJ,6,2,0.01,0.81,1,19,20,1,19,1,20,2,uniquely non-human,3,1.56,19,1,2.95,1.61,20,0,3.68,1.29,19,1,4.11,1.41,18,0,4.78,0.73,18,1,5.22,1.4,18,1
magnanime,magnanimous,grossmütig,ADJ,9,3,1.03,1.55,14,4,18,5,5,15,20,8,preferentially human,2.39,1.2,18,1,3.35,2.32,17,5,4.63,1.26,16,5,4.47,1.59,17,2,4.67,1.37,18,3,2.62,1.5,13,3
maigre,thin,mager,ADJ,6,1,11.1,41.82,20,0,20,0,13,7,20,1,preferentially human,4.85,1.87,20,0,5.95,1.19,20,0,4.3,1.26,20,0,4.55,0.94,20,0,2.5,0.69,20,0,6.26,0.93,19,0
maigrichon,skinny,dürr,ADJ,10,3,0.69,0.81,20,0,20,0,10,10,20,2,preferentially human,4.2,1.99,20,0,4.95,1.58,19,0,4.3,1.49,20,0,4.7,1.17,20,0,2.3,0.57,20,0,6,1.65,20,0
mansardé,sloping ceiling,schrägwändig,ADJ,8,3,0,0.54,4,15,19,5,17,3,20,3,preferentially non-human,3.16,1.57,19,3,2.63,2.01,19,4,3.24,1.15,17,9,4.56,1.63,16,5,3.75,0.58,16,3,4.8,1.82,15,2
marrant,funny,lustig,ADJ,7,2,30.41,9.19,20,0,20,0,16,4,20,1,preferentially human,3.9,1.48,20,0,6.63,0.83,19,0,3.6,1.43,20,0,3.95,1.36,20,0,5.8,0.89,20,0,3.85,1.79,20,0
masqué,masked,maskiert,PPADJ,6,2,2.42,1.69,16,4,20,0,16,4,20,4,both,4.55,1.82,20,0,5.05,1.96,20,0,3.5,1.43,20,1,2.42,0.96,19,1,3.53,0.61,19,1,6.11,1.05,19,0
mastoc,bulky/hefty,klobig/massig,ADJ,6,2,1.28,0.68,3,14,17,4,14,5,19,6,preferentially non-human,2.94,1.34,16,3,2.78,2.02,18,3,3.78,1.73,18,8,4.13,1.36,16,8,3.14,1.7,14,5,3.2,2.2,10,8
matelassé,quilted,gesteppt,ADJ,9,3,0.14,0.14,0,20,20,0,19,1,20,1,uniquely non-human,4.5,1.76,20,0,3.39,1.91,18,1,2.84,0.96,19,6,5.25,1.25,20,3,4.32,0.89,19,1,5.11,1.76,19,2
matérialiste,materialistic,materialistisch,ADJ,12,4,0.65,0.61,20,0,20,0,3,17,20,1,preferentially human,3.05,1.7,20,0,5.2,1.88,20,0,4.35,1.39,20,0,5.35,0.88,20,1,2.9,0.55,20,0,2.84,1.86,19,3
méchant,nasty/naughty,böse/boshaft,ADJ,7,2,30.23,16.01,20,0,20,0,5,15,20,2,preferentially human,3.45,1.15,20,0,5.95,1.54,20,0,4.85,1.04,20,0,4.65,0.99,20,0,1.26,0.45,19,0,3.55,1.7,20,0
méfiant,suspicious,misstrauisch,ADJ,7,2,2.07,5.14,20,0,20,0,1,19,20,0,uniquely human,3.35,1.46,20,1,5.55,1.32,20,0,4,0.92,20,0,4.55,1.57,20,0,2.6,0.68,20,1,2.8,1.11,20,0
mélancolique,melancholic,melancholisch,ADJ,12,4,4.1,13.45,20,0,20,0,7,13,20,1,preferentially human,3.8,1.61,20,2,4.8,1.7,20,0,4.1,1.25,20,0,3.32,1,19,0,2.72,0.96,18,1,3.25,1.33,20,1
menu,narrow,schmal,ADJ,4,2,0.78,6.08,14,6,20,2,18,2,20,3,preferentially non-human,2.95,1.73,20,0,5.1,1.59,20,1,3.55,0.89,20,4,4.53,1.07,17,4,3.85,0.99,20,1,4.89,1.68,18,2
mercantile,mercantile,profitorientiert,ADJ,10,3,0.1,0.54,8,8,16,7,16,4,20,4,preferentially non-human,2.9,1.48,20,2,3.33,2.17,18,2,4,1.49,19,5,4.61,1.29,18,4,4.07,1.1,15,5,3.06,1.76,18,4
mesquin,petty,kleinlich,ADJ,7,2,1.64,2.91,20,0,20,0,6,14,20,1,preferentially human,2.85,1.39,20,2,4.6,1.73,20,0,4.8,1.01,20,0,4.89,0.94,19,1,1.75,0.72,20,0,3,1.37,19,0
métallique,metallic,metallisch,ADJ,10,3,2.6,16.49,1,19,20,0,20,0,20,0,uniquely non-human,4.65,1.53,20,0,4.8,1.74,20,0,3,1.25,19,2,6.21,0.92,19,2,3.89,0.81,19,2,6,1.03,20,0
méticuleux,meticulous,gewissenhaft,ADJ,10,4,1.79,4.12,20,0,20,0,1,19,20,0,uniquely human,3.4,1.39,20,1,5.15,1.46,20,0,4.65,0.99,20,0,5.68,0.82,19,0,5.11,0.57,19,0,3.1,1.37,20,0
meublé,furnished,möbliert,PPADJ,6,2,0.65,2.16,1,19,20,0,20,0,20,0,uniquely non-human,4.2,2.04,20,1,5.05,1.67,20,1,2.85,1.27,20,2,4.65,1.35,20,1,4.55,0.69,20,1,6.15,0.93,20,0
minéral,mineral,mineralisch,ADJ,7,3,0.18,1.69,2,18,20,0,18,2,20,0,uniquely non-human,3.9,1.55,20,0,4.45,1.93,20,1,2.58,0.9,19,7,6.05,1.05,20,2,4.16,0.83,19,1,3.35,2.18,20,2
minutieux,thorough,peinlich genau,ADJ,9,3,1.21,3.11,20,0,20,0,6,14,20,0,preferentially human,3.2,1.77,20,0,5.25,1.59,20,0,4.25,1.52,20,0,5.05,1.23,20,0,5.11,0.88,19,1,2.84,1.3,19,0
moche,ugly,hässlich,ADJ,5,1,25.64,14.32,20,0,20,0,18,2,20,3,both,4.25,1.92,20,0,5.75,1.74,20,0,4.47,0.96,19,0,5.15,1.04,20,0,1.35,0.49,20,0,6.5,0.62,18,0
modeste,modest,bescheiden,ADJ,7,2,9.06,23.38,20,0,20,0,9,11,20,0,preferentially human,2.85,1.46,20,0,5.53,1.35,19,0,3.3,1.34,20,0,4.9,1.17,20,0,4.75,1.25,20,1,2.37,1.46,19,0
moelleux,soft,weich,ADJ,8,2,0.98,4.53,2,18,20,0,20,0,20,0,uniquely non-human,5.58,1.39,19,0,5.3,1.45,20,0,3.25,1.21,20,0,5,1.05,19,1,5.3,0.98,20,0,4.65,1.53,20,0
moisi,moldy,schimmelig,PPADJ,5,2,0.32,1.96,2,18,20,0,20,0,20,0,uniquely non-human,4.9,1.48,20,0,4.7,2.05,20,0,4.6,1.23,20,0,5.05,1.85,20,1,1.65,0.67,20,0,5.79,1.18,19,0
monochrome,unicolored,einfarbig,ADJ,10,3,0.04,0.2,0,20,20,0,20,0,20,0,uniquely non-human,3.56,2.15,18,3,2.95,1.7,20,0,3.15,1.76,20,2,5.39,0.92,18,3,3.74,0.56,19,2,6.05,1.47,19,1
montagneux,mountainous,gebirgig,ADJ,10,3,0.33,0.68,1,19,20,0,18,2,20,0,uniquely non-human,4.55,1.7,20,0,5,1.86,20,0,4.4,1.67,20,2,6.58,0.77,19,1,4.21,0.92,19,2,6.2,1.28,20,0
moral,moral,moralisch,ADJ,5,2,5.36,13.24,15,5,20,0,8,12,20,0,preferentially human,2.7,2.03,20,1,5.85,1.31,20,0,3.5,1.4,20,2,4.7,1.34,20,2,4.75,1.37,20,1,2.7,2.13,20,3
motivé,motivated,motiviert,PPADJ,6,3,0.56,0.14,20,0,20,0,3,17,20,0,preferentially human,3.3,1.53,20,1,6.26,1.05,19,0,4.15,1.27,20,0,4.15,1.53,20,0,6.05,0.6,20,0,4.05,1.19,20,0
moucheté,mottled,gesprenkelt,PPADJ,8,2,0.1,0.41,4,16,20,1,18,2,20,0,preferentially non-human,3.7,1.84,20,1,3.25,1.94,20,2,3.55,1.32,20,6,4.53,1.5,17,1,3.89,0.66,19,2,5.45,1.54,20,2
moulant,tight-fitting,hauteng,ADJ,7,2,0.71,1.15,1,19,20,0,17,3,20,0,preferentially non-human,4.9,1.41,20,0,5.3,1.75,20,0,3.65,1.27,20,2,4.8,1.47,20,1,3.55,0.83,20,0,6.21,0.85,19,0
moustachu,moustached,schnurrbärtig,ADJ,9,3,0.63,6.55,20,0,20,0,7,13,20,1,preferentially human,4.25,1.89,20,0,4.85,2.39,20,0,3.9,1.59,20,2,4.25,1.55,20,0,3.25,0.97,20,0,6.85,0.37,20,0
musclé,muscular,muskulös,ADJ,6,2,1.52,2.5,20,0,20,0,8,12,20,3,preferentially human,4.55,1.54,20,0,5.65,1.57,20,0,4.45,1.32,20,0,5.05,0.94,20,1,5.26,0.87,19,0,5.84,0.96,19,0
musculeux,brawny,muskulös,ADJ,9,3,0.03,1.08,13,6,19,3,11,9,20,1,both,4.7,1.49,20,0,4.65,1.81,20,0,4.05,1.28,20,1,4.8,1.32,20,1,4.58,0.9,19,0,5.2,1.79,20,1
mystérieux,mysterious,mysteriös,ADJ,10,3,11.84,27.36,20,0,20,0,16,4,20,1,preferentially human,3.65,1.95,20,1,5.8,1.67,20,1,3.8,1.01,20,0,4.6,1.31,20,0,4.25,0.85,20,1,3.55,1.76,20,0
nacré,pearly,perlmuttschimmernd,ADJ,5,2,0.05,1.15,0,20,20,0,20,0,20,0,uniquely non-human,3.84,1.77,19,0,3.55,2.11,20,0,3.06,1,18,3,5.35,1.18,20,2,4.61,0.85,18,3,5.26,1.73,19,1
naïf,naive,naiv,ADJ,4,2,4.22,9.59,20,0,20,0,3,17,20,1,preferentially human,3.05,1.67,20,1,5.65,2.01,20,0,4.15,1.18,20,0,5.15,1.04,20,0,2.75,0.97,20,0,2.84,1.77,19,1
nécessiteux,needy,bedürftig,ADJ,11,4,0.16,0.41,17,3,20,1,7,13,20,1,preferentially human,2.32,1.34,19,1,4.6,1.73,20,0,4.2,1.24,20,0,4.2,1.32,20,0,3.2,1.28,20,1,3.15,1.9,20,1
négligé,neglected,ungepflegt,PPADJ,7,3,0.47,0.74,19,1,20,1,16,4,20,2,preferentially human,3.15,1.76,20,0,4.95,1.93,20,0,4.05,1.67,20,0,3.75,1.21,20,1,2.2,0.62,20,0,4.6,1.47,20,0
négligent,negligent,nachlässig,ADJ,9,3,0.92,2.09,20,0,20,0,3,17,20,0,preferentially human,3.3,1.53,20,1,5.15,1.66,20,0,4.8,1.36,20,0,4.75,1.16,20,0,2.25,0.64,20,0,3.25,1.8,20,0
nerveux,nervous,nervös,ADJ,7,2,32.52,21.82,19,1,20,0,4,16,20,0,preferentially human,4.2,1.94,20,0,6.11,1.1,19,0,4.85,1.27,20,0,4.15,1.53,20,0,2.5,0.69,20,0,4.6,1.73,20,0
nervuré,ribbed,gerippt,ADJ,7,3,missing,entry,2,18,20,1,16,4,20,0,preferentially non-human,4.1,1.86,20,2,2.85,1.73,20,2,3.56,0.86,18,4,4.58,1.54,19,1,3.53,0.84,19,3,5.33,1.53,18,1
névrotique,neurotic,neurotisch,ADJ,10,3,0.13,0.14,19,1,20,0,3,17,20,1,preferentially human,3.1,1.48,20,1,4.16,1.89,19,0,5.78,0.81,18,0,5.12,1.22,17,3,1.95,0.62,19,0,2.9,1.59,20,0
nonchalant,nonchalant,lässig,ADJ,10,3,0.21,3.31,18,2,20,0,5,15,20,1,preferentially human,3.35,1.42,20,0,4.45,1.64,20,0,4.05,1.47,20,0,4.6,1.27,20,1,2.95,1.05,20,1,4.74,1.66,19,0
nourrissant,nourishing,nahrhaft,ADJ,11,3,0.68,0.81,4,16,20,2,18,2,20,0,preferentially non-human,4.5,1.73,20,0,5.5,1.57,20,0,3.55,1.32,20,0,5.1,1.37,20,1,5.3,0.8,20,0,3.4,1.47,20,1
nuageux,cloudy,bewölkt,ADJ,7,2,0.73,0.95,3,17,20,0,17,3,20,1,preferentially non-human,4.85,1.84,20,1,5.7,1.42,20,0,3.05,1.22,19,0,3.05,1.15,20,2,2.89,0.46,19,1,6.4,0.68,20,0
obéissant,obedient,gehorsam,ADJ,9,4,0.99,1.15,20,0,20,0,2,18,20,1,uniquely human,3.25,1.71,20,1,6.21,1.32,19,0,4.1,1.25,20,0,4.55,1.15,20,0,5.1,0.85,20,1,2.74,1.56,19,1
obèse,obese,übergewichtig,ADJ,5,2,1.11,2.57,20,0,20,0,4,16,20,0,preferentially human,4.6,2.11,20,0,5.1,1.94,20,0,5.35,1.46,20,0,5.2,1.15,20,0,1.95,0.89,20,0,6.58,0.61,19,0
obligeant,obliging,gefällig,ADJ,9,3,0.17,1.08,16,4,20,1,5,15,20,1,preferentially human,2.7,1.49,20,0,4.2,1.94,20,0,4.3,0.92,20,1,4.3,1.13,20,0,3.45,1.1,20,1,2.6,1.54,20,1
oblique,oblique,schräg,ADJ,7,2,0.81,7.7,1,19,20,0,18,2,20,0,uniquely non-human,3.7,1.42,20,0,3.95,1.88,20,0,3.5,1.5,20,4,5.63,0.9,19,1,3.89,0.47,18,3,6.21,0.85,19,0
occupé,occupied,beschäftigt,ADJ,6,3,13.11,3.72,20,0,20,0,10,10,20,3,preferentially human,3.4,1.64,20,2,6,1.26,20,0,3.45,0.94,20,0,3.2,1.44,20,0,3.47,0.61,19,2,3.85,1.69,20,0
offensé,offended,beleidigt,PPADJ,7,3,1.11,1.01,19,1,20,0,0,20,20,0,uniquely human,2.79,1.23,19,0,5.25,1.29,20,0,4.85,0.93,20,0,3.3,1.42,20,1,2.45,0.76,20,0,3.5,1.57,20,2
oisif,inactive,untätig,ADJ,5,2,0.36,0.41,18,1,19,2,6,14,20,2,preferentially human,3.1,1.52,20,1,3.44,1.92,18,2,4.45,1.47,20,2,4.53,0.84,19,0,2.84,1.17,19,2,3.47,1.55,15,2
opaque,opaque,lichtundurchlässig,ADJ,6,2,0.31,9.59,2,18,20,0,20,0,20,0,uniquely non-human,4.2,1.44,20,0,4.15,1.81,20,0,4.45,1.28,20,0,5.7,1.03,20,1,3.5,0.76,20,1,5.85,1.35,20,1
ordonné,tidy,ordentlich,PPADJ,7,3,0.57,1.28,20,0,20,0,10,10,20,0,preferentially human,3.65,1.6,20,1,5.25,1.59,20,0,3.55,1.5,20,0,5.1,1.07,20,1,5.83,0.71,18,0,4.05,1.67,20,0
orgueilleux,conceited,hochmütig,ADJ,11,3,1.2,4.05,20,0,20,0,2,18,20,0,uniquely human,2.63,1.01,19,1,5.15,1.84,20,0,5.11,1.05,19,0,5.47,1.43,19,0,2.35,1.18,20,0,3.35,1.53,20,2
orné,embellished,verziert,PPADJ,4,2,0,0.07,5,15,20,1,20,0,20,0,preferentially non-human,3.95,1.79,20,1,3.79,1.72,19,1,3.42,1.26,19,3,4.56,1.15,18,1,4.37,0.96,19,3,5.72,1.32,18,1
outragé,insulted,beleidigt,ADJ,7,3,missing,entry,16,4,20,1,3,17,20,2,preferentially human,3.6,1.76,20,1,3.55,2.09,20,0,5.5,0.95,20,0,3.45,1.23,20,0,2.45,0.89,20,0,3.85,1.18,20,1
ouvragé,finely embroidered,kunstvoll gearbeitet,ADJ,7,3,0.02,0.88,4,16,20,1,17,3,20,2,preferentially non-human,3.32,1.86,19,0,3.4,1.76,20,0,3.75,1.12,20,4,4.61,1.24,18,4,4.16,0.5,19,1,3.93,2.19,15,4
pacifique,peaceful,friedliebend,ADJ,9,3,2.9,3.11,18,2,20,0,15,5,20,0,preferentially human,3.16,1.46,19,1,5.2,1.94,20,1,3.55,1.5,20,1,5.65,0.81,20,0,5.2,1.44,20,0,3.1,1.62,20,0
paisible,peaceful,friedfertig,ADJ,8,2,6.32,27.84,17,3,20,0,16,4,20,2,both,3.8,1.74,20,0,5.5,1.24,20,0,3.15,1.39,20,0,3.75,1.55,20,0,5.65,0.88,20,0,4.2,1.54,20,0
pâle,pale,bleich,ADJ,4,1,14.52,67.23,20,0,20,0,15,5,20,1,preferentially human,4.55,1.57,20,0,4.75,1.94,20,0,3.9,1.41,20,0,3.95,1.57,20,0,2.65,0.67,20,0,5.89,1.1,19,0
pané,breaded,paniert,ADJ,4,2,0.14,0.14,1,19,20,0,19,1,20,0,uniquely non-human,4.5,1.79,20,0,4.3,1.98,20,0,2.79,0.98,19,5,4.6,1.05,20,1,3.58,1.22,19,0,5.65,1.9,20,0
parcimonieux,parsimonious,sehr sparsam,ADJ,12,4,0,0.88,13,5,18,4,9,11,20,2,preferentially human,3.1,1.45,20,2,4.05,1.81,19,0,4.05,1.22,19,5,4.94,1,18,2,4.74,0.87,19,2,2.12,0.86,17,2
paresseux,lazy,faul,ADJ,9,3,3.19,6.28,20,0,20,0,2,18,20,0,uniquely human,3.65,1.69,20,0,5.9,1.12,20,0,4.4,1.14,20,0,4.95,1.54,20,0,2.05,0.6,20,0,3.25,2,20,0
passant,busy,belebt/verkehrsreich,ADJ,7,2,0.4,3.31,5,15,20,1,13,7,20,2,preferentially non-human,3,2.15,20,0,4.6,1.9,20,0,2.75,1.21,20,2,2.37,1.42,19,0,3.94,0.43,17,3,3.89,1.71,18,4
passionné,passionate,leidenschaftlich,PPADJ,9,3,1.77,4.93,20,0,20,0,2,18,20,0,uniquely human,4.2,1.67,20,0,6.16,1.21,19,0,5.26,1.33,19,0,5,1.38,20,0,6.3,0.57,20,0,3.9,1.68,20,1
pataud,clumsy,tollpatschig,ADJ,6,2,0.01,0.34,11,7,18,5,7,13,20,6,preferentially human,2.94,1.2,17,4,2.83,1.65,18,1,4.05,1.32,20,2,4,1.06,17,2,2.72,1.07,18,1,3.53,1.37,17,3
patient,patient,geduldig,ADJ,7,2,11.35,7.77,20,0,20,0,2,18,20,0,uniquely human,2.8,1.64,20,1,6.1,1.29,20,0,3.05,1.28,20,0,4.75,1.52,20,0,5.6,0.88,20,0,3.2,1.7,20,0
paumé,lost,hilflos,ADJ,5,2,1.92,1.55,20,0,20,0,9,11,20,1,preferentially human,3.35,1.98,20,0,5.45,1.9,20,0,4.55,0.94,20,0,3.05,1.36,20,0,2.05,0.51,20,0,3.2,1.24,20,1
peinard,cushy/laid-back,ruhig/bequem,ADJ,7,2,2.91,5.88,17,3,20,1,2,18,20,1,preferentially human,3.05,1.61,20,1,4.65,1.76,20,0,3.35,1.31,20,0,3.2,1.11,20,0,4.58,1.07,19,1,3.95,1.76,20,1
penaud,sheepish,kleinlaut,ADJ,6,2,0.2,3.04,18,2,20,0,5,15,20,0,preferentially human,3.5,1.93,20,0,3.89,1.79,19,0,3.6,1.19,20,1,3.45,1.67,20,0,2.95,0.89,20,1,4.06,1.7,18,1
pensif,thoughtful,nachdenklich,ADJ,6,2,0.58,5.95,20,0,20,0,1,19,20,1,uniquely human,3.3,1.63,20,0,5.65,1.57,20,0,3.1,1.02,20,0,2.6,0.88,20,0,4.65,0.75,20,0,4.55,1.32,20,0
perfide,treacherous,hinterlistig,ADJ,7,2,1.69,3.18,16,3,19,2,10,10,20,5,preferentially human,2.76,1.15,17,2,3.35,1.81,20,0,5.11,1.05,19,3,4.25,1.29,20,0,1.75,1.18,16,3,2.81,1.83,16,2
périmé,outdated,abgelaufen/verfallen,ADJ,6,3,0.22,0.34,0,20,20,0,19,1,20,0,uniquely non-human,4.2,1.7,20,0,5.85,1.39,20,0,3.9,1.12,20,0,5.45,2.19,20,0,1.9,0.64,20,0,4.2,1.7,20,1
perméable,permeable,durchlässig,ADJ,9,3,0.19,0.88,3,17,20,0,20,0,20,0,preferentially non-human,4.45,1.47,20,0,4.35,1.73,20,0,3.7,1.59,20,1,5.45,1.19,20,1,4.3,0.98,20,0,4.2,1.94,20,1
perplexe,perplexed,ratlos,ADJ,8,2,2.03,9.39,19,1,20,0,2,18,20,0,uniquely human,3.1,1.45,20,1,5.35,1.31,20,0,4,1.03,20,0,2.85,1.27,20,1,3.1,0.85,20,0,3.8,1.28,20,0
persuadé,convinced,überredet,PPADJ,8,3,0.42,3.58,19,1,20,0,1,19,20,0,uniquely human,2.6,1.47,20,0,5.95,1.32,20,0,4.8,1.36,20,1,3.9,1.41,20,0,4.47,0.77,19,2,2.89,1.2,19,1
persuasif,persuasive,überzeugend,ADJ,9,3,0.8,1.15,20,0,20,0,5,15,20,3,preferentially human,3.35,1.53,20,2,5.55,1.15,20,0,4.5,1,20,0,5,1.2,19,0,4.95,0.83,20,0,2.65,1.5,20,0
pessimiste,pessimistic,pessimistisch,ADJ,10,3,1.38,2.5,20,0,20,0,0,20,20,0,uniquely human,3.05,1.5,20,0,5.5,1.64,20,0,4.95,1.13,19,0,5.15,1.18,20,0,1.9,0.64,20,0,2.8,1.61,20,0
petit,small,klein,ADJ,5,2,573.72,653.78,19,1,20,0,19,1,20,3,both,4.25,2.1,20,0,6.83,0.38,18,0,3.7,1.53,20,0,4.9,1.41,20,2,3.45,1.1,20,1,6.63,0.76,19,0
photogénique,photogenic,fotogen,ADJ,12,4,1.97,0.34,20,0,20,0,8,12,20,1,preferentially human,4.6,1.67,20,0,4.79,2.07,19,0,3.4,1.39,20,1,5.6,0.99,20,0,5.55,0.83,20,0,4.35,2.25,20,1
pierreux,stony,steinig,ADJ,8,2,0,1.62,0,20,20,0,19,1,20,1,uniquely non-human,4.55,1.76,20,0,3.05,2.11,20,2,3.8,1.54,20,2,6.05,0.85,19,1,3.33,0.59,18,1,6.11,0.96,18,1
placide,placid,sanftmütig,ADJ,7,2,0.19,5.2,9,8,17,8,17,3,20,3,preferentially non-human,3.37,1.92,19,1,3.44,2.04,18,2,4.69,1.08,16,4,4.35,1,17,4,3.5,0.97,16,2,3.47,1.64,15,2
plaintif,plaintive,jammernd,ADJ,8,2,0.81,3.31,19,1,20,1,5,15,20,0,preferentially human,3,1.2,19,1,4.65,1.87,20,0,4.1,1.37,20,0,4.1,1.12,20,0,2.1,0.55,20,0,3.45,1.85,20,0
plaisant,pleasant,angenehm,ADJ,8,2,2.11,4.32,20,0,20,0,12,8,20,1,preferentially human,3.7,1.66,20,1,4.95,1.99,20,1,3.45,1.05,20,0,4.2,1.01,20,0,5.84,0.6,19,0,3.7,1.78,20,2
platiné,platinized,platinhaltig,ADJ,7,3,0,0.07,0,20,20,0,19,1,20,0,uniquely non-human,3.45,2.19,20,1,3.3,2.13,20,0,3.75,1.71,20,3,5.11,1.66,19,2,4.59,0.87,17,1,5.71,1.31,17,1
pliable,foldable,faltbar,ADJ,7,2,0.19,0,1,19,20,0,19,1,20,0,uniquely non-human,3.9,1.92,20,0,5,1.78,20,0,2.95,1.19,20,3,5.05,1.76,20,1,4.1,0.91,20,1,5.35,1.57,20,1
poilu,hairy,haarig,ADJ,5,2,1.94,3.04,19,1,20,0,14,6,20,2,preferentially human,4.95,1.57,20,0,5.63,1.21,19,0,3.8,1.06,20,0,5.26,1.24,19,1,3.25,0.97,20,0,6.11,1.15,19,0
poli,polite/polished,höflich/glatt,ADJ,4,2,2.93,9.53,19,1,20,0,5,15,20,1,preferentially human,3.45,1.9,20,0,6.35,0.81,20,0,3.35,1.23,20,0,5.15,1.27,20,0,6.11,0.66,19,0,3,1.92,20,0
pompette,tipsy,beschwippst,ADJ,8,2,1.21,0.41,20,0,20,0,1,19,20,0,uniquely human,4.75,1.59,20,0,4.85,1.81,20,0,3.3,1.3,20,0,2.39,0.7,18,0,3.74,1.19,19,0,5.2,1.24,20,1
ponctuel,punctual,pünktlich,ADJ,8,2,1.82,0.81,20,0,20,0,2,18,20,0,uniquely human,2.58,1.22,19,1,6.2,1.06,20,0,3.55,1.43,20,0,5.39,0.85,18,1,5.85,0.67,20,0,2.16,1.5,19,0
pondéré,well balanced,besonnen,ADJ,7,3,0.03,0.68,9,11,20,0,14,6,20,2,preferentially non-human,2.95,1.47,20,1,4.4,1.9,20,0,2.85,1.18,20,2,4.44,1.42,18,4,4.32,0.75,19,1,3,1.81,20,0
posé,steady,bedächtig,ADJ,4,2,0.73,3.72,18,2,20,0,15,5,20,3,preferentially human,3.1,1.68,20,0,5.9,1.37,20,1,2.75,1.21,20,0,4.58,1.02,19,0,5.25,0.85,20,1,4.1,1.62,20,1
possessif,possessive,besitzergreifend,ADJ,9,3,0.41,0.81,20,0,20,1,0,20,20,0,uniquely human,2.7,1.59,20,0,5.6,1.39,20,0,5,1.15,19,0,5.21,0.92,19,0,2.55,0.69,20,0,3.05,1.9,20,0
potelé,chubby,rundlich,ADJ,6,2,0.33,0.54,17,3,20,1,11,8,19,2,preferentially human,4.1,1.59,20,0,4.55,1.96,20,0,4,1.08,20,2,4.68,1.29,19,0,3,1.03,20,1,5.15,1.95,20,1
poudreux,powdery,pulvrig,ADJ,8,2,0.02,1.62,1,19,20,1,18,2,20,0,uniquely non-human,5.37,1.3,19,0,3.1,1.86,20,1,3.3,1.26,20,1,4.89,1.56,19,2,3.72,0.57,18,2,5.74,1.24,19,1
poussiéreux,dusty,staubig,ADJ,11,3,1.12,8.78,2,18,20,0,20,0,20,0,uniquely non-human,4.65,1.46,20,0,5.2,1.4,20,0,4.15,1.04,20,0,3.9,1.52,20,1,2.35,0.75,20,0,5.8,1.28,20,0
pragmatique,pragmatic,pragmatisch,ADJ,11,3,0.43,0.34,16,4,20,1,10,10,20,1,preferentially human,2.47,1.22,19,0,4.15,1.81,20,0,3.95,1.39,20,0,5.05,1.1,20,2,4.37,1.16,19,2,2.7,1.75,20,1
précautionneux,cautious,vorsichtig,ADJ,14,4,0.04,2.5,18,2,20,2,3,17,20,1,preferentially human,2.8,1.47,20,2,4.25,2.27,20,0,4.11,1.37,19,0,4.8,1.2,20,0,4.85,0.75,20,1,2.6,1.43,20,1
précieux,precious,kostbar,ADJ,8,2,16.13,22.91,14,6,20,0,19,1,20,0,preferentially non-human,3.65,1.6,20,0,5.68,1.34,19,0,4.3,1.26,20,0,5.45,1.15,20,0,5.6,0.99,20,0,4.3,1.84,20,2
préemballé,prepacked,abgepackt,ADJ,10,4,0,0,1,19,20,0,20,0,20,0,uniquely non-human,3.75,2.02,20,0,4.1,2.15,20,0,2.79,0.92,19,3,3.9,1.92,20,3,3.55,1.28,20,2,5.6,1.9,20,0
prêt,ready,bereit,ADJ,4,1,170.23,60.41,19,1,20,0,14,6,20,1,preferentially human,2.95,1.76,20,0,6.05,1.03,19,0,3.05,1.7,20,1,3,1.41,20,0,5.2,0.77,20,1,3,1.86,20,2
prétentieux,pretentious,selbstgefällig,ADJ,11,3,3.37,3.24,20,0,20,0,4,16,20,2,preferentially human,3.3,1.84,20,1,5.3,1.92,20,0,5.21,0.92,19,0,5.37,0.68,19,0,1.8,0.7,20,0,3.7,1.56,20,0
prévenant,considerate,zuvorkommend,ADJ,9,2,0.74,0.74,19,1,20,0,4,16,20,0,preferentially human,2.45,1.47,20,1,5.53,1.35,19,0,3.15,1.23,20,0,4.65,1.35,20,0,5.58,0.77,19,0,2.45,1.15,20,1
prévoyant,preventive,vorsorgend,ADJ,9,3,0.58,0.88,20,0,20,0,1,19,20,0,uniquely human,2.7,1.59,20,2,5.55,1.47,20,1,3.2,1.4,20,0,5.05,1.43,20,0,5.45,0.69,20,0,2.6,1.57,20,2
productif,productive,produktiv,ADJ,9,3,0.89,0.34,20,0,20,1,9,11,20,1,preferentially human,3.05,1.5,20,0,5.3,1.45,20,0,4.1,1.37,20,0,4.5,1.19,20,1,5.75,0.79,20,0,3.15,1.31,20,1
progressiste,progressive,fortschrittlich,ADJ,12,3,0.81,0.68,19,1,20,0,5,15,20,0,preferentially human,2.26,1.15,19,0,4,2,19,0,4.32,1.16,19,0,4.95,1.31,19,0,4.8,0.95,20,0,2.32,1.49,19,3
provocant,provoking,provozierend,ADJ,9,3,0.17,1.76,20,0,20,0,14,6,20,2,preferentially human,3.65,1.73,20,0,5.7,1.42,20,0,4.55,1.39,20,0,3.84,1.38,19,0,2.4,0.75,20,0,4.2,1.88,20,0
prudent,cautious,vorsichtig,ADJ,7,2,23.79,12.43,20,0,20,0,2,18,20,0,uniquely human,2.85,1.31,20,1,5.85,1.31,20,0,3.2,1.28,20,1,5.16,0.76,19,0,5.58,0.9,19,0,2.74,1.33,19,0
publiable,publishable,publizierbar,ADJ,9,3,0.01,0.07,0,20,20,0,19,1,20,0,uniquely non-human,3,1.81,20,1,4.05,1.99,20,0,3.05,1.23,20,3,4.95,1.05,20,1,4.55,0.76,20,1,3.1,1.89,20,3
putride,putrid,faulig,ADJ,7,2,0.74,0.54,2,16,18,4,14,6,20,4,preferentially non-human,4.06,2.15,18,1,3.39,2.06,18,3,5.41,0.8,17,6,4.06,1.21,18,5,1.83,1.2,18,3,4.2,1.9,15,3
pyramidal,pyramidal,pyramidenförmig,ADJ,9,4,0.26,0.34,0,20,20,0,20,0,20,1,uniquely non-human,3.95,1.73,20,0,3.6,2.37,20,0,3.55,1.61,20,4,5.68,1.11,19,2,4.16,0.37,19,1,6.68,0.48,19,0
quadratique,quadratic,quadratisch,ADJ,11,3,0.01,0,0,17,17,6,19,1,20,4,uniquely non-human,2.41,1.28,17,4,1.83,1.2,18,5,4.35,1.22,17,9,5.33,1.35,15,6,3.87,0.35,15,5,4.93,1.71,15,5
qualifié,qualified,qualifiziert/sachkundig,PPADJ,8,3,2.25,1.76,19,1,20,0,9,11,20,1,preferentially human,2.55,1.15,20,0,4.85,2.06,20,0,3.35,1.27,20,0,5.58,0.84,19,0,5.75,0.91,20,0,2.63,1.21,19,1
querelleur,quarrelsome,streitsüchtig,ADJ,10,3,0.14,0.07,18,2,20,2,0,20,20,0,uniquely human,3.15,0.99,20,0,3.65,2.11,20,1,4.45,1.28,20,1,4.65,0.99,20,0,2.15,0.75,20,1,3.4,1.57,20,1
radin,stingy,knausrig,ADJ,5,2,2.69,1.28,20,0,20,0,0,20,20,0,uniquely human,2.68,1.29,19,1,5.37,1.8,19,0,5.05,0.83,20,0,5.25,1.16,20,0,1.75,0.64,20,0,2.7,1.49,20,0
raisonnable,reasonable,vernünftig,ADJ,11,3,25.04,19.39,20,0,20,0,6,14,20,0,preferentially human,2.95,1.67,20,0,5.3,1.81,20,1,3.2,1.24,20,0,4.65,0.93,20,0,5.42,0.9,19,0,2.5,1.38,18,2
rancunier,resentful,nachtragend,ADJ,9,3,1.09,1.01,20,0,20,0,1,19,20,0,uniquely human,3.2,1.94,20,1,5.55,1.15,20,0,4.65,0.88,20,0,5.1,1.29,20,0,1.95,0.69,20,0,2.4,1.43,20,0
rapace,grabby,raffgierig,ADJ,6,2,0.86,0.47,8,12,20,0,7,13,20,4,both,3.85,1.98,20,0,4.2,2.14,20,0,4.6,1.67,20,2,5.4,1.19,20,1,2.65,1.09,20,2,5.1,1.86,20,0
rasé,shaven,rassiert,PPADJ,4,2,missing,entry,19,1,20,0,11,9,20,2,preferentially human,4.4,1.57,20,0,4.95,2.06,20,0,3.05,1.22,19,0,3.55,1.76,20,0,3.95,0.71,19,2,6.1,1.02,20,0
rassuré,reassured,beruhigt,PPADJ,7,3,missing,entry,19,1,20,0,1,19,20,0,uniquely human,3,1.65,20,1,5.8,1.54,20,0,3.65,1.39,20,0,3.5,1.05,20,0,5.4,0.6,20,0,3.7,1.75,20,0
rationnel,rational,rational,ADJ,9,3,1.26,1.08,19,1,20,0,7,13,20,1,preferentially human,3.05,1.73,20,0,5.15,1.79,20,0,3.47,0.7,19,1,5.37,0.96,19,1,5.05,0.83,20,0,2.21,1.44,19,0
ravi,delighted,entzückt,PPADJ,4,2,1.39,4.19,20,0,20,0,5,15,20,0,preferentially human,3.85,1.53,20,0,5.9,1.07,20,0,3.75,1.41,20,0,3.25,1.37,20,0,5.95,0.76,20,0,4.5,1.47,20,0
réaliste,realistic,realistisch,ADJ,8,3,5.54,3.92,20,0,20,0,12,8,20,1,preferentially human,3,1.49,20,0,5.95,1.47,19,0,3.45,1.47,20,0,5.58,0.96,19,1,5.16,0.6,19,1,2.55,1.79,20,0
rebelle,revellious,rebellisch,ADJ,7,2,3.73,2.77,20,0,20,0,6,14,20,2,preferentially human,3.2,1.64,20,0,5.3,1.69,20,0,5.15,1.31,20,0,3.95,1.47,20,0,2.84,0.69,19,0,4.3,1.66,20,0
recherché,sought-after,gefragt/begehrt,ADJ,9,3,1.77,1.01,12,8,20,0,17,3,20,1,preferentially non-human,2.95,1.64,20,2,5.6,1.67,20,1,3.35,1.23,20,0,4.4,1.27,20,1,5.1,0.85,20,1,2.6,1.57,20,3
réconfortant,comforting,herzerwärmend,ADJ,12,4,1.62,2.91,19,1,20,0,16,4,20,3,preferentially human,3.55,1.88,20,2,5.5,1.1,20,0,3.45,1.28,20,0,4.05,1.15,20,0,5.85,0.81,20,0,2.8,1.51,20,1
reconnaissant,grateful,dankbar,ADJ,13,4,10.32,5.41,20,0,20,0,1,19,20,0,uniquely human,2.85,1.5,20,1,5.6,1.47,20,0,3.55,1.43,20,0,4.45,1.54,20,1,5.55,0.76,20,0,3.1,1.45,20,1
rectangulaire,rectangular,rechteckig,ADJ,13,4,0.09,5.14,0,20,20,1,20,0,20,0,uniquely non-human,4.55,1.61,20,1,4.5,2.26,20,0,3.6,1.47,20,2,6.26,0.93,19,1,3.68,0.75,19,2,6.79,0.54,19,0
recueilli,contemplative,andächtig,PPADJ,9,3,0.02,1.15,8,12,20,1,11,9,20,3,preferentially non-human,2.8,1.85,20,0,4.65,2.11,20,0,3.1,1.37,20,1,4,1.56,20,1,4.9,0.79,20,0,3.05,1.76,20,0
récupérable,recoverable,wiederverwertbar,ADJ,11,4,0.14,0.61,4,16,20,0,19,1,20,0,preferentially non-human,2.47,1.26,19,2,4.8,1.64,20,0,3.1,1.17,20,0,4.9,0.79,20,0,4.89,0.81,19,1,3.1,1.55,20,0
redevable,indebted,zu Dank verpflichtet,ADJ,9,2,3.46,0.74,17,3,20,0,1,19,20,1,preferentially human,2.6,1.1,20,1,4.7,1.84,20,1,3.5,1.1,20,0,4.2,1.51,20,1,4.3,1.08,20,0,1.58,1.07,19,1
réduit,reduced,reduziert,PPADJ,6,2,1.42,4.8,1,19,20,0,18,2,20,0,uniquely non-human,2.95,1.64,20,0,5,1.49,20,1,3.3,1.22,20,0,5,1.03,20,2,3,0.65,20,1,4,1.84,20,2
réfléchi,thoughtful,besonnen,PPADJ,8,3,1.05,2.64,20,0,20,0,7,13,20,1,preferentially human,3.1,1.21,20,0,5.8,1.11,20,0,3.7,1.22,20,0,5,1.11,19,0,5.45,0.69,20,0,2.79,1.27,19,0
réfléchissant,reflective,reflektierend,ADJ,13,4,0.63,0.54,14,6,20,0,11,9,20,0,preferentially human,3.5,1.7,20,0,5.25,1.71,20,1,3.16,1.07,19,0,4.1,1.48,20,1,5.25,0.91,20,1,4.65,1.79,20,0
réfractaire,insubordinate/(heat) resistant,ungehorsam/(wärme) beständig,ADJ,11,3,0.15,1.28,13,7,20,0,15,5,20,2,both,2.9,1.74,20,1,4.32,1.7,19,0,4.75,1.16,20,1,4.28,1.56,18,1,2.83,0.62,18,2,2.68,1.42,19,2
réjoui,delighted,vergnügt,PPADJ,6,2,0.23,1.49,19,1,20,0,2,18,20,0,uniquely human,3.6,1.79,20,0,4.9,1.62,20,0,4.05,1.32,20,0,3,1.26,20,0,5.9,0.55,20,0,4.7,1.42,20,0
relaxe,relaxed,ungezwungen,ADJ,6,2,1.04,0,19,1,20,0,6,14,20,0,preferentially human,3.8,1.51,20,1,4.9,1.65,20,0,3.11,1.2,19,0,4,1.65,20,0,5.5,1.05,20,0,4.35,1.53,20,0
relevable,vertically adjustable,hochklappbar,ADJ,9,2,0,0.07,2,18,20,0,16,4,20,0,preferentially non-human,2.5,1.32,20,2,4.05,1.88,20,0,3.05,0.89,20,0,4.53,1.12,19,3,4.15,0.88,20,0,3.29,2.39,17,3
religieux,religious,religiös,ADJ,9,3,8.51,9.05,17,3,20,1,16,4,20,2,both,3.3,1.53,20,1,5.05,2.01,19,0,3.45,1.43,20,1,5.61,0.78,18,1,4.1,0.97,20,0,3.2,1.74,20,0
reluisant,shiny,blitzblank,ADJ,9,3,0.14,0.81,3,17,20,0,20,0,20,0,preferentially non-human,4.35,1.87,20,0,3.58,2.06,19,2,3.95,1,20,2,4.37,1.21,19,1,4.61,0.85,18,0,5.3,1.38,20,0
reposé,rested,ausgeruht,PPADJ,6,3,0.23,1.42,20,0,20,0,7,13,20,1,preferentially human,3,1.25,19,0,5.4,1.6,20,0,3.1,1.41,20,0,3.5,1.5,20,0,5.16,0.5,19,0,3.95,1.36,20,1
réprobateur,reproving,vorwurfsvoll,ADJ,11,4,0,1.82,16,4,20,2,5,15,20,1,preferentially human,3,1.62,20,1,4.32,1.92,19,0,4.42,1.3,19,2,3.83,0.51,18,2,2.89,0.83,18,2,3.35,1.31,20,1
réservé,reserved,zurückhaltend,ADJ,7,3,1.84,3.85,20,0,20,0,8,12,20,3,preferentially human,3,1.62,20,2,5.68,1.45,19,0,3.7,1.45,20,0,5.21,0.85,19,2,3.4,1.05,20,0,3.3,1.75,20,0
résineux,resinous,harzig,ADJ,8,3,0.11,0.14,3,17,20,1,20,0,20,0,preferentially non-human,4.5,1.76,20,1,3.05,2.09,20,0,3.9,1.33,20,5,5.21,1.32,19,3,3.06,1.11,18,3,4.85,1.93,20,0
résolu,resolute,entschlossen,PPADJ,6,3,1.76,4.53,11,9,20,1,12,8,20,1,both,2.37,1.34,19,0,5.15,1.73,20,0,4.2,1.15,20,0,5.63,1.01,19,1,4.89,1.2,19,2,2.7,1.56,20,1
respectable,respectable,ehrwürdig,ADJ,11,3,5.73,5.2,20,0,20,0,8,12,20,0,preferentially human,2.6,1.43,20,1,5.95,1.28,20,0,3.35,1.39,20,0,5.25,0.97,20,1,6.11,0.57,19,0,2.8,1.51,20,0
respectueux,respectful,respektvoll,ADJ,11,3,3.47,5.41,20,0,20,0,6,14,20,1,preferentially human,3.1,1.83,20,1,5.95,1.19,20,0,3.6,1.39,20,0,5,1.21,20,0,6.32,0.58,19,0,3.1,1.45,20,0
resplendissant,shining,glänzend/strahlend,ADJ,14,4,0.3,0.41,18,2,20,0,17,3,20,1,both,4.75,1.94,20,1,4.8,1.79,20,0,5.35,1.42,20,0,4.2,1.28,20,0,6.2,0.89,20,0,5.75,1.33,20,0
responsable,responsible,verantwortungsbewusst,ADJ,11,3,40.66,17.43,20,0,20,0,4,16,20,0,preferentially human,3.2,1.74,20,1,6,1.3,20,0,4.05,1.61,20,0,5.21,1.08,19,0,5.84,0.9,19,0,2.47,1.35,19,0
retardé,delayed,zurückgeblieben/aufgehalten,PPADJ,7,3,0.81,0.41,20,0,20,0,10,10,20,0,preferentially human,2.65,1.81,20,1,5.05,1.9,20,0,4.58,1.12,19,0,4.6,1.85,20,1,2.11,0.46,19,0,3.75,1.83,20,1
réticent,reluctant,zögernd,ADJ,8,3,0.9,1.62,20,0,20,0,2,18,20,0,uniquely human,2.75,1.41,20,0,4.65,1.79,20,0,4.15,1.14,20,0,3.72,1.36,18,0,2.79,0.54,19,1,3.4,1.5,20,0
rétif,restive,widerspenstig,ADJ,5,2,0.04,1.62,2,14,16,8,12,7,19,11,preferentially non-human,2.69,1.35,16,0,2.56,1.38,18,7,4,1.15,16,6,4.13,0.74,15,7,3.31,0.75,13,6,3.27,1.79,11,8
retiré,withdrawn,zurückgezogen,PPADJ,6,3,0.7,0.81,10,10,20,2,12,8,20,1,both,2.9,1.8,20,1,4.25,1.77,20,0,3.25,1.45,20,0,3.85,1.35,20,2,3.1,0.85,20,0,2.84,1.74,19,4
rétréci,shrunk,eingelaufen,PPADJ,7,3,0.04,0.61,3,17,20,0,19,1,20,0,preferentially non-human,3.35,2.13,20,0,4.55,2.01,20,0,3.32,0.82,19,2,5.15,1.39,20,1,3,0.58,19,1,5.25,1.21,20,0
réutilisable,reusable,wiederverwendbar,ADJ,12,4,0,0,1,19,20,0,20,0,20,0,uniquely non-human,3.3,2,20,0,5.7,1.56,20,0,2.4,1.05,20,1,5.68,1.06,19,1,5.74,0.45,19,0,3,1.86,20,0
revêche,sour-tempered,barsch,ADJ,7,2,0.23,1.35,9,8,17,3,9,11,20,3,both,2.83,1.25,18,3,3.45,2.11,20,1,4.24,0.97,17,5,4.11,0.9,18,0,2.82,0.95,17,2,3,1.67,16,3
réversible,reversible,umkehrbar,ADJ,10,3,0.17,0.47,4,16,20,0,20,0,20,0,preferentially non-human,2.65,1.6,20,1,4.7,2.18,20,0,3.6,1.14,20,1,4,2.13,20,0,4.79,0.63,19,1,2.7,1.63,20,0
rêveur,dreamy,verträumt,ADJ,6,2,0.96,8.38,20,0,20,0,0,20,20,0,uniquely human,3.75,1.71,20,0,5.7,1.53,20,0,3.35,1.27,20,0,4.2,1.4,20,0,4.95,0.89,20,0,3.85,1.35,20,0
révolté,rebellious,auflehnend,PPADJ,7,3,0.12,1.28,20,0,20,0,1,19,20,0,uniquely human,3.8,1.61,20,0,5.35,1.93,20,0,5.5,1,20,0,3.4,1.14,20,0,2.84,0.69,19,0,4.2,1.4,20,0
ricaneur,sneering,höhnisch,ADJ,8,3,0,0.2,19,1,20,0,1,19,20,0,uniquely human,3.85,1.5,20,0,4.1,1.86,20,0,4.45,1.32,20,0,3.55,1.28,20,0,2.53,0.7,19,0,4.15,1.63,20,0
riche,rich,reich,ADJ,5,1,54.28,42.57,20,0,20,0,16,4,20,3,preferentially human,3.7,1.56,20,1,5.95,1.18,19,0,4.58,1.12,19,0,4.85,1.04,20,1,5.11,0.94,19,0,4.4,1.6,20,0
ridé,wrinkled,faltig,PPADJ,4,2,0.45,2.77,20,0,20,0,15,5,20,3,preferentially human,4.2,1.67,20,0,4.9,1.65,20,0,4.4,1.47,20,1,5.85,0.93,20,0,2.85,0.81,20,0,6.53,0.51,19,0
rieur,laughing,lachend,ADJ,5,1,0.41,2.84,20,0,20,0,4,16,20,0,preferentially human,4.15,2.01,20,0,5,1.86,20,0,3.85,1.14,20,0,4.15,1.53,20,0,5.6,1.14,20,0,4.75,1.48,20,0
rigolard,joking,lustig,ADJ,8,3,0.01,1.69,20,0,20,1,2,18,20,0,uniquely human,3.8,1.61,20,0,4.1,2.17,20,1,3.8,1.4,20,0,4.65,1.27,20,0,5.15,1.31,20,0,3.75,1.62,20,0
rigolo,funny,spassig,ADJ,6,3,5,2.64,20,0,20,0,14,6,20,1,preferentially human,4.1,1.83,20,0,5.4,1.96,20,0,3.15,1.35,20,0,4.4,1.39,20,0,5.79,0.85,19,0,3.55,1.32,20,0
rocheux,rocky,felsig,ADJ,7,2,0.16,4.66,2,18,20,0,20,0,20,0,uniquely non-human,4.6,1.79,20,0,4.1,2.27,20,0,4,1.56,20,4,6.21,0.92,19,1,3.55,0.76,20,1,5.95,1.22,19,0
romantique,romantic,romantisch,ADJ,10,3,20.58,7.64,19,1,20,0,11,9,20,1,preferentially human,3.95,1.67,20,0,5.95,1.47,19,0,4.2,1.32,20,0,5.2,0.95,20,0,5.8,0.7,20,0,3.1,1.55,20,0
rondelet,chubby,rundlich,ADJ,8,2,0.06,0.54,17,2,19,3,11,9,20,1,preferentially human,4.45,1.82,20,0,3.63,1.95,19,0,3.45,1.32,20,0,5.2,1.06,20,1,3.05,1.1,20,0,6,1,19,0
roublard,sly,durchtrieben,ADJ,8,2,0.07,0.54,17,1,18,2,4,16,20,4,preferentially human,2.84,1.26,19,2,3.11,2.08,19,1,4.63,1.12,19,1,4.88,1.36,17,1,2.58,0.9,19,3,3.19,1.97,16,4
roulant,rolling,rollend,ADJ,7,2,4.84,6.69,2,18,20,1,20,0,20,1,uniquely non-human,3.35,1.6,20,0,4.85,1.73,20,0,2.89,0.94,19,4,4.6,1.35,20,1,4.17,0.62,18,4,5.05,1.73,20,0
rouquin,ginger,rothaarig,ADJ,7,2,0.3,1.62,20,0,20,0,5,15,20,2,preferentially human,4.4,1.93,20,0,4.8,2.38,20,0,3.85,1.6,20,2,6.25,0.85,20,0,3.3,1.08,20,1,6.45,1,20,0
roux,red,rothaarig,ADJ,4,1,3.66,20.68,20,0,20,0,11,9,20,4,preferentially human,4.85,2.13,20,0,5.2,1.94,20,1,3.95,1.47,20,1,6.26,1.1,19,0,3.85,0.59,20,0,6.83,0.38,18,0
rusé,cunning,listig,ADJ,4,2,2.46,2.77,20,0,20,0,4,16,20,0,preferentially human,3.65,1.69,20,0,5.1,1.59,20,0,4.74,0.73,19,0,5.37,0.96,19,0,4.95,1.47,20,0,2.9,1.83,20,1
sableux,sandy,sandhaltig,ADJ,7,2,0.03,0.47,0,20,20,0,19,1,20,0,uniquely non-human,4.95,1.67,20,0,3.1,2.25,20,0,3.26,1.15,19,3,5.1,1.45,20,1,3.89,0.68,18,2,5.63,1.34,19,1
sablonneux,sandy,sandig,ADJ,10,3,0.03,1.76,1,19,20,0,20,0,20,0,uniquely non-human,5.1,1.33,20,0,3.25,2.2,20,0,3.6,1.43,20,4,5.1,1.45,20,1,3.63,1.07,19,3,5.05,1.67,20,0
sadique,sadistic,sadistisch,ADJ,7,2,1.64,2.5,20,0,20,0,5,15,20,0,preferentially human,3.11,1.15,19,0,4.85,1.66,20,0,6.1,0.72,20,0,5.05,1.23,20,0,1.21,0.42,19,0,3.55,1.96,20,1
sage,wise,weise,ADJ,4,1,31.93,23.45,20,0,20,0,7,13,20,2,preferentially human,3.4,1.57,20,0,5.6,1.76,20,0,3.25,1.29,20,0,5.3,0.98,20,0,5.55,0.89,20,0,3.26,1.73,19,1
saisi,confiscated,gepfändet,PPADJ,5,2,0.36,2.16,16,4,20,0,12,8,20,3,preferentially human,3.3,1.78,20,1,4.95,1.73,20,0,4.4,1.57,20,1,2.28,1.02,18,1,3.11,0.81,19,1,3.65,1.69,20,3
salé,salty,gesalzen,ADJ,4,2,1.29,3.38,0,20,20,0,18,2,20,0,uniquely non-human,6.16,0.9,19,0,5.68,1.38,19,0,3.8,1.28,20,0,5.58,1.26,19,1,3.7,0.92,20,0,3.1,1.97,20,0
satiné,satin,satiniert,ADJ,6,3,0.03,0.2,3,17,20,1,20,0,20,0,preferentially non-human,3.75,1.55,20,0,3.84,2.01,19,2,3.5,1.47,20,3,5.33,1.33,18,3,4.76,0.83,17,1,5.58,1.39,19,1
satisfait,satisfied,zufrieden,ADJ,9,3,4.42,10.41,19,1,20,0,1,19,20,0,uniquely human,3.25,1.74,20,1,5.7,1.38,20,0,3.05,1.28,20,0,3.5,1.19,20,0,5.47,0.77,19,0,3.45,1.64,20,1
sautillant,skipping,hüpfend,ADJ,10,3,0.02,0.81,16,4,20,0,12,8,20,1,preferentially human,3.7,1.89,20,0,4.15,1.73,20,1,3.85,1.53,20,0,2.35,1.04,20,0,4.8,0.77,20,1,5.1,1.71,20,0
savoureux,tasty,schmackhaft,ADJ,9,3,1.08,4.39,1,19,20,0,18,2,20,0,uniquely non-human,5.35,1.79,20,0,5.5,1.57,20,1,4.35,1.31,20,0,4.55,1.05,20,1,6.4,0.6,20,0,3.45,1.88,20,1
scintillant,glittering,schimmernd,ADJ,11,3,0.35,1.28,3,17,20,0,19,1,20,0,preferentially non-human,4.6,1.9,20,0,4.1,1.94,20,0,4.35,0.99,20,0,3.85,1.42,20,1,5.65,0.88,20,0,6.16,1.07,19,0
sécable,divisible,teilbar/schneidbar,ADJ,7,2,0,0,1,15,16,8,17,3,20,1,preferentially non-human,2.61,1.2,18,1,3.05,1.78,19,3,3.56,1.42,18,4,4.22,1.77,18,4,3.63,1.09,16,4,3.82,1.6,11,8
sectaire,sectarian,sektiererisch,ADJ,8,2,0.22,0.34,13,6,19,3,10,10,20,1,preferentially human,2.32,1.11,19,2,3.85,2.23,20,0,5.61,0.92,18,0,4.61,1.24,18,4,2.44,1.1,18,2,3.1,1.97,20,1
séduisant,seductive,verführerisch,ADJ,9,3,4.68,3.85,20,0,20,0,11,9,20,1,preferentially human,4.75,1.86,20,0,6.2,0.89,20,0,3.85,1.18,20,0,4.65,1.23,20,0,6.15,0.59,20,0,5.37,0.96,19,0
séduit,seduced,verführt,PPADJ,6,2,0.37,1.15,18,2,20,0,3,17,20,1,preferentially human,3.75,1.55,20,0,5.79,1.13,19,0,3.85,1.23,20,0,3.89,0.94,19,0,5.5,0.61,20,0,3.35,1.42,20,1
sénile,senile,senil,ADJ,6,2,1.94,1.49,18,1,19,1,3,17,20,1,preferentially human,3.1,1.77,20,1,4.26,2.02,19,1,5.15,1.18,20,1,6,0.94,19,0,2.25,0.72,20,1,3.7,1.95,20,0
sensé,sensible,vernünftig,ADJ,5,2,6.47,1.28,20,0,20,0,9,11,20,1,preferentially human,2.9,1.48,20,0,5.84,1.34,19,0,3.3,1.45,20,0,5.37,0.96,19,0,5.21,0.98,19,1,2.28,1.32,18,1
sensible,sensitive,empfindlich,ADJ,8,2,21.11,30.88,20,0,20,0,12,8,20,2,preferentially human,4.3,1.89,20,0,6,0.94,19,0,3.7,1.42,20,0,5,1.12,20,0,4.74,1.05,19,0,2.9,1.45,20,0
sentencieux,sententious,schulmeisterlich,ADJ,11,3,0.05,1.96,14,6,20,4,7,13,20,2,preferentially human,2.88,1.73,17,2,3.05,1.81,19,2,4.47,1.5,19,3,4.12,1.41,17,5,2.84,0.9,19,3,2.21,1.25,14,6
sentimental,sentimental,gefühlsbetont,ADJ,11,4,4.4,6.01,20,0,20,0,8,12,20,0,preferentially human,4,1.62,20,1,5.75,1.59,20,0,3.65,1.09,20,0,5.16,0.96,19,0,4.95,0.62,19,0,2.95,1.79,20,1
serein,serene,heiter,ADJ,6,2,3.38,3.72,20,0,20,0,5,15,20,1,preferentially human,2.85,1.46,20,0,5.7,1.22,20,0,3.05,1.23,20,0,3.85,1.27,20,0,5.85,0.49,20,0,4.15,1.31,20,0
sérieux,serious,ernst,ADJ,7,2,80.99,42.84,20,0,20,0,7,13,20,0,preferentially human,3.1,1.65,20,1,6.25,1.07,20,0,3.3,1.42,20,0,5.2,0.95,20,0,5.15,0.93,20,0,4.15,1.84,20,0
serviable,helpful,hilfsbereit,ADJ,9,2,1.48,2.03,20,0,20,0,2,18,20,0,uniquely human,3.4,1.7,20,1,5.26,1.41,19,0,3.11,0.88,19,0,5.15,1.09,20,0,6.05,0.78,19,2,3.15,1.39,20,0
servile,servile,unterwürfig,ADJ,7,2,0.89,2.77,16,3,19,3,8,12,20,3,preferentially human,3,1.24,18,1,2.88,1.93,17,4,4.68,1.16,19,4,4.75,0.77,16,3,3.11,0.9,18,1,2.89,1.64,18,0
sidéré,flabbergasted,erstaunt,ADJ,6,3,0.04,0.54,19,1,20,0,0,20,20,0,uniquely human,3.3,1.66,20,1,4.55,1.73,20,0,5.68,0.67,19,1,2.95,1.28,20,0,2.84,0.83,19,0,3.65,1.63,20,0
sincère,sincere,aufrichtig,ADJ,7,2,15.2,18.65,20,0,20,0,2,18,20,0,uniquely human,3.1,1.48,20,1,6.3,0.98,20,0,3.8,1.4,20,0,4.8,1.24,20,0,6.2,0.7,20,0,2.85,1.76,20,0
sobre,sober,nüchtern,ADJ,5,1,5.8,3.24,20,0,20,0,8,12,20,1,preferentially human,3.55,1.76,20,0,5.95,1.32,20,0,2.65,1.27,20,0,4,1.56,20,0,4.8,1.47,20,0,4.6,1.31,20,0
sociable,sociable,gesellig,ADJ,8,2,1.79,0.54,20,0,20,0,1,19,20,1,uniquely human,3.45,1.73,20,0,6.05,1.05,20,0,3.65,1.42,20,0,5.6,0.99,20,0,6.3,0.66,20,0,3.55,1.64,20,0
soigneux,meticulous,sorgfältig,ADJ,8,2,0.56,2.3,20,0,20,0,4,16,20,0,preferentially human,3.7,1.72,20,0,5.47,1.39,19,0,3.35,1.46,20,0,4.89,1.1,19,0,5.74,0.81,19,0,3.55,1.76,20,1
solitaire,solitary,zurückgezogen,ADJ,9,3,11.04,20.88,20,0,20,0,7,13,20,0,preferentially human,3.4,1.7,20,0,5.55,1.39,20,0,3.75,1.68,20,1,4.45,1.57,20,0,2.74,0.73,19,0,3.7,1.95,20,1
somptueux,sumptuous,prunkvoll,ADJ,9,2,2.2,7.43,6,14,20,0,20,0,20,0,preferentially non-human,4.55,1.93,20,0,4.65,1.9,20,1,5.1,1.45,20,0,5.25,1.21,20,0,6.11,0.94,19,1,5.3,1.13,20,2
songeur,pensive,nachdenklich,ADJ,7,2,0.25,3.45,20,0,20,0,1,19,20,0,uniquely human,3.3,1.69,20,0,5.05,1.82,20,0,3.35,1.35,20,0,3.15,1.27,20,1,4.05,1.13,19,1,4.2,1.54,20,0
sordide,sordid,verwahrlost/niederträchtig,ADJ,7,2,4.39,7.57,7,13,20,2,15,5,20,0,preferentially non-human,3.6,1.43,20,1,4.25,1.77,20,0,5.45,1.05,20,0,4.6,1.31,20,0,2.1,0.79,20,0,4.25,1.48,20,0
sot,stupid,dumm,ADJ,3,1,2.28,2.57,19,1,20,0,5,15,20,1,preferentially human,2.74,1.24,19,0,4.55,2.16,20,0,4.15,1.23,20,0,4.55,1.39,20,1,3.15,0.81,20,0,3.4,2.01,20,0
soucieux,concerned,besorgt,ADJ,8,2,1.79,12.84,20,0,20,0,2,18,20,0,uniquely human,3.2,1.94,20,0,5.4,1.57,20,0,3.55,1.23,20,0,3.9,1.37,20,0,3.6,1.67,20,0,3.7,1.3,20,0
souffrant,suffering,leidend,ADJ,9,2,2.88,1.96,20,0,20,0,5,15,20,1,preferentially human,3.75,1.8,20,0,5.63,1.26,19,1,5.05,1.32,20,0,3.32,0.75,19,0,2,0.97,20,0,4.65,1.31,20,2
soûl,drunk,besoffen,ADJ,4,1,10.22,2.03,18,1,19,1,1,19,20,0,uniquely human,4.53,1.68,19,1,5.65,1.39,20,0,4.3,1.81,20,0,2.55,1.1,20,1,2.75,1.12,20,1,5.55,1.47,20,0
soumis,submissive,fügsam,PPADJ,6,2,0.5,3.38,20,0,20,0,5,15,20,1,preferentially human,3,1.65,20,0,5.47,1.39,19,0,5,1.15,19,0,5.05,1.18,19,0,1.95,0.85,19,0,3.2,1.74,20,0
soupçonneux,suspicious,argwöhnisch,ADJ,11,3,0.95,4.93,20,0,20,0,3,17,20,0,preferentially human,3.05,1.54,20,1,4.55,1.7,20,0,4.4,1.27,20,0,3.75,1.07,20,0,2.65,0.75,20,0,3.25,1.71,20,0
soupirant,sighing,seufzend,ADJ,9,3,missing,entry,17,3,20,1,2,18,20,0,preferentially human,3.26,0.81,19,0,4.65,1.73,20,0,3.7,1.03,20,1,3.1,1.37,20,1,2.95,0.78,19,1,3.9,1.77,20,1
sourcilleux,pernickety,kleinlich,ADJ,11,3,0.01,1.15,14,6,20,3,4,16,20,4,preferentially human,3.4,1.82,20,0,3.58,2.19,19,0,3.7,1.03,20,4,4.33,1.61,18,3,3.24,0.66,17,1,4.7,1.95,20,0
souriant,smiling,lächelnd,ADJ,8,2,2.22,9.46,20,0,20,0,4,16,20,1,preferentially human,4.4,1.79,20,0,6.25,1.07,20,0,3.5,1.5,20,0,3.45,1.57,20,0,6.45,0.69,20,0,5.95,1.28,20,0
sournois,cunning,hinterhältig,ADJ,8,2,1.87,8.92,19,1,20,0,5,15,20,0,preferentially human,3.58,1.46,19,0,4.45,1.7,20,0,4.89,1.05,19,1,4.9,1.21,20,0,2.05,0.94,20,1,2.45,1.1,20,1
souterrain,underground,unterirdisch,ADJ,10,3,2.63,4.86,0,20,20,0,17,3,20,0,preferentially non-human,3.6,1.54,20,1,4.5,2.09,20,0,3.5,1.5,20,2,5.55,1.54,20,1,3.89,0.81,19,1,6.26,0.99,19,0
soyeux,silky,seidig,ADJ,6,2,0.47,7.16,7,13,20,0,19,1,20,0,preferentially non-human,5,1.11,19,0,4.35,2.01,20,2,3.65,1.5,20,0,4.8,1.24,20,0,5.47,0.9,19,1,4.7,1.69,20,1
spacieux,spacious,geräumig,ADJ,8,2,1.12,2.09,0,20,20,0,20,0,20,0,uniquely non-human,3.85,1.84,20,0,4.7,1.66,20,0,3.8,1.47,20,1,5.7,1.17,20,0,5.11,0.88,19,1,5.8,1.24,20,0
spongieux,spongy,schwammig,ADJ,9,2,0.16,2.09,0,20,20,0,19,1,20,0,uniquely non-human,4.45,1.64,20,1,3.6,1.93,20,0,3.8,1.58,20,2,5.5,1.32,20,2,3.55,1.05,20,1,4.42,1.61,19,0
spontané,spontaneous,spontan,ADJ,8,3,2.02,2.77,20,0,20,0,6,14,20,1,preferentially human,3.2,1.77,20,0,6.37,0.9,19,0,4,1.26,20,0,4.7,1.59,20,0,5.84,0.69,19,0,3.65,1.53,20,0
sportif,sporty,sportlich,ADJ,7,2,4.58,3.45,20,0,20,0,7,13,20,0,preferentially human,4.5,1.88,20,0,5.89,1.52,19,0,3.8,1.36,20,0,5.45,1.1,20,0,5.79,0.79,19,0,4.8,1.54,20,0
squelettique,skeletal,spindeldürr,ADJ,12,3,0.29,2.09,20,0,20,0,14,6,20,2,preferentially human,4.75,1.65,20,0,5.1,1.74,20,0,5.74,0.93,19,0,5.15,1.27,20,1,2.3,0.8,20,0,5.89,1.2,19,0
stupéfait,amazed,erstaunt,ADJ,9,3,1.43,8.24,20,0,20,0,0,20,20,1,uniquely human,3.8,1.99,20,0,5.2,1.77,20,0,5.15,0.75,20,1,2.75,1.29,20,0,3.25,1.07,20,0,4,1.49,20,0
stupide,stupid,dumm,ADJ,7,2,60.06,21.76,20,0,20,0,5,15,20,1,preferentially human,2.85,1.18,20,2,5.35,1.76,20,0,4.6,1.23,20,0,4.5,1.61,20,1,1.63,0.6,19,0,3,1.84,20,1
subtil,subtle,subtil,ADJ,6,2,4.54,10.88,19,1,20,0,14,6,20,1,preferentially human,3.65,1.66,20,0,5.05,1.79,20,0,4,1.3,20,0,4.3,1.3,20,0,5.1,1.02,20,0,2.85,1.63,20,0
succulent,succulent,köstlich,ADJ,9,3,0.71,1.15,3,17,20,0,18,2,20,0,uniquely non-human,5.3,1.56,20,0,5.26,1.33,19,1,5.68,1.11,19,0,4.3,1.26,20,0,6.3,0.66,20,0,3.65,1.84,20,1
sucré,sweet,süss/gezuckert,ADJ,5,2,2.19,4.39,1,18,19,2,20,0,20,0,uniquely non-human,5.95,1.22,19,0,6.37,0.9,19,0,2.84,1.26,19,0,5.65,1.18,20,1,5.3,0.8,20,0,3.15,2.03,20,0
suffisant,sufficient,ausreichend,ADJ,9,3,12.95,10,14,6,20,0,14,6,20,1,both,2.55,1.43,20,1,5.35,1.79,20,0,3.5,1.43,20,1,4.05,1.5,20,2,3.75,1.33,20,0,3,1.81,20,5
superficiel,superficial,oberflächlich,ADJ,11,4,2.12,1.96,20,0,20,0,18,2,20,1,both,3.8,1.74,20,0,5.55,1.85,20,0,4.95,1.23,20,0,4.9,1.59,20,0,2.42,0.61,19,0,4.1,1.83,20,1
superstitieux,superstitious,abergläubisch,ADJ,13,4,2.08,1.96,20,0,20,0,1,19,20,1,uniquely human,2.95,1.28,20,3,5.2,1.79,20,0,4.25,1.25,20,1,5.6,1.23,20,0,3.2,1.15,20,2,2.65,1.39,20,0
suppliant,begging,flehend,ADJ,9,3,0.2,2.77,17,3,20,0,2,18,20,1,preferentially human,2.74,1.33,19,1,4.35,1.81,20,0,4.85,1.39,20,0,2.9,1.07,20,0,2.63,0.68,19,0,4.15,1.66,20,0
surdoué,gifted,hochbegabt,ADJ,7,2,0.23,0.2,20,0,20,0,0,20,20,0,uniquely human,3.55,1.36,20,1,4.8,2.04,20,0,5.15,1.76,20,0,6.32,0.67,19,0,5.4,1.31,20,0,2.55,1.82,20,1
surexcité,overexcited,übererregt,PPADJ,9,4,missing,entry,20,0,20,0,1,19,20,0,uniquely human,4.55,1.79,20,0,5.74,1.24,19,0,6,0.97,20,0,2.5,1.15,20,0,3.65,1.23,20,1,5.2,1.4,20,0
surgelé,frozen,tiefgefroren,PPADJ,7,3,0.12,0.07,1,18,19,1,18,2,20,0,uniquely non-human,4.8,1.7,20,0,5.2,1.91,20,1,4.15,1.69,20,3,3.75,1.55,20,1,3.47,0.77,19,1,5.74,1.24,19,0
surpris,surprised,überrascht,PPADJ,7,2,6.12,13.78,19,1,20,0,1,19,20,0,uniquely human,4,1.59,20,0,5.15,1.57,20,0,4.2,1.2,20,0,1.79,0.85,19,0,3.5,1.05,20,1,4.45,1.61,20,0
suspicieux,suspicious,misstrauisch,ADJ,10,3,0.65,0.54,20,0,20,0,3,17,20,0,preferentially human,2.68,1.53,19,1,4.35,1.87,20,0,4.37,0.96,19,0,4.3,1.42,20,0,3.3,1.08,20,0,3.1,1.29,20,1
svelte,slender,schlank,ADJ,6,1,0.39,2.43,20,0,20,0,14,6,20,1,preferentially human,4.15,1.81,20,0,4.61,1.85,18,1,3.75,1.45,20,0,5.21,0.79,19,0,5.1,1.33,20,0,5.5,1.43,20,0
sympathique,sympathetic,sympathisch,ADJ,11,3,12.79,13.11,20,0,20,0,10,10,20,1,preferentially human,3.75,1.86,20,0,6,1.21,20,0,3.25,1.16,20,0,5.35,1.04,20,0,6.1,0.91,20,1,4.2,1.28,20,0
synthétique,synthetic,synthetisch,ADJ,11,3,1.58,1.96,1,19,20,0,18,2,20,0,uniquely non-human,4.3,1.78,20,0,5.15,1.69,20,0,3.5,1.28,20,2,5.95,0.91,19,1,4.25,1.02,20,1,3.7,2.11,20,0
taciturne,taciturn,wortkarg,ADJ,9,3,0.93,5.41,16,3,19,1,3,17,20,4,preferentially human,3.21,1.55,19,2,3.79,1.87,19,1,3.68,1,19,2,4.65,1.53,20,0,3.06,0.87,18,1,3,2.15,17,2
talentueux,talented,talentiert,ADJ,10,3,3.35,0.81,20,0,20,0,1,19,20,0,uniquely human,3.65,1.81,20,0,5.35,1.79,20,0,3.9,1.48,20,0,5.79,0.63,19,0,6.37,0.68,19,0,2.85,1.46,20,1
tatillon,finicky,pedantisch,ADJ,8,3,0.22,1.01,10,7,17,4,4,16,20,2,preferentially human,2.68,1.25,19,2,3.15,2.01,20,3,3.32,1.34,19,3,4.18,1.01,17,4,3.21,0.85,19,2,2.53,1.3,15,6
téméraire,reckless,waghalsig,ADJ,9,3,2.04,2.5,19,1,20,0,2,18,20,1,uniquely human,2.7,1.34,20,1,4.3,2.03,20,0,4.3,1.38,20,0,4.35,1.27,20,1,4.7,1.08,20,1,2.65,1.35,20,0
tempérant,soft-tempered,gemäßigt,ADJ,9,3,0,0,12,8,20,2,5,14,19,5,preferentially human,3.11,1.52,19,1,3.8,2.19,20,1,3.75,0.97,20,0,4.58,1.07,19,1,4.06,1.14,17,3,2.95,1.88,20,2
tendu,tense,angespannt,PPADJ,5,2,4.5,13.38,19,1,20,0,14,6,20,1,preferentially human,3.9,1.71,20,0,5.5,1.36,20,0,4.35,1.09,20,0,3.5,1.47,20,0,2.68,0.58,19,0,4.35,1.73,20,1
têtu,stubborn,starrköpfig,ADJ,4,2,6.17,5.14,20,0,20,0,2,18,20,0,uniquely human,3.25,1.74,20,0,5.95,1.19,20,0,4.84,1.17,19,0,5.25,1.33,20,0,2.7,0.98,20,0,3.15,1.53,20,0
tiède,lukewarm,lauwarm,ADJ,5,1,3.35,36.69,3,17,20,0,20,0,20,0,preferentially non-human,5.05,1.57,20,0,5.55,1.36,20,0,3.11,1.05,19,0,3.2,1.61,20,0,4.2,0.77,20,0,3.35,2.08,20,0
timbré,stamped/nuts,frankiert/bekloppt,ADJ,6,2,0.83,0.88,14,6,20,0,12,8,20,3,both,2.85,1.66,20,1,4.75,2.12,20,0,5.45,1.43,20,1,4.6,1.43,20,0,2.55,0.94,20,0,4.35,2.01,20,0
timide,shy,schüchtern,ADJ,6,2,14.18,19.53,20,0,20,0,3,17,20,1,preferentially human,3.35,1.95,20,0,6,1.3,20,0,4.1,1.37,20,0,4.9,1.29,20,0,2.79,0.54,19,0,3.75,1.59,20,0
tolérant,tolerant,tolerant,ADJ,8,3,1.3,0.74,20,0,20,0,1,19,20,0,uniquely human,2.75,1.25,20,2,5.8,1.2,20,0,3.65,1.23,20,0,5.2,1.11,20,0,5.89,0.57,19,1,3.1,1.62,20,0
tondu,shorn,kahlgeschoren,PPADJ,5,2,0.51,1.89,11,9,20,1,15,5,20,1,preferentially non-human,4.5,1.88,20,0,4.35,1.87,20,1,3.9,1.48,20,1,4.05,1.73,20,1,3.89,0.57,19,0,5.83,1.04,18,0
torride,torrid,heiss,ADJ,7,2,1.7,3.18,12,8,20,1,12,8,20,1,both,4.55,1.7,20,0,5.1,1.8,20,0,6.1,0.85,20,0,3.75,1.21,20,2,4.8,1.58,20,0,4.1,1.8,20,0
toxique,toxic,giftig,ADJ,7,2,3,0.34,3,17,20,0,20,0,20,0,preferentially non-human,4.6,1.35,20,0,4.65,1.95,20,0,5.25,0.91,20,0,6.05,1.03,19,1,1.26,0.56,19,0,2.9,1.65,20,1
traditionaliste,traditional,tranditionsbewusst,ADJ,15,5,0.07,0.41,18,2,20,1,11,9,20,1,preferentially human,2.8,1.32,20,0,4.1,2.07,20,0,4.2,1.44,20,1,5.7,0.73,20,0,3.95,1.1,20,0,2.33,1.19,18,2
tranquille,tranquil,friedlich,ADJ,10,2,103.28,77.5,20,0,20,0,10,10,20,1,preferentially human,3.8,1.64,20,1,6.11,1.24,19,0,3.05,1,20,0,3.74,1.24,19,0,5.55,0.89,20,0,4,1.38,20,0
translucide,translucent,lichtdurchscheinend,ADJ,11,3,0.81,4.26,2,17,19,2,20,0,20,0,uniquely non-human,3.85,1.53,20,0,4.16,1.83,19,1,3.4,1.27,20,1,4.7,1.56,20,1,4,0.47,19,4,5,2.26,19,0
transparent,transparent,durchsichtig,ADJ,11,3,2.66,11.89,8,12,20,1,19,1,20,0,preferentially non-human,4.75,1.94,20,1,5.05,2.06,20,1,3.4,1.76,20,0,5.3,1.42,20,1,3.84,0.76,19,1,5.89,1.49,19,1
transposable,transposable,umstellbar,ADJ,12,3,0,0.07,1,19,20,0,20,0,20,0,uniquely non-human,2.7,1.56,20,0,3.65,2.01,20,2,3.05,1.43,20,4,4.75,1.68,20,1,4.55,0.76,20,1,3.75,1.97,20,2
trapu,stocky,stämmig,ADJ,5,2,0.39,4.86,20,0,20,0,10,10,20,1,preferentially human,3.75,1.89,20,0,4.3,1.95,20,0,4.15,1.27,20,0,5.4,0.94,20,0,3.05,0.62,19,0,5.61,1.42,18,0
travailleur,hardworking,arbeitsam,ADJ,11,3,2.29,1.76,20,0,20,0,1,19,20,0,uniquely human,3.25,1.52,20,1,5.95,1.18,19,0,3.65,1.27,20,0,5.37,0.9,19,0,5.45,0.89,20,1,3.75,1.8,20,1
traversable,traversable,überquerbar,ADJ,11,3,0.01,0.07,0,20,20,0,19,1,20,0,uniquely non-human,3.15,1.93,20,2,4.3,2.03,20,1,2.84,1.21,19,1,4.35,1.35,20,3,4.47,0.7,19,1,4.85,2.08,20,0
triangulaire,triangular,dreieckig,ADJ,12,4,0.16,4.73,0,20,20,0,19,0,19,1,uniquely non-human,4.05,2.04,20,1,4.7,2.03,20,1,3.45,1.47,20,4,5.95,1.03,19,1,3.72,0.57,18,3,6.42,1.02,19,0
tricoté,knitted,gestrickt,PPADJ,7,3,missing,entry,0,20,20,0,20,0,20,0,uniquely non-human,4.45,1.7,20,0,4.55,1.85,20,0,3.05,1.79,20,2,5.26,1.33,19,1,4.22,0.65,18,3,5.89,1.45,19,0
triomphant,triumphant,triumphierend,ADJ,10,3,0.14,5.47,19,1,20,0,8,12,20,0,preferentially human,3.55,1.61,20,1,4.65,1.87,20,0,5.35,1.04,20,0,4,1.34,20,1,5.95,0.71,19,0,3.95,1.28,20,1
triste,sad,traurig,ADJ,6,1,93.03,86.89,20,0,20,0,6,14,20,0,preferentially human,3.75,1.92,20,0,6.15,1.27,20,0,4,1.08,20,0,3,1.38,20,0,1.6,0.82,20,0,4.45,1.43,20,1
trouble,murky,trübe,ADJ,7,1,3.03,11.22,6,14,20,0,18,2,20,0,preferentially non-human,3.65,1.66,20,0,5.35,1.6,20,0,3.9,0.72,20,0,3.5,1.28,20,0,2.6,0.6,20,0,4.1,1.97,20,0
troublé,disturbed,durcheinander,PPADJ,7,2,1.51,4.73,20,0,20,0,9,11,20,3,preferentially human,3.65,1.6,20,2,5.5,1.4,20,0,4.25,0.72,20,0,2.85,1.31,20,0,2.85,0.81,20,0,3.8,1.4,20,0
troué,holey,durchlöchert,PPADJ,5,2,0.26,2.23,1,19,20,0,20,0,20,0,uniquely non-human,4.5,1.57,20,1,5.2,2.04,20,0,3.55,1.23,20,1,4.85,1.5,20,1,2.55,0.83,20,1,6.21,1.23,19,0
trouillard,chicken-hearted,ängstlich,ADJ,10,2,1.34,0.47,20,0,20,0,0,20,20,0,uniquely human,3.45,1.7,20,0,4.4,1.98,20,0,5.05,1.05,20,0,4.65,1.5,20,0,2.15,0.81,20,1,3.8,1.7,20,0
tubulaire,tubular,schlauchartig,ADJ,9,3,0.06,0.07,1,18,19,3,17,3,20,6,preferentially non-human,2.83,1.15,18,4,2.84,1.8,19,5,3.5,1.58,18,6,4.67,1.59,15,5,3.64,0.63,14,1,3.07,2.23,14,3
tyrannique,tyrannic,tyrannisch,ADJ,10,3,0.59,2.03,20,0,20,0,3,17,20,1,preferentially human,3.4,1.39,20,0,4.6,1.85,20,0,6.53,0.61,19,0,4.84,1.54,19,0,1.37,0.6,19,1,3.26,2.13,19,1
ulcéré,aggrieved,gekränkt,PPADJ,6,3,0.01,0.81,13,7,20,1,6,14,20,2,preferentially human,2.63,1.46,19,1,3.35,2.13,20,1,5.26,1.15,19,0,4.35,1.69,20,1,1.89,0.83,18,1,2.53,1.54,19,2
vaillant,valiant,beherzt,ADJ,8,2,3.75,3.31,19,1,20,0,4,16,20,1,preferentially human,2.75,1.33,20,1,4.85,1.63,20,0,4.55,1.28,20,0,5,0.92,20,0,5.85,0.99,20,0,3.37,1.64,19,1
vaniteux,vain,eingebildet,ADJ,8,3,1.6,1.76,19,1,20,0,0,20,20,3,uniquely human,3.1,1.62,20,2,3.95,1.96,20,1,5.11,0.94,19,0,4.95,0.91,19,1,2.42,0.9,19,1,3.35,1.63,20,0
vanné,worn out,hundemüde,PPADJ,5,2,0.08,0.54,13,6,19,1,9,10,19,2,preferentially human,3.21,1.72,19,0,3.63,1.83,19,1,4.32,1.16,19,3,3.21,0.85,19,3,2.84,1.01,19,0,3.35,1.62,17,1
vantard,boastful,prahlerisch,ADJ,7,2,0.29,0.27,20,0,20,0,2,18,20,0,uniquely human,2.8,1.94,20,0,4.85,1.57,20,0,4.68,0.67,19,0,5.58,0.77,19,0,2.05,0.4,19,1,3.8,1.77,20,0
vaporeux,hazy,diesig,ADJ,8,3,0.04,2.3,3,17,20,1,19,1,20,0,preferentially non-human,4.5,1.47,20,0,3.74,2.1,19,0,3.65,1.39,20,1,4.26,1.91,19,1,3.58,1.07,19,0,4.63,1.38,19,1
vaste,wide,weit ausgedehnt,ADJ,5,1,8.44,55.61,4,16,20,0,17,3,20,0,preferentially non-human,3.55,1.39,20,2,5.35,1.35,20,0,3.9,1.45,20,0,5.35,1.39,20,1,4.3,0.98,20,2,5.9,0.97,20,0
velu,hairy,stark behaart,ADJ,4,2,0.47,2.43,18,2,20,0,14,6,20,3,preferentially human,4.85,1.69,20,0,3.9,2.05,20,1,4.2,1.24,20,1,4.85,1.66,20,0,3.11,0.88,19,1,5.5,1.82,20,0
vénérable,venerable,ehrwürdig,ADJ,9,3,2.2,4.8,19,1,20,0,11,9,20,1,preferentially human,2.7,1.45,20,0,4.05,2.01,19,0,4.6,1.67,20,0,5,1.3,20,0,4.9,1.21,20,0,2.89,1.66,19,1
venteux,windy,windig,ADJ,7,2,0.11,0.47,1,19,20,0,15,5,20,2,preferentially non-human,4.35,1.84,20,0,4.15,1.66,20,0,3.85,1.27,20,1,3.2,1.24,20,1,2.65,0.75,20,1,4.35,1.66,20,2
ventru,potbellied,dickbäuchig,ADJ,6,2,0.08,1.82,11,6,17,4,8,12,20,5,preferentially human,3.68,1.7,19,1,2.6,2.04,20,1,4.11,1.52,19,2,4.33,1.28,18,1,3.11,0.88,19,1,5.06,1.43,17,4
verglacé,icy,vereist,ADJ,8,3,0,0.2,0,20,20,0,18,2,20,0,uniquely non-human,4.85,1.57,20,0,4.4,2.19,20,0,4.4,1.54,20,0,3.05,1.23,20,0,2.8,0.77,20,0,5.05,1.68,19,1
versatile,versatile,vielseitig,ADJ,9,3,0.33,0.2,12,7,19,3,16,4,20,4,preferentially non-human,2.79,0.98,19,3,3.63,2.17,19,1,4.4,1.1,20,3,3.44,1.71,16,3,3.35,0.7,17,5,2.82,1.78,17,3
versé,versed,versiert,ADJ,5,2,0.96,1.15,1,18,19,2,15,5,20,1,preferentially non-human,3.11,1.24,19,3,4.5,2.21,20,1,3.25,1.21,20,3,4.17,1.69,18,5,3.89,0.94,19,2,4.37,2.03,19,3
vertueux,virtuous,tugendhaft,ADJ,8,2,2.85,1.69,17,3,20,1,6,14,20,0,preferentially human,3.35,1.81,20,1,4.53,1.71,19,0,4.75,1.07,20,1,5.21,0.85,19,0,5.45,1.23,20,0,3,1.75,20,1
vêtu,dressed,angezogen,ADJ,4,2,0.99,3.72,20,0,20,0,14,6,20,2,preferentially human,3.6,1.79,20,0,5.35,1.93,20,0,3.05,1.64,20,1,3.85,1.14,20,0,4.1,0.91,20,1,5.89,1.37,19,0
vexé,upset,gekränkt,PPADJ,4,2,0.25,4.32,20,0,20,0,0,20,20,0,uniquely human,3.15,1.73,20,0,5.4,1.76,20,0,4.74,0.73,19,0,2.42,1.02,19,0,2.3,0.8,20,0,4.1,1.37,20,0
vicieux,vicious,lasterhaft,ADJ,7,2,4.19,4.8,20,0,20,1,12,8,20,3,preferentially human,3.1,1.68,20,0,4.85,1.73,20,0,5.3,1.03,20,0,5.32,1,19,0,1.68,0.58,19,0,3.26,1.76,19,1
vide,empty,leer,ADJ,4,1,48.53,102.84,8,12,20,2,20,0,20,1,preferentially non-human,3.75,2.1,20,0,5.45,1.85,20,0,3.7,1.95,20,1,3.45,1.57,20,0,2.8,0.95,20,0,5.5,1.82,20,0
vieux,old,alt,ADJ,5,1,180.08,273.31,20,0,20,0,18,2,20,1,both,4.55,1.54,20,0,6.32,0.95,19,0,4.05,1.7,20,0,6.21,0.85,19,0,3.3,0.92,20,0,6.37,0.68,19,1
vigilant,vigilant,wachsam,ADJ,8,3,1.73,1.82,20,0,20,0,2,18,20,1,uniquely human,3.35,2.03,20,1,5.25,1.74,20,0,3.63,0.76,19,0,4.45,1.47,20,0,5.4,0.82,20,0,3.1,1.45,20,0
vigoureux,strong,kräftig,ADJ,9,3,2.05,6.35,20,0,20,0,6,14,20,0,preferentially human,3.7,1.42,20,0,4.55,1.85,20,0,4.7,1.17,20,0,4.95,0.83,20,1,5.33,0.59,18,2,3.8,1.82,20,0
vindicatif,vindictive,rachsüchtig,ADJ,10,4,0.79,1.28,12,4,16,6,7,13,20,5,preferentially human,2.94,1.2,17,2,3.41,2.12,17,3,4.71,1.16,17,6,3.81,0.98,16,3,3.47,1.51,15,2,2.73,1.49,15,3
violent,violent,gewalttätig,ADJ,7,2,12.84,19.39,20,0,20,0,9,11,20,2,preferentially human,4.05,1.9,20,0,5.5,1.61,20,0,5.37,0.9,19,0,4.2,1.64,20,0,1.37,0.5,19,0,4.25,2,20,0
visqueux,viscous,zähflüssig,ADJ,8,2,0.94,4.12,1,19,20,0,19,1,20,0,uniquely non-human,4.9,1.8,20,0,4.05,1.99,20,0,4.1,1.25,20,1,5.3,1.26,20,1,2.5,0.89,20,1,5.2,1.61,20,1
vitré,glazed,verglast,ADJ/PPADJ,5,2,0.06,1.62,1,19,20,0,19,0,19,0,uniquely non-human,3.55,1.73,20,0,4.1,2.05,20,0,3.35,1.5,20,3,5.05,1.61,20,2,3.95,0.52,19,3,5.84,1.26,19,0
vitreux,glassy,glasig,ADJ,7,2,0.33,3.92,3,17,20,0,20,0,20,0,preferentially non-human,3.95,1.79,20,0,3.45,1.85,20,0,3.95,1.84,19,2,4.4,1.5,20,0,3.32,0.95,19,2,5.5,1.5,20,0
voilé,veiled,verschleiert,PPADJ,5,2,0.19,1.55,16,4,20,1,17,3,20,1,both,4.7,1.69,20,0,4.35,2.37,20,0,3.35,1.31,20,1,3.85,1.76,20,0,3,0.86,20,0,6,1,19,0
volubile,voluble,zungenfertig,ADJ,8,3,0.05,3.72,7,12,19,5,14,6,20,4,preferentially non-human,3,1.5,18,3,2.89,1.97,19,2,4.12,1.17,17,3,4.07,1.39,15,6,3.86,0.86,14,1,3,2.04,15,5
voluptueux,voluptuous,wollustig,ADJ,10,3,0.1,4.46,6,14,20,1,16,4,20,0,preferentially non-human,4.35,1.5,20,0,3.6,1.93,20,0,4.2,1.15,20,0,4.68,1.57,19,0,5.06,0.87,18,1,4.89,1.82,19,1
voûté,vaulted,gewölbt,PPADJ,5,2,0.35,6.89,10,10,20,1,17,3,20,5,preferentially non-human,3.6,1.73,20,1,3.75,2.07,20,0,3.8,1.36,20,3,5.3,1.17,20,1,3.67,0.77,18,3,5.84,1.5,19,0
zélé,zealous,voller Eifer,ADJ,4,2,0.69,1.42,14,6,20,1,7,13,20,0,preferentially human,2.63,1.42,19,1,3.78,2.18,18,1,4.5,1.54,20,2,4.55,1.67,20,0,3.56,1.15,18,1,3.28,1.67,18,2
