word_portuguese,translate_word_english,imagine_mean,imagine_sd,concrete_mean,concrete_sd,frequency_s_mean,frequency_s_sd,length,syllables,syllabic_structure,pos,wordform_per_million_frequency,wordform_per_million_frequency_log10,frequency_zipf,orthographic_neighborhood_size,orthographic_levenshtein_distance
aba,flap,4.09,2.31,4.55,1.88,2.6,1.26,3,2,V.CV,N,1.021,0.306,3.009,8,1.2
abacate,avocado,5.4,1.79,6.66,0.65,2.73,1.04,7,4,V.CV.CV.CV,N,0.186,0.074,2.269,0,2.25
abacaxi,pineapple,5.66,1.89,6.75,0.58,3.76,1.44,7,4,V.CV.CV.CV,N,0.068,0.029,1.835,0,2.75
abadia,abbey,3.31,1.89,4.57,1.91,2.2,0.99,6,4,V.CV.CV.V,N,0.933,0.286,2.97,2,1.8
abandonado,derelict,3.92,1.77,3.45,1.83,3.93,1.12,10,5,V.CVC.CV.CV.CV,"ADJ,V",17.998,1.279,4.255,1,1.95
abandono,abandonment,3.42,1.77,3.36,1.77,3.88,1.44,8,4,V.CVC.CV.CV,"N,V",35.644,1.564,4.552,2,2.1
abate,slaughter,3.63,1.91,3.61,1.59,2.8,1.32,5,3,V.CV.CV,"N,V",11.573,1.1,4.064,8,1.3
abatido,dejected,4.16,1.6,3.69,1.67,4.05,1.54,7,4,V.CV.CV.CV,"ADJ,V",6.292,0.863,3.799,2,1.8
abelha,bee,6.29,1.41,6.77,0.5,4.22,1.38,6,3,V.CV.CCV,N,0.86,0.27,2.934,1,1.85
aberração,freak,3.72,1.85,3.53,1.93,2.98,1.23,9,4,V.CVC.CV.CVV,N,1.998,0.477,3.301,0,2.65
abertura,opening,3.44,1.92,3.9,1.84,5.29,1.36,8,4,V.CVC.CV.CV,N,151.866,2.184,5.182,1,2.35
abóbora,pumpkin,5.75,1.99,6.45,0.89,3.42,1.23,7,4,V.CV.CV.CV,N,0.879,0.274,2.944,1,2.65
abolição,abolishment,2.52,1.52,3.08,1.62,2.9,1.28,8,4,V.CV.CV.CVV,N,10.802,1.072,4.034,1,2.4
abordagem,approach,3.21,1.74,2.89,1.82,4.14,1.44,9,4,V.CVC.CV.CVC,N,21.432,1.351,4.331,1,2.2
aborrecido,bored,4.03,1.67,3.17,1.85,4.96,1.09,10,5,V.CVC.CV.CV.CV,"ADJ,V",3.776,0.679,3.577,1,2.25
aborto,abortion,4.27,1.69,4.67,2.12,2.78,0.71,6,3,V.CVC.CV,"N,V",40.583,1.619,4.608,5,1.6
abraço,hug,6.05,1.2,5.65,1.39,5.57,1.3,6,3,V.CCV.CV,"N,V",8.437,0.975,3.926,3,1.65
abrigado,sheltered,4.26,1.85,4.03,1.59,3.84,1.5,8,4,V.CCV.CV.CV,"ADJ,V",0.66,0.22,2.819,2,1.75
abrigo,shelter,4.63,1.48,4.53,1.78,4.02,1.42,6,3,V.CCV.CV,"N,V",33.172,1.534,4.521,2,1.75
abstenção,abstaining,3.03,1.89,3.05,1.64,2.91,1.24,9,3,VCC.CVC.CVV,N,17.802,1.274,4.251,0,2.75
absurdo,absurd,2.43,1.41,2.45,1.29,4.58,1.46,7,3,VC.CVC.CV,"ADJ,N",15.555,1.219,4.192,1,2.35
abundância,abundance,3.87,2,3.47,1.89,4.35,1.49,10,4,V.CVC.CVC.CVV,N,6.043,0.848,3.781,1,3.6
abundante,abundant,3.7,1.62,3.31,1.86,4.14,1.53,9,4,V.CVC.CVC.CV,ADJ,5.193,0.792,3.715,0,2.6
abuso,abuse,3.68,1.86,2.94,1.2,4.82,1.26,5,3,V.CV.CV,"N,V",18.144,1.282,4.259,3,1.7
abutre,vulture,5.91,1.58,5.91,1.56,2.69,1.03,6,3,V.CV.CCV,N,0.645,0.216,2.81,0,2.25
acácia,acacia,3.87,2.15,5.08,2,1.7,0.69,6,3,V.CV.CVV,N,0.396,0.145,2.597,1,2.05
académico,academic,4.45,1.91,4.09,1.83,5.31,1.47,9,5,V.CV.CV.CV.CV,"ADJ,N",8.886,0.995,3.949,1,2.75
acampamento,camp,5.44,2.01,6.13,1.04,3.09,1.11,11,5,V.CVC.CV.CVC.CV,N,10.01,1.042,4,0,2.6
acanhado,shy,3.25,1.64,3.33,1.52,3.46,1.42,8,4,V.CV.CCV.CV,"ADJ,V",0.806,0.257,2.906,3,1.8
acção,action,3.24,1.91,3.24,1.74,5.39,1.36,5,2,VC.CVV,N,209.767,2.324,5.322,1,1.9
aceleração,acceleration,4.03,1.83,3.49,1.76,4.29,1.63,10,5,V.CV.CV.CV.CVV,N,8.93,0.997,3.951,1,2.7
acessível,acessible,2.84,1.37,3.16,1.64,5.05,1.25,9,4,V.CVC.CV.CVC,ADJ,10.909,1.076,4.038,0,3.3
acesso,access,3.32,1.72,3.78,1.69,4.91,1.52,6,3,V.CVC.CV,"ADJ,N",164.539,2.219,5.216,2,1.65
acessório,accessory,4.93,1.9,4.65,1.58,5.11,1.46,9,4,V.CVC.CV.CVV,"ADJ,N",1.964,0.472,3.293,1,2.6
acidente,accident,5.52,1.57,4.93,1.47,4.63,1.63,8,4,V.CV.CVC.CV,"N,V",87.086,1.945,4.94,2,1.8
ácido,acid,4.08,2.02,3.95,2.08,3.95,1.33,5,3,V.CV.CV,"ADJ,N",5.56,0.817,3.745,4,1.75
aço,steel,4.48,2.16,6.07,1.37,3.17,1.09,3,2,V.CV,N,11.041,1.081,4.043,11,1
acolhedor,cozy,4.21,1.71,3.49,1.76,4.04,1.24,9,4,V.CV.CCV.CVC,"ADJ,N",1.593,0.414,3.202,0,2.3
acompanhante,accompanying,4.63,1.87,5.07,1.5,4.05,1.61,12,5,V.CVC.CV.CCVC.CV,"ADJ,N",2.233,0.51,3.349,1,2.7
aconchego,cuddle,4.05,1.8,3.39,1.67,4.38,1.52,9,4,V.CVC.CCV.CV,"N,V",0.894,0.277,2.951,1,2.25
acordeão,accordion,6.16,1.31,6.47,1,2.87,1.21,8,4,V.CVC.CV.VV,N,3.332,0.637,3.523,0,2.4
acordo,deal,3.47,1.72,3.47,1.57,5.19,1.33,6,3,V.CVC.CV,"N,V",510.573,2.709,5.708,3,1.65
acre,pungent,2.84,1.88,3.76,2.03,1.9,0.91,4,2,V.CCV,ADJ,0.406,0.148,2.608,7,1.4
acta,minutes,4.46,2,5.37,1.57,3.02,1.29,4,2,VC.CV,N,6.175,0.856,3.791,7,1.4
actividade,activity,4.03,1.89,4.11,1.66,5.91,1.18,10,5,VC.CV.CV.CV.CV,N,191.789,2.285,5.283,0,2.6
activista,activist,3.76,1.85,3.73,1.9,2.95,1.2,9,4,VC.CV.CVC.CV,"ADJ,N",4.656,0.753,3.668,0,2.7
activo,active,3.85,1.78,3.95,1.72,5.63,1.15,6,3,VC.CV.CV,"ADJ,N",26.479,1.439,4.423,3,1.75
acto,act,3.45,1.9,3.88,1.9,5,1.52,4,2,VC.CV,N,81.742,1.918,4.912,7,1.05
actor,actor,5.7,1.16,5.91,1.2,4.98,1.37,5,2,VC.CVC,N,52.669,1.73,4.722,2,1.8
actriz,actress,5.82,1.24,5.84,1.4,5.05,1.36,6,2,VC.CCVC,N,31.066,1.506,4.492,0,2.6
actuação,performance,4.3,1.71,3.88,1.85,4.35,1.49,8,4,VC.CV.V.CVV,N,74.042,1.875,4.87,2,2.15
actual,current,2.82,1.68,3.46,1.75,5.84,0.98,6,3,VC.CV.VC,ADJ,298.153,2.476,5.474,3,1.75
açúcar,sugar,6.31,1.22,6.73,0.56,5.82,1.18,6,3,V.CV.CVC,N,11.412,1.094,4.057,0,2.6
açucena,white lily,3.57,2.15,4.45,2.16,1.59,0.69,7,4,V.CV.CV.CV,N,0.21,0.083,2.322,0,2.8
acumulação,accumulation,3.68,1.96,3.39,1.73,3.95,1.36,10,5,V.CV.CV.CV.CVV,N,12.673,1.136,4.103,1,2.7
acusação,accusation,3.08,1.66,3.27,1.83,3.37,1.09,8,4,V.CV.CV.CVV,N,58.39,1.774,4.766,1,2.2
acusado,accused,3.63,1.62,3.02,1.48,3.71,1.53,7,4,V.CV.CV.CV,"N,V",54.848,1.747,4.739,3,1.65
adaptação,adaptation,2.64,1.41,2.98,2.03,4.39,1.51,9,4,V.CVC.CV.CVV,N,32.014,1.519,4.505,2,2.4
adaptável,adaptabe,2.97,1.93,3.19,1.65,4.07,1.66,9,4,V.CVC.CV.CVC,ADJ,0.503,0.177,2.702,1,2.65
adega,cellar,5.18,1.76,5.8,1.64,3,1.08,5,3,V.CV.CV,N,3.478,0.651,3.541,5,1.65
adepto,follower,5.06,1.75,5.13,1.65,4.6,1.44,6,3,V.CVC.CV,"ADJ,N",8.74,0.989,3.942,3,1.8
adequado,appropriate,2.76,1.71,3.23,1.63,4.89,1.14,8,4,V.CV.CVV.CV,"ADJ,V",17.465,1.266,4.242,1,2.05
adesão,accession,2.78,1.34,3.6,1.6,3.96,1.32,6,3,V.CV.CVV,N,60.876,1.792,4.784,0,2
adeus,goodbye,4.78,1.81,3.44,1.95,6.15,1.03,5,2,V.CVVC,"INT,N",15.56,1.219,4.192,2,1.8
adiamento,postponement,2.8,1.33,3.18,1.63,3.74,1.51,9,5,V.CV.V.CVC.CV,N,23.347,1.386,4.368,1,1.85
admiração,wonder,4.05,1.81,3.26,1.86,4.79,1.41,9,4,VC.CV.CV.CVV,N,10.904,1.076,4.038,1,2.65
admirado,admired,4.07,1.97,3.12,1.68,4.82,1.31,8,4,VC.CV.CV.CV,"ADJ,V",2.897,0.591,3.462,1,1.8
admirável,admirable,3.36,1.77,2.84,1.5,4.71,1.15,9,4,VC.CV.CV.CVC,ADJ,7.25,0.916,3.86,0,2.75
admissão,admission,2.98,1.31,3,1.73,3.56,1.67,8,3,VC.CVC.CVV,N,13.176,1.152,4.12,0,2.65
adolescência,adolescence,4.89,1.73,3.62,1.58,4.84,1.38,12,5,V.CV.CVC.CVC.CVV,N,8.007,0.955,3.904,0,3.65
adolescente,adolescent,5.59,1.31,5.16,1.94,5.3,1.15,11,5,V.CV.CVC.CVC.CV,"ADJ,N",11.72,1.105,4.069,0,3.4
adopção,adoption,3.9,1.67,3.4,1.67,3.59,1.45,7,3,V.CVC.CVV,N,24.036,1.399,4.381,0,2.4
adoração,worship,3.46,2.01,2.24,1.48,3.71,1.55,8,4,V.CV.CV.CVV,N,1.725,0.435,3.237,1,1.95
adorável,adorable,3.77,1.86,3.25,1.68,4.72,1.42,8,4,V.CV.CV.CVC,ADJ,0.694,0.229,2.841,1,2.35
adulto,adult,5.64,1.46,5.45,1.42,5.63,1.2,6,3,V.CVC.CV,"ADJ,N",7.225,0.915,3.859,2,1.8
adversário,adversary,4.1,1.66,4.68,1.66,4.02,1.33,10,4,VC.CVC.CV.CVV,"ADJ,N",60.549,1.789,4.782,1,3.1
adversidades,hardship,2.85,1.69,2.67,1.24,3.84,1.39,12,5,VC.CVC.CV.CV.CVC,N,1.094,0.321,3.039,0,3.3
advogado,lawyer,5.19,1.84,6.16,1.01,4,1.26,8,4,VC.CV.CV.CV,"N,V",62.254,1.801,4.794,1,1.8
aéreo,aerial,4.05,1.88,3.96,1.77,3.81,1.42,5,3,V.V.CVV,ADJ,15.868,1.227,4.201,1,1.9
aeroporto,airport,6.1,1.38,6.43,1.02,3.4,1.23,9,5,V.V.CV.CVC.CV,N,55.346,1.751,4.743,0,3.15
afecto,affection,3.81,1.94,3.02,1.8,4.53,1.62,6,3,V.CVC.CV,"ADJ,N,V",8.691,0.986,3.939,3,1.75
afectuoso,affectionate,3.7,1.77,3.05,1.39,3.64,1.49,9,5,V.CVC.CV.V.CV,ADJ,0.606,0.206,2.782,1,2.7
afeição,affection,3.98,1.95,2.56,1.46,3.36,1.29,7,3,V.CVV.CVV,N,1.622,0.419,3.21,3,1.75
afiado,keen,4.76,1.85,4.68,1.69,3.78,1.6,6,4,V.CV.V.CV,V,0.362,0.134,2.558,4,1.45
afinidade,affinity,3.25,1.85,3,1.69,4.29,1.5,9,5,V.CV.CV.CV.CV,N,1.935,0.468,3.287,0,2.65
afirmação,affirmation,3.48,1.98,3.92,2.16,5.09,1.35,9,4,V.CVC.CV.CVV,N,47.173,1.683,4.674,1,2.15
aflito,distressed,4.1,1.91,3.79,1.7,4.77,1.4,6,3,V.CCV.CV,"ADJ,N",2.413,0.533,3.383,4,1.75
agência,agency,4.23,1.64,4.29,1.85,4.02,1.43,7,3,V.CVC.CVV,N,115.231,2.065,5.062,1,1.9
agenda,agenda,5.44,1.78,6.33,1.06,5.36,1.19,6,3,V.CVC.CV,"N,V",42.551,1.639,4.629,4,1.65
agente,agent,4.63,1.9,4.64,1.72,4.14,1.52,6,3,V.CVC.CV,"ADJ,N",38.497,1.597,4.585,5,1.55
ágil,agile,3.59,1.8,3.3,1.73,4.11,1.44,4,2,V.CVC,ADJ,2.037,0.483,3.309,1,1.95
agilidade,agility,3.63,1.93,3.46,1.67,4,1.32,9,5,V.CV.CV.CV.CV,N,3.307,0.634,3.52,0,2.45
agitação,agitation,3.98,1.71,3.26,1.67,4.32,1.54,8,4,V.CV.CV.CVV,N,17.367,1.264,4.24,1,1.95
agonia,agony,3.52,1.84,2.98,1.63,3.35,1.32,6,4,V.CV.CV.V,"N,V",6.185,0.856,3.791,3,1.65
agradável,pleasant,4.1,1.79,3.22,1.75,5.27,1.33,9,4,V.CCV.CV.CVC,ADJ,19.268,1.307,4.285,1,2.65
agradecido,grateful,4.02,1.93,3.34,1.69,4.88,1.64,10,5,V.CCV.CV.CV.CV,"ADJ,V",1.637,0.421,3.214,1,2.55
agravamento,aggravation,2.58,1.33,3.43,1.86,3.61,1.53,11,5,V.CCV.CV.CVC.CV,N,20.572,1.334,4.313,0,2.6
agressão,aggression,5,1.55,4.41,1.99,4.33,1.63,8,3,V.CCVC.CVV,N,24.002,1.398,4.38,0,2.5
agressivo,aggressive,4.5,1.87,3.71,1.78,4.6,1.56,9,4,V.CCVC.CV.CV,ADJ,7.333,0.921,3.865,1,2.5
agrião,water-cress,4.27,2.42,5.53,1.81,2.29,1.07,6,3,V.CCV.VV,N,0.117,0.048,2.069,1,1.95
agricultor,farmer,5.78,1.3,6.35,0.76,3.95,1.34,10,4,V.CCV.CVC.CVC,"ADJ,N",7.958,0.952,3.901,1,2.4
agricultura,agriculture,5.1,1.87,5.18,1.71,4.42,1.61,11,5,V.CCV.CVC.CV.CV,N,67.901,1.838,4.832,2,2.2
agrupamento,grouping,3.82,1.79,4.14,1.62,3.59,1.14,11,5,V.CCV.CV.CVC.CV,N,9.082,1.004,3.958,0,2.7
água,water,6.51,1.02,6.78,0.54,6.93,0.26,4,2,V.CVV,N,260.374,2.417,5.416,2,1.8
águia,eagle,5.85,1.64,6.61,0.71,3.42,1.2,5,2,V.CVVV,N,4.441,0.736,3.648,0,1.85
agulha,needle,5.68,2.15,6.61,0.71,4.02,1.59,6,3,V.CV.CCV,N,3.337,0.637,3.523,1,1.85
aia,maid,3.84,2.01,5.29,1.9,1.69,0.64,3,2,VV.V,N,1.026,0.307,3.011,18,1
aipo,celery,4.68,2.16,5.86,1.49,2.24,1.11,4,2,VV.CV,N,0.474,0.169,2.676,7,1.5
ajuda,help,3.9,1.83,3.11,1.72,5.7,1.16,5,3,V.CV.CV,"N,V",120.536,2.085,5.081,5,1.5
alargamento,enlargement,3.51,1.74,3.29,1.71,4.04,1.41,11,5,V.CVC.CV.CVC.CV,N,52.151,1.726,4.717,0,2.2
alarme,alarm,5.05,1.91,5.18,1.84,4.52,1.56,6,3,V.CVC.CV,"N,V",12.443,1.129,4.095,3,1.7
albatroz,albatross,3.31,1.99,4.24,2.44,1.72,0.76,8,3,VC.CV.CCVC,N,0.283,0.108,2.452,0,2.8
álbum,album,5.83,1.54,5.49,1.47,3.91,1.05,5,2,VC.CVC,N,60.754,1.791,4.784,0,2.85
alcachofra,artichoke,4.86,2.09,5.41,2.1,2.19,0.99,10,4,VC.CV.CCV.CCV,N,0.112,0.046,2.051,0,3.5
alcance,reach,3.13,1.84,3.05,1.31,4.35,1.52,7,3,VC.CVC.CV,"N,V",25.541,1.424,4.407,0,1.95
alce,moose,5,2.3,6.08,1.51,1.91,0.71,4,2,VC.CV,"N,V",0.132,0.054,2.12,1,1.7
álcool,alcohol,5.53,1.41,5.68,1.57,4.69,1.23,6,3,VC.CV.VC,N,22.184,1.365,4.346,0,3.15
alcoólico,alcoholic,5.08,1.79,4.67,1.79,4.25,1.37,9,5,VC.CV.V.CV.CV,"ADJ,N",3.307,0.634,3.52,1,2.9
alcoolismo,alcoholism,4.51,1.87,4.18,1.79,3.84,1.44,10,5,VC.CV.V.CVC.CV,N,4.446,0.736,3.648,0,3.6
aldeia,village,5.46,1.46,5.51,1.43,4.23,1.38,6,3,VC.CVV.V,"N,V",55.566,1.753,4.745,2,1.75
aleatório,random,3.33,1.94,2.98,1.62,4.49,1.45,9,5,V.CV.V.CV.CVV,ADJ,1.749,0.439,3.243,1,2.5
alegre,joyful,4.92,1.87,3.86,2.06,5.77,1.22,6,3,V.CV.CCV,"ADJ,V",11.407,1.094,4.057,3,1.7
alegria,joy,4.75,1.71,3.1,1.82,5.54,1.07,7,4,V.CV.CCV.V,N,36.455,1.574,4.562,1,1.75
além,beyond,3.57,2.25,2.78,1.89,4.34,1.95,4,2,V.CVC,"ADV,N",472.33,2.675,5.674,7,1.6
alemão,German,4.55,1.8,4.61,2.03,3.48,1.29,6,3,V.CV.CVV,"ADJ,N",102.929,2.017,5.013,1,1.9
alergia,allergy,4.83,1.85,4.43,1.87,4.41,1.53,7,4,V.CVC.CV.V,N,0.943,0.289,2.975,1,1.9
alerta,alert,3.74,1.86,3.43,1.71,4.48,1.3,6,3,V.CVC.CV,"ADV,N,V",37.168,1.582,4.57,7,1.45
alface,lettuce,5.78,1.94,6.7,0.76,5.38,1.24,6,3,VC.CV.CV,N,1.451,0.389,3.162,0,2.1
alfaiate,tailor,5.1,2.06,5.57,1.56,2.45,0.93,8,4,VC.CVV.V.CV,N,1.446,0.389,3.16,1,2.55
alfarroba,carob,4.14,2.16,4.75,2.14,2,0.93,9,4,VC.CVC.CV.CV,N,0.322,0.121,2.508,0,3.3
alfinete,pin,5.97,1.56,6.54,0.91,3.36,1.12,8,4,VC.CV.CV.CV,"N,V",0.816,0.259,2.912,0,2.7
alho,garlic,6.1,1.63,6.5,0.81,5.34,1.31,4,2,V.CCV,N,4.455,0.737,3.649,10,1
aliado,ally,3.7,2,3.98,1.94,3.75,1.19,6,4,V.CV.V.CV,"ADJ,N,V",15.677,1.222,4.195,7,1.4
aliança,alliance,6.18,1.17,5.76,1.49,3.56,1.19,7,4,V.CV.VC.CV,N,41.335,1.627,4.616,2,1.85
alicate,pliers,5.64,1.87,6.26,1.37,3.05,0.88,7,4,V.CV.CV.CV,N,0.396,0.145,2.597,1,2.25
alienação,alienation,2.82,1.97,2.29,1.31,3.05,1.78,9,5,V.CV.V.CV.CVV,N,10.958,1.078,4.04,1,2.2
alimentação,feeding,5.1,1.89,4.98,1.79,5.96,0.99,11,5,V.CV.CVC.CV.CVV,N,23.469,1.389,4.371,1,2.4
alimentar,feed,3.85,1.85,4.33,1.81,5.83,1.16,9,4,V.CV.CVC.CVC,"ADJ,V",31.745,1.515,4.502,4,1.6
alimento,nourishment,6.02,1.47,6.15,1.06,6.32,1.03,8,4,V.CV.CVC.CV,"N,V",5.047,0.782,3.703,2,1.7
alívio,relief,3.79,1.67,3.24,1.76,4.86,1.11,6,3,V.CV.CVV,N,12.253,1.122,4.088,2,1.85
alma,soul,3.25,2.12,1.87,1.25,4.48,1.44,4,2,VC.CV,N,57.628,1.768,4.761,11,1.2
almoço,lunch,5.21,1.96,5.95,1.17,6.66,0.48,6,3,VC.CV.CV,"N,V",40.509,1.618,4.608,2,1.9
almofada,pillow,6.34,1.15,6.51,0.78,5.81,1.25,8,4,VC.CV.CV.CV,"N,V",2.223,0.508,3.347,2,1.8
alojamento,accomodation,4.73,1.81,5.26,1.47,4.3,1.76,10,5,V.CV.CV.CVC.CV,N,10.802,1.072,4.034,1,1.9
alperce,apricot,5.08,2.24,6.07,1.3,2.53,0.9,7,3,VC.CVC.CV,N,0.117,0.048,2.069,0,2.45
alta,high,4.66,1.92,4.58,1.91,5.47,1.27,4,2,VC.CV,"ADJ,N",111.318,2.05,5.047,13,1
altar,altar,5.27,1.89,5.76,1.4,3.07,0.94,5,2,VC.CVC,N,7.631,0.936,3.883,7,1.3
alternativa,alternative,3.13,1.9,3.29,1.85,5.21,1.4,11,5,VC.CVC.CV.CV.CV,"ADJ,N",68.683,1.843,4.837,1,2.8
alternativo,alternative,3.29,1.89,2.61,1.28,4.75,1.39,11,5,VC.CVC.CV.CV.CV,ADJ,10.069,1.044,4.003,1,3.05
altitude,altitude,4.6,1.89,3.95,1.54,3.6,1.43,8,4,VC.CV.CV.CV,N,11.495,1.097,4.061,1,2.4
alto,tall,5.42,1.64,5.28,1.91,5.69,1.23,4,2,VC.CV,"ADJ,ADV,N",113.482,2.059,5.055,12,1.15
altura,height,4.81,1.71,4.61,1.7,5,1.34,6,3,VC.CV.CV,N,343.293,2.537,5.536,3,1.75
alucinante,hallucinatory,3.79,1.87,2.65,1.14,4.05,1.48,10,5,V.CV.CV.CVC.CV,ADJ,3.542,0.657,3.549,0,2.65
aluguer,rental,3.85,1.78,3.73,1.83,3.98,1.44,7,3,V.CV.CVVC,N,14.212,1.182,4.153,2,2.3
alumínio,aluminum,5.47,1.83,6.23,1,4.02,1.4,8,4,V.CV.CV.CVV,N,10.425,1.058,4.018,0,2.8
aluno,pupil,5.92,1.28,5.86,1.39,6.64,0.56,5,3,V.CV.CV,"N,V",21.691,1.356,4.336,4,1.7
alvo,target,4.92,1.74,4.52,1.9,3.96,1.31,4,2,VC.CV,"ADJ,N",72.543,1.867,4.861,8,1.25
ama,nanny,4.76,2.1,4.84,1.95,4.28,1.99,3,2,V.CV,"N,V",9.39,1.017,3.973,12,1
amabilidade,kindness,3.89,2.11,2.69,1.8,4.12,1.49,11,6,V.CV.CV.CV.CV.CV,N,1.016,0.305,3.007,1,2.3
amado,loved,3.84,1.8,2.98,1.7,4.49,1.55,5,3,V.CV.CV,"ADJ,N,V",3.478,0.651,3.541,8,1.2
amante,lover,4.34,1.7,4.04,1.95,3.67,1.44,6,3,V.CVC.CV,"ADJ,N",13.308,1.156,4.124,4,1.75
amarelo,yellow,5.77,1.56,5.37,1.95,5.16,1.32,7,4,V.CV.CV.CV,"ADJ,N,V",20.23,1.327,4.306,1,1.85
amargo,bitter,3.81,2,3.76,1.77,4.21,1.41,6,3,V.CVC.CV,"ADJ,N,V",5.174,0.791,3.714,4,1.6
amável,kind,3.63,1.73,3.05,1.63,4.55,1.48,6,3,V.CV.CVC,ADJ,2.838,0.584,3.453,2,1.9
âmbar,amber,4.12,2.12,4.24,2.16,2.12,0.92,5,2,VC.CVC,"ADJ,N",1.016,0.305,3.007,0,2
ambição,ambition,3.35,1.89,2.79,1.52,4.67,1.46,7,3,VC.CV.CVV,N,18.056,1.28,4.257,0,2.55
ambicioso,ambitious,3.11,1.73,3.53,1.71,4.29,1.35,9,5,VC.CV.CV.V.CV,"ADJ,N",10.655,1.067,4.028,2,2.5
ambiente,environment,4.67,1.88,3.68,1.79,5.45,1.16,8,4,VC.CV.VC.CV,"ADJ,N,V",165.447,2.221,5.219,2,2.1
ambiguidade,ambiguity,2.86,1.7,2.13,1.39,3.07,1.3,11,5,VC.CV.CVV.CV.CV,N,7.089,0.908,3.851,0,3.5
âmbito,scope,2.49,1.19,2.8,1.9,4.1,1.46,6,3,VC.CV.CV,N,135.891,2.136,5.133,0,1.95
ambulância,ambulance,5.92,1.52,6.5,1.04,4.55,1.62,10,4,VC.CV.CVC.CVV,N,7.304,0.919,3.864,0,3.65
ameaça,menace,3.71,1.92,3.1,1.56,4,1.44,6,4,V.CV.V.CV,"N,V",76.651,1.89,4.885,2,1.7
ameaçador,threatening,4,1.7,3.14,1.56,4.13,1.65,9,5,V.CV.V.CV.CVC,ADJ,1.974,0.473,3.295,1,2.25
ameixa,plum,6.18,1.35,6.42,1,3.52,1.19,6,3,V.CVV.CV,N,0.195,0.078,2.291,1,1.85
amêndoa,nut,5.86,1.49,6.78,0.57,3.25,1.08,7,3,V.CVC.CVV,N,1.304,0.363,3.115,0,2.7
amendoim,peanut,5.52,2.18,6.66,0.58,3.68,1.1,8,4,V.CVC.CV.VC,N,0.562,0.194,2.75,0,2.85
americano,american,4.94,2.01,5.19,1.54,4.47,1.3,9,5,V.CV.CV.CV.CV,"ADJ,N",88.503,1.952,4.947,1,2.6
amigável,friendly,3.77,1.91,3.59,1.94,5.16,1.39,8,4,V.CV.CV.CVC,ADJ,4.519,0.742,3.655,0,2.5
amigo,friend,6.05,1.11,4.8,1.69,6.54,0.64,5,3,V.CV.CV,"ADJ,N,V",73.119,1.87,4.864,3,1.65
amizade,friendship,4.55,1.89,2.98,1.97,5.78,1.33,7,4,V.CV.CV.CV,N,24.608,1.408,4.391,0,2.6
amnistia,amnesty,2.98,1.65,3,1.67,2.4,1.08,8,4,VC.CVC.CV.V,N,16.483,1.243,4.217,1,2.2
amor,love,5.05,1.81,3.33,2.2,6.25,1.08,4,2,V.CVC,N,92.607,1.971,4.967,5,1.55
amora,blueberry,6.07,1.45,6.38,1.05,3.05,1.08,5,3,V.CV.CV,N,3.195,0.623,3.505,8,1.25
amoroso,loving,4.23,1.99,3.6,1.76,4.67,1.54,7,4,V.CV.CV.CV,"ADJ,N",3.298,0.633,3.518,1,1.85
amostra,sample,3.55,2.02,4.02,1.76,4.57,1.28,7,3,V.CVC.CCV,"N,V",11.319,1.091,4.054,1,1.7
amplitude,amplitude,2.57,1.44,3.37,1.81,3.74,1.54,9,4,VC.CCV.CV.CV,N,9.351,1.015,3.971,0,3
amplo,ample,3.63,1.93,3.43,1.83,3.66,1.34,5,2,VC.CCV,ADJ,14.119,1.18,4.15,2,1.8
amuado,grumpy,4.07,1.91,3.29,1.57,4.52,1.51,6,4,V.CV.V.CV,"ADJ,V",0.347,0.129,2.54,5,1.6
análise,analysis,3.46,1.78,3.09,1.65,4.77,1.56,7,4,V.CV.CV.CV,N,97.077,1.992,4.987,1,2.35
analista,analyst,3.73,1.89,4.6,1.88,3.02,1.34,8,4,V.CV.CVC.CV,"ADJ,N",11.901,1.111,4.076,1,1.85
ananás,pineapple,5.39,2.13,6.49,0.91,4.18,1.3,6,3,V.CV.CVC,N,0.972,0.295,2.988,0,2.3
anão,dwarf,5.86,1.46,6.05,1.25,3,1.13,4,2,V.CVV,"ADJ,N",0.982,0.297,2.992,9,1.35
anchova,anchovy,4.35,2.33,5.3,1.87,2.16,1.17,7,3,VC.CCV.CV,N,0.151,0.061,2.18,0,2.25
ancinho,rake,4.32,2.07,5.39,1.94,2.13,0.97,7,3,VC.CV.CCV,N,0.122,0.05,2.087,1,1.85
âncora,anchor,5.54,1.9,6.5,0.87,2.78,0.96,6,3,VC.CV.CV,N,2.56,0.551,3.408,2,1.85
andebol,handball,5.37,1.88,6.11,1.33,3.4,1.27,7,3,VC.CV.CVC,N,16.791,1.25,4.225,0,2.9
andorinha,swallow,6.54,0.76,6.89,0.31,3.44,1.21,9,4,VC.CV.CV.CCV,N,0.899,0.279,2.954,0,2.7
anel,ring,6,1.5,6.63,0.62,4.3,1.51,4,2,V.CVC,N,6.219,0.859,3.794,2,1.8
ângulo,angle,4.43,1.82,4.66,2.02,3.63,1.52,6,3,VC.CV.CV,N,7.138,0.911,3.854,2,2.05
angústia,anguish,3.48,1.79,2.86,1.78,3.98,1.3,8,3,VC.CVC.CVV,N,12.384,1.127,4.093,1,2.5
angustiado,anguished,3.74,1.77,2.53,1.35,3.68,1.12,10,5,VC.CVC.CV.V.CV,"ADJ,V",1.314,0.364,3.119,1,2.25
angustiante,anguishing,3.13,1.59,2.42,1.12,3.56,1.18,11,5,VC.CVC.CV.VC.CV,ADJ,1.656,0.424,3.219,0,2.8
animação,animation,4.58,1.69,3.5,1.64,4.86,1.33,8,4,V.CV.CV.CVV,N,40.588,1.619,4.608,1,1.95
animado,cheerful,4.45,1.77,4.02,1.67,5.18,1.4,7,4,V.CV.CV.CV,"ADJ,V",10.113,1.046,4.005,4,1.65
animal,animal,6.12,1.17,6.12,1.3,5.55,1.26,6,3,V.CV.CVC,"ADJ,N",25.335,1.421,4.404,4,1.75
ânimo,cheer,3.44,1.53,2.83,1.34,4.53,1.1,5,3,V.CV.CV,"INT,N",7.406,0.925,3.87,1,1.9
aniversário,birthday,5.1,1.86,4.53,2.13,4.5,1.21,11,5,V.CV.CVC.CV.CVV,N,47.163,1.683,4.674,2,3.15
anjo,angel,5.92,1.44,3.98,2.14,4.47,1.48,4,2,VC.CV,N,7.675,0.938,3.885,6,1.4
ano,year,3.66,1.96,4.36,2.13,6.13,0.94,3,2,V.CV,N,1214.448,3.085,6.084,12,1
anonimato,anonymity,2.9,1.79,3.11,1.92,3.4,1.25,9,5,V.CV.CV.CV.CV,N,13.195,1.152,4.12,1,2.65
anormal,abnormal,4.1,1.94,2.95,1.85,4.51,1.66,7,3,V.CVC.CVC,"ADJ,N",6.307,0.864,3.8,0,2.4
anseio,desire,3.1,1.8,2,1.1,3.74,1.45,6,3,VC.CVV.V,"N,V",1.5,0.398,3.176,4,1.75
ansiedade,anxiety,3.87,1.97,3.12,1.77,4.58,1.38,9,5,VC.CV.V.CV.CV,N,10.846,1.074,4.035,0,2.85
ansioso,anxious,3.91,1.95,3.1,1.81,5.24,1.37,7,4,VC.CV.V.CV,ADJ,2.931,0.595,3.467,1,2.5
antecedente,antecedent,2.73,1.32,3.05,1.62,3.75,1.34,11,5,VC.CV.CV.CVC.CV,"ADJ,N",1.114,0.325,3.047,0,2.95
antena,antenna,5.37,1.96,6.22,0.92,4.18,1.54,6,3,VC.CV.CV,N,29.62,1.486,4.472,1,1.9
anterior,anterior,2.31,1.35,3.4,2.09,5.81,1.33,8,4,VC.CV.CV.VC,ADJ,178.823,2.255,5.252,1,2.5
antigo,ancient,3.97,2.09,3.91,1.99,4.98,1.32,6,3,VC.CV.CV,"ADJ,N",160.64,2.209,5.206,2,1.85
anual,annual,3.21,1.87,4.16,2.17,3.93,1.59,5,3,V.CV.VC,ADJ,47.417,1.685,4.676,1,1.8
anulação,cancellation,2.91,1.64,3.24,1.98,3.86,1.36,8,4,V.CV.CV.CVV,N,13.464,1.16,4.129,2,1.85
anúncio,advertising,4.98,1.78,5,1.79,5.38,1.44,7,3,V.CVC.CVV,N,56.817,1.762,4.755,1,2.45
anzol,fishhook,5.06,2,6.41,1.02,2.61,0.95,5,2,VC.CVC,N,0.884,0.275,2.947,0,2
apaixonado,valentine,5.18,1.76,3.17,1.85,5.73,1.37,10,5,V.CVV.CV.CV.CV,"ADJ,N,V",8.017,0.955,3.904,1,2.1
apanhador,dustpan,4.7,2.11,4.57,2.04,3.88,1.65,9,4,V.CV.CCV.CVC,N,0.083,0.035,1.92,1,1.9
aparelho,apparatus,5.54,1.63,5.86,1.39,4.61,1.46,8,4,V.CV.CV.CCV,"N,V",40.798,1.621,4.611,2,1.95
aparência,appearance,3.94,1.97,3.44,1.68,5.4,1.02,9,4,V.CV.CVC.CVV,N,9.141,1.006,3.961,0,2.7
aparição,apparition,3.44,1.97,2.28,1.35,2.84,0.88,8,4,V.CV.CV.CVV,N,8.261,0.967,3.917,0,2.45
apartamento,apartment,5.98,1.44,6.43,0.83,5.24,1.48,11,5,V.CVC.CV.CVC.CV,N,12.892,1.143,4.11,2,1.85
apático,blase,3.52,2.03,3.11,1.7,3.4,1.51,7,4,V.CV.CV.CV,ADJ,1.021,0.306,3.009,1,1.9
apelo,appeal,3.21,1.82,3.19,1.87,3.96,1.34,5,3,V.CV.CV,"N,V",56.958,1.763,4.756,6,1.5
apertado,tight,3.88,1.95,4.25,1.89,4.88,1.41,8,4,V.CVC.CV.CV,"ADJ,N,V",6.649,0.884,3.823,5,1.65
apetite,appetite,4.39,1.81,3.56,1.9,5.44,1.36,7,4,V.CV.CV.CV,N,6.903,0.898,3.839,1,2.05
apito,whistle,6.33,0.91,6.3,0.95,3.93,1.36,5,3,V.CV.CV,"N,V",3.469,0.65,3.54,5,1.5
aplauso,applause,5.31,1.75,4.93,1.45,3.98,1.37,7,3,V.CCVV.CV,N,3.884,0.689,3.589,1,2.65
apoiante,supporter,3.87,1.63,3.91,1.71,3.65,1.48,8,4,V.CVV.VC.CV,"ADJ,N",6.107,0.852,3.786,0,2.4
apoio,support,3.84,1.86,3.24,1.82,5.49,1.21,5,3,V.CVV.V,"N,V",293.204,2.469,5.467,5,1.6
aposta,bet,3.98,1.61,3.58,1.5,4.62,1.44,6,3,V.CVC.CV,"ADJ,N,V",61.365,1.795,4.788,7,1.45
apreensão,arrest,2.67,1.59,3.05,1.83,3.59,1.17,9,4,V.CCV.VC.CVV,N,14.803,1.199,4.17,0,2.7
aprendizagem,learning,3.62,1.69,2.98,2,5.36,1.41,12,5,V.CCVC.CV.CV.CVC,N,16.576,1.245,4.22,0,3.55
apresentação,presentation,3.98,1.75,3.7,1.86,5.18,1.24,12,5,V.CCV.CVC.CV.CVV,N,97.619,1.994,4.99,1,2.45
aprisionado,captive,4.69,1.68,3.79,1.67,2.6,1.05,11,6,V.CCV.CV.V.CV.CV,"ADJ,V",0.65,0.217,2.813,1,2.3
aprovação,approval,3.05,1.82,3.4,1.79,4.52,1.47,9,4,V.CCV.CV.CVV,N,70.838,1.856,4.85,1,2.3
aproximação,approximation,3.63,1.98,3.15,1.44,4.86,1.48,11,5,V.CCV.CV.CV.CVV,N,34.207,1.547,4.534,1,2.75
apuramento,clearance,3.37,1.9,3.38,1.61,3.61,1.41,10,5,V.CV.CV.CVC.CV,N,28.262,1.466,4.451,0,2.05
aquecimento,heating,4.33,1.8,4.24,1.76,4.88,1.43,11,5,V.CVV.CV.CVC.CV,N,11.305,1.09,4.053,0,2.8
ar,air,4.35,2.15,4.28,2.17,6.14,1.02,2,1,VC,N,128.221,2.111,5.108,6,1.25
arado,plough,3.79,2.05,5.13,2.02,1.94,0.85,5,3,V.CV.CV,"N,V",1.598,0.415,3.203,12,1
arame,wire,5.8,1.44,6.4,0.87,3.58,1.41,5,3,V.CV.CV,N,3.943,0.694,3.596,2,1.7
aranha,spider,6.24,1.21,6.7,0.6,4.31,1.2,6,3,V.CV.CCV,N,2.316,0.521,3.365,3,1.75
arara,macaw,4.83,2.31,6.09,1.56,2.22,0.92,5,3,V.CV.CV,"N,V",0.22,0.086,2.342,8,1.15
arbitragem,refereeing,4.54,1.97,4.15,1.72,3.78,1.4,10,4,VC.CV.CCV.CVC,N,24.28,1.403,4.385,1,2.65
árbitro,referee,6.05,1.24,6.03,1.14,4.38,1.37,7,3,VC.CV.CCV,N,46.308,1.675,4.666,2,2.5
arbusto,bush,5.35,1.97,6.49,0.92,3.58,1.18,7,3,VC.CVC.CV,N,0.684,0.226,2.835,0,2.05
arca,arc,5.78,1.59,6.14,1.34,3.55,1.4,4,2,VC.CV,"N,V",3.034,0.606,3.482,8,1.15
arco,arch,5.55,1.59,6.19,1.22,3.51,1.18,4,2,VC.CV,"N,V",12.692,1.137,4.104,8,1.3
areia,sand,6.14,1.3,6.39,1.11,3.38,1.04,5,3,V.CVV.V,"N,V",22.614,1.373,4.354,15,1
arenque,herring,3.13,2.17,4.27,2.29,1.57,0.89,7,3,V.CVC.CVV,N,0.283,0.108,2.452,0,2.15
arguido,defendant,4.63,1.84,4.71,1.85,3.65,1.74,7,3,VC.CVV.CV,"N,V",20.216,1.327,4.306,2,1.8
arma,weapon,6.29,1.08,6.45,0.85,4.3,1.57,4,2,VC.CV,"N,V",35.951,1.568,4.556,10,1.05
armadilha,trap,5.42,1.46,4.81,1.72,3.58,1.39,9,4,VC.CV.CV.CCV,"N,V",4.499,0.74,3.653,2,2.15
armado,embattled,5.02,1.72,4.5,1.7,3.27,1.21,6,3,VC.CV.CV,"ADJ,V",14.671,1.195,4.167,4,1.5
armamento,weaponry,4.94,1.86,4.62,1.69,3.3,1.72,9,4,VC.CV.CVC.CV,N,14.988,1.204,4.176,1,1.9
armário,closet,5.92,1.61,6.62,0.73,5.87,1.28,7,3,VC.CV.CVV,N,3.605,0.663,3.557,0,2.05
armazém,warehouse,5.05,2.07,6.16,1,4.28,1.54,7,3,VC.CV.CVC,N,13.733,1.168,4.138,1,2.65
arquipélago,archipelago,5.23,1.73,5.67,1.26,2.92,1.03,11,5,VC.CVV.CV.CV.CV,N,15.838,1.226,4.2,0,4.65
arquitecto,architect,5.67,1.5,6.05,1.13,3.66,1.19,10,4,VC.CVV.CVC.CV,"N,V",39.757,1.61,4.599,2,2.4
arquitectura,architecture,4.45,1.83,4.36,1.89,3.81,1.42,12,5,VC.CVV.CVC.CV.CV,N,37.036,1.58,4.569,1,2.45
arquivo,archive,4.83,1.98,5.84,1.17,4.33,1.58,7,3,VC.CVV.CV,"N,V",11.598,1.1,4.064,2,1.9
arranjo,arrangement,3.75,1.56,3.9,1.89,4.56,1.46,7,3,VC.CVC.CV,"N,V",11.637,1.102,4.066,6,1.6
arranque,starting,3.34,1.55,3.57,1.91,4.63,1.51,8,3,VC.CVC.CVV,"N,V",25.482,1.423,4.406,0,2.4
arrendamento,lease,3.33,1.67,3.93,2.01,3.47,1.44,12,5,VC.CVC.CV.CVC.CV,N,7.02,0.904,3.846,0,2.5
arrependido,repentant,3.63,1.91,2.86,1.77,4.19,1.23,11,5,VC.CV.CVC.CV.CV,"ADJ,N,V",5.393,0.806,3.732,1,2.45
arrepio,shiver,4.36,1.9,4.31,1.94,4.58,1.34,7,4,VC.CV.CV.V,"N,V",4.006,0.7,3.603,3,1.7
arrogante,arrogant,4.02,1.85,3.16,1.72,4.47,1.44,9,4,VC.CV.CVC.CV,ADJ,4.944,0.774,3.694,1,2.65
arroz,rice,4.92,2.23,6.6,0.8,6.1,1.02,5,2,VC.CVC,N,16.19,1.235,4.209,1,1.95
arrumado,tidy,4.27,1.9,4.09,1.75,5.46,1.11,8,4,VC.CV.CV.CV,"ADJ,V",2.667,0.564,3.426,5,1.6
arte,art,5.34,1.6,3.71,1.98,4.81,1.6,4,2,VC.CV,N,133.355,2.128,5.125,5,1.4
artéria,artery,4.73,1.88,5.7,1.59,2.91,1.13,7,3,VC.CV.CVV,N,6.796,0.892,3.832,1,2.2
artesanato,handicrafts,5.3,1.87,5.33,1.49,3.07,0.9,10,5,VC.CV.CV.CV.CV,N,13.269,1.154,4.123,0,3.45
artesão,craftsman,5.59,1.46,5.62,1.59,2.8,0.96,7,3,VC.CV.CVV,N,2.047,0.484,3.311,1,2.05
articulação,articulation,3.84,1.98,4.47,1.95,3.95,1.62,11,5,VC.CV.CV.CV.CVV,N,18.115,1.281,4.258,1,2.75
artificial,artificial,3.65,1.72,3.23,1.56,4.21,1.16,10,5,VC.CV.CV.CV.VC,ADJ,14.177,1.181,4.152,1,3.3
artigo,article,4.79,1.81,4.88,1.66,5.45,1.33,6,3,VC.CV.CV,N,106.75,2.032,5.028,1,1.9
artilharia,artillery,4.77,1.83,4.97,1.61,2.36,0.94,10,5,VC.CV.CCV.CV.V,"N,V",11.691,1.104,4.068,1,2.35
artista,artist,5.22,1.83,4.91,1.64,4.6,1.57,7,3,VC.CVC.CV,"ADJ,N",48.712,1.697,4.688,2,1.8
artístico,artistic,4.46,1.87,3.22,1.74,4.04,1.3,9,4,VC.CVC.CV.CV,ADJ,18.222,1.284,4.261,1,2.6
árvore,tree,6.14,1.34,6.5,0.95,5.07,1.44,6,3,VC.CV.CV,N,18.833,1.297,4.275,1,2.5
ás,ace,5.05,2.1,4.22,2.08,4.38,1.89,2,1,VC,N,5.257,0.796,3.721,4,1.25
asa,wing,5.52,1.83,6.09,1.34,3.91,1.48,3,2,V.CV,N,8.334,0.97,3.921,11,1
ascendente,ascending,3.71,2.02,3.41,1.9,3.28,1.14,10,4,VC.CVC.CVC.CV,"ADJ,N",7.46,0.927,3.873,0,2.6
ascensão,rise,3.49,1.9,2.81,1.54,3.1,1.17,8,3,VC.CVC.CVV,N,14.695,1.196,4.167,0,2.55
asilo,asylum,3.97,1.92,4.42,1.91,2.57,1.02,5,3,V.CV.CV,"N,V",16.473,1.242,4.217,4,1.65
asma,asthma,4.15,2,4.59,1.97,3.42,1.57,4,2,VC.CV,N,2.198,0.505,3.342,6,1.5
aspecto,aspect,3.86,2.12,3.47,1.67,5.12,1.36,7,3,VC.CVC.CV,N,66.28,1.828,4.821,2,2.2
áspero,harsh,4.16,1.93,4.09,1.98,3.38,1.1,6,3,VC.CV.CV,ADJ,1.109,0.324,3.045,2,2
aspirador,vacuum cleaner,5.6,1.99,6.66,0.75,4.11,0.99,9,4,VC.CV.CV.CVC,N,0.64,0.215,2.806,1,1.9
assaltante,robber,4.82,1.97,5.27,1.74,4.35,1.61,10,4,VC.CVC.CVC.CV,"ADJ,N",6.908,0.898,3.839,0,2.7
assassínio,murder,4.72,1.69,5.15,1.46,3.98,1.5,10,4,VC.CVC.CV.CVV,N,21.369,1.35,4.33,0,3.1
assassino,killer,5.11,1.71,5.14,1.81,4.02,1.53,9,4,VC.CVC.CV.CV,"ADJ,N,V",9.932,1.039,3.997,2,2.2
assembleia,assembly,4.88,1.92,4.79,1.72,4.46,1.63,10,4,VC.CVC.CCVV.V,N,118.02,2.076,5.072,0,3.7
assento,seat,4.84,2.01,5.69,1.37,4.53,1.39,7,3,VC.CVC.CV,"N,V",11.608,1.101,4.065,6,1.6
assessor,aide,3.22,1.7,3.96,1.72,2.93,1.34,8,3,VC.CVC.CVC,"ADJ,N",16.561,1.245,4.219,0,2.25
assinatura,signature,5.22,1.72,5.96,1.3,5.45,1.31,10,5,VC.CV.CV.CV.CV,N,49.943,1.707,4.699,0,2.8
assobio,whistle,5.2,1.94,5.09,1.88,4.25,1.6,7,4,VC.CV.CV.V,"N,V",0.738,0.24,2.868,3,1.75
associação,association,3.5,1.7,3.39,1.75,4.28,1.5,10,5,VC.CV.CV.V.CVV,N,161.422,2.211,5.208,1,2.65
associado,associate,2.68,1.28,3.42,1.94,4.21,1.4,9,5,VC.CV.CV.V.CV,"ADJ,N,V",17.47,1.267,4.242,2,1.8
assunto,subject,2.94,1.82,3.56,1.76,6.02,0.94,7,3,VC.CVC.CV,N,129.96,2.117,5.114,3,1.75
assustado,scared,4.4,1.82,3.42,1.92,4.34,1.38,9,4,VC.CVC.CV.CV,"ADJ,N,V",2.501,0.544,3.398,2,1.7
assustador,scary,4.32,1.74,3.24,1.72,4.53,1.37,10,4,VC.CVC.CV.CVC,"ADJ,N",2.878,0.589,3.459,1,2.1
astronauta,astronaut,6.17,1.34,6.27,1.17,2.98,0.93,10,4,VC.CCV.CVV.CV,N,3,0.602,3.477,0,3.4
atacante,attacker,4.13,1.9,3.85,1.66,3.88,1.55,8,4,V.CV.CVC.CV,"ADJ,N",6.126,0.853,3.787,0,2.25
ataque,attack,4.23,1.93,4.26,1.79,4.47,1.6,6,3,V.CV.CVV,"N,V",96.662,1.99,4.985,0,1.75
atenção,attention,3.1,1.63,3.44,1.87,6.14,0.97,7,3,V.CVC.CVV,N,126.785,2.107,5.103,0,1.95
atencioso,thoughtful,3.81,1.58,3.15,1.7,4.76,1.32,9,5,V.CVC.CV.V.CV,ADJ,0.376,0.139,2.575,2,2.6
atentado,assault,4.05,1.8,3.95,1.87,3.55,1.51,8,4,V.CVC.CV.CV,"N,V",42.219,1.636,4.626,5,1.6
atento,attentive,3.33,1.82,3.2,1.83,5.75,1.35,6,3,V.CVC.CV,"ADJ,V",18.12,1.282,4.258,8,1.45
aterrorizado,terrified,3.79,1.82,3.27,1.68,3.57,1.42,12,6,V.CVC.CV.CV.CV.CV,V,0.733,0.239,2.865,1,2.05
atitude,attitude,3.56,2.07,3.05,1.82,5.35,1.37,7,4,V.CV.CV.CV,N,109.583,2.044,5.04,0,2.25
atlântico,atlantic,5.02,1.93,5.13,1.85,3.04,1.12,9,4,V.CCVC.CV.CV,"ADJ,N",1.729,0.436,3.238,1,2.7
atleta,athlete,5.8,1.38,5.96,0.85,4.67,1.34,6,3,V.CCV.CV,N,25.643,1.426,4.409,0,1.9
atmosfera,atmosphere,4.66,1.95,4.04,1.77,3.95,1.42,9,4,VC.CVC.CV.CV,N,25.902,1.43,4.413,0,3.25
átomo,atom,4,2.25,4.29,2.3,2.72,1.19,5,3,V.CV.CV,N,2.282,0.516,3.358,2,1.8
atracção,attraction,4.44,1.93,2.61,1.2,4.62,1.48,8,3,V.CCVC.CVV,N,16.942,1.254,4.229,0,2.1
atractivo,attractive,4.46,1.83,2.88,1.67,4.29,1.44,9,4,V.CCVC.CV.CV,"ADJ,N",5.501,0.813,3.74,1,2.7
atrasado,delayed,3.46,2.09,3.69,1.68,5.63,1.33,8,4,V.CCV.CV.CV,"ADJ,N,V",10.914,1.076,4.038,4,1.7
atraso,lateness,3.1,1.79,3.71,1.7,5.59,1.11,6,3,V.CCV.CV,"N,V",65.591,1.823,4.817,5,1.6
atrevido,bold,4.2,1.97,3.38,1.74,4.67,1.35,8,4,V.CCV.CV.CV,"ADJ,V",1.456,0.39,3.163,1,2.1
atribuição,attribution,2.8,1.44,2.98,1.82,4.17,1.16,10,5,V.CCV.CV.V.CVV,N,39.464,1.607,4.596,1,2.7
atum,tuna,5.59,1.95,6.57,0.73,4.96,1.43,4,2,V.CVC,N,3.009,0.603,3.479,4,1.75
audição,hearing,4.05,1.9,4.31,1.81,4.6,1.51,7,3,VV.CV.CVV,N,15.086,1.206,4.179,0,1.95
audiência,audience,4.24,1.78,3.95,1.77,3.36,1.02,9,4,VV.CV.VC.CVV,N,55.791,1.754,4.747,0,2.75
audiovisual,audio-visual,3.98,1.7,4.69,1.7,3.26,1.22,11,6,VV.CV.V.CV.CV.VC,"ADJ,N",16.517,1.244,4.218,0,4.5
auditoria,auditing,3.35,1.67,3.9,1.79,3.28,1.52,9,5,VV.CV.CV.CV.V,N,10.88,1.075,4.037,1,2.35
auditório,auditorium,5.73,1.47,5.93,1.03,4.46,1.2,9,4,VV.CV.CV.CVV,N,28.022,1.463,4.448,1,2.65
aula,lesson,5.87,1.36,5.24,2.09,6.73,0.53,4,2,VV.CV,N,14.5,1.19,4.161,10,1.1
aumento,increase,3.98,1.91,3.9,1.81,5.29,1.45,7,3,VV.CVC.CV,"N,V",192.517,2.287,5.285,5,1.65
ausência,absence,3.24,1.76,3.12,2.04,4.93,1.35,8,3,VV.CVC.CVV,N,91.004,1.964,4.959,1,2.5
ausente,absent,3.41,1.79,3.33,1.78,4.68,1.36,7,3,VV.CVC.CV,"ADJ,N,V",20.548,1.333,4.313,4,1.65
autarca,mayor,4.17,1.98,4.9,1.71,3.67,1.62,7,3,VV.CVC.CV,N,84.771,1.933,4.928,0,2
autarquia,council,4.03,2.04,4.34,2,3.43,1.16,9,4,VV.CVC.CVV.V,N,180.914,2.26,5.258,0,2.75
autêntico,authentic,3.02,1.66,2.7,1.43,4.21,1.21,9,4,VV.CVC.CV.CV,ADJ,15.54,1.219,4.192,2,2.5
autocarro,bus,6.41,1.03,6.8,0.53,5.95,1.15,9,4,VV.CV.CVC.CV,N,24.466,1.406,4.389,0,3.3
automóvel,automobile,6.74,0.61,6.77,0.57,5.63,1.43,9,4,VV.CV.CV.CVC,"ADJ,N",70.022,1.851,4.845,0,3.85
autonomia,autonomy,3.21,1.61,3.4,1.8,4.58,1.34,9,5,VV.CV.CV.CV.V,N,55.214,1.75,4.742,0,2.2
autor,author,4.37,1.8,4.78,1.99,4.88,1.16,5,2,VV.CVC,N,159.189,2.205,5.202,3,1.65
autoria,autorship,3.35,1.72,3.48,1.81,3.68,1.57,7,4,VV.CV.CV.V,N,35.57,1.563,4.551,2,1.75
autoridade,authority,4.11,1.88,3.84,2.05,4.32,1.59,10,5,VV.CV.CV.CV.CV,N,45.869,1.671,4.662,0,2.6
autoritário,authoritarian,3.85,1.96,2.96,1.36,3.96,1.34,11,5,VV.CV.CV.CV.CVV,ADJ,4.363,0.729,3.64,1,3.25
autorização,authorization,3.57,2.04,3.93,1.81,5.23,1.18,11,5,VV.CV.CV.CV.CVV,N,49.313,1.702,4.693,1,2.55
auxílio,aid,3.85,1.84,3.5,1.77,4.4,1.15,7,3,VV.CV.CVV,N,21.911,1.36,4.341,1,2.6
avalanche,avalanche,6.14,1.27,5.79,1.26,2.75,1.07,9,4,V.CV.CVC.CCV,N,2.452,0.538,3.39,1,3.15
avaliação,evaluation,3.89,1.66,3.56,2.05,5.69,1.25,9,5,V.CV.CV.V.CVV,N,63.661,1.811,4.804,1,2.1
avanço,advance,3.39,1.72,2.95,1.52,4.52,1.35,6,3,V.CVC.CV,"N,V",34.026,1.544,4.532,1,1.85
avarento,miser,2.77,1.4,3.02,1.27,2.26,1.1,8,4,V.CV.CVC.CV,"ADJ,N",0.43,0.155,2.633,3,1.9
avareza,greed,3.21,1.75,2.83,1.83,2.28,0.98,7,4,V.CV.CV.CV,N,0.586,0.2,2.768,0,2.25
avaria,breakdown,4.23,1.72,3.98,1.94,4.02,1.51,6,4,V.CV.CV.V,"N,V",9.419,1.018,3.974,5,1.4
ave,bird,5.51,1.84,6.3,1.01,4.74,1.42,3,2,V.CV,"INT,N",10.953,1.078,4.04,12,1.15
avelã,hazelnut,5.38,2.2,6.66,0.71,3.12,0.94,5,3,V.CV.CV,N,0.142,0.058,2.151,0,1.95
avenida,avenue,5.65,1.54,5.53,1.27,5.14,1.26,7,4,V.CV.CV.CV,N,22.023,1.362,4.343,0,1.9
avental,apron,5.2,2.05,6.33,1.19,4.19,1.62,7,3,V.CVC.CVC,N,1.231,0.349,3.09,2,1.85
aventura,adventure,4.57,1.7,3.4,1.9,4.54,1.31,8,4,V.CVC.CV.CV,"N,V",32.81,1.529,4.516,3,1.65
avestruz,ostrich,6.39,1.13,6.51,1.02,2.66,1.01,8,3,V.CVC.CCVC,N,1.324,0.366,3.122,0,3.1
aviação,aviation,4.82,1.94,4.34,1.55,3.04,1.16,7,4,V.CV.V.CVV,N,11.329,1.091,4.054,2,1.85
avião,airplane,6.3,1.23,6.84,0.37,4.29,1.59,5,3,V.CV.VV,N,53.646,1.738,4.73,2,1.75
avioneta,small aeroplane,6.17,1.09,6.42,1.01,3.16,1.22,8,5,V.CV.V.CV.CV,N,0.977,0.296,2.99,1,2.6
aviso,warning,4.17,1.94,4.03,2.02,5.53,1.3,5,3,V.CV.CV,"N,V",29.718,1.487,4.473,5,1.5
avô,grandfather,5.98,1.49,6.21,1.22,4.77,1.8,3,2,V.CV,N,10.44,1.058,4.019,5,1.7
azar,mishap,3.22,1.93,3.02,1.82,5.12,1.39,4,2,V.CVC,N,12.14,1.119,4.084,7,1.45
azedo,sour,3.79,2.02,3.88,1.75,4.07,1.56,5,3,V.CV.CV,"ADJ,N,V",0.826,0.261,2.917,4,1.6
azeite,olive oil,5.59,1.98,6.6,0.65,5.5,1.24,6,3,V.CVV.CV,"N,V",14.148,1.18,4.151,3,1.8
azeitona,olive,6.5,1,6.71,0.56,4.24,1.43,8,4,V.CVV.CV.CV,N,1.817,0.45,3.259,0,2.7
azul,blue,6.25,1.09,5.79,1.51,5.79,1.16,4,2,V.CVC,"ADJ,N",38.394,1.595,4.584,1,1.9
azulejo,tile,5.47,1.94,6.51,0.91,3.26,1.23,7,4,V.CV.CV.CV,"N,V",3.366,0.64,3.527,0,2.55
bacalhau,codfish,5.7,1.88,6.23,1.2,4.14,1.02,8,3,CV.CV.CCVV,N,14.71,1.196,4.168,0,2.35
bacia,basin,5.13,1.97,6.02,1.27,3.95,1.6,5,3,CV.CV.V,N,10.484,1.06,4.021,6,1.6
bacon,bacon,5.37,2.17,6.6,0.71,4.04,1.43,5,2,CV.CVC,N,0.811,0.258,2.909,0,NA
bagageira,luggage,5.05,1.87,5.21,1.86,2.93,1.24,9,4,CV.CV.CVV.CV,N,2.531,0.548,3.403,2,2.3
bagagem,baggage,6,1.2,5.69,1.59,3.74,1.37,7,3,CV.CV.CVC,N,5.921,0.84,3.772,0,2.05
bagunça,mess,5.21,1.58,4.14,1.85,4.14,1.82,7,3,CV.CVC.CV,N,0.415,0.151,2.618,0,2.55
bailarino,dancer,6.02,1.5,6.16,1.22,3.19,1.2,9,4,CVV.CV.CV.CV,N,3.728,0.675,3.571,2,2.6
baile,prom,5.27,1.48,4.79,1.54,3.36,1.48,5,2,CVV.CV,"N,V",8.408,0.974,3.925,4,1.5
bairro,neighbourhood,5.18,1.79,5.52,1.37,4.34,1.37,6,2,CVVC.CV,N,62.982,1.806,4.799,0,1.9
baixo,low,4.62,1.85,4,1.89,6.11,1.03,5,2,CVV.CV,"ADJ,ADV,N,V",47.647,1.687,4.678,4,1.55
bala,bullet,5.82,1.71,6.27,1.02,3.86,1.5,4,2,CV.CV,"N,V",7.978,0.953,3.902,26,1
balança,scale,5.44,1.99,6.07,1.21,4.29,1.19,7,3,CV.CVC.CV,"N,V",13.948,1.175,4.145,2,1.7
balanço,swing,3.69,1.84,3.17,1.53,4.09,1.45,7,3,CV.CVC.CV,"N,V",56.719,1.761,4.754,3,1.65
balão,balloon,6.47,0.96,6.34,1.21,3.67,1.09,5,2,CV.CVV,N,7.02,0.904,3.846,11,1.2
balcão,counter,5.48,1.93,6.44,0.88,4.68,1.53,6,2,CVC.CVV,N,12.272,1.123,4.089,4,1.7
balde,bucket,6.25,1.21,6.47,0.84,3.98,1.08,5,2,CVC.CV,"N,V",3.434,0.647,3.536,4,1.6
baleia,whale,5.75,1.94,6.68,0.69,3.25,1.32,6,3,CV.CVV.V,"N,V",4.001,0.699,3.602,6,1.5
baliza,goal,6.45,1.09,6.57,0.77,4.61,1.25,6,3,CV.CV.CV,"N,V",35.145,1.558,4.546,1,1.7
balneário,changing room,5.71,1.44,6.04,1.28,4.14,1.46,9,4,CVC.CV.V.CVV,"ADJ,N",3.859,0.687,3.587,1,2.7
baloiço,skijump,6.02,1.48,6.07,1.53,3.55,1.45,7,3,CV.CVV.CV,"N,V",0.459,0.164,2.662,2,1.8
bambu,bamboo,5.06,1.95,5.72,1.91,2.62,1.03,5,2,CVC.CV,N,1.163,0.335,3.066,2,1.85
banal,banal,2.42,1.19,3.05,1.08,3.98,1.4,5,2,CV.CVC,ADJ,5.76,0.83,3.76,5,1.6
banana,banana,6.37,1.13,6.53,0.93,5.2,1.26,6,3,CV.CV.CV,"ADJ,N",3.332,0.637,3.523,3,1.75
banca,banking,4.63,2,5.54,1.35,4.23,1.57,5,2,CVC.CV,"N,V",27.597,1.456,4.441,11,1.1
bancada,row,5.18,1.94,6.13,1.11,4.16,1.42,7,3,CVC.CV.CV,N,47.261,1.684,4.675,4,1.75
bancário,bank clerk,5.4,1.37,5.51,1.58,3.62,1.24,8,3,CVC.CV.CVV,"ADJ,N",19.097,1.303,4.281,1,2.45
banco,bank,5.86,1.51,6.13,1.31,5.3,1.44,5,2,CVC.CV,"N,V",134.489,2.132,5.129,10,1.3
banda,band,5.57,1.87,5.35,1.53,4.84,1.53,5,2,CVC.CV,N,75.352,1.883,4.877,13,1.1
bandeira,flag,6.4,0.92,6.23,1.17,3.84,1.14,8,3,CVC.CVV.CV,"ADJ,N",33.416,1.537,4.524,1,1.8
bando,flock,4.45,1.81,4.76,1.53,3.33,1.22,5,2,CVC.CV,N,8.74,0.989,3.942,10,1.25
bandolim,mandolin,4.3,2.32,4.9,2.08,1.9,0.93,8,3,CVC.CV.CVC,N,1.138,0.33,3.056,1,2.7
banha,lard,4.65,1.83,5,1.82,3.75,1.61,5,2,CV.CCV,"N,V",1.588,0.413,3.201,11,1.2
banheira,bathtub,6.33,1.02,6.51,0.88,5.47,1.15,8,3,CV.CCVV.CV,N,2.027,0.481,3.307,2,1.85
banho,bath,5.77,1.38,5.14,1.88,6.47,0.71,5,2,CV.CCV,"N,V",29.757,1.488,4.474,14,1.1
bar,pub,5.79,1.54,6,1.15,5.3,1.46,3,1,CVC,N,31.872,1.517,4.503,6,1.65
barata,cockroach,5.35,1.9,5.66,1.62,4.19,1.69,6,3,CV.CV.CV,"ADJ,N",11.984,1.113,4.079,5,1.7
barato,cheap,3.84,1.92,3.79,1.91,5.8,1.13,6,3,CV.CV.CV,"ADJ,N",14.563,1.192,4.163,3,1.8
barba,beard,6.1,1.32,6.46,0.88,4.86,1.21,5,2,CVC.CV,N,7.528,0.931,3.877,7,1.5
barco,boat,6.53,0.8,6.53,0.88,3.79,1.19,5,2,CVC.CV,N,42.082,1.634,4.624,10,1.4
barra,bar,4.72,2.01,5.7,1.41,4.12,1.56,5,2,CVC.CV,"N,V",19.131,1.304,4.282,17,1
barraca,shack,5.95,1.05,5.93,1.36,3.62,1.57,7,3,CVC.CV.CV,N,7.142,0.911,3.854,7,1.55
barragem,dam,5.46,1.79,6.36,0.94,3.06,0.86,8,3,CVC.CV.CVC,N,29.21,1.48,4.466,3,1.85
barreira,barrier,4.98,1.8,4.88,1.97,3.55,1.07,8,3,CVC.CVV.CV,N,18.897,1.299,4.276,4,1.75
barriga,belly,5.8,1.55,6.41,0.87,5.75,1.24,7,3,CVC.CV.CV,N,7.182,0.913,3.856,1,1.85
barril,barrel,5.55,1.91,6.39,0.81,3.36,1.47,6,2,CVC.CVC,N,3.913,0.691,3.593,3,1.8
barro,clay,5.08,2.1,5.98,1.43,2.91,0.87,5,2,CVC.CV,"N,V",8.036,0.956,3.905,17,1
barulhento,noisy,4.38,1.92,3.86,1.68,5.05,1.31,10,4,CV.CV.CCVC.CV,ADJ,0.694,0.229,2.841,1,2.55
barulho,fuss,4.8,2.06,4.09,1.91,6.05,1.21,7,3,CV.CV.CCV,"N,V",14.92,1.202,4.174,3,1.75
básico,basic,2.29,1.21,3.18,1.84,5.28,1.33,6,3,CV.CV.CV,ADJ,27.949,1.462,4.446,2,1.8
basquetebol,basketball,5.9,1.45,5.84,1.4,3.6,1.41,11,4,CVC.CVV.CV.CVC,N,32.116,1.52,4.507,0,4.05
bastão,bat,4.44,2.13,6.17,1.33,2.81,1.27,6,2,CVC.CVV,N,1.309,0.364,3.117,3,1.75
bastardo,bastard,3.13,1.67,4.2,1.73,2.75,1.21,8,3,CVC.CVC.CV,"ADJ,N",0.86,0.27,2.934,3,1.75
batalha,battle,5.73,1.16,4.81,1.88,3.46,1.5,7,3,CV.CV.CCV,"N,V",54.262,1.742,4.735,3,1.65
batata,potato,5.56,1.89,6.8,0.4,5.55,1.09,6,3,CV.CV.CV,N,7.567,0.933,3.879,4,1.7
batedeira,mixer,5.85,1.46,6.43,0.97,3.53,1.39,9,4,CV.CV.CVV.CV,N,0.108,0.044,2.031,0,2.4
bateria,battery/drum set,5.67,1.56,6.07,1.37,5.68,1.27,7,4,CV.CV.CV.V,"N,V",12.321,1.125,4.091,1,1.7
baú,trunk,5.93,1.5,6.28,1.11,3.05,1.19,3,2,CV.V,N,0.992,0.299,2.996,3,1.8
bêbado,drunk,5.42,1.9,5.3,1.79,4.21,1.37,6,3,CV.CV.CV,"ADJ,N",2.052,0.485,3.312,3,1.8
bebé,baby,6.52,0.9,6.46,0.97,4.83,1.45,4,2,CV.CV,N,16.879,1.252,4.227,4,1.75
bebida,drink,5.71,1.31,5.82,1.13,6.38,0.73,6,3,CV.CV.CV,"ADJ,N,V",7.191,0.913,3.857,1,1.85
beco,alley,4.83,2.06,4.83,1.68,3.42,1.24,4,2,CV.CV,N,3.415,0.645,3.533,10,1.4
begónia,begonia,4.15,2.36,4.41,2.3,1.84,0.73,7,3,CV.CV.CVV,N,0.054,0.023,1.73,0,2.85
beijo,kiss,6.34,0.95,5.5,1.81,6.25,1,5,2,CVV.CV,"N,V",6.19,0.857,3.792,4,1.65
beleza,beauty,5.02,1.76,3.73,2.08,5.28,1.33,6,3,CV.CV.CV,N,33.001,1.532,4.519,0,1.95
beliche,bunk,5.42,1.85,6.65,0.78,2.56,0.86,7,3,CV.CV.CCV,N,0.489,0.173,2.689,0,2.55
beliscão,pinch,4.98,1.93,5,1.93,3.08,1.15,8,3,CV.CVC.CVV,N,0.181,0.072,2.257,0,2.45
belo,beautiful,4.6,1.8,3.03,2.06,4.55,1.17,4,2,CV.CV,"ADJ,N",21.027,1.343,4.323,12,1.2
bênção,blessing,3.24,1.79,2.67,1.36,3.02,1.07,6,2,CVC.CVV,N,7.094,0.908,3.851,0,2.3
benéfico,beneficial,3.03,1.74,3.13,1.63,4.31,1.43,8,4,CV.CV.CV.CV,ADJ,2.614,0.558,3.417,1,2.5
benevolente,benevolent,3,1.76,2.52,1.48,3.18,1.3,11,5,CV.CV.CV.CVC.CV,ADJ,1.08,0.318,3.033,0,3.55
bengala,crutch,5.95,1.55,6.4,1.01,3.05,1.23,7,3,CVC.CV.CV,N,2.589,0.555,3.413,2,2.05
bengaleiro,hallstand,5.32,1.85,6.34,1.23,3.04,1.3,10,4,CVC.CV.CVV.CV,N,0.293,0.112,2.467,0,2.9
berbequim,electric drill,4.97,2.37,6.51,1.1,2.56,1.03,9,3,CVC.CV.CVVC,N,0.42,0.152,2.623,0,3.75
beringela,eggplant,5.21,2.19,6.07,1.51,3.19,1.3,9,4,CV.CVC.CV.CV,N,0.166,0.067,2.22,0,3.6
besouro,maybug,4.59,2.19,6.19,1.21,2.41,0.94,7,3,CV.CVV.CV,N,0.122,0.05,2.087,2,2.1
besta,beast,4.56,2.05,3.93,1.92,4.29,1.85,5,2,CVC.CV,"ADJ,N",2.15,0.498,3.332,14,1.15
betão,concrete,4.88,2.02,5.8,1.32,2.68,0.86,5,2,CV.CVV,N,11.901,1.111,4.076,3,1.75
beterraba,beetroot,5.18,2.18,6.32,1.24,2.48,1.06,9,4,CV.CVC.CV.CV,N,1.827,0.451,3.262,0,2.85
biblioteca,library,5.74,1.55,6.21,1.1,4.91,1.23,10,5,CV.CCV.V.CV.CV,N,24.446,1.406,4.388,0,3.7
bicicleta,bicycle,6.13,1.32,6.7,0.63,4.32,1.55,9,4,CV.CV.CCV.CV,N,15.609,1.22,4.193,0,3.75
bico,beak,4.9,1.91,5.87,1.47,3.86,1.51,4,2,CV.CV,"N,V",4.343,0.728,3.638,9,1.35
bife,steak,6.18,1.52,6.61,0.77,5.45,1.13,4,2,CV.CV,"N,V",3.112,0.614,3.493,4,1.75
bigorna,anvil,4.25,2.23,4.71,2.14,1.81,0.79,7,3,CV.CVC.CV,N,0.264,0.102,2.421,0,2.75
bilhete,ticket,5.73,1.56,6.35,0.99,4.93,1.36,7,3,CV.CCV.CV,N,18.496,1.29,4.267,0,2.45
biografia,biography,3.95,1.83,4.67,1.83,3.87,1.38,9,5,CV.V.CCV.CV.V,N,11.74,1.105,4.07,0,2
biológico,biological,3.81,1.77,3.88,1.83,3.91,1.47,9,5,CV.V.CV.CV.CV,ADJ,3.772,0.679,3.577,1,1.9
biólogo,biologist,4.4,1.96,5.52,1.51,3.3,1.56,7,4,CV.V.CV.CV,N,3.381,0.642,3.529,1,1.9
biombo,folding screen,4.65,2,5.33,1.76,2.07,1.04,6,3,CV.VC.CV,N,1.104,0.323,3.043,0,1.85
bisbilhotice,gossip,3.71,2.04,3.3,1.85,3.61,1.72,12,5,CVC.CV.CCV.CV.CV,N,0.313,0.118,2.495,0,3.6
biscoito,biscuit,6.17,1.35,6.25,1.23,4.68,1.55,8,3,CVC.CVV.CV,"N,V",0.156,0.063,2.194,1,2.65
bisonte,bison,4.82,2.28,6.1,1.45,2.18,0.82,7,3,CV.CVC.CV,N,0.127,0.052,2.104,0,2.5
bispo,bishop,5.37,1.81,6.46,0.76,3.14,1.33,5,2,CVC.CV,N,45.986,1.672,4.663,2,1.85
bisturi,scalpel,5.27,2.1,6.37,1.31,2.71,1.3,7,3,CVC.CV.CV,N,0.518,0.181,2.714,0,2.7
bizarro,bizarre,2.92,1.63,2.6,1.43,3.26,1.38,7,3,CV.CVC.CV,ADJ,3.488,0.652,3.543,1,2.35
blasfémia,blasphemy,2.81,1.91,2.82,1.73,2.46,1.09,9,3,CCVC.CV.CVV,N,1.119,0.326,3.049,0,3.25
bloco,block,4.98,1.8,5.6,1.39,4.53,1.7,5,2,CCV.CV,N,32.649,1.527,4.514,3,1.65
bloqueio,blockade,3.62,1.93,3.78,1.65,4.22,1.5,8,3,CCV.CVVV.V,"N,V",20.914,1.341,4.32,2,2.15
blusa,blouse,6.32,1.15,6.2,1.19,4.98,1.47,5,2,CCV.CV,N,1.236,0.35,3.092,1,1.85
boca,mouth,6.69,0.71,6.47,0.91,6.11,0.92,4,2,CV.CV,"INT,N,V",45.048,1.663,4.654,18,1
bocado,bit,3.77,1.94,3.65,2.02,5.89,1.42,6,3,CV.CV.CV,N,25.243,1.419,4.402,8,1.45
bode,billy goat,5.26,2.09,6.44,0.98,2.33,0.99,4,2,CV.CV,N,4.05,0.703,3.608,11,1.25
bofetada,slap,5.84,1.51,5.24,1.56,3.64,1.59,8,4,CV.CV.CV.CV,N,1.886,0.46,3.276,0,2.7
boi,ox,5.69,2.02,6.76,0.58,4.14,1.41,3,1,CVV,N,2.746,0.574,3.439,7,1.55
boicote,boycott,3.59,2.08,3.04,1.67,2.71,1.03,7,3,CVV.CV.CV,"N,V",16.278,1.238,4.212,1,2.15
bola,ball,6.13,1.57,6.68,0.54,5.61,1.33,4,2,CV.CV,"N,V",83.891,1.929,4.924,19,1
bolacha,cookie,5.97,1.45,6.66,0.62,6.25,0.93,7,3,CV.CV.CCV,N,0.635,0.214,2.803,1,2.15
boletim,bulletin,4.79,1.83,5.51,1.67,4.04,1.45,7,3,CV.CV.CVC,N,11.49,1.097,4.06,0,2.5
bolha,blister,5.34,1.88,5.16,1.74,4,1.43,5,2,CV.CCV,"N,V",0.865,0.271,2.937,11,1.3
bolo,cake,6.53,0.84,6.63,0.65,5,1.36,4,2,CV.CV,"N,V",9.937,1.039,3.997,15,1
bolor,mildew,4.85,2.03,5.78,1.46,3.13,1.11,5,2,CV.CVC,N,0.674,0.224,2.829,2,1.8
bolsa,purse,5.31,1.83,5.79,1.24,5.32,1.55,5,2,CVC.CV,"N,V",69.289,1.847,4.841,5,1.5
bolso,pocket,5.79,1.45,5.79,1.25,5.5,1.19,5,2,CVC.CV,"N,V",14.358,1.186,4.157,8,1.45
bom,good,3.81,1.86,3.02,1.82,6.48,0.83,3,1,CVC,"ADJ,INT,N",256.017,2.41,5.408,11,1.4
bomba,bomb,6.12,1.11,6,1.12,3.96,1.65,5,2,CVC.CV,N,32.194,1.521,4.508,10,1.35
bombardeiro,bomber,4.55,1.97,4.76,1.94,2.14,1,11,4,CVC.CVC.CVV.CV,N,0.689,0.228,2.838,1,2.1
bombeiro,fireman,6.08,1.43,6.52,0.74,3.83,1.34,8,3,CVC.CVV.CV,N,6.361,0.867,3.804,2,1.8
bondade,goodness,3.68,2.04,2.74,1.96,4.46,1.57,7,3,CVC.CV.CV,N,6.615,0.882,3.821,0,2
boné,cap,6.22,1.42,6.6,0.87,3.82,1.71,4,2,CV.CV,N,3.141,0.617,3.497,1,1.9
boneco,doll,5.65,1.87,6.44,0.79,4.51,1.39,6,3,CV.CV.CV,N,3.776,0.679,3.577,1,1.9
bonito,pretty,4.97,1.81,3.5,1.92,5.82,1.22,6,3,CV.CV.CV,"ADJ,N",18.247,1.284,4.261,2,1.8
bónus,bonus,3.67,1.99,3.47,1.64,3.84,1.33,5,2,CV.CVC,N,3.772,0.679,3.577,1,2.05
borboleta,butterfly,6.5,0.98,6.51,0.87,3.84,1.42,9,4,CVC.CV.CV.CV,N,1.309,0.364,3.117,0,2.6
borracha,rubber,5.72,1.98,6.41,0.89,5.64,1.2,8,3,CVC.CV.CCV,"ADJ,N",5.926,0.841,3.773,1,2.25
bosta,shit,5.03,2.05,5.31,1.81,3.71,1.88,5,2,CVC.CV,"INT,N",0.327,0.123,2.515,7,1.5
bota,boot,5.49,2,6.57,0.83,5.24,1.58,4,2,CV.CV,"ADJ,N,V",3.659,0.668,3.563,22,1
botão,button,6.33,0.99,6.51,0.97,5.04,1.46,5,2,CV.CVV,N,4.92,0.772,3.692,7,1.6
boxe,boxing,5.66,1.57,5.77,1.44,3.13,1.1,4,2,CV.CV,N,4.46,0.737,3.649,6,1.55
braço,arm,6.05,1.51,6.5,0.91,5.88,1.18,5,2,CCV.CV,N,40.627,1.619,4.609,6,1.5
branco,white,5.3,2.11,5.41,1.93,5.43,1.31,6,2,CCVC.CV,"ADJ,N",66.602,1.83,4.824,5,1.65
breve,soon,2.79,1.55,3.1,1.75,4.95,1.42,5,2,CCV.CV,"ADJ,ADV,N",81.292,1.915,4.91,2,1.8
brigada,brigade,4.72,1.9,4.73,1.66,3.68,1.56,7,3,CCV.CV.CV,"N,V",10.914,1.076,4.038,4,1.65
brilhante,sparkling,4.98,1.78,3.62,2.17,5.3,1.55,9,3,CCV.CCVC.CV,"ADJ,N",22.282,1.367,4.348,1,2.3
brilho,shine,4.69,1.79,3.95,1.85,4.84,1.18,6,2,CCV.CCV,"N,V",13.459,1.16,4.129,3,1.75
brincadeira,play,5.03,1.73,4.03,1.85,6.02,0.98,11,4,CCVC.CV.CVV.CV,N,10.381,1.056,4.016,1,2.8
brinquedo,toy,5.57,1.53,6.09,1.01,4.82,1.69,9,3,CCVC.CVV.CV,N,3.097,0.613,3.491,0,2.6
brisa,breeze,4.16,1.85,4.26,1.79,3.64,1.3,5,2,CCV.CV,N,14.705,1.196,4.168,6,1.55
britânico,British,4.67,1.84,4.84,1.92,3.1,1.27,9,4,CCV.CV.CV.CV,"ADJ,N",77.057,1.892,4.887,1,2.6
brócolos,broccoli,5.96,1.38,6.58,0.65,3.79,1.45,8,3,CCV.CV.CVC,N,0.371,0.137,2.57,0,2.9
bronze,bronze,5.23,1.72,5.27,1.54,3.78,1.45,6,2,CCVC.CV,N,18.823,1.297,4.275,0,1.95
brutal,brutal,3.77,1.71,3.05,1.76,4.65,1.76,6,2,CCV.CVC,ADJ,12.067,1.116,4.082,2,1.85
bruto,brute,4.3,1.8,3.42,1.81,4.75,1.35,5,2,CCV.CV,"ADJ,N",13.464,1.16,4.129,4,1.75
búfalo,buffalo,5.59,1.96,6.18,1.56,2.29,0.87,6,3,CV.CV.CV,N,0.533,0.185,2.726,1,2.6
buraco,hole,6.17,1.06,5.74,1.46,4.93,1.33,6,3,CV.CV.CV,N,20.724,1.337,4.317,1,1.85
burla,swindle,3.56,1.9,3.4,1.64,3.4,1.47,5,2,CVC.CV,"N,V",8.847,0.993,3.947,5,1.45
burocracia,bureaucracy,3.61,1.88,3.31,1.95,3.35,1.14,10,5,CV.CV.CCV.CV.V,N,12.482,1.13,4.096,1,2.65
burro,donkey,6.39,1.17,5.91,1.63,4.89,1.57,5,2,CVC.CV,"ADJ,N",5.296,0.799,3.724,8,1.45
busca,quest,3,1.71,3.38,1.63,4.35,1.54,5,2,CVC.CV,"N,V",43.494,1.648,4.638,5,1.5
bússola,compass,6.03,1.5,6.47,0.93,2.92,1.09,7,3,CVC.CV.CV,N,1.29,0.36,3.111,0,2.85
busto,bust,4.76,1.72,5.08,1.68,2.58,1.08,5,2,CVC.CV,N,2.536,0.549,3.404,5,1.65
cabana,cottage,5.4,1.89,6,1.49,2.96,1.22,6,3,CV.CV.CV,N,1.944,0.469,3.289,7,1.5
cabeça,head,6.25,1.19,6.47,0.87,6.2,1,6,3,CV.CV.CV,N,148.988,2.176,5.173,4,1.7
cabelo,hair,6.13,1.38,6.79,0.49,6.25,1.01,6,3,CV.CV.CV,N,19.742,1.317,4.295,9,1.45
cabide,hanger,5.42,1.92,6.44,0.81,4.2,1.43,6,3,CV.CV.CV,N,0.381,0.14,2.581,3,1.8
cabra,goat,6.41,0.99,6.53,0.89,4.22,1.56,5,2,CV.CCV,N,2.975,0.599,3.474,5,1.55
caça,hunting,4.83,1.63,4.98,1.71,3.25,1.08,4,2,CV.CV,"N,V",37.896,1.59,4.579,23,1
caçadeira,shotgun,5.78,1.53,6.46,0.97,2.9,1.23,9,4,CV.CV.CVV.CV,"ADJ,N",5.711,0.827,3.757,1,1.85
caçador,hunter,6.02,1.32,5.93,1.43,3.18,1.16,7,3,CV.CV.CVC,"ADJ,N",4.553,0.745,3.658,5,1.65
cação,smooth-hound fish,3.6,2.22,4.53,1.95,1.93,1.06,5,2,CV.CVV,N,0.445,0.16,2.648,9,1.35
caçarola,sauce pan,5.21,1.94,5.91,1.42,2.95,1.33,8,4,CV.CV.CV.CV,N,0.347,0.129,2.54,1,2.3
cacau,cocoa,5.37,1.79,6.02,1.05,3.36,1.17,5,2,CV.CVV,N,1.773,0.443,3.249,1,1.9
cachecol,scarf,5.72,1.58,6.76,0.55,4.18,1.5,8,3,CV.CCV.CVC,N,0.875,0.273,2.942,0,3
cachimbo,pipe,5.73,1.65,6.77,0.47,2.66,1.1,8,3,CV.CCVC.CV,"N,V",1.681,0.428,3.226,1,2.4
cacifo,locker,6.19,1.33,6.28,1.17,3.61,1.44,6,3,CV.CV.CV,N,0.225,0.088,2.352,1,1.85
cacto,cactus,5.51,1.96,6.58,0.78,2.65,1.08,5,2,CVC.CV,N,0.259,0.1,2.413,10,1.25
cadáver,corpse,5.42,1.92,6.14,1.14,3.41,1.51,7,3,CV.CV.CVC,N,13.943,1.174,4.144,0,2.95
cadeado,padlock,5.51,2.15,6.33,0.94,3.36,1.25,7,4,CV.CV.V.CV,N,1.446,0.389,3.16,3,1.75
cadeia,jail,5.53,1.49,5.84,1.24,3.71,1.55,6,3,CV.CVV.V,N,50.656,1.713,4.705,3,1.65
cadeira,chair,5.76,2,6.71,0.59,6.2,1.07,7,3,CV.CVV.CV,N,21.872,1.359,4.34,9,1.35
cadeirão,large chair,5.26,1.97,6.58,0.77,2.91,1.17,8,3,CV.CVV.CVV,N,0.938,0.287,2.972,0,1.95
cadela,bitch,6.05,1.41,6.61,0.73,4.64,1.68,6,3,CV.CV.CV,N,1.549,0.406,3.19,4,1.7
caderno,notebook,6.02,1.42,6.64,0.8,6.4,0.89,7,3,CV.CVC.CV,N,13.826,1.171,4.141,0,1.95
café,coffee,5.95,1.49,6.51,0.63,6.61,0.68,4,2,CV.CV,N,36.777,1.577,4.566,0,1.95
cais,quay,4.92,2.07,5.45,1.98,2.8,0.96,4,1,CVVC,"N,V",18.076,1.281,4.257,14,1
caixa,box,5.48,1.92,6.58,0.74,5.45,1.15,5,2,CVV.CV,N,52.278,1.727,4.718,3,1.7
caixão,coffin,5.45,2.19,6.24,1.19,2.96,0.97,6,2,CVV.CVV,N,4.026,0.701,3.605,3,1.85
caixote,cardboard box,5.68,1.68,6.18,1.21,5,1.62,7,3,CVV.CV.CV,N,3.288,0.632,3.517,1,2.25
caju,cashew nut,4.95,2.05,6.31,1.06,2.35,1.11,4,2,CV.CV,N,0.42,0.152,2.623,1,1.85
calcanhar,heel,5.23,2.07,6.3,0.96,4.11,1.52,9,3,CVC.CV.CCVC,N,2.682,0.566,3.429,0,2.55
calças,trouser,6.75,0.61,6.53,0.9,6.46,0.63,6,2,CVC.CVC,"N,V",12.321,1.125,4.091,8,1.3
cálcio,calcium,3.63,1.89,4.69,2.06,3.82,1.31,6,2,CVC.CVV,N,2.741,0.573,3.438,0,2.2
calções,shorts,5.98,1.52,6.49,0.76,4.51,1.4,7,2,CVC.CVVC,N,3.713,0.673,3.57,5,1.65
cálculo,calculation,4.49,2.09,4.28,1.75,5.29,1.41,7,3,CVC.CV.CV,N,17.553,1.268,4.244,1,2.25
caldeira,boiler,4.92,2.03,6.07,1.18,2.64,1.09,8,3,CVC.CVV.CV,N,2.838,0.584,3.453,1,1.75
calendário,calendar,5.75,1.39,6.09,1.18,5.33,1.19,10,4,CV.CVC.CV.CVV,N,38.677,1.599,4.588,0,2.8
cálice,chalice,5.18,1.88,6.28,0.96,3.04,1.32,6,3,CV.CV.CV,N,1.822,0.451,3.261,0,1.95
calma,calm,3.69,1.93,3.14,1.71,6.22,1.07,5,2,CVC.CV,"ADJ,N,V",25.599,1.425,4.408,10,1.1
calmo,leisurely,3.61,1.79,3.47,1.73,5.67,1.15,5,2,CVC.CV,"ADJ,V",11.187,1.086,4.049,11,1.2
calor,heat,4.77,2.02,4.21,1.87,5.87,1.36,5,2,CV.CVC,N,34.246,1.547,4.535,5,1.7
caloroso,warm,4.17,1.75,3.74,1.77,3.86,1.44,8,4,CV.CV.CV.CV,ADJ,1.466,0.392,3.166,2,1.85
cama,bed,6.37,1.12,6.68,0.74,6.73,0.49,4,2,CV.CV,N,25.018,1.415,4.398,24,1
camada,layer,3.9,1.84,4.24,1.65,3.93,1.63,6,3,CV.CV.CV,N,10.846,1.074,4.035,13,1
camaleão,chameleon,6.26,1.25,6.39,1.04,2.67,0.82,8,4,CV.CV.CV.VV,N,0.66,0.22,2.819,0,2.65
câmara,chamber,5.76,1.56,6,1.3,4.78,1.41,6,3,CV.CV.CV,N,307.601,2.489,5.488,2,1.85
camarada,comrade,4.11,1.66,4.47,1.66,3.4,1.55,8,4,CV.CV.CV.CV,"ADJ,N",7.221,0.915,3.859,1,1.8
câmbio,exchange,2.89,1.57,3.84,1.88,3.04,1.22,6,2,CVC.CVV,N,11.901,1.111,4.076,1,2.2
camelo,camel,6.1,1.54,6.49,0.96,3.13,1.02,6,3,CV.CV.CV,N,1.236,0.35,3.092,4,1.7
camião,truck,5.45,2.06,6.77,0.51,4.96,1.45,6,3,CV.CV.VV,N,16.473,1.242,4.217,2,1.85
caminho,path,5.5,1.48,5.48,1.46,5.82,1.24,7,3,CV.CV.CCV,"N,V",159.604,2.206,5.203,7,1.4
camioneta,bus,6.31,1.02,6.58,0.86,5.35,1.44,9,5,CV.CV.V.CV.CV,N,4.89,0.77,3.689,1,2.4
camisa,shirt,5.95,1.56,6.53,0.8,5.68,1.15,6,3,CV.CV.CV,N,9.922,1.038,3.997,1,1.9
camisola,sweater,6.27,1.03,6.78,0.56,6.24,0.82,8,4,CV.CV.CV.CV,N,18.388,1.288,4.265,0,2.7
campanha,campaign,4.24,1.97,3.61,1.74,3.81,1.44,8,3,CVC.CV.CCV,N,204.286,2.312,5.31,1,1.75
campeão,champ,5.31,1.82,4.73,1.88,4.72,1.54,7,3,CVC.CV.VV,N,59.958,1.785,4.778,1,1.85
campeonato,championship,4.85,1.94,4.33,1.74,4.84,1.61,10,5,CVC.CV.V.CV.CV,N,110.824,2.049,5.045,0,3.35
campo,field,6,1.24,6.05,1.21,4.82,1.39,5,2,CVC.CV,"N,V",183.025,2.265,5.263,4,1.6
camponês,peasant,5.31,1.77,5.5,1.44,2.78,1.03,8,3,CVC.CV.CVC,"ADJ,N",2.594,0.556,3.414,0,2.45
cana,cane,4.69,2.14,6.11,1.22,2.95,1.13,4,2,CV.CV,N,2.892,0.59,3.461,26,1
canal,channel,4.74,1.97,4.61,1.8,5.54,1.48,5,2,CV.CVC,N,107.087,2.034,5.03,7,1.5
canário,canary,6.07,1.32,6.57,0.83,3.34,1.34,7,3,CV.CV.CVV,N,0.733,0.239,2.865,2,1.85
canção,song,5.16,1.75,4.77,1.7,5.54,1.46,6,2,CVC.CVV,N,27.983,1.462,4.447,5,1.7
cancro,cancer,4.42,2.03,4.93,1.93,4.11,1.46,6,2,CVC.CCV,N,32.6,1.526,4.513,1,1.9
candeeiro,lamp,6.52,0.73,6.67,0.67,4.95,1.59,9,4,CVC.CV.VV.CV,N,2.448,0.538,3.389,0,2.35
candidato,candidate,4.26,1.9,4.52,1.71,4.13,1.47,9,4,CVC.CV.CV.CV,"ADJ,N,V",142.423,2.157,5.154,2,2.25
candidatura,application,4.15,1.97,4.49,1.76,3.97,1.38,11,5,CVC.CV.CV.CV.CV,N,95.758,1.986,4.981,1,2.4
caneca,mug,5.58,1.94,6.33,1.23,5.27,1.5,6,3,CV.CV.CV,N,0.708,0.233,2.85,6,1.65
caneta,pen,6.31,1.16,6.73,0.8,6.68,0.66,6,3,CV.CV.CV,N,3.899,0.69,3.591,5,1.65
canguru,kangaroo,5.61,2,6.54,0.85,2.65,0.97,7,3,CVC.CV.CV,N,0.445,0.16,2.648,0,2.8
canhão,cannon,5.9,1.49,5.86,1.63,2.73,0.96,6,2,CV.CCVV,N,3.005,0.603,3.478,4,1.75
caniche,poodle,6.07,1.36,6.6,0.77,2.8,1,7,3,CV.CV.CCV,N,0.122,0.05,2.087,0,2.45
cano,tube,4.9,2.09,6.07,1.01,3.91,1.6,4,2,CV.CV,N,2.467,0.54,3.392,23,1
canoa,canoe,5.86,1.55,6.36,0.96,3.09,1.14,5,3,CV.CV.V,N,1.725,0.435,3.237,6,1.5
cansaço,tiredness,4.05,1.73,3.52,1.99,6.09,1.04,7,3,CVC.CV.CV,N,12.463,1.129,4.096,2,1.85
cansado,weary,4.23,1.85,3.61,1.99,6.18,0.97,7,3,CVC.CV.CV,"ADJ,V",11.525,1.098,4.062,5,1.55
cansativo,tiring,3.65,1.78,3.17,1.7,5.41,1.04,9,4,CVC.CV.CV.CV,ADJ,1.207,0.344,3.082,1,2.65
cântico,chant,4.38,1.79,4.42,1.68,3.22,1.21,7,3,CVC.CV.CV,N,1.197,0.342,3.078,1,1.9
cantiga,tune,4.32,1.91,4.48,1.74,3.64,1.45,7,3,CVC.CV.CV,N,1.861,0.457,3.27,2,1.8
canto,singing,4.45,1.8,4.78,1.94,5.16,1.35,5,2,CVC.CV,"N,V",42.923,1.643,4.633,17,1
cantor,singer,6.15,1.1,5.32,1.79,5.44,1.27,6,2,CVC.CVC,N,22.399,1.369,4.35,6,1.6
cão,dog,6.13,1.46,6.79,0.49,5.98,1.1,3,1,CVV,N,17.944,1.278,4.254,11,1.3
caos,chaos,4.22,1.8,3.37,1.59,4.09,1.64,4,1,CVVC,N,22.8,1.377,4.358,3,1.45
capa,cape,5.39,1.8,5.86,1.36,5.28,1.37,4,2,CV.CV,"N,V",18.452,1.289,4.266,27,1
capacete,helmet,6.22,1.12,6.55,0.89,3.82,1.34,8,4,CV.CV.CV.CV,N,4.314,0.725,3.635,1,2.4
capacidade,capacity,3.45,1.77,3.22,1.94,5.33,1.34,10,5,CV.CV.CV.CV.CV,N,166.962,2.225,5.223,1,2.4
capaz,able,3.36,1.93,2.88,1.76,5.64,1.25,5,2,CV.CVC,"ADJ,INT",94.893,1.982,4.977,6,1.65
capela,chapel,5.57,1.9,6.09,1.18,3.63,1.54,6,3,CV.CV.CV,N,15.623,1.221,4.194,6,1.55
capital,capital,4.1,2.01,3.82,1.87,4.4,1.62,7,3,CV.CV.CVC,"ADJ,N",316.961,2.502,5.501,2,1.85
capitalismo,capitalism,3.5,1.91,2.65,1.34,3.75,1.53,11,5,CV.CV.CV.CVC.CV,N,15.203,1.21,4.182,0,2.75
capitalista,capitalist,3.66,1.72,3.8,1.73,3.55,1.49,11,5,CV.CV.CV.CVC.CV,"ADJ,N",7.509,0.93,3.876,0,2.75
capitão,captain,5.57,1.47,5.58,1.46,3.37,1.54,7,3,CV.CV.CVV,N,28.53,1.47,4.455,1,1.9
capítulo,chapter,4.2,1.92,4.72,1.67,5.05,1.36,8,4,CV.CV.CV.CV,N,35.262,1.56,4.547,1,2.65
capote,cloak,4.47,2.11,5.05,1.79,2.23,1.04,6,3,CV.CV.CV,"N,V",3.044,0.607,3.483,4,1.6
capricho,infatuation,3.51,2.14,3.39,1.87,3.22,1.13,8,3,CV.CCV.CCV,"N,V",2.98,0.6,3.474,2,1.95
captação,catchment,2.63,1.41,3.11,1.65,3.25,1.24,8,3,CVC.CV.CVV,N,9.663,1.028,3.985,1,1.8
capuz,hood,5.44,1.95,5.96,1.41,3.47,1.64,5,2,CV.CVC,N,0.743,0.241,2.871,2,1.9
cara,face,6.03,1.33,6.18,1.08,6.09,1.12,4,2,CV.CV,"ADJ,N",53.035,1.733,4.725,25,1
caracol,snail,5.97,1.53,6.85,0.46,3.57,0.93,7,3,CV.CV.CVC,N,2.062,0.486,3.314,1,2.35
carácter,character,2.95,2.04,2.98,1.9,4.54,1.51,8,3,CV.CVC.CVC,N,82.333,1.921,4.916,1,2.8
caranguejo,crab,5.63,2.02,6.71,0.6,3.25,1.19,10,4,CV.CVC.CVV.CV,N,1.182,0.339,3.073,1,3.25
carapau,horse-mackerel,5.35,1.87,6.57,0.63,3.83,1.44,7,3,CV.CV.CVV,N,1.666,0.426,3.222,1,2.35
caravana,caravan,5.4,2,6.23,1.04,3.26,1.25,8,4,CV.CV.CV.CV,N,10.464,1.059,4.02,0,2.55
carbono,carbon,3.61,2,4.39,2.16,2.89,1.4,7,3,CVC.CV.CV,N,9.79,1.033,3.991,0,2.25
carcaça,carcass,4.74,2.01,5.87,1.26,2.75,1.05,7,3,CVC.CV.CV,N,1.3,0.362,3.114,2,1.8
cárcere,prison,3.1,2.11,4,2.17,1.68,0.86,7,3,CVC.CV.CV,N,1.363,0.374,3.135,0,2.8
cardeal,cardinal,4.67,1.91,5.77,1.43,4,1.76,7,3,CVC.CV.VC,"ADJ,N",11.378,1.093,4.056,1,1.95
cardíaco,cardiac,4.21,1.99,4.38,1.74,3.88,1.28,8,4,CVC.CV.V.CV,"ADJ,N",5.247,0.796,3.72,1,2.7
cardume,shoal,5.38,1.99,6.09,1.08,2.41,0.8,7,3,CVC.CV.CV,N,0.391,0.143,2.592,0,2.65
careca,bald,5.97,1.5,6.31,0.81,4.24,1.5,6,3,CV.CV.CV,"ADJ,N",2.697,0.568,3.431,9,1.4
carência,shortage,3.69,1.62,3.08,1.74,4.1,1.45,8,3,CV.CVC.CVV,N,7.865,0.948,3.896,1,2.15
careta,grimace,5.51,1.45,4.96,1.76,3.71,1.56,6,3,CV.CV.CV,"ADJ,N",0.674,0.224,2.829,10,1.3
carga,load,4.31,1.85,4.42,1.45,4.07,1.44,5,2,CVC.CV,N,41.887,1.632,4.622,12,1.25
cargo,job,3.16,1.57,3.56,1.66,4.05,1.57,5,2,CVC.CV,N,123.487,2.095,5.092,11,1.2
carícia,caress,4.78,1.66,4.11,1.78,4.28,1.52,7,3,CV.CV.CVV,N,0.767,0.247,2.885,1,1.95
caril,curry,4.52,2.05,5.9,1.16,2.57,0.92,5,2,CV.CVC,N,0.601,0.204,2.779,5,1.65
carinho,care,4.47,1.93,3.24,1.98,5.32,1.56,7,3,CV.CV.CCV,N,6.16,0.855,3.79,6,1.45
carnaval,carnival,5.78,1.42,4.93,1.8,2.43,0.72,8,3,CVC.CV.CVC,N,11.989,1.114,4.079,0,2.75
carne,meat,6.17,1.13,6.4,0.9,6.05,0.95,5,2,CVC.CV,"N,V",44.769,1.661,4.651,5,1.7
carneiro,sheep,6,1.54,6.33,1.04,3.54,1.2,8,3,CVC.CVV.CV,N,2.775,0.577,3.443,4,1.6
caro,expensive,3.51,2,3.54,1.96,5.54,1.43,4,2,CV.CV,"ADJ,ADV",25.096,1.417,4.4,21,1
carocha,ground beetle,5.67,1.62,5.69,1.43,2.65,1.21,7,3,CV.CV.CCV,N,0.767,0.247,2.885,1,1.85
caroço,lump,5.26,2.02,5.83,1.6,3.51,1.47,6,3,CV.CV.CV,N,0.366,0.136,2.564,2,1.85
carpa,carp,4.78,2.21,5.43,1.75,2.34,1.25,5,2,CVC.CV,"N,V",0.269,0.103,2.429,14,1
carpinteiro,carpenter,5.27,2.17,6.13,1.05,3.3,0.91,11,4,CVC.CVC.CVV.CV,N,2.257,0.513,3.354,1,2.65
carreira,career,3.74,2.1,3.85,1.88,4.6,1.47,8,3,CVC.CVV.CV,N,109.158,2.042,5.038,6,1.55
carril,rail,4.92,1.85,5.47,1.81,2.27,0.95,6,2,CVC.CVC,N,0.743,0.241,2.871,3,1.8
carrinha,van,6.02,1.42,6.58,0.69,4.72,1.58,8,3,CVC.CV.CCV,N,12.629,1.135,4.101,6,1.6
carro,car,5.57,2.07,6.55,0.96,6.59,0.66,5,2,CVC.CV,N,99.329,2.001,4.997,19,1
carroça,wagon,6.19,1.32,6.54,0.77,2.65,1.03,7,3,CVC.CV.CV,N,2.013,0.479,3.304,2,1.8
carruagem,wagon,5.61,1.69,6.21,1.2,2.84,1.08,9,4,CVC.CV.V.CVC,N,4.719,0.757,3.674,1,2.65
carta,letter,5.63,1.9,6.35,1.03,5.11,1.37,5,2,CVC.CV,N,126.198,2.105,5.101,15,1
cartão,card,5.95,1.36,6.3,1.11,5.96,1.13,6,2,CVC.CVV,N,39.527,1.608,4.597,4,1.75
cartaz,banner,5.7,1.38,5.96,1.22,4.46,1.4,6,2,CVC.CVC,N,20.098,1.324,4.303,1,1.9
carteira,wallet,5.61,1.86,6.73,0.56,6.18,1.15,8,3,CVC.CVV.CV,N,21.3,1.348,4.328,6,1.5
carteiro,mailman,5.69,1.71,6.27,1.04,4.24,1.39,8,3,CVC.CVV.CV,N,1.896,0.462,3.278,6,1.45
casa,house,6.36,1.19,6.7,0.69,6.67,0.64,4,2,CV.CV,"N,V",420.438,2.625,5.624,22,1
casaco,coat,5.81,1.98,6.73,0.45,6.19,0.83,6,3,CV.CV.CV,N,8.588,0.982,3.934,3,1.7
casado,married,4.61,2.04,4.81,1.96,4.55,1.39,6,3,CV.CV.CV,"ADJ,N,V",12.414,1.128,4.094,12,1.1
casal,couple,5.5,1.35,5.44,1.35,5.62,1.32,5,2,CV.CVC,N,46.997,1.681,4.672,8,1.45
casamento,wedding,6.12,1.1,4.92,1.88,3.98,1.26,9,4,CV.CV.CVC.CV,N,39.044,1.603,4.592,2,1.85
casca,bark,5.42,1.49,6.27,1.14,5.19,1.54,5,2,CVC.CV,"N,V",3.454,0.649,3.538,12,1.1
cascata,waterfall,5.92,1.31,6.16,1.14,3.14,1.11,7,3,CVC.CV.CV,N,2.702,0.568,3.432,2,1.85
casino,casino,5.92,1.29,6.19,1.15,3.28,1.52,6,3,CV.CV.CV,N,8.945,0.998,3.952,3,1.8
caso,case,2.9,1.73,3.28,1.7,5.42,1.38,4,2,CV.CV,"CONJ,N,V",676.459,2.831,5.83,18,1
cassete,cassette,6.17,1.13,6.46,0.88,2.56,1.15,7,3,CVC.CV.CV,N,7.196,0.914,3.857,0,2
castanha,chestnut,5.69,1.89,6.55,0.85,3.82,1.4,8,3,CVC.CV.CCV,"ADJ,N",2.785,0.578,3.445,1,1.85
castelo,castle,6.41,1.17,6.53,0.82,3.27,1.03,7,3,CVC.CV.CV,N,26.342,1.437,4.421,1,1.85
castigo,punishment,4.1,1.66,3.85,1.96,3.67,1.53,7,3,CVC.CV.CV,"N,V",18.105,1.281,4.258,3,1.75
casual,casual,3.08,1.69,3.16,1.7,4.23,1.5,6,3,CV.CV.VC,ADJ,1.71,0.433,3.233,2,1.85
catálogo,catalog,5.1,1.93,5.59,1.57,4.37,1.41,8,4,CV.CV.CV.CV,N,18.872,1.298,4.276,1,2.65
catástrofe,catastrophe,5.33,1.36,4.36,1.8,3.27,1.09,10,4,CV.CVC.CCV.CV,N,15.037,1.205,4.177,0,3.95
catastrófico,catastrophic,4.39,1.9,3.73,1.88,3.32,1.36,12,5,CV.CVC.CCV.CV.CV,ADJ,2.106,0.492,3.323,1,4
catatua,cockatoo,4.81,2.11,5.89,1.34,2.21,0.87,7,4,CV.CV.CV.V,N,0.083,0.035,1.92,1,2.25
católico,Catholic,4.6,1.91,3.49,1.97,4.07,1.33,8,4,CV.CV.CV.CV,"ADJ,N",15.115,1.207,4.179,2,2.15
cauda,tail,5.9,1.11,5.77,1.5,3.73,1.52,5,2,CVV.CV,N,6.507,0.876,3.813,6,1.5
caudal,caudal,4.29,1.93,4.26,1.95,2.73,0.94,6,2,CVV.CVC,"ADJ,N",8.315,0.969,3.92,2,1.85
caule,stalk,4.9,2.09,5.43,1.79,2.33,0.87,5,2,CVV.CV,N,0.308,0.117,2.488,1,1.85
cautela,caution,3.02,2,3.08,1.66,3.84,1.5,7,3,CVV.CV.CV,N,6.038,0.848,3.781,1,1.8
cavaleiro,knight,5.57,1.61,5.79,1.48,3.27,1.57,9,4,CV.CV.CVV.CV,N,8.52,0.979,3.93,2,1.8
cavalo,horse,6.14,1.44,6.72,0.53,3.76,1.33,6,3,CV.CV.CV,N,20.86,1.34,4.319,4,1.6
cavaquinho,little guitar,5.98,1.37,6.17,1.3,2.55,1.2,10,4,CV.CV.CVV.CCV,N,1.124,0.327,3.051,1,2.3
cave,basement,4.92,2.07,5.93,1.22,3.97,1.5,4,2,CV.CV,"N,V",7.265,0.917,3.861,12,1.05
caveira,skull,5.98,1.43,5.79,1.73,2.54,0.93,7,3,CV.CVV.CV,N,1.163,0.335,3.066,6,1.6
caverna,cave,5.36,1.88,5.73,1.37,2.77,1,7,3,CV.CVC.CV,N,1.554,0.407,3.191,3,1.8
cebola,onion,5.7,1.9,6.69,0.6,5.43,1.26,6,3,CV.CV.CV,N,4.729,0.758,3.675,2,1.85
cedência,cession,2.74,1.41,2.8,1.3,3.83,1.44,8,3,CV.CVC.CVV,N,22.087,1.363,4.344,1,1.85
cego,blind,5.34,1.83,5.36,1.81,4.25,1.48,4,2,CV.CV,"ADJ,N,V",8.261,0.967,3.917,12,1.2
cegonha,stork,6.2,1.21,6.56,0.87,3,1.09,7,3,CV.CV.CCV,N,1.519,0.401,3.182,0,2.3
celebração,celebration,4.72,1.87,3.78,1.77,4.16,1.29,10,4,CV.CV.CCV.CVV,N,18.462,1.289,4.266,1,2.65
célebre,renowned,3.56,1.82,3.33,1.58,3.79,1.36,7,3,CV.CV.CCV,ADJ,28.916,1.476,4.461,1,2.15
célula,cell,4.73,1.95,5.21,1.87,3.61,1.63,6,3,CV.CV.CV,N,6.639,0.883,3.822,1,1.9
cemitério,cemetery,5.98,1.56,6.05,1.15,3.86,1.55,9,4,CV.CV.CV.CVV,N,21.158,1.346,4.326,0,2.75
cena,scene,4.28,1.73,3.66,1.72,5.55,1.52,4,2,CV.CV,N,71.023,1.858,4.851,13,1.2
cenário,scenario,4.53,1.83,4.02,1.88,4.41,1.44,7,3,CV.CV.CVV,N,78.034,1.898,4.892,2,1.85
cenoura,carrot,5.58,2.18,6.72,0.67,4.98,1.34,7,3,CV.CVV.CV,N,1.896,0.462,3.278,1,1.9
censura,censorship,3.56,1.87,3.04,1.64,3.67,1.65,7,3,CVC.CV.CV,"N,V",24.055,1.399,4.381,5,1.55
centímetro,centimetre,4.78,2.07,5.64,1.62,4.36,1.39,10,4,CVC.CV.CV.CCV,N,2.296,0.518,3.361,0,3.25
centopeia,roach,5.39,1.98,6.44,1.03,2.75,0.96,9,4,CVC.CV.CVV.V,N,0.108,0.044,2.031,0,2.9
central,central,3.89,1.68,4.16,1.71,4.46,1.58,7,2,CVC.CCVC,"ADJ,N",178.608,2.254,5.252,4,1.75
centro,center,4.19,1.94,4.03,1.68,5.25,1.31,6,2,CVC.CCV,"N,V",257.131,2.412,5.41,5,1.5
céptico,skeptical,2.77,1.5,3,1.76,3.35,1.16,7,3,CVC.CV.CV,"ADJ,N",3.791,0.68,3.579,3,1.8
cerâmica,ceramics,4.73,1.89,5.78,1.28,2.56,0.98,8,4,CV.CV.CV.CV,"ADJ,N",15.311,1.213,4.185,1,2.7
cereal,cereal,5.75,1.52,6.16,1.14,5.58,1.18,6,3,CV.CV.VC,"ADJ,N",1.793,0.446,3.254,1,1.9
cerebral,cerebral,4.71,2.02,4.45,1.67,4.09,1.63,8,3,CV.CV.CCVC,"ADJ,N",7.484,0.929,3.874,0,2.55
cérebro,brain,5.95,1.4,6.27,1.02,5.52,1.27,7,3,CV.CV.CCV,N,18.369,1.287,4.264,0,2.5
cereja,cherry,5.41,2.09,6.68,0.67,3.63,1.18,6,3,CV.CV.CV,N,1.016,0.305,3.007,0,1.85
cerimónia,ceremony,5.18,1.47,4.32,1.41,3.81,1.33,9,4,CV.CV.CV.CVV,N,66.822,1.831,4.825,0,3.05
ceroulas,long johns,5.11,2.12,6.17,1.13,2.04,0.87,8,3,CV.CVV.CVC,N,0.342,0.128,2.534,0,2.5
certeiro,well-aimed,3.7,2,3.76,1.79,3.11,1.19,8,3,CVC.CVV.CV,ADJ,2.101,0.492,3.322,3,1.8
certeza,certainty,2.89,1.88,2.91,1.86,5.8,1.29,7,3,CVC.CV.CV,N,68.869,1.844,4.838,1,2.05
certificado,certificate,4.65,1.83,5.1,1.73,3.95,1.48,11,5,CVC.CV.CV.CV.CV,"ADJ,N,V",5.999,0.845,3.778,1,1.8
cerveja,beer,5.44,1.93,6.42,1,4.56,1.51,7,3,CVC.CV.CV,N,16.63,1.246,4.221,0,2.05
cesto,basket,5.89,1.59,6.45,0.95,4.07,1.74,5,2,CVC.CV,N,4.705,0.756,3.673,13,1.3
céu,sky,6.3,1.06,5.21,1.87,5.59,1.36,3,1,CVV,N,49.752,1.706,4.697,4,1.7
chacina,slaughter,3.96,2.05,3.62,1.95,2.12,1.15,7,3,CCV.CV.CV,"N,V",2.775,0.577,3.443,0,1.85
chaleira,kettle,5.51,1.92,6.22,1.13,2.93,1.21,8,3,CCV.CVV.CV,N,0.181,0.072,2.257,1,1.85
chama,flame,6.02,1.15,4.88,2.08,4.58,1.5,5,2,CCV.CV,"N,V",73.192,1.87,4.865,9,1.3
chamada,call,4.26,1.97,4.47,1.91,5.96,1.17,7,3,CCV.CV.CV,"ADJ,N,V",62.508,1.803,4.796,9,1.45
chaminé,chimney,5.65,2.11,6.58,0.77,3.2,1.19,7,3,CCV.CV.CV,N,2.692,0.567,3.43,0,2.7
chantagem,blackmail,3.27,1.98,2.79,1.36,3.86,1.3,9,3,CCVC.CV.CVC,N,8.115,0.96,3.909,0,2.45
chão,floor,5.48,1.92,6.65,0.62,5.74,1.17,4,1,CCVV,"ADJ,N",43.729,1.651,4.641,3,1.6
chapa,plate,4.85,1.96,5.48,1.62,2.77,1.04,5,2,CCV.CV,"N,V",4.05,0.703,3.608,8,1.4
chapéu,hat,6.17,1.37,6.7,0.66,4.53,1.49,6,2,CCV.CVV,N,13.777,1.17,4.139,0,2.25
charme,charm,4.15,1.84,3.02,1.73,4.21,1.5,6,2,CCVC.CV,N,4.949,0.774,3.695,0,1.9
charrete,chariot,5.03,1.98,5.79,1.45,1.98,1.05,8,3,CCVC.CV.CV,N,0.176,0.07,2.245,0,2.35
charuto,cigar,6.27,1.26,6.54,0.81,2.91,1.34,7,3,CCV.CV.CV,N,1.954,0.47,3.291,0,2.25
chave,key,6.21,1.4,6.66,0.75,6.28,0.98,5,2,CCV.CV,"ADJ,N",22.243,1.366,4.347,6,1.6
chávena,cup,6.15,1.4,6.58,1.03,5.54,1.28,7,3,CCV.CV.CV,N,1.573,0.411,3.197,0,2.75
chefe,boss,4.97,1.89,5.33,1.67,4.93,1.4,5,2,CCV.CV,N,166.869,2.225,5.222,0,1.9
chefia,headship,3.88,1.79,3.86,1.7,3.81,1.56,6,3,CCV.CV.V,"N,V",18.975,1.301,4.278,2,1.7
chegada,arrival,3.68,1.85,3.83,1.86,5.2,1.21,7,3,CCV.CV.CV,"ADJ,N,V",69.66,1.849,4.843,4,1.65
cheio,full,4.56,1.74,4.69,1.75,5.86,1.15,5,2,CCVV.V,"ADJ,N",32.83,1.529,4.516,4,1.55
cheiro,smell,4.24,2.06,4.75,2.03,5.67,1.12,6,2,CCVV.CV,"N,V",17.587,1.269,4.245,4,1.65
cheiroso,scented,4.57,2.02,3.92,1.91,4.6,1.52,8,3,CCVV.CV.CV,ADJ,0.352,0.131,2.546,1,2.25
cheque,check,5.8,1.54,6.2,1.16,3.97,1.33,6,2,CCV.CVV,N,14.7,1.196,4.167,3,1.8
cherne,black grouper,4.12,2.27,4.44,2.3,2.13,0.92,6,2,CCVC.CV,N,0.586,0.2,2.768,0,2.05
chicharro,horse mackerel,4.5,2.16,4.86,2.14,2.52,1.25,9,3,CCV.CCVC.CV,N,0.239,0.093,2.379,0,3
chicória,chicory,3.49,1.89,3.96,2.04,2.06,1.21,8,3,CCV.CV.CVV,N,0.191,0.076,2.28,0,2.8
chicote,whip,6.25,1.04,6.2,1.09,2.89,1.12,7,3,CCV.CV.CV,N,1.334,0.368,3.125,0,2.15
chimpanzé,chimpanzee,6.37,1.11,6.24,1.4,3.19,1.2,9,3,CCVC.CVC.CV,N,0.498,0.176,2.698,0,3.65
chinelo,slipper,5.77,2,6.71,0.6,5.41,1.45,7,3,CCV.CV.CV,N,0.274,0.105,2.437,1,2.4
chocalho,rattle,4.17,2.01,4.69,2.02,2.07,0.81,8,3,CCV.CV.CCV,"N,V",0.283,0.108,2.452,2,2.1
chocolate,chocolate,6.58,0.91,6.77,0.54,5.89,1.11,9,4,CCV.CV.CV.CV,N,4.28,0.723,3.631,0,3.4
choque,shock,4.34,1.69,3.85,1.75,4.42,1.46,6,2,CCV.CVV,"N,V",33.411,1.537,4.524,3,1.65
chouriço,smoked pork sausage,5.63,1.97,6.66,0.67,3.88,1.1,8,3,CCVV.CV.CV,N,1.842,0.454,3.265,1,2.6
chumbo,lead,4.64,2.08,5.57,1.5,3.57,1.73,6,2,CCVC.CV,"N,V",13.269,1.154,4.123,3,1.75
chuva,rain,6.24,1.13,6.52,0.71,5.48,1.37,5,2,CCV.CV,N,46.504,1.677,4.668,7,1.6
cicatriz,scar,6.32,1.11,5.73,1.27,3.9,1.41,8,3,CV.CV.CCVC,N,0.962,0.293,2.983,0,2.55
ciclista,cyclist,5.98,1.38,6.4,0.87,3.84,1.31,8,3,CV.CCVC.CV,"ADJ,N",9.292,1.013,3.968,0,2.4
ciclo,cycle,3.56,1.93,3.47,1.89,4.42,1.57,5,2,CV.CCV,N,79.035,1.903,4.898,1,1.9
ciclone,cyclone,5.35,1.77,5.14,1.77,3,1.24,7,3,CV.CCV.CV,N,1.9,0.463,3.279,1,2.55
cidadania,citizenship,3.11,1.75,2.78,1.74,4.05,1.62,9,5,CV.CV.CV.CV.V,N,13.811,1.171,4.14,0,3.6
cidadão,citizen,4.73,1.96,5.13,1.81,4.86,1.42,7,3,CV.CV.CVV,N,48.067,1.691,4.682,1,2
cidade,city,5.95,1.25,5.48,1.43,5.73,1.29,6,3,CV.CV.CV,N,464.343,2.668,5.667,1,1.85
ciência,science,4.08,1.8,3.54,1.8,5.04,1.46,7,3,CV.VC.CVV,N,46.938,1.681,4.672,0,2.3
científico,scientific,3.43,1.96,3.49,1.84,4.6,1.64,10,5,CV.VC.CV.CV.CV,ADJ,22.595,1.373,4.354,2,2.6
cientista,scientist,5.69,1.54,6.02,1.1,3.98,1.46,9,4,CV.VC.CVC.CV,"ADJ,N",8.413,0.974,3.925,0,2.4
cigano,gypsy,5.21,1.96,5.69,1.46,3.8,1.53,6,3,CV.CV.CV,"ADJ,N",5.12,0.787,3.709,1,1.8
cigarra,cicada,5.25,1.94,5.34,2.08,2.3,0.96,7,3,CV.CVC.CV,N,0.464,0.166,2.667,2,1.85
cigarro,cigarette,6.27,1.45,6.43,1.08,5.85,1.52,7,3,CV.CVC.CV,N,8.061,0.957,3.906,3,1.8
cimeira,summit,3.23,1.83,3.78,1.79,2.67,0.97,7,3,CV.CVV.CV,"ADJ,N",65.737,1.824,4.818,1,1.85
cimento,cement,5.45,1.9,5.45,1.92,3.29,1.11,7,3,CV.CVC.CV,"N,V",13.943,1.174,4.144,4,1.6
cineasta,film-maker,4.48,1.77,4.91,1.75,2.76,1.18,8,4,CV.CV.VC.CV,N,22.336,1.368,4.349,0,2.75
cinema,cinema,6.23,1.01,5.4,1.9,5.14,1.27,6,3,CV.CV.CV,N,154.089,2.191,5.188,0,1.95
cinto,belt,6.14,1.55,6.61,0.97,5.23,1.48,5,2,CVC.CV,"N,V",5.677,0.825,3.754,14,1.2
cinzeiro,ashtray,5.77,1.94,6.64,0.64,4.59,1.65,8,3,CVC.CVV.CV,N,0.972,0.295,2.988,0,2.1
cinzento,grey,4.89,2.12,5.23,1.94,4.6,1.36,8,3,CVC.CVC.CV,"ADJ,N",7.235,0.916,3.86,1,2.25
cio,rut,3.68,2.05,3.46,1.75,2.7,0.92,3,2,CV.V,N,0.596,0.203,2.775,9,1
circo,circus,5.7,1.62,5.91,1.29,3.04,1.11,5,2,CVC.CV,N,12.116,1.118,4.083,4,1.75
circuito,circuit,4.69,1.54,4.41,1.76,3.93,1.62,8,3,CVC.CVV.CV,"N,V",51.023,1.716,4.708,0,2.75
circulação,circulation,4.07,1.9,4.1,1.85,4.5,1.4,10,4,CVC.CV.CV.CVV,N,59.543,1.782,4.775,1,2.65
círculo,circle,5.42,1.9,5.85,1.5,4.42,1.32,7,3,CVC.CV.CV,N,28.159,1.465,4.45,1,2.35
cirurgia,surgery,4.97,1.79,4.93,1.71,3.78,1.3,8,4,CV.CVC.CV.V,N,6.986,0.902,3.844,1,2.6
cirúrgico,surgical,4.61,1.69,4.25,1.77,3.67,1.48,9,4,CV.CVC.CV.CV,ADJ,0.884,0.275,2.947,1,2.8
cisne,swan,5.97,1.33,6.48,0.93,3.03,1.32,5,2,CVC.CV,N,1.7,0.431,3.231,1,1.85
citação,quote,3.45,1.91,3.67,1.8,4.4,1.4,7,3,CV.CV.CVV,N,6.717,0.888,3.827,3,1.85
ciúme,jealousy,4.2,1.9,2.58,1.78,4.22,1.49,5,3,CV.V.CV,N,2.433,0.536,3.386,1,1.9
ciumento,jealous,4,2.08,2.39,1.37,4.32,1.3,8,4,CV.V.CVC.CV,"ADJ,N",0.577,0.198,2.761,1,2
cívico,civic,3.16,1.7,2.88,1.36,3.84,1.36,6,3,CV.CV.CV,ADJ,6.375,0.868,3.805,3,1.8
civil,civil,3.32,1.84,3.59,1.87,4.39,1.56,5,2,CV.CVC,"ADJ,N",127.488,2.109,5.106,2,1.95
civilização,civilization,4.21,1.82,4.42,1.7,3.66,1.41,11,5,CV.CV.CV.CV.CVV,N,20.484,1.332,4.311,0,2.75
clã,clan,3.76,1.91,4,1.91,2.5,1.11,3,1,CCV,N,5.501,0.813,3.74,3,1.65
clandestino,clandestine,3.49,1.76,4.42,1.89,3.09,1.21,11,4,CCVC.CVC.CV.CV,"ADJ,N",10.298,1.053,4.013,1,3.7
clareza,clarity,3,1.83,2.55,1.51,4.55,1.57,7,3,CCV.CV.CV,N,11.837,1.109,4.073,1,1.95
clarinete,clarinet,5.81,1.49,5.98,1.61,2.13,0.72,9,4,CCV.CV.CV.CV,N,3.41,0.644,3.533,0,2.85
classe,class,3.44,1.79,3.59,1.7,4.62,1.53,6,2,CCVC.CV,N,77.101,1.893,4.887,1,1.8
cláusula,clause,3.23,1.91,3.97,1.88,3.45,1.52,8,3,CCVV.CV.CV,N,9.829,1.035,3.993,1,3.05
cliente,client,4.6,1.82,5.05,1.86,5.35,1.49,7,3,CCV.VC.CV,N,28.692,1.473,4.458,0,1.9
clima,weather,4.53,2.01,3.69,2.01,5.2,1.15,5,2,CCV.CV,N,58.214,1.772,4.765,4,1.6
clímax,climax,4.49,1.92,3.76,1.96,3.05,1.33,6,2,CCV.CVC,N,1.602,0.415,3.205,0,2.65
clínica,clinic,5.18,1.84,5.9,1.44,4.51,1.32,7,3,CCV.CV.CV,"ADJ,N",18.076,1.281,4.257,1,1.85
clube,club,4.64,1.69,4.91,1.49,4.81,1.59,5,2,CCV.CV,N,176.312,2.249,5.246,2,1.75
coador,strainer,4.92,2.02,6.09,1.16,3.22,1.28,6,3,CV.V.CVC,N,0.054,0.023,1.73,5,1.65
cobarde,coward,3.63,1.64,3.24,1.75,3.35,0.97,7,3,CV.CVC.CV,"ADJ,N",1.944,0.469,3.289,1,2.15
coberto,covered,4.1,1.9,4.38,1.74,4.86,1.34,7,3,CV.CVC.CV,"ADJ,N,V",14.07,1.178,4.148,1,1.85
cobertura,covering,4.48,1.76,5.07,1.5,3.88,1.3,9,4,CV.CVC.CV.CV,N,40.568,1.619,4.608,0,2.7
cobra,snake,6.36,1.16,6.52,0.93,3.51,1.43,5,2,CV.CCV,"N,V",5.208,0.793,3.717,11,1.1
cobrança,billing,3.57,1.7,3.59,1.92,4,1.71,8,3,CV.CCVC.CV,N,12.785,1.139,4.107,0,2.45
cocaína,cocaine,5.33,1.83,5.91,1.37,3.32,1.31,7,4,CV.CV.V.CV,N,20.221,1.327,4.306,0,2.8
coche,carriage,4.83,2.02,5.34,1.94,2.2,0.83,5,2,CV.CCV,N,0.845,0.266,2.927,3,1.75
coco,coconut,5.51,2.06,6.36,1.11,3.7,1.59,4,2,CV.CV,"N,V",1.124,0.327,3.051,21,1
código,code,4.55,1.87,3.91,1.7,5.16,1.46,6,3,CV.CV.CV,N,29.571,1.485,4.471,0,1.95
codorniz,quail,5.08,2.23,6.48,0.94,2.57,0.78,8,3,CV.CVC.CVC,N,0.259,0.1,2.413,0,3.3
coelho,rabbit,5.58,2.09,6.71,0.66,4.57,1.39,6,3,CV.V.CCV,N,2.623,0.559,3.419,3,1.75
coerente,coherent,3.44,1.9,2.88,1.84,4.53,1.26,8,4,CV.V.CVC.CV,ADJ,11.857,1.109,4.074,1,1.9
coesão,cohesion,2.61,1.41,3.11,1.68,3.67,1.53,6,3,CV.V.CVV,N,18.975,1.301,4.278,0,1.95
cofre,coffer,5.82,1.64,6.26,1.16,3.52,1.35,5,2,CV.CCV,N,4.353,0.729,3.639,5,1.6
cogumelo,mushroom,6.1,1.4,6.75,0.58,4.16,1.18,8,4,CV.CV.CV.CV,N,0.591,0.202,2.772,0,3
coiote,coyote,4.49,2.24,5.66,1.99,2.04,0.87,6,3,CVV.V.CV,N,0.078,0.033,1.893,4,1.75
coisa,thing,3.35,2.2,3.02,2.43,6.79,0.45,5,2,CVV.CV,"N,V",272.177,2.436,5.435,10,1.3
coito,intercourse,4.57,2.1,4.19,1.99,2.51,1.28,5,2,CVV.CV,N,0.62,0.21,2.793,7,1.25
cola,glue,5.16,1.95,6.12,1.03,4.38,1.66,4,2,CV.CV,"N,V",4.368,0.73,3.64,25,1
colaboração,collaboration,3.13,1.69,3.51,1.7,4.93,1.61,11,5,CV.CV.CV.CV.CVV,N,69.26,1.847,4.841,1,2.65
colagem,collage,4.61,1.71,4.47,1.78,3.02,1.1,7,3,CV.CV.CVC,N,5.731,0.828,3.758,5,1.7
colapso,collapse,3.9,1.8,3.76,1.66,3.21,1.15,7,3,CV.CVC.CV,"N,V",11.671,1.103,4.067,2,1.8
colchão,mattress,5.44,1.81,6.53,0.92,4.63,1.4,7,2,CVC.CCVV,N,2.047,0.484,3.311,0,2
colecção,collection,4.49,1.92,4.91,1.87,4.53,1.26,8,3,CV.CVC.CVV,N,38.868,1.601,4.59,0,2.45
colega,colleague,5.03,1.77,5.59,1.45,6.31,0.95,6,3,CV.CV.CV,N,28.262,1.466,4.451,3,1.8
colégio,private school,5.44,1.49,5.91,0.99,4.4,1.6,7,3,CV.CV.CVV,N,12.086,1.117,4.082,0,2.5
cólera,wrath,3.53,1.85,3.68,1.82,2.63,1.05,6,3,CV.CV.CV,N,9.36,1.015,3.971,0,1.95
colete,vest,5.63,1.81,6.4,0.91,3.23,1.29,6,3,CV.CV.CV,N,3.127,0.616,3.495,4,1.75
colheita,harvest,4.56,1.68,4.77,1.4,3.24,1.6,8,3,CV.CCVV.CV,N,8.794,0.991,3.944,2,1.85
colher,spoon,5.79,1.99,6.62,0.85,5.89,1.21,6,2,CV.CCVC,"N,V",11.676,1.103,4.067,5,1.55
colina,hill,5.75,1.45,5.75,1.44,2.84,1.18,6,3,CV.CV.CV,N,4.485,0.739,3.652,9,1.45
colisão,crash,4.94,1.86,4.41,1.67,3.51,1.12,7,3,CV.CV.CVV,N,11.852,1.109,4.074,1,1.95
coliseu,coliseum,5.4,1.92,5.95,1.19,3.33,1.25,7,3,CV.CV.CVV,N,13.454,1.16,4.129,0,2.15
colmeia,hive,5.48,1.89,5.98,1.48,2.89,1.11,7,3,CVC.CVV.V,N,0.508,0.178,2.706,0,1.9
colocação,collocation,2.56,1.39,3,1.72,4.35,1.48,9,4,CV.CV.CV.CVV,N,31.408,1.511,4.497,2,2
colonial,colonial,3.38,1.96,3.29,1.91,2.51,1.03,8,4,CV.CV.CV.VC,"ADJ,N",16.679,1.247,4.222,0,2.25
colóquio,colloquium,3.67,1.76,4.06,1.85,2.68,1.34,8,3,CV.CV.CVVV,N,23.64,1.392,4.374,0,2.85
coluna,column,5.48,1.66,5.41,1.5,4.29,1.29,6,3,CV.CV.CV,N,15.428,1.216,4.188,3,1.75
comandante,commander,5.02,1.8,5.49,1.4,3.51,1.57,10,4,CV.CVC.CVC.CV,N,64.267,1.815,4.808,0,2.6
comando,command,5.2,1.85,5.24,1.84,5.34,1.77,7,3,CV.CVC.CV,"N,V",58.37,1.774,4.766,11,1.25
combate,combat,4.77,1.57,4.36,1.8,3.8,1.37,7,3,CVC.CV.CV,"N,V",92.729,1.972,4.967,3,1.6
combinação,combination,3.57,1.77,3.53,1.73,4.37,1.51,10,4,CVC.CV.CV.CVV,N,10.083,1.045,4.004,1,2.4
comboio,convoy,6.47,1.05,6.69,0.57,4.62,1.47,7,3,CVC.CVV.V,N,42.634,1.64,4.63,0,2.25
combustível,fuel,5.18,1.77,5.64,1.45,5.25,1.25,11,4,CVC.CVC.CV.CVC,"ADJ,N",17.382,1.264,4.24,0,3.2
começo,beginning,3.15,1.79,3.27,1.77,5.33,1.45,6,3,CV.CV.CV,"N,V",24.744,1.411,4.394,2,1.8
comédia,comedy,4.66,1.85,3.71,1.74,4.96,1.19,7,3,CV.CV.CVV,N,19.883,1.32,4.299,0,2.35
comemoração,commemoration,5.05,1.65,3.83,1.73,3.56,0.96,11,5,CV.CV.CV.CV.CVV,N,8.628,0.984,3.936,1,2.7
comentário,comment,4.03,1.85,3.56,1.85,6.04,1.07,10,4,CV.CVC.CV.CVV,N,30.118,1.493,4.479,0,2.5
comercial,commercial,3.72,1.85,4.09,1.84,5.16,1.44,9,4,CV.CVC.CV.VC,"ADJ,N",94.375,1.979,4.975,3,2.15
comerciante,trader/dealer,5,1.64,5.22,1.42,4.27,1.43,11,5,CV.CVC.CV.VC.CV,"ADJ,N",12.502,1.13,4.097,0,2.8
comércio,commerce,4.65,1.79,4.58,1.53,4.62,1.35,8,3,CV.CVC.CVV,N,94.81,1.981,4.977,1,2.6
cometa,comet,5.76,1.45,5.83,1.38,2.62,1.03,6,3,CV.CV.CV,"N,V",4.714,0.757,3.673,6,1.4
comício,rally,3.71,1.85,3.67,1.75,2.35,0.93,7,3,CV.CV.CVV,N,22.634,1.374,4.355,0,2.55
cómico,comic,4.59,1.93,3.72,1.81,4.93,1.55,6,3,CV.CV.CV,"ADJ,N",5.354,0.803,3.729,2,1.75
comida,food,6.22,1.05,6.13,1.03,6.71,0.62,6,3,CV.CV.CV,"ADJ,N,V",23.201,1.384,4.366,6,1.6
comissão,comission,3.65,1.86,4.12,1.69,4.13,1.41,8,3,CV.CVC.CVV,N,226.128,2.356,5.354,0,2.15
comissário,commissioner,3.61,1.51,4.98,1.61,2.65,1.14,10,4,CV.CVC.CV.CVV,N,37.002,1.58,4.568,2,2.5
cómoda,chest of drawers,5.23,1.8,6.25,1.03,4.19,1.62,6,3,CV.CV.CV,"ADJ,N",2.399,0.531,3.38,1,2.3
compacto,compact,2.93,1.35,4.05,1.75,3.65,1.36,8,3,CVC.CVC.CV,"ADJ,N,V",4.622,0.75,3.665,2,1.8
companheiro,companion,4.92,1.7,5.33,1.48,4.98,1.37,11,4,CVC.CV.CCVV.CV,"ADJ,N",21.549,1.353,4.333,1,2.8
comparação,comparison,2.87,1.45,3.02,1.62,5.1,1.4,10,4,CVC.CV.CV.CVV,N,24.783,1.411,4.394,1,2.4
compatível,compatible,2.95,1.44,3.2,1.79,4.71,1.3,10,4,CVC.CV.CV.CVC,ADJ,8.896,0.996,3.949,1,2.95
compatriota,compatriot,3.39,1.84,3.96,1.79,2.69,0.86,11,5,CVC.CV.CCV.V.CV,N,13.997,1.176,4.146,0,3.5
competência,competence,2.89,1.74,3.54,1.82,4.81,1.36,11,4,CVC.CV.CVC.CVV,N,34.96,1.556,4.544,0,3
competente,competent,3.53,1.59,3.67,1.93,4.79,1.37,10,4,CVC.CV.CVC.CV,ADJ,9.8,1.033,3.991,0,2.6
competição,competititon,4.68,1.8,3.74,1.87,4.68,1.35,10,4,CVC.CV.CV.CVV,N,70.476,1.854,4.848,1,2.6
competitivo,competitive,4.06,1.75,3.84,1.94,4.91,1.44,11,5,CVC.CV.CV.CV.CV,ADJ,10.987,1.079,4.041,1,2.85
completo,complete,3.74,2.02,3.74,1.92,5.54,1.43,8,3,CVC.CCV.CV,"ADJ,N,V",38.062,1.592,4.581,3,1.75
complexidade,complexity,3.34,2.06,3,1.8,4.5,1.58,12,5,CVC.CCV.CV.CV.CV,N,13.078,1.149,4.117,0,3.45
complexo,complex,3.03,1.86,3.03,1.87,4.74,1.52,8,3,CVC.CCV.CV,"ADJ,N",43.665,1.65,4.64,2,2.05
complicado,complicated,2.93,1.8,2.95,1.88,5.93,1.09,10,4,CVC.CCV.CV.CV,"ADJ,V",21.417,1.351,4.331,1,1.8
componente,component,3.48,2.13,3.16,1.74,4.33,1.43,10,4,CVC.CV.CVC.CV,"ADJ,N",26.977,1.447,4.431,0,2.65
composição,composition,4.18,1.86,4.24,1.83,4.44,1.44,10,4,CVC.CV.CV.CVV,N,35.468,1.562,4.55,0,2.7
compota,jam,5.32,1.81,6.45,0.76,3.7,1.36,7,3,CVC.CV.CV,N,0.406,0.148,2.608,2,1.75
compra,purchase,4.72,1.83,4.23,1.58,5.88,1.07,6,2,CVC.CCV,"N,V",85.113,1.935,4.93,4,1.45
compreensão,understanding,3.37,1.79,2.64,1.85,5.11,1.21,11,4,CVC.CCV.VC.CVV,N,21.061,1.344,4.324,0,2.8
comprimento,lenght,3.65,1.87,4.09,1.85,4.46,1.4,11,4,CVC.CCV.CVC.CV,N,23.733,1.393,4.375,1,2.1
comprimido,pill,5.33,2.06,5.55,1.91,5.27,1.33,10,4,CVC.CCV.CV.CV,"ADJ,N,V",2.306,0.519,3.363,1,2.05
compromisso,commitment,3.56,1.65,3.51,1.72,4.95,1.32,11,4,CVC.CCV.CVC.CV,N,55.283,1.75,4.743,0,3.45
comprovativo,corroborative,4.02,1.98,4.6,1.66,4.07,1.4,12,5,CVC.CCV.CV.CV.CV,ADJ,1.431,0.386,3.156,1,2.8
computador,computer,6.59,0.79,6.71,0.65,6.87,0.34,10,4,CVC.CV.CV.CVC,N,42.605,1.64,4.63,1,1.9
comum,common,3.33,1.91,3.19,1.7,5.42,1.29,5,2,CV.CVC,"ADJ,N",113.794,2.06,5.056,2,1.9
comunicação,communication,4.13,1.88,3.75,1.91,5.14,1.37,11,5,CV.CV.CV.CV.CVV,N,132.886,2.127,5.124,2,2.6
comunidade,community,4.67,1.8,4.33,1.78,4.33,1.47,10,5,CV.CV.CV.CV.CV,N,159.428,2.205,5.203,0,2.55
comunismo,communism,3.43,2.17,3.05,1.91,3.02,1.63,9,4,CV.CV.CVC.CV,N,16.918,1.253,4.228,1,2.55
comunista,communist,3.97,2,3.74,2,3.39,1.63,9,4,CV.CV.CVC.CV,"ADJ,N",69.025,1.845,4.839,1,2.4
comunitário,communal,3.65,1.86,3.51,1.62,3.66,1.21,11,5,CV.CV.CV.CV.CVV,ADJ,34.056,1.545,4.532,1,2.6
conceito,concept,2.93,1.71,2.33,1.33,5.14,1.35,8,3,CVC.CVV.CV,N,43.905,1.652,4.643,1,1.9
concelho,county,4.08,1.83,4.78,1.82,4.53,1.42,8,3,CVC.CV.CCV,N,201.179,2.306,5.304,1,1.85
concentração,concentration,3.06,1.81,3.19,1.91,5.28,1.15,12,4,CVC.CVC.CCV.CVV,N,50.71,1.714,4.705,1,2.65
concentrado,concentrate,3.63,1.82,3.47,2.05,5.49,1.27,11,4,CVC.CVC.CCV.CV,"ADJ,V",7.138,0.911,3.854,1,1.8
concerto,concert,5.62,1.6,5.16,1.4,4.21,1.32,8,3,CVC.CVC.CV,"N,V",77.247,1.894,4.888,5,1.65
concessão,concession,2.68,1.51,3.15,1.67,2.98,1.17,9,3,CVC.CVC.CVV,N,39.733,1.61,4.599,1,2.4
concha,scoop,6.05,1.46,6.29,1.12,3.06,1.02,6,2,CVC.CCV,"ADJ,N",2.912,0.592,3.464,3,1.7
conclusão,conclusion,3.65,1.86,3.4,1.87,5.5,1.4,9,3,CVC.CCV.CVV,N,77.154,1.893,4.887,0,2.2
concorrência,competition,3.15,1.57,3.04,1.66,4.5,1.33,12,4,CVC.CVC.CVC.CVV,N,61.336,1.795,4.788,0,2.8
concorrente,contestant,4.25,1.75,4.37,1.88,4.48,1.5,11,4,CVC.CVC.CVC.CV,"ADJ,N",15.638,1.221,4.194,0,2.55
concreto,concrete,2.65,1.75,4.08,2.26,4.63,1.34,8,3,CVC.CCV.CV,"ADJ,N",26.332,1.437,4.421,1,2.2
concurso,contest,4.11,1.82,4.3,1.69,4.6,1.35,8,3,CVC.CVC.CV,N,110.13,2.046,5.042,0,2.3
conde,earl,4.58,2.07,4.9,1.72,2.75,1.4,5,2,CVC.CV,"N,V",12.585,1.133,4.1,9,1.4
condenação,doom,3.84,1.62,3.55,1.72,3.55,1.45,10,4,CVC.CV.CV.CVV,N,22.096,1.364,4.344,1,2.3
condição,condition,2.94,1.65,3.14,1.59,4.67,1.33,8,3,CVC.CV.CVV,N,56.719,1.761,4.754,1,2.35
condor,condor,3.72,2.1,3.93,2.29,1.82,0.75,6,2,CVC.CVC,N,0.274,0.105,2.437,3,1.8
condução,driving,5.07,1.85,4.28,1.78,5.56,1.48,8,3,CVC.CV.CVV,N,25.169,1.418,4.401,1,2.5
conduta,conduct,3.05,1.77,3.24,1.7,4.05,1.43,7,3,CVC.CV.CV,N,18.203,1.283,4.26,3,1.75
condutor,driver,5.28,1.75,5.46,1.46,5.63,1.45,8,3,CVC.CV.CVC,"ADJ,N",25.609,1.425,4.408,3,1.85
conferência,conference,4.24,2.06,4.74,1.79,3.84,1.41,11,4,CVC.CV.CVC.CVV,N,160.127,2.207,5.205,1,2.4
confiança,trust,3.1,1.94,3.12,1.85,5.36,1.24,9,4,CVC.CV.VC.CV,N,93.286,1.974,4.97,0,2.5
confiante,confident,3.18,1.61,3.24,1.85,5.11,1,9,4,CVC.CV.VC.CV,ADJ,17.993,1.279,4.255,1,2.1
confidencial,confidential,3.39,1.66,2.93,1.4,4.09,1.26,12,5,CVC.CV.CVC.CV.VC,ADJ,3.503,0.654,3.544,3,2
conflito,conflict,4.69,1.68,3.15,1.38,4.3,1.4,8,3,CVC.CCV.CV,N,91.576,1.967,4.962,0,2.35
confortável,comfortable,4.23,1.94,3.88,1.91,5.55,1.17,11,4,CVC.CVC.CV.CVC,ADJ,10.929,1.077,4.039,1,2.65
conforto,comfort,3.84,1.9,3.88,1.81,4.84,1.11,8,3,CVC.CVC.CV,"N,V",14.221,1.182,4.153,3,1.75
confronto,confrontation,3.63,1.71,3,1.74,4.21,1.5,9,3,CVC.CCVC.CV,"N,V",41.941,1.633,4.623,2,2.2
confusão,confusion,3.94,1.96,3.19,1.67,5.41,1.07,8,3,CVC.CV.CVV,N,40.348,1.617,4.606,1,2.05
confuso,confused,3.39,1.85,2.58,1.38,5,1.43,7,3,CVC.CV.CV,ADJ,5.374,0.804,3.73,2,1.8
congelador,freezer,5.93,1.31,6.5,0.79,5.4,1.43,10,4,CVC.CV.CV.CVC,"ADJ,N",0.65,0.217,2.813,1,2.15
congresso,congress,4.35,1.84,4.2,1.67,3.58,1.12,9,3,CVC.CCVC.CV,N,138.563,2.145,5.142,0,2.75
congro,conger,3.63,2.42,4.7,2.2,1.84,1.04,6,2,CVC.CCV,N,0.195,0.078,2.291,0,1.95
conhecido,known,3.52,1.89,4.34,1.73,5.39,1.38,9,4,CV.CCV.CV.CV,"ADJ,N,V",91.512,1.966,4.962,1,2.15
conhecimento,knowledge,2.9,1.84,3.29,1.96,5.71,1.23,12,5,CV.CCV.CV.CVC.CV,N,103.384,2.019,5.015,0,2.75
cônjuge,spouse,4.54,1.96,5.14,1.77,3.02,1.33,7,3,CVC.CV.CV,N,1.896,0.462,3.278,0,2.65
conjunto,set,3.73,1.7,3.73,1.68,5.48,1.28,8,3,CVC.CVC.CV,"ADJ,N",211.052,2.326,5.324,1,2.05
conquista,conquer,4.34,1.81,3.54,1.85,3.98,1.29,9,3,CVC.CVVC.CV,"N,V",34.881,1.555,4.543,1,1.8
consciência,consciousness,3.08,2.07,2.93,1.84,5.34,1.1,11,4,CVCC.CV.VC.CVV,N,70.789,1.856,4.85,0,2.85
conselho,advice,3.42,1.92,3.54,1.88,5.07,1.46,8,3,CVC.CV.CCV,N,121.494,2.088,5.085,1,1.9
consenso,consensus,2.89,1.68,3.02,1.95,4.37,1.4,8,3,CVC.CVC.CV,N,41.569,1.629,4.619,1,1.9
consequência,consequence,2.85,1.7,2.78,1.49,5.14,1.36,12,4,CVC.CV.CVVC.CVV,N,59.704,1.783,4.776,0,3.3
consideração,consideration,3.23,1.94,2.91,1.73,4.95,1.33,12,5,CVC.CV.CV.CV.CVV,N,20.025,1.323,4.302,1,2.65
considerável,considerable,2.89,1.45,2.64,1.41,4.62,1.42,12,5,CVC.CV.CV.CV.CVC,ADJ,16.166,1.235,4.209,0,3.15
consolado,consoled,3.28,1.98,3.26,1.85,3.72,1.58,9,4,CVC.CV.CV.CV,V,0.43,0.155,2.633,3,1.7
constituição,constitution,3.5,1.95,3.55,1.73,4.09,1.27,12,5,CVCC.CV.CV.V.CVV,N,92.035,1.969,4.964,1,2.75
construção,construction,4.87,1.64,4.9,1.57,4.56,1.46,10,3,CVCC.CCV.CVV,N,294.909,2.471,5.47,1,2.4
construtor,builder,5.36,1.75,5.38,1.6,3.82,1.47,10,3,CVCC.CCV.CVC,"ADJ,N",14.456,1.189,4.16,0,2.45
consulado,consulate,3.03,1.67,4.07,2.06,2.96,1.06,9,4,CVC.CV.CV.CV,N,9.536,1.023,3.979,2,1.8
consulta,appointment,4.23,1.88,4.45,1.8,4.93,1.57,8,3,CVC.CVC.CV,"N,V",37.573,1.586,4.575,2,1.7
consultório,office,5.98,1.06,5.89,1.23,4.16,1.39,11,4,CVC.CVC.CV.CVV,N,3.307,0.634,3.52,0,2.7
consumo,consumption,3.83,1.87,3.39,1.76,5.61,1.24,7,3,CVC.CV.CV,"N,V",90.399,1.961,4.956,3,1.75
conta,account,4,2.02,4.12,1.82,5.82,1.05,5,2,CVC.CV,"N,V",321.984,2.509,5.508,14,1
contacto,contact,3.88,2.14,3.64,1.67,5.6,1.45,8,3,CVC.CVC.CV,"N,V",65.371,1.822,4.815,3,1.7
contagem,count,3.43,1.72,4.11,1.74,4.53,1.37,8,3,CVC.CV.CVC,N,15.667,1.222,4.195,3,1.75
contaminação,contamination,3.59,1.88,3.91,1.65,3.7,1.56,12,5,CVC.CV.CV.CV.CVV,N,11.07,1.082,4.044,1,2.75
contenda,strife,2.45,1.27,2.78,1.71,2.19,1.09,8,3,CVC.CVC.CV,"N,V",3.195,0.623,3.505,6,1.55
contente,glad,4.98,1.77,4.02,1.86,5.95,1.04,8,3,CVC.CVC.CV,"ADJ,V",16.185,1.235,4.209,5,1.6
contestação,refutation,3.56,1.86,3.09,1.32,3.4,1.5,11,4,CVC.CVC.CV.CVV,N,32.834,1.529,4.516,1,2.55
conteúdo,contents,3.75,1.74,3.29,1.87,5.55,1.24,8,4,CVC.CV.V.CV,N,41.345,1.627,4.616,2,1.85
contexto,context,3.23,2.01,3.17,1.67,5.09,1.26,8,3,CVC.CVC.CV,N,50.725,1.714,4.705,2,1.85
continência,salute,3.8,2.03,4.1,1.9,2.8,1.24,11,4,CVC.CV.CVC.CVV,N,0.562,0.194,2.75,0,2.5
continente,continent,5.69,1.31,5.93,1.14,4.88,1.39,10,4,CVC.CV.CVC.CV,"ADJ,N",46.865,1.68,4.671,0,2.1
continuação,follow-up,3.15,1.78,3.1,1.75,5.39,1.47,11,5,CVC.CV.CV.V.CVV,N,27.768,1.459,4.444,1,2.75
conto,tale,4.38,1.69,3.74,1.82,4.41,1.82,5,2,CVC.CV,"N,V",15.824,1.226,4.199,12,1.2
contorno,outline,3.6,1.92,3.88,1.87,3.74,1.19,8,3,CVC.CVC.CV,"N,V",1.91,0.464,3.281,3,1.75
contradição,contradiction,3.03,1.71,2.91,1.37,4.33,1.38,11,4,CVC.CCV.CV.CVV,N,13.244,1.154,4.122,0,2.7
contrário,contrary,3.44,1.89,3.14,1.85,5.38,1.38,9,3,CVC.CCV.CVV,"ADJ,N",192.576,2.287,5.285,2,2.35
contraste,contrast,3.97,1.86,3.49,1.66,3.88,1.42,9,3,CVC.CCVC.CV,"N,V",15.687,1.222,4.196,3,1.6
contratação,hiring,3.52,1.84,3.76,1.63,4.22,1.51,11,4,CVC.CCV.CV.CVV,N,20.646,1.335,4.315,1,2.3
contratempo,setback,2.84,1.53,3.39,1.85,4.4,1.39,11,4,CVC.CCV.CVC.CV,N,1.69,0.43,3.228,0,2.8
contrato,contract,4.63,1.92,5.45,1.45,4.14,1.37,8,3,CVC.CCV.CV,"ADJ,N,V",111.733,2.052,5.048,3,1.6
controlador,controlling,3.39,1.63,3,1.24,4.12,1.42,11,4,CVC.CCV.CV.CVC,"ADJ,N",1.515,0.401,3.18,1,2.25
controlo,control,3.31,1.78,3.46,1.76,5.09,1.26,8,3,CVC.CCV.CV,"N,V",122.886,2.093,5.09,2,1.9
conveniente,convenient,2.8,1.49,3.36,1.8,4.65,1.33,11,5,CVC.CV.CV.VC.CV,ADJ,9.512,1.022,3.978,0,2.7
convento,convent,5.83,1.44,5.83,1.52,2.88,1.1,8,3,CVC.CVC.CV,N,12.809,1.14,4.108,4,1.7
convergência,convergence,3.13,1.83,3.03,1.58,3.68,1.67,12,4,CVC.CVC.CVC.CVV,N,27.001,1.447,4.431,0,3
conversa,conversation,4.61,1.74,4.12,1.83,6.29,0.93,8,3,CVC.CVC.CV,"ADJ,N,V",56.611,1.761,4.753,3,1.7
convicção,conviction,3.65,1.78,2.97,1.72,4.37,1.37,9,3,CVC.CVC.CVV,N,36.919,1.579,4.567,1,2.65
convicto,convinced,2.98,1.4,3.63,1.72,4.16,1.35,8,3,CVC.CVC.CV,ADJ,11.906,1.111,4.076,1,2.1
convidado,guest,4.48,1.57,4.67,1.66,4.57,1.26,9,4,CVC.CV.CV.CV,"ADJ,N,V",34.217,1.547,4.534,1,1.8
convite,invitition,4.76,1.77,4.97,1.89,4.35,1.38,7,3,CVC.CV.CV,N,50.256,1.71,4.701,3,1.8
convívio,gathering,4.81,1.74,3.88,1.63,5.02,1.21,8,3,CVC.CV.CVV,N,19.312,1.308,4.286,0,2.45
cooperação,cooperation,3.59,1.65,3.09,1.85,4.46,1.18,10,5,CV.V.CV.CV.CVV,N,86.842,1.944,4.939,1,2.5
coordenação,coordination,3.22,1.72,3.26,1.54,4.14,1.59,11,5,CV.VC.CV.CV.CVV,N,28.169,1.465,4.45,1,2.6
cópia,copy,4.62,1.84,4.97,1.66,5.4,1.41,5,2,CV.CVV,N,13.767,1.169,4.139,2,1.85
copo,glass,5.85,1.53,6.72,0.56,6.71,0.57,4,2,CV.CV,N,12.839,1.141,4.109,17,1
cor,colour,5.08,1.83,4.81,1.86,6.26,0.87,3,1,CVC,N,60.446,1.789,4.781,9,1.3
coração,heart,6.47,1.05,5.96,1.24,5.78,1.21,7,3,CV.CV.CVV,N,72.968,1.869,4.863,2,1.75
coragem,courage,3.87,2.02,2.97,1.97,5.25,1.19,7,3,CV.CV.CVC,"INT,N",34.823,1.554,4.542,4,1.65
corajoso,courageous,3.89,1.85,3.14,1.73,4.9,1.41,8,4,CV.CV.CV.CV,ADJ,2.814,0.581,3.449,1,2.6
coral,choral,5.08,1.93,5.08,1.65,3.25,1.27,5,2,CV.CVC,"ADJ,N",4.568,0.746,3.66,9,1.35
corda,rope,6.1,1.57,6.51,0.81,4.16,1.44,5,2,CVC.CV,N,10.86,1.074,4.036,17,1
cordeiro,lamb,5.85,1.56,6.42,1.08,2.91,1.21,8,3,CVC.CVV.CV,N,1.607,0.416,3.206,0,1.85
cordel,cord,5.03,1.93,5.96,1.28,2.58,1.05,6,2,CVC.CVC,N,1.231,0.349,3.09,3,1.85
coreografia,choreography,5.3,1.84,4.62,1.68,3.35,1.08,11,6,CV.CV.V.CCV.CV.V,N,9.297,1.013,3.968,0,1.8
corneta,horn,5.83,1.35,6.44,1.02,2.31,0.97,7,3,CVC.CV.CV,N,0.279,0.107,2.445,4,1.75
coro,choir,4.81,1.89,5.42,1.52,3.4,1.54,4,2,CV.CV,"N,V",22.219,1.366,4.347,24,1
coroa,crown,6.29,1.19,6.14,1.38,2.98,0.92,5,3,CV.CV.V,"N,V",15.438,1.216,4.189,13,1
coronel,colonel,5.29,1.91,5.82,1.32,2.57,1.07,7,3,CV.CV.CVC,N,15.286,1.212,4.184,0,2.6
corpo,body,6.19,1.2,6.19,1.16,6.04,1.13,5,2,CVC.CV,N,145.051,2.165,5.162,11,1.3
corpulento,stout,5,1.72,4.69,1.83,2.88,1.31,10,4,CVC.CV.CVC.CV,ADJ,0.586,0.2,2.768,1,2.75
correcção,correction,3.52,1.96,3.26,1.56,5.49,1.27,9,3,CVC.CVC.CVV,N,15.687,1.222,4.196,1,2.45
correcto,correct,3.62,1.89,3.57,2.14,6.04,1.03,8,3,CVC.CVC.CV,ADJ,15.931,1.229,4.202,1,1.85
corredor,aisle,5.62,1.52,5.69,1.46,5.36,1.3,8,3,CVC.CV.CVC,"ADJ,N",23.249,1.385,4.366,1,1.9
correia,strap,4.7,1.97,5.34,1.77,3.28,1.6,7,3,CVC.CVV.V,N,2.076,0.488,3.317,8,1.35
correio,mail,5.88,1.39,5.96,1.21,4.8,1.27,7,3,CVC.CVV.V,N,17.856,1.275,4.252,3,1.7
corrente,chain,4.93,1.85,4.69,1.83,4.19,1.34,8,3,CVC.CVC.CV,"ADJ,N",69.162,1.846,4.84,5,1.55
corrida,race,5.21,1.85,5,1.71,4.79,1.02,7,3,CVC.CV.CV,"ADJ,N,V",90.472,1.961,4.957,3,1.65
corrupção,corruption,4.06,1.92,3.69,1.74,4.69,1.55,9,3,CVC.CVC.CVV,N,54.711,1.746,4.738,0,2.75
corrupto,corrupt,4.52,1.8,3.69,1.9,4.78,1.59,8,3,CVC.CVC.CV,"ADJ,N",2.267,0.514,3.355,2,2.2
corte,cut,4.51,2.01,4.84,1.76,5.02,1.48,5,2,CVC.CV,"N,V",50.407,1.711,4.703,13,1.05
cortejo,procession,5.35,1.75,5.29,1.41,3.04,1.16,7,3,CVC.CV.CV,"N,V",11.554,1.099,4.063,3,1.7
cortesia,politeness,2.69,1.39,3.17,1.64,3.23,1.08,8,4,CVC.CV.CV.V,N,3.024,0.605,3.481,0,1.95
córtex,cortex,4.35,2,4.71,1.9,2.84,1.41,6,2,CVC.CVC,N,0.464,0.166,2.667,0,2.3
cortiça,cork,5.74,1.95,6.48,0.88,2.91,1.1,7,3,CVC.CV.CV,N,5.491,0.812,3.74,3,1.8
coruja,owl,6.07,1.6,6.59,0.88,3.02,1.09,6,3,CV.CV.CV,N,0.484,0.171,2.685,0,1.9
corvo,crow,5.78,1.58,6.47,0.94,2.81,1.05,5,2,CVC.CV,N,3.855,0.686,3.586,15,1.1
costa,coast,5.03,1.9,5.28,1.45,3.75,1.34,5,2,CVC.CV,N,35.775,1.566,4.554,13,1
costas,back,5.59,1.85,6.42,0.85,5.32,1.48,6,2,CVC.CVC,N,41.872,1.632,4.622,14,1.05
costume,custom,2.98,1.41,3.1,1.78,5.28,1.37,7,3,CVC.CV.CV,"N,V",19.297,1.307,4.286,2,1.7
costureiro,dressmaker,5.55,1.53,5.91,1.24,3.07,1.26,10,4,CVC.CV.CVV.CV,N,1.27,0.356,3.104,2,2.45
cotovelo,elbow,5.93,1.64,6.57,0.83,4.52,1.31,8,4,CV.CV.CV.CV,N,1.461,0.391,3.165,0,2.7
cotovia,lark,3.62,2.16,4.63,2.29,1.8,0.9,7,4,CV.CV.CV.V,N,1.612,0.417,3.207,1,2.35
couve,cabbage,5.33,2.14,6.66,0.72,4.54,1.23,5,2,CVV.CV,N,1.573,0.411,3.197,4,1.7
coxa,thigh,5.32,1.83,5.75,1.22,4.6,1.22,4,2,CV.CV,"ADJ,N",3.601,0.663,3.556,16,1
cozinha,kitchen,6.05,1.41,6.46,0.89,6.59,0.57,7,3,CV.CV.CCV,"N,V",23.352,1.387,4.368,8,1.4
cozinheiro,cook,5.9,1.3,5.71,1.56,5,1.56,10,4,CV.CV.CCVV.CV,N,2.926,0.594,3.466,1,2.55
crachá,badge,5.49,1.83,5.91,1.39,3,1.35,6,2,CCV.CCV,N,0.186,0.074,2.269,0,2.25
crânio,cranium,6.27,1.11,6.48,0.9,3.74,1.54,6,2,CCV.CVV,N,3.146,0.618,3.498,1,2.15
cratera,crater,5.16,1.77,6.11,1.01,2.48,0.81,7,3,CCV.CV.CV,N,2.633,0.56,3.421,0,1.95
cravo,carnation,5.59,1.89,6.41,0.96,3,1.24,5,2,CCV.CV,"N,V",3.439,0.647,3.537,7,1.45
crédito,credit,3.39,1.77,3.5,1.94,4.47,1.36,7,3,CCV.CV.CV,N,61.438,1.795,4.788,1,1.9
credor,creditor,3.48,1.87,4.42,1.85,3.16,1.83,6,2,CCV.CVC,"ADJ,N",3.747,0.676,3.574,1,1.75
crença,belief,3.15,2.06,2.78,1.82,3.77,1.29,6,2,CCVC.CV,N,8.53,0.979,3.931,1,1.9
crepe,pancakes,6.1,1.57,6.42,0.93,3.82,1.09,5,2,CCV.CV,N,0.279,0.107,2.445,3,1.8
crepúsculo,twilight,4.34,1.96,4.1,1.9,2.42,1.12,10,4,CCV.CVC.CV.CV,N,2.623,0.559,3.419,0,3.45
crescimento,growing,3.87,1.89,3.51,1.55,5.07,1.3,11,4,CCVC.CV.CVC.CV,N,147.029,2.17,5.167,0,2.7
cretino,prick,3.74,1.9,3.91,1.84,3.04,1.3,7,3,CCV.CV.CV,"ADJ,N",0.274,0.105,2.437,1,1.9
criado,servant,4.6,1.7,4.37,1.82,3.93,1.62,6,3,CCV.V.CV,"ADJ,N,V",55.063,1.749,4.741,5,1.45
criador,creator,3.66,1.78,3.95,2.02,3.87,1.58,7,3,CCV.V.CVC,"ADJ,N",12.707,1.137,4.104,2,1.8
criança,child,6.28,1.11,6.2,1.06,6.04,1.03,7,3,CCV.VC.CV,N,69.919,1.851,4.845,1,1.9
criatividade,creativity,3.3,1.98,3.03,2.05,4.73,1.34,12,6,CCV.V.CV.CV.CV.CV,N,12.976,1.145,4.113,0,3.3
criatura,creature,4.95,1.89,4.61,1.79,4.23,1.6,8,4,CCV.V.CV.CV,N,4.475,0.738,3.651,1,2.15
crime,crime,4.75,1.87,4.26,1.81,4.74,1.52,5,2,CCV.CV,N,91.801,1.968,4.963,4,1.6
criminal,criminal,4.29,1.65,3.51,1.45,4.15,1.33,8,3,CCV.CV.CVC,"ADJ,N",16.879,1.252,4.227,0,2.9
criminoso,criminal,4.83,1.69,5.1,1.34,4.28,1.41,9,4,CCV.CV.CV.CV,"ADJ,N",8.388,0.973,3.924,1,2.75
crise,crisis,4.61,2.11,3.49,2.19,6.32,1,5,2,CCV.CV,N,172.233,2.239,5.236,4,1.65
crista,crest,4.92,2.05,5.45,1.6,2.8,1.03,6,2,CCVC.CV,N,1.871,0.458,3.272,8,1.4
cristal,crystal,5.63,1.35,5.82,1.25,3.35,1.52,7,2,CCVC.CVC,N,5.301,0.799,3.724,2,1.85
cristaleira,china-closet,4.23,2,5.71,1.45,1.92,0.84,11,4,CCVC.CV.CVV.CV,N,0.132,0.054,2.12,0,3
cristianismo,christianism,3.71,1.94,3.1,1.81,3.21,1.6,12,5,CCVC.CV.V.CVC.CV,N,10.406,1.057,4.017,0,3.35
critério,criterion,2.8,1.68,2.91,1.5,4.7,1.43,8,3,CCV.CV.CVV,N,23.928,1.397,4.379,0,2.7
crítica,criticism,3.81,1.85,2.88,1.82,4.95,1.28,7,3,CCV.CV.CV,"ADJ,N",69.04,1.845,4.839,2,1.65
crítico,critic,3.19,1.9,3.31,1.73,4.89,1.29,7,3,CCV.CV.CV,"ADJ,N",33.362,1.536,4.523,2,1.65
crocodilo,crocodile,6.46,0.99,6.78,0.57,3.02,1.16,9,4,CCV.CV.CV.CV,N,1.993,0.476,3.3,0,3.65
crónica,chronic,4.02,2,3.71,1.59,3.78,1.64,7,3,CCV.CV.CV,"ADJ,N",13.513,1.162,4.131,3,1.75
cronómetro,timer,5.28,2.01,6.44,0.82,3.61,1.41,10,4,CCV.CV.CV.CCV,N,0.884,0.275,2.947,0,2.75
croquete,croquette,6.07,1.48,6.45,0.81,3.43,1.14,8,3,CCV.CVV.CV,N,0.103,0.042,2.011,1,2
crosta,crust,4.74,1.79,5.16,1.6,2.69,0.95,6,2,CCVC.CV,N,1.212,0.345,3.083,4,1.7
crucial,crucial,2.73,1.44,3.32,1.77,3.68,1.14,7,3,CCV.CV.VC,ADJ,12.345,1.125,4.092,1,2.65
cruel,cruel,3.57,1.77,3.08,1.62,3.28,1.12,5,2,CCV.VC,ADJ,9.961,1.04,3.998,0,2
cruzamento,crossroads,4.98,1.86,5.02,1.94,4.97,1.43,10,4,CCV.CV.CVC.CV,N,20.142,1.325,4.304,0,2.8
cruzeiro,cruise,6.03,1.06,5.34,1.57,2.96,1.09,8,3,CCV.CVV.CV,N,7.841,0.947,3.894,1,2.35
cuco,cuckoo,5.64,1.37,5.98,1.23,2.47,1.04,4,2,CV.CV,N,0.41,0.149,2.613,9,1.5
cuidado,caution,3.6,1.72,2.66,1.55,6.19,0.9,7,3,CVV.CV.CV,"ADJ,INT,N,V",36.464,1.574,4.562,1,1.8
cuidadoso,careful,3.61,1.74,3.6,1.85,4.87,1.41,9,4,CVV.CV.CV.CV,ADJ,1.964,0.472,3.293,1,2.4
culpa,blame,3.67,1.9,2.3,1.16,5.1,1.22,5,2,CVC.CV,"N,V",39.571,1.608,4.597,4,1.6
culpado,guilty,3.68,1.96,3.31,1.96,4.56,1.49,7,3,CVC.CV.CV,"ADJ,N,V",10.675,1.067,4.028,1,1.85
culto,cult,4.31,1.97,3.31,1.72,4.26,1.51,5,2,CVC.CV,"ADJ,N",27.886,1.461,4.445,6,1.55
cultura,culture,3.97,1.83,3.25,1.82,5.16,1.26,7,3,CVC.CV.CV,N,220.275,2.345,5.343,1,1.8
cultural,cultural,3.59,1.77,3.47,1.9,4.32,1.51,8,3,CVC.CV.CVC,ADJ,119.877,2.082,5.079,1,2.3
cumplicidade,rapport,3.37,1.73,3.37,1.84,4.51,1.67,12,5,CVC.CCV.CV.CV.CV,N,13.127,1.15,4.118,0,3
cunha,wedge,4.07,1.89,3.36,1.94,3.63,1.47,5,2,CV.CCV,"N,V",1.9,0.463,3.279,5,1.55
cupão,coupon,4.95,1.72,5.8,1.44,3.89,1.29,5,2,CV.CVV,N,8.271,0.967,3.918,1,1.95
cúpula,dome,4.32,1.98,5,1.92,2.19,0.83,6,3,CV.CV.CV,N,5.442,0.809,3.736,2,1.85
cura,cure,3.42,2,3.4,1.62,4.12,1.3,4,2,CV.CV,"N,V",10.469,1.06,4.02,17,1
curioso,curious,3.79,1.95,3.25,1.71,5.37,1.22,7,4,CV.CV.V.CV,"ADJ,N",24.857,1.413,4.395,2,1.85
currículo,curriculum,4.49,1.98,5.68,1.43,4.51,1.28,9,4,CVC.CV.CV.CV,N,12.047,1.116,4.081,0,2.95
curso,course,4.32,1.88,4.68,1.69,6.49,0.88,5,2,CVC.CV,"N,V",132.437,2.125,5.122,7,1.35
curto,short,3.92,1.79,4.32,1.77,5.51,1.39,5,2,CVC.CV,"ADJ,V",64.892,1.819,4.812,13,1.2
curva,curve,5.52,1.44,4.93,1.67,5.44,1.27,5,2,CVC.CV,"ADJ,N,V",13,1.146,4.114,7,1.3
custo,cost,3.32,1.93,4.07,1.94,5.45,1.42,5,2,CVC.CV,"N,V",55.976,1.756,4.748,11,1.3
cutelo,cleaver,4.19,2.05,4.88,2.23,1.6,0.71,6,3,CV.CV.CV,N,0.616,0.208,2.789,3,1.8
dado,die,5.33,2.09,5.93,1.53,4.28,1.54,4,2,CV.CV,"ADJ,N,V",183.034,2.265,5.263,12,1.15
dália,dahlia,4.91,2.1,5.85,1.43,1.83,0.79,5,2,CV.CVV,N,0.259,0.1,2.413,0,1.95
dama,lady,4.98,1.87,5.07,1.76,2.91,1.2,4,2,CV.CV,N,6.439,0.872,3.809,14,1.15
damasco,apricot,4.69,2.28,6.17,1.16,2.07,0.8,7,3,CV.CVC.CV,N,0.723,0.236,2.859,0,2.55
dança,dance,5.66,1.52,5.14,1.69,4.93,1.49,5,2,CVC.CV,"N,V",56.24,1.758,4.75,4,1.6
dano,harm,4.17,1.88,3.89,1.8,3.82,1.44,4,2,CV.CV,"N,V",2.809,0.581,3.449,15,1
data,date,4.22,2.07,3.9,2.13,6.2,0.99,4,2,CV.CV,"N,V",143.405,2.16,5.157,17,1
debate,debate,4.56,1.88,4.3,1.91,4.26,1.35,6,3,CV.CV.CV,"N,V",176.566,2.249,5.247,8,1.4
débil,feeble,3.85,1.88,2.49,1.09,3.24,1.1,5,2,CV.CVC,"ADJ,N",4.27,0.722,3.63,0,2.45
década,decade,3.17,1.9,4.19,2.24,3.6,1.23,6,3,CV.CV.CV,N,81.014,1.914,4.909,0,1.95
decadência,decay,3.4,1.71,2.78,1.73,3.89,1.58,10,4,CV.CV.CVC.CVV,N,8.398,0.973,3.924,0,2.8
decente,decent,3.51,1.81,3.35,1.68,4.77,1.4,7,3,CV.CVC.CV,ADJ,2.887,0.59,3.461,4,1.7
decisão,decision,3.45,1.96,3.66,1.93,5.6,1.31,7,3,CV.CV.CVV,N,299.037,2.477,5.476,1,1.95
decisivo,decisive,3.29,1.75,3.2,1.95,4.73,1.38,8,4,CV.CV.CV.CV,ADJ,31.388,1.51,4.497,1,2.55
declaração,statement,4.03,1.83,4,1.74,4.84,1.39,10,4,CV.CCV.CV.CVV,N,74.018,1.875,4.869,2,2.3
declínio,decline,3.74,1.77,2.81,1.74,3.35,1.27,8,3,CV.CCV.CVV,N,10.591,1.064,4.025,1,2.65
declive,declivity,4.48,1.91,4.57,1.79,3.47,1.68,7,3,CV.CCV.CV,"N,V",1.563,0.409,3.194,1,2.15
decoração,decoration,4.75,1.7,4.64,1.75,4.14,1.35,9,4,CV.CV.CV.CVV,N,10.821,1.073,4.034,2,1.9
decreto,decree,3.19,1.7,3.93,1.82,3.79,1.54,7,3,CV.CCV.CV,"N,V",24.954,1.414,4.397,4,1.7
decurso,course,2.39,1.44,2.47,1.27,2.98,1.32,7,3,CV.CVC.CV,"ADJ,N",13,1.146,4.114,1,2.1
dedal,thimble,5.28,1.95,6.1,1.51,2.69,0.97,5,2,CV.CVC,N,0.181,0.072,2.257,1,1.95
dedicado,devoted,3.73,1.91,2.98,1.62,4.93,1.06,8,4,CV.CV.CV.CV,"ADJ,V",37.529,1.586,4.574,4,1.7
dedo,finger,6.11,1.45,6.61,0.82,6.04,1.17,4,2,CV.CV,N,16.957,1.254,4.229,10,1.4
defeito,defect,3.46,1.84,3.42,1.71,4.81,1.19,7,3,CV.CVV.CV,N,8.427,0.974,3.926,2,1.75
defensivo,defensive,3.67,1.83,3.18,1.6,4.4,1.4,9,4,CV.CVC.CV.CV,"ADJ,N",6.971,0.902,3.843,1,2.6
defensor,defender,3.47,1.77,3.41,1.58,3.68,1.11,8,3,CV.CVC.CVC,N,14.138,1.18,4.15,0,2.4
defesa,defense,3.51,1.89,3.69,1.9,5.19,1.37,6,3,CV.CV.CV,"ADJ,N",262.651,2.421,5.419,3,1.7
défice,deficit,3.36,1.95,2.97,1.73,4.93,1.75,6,3,CV.CV.CV,N,49.684,1.705,4.696,0,2.7
deficiência,deficiency,4.65,1.71,4.64,1.52,4.39,1.44,11,5,CV.CV.CV.VC.CVV,N,7.006,0.903,3.845,0,2.75
deficiente,handicapped,5.21,1.69,4.72,1.68,4.58,1.53,10,5,CV.CV.CV.VC.CV,"ADJ,N",12.409,1.127,4.094,0,2.55
definição,definition,3.11,1.95,3.21,1.92,5.35,1.41,9,4,CV.CV.CV.CVV,N,52.327,1.727,4.719,1,2.6
degradação,degradation,3.95,1.71,3.75,1.8,3.66,1.12,10,4,CV.CCV.CV.CVV,N,28.452,1.469,4.454,1,2.5
delegação,delegation,3.16,1.59,4,1.85,3.23,1.22,9,4,CV.CV.CV.CVV,N,68.053,1.839,4.833,3,2
delegado,delegate,4.39,2.01,4.47,1.73,4.05,1.57,8,4,CV.CV.CV.CV,"ADJ,N,V",30.035,1.492,4.478,3,1.7
deleite,delight,3.14,1.78,2.7,1.27,2.28,1.18,7,3,CV.CVV.CV,"N,V",1.48,0.395,3.17,2,1.7
delgado,slender,3.82,1.79,3.92,1.69,2.56,0.92,7,3,CVC.CV.CV,"ADJ,N",3.132,0.616,3.496,1,1.85
delicado,delicate,3.84,1.66,3.27,1.67,4.55,1.39,8,4,CV.CV.CV.CV,ADJ,7.431,0.926,3.871,4,1.7
delicioso,luscious,4.29,1.91,3.67,1.94,5.22,1.42,9,5,CV.CV.CV.V.CV,ADJ,2.027,0.481,3.307,1,2.25
delírio,delirium,3.89,2.09,3.14,1.61,3.72,1.39,7,3,CV.CV.CVV,N,7.274,0.918,3.862,0,2.3
delito,misdemeanor,3.54,1.58,3.53,1.79,3.15,1.31,6,3,CV.CV.CV,N,7.836,0.946,3.894,5,1.6
demente,insane,3.79,1.93,3.09,1.34,3.65,1.61,7,3,CV.CVC.CV,"ADJ,N,V",0.664,0.221,2.822,5,1.6
demissão,resignation,3.32,1.89,3.49,1.91,3.54,1.63,8,3,CV.CVC.CVV,N,65.259,1.821,4.815,1,2.35
democracia,democracy,3.64,1.92,2.75,2.12,4.21,1.45,10,5,CV.CV.CCV.CV.V,N,99.803,2.004,4.999,0,2.6
democrata,democrat,3.53,1.92,4.05,1.97,3.98,1.62,9,4,CV.CV.CCV.CV,"ADJ,N",19.458,1.311,4.289,0,2.65
demolição,demolition,4.92,1.75,5.19,1.5,3.11,1.02,9,4,CV.CV.CV.CVV,N,11.94,1.112,4.077,1,2.6
demónio,demon,5,1.69,3.6,2.16,3.34,1.48,7,3,CV.CV.CVV,N,3.161,0.619,3.5,0,2.45
demonstração,demonstration,3.39,1.85,3.36,1.58,4.84,1.29,12,4,CV.CVCC.CCV.CVV,N,15.262,1.211,4.184,1,2.6
demora,delay,3.43,1.68,3.12,1.79,5.68,1.32,6,3,CV.CV.CV,"N,V",15.575,1.219,4.192,6,1.55
densidade,thickness,3.02,1.77,3.54,1.72,3.54,1.28,9,4,CVC.CV.CV.CV,N,9.829,1.035,3.993,0,2.6
denso,dense,3.08,1.71,3.46,1.77,3.59,1.39,5,2,CVC.CV,ADJ,2.931,0.595,3.467,7,1.6
dente,tooth,6.31,1.42,6.69,0.66,5.11,1.26,5,2,CVC.CV,N,3.894,0.69,3.59,11,1.15
dentista,dentist,5.59,1.92,6.49,0.68,3.53,1.12,8,3,CVC.CVC.CV,"ADJ,N",1.969,0.473,3.294,0,1.95
denúncia,denunciation,3.06,1.73,2.91,1.37,3.79,1.49,8,3,CV.CVC.CVV,N,21.764,1.357,4.338,2,2.15
departamento,department,3.77,2.04,4.48,1.72,4.79,1.36,12,5,CV.CVC.CV.CVC.CV,N,41.848,1.632,4.622,0,2.65
dependência,dependence,3.44,1.7,3.02,1.62,4.02,1.34,11,4,CV.CVC.CVC.CVV,N,23.635,1.392,4.374,0,2.85
dependente,dependent,3.44,1.85,3.05,1.82,4.47,1.48,10,4,CV.CVC.CVC.CV,ADJ,26.005,1.431,4.415,0,2.5
depoimento,testimony,3.59,1.95,4.29,1.76,3.21,1.37,10,4,CV.CVV.CVC.CV,N,11.49,1.097,4.06,0,2.7
depósito,deposit,4.31,1.8,5.12,1.55,4.35,1.23,8,4,CV.CV.CV.CV,N,16.835,1.251,4.226,1,2.6
depressão,depression,4.25,1.95,2.58,1.45,4.41,1.57,9,3,CV.CCVC.CVV,N,8.828,0.993,3.946,1,2.3
deprimido,depressed,3.84,1.99,3.08,1.64,4.72,1.45,9,4,CV.CCV.CV.CV,"ADJ,V",1.681,0.428,3.226,2,1.8
deputado,deputy,5.38,1.76,5.29,1.57,4.72,1.77,8,4,CV.CV.CV.CV,"N,V",106.325,2.031,5.027,4,1.75
derrota,defeat,3.76,1.85,3.41,1.9,4.28,1.33,7,3,CVC.CV.CV,"N,V",74.892,1.88,4.874,4,1.6
derrotado,defeated,3.98,1.41,2.98,1.81,3.52,1.17,9,4,CVC.CV.CV.CV,"ADJ,V",20.064,1.324,4.302,3,1.75
desafio,challenge,4.19,1.87,3.83,1.69,4.74,1.45,7,4,CV.CV.CV.V,"N,V",53.197,1.734,4.726,2,1.7
desagradável,nasty,3.9,1.85,2.97,1.81,4.88,1.31,12,5,CV.CV.CCV.CV.CVC,ADJ,6.805,0.892,3.833,0,3.25
desajeitado,clumsy,3.86,1.84,4.09,1.8,4.31,1.49,11,5,CV.CV.CVV.CV.CV,ADJ,0.151,0.061,2.18,1,2.35
desanimado,discouraged,3.52,1.85,3.36,1.79,5.04,1.3,10,5,CV.CV.CV.CV.CV,"ADJ,N,V",0.953,0.291,2.979,1,1.8
desastre,disaster,4.73,1.76,3.69,1.87,4.43,1.49,8,3,CV.CVC.CCV,N,22.263,1.367,4.348,0,2.45
desastroso,disastrous,3.53,2,3.09,1.25,3.88,1.4,10,4,CV.CVC.CCV.CV,ADJ,3.19,0.622,3.504,1,2.65
desavença,quarrel,3.25,1.83,2.81,1.47,2.71,0.94,9,4,CV.CV.CVC.CV,N,0.63,0.212,2.8,0,2.6
descanso,rest,4.1,2.02,3.75,1.87,6.27,0.8,8,3,CVC.CVC.CV,"N,V",15.535,1.218,4.191,2,1.75
descarado,brazen,3.52,1.87,3.23,1.78,3.59,1.26,9,4,CVC.CV.CV.CV,"ADJ,V",1.016,0.305,3.007,5,1.6
descarga,discharge,3.83,1.91,3.55,1.78,4.14,1.32,8,3,CVC.CVC.CV,N,7.939,0.951,3.9,3,1.8
descida,descent,5.1,1.75,5.16,1.5,5.18,1.36,7,3,CVC.CV.CV,"N,V",48.424,1.694,4.685,3,1.6
desconfiado,suspicious,3.13,1.65,3.07,1.96,4.86,1.16,11,5,CVC.CVC.CV.V.CV,"ADJ,V",2.399,0.531,3.38,1,1.95
desconfiança,suspicion,3.17,1.88,2.85,1.91,4.21,1.47,12,5,CVC.CVC.CV.VC.CV,N,18.066,1.28,4.257,0,2.65
descontente,displeased,3.92,1.78,3.26,1.72,4.37,1.57,11,4,CVC.CVC.CVC.CV,"ADJ,V",4.749,0.76,3.677,2,2.45
desconto,discount,4.16,2.14,4.05,1.73,5.04,1.36,8,3,CVC.CVC.CV,"N,V",11.764,1.106,4.071,2,1.8
descontraído,easygoing,4.23,1.78,3.1,1.66,4.79,1.31,12,5,CVC.CVC.CCV.V.CV,"ADJ,V",2.672,0.565,3.427,1,2.2
descrição,discription,3.31,1.76,3.14,1.76,5.05,1.42,9,3,CVC.CCV.CVV,N,12.389,1.127,4.093,1,2.45
desculpa,excuse,3.61,2.05,3.53,2.01,6.33,0.82,8,3,CVC.CVC.CV,"INT,N,V",16.366,1.24,4.214,2,1.65
desdém,scorn,2.49,1.43,2.23,1.15,2.96,1.22,6,2,CVC.CVC,N,2.233,0.51,3.349,0,2.45
desdenhoso,disdainful,2.34,1.31,2.23,1.23,1.8,0.78,10,4,CVC.CV.CCV.CV,ADJ,0.371,0.137,2.57,1,2.5
desejo,wish,4.1,1.97,3.17,1.72,5.33,1.37,6,3,CV.CV.CV,"N,V",62.366,1.802,4.795,2,1.75
desempenho,performance,3.24,1.92,2.87,1.41,5.18,1.4,10,4,CV.CVC.CV.CCV,"N,V",26.049,1.432,4.416,2,1.7
desemprego,unemployment,4.23,2.05,4.02,2.05,6,1.19,10,4,CV.CVC.CCV.CV,"N,V",91.752,1.967,4.963,1,2.3
desenhador,draughtsman,4.97,1.67,4.66,1.53,2.65,1.08,10,4,CV.CV.CCV.CVC,N,3.859,0.687,3.587,1,1.85
desenho,drawing,5.63,1.34,5.6,1.63,4.89,1.28,7,3,CV.CV.CCV,"N,V",33.821,1.542,4.529,5,1.55
deserto,desert,5.85,1.55,5.98,1.18,3.35,1.18,7,3,CV.CVC.CV,"ADJ,N,V",19.243,1.306,4.284,4,1.6
desertor,deserter,2.91,1.71,2.96,1.21,2.2,1.01,8,3,CV.CVC.CVC,N,0.811,0.258,2.909,3,1.75
desesperado,despairing,4.1,1.9,3.43,1.83,4.07,1.32,11,5,CV.CVC.CV.CV.CV,"ADJ,V",5.208,0.793,3.717,1,1.9
desespero,despair,4.34,2.11,3.02,1.73,4.39,1.67,9,4,CV.CVC.CV.CV,"N,V",19.971,1.322,4.3,2,2.15
desfavorável,unfavorable,2.95,1.82,2.93,1.69,4.28,1.37,12,5,CVC.CV.CV.CV.CVC,ADJ,8.33,0.97,3.921,0,3.35
desfecho,upshot,3.27,1.98,2.77,1.46,3.59,1.42,8,3,CVC.CV.CCV,"N,V",18.809,1.297,4.274,1,2.1
desfiladeiro,canyon,4.56,2.02,4.76,1.96,2.33,1.21,12,5,CVC.CV.CV.CVV.CV,N,0.469,0.167,2.671,0,3.8
desfile,parade,5.63,1.22,4.79,1.84,3.31,1.27,7,3,CVC.CV.CV,"N,V",19.068,1.303,4.28,3,1.6
desgaste,wear,3.15,1.75,3.5,1.61,4.28,1.44,8,3,CVC.CVC.CV,"N,V",10.577,1.064,4.024,4,1.6
desgosto,grief,3.64,1.83,2.98,1.87,4,1.52,8,3,CVC.CVC.CV,"N,V",5.413,0.807,3.733,3,1.75
desgraça,disgrace,4.05,2.04,3.47,1.84,4.61,1.51,8,3,CVC.CCV.CV,"N,V",14.876,1.201,4.173,2,1.75
designação,designation,2.69,1.82,2.82,1.35,3.91,1.52,10,4,CV.CVC.CV.CVV,N,26.821,1.444,4.429,2,2.4
desigualdade,inequality,3.21,1.75,2.54,1.51,4.19,1.32,12,5,CV.CV.CVVC.CV.CV,N,5.643,0.822,3.752,0,3.7
desilusão,disillusion,3.29,1.86,2.9,1.66,4.3,1.34,9,4,CV.CV.CV.CVV,N,10.22,1.05,4.01,0,2.85
desleal,disloyal,2.59,1.37,3.17,1.67,3.13,1.29,7,3,CVC.CV.VC,ADJ,3.864,0.687,3.587,0,2.9
deslocação,dislocation,3.61,1.52,3.63,1.76,4.77,1.61,10,4,CVC.CV.CV.CVV,N,37.905,1.59,4.579,1,2.5
desocupado,unoccupied,3.25,1.55,3.58,1.91,3.82,1.51,10,5,CV.CV.CV.CV.CV,"ADJ,V",0.733,0.239,2.865,1,2.2
desordenado,messy,3.52,1.77,3.16,1.58,4,1.34,11,5,CV.CVC.CV.CV.CV,"ADJ,N,V",1.329,0.367,3.124,1,2.2
despedida,farewell,4.23,2.09,3.84,2.09,4.77,1.36,9,4,CVC.CV.CV.CV,"ADJ,N,V",12.907,1.143,4.111,3,1.7
despedimento,dismissal,3.72,1.8,4.1,1.91,4.74,1.7,12,5,CVC.CV.CV.CVC.CV,N,13.777,1.17,4.139,0,2.65
desperdício,waste,3.48,1.82,3.29,1.6,5.23,1.36,11,4,CVC.CVC.CV.CVV,N,4.197,0.716,3.623,0,3.6
despesa,expense,3.77,1.64,3.95,1.71,5.48,1.35,7,3,CVC.CV.CV,N,17.416,1.265,4.241,4,1.65
despido,nude,5.35,1.25,4.88,1.6,5.04,1.36,7,3,CVC.CV.CV,"ADJ,V",1.598,0.415,3.203,2,1.8
desportivo,sporting,4.94,1.73,4.61,1.59,5.08,1.39,10,4,CVC.CVC.CV.CV,ADJ,34.666,1.552,4.54,1,2.5
desporto,sports,5.37,1.88,4.73,1.83,5.49,1.35,8,3,CVC.CVC.CV,N,104.126,2.022,5.018,1,1.85
desprezo,contempt,3.66,1.93,2.65,1.49,4.18,1.18,8,3,CVC.CCV.CV,"N,V",9.517,1.022,3.979,3,1.75
destemido,fearless,3.77,1.71,3.17,1.87,3.73,1.44,9,4,CVC.CV.CV.CV,ADJ,0.777,0.25,2.89,1,2.55
destino,destiny,3.44,1.85,3.05,1.99,4.43,1.33,7,3,CVC.CV.CV,"N,V",79.626,1.907,4.901,2,1.75
destreza,dexterity,3.23,1.99,2.97,1.75,3.13,1.29,8,3,CVC.CCV.CV,N,1.754,0.44,3.244,1,1.9
destruição,destruction,4.56,1.92,4.14,1.56,4.19,1.42,10,4,CVC.CCV.V.CVV,N,38.013,1.591,4.58,1,2.7
desvantagem,handicap,2.78,1.8,2.98,1.7,4.39,1.52,11,4,CVC.CVC.CV.CVC,N,11.613,1.101,4.065,0,2.9
desvio,deflection,3.62,1.83,4.07,1.74,4.51,1.4,6,3,CVC.CV.V,"N,V",18.349,1.287,4.264,4,1.7
detalhe,detail,3.25,2.04,3.29,1.68,4.86,1.37,7,3,CV.CV.CCV,"N,V",5.012,0.779,3.7,2,1.9
detenção,detention,3.68,1.64,3.66,1.7,3.56,1.48,8,3,CV.CVC.CVV,N,30.709,1.501,4.487,2,1.9
detido,arrested,4.03,1.61,4.33,2.12,3.81,1.42,6,3,CV.CV.CV,"ADJ,N,V",37.632,1.587,4.576,6,1.65
deus,god,4.15,2.4,2.71,2.07,5.39,1.61,4,1,CVVC,"INT,N",12.487,1.13,4.097,3,1.6
dever,duty,3.05,1.67,2.93,1.71,5.43,1.27,5,2,CV.CVC,"N,V",35.648,1.564,4.552,6,1.55
devoção,devotion,3.44,1.91,2.63,1.47,3.36,1.47,7,3,CV.CV.CVV,N,5.691,0.826,3.755,0,2.35
dia,day,5.37,1.51,5.66,1.54,6.84,0.37,3,2,CV.V,N,1027.086,3.012,6.012,12,1
diabo,devil,5.76,1.39,4.66,2.36,3.7,1.51,5,3,CV.V.CV,"INT,N",14.891,1.201,4.173,1,1.9
diálogo,dialogue,4.41,1.94,3.72,1.94,4.93,1.51,7,4,CV.V.CV.CV,N,86.871,1.944,4.939,1,2.5
diamante,diamond,5.69,1.89,6.32,1.15,3.04,1.23,8,4,CV.V.CVC.CV,N,2.33,0.523,3.367,0,2.35
diário,daily,5.48,1.49,5.38,1.52,4.98,1.66,6,3,CV.V.CVV,"ADJ,N",63.412,1.809,4.802,2,1.85
dica,hint,3.02,1.79,3.61,1.93,4.37,1.38,4,2,CV.CV,N,0.63,0.212,2.8,13,1.15
diferença,difference,3.53,1.91,2.93,1.63,5.78,1.18,9,4,CV.CV.CVC.CV,"N,V",89.094,1.955,4.95,0,2.35
diferente,different,3.47,1.89,2.39,1.15,6.09,1.16,9,4,CV.CV.CVC.CV,ADJ,118.983,2.079,5.076,2,2.2
difícil,difficult,3.05,1.96,3.12,1.91,5.96,1.14,7,3,CV.CV.CVC,ADJ,190.949,2.283,5.281,0,2.9
dificuldade,dificulty,3.65,1.89,3.15,2.02,5.58,1.16,11,5,CV.CV.CVC.CV.CV,N,55.517,1.752,4.744,0,3
difusão,diffusion,2.48,1.42,2.95,1.5,2.98,1.41,7,3,CV.CV.CVV,N,15.57,1.219,4.192,0,2.35
dígito,digit,5.13,1.92,5.26,1.72,4.32,1.53,6,3,CV.CV.CV,N,0.401,0.146,2.603,1,1.9
dignidade,dignity,3.36,1.84,3.27,1.88,4.29,1.29,9,4,CVC.CV.CV.CV,N,35.033,1.557,4.545,0,2.85
digno,dignified,3.1,1.65,2.67,1.55,4.21,1.37,5,2,CVC.CV,"ADJ,V",10.953,1.078,4.04,3,1.65
dilúvio,deluge,4.76,2.02,4.11,2,2.26,0.85,7,3,CV.CV.CVV,N,1.676,0.427,3.224,0,2.85
dimensão,dimension,2.97,1.91,2.81,1.71,4.45,1.39,8,3,CV.CVC.CVV,N,82.597,1.922,4.917,0,2.65
dinâmica,dynamics,3.43,1.92,2.67,1.35,4.33,1.44,8,4,CV.CV.CV.CV,"ADJ,N",24.451,1.406,4.388,1,2.65
dinâmico,dynamic,3.16,1.56,2.97,1.7,4.54,1.27,8,4,CV.CV.CV.CV,ADJ,5.393,0.806,3.732,1,2.7
dinamismo,dynamism,2.84,1.75,2.95,1.39,3.61,1.54,9,4,CV.CV.CVC.CV,N,9.409,1.017,3.974,0,2.8
dinastia,dinasty,3.58,1.67,3.27,1.77,2.19,1.01,8,4,CV.CVC.CV.V,N,5.965,0.843,3.776,0,2.75
dinheiro,money,6.51,0.89,6.39,0.88,6.65,0.64,8,3,CV.CCVV.CV,N,228.849,2.361,5.36,2,1.9
dinossauro,dinosaur,6.34,1,6.22,1.24,2.78,0.92,10,4,CV.CVC.CVV.CV,N,4.255,0.721,3.629,0,3.55
diocese,diocese,3.79,2.11,4.52,1.84,2.36,1.02,7,4,CV.V.CV.CV,N,11.515,1.097,4.061,0,2.7
dióspiro,persimmon,5.58,1.99,6.6,0.86,3.12,1.32,8,4,CV.VC.CV.CV,N,0.01,0.004,0.991,1,2.6
diploma,diploma,5.42,1.85,5.89,1.15,4,1.45,7,3,CV.CCV.CV,"N,V",47.144,1.683,4.673,0,2.3
diplomacia,diplomacy,2.54,1.48,2.69,1.52,2.88,1.15,10,5,CV.CCV.CV.CV.V,N,27.89,1.461,4.446,0,2.85
diplomata,diplomat,4.35,1.84,5.13,1.75,3.36,1.54,9,4,CV.CCV.CV.CV,N,19.268,1.307,4.285,2,2.35
direcção,direction,3.82,1.82,3.98,1.81,5.16,1.44,8,3,CV.CVC.CVV,N,264.859,2.425,5.423,0,2.6
directo,direct,3.54,1.87,3.73,1.88,5.53,1.21,7,3,CV.CVC.CV,"ADJ,N",63.988,1.813,4.806,3,1.8
director,director,4.55,1.86,5.41,1.49,4.96,1.35,8,3,CV.CVC.CVC,"ADJ,N",207.554,2.319,5.317,1,2.1
direita,right,4.15,2.16,4.97,1.98,6.27,0.87,7,3,CV.CVV.CV,"ADJ,N",103.022,2.017,5.013,2,1.85
direito,right,4.11,1.9,3.44,1.81,5.67,1.37,7,3,CV.CVV.CV,"ADJ,ADV,N",244.648,2.39,5.389,2,1.85
dirigente,ruling,4.21,1.73,4.98,1.45,3.9,1.56,9,4,CV.CV.CVC.CV,"ADJ,N",107.571,2.036,5.032,2,2.55
disciplina,discipline,3.9,1.87,4.28,1.78,5.89,1.06,10,4,CVC.CV.CCV.CV,"N,V",33.587,1.539,4.526,2,2
discípulo,disciple,4.15,1.87,4.28,1.87,2.82,0.94,9,4,CVC.CV.CV.CV,N,3.737,0.676,3.573,1,3.15
disco,record,6.31,0.97,6.25,1.19,3.96,1.4,5,2,CVC.CV,"N,V",80.545,1.911,4.906,10,1.35
discoteca,disco,6.19,1.11,6.18,1.13,4.7,1.31,9,4,CVC.CV.CV.CV,N,18.623,1.293,4.27,0,2.9
discreto,discreet,2.9,1.75,2.58,1.34,4.47,1.31,8,3,CVC.CCV.CV,"ADJ,N",11.525,1.098,4.062,1,2.4
discurso,speech,4.1,1.83,4.1,1.92,5.07,1.35,8,3,CVC.CVC.CV,"N,V",127.498,2.109,5.106,2,2.05
discussão,discussion,4.22,1.82,3.97,1.56,4.71,1.32,9,3,CVC.CVC.CVV,N,113.897,2.06,5.057,0,2.9
disforme,deformed,3.4,1.73,2.84,1.41,2.77,1.28,8,3,CVC.CVC.CV,"ADJ,V",0.713,0.234,2.853,0,2.3
disparate,nonsense,3.61,1.8,2.98,1.25,5.15,1.46,9,4,CVC.CV.CV.CV,"N,V",5.027,0.78,3.701,1,1.85
disparo,shooting,5.22,1.61,4.97,1.68,3.6,1.46,7,3,CVC.CV.CV,"N,V",5.569,0.818,3.746,2,1.8
disponível,available,3.1,1.76,3.19,1.68,5.61,1.19,10,4,CVC.CV.CV.CVC,ADJ,45.463,1.667,4.658,0,3.4
disposição,disposition,2.88,1.8,2.76,1.4,4.86,1.47,10,4,CVC.CV.CV.CVV,N,48.15,1.692,4.683,0,2.85
dispositivo,device,4.32,1.89,5,1.75,4.66,1.63,11,5,CVC.CV.CV.CV.CV,N,13.156,1.151,4.119,2,2.7
disputa,dispute,3.8,1.82,3.4,1.67,3.93,1.44,7,3,CVC.CV.CV,"N,V",34.735,1.553,4.541,3,1.65
dissidente,dissident,2.83,1.72,2.91,1.47,2.06,1.01,10,4,CVC.CV.CVC.CV,"ADJ,N",6.771,0.891,3.831,0,2.8
distância,distance,4.57,1.94,3.38,1.57,5.39,1.19,9,3,CVC.CVC.CVV,N,67.408,1.835,4.829,1,2.2
distante,distant,3.82,2,3.38,1.67,4.76,1.33,8,3,CVC.CVC.CV,ADJ,17.475,1.267,4.242,0,1.95
distinção,distinction,3.03,1.92,3.36,1.67,4.09,1.43,9,3,CVC.CVC.CVV,N,17.245,1.261,4.237,0,2.6
distinto,distinct,2.77,1.69,3.41,1.89,4.29,1.5,8,3,CVC.CVC.CV,ADJ,3.664,0.669,3.564,2,2.05
distribuição,distribution,3.39,1.79,3.79,1.59,4.58,1.35,12,5,CVC.CCV.CV.V.CVV,N,80.872,1.913,4.908,1,2.8
distrito,district,4.08,2.03,4.18,1.94,4.4,1.44,8,3,CVC.CCV.CV,N,97.487,1.993,4.989,0,2.25
ditado,saying,3.76,2,4.49,1.86,3.36,1.19,6,3,CV.CV.CV,"N,V",5.042,0.781,3.703,6,1.35
ditador,dictator,4.33,1.94,4.53,1.93,3.2,1.02,7,3,CV.CV.CVC,N,10.587,1.064,4.025,4,1.7
ditadura,dictatorship,3.9,2.01,3.81,2.04,3.34,1.02,8,4,CV.CV.CV.CV,N,23.577,1.391,4.373,1,2.5
ditongo,diphthong,3.48,2.17,3.74,2.06,2.18,0.98,7,3,CV.CVC.CV,"N,V",0.098,0.041,1.99,0,2.55
divã,divan,5,2.1,5.71,1.59,2.63,1.17,4,2,CV.CV,N,0.855,0.268,2.932,2,1.85
divergência,divergence,3.33,1.85,2.51,1.34,4.25,1.39,11,4,CV.CVC.CVC.CVV,N,6.537,0.877,3.815,0,3.2
diversão,fun,5.12,1.52,3.4,1.78,5.25,1.39,8,3,CV.CVC.CVV,N,6.981,0.902,3.844,0,2.2
diversidade,diversity,4,1.87,3.02,1.82,4.57,1.36,11,5,CV.CVC.CV.CV.CV,N,19.087,1.303,4.281,0,3.15
divertido,amusing,4.4,1.8,3.71,2.03,5.62,1.25,9,4,CV.CVC.CV.CV,"ADJ,V",8.686,0.986,3.939,2,1.8
dívida,debt,3.85,1.88,4.02,1.62,4.34,1.69,6,3,CV.CV.CV,N,64.418,1.816,4.809,6,1.65
divino,divine,3.98,2.09,2.78,1.85,3.74,1.45,6,3,CV.CV.CV,"ADJ,N",5.403,0.806,3.733,3,1.8
divisa,currency,3.41,1.81,3.92,1.77,2.57,1.29,6,3,CV.CV.CV,"ADJ,N,V",9.976,1.04,3.999,4,1.65
divisão,split,3.63,1.96,4.26,1.72,4.89,1.29,7,3,CV.CV.CVV,N,77.12,1.893,4.887,0,1.95
divórcio,divorce,4.41,1.87,4.45,1.89,3.81,1.6,8,3,CV.CVC.CVV,N,12.375,1.126,4.093,1,2.6
divulgação,divulging,2.54,1.19,3.53,1.69,4.44,1.38,10,4,CV.CVC.CV.CVV,N,58.253,1.773,4.765,1,2.75
doce,sweet,5.15,1.6,4.39,2.02,5.74,1.09,4,2,CV.CV,"ADJ,N",16.84,1.251,4.226,10,1.35
docente,lecturer,5.35,1.45,5.31,1.77,5.46,1.51,7,3,CV.CVC.CV,"ADJ,N",19.859,1.319,4.298,2,1.8
documento,document,5.26,1.88,5.76,1.29,6.02,1.05,9,4,CV.CV.CVC.CV,"N,V",154.787,2.193,5.19,2,2.1
doença,disease,4.76,1.75,4.67,1.62,5.11,1.26,6,3,CV.VC.CV,N,90.144,1.96,4.955,0,1.95
doente,sick,5.15,1.51,4.79,1.76,4.91,1.56,6,3,CV.VC.CV,"ADJ,N",38.638,1.598,4.587,1,1.75
dogma,dogma,3,2.01,2.27,1.22,2.32,1.05,5,2,CVC.CV,N,2.277,0.515,3.357,0,1.9
doido,crazy,4.46,1.78,3.3,1.66,5.27,1.48,5,2,CVV.CV,"ADJ,N",2.878,0.589,3.459,5,1.6
dólar,dollar,6.19,1.13,6.21,1.14,4.14,1.9,5,2,CV.CVC,N,57.173,1.765,4.757,0,2
doloroso,painful,4,1.96,3.39,1.96,4.02,1.29,8,4,CV.CV.CV.CV,ADJ,4.841,0.767,3.685,1,2
dom,endowment,3.08,1.87,2.78,1.77,3.79,1.61,3,1,CVC,N,19.537,1.313,4.291,11,1.15
domicílio,dwelling,4.49,1.93,5.16,1.48,3.82,1.59,9,4,CV.CV.CV.CVV,N,5.081,0.784,3.706,1,3.1
dominado,subdued,3.13,1.81,3.16,1.72,3.62,1.48,8,4,CV.CV.CV.CV,"ADJ,V",13.059,1.148,4.116,2,1.7
dominante,dominant,3.48,1.8,3.25,1.87,3.91,1.44,9,4,CV.CV.CVC.CV,"ADJ,N",19.722,1.316,4.295,0,2.6
domingo,sunday,4.2,2.28,4.4,2.19,5.09,1.3,7,3,CV.CVC.CV,N,154.445,2.192,5.189,0,1.85
domínio,domain,3.28,1.84,2.82,1.39,4.3,1.4,7,3,CV.CV.CVV,N,85.562,1.937,4.932,0,2.45
doninha,weasel,5.5,1.89,6.44,0.96,2.74,0.97,7,3,CV.CV.CCV,N,0.166,0.067,2.22,4,1.75
dono,owner,4.05,1.8,4.55,1.68,4.63,1.34,4,2,CV.CV,N,26.953,1.446,4.431,14,1.2
dor,ache,4.15,2.1,3.46,2.08,5.3,1.43,3,1,CVC,N,32.126,1.52,4.507,14,1.1
dose,dose,3.23,1.68,4.07,1.8,4.52,1.23,4,2,CV.CV,"N,V",13.601,1.164,4.134,11,1.2
dourada,gilthead seabream,5.16,1.91,5.05,1.85,3.9,1.4,7,3,CVV.CV.CV,"ADJ,N,V",5.188,0.792,3.715,6,1.6
dourado,golden,5.26,1.75,5.49,1.51,4.25,1.44,7,3,CVV.CV.CV,"ADJ,N,V",3.972,0.697,3.599,3,1.65
doutor,doctor,5.9,1.43,6.22,1.03,5.09,1.47,6,2,CVV.CVC,N,15.506,1.218,4.191,1,1.85
doutrina,doctrine,3.29,1.81,3,1.67,2.78,1.16,8,3,CVV.CCV.CV,"N,V",12.668,1.136,4.103,1,2.1
dragão,dragon,5.53,2.06,5.35,1.97,4,1.81,6,2,CCV.CVV,N,3.044,0.607,3.483,1,1.9
drama,drama,3.76,1.9,3.21,1.75,4.28,1.45,5,2,CCV.CV,N,25.438,1.422,4.406,4,1.6
dramático,dramatic,4.2,1.82,2.97,1.3,4.02,1.29,9,4,CCV.CV.CV.CV,"ADJ,N",11.603,1.101,4.065,2,2.2
droga,drug,5.44,1.58,5.6,1.38,4.3,1.46,5,2,CCV.CV,"INT,N,V",87.887,1.949,4.944,2,1.7
drogado,junkie,5.54,1.42,5.45,1.49,4.02,1.53,7,3,CCV.CV.CV,"ADJ,N,V",0.63,0.212,2.8,2,1.75
dromedário,dromedary,5.27,2.12,5.15,2.17,2.04,0.8,10,4,CCV.CV.CV.CVV,N,0.147,0.059,2.166,0,3.75
dúbio,dubious,2.35,1.48,2.03,1.25,2.26,1.24,5,2,CV.CVV,ADJ,0.591,0.202,2.772,2,1.85
duelo,duel,4.24,1.91,4.32,1.68,2.85,1,5,3,CV.V.CV,N,13.22,1.153,4.121,2,1.8
dueto,duet,5.03,1.62,5.11,1.68,3.3,1.15,5,3,CV.V.CV,N,2.892,0.59,3.461,3,1.8
duque,duke,4.7,1.85,5.03,1.85,2.59,0.97,5,2,CV.CVV,N,6.463,0.873,3.811,3,1.75
duração,duration,3.3,2.09,3.41,1.99,5.33,1.27,7,3,CV.CV.CVV,N,37.363,1.584,4.572,2,1.85
duro,hard,4.1,2.08,4.64,1.92,5.13,1.32,4,2,CV.CV,"ADJ,N,V",32.795,1.529,4.516,9,1.3
dúvida,doubt,3.49,1.93,3.26,1.89,6.02,1.03,6,3,CV.CV.CV,N,85.396,1.937,4.931,4,1.75
duvidoso,doubtful,3.39,1.87,3.3,1.78,4.92,1.38,8,4,CV.CV.CV.CV,ADJ,6.302,0.863,3.8,1,2.3
dúzia,dozen,4.31,2.11,4.98,2.16,4.54,1.27,5,2,CV.CVV,N,30.05,1.492,4.478,2,1.85
ecológico,ecological,3.87,1.94,3.93,1.71,4.14,1.34,9,5,V.CV.CV.CV.CV,ADJ,7.929,0.951,3.899,3,1.8
económico,economic,3.58,1.95,3.27,1.64,5.78,1.08,9,5,V.CV.CV.CV.CV,ADJ,94.8,1.981,4.977,1,2.65
economista,economist,4.62,1.73,5.28,1.76,4.18,1.47,10,5,V.CV.CV.CVC.CV,"ADJ,N",14.827,1.199,4.171,0,2.6
ecossistema,ecosystem,4.27,1.89,4.25,1.95,3.05,1.03,11,5,V.CVC.CVC.CV.CV,N,2.545,0.55,3.406,0,3.65
ecrã,screen,5.87,1.47,6.67,0.6,5.81,1.17,4,2,V.CCV,N,23.494,1.389,4.371,0,1.95
edição,edition,3.23,1.91,3.54,1.82,4.12,1.57,6,3,V.CV.CVV,N,191.686,2.285,5.283,2,1.7
edifício,building,6.05,1.14,6.49,0.76,5.02,1.35,8,4,V.CV.CV.CVV,N,118.411,2.077,5.073,0,2.75
editor,editor,4.15,1.9,4.41,1.85,4.25,1.55,6,3,V.CV.CVC,"ADJ,N",34.32,1.548,4.536,2,1.75
editora,publisher,4.23,1.66,4.4,1.84,3.51,0.98,7,4,V.CV.CV.CV,"ADJ,N",29.928,1.49,4.476,2,1.75
edredão,duvet,6.32,1.16,6.45,0.87,4.48,1.61,7,3,V.CCV.CVV,N,0.088,0.037,1.944,0,2.8
educação,education,3.98,1.9,3.45,1.73,5.79,1.28,8,4,V.CV.CV.CVV,N,167.265,2.226,5.223,0,2.3
educado,polite,3.89,1.64,4.05,1.86,5.05,1.27,7,4,V.CV.CV.CV,"ADJ,N,V",3.493,0.653,3.543,1,1.75
educador,educator,4.82,1.76,4.66,1.79,4.16,1.69,8,4,V.CV.CV.CVC,N,1.094,0.321,3.039,1,1.9
educativo,educating,3.5,1.86,3.58,1.97,4.53,1.42,9,5,V.CV.CV.CV.CV,ADJ,14.006,1.176,4.146,1,2.6
efectivo,effective,3.05,1.67,3.38,1.68,4.02,1.46,8,4,V.CVC.CV.CV,"ADJ,N,V",17.113,1.258,4.233,4,1.7
efeito,effect,3.1,1.91,3.33,1.87,4.7,1.21,6,3,V.CVV.CV,N,127.683,2.11,5.106,2,1.65
eficácia,effectiveness,3.3,1.88,3.05,1.87,5.18,1.4,8,4,V.CV.CV.CVV,N,44.359,1.657,4.647,0,3.2
eficaz,effective,3.51,1.89,3.53,1.89,5.24,1.35,6,3,V.CV.CVC,ADJ,40.285,1.616,4.605,0,2.65
eficiência,efficiency,3.34,1.84,3.59,2.03,4.67,1.38,10,5,V.CV.CV.VC.CVV,N,12.223,1.121,4.087,0,2.65
eficiente,efficient,3.61,1.78,3.54,1.78,4.68,1.3,9,5,V.CV.CV.VC.CV,ADJ,8.681,0.986,3.939,0,2.5
ego,ego,3.81,1.88,2.78,1.87,3.39,1.2,3,2,V.CV,N,2.79,0.579,3.446,3,1.5
egoísta,selfish,3.81,1.9,3.37,1.73,4.17,1.15,7,4,V.CV.VC.CV,"ADJ,N",2.506,0.545,3.399,0,2.65
eixo,axle,4,1.91,4.36,1.83,3.17,1.14,4,2,VV.CV,N,19.81,1.318,4.297,5,1.55
electricista,electrician,6.02,1.32,6.37,1.13,3.39,1.14,12,5,V.CVC.CCV.CVC.CV,"ADJ,N",1.886,0.46,3.276,0,3.7
eléctrico,street car,4.69,2.01,5.44,1.48,4.33,1.23,9,4,V.CVC.CCV.CV,"ADJ,N",15.702,1.223,4.196,1,2.65
elefante,elephant,6.25,1.43,6.55,0.9,3.91,1.35,8,4,V.CV.CVC.CV,N,4.314,0.725,3.635,2,2.3
elegante,elegant,4.64,1.56,4.03,1.84,4.84,1.26,8,4,V.CV.CVC.CV,"ADJ,N",8.501,0.978,3.929,2,2.1
eleição,election,3.79,1.89,3.88,1.89,4.12,1.46,7,3,V.CVV.CVV,N,49.347,1.702,4.693,0,2.05
eleitor,voter,4.45,2.05,4.96,1.79,3.46,1.45,7,3,V.CVV.CVC,N,4.719,0.757,3.674,1,1.8
eleitorado,electorate,3.5,1.83,3.51,1.77,2.74,1.25,10,5,V.CVV.CV.CV.CV,N,31.442,1.511,4.498,0,2.5
eleitoral,electoral,3.08,1.61,3.68,1.88,3.21,1.56,9,4,V.CVV.CV.CVC,ADJ,130.258,2.118,5.115,1,2.25
elemento,element,3.49,1.77,3.68,1.71,4.84,1.5,8,4,V.CV.CVC.CV,N,59.792,1.784,4.777,0,2.4
elenco,cast,4.26,1.67,4.75,1.67,3.46,1.13,6,3,V.CVC.CV,"N,V",20.064,1.324,4.302,1,1.85
elevação,uplift,4.06,1.88,3.28,1.59,3.86,1.56,8,4,V.CV.CV.CVV,N,8.833,0.993,3.946,1,2.2
elevador,elevator,5.95,1.41,6.54,0.79,5.14,1.36,8,4,V.CV.CV.CVC,N,5.946,0.842,3.774,1,2.05
elite,elite,3.73,1.75,3.43,1.71,3.4,1.76,5,3,V.CV.CV,N,14.72,1.196,4.168,4,1.7
elogio,compliment,3.57,1.84,3.47,1.87,4.72,1.25,6,4,V.CV.CV.V,"N,V",10.504,1.061,4.021,2,1.8
embaixada,embassy,4.43,1.96,4.68,1.89,2.97,1.06,9,4,VC.CVV.CV.CV,N,27.91,1.461,4.446,0,2.2
embaixador,ambassador,4.16,2.07,5.66,1.55,2.89,0.99,10,4,VC.CVV.CV.CVC,N,39.474,1.607,4.596,0,2.6
embalagem,package,5.24,1.78,5.77,1.25,4.96,1.7,9,4,VC.CV.CV.CVC,N,6.092,0.851,3.785,1,2.4
embaraçado,embarrassed,3.74,1.73,2.98,1.43,4.03,1.28,10,5,VC.CV.CV.CV.CV,"ADJ,V",1.754,0.44,3.244,1,1.75
embarcação,vessel,5.55,1.5,5.69,1.48,2.88,1.25,10,4,VC.CVC.CV.CVV,N,12.834,1.141,4.108,1,2.55
embargo,embargo,2.26,1.38,3.43,1.66,1.96,0.87,7,3,VC.CVC.CV,"N,V",25.565,1.424,4.408,2,1.8
embate,clash,4.56,1.85,3.91,1.82,3.25,1.21,6,3,VC.CV.CV,"N,V",9.653,1.028,3.985,5,1.55
embraiagem,clutch,5.26,2,6.2,1.05,4.72,1.57,10,4,VC.CCVV.V.CVC,N,0.743,0.241,2.871,0,2.85
embrião,embryo,5.31,1.86,5.84,1.5,2.71,0.93,7,3,VC.CCV.VV,N,5.691,0.826,3.755,0,2.75
emergência,emergency,4.64,1.63,3.83,1.8,4.33,1.41,10,4,V.CVC.CVC.CVV,N,34.403,1.549,4.537,1,2.7
emigração,emigration,4.18,1.74,4,1.94,4.23,1.31,9,4,V.CV.CCV.CVV,N,14.168,1.181,4.151,2,2.5
emissão,emission,3.3,1.75,3.78,1.74,4.04,1.43,7,3,V.CVC.CVV,N,49,1.699,4.69,1,2
emoção,emotion,3.81,2.02,3.07,1.86,5.14,1.47,6,3,V.CV.CVV,N,24.51,1.407,4.389,0,1.95
emocional,emotional,3.67,1.86,2.44,1.41,4.66,1.47,9,5,V.CV.CV.V.CVC,ADJ,9.702,1.03,3.987,2,2.05
empate,draw,4.11,1.69,4.12,1.87,4.39,1.23,6,3,VC.CV.CV,"N,V",41.076,1.624,4.614,3,1.7
empenhado,engaged,4.18,1.97,3.3,1.73,5.49,1.26,9,4,VC.CV.CCV.CV,"ADJ,V",10.621,1.065,4.026,2,1.75
empenho,commitment,3.52,1.81,3.23,1.77,5.1,1.17,7,3,VC.CV.CCV,"N,V",18.999,1.301,4.279,3,1.65
empregado,waiter,5.43,1.42,5.03,1.75,5.3,1.2,9,4,VC.CCV.CV.CV,"ADJ,N,V",5.393,0.806,3.732,1,1.8
emprego,employment,4.45,1.96,4.53,1.65,6.13,1.06,7,3,VC.CCV.CV,"N,V",112.871,2.056,5.053,1,1.85
empreitada,enterprise,3.61,1.78,4.02,1.68,2.75,1.24,10,4,VC.CCVV.CV.CV,"N,V",14.275,1.184,4.155,2,2
empresa,company,4.95,1.86,5.3,1.4,5.54,1.17,7,3,VC.CCV.CV,"N,V",464.382,2.668,5.667,1,1.85
empresário,businessman,4.81,1.99,5.22,1.81,4.4,1.4,10,4,VC.CCV.CV.CVV,"ADJ,N",50.48,1.712,4.703,1,2.75
empréstimo,loan,3.51,2.08,4.02,1.67,4.08,1.43,10,4,VC.CCVC.CV.CV,N,28.272,1.466,4.451,0,3.35
encanto,delight,3.9,1.95,3.05,1.7,4.42,1.33,7,3,VC.CVC.CV,"N,V",6.84,0.894,3.835,3,1.65
encargo,charge,2.68,1.76,3.51,1.56,3.5,1.44,7,3,VC.CVC.CV,N,4.47,0.738,3.65,1,1.85
encéfalo,encephalon,4.76,2,5.23,1.94,2.53,1.21,8,4,VC.CV.CV.CV,N,0.21,0.083,2.322,0,2.75
encenação,staging,4.23,1.78,3.53,1.44,3.05,1.23,9,4,VC.CV.CV.CVV,N,31.159,1.507,4.494,2,2.4
encenador,stage manager,4.45,1.93,4.64,1.65,2.57,0.99,9,4,VC.CV.CV.CVC,N,18.687,1.294,4.272,2,1.8
encerramento,closing,3.71,2.06,3.38,1.81,4.18,1.2,12,5,VC.CVC.CV.CVC.CV,N,60.847,1.791,4.784,1,2.25
encontro,meeting,4.19,1.71,3.61,1.76,5.21,1.33,8,3,VC.CVC.CCV,"N,V",290.019,2.464,5.462,2,1.85
endereço,address,4.1,1.72,4.15,2.19,4.93,1.4,8,4,VC.CV.CV.CV,"N,V",4.9,0.771,3.69,2,2.05
endinheirado,wealthy,4.14,2.04,4.07,1.79,2.74,1.39,12,5,VC.CV.CCVV.CV.CV,ADJ,0.195,0.078,2.291,1,3.45
energia,energy,3.97,1.96,3.68,1.86,5.53,1.14,7,4,V.CVC.CV.V,N,74.77,1.88,4.874,2,1.85
enérgico,energetic,3.95,1.75,3.53,1.58,4.26,1.22,8,4,V.CVC.CV.CV,ADJ,1.827,0.451,3.262,1,2.5
enfadonho,boring,3.13,1.62,3.14,1.68,3.02,1.37,9,4,VC.CV.CV.CCV,ADJ,0.469,0.167,2.671,1,2.75
enfarte,stroke,4.03,1.79,4.44,1.72,2.93,1.11,7,3,VC.CVC.CV,"N,V",1.803,0.448,3.256,3,1.8
enfermagem,nursing,4.7,1.82,4.76,1.65,4.1,1.56,10,4,VC.CVC.CV.CVC,N,6.424,0.871,3.808,1,2.65
enfermaria,ward,5.17,1.74,5.86,1.16,3.48,1.17,10,5,VC.CVC.CV.CV.V,"N,V",2.399,0.531,3.38,0,2.25
enfermeiro,nurse,6.12,1.17,6.4,0.87,4.48,1.25,10,4,VC.CVC.CVV.CV,N,3.278,0.631,3.516,1,2.7
enfermidade,sickness,3.18,2.22,3.61,1.92,2.19,0.92,11,5,VC.CVC.CV.CV.CV,N,0.967,0.294,2.986,0,3.2
enferrujado,rusty,4.9,1.84,5.05,1.75,3.51,1,11,5,VC.CVC.CV.CV.CV,"ADJ,V",0.274,0.105,2.437,1,2.5
enfurecido,enraged,4.32,1.87,2.73,1.45,3.18,1.34,10,5,VC.CV.CV.CV.CV,"ADJ,V",0.523,0.183,2.718,2,2.1
engano,deceit,2.58,1.39,2.84,1.7,5.02,1.37,6,3,VC.CV.CV,"N,V",8.97,0.999,3.953,4,1.65
engenheiro,engineer,5.06,1.94,5.3,1.51,4.81,1.59,10,4,VC.CV.CCVV.CV,N,25.907,1.43,4.413,1,3
engenho,wit,4.16,1.64,4,1.96,2.95,1.22,7,3,VC.CV.CCV,N,9.922,1.038,3.997,1,2.1
engraçado,funny,4.21,1.74,3.8,1.86,5.71,1.22,9,4,VC.CCV.CV.CV,"ADJ,N,V",4.573,0.746,3.66,3,1.75
engrenagem,gear,3.66,1.95,4.38,2,2.77,1.24,10,4,VC.CCV.CV.CVC,N,2.238,0.51,3.35,0,2.9
enguia,eel,5.86,1.42,6.34,1.13,2.5,0.99,6,3,VC.CVV.V,N,0.655,0.219,2.816,3,1.8
enjoado,seasick,4.03,1.97,3.53,1.72,4.3,1.4,7,4,VC.CV.V.CV,"ADJ,V",0.235,0.092,2.37,2,1.8
enorme,huge,4.62,1.79,4.05,1.65,5.42,1.49,6,3,V.CVC.CV,ADJ,91.234,1.965,4.96,0,1.9
ensaio,rehearsal,4.16,1.92,3.54,1.8,4.53,1.64,6,3,VC.CVV.V,"N,V",23.733,1.393,4.375,3,1.75
enseada,cove,3.49,2.13,3.59,1.81,1.91,0.91,7,4,VC.CV.V.CV,N,0.64,0.215,2.806,2,1.75
ensinamento,teaching,3.87,1.83,3.19,1.74,3.5,1.75,11,5,VC.CV.CV.CVC.CV,N,0.855,0.268,2.932,0,2.5
ensino,education,3.57,1.92,3.92,1.82,5.1,1.37,6,3,VC.CV.CV,"N,V",171.842,2.238,5.235,3,1.75
entediante,tedious,3.3,1.75,2.79,1.72,3.29,1.72,10,5,VC.CV.CV.VC.CV,ADJ,0.42,0.152,2.623,0,2.85
entendimento,agreement,3.39,1.71,2.93,1.68,4.54,1.55,12,5,VC.CVC.CV.CVC.CV,N,35.688,1.565,4.553,0,2.95
enterro,burial,4.86,1.87,4.96,1.82,3.42,1.68,7,3,VC.CVC.CV,"N,V",4.407,0.733,3.644,3,1.75
entidade,entity,3.16,1.78,3.5,1.77,4.12,1.46,8,4,VC.CV.CV.CV,N,53.314,1.735,4.727,0,2.4
entrada,entry,4.71,2.02,4.34,1.9,5.82,1.19,7,3,VC.CCV.CV,"ADJ,N,V",190.338,2.282,5.28,6,1.55
entrega,delivery,3.75,1.81,4.02,1.78,5.09,1.3,7,3,VC.CCV.CV,"N,V",55.683,1.754,4.746,2,1.7
entrevista,interview,4.78,1.66,4.38,1.66,4.69,1.26,10,4,VC.CCV.CVC.CV,"N,V",93.637,1.976,4.971,2,1.75
entusiasmado,enthusiastic,4.03,2.02,3.02,1.97,4.61,1.4,12,6,VC.CV.CV.VC.CV.CV,"ADJ,V",4.319,0.726,3.635,1,2.2
entusiasmo,enthusiasm,4.5,1.79,2.77,1.43,4.84,1.32,10,5,VC.CV.CV.VC.CV,"N,V",29.293,1.481,4.467,2,2.25
envelope,envelope,6.32,1.08,6.16,1.42,4.16,1.29,8,4,VC.CV.CV.CV,N,3.615,0.664,3.558,0,3.2
envergonhado,shamed,4.72,2.03,3.14,1.57,4.56,1.31,12,5,VC.CVC.CV.CCV.CV,"ADJ,V",2.247,0.512,3.352,1,2.05
envio,sending,3.75,1.87,3.4,1.69,5.24,1.5,5,3,VC.CV.V,"N,V",21.036,1.343,4.323,4,1.65
enxada,hoe,5.56,1.97,6.39,0.94,2.5,1.06,6,3,VC.CV.CV,N,1.387,0.378,3.142,2,1.85
enxame,swarm,5.39,1.69,5.61,1.89,2.45,0.7,6,3,VC.CV.CV,N,0.875,0.273,2.942,0,1.9
enxaqueca,headache,3.8,1.89,4.09,2.08,3.63,1.43,9,4,VC.CV.CVV.CV,N,0.562,0.194,2.75,0,3.25
epidemia,epidemic,3.93,1.93,3.73,1.69,3.09,1.19,8,5,V.CV.CV.CV.V,N,9.419,1.018,3.974,0,2.8
episódio,episode,4.55,1.6,4.27,1.7,5.67,1.27,8,4,V.CV.CV.CVV,N,34.491,1.55,4.538,1,2.6
época,epoch,3.39,1.71,3.56,1.47,4.48,1.44,5,3,V.CV.CV,N,206.621,2.317,5.315,1,1.9
equilíbrio,balance,4.03,1.95,3.22,1.76,4.58,1.29,10,4,V.CVV.CV.CCVV,N,43.02,1.644,4.634,0,3.05
equipa,team,5.52,1.41,5.67,1.26,5.23,1.31,6,3,V.CVV.CV,"N,V",444.401,2.649,5.648,3,1.7
equipamento,equipment,4.67,1.75,5,1.46,4.86,1.36,11,5,V.CVV.CV.CVC.CV,N,65.434,1.822,4.816,0,2.8
equívoco,misconception,2.83,1.7,2.69,1.55,3.44,1.08,8,4,V.CVV.CV.CV,"ADJ,N",6.766,0.89,3.83,2,2.6
erótico,erotic,5.07,1.69,3.82,1.76,3.81,1.38,7,4,V.CV.CV.CV,ADJ,2.325,0.522,3.367,2,1.85
errado,wrong,3.35,1.98,2.92,1.81,5.65,1.28,6,3,VC.CV.CV,"ADJ,V",12.673,1.136,4.103,3,1.45
erro,mistake,3.69,1.9,3.44,2.27,5.79,1.15,4,2,VC.CV,"N,V",52.2,1.726,4.718,6,1.25
erudito,scholar,2.57,1.64,2.71,1.42,2.31,1.06,7,4,V.CV.CV.CV,"ADJ,N",1.783,0.445,3.251,1,2.2
esboço,sketch,4.62,1.72,4.23,2.06,3.68,1.4,6,3,VC.CV.CV,"N,V",4.661,0.753,3.668,2,1.8
escada,stairs,5.76,1.57,6.35,0.99,5.53,1.51,6,3,VC.CV.CV,N,8.882,0.995,3.949,8,1.4
escala,scale,4.25,2.09,3.9,1.93,4.57,1.43,6,3,VC.CV.CV,"N,V",45.8,1.67,4.661,9,1.35
escalada,climbing,5.1,1.54,4.78,1.67,3.08,1.19,8,4,VC.CV.CV.CV,"N,V",11.842,1.109,4.073,7,1.4
escalão,rank,2.6,1.46,3.44,1.67,3.89,1.32,7,3,VC.CV.CVV,N,14.568,1.192,4.163,3,1.75
escândalo,scandal,3.73,1.97,2.91,1.72,4.33,1.48,9,4,VC.CVC.CV.CV,N,30.46,1.498,4.484,0,2.85
escanzelado,skinny,3.86,1.79,3.83,1.93,2.37,1.05,11,5,VC.CVC.CV.CV.CV,ADJ,0.083,0.035,1.92,1,2.75
escaravelho,beetle,5.11,2.07,6.47,1.05,2.9,1.04,11,5,VC.CV.CV.CV.CCV,N,0.322,0.121,2.508,0,3.8
escasso,meagre,3.11,1.64,3.2,1.64,4,1.34,7,3,VC.CVC.CV,ADJ,6.678,0.885,3.825,1,1.9
escavação,excavation,4.83,1.7,4.63,1.9,2.8,1.26,9,4,VC.CV.CV.CVV,N,2.804,0.58,3.448,0,2.45
escoamento,drainage,3.73,1.75,4.22,1.81,2.91,1.06,10,5,VC.CV.V.CVC.CV,N,7.778,0.943,3.891,0,2.5
escola,school,6.19,1.11,6.35,0.87,6.27,0.88,6,3,VC.CV.CV,N,198.448,2.3,5.298,7,1.3
escolar,educational,4.54,1.75,4.51,1.96,5.48,1.28,7,3,VC.CV.CVC,"ADJ,N",38.418,1.596,4.585,6,1.5
escolha,choice,3.18,1.69,3,1.98,5.79,1.2,7,3,VC.CV.CCV,"N,V",100.853,2.008,5.004,6,1.5
escolta,escort,4.03,1.94,3.96,1.83,2.47,1.03,7,3,VC.CVC.CV,"N,V",2.961,0.598,3.471,2,1.65
escorbuto,scurvy,3.41,2.01,4.08,2.14,1.6,0.61,9,4,VC.CVC.CV.CV,N,0.322,0.121,2.508,0,2.9
escorpião,scorpion,6,1.48,6.55,0.88,3.36,1.52,9,4,VC.CVC.CV.VV,N,0.987,0.298,2.994,0,2.95
escotilha,hatch,3.77,2.09,4.8,1.89,1.78,0.82,9,4,VC.CV.CV.CCV,N,0.454,0.163,2.657,1,2.45
escova,brush,5.98,1.22,6.63,0.62,5.75,1.12,6,3,VC.CV.CV,"N,V",1.089,0.32,3.037,7,1.35
escravidão,bondage,4.8,1.95,3.79,1.75,2.91,0.98,10,4,VC.CCV.CV.CVV,N,1.446,0.389,3.16,0,2.95
escravo,slave,5.4,1.45,5.05,1.94,3.18,1.28,7,3,VC.CCV.CV,"ADJ,N",2.921,0.593,3.466,3,1.75
escrita,writing,5.32,1.83,4.79,1.71,5.52,1.28,7,3,VC.CCV.CV,"ADJ,N,V",51.609,1.721,4.713,3,1.7
escritor,writer,5.49,1.38,5.55,1.24,4.64,1.17,8,3,VC.CCV.CVC,N,57.681,1.769,4.761,1,1.8
escritório,office,5.39,1.83,5.98,1.16,5.35,1.45,10,4,VC.CCV.CV.CVV,N,18.413,1.288,4.265,0,2.8
escriturário,clerk,3.68,1.72,5.21,1.87,2.67,1.29,12,5,VC.CCV.CV.CV.CVV,N,0.498,0.176,2.698,1,3.3
escrivaninha,writing desk,5.15,2.25,6.54,1.01,2.74,1.35,12,5,VC.CCV.CV.CV.CCV,N,0.376,0.139,2.575,1,3.55
escudo,shield,5.03,1.91,5.3,1.85,3.21,1.25,6,3,VC.CV.CV,"N,V",42.972,1.643,4.633,6,1.6
escultor,sculptor,4.9,1.63,5.87,1.36,2.88,1.11,8,3,VC.CVC.CVC,N,7.973,0.953,3.902,0,2.25
escultura,sculpture,5.92,1.52,5.68,1.65,2.89,1,9,4,VC.CVC.CV.CV,N,18.652,1.293,4.271,1,2.1
escumalha,scum,3.39,1.77,3.21,1.65,3.19,1.27,9,4,VC.CV.CV.CCV,N,0.239,0.093,2.379,1,2.8
escuro,dark,6,1.04,4.26,2.01,5.42,1.25,6,3,VC.CV.CV,"ADJ,N",12.575,1.133,4.1,4,1.7
esfera,sphere,5.79,1.6,5.45,1.94,3.36,1.35,6,3,VC.CV.CV,N,12.883,1.143,4.11,2,1.85
esfomeado,hungry,4.92,1.86,4.08,1.99,5.23,1.54,9,5,VC.CV.CV.V.CV,"ADJ,N,V",0.376,0.139,2.575,1,2.35
esforço,effort,3.98,1.91,3.03,1.66,5.38,1.12,7,3,VC.CVC.CV,"N,V",80.862,1.913,4.908,2,1.7
esgoto,sewer,5.53,1.52,5.88,1.19,3.43,1.06,6,3,VC.CV.CV,"N,V",3.434,0.647,3.536,2,1.8
esmagador,overwhelming,3.75,2.05,3.29,1.71,3.45,1.01,9,4,VC.CV.CV.CVC,"ADJ,N",1.817,0.45,3.259,1,2.15
esófago,esophagus,4.92,2.1,6.02,1.45,2.82,1.28,7,4,V.CV.CV.CV,N,0.503,0.177,2.702,0,2.8
espacial,spatial,4.46,2,3.37,1.74,3.2,1.26,8,4,VC.CV.CV.VC,ADJ,22.966,1.38,4.361,1,2.8
espaço,space,4.56,2,3.61,2.13,5.66,1.37,6,3,VC.CV.CV,"N,V",302.642,2.482,5.481,3,1.75
espada,sword,6.17,1.15,6.58,0.74,3.45,1.78,6,3,VC.CV.CV,N,8.984,0.999,3.954,5,1.5
espadarte,swordfish,4.6,1.99,4.9,2.08,1.98,0.97,9,4,VC.CV.CVC.CV,N,0.537,0.187,2.73,0,2.85
espanador,duster,5.3,1.98,6.09,1.29,3.07,1.2,9,4,VC.CV.CV.CVC,N,0.034,0.015,1.534,0,1.95
espanhol,Spanish,4.32,2.19,4.43,1.86,4.19,1.43,8,3,VC.CV.CCVC,"ADJ,N",101.855,2.012,5.008,0,2.05
espantado,astonished,4.1,1.8,3.4,1.92,4.56,1.25,9,4,VC.CVC.CV.CV,"ADJ,V",3.073,0.61,3.488,2,1.8
espanto,amazement,3.98,1.78,3.12,1.84,4.35,1.51,7,3,VC.CVC.CV,"N,V",13.537,1.163,4.132,3,1.7
espantoso,astonishing,3.37,1.67,2.95,1.68,4.4,1.43,9,4,VC.CVC.CV.CV,ADJ,5.809,0.833,3.764,1,2.2
espargo,asparagus,4.97,2.13,6,1.5,2.8,1.21,7,3,VC.CVC.CV,N,0.078,0.033,1.893,3,1.8
esparguete,spaghetti,6.24,1.35,6.56,0.83,4.96,1.32,10,4,VC.CVC.CVV.CV,N,0.498,0.176,2.698,0,3.5
especial,special,3.68,2.13,3.02,1.62,5.46,1.16,8,4,VC.CV.CV.VC,ADJ,146.214,2.168,5.165,1,2.6
espécie,species,3.82,1.98,3.95,1.98,4.21,1.36,7,3,VC.CV.CVV,N,123.8,2.096,5.093,0,2.55
espectacular,spectacular,3.76,1.88,2.55,1.47,5.88,1.17,12,5,VC.CVC.CV.CV.CVC,ADJ,17.836,1.275,4.251,0,3.9
espectáculo,show,5.48,1.52,4.47,1.73,4.95,1.44,11,5,VC.CVC.CV.CV.CV,N,156.092,2.196,5.193,0,3.7
espectador,viewer,4.78,1.76,5.42,1.48,4.88,1.3,10,4,VC.CVC.CV.CVC,N,21.93,1.36,4.341,1,2.2
especulação,speculation,3,1.68,2.52,1.36,3.7,1.5,11,5,VC.CV.CV.CV.CVV,N,12.58,1.133,4.1,1,2.75
espelho,mirror,6.15,1.16,6.6,0.85,5.55,1.34,7,3,VC.CV.CCV,"N,V",16.61,1.246,4.22,3,1.75
espera,waiting,3.56,1.87,3.26,1.53,6.13,1.06,6,3,VC.CV.CV,"N,V",193.528,2.289,5.287,8,1.3
esperança,hope,3.41,1.92,2.81,2.03,4.84,1.23,9,4,VC.CV.CVC.CV,"N,V",65.82,1.825,4.818,0,2.25
esperto,smart,4.23,1.96,3.41,1.84,5.47,1.38,7,3,VC.CVC.CV,"ADJ,N,V",1.593,0.414,3.202,4,1.55
espesso,thick,4.18,1.78,4.24,1.7,3.72,1.63,7,3,VC.CVC.CV,"ADJ,V",2.208,0.506,3.344,1,1.95
espinafre,spinach,5.27,1.98,6.6,0.63,3.42,1.29,9,4,VC.CV.CV.CCV,N,0.054,0.023,1.73,0,3.15
espingarda,rifle,5.69,1.89,6.59,0.78,3.02,1.25,10,4,VC.CVC.CVC.CV,N,3.923,0.692,3.594,0,2.45
espinho,thorn,5.34,1.82,5.77,1.4,2.98,1,7,3,VC.CV.CCV,"N,V",19.727,1.317,4.295,2,1.85
espírito,spirit,3.37,1.99,2.32,1.53,4.69,1.55,8,4,VC.CV.CV.CV,N,84.111,1.93,4.925,1,2.3
espirituoso,witty,3.16,1.85,2.68,1.47,3.18,1.04,11,6,VC.CV.CV.CV.V.CV,ADJ,0.264,0.102,2.421,1,3.3
esplanada,terrace,6.2,1.26,6.11,1.17,5.02,1.34,9,4,VC.CCV.CV.CV,N,8.755,0.989,3.942,1,2.2
esponja,sponge,5.4,1.85,6.42,0.99,4.98,1.49,7,3,VC.CVC.CV,"N,V",1.612,0.417,3.207,0,1.85
espora,spur,3.84,2.27,3.94,1.89,1.96,0.95,6,3,VC.CV.CV,N,0.093,0.039,1.968,6,1.65
esposa,wife,5.07,1.99,6.28,0.95,4.07,1.65,6,3,VC.CV.CV,"N,V",14.685,1.196,4.167,3,1.7
esposo,spouse,5.02,1.95,4.7,1.88,3.09,1.77,6,3,VC.CV.CV,"N,V",1.339,0.369,3.127,2,1.8
espuma,foam,5.72,1.5,5.64,1.54,4.3,1.28,6,3,VC.CV.CV,"N,V",3.957,0.695,3.597,3,1.7
esquadra,squad,5.08,2.07,5.67,1.59,3.75,1.37,8,3,VC.CVV.CCV,N,22.028,1.362,4.343,2,2.1
esquecimento,forgetfulness,3.22,1.78,3.03,1.69,5.37,1.13,12,5,VC.CVV.CV.CVC.CV,N,10.904,1.076,4.038,0,3
esquelético,skeletal,5.11,2.04,5.34,1.48,3.79,1.41,11,5,VC.CVV.CV.CV.CV,ADJ,0.215,0.085,2.332,1,3.25
esquema,scheme,4.37,1.91,3.79,1.72,4.81,1.54,7,3,VC.CVV.CV,N,26.928,1.446,4.43,1,1.9
esquilo,squirrel,6.33,1.22,6.59,0.77,3.02,1.14,7,3,VC.CVV.CV,N,0.235,0.092,2.37,4,1.7
esquina,corner,4.92,1.79,5.96,1.12,4.18,1.05,7,3,VC.CVV.CV,N,7.895,0.949,3.897,2,1.75
esquisito,weird,3.85,1.85,3.17,1.76,5.28,1.22,9,4,VC.CVV.CV.CV,ADJ,2.277,0.515,3.357,1,2.65
essência,essence,3.23,1.69,2.73,1.32,4.28,1.53,8,3,VC.CVC.CVV,N,11.256,1.088,4.051,0,2.65
essencial,essential,2.97,1.78,2.5,1.49,5.22,1.2,9,4,VC.CVC.CV.VC,"ADJ,N",67.335,1.835,4.828,0,2.8
estábulo,stall,5.59,1.48,5.65,1.54,2.51,1.07,8,4,VC.CV.CV.CV,N,0.513,0.18,2.71,0,2.7
estaca,stake,4.97,2,5.61,1.42,2.78,0.99,6,3,VC.CV.CV,"N,V",2.941,0.596,3.469,7,1.4
estação,station,5.55,1.5,5.49,1.42,4.74,1.6,7,3,VC.CV.CVV,N,101.645,2.011,5.007,4,1.75
estádio,stadium,5.97,1.38,5.97,1.45,4.5,1.35,7,3,VC.CV.CVV,N,48.013,1.69,4.681,2,1.85
estado,state,3.92,2.04,3.65,1.95,5.19,1.62,6,3,VC.CV.CV,"N,V",615.07,2.79,5.789,5,1.35
estágio,traineeship,4.1,2.08,4.83,1.79,4.22,1.48,7,3,VC.CV.CVV,N,18.799,1.297,4.274,2,1.95
estagnado,stagnant,3.24,1.66,3.26,1.73,3.14,1.17,9,4,VC.CVC.CV.CV,"ADJ,V",0.811,0.258,2.909,2,1.8
estaladiço,crispy,4.67,1.75,4.38,1.54,4.26,1.4,10,5,VC.CV.CV.CV.CV,ADJ,0.108,0.044,2.031,1,2.65
estaleiro,shipyard,4.76,1.9,5.45,1.36,2.84,1.29,9,4,VC.CV.CVV.CV,N,7.592,0.934,3.88,0,2.5
estante,bookcase,5.92,1.49,6.39,0.97,4.45,1.39,7,3,VC.CVC.CV,N,2.35,0.525,3.371,2,1.7
estatal,state-owned,2.66,1.53,3.25,1.74,2.42,1.1,7,3,VC.CV.CVC,ADJ,23.406,1.388,4.369,0,2
estatística,statistics,3.57,1.76,3.93,1.76,4.56,1.17,11,5,VC.CV.CVC.CV.CV,"ADJ,N",8.061,0.957,3.906,1,3.15
estátua,statue,5.7,1.53,6.07,1.44,3.75,1.3,7,3,VC.CV.CVV,N,11.603,1.101,4.065,0,2.35
estatuto,status,3.07,1.71,3.41,1.72,4.13,1.39,8,4,VC.CV.CV.CV,N,80.408,1.911,4.905,0,2.3
estável,stable,3.15,1.58,3.08,1.72,5.19,1.17,7,3,VC.CV.CVC,ADJ,16.307,1.238,4.212,0,1.95
esterco,dung,4.3,2.15,4.97,1.87,2.83,1.34,7,3,VC.CVC.CV,N,0.581,0.199,2.765,1,1.9
esteróide,steroid,4.18,2.08,4.4,2.03,2.68,1.13,9,4,VC.CV.CVV.CV,"ADJ,N",0.127,0.052,2.104,2,2.5
estética,aesthetics,4.34,1.68,3.8,1.71,4.47,1.51,8,4,VC.CV.CV.CV,"ADJ,N",18.765,1.296,4.273,4,1.75
estilo,style,4.18,1.75,3.44,1.78,5.14,1.41,6,3,VC.CV.CV,N,66.617,1.83,4.824,6,1.45
estimativa,estimate,2.94,1.85,3.1,1.82,4.16,1.42,10,5,VC.CV.CV.CV.CV,"ADJ,N",8.286,0.968,3.918,1,2.55
estímulo,stimulus,3.61,1.88,3.35,2.02,4.55,1.54,8,4,VC.CV.CV.CV,N,9.028,1.001,3.956,1,2.45
estômago,stomach,5.68,1.33,6,1.18,5,1.38,8,4,VC.CV.CV.CV,N,7.865,0.948,3.896,1,2.6
estrada,road,6.22,1.09,6.32,0.83,6.21,0.91,7,3,VC.CCV.CV,"N,V",93.046,1.973,4.969,3,1.5
estrago,damage,3.92,1.73,4.14,1.78,4.26,1.58,7,3,VC.CCV.CV,"N,V",0.567,0.195,2.753,5,1.6
estrangeiro,foreigner,4.18,1.65,4.36,1.84,4.48,1.29,11,4,VC.CCVC.CVV.CV,"ADJ,N,V",79.871,1.908,4.902,1,2.5
estranho,strange,3.25,1.66,3.02,1.82,5.68,1.25,8,3,VC.CCV.CCV,"ADJ,N,V",36.083,1.569,4.557,3,1.7
estratagema,ploy,3.11,1.72,2.75,1.42,2.64,1.07,11,5,VC.CCV.CV.CV.CV,N,1.822,0.451,3.261,0,3.55
estratégia,strategy,3.27,1.98,3.3,1.75,4.47,1.65,10,4,VC.CCV.CV.CVV,N,120.18,2.083,5.08,0,2.75
estreia,debut,4.29,1.84,4.19,1.82,3.96,0.91,7,3,VC.CCVV.V,"N,V",77.335,1.894,4.888,4,1.55
estrela,star,6.37,1.08,6.14,1.15,4.68,1.23,7,3,VC.CCV.CV,"N,V",43.074,1.644,4.634,4,1.6
estridente,shrill,3.75,1.88,3.23,1.74,2.64,1.02,10,4,VC.CCV.CVC.CV,ADJ,1.109,0.324,3.045,0,2.85
estrondo,bang,4.39,1.98,4.3,1.78,4.36,1.47,8,3,VC.CCVC.CV,N,2.897,0.591,3.462,1,1.9
estrume,manure,4.95,1.9,5.91,1.37,2.8,0.96,7,3,VC.CCV.CV,"N,V",1.002,0.301,3.001,3,1.8
estrutura,structure,4.21,1.87,4.22,1.94,4.59,1.5,9,4,VC.CCV.CV.CV,"N,V",118.763,2.078,5.075,1,1.7
estudante,student,6.19,0.84,5.91,1.06,6.22,1.05,9,4,VC.CV.CVC.CV,"ADJ,N",25.331,1.421,4.404,1,2.25
estúdio,studio,5.17,1.72,5.76,1.08,3.68,0.93,7,3,VC.CV.CVV,N,22.409,1.369,4.35,1,1.9
estudo,study,4.37,1.95,4.25,1.85,6.39,0.99,6,3,VC.CV.CV,"N,V",180.704,2.259,5.257,4,1.65
estúpido,stupid,3.73,1.91,3.47,2.15,5.39,1.37,8,4,VC.CV.CV.CV,"ADJ,N",0.865,0.271,2.937,2,2.45
esturjão,sturgeon,2.97,1.79,3.95,1.97,1.53,0.58,8,3,VC.CVC.CVV,N,0.171,0.069,2.233,0,2.85
etapa,stage,3.25,1.84,3.12,1.49,4.58,1.58,5,3,V.CV.CV,N,59.821,1.784,4.777,0,1.9
eterno,eternal,3.24,2.08,2.72,1.76,4.19,1.58,6,3,V.CVC.CV,"ADJ,N",10.523,1.062,4.022,1,1.75
ética,ethics,2.87,1.79,2.58,1.86,3.95,1.37,5,3,V.CV.CV,"ADJ,N",21.373,1.35,4.33,2,1.75
ético,ethical,3.23,1.81,2.4,1.49,4.02,1.55,5,3,V.CV.CV,ADJ,4.768,0.761,3.678,4,1.6
etnia,ethnicity,4.3,1.79,3.51,1.92,3.5,1.4,5,3,VC.CV.V,N,10.782,1.071,4.033,0,1.95
étnico,ethnic,3.59,2.08,3.21,1.97,3.22,1.54,6,3,VC.CV.CV,ADJ,3.962,0.696,3.598,1,1.85
eucalipto,eucalyptus,5.61,1.94,6.56,0.69,3.13,1.17,9,4,VV.CV.CVC.CV,N,2.907,0.592,3.463,0,3.65
eufórico,elated,4.54,1.94,3.37,1.79,4.18,1.21,8,4,VV.CV.CV.CV,ADJ,2.062,0.486,3.314,2,2.35
europeu,european,4.31,1.75,4.29,1.8,4.93,1.65,7,3,VV.CV.CVV,"ADJ,N",134.684,2.133,5.129,0,2.75
evento,event,4.62,1.94,4.46,1.78,4.84,1.37,6,3,V.CVC.CV,N,29.356,1.482,4.468,2,1.8
eventual,occasional,2.87,1.78,2.47,1.48,4.43,1.37,8,4,V.CVC.CV.VC,ADJ,71.82,1.862,4.856,0,2.85
evidência,evidence,2.55,1.37,3.24,1.74,4.58,1.56,9,4,V.CV.CVC.CVV,N,19.581,1.314,4.292,1,2.05
evidente,evident,3.13,1.87,2.93,1.85,5.25,1.48,8,4,V.CV.CVC.CV,ADJ,69.191,1.846,4.84,0,2.05
evolução,evolution,4.15,1.66,2.97,1.72,4.79,1.36,8,4,V.CV.CV.CVV,N,103.061,2.017,5.013,0,2.35
exacto,exact,2.84,1.96,3.44,2.21,6.22,0.92,6,3,V.CVC.CV,ADJ,9.287,1.012,3.968,2,1.85
exame,exam,5.49,1.82,5.26,1.82,5.53,1.42,5,3,V.CV.CV,N,23.943,1.397,4.379,2,1.75
excelência,excellence,3.67,2.06,2.91,1.88,4.18,1.39,10,4,VC.CV.CVC.CVV,N,17.167,1.259,4.235,1,3.2
excelente,excellent,3.73,1.88,3.07,2.01,5.45,1.09,9,4,VC.CV.CVC.CV,ADJ,62.699,1.804,4.797,1,2.7
excepção,exception,2.63,1.47,3.49,1.98,5.19,1.3,8,3,VC.CVC.CVV,N,69.221,1.847,4.84,0,2.65
excepcional,exceptional,3.16,2.01,2.95,1.83,4.61,1.53,11,5,VC.CVC.CV.V.CVC,ADJ,17.402,1.265,4.241,1,2.65
excessivo,excessive,3.81,1.95,2.97,1.82,4.82,1.05,9,4,VC.CVC.CV.CV,ADJ,12.624,1.134,4.101,1,2.45
excesso,excess,3.9,1.95,3.81,1.72,5.09,1.31,7,3,VC.CVC.CV,N,35.883,1.567,4.555,1,1.9
excitação,thrill,4.15,1.8,3.41,1.79,4.72,1.6,9,4,VC.CV.CV.CVV,N,4.48,0.739,3.651,0,2.3
excitado,aroused,4.61,1.53,3.68,1.93,4.71,1.57,8,4,VC.CV.CV.CV,"ADJ,V",0.992,0.299,2.996,1,1.8
exclusão,exclusion,3.55,1.79,3.2,2.01,3.66,0.98,8,3,VC.CCV.CVV,N,24.769,1.411,4.394,0,2.25
excremento,excrement,4.6,2.2,5.24,1.9,2.61,1.06,10,4,VC.CCV.CVC.CV,N,0.088,0.037,1.944,0,2.8
excursão,tour,4.6,1.93,4.27,1.75,2.75,0.88,8,3,VC.CVC.CVV,N,2.785,0.578,3.445,1,2.45
execução,execution,3.55,2.02,3.81,1.81,3.83,1.45,8,4,V.CV.CV.CVV,N,61.555,1.796,4.789,0,2.65
executivo,executive,4.28,1.9,4.47,1.75,4,1.4,9,5,V.CV.CV.CV.CV,"ADJ,N",139.355,2.147,5.144,1,2.5
exemplar,exemplary,3.37,1.91,3.25,1.93,4.51,1.35,8,3,V.CVC.CCVC,"ADJ,N",23.699,1.393,4.375,0,2.85
exemplo,instance,3.1,1.79,3.52,1.85,6.47,0.93,7,3,V.CVC.CCV,N,354.295,2.551,5.549,0,2.8
exercício,exercise,5.11,1.48,4.73,1.78,6.09,0.96,9,4,V.CVC.CV.CVV,N,81.478,1.916,4.911,0,3.2
exército,army,6.29,0.99,5.98,0.94,3.93,1.53,8,4,V.CVC.CV.CV,N,97.233,1.992,4.988,1,2.45
exibição,exhibition,3.32,1.61,3.9,1.83,4.43,1.17,8,4,V.CV.CV.CVV,N,40.548,1.619,4.608,1,2.65
exigência,requirement,3.35,2.05,3.38,2.02,5.43,1.16,9,4,V.CV.CVC.CVV,N,31.276,1.509,4.495,0,2.7
exílio,exile,3.31,1.7,3.57,1.99,2.5,0.93,6,3,V.CV.CVV,N,15.682,1.222,4.195,2,2
existência,existence,3.15,2.02,2.86,1.95,4.98,1.3,10,4,V.CVC.CVC.CVV,N,140.117,2.15,5.147,0,2.6
existente,existing,2.84,1.92,3.56,2.23,4.88,1.24,9,4,V.CVC.CVC.CV,ADJ,47.207,1.683,4.674,0,2.5
êxito,sucess,3.97,1.9,2.93,1.68,4.47,1.4,5,3,V.CV.CV,N,60.339,1.788,4.781,0,1.95
expansão,expansion,3.07,1.71,3.02,1.44,3.7,1.15,8,3,VC.CVC.CVV,N,36.376,1.573,4.561,1,2.6
expectativa,expectancy,3.16,1.95,3.09,1.95,4.95,1.47,11,5,VC.CVC.CV.CV.CV,N,37.798,1.589,4.578,1,3.35
experiência,experience,3.44,1.88,3.84,1.85,5.51,1.16,11,5,VC.CV.CV.VC.CVV,N,124.772,2.1,5.096,2,2.5
explicação,explanation,3.27,1.9,3.5,1.82,5.47,1.24,10,4,VC.CCV.CV.CVV,N,38.414,1.596,4.585,1,2.2
exploração,exploration,3.81,1.88,3.45,1.68,4.1,1.31,10,4,VC.CCV.CV.CVV,N,68.732,1.843,4.837,1,2.35
explosão,explosion,6,1.36,5.47,1.17,4.07,1.43,8,3,VC.CCV.CVV,N,38.233,1.594,4.582,0,2.5
explosivo,explosive,5,1.89,5.33,1.43,4.02,1.66,9,4,VC.CCV.CV.CV,"ADJ,N",4.617,0.75,3.664,1,2.4
exportação,export,3.27,1.77,4,1.84,4.18,1.48,10,4,VC.CVC.CV.CVV,N,16.879,1.252,4.227,1,2.25
exposição,exhibit,4.18,1.78,4.36,1.71,3.88,1.27,9,4,VC.CV.CV.CVV,N,169.199,2.231,5.228,0,2.45
expressão,expression,4,1.98,3.42,1.52,5.31,1.25,9,3,VC.CCVC.CVV,N,86.378,1.941,4.936,0,1.95
expressivo,expressive,3.95,1.91,3.78,2,4.63,1.42,10,4,VC.CCVC.CV.CV,ADJ,4.011,0.7,3.603,1,2.2
expresso,express,4.07,1.87,3.98,1.81,4.44,1.56,8,3,VC.CCVC.CV,"ADJ,N,V",15.516,1.218,4.191,2,1.75
expulsão,expulsion,3.89,1.89,4.19,1.87,4.24,1.43,8,3,VC.CVC.CVV,N,20.9,1.34,4.32,0,1.95
êxtase,ecstasy,3.97,1.91,3.61,1.7,3.16,1.19,6,3,VC.CV.CV,N,2.78,0.578,3.444,0,2.8
extensão,extension,3.79,2.11,3.27,1.62,4.29,1.48,8,3,VC.CVC.CVV,N,37.456,1.585,4.574,1,2.15
extenso,extensive,3.75,1.85,3.46,1.63,4.39,1.45,7,3,VC.CVC.CV,ADJ,7.778,0.943,3.891,1,1.95
exterior,outdoors,4.44,1.7,4.22,1.74,5.38,1.26,8,4,VC.CV.CV.VC,"ADJ,N",61.658,1.797,4.79,0,2.5
externo,external,3.21,1.65,3.71,1.63,4.66,1.43,7,3,VC.CVC.CV,"ADJ,N",14.607,1.193,4.165,2,1.8
extinção,extinction,3.4,2.03,3.66,2.17,3.81,1.12,8,3,VC.CVC.CVV,N,22.986,1.38,4.362,0,2.85
extremidade,extremity,3.57,1.98,3.79,1.81,3.74,1.45,11,5,VC.CCV.CV.CV.CV,N,2.751,0.574,3.439,0,3.6
fã,fan,5.05,1.45,4.12,1.69,4.59,1.51,2,1,CV,N,2.325,0.522,3.367,8,1.45
fábrica,factory,5.84,1.5,6.1,1.02,4.69,1.56,7,3,CV.CCV.CV,N,65.386,1.822,4.816,1,1.9
fabricante,manufacturer,4.1,1.86,4.71,1.73,4.14,1.6,10,4,CV.CCV.CVC.CV,N,9.121,1.005,3.96,1,2.65
fabrico,manufacture,3.68,1.77,3.83,1.95,4.03,1.31,7,3,CV.CCV.CV,"N,V",21.085,1.344,4.324,1,1.85
fábula,fable,4.19,1.97,3.76,1.96,2.7,0.97,6,3,CV.CV.CV,N,3.376,0.641,3.528,4,1.75
fabuloso,fabulous,3.92,1.99,2.93,1.89,4.68,1.42,8,4,CV.CV.CV.CV,ADJ,6.248,0.86,3.796,1,2.6
faca,knife,6.03,1.62,6.72,0.53,6.3,0.9,4,2,CV.CV,N,10.039,1.043,4.002,18,1
face,face,5.73,1.4,5.77,1.39,4.72,1.58,4,2,CV.CV,N,210.446,2.325,5.323,10,1.4
fachada,façade,4.5,2.04,4.91,1.81,3.24,1.3,7,3,CV.CCV.CV,N,11.95,1.112,4.077,7,1.5
facial,facial,4.78,1.61,4.66,1.67,4.11,1.77,6,3,CV.CV.VC,ADJ,1.026,0.307,3.011,1,1.9
fácil,easy,3.24,2.01,3.11,1.83,6.35,0.91,5,2,CV.CVC,ADJ,109.388,2.043,5.039,0,2.15
facilidade,ease,3.67,1.99,3.2,1.99,4.95,1.37,10,5,CV.CV.CV.CV.CV,N,24.314,1.403,4.386,0,2.2
facto,fact,2.57,1.93,3.47,2.19,5.77,1.26,5,2,CVC.CV,N,536.66,2.731,5.73,11,1.15
factor,factor,2.64,1.53,3.15,1.84,4.97,1.47,6,2,CVC.CVC,N,45.8,1.67,4.661,2,1.8
factura,invoice,5.16,2.03,6.04,1.28,5.14,1.46,7,3,CVC.CV.CV,"N,V",12.13,1.118,4.084,3,1.65
faculdade,college,6.1,1.15,5.88,1.07,6.15,1.25,9,4,CV.CVC.CV.CV,N,18.359,1.287,4.264,0,2.6
fadiga,fatigue,3.72,1.86,3.34,1.8,4.23,1.64,6,3,CV.CV.CV,"N,V",4.167,0.713,3.62,1,1.85
fado,fate,5.22,1.54,3.72,1.96,3.52,1.29,4,2,CV.CV,"N,V",23.484,1.389,4.371,16,1
faia,beech,3.2,1.88,4.21,2.23,1.67,0.81,4,2,CVV.V,N,0.63,0.212,2.8,17,1
faisão,pheasant,4.67,2.37,5.62,1.96,2.02,1.05,6,2,CVV.CVV,N,0.44,0.158,2.643,0,2
faísca,spark,5.39,1.38,4.96,1.68,3.58,1.43,6,3,CV.VC.CV,"N,V",1.089,0.32,3.037,0,1.9
faixa,streak,4.6,1.94,4.64,1.78,4.34,1.23,5,2,CVV.CV,"N,V",26.567,1.44,4.424,4,1.65
falcão,hawk,5.52,1.91,6.4,1.03,3.09,1.18,6,2,CVC.CVV,N,5.242,0.795,3.72,1,1.9
falência,bankrupt,3.32,1.78,3.53,1.74,4.23,1.69,8,3,CV.CVC.CVV,N,23.318,1.386,4.368,1,2.3
falha,flaw,3.26,1.71,3.53,1.76,5.02,1.51,5,2,CV.CCV,"ADJ,N,V",17.089,1.257,4.233,17,1
falhado,loser,3.37,1.69,3.34,1.8,3.68,1.42,7,3,CV.CCV.CV,"ADJ,N,V",8.823,0.992,3.946,8,1.45
falhanço,washout,3.52,1.92,3.31,1.7,4.36,1.35,8,3,CV.CCVC.CV,N,8.75,0.989,3.942,1,2.1
falido,broke,3.93,1.99,3.53,1.9,4.24,1.65,6,3,CV.CV.CV,"ADJ,V",1.358,0.373,3.133,4,1.7
falso,FALSE,3.49,1.83,3.47,1.98,5.63,1.17,5,2,CVC.CV,"ADJ,N",19.38,1.309,4.287,5,1.65
falta,foul,3.2,1.75,3.44,1.78,5.75,1.3,5,2,CVC.CV,"ADJ,N,V",317.127,2.503,5.501,11,1.2
fama,fame,4.32,1.97,3.02,1.7,3.98,1.41,4,2,CV.CV,N,17.827,1.275,4.251,14,1.1
família,family,6.16,1.1,5.49,1.54,6.28,0.91,7,3,CV.CV.CVV,N,185.316,2.27,5.268,0,2.5
familiar,familiar,5.11,1.7,4.47,1.71,5.49,1.19,8,4,CV.CV.CV.VC,"ADJ,N",44.501,1.658,4.648,0,2.7
faminto,starving,3.85,1.96,4.31,1.95,3.74,1.74,7,3,CV.CVC.CV,ADJ,0.489,0.173,2.689,1,2
famoso,famous,4.79,1.9,4.26,1.82,4.86,1.43,6,3,CV.CV.CV,"ADJ,N",27.119,1.449,4.433,2,1.85
faneca,pout,5.1,2.1,5.93,1.65,2.77,0.93,6,3,CV.CV.CV,"ADJ,N",0.357,0.133,2.552,2,1.85
fantasia,fantasy,4.27,1.99,3.15,1.96,4,1.62,8,4,CVC.CV.CV.V,"N,V",10.543,1.062,4.023,3,1.7
fantasma,ghost,5.15,2.08,2.85,2.05,3.75,1.42,8,3,CVC.CVC.CV,"ADJ,N",13.669,1.166,4.136,1,2.45
fantástico,fantastic,3.74,2.08,3.37,1.61,5.91,0.97,10,4,CVC.CVC.CV.CV,"ADJ,N",10.425,1.058,4.018,1,2.75
fardo,burden,4.15,1.87,4.23,2.06,2.89,1.26,5,2,CVC.CV,"N,V",3.171,0.62,3.501,11,1.2
farinha,flour,5.68,1.94,6.41,0.85,4.52,1.28,7,3,CV.CV.CCV,N,8.515,0.978,3.93,5,1.65
farmacêutico,pharmacist,5.65,1.7,6.23,1.04,3.55,1.05,12,5,CVC.CV.CVV.CV.CV,"ADJ,N",3.444,0.648,3.537,1,4.25
farmácia,pharmacy,5.75,2,6.49,0.81,4.54,1.35,8,3,CVC.CV.CVV,N,6.678,0.885,3.825,0,2.85
faro,flair,3.68,1.92,4,2.14,3.13,1.14,4,2,CV.CV,N,28.75,1.474,4.459,18,1
farol,lighthouse,6.07,1.24,6.5,0.87,3.07,1.13,5,2,CV.CVC,N,4.089,0.707,3.612,1,1.85
farolim,headlight,4.09,2.1,5.42,1.98,2.38,1.28,7,3,CV.CV.CVC,N,0.181,0.072,2.257,0,2.85
fascismo,fascism,3.55,1.89,2.93,1.82,2.7,0.91,8,3,CVC.CVC.CV,N,10.303,1.053,4.013,0,2.6
fase,phase,3.13,1.84,3.14,1.82,5.25,1.3,4,2,CV.CV,N,223.368,2.351,5.349,8,1.45
fatal,fatal,3.92,1.94,3.83,1.89,3.53,1.47,5,2,CV.CVC,ADJ,15.579,1.22,4.193,7,1.65
fatia,slice,5.42,1.44,5.68,1.34,5.13,1.11,5,3,CV.CV.V,"N,V",14.373,1.187,4.158,6,1.55
fatigado,fatigued,4.06,1.85,3.38,1.6,3.6,1.84,8,4,CV.CV.CV.CV,"ADJ,V",0.889,0.276,2.949,1,1.75
fato,suit,5.52,1.98,6.44,0.86,4.36,1.59,4,2,CV.CV,N,12.673,1.136,4.103,19,1
favela,slum,5.3,1.76,5.08,1.75,2.55,1,6,3,CV.CV.CV,N,0.933,0.286,2.97,3,1.8
favor,favour,3.44,1.9,3.17,1.81,5.98,1.25,5,2,CV.CVC,N,112.558,2.055,5.051,3,1.8
favorito,favourite,3.26,1.71,3.19,1.68,5.5,1.27,8,4,CV.CV.CV.CV,"ADJ,N",14.466,1.189,4.16,1,2.6
fé,faith,3.85,1.97,2.4,1.53,4.29,1.57,2,1,CV,N,42.42,1.638,4.628,6,1.6
febre,fever,4.3,1.87,4.65,1.81,3.24,1.01,5,2,CV.CCV,"ADJ,N",12.165,1.119,4.085,4,1.7
fechado,closed,4.37,1.99,4.26,2.12,5.88,1.14,7,3,CV.CCV.CV,"ADJ,N,V",23.435,1.388,4.37,2,1.75
fecho,closure,4.83,2.07,5.33,1.49,5.3,1.33,5,2,CV.CCV,"N,V",45.346,1.666,4.657,3,1.75
federação,federation,3.14,1.69,3.89,1.69,3.6,1.47,9,4,CV.CV.CV.CVV,N,57.374,1.766,4.759,0,2.75
federal,federal,2.98,1.8,3.09,1.63,2.63,1.11,7,3,CV.CV.CVC,ADJ,28.589,1.471,4.456,2,1.85
fedor,stench,3.69,1.93,3.7,1.85,3.91,1.74,5,2,CV.CVC,N,0.41,0.149,2.613,4,1.8
fedorento,stink,4.33,2.09,3.83,1.9,3.03,1.22,9,4,CV.CV.CVC.CV,"ADJ,N",0.122,0.05,2.087,1,2.7
feijão,bean,5.49,1.93,6.47,0.88,4.73,1.28,6,2,CVV.CVV,N,4.851,0.767,3.686,2,1.85
feio,ugly,4.9,1.85,4.1,2.03,5.09,1.54,4,2,CVV.V,ADJ,4.934,0.773,3.693,12,1.05
feira,martket,5.81,1.13,5.75,1.42,4.57,1.29,5,2,CVV.CV,N,67.706,1.837,4.831,12,1
feitiço,spell,4.39,1.8,3.19,1.84,3.38,1.46,7,3,CVV.CV.CV,N,1.891,0.461,3.277,0,2.45
felicidade,bliss,5.06,1.73,2.95,1.99,5.35,1.27,10,5,CV.CV.CV.CV.CV,N,17.68,1.271,4.248,0,2.55
felino,feline,5.8,1.42,5.6,1.55,2.77,0.95,6,3,CV.CV.CV,"ADJ,N",0.322,0.121,2.508,2,1.85
feliz,happy,5.05,1.9,3.56,2.1,6.05,1.09,5,2,CV.CVC,ADJ,40.119,1.614,4.603,1,1.95
feminino,female,5.06,2.05,5.12,1.97,5.63,1.34,8,4,CV.CV.CV.CV,ADJ,35.253,1.559,4.547,1,2.45
fenda,crevice,4.59,1.88,4.58,1.76,2.98,1.41,5,2,CVC.CV,"N,V",1.471,0.393,3.168,11,1.3
feno,hay,4.56,2.33,5.81,1.55,2.42,0.91,4,2,CV.CV,N,0.772,0.248,2.888,8,1.45
fenómeno,phenomenon,3.43,1.96,3.5,1.8,4.37,1.29,8,4,CV.CV.CV.CV,N,51.907,1.724,4.715,0,3
feriado,holiday,4.39,1.98,4.39,2.04,4.07,1.18,7,4,CV.CV.V.CV,N,1.324,0.366,3.122,3,1.75
férias,vacation,5.59,1.54,4.59,1.9,4.96,1.4,6,3,CV.CV.VC,N,79.079,1.904,4.898,6,1.6
ferida,sore,5.02,1.91,5.89,1.37,4.3,1.35,6,3,CV.CV.CV,"ADJ,N,V",9.355,1.015,3.971,4,1.6
ferido,hurt,4.74,1.82,4.9,1.64,4.41,1.45,6,3,CV.CV.CV,"ADJ,N,V",20.689,1.336,4.316,3,1.55
ferimento,injury,5.13,1.77,5.4,1.36,3.83,1.29,9,4,CV.CV.CVC.CV,N,1.993,0.476,3.3,0,2.1
feroz,fierce,4.19,1.79,3.83,1.71,3.89,1.47,5,2,CV.CVC,ADJ,7.851,0.947,3.895,1,1.9
ferramenta,tool,5.53,1.43,5.83,1.3,4.48,1.38,10,4,CVC.CV.CVC.CV,N,3.386,0.642,3.53,0,2.55
ferro,iron,5.39,1.83,6.31,1.05,3.98,1.34,5,2,CVC.CV,"N,V",42.209,1.636,4.625,12,1.1
festa,party,5.67,1.56,4.48,1.8,5.31,1.45,5,2,CVC.CV,N,111.117,2.05,5.046,14,1.15
festival,festival,5.75,1.3,4.77,1.73,4.1,1.37,8,3,CVC.CV.CVC,N,63.529,1.81,4.803,1,2.2
festivo,festive,4.69,1.83,3.73,1.69,3.75,1.42,7,3,CVC.CV.CV,ADJ,2.755,0.575,3.44,1,1.85
fétido,malodorous,3.31,2.01,3.19,1.64,1.96,0.98,6,3,CV.CV.CV,ADJ,0.327,0.123,2.515,1,1.9
fiança,bail,3.05,1.87,3.86,1.69,2.68,1.1,6,3,CV.VC.CV,N,1.817,0.45,3.259,0,1.8
fibra,fibre,3.71,1.77,4.59,1.67,3.93,1.45,5,2,CV.CCV,N,4.89,0.77,3.689,4,1.7
ficção,fiction,4.29,1.89,3.19,1.76,4.09,1.29,6,2,CVC.CVV,N,31.574,1.513,4.499,4,1.75
ficha,plug,5.32,1.54,4.85,1.62,5.29,1.42,5,2,CV.CCV,"N,V",7.704,0.94,3.887,5,1.6
ficheiro,file,4.84,1.7,5.09,1.39,5.91,1.13,8,3,CV.CCVV.CV,N,6.244,0.86,3.795,1,2.15
fidelidade,faithfulness,3.47,1.75,3.26,1.88,4.23,1.7,10,5,CV.CV.CV.CV.CV,N,13.918,1.174,4.144,0,2.65
fiel,faithful,3.77,1.96,3.17,2.19,4.86,1.36,4,2,CV.VC,"ADJ,N",21.486,1.352,4.332,5,1.65
figo,fig,6.21,1.15,6.66,0.73,3.11,1.19,4,2,CV.CV,N,10.479,1.06,4.02,14,1.2
figura,figure,4.93,1.75,3.95,1.72,5.37,1.51,6,3,CV.CV.CV,"N,V",99.857,2.004,4.999,3,1.6
figurino,figurine,4.15,1.59,4.93,1.48,2.52,0.84,8,4,CV.CV.CV.CV,N,5.95,0.842,3.775,0,2.4
fila,queue,4.85,1.92,5.31,1.29,5.41,1.3,4,2,CV.CV,"N,V",15.648,1.221,4.195,17,1
filho,son,5.66,1.52,5.93,1.37,5.47,1.65,5,2,CV.CCV,"N,V",104.844,2.025,5.021,9,1.35
filme,film,6.14,1.06,5.61,1.46,5.96,0.99,5,2,CVC.CV,"N,V",231.526,2.367,5.365,4,1.6
filosofia,philosophy,3.56,2.22,2.56,1.82,3.39,1.29,9,5,CV.CV.CV.CV.V,N,39.029,1.602,4.591,0,2.2
filtro,filter,5.03,1.84,5.3,1.23,3.74,1.62,6,2,CVC.CCV,"N,V",2.36,0.526,3.373,3,1.75
fim,end,3.56,2.06,3.28,2.14,5.74,1.1,3,1,CVC,N,486.268,2.688,5.687,9,1.4
final,final,3.25,2,3.55,1.97,5.71,1.31,5,2,CV.CVC,"ADJ,N",566.759,2.754,5.753,5,1.65
finalidade,goal,3.18,1.92,3.21,1.82,4.7,1.43,10,5,CV.CV.CV.CV.CV,N,11.613,1.101,4.065,0,2.25
finança,finance,3.34,1.95,3.53,1.8,4.48,1.55,7,3,CV.CVC.CV,N,1.798,0.447,3.255,0,2.15
financeiro,financial,3.74,1.85,3.83,1.62,4.96,1.48,10,4,CV.CVC.CVV.CV,"ADJ,N",64.086,1.814,4.807,1,2.65
fino,fine,4.85,1.9,4.28,2.01,4.95,1.46,4,2,CV.CV,"ADJ,N,V",8.393,0.973,3.924,19,1
fio,thread,5.44,1.91,6.09,1.08,4.52,1.26,3,2,CV.V,"N,V",22.697,1.375,4.356,12,1
firma,firm,4.45,1.76,5.3,1.46,3.96,1.64,5,2,CVC.CV,"N,V",20.308,1.329,4.308,4,1.45
firmamento,firmament,2.9,1.87,3.22,1.83,2.46,0.96,10,4,CVC.CV.CVC.CV,N,1.651,0.423,3.218,0,2.6
firme,stiff,3.77,1.93,3.65,1.73,4.18,1.5,5,2,CVC.CV,"ADJ,V",22.155,1.365,4.346,4,1.6
fiscal,fiscal,3.67,1.66,4.34,1.82,3.8,1.55,6,2,CVC.CVC,"ADJ,N",64.34,1.815,4.809,1,1.95
fiscalização,oversight,3.54,1.74,3.73,1.85,3.91,1.59,12,5,CVC.CV.CV.CV.CVV,N,37.651,1.587,4.576,1,2.65
fisco,tax authorities,3.35,1.79,3.66,1.67,4,1.57,5,2,CVC.CV,N,11.525,1.098,4.062,9,1.35
físico,physical,4.52,1.72,4.24,1.77,4.98,1.47,6,3,CV.CV.CV,"ADJ,N",23.66,1.392,4.374,2,1.85
fita,tape,5.53,1.66,6.05,1.17,4.8,1.33,4,2,CV.CV,"ADJ,N,V",9.595,1.025,3.982,14,1
fixação,fixation,2.7,1.41,3.49,1.78,3.36,1.2,7,3,CV.CV.CVV,N,16.068,1.232,4.206,1,1.85
flácido,flabby,4.44,1.83,3.9,1.8,3.79,1.52,7,3,CCV.CV.CV,ADJ,0.098,0.041,1.99,2,2.15
flamingo,flamingo,5.62,2.05,6.22,1.38,2.32,0.81,8,3,CCV.CVC.CV,N,0.151,0.061,2.18,1,2.6
flauta,flute,5.84,1.67,6.67,0.61,2.69,1,6,2,CCVV.CV,"N,V",5.369,0.804,3.73,1,1.85
flecha,shaft,6.05,1.27,6.33,1.01,2.96,1.25,6,2,CCV.CCV,"N,V",3.669,0.669,3.565,1,1.8
flexível,limber,3.87,1.87,3.36,1.98,4.65,1.42,8,3,CCV.CV.CVC,ADJ,6.322,0.865,3.801,0,2.8
flor,flower,6.34,1.04,6.6,0.77,5.02,1.37,4,1,CCVC,N,13.327,1.156,4.125,2,1.6
floresta,forest,6.36,1.01,6.21,1,4.25,1.54,8,3,CCV.CVC.CV,N,24.095,1.4,4.382,2,1.7
florestal,forestry,5.41,1.38,5.12,1.88,3.74,1.36,9,3,CCV.CVC.CVC,ADJ,12.399,1.127,4.093,3,2.05
fluxo,flow,3.56,1.57,3.55,1.45,3.7,1.34,5,2,CCV.CV,N,10.079,1.045,4.003,0,1.75
foca,seal,5.53,1.89,6.64,0.89,2.86,0.96,4,2,CV.CV,"N,V",1.685,0.429,3.227,15,1
foco,focus,3.57,1.94,3.86,1.65,4.31,1.68,4,2,CV.CV,"N,V",12.883,1.143,4.11,14,1
fogão,stove,5.83,1.94,6.56,0.84,5.5,1.39,5,2,CV.CVV,N,2.648,0.562,3.423,3,1.8
fogo,fire,6.06,1.61,6.09,1.16,5.13,1.72,4,2,CV.CV,N,83.916,1.929,4.924,12,1.1
foguetão,rocketship,5.98,1.29,6.19,1.37,2.97,1.31,8,3,CV.CVV.CVV,N,6.82,0.893,3.834,0,2.75
foguete,rocket,5.95,1.24,6.24,1.04,3.36,1.21,7,3,CV.CVV.CV,N,1.417,0.383,3.151,1,2.35
fôlego,breath,4.02,1.91,3.68,1.78,3.64,1.18,6,3,CV.CV.CV,N,10.968,1.078,4.04,1,2.45
folha,leaf,5.97,1.79,6.25,1.02,6.32,0.93,5,2,CV.CCV,"N,V",18.784,1.296,4.274,13,1.15
folheto,leaflet,5.29,1.76,6.16,0.92,3.96,1.11,7,3,CV.CCV.CV,N,5.154,0.789,3.712,3,1.8
folho,frill,4.25,1.77,4.78,2,2.22,1.06,5,2,CV.CCV,N,0.049,0.021,1.689,11,1.3
fome,hunger,4.18,1.76,3.54,2,6.47,0.94,4,2,CV.CV,N,41.589,1.629,4.619,9,1.45
fonte,source,5.57,1.53,5.71,1.36,4.6,1.43,5,2,CVC.CV,N,151.607,2.184,5.181,5,1.65
força,force,4.84,1.67,3.37,1.69,5.6,1.24,5,2,CVC.CV,"N,V",197.94,2.299,5.297,8,1.35
forçado,forced,3.37,1.86,3.07,1.45,4.07,1.36,7,3,CVC.CV.CV,"ADJ,N,V",12.472,1.129,4.096,6,1.5
forma,shape,3.63,1.99,3.98,1.87,5.45,1.54,5,2,CVC.CV,"N,V",693.636,2.842,5.841,8,1.25
formação,formation,3.58,2.03,3.43,1.52,5.22,1.38,8,3,CVC.CV.CVV,N,197.681,2.298,5.296,2,1.9
formal,formal,3.4,1.84,3.5,1.65,4.53,1.17,6,2,CVC.CVC,"ADJ,N",32.463,1.525,4.511,7,1.55
formato,format,3.27,1.79,3.72,1.57,4.52,1.5,7,3,CVC.CV.CV,"N,V",17.832,1.275,4.251,3,1.8
formiga,ant,5.89,1.48,6.49,0.86,4.07,1.29,7,3,CVC.CV.CV,"N,V",1.7,0.431,3.231,2,1.7
formoso,handsome,4.08,1.8,3.28,1.58,2.98,1.28,7,3,CVC.CV.CV,ADJ,1.407,0.382,3.148,2,1.8
fórmula,formula,4.27,1.79,4.36,1.92,4.64,1.24,7,3,CVC.CV.CV,N,45.395,1.667,4.657,1,2.3
fornecimento,supply,3.17,1.71,3.52,1.41,3.97,1.28,12,5,CVC.CV.CV.CVC.CV,N,19.649,1.315,4.293,0,3.05
forno,oven,5.36,2.02,6.44,0.93,4.84,1.15,5,2,CVC.CV,N,9.864,1.036,3.994,7,1.5
forte,strong,4.69,1.93,4.3,1.99,5.3,1.37,5,2,CVC.CV,"ADJ,ADV,N",186.909,2.274,5.272,14,1.25
fortuna,fortune,5,1.79,4.12,1.85,3.78,1.27,7,3,CVC.CV.CV,N,13.772,1.169,4.139,0,2.3
fórum,forum,4.3,1.76,3.86,1.57,4.19,1.52,5,2,CV.CVC,N,39.019,1.602,4.591,0,2.4
fotografia,photograph,6.16,1.08,6.56,0.74,5.36,1.28,10,5,CV.CV.CCV.CV.V,N,48.634,1.696,4.687,1,1.85
fotográfico,photographic,4.8,1.98,4.53,1.65,4.21,1.59,11,5,CV.CV.CCV.CV.CV,ADJ,4.793,0.763,3.681,2,2.2
fotógrafo,photographer,6.24,0.98,6.21,0.92,4.12,1.18,9,4,CV.CV.CCV.CV,N,11.539,1.098,4.062,3,2.05
fracasso,failure,3.28,1.57,3.59,1.95,3.64,1.12,8,3,CCV.CVC.CV,"N,V",21.408,1.35,4.331,2,2.25
fraco,weak,3.31,1.68,2.9,1.78,4.82,1.39,5,2,CCV.CV,"ADJ,N",21.222,1.347,4.327,2,1.7
fragância,fragrance,4.84,1.55,3.79,1.92,3.53,1.42,9,3,CCV.CVC.CVV,N,0.02,0.008,1.29,0,2.65
frágil,frail,3.7,1.94,3.82,1.86,4.59,1.5,6,2,CCV.CVC,ADJ,14.07,1.178,4.148,0,2.55
fragmento,fragment,4.03,1.86,4.32,1.76,3.53,1.23,9,3,CCVC.CVC.CV,"N,V",3.117,0.615,3.494,2,2.35
francês,French,4.24,1.83,4.14,2.07,3.74,1.19,7,2,CCVC.CVC,"ADJ,N",151.397,2.183,5.18,2,1.9
franco,frank,3.27,1.8,2.84,1.45,3.64,1.52,6,2,CCVC.CV,"ADJ,N",14.988,1.204,4.176,6,1.6
franja,fringe,5.44,1.82,5.44,1.55,4.02,1.61,6,2,CCVC.CV,"N,V",2.081,0.489,3.318,5,1.7
fraqueza,weakness,3.79,1.87,3.4,1.97,4.59,1.56,8,3,CCV.CVV.CV,N,9.678,1.029,3.986,2,1.9
frasco,jar,5.59,1.89,6.57,0.79,5.13,1.28,6,2,CCVC.CV,N,1.988,0.475,3.299,3,1.7
frase,sentence,4.98,1.91,4.4,2.03,6.04,1.1,5,2,CCV.CV,N,39.024,1.602,4.591,4,1.65
fraude,fraud,3.57,1.75,3.7,1.82,4.1,1.55,6,2,CCVV.CV,N,18.281,1.285,4.262,1,1.85
freira,nun,6,1.49,6.2,1.18,3.18,1.18,6,2,CCVV.CV,N,2.164,0.5,3.335,3,1.6
frenético,frantic,3.23,1.68,3.07,1.76,3.29,1.15,9,4,CCV.CV.CV.CV,ADJ,2.194,0.504,3.341,1,2.55
frente,front,4.37,1.97,3.91,1.86,5.98,1.12,6,2,CCVC.CV,N,343.078,2.537,5.535,2,1.7
frequência,frequency,3.36,1.77,3.35,1.74,5.25,1.31,10,3,CCV.CVVC.CVV,N,34.085,1.545,4.533,0,3.15
frequente,frequent,3.13,1.91,3.59,1.97,5.49,1.3,9,3,CCV.CVVC.CV,"ADJ,V",15.545,1.219,4.192,2,1.95
fresco,fresh,4.21,1.87,4.09,1.6,5.59,1.17,6,2,CCVC.CV,"ADJ,N",13.039,1.147,4.115,2,1.75
frigideira,frying pan,5.47,2.16,6.7,0.63,5,1.34,10,4,CCV.CV.CVV.CV,N,1.217,0.346,3.085,0,2.85
frigorífico,refrigerator,6.37,1.19,6.73,0.52,6.4,0.93,11,5,CCV.CV.CV.CV.CV,N,4.011,0.7,3.603,1,3.35
frio,cold,4.84,1.74,4.47,2.04,6.09,0.94,4,2,CCV.V,"ADJ,N",33.211,1.534,4.521,5,1.35
fronteira,border,4.43,1.74,3.83,1.81,3.63,1.18,9,3,CCVC.CVV.CV,"ADJ,N",59.064,1.779,4.771,1,1.95
frota,fleet,4.66,2.06,4.96,1.78,2.53,0.9,5,2,CCV.CV,N,20.714,1.337,4.316,6,1.6
frouxo,slack,3.32,1.71,3.14,1.69,2.04,0.91,6,2,CCVV.CV,"ADJ,N",0.845,0.266,2.927,3,1.75
frustração,frustration,3.55,1.75,2.86,1.73,4.4,1.45,10,3,CCVC.CCV.CVV,N,8.823,0.992,3.946,0,2.8
frustrado,frustrated,3.5,1.71,2.91,1.71,4.26,1.53,9,3,CCVC.CCV.CV,"ADJ,N,V",3.132,0.616,3.496,1,1.8
fruta,fruit,6.25,1.24,6.26,1.17,6.41,0.7,5,2,CCV.CV,"N,V",9.722,1.03,3.988,8,1.5
fruto,fruit,5.96,1.38,6.31,0.77,5.71,1.34,5,2,CCV.CV,"N,V",24.427,1.405,4.388,3,1.75
fuga,escape,3.94,1.86,3.68,1.74,3.95,1.55,4,2,CV.CV,N,47.251,1.684,4.674,13,1.05
fugidio,fleeting,2.92,1.82,3.07,1.6,2.26,1.2,7,4,CV.CV.CV.V,ADJ,0.366,0.136,2.564,1,2.05
fumo,smoke,6.22,1.01,6.19,0.99,5.28,1.42,4,2,CV.CV,"N,V",17.084,1.257,4.233,9,1.45
funcionário,employee,5.13,1.95,5.63,1.25,5.45,1.29,11,5,CVC.CV.V.CV.CVV,N,39.156,1.604,4.593,1,2.65
fundação,foundation,3.41,1.89,3.45,1.75,4.02,1.41,8,3,CVC.CV.CVV,N,40.373,1.617,4.606,2,2.15
fundamental,fundamental,2.77,1.5,3.05,1.79,5.35,1.27,11,4,CVC.CV.CVC.CVC,ADJ,74.125,1.876,4.87,2,2.1
fundamento,foundation,2.39,1.4,3.1,1.74,4.72,1.5,10,4,CVC.CV.CVC.CV,"N,V",13.62,1.165,4.134,2,1.85
fundo,bottom,4.35,1.65,3.49,1.78,4.77,1.44,5,2,CVC.CV,"ADJ,N,V",163.337,2.216,5.213,9,1.3
funeral,funeral,5.19,1.85,5.21,1.83,2.98,1.07,7,3,CV.CV.CVC,"ADJ,N",12.619,1.134,4.101,0,2.65
fungo,fungus,4.94,1.89,5.62,1.64,3.09,1.07,5,2,CVC.CV,"N,V",0.816,0.259,2.912,5,1.65
funil,funnel,5.13,2.11,6.3,1.09,3.14,1.17,5,2,CV.CVC,N,0.875,0.273,2.942,2,1.9
furacão,hurricane,5.45,1.86,5.02,1.87,3.2,1.19,7,3,CV.CV.CVV,N,2.692,0.567,3.43,2,1.95
furão,ferret,4.72,2.26,4.73,2.05,2.61,1.37,5,2,CV.CVV,N,0.176,0.07,2.245,4,1.7
furgão,freight car,3.78,2.12,5.23,2.13,1.86,1.02,6,2,CVC.CVV,N,0.445,0.16,2.648,0,1.95
fúria,fury,4.16,1.83,3.62,1.72,3.68,1.36,5,2,CV.CVV,N,11.495,1.097,4.061,5,1.65
furioso,furious,4.45,1.83,3.49,1.75,4.59,1.14,7,4,CV.CV.V.CV,"ADJ,N",4.03,0.702,3.605,2,2
furto,theft,4.43,1.8,3.96,1.93,3.28,1.71,5,2,CVC.CV,"N,V",11.51,1.097,4.061,6,1.55
fusão,fusion,3.8,2.14,3.34,1.68,3.32,1.27,5,2,CV.CVV,N,28.281,1.467,4.452,3,1.7
futebol,football,6.17,1.17,5.58,1.51,5.38,1.41,7,3,CV.CV.CVC,N,228.913,2.362,5.36,0,3
futebolista,football player,6.56,0.82,6.31,0.93,4.83,1.42,11,5,CV.CV.CV.CVC.CV,"ADJ,N",16.107,1.233,4.207,0,3.45
futuro,future,3.67,2.09,3.27,2.04,5.74,1.23,6,3,CV.CV.CV,"ADJ,N,V",268.606,2.431,5.429,2,1.8
fuzil,gun,3.33,2.24,4.43,2.12,1.69,0.91,5,2,CV.CVC,N,0.117,0.048,2.069,2,1.8
gado,cattle,6.02,1.42,6.12,1.09,3.17,1.02,4,2,CV.CV,N,18.398,1.288,4.265,15,1.15
gafanhoto,grasshopper,5.51,1.92,6.55,1.06,2.93,1.02,9,4,CV.CV.CCV.CV,N,0.215,0.085,2.332,0,3.25
gaio,jay,4.05,2.27,4.9,2.12,2.35,1.36,4,2,CVV.V,"ADJ,N",0.166,0.067,2.22,19,1
gaiola,cage,6.05,1.47,6.4,0.92,3.72,1.58,6,3,CVV.V.CV,N,1.925,0.466,3.284,0,1.95
gaivota,seagull,6.03,1.59,6.54,0.91,3.57,1.27,7,3,CVV.CV.CV,N,0.879,0.274,2.944,0,2.25
gala,gala,4.78,1.89,4.39,1.84,3.23,1.2,4,2,CV.CV,"N,V",7.538,0.931,3.877,26,1
galé,galley,2.97,2.02,3.83,1.95,1.48,0.7,4,2,CV.CV,N,0.244,0.095,2.388,7,1.6
galeria,gallery,4.82,1.59,5.24,1.71,3.65,1.37,7,4,CV.CV.CV.V,N,27.221,1.451,4.435,1,1.75
galinha,chicken,6.45,0.92,6.61,0.78,4.51,1.24,7,3,CV.CV.CCV,N,5.643,0.822,3.752,7,1.55
galinhola,woodcock,4.45,2.03,4.73,1.89,1.87,1.11,9,4,CV.CV.CCV.CV,N,0.078,0.033,1.893,0,2.75
galo,cock,5.97,1.66,6.37,1.26,3.71,1.34,4,2,CV.CV,"ADJ,N,V",3.576,0.661,3.553,22,1
gama,gamma,2.46,1.33,3.41,1.68,3.57,1.57,4,2,CV.CV,"N,V",1.002,0.301,3.001,18,1
gancho,hook,5.48,1.82,5.91,1.65,3.71,1.67,6,2,CVC.CCV,N,0.997,0.3,2.999,5,1.55
ganga,denim,6.07,1.42,6,1.28,5.43,1.23,5,2,CVC.CV,N,2.765,0.576,3.442,13,1.15
gangrena,gangrene,3.59,2.37,4.29,2.22,1.57,0.77,8,3,CVC.CCV.CV,"N,V",0.762,0.246,2.882,1,2.25
ganho,gain,3.78,1.86,3.75,1.81,5.1,1.31,5,2,CV.CCV,"N,V",31.789,1.516,4.502,10,1.2
ganso,goose,6.08,1.33,6.58,0.85,2.89,1.19,5,2,CVC.CV,N,0.572,0.196,2.757,4,1.7
garantia,guarantee,3.2,1.99,3.32,2.03,4.07,1.41,8,4,CV.CVC.CV.V,"N,V",51.023,1.716,4.708,3,1.55
garfo,fork,4.89,2.31,6.78,0.46,6.31,0.94,5,2,CVC.CV,"N,V",1.348,0.371,3.13,3,1.75
garganta,gullet,5.3,1.84,6.14,0.99,4.72,1.26,8,3,CVC.CVC.CV,N,6.498,0.875,3.813,0,2.25
garnisé,bantam chicken,4.22,2.29,5.21,2.23,1.88,1.03,7,3,CVC.CV.CV,N,0.034,0.015,1.534,0,2.9
garoupa,white grouper,3.94,2.05,5.09,1.91,1.94,0.81,7,3,CV.CVV.CV,N,0.503,0.177,2.702,0,2.45
garrafa,bottle,6.03,1.43,6.65,0.83,6.22,0.85,7,3,CVC.CV.CV,N,10.43,1.058,4.018,4,1.7
gasolina,petrol,4.98,2.12,6.39,0.79,5.3,1.43,8,4,CV.CV.CV.CV,N,21.422,1.351,4.331,0,2.75
gasto,worn,3.28,1.68,3.32,1.72,5.61,1.25,5,2,CVC.CV,"ADJ,N,V",11.446,1.095,4.059,11,1.25
gástrico,gastric,3.41,2.04,3.97,2.03,2.68,0.94,8,3,CVC.CCV.CV,ADJ,0.298,0.113,2.474,1,2.7
gato,cat,6.42,1.06,6.79,0.55,5.6,1.36,4,2,CV.CV,N,11.012,1.08,4.042,21,1
gatuno,prowler,4.41,1.99,4.73,1.55,4.11,1.73,6,3,CV.CV.CV,"N,V",0.445,0.16,2.648,1,1.9
gaveta,drawer,5.37,1.96,6.48,0.87,5.34,1.46,6,3,CV.CV.CV,N,7.533,0.931,3.877,4,1.75
gavião,sparrow-hawk,4.38,2.13,4.82,2.31,1.88,0.94,6,3,CV.CV.VV,N,0.85,0.267,2.93,0,1.95
gazela,gazelle,6.09,1.17,6.32,1.19,2.43,0.92,6,3,CV.CV.CV,N,0.327,0.123,2.515,4,1.75
gel,gel,5.37,1.56,5.81,1.33,3.95,1.51,3,1,CVC,N,1.324,0.366,3.122,3,1.65
gelado,ice cream,6.27,1.06,6.4,0.81,4.79,1.42,6,3,CV.CV.CV,"ADJ,N,V",3.62,0.665,3.559,8,1.35
gelatina,jelly,6.16,1.42,6.46,0.79,4.11,1.53,8,4,CV.CV.CV.CV,N,0.889,0.276,2.949,0,2.35
geleia,marmalade,5.29,1.82,5.79,1.5,3.51,1.65,6,3,CV.CVV.V,N,0.562,0.194,2.75,4,1.65
geleira,icebox,5.07,2.02,6.08,1.12,2.77,1.45,7,3,CV.CVV.CV,N,0.078,0.033,1.893,1,1.85
gelo,ice,5.93,1.45,5.89,1.23,4.52,1.26,4,2,CV.CV,"N,V",13.327,1.156,4.125,16,1
gémeo,twin,5.29,1.78,5.79,1.2,3.81,1.47,5,2,CV.CVV,"ADJ,N",1.554,0.407,3.191,1,1.9
gene,gene,4.2,2.03,4.37,2.11,3.18,1.54,4,2,CV.CV,N,10.929,1.077,4.039,7,1.5
género,gender,3.48,1.62,3.07,1.71,5.21,1.22,6,3,CV.CV.CV,N,64.306,1.815,4.808,0,2.5
generoso,lavish,3.9,1.81,3.68,1.83,4.64,1.52,8,4,CV.CV.CV.CV,ADJ,6.092,0.851,3.785,1,2.4
genial,ingenious,3.45,1.83,3.14,1.77,4.3,1.45,6,3,CV.CV.VC,ADJ,7.284,0.918,3.862,1,1.9
génio,genius,4.71,1.89,3.93,1.92,4.29,1.38,5,2,CV.CVV,N,15.829,1.226,4.199,0,1.95
gente,people,5.27,1.61,4.9,1.86,6.19,1.15,5,2,CVC.CV,N,217.76,2.34,5.338,8,1.4
gentil,gentle,3.83,1.84,3.31,1.88,4.4,1.61,6,2,CVC.CVC,ADJ,3.219,0.625,3.508,3,1.85
genuíno,genuine,3.26,1.79,2.92,1.73,3.77,1.43,7,4,CV.CV.V.CV,ADJ,3.781,0.68,3.578,1,2.7
geração,generation,3.64,1.82,3.43,1.71,4.36,1.4,7,3,CV.CV.CVV,N,54.921,1.748,4.74,2,1.9
geral,general,2.6,1.81,2.32,1.25,6.05,1,5,2,CV.CVC,"ADJ,N",273.179,2.438,5.436,6,1.65
germes,germs,4.54,1.81,4.64,1.89,3.09,1.15,6,2,CVC.CVC,N,0.762,0.246,2.882,1,1.8
gestão,management,3.19,1.75,4.12,1.74,5.11,1.34,6,2,CVC.CVV,N,168.002,2.228,5.225,1,1.85
gesto,gesture,4.8,1.68,4.31,1.88,4.65,1.45,5,2,CVC.CV,N,36.953,1.579,4.568,10,1.35
gestor,manager,4.21,1.85,5.32,1.36,4.53,1.62,6,2,CVC.CVC,N,16.063,1.232,4.206,1,1.85
gigante,giant,5.66,1.38,4.42,1.78,4.71,1.71,7,3,CV.CVC.CV,"ADJ,N",18.066,1.28,4.257,1,1.85
ginasta,gymnast,5.17,1.91,5.89,1.21,3.24,1.22,7,3,CV.CVC.CV,N,0.865,0.271,2.937,0,2.25
ginja,morello cherry,4.88,2.15,6.02,1.49,2.74,1.18,5,2,CVC.CV,N,0.103,0.042,2.011,4,1.75
girafa,giraffe,5.62,2.08,6.62,0.78,3.07,1.25,6,3,CV.CV.CV,N,0.425,0.154,2.628,3,1.75
girassol,sunflower,5.92,1.44,6.46,0.86,2.8,0.9,8,3,CV.CVC.CVC,N,1.783,0.445,3.251,0,2.85
giro,cute,4.81,1.9,3.48,1.94,5.58,1.13,4,2,CV.CV,"ADJ,N,V",2.516,0.546,3.401,12,1.25
giz,chalk,5.55,2.02,6.73,0.59,3.71,1.6,3,1,CVC,N,0.757,0.245,2.879,5,1.7
glaciar,glacier,5.19,1.87,6.05,1.12,2.67,0.85,7,3,CCV.CV.VC,N,0.86,0.27,2.934,1,2.3
global,global,3.84,2.09,3.72,2.06,4.68,1.61,6,2,CCV.CVC,ADJ,83.198,1.925,4.92,0,2.3
glória,glory,4.1,2.16,3.46,2.01,3.73,1.38,6,2,CCV.CVV,N,19.234,1.306,4.284,1,1.95
goiaba,guava,5.28,2.07,6.71,0.56,2.3,0.94,6,3,CVV.V.CV,N,0.054,0.023,1.73,0,1.95
golfe,golf,5.27,2.2,5.36,1.91,2.86,1.23,5,2,CVC.CV,"N,V",20.89,1.34,4.32,3,1.65
golfinho,dolphin,6.38,1.11,6.51,0.92,2.91,0.93,8,3,CVC.CV.CCV,N,1.314,0.364,3.119,1,1.85
golo,goal,5.95,1.42,5.79,1.47,4.54,1.4,4,2,CV.CV,N,103.731,2.02,5.016,18,1
golpe,coup,4.63,1.94,4.32,1.62,3.63,1.39,5,2,CVC.CV,N,48.389,1.694,4.685,1,1.85
goraz,red sea bream,3,1.71,3.41,2.15,1.42,0.65,5,2,CV.CVC,N,0.23,0.09,2.361,3,1.8
gordo,fat,5.88,1.46,5.27,2.05,5.86,1.29,5,2,CVC.CV,"ADJ,N",4.465,0.738,3.65,6,1.5
gordura,blubber,4.56,1.8,5.29,1.41,5.43,1.42,7,3,CVC.CV.CV,N,4.558,0.745,3.659,1,2.2
gorila,gorilla,5.48,2.15,6.71,0.63,2.93,1.26,6,3,CV.CV.CV,N,0.581,0.199,2.765,0,1.85
gótico,gothic,5.02,2.05,4.43,2.01,2.43,0.9,6,3,CV.CV.CV,"ADJ,N",1.256,0.353,3.099,2,1.85
governação,governance,3.59,2.07,3.55,1.65,4.36,1.94,10,4,CV.CVC.CV.CVV,N,12.169,1.12,4.085,1,2.8
governador,governor,4.55,2.21,5.39,1.45,3.57,1.46,10,4,CV.CVC.CV.CVC,"ADJ,N",59.191,1.78,4.772,1,2.4
governante,governing,4.52,1.82,5.02,1.91,4.18,1.94,10,4,CV.CVC.CVC.CV,"ADJ,N",19.4,1.31,4.288,1,2.55
governo,government,4.53,1.89,4.28,1.77,5.91,1.18,7,3,CV.CVC.CV,"N,V",847.955,2.929,5.928,2,1.95
gozo,enjoyment,3.71,1.82,2.56,1.23,5.14,1.23,4,2,CV.CV,"N,V",8.911,0.996,3.95,10,1.3
graça,grace,3.52,1.83,3.05,1.77,5.25,1.37,5,2,CCV.CV,N,28.149,1.465,4.45,10,1.4
gráfico,graphic,6.09,1.2,5.07,1.57,4.9,1.45,7,3,CCV.CV.CV,"ADJ,N",9.829,1.035,3.993,2,1.9
gralha,jackdaw,3.85,1.95,4.05,1.97,2.79,1.31,6,2,CCV.CCV,"N,V",1.138,0.33,3.056,3,1.65
granada,grenade,5.61,2.06,6.25,1.13,2.75,1,7,3,CCV.CV.CV,N,5.97,0.843,3.776,4,1.7
grande,big,4.6,2.02,4.68,1.9,6.35,0.97,6,2,CCVC.CV,"ADJ,N",809.585,2.909,5.908,2,1.75
grandeza,greatness,4.09,1.89,3.45,2.27,4.14,1.38,8,3,CCVC.CV.CV,N,13.298,1.155,4.124,0,2.65
grandioso,imposing,3.76,2.05,3.5,1.67,3.79,1.47,9,4,CCVC.CV.V.CV,ADJ,2.516,0.546,3.401,1,2.5
granito,granite,5.75,1.74,6.21,1.11,2.88,0.95,7,3,CCV.CV.CV,N,5.853,0.836,3.767,3,1.75
grão,chick-pea,5.75,1.45,6.05,1.11,3.48,1.13,4,1,CCVV,N,5.789,0.832,3.763,1,1.85
gratidão,gratitude,3.65,1.95,2.86,1.7,3.75,1.41,8,3,CCV.CV.CVV,N,3.855,0.686,3.586,0,2.85
grato,thankful,3.07,1.81,3,1.87,4.13,1.65,5,2,CCV.CV,ADJ,2.34,0.524,3.369,9,1.4
gratuito,gratuitous,3.84,2.02,3.48,1.96,5.13,1.28,8,3,CCV.CVV.CV,ADJ,7.773,0.943,3.891,1,2.35
grau,grade,3.26,2.02,3.38,2.09,4.79,1.44,4,1,CCVV,N,41.858,1.632,4.622,1,1.85
gravata,tie,5.56,2.01,6.74,0.56,4.05,1.57,7,3,CCV.CV.CV,N,6.825,0.894,3.834,6,1.65
grave,serious,3.61,1.89,3.46,1.77,5.32,1.37,5,2,CCV.CV,"ADJ,N,V",87.966,1.949,4.944,8,1.4
gravidade,gravity,3.73,1.84,3.37,2.12,4.03,1.43,9,4,CCV.CV.CV.CV,N,28.408,1.469,4.453,2,2.25
gravidez,pregnancy,5.83,1.54,5.71,1.41,3.43,1.27,8,3,CCV.CV.CVC,N,16.962,1.254,4.23,0,2.6
gravilha,gravel,4.14,2.06,5.16,1.72,2.27,0.85,8,3,CCV.CV.CCV,N,0.415,0.151,2.618,0,2.15
gravura,engraving,4.65,1.9,5.43,1.52,3.11,1.36,7,3,CCV.CV.CV,N,3.708,0.673,3.569,2,1.85
graxa,grease,4.42,2.05,4.86,1.86,4.37,1.47,5,2,CCV.CV,N,0.396,0.145,2.597,8,1.55
grelha,grid,4.67,1.96,5.27,1.71,4.09,1.35,6,2,CCV.CCV,"N,V",16.605,1.246,4.22,5,1.45
grelhador,barbecue,6.07,1.41,6.55,0.71,4.02,0.98,9,3,CCV.CCV.CVC,N,0.191,0.076,2.28,1,2.25
greve,strike,4.59,1.77,4.25,1.82,4.36,1.42,5,2,CCV.CV,N,95.225,1.983,4.979,4,1.75
grilo,cricket,5.86,1.42,6.3,1.16,3.22,1.14,5,2,CCV.CV,N,1.769,0.442,3.248,8,1.55
grito,scream,5.23,1.74,4.35,2.1,4.71,1.33,5,2,CCV.CV,"N,V",12.477,1.13,4.096,7,1.45
groselha,red currant,5.38,1.85,6.16,1.28,3.32,1.55,8,3,CCV.CV.CCV,N,0.147,0.059,2.166,0,2.8
grosseiro,coarse,3.62,1.74,3.24,1.58,3.58,1.15,9,3,CCVC.CVV.CV,"ADJ,N",2.086,0.489,3.319,1,2.65
grosso,thick,4.81,1.83,4.67,1.64,4.63,1.33,6,2,CCVC.CV,"ADJ,ADV,N",11.725,1.105,4.069,2,1.8
grupo,group,5.75,1.14,4.81,1.68,6.09,1.01,5,2,CCV.CV,N,540.451,2.734,5.733,1,1.85
guarda,guard,5.23,1.73,5.14,1.69,5.02,1.62,6,2,CVVC.CV,"N,V",64.35,1.815,4.809,2,1.6
guerra,war,5.62,1.51,5.28,1.53,4.61,1.34,6,2,CVVC.CV,N,303.883,2.484,5.483,2,1.85
guerrilha,guerrilla,4.33,1.93,3.81,1.66,2.53,1.23,9,3,CVVC.CV.CCV,N,22.087,1.363,4.344,1,2.7
gueto,ghetto,4.37,2.13,4.55,1.9,1.91,0.95,5,2,CVV.CV,N,1.617,0.418,3.209,1,1.9
guia,guide,4.27,1.73,5.02,1.69,3.71,1.57,4,2,CVV.V,"ADJ,N,V",19.986,1.322,4.301,8,1.2
guião,script,4.77,1.66,5.39,1.23,3.78,1.33,5,2,CVV.VV,N,5.345,0.802,3.728,2,1.85
guilhotina,guillotine,5.23,2.05,5.8,1.54,2.02,0.73,10,4,CVV.CCV.CV.CV,"N,V",0.923,0.284,2.965,0,3.2
guincho,shriek,3.76,1.99,4.36,1.86,2.73,1.19,7,2,CVVC.CCV,N,2.775,0.577,3.443,1,2.05
guitarra,guitar,5.92,1.51,6.76,0.51,4.71,1.59,8,3,CVV.CVC.CV,N,23.279,1.385,4.367,0,2.5
guloso,greedy,4.76,1.68,4.16,1.82,4.98,1.54,6,3,CV.CV.CV,"ADJ,N",0.552,0.191,2.742,1,1.9
habilidade,skill,3.25,1.61,3.14,1.6,4.54,1.22,10,5,CV.CV.CV.CV.CV,N,6.879,0.896,3.838,1,2.2
habilidoso,skilful,3.89,1.84,3.63,1.77,4.21,1.44,10,5,CV.CV.CV.CV.CV,"ADJ,N",0.694,0.229,2.841,1,3.15
habitação,housing,5.84,1.23,5.95,1.22,4.8,1.34,9,4,CV.CV.CV.CVV,N,63.549,1.81,4.803,1,2.3
habitante,inhabitant,4.6,1.86,4.9,1.82,4.33,1.47,9,4,CV.CV.CVC.CV,N,7.567,0.933,3.879,0,2.55
hábito,habit,3.2,1.83,3.76,1.6,5.39,1.19,6,3,CV.CV.CV,N,20.948,1.341,4.321,2,1.85
habitual,usual,3.11,1.74,2.88,1.25,5.44,1.27,8,4,CV.CV.CV.VC,ADJ,57.002,1.763,4.756,4,1.75
hambúrguer,hamburger,6.19,1.41,6.62,0.62,4.74,1.36,10,3,CVC.CVC.CVVC,N,0.02,0.008,1.29,0,3.85
harpa,harp,5.4,1.99,6.04,1.55,2.13,1.03,5,2,CVC.CV,N,2.198,0.505,3.342,3,1.7
haxixe,hashish,4.72,2.04,5.51,1.86,2.79,1.06,6,3,CV.CV.CV,N,11.163,1.085,4.048,0,2.75
helicóptero,helicopter,6.03,1.59,6.78,0.6,3.74,1.45,11,5,CV.CV.CVC.CV.CV,N,14.622,1.194,4.165,0,4.55
herança,heritage,3.76,2.05,4.19,1.75,3.32,1.2,7,3,CV.CVC.CV,N,21.373,1.35,4.33,0,2.5
herdeiro,heir,3.54,1.97,3.98,1.68,3.04,1.16,8,3,CVC.CVV.CV,N,10.264,1.052,4.011,2,1.85
hereditário,hereditary,3.26,2.01,4.26,1.81,3.97,1.47,11,5,CV.CV.CV.CV.CVV,ADJ,0.708,0.233,2.85,1,3.4
hérnia,hernia,3.49,2.09,4.93,1.76,2.78,0.99,6,2,CVC.CVV,N,0.62,0.21,2.793,0,2.5
herói,hero,5.13,1.84,3.78,1.77,3.93,1.44,5,2,CV.CVV,N,24.241,1.402,4.385,0,1.95
heróico,heroic,3.79,1.98,3.29,1.71,3.17,1.03,7,3,CV.CVV.CV,ADJ,2.599,0.556,3.415,1,2.35
heroína,heroin,4.89,1.95,4.76,1.86,3.02,0.99,7,4,CV.CV.V.CV,N,26.752,1.443,4.427,0,2.85
hesitante,hesitant,3.4,1.74,2.59,1.18,3.59,1.19,9,4,CV.CV.CVC.CV,ADJ,2.335,0.523,3.368,1,2.35
hidroavião,seaplane,4.4,2.21,5.81,1.48,1.62,0.69,10,5,CV.CCV.V.CV.VV,N,0.279,0.107,2.445,0,4.15
hiena,hyena,5.56,2.08,6.55,0.82,2.46,0.85,5,3,CV.V.CV,N,0.977,0.296,2.99,0,1.9
hierarquia,hierarchy,4.15,2.03,3.74,1.95,4.29,1.57,10,5,CV.V.CVC.CVV.V,N,17.529,1.268,4.244,0,2.65
higiene,hygiene,4.73,1.61,4.41,1.83,6.04,1.29,7,4,CV.CV.V.CV,N,13.767,1.169,4.139,0,2.9
higiénico,hygienic,4.11,1.96,3.93,2.02,5.51,1.18,9,5,CV.CV.V.CV.CV,ADJ,1.666,0.426,3.222,1,3.3
hino,anthem,4.35,2.11,4.66,1.94,3.22,1.24,4,2,CV.CV,N,10.274,1.052,4.012,8,1.5
hipocrisia,hypocrisy,2.9,1.67,2.46,1.54,3.65,1.14,10,5,CV.CV.CCV.CV.V,N,10.782,1.071,4.033,0,3.55
hipopótamo,hippopotamus,6.33,1.29,6.79,0.53,2.91,1.15,10,5,CV.CV.CV.CV.CV,N,0.445,0.16,2.648,0,4.15
hipótese,hypothesis,3.02,1.86,3.31,1.93,5.35,1.04,8,4,CV.CV.CV.CV,N,122.539,2.092,5.088,0,2.9
história,history,3.93,1.84,3.64,1.83,4.91,1.39,8,3,CVC.CV.CVV,N,323.943,2.512,5.511,2,1.85
histórico,historical,3.79,1.98,3.64,2.05,4.47,1.67,9,4,CVC.CV.CV.CV,"ADJ,N",64.457,1.816,4.809,2,2.2
homem,man,6.3,1.08,6.53,0.96,6.4,0.87,5,2,CV.CVC,N,319.355,2.506,5.504,5,1.75
homenagem,homage,4.19,1.94,3.97,1.86,3.45,1.19,9,4,CV.CV.CV.CVC,N,46.059,1.673,4.663,0,2.4
homicida,murderer,4.55,1.84,5.05,1.79,3.7,1.46,8,4,CV.CV.CV.CV,"ADJ,N",0.767,0.247,2.885,0,2.75
homicídio,homicide,4.94,1.93,4.5,1.76,4.12,1.66,9,4,CV.CV.CV.CVV,N,22.067,1.363,4.344,0,3.1
honesto,honest,3.33,1.82,3.17,1.83,5.14,1.39,7,3,CV.CVC.CV,ADJ,5.139,0.788,3.711,1,2.4
honra,honour,3.63,2.06,2.9,1.68,3.98,1.4,5,2,CVC.CV,"N,V",43.621,1.65,4.64,2,1.65
hóquei,hockey,5.93,1.28,5.95,1.28,2.81,1.02,6,2,CV.CVVV,N,14.265,1.184,4.154,1,2.25
hora,hour,4.45,1.96,4.66,2,6.85,0.45,4,2,CV.CV,N,215.996,2.337,5.334,8,1.15
horário,schedule,4.44,1.97,4.93,1.64,6.16,0.94,7,3,CV.CV.CVV,"ADJ,N",35.131,1.558,4.546,1,2.1
horizontal,across,4.44,1.88,4.71,1.91,4.3,1.46,10,4,CV.CV.CVC.CVC,"ADJ,N",4.939,0.774,3.694,0,3.6
horizonte,horizon,5.27,1.47,3.78,2.1,3.51,1.44,9,4,CV.CV.CVC.CV,N,25.36,1.421,4.404,0,3.5
horror,horror,4.31,1.67,3.22,1.71,4.54,1.5,6,2,CVC.CVC,N,12.976,1.145,4.113,0,2
horta,vegetable garden,6.05,1.32,6.13,0.99,3.5,1.26,5,2,CVC.CV,N,8.193,0.963,3.913,10,1.3
hortaliça,vegetables,5.24,2.05,6.36,1.02,4.65,1.48,9,4,CVC.CV.CV.CV,N,0.625,0.211,2.796,0,2.8
hortelã,mint,5.2,1.98,6.73,0.53,2.98,1.18,7,3,CVC.CV.CV,N,0.909,0.281,2.958,0,2.5
hospedeiro,host,5.16,1.75,5.03,1.81,2.89,1.27,10,4,CVC.CV.CVV.CV,"ADJ,N",1.168,0.336,3.067,1,2.7
hospital,hospital,6.48,0.97,6.48,0.87,4.83,1.69,8,3,CVC.CV.CVC,N,104.459,2.023,5.019,0,2.9
hostil,hostile,3.7,1.86,3.08,1.59,3.61,1.37,6,2,CVC.CVC,"ADJ,N",6.605,0.881,3.82,1,2.45
hostilidade,hostility,3.03,1.77,3.15,1.73,3.54,1.56,11,5,CVC.CV.CV.CV.CV,N,6.107,0.852,3.786,0,2.75
hotel,hotel,6.24,0.86,6.45,0.94,4.05,1.42,5,2,CV.CVC,N,49.601,1.704,4.696,1,1.95
humanidade,mankind,4.1,2.06,3.73,1.99,4.29,1.44,10,5,CV.CV.CV.CV.CV,N,27.075,1.448,4.433,0,2.65
humanitário,humanitarian,3.81,1.92,3.36,1.64,3.39,1.25,11,5,CV.CV.CV.CV.CVV,ADJ,5.745,0.829,3.759,1,3.3
humano,humane,5.81,1.48,5.89,1.38,5.22,1.55,6,3,CV.CV.CV,"ADJ,N",48.927,1.698,4.69,1,1.9
humidade,moisture,4.73,1.84,4.46,1.7,4.46,1.48,8,4,CV.CV.CV.CV,N,8.921,0.997,3.95,1,2.25
húmido,humid,4.32,1.88,4.17,1.74,4.82,1.32,6,3,CV.CV.CV,ADJ,3.088,0.612,3.49,3,1.8
humilde,humble,3.11,1.81,3.39,1.71,4.44,1.36,7,3,CV.CVC.CV,"ADJ,N,V",6.82,0.893,3.834,2,2.25
humor,humour,4.07,2.06,3.33,1.74,5.43,1.31,5,2,CV.CVC,N,31.789,1.516,4.502,2,1.85
humorístico,humorous,4.19,1.81,3.47,1.61,3.41,1.49,11,5,CV.CV.CVC.CV.CV,ADJ,1.124,0.327,3.051,1,2.9
iate,yatch,6.05,1.4,6.45,1.04,2.65,0.91,4,3,V.V.CV,N,8.095,0.959,3.908,7,1.55
idade,age,4.05,2.1,4.08,2.08,5.76,1.3,5,3,V.CV.CV,N,111.498,2.051,5.047,0,1.85
ideal,ideal,3.46,1.82,2.63,1.52,5.09,1.4,5,3,V.CV.VC,"ADJ,N",39.093,1.603,4.592,1,1.95
ideia,idea,3.53,2.09,2.9,1.83,6.05,0.89,5,3,V.CVV.V,"N,V",248.083,2.396,5.395,1,1.85
identidade,identity,3.92,1.88,3.29,2.02,4.53,1.44,10,5,V.CVC.CV.CV.CV,N,53.079,1.733,4.725,0,2.65
ideologia,ideology,3.17,1.97,2.25,1.41,3.35,1.51,9,6,V.CV.V.CV.CV.V,N,14.353,1.186,4.157,0,2.5
idiota,idiot,4.37,1.93,3.81,2.07,5.05,1.59,6,4,V.CV.V.CV,"ADJ,N",1.813,0.449,3.258,1,1.85
ídolo,idol,4.42,1.76,4.61,2.02,3.92,1.42,5,3,V.CV.CV,N,4.309,0.725,3.634,0,1.9
idoso,elderly,5.54,1.91,6.07,1.15,5.04,1.3,5,3,V.CV.CV,"ADJ,N",4.607,0.749,3.663,2,1.8
ignorância,ignorance,3.35,2,3.05,1.85,4.58,1.34,10,4,VC.CV.CVC.CVV,N,13.278,1.155,4.123,0,3.3
igreja,church,5.92,1.58,6.47,0.77,4.29,1.5,6,3,V.CCV.CV,N,110.961,2.049,5.045,0,2.25
igual,equal,3.13,1.79,3.88,2.12,6.19,1.07,5,2,V.CVVC,"ADJ,N",73.143,1.87,4.864,0,1.85
igualdade,equality,3.87,1.93,3.39,1.85,4.75,1.46,9,4,V.CVVC.CV.CV,N,37.06,1.581,4.569,0,2.8
iguana,iguana,5.21,2.05,6.09,1.55,2.27,0.84,6,3,V.CVV.CV,N,0.117,0.048,2.069,1,1.9
iguaria,delicacy,4.52,1.92,4.91,1.23,2.95,1.12,7,4,V.CVV.CV.V,N,0.474,0.169,2.676,0,2
ilegal,illegal,4.03,1.92,3.47,1.84,4.88,1.25,6,3,V.CV.CVC,ADJ,32.854,1.53,4.517,0,2.15
ilha,isle,5.92,1.5,6.02,1.47,3.89,1.12,4,2,V.CCV,"N,V",71.756,1.862,4.856,2,1.4
ilícito,illicit,3.14,1.92,2.91,1.69,3.5,1.68,7,4,V.CV.CV.CV,"ADJ,N",4.28,0.723,3.631,1,2.15
ilimitado,countless,2.95,1.88,2.84,1.83,4.25,1.37,9,5,V.CV.CV.CV.CV,"ADJ,V",2.081,0.489,3.318,1,2.1
ilusão,illusion,3.21,1.7,2.82,1.74,4.05,1.29,6,3,V.CV.CVV,N,14.07,1.178,4.148,2,1.9
ilustre,illustrious,3.13,1.58,2.91,1.79,3.36,1.52,7,3,V.CVC.CCV,"ADJ,V",6.796,0.892,3.832,2,1.8
imagem,image,5.35,1.76,4.98,1.74,5.94,1.05,6,3,V.CV.CVC,N,171.974,2.238,5.236,0,1.95
imaturo,immature,2.9,1.33,3.17,1.9,4.23,1.35,7,4,V.CV.CV.CV,ADJ,0.279,0.107,2.445,1,2.2
imbecil,imbecile,3.43,1.69,3.57,1.8,4.31,1.7,7,3,VC.CV.CVC,"ADJ,N",1.187,0.34,3.075,1,2.9
imediato,immediate,3.35,1.98,3.42,1.98,4.81,1.16,8,5,V.CV.CV.V.CV,"ADJ,N",24.827,1.412,4.395,1,2.35
imenso,immense,3.77,2.06,3.07,1.68,5.63,1.3,6,3,V.CVC.CV,"ADJ,ADV",25.448,1.422,4.406,2,1.85
imigrante,immigrant,4.63,1.7,5.2,1.76,3.88,1.27,9,4,V.CV.CCVC.CV,"ADJ,N",2.452,0.538,3.39,1,2.35
iminente,imminent,3.2,2.09,3.42,1.97,3.47,1.45,8,4,V.CV.CVC.CV,ADJ,10.196,1.049,4.008,2,2.4
imoral,immoral,3.18,1.82,2.43,1.58,3.23,1.19,6,3,V.CV.CVC,ADJ,2.663,0.564,3.425,1,1.85
imortal,immortal,3.66,2.1,3.02,2,3.34,1.54,7,3,V.CVC.CVC,"ADJ,N",3.943,0.694,3.596,0,2.3
imóvel,immobile,4.63,2.13,4.95,1.89,4,1.49,6,3,V.CV.CVC,"ADJ,N",24.852,1.413,4.395,0,2.75
impaciente,impatient,3.79,1.92,3.29,1.74,4.71,1.56,10,5,VC.CV.CV.VC.CV,"ADJ,V",2.291,0.517,3.36,2,2.25
impacto,impact,4.1,1.96,3.41,1.53,4.55,1.34,7,3,VC.CVC.CV,N,36.718,1.577,4.565,2,2.05
imparável,unstoppable,3.66,1.84,3.15,1.6,4.48,1.42,9,4,VC.CV.CV.CVC,ADJ,5.535,0.815,3.743,1,2.4
imparcial,detached,2.44,1.53,2.59,1.39,4.02,1.34,9,4,VC.CVC.CV.VC,ADJ,2.536,0.549,3.404,0,3
impensável,unthinkable,3.3,1.92,2.4,1.4,4.39,1.32,10,4,VC.CVC.CV.CVC,ADJ,7.352,0.922,3.866,0,2.8
imperador,emperor,5.33,1.51,5.4,1.57,2.58,1.07,9,4,VC.CV.CV.CVC,N,10.162,1.048,4.007,0,2.6
imperativo,imperative,2.44,1.46,2.66,1.38,3.2,1.53,10,5,VC.CV.CV.CV.CV,"ADJ,N",2.115,0.494,3.325,1,2.5
imperdoável,unforgivable,2.77,1.42,3.12,1.74,3.33,1.26,11,5,VC.CVC.CV.V.CVC,ADJ,2.413,0.533,3.383,0,3.2
império,empire,4.82,1.85,3.74,2,2.91,0.91,7,3,VC.CV.CVV,N,37.945,1.59,4.579,0,2.4
importação,import,3.16,1.66,3.76,1.81,4.21,1.56,10,4,VC.CVC.CV.CVV,N,17.69,1.272,4.248,1,2.45
importância,importance,3.28,1.81,3.14,1.65,5.51,1.17,11,4,VC.CVC.CVC.CVV,N,130.751,2.12,5.116,0,3.15
importante,important,3.26,1.81,3.39,1.94,6.2,0.97,10,4,VC.CVC.CVC.CV,"ADJ,N",251.39,2.402,5.4,1,2.4
impossível,impossible,3,2.05,2.97,2.03,5.57,1.22,10,4,VC.CVC.CV.CVC,"ADJ,N",65.146,1.821,4.814,1,3.15
imposto,tax,3.73,1.93,4.2,1.89,5,1.64,7,3,VC.CVC.CV,"N,V",41.565,1.629,4.619,3,1.75
impostor,impostor,3.24,1.78,3.27,1.74,3.33,1.17,8,3,VC.CVC.CVC,N,0.347,0.129,2.54,1,2.15
impotente,impotent,3.52,1.94,3.28,1.82,3.45,1.51,9,4,VC.CV.CVC.CV,"ADJ,N",4.172,0.714,3.62,1,2.6
impraticável,impracticable,2.73,1.87,3.15,1.89,2.96,1.03,12,5,VC.CCV.CV.CV.CVC,ADJ,2.184,0.503,3.339,0,3.65
imprensa,press,4.43,1.92,4.57,1.81,4.67,1.47,8,3,VC.CCVC.CV,"N,V",215.502,2.336,5.334,2,2.15
impressão,print,4.37,1.82,3.66,1.97,5.12,1.36,9,3,VC.CCVC.CVV,N,27.954,1.462,4.446,0,2.1
imprevisto,unforeseen,3.11,1.78,2.88,1.47,5.05,1.47,10,4,VC.CCV.CVC.CV,"ADJ,N",2.716,0.57,3.434,2,2.45
imprudente,rash,3.19,1.74,3.14,1.67,3.39,1.16,10,4,VC.CCV.CVC.CV,"ADJ,N",0.894,0.277,2.951,0,2.8
impulso,impulse,3.7,1.86,3.4,1.65,4.13,1.36,7,3,VC.CVC.CV,N,14.001,1.176,4.146,0,2.2
imundice,filth,4.39,1.93,4.32,1.74,2.88,1.2,8,4,V.CVC.CV.CV,N,0.044,0.019,1.644,0,2.75
imundo,filthy,4.43,1.55,3.88,1.66,3.17,1.24,6,3,V.CVC.CV,ADJ,0.606,0.206,2.782,2,1.8
imunidade,imunity,3.32,1.9,2.88,1.72,3.67,1.21,9,5,V.CV.CV.CV.CV,N,6.077,0.85,3.784,0,2.4
inato,innate,2.62,1.75,2.78,1.73,3.53,1.72,5,3,V.CV.CV,ADJ,0.484,0.171,2.685,2,1.75
inauguração,inauguration,4.03,1.71,3.75,1.86,3.34,1.12,11,5,V.CVV.CV.CV.CVV,N,41.848,1.632,4.622,1,2.75
incapaz,unable,3.17,1.93,3.02,1.82,4.07,1.36,7,3,VC.CV.CVC,ADJ,18.012,1.279,4.256,0,2.85
incêndio,fire,6.14,1.22,5.59,1.5,3.95,1.27,8,3,VC.CVC.CVV,N,52.205,1.726,4.718,1,2.6
incentivo,incentive,3.35,1.69,3.2,1.88,4.43,1.29,9,4,VC.CVC.CV.CV,"N,V",9.424,1.018,3.974,3,1.9
incerteza,uncertainty,3.39,1.91,2.88,1.94,4.71,1.44,9,4,VC.CVC.CV.CV,N,11.847,1.109,4.074,0,2.75
incessante,incessant,2.47,1.48,2.96,1.7,2.82,1.39,10,4,VC.CVC.CVC.CV,ADJ,2.829,0.583,3.452,0,2.8
inchaço,swelling,5.38,1.45,4.75,1.73,3.6,1.45,7,3,VC.CCV.CV,N,0.425,0.154,2.628,1,1.9
incidência,incidence,2.46,1.43,2.76,1.37,4,1.32,10,4,VC.CV.CVC.CVV,N,16.249,1.237,4.211,0,2.75
inclinação,slope,3.92,1.75,4.03,1.65,3.96,1.58,10,4,VC.CCV.CV.CVV,N,4.988,0.777,3.698,1,2.6
inclinado,inclined,4.33,1.9,4.31,1.7,4.05,1.42,9,4,VC.CCV.CV.CV,"ADJ,V",2.814,0.581,3.449,1,1.85
incoerente,incoherent,2.89,1.64,3.02,1.95,3.39,1.11,10,5,VC.CV.V.CVC.CV,ADJ,1.353,0.372,3.131,0,2.7
incómodo,nuisance,3.26,1.8,3.02,1.7,4.18,1.27,8,4,VC.CV.CV.CV,"ADJ,N",8.73,0.988,3.941,2,2.45
incompetente,imcompetent,3.05,1.67,2.72,1,4.43,1.4,12,5,VC.CVC.CV.CVC.CV,"ADJ,N",2.614,0.558,3.417,0,3.55
incompleto,incomplete,3.1,1.67,3.02,1.73,5.49,1.12,10,4,VC.CVC.CCV.CV,ADJ,2.472,0.541,3.393,1,3.15
inconsciente,unaware,3.52,1.9,2.67,1.76,4.32,1.3,12,5,VC.CVCC.CV.VC.CV,"ADJ,N",5.775,0.831,3.762,0,3.25
inconstante,changeable,3.18,1.72,2.97,1.69,4.28,1.4,11,4,VC.CVCC.CVC.CV,ADJ,0.923,0.284,2.965,0,3.15
incorrecto,incorrect,3.4,1.95,3.24,1.87,5.27,1.31,10,4,VC.CVC.CVC.CV,ADJ,2.76,0.575,3.441,1,2.45
incrível,incredible,3.73,1.96,3.23,2.05,5.21,1.37,8,3,VC.CCV.CVC,"ADJ,N",11.124,1.084,4.046,0,2.65
indefeso,helpless,3.63,1.83,2.71,1.18,3.37,1.01,8,4,VC.CV.CV.CV,ADJ,0.782,0.251,2.893,1,2.35
indemnização,indemnity,3.61,1.78,3.93,1.92,3.74,1.51,12,5,VC.CVC.CV.CV.CVV,N,26.635,1.442,4.426,1,2.65
independente,independent,3.59,1.99,3.12,1.8,4.98,1.37,12,5,VC.CV.CVC.CVC.CV,"ADJ,N",60.363,1.788,4.781,0,3.25
indicação,indication,3.57,1.74,3.51,1.91,4.37,1.47,9,4,VC.CV.CV.CVV,N,18.613,1.293,4.27,1,1.85
indicador,indicative,4.12,1.95,4.78,1.63,4.22,1.43,9,4,VC.CV.CV.CVC,"ADJ,N",17.9,1.277,4.253,1,1.8
índice,index,3.95,2.04,4.39,1.93,4.6,1.57,6,3,VC.CV.CV,N,123.306,2.095,5.091,1,2.15
indício,sign,2.73,1.88,2.61,1.46,3.35,1.33,7,3,VC.CV.CVV,N,4.924,0.773,3.692,1,2.25
indiferença,indifference,3.02,1.8,2.5,1.08,4.53,1.62,11,5,VC.CV.CV.CVC.CV,N,13.855,1.172,4.142,0,3.45
indiferente,indifferent,2.46,1.44,3.12,1.61,5.24,1.3,11,5,VC.CV.CV.CVC.CV,ADJ,14.817,1.199,4.171,0,3.2
índio,Indian,5.55,1.61,6.04,1.09,2.68,0.92,5,2,VC.CVV,"ADJ,N",2.917,0.593,3.465,2,1.75
indiscreto,indiscreet,3.39,1.68,2.85,1.51,3.4,0.91,10,4,VC.CVC.CCV.CV,"ADJ,N",0.464,0.166,2.667,1,3.1
indivíduo,individual,5.77,1.25,5.67,1.39,5.36,1.37,9,4,VC.CV.CV.CVV,N,44.3,1.656,4.646,2,3.05
indolente,listless,2.34,1.41,2.72,1.39,1.93,0.94,9,4,VC.CV.CVC.CV,ADJ,0.366,0.136,2.564,1,2.4
indústria,industry,4.63,1.9,5.25,1.46,4.21,1.41,9,3,VC.CVC.CCVV,N,110.243,2.046,5.042,1,2.6
industrial,industrial,4.66,1.74,4.22,1.61,3.95,1.13,10,4,VC.CVC.CCV.VC,"ADJ,N",71.546,1.861,4.855,2,2.25
infalível,unfailing,2.84,1.83,2.51,1.27,4.2,1.17,9,4,VC.CV.CV.CVC,ADJ,1.773,0.443,3.249,1,2.8
infância,childhood,5.11,1.78,3.52,1.92,4.89,1.55,8,3,VC.CVC.CVV,N,34.07,1.545,4.532,0,2.7
infantário,nursery,5.97,1.16,6.07,1.01,3.9,1.49,10,4,VC.CVC.CV.CVV,N,2.775,0.577,3.443,0,3.1
infante,infant,3.66,1.82,4.16,1.87,2.38,1.07,7,3,VC.CVC.CV,N,6.317,0.864,3.801,1,1.9
infecção,infection,4.18,1.8,4.66,1.64,3.75,1.35,8,3,VC.CVC.CVV,N,11.021,1.08,4.042,1,2.25
infeliz,unhappy,4.16,1.9,3.15,1.74,4.65,1.48,7,3,VC.CV.CVC,"ADJ,N",11.979,1.113,4.078,0,2.7
inferior,inferior,3.24,1.6,3.44,1.79,4.88,1.56,8,4,VC.CV.CV.VC,"ADJ,N",48.448,1.694,4.685,1,1.9
inferno,hell,5,1.96,3.45,2.16,3.98,1.38,7,3,VC.CVC.CV,"N,V",13.674,1.167,4.136,2,1.8
infiel,unfaithful,3.33,1.91,3.12,1.96,3.76,1.44,6,3,VC.CV.VC,"ADJ,N",1.124,0.327,3.051,0,2.6
inflamado,inflamed,4.11,1.66,4.1,1.84,3.52,1.24,9,4,VC.CCV.CV.CV,"ADJ,V",1.319,0.365,3.12,1,1.75
influência,influence,3.46,1.7,2.65,1.42,4.78,1.21,10,4,VC.CCV.VC.CVV,N,67.643,1.837,4.83,1,2.35
informação,information,3.59,1.9,3.76,1.86,6.19,0.81,10,4,VC.CVC.CV.CVV,N,214.34,2.333,5.331,2,2.35
ingénuo,naive,3.58,1.64,2.81,1.56,4.55,1.2,7,3,VC.CV.CVV,"ADJ,N",3.933,0.693,3.595,1,2.65
íngreme,steep,4.26,2.15,3.69,1.97,2.64,1.16,7,3,VC.CCV.CV,ADJ,1.114,0.325,3.047,1,2.75
início,start,3.21,2.06,3.36,2.03,5.88,0.97,6,3,V.CV.CVV,N,318.354,2.504,5.503,1,1.85
inimigo,enemy,3.77,1.9,4,1.88,3.97,1.31,7,4,V.CV.CV.CV,"ADJ,N",24.485,1.406,4.389,1,2.5
injusto,unfair,3.17,1.66,2.68,1.5,4.86,1.43,7,3,VC.CVC.CV,"ADJ,N",8.266,0.967,3.917,1,1.9
inocência,innocence,3.75,1.91,3.27,1.87,4.28,1.33,9,4,V.CV.CVC.CVV,N,12.551,1.132,4.099,0,2.65
inocente,innocent,3.53,1.79,3.28,1.76,4.47,1.37,8,4,V.CV.CVC.CV,"ADJ,N,V",13.449,1.16,4.129,2,1.95
inovação,innovation,3.38,1.95,3.02,1.83,4.16,1.41,8,4,V.CV.CV.CVV,N,17.289,1.262,4.238,0,2.05
inquérito,questionnaire,4.72,1.78,5.34,1.46,4.49,1.43,9,4,VC.CVV.CV.CV,N,90.706,1.962,4.958,0,2.8
inquieto,restless,3.42,1.72,3.68,1.91,4.12,1.42,8,4,VC.CVV.V.CV,"ADJ,V",3.034,0.606,3.482,2,2.1
insecto,insect,5.92,1.28,6.47,0.76,4.51,1.55,7,3,VC.CVC.CV,N,1.598,0.415,3.203,3,1.8
inseguro,insecure,3.46,1.8,2.91,1.77,4.4,1.44,8,4,VC.CV.CV.CV,ADJ,1.949,0.47,3.29,1,2.5
insípido,bland,2.93,1.7,3.29,1.75,2.39,1.3,8,4,VC.CV.CV.CV,ADJ,0.489,0.173,2.689,1,2.65
insolente,insolent,2.98,1.67,3.09,1.91,2.95,1.08,9,4,VC.CV.CVC.CV,"ADJ,N",0.948,0.29,2.977,1,2.45
inspecção,inspection,4.22,1.64,4.14,1.78,3.37,1.31,9,3,VCC.CVC.CVV,N,18.423,1.288,4.265,0,2.8
inspiração,inspiration,4,1.9,2.63,1.75,4.83,1.53,10,4,VCC.CV.CV.CVV,N,20.348,1.329,4.309,1,2.5
inspirado,inspired,3.57,1.87,3.05,1.69,4.78,1.3,9,4,VCC.CV.CV.CV,"ADJ,V",9.316,1.014,3.969,1,1.8
instalação,installation,3.78,1.8,4.53,1.72,4.56,1.3,10,4,VCC.CV.CV.CVV,N,80.784,1.913,4.907,2,2.3
instantâneo,instantaneous,3.38,2,3.54,1.9,4.25,1.17,11,4,VCC.CVC.CV.CVV,"ADJ,N",1.427,0.385,3.154,1,3.6
instável,unstable,3,1.75,2.75,1.47,4.53,1.47,8,3,VCC.CV.CVC,ADJ,5.711,0.827,3.757,0,2.35
instituição,institution,4.65,1.98,4.68,1.89,4.95,1.52,11,5,VCC.CV.CV.V.CVV,N,109.769,2.044,5.041,1,2.65
instituto,institute,4.4,1.91,5.09,1.98,4.88,1.6,9,4,VCC.CV.CV.CV,N,43.074,1.644,4.634,0,2.25
instrução,instruction,3.27,1.94,3.49,1.71,4.21,1.42,9,3,VCC.CCV.CVV,N,20.279,1.328,4.307,0,2.6
insucesso,unsucess,3.33,1.8,2.71,1.45,4.19,1.53,9,4,VC.CV.CVC.CV,N,9.688,1.029,3.986,0,3.2
insuficiente,insufficient,2.9,1.53,3.03,1.7,4.45,1.23,12,6,VC.CV.CV.CV.VC.CV,ADJ,17.319,1.263,4.239,0,3.45
insulto,insult,3.95,1.88,3.47,1.7,4.09,1.38,7,3,VC.CVC.CV,"N,V",4.314,0.725,3.635,5,1.6
intelecto,intellect,2.97,1.85,2.81,1.71,3.37,1.6,9,4,VC.CV.CVC.CV,N,0.635,0.214,2.803,0,2.85
intelectual,intelectual,3.71,1.88,3,1.78,4.1,1.31,11,5,VC.CV.CVC.CV.VC,"ADJ,N",22.82,1.377,4.358,0,3.55
inteligência,intelligence,4,2.19,2.91,1.95,5.6,1.18,12,5,VC.CV.CV.CVC.CVV,N,21.276,1.348,4.328,0,3.4
intenção,intention,3.06,2.04,2.73,1.77,5.38,1.14,8,3,VC.CVC.CVV,N,93.076,1.974,4.969,2,1.85
intensidade,intensity,3.13,1.93,3.19,1.82,4.77,1.51,11,5,VC.CVC.CV.CV.CV,N,20.87,1.34,4.32,0,2.75
intensivo,intensive,3.24,1.71,2.98,1.83,4.48,1.31,9,4,VC.CVC.CV.CV,ADJ,2.506,0.545,3.399,1,2.3
intenso,intense,3.38,1.73,3.22,1.88,5.03,1.3,7,3,VC.CVC.CV,ADJ,17.68,1.271,4.248,6,1.6
interesse,interest,2.98,1.93,3.34,1.96,5.74,1.12,9,4,VC.CV.CVC.CV,"N,V",149.33,2.177,5.174,2,1.85
interesseiro,self-interested,3.52,1.88,3.26,1.66,4.38,1.44,12,5,VC.CV.CVC.CVV.CV,"ADJ,N",0.327,0.123,2.515,1,2.8
interior,interior,3.69,1.96,3.77,1.68,5.51,1.23,8,4,VC.CV.CV.VC,"ADJ,N",141.025,2.152,5.149,3,1.85
interlocutor,interlocutor,4.05,1.77,5.23,1.46,2.96,1.25,12,5,VC.CVC.CV.CV.CVC,N,9.497,1.021,3.978,0,3.55
intermédio,intermediate,3.33,1.68,3.09,1.44,4.05,1.15,10,4,VC.CVC.CV.CVV,"ADJ,N",13.039,1.147,4.115,1,2.65
interminável,endless,3.27,1.68,3.12,1.78,4.07,1.56,12,5,VC.CVC.CV.CV.CVC,ADJ,4.646,0.752,3.667,0,3.1
interno,internal,3.07,1.3,3.24,1.68,4.46,1.58,7,3,VC.CVC.CV,"ADJ,N,V",42.146,1.635,4.625,4,1.65
intérprete,interpreter,4,1.92,4,1.83,3.72,1.41,10,4,VC.CVC.CCV.CV,"ADJ,N",13.664,1.166,4.136,1,2.8
intervalo,break,3.61,1.91,3.71,1.82,6.34,0.98,9,4,VC.CVC.CV.CV,"N,V",41.569,1.629,4.619,3,2.05
intervenção,intervention,3.52,1.79,3.44,1.67,4.45,1.5,11,4,VC.CVC.CVC.CVV,N,205.014,2.314,5.312,0,2.8
intestino,bowel,5.07,2.03,6.34,1.03,4.02,1.46,9,4,VC.CVC.CV.CV,"ADJ,N",1.842,0.454,3.265,1,2.5
íntimo,intimate,4.56,2.05,3.27,1.82,4.7,1.32,6,3,VC.CV.CV,"ADJ,N",7.934,0.951,3.9,3,1.8
intrometido,busybody,3.56,1.72,3.34,1.65,3.93,1.42,11,5,VC.CCV.CV.CV.CV,"ADJ,V",0.2,0.079,2.302,1,2.55
intruso,intruder,4.16,1.79,4.13,1.8,3.59,1.5,7,3,VC.CCV.CV,"ADJ,N",1.226,0.348,3.089,1,2.2
inundação,flood,5.54,1.46,5.03,1.72,3.2,0.9,9,4,V.CVC.CV.CVV,N,2.365,0.527,3.374,1,2.7
inútil,useless,2.97,1.84,2.76,1.45,4.53,1.45,6,3,V.CV.CVC,"ADJ,N",11.569,1.099,4.063,0,2.65
invasão,invasion,4.33,1.89,3.55,1.81,3.42,1.12,7,3,VC.CV.CVV,N,25.878,1.429,4.413,0,2.5
invasor,invader,3.61,1.86,3.87,1.81,3.18,1.39,7,3,VC.CV.CVC,"ADJ,N",1.407,0.382,3.148,0,2.5
inveja,envy,3.06,1.65,2.23,1.41,4.54,1.16,6,3,VC.CV.CV,"N,V",8.295,0.968,3.919,2,1.7
inverno,winter,5.85,1.14,5.25,1.59,4.7,1.51,7,3,VC.CVC.CV,N,34.798,1.554,4.542,5,1.7
investigação,investigation,4.05,1.71,3.98,1.94,5.3,1.25,12,5,VC.CVC.CV.CV.CVV,N,122.227,2.091,5.087,1,2.7
investimento,investment,3.8,1.81,3.29,1.69,4.65,1.58,12,5,VC.CVC.CV.CVC.CV,N,150.82,2.181,5.179,0,3.1
invulgar,unusual,3.24,1.77,2.65,1.53,4.56,1.31,8,3,VC.CVC.CVC,ADJ,8.857,0.994,3.947,0,2.6
ioga,yoga,5.43,1.55,4.75,2.1,3,1.08,4,3,V.V.CV,N,1.431,0.386,3.156,6,1.6
iogurte,yogurt,5.57,2.1,6.67,0.58,5.91,1.09,7,4,V.V.CVC.CV,N,0.958,0.292,2.981,0,2.8
ira,rage,3.81,1.97,3.05,1.74,2.82,1.29,3,2,V.CV,"N,V",4.949,0.774,3.695,10,1
irmão,brother,5.33,1.94,6.02,1.31,6.08,1.04,5,2,VC.CVV,"ADJ,N",47.227,1.683,4.674,2,1.75
ironia,irony,3.63,2,3.05,1.79,4.83,1.36,6,4,V.CV.CV.V,N,20.919,1.341,4.321,0,1.9
irónico,ironic,3.4,1.92,3.08,1.68,5.02,1.43,7,4,V.CV.CV.CV,ADJ,6.307,0.864,3.8,4,1.7
irritado,irritated,4.45,1.78,3.35,1.77,5.14,1.17,8,4,VC.CV.CV.CV,"ADJ,V",4.211,0.717,3.624,2,1.8
isco,bait,4.93,2,5.17,1.8,2.88,1.18,4,2,VC.CV,"N,V",1.3,0.362,3.114,4,1.4
isenção,exemption,2.23,1.49,2.82,1.44,3.95,1.57,7,3,V.CVC.CVV,N,14.011,1.176,4.147,0,2.4
isqueiro,lighter,5.62,1.99,6.49,1.15,4.9,1.73,8,3,VC.CVVV.CV,N,1.275,0.357,3.106,0,1.9
italiano,italian,4.77,1.77,4.47,2.04,3.15,1.06,8,5,V.CV.CV.V.CV,"ADJ,N",72.372,1.866,4.86,1,2.65
item,item,3.87,2.09,4.2,1.85,4.65,1.64,4,2,V.CVC,N,2.052,0.485,3.312,4,1.6
itinerário,itinerary,4.4,1.76,4.36,1.93,3.22,1.02,10,5,V.CV.CV.CV.CVV,N,1.417,0.383,3.151,0,3.7
jaguar,jaguar,5.34,2.1,5.96,1.35,2.77,1.04,6,2,CV.CVVC,N,1.265,0.355,3.102,0,1.95
janela,window,6.38,1.04,6.61,0.88,6.35,0.83,6,3,CV.CV.CV,N,25.379,1.421,4.405,2,1.8
jangada,raft,5.53,1.58,5.38,1.85,1.96,0.67,7,3,CVC.CV.CV,N,1.221,0.347,3.087,1,1.9
jantar,dinner,5.57,1.25,5.32,1.76,6.58,0.53,6,2,CVC.CVC,"N,V",49.801,1.706,4.697,6,1.5
jardim,garden,6.25,1.1,6.34,0.94,5,1.35,6,2,CVC.CVC,N,53.001,1.732,4.724,0,2
jardineiro,gardener,5.92,1.47,6.36,0.9,3.3,1.22,10,4,CVC.CV.CVV.CV,N,1.314,0.364,3.119,1,2.55
jarro,jug,5.48,2.01,6.14,1.26,3.68,1.17,5,2,CVC.CV,N,0.596,0.203,2.775,10,1.4
javali,wild boar,6.15,1.42,6.81,0.48,2.98,1.21,6,3,CV.CV.CV,N,1.344,0.37,3.128,0,2.35
jazz,jazz,4.79,1.72,5,1.96,3.27,1.15,4,1,CVCC,N,51.472,1.72,4.712,5,1.7
jeito,manner,2.92,1.75,3.26,1.77,5.32,1.56,5,2,CVV.CV,N,139.14,2.147,5.144,4,1.6
jipe,jeep,6.12,1.4,6.36,1.13,4.04,1.63,4,2,CV.CV,N,5.569,0.818,3.746,2,1.85
joaninha,ladybird beetle,6.08,1.57,6.04,1.46,3,1.03,8,4,CV.V.CV.CCV,N,0.987,0.298,2.994,0,2.1
joelho,knee,6.19,1.38,6.91,0.35,5.45,1.25,6,3,CV.V.CCV,N,9.199,1.009,3.964,1,1.75
jogada,move,4.26,1.76,3.81,1.63,4.52,1.43,6,3,CV.CV.CV,"ADJ,N,V",16.83,1.251,4.226,5,1.7
jogador,player,5.66,1.32,5.85,1.13,5.43,1.29,7,3,CV.CV.CVC,"ADJ,N",104.229,2.022,5.018,2,1.8
jogo,game,5.87,1.31,5.05,1.65,6,0.95,4,2,CV.CV,"N,V",402.758,2.606,5.605,7,1.45
jóia,jewel,6.08,1.24,6.63,0.59,3.82,1.3,4,2,CVV.V,N,4.924,0.773,3.692,1,1.85
jornada,journey,3.35,1.94,3.36,1.59,3.42,1.51,7,3,CVC.CV.CV,N,106.12,2.03,5.026,5,1.65
jornal,newspaper,6.29,1.11,6.64,0.64,5.93,1.02,6,2,CVC.CVC,N,178.134,2.253,5.251,3,1.8
jornalista,journalist,5.37,1.81,6.25,0.91,5.42,1.31,10,4,CVC.CV.CVC.CV,"ADJ,N",80.169,1.909,4.904,0,2.65
jovem,young,5.3,1.56,4.86,1.76,5.44,1.13,5,2,CV.CVC,"ADJ,N",146.175,2.168,5.165,2,1.85
jovial,jolly,3.08,1.81,3.34,1.59,2.48,1.31,6,3,CV.CV.VC,ADJ,1.217,0.346,3.085,0,2.3
judaico,Jewish,3.75,1.64,3.83,1.84,2.55,0.86,7,3,CV.CVV.CV,ADJ,7.23,0.915,3.859,1,2.6
judeu,jew,4.61,1.79,5.16,1.92,2.63,0.96,5,2,CV.CVV,"ADJ,N",12.888,1.143,4.11,0,1.95
juiz,judge,5.52,1.63,5.85,1.24,3.9,1.42,4,2,CV.VC,N,71.18,1.858,4.852,0,2
juízo,judgement,3.85,1.89,2.7,1.65,5.21,1.31,5,3,CV.V.CV,N,12.619,1.134,4.101,1,1.85
junta,joint,3.44,1.73,4.05,1.76,4.15,1.75,5,2,CVC.CV,"ADJ,N,V",61.575,1.796,4.789,6,1.4
júri,jury,5.59,1.49,5.31,1.5,4.21,1.52,4,2,CV.CV,N,37.441,1.585,4.573,0,2
jurista,jurist,4.28,1.9,5.44,1.56,2.93,1.41,7,3,CV.CVC.CV,"ADJ,N",9.189,1.008,3.963,2,1.85
juro,interest,3.21,1.99,3.44,1.91,5,1.36,4,2,CV.CV,"N,V",75.738,1.885,4.879,11,1.35
justiça,justice,3.69,1.93,2.95,1.94,4.88,1.4,7,3,CVC.CV.CV,"N,V",131.152,2.121,5.118,0,2.15
justificação,justification,2.77,1.83,3.21,1.78,4.77,1.34,12,5,CVC.CV.CV.CV.CVV,N,22.585,1.373,4.354,1,2.6
justo,fair,3.43,1.89,2.76,1.79,5.12,1.27,5,2,CVC.CV,"ADJ,N",22.341,1.368,4.349,6,1.55
juvenil,juvenile,4.4,1.54,3.75,1.76,3.98,1.6,7,3,CV.CV.CVC,"ADJ,N",14.236,1.183,4.153,1,3.05
juventude,youth,4.55,1.77,3.76,1.91,4.79,1.41,9,4,CV.CVC.CV.CV,N,49.997,1.708,4.699,0,3.7
kiwi,Kiwi,5.75,1.91,6.45,0.95,3.63,1.13,4,2,CV.CV,N,0.557,0.192,2.746,0,2.35
labareda,blaze,5.88,1.47,5.69,1.45,2.7,1.21,8,4,CV.CV.CV.CV,N,0.542,0.188,2.734,1,2.5
lábio,lip,6.46,0.92,6.51,0.79,5.49,1.32,5,2,CV.CVV,N,1.256,0.353,3.099,4,1.75
laboral,labor,3.33,1.66,4.15,1.88,3.93,1.41,7,3,CV.CV.CVC,ADJ,17.49,1.267,4.243,2,1.85
laboratório,laboratory,5.87,1.44,6.02,1.03,4.21,1.26,11,5,CV.CV.CV.CV.CVV,N,22.522,1.372,4.353,0,3
laço,bow,5.6,2,5.68,1.55,4,1.36,4,2,CV.CV,"N,V",3.117,0.615,3.494,10,1.3
lacuna,gap,3.26,1.83,3.27,1.75,3.3,1.08,6,3,CV.CV.CV,N,4.602,0.748,3.663,1,1.85
lado,side,3.61,1.73,4.25,1.88,6.07,1.04,4,2,CV.CV,N,567.707,2.755,5.754,14,1.1
ladrão,burglar,5.75,1.5,5.52,1.44,4.59,1.39,6,2,CV.CCVV,"ADJ,N",5.838,0.835,3.766,1,1.9
lagartixa,wall lizard,5.44,2.15,6.18,1.14,3.19,1.21,9,4,CV.CVC.CV.CV,N,0.083,0.035,1.92,0,2.75
lagarto,lizard,5.98,1.49,6.21,1.2,3.11,1.08,7,3,CV.CVC.CV,N,1.163,0.335,3.066,1,1.9
lago,lake,5.92,1.42,6.19,0.96,3.91,1.41,4,2,CV.CV,N,11.383,1.093,4.056,14,1.1
lagoa,pond,5.9,1.35,6.3,0.91,3.27,1.15,5,3,CV.CV.V,N,8.803,0.991,3.945,2,1.7
lagosta,lobster,5.24,2.12,6.59,0.78,2.87,0.88,7,3,CV.CVC.CV,N,1.954,0.47,3.291,0,2.4
lagostim,crayfish,5.29,2.03,6.28,1.13,2.46,1.15,8,3,CV.CVC.CVC,N,0.454,0.163,2.657,0,2.85
lágrima,tear,6.43,0.92,6.51,0.84,4.21,1.33,7,3,CV.CCV.CV,N,2.277,0.515,3.357,0,2.8
lama,slush,5.58,1.94,5.79,1.44,3.86,1.48,4,2,CV.CV,N,10.67,1.067,4.028,18,1
lamacento,muddy,4.75,1.85,4.59,1.69,2.3,0.97,9,4,CV.CV.CVC.CV,ADJ,0.249,0.097,2.397,1,2.6
lamentável,regreattable,3.07,1.92,2.7,1.4,4,1.6,10,4,CV.CVC.CV.CVC,ADJ,11.134,1.084,4.047,0,2.8
lâmina,blade,5.78,1.46,6.18,1,3.89,1.33,6,3,CV.CV.CV,N,2.58,0.554,3.412,1,1.9
lâmpada,lightbulb,6.37,1.1,6.73,0.62,4.88,1.38,7,3,CVC.CV.CV,N,2.487,0.542,3.396,0,2.3
lampreia,lamprey,5.3,2.18,6.43,0.91,2.34,0.64,8,3,CVC.CCVV.V,N,2.516,0.546,3.401,0,2.6
lança,spear,5.08,1.98,6.09,1.22,2.98,1.36,5,2,CVC.CV,"N,V",27.739,1.459,4.443,4,1.55
lançamento,launch,3.86,1.68,3.89,1.54,4.18,1.56,10,4,CVC.CV.CVC.CV,N,73.52,1.872,4.866,0,2.5
lancha,motorboat,4.97,1.87,5.91,1.26,2.75,1.72,6,2,CVC.CCV,"N,V",2.531,0.548,3.403,5,1.55
lanterna,lantern,6.46,0.88,6.75,0.48,3.6,1.05,8,3,CVC.CVC.CV,N,2.545,0.55,3.406,0,2.5
lápis,pencil,6.34,1.28,6.84,0.37,6.25,0.79,5,2,CV.CVC,N,4.626,0.75,3.665,0,2
lar,home,5.38,1.8,5.22,1.92,4.63,1.59,3,1,CVC,N,16.688,1.248,4.222,5,1.5
laranja,orange,6.38,1.35,6.58,0.82,5.59,1.12,7,3,CV.CVC.CV,"ADJ,N",10.797,1.072,4.033,0,1.95
lareira,fireplace,6.42,1.13,6.54,0.76,4.07,1.2,7,3,CV.CVV.CV,N,3.327,0.636,3.522,6,1.6
largo,broad,4.27,1.62,4.41,1.83,5.04,1.32,5,2,CVC.CV,"ADJ,ADV,N,V",38.296,1.594,4.583,4,1.55
largura,width,3.77,1.93,4.3,2.05,4.93,1.39,7,3,CVC.CV.CV,N,10.176,1.048,4.008,1,1.9
larva,maggot,5.68,1.57,6.02,1.58,2.66,0.94,5,2,CVC.CV,N,0.542,0.188,2.734,2,1.7
lascivo,lascivious,2.5,1.25,2.77,1.51,1.81,0.96,7,3,CVC.CV.CV,ADJ,0.215,0.085,2.332,1,2.3
lata,tin,6.27,1.48,5.98,1.34,4.93,1.44,4,2,CV.CV,"ADJ,N",7.387,0.924,3.868,22,1
lateral,lateral,3.29,1.69,4.19,1.93,4.04,1.31,7,3,CV.CV.CVC,"ADJ,N",10.538,1.062,4.023,1,1.95
lazer,leisure,4.18,1.88,3.76,1.75,4.42,1.55,5,2,CV.CVC,N,17.455,1.266,4.242,3,1.8
leal,loyal,3.77,1.85,3.3,2.19,4.54,1.32,4,2,CV.VC,ADJ,6.82,0.893,3.834,1,1.85
lealdade,loyalty,3.55,2.03,3.36,1.88,4.34,1.55,8,4,CV.VC.CV.CV,N,5.882,0.838,3.77,2,2.35
leão,lion,5.61,1.99,6.52,0.92,3.81,1.08,4,2,CV.VV,N,6.781,0.891,3.831,9,1.4
lebre,hare,6.14,1.39,6.16,1.19,2.84,1.25,5,2,CV.CCV,N,3.513,0.654,3.546,2,1.8
lectivo,school year,3.19,1.93,3.63,1.87,4.53,1.57,7,3,CVC.CV.CV,ADJ,25.497,1.423,4.407,1,1.85
legal,legal,3.5,1.84,3.5,1.89,4.81,1.46,5,2,CV.CVC,ADJ,55.063,1.749,4.741,5,1.6
legenda,subtitle,4.66,1.73,4.71,2.05,5.33,1.17,7,3,CV.CVC.CV,"N,V",6.019,0.846,3.78,1,1.8
legião,legion,3.95,1.82,3.88,1.64,2.5,1.04,6,3,CV.CV.VV,N,3.42,0.645,3.534,1,1.95
legislação,legislation,3.38,1.9,4.05,1.9,4.26,1.63,10,4,CV.CVC.CV.CVV,N,76.568,1.89,4.884,1,2.75
legislativo,legislative,2.79,1.71,3.43,1.67,3.72,1.63,11,5,CV.CVC.CV.CV.CV,ADJ,11.578,1.1,4.064,1,3.2
lei,law,4.15,1.88,4.1,2.02,5.07,1.45,3,1,CVV,N,306.981,2.489,5.487,9,1.25
leilão,auction,4.31,1.85,4.78,1.78,3.33,1.38,6,2,CVV.CVV,N,24.197,1.401,4.384,2,1.9
leite,milk,5.91,1.5,6.73,0.67,6.59,0.6,5,2,CVV.CV,N,26.474,1.439,4.423,4,1.65
leitor,reader,4.48,1.87,4.92,1.78,4.76,1.65,6,2,CVV.CVC,N,33.694,1.54,4.528,4,1.65
leitura,reading,4.85,1.8,3.91,1.93,5.21,1.17,7,3,CVV.CV.CV,N,71.736,1.862,4.856,3,1.8
lenço,handkerchief,6,1.51,6.56,0.73,5.59,1.23,5,2,CVC.CV,N,5.687,0.825,3.755,5,1.65
lenda,legend,3.51,2.07,3.05,1.92,3.11,1.24,5,2,CVC.CV,N,13.147,1.151,4.119,12,1.3
lento,slow,3.61,1.84,3.33,1.91,5,1.39,5,2,CVC.CV,ADJ,14.666,1.195,4.166,13,1.25
leopardo,leopard,6.47,0.88,6.74,0.55,2.93,1.08,8,4,CV.V.CVC.CV,N,0.884,0.275,2.947,0,2.85
lepra,leprosy,3.85,1.89,4.26,2.02,2.18,0.69,5,2,CV.CCV,N,1.646,0.423,3.217,2,1.8
lesão,lesion,5.1,1.68,4.97,1.66,4.23,1.51,5,2,CV.CVV,N,21.935,1.361,4.341,5,1.65
lésbica,lesbian,5.08,1.73,4.93,1.66,3.67,1.07,7,3,CVC.CV.CV,"ADJ,N",0.762,0.246,2.882,1,2.6
lesma,slug,6.07,1.36,5.98,1.37,3.46,1.53,5,2,CVC.CV,N,0.337,0.126,2.528,3,1.65
letra,letter,5.85,1.41,5.66,1.47,5.8,1.16,5,2,CV.CCV,N,18.247,1.284,4.261,5,1.65
levedura,yeast,3.77,1.78,4.66,1.64,2.45,0.79,8,4,CV.CV.CV.CV,N,0.528,0.184,2.722,1,2.45
libélula,libellula,5.23,2.01,5.56,1.88,1.67,0.73,8,4,CV.CV.CV.CV,N,0.064,0.027,1.803,0,3.6
liberal,liberal,3.56,1.81,2.61,1.29,3.89,1.28,7,3,CV.CV.CVC,"ADJ,N",23.894,1.396,4.378,3,1.75
liberdade,freedom,4.08,1.98,3.05,1.83,4.88,1.33,9,4,CV.CVC.CV.CV,N,129.081,2.114,5.111,0,2.6
libertação,liberation,4.02,1.68,3.25,1.93,4.09,1.54,10,4,CV.CVC.CV.CVV,N,39.523,1.608,4.597,1,2.55
libertador,liberator,3.19,1.81,3.34,1.89,3.51,1.6,10,4,CV.CVC.CV.CVC,"ADJ,N",1.383,0.377,3.141,1,2.25
libra,pound,4.43,2.02,5.54,1.57,2.56,1.06,5,2,CV.CCV,N,14.466,1.189,4.16,7,1.5
licença,license,3.8,1.68,3.92,1.74,4.47,1.69,7,3,CV.CVC.CV,N,27.182,1.45,4.434,0,2.75
licenciado,graduate,4.13,1.67,4.73,1.88,4.69,1.35,10,5,CV.CVC.CV.V.CV,"ADJ,N,V",4.289,0.723,3.632,1,2
licor,liquor,5.89,1.32,6.13,1.19,3.51,1.17,5,2,CV.CVC,N,1.348,0.371,3.13,1,1.85
líder,leader,4.73,1.69,4.42,1.84,4.43,1.44,5,2,CV.CVC,N,277.234,2.444,5.443,0,2
liderança,leadership,3.58,1.71,3.41,1.89,4.2,1.33,9,4,CV.CV.CVC.CV,N,76.607,1.89,4.884,0,2.55
liga,league,4.1,1.96,4.28,1.78,5.09,1.47,4,2,CV.CV,"N,V",75.088,1.881,4.876,17,1
ligação,connection,3.87,1.75,3.74,1.72,5.31,1.3,7,3,CV.CV.CVV,N,98.474,1.998,4.993,4,1.8
ligadura,bandage,5.44,1.83,6.1,1.14,3.47,1.14,8,4,CV.CV.CV.CV,N,0.181,0.072,2.257,0,2.6
ligeiro,slight,3.48,1.77,3.58,1.71,4.34,1.46,7,3,CV.CVV.CV,ADJ,21.574,1.354,4.334,2,1.8
lima,lime,5.77,1.51,6.16,1.21,3.54,1.28,4,2,CV.CV,"N,V",0.41,0.149,2.613,15,1
limão,lemon,6.22,1.37,6.74,0.56,4.95,1.25,5,2,CV.CVV,N,4.289,0.723,3.632,5,1.7
limitação,limitation,3.27,1.82,2.97,1.77,4.28,1.4,9,4,CV.CV.CV.CVV,N,10.782,1.071,4.033,2,2.1
limite,limit,3.71,2,3.02,1.83,4.81,1.46,6,3,CV.CV.CV,"N,V",50.275,1.71,4.701,3,1.6
limpeza,cleaning,5.1,1.56,4.08,1.69,5.76,1.22,7,3,CVC.CV.CV,N,38.79,1.6,4.589,0,2.35
lince,lynx,5.4,1.84,6.48,1.04,2.6,0.96,5,2,CVC.CV,N,1.173,0.337,3.069,1,1.9
lindo,lovely,4.7,1.77,3.51,2.14,5.95,1.19,5,2,CVC.CV,ADJ,4.587,0.747,3.662,7,1.45
língua,tongue,5.8,1.35,5.66,1.33,5.22,1.2,6,2,CVC.CVV,N,86.241,1.941,4.936,1,2.3
linguado,sole,4.9,1.84,5.69,1.58,3.73,1.53,8,3,CVC.CVV.CV,N,1.348,0.371,3.13,1,2.1
linguagem,language,3.85,1.9,3.73,1.86,5.34,1.46,9,3,CVC.CVV.CVC,N,45.238,1.665,4.656,0,2.8
linha,line,4.76,2.09,5.44,1.83,5.27,1.52,5,2,CV.CCV,N,163.415,2.216,5.213,9,1.25
líquido,liquid,5.57,1.42,5.77,1.23,5.48,1.18,7,3,CV.CVV.CV,"ADJ,N",23.425,1.388,4.37,2,2.1
lírio,lily,5,2.09,6.13,1.52,2.41,1.06,5,2,CV.CVV,N,0.943,0.289,2.975,6,1.6
liso,slick,4.81,1.82,4.9,1.92,4.95,1.46,4,2,CV.CV,ADJ,1.187,0.34,3.075,12,1.15
lista,list,4.85,1.9,5.21,1.71,5.65,1.15,5,2,CVC.CV,"N,V",168.105,2.228,5.226,8,1.25
literário,literary,3.56,1.8,3.34,1.7,3.58,1.45,9,4,CV.CV.CV.CVV,ADJ,11.056,1.081,4.044,1,2.7
litoral,seaside,4.94,1.93,4.88,2.01,4.09,1.39,7,3,CV.CV.CVC,"ADJ,N",23.865,1.396,4.378,1,2.1
litro,quart,4.31,1.9,4.86,1.81,5.6,1.15,5,2,CV.CCV,N,7.533,0.931,3.877,4,1.75
livraria,bookstore,5.63,1.46,6.39,0.89,4.58,1.48,8,4,CV.CCV.CV.V,"N,V",8.212,0.964,3.915,2,1.75
livre,free,4.06,1.91,2.91,1.71,5.67,1.19,5,2,CV.CCV,"ADJ,ADV,N,V",101.596,2.011,5.007,4,1.65
livro,book,6.44,1.09,6.75,0.52,6.18,1.14,5,2,CV.CCV,"N,V",180.093,2.258,5.256,5,1.65
lixeira,dump,5.5,1.81,6.07,0.94,4.21,1.59,7,3,CV.CVV.CV,N,11.197,1.086,4.049,3,1.8
lixo,garbage,5.97,1.3,6.06,1.2,6.02,1.01,4,2,CV.CV,"N,V",40.431,1.617,4.607,9,1.45
lobo,wolf,5.74,1.92,6.56,0.87,3.4,1.56,4,2,CV.CV,N,5.037,0.781,3.702,9,1.4
local,local,4.5,1.73,4.54,1.69,5.6,1.23,5,2,CV.CVC,"ADJ,N",437.532,2.642,5.641,7,1.6
localidade,locality,4.17,1.87,5.03,1.78,5.04,1.37,10,5,CV.CV.CV.CV.CV,N,35.077,1.557,4.545,1,2.15
localização,location,3.95,1.75,4.35,1.88,5.05,1.3,11,5,CV.CV.CV.CV.CVV,N,32.375,1.523,4.51,3,2.05
lodo,slime,4.89,1.97,5.2,1.89,2.52,0.97,4,2,CV.CV,N,2.545,0.55,3.406,18,1.05
lógico,logical,3.13,1.75,3.05,1.87,5.32,1.22,6,3,CV.CV.CV,"ADJ,N",8.085,0.958,3.908,1,1.85
loiro,blond,5.56,1.51,6,1.21,4.74,1.4,5,2,CVV.CV,"ADJ,N",1.519,0.401,3.182,7,1.5
loja,store,5.58,1.44,5.63,1.54,5.93,0.99,4,2,CV.CV,N,29.234,1.481,4.466,8,1.45
longo,long,4.42,1.91,3.98,1.92,5.36,1.44,5,2,CVC.CV,ADJ,235.767,2.374,5.373,4,1.65
lontra,otter,5.95,1.44,6.42,1.18,3.05,1.04,6,2,CVC.CCV,N,0.801,0.256,2.904,2,1.85
lotaria,lottery,4.9,1.76,5.82,1.28,3.95,1.37,7,4,CV.CV.CV.V,"N,V",4.324,0.726,3.636,4,1.7
louco,mad,4.5,1.75,3.42,1.98,4.66,1.58,5,2,CVV.CV,"ADJ,N",8.515,0.978,3.93,7,1.55
loucura,madness,4.4,2,2.83,1.51,4.79,1.35,7,3,CVV.CV.CV,N,13.147,1.151,4.119,0,2.55
lua,moon,6.6,0.77,6.11,1.27,5.07,1.39,3,2,CV.V,N,20.89,1.34,4.32,10,1
lúcido,lucid,3.45,1.84,3.29,1.97,3.53,1.26,6,3,CV.CV.CV,ADJ,1.974,0.473,3.295,2,1.75
lucrativo,lucrative,3.94,1.81,3.42,1.73,4.26,1.41,9,4,CV.CCV.CV.CV,ADJ,2.286,0.517,3.359,1,2.6
lucro,profit,4.26,1.76,4.12,1.55,5.04,1.35,5,2,CV.CCV,"N,V",20.431,1.331,4.31,2,1.8
lúdico,entertaining,3.33,1.74,2.96,1.82,3.14,1.35,6,3,CV.CV.CV,ADJ,3.459,0.649,3.539,3,1.8
lugar,place,4.1,1.92,4.15,1.93,5.95,1.2,5,2,CV.CVC,N,450.072,2.654,5.653,10,1.35
lula,squid,5.46,1.82,6.61,0.73,3.39,1.2,4,2,CV.CV,N,0.259,0.1,2.413,17,1
lume,fire,5.77,1.27,5.16,1.78,4.66,1.66,4,2,CV.CV,N,11.275,1.089,4.052,10,1.45
luminoso,bright,5.08,1.63,4.17,1.85,4.08,1.43,8,4,CV.CV.CV.CV,ADJ,4.128,0.71,3.616,2,2.25
luta,fight,5.65,1.2,4.53,1.72,4.86,1.37,4,2,CV.CV,"N,V",183.42,2.266,5.263,16,1
luva,glove,6.12,1.28,6.48,0.9,4.03,1.45,4,2,CV.CV,N,3.361,0.64,3.527,10,1.3
luxo,luxury,4.6,1.98,3.41,1.74,4.44,1.3,4,2,CV.CV,"N,V",25.326,1.42,4.404,7,1.55
luz,light,5.44,1.84,4.76,1.95,6.3,0.95,3,1,CVC,"N,V",144.382,2.163,5.16,1,1.9
maçã,apple,6.57,0.99,6.68,0.6,5.82,1.18,4,2,CV.CV,N,3.239,0.627,3.51,3,1.75
macaco,monkey,6.12,1.43,6.36,1.18,3.98,1.7,6,3,CV.CV.CV,"ADJ,N",3.342,0.638,3.524,1,1.8
maçaneta,doorknob,6.28,1.2,6.47,0.88,3.71,1.34,8,4,CV.CV.CV.CV,N,0.127,0.052,2.104,0,2.85
maçarico,blowtorch,4.61,1.99,5.41,1.88,2.87,1.18,8,4,CV.CV.CV.CV,N,0.464,0.166,2.667,1,2.4
machado,axe,5.7,1.76,6.05,1.52,2.98,1.15,7,3,CV.CCV.CV,N,6.19,0.857,3.792,4,1.6
macho,male,4.77,1.89,5.41,1.37,4.58,1.23,5,2,CV.CCV,"ADJ,N",2.428,0.535,3.385,13,1.15
maciço,massive,3.43,1.75,4.32,1.77,3,1.1,6,3,CV.CV.CV,"ADJ,N",5.174,0.791,3.714,2,1.8
macio,soft,4.24,1.98,3.98,2,4.41,1.16,5,3,CV.CV.V,ADJ,1.705,0.432,3.232,5,1.5
madeira,wood,6.03,1.4,6.19,0.85,4.41,1.43,7,3,CV.CVV.CV,"N,V",37.046,1.58,4.569,7,1.5
madrugada,dawn,4.58,1.99,4.1,1.63,4.71,1.34,9,4,CV.CCV.CV.CV,"N,V",58.053,1.771,4.764,3,2.05
mãe,mother,6.53,0.88,6.53,0.9,6.89,0.32,3,1,CVV,"ADJ,N",106.164,2.03,5.026,2,1.8
maestro,maestro,5.6,1.49,5.91,1.07,2.96,1.05,7,3,CV.VC.CCV,N,21.222,1.347,4.327,1,1.85
mágico,magical,5.05,2,4.18,1.95,3.84,1,6,3,CV.CV.CV,"ADJ,N",7.621,0.936,3.882,3,1.8
magistral,masterful,3.02,1.92,3.12,1.76,2.6,1.36,9,3,CV.CVC.CCVC,ADJ,2.257,0.513,3.354,0,2.75
magnético,magnetic,3.85,1.94,4.25,1.94,3.16,1.18,9,4,CVC.CV.CV.CV,ADJ,2.965,0.598,3.472,1,2.45
magnífico,magnificent,3.68,1.88,3.51,1.88,4.73,1.31,9,4,CVC.CV.CV.CV,"ADJ,N",8.564,0.981,3.933,2,2.5
magro,gaunt,5.06,1.74,4.91,1.76,5.25,1.57,5,2,CV.CCV,"ADJ,N",5.135,0.788,3.711,5,1.6
maionese,mayonnaise,5.62,1.96,6.63,0.8,4.02,1.26,8,4,CVV.V.CV.CV,N,1.036,0.309,3.015,0,2.75
maior,bigger,4.13,1.96,3.66,1.63,6.31,0.9,5,2,CVV.VC,"ADJ,N",562.514,2.751,5.75,3,1.8
mala,suitcase,5.97,1.55,6.54,0.83,5.68,1.32,4,2,CV.CV,N,7.597,0.934,3.881,24,1
malabarismo,juggle,5.31,1.51,4.49,1.92,2.46,0.93,11,5,CV.CV.CV.CVC.CV,N,0.801,0.256,2.904,0,3.3
malandro,naughty,4.53,1.94,3.46,1.96,4.74,1.58,8,3,CV.CVC.CCV,"ADJ,N",1.583,0.412,3.2,1,1.85
malária,malaria,4.25,1.89,4.42,1.89,2.51,0.96,7,3,CV.CV.CVV,N,3.415,0.645,3.533,1,1.9
maldito,damned,2.7,1.44,2.67,1.2,3.95,1.49,7,3,CVC.CV.CV,"ADJ,N",2.721,0.571,3.435,4,1.75
malévolo,evil,3.08,1.95,3.24,1.65,2.21,1.18,8,4,CV.CV.CV.CV,"ADJ,N",0.254,0.098,2.405,1,3.2
malícia,malice,3.05,1.66,2.45,1.31,2.71,0.95,7,3,CV.CV.CVV,N,1.656,0.424,3.219,1,2.2
malicioso,malicious,3.48,1.87,3.07,1.73,3.41,1.16,9,5,CV.CV.CV.V.CV,ADJ,0.64,0.215,2.806,1,2.55
malmequer,marigold,6.44,1.04,6.48,0.97,2.83,1.09,9,3,CVC.CV.CVVC,N,0.274,0.105,2.437,0,3.75
maluco,madman,4.8,1.63,3.83,1.88,5.59,1.34,6,3,CV.CV.CV,"ADJ,N",1.055,0.313,3.023,1,1.85
malvado,wicked,3.98,1.44,3.41,1.75,4,1.32,7,3,CVC.CV.CV,"ADJ,N",0.762,0.246,2.882,3,1.8
mama,boob,6.07,1.4,5.95,1.26,4.68,1.67,4,2,CV.CV,"N,V",5.13,0.787,3.71,19,1
mamilo,nipple,6.2,1.12,6.79,0.62,3.53,1.18,6,3,CV.CV.CV,N,0.122,0.05,2.087,0,1.9
mancha,spot,5.03,1.79,4.9,1.92,4.72,1.51,6,2,CVC.CCV,"N,V",10.23,1.05,4.01,6,1.35
mandatário,mandatary,3.25,1.53,3.36,1.98,2.46,1.15,10,4,CVC.CV.CV.CVV,N,4.304,0.725,3.634,1,2.7
mandato,mandate,2.89,1.65,3.68,1.88,3.23,1.3,7,3,CVC.CV.CV,"N,V",82.924,1.924,4.919,3,1.75
mandrião,shirker,3.82,1.77,3.57,1.67,2.49,1.03,8,3,CVC.CCV.VV,"ADJ,N",0.093,0.039,1.968,0,2.85
maneira,manner,2.89,1.75,2.93,1.73,5.55,1.32,7,3,CV.CVV.CV,"ADJ,N",144.509,2.163,5.16,5,1.6
manequim,dummy,5.87,1.4,6.17,1.17,3.68,1.58,8,3,CV.CV.CVVC,N,1.769,0.442,3.248,0,2.85
manga,mango,5.83,1.45,6.04,1.3,4.7,1.53,5,2,CVC.CV,"N,V",5.457,0.81,3.737,17,1
manhã,morning,4.97,1.89,5.03,2,6.74,0.52,5,2,CV.CCV,N,181.11,2.26,5.258,1,1.85
manhoso,cunning,3.55,1.9,3.05,1.62,4.21,1.6,7,3,CV.CCV.CV,"ADJ,N",0.454,0.163,2.657,3,1.8
maníaco,manic,3.87,1.89,3.34,1.66,3.35,1.61,7,4,CV.CV.V.CV,"ADJ,N",0.625,0.211,2.796,2,2.2
manifestação,manifestation,5.64,1.45,4.25,1.94,4.58,1.44,12,5,CV.CV.CVC.CV.CVV,N,56.914,1.763,4.755,1,2.75
manifesto,manifest,3.77,1.75,2.86,1.42,3.41,1.24,9,4,CV.CV.CVC.CV,"ADJ,N,V",16.166,1.235,4.209,2,2.2
manobra,maneuver,4.18,2,4.34,1.85,4.18,1.6,7,3,CV.CV.CCV,"N,V",24.847,1.412,4.395,2,1.75
mansão,mansion,5.96,1.34,6.23,0.95,3.14,0.88,6,2,CVC.CVV,N,3.068,0.609,3.487,2,1.85
manso,meek,3.67,1.88,2.57,1.26,3.61,1.61,5,2,CVC.CV,ADJ,1.847,0.454,3.266,8,1.45
manteiga,butter,5.63,1.86,6.66,0.58,5.93,1.17,8,3,CVC.CVV.CV,N,8.1,0.959,3.909,0,2.35
manual,manual,5.19,1.74,5.39,1.78,5.05,1.51,6,3,CV.CV.VC,"ADJ,N",10.142,1.047,4.006,1,1.85
mão,hand,6.23,1.43,6.67,0.72,6.16,1.04,3,1,CVV,N,147.44,2.172,5.169,12,1.2
mapa,map,5.88,1.5,6.47,0.75,4.39,1.46,4,2,CV.CV,N,25.492,1.423,4.406,16,1.15
maqueta,scale model,4.49,1.73,5,1.82,2.54,0.85,7,3,CV.CVV.CV,N,2.306,0.519,3.363,5,1.7
máquina,machine,6.15,1.01,6.05,1.18,5.41,1.5,7,3,CV.CVV.CV,N,49.811,1.706,4.697,1,2.2
mar,sea,6.45,0.95,6.54,0.95,4.8,1.27,3,1,CVC,N,125.812,2.103,5.1,8,1.25
maracujá,passion fruit,5.61,1.99,6.74,0.59,3.35,1.17,8,4,CV.CV.CV.CV,N,0.23,0.09,2.361,0,2.95
maravilhado,awed,3.82,1.94,3.46,1.78,3.98,1.4,11,5,CV.CV.CV.CCV.CV,"ADJ,V",1.075,0.317,3.031,1,2.2
marca,brand,4.35,1.67,4.42,1.81,5,1.51,5,2,CVC.CV,"N,V",90.389,1.961,4.956,8,1.25
marcador,marker,5.08,2.06,5.82,1.3,4.76,1.47,8,3,CVC.CV.CVC,"ADJ,N",23.616,1.391,4.373,2,1.75
marceneiro,joiner,4.47,1.91,5.74,1.47,1.96,0.83,10,4,CVC.CV.CVV.CV,N,0.684,0.226,2.835,1,2.6
marcha,march,4.69,1.7,4.75,1.62,4,1.68,6,2,CVC.CCV,"N,V",36.494,1.574,4.562,3,1.5
maré,tide,5.36,1.4,5.55,1.26,3.67,1.42,4,2,CV.CV,N,11.046,1.081,4.043,2,1.8
margem,margin,4.47,2.01,4.47,1.94,4.04,1.46,6,2,CVC.CVC,N,79.045,1.903,4.898,0,2
maricas,sissy,4.37,1.86,3.69,1.91,3.95,1.62,7,3,CV.CV.CVC,"ADJ,N",0.611,0.207,2.786,4,1.75
marido,husband,4.84,1.94,6.14,1.07,4.63,1.58,6,3,CV.CV.CV,N,48.404,1.694,4.685,3,1.8
marmelo,quince,5.81,1.48,6.04,1.43,2.46,0.82,7,3,CVC.CV.CV,N,0.215,0.085,2.332,1,2.2
marmota,marmot,4.33,2.14,5.91,1.18,2.29,1.01,7,3,CVC.CV.CV,N,0.064,0.027,1.803,2,1.8
marreta,sledgehammer,4.85,1.74,5.12,2.03,2.89,1.07,7,3,CVC.CV.CV,N,0.132,0.054,2.12,4,1.7
martelo,hammer,5.69,2,6.12,1.35,3.5,0.98,7,3,CVC.CV.CV,"N,V",5.423,0.808,3.734,3,1.75
máscara,mask,5.9,1.21,6.12,1.12,4.05,1.31,7,3,CVC.CV.CV,N,7.738,0.941,3.889,1,1.9
mascote,mascot,4.87,1.95,5.32,1.5,3.88,1.74,7,3,CVC.CV.CV,N,2.032,0.482,3.308,1,2.4
massa,pasta,5.5,1.85,6.33,1.05,5.24,1.3,5,2,CVC.CV,N,36.049,1.569,4.557,9,1.4
massacre,massacre,4.93,1.79,4.21,1.67,3.55,1.08,8,3,CVC.CV.CCV,"N,V",25.658,1.426,4.409,2,2.4
mastro,mast,4.66,2.17,5.59,1.5,2.44,1.07,6,2,CVC.CCV,N,3.781,0.68,3.578,6,1.5
mata,woods,5.03,2,4.75,1.78,4.04,1.48,4,2,CV.CV,"N,V",24.187,1.401,4.384,21,1
matemática,mathematics,5.15,1.85,4.36,1.9,4.81,1.4,10,5,CV.CV.CV.CV.CV,"ADJ,N",18.476,1.29,4.267,1,2.6
matéria,matter,3.65,1.98,4.43,1.84,5.89,1.14,7,3,CV.CV.CVV,N,144.02,2.161,5.158,1,1.9
material,material,4.43,2,4.68,2,5.71,1.19,8,4,CV.CV.CV.VC,"ADJ,N",82.86,1.924,4.918,1,1.9
matraca,rattle,3.66,1.68,4.76,2.15,2.91,1.21,7,3,CV.CCV.CV,N,0.235,0.092,2.37,1,1.85
matriz,matrix,3.84,1.99,3.69,1.69,3.37,1.5,6,2,CV.CCVC,"ADJ,N",8.369,0.972,3.923,1,1.9
mau,bad,3.62,1.84,3.22,2.01,5.71,1.36,3,1,CVV,"ADJ,N",78.835,1.902,4.897,11,1.3
máximo,maximum,3.24,1.96,3.07,1.82,5.43,1.5,6,3,CV.CV.CV,"ADJ,N",85.049,1.935,4.93,1,2.3
mecânico,mechanic,5.48,1.87,6.07,1.12,3.76,1.33,8,4,CV.CV.CV.CV,"ADJ,N",6.058,0.849,3.782,1,2.55
mecanismo,mechanism,3.78,1.99,3.67,1.69,4.23,1.43,9,4,CV.CV.CVC.CV,N,18.999,1.301,4.279,0,2.7
medalha,medal,5.92,1.52,6.23,1.15,3.38,1.16,7,3,CV.CV.CCV,"N,V",23.582,1.391,4.373,0,1.85
média,average,3.45,1.7,3.81,1.96,5.12,1.17,5,2,CV.CVV,"ADJ,N",139.75,2.148,5.145,4,1.7
mediano,median,2.6,1.33,2.69,1.31,3.15,1.15,7,4,CV.CV.V.CV,ADJ,0.855,0.268,2.932,3,1.75
medicina,medicine,4.61,1.86,4.36,1.87,4.86,1.41,8,4,CV.CV.CV.CV,"N,V",25.795,1.428,4.412,1,2.3
médico,physician,6.05,1.18,6.63,0.64,4.25,1.35,6,3,CV.CV.CV,"ADJ,N",83.754,1.928,4.923,4,1.7
medida,measure,3.71,1.96,3.53,1.72,4.64,1.6,6,3,CV.CV.CV,"ADJ,N,V",159.512,2.206,5.203,8,1.45
médio,medium,3.25,1.56,3.17,1.72,5.29,1.23,5,2,CV.CVV,"ADJ,N",62.738,1.804,4.798,3,1.75
medo,fear,4.25,1.91,2.82,2.02,5.18,1.31,4,2,CV.CV,N,80.491,1.911,4.906,19,1
medonho,dreadful,3.84,1.92,3.02,1.65,3.34,1.24,7,3,CV.CV.CCV,"ADJ,N",1.109,0.324,3.045,1,2.1
medroso,fearful,3.76,1.93,3.44,1.67,3.26,1.17,7,3,CV.CCV.CV,"ADJ,N",0.342,0.128,2.534,2,1.85
megalómano,megalomaniac,3.33,2.17,3.65,2.12,2.3,1.06,10,5,CV.CV.CV.CV.CV,"ADJ,N",1.241,0.35,3.094,1,3.35
meia,sock,6.08,1.32,6,1.54,6.27,0.88,4,2,CVV.V,"ADJ,N",101.449,2.011,5.006,18,1
meio,midst,3.31,1.52,3.64,1.7,5.78,1.27,4,2,CVV.V,"ADJ,ADV,N",329.761,2.52,5.518,19,1
mel,honey,5.92,1.65,6.41,1.12,3.88,1.32,3,1,CVC,N,6.576,0.879,3.818,8,1.45
melancia,watermelon,5.93,1.61,6.85,0.45,3.64,1.36,8,4,CV.CVC.CV.V,N,2.286,0.517,3.359,0,2.6
melancolia,melancholy,3.75,1.89,2.9,1.78,3.23,1.28,10,5,CV.CVC.CV.CV.V,N,5.784,0.832,3.762,0,3.35
melão,melon,6.38,0.82,6.8,0.48,3.47,1.08,5,2,CV.CVV,N,1.993,0.476,3.3,3,1.7
melga,gnat,5.88,1.35,5.56,1.64,4.14,1.42,5,2,CVC.CV,N,0.215,0.085,2.332,4,1.7
melhor,better,3.41,1.96,3.1,1.81,6.25,1.06,6,2,CV.CCVC,"ADJ,ADV,N",482.887,2.685,5.684,0,1.85
melhoria,improvement,3.02,1.9,3.2,1.76,5.05,1.28,8,4,CV.CCV.CV.V,N,42.063,1.634,4.624,0,1.9
meloa,melon,5.6,1.93,6.72,0.74,3.5,1.21,5,3,CV.CV.V,N,0.147,0.059,2.166,1,1.75
melodia,melody,4.44,1.82,4.31,1.83,4.16,1.41,7,4,CV.CV.CV.V,N,4.597,0.748,3.663,0,2
melódico,melodious,3.57,2.06,2.74,1.34,2.72,1.36,8,4,CV.CV.CV.CV,ADJ,1.192,0.341,3.076,2,2.4
melro,blackbird,5.49,1.87,6.65,0.62,2.64,0.82,5,2,CVC.CV,N,0.567,0.195,2.753,3,1.7
membro,member,4.61,1.89,4.76,1.78,4.63,1.2,6,2,CVC.CCV,N,87.267,1.946,4.941,1,1.9
memória,memory,3.73,1.87,3.88,2.1,5.48,1.1,7,3,CV.CV.CVV,N,85.621,1.938,4.933,1,2
mendigo,beggar,5.6,1.44,5.81,1.21,3.64,1.14,7,3,CVC.CV.CV,"N,V",1.202,0.343,3.08,2,1.8
menino,little boy,6.31,1.01,6.18,1.17,5.98,1.09,6,3,CV.CV.CV,"ADJ,N",15.746,1.224,4.197,3,1.8
menor,smaller,3.68,2.12,3.53,1.76,5.33,1.23,5,2,CV.CVC,"ADJ,N",75.957,1.886,4.881,3,1.8
mensal,monthly,3.8,1.92,4.69,2.03,4.67,1.5,6,2,CVC.CVC,ADJ,17.617,1.27,4.246,1,1.95
mental,mental,3.3,1.97,2.72,1.45,4.76,1.45,6,2,CVC.CVC,ADJ,16.732,1.249,4.224,4,1.7
mentalidade,mentality,3.35,1.77,2.71,1.76,4.96,1.36,11,5,CVC.CV.CV.CV.CV,N,10.264,1.052,4.011,1,2.25
mente,mind,4.03,2.04,3.12,2.02,5.41,1.27,5,2,CVC.CV,"N,V",12.741,1.138,4.105,12,1.2
mentira,lie,3.48,2.03,3,1.89,5.22,1.35,7,3,CVC.CV.CV,"N,V",15.672,1.222,4.195,4,1.55
mentiroso,liar,4,2.16,3.41,1.71,5.07,1.35,9,4,CVC.CV.CV.CV,"ADJ,N",2.184,0.503,3.339,1,2.3
mercado,market,5.48,1.51,5.6,1.41,4.8,1.41,7,3,CVC.CV.CV,"ADJ,N,V",417.849,2.622,5.621,3,1.7
mercadoria,merchandise,4.82,1.82,5.05,1.79,4.2,1.72,10,5,CVC.CV.CV.CV.V,N,5.916,0.84,3.772,0,2.55
merenda,snack,5.37,1.57,6.04,1.04,3.93,1.83,7,3,CV.CVC.CV,"N,V",0.967,0.294,2.986,1,1.8
mergulhador,diver,5.24,1.78,6.46,0.79,3.05,1.16,11,4,CVC.CV.CCV.CVC,N,0.958,0.292,2.981,1,2.4
mérito,merit,3.52,1.83,3.44,1.78,4.35,1.26,6,3,CV.CV.CV,N,24.686,1.41,4.392,1,1.8
mês,month,3.32,1.91,4.59,1.96,5.66,1.31,3,1,CVC,N,291.509,2.466,5.465,17,1.1
mesa,table,6.42,1.1,6.66,0.67,6.41,0.88,4,2,CV.CV,N,92.211,1.97,4.965,12,1.2
mesquinho,stingy,3.21,1.56,2.97,1.69,3.52,1.11,9,3,CVC.CVV.CCV,"ADJ,V",1.397,0.38,3.145,1,1.9
mestre,master,4.5,1.65,4.58,1.68,4.05,1.52,6,2,CVC.CCV,"ADJ,N",28.667,1.472,4.457,3,1.8
meta,goal,5.08,1.77,4.74,1.79,4.32,1.55,4,2,CV.CV,"N,V",26.801,1.444,4.428,19,1
metade,half,4.15,1.94,4.28,1.95,5.34,1.35,6,3,CV.CV.CV,"ADV,N",104.732,2.024,5.02,0,1.9
metal,metal,5.19,1.85,6,1.24,4.19,1.54,5,2,CV.CVC,N,14.573,1.192,4.164,4,1.7
método,method,3.28,1.73,3.21,1.72,4.82,1.53,6,3,CV.CV.CV,N,34.442,1.55,4.537,0,2.55
metralhadora,machine gun,5.97,1.47,6.71,0.56,3,1.33,12,5,CV.CCV.CCV.CV.CV,N,3.527,0.656,3.547,0,2.85
metro,metre,5.33,1.87,5.89,1.38,4.73,1.84,5,2,CV.CCV,N,46.543,1.677,4.668,4,1.65
milagre,miracle,3.54,2.01,2.29,1.34,4.03,1.26,7,3,CV.CV.CCV,N,18.574,1.292,4.269,0,2.75
milénio,millenium,3.16,2.09,3.68,1.96,2.67,1,7,3,CV.CV.CVV,N,14.124,1.18,4.15,0,2.55
milhafre,kite (bird),4.04,2.26,5.06,2.12,2.08,0.99,8,3,CV.CCV.CCV,N,0.352,0.131,2.546,0,2.75
milhão,million,3.7,1.83,4.3,2.15,4.78,1.52,6,2,CV.CCVV,"N,QUANT",8.134,0.961,3.91,3,1.75
milhar,thousand,3.52,1.95,4.42,2.08,3.3,1.61,6,2,CV.CCVC,N,3.317,0.635,3.521,7,1.6
milho,maize,5.9,1.65,6.59,0.76,3.61,1.05,5,2,CV.CCV,N,10.684,1.068,4.029,6,1.6
milícia,militia,3.52,1.99,3.78,1.96,2.16,1.14,7,3,CV.CV.CVV,N,5.623,0.821,3.75,1,2.35
milionário,millionaire,5.13,1.81,4.47,1.85,3.96,1.25,10,5,CV.CV.V.CV.CVV,"ADJ,N",6.673,0.885,3.824,2,2.3
militar,military,5.41,1.81,5.93,1.19,3.55,1.4,7,3,CV.CV.CVC,"ADJ,N,V",155.677,2.195,5.192,1,1.8
mina,mine,5.21,1.81,5.7,1.55,2.78,1.08,4,2,CV.CV,"N,V",12.199,1.121,4.086,17,1
minhoca,worm,5.97,1.55,6.65,0.68,3.76,1.29,7,3,CV.CCV.CV,N,0.484,0.171,2.685,1,2.25
mínimo,minimum,3.05,1.59,3.39,1.93,5.61,1.49,6,3,CV.CV.CV,"ADJ,N",88.049,1.95,4.945,1,1.85
ministério,ministry,4.15,1.82,4.47,1.82,4.76,1.75,10,4,CV.CVC.CV.CVV,N,84.868,1.934,4.929,0,2.75
ministro,minister,4.89,1.8,5.88,1.27,5.23,1.51,8,3,CV.CVC.CCV,"N,V",432.666,2.637,5.636,3,1.8
minoria,minority,3.17,2.02,3.41,1.65,4.21,1.77,7,4,CV.CV.CV.V,N,21.901,1.36,4.341,2,1.8
minucioso,meticulous,2.82,1.85,3.07,1.66,3.36,1.58,9,5,CV.CV.CV.V.CV,ADJ,1.783,0.445,3.251,1,2.75
minúsculo,tiny,4.61,1.6,3.69,1.52,3.84,1.51,9,4,CV.CVC.CV.CV,ADJ,2.208,0.506,3.344,1,2.8
minuto,minute,3.81,2.08,5.05,2.2,6.68,0.64,6,3,CV.CV.CV,"ADJ,N,V",30.006,1.491,4.477,2,1.75
miolo,kernel,5.19,1.89,5.53,1.42,3.43,1.19,5,3,CV.V.CV,N,3.503,0.654,3.544,1,1.9
miséria,misery,4.39,1.83,3.58,1.96,5.3,1.5,7,3,CV.CV.CVV,N,20.777,1.338,4.318,0,2.3
missão,mission,3.95,2.04,3.63,1.78,4.56,1.59,6,2,CVC.CVV,N,87.184,1.945,4.94,2,1.8
míssil,missile,5.7,1.52,5.98,1.5,2.8,0.99,6,2,CVC.CVC,"ADJ,N",3.19,0.622,3.504,1,2.75
mistério,mystery,4.2,2.13,2.56,1.33,4.47,1.36,8,3,CVC.CV.CVV,N,22.126,1.364,4.345,0,2.4
misterioso,mysterious,3.51,2.01,2.61,1.76,3.96,0.96,10,5,CVC.CV.CV.V.CV,ADJ,6.273,0.862,3.798,1,3.1
místico,mystic,3.51,2.15,2.54,1.42,2.85,1.14,7,3,CVC.CV.CV,"ADJ,N",2.032,0.482,3.308,2,1.8
mistura,blend,3.61,1.75,3.6,1.61,4.88,1.44,7,3,CVC.CV.CV,"N,V",26.625,1.441,4.425,2,1.75
mítico,mythical,3.02,1.96,2.43,1.51,3.07,1.32,6,3,CV.CV.CV,ADJ,6.141,0.854,3.788,4,1.7
mito,myth,3.38,1.96,2.54,1.3,3.72,1.36,4,2,CV.CV,N,17.309,1.263,4.238,18,1
miúdo,kid,6.21,0.89,5.96,1.13,5.2,1.17,5,3,CV.V.CV,"ADJ,N",8.286,0.968,3.918,3,1.75
mobiliário,furniture,5.65,1.53,6.33,0.9,3.83,1.37,10,5,CV.CV.CV.V.CVV,"ADJ,N",13.386,1.158,4.127,2,2.35
mobilidade,mobility,4.08,1.82,3.33,1.79,3.63,1.38,10,5,CV.CV.CV.CV.CV,N,9.912,1.038,3.996,1,2.05
mochila,backpack,6.32,1.1,6.52,0.74,5.75,1.25,7,3,CV.CCV.CV,N,1.988,0.475,3.299,0,2.55
mocho,hornet owl,5.5,2,6.67,0.7,2.96,1.09,5,2,CV.CCV,"ADJ,N",0.953,0.291,2.979,4,1.75
moda,fashion,4.87,1.8,3.63,1.88,4.81,1.56,4,2,CV.CV,N,40.739,1.621,4.61,21,1
modelo,model,4.63,2,4.61,1.72,4.64,1.41,6,3,CV.CV.CV,"N,V",109.803,2.045,5.041,2,1.8
moderado,moderate,2.85,1.4,3.41,1.85,5.04,1.49,8,4,CV.CV.CV.CV,"ADJ,N,V",12.634,1.135,4.102,3,1.65
moderno,modern,3.66,1.77,3.25,1.75,4.95,1.21,7,3,CV.CVC.CV,"ADJ,N",20.455,1.332,4.311,1,1.85
modesto,modest,3.54,1.75,3.52,1.75,4.36,1.52,7,3,CV.CVC.CV,ADJ,9.663,1.028,3.985,2,1.8
modificação,modification,3.39,1.9,3.23,1.58,4.33,1.58,11,5,CV.CV.CV.CV.CVV,N,6.62,0.882,3.821,2,2.3
modo,mode,2.61,1.77,2.83,1.86,5.29,1.53,4,2,CV.CV,N,247.174,2.395,5.393,20,1
módulo,module,3.25,1.78,3.67,1.6,3.79,1.32,6,3,CV.CV.CV,N,6.224,0.859,3.794,1,2.05
moeda,coin,6.09,1.47,6.65,0.82,6.48,0.81,5,3,CV.V.CV,N,83.32,1.926,4.921,7,1.4
moinho,mill,6.1,1.31,6.37,0.94,3.23,1.1,6,3,CV.V.CCV,N,3.561,0.659,3.552,1,1.85
mola,clip,5.55,1.93,6.23,1.17,4.61,1.47,4,2,CV.CV,N,1.979,0.474,3.296,19,1
molde,mold,4.42,2.01,4.6,1.88,3.35,1.48,5,2,CVC.CV,"N,V",4.739,0.759,3.676,7,1.45
moldura,frame,6.28,1.19,6.05,1.55,4.02,1.4,7,3,CVC.CV.CV,N,3.132,0.616,3.496,2,1.8
molécula,molecule,4.26,2.05,4.26,2.12,3.16,1.68,8,4,CV.CV.CV.CV,N,2.961,0.598,3.471,0,2.85
momento,moment,3.45,1.92,3.05,1.97,5.74,1.13,7,3,CV.CVC.CV,N,335.159,2.527,5.525,4,1.7
monarquia,monarchy,4.26,1.88,4.26,1.91,2.86,1.23,9,4,CV.CVC.CVV.V,N,11.144,1.084,4.047,0,2.7
monstro,monster,5.11,1.78,4.69,2.1,3.58,1.19,7,2,CVCC.CCV,"ADJ,N",7.46,0.927,3.873,0,1.9
montanha,mountain,5.92,1.5,6.4,0.99,3.96,1.5,8,3,CVC.CV.CCV,N,21.452,1.351,4.332,0,1.9
montante,amount,3.66,1.86,4.49,1.72,4.79,1.42,8,3,CVC.CVC.CV,"ADJ,N",7.02,0.904,3.846,1,1.9
monte,mound,5.6,1.54,5.77,1.26,4.37,1.37,5,2,CVC.CV,"N,V",20.909,1.341,4.32,9,1.35
moral,moral,3.26,1.89,2.25,1.49,4.69,1.56,5,2,CV.CVC,"ADJ,N",51.457,1.72,4.711,10,1.2
morango,strawberry,6.2,1.49,6.53,0.77,4.23,1.32,7,3,CV.CVC.CV,N,0.723,0.236,2.859,1,1.9
mórbido,morbid,3.44,1.84,3.36,1.91,2.86,1.12,7,3,CVC.CV.CV,ADJ,0.811,0.258,2.909,1,2.25
morcego,bat (animal),5.93,1.75,6.84,0.41,3.2,1.03,7,3,CVC.CV.CV,N,0.826,0.261,2.917,0,2.55
mordomo,butler,5.58,1.49,6.06,1.14,2.68,1.45,7,3,CVC.CV.CV,"N,V",1.568,0.41,3.195,1,2.25
moreia,morey,4.06,1.95,4.82,2.2,1.85,0.99,6,3,CV.CVV.V,N,0.147,0.059,2.166,4,1.7
morgue,morgue,5.07,1.84,5.98,1.01,2.71,1.02,6,2,CVC.CVV,N,3.327,0.636,3.522,0,1.95
morsa,walrus,4.57,2.1,5.27,2.02,1.81,0.91,5,2,CVC.CV,N,0.049,0.021,1.689,8,1.45
mortal,mortal,3.75,1.95,3.64,2.03,3.86,1.45,6,2,CVC.CVC,"ADJ,N",14.583,1.193,4.164,2,1.75
morte,death,4.56,1.99,4.1,2.21,4.6,1.46,5,2,CVC.CV,N,243.681,2.389,5.387,12,1.25
morto,dead,5.3,1.85,5.81,1.6,4.27,1.58,5,2,CVC.CV,"ADJ,N,V",53.285,1.735,4.727,13,1.15
mosca,fly,5.23,2.2,6.75,0.48,4.96,1.69,5,2,CVC.CV,N,2.135,0.496,3.329,7,1.55
mosquito,mosquito,6.04,1.43,6.33,0.94,4.55,1.39,8,3,CVC.CVV.CV,N,1.226,0.348,3.089,0,2.5
mostarda,mustard,5.7,1.68,6.36,0.95,3.07,1.04,8,3,CVC.CVC.CV,N,1.314,0.364,3.119,0,2.1
mostra,display,2.58,1.55,3.07,1.82,5.24,1.78,6,2,CVC.CCV,"N,V",104.478,2.023,5.019,4,1.5
mota,motorbike,5.95,1.32,6.58,0.94,4.41,1.28,4,2,CV.CV,N,2.956,0.597,3.471,24,1
motim,riot,4.66,2.13,3.91,1.9,2.66,0.96,5,2,CV.CVC,N,2.751,0.574,3.439,2,1.9
motivo,motive,3.08,1.68,3.25,2.02,5.61,1.12,6,3,CV.CV.CV,"N,V",57.872,1.77,4.763,3,1.7
motocicleta,motorcycle,6.24,1.1,6.59,0.88,2.88,1.31,11,5,CV.CV.CV.CCV.CV,N,0.249,0.097,2.397,0,4
motor,engine,6.03,1.1,6.45,0.86,4.46,1.39,5,2,CV.CVC,"ADJ,N",35.902,1.567,4.555,2,1.8
motorista,motorist,5.82,1.47,6.17,0.96,4.8,1.42,9,4,CV.CV.CVC.CV,"ADJ,N",15.765,1.224,4.198,0,2.65
motorizada,motorbike,5.61,1.63,5.64,1.53,3.38,1.22,10,5,CV.CV.CV.CV.CV,"ADJ,N,V",1.27,0.356,3.104,1,2.35
móvel,piece of furniture,5.9,1.5,5.53,1.51,4.71,1.29,5,2,CV.CVC,"ADJ,N",8.569,0.981,3.933,0,2.1
movimentado,bustling,4.18,1.68,3.53,1.65,4.42,1.27,11,5,CV.CV.CVC.CV.CV,"ADJ,V",2.677,0.566,3.428,1,1.95
movimento,motion,4.4,1.82,4.34,1.69,5.36,1.18,9,4,CV.CV.CVC.CV,"N,V",173.068,2.241,5.238,2,1.85
muco,mucus,4.32,2.01,4.93,1.82,2.61,1.15,4,2,CV.CV,N,0.474,0.169,2.676,8,1.5
mudança,change,3.74,1.92,3.34,1.64,5.33,1.19,7,3,CV.CVC.CV,N,92.147,1.969,4.965,0,2.25
muleta,crutch,5.76,1.48,6.3,1.1,3.13,1.08,6,3,CV.CV.CV,N,2.159,0.5,3.334,3,1.75
mulher,woman,6.21,1.37,6.23,1.16,6.3,0.93,6,2,CV.CCVC,N,207.002,2.318,5.316,0,2
multa,penalty,5.2,1.77,5.63,1.52,3.86,1.64,5,2,CVC.CV,"N,V",18.242,1.284,4.261,6,1.4
multidão,crowd,5.73,1.34,5.28,1.41,4.6,1.27,8,3,CVC.CV.CVV,N,29.312,1.482,4.467,0,2.9
múmia,mummy,5.43,1.62,5.78,1.42,2.35,0.91,5,2,CV.CVV,N,0.894,0.277,2.951,0,1.95
mundial,worldwide,4.42,1.92,4.27,2.09,4.45,1.5,7,3,CVC.CV.VC,"ADJ,N",148.231,2.174,5.171,0,2.6
mundo,world,6.4,0.84,4.64,2.14,5.25,1.39,5,2,CVC.CV,N,431.747,2.636,5.635,5,1.5
municipal,municipal,3.23,1.85,3.72,1.86,4.03,1.27,9,4,CV.CV.CV.CVC,"ADJ,N",74.721,1.879,4.873,0,2.85
munícipe,citizen,3.98,2.05,4.45,1.81,2.93,1.44,8,4,CV.CV.CV.CV,"ADJ,N",2.282,0.516,3.358,0,3.4
município,township,4.1,1.79,4.86,2.05,3.86,1.52,9,4,CV.CV.CV.CVV,N,80.071,1.909,4.904,0,3.45
muralha,wall,6.07,1.3,6.34,1.08,3.36,1.59,7,3,CV.CV.CCV,N,6.458,0.873,3.81,1,1.9
murmúrio,murmur,4.19,2.01,3.58,1.83,3.26,1.55,8,3,CVC.CV.CVV,N,1.573,0.411,3.197,0,2.75
muro,wall,6.2,1.06,6.35,0.99,4.29,1.5,4,2,CV.CV,"N,V",21.256,1.347,4.328,16,1
musculado,muscular,6.02,1.37,5.71,1.46,4.23,1.44,9,4,CVC.CV.CV.CV,"ADJ,V",0.831,0.263,2.919,1,2.3
músculo,muscle,5.05,1.91,6.04,1.12,4.72,1.46,7,3,CVC.CV.CV,N,2.003,0.478,3.302,1,2.35
museu,museum,5.78,1.29,6.3,0.89,3.45,1.09,5,2,CV.CVV,N,55.297,1.751,4.743,0,1.95
musgo,moss,5.19,2.08,6.27,1.12,2.66,0.9,5,2,CVC.CV,N,0.987,0.298,2.994,0,1.95
música,music,5.48,1.62,4.63,1.77,6.46,0.69,6,3,CV.CV.CV,"ADJ,N",256.124,2.41,5.409,2,1.85
músico,musician,6.12,0.8,5.86,1.27,5.11,1.57,6,3,CV.CV.CV,"ADJ,N",18.823,1.297,4.275,2,1.85
mutação,mutation,3.37,2,3.9,2.14,3.39,1.26,7,3,CV.CV.CVV,N,4.534,0.743,3.656,0,2
nabiça,turnip greens,5.26,1.97,6.46,0.91,3.32,1.59,6,3,CV.CV.CV,N,0.059,0.025,1.768,1,1.9
nabo,turnip,5.54,1.99,6.3,1.06,4.21,1.73,4,2,CV.CV,N,0.523,0.183,2.718,9,1.5
nacional,national,4.05,1.9,4.17,2.08,5.11,1.42,8,4,CV.CV.V.CVC,"ADJ,N",406.324,2.61,5.609,1,2.5
naco,hunk,4.8,1.82,4.45,1.81,2.91,1.35,4,2,CV.CV,N,1.041,0.31,3.017,10,1.4
nadador,swimmer,5.75,1.62,6.27,0.86,3.65,1.11,7,3,CV.CV.CVC,"ADJ,N",1.832,0.452,3.263,1,1.85
namorado,sweetheart,5.59,1.46,5.21,1.85,5.48,1.56,8,4,CV.CV.CV.CV,"ADJ,N,V",5.179,0.791,3.714,1,1.75
namoro,courtship,5.03,1.83,4.31,1.84,5.33,1.53,6,3,CV.CV.CV,"N,V",4.939,0.774,3.694,2,1.8
narciso,narcissus,3.76,2.21,3.67,2.04,2.29,0.94,7,3,CVC.CV.CV,N,9.082,1.004,3.958,1,2.7
narcótico,narcotic,3.71,1.91,3.8,2.06,2.8,1.41,9,4,CVC.CV.CV.CV,"ADJ,N",0.239,0.093,2.379,1,2.7
nariz,nose,6.05,1.58,6.71,0.57,5.59,1.4,5,2,CV.CVC,N,13.508,1.162,4.131,2,1.9
nascimento,birth,5.19,1.97,4.69,1.98,4.14,1.51,10,4,CVC.CV.CVC.CV,N,27.172,1.45,4.434,0,2.85
natal,christmas,6,1.53,5.42,1.53,2.84,1.23,5,2,CV.CVC,"ADJ,N",15.267,1.211,4.184,7,1.6
natural,natural,3.52,2.11,3.32,1.75,5.72,1.1,7,3,CV.CV.CVC,"ADJ,N",116.491,2.07,5.066,1,1.9
natureza,nature,5.89,1.32,4.69,2.04,5.02,1.27,8,4,CV.CV.CV.CV,N,99.265,2.001,4.997,0,2.8
náusea,nausea,3.84,2.11,3.76,1.87,3.2,1.21,6,2,CVV.CVV,N,0.811,0.258,2.909,0,2.75
navalha,razor,5.52,1.97,6.28,1.24,3.1,1.04,7,3,CV.CV.CCV,N,4.123,0.71,3.615,0,1.95
nave,spaceship,6.2,1.29,5.93,1.24,2.65,0.99,4,2,CV.CV,N,8.628,0.984,3.936,5,1.65
navio,ship,6.18,1.3,6.69,0.67,3.28,1.2,5,3,CV.CV.V,N,32.849,1.53,4.517,2,1.8
neblina,haze,5.03,1.89,4.59,2.07,3.05,1.26,7,3,CV.CCV.CV,N,1.387,0.378,3.142,1,2.6
necessário,necessary,2.9,1.86,3.1,1.87,5.79,1.28,10,4,CV.CVC.CV.CVV,"ADJ,N",149.76,2.178,5.175,1,3.25
necessidade,need,2.9,1.89,3.17,1.88,5.42,1.25,11,5,CV.CVC.CV.CV.CV,N,188.936,2.279,5.276,0,2.8
néctar,nectar,4.61,1.85,5.15,1.41,3.23,1.07,6,2,CVC.CVC,N,0.816,0.259,2.912,0,2.75
negativo,negative,3.65,1.93,2.71,1.38,5.18,1.39,8,4,CV.CV.CV.CV,"ADJ,N",31.892,1.517,4.504,2,2.35
negligência,neglect,2.79,1.31,2.93,1.65,3.55,1.26,11,4,CV.CCV.CVC.CVV,N,10.298,1.053,4.013,2,2.75
negociação,negotiation,3.85,1.7,3.75,1.64,3.88,1.34,10,5,CV.CV.CV.V.CVV,N,38.966,1.602,4.591,1,2.75
negociante,merchandiser,3.98,1.94,4.22,1.78,3.74,1.4,10,5,CV.CV.CV.VC.CV,"ADJ,N",1.764,0.442,3.246,0,2.75
negócio,business,4.13,1.67,4,1.69,5.22,1.33,7,3,CV.CV.CVV,N,97.067,1.992,4.987,1,2.55
negro,negro,5.97,1.48,5.16,2,4.82,1.59,5,2,CV.CCV,"ADJ,N",51.76,1.722,4.714,1,1.8
néon,neon,4.29,2.11,4.04,2,2,0.8,4,2,CV.VC,N,1.021,0.306,3.009,0,2.45
nervoso,nervous,3.84,1.65,3.95,1.83,5.65,1.23,7,3,CVC.CV.CV,"ADJ,N",9.893,1.037,3.995,1,1.75
neurótico,neurotic,3.75,1.93,3.24,1.77,2.87,1.23,9,4,CVV.CV.CV.CV,"ADJ,N",0.45,0.161,2.653,3,2.15
neutrão,neutron,3.47,2,3.64,2.32,2.35,1.23,7,2,CVV.CCVV,N,0.215,0.085,2.332,0,2.35
neutro,neutral,3.15,1.44,3.05,1.7,3.86,1.29,6,2,CVV.CCV,"ADJ,N",2.946,0.596,3.469,2,1.75
neve,snow,5.95,1.58,6.35,1.13,3.09,1.32,4,2,CV.CV,"N,V",20.484,1.332,4.311,7,1.6
nevoeiro,fog,5.78,1.28,5.24,1.49,4.23,1.16,8,4,CV.CV.VV.CV,N,7.992,0.954,3.903,0,2.6
ninho,nest,5.88,1.42,6.05,1.3,3.39,1.08,5,2,CV.CCV,N,3.899,0.69,3.591,4,1.65
níquel,nickel,3.74,2.07,4.83,2.25,1.94,1.03,6,2,CV.CVVC,N,0.845,0.266,2.927,0,2.65
nítido,clear,3.75,1.82,4.19,2.01,4.05,1.39,6,3,CV.CV.CV,ADJ,3.542,0.657,3.549,1,1.9
nível,level,3.34,1.88,3.46,1.75,5.11,1.47,5,2,CV.CVC,N,298.08,2.476,5.474,4,1.8
nó,knot,5.49,1.81,6,1.27,4.29,1.59,2,1,CV,N,18.892,1.299,4.276,10,1.45
noção,notion,2.97,1.71,3.03,1.56,5.59,1.44,5,2,CV.CVV,N,23.45,1.388,4.37,4,1.8
noite,night,6.28,1.02,5.55,1.89,6.51,0.67,5,2,CVV.CV,N,372.796,2.573,5.572,2,1.8
noiva,bride,6.59,0.86,5.93,1.18,3.23,1.11,5,2,CVV.CV,"N,V",7.147,0.911,3.854,2,1.65
nome,name,4.21,2.23,4.27,2.11,6.22,0.96,4,2,CV.CV,N,313.503,2.498,5.496,10,1.45
nomeação,nomination,3.13,1.59,3.19,1.75,3.72,1.39,8,4,CV.CV.V.CVV,N,33.142,1.533,4.52,1,2.55
norma,norm,2.77,1.6,3.85,1.93,4.84,1.56,5,2,CVC.CV,N,18.305,1.286,4.263,2,1.7
normal,normal,3.03,1.71,3.23,1.98,6.32,1.09,6,2,CVC.CVC,"ADJ,N",61.077,1.793,4.786,2,1.8
norte,north,4.68,2.09,4.78,1.76,5.14,1.47,5,2,CVC.CV,"ADJ,N",144.391,2.163,5.16,8,1.5
nota,note,5.5,1.81,5.05,1.89,6.26,0.9,4,2,CV.CV,"N,V",84.57,1.932,4.927,19,1
notável,remarkable,3.25,1.74,3.36,1.72,3.96,1.24,7,3,CV.CV.CVC,ADJ,26.225,1.435,4.419,2,1.95
notícia,news,5.03,1.76,4.78,1.9,6.63,0.78,7,3,CV.CV.CVV,N,80.447,1.911,4.906,1,2.4
novela,soap opera,5.14,1.75,4.93,1.75,5.41,1.37,6,3,CV.CV.CV,N,11.461,1.096,4.059,4,1.65
novo,new,4.05,2,3.17,1.92,5.82,1.15,4,2,CV.CV,"ADJ,N",619.926,2.793,5.792,10,1.35
nu,naked,5.9,1.41,6.4,0.74,4.52,1.56,2,1,CV,"ADJ,N",10.855,1.074,4.036,7,1.45
nublado,overcast,5.19,1.75,4.58,1.77,4.98,1.3,7,3,CV.CCV.CV,"ADJ,V",1.226,0.348,3.089,1,1.95
nuclear,nuclear,4.08,1.92,4.21,1.71,3.07,1.35,7,3,CV.CCV.VC,ADJ,32.532,1.526,4.512,0,2.75
núcleo,nucleus,3.97,1.92,3.96,1.73,3.68,1.38,6,2,CV.CCVV,N,45.282,1.665,4.656,0,2.85
nulo,null,2.94,2.06,3.28,2.09,4.25,1.64,4,2,CV.CV,ADJ,8.061,0.957,3.906,6,1.55
numerário,cash,3.51,1.81,4.29,1.89,3.79,1.77,9,4,CV.CV.CV.CVV,"ADJ,N",1.217,0.346,3.085,0,2.8
número,number,5.58,1.9,5.17,2.08,6.6,0.68,6,3,CV.CV.CV,N,397.364,2.6,5.599,2,1.95
numeroso,numerous,4.33,1.97,4.1,1.8,3.95,1.66,8,4,CV.CV.CV.CV,ADJ,3.508,0.654,3.545,1,2.3
nupcial,nuptial,4.13,1.66,3.64,1.78,2.32,0.73,7,3,CVC.CV.VC,ADJ,0.708,0.233,2.85,0,2.9
nuvem,cloud,6.47,1.02,5.71,1.57,5.19,1.38,5,2,CV.CVC,N,7.45,0.927,3.872,1,1.95
obediência,obedience,3.47,1.79,3.27,1.95,3.98,1.45,10,5,V.CV.CV.VC.CVV,N,5.52,0.814,3.742,0,3.55
obesidade,obesity,5.57,1.32,5.25,1.44,4.3,1.44,9,5,V.CV.CV.CV.CV,N,1.866,0.457,3.271,0,2.8
obeso,obese,6.02,1.22,5.64,1.58,4.09,1.45,5,3,V.CV.CV,"ADJ,N",0.425,0.154,2.628,1,1.9
objectivo,objective,3.58,1.81,3.2,1.94,5.72,1.24,9,4,VC.CVC.CV.CV,"ADJ,N,V",231.082,2.366,5.364,2,2.1
objecto,object,5.02,1.75,4.93,2.01,5.42,1.43,7,3,VC.CVC.CV,"N,V",72.313,1.865,4.859,2,1.9
obra,work,5.11,1.78,5.39,1.42,4.61,1.26,4,2,V.CCV,"N,V",272.578,2.437,5.436,3,1.5
obsceno,obscene,3.44,1.75,3.24,1.77,3.11,1.34,7,3,VCC.CV.CV,ADJ,1.3,0.362,3.114,1,2.65
obscuro,obscure,3.92,1.93,2.9,1.76,3.29,1.14,7,3,VCC.CV.CV,ADJ,3.83,0.684,3.583,1,2.55
observação,observation,3.34,1.85,3.46,1.79,5.16,1.25,10,4,VC.CVC.CV.CVV,N,24.847,1.412,4.395,1,2.75
observador,observer,3.67,1.87,4.21,1.7,4.59,1.26,10,4,VC.CVC.CV.CVC,N,8.29,0.968,3.919,1,2.3
observável,observable,3.6,1.93,3.19,1.82,4.02,1.52,10,4,VC.CVC.CV.CVC,ADJ,1.407,0.382,3.148,0,3.05
obsessão,obsession,3.21,1.88,2.86,1.81,4.66,1.32,8,3,VC.CVC.CVV,N,7.978,0.953,3.902,0,2.8
obstáculo,obstacle,4.52,1.75,4.81,1.8,4.51,1.54,9,4,VCC.CV.CV.CV,N,14.563,1.192,4.163,0,3.2
óbvio,obvious,2.74,1.75,3.36,2.13,5.8,1.24,5,2,VC.CVV,ADJ,25.277,1.42,4.403,2,1.85
ocasião,occasion,2.89,1.47,3.38,1.8,4.19,1.43,7,4,V.CV.CV.VV,N,61.878,1.799,4.792,0,2.7
ocaso,sunset,2.09,1.26,2.8,1.76,2.7,1.59,5,3,V.CV.CV,N,1.48,0.395,3.17,1,1.8
oceano,ocean,6.36,1.09,5.98,1.39,4.02,1.4,6,4,V.CV.V.CV,N,16.366,1.24,4.214,1,2.15
ocidental,western,3.46,1.86,3.71,1.9,3.27,1.53,9,4,V.CV.CVC.CVC,"ADJ,N",35.209,1.559,4.547,1,2.55
oco,hollow,4,1.98,3.81,1.9,3.24,1.32,3,2,V.CV,"ADJ,N",0.708,0.233,2.85,6,1.3
óculos,glasses,6.46,1.02,6.63,0.86,6.33,0.86,6,3,V.CV.CVC,N,12.091,1.117,4.083,1,1.85
oculto,hidden,3.38,2.1,2.71,1.86,3.24,1.19,6,3,V.CVC.CV,"ADJ,V",3.049,0.607,3.484,2,1.75
ocupação,occupation,3.19,1.89,3.04,1.59,5.05,1.34,8,4,V.CV.CV.CVV,N,46.245,1.674,4.665,2,2.35
ocupado,busy,3.31,1.77,3.41,1.84,6.11,0.98,7,4,V.CV.CV.CV,"ADJ,N,V",21.647,1.355,4.335,2,1.8
ocupante,occupant,3.53,1.84,4.02,1.86,3.69,1.73,8,4,V.CV.CVC.CV,"ADJ,N",3.791,0.68,3.579,1,2.65
ódio,hatred,3.76,1.92,2.97,2.01,4.38,1.46,4,2,V.CVV,N,16.166,1.235,4.209,3,1.65
ofegante,panting,3.9,1.88,3.44,1.6,3.4,1.34,8,4,V.CV.CVC.CV,ADJ,0.811,0.258,2.909,0,2.5
ofensivo,offensive,3.32,1.72,3.31,1.75,4.16,1.28,8,4,V.CVC.CV.CV,ADJ,7.416,0.925,3.87,1,2.55
oferta,offer,4.32,1.71,3.67,1.77,4.84,1.41,6,3,V.CVC.CV,"N,V",60.744,1.791,4.784,2,1.7
oficial,official,3.98,2.05,4.09,1.7,4.59,1.51,7,4,V.CV.CV.VC,"ADJ,N",139.995,2.149,5.146,4,1.7
oficina,workshop,5.53,1.61,5.81,1.41,3.95,1.33,7,4,V.CV.CV.CV,N,9.307,1.013,3.969,0,1.85
ofício,craft,3.48,1.78,3.78,1.7,3.38,1.04,6,3,V.CV.CVV,N,13.728,1.168,4.138,2,2.2
oficioso,unofficial,2.43,1.22,3.55,1.75,2.64,1.38,8,5,V.CV.CV.V.CV,ADJ,2.062,0.486,3.314,1,2.3
óleo,oil,5.37,1.92,6.33,0.89,5.02,1.41,4,2,V.CVV,N,11.305,1.09,4.053,0,1.95
olho,eye,6.28,1.28,6.59,0.81,5.5,1.25,4,2,V.CCV,"N,V",19.585,1.314,4.292,4,1.35
ombro,shoulder,6.05,1.5,6.69,0.54,4.84,1.44,5,2,VC.CCV,N,9.697,1.029,3.987,0,1.85
onça,ounce,3.91,2.2,5.47,1.88,2.33,1.05,4,2,VC.CV,"ADJ,N",0.982,0.297,2.992,4,1.75
onda,wave,5.75,1.56,5.59,1.44,4.21,1.53,4,2,VC.CV,N,32.053,1.519,4.506,5,1.45
ondulante,wavy,4.47,1.82,3.65,1.81,2.68,1.19,9,4,VC.CV.CVC.CV,ADJ,0.552,0.191,2.742,0,2.7
opção,option,3.33,1.89,3.31,1.91,5.6,1.27,5,2,VC.CVV,N,71.385,1.86,4.854,0,2
operador,operator,3.93,1.78,5.03,1.4,3.67,1.3,8,4,V.CV.CV.CVC,N,16.776,1.25,4.225,1,1.85
opinião,opinion,3.15,1.91,3.33,2.13,5.98,1.17,7,4,V.CV.CV.VV,N,210.954,2.326,5.324,0,2.75
oportunidade,chance,3.61,1.91,3.48,1.8,5.41,1.1,12,6,V.CVC.CV.CV.CV.CV,N,107.673,2.036,5.032,0,3.65
oposição,opposition,3.16,1.83,3.12,1.65,4.8,1.42,8,4,V.CV.CV.CVV,N,178.643,2.254,5.252,1,2.45
opositor,opponent,3.14,1.88,3.6,1.83,3.57,1.63,8,4,V.CV.CV.CVC,"ADJ,N",6.908,0.898,3.839,0,2.45
oposto,opposite,3.06,1.67,3.27,1.86,4.63,1.53,6,3,V.CVC.CV,"ADJ,N,V",14.285,1.184,4.155,2,1.8
óptica,optics,3.89,2.04,3.76,1.71,4.02,1.54,6,3,VC.CV.CV,"ADJ,N",13.625,1.165,4.134,2,1.8
optimismo,optimism,3.33,1.96,3.07,1.72,4.72,1.49,9,4,VC.CV.CVC.CV,N,24.671,1.409,4.392,0,2.8
opulento,opulent,2.94,1.74,2.85,1.72,2.12,1.04,8,4,V.CV.CVC.CV,ADJ,0.313,0.118,2.495,2,2.6
oração,prayer,3.74,1.92,3.57,1.92,4.11,1.53,6,3,V.CV.CVV,N,8.461,0.976,3.927,1,1.85
orador,speaker,4.42,1.98,4.19,1.86,3.11,1.24,6,3,V.CV.CVC,N,7.861,0.948,3.896,0,1.85
orangotango,orangutan,5.68,1.61,6.09,1.5,1.95,0.7,11,5,V.CVC.CV.CVC.CV,N,0.093,0.039,1.968,0,4.65
órbita,orbit,4.25,1.6,4.2,2,2.97,1.28,6,3,VC.CV.CV,N,12.248,1.122,4.088,1,1.9
orçamento,budget,3.58,1.93,4.48,1.73,5.04,1.64,9,4,VC.CV.CVC.CV,"N,V",116.867,2.071,5.068,3,1.8
ordem,order,3.02,1.66,3.57,1.81,5.07,1.27,5,2,VC.CVC,N,204.955,2.314,5.312,5,1.6
ordenado,orderly,4.81,1.91,4.86,1.81,4.72,1.52,8,4,VC.CV.CV.CV,"ADJ,N,V",14.773,1.198,4.17,1,1.75
ordenamento,ordering,3.32,1.97,3.13,1.76,2.98,1.37,11,5,VC.CV.CV.CVC.CV,N,21.237,1.347,4.327,0,2.8
ordinário,ordinary,3.4,1.78,3.12,1.77,3.77,1.34,9,4,VC.CV.CV.CVV,"ADJ,N",2.208,0.506,3.344,1,2.65
orelha,ear,5.54,1.87,6.58,0.82,5.3,1.35,6,3,V.CV.CCV,N,4.529,0.743,3.656,2,1.8
organismo,organism,4.67,1.73,4.79,1.93,4.47,1.39,9,4,VC.CV.CVC.CV,N,60.7,1.79,4.783,0,2.3
organização,organization,3.71,2.01,3.62,1.91,5.02,1.33,11,5,VC.CV.CV.CV.CVV,N,214.496,2.333,5.331,1,2.5
órgão,organ,5.9,1.28,5.69,1.33,4.44,1.36,5,2,VC.CVV,N,62.782,1.805,4.798,1,1.9
orgasmo,orgasm,4.82,1.85,4.6,1.96,4.66,1.56,7,3,VC.CVC.CV,N,1.202,0.343,3.08,0,2.8
orgulho,pride,3.84,1.82,3.07,2.03,5,1.34,7,3,VC.CV.CCV,"N,V",25.096,1.417,4.4,2,1.75
orgulhoso,proud,3.8,1.82,3,1.79,4.93,1.13,9,4,VC.CV.CCV.CV,"ADJ,N",5.589,0.819,3.747,1,2.3
orientação,orientation,3.5,1.91,3.6,1.63,4.36,1.21,10,5,V.CV.VC.CV.CVV,N,36.513,1.574,4.562,1,2.65
orientador,tutor,3.84,1.83,4.32,1.81,3.7,1.53,10,5,V.CV.VC.CV.CVC,"ADJ,N",2.12,0.494,3.326,1,2.15
orifício,orifice,4.4,2.02,5.27,1.55,3,1.18,8,4,V.CV.CV.CVV,N,0.777,0.25,2.89,0,2.75
origem,origin,3.31,1.91,2.86,1.85,4.75,1.35,6,3,V.CV.CVC,N,156.556,2.197,5.195,1,1.95
originário,native,3,1.98,3.17,1.54,3.57,1.49,10,5,V.CV.CV.CV.CVV,ADJ,2.946,0.596,3.469,1,2.55
ornitorrinco,ornithorhyncus,4.57,2.43,5.58,1.94,1.92,0.93,12,5,VC.CV.CVC.CVC.CV,N,0.039,0.017,1.592,0,5.2
orquestra,orchestra,5.38,1.76,5.66,1.42,3.28,1.51,9,3,VC.CVVC.CCV,"N,V",34.784,1.554,4.541,1,2.1
orquídea,orchid,6.58,0.83,6.37,1.09,3.33,1.19,8,3,VC.CVV.CVV,N,0.274,0.105,2.437,0,3.45
osso,bone,5.85,1.67,6.44,0.93,4.43,1.6,4,2,VC.CV,N,6.439,0.872,3.809,3,1.45
ostra,oyster,5.32,1.97,5.79,1.53,2.65,1.02,5,2,VC.CCV,N,0.288,0.11,2.46,1,1.85
ouriço,hedgehog,5.19,2.16,6.42,0.86,2.63,0.91,6,3,VV.CV.CV,N,0.205,0.081,2.312,0,2.1
ouro,gold,6.19,1.3,5.86,1.58,4.07,1.23,4,2,VV.CV,N,72.372,1.866,4.86,13,1
outono,autumn,5.44,1.47,4.78,1.86,3.32,1.27,6,3,VV.CV.CV,N,17.988,1.279,4.255,0,2.2
ouvido,ear canal,6.26,0.95,6.53,0.92,5.25,1.34,6,3,VV.CV.CV,"N,V",34.681,1.552,4.54,3,1.7
oval,oval,4.62,2.14,4.68,1.92,2.89,1.07,4,2,V.CVC,"ADJ,N",1.974,0.473,3.295,5,1.6
ovelha,sheep,6.19,1.37,6.51,1.05,3.83,1.42,6,3,V.CV.CCV,N,3.161,0.619,3.5,1,1.85
ovo,egg,6.12,1.35,6.82,0.39,5.07,1.37,3,2,V.CV,"N,V",7.323,0.92,3.865,6,1.45
pá,shovel,5.43,2.03,6.26,1.29,4.28,2.09,2,1,CV,"INT,N",9.746,1.031,3.989,17,1.05
paciente,patient,4.41,1.99,4.36,1.69,4.96,1.31,8,4,CV.CV.VC.CV,"ADJ,N",7.416,0.925,3.87,0,2.25
pacífico,peaceful,4.23,1.86,3.93,1.74,4.25,1.18,8,4,CV.CV.CV.CV,"ADJ,N",9.639,1.027,3.984,2,2.45
pacote,packet,5.57,1.31,5.61,1.29,5.51,1.3,6,3,CV.CV.CV,N,32.322,1.523,4.51,0,1.95
padeiro,baker,6.17,1.09,6.46,0.79,4.57,1.56,7,3,CV.CVV.CV,N,1.324,0.366,3.122,6,1.55
padrão,pattern,3.87,1.81,3.97,1.85,4.39,1.67,6,2,CV.CCVV,"ADJ,N",12.248,1.122,4.088,3,1.85
padre,priest,5.56,1.94,6.23,1.08,3.79,1.1,5,2,CV.CCV,N,61.16,1.794,4.787,5,1.65
pagamento,payment,4.92,1.87,4.97,1.69,5.68,1.28,9,4,CV.CV.CVC.CV,N,95.689,1.985,4.981,2,1.8
página,page,5.18,1.93,6.05,1.15,6.27,0.73,6,3,CV.CV.CV,N,127.127,2.108,5.104,2,2.05
pai,father,5.62,1.86,6.05,1.53,6.35,1.13,3,1,CVV,N,129.877,2.117,5.114,9,1.3
painel,board,4.79,1.72,5.48,1.47,3.96,1.49,6,2,CVV.CVC,N,18.178,1.283,4.26,0,2
país,country,5.02,1.88,5.73,1.48,5.64,1.31,4,2,CV.VC,N,757.82,2.88,5.88,5,1.75
paisagem,landscape,5.79,1.29,4.81,1.99,4.82,1.55,8,3,CVV.CV.CVC,N,32.248,1.522,4.509,1,2.3
paixão,passion,4.68,2.16,3.31,2.15,5.42,1.48,6,2,CVV.CVV,N,35.214,1.559,4.547,2,1.9
palácio,palace,6.46,0.95,6.31,1.08,3.4,1.27,7,3,CV.CV.CVV,N,30.402,1.497,4.483,1,2.35
palavra,word,4.73,2.08,4.52,1.96,6.51,0.89,7,3,CV.CV.CCV,"INT,N",102.822,2.016,5.012,0,1.85
palco,stage,6.05,1.41,6.26,1.17,3.97,1.23,5,2,CVC.CV,N,87.907,1.949,4.944,8,1.5
palestra,lecture,4.69,1.84,4.46,1.76,4,1.09,8,3,CV.CVC.CCV,"N,V",4.074,0.705,3.61,2,2.05
palhaço,clown,6.13,1.38,6.26,1.01,4.16,1.58,7,3,CV.CCV.CV,N,3.249,0.628,3.512,2,1.85
pálido,pale,4.84,1.86,4.74,1.81,4.07,1.24,6,3,CV.CV.CV,ADJ,3.005,0.603,3.478,5,1.65
palma,palm,5.47,1.79,5.46,1.53,4.07,1.47,5,2,CVC.CV,N,1.202,0.343,3.08,7,1.45
palmada,spanking,4.75,1.94,5.69,1.45,3.84,1.44,7,3,CVC.CV.CV,"N,V",0.777,0.25,2.89,6,1.65
pancada,blow,4.57,1.69,4.83,1.75,4.32,1.34,7,3,CVC.CV.CV,N,5.266,0.797,3.722,1,1.85
panda,panda,5.62,2.03,6.41,0.99,3.39,1.26,5,2,CVC.CV,"ADJ,N",0.269,0.103,2.429,6,1.45
pandeireta,tambourine,5.44,1.87,6.89,0.37,2.67,1.01,10,4,CVC.CVV.CV.CV,N,0.235,0.092,2.37,0,3.45
panela,pot,5.58,2.03,6.59,0.9,5.51,1.44,6,3,CV.CV.CV,N,2.594,0.556,3.414,5,1.65
panfleto,pamphlet,5.6,1.52,6.25,0.98,4.23,1.3,8,3,CVC.CCV.CV,N,3.009,0.603,3.479,0,2.9
pânico,panic,4.81,1.81,2.93,1.71,3.68,1.48,6,3,CV.CV.CV,N,16.547,1.244,4.219,4,1.75
pano,cloth,5.97,1.55,6.12,1.17,5.41,1.38,4,2,CV.CV,"N,V",19.512,1.312,4.29,20,1
panorâmico,panoramic,3.66,1.98,3.38,1.72,3.2,1.08,10,5,CV.CV.CV.CV.CV,ADJ,1.065,0.315,3.027,1,3.45
pântano,marsh,5.35,1.46,5.19,1.87,2.71,1.26,7,3,CVC.CV.CV,N,1.627,0.419,3.211,0,2.45
pantera,panther,5.83,1.49,6.5,0.97,2.8,1,7,3,CVC.CV.CV,N,0.748,0.242,2.874,0,1.9
pão,bread,6.14,1.48,6.55,0.78,6.73,0.45,3,1,CVV,N,28.316,1.467,4.452,10,1.4
papa,pope,5.3,2,5.42,1.82,3.88,1.5,4,2,CV.CV,"N,V",40.641,1.62,4.609,20,1
papagaio,parrot,6.26,1.33,6.57,0.74,3.57,1.61,8,4,CV.CV.CVV.V,N,1.637,0.421,3.214,1,2.55
papaia,papaya,5.82,1.66,5.98,1.6,2.96,1.04,6,3,CV.CVV.V,N,0.151,0.061,2.18,4,1.7
papel,paper,5.67,2.01,6.73,0.62,6.53,0.73,5,2,CV.CVC,N,223.91,2.352,5.35,5,1.7
papeleira,standing desk,4.21,2.06,5.66,1.42,3.38,1.89,9,4,CV.CV.CVV.CV,"ADJ,N",0.782,0.251,2.893,1,2.1
papoila,poppy,5.64,1.9,6.38,1.08,2.57,0.91,7,3,CV.CVV.CV,N,0.528,0.184,2.722,1,2.05
par,pair,4.08,1.9,3.95,1.7,4.89,1.36,3,1,CVC,"ADJ,N",76.124,1.887,4.882,10,1.1
parafuso,screw,6.05,1.31,6.43,1.07,4.03,1.45,8,4,CV.CV.CV.CV,"N,V",0.782,0.251,2.893,1,2.45
paragem,stop,4.75,1.83,5.05,1.77,5.4,1.45,7,3,CV.CV.CVC,N,19.468,1.311,4.289,2,1.85
paraíso,paradise,5.24,1.85,3.12,1.91,3.96,1.39,7,4,CV.CV.V.CV,N,12.502,1.13,4.097,0,2.6
paralelo,parallel,4.79,1.97,4.03,2.03,3.96,1.4,8,4,CV.CV.CV.CV,"ADJ,N",22.116,1.364,4.345,1,2.7
paralisia,paralysis,4.13,1.87,4.74,1.79,3.19,1.13,9,5,CV.CV.CV.CV.V,N,3.996,0.699,3.602,0,2.25
parâmetro,parameter,2.59,1.31,3,1.7,4.08,1.48,9,4,CV.CV.CV.CCV,N,0.997,0.3,2.999,0,2.7
parasita,parasite,4.52,1.97,4.64,1.87,3.27,1.02,8,4,CV.CV.CV.CV,"ADJ,N,V",1.959,0.471,3.292,1,1.95
parcela,parcel,3.19,1.67,4.02,2.06,2.77,1.18,7,3,CVC.CV.CV,N,11.642,1.102,4.066,2,1.75
pardal,sparrow,5.93,1.38,6.58,0.83,2.98,1.11,6,2,CVC.CVC,N,0.791,0.253,2.898,1,1.9
parede,wall,5.69,1.99,6.56,0.68,5.34,1.36,6,3,CV.CV.CV,N,25.057,1.416,4.399,1,1.9
pargo,seabream,3.38,1.92,4.57,1.9,2.08,0.97,5,2,CVC.CV,N,0.362,0.134,2.558,8,1.4
parlamentar,parliamentary,3.74,1.77,3.71,1.92,3.47,1.56,11,4,CVC.CV.CVC.CVC,"ADJ,N",102.954,2.017,5.013,0,2.25
parlamento,parliament,5.08,1.91,4.92,1.71,4.6,1.45,10,4,CVC.CV.CVC.CV,N,133.966,2.13,5.127,1,1.8
paróquia,parish,4.98,1.75,5.03,1.85,3.32,1.36,8,3,CV.CV.CVVV,N,6.971,0.902,3.843,1,2.65
parque,park,6.05,1.18,5.6,1.32,5.05,1.32,6,2,CVC.CVV,N,85.201,1.936,4.93,3,1.65
parte,part,3.24,1.76,3.02,1.61,5.98,1.34,5,2,CVC.CV,"N,V",841.521,2.926,5.925,10,1.25
parteira,midwife,4.53,1.85,5.49,1.45,2.3,1.03,8,3,CVC.CVV.CV,N,0.655,0.219,2.816,5,1.55
participação,participation,3.61,1.84,3.9,2.09,5.54,1.17,12,5,CVC.CV.CV.CV.CVV,N,175.946,2.248,5.245,1,2.8
particular,particular,2.54,1.49,3.34,1.86,4.8,1.34,10,4,CVC.CV.CV.CVC,"ADJ,N",107.204,2.034,5.03,0,2.45
partida,departure,4,1.75,3.63,1.8,4.49,1.4,7,3,CVC.CV.CV,"ADJ,N,V",146.17,2.168,5.165,2,1.75
partido,party,3.82,1.97,3.93,1.88,4.97,1.41,7,3,CVC.CV.CV,"ADJ,N,V",372.166,2.572,5.571,1,1.7
páscoa,Easter,5.8,1.45,4.22,2.13,2.73,1.13,6,2,CVC.CVV,N,0.381,0.14,2.581,0,2.3
passado,past,3.47,1.89,2.77,1.78,5.11,1.27,7,3,CVC.CV.CV,"ADJ,N,V",552.933,2.744,5.743,6,1.4
passageiro,passenger,4.98,1.71,5.76,1.35,4.57,1.59,10,4,CVC.CV.CVV.CV,"ADJ,N",5.779,0.831,3.762,1,2.7
passagem,passage,3.92,1.75,4.25,1.75,4.98,1.31,8,3,CVC.CV.CVC,N,116.789,2.071,5.067,4,1.8
pássaro,bird,6.02,1.49,6.73,0.59,5.05,1.39,7,3,CVC.CV.CV,N,3.972,0.697,3.599,1,2.5
passeio,ride,5.16,1.67,4.93,1.42,5.4,1.12,7,3,CVC.CVV.V,"N,V",25.922,1.43,4.414,3,1.7
passivo,passive,2.37,1.38,3.21,1.78,4,1.36,7,3,CVC.CV.CV,"ADJ,N",14.426,1.188,4.159,3,1.8
passo,step,3.75,1.66,4.53,1.57,5.36,1.5,5,2,CVC.CV,"ADJ,ADV,N,V",94.307,1.979,4.975,8,1.45
pasta,folder,5.52,1.58,5.58,1.4,5.4,1.44,5,2,CVC.CV,"N,V",28.135,1.464,4.449,15,1.05
pastelaria,pastry,6.07,1.12,6.24,0.88,5.58,1.13,10,5,CVC.CV.CV.CV.V,N,2.584,0.554,3.412,0,2.65
pasteleiro,pastrycook,6.19,1.17,6.3,0.83,4.12,1.44,10,4,CVC.CV.CVV.CV,N,0.454,0.163,2.657,1,2.4
pastor,pastor,5.49,1.84,6.07,1.31,3.24,1.02,6,2,CVC.CVC,"ADJ,N",10.337,1.055,4.014,4,1.7
patente,patent,3.16,1.74,3.73,2.01,3.22,1.24,7,3,CV.CVC.CV,"ADJ,N",40.28,1.616,4.605,4,1.7
pateta,goofy,4.49,1.99,3.1,1.84,4.13,1.62,6,3,CV.CV.CV,"ADJ,N",0.977,0.296,2.99,5,1.7
pato,duck,6.14,1.54,6.62,0.77,4.09,1.54,4,2,CV.CV,N,2.907,0.592,3.463,21,1
patrão,employer,4.89,1.78,5.73,1.36,5.02,1.37,6,2,CV.CCVV,N,22.282,1.367,4.348,1,1.95
pátria,homeland,4.46,1.97,3.97,2.05,3.13,1.12,6,2,CV.CCVV,"ADJ,N",25.345,1.421,4.404,2,1.8
património,patrimony,4.34,1.76,4.42,1.78,4.05,1.54,10,4,CV.CCV.CV.CVV,N,82.66,1.923,4.917,1,2.9
patriota,patriot,4.08,1.87,3.65,1.83,2.74,0.95,8,4,CV.CCV.V.CV,"ADJ,N",1.549,0.406,3.19,0,2.65
patriótico,patriotic,3.26,1.7,3.63,1.96,2.93,1.16,10,5,CV.CCV.V.CV.CV,ADJ,1.944,0.469,3.289,1,2.7
patrocínio,sponsorship,4.05,1.76,3.93,1.41,3.79,1.51,10,4,CV.CCV.CV.CVV,N,9.844,1.035,3.993,1,2.7
patrono,patron,3,1.4,3.65,1.59,2.13,1.08,7,3,CV.CCV.CV,N,3.298,0.633,3.518,1,2.1
patrulha,patrol,4.7,1.72,5.17,1.43,3.47,1.27,8,3,CV.CCV.CCV,"N,V",6.19,0.857,3.792,1,1.95
pau,stick,5.6,1.95,6.57,0.78,4.54,1.5,3,1,CVV,N,8.041,0.956,3.905,10,1.4
pausa,pause,3.38,1.97,3.74,1.82,5.96,0.91,5,2,CVV.CV,"N,V",9.145,1.006,3.961,5,1.55
pavão,peacock,5.4,1.86,6.41,1.06,2.45,0.69,5,2,CV.CVV,N,0.601,0.204,2.779,4,1.8
pavilhão,pavilion,5.34,2.02,6.52,0.88,4.25,1.53,8,3,CV.CV.CCVV,N,46.074,1.673,4.664,1,2.8
paz,peace,4.42,2.04,3.11,2.01,4.86,1.34,3,1,CVC,N,196.826,2.296,5.294,6,1.65
pé,foot,5.74,1.93,6.44,1.09,6.4,0.78,2,1,CV,N,89.006,1.954,4.949,8,1.45
peça,piece,5.24,1.65,4.8,1.86,4.86,1.51,4,2,CV.CV,"N,V",94.815,1.981,4.977,14,1.2
pecado,sin,4.02,2.13,2.88,1.84,4.12,1.49,6,3,CV.CV.CV,"N,V",11.945,1.112,4.077,8,1.3
pecaminoso,sinful,3.29,1.67,2.51,1.4,2,0.95,10,5,CV.CV.CV.CV.CV,ADJ,0.195,0.078,2.291,1,3.35
peçonha,venom,3.09,1.74,2.67,1.52,1.69,0.66,7,3,CV.CV.CCV,N,0.303,0.115,2.481,0,2.35
pedaço,piece,4.6,1.79,5.05,1.43,5.07,1.45,6,3,CV.CV.CV,N,7.567,0.933,3.879,1,1.85
pedido,request,3.31,1.57,3.54,1.59,5.36,1.31,6,3,CV.CV.CV,"ADJ,N,V",122.109,2.09,5.087,4,1.55
pedra,stone,6.3,1.11,6.7,0.74,5.07,1.57,5,2,CV.CCV,N,46.987,1.681,4.672,5,1.65
pedrado,stoned,4.57,1.96,3.69,1.98,3.67,1.9,7,3,CV.CCV.CV,"ADJ,N",0.156,0.063,2.194,2,1.85
pedreira,quarry,5.17,1.81,5.69,1.39,2.96,1.09,8,3,CV.CCVV.CV,N,4.177,0.714,3.621,1,1.85
peito,chest,5.72,1.43,5.98,1.08,5.09,1.48,5,2,CVV.CV,"N,V",24.241,1.402,4.385,7,1.2
peixe,fish,6.14,1.38,6.37,0.88,5.59,1.28,5,2,CVV.CV,N,39.185,1.604,4.593,2,1.75
pele,skin,5.97,1.45,6.53,0.73,5.71,1.28,4,2,CV.CV,"N,V",34.114,1.546,4.533,19,1
pelicano,pelican,5.07,1.9,6.09,1.56,2.25,0.9,8,4,CV.CV.CV.CV,N,0.215,0.085,2.332,0,2.5
pelotão,platoon,4.72,1.89,4.93,1.99,2.56,1.25,7,3,CV.CV.CVV,N,17.407,1.265,4.241,0,2.55
pena,feather,4.46,2.15,4.34,2.04,5.03,1.26,4,2,CV.CV,"INT,N,V",120.8,2.086,5.082,16,1
penalidade,penalty,3.81,1.74,4.02,2.05,3.54,1.56,10,5,CV.CV.CV.CV.CV,N,10.162,1.048,4.007,1,2
penca,large nose/cabbage,4.77,2.11,6.31,1.16,2.87,1.22,5,2,CVC.CV,N,0.093,0.039,1.968,8,1.45
penedo,rock,4.84,1.99,5.68,1.88,2.91,1.26,6,3,CV.CV.CV,N,1.046,0.311,3.019,1,1.85
penetrante,piercing,3.69,1.96,3.25,1.59,3.25,1.25,10,4,CV.CV.CCVC.CV,ADJ,1.314,0.364,3.119,1,2.65
pénis,penis,5.85,1.46,6.83,0.38,4.25,1.35,5,2,CV.CVC,N,2.912,0.592,3.464,2,1.9
pensamento,thought,3.89,2.17,2.88,2.04,5.91,1.34,10,4,CVC.CV.CVC.CV,N,35.858,1.567,4.555,0,2.4
pensão,pension,4.45,1.91,4.95,1.71,3.67,1.43,6,2,CVC.CVV,N,12.438,1.128,4.095,2,1.85
pensativo,pensive,3.69,1.77,3.02,1.64,5.11,1.31,9,4,CVC.CV.CV.CV,ADJ,0.928,0.285,2.968,1,2.6
pente,comb,6.17,1.32,6.66,0.64,5.09,1.5,5,2,CVC.CV,N,2.892,0.59,3.461,15,1.05
pepino,cucumber,5.65,1.9,6.69,0.61,4.25,1.47,6,3,CV.CV.CV,N,0.577,0.198,2.761,0,1.95
pepita,nugget,4.74,1.86,4.74,1.8,2.8,1.16,6,3,CV.CV.CV,N,0.142,0.058,2.151,3,1.75
pequeno,small,5.03,1.92,3.95,1.88,6.05,1.09,7,3,CV.CVV.CV,"ADJ,N",114.688,2.063,5.06,2,1.9
pêra,pear,6.12,1.53,6.54,0.83,4.93,1.2,4,2,CV.CV,N,2.057,0.485,3.313,6,1.6
percentagem,percentage,4.13,1.85,3.62,2.01,5.26,1.19,11,4,CVC.CVC.CV.CVC,N,38.638,1.598,4.587,0,3.55
percurso,route,4.5,1.51,4.46,1.77,4.74,1.59,8,3,CVC.CVC.CV,N,73.94,1.875,4.869,0,2.3
perda,loss,3.97,1.96,3.14,1.9,4.72,1.63,5,2,CVC.CV,N,50.583,1.713,4.704,15,1.05
perdão,pardon,3.75,1.84,3.02,1.83,4.34,1.52,6,2,CVC.CVV,"INT,N",14.094,1.179,4.149,4,1.8
perdido,lost,3.98,1.94,3.6,1.63,5.07,1.4,7,3,CVC.CV.CV,"ADJ,V",51.716,1.722,4.714,2,1.8
perdiz,partridge,4.97,2.12,5.77,1.56,2.6,1.06,6,2,CVC.CVC,N,1.373,0.375,3.138,2,1.85
perfeição,perfection,3.21,1.73,3.18,1.95,5.05,1.25,9,3,CVC.CVV.CVV,N,10.474,1.06,4.02,0,2.65
perfeito,perfect,3.03,1.9,2.95,1.95,5.71,1.25,8,3,CVC.CVV.CV,"ADJ,N,V",19.849,1.319,4.298,1,2
perfil,profile,3.44,1.79,3.29,1.77,5.23,1.4,6,2,CVC.CVC,N,25.497,1.423,4.407,3,1.75
perfume,perfume,6,1.14,5.77,1.08,5.34,1.28,7,3,CVC.CV.CV,"N,V",6.561,0.879,3.817,3,1.8
pergunta,question,4.05,2.07,3.42,1.73,6.2,0.98,8,3,CVC.CVC.CV,"N,V",69.988,1.851,4.845,2,1.8
perigo,danger,4.68,1.83,3.76,1.76,4.82,1.23,6,3,CV.CV.CV,"N,V",78.464,1.9,4.895,2,1.75
perigoso,dangerous,4.33,1.91,3.53,1.66,5.11,1.25,8,4,CV.CV.CV.CV,ADJ,21.305,1.348,4.329,1,2.2
período,period,4.06,1.91,3.49,1.94,4.57,1.61,7,4,CV.CV.V.CV,N,236.417,2.376,5.374,0,2.5
periquito,parakeet,6.03,1.54,6.71,0.7,3.23,1.65,9,4,CV.CV.CVV.CV,N,0.171,0.069,2.233,1,2.7
perito,expert,3.8,1.74,3.98,1.69,3.95,1.41,6,3,CV.CV.CV,"ADJ,N",5.989,0.844,3.777,3,1.65
permanência,permanence,2.92,1.94,3.14,1.74,3.98,1.65,11,4,CVC.CV.CVC.CVV,N,22.355,1.368,4.349,0,3.2
perna,leg,5.44,2.14,6.72,0.59,5.42,1.45,5,2,CVC.CV,N,13.957,1.175,4.145,8,1.45
pérola,pearl,5.8,1.59,6.44,0.98,3.47,1.5,6,3,CV.CV.CV,N,2.399,0.531,3.38,1,1.9
persistente,persistent,3.15,1.85,3.12,1.7,4.83,1.31,11,4,CVC.CVC.CVC.CV,ADJ,7.357,0.922,3.867,0,2.75
personagem,character,4.18,1.73,3.96,1.6,4.84,1.5,10,4,CVC.CV.CV.CVC,N,54.183,1.742,4.734,0,3.05
perspectiva,perspective,3.13,1.98,2.95,1.81,4.92,1.29,11,4,CVCC.CVC.CV.CV,"ADJ,N,V",68.072,1.839,4.833,2,1.9
perspicaz,shrewd,3.27,1.98,3.16,1.68,4,1.39,9,3,CVCC.CV.CVC,ADJ,0.777,0.25,2.89,0,3.55
perturbação,disorder,2.89,1.65,2.61,1.54,4.12,1.42,11,4,CVC.CVC.CV.CVV,N,7.709,0.94,3.887,1,2.75
peru,turkey,6.19,1.33,6.49,1.05,4.19,1.23,4,2,CV.CV,N,0.918,0.283,2.963,1,1.75
pervertido,pervert,3.77,1.88,3.17,1.7,3.47,1.49,10,4,CVC.CVC.CV.CV,V,0.283,0.108,2.452,1,2.5
pesadelo,nightmare,4.38,1.84,3.36,1.99,3.68,1.1,8,4,CV.CV.CV.CV,N,11.915,1.111,4.076,0,2.75
pesado,heavy,4.6,1.74,4.34,1.92,5.52,1.19,6,3,CV.CV.CV,"ADJ,N,V",21.256,1.347,4.328,9,1.2
pesaroso,regretful,2.88,1.77,2.37,1.28,1.98,1.1,8,4,CV.CV.CV.CV,ADJ,0.493,0.174,2.693,1,2.4
pesca,fishing,5.64,1.33,5.66,1.21,3.31,1.14,5,2,CVC.CV,"N,V",36.069,1.569,4.557,4,1.55
pescada,hake,5.29,1.91,6.15,0.93,4.3,1.07,7,3,CVC.CV.CV,"N,V",3.014,0.604,3.479,3,1.7
pescador,fisherman,5.85,1.23,5.95,1.11,3.67,1.35,8,3,CVC.CV.CVC,"ADJ,N",7.499,0.929,3.875,1,1.8
pescoço,neck,5.69,2.15,6.54,0.86,5.14,1.48,7,3,CVC.CV.CV,N,14.593,1.193,4.164,0,2.25
peso,weight,4.52,2.12,5.35,1.58,5.56,1.2,4,2,CV.CV,"N,V",98.972,2,4.996,15,1
pesquisa,research,4.08,1.78,3.54,1.92,5.96,1.14,8,3,CVC.CVV.CV,"N,V",38.785,1.6,4.589,2,1.8
pêssego,peach,6.28,1.14,6.56,0.95,4.27,1.39,7,3,CVC.CV.CV,N,0.655,0.219,2.816,0,2.75
pessimismo,gloom,2.98,1.65,2.87,1.68,4.49,1.24,10,4,CVC.CV.CVC.CV,N,8.242,0.966,3.916,0,3.4
péssimo,lousy,3.4,1.92,3.47,2.05,4.79,1.56,7,3,CVC.CV.CV,ADJ,5.037,0.781,3.702,1,2.55
pessoa,person,6.28,1.04,6.02,1.33,6.69,0.64,6,3,CVC.CV.V,N,121.968,2.09,5.086,1,1.85
pessoal,personal,4.2,2.1,3.71,1.84,6.2,0.96,7,3,CVC.CV.VC,"ADJ,N",143.781,2.161,5.158,1,2.35
peste,pest,3.87,2.01,3.51,1.62,3.53,1.78,5,2,CVC.CV,N,5.55,0.816,3.744,10,1.3
pétala,petal,6.12,1.23,6.13,1.07,3.5,1.21,6,3,CV.CV.CV,N,0.166,0.067,2.22,0,2.15
petardo,petard,4.73,1.91,4.61,2.21,2.36,1.21,7,3,CV.CVC.CV,N,0.254,0.098,2.405,2,1.85
petição,petition,3.45,1.71,3.57,2.06,3.39,1.45,7,3,CV.CV.CVV,N,10.919,1.076,4.038,0,2
petróleo,kerosene,5.64,1.46,6.16,1.22,4.18,1.3,8,3,CV.CCV.CVV,N,37.309,1.583,4.572,0,3.45
piada,joke,4.44,2.05,3.76,1.86,6.23,0.95,5,3,CV.V.CV,"N,V",6.419,0.87,3.808,5,1.35
piano,piano,6.7,0.65,6.75,0.62,3.51,1.49,5,3,CV.V.CV,"ADV,N",33.738,1.541,4.528,3,1.65
pico,peak,5.33,1.81,4.83,1.91,3.95,1.47,4,2,CV.CV,"N,V",8.119,0.96,3.91,15,1
piedade,pity,3.62,1.81,2.97,1.56,3.4,1.13,7,4,CV.V.CV.CV,N,6.512,0.876,3.814,1,2.5
pigmeu,pygmy,4.05,2.04,4.52,2.05,2,0.66,6,2,CVC.CVV,"ADJ,N",0.171,0.069,2.233,0,2.85
pijama,pajama,5.78,1.67,6.86,0.35,5.95,1.23,6,3,CV.CV.CV,N,1.177,0.338,3.071,0,1.95
pila,dick,5.58,1.85,5.96,1.24,4.03,1.8,4,2,CV.CV,V,0.049,0.021,1.689,18,1
pilha,pile,5.55,1.95,6.2,1.23,4.1,1.31,5,2,CV.CCV,"N,V",1.773,0.443,3.249,9,1.3
piloto,pilot,5.47,1.89,5.98,1.14,3.77,1.41,6,3,CV.CV.CV,"ADJ,N,V",44.051,1.654,4.644,4,1.7
pimenta,pepper,5.91,1.37,6.2,1.24,4.65,1.4,7,3,CV.CVC.CV,N,8.628,0.984,3.936,2,1.75
pimento,green pepper,6.35,1.15,6.81,0.48,4,1.24,7,3,CV.CVC.CV,N,0.796,0.254,2.901,2,1.75
pincel,paintbrush,5.86,1.58,6.4,1.12,4.07,1.55,6,2,CVC.CVC,N,1.656,0.424,3.219,0,1.9
pinguim,penguin,6.53,1.01,6.59,0.85,2.91,1.2,7,2,CVC.CVVC,N,0.239,0.093,2.379,0,2.55
pinhal,pinewood,5.56,1.85,6.25,1.04,3.12,1.21,6,2,CV.CCVC,N,7.123,0.91,3.853,5,1.7
pinheiro,pine,6.19,1.36,6.8,0.45,4,1.53,8,3,CV.CCVV.CV,N,5.012,0.779,3.7,2,1.85
pinta,dot,4.97,1.96,4.57,2.01,3.98,1.04,5,2,CVC.CV,"N,V",3.268,0.63,3.514,13,1.15
pintainho,chick,5.93,1.5,6.51,0.91,2.94,0.98,9,4,CVC.CV.V.CCV,N,0.083,0.035,1.92,1,2.35
pintassilgo,goldfinch,4.59,2.26,6.25,1.22,2.09,0.75,11,4,CVC.CVC.CVC.CV,N,0.235,0.092,2.37,0,4.45
pintor,painter,5.44,1.87,6.13,1.15,3.64,1.45,6,2,CVC.CVC,N,26.239,1.435,4.419,3,1.75
pintura,painting,6.05,1.09,5.54,1.39,4.16,1.4,7,3,CVC.CV.CV,N,59.694,1.783,4.776,4,1.7
piolho,louse,5.48,1.98,6.22,1.37,3,1.28,6,3,CV.V.CCV,N,0.293,0.112,2.467,1,1.85
pior,worse,3.21,1.85,2.21,1.29,5.7,1.43,4,2,CV.VC,"ADJ,ADV,N",93.921,1.977,4.973,3,1.6
piquete,picket,3.63,1.92,4.66,1.81,2.02,1.06,7,3,CV.CVV.CV,N,2.721,0.571,3.435,1,1.9
pirâmide,pyramid,5.9,1.48,6.4,0.99,3.24,1.09,8,4,CV.CV.CV.CV,N,4.045,0.703,3.607,0,3.1
piranha,piranha,5.1,2.03,6.19,1.26,2.54,1.01,7,3,CV.CV.CCV,N,0.254,0.098,2.405,1,1.9
pirata,pirate,6.02,1.44,5.39,1.94,3.3,1.51,6,3,CV.CV.CV,"ADJ,N",3.303,0.634,3.519,2,1.8
piscina,swimmingpool,6.34,1.21,6.53,0.68,3.81,1.05,7,3,CVC.CV.CV,N,18.652,1.293,4.271,0,2.3
piso,tread,4.22,1.77,5.32,1.44,4.74,1.33,4,2,CV.CV,"N,V",21.833,1.359,4.339,16,1
pista,clue,4.77,1.85,4.31,1.79,4.26,1.6,5,2,CVC.CV,N,49.283,1.701,4.693,11,1.25
pistola,pistol,6.08,1.42,6.65,0.59,3.52,1.6,7,3,CVC.CV.CV,N,14.163,1.181,4.151,0,1.9
planeta,planet,5.82,1.5,6.4,0.93,4.09,1.39,7,3,CCV.CV.CV,N,30.294,1.496,4.481,1,1.85
planície,plain,5.51,1.53,5.63,1.51,2.85,0.93,8,3,CCV.CV.CVV,N,4.543,0.744,3.657,0,2.85
plano,plan,3.84,2.08,3.52,1.57,5.25,1.35,5,2,CCV.CV,"ADJ,N,V",217.96,2.34,5.338,5,1.5
planta,plant,6.17,1.2,6.32,0.91,5.25,1.43,6,2,CCVC.CV,"N,V",7.738,0.941,3.889,2,1.6
plantação,plantation,5.48,1.52,5.54,1.38,3.81,1.52,9,3,CCVC.CV.CVV,N,4.255,0.721,3.629,1,2.55
plasma,plasma,5.77,1.57,5.63,1.57,3.81,1.59,6,2,CCVC.CV,"N,V",2.316,0.521,3.365,1,1.75
plástico,plastic,5.56,1.83,6.34,0.9,5.11,1.45,8,3,CCVC.CV.CV,"ADJ,N",20.773,1.338,4.318,2,2.2
plateia,audience,5.68,1.29,5.39,1.37,3.67,1.24,7,3,CCV.CVV.V,N,16.263,1.237,4.211,2,1.85
plenário,plenary,2.73,1.37,3.63,2.25,2.04,0.95,8,3,CCV.CV.CVV,"ADJ,N",32.732,1.528,4.515,1,2.45
pleno,full,3.02,1.88,2.76,1.58,3.98,1.66,5,2,CCV.CV,"ADJ,N",36.318,1.572,4.56,3,1.75
plural,plural,3.37,2.13,3.78,1.95,4.27,1.55,6,2,CCV.CVC,"ADJ,N",4.045,0.703,3.607,0,2
pneu,tire,6.39,1.05,6.7,0.71,4.21,1.36,4,1,CCVV,N,2.721,0.571,3.435,0,1.95
pó,powder,5.44,1.96,5.91,1.08,5.07,1.27,2,1,CV,N,15.535,1.218,4.191,11,1.35
pobre,poor,4.82,2.03,4.51,1.83,5.19,1.34,5,2,CV.CCV,"ADJ,N",40.641,1.62,4.609,5,1.65
pobreza,poverty,4.19,1.91,4.09,1.97,5.28,1.35,7,3,CV.CCV.CV,N,31.921,1.518,4.504,1,2.35
poço,well,6.05,1.08,6.25,1.03,3.18,1.29,4,2,CV.CV,N,7.582,0.934,3.88,12,1.3
poder,power,3.84,1.81,3.05,1.78,5.29,1.35,5,2,CV.CVC,"N,V",433.926,2.638,5.637,7,1.55
poderoso,mighty,3.69,1.89,3.39,1.82,4.65,1.43,8,4,CV.CV.CV.CV,ADJ,16.815,1.251,4.226,1,2
podre,rotten,5.25,1.55,4.8,1.66,4.23,1.34,5,2,CV.CCV,"ADJ,N",3.591,0.662,3.555,2,1.75
poeira,dust,4.49,1.98,5.96,0.97,3.88,1.32,6,3,CV.VV.CV,N,6.967,0.901,3.843,4,1.65
poema,poem,5.3,1.57,4.79,2.01,3.66,1.5,5,3,CV.V.CV,N,17.885,1.276,4.253,3,1.8
poesia,poetry,4.18,2.13,4.44,1.92,3.86,1.39,6,4,CV.V.CV.V,N,45.116,1.664,4.654,1,1.9
poético,poetic,3.83,1.88,3.3,1.58,3.38,1.24,7,4,CV.V.CV.CV,ADJ,5.452,0.81,3.737,1,1.9
polar,polar,4.24,2.06,4.19,1.87,3.47,1.09,5,2,CV.CVC,ADJ,1.959,0.471,3.292,14,1.2
polegada,inch,4.1,2.06,4.77,1.86,2.98,1.13,8,4,CV.CV.CV.CV,N,0.601,0.204,2.779,0,2.05
polegar,thumb,6,1.52,6.5,0.85,4.46,1.6,7,3,CV.CV.CVC,"ADJ,N",1.431,0.386,3.156,0,2
polícia,policeman,6.05,1.29,6.02,1.28,5.04,1.46,7,3,CV.CV.CVV,N,215.229,2.335,5.333,1,1.95
policial,police,5.49,1.26,4.93,1.63,4.04,1.61,8,4,CV.CV.CV.VC,"ADJ,N",39.083,1.603,4.592,3,2
política,politics,4.31,2.02,2.77,1.93,5.69,1.23,8,4,CV.CV.CV.CV,"ADJ,N",701.502,2.847,5.846,1,1.85
político,politician,4.64,1.84,5.59,1.31,5.78,1.15,8,4,CV.CV.CV.CV,"ADJ,N",203.572,2.311,5.309,1,1.8
pólo,pole,4.34,1.91,4.71,1.7,4.25,1.46,4,2,CV.CV,N,19.512,1.312,4.29,4,1.7
poltrona,armchair,5.36,1.82,6.05,1.48,3.33,1.15,8,3,CVC.CCV.CV,N,1.104,0.323,3.043,0,2.85
poluição,pollution,5.46,1.44,4.56,1.8,4.83,1.42,8,4,CV.CV.V.CVV,N,30.641,1.5,4.486,1,2.55
polvo,octopus,6,1.63,6.61,0.71,3.68,1.03,5,2,CVC.CV,N,3.337,0.637,3.523,3,1.75
pomar,orchard,5.21,1.99,6.28,1.06,3.16,1.03,5,2,CV.CVC,N,2.086,0.489,3.319,7,1.65
pomba,dove,6.02,1.53,6.47,0.98,3.55,1.15,5,2,CVC.CV,N,1.793,0.446,3.254,10,1.4
pónei,pony,6.05,1.38,6.45,1.1,3.02,1.09,5,2,CV.CVV,N,0.151,0.061,2.18,2,1.85
ponta,tip,4.65,1.86,4.44,1.88,4.89,1.96,5,2,CVC.CV,N,34.227,1.547,4.534,12,1
pontapé,kick,5.6,1.54,5.88,1.19,4.63,1.28,7,3,CVC.CV.CV,N,11.256,1.088,4.051,0,2.55
ponte,bridge,5.67,1.92,6.46,0.96,4.7,1.41,5,2,CVC.CV,N,89.421,1.956,4.951,10,1.25
ponto,point,5.02,2.22,5.14,1.75,5.55,1.48,5,2,CVC.CV,N,282.979,2.453,5.452,10,1.25
pontuação,score,4.31,1.88,4.6,1.62,4.64,1.32,9,4,CVC.CV.V.CVV,N,4.426,0.735,3.646,1,2.7
pontual,punctual,3.67,1.9,3.95,1.98,5.28,1.24,7,3,CVC.CV.VC,ADJ,7.152,0.911,3.854,2,1.8
popa,stern,3.8,1.97,4.33,2.01,2,1.02,4,2,CV.CV,N,2.506,0.545,3.399,14,1
população,population,4.85,1.81,5.23,1.43,5.07,1.45,9,4,CV.CV.CV.CVV,N,223.627,2.352,5.35,1,2.45
popular,popular,4.1,1.96,3.69,1.81,4.81,1.32,7,3,CV.CV.CVC,"ADJ,N",92.411,1.97,4.966,1,1.95
póquer,poker,5.08,1.77,5.53,1.61,3.82,1.66,6,2,CV.CVVC,N,0.669,0.223,2.826,1,2.15
porcaria,junk,4.87,1.88,4.12,1.92,5.1,1.65,8,4,CVC.CV.CV.V,N,2.785,0.578,3.445,1,1.9
porco,pig,5.68,1.92,6.25,1.43,4.67,1.56,5,2,CVC.CV,"ADJ,N",10.533,1.062,4.023,8,1.45
pormenor,detail,3.03,1.96,3.27,1.78,4.97,1.41,8,3,CVC.CV.CVC,N,29.825,1.489,4.475,0,2.95
porta,door,5.62,2.05,6.67,0.75,6.47,0.89,5,2,CVC.CV,"N,V",118.773,2.078,5.075,15,1
portagem,toll,5.4,1.79,6.11,1.11,4.14,1.46,8,3,CVC.CV.CVC,N,10.772,1.071,4.032,1,1.95
portão,gate,5.08,2.17,6.35,1.08,5.33,1.23,6,2,CVC.CVV,N,5.687,0.825,3.755,3,1.75
porteiro,porter,5.39,1.8,6.27,1.06,3.94,1.28,8,3,CVC.CVV.CV,N,3.215,0.625,3.507,7,1.6
porto,harbour,5.23,1.84,5.11,1.91,4.81,1.71,5,2,CVC.CV,"N,V",51.76,1.722,4.714,13,1.1
português,portuguese,4.51,1.85,4.78,2.17,6.17,1.13,9,3,CVC.CV.CVVC,"ADJ,N",372.723,2.573,5.571,0,3.4
pose,pose,3.84,1.98,3.8,1.98,3.38,1.21,4,2,CV.CV,"N,V",5.794,0.832,3.763,10,1.05
posição,position,3.36,1.87,3.89,1.76,5.38,1.12,7,3,CV.CV.CVV,N,288.094,2.461,5.46,0,1.95
positivo,positive,3.56,1.9,3.17,1.73,5.98,1,8,4,CV.CV.CV.CV,"ADJ,N,V",48.824,1.697,4.689,2,2
possível,possible,3.23,1.86,3.21,1.94,6.15,1.01,8,3,CVC.CV.CVC,"ADJ,N",344.71,2.539,5.538,1,2.75
posto,post,3.78,1.78,3.87,1.75,4.37,1.45,5,2,CVC.CV,"ADJ,N,V",98.059,1.996,4.992,11,1.2
postura,posture,4.27,1.63,3.82,1.67,4.84,1.3,7,3,CVC.CV.CV,N,29.732,1.488,4.473,3,1.7
potência,potency,3.71,1.84,3.6,2.05,4.63,1.29,8,3,CV.CVC.CVV,N,26.713,1.443,4.427,1,2.25
potente,potent,3.67,1.87,3.33,1.68,4.21,1.37,7,3,CV.CVC.CV,ADJ,5.828,0.834,3.766,1,1.85
poupança,savings,4.03,1.82,4.23,1.64,5.46,1.32,8,3,CVV.CVC.CV,N,14.93,1.202,4.174,0,2.55
povo,folk,5.13,1.99,4.95,1.69,4.88,1.73,4,2,CV.CV,N,161.617,2.211,5.209,9,1.2
povoação,village,4.82,2.01,4.76,1.87,3.63,1.58,8,4,CV.CV.V.CVV,N,14.881,1.201,4.173,1,2.55
pradaria,prairie,4.9,1.98,5.15,1.52,2.15,0.91,8,4,CCV.CV.CV.V,N,0.396,0.145,2.597,3,1.75
praia,beach,6.5,0.81,6.44,0.84,4.48,1.44,5,2,CCVV.V,N,64.858,1.819,4.812,8,1.5
prateleira,shelf,5.46,1.83,6.3,1.1,4.78,1.16,10,4,CCV.CV.CVV.CV,N,2.653,0.563,3.424,1,2.7
prática,practice,3.42,1.76,3.67,1.8,5.68,1.33,7,3,CCV.CV.CV,"ADJ,N",135.217,2.134,5.131,2,1.8
prático,practical,3.66,1.91,3.25,1.95,5.68,1.22,7,3,CCV.CV.CV,"ADJ,N",8.584,0.982,3.934,2,1.85
prato,dish,6.1,1.49,6.58,0.8,6.52,0.64,5,2,CCV.CV,N,12.98,1.146,4.113,7,1.4
prazer,pleasure,4.41,2.01,3,1.96,5.28,1.36,6,2,CCV.CVC,"N,V",36.455,1.574,4.562,2,1.85
prazo,deadline,3.74,1.9,4.18,2,5.4,1.29,5,2,CCV.CV,"N,V",185.472,2.271,5.268,5,1.65
precipício,precipice,5.23,1.75,5.04,1.66,3.3,1.19,10,4,CCV.CV.CV.CVV,N,1.602,0.415,3.205,0,3.5
preciso,precise,2.7,1.49,3.24,1.98,5.78,1.21,7,3,CCV.CV.CV,"ADJ,V",174.187,2.244,5.241,3,1.65
preço,price,4.92,1.66,4.56,1.9,6.73,0.53,5,2,CCV.CV,N,132.96,2.127,5.124,5,1.55
prédio,building,5.69,1.91,6.49,0.73,5.4,1.35,6,2,CCV.CVV,N,30.333,1.496,4.482,3,1.8
prefácio,preface,3.49,2.05,3.78,2.01,2.79,1.14,8,3,CCV.CV.CVV,N,5.721,0.827,3.757,1,2.5
prego,nail,5.46,2.12,6.4,0.98,3.59,1.19,5,2,CCV.CV,"N,V",1.72,0.435,3.235,7,1.35
preguiçoso,lazy,4.79,2.08,3.98,1.9,5.18,1.34,10,4,CCV.CVV.CV.CV,"ADJ,N",0.787,0.252,2.896,1,2.6
prejudicial,harmful,3.33,1.76,3.27,1.57,4.38,1.55,11,5,CCV.CV.CV.CV.VC,ADJ,5.428,0.808,3.735,0,2.75
prejuízo,loss,2.92,1.76,3.32,1.57,4.81,1.39,8,4,CCV.CV.V.CV,N,24.099,1.4,4.382,0,3.25
prémio,award,5.15,1.8,4.86,1.97,4.6,1.41,6,2,CCV.CVV,N,69.167,1.846,4.84,4,1.7
prenda,gift,6.14,0.96,5.52,1.57,4.27,1.34,6,2,CCVC.CV,"N,V",6.131,0.853,3.788,5,1.4
preocupação,apprehension,3.65,1.84,3.39,1.84,5.67,1.16,11,5,CCV.V.CV.CV.CVV,N,79.719,1.907,4.902,1,2.55
preocupado,troubled,3.62,1.68,3.26,2.03,5.44,1.4,10,5,CCV.V.CV.CV.CV,"ADJ,N,V",32.688,1.528,4.514,1,1.8
preparação,preparation,3.39,1.71,2.57,1.55,5.07,1.29,10,4,CCV.CV.CV.CVV,N,60.354,1.788,4.781,1,2.4
presença,presence,3.61,1.93,3.65,1.84,5.22,1.41,8,3,CCV.CVC.CV,N,213.749,2.332,5.33,1,2.2
presente,present,4.73,2.15,4.21,2,5.44,1.48,8,3,CCV.CVC.CV,"ADJ,N,V",132.071,2.124,5.121,2,1.7
presidência,presidency,4.29,2.06,4.16,1.78,4.11,1.6,11,4,CCV.CV.CVC.CVV,N,117.649,2.074,5.071,1,2.35
presidente,president,5.25,1.37,5.34,1.87,5.26,1.38,10,4,CCV.CV.CVC.CV,"ADJ,N",973.029,2.989,5.988,2,2.1
preso,stuck,4.57,2.04,4.85,1.65,4.49,1.4,5,2,CCV.CV,"ADJ,N,V",33.211,1.534,4.521,6,1.55
pressa,hurry,3.98,1.94,3.47,1.7,5.84,1.28,6,2,CCVC.CV,N,16.508,1.243,4.218,2,1.7
pressão,pressure,3.61,1.72,3.34,1.78,4.71,1.43,7,2,CCVC.CVV,N,83.789,1.928,4.923,0,1.95
pressuposto,assumption,2.27,1.45,3,1.94,4,1.56,11,4,CCVC.CV.CVC.CV,"N,V",1.871,0.458,3.272,1,2.6
prestação,instalment,3.25,1.75,3.38,1.84,4.1,1.56,9,3,CCVC.CV.CVV,N,37.754,1.588,4.577,1,1.95
prestigiante,prestigious,3.08,1.62,2.53,1.45,3.11,1.14,12,5,CCVC.CV.CV.VC.CV,ADJ,0.748,0.242,2.874,0,2.8
prestígio,prestige,3.75,1.83,2.77,1.5,4.09,1.67,9,3,CCVC.CV.CVV,N,26.747,1.443,4.427,1,2.4
presunçoso,presumptuous,3.34,1.62,3.07,1.47,3.04,1.21,10,4,CCV.CVC.CV.CV,ADJ,0.137,0.056,2.136,1,2.8
preto,black,5.56,1.96,6.05,1.31,5.98,1.22,5,2,CCV.CV,"ADJ,N",25.687,1.426,4.41,7,1.4
prévio,previous,3.11,1.86,2.83,1.78,3.58,1.5,6,2,CCV.CVV,ADJ,13.777,1.17,4.139,4,1.75
primavera,spring,5.15,1.74,4.34,2.16,3.57,1.55,9,4,CCV.CV.CV.CV,N,21.222,1.347,4.327,0,2.65
primitivo,primitive,3.75,1.69,3.14,1.3,2.85,0.99,9,4,CCV.CV.CV.CV,"ADJ,N",3.806,0.682,3.58,1,2.5
principal,main,3.24,1.92,3.02,1.8,5.41,1.21,9,3,CCVC.CV.CVC,"ADJ,N",211.716,2.328,5.326,0,2.6
príncipe,prince,5.73,1.44,5.56,1.57,3.91,1.66,8,3,CCVC.CV.CV,N,21.833,1.359,4.339,0,3.1
princípio,beginning,3.08,1.98,2.85,1.41,5.47,1.39,9,3,CCVC.CV.CVV,N,168.119,2.228,5.226,1,2.75
prioridade,priority,3.37,1.82,3.19,1.91,4.81,1.43,10,5,CCV.V.CV.CV.CV,N,37.358,1.584,4.572,0,2.65
prisão,prison,6.22,1.07,5.69,1.62,3.8,1.37,6,2,CCV.CVV,N,119.046,2.079,5.076,1,1.85
privacidade,privacy,3.31,1.97,3.03,1.78,4.84,1.27,11,5,CCV.CV.CV.CV.CV,N,7.269,0.918,3.862,0,2.85
privado,privy,3.23,1.78,3.93,1.94,4.96,1.29,7,3,CCV.CV.CV,"ADJ,N,V",54.276,1.743,4.735,4,1.7
privatização,privatization,2.85,1.44,3.12,1.77,3.81,1.41,12,5,CCV.CV.CV.CV.CVV,N,52.684,1.73,4.722,0,2.85
privilégio,privilege,3.27,1.94,2.77,1.54,4.28,1.36,10,4,CCV.CV.CV.CVV,N,10.914,1.076,4.038,1,3.1
problema,problem,3.97,1.95,3.29,1.88,5.82,1.32,8,3,CCV.CCV.CV,N,312.457,2.496,5.495,0,2.85
problemático,problematic,3.56,1.69,3.53,1.67,4.04,1.35,12,5,CCV.CCV.CV.CV.CV,ADJ,2.878,0.589,3.459,1,3.35
procedimento,procedure,3.18,1.61,3.47,1.79,5.28,1.35,12,5,CCV.CV.CV.CVC.CV,N,18.32,1.286,4.263,0,3
processo,process,3.03,1.73,2.57,1.52,4.9,1.33,8,3,CCV.CVC.CV,"N,V",494.339,2.695,5.694,3,1.75
procura,search,3.66,1.94,3.09,1.76,5.66,1.12,7,3,CCV.CV.CV,"N,V",147.171,2.171,5.168,3,1.65
prodigioso,prodigious,3.28,1.67,2.62,1.2,2.61,1.03,10,5,CCV.CV.CV.V.CV,ADJ,1.554,0.407,3.191,1,3.15
produção,production,3.63,1.76,3.67,1.42,4.75,1.52,8,3,CCV.CV.CVV,N,212.347,2.329,5.327,0,2.3
produto,product,4.26,1.85,4.77,1.92,5.58,1.17,7,3,CCV.CV.CV,N,75.85,1.886,4.88,1,2.1
proeza,feat,3.37,1.8,2.81,1.48,3.4,1.49,6,3,CCV.V.CV,N,10.191,1.049,4.008,0,1.9
professor,teacher,5.98,1.43,6.32,0.81,6.46,0.93,9,3,CCV.CVC.CVC,N,100.321,2.006,5.001,3,1.75
profissão,profession,4.59,2.01,4.4,2.06,5.18,1.45,9,3,CCV.CVC.CVV,N,36.034,1.569,4.557,2,2.65
profissional,professional,3.85,1.76,3.82,1.84,5.45,1.36,12,5,CCV.CVC.CV.V.CVC,"ADJ,N",107.917,2.037,5.033,0,3.2
profundidade,depth,4.47,1.83,3.53,1.81,4.19,1.54,12,5,CCV.CVC.CV.CV.CV,N,19.097,1.303,4.281,0,3.5
programa,program,4.21,2.07,4.11,1.73,5.57,1.26,8,3,CCV.CCV.CV,"N,V",333.645,2.525,5.523,2,1.8
progresso,progress,3.31,1.86,3.12,1.57,4.78,1.29,9,3,CCV.CCVC.CV,N,28.262,1.466,4.451,1,2.45
proibição,prohibition,3.84,1.76,3.64,1.72,4.56,1.21,9,4,CCV.V.CV.CVV,N,23.968,1.397,4.38,1,2.8
projecto,project,3.89,1.88,3.95,1.96,4.98,1.43,8,3,CCV.CVC.CV,"N,V",448.46,2.653,5.652,3,1.7
promessa,promise,3.95,1.95,2.83,1.85,4.72,1.35,8,3,CCV.CVC.CV,N,37.241,1.583,4.571,2,1.85
promoção,promotion,4.22,1.81,4.23,1.82,4.67,1.14,8,3,CCV.CV.CVV,N,54.037,1.741,4.733,0,2.5
promotor,promoter,3.02,1.76,4.31,1.57,3.02,1.21,8,3,CCV.CV.CVC,"ADJ,N",7.128,0.91,3.853,0,2.45
pronto,ready,3.4,1.95,3.23,1.93,6.38,0.99,6,2,CCVC.CV,"ADJ,INT,N",42.859,1.642,4.632,2,1.7
propaganda,propaganda,4.5,1.77,4.34,1.54,4.06,1.49,10,4,CCV.CV.CVC.CV,N,27.974,1.462,4.447,1,2.25
propenso,prone,2.64,1.77,2.57,1.49,3.38,1.52,8,3,CCV.CVC.CV,ADJ,0.489,0.173,2.689,2,1.85
propina,fee,4.48,2.19,5.29,1.77,4.37,1.38,7,3,CCV.CV.CV,N,4.201,0.716,3.623,1,1.85
proporção,proportion,3.31,1.85,3.12,1.8,4.32,1.18,9,3,CCV.CVC.CVV,N,10.293,1.053,4.013,0,2.8
proporcional,proportional,3.25,1.55,3.14,1.78,4.46,1.32,12,5,CCV.CVC.CV.V.CVC,ADJ,7.377,0.923,3.868,2,2.05
propósito,purpose,2.58,1.53,2.86,1.93,4.65,1.38,9,4,CCV.CV.CV.CV,N,91.683,1.967,4.962,0,2.85
proposta,proposal,3.6,1.96,3.28,1.79,5,1.4,8,3,CCV.CVC.CV,"N,V",265.128,2.425,5.424,1,2.3
propriedade,property,4.03,1.82,4.66,1.73,4.6,1.5,11,5,CCV.CCV.V.CV.CV,N,50.133,1.709,4.7,0,3.3
proprietário,proprietary,4.03,1.86,4.9,1.76,4.3,1.4,12,5,CCV.CCV.V.CV.CVV,"ADJ,N",39.659,1.609,4.598,1,3.3
prosa,prose,3.97,1.99,3.49,1.76,2.58,1.08,5,2,CCV.CV,"N,V",7.68,0.939,3.885,5,1.45
prosperidade,prosperity,2.93,1.65,2.91,1.83,3.36,1.26,12,5,CCVC.CV.CV.CV.CV,N,7.079,0.907,3.85,0,3.55
prostituta,hooker,5.57,1.9,5.55,1.29,3.39,1.11,10,4,CCVC.CV.CV.CV,N,3.776,0.679,3.577,2,2
protecção,protection,3.97,1.97,3.45,1.88,4.81,1.29,9,3,CCV.CVC.CVV,N,79.915,1.908,4.903,1,2.75
protegido,protected,3.9,1.66,3.26,1.75,4.63,1.46,9,4,CCV.CV.CV.CV,"ADJ,N,V",6.869,0.896,3.837,1,2.2
proteína,protein,3.81,2.01,4.59,2.07,4.43,1.41,8,4,CCV.CV.V.CV,N,5.271,0.797,3.722,0,2.55
prova,proof,4.25,2.07,4.47,1.69,4.96,1.18,5,2,CCV.CV,"N,V",233.735,2.371,5.369,6,1.4
provação,ordeal,2.95,1.8,2.64,1.34,2.84,1.39,8,3,CCV.CV.CVV,N,0.811,0.258,2.909,4,1.75
proveito,fruition,3.02,1.64,3.08,1.68,4.29,1.47,8,3,CCV.CVV.CV,N,9.297,1.013,3.968,2,1.75
proveitoso,profitable,3.34,1.8,3.22,1.65,3.79,1.36,10,4,CCV.CVV.CV.CV,ADJ,1.089,0.32,3.037,1,2.5
proveta,beaker,4.67,2.09,5.55,1.88,2.2,0.89,7,3,CCV.CV.CV,N,0.244,0.095,2.388,3,1.75
província,province,3.97,1.83,4.6,1.79,3.47,1.57,9,3,CCV.CVC.CVV,N,45.976,1.672,4.663,0,2.7
provocador,defiant,3.71,1.81,3.39,1.64,4.38,1.34,10,4,CCV.CV.CV.CVC,"ADJ,N",1.69,0.43,3.228,1,2.25
proximidade,proximity,3.28,1.59,3.32,1.47,4.3,1.32,11,5,CCV.CV.CV.CV.CV,N,20.069,1.324,4.303,0,3.45
próximo,close,3.62,1.88,3.43,1.53,5.67,1.1,7,3,CCV.CV.CV,"ADJ,ADV,N",296.839,2.474,5.473,1,2.5
prudente,prudent,2.77,1.45,3.07,1.63,3.96,1.3,8,3,CCV.CVC.CV,ADJ,8.647,0.984,3.937,0,2.4
psicólogo,psychologist,5.16,1.69,5.24,1.76,4.98,1.82,9,4,CCV.CV.CV.CV,N,3.791,0.68,3.579,1,2.6
publicidade,advertisement,5.05,1.82,4.33,1.89,5.66,1.18,11,5,CV.CCV.CV.CV.CV,N,53.114,1.733,4.725,0,2.65
público,public,4.98,1.62,4.62,1.73,5.35,1.4,7,3,CV.CCV.CV,"ADJ,N",842.361,2.926,5.926,2,1.95
pudim,pudding,5.5,2.15,6.54,0.84,3.34,0.98,5,2,CV.CVC,N,1.212,0.345,3.083,0,2
pugilista,boxer,5.17,1.86,5.47,1.82,2.4,1.08,9,4,CV.CV.CVC.CV,"ADJ,N",1.519,0.401,3.182,0,2.8
pulga,flee,5.47,2.16,6.38,0.97,3.05,1.11,5,2,CVC.CV,N,0.523,0.183,2.718,4,1.7
pulmão,lung,6.02,1.38,6.38,1.01,4.25,1.4,6,2,CVC.CVV,N,4.372,0.73,3.641,2,2.1
púlpito,pulpit,3.76,2,4.63,2,1.92,0.88,7,3,CVC.CV.CV,N,1.441,0.388,3.159,1,2.35
pulsação,pulse,4.22,2,4.85,1.84,4.12,1.38,8,3,CVC.CV.CVV,N,0.777,0.25,2.89,0,2.65
pulseira,bracelet,6.31,1.4,6.61,0.7,4.36,1.71,8,3,CVC.CVV.CV,N,1.075,0.317,3.031,0,2.35
pulso,wrist,5.88,1.51,6.21,1.19,4.84,1.41,5,2,CVC.CV,"N,V",6.048,0.848,3.782,2,1.7
punhado,handful,3.69,1.82,4.2,1.7,2.58,1.27,7,3,CV.CCV.CV,N,5.452,0.81,3.737,2,1.85
punhal,dagger,5.15,2.12,5.8,1.49,2.54,1.09,6,2,CV.CCVC,N,1.646,0.423,3.217,3,1.8
punho,fist,5.48,1.91,6.31,0.86,3.84,1.42,5,2,CV.CCV,N,7.216,0.915,3.858,6,1.6
puro,pure,3.21,1.74,2.9,1.99,4.42,1.45,4,2,CV.CV,"ADJ,N",20.577,1.334,4.313,18,1
pus,pus,3.69,2,4.45,2.04,3.95,1.75,3,1,CVC,"N,V",3.83,0.684,3.583,14,1.05
putrefacto,putrid,3.24,2.13,3.54,2.08,1.89,0.89,10,4,CV.CCV.CVC.CV,ADJ,0.176,0.07,2.245,1,3.15
quadra,quatrain,3.64,1.89,4.17,2.21,3.19,1.59,6,2,CVV.CCV,"N,V",5.833,0.835,3.766,2,1.7
quadrado,square,5.9,1.48,6.23,1.3,4.7,1.19,8,3,CVV.CCV.CV,"ADJ,N,V",8.207,0.964,3.914,1,2.05
quadro,painting,6,1.31,6.46,0.89,5.21,1.21,6,2,CVV.CCV,"N,V",137.879,2.143,5.14,3,1.7
qualidade,quality,3.27,1.75,2.98,1.68,5.36,1.18,9,4,CVV.CV.CV.CV,N,217.955,2.34,5.338,1,2.25
quantia,amount,3.98,1.83,4.02,1.98,4.6,1.47,7,3,CVVC.CV.V,N,16,1.23,4.204,0,2.25
quantidade,quantity,3.56,1.97,3.49,1.86,5.56,1.2,10,4,CVVC.CV.CV.CV,N,48.658,1.696,4.687,0,2.85
quartel,barrack,5.27,1.94,5.48,1.58,3.2,1.29,7,2,CVVC.CVC,N,19.6,1.314,4.292,1,2.1
quarto,room,6.16,1.1,5.62,1.51,6.67,0.61,6,2,CVVC.CV,"ADJ,N,QUANT,QUANT",103.179,2.018,5.014,2,1.75
quebra,breaking,3.51,1.75,3.69,1.97,4.18,1.49,6,2,CVV.CCV,"N,V",51.096,1.717,4.708,3,1.65
quebrado,broken,4.36,1.7,4.66,1.68,3.77,1.41,8,3,CVV.CCV.CV,"ADJ,N,V",4.226,0.718,3.626,1,1.8
queda,fall,4.6,1.66,4.21,1.74,4.23,1.12,5,2,CVV.CV,"ADJ,N,V",90.301,1.961,4.956,4,1.6
queijo,cheese,6.41,0.89,6.5,0.85,5.81,1.19,6,2,CVVV.CV,N,11.705,1.104,4.068,2,1.85
queimado,burnt,4.66,1.83,5.09,1.72,3.93,1.34,8,3,CVVV.CV.CV,"ADJ,N,V",3.517,0.655,3.546,2,1.75
queimadura,burn,5.52,1.46,5.6,1.31,3.76,1.5,10,4,CVVV.CV.CV.CV,N,0.391,0.143,2.592,0,2.65
queixa,complaining,3.56,1.69,2.98,1.69,4.65,1.25,6,2,CVVV.CV,"N,V",55.331,1.751,4.743,5,1.5
queixo,chin,5.63,1.97,6.56,0.76,4.19,1.55,6,2,CVVV.CV,"N,V",2.882,0.589,3.46,4,1.7
quente,hot,4.85,2.02,4.74,1.95,6.33,0.98,6,2,CVVC.CV,"ADJ,N",28.325,1.467,4.452,2,1.8
queque,muffin,6.14,1.34,6.05,1.48,3.89,1.41,6,2,CVV.CVV,N,0.225,0.088,2.352,0,2
querido,darling,3.89,1.85,3.66,1.84,5.12,1.73,7,3,CVV.CV.CV,"ADJ,N,V",9.331,1.014,3.97,1,1.9
questão,issue,3.74,1.91,3.69,1.88,5.68,1.24,7,2,CVVC.CVV,N,370.666,2.57,5.569,0,2.4
quieto,still,3.98,1.86,3.66,1.66,5.26,1.63,6,3,CVV.V.CV,"ADJ,V",1.94,0.468,3.288,4,1.65
quilate,carat,3.52,2.05,4.35,2.12,2.17,1.09,7,3,CVV.CV.CV,N,0.557,0.192,2.746,0,2.6
quilómetro,kilometer,4,1.9,4.9,2.09,5.32,1.27,10,4,CVV.CV.CV.CCV,N,12.927,1.144,4.112,1,3.5
químico,chemical,3.93,1.69,4.17,1.86,3.54,1.48,7,3,CVV.CV.CV,"ADJ,N",6.102,0.851,3.786,1,2.45
quinta,farm,5,1.87,5.37,1.41,4.93,1.49,6,2,CVVC.CV,"ADJ,N,QUANT,QUANT,V",45.194,1.665,4.655,5,1.45
rã,frog,6.15,1.41,6.44,0.98,2.98,1.1,2,1,CV,N,1.192,0.341,3.076,10,1.35
rabanete,radish,4.76,2.16,6.28,1.31,2.2,0.85,8,4,CV.CV.CV.CV,N,0.083,0.035,1.92,0,2.7
rabo,butt,5.55,1.88,6.53,0.86,5.25,1.3,4,2,CV.CV,N,4.91,0.772,3.691,12,1.25
raça,race,4.15,2.07,4.28,1.87,4.05,1.38,4,2,CV.CV,N,16.727,1.249,4.223,17,1
raciocínio,reasoning,3.65,1.94,2.86,1.8,5.16,1.55,10,5,CV.CV.V.CV.CVV,N,8.545,0.98,3.932,0,3.15
racional,rational,2.87,1.81,3.14,1.93,4.54,1.54,8,4,CV.CV.V.CVC,"ADJ,N",8.344,0.971,3.921,3,1.75
racismo,racism,4.37,1.98,3.56,2.09,4.19,1.56,7,3,CV.CVC.CV,N,20.401,1.33,4.31,0,1.95
racista,racist,3.98,1.95,4.16,1.87,3.92,1.45,7,3,CV.CVC.CV,"ADJ,N",7.514,0.93,3.876,0,1.85
radiação,radiation,3.95,1.73,3.45,1.98,3.54,1.56,8,4,CV.CV.V.CVV,N,6.038,0.848,3.781,0,2
radiador,radiator,4.36,2.17,5.79,1.51,3.32,1.31,8,4,CV.CV.V.CVC,N,0.362,0.134,2.558,1,1.9
radiante,radiant,4.29,1.84,3.5,1.74,4.02,1.42,8,4,CV.CV.VC.CV,ADJ,2.531,0.548,3.403,0,1.9
radical,radical,4.07,1.87,3.3,1.76,4.39,1.62,7,3,CV.CV.CVC,"ADJ,N",30.367,1.497,4.482,3,1.75
rádio,radio,6.6,0.73,6.48,0.87,5.45,1.27,5,2,CV.CVV,N,80.467,1.911,4.906,3,1.8
raia,ray,5.3,2.06,5.98,1.54,2.61,1.03,4,2,CVV.V,"N,V",2.496,0.544,3.397,20,1
rainha,queen,6.17,1.08,5.72,1.35,3.77,1.33,6,3,CV.V.CCV,N,26.058,1.432,4.416,3,1.6
raio,ray,5.61,1.69,5.33,1.49,3.79,1.42,4,2,CVV.V,"N,V",10.982,1.079,4.041,17,1
raiva,rabies,4.44,1.69,3.27,1.77,4.66,1.32,5,2,CVV.CV,N,8.877,0.995,3.948,1,1.7
raiz,root,5.11,1.86,5.72,1.41,4.08,1.28,4,2,CV.VC,N,17.441,1.266,4.242,3,1.85
rameira,whore,4.77,2.02,4.62,2.17,2.19,1.09,7,3,CV.CVV.CV,N,0.049,0.021,1.689,4,1.75
ramo,branch,5.69,1.42,6.24,1.04,4.26,1.53,4,2,CV.CV,N,23.499,1.389,4.371,14,1.05
rançoso,rancid,3.42,1.88,3.64,1.84,2.72,1.23,7,3,CVC.CV.CV,ADJ,0.142,0.058,2.151,2,1.8
rapariga,girl,6.12,1.45,6.33,0.98,6.21,1,8,4,CV.CV.CV.CV,N,22.878,1.378,4.359,1,2.1
rapaz,boy,6,1.47,6.47,0.74,5.88,1.12,5,2,CV.CVC,N,33.758,1.541,4.528,4,1.75
rapidez,quickness,4.1,2.1,2.98,1.82,5.23,1.39,7,3,CV.CV.CVC,N,15.404,1.215,4.188,1,2.15
rápido,quick,3.53,2.05,3.7,1.98,6.2,0.92,6,3,CV.CV.CV,"ADJ,ADV,N",42.893,1.642,4.632,3,1.8
raposa,fox,5.97,1.51,6.68,0.66,3.2,1.3,6,3,CV.CV.CV,N,2.521,0.547,3.402,2,1.85
rapto,abduction,4.4,1.88,4.47,1.93,3.2,1.22,5,2,CVC.CV,"N,V",7.69,0.939,3.886,4,1.5
raquete,racquet,6.03,1.3,6.42,1.15,2.96,1.01,7,3,CV.CVV.CV,N,0.195,0.078,2.291,4,1.7
raro,rare,3.16,2,2.64,1.81,5.43,1.29,4,2,CV.CV,"ADJ,ADV,N",15.506,1.218,4.191,14,1.2
raso,shallow,3.95,1.93,4.05,1.75,3.07,1.07,4,2,CV.CV,"ADJ,V",1.006,0.302,3.003,13,1
rasto,track,4.11,1.73,3.64,1.7,3.19,1.1,5,2,CVC.CV,N,8.496,0.978,3.929,14,1.1
rato,mouse,6.1,1.5,6.64,0.75,4.82,1.59,4,2,CV.CV,N,10.587,1.064,4.025,20,1
razão,reason,2.92,1.74,2.71,1.86,5.88,1.21,5,2,CV.CVV,N,173.928,2.243,5.24,9,1.55
razoável,reasonable,2.77,1.79,3.36,1.59,4.77,1.38,8,4,CV.CV.V.CVC,ADJ,22.639,1.374,4.355,0,2.85
reacção,reaction,3.44,1.83,3.18,1.84,5,1.44,7,3,CV.VC.CVV,N,53.016,1.733,4.724,0,1.95
real,actual,3.02,1.91,3.69,2.13,5.17,1.35,4,2,CV.VC,"ADJ,N",108.01,2.038,5.034,2,1.8
realidade,reality,3.65,1.72,2.46,1.4,5.88,1.27,9,5,CV.V.CV.CV.CV,N,144.782,2.164,5.161,0,1.95
realista,realistic,3.19,1.77,3.17,1.71,5.05,1.46,8,4,CV.V.CVC.CV,"ADJ,N",12.389,1.127,4.093,1,1.85
realização,accomplishment,3.26,1.92,3.53,1.84,4.79,1.29,10,5,CV.V.CV.CV.CVV,N,145.911,2.167,5.164,1,2.05
realizador,director,4.66,1.83,5.12,1.61,4.1,1.6,10,5,CV.V.CV.CV.CVC,"ADJ,N",46.284,1.675,4.665,1,2.05
rebelde,rebel,4.24,1.86,4.11,2.08,4.4,1.39,7,3,CV.CVC.CV,"ADJ,N",9.355,1.015,3.971,0,1.9
reboque,trailer,5.29,1.9,6.35,0.92,3.23,1.17,7,3,CV.CV.CVV,"N,V",4.109,0.708,3.614,2,1.8
rebuçado,candy,6.02,1.4,6.51,0.81,4.91,1.42,8,4,CV.CV.CV.CV,N,0.645,0.216,2.81,1,1.9
rebuliço,stir,3.54,1.66,3.51,1.49,2.7,1.2,8,4,CV.CV.CV.CV,N,0.396,0.145,2.597,1,2.55
recado,errand,4.15,2.06,4.38,1.88,4.8,1.55,6,3,CV.CV.CV,N,10.513,1.061,4.022,8,1.4
receio,worry,3.14,1.76,2.68,1.27,4.55,1.16,6,3,CV.CVV.V,"N,V",26.923,1.446,4.43,6,1.5
receita,recipe,5.03,1.92,4.81,1.64,4.84,1.18,7,3,CV.CVV.CV,"N,V",28.614,1.472,4.457,5,1.5
recente,recent,2.85,1.76,3.41,1.78,5.12,1.3,7,3,CV.CVC.CV,ADJ,113.208,2.058,5.054,9,1.45
receoso,afraid,2.84,1.38,2.47,1.26,3.81,1.33,7,4,CV.CV.V.CV,ADJ,1.319,0.365,3.12,2,1.85
receptivo,receptive,2.98,1.66,2.85,1.74,4.28,1.5,9,4,CV.CVC.CV.CV,ADJ,2.106,0.492,3.323,2,2.25
rechonchudo,chubby,5.08,1.74,5.03,1.71,3.42,1.52,11,4,CV.CCVC.CCV.CV,ADJ,0.127,0.052,2.104,1,3.85
recife,reef,5,1.91,5.2,1.77,2.29,0.82,6,3,CV.CV.CV,N,0.362,0.134,2.558,1,1.9
recinto,precinct,5.08,1.89,5.31,1.79,4.02,1.51,7,3,CV.CVC.CV,N,31.545,1.513,4.499,3,1.75
recipiente,recipient,5.56,1.38,5.93,1.41,4.47,1.43,10,5,CV.CV.CV.VC.CV,"ADJ,N",2.067,0.487,3.315,0,2.8
recital,recital,4.43,1.84,4.28,1.52,2.46,1.04,7,3,CV.CV.CVC,N,11.842,1.109,4.073,4,1.7
reclamação,complaint,4.03,1.87,3.54,1.69,4.44,1.29,10,4,CV.CCV.CV.CVV,N,6.62,0.882,3.821,2,2.4
recluso,inmate,5.15,1.68,5.65,1.65,2.83,1.29,7,3,CV.CCV.CV,"ADJ,N",0.835,0.264,2.922,1,1.8
recolha,collecting,3.58,1.84,3.63,1.55,4.71,1.41,7,3,CV.CV.CCV,"N,V",38.233,1.594,4.582,3,1.65
recomendável,recommandable,2.92,1.91,3.05,1.78,4.39,1.52,12,5,CV.CV.CVC.CV.CVC,ADJ,2.472,0.541,3.393,0,3.15
recompensa,reward,4.42,1.63,3.75,1.53,4.49,1.38,10,4,CV.CVC.CVC.CV,"N,V",4.876,0.769,3.688,1,2.05
recordação,remembrance,4.44,1.78,3.09,2.02,4.54,1.41,10,4,CV.CVC.CV.CVV,N,7.157,0.912,3.855,1,2.5
recordações,memories,4.64,2.16,3.6,1.96,4.57,1.39,11,4,CV.CVC.CV.CVVC,N,10.948,1.077,4.039,0,2.65
recreio,playground,5.45,1.64,4.92,1.77,3.25,1.12,7,3,CV.CCVV.V,"N,V",10.069,1.044,4.003,3,1.7
rectangular,rectangular,5.56,1.94,5.63,1.53,4.13,1.31,11,4,CVC.CVC.CV.CVC,ADJ,1.319,0.365,3.12,0,3.65
recuperação,recovery,3.28,1.93,2.88,1.78,4.56,1.43,11,5,CV.CV.CV.CV.CVV,N,113.57,2.059,5.055,1,2.7
recuperável,recoverable,2.62,1.47,3.08,1.73,3.84,1.37,11,5,CV.CV.CV.CV.CVC,ADJ,0.826,0.261,2.917,0,3.05
recurso,resource,3.25,1.71,3.52,1.79,4.5,1.45,7,3,CV.CVC.CV,N,72.386,1.866,4.86,2,1.8
recusa,refusal,2.69,1.34,3.29,1.68,4,1.61,6,3,CV.CV.CV,"N,V",61.653,1.797,4.79,3,1.6
rede,network,5.55,1.64,4.98,1.92,5,1.54,4,2,CV.CV,"N,V",137.987,2.143,5.14,14,1.15
redondo,round,5.79,1.52,5.61,1.54,4.53,1.56,7,3,CV.CVC.CV,"ADJ,N",4.729,0.758,3.675,2,1.85
redução,reduction,3.3,1.71,3.38,1.82,5.18,1.36,7,3,CV.CV.CVV,N,106.418,2.031,5.027,3,1.8
reembolso,refund,3.63,2.1,3.68,1.62,3.93,1.31,9,4,CV.VC.CVC.CV,"N,V",5.77,0.831,3.761,2,2.35
refeito,remade,2.26,1.36,2.92,1.48,2.72,1.36,7,3,CV.CVV.CV,"ADJ,V",1.27,0.356,3.104,4,1.65
refém,hostage,4.69,1.71,5.1,1.63,3.28,0.94,5,2,CV.CVC,N,4.788,0.763,3.68,1,1.9
referendo,referendum,3.28,1.68,3.86,1.81,2.7,1.06,9,4,CV.CV.CVC.CV,"N,V",91.498,1.966,4.961,4,1.65
reflexão,reflection,3.39,1.78,2.68,1.78,4.93,1.41,8,3,CV.CCV.CVV,N,40.866,1.622,4.611,1,2.35
reflexo,reflex,4.49,1.97,4.24,1.92,4.28,1.4,7,3,CV.CCV.CV,N,3.742,0.676,3.573,2,1.95
reforço,reinforcement,3.46,1.94,3.14,1.66,4.4,1.26,7,3,CV.CVC.CV,"N,V",65.864,1.825,4.819,2,1.8
reforma,retirement,3.61,1.73,4.04,2.02,4.62,1.39,7,3,CV.CVC.CV,"N,V",101.806,2.012,5.008,4,1.65
refresco,refreshment,5.15,1.74,5.49,1.44,4.19,1.64,8,3,CV.CCVC.CV,"N,V",0.381,0.14,2.581,1,2.15
refrigerante,soft drink,5.8,1.53,6.18,0.94,4.57,1.65,12,5,CV.CCV.CV.CVC.CV,"ADJ,N",0.596,0.203,2.775,0,3.05
regador,watering can,5.5,1.87,6.43,1.17,3.3,1.35,7,3,CV.CV.CVC,N,0.166,0.067,2.22,7,1.55
regata,regatta,4.36,1.73,4.98,1.73,2.28,1.04,6,3,CV.CV.CV,"N,V",9.732,1.031,3.988,10,1.35
região,region,3.95,2,4.78,1.61,4.6,1.2,6,3,CV.CV.VV,N,295.647,2.472,5.471,2,1.9
regime,regime,3.21,1.88,3.26,1.6,3.93,1.38,6,3,CV.CV.CV,N,184.09,2.267,5.265,1,1.9
regional,regional,3.08,1.66,3.98,1.82,3.82,1.39,8,4,CV.CV.V.CVC,ADJ,102.944,2.017,5.013,0,2.85
registo,registration,3.79,1.79,3.82,1.79,4.89,1.32,7,3,CV.CVC.CV,"N,V",50.524,1.712,4.704,4,1.7
regra,rule,3.11,1.61,3.46,1.96,5.38,1.34,5,2,CV.CCV,"N,V",39.283,1.605,4.594,4,1.55
regresso,comeback,3.38,1.95,3.64,1.79,4.6,1.59,8,3,CV.CCVC.CV,"N,V",114.346,2.062,5.058,2,1.65
régua,ruler,6.4,0.94,6.61,0.74,4.4,1.25,5,2,CV.CVV,N,6.087,0.851,3.784,3,1.7
regulamento,regulation,3.58,1.9,3.76,1.99,4.5,1.36,11,5,CV.CV.CV.CVC.CV,"N,V",32.522,1.525,4.512,2,2.3
rei,king,6.17,1.21,5.84,1.56,3.71,1.52,3,1,CVV,N,64.36,1.815,4.809,8,1.05
reino,kingdom,4.21,1.95,4.07,1.96,2.98,1.25,5,2,CVV.CV,"N,V",23.171,1.383,4.365,3,1.65
reitor,dean,4.5,2.09,5.61,1.44,3.47,1.63,6,2,CVV.CVC,N,21.584,1.354,4.334,2,1.8
relação,relationship,3.93,1.91,3.27,1.99,5.95,0.97,7,3,CV.CV.CVV,N,349.283,2.544,5.543,3,1.7
relâmpago,lightning,6.03,1.32,5.81,1.26,3.27,1.15,9,4,CV.CVC.CV.CV,N,2.418,0.534,3.384,0,3.7
relance,glance,2.29,1.42,2.53,1.25,2.95,1.33,7,3,CV.CVC.CV,"N,V",1.412,0.382,3.15,0,1.85
relato,report,3.46,1.86,3.95,1.86,4.27,1.17,6,3,CV.CV.CV,"N,V",12.99,1.146,4.114,8,1.45
relaxado,relaxed,4.31,1.79,3.18,1.99,4.42,1.21,8,4,CV.CV.CV.CV,"ADJ,V",0.401,0.146,2.603,2,1.75
relevante,relevant,2.65,1.4,3.28,1.53,4.75,1.27,9,4,CV.CV.CVC.CV,ADJ,15.457,1.216,4.189,0,2.4
relevo,relief,3.9,1.78,3.9,1.83,3.39,1.26,6,3,CV.CV.CV,"N,V",19.234,1.306,4.284,3,1.7
religião,religion,4.21,2.07,3.02,1.86,4.43,1.33,8,4,CV.CV.CV.VV,N,30.621,1.5,4.486,0,2.6
relíquia,relic,4.57,1.7,4.33,1.93,3.13,1.18,8,3,CV.CV.CVVV,N,1.754,0.44,3.244,0,2.85
relógio,clock,6.21,1.45,6.72,0.62,5.78,1.42,7,3,CV.CV.CVV,N,15.804,1.225,4.199,0,2.6
relva,grass,5.63,1.88,6.55,0.69,4.53,1.44,5,2,CVC.CV,N,8.906,0.996,3.95,3,1.65
relvado,lawn,5.83,1.57,6,1.31,4.11,1.12,7,3,CVC.CV.CV,"ADJ,N",17.04,1.256,4.232,1,1.85
remate,kick,4.92,2.08,4.45,1.63,4.16,1.56,6,3,CV.CV.CV,"N,V",27.934,1.461,4.446,7,1.45
remédio,remedy,5.05,1.74,5.47,1.45,4.74,1.29,7,3,CV.CV.CVV,N,8.838,0.993,3.946,0,2.45
remendo,patch,4.68,1.85,4.55,1.98,2.96,1.14,7,3,CV.CVC.CV,"N,V",0.503,0.177,2.702,12,1.1
remoto,remote,2.68,1.34,2.63,1.46,3.05,1.23,6,3,CV.CV.CV,ADJ,3.4,0.644,3.532,4,1.7
remuneração,income,4.39,1.94,4.19,1.73,4.11,1.61,11,5,CV.CV.CV.CV.CVV,N,10.675,1.067,4.028,0,2.75
renda,lace,4.56,1.94,4.85,1.69,3.6,1.26,5,2,CVC.CV,"N,V",11.622,1.101,4.065,11,1.2
renovação,renewal,3.24,1.73,3.19,1.62,3.86,1.1,9,4,CV.CV.CV.CVV,N,35.297,1.56,4.548,1,2.35
rentável,profitable,3.1,1.68,3.26,1.61,4.26,1.58,8,3,CVC.CV.CVC,ADJ,6.761,0.89,3.83,1,2.2
repartição,partition,3.44,1.9,3.85,1.81,2.86,1.2,10,4,CV.CVC.CV.CVV,N,11.583,1.1,4.064,1,2.5
repetição,repetition,3.05,1.83,3.42,1.88,5.11,1.33,9,4,CV.CV.CV.CVV,N,16.503,1.243,4.218,1,2.3
repetitivo,repetitive,3.4,1.77,3.95,1.85,4.91,1.3,10,5,CV.CV.CV.CV.CV,ADJ,1.187,0.34,3.075,1,2.75
repleto,replete,3.57,1.91,3.22,1.66,3.77,1.34,7,3,CV.CCV.CV,ADJ,3.542,0.657,3.549,1,1.9
réplica,replica,3.8,1.87,4.07,1.99,3.72,1.56,7,3,CV.CCV.CV,N,7.963,0.953,3.901,1,1.85
repolho,drum-head cabbage,5.65,1.87,6.3,1.18,3.13,1.23,7,3,CV.CV.CCV,N,0.186,0.074,2.269,3,1.8
reportagem,reporting,4.66,1.71,4.54,1.67,4.81,1.44,10,4,CV.CVC.CV.CVC,N,24.261,1.402,4.385,1,2.35
repórter,reporter,5.54,1.41,5.95,1.18,4.12,1.46,8,3,CV.CVC.CVC,N,10.919,1.076,4.038,0,2.45
réptil,reptile,5.92,1.11,6.3,0.84,3.39,1.23,6,2,CVC.CVC,"ADJ,N",0.591,0.202,2.772,0,2.8
repugnante,obnoxious,3.48,1.66,2.88,1.33,3.28,1.19,10,4,CV.CVC.CVC.CV,ADJ,1.646,0.423,3.217,0,2.75
reserva,reserve,3.45,1.7,3.36,1.31,4.41,1.49,7,3,CV.CVC.CV,"N,V",37.861,1.59,4.578,2,1.7
reservado,reserved,3.76,1.91,3.53,1.77,4.3,1.32,9,4,CV.CVC.CV.CV,"ADJ,V",15.912,1.228,4.202,1,1.8
reservatório,reservoir,4.67,1.76,4.88,1.44,2.98,1.04,12,5,CV.CVC.CV.CV.CVV,N,3.454,0.649,3.538,0,3.2
resíduo,residue,4.53,1.88,4.27,1.76,3.86,1.34,7,3,CV.CV.CVV,N,1.07,0.316,3.029,0,2.75
resistente,resistant,3.7,1.51,3.71,1.69,4.44,1.55,10,4,CV.CVC.CVC.CV,"ADJ,N",3.561,0.659,3.552,1,2.3
respectivo,respective,2.41,1.46,2.97,1.76,4.98,1.35,10,4,CVC.CVC.CV.CV,ADJ,31.125,1.507,4.493,1,2.55
respeitador,respectful,3.61,1.79,3.31,1.6,4.56,1.25,11,4,CVC.CVV.CV.CVC,ADJ,0.894,0.277,2.951,1,2
respeitável,respectable,3.37,1.7,3.46,1.88,4.5,1.29,11,4,CVC.CVV.CV.CVC,ADJ,4.348,0.728,3.638,0,2.75
respeito,respect,3.52,2.18,3.15,1.78,5.45,1.23,8,3,CVC.CVV.CV,"N,V",145.339,2.165,5.162,3,1.75
respiração,breathing,4.52,1.86,5.03,1.79,5.52,1.28,10,4,CVC.CV.CV.CVV,N,7.836,0.946,3.894,1,2.5
responsável,responsible,3.59,1.86,3.36,1.93,5.42,1.08,11,4,CVC.CVC.CV.CVC,"ADJ,N",278.225,2.446,5.444,0,3.3
resposta,answer,4.39,1.99,3.98,2.04,6.24,0.84,8,3,CVC.CVC.CV,N,182.101,2.263,5.26,1,1.8
restante,remaining,3.02,1.8,3.02,1.83,4.55,1.41,8,3,CVC.CVC.CV,"ADJ,N",22.634,1.374,4.355,2,1.75
restaurante,restaurant,5.92,1.47,5.92,1.42,5.14,1.26,11,4,CVC.CVV.CVC.CV,N,38.809,1.6,4.589,0,2.75
resto,leftover,2.98,1.88,3.51,1.96,5.25,1.56,5,2,CVC.CV,"N,V",143.331,2.159,5.156,12,1.2
restos,leftovers,4.31,1.79,4.58,1.78,5.02,1.39,6,2,CVC.CVC,N,15.907,1.228,4.202,12,1.3
restrito,restricited,3.28,1.71,3.28,1.68,3.91,1.24,8,3,CVC.CCV.CV,"ADJ,V",8.926,0.997,3.951,2,1.8
resultado,outcome,3.37,1.63,4.1,1.88,5.7,1.21,9,4,CV.CVC.CV.CV,"N,V",203.729,2.311,5.309,1,1.85
resultante,resultant,2.67,1.51,3.03,1.86,4.18,1.36,10,4,CV.CVC.CVC.CV,"ADJ,N",16.781,1.25,4.225,0,2.55
resumo,summary,3.79,1.74,4.51,1.82,5.46,1.23,6,3,CV.CV.CV,"N,V",11.28,1.089,4.052,3,1.75
retirada,retreat,3,1.73,2.75,1.42,3.43,1.19,8,4,CV.CV.CV.CV,"N,V",45.458,1.667,4.658,4,1.75
retorno,return,3.02,1.64,2.78,1.41,4.07,1.28,7,3,CV.CVC.CV,"N,V",13.733,1.168,4.138,2,1.8
retrato,portrait,5.8,1.34,5.21,1.91,3.91,1.41,7,3,CV.CCV.CV,"N,V",25.409,1.422,4.405,3,1.7
reunião,reunion,4.72,1.73,4.53,1.81,5.41,1.12,7,4,CV.V.CV.VV,N,308.109,2.49,5.489,1,2
reversível,reversible,2.75,1.77,3.19,1.68,3.51,1.07,10,4,CV.CVC.CV.CVC,ADJ,0.821,0.26,2.914,1,2.95
revestimento,coating,3.48,1.91,4.33,1.6,3.37,1.22,12,5,CV.CVC.CV.CVC.CV,N,3.18,0.621,3.503,0,2.75
revisão,review,3.11,1.84,3.68,1.71,4.47,1.25,7,3,CV.CV.CVV,N,82.206,1.92,4.915,1,1.9
revista,magazine,5.9,1.57,6.54,0.74,5.14,1.3,7,3,CV.CVC.CV,"N,V",97.16,1.992,4.988,4,1.45
revolta,revolt,4.17,1.77,2.91,1.7,4.26,1.52,7,3,CV.CVC.CV,"ADJ,N,V",27.353,1.453,4.437,3,1.6
revólver,revolver,6.1,1.57,6.32,1.22,3.08,1.39,8,3,CV.CVC.CVC,N,2.672,0.565,3.427,1,2.3
riacho,stream,5.79,1.5,5.77,1.56,2.76,0.96,6,3,CV.V.CCV,N,0.596,0.203,2.775,1,1.85
ribeiro,brook,5.23,1.81,6.04,1.13,3.58,1.58,7,3,CV.CVV.CV,N,1.871,0.458,3.272,1,1.85
rico,rich,5.21,1.7,4.22,1.85,4.91,1.29,4,2,CV.CV,"ADJ,N",19.214,1.306,4.284,14,1
ridículo,ridicule,3.55,1.88,3.08,1.64,4.91,1.35,8,4,CV.CV.CV.CV,"ADJ,N",12.13,1.118,4.084,1,2.8
rígido,rigid,3.33,1.75,4.02,1.88,4.23,1.66,6,3,CV.CV.CV,ADJ,5.017,0.779,3.701,4,1.7
rigoroso,rigorous,3.57,1.96,3.86,1.88,4.48,1.31,8,4,CV.CV.CV.CV,ADJ,12.453,1.129,4.095,2,2.25
rim,kidney,6.07,1.34,6.38,0.89,3.09,1.14,3,1,CVC,N,1.353,0.372,3.131,12,1
rinoceronte,rhinocerous,6.52,0.96,6.78,0.57,2.2,1,11,5,CV.CV.CV.CVC.CV,N,1.031,0.308,3.013,0,4.05
rio,river,6.03,1.38,6.4,0.94,4.74,1.21,3,2,CV.V,"N,V",99.124,2.001,4.996,15,1
riqueza,wealth,4.31,1.8,3.48,1.76,4.86,1.31,7,3,CV.CVV.CV,N,31.52,1.512,4.499,0,2.6
risco,risk,4.24,1.88,3.89,1.85,5.04,1.45,5,2,CVC.CV,"N,V",142.779,2.158,5.155,9,1.25
riso,laughter,5.88,1.14,4.44,2.14,5.96,1.17,4,2,CV.CV,N,9.092,1.004,3.959,13,1.05
ritmo,rhythm,3.69,1.82,3.82,1.77,4.63,1.5,5,2,CVC.CV,"N,V",71.321,1.859,4.853,1,1.75
ritual,ritual,4.02,1.75,2.93,1.32,3.49,1.04,6,3,CV.CV.VC,"ADJ,N",12.863,1.142,4.109,0,2.1
robalo,sea bass,4.95,2.21,6.28,1.21,3.16,1.3,6,3,CV.CV.CV,N,1.129,0.328,3.053,0,1.95
robe,robe,5.59,1.94,6.33,0.99,4.16,1.65,4,2,CV.CV,N,0.391,0.143,2.592,8,1.45
rocha,rock,6.02,1.46,6.56,0.71,4.14,1.42,5,2,CV.CCV,N,7.074,0.907,3.85,6,1.5
roda,wheel,6,1.37,6.25,1.17,4.86,1.39,4,2,CV.CV,"N,V",17.695,1.272,4.248,22,1
rodagem,shooting,3.41,1.87,3.48,1.64,2.96,1.09,7,3,CV.CV.CVC,N,13.918,1.174,4.144,3,1.85
rola,turtledove,5.13,1.98,6.2,1.16,3.05,1.34,4,2,CV.CV,"N,V",1.329,0.367,3.124,20,1
roldana,sheave,5.13,2.05,5.19,1.93,1.96,0.89,7,3,CVC.CV.CV,N,0.293,0.112,2.467,0,1.95
rolha,stopper,5.26,2.08,6.38,1.09,4.72,1.68,5,2,CV.CCV,N,1.344,0.37,3.128,11,1.25
roliço,plump,3.96,2.1,3.86,1.53,2.09,0.92,6,3,CV.CV.CV,ADJ,0.103,0.042,2.011,2,1.85
rolo,roll,5.05,1.87,6.24,1.17,4.36,1.46,4,2,CV.CV,"N,V",2.369,0.528,3.375,16,1
romã,pomegranate,5.67,1.92,6.65,0.64,2.83,1.01,4,2,CV.CV,N,0.195,0.078,2.291,0,1.95
romance,romance,4.81,1.83,3.2,1.76,5.07,1.32,7,3,CV.CVC.CV,N,47.613,1.687,4.678,1,1.85
romântico,romantic,4.48,2.05,3.49,1.79,5.21,1.19,9,4,CV.CVC.CV.CV,"ADJ,N",7.054,0.906,3.849,1,2.5
rombo,leak,3.48,1.85,3.42,1.75,2.25,1.14,5,2,CVC.CV,"ADJ,N",1.402,0.381,3.147,10,1.4
rosa,rose,6.4,1.1,6.17,1.2,4.79,1.39,4,2,CV.CV,"ADJ,N,V",12.863,1.142,4.109,16,1
roseira,rosebush,6.05,1.33,6.29,1.09,3.32,1.17,7,3,CV.CVV.CV,N,0.327,0.123,2.515,3,1.75
rosto,face,5.87,1.23,6.25,1.17,5.12,1.49,5,2,CVC.CV,N,39,1.602,4.591,9,1.35
rotina,routine,3.6,1.82,3.2,1.79,5.23,1.21,6,3,CV.CV.CV,N,13.547,1.163,4.132,2,1.8
roupa,clothing,5.87,1.55,6.76,0.43,6.58,0.63,5,2,CVV.CV,N,25.194,1.418,4.401,4,1.7
roupão,robe,5.78,1.67,6.33,1.12,4.12,1.78,6,2,CVV.CVV,N,0.762,0.246,2.882,1,2.2
roupeiro,wardrobe,5.56,1.92,6.3,1.08,4.47,1.81,8,3,CVV.CVV.CV,N,0.337,0.126,2.528,0,2.05
rouxinol,nightingale,5.85,1.56,6.41,0.99,2.73,1.04,8,3,CVV.CV.CVC,N,0.889,0.276,2.949,0,3.7
rua,street,5.82,1.4,6.31,0.97,6.25,1,3,2,CV.V,"N,V",121.845,2.089,5.086,11,1
rude,rude,4.09,1.85,3.75,2.06,3.68,1.53,4,2,CV.CV,ADJ,4.695,0.756,3.672,10,1.3
ruído,noise,4.58,2.02,4.22,1.78,4.83,1.35,5,3,CV.V.CV,"N,V",16.312,1.238,4.213,4,1.65
ruidoso,loud,4.26,1.89,3.9,1.67,4.05,1.52,7,4,CV.V.CV.CV,ADJ,1.348,0.371,3.13,3,1.95
ruína,ruin,5.06,1.68,4.74,1.76,3.24,1.14,5,3,CV.V.CV,N,8.29,0.968,3.919,4,1.65
rumo,route,3.23,1.89,3,1.36,3.75,1.38,4,2,CV.CV,"N,V",29.258,1.481,4.466,12,1.05
rural,rural,4.94,1.77,4.33,1.55,3.47,1.18,5,2,CV.CVC,ADJ,25.174,1.418,4.401,1,1.9
rústico,rustic,4.56,1.6,3.91,1.94,3.33,1.16,7,3,CVC.CV.CV,"ADJ,N",1.622,0.419,3.21,1,2.25
sábado,saturday,4.18,2.15,4.56,2.44,5.38,1.1,6,3,CV.CV.CV,N,143.707,2.161,5.158,0,1.95
sábio,wise,3.69,1.93,3.58,2,3.72,1.58,5,2,CV.CVV,"ADJ,N",4.587,0.747,3.662,3,1.8
sabor,taste,4.2,2.05,3.47,2.01,5.72,1.22,5,2,CV.CVC,N,19.991,1.322,4.301,2,1.9
sabre,saber,4.26,2.39,5.24,1.79,1.88,0.98,5,2,CV.CCV,N,0.699,0.23,2.844,4,1.6
sacerdote,priest,5.24,1.82,6.16,1.3,2.84,1.39,9,4,CV.CVC.CV.CV,N,7.753,0.942,3.89,0,3.4
saco,sack,5.93,1.5,6.21,1.21,5.71,1.21,4,2,CV.CV,"N,V",16.078,1.232,4.206,14,1
sacrifício,sacrifice,3.45,1.8,3.61,1.95,4.79,1.42,10,4,CV.CCV.CV.CVV,N,13.835,1.171,4.141,0,3.15
safira,sapphire,4.77,2.18,5.79,1.67,2.38,1.17,6,3,CV.CV.CV,N,0.239,0.093,2.379,1,1.8
sagaz,sagacious,2.85,1.82,2.83,1.76,2.02,1.21,5,2,CV.CVC,ADJ,0.567,0.195,2.753,1,1.9
sagrado,sacred,4.08,2.02,2.8,1.85,3.78,1.17,7,3,CV.CCV.CV,"ADJ,N,V",10.587,1.064,4.025,1,1.65
saia,skirt,6.08,1.24,6.18,1.15,4.65,1.46,4,2,CVV.V,"N,V",9.971,1.04,3.999,22,1
saída,output,4.79,1.83,4.93,1.81,5.88,1.27,5,3,CV.V.CV,"ADJ,N,V",110.228,2.046,5.042,7,1.5
sal,salt,5.62,1.92,6.71,0.65,6,0.99,3,1,CVC,N,16.898,1.253,4.228,8,1.5
sala,living room,6.25,1.18,6.26,1.01,6.4,0.83,4,2,CV.CV,N,131.694,2.123,5.12,24,1
salada,salad,5.65,1.51,6.55,0.66,5.74,1.06,6,3,CV.CV.CV,N,3.127,0.616,3.495,11,1.05
salão,lounge,5.59,1.84,5.91,1.15,4.23,1.6,5,2,CV.CVV,N,20.841,1.339,4.319,17,1
salário,salary,5.05,1.64,5.18,1.74,4.98,1.56,7,3,CV.CV.CVV,N,28.77,1.474,4.459,2,1.85
salgalhada,hotchpotch,3.44,1.84,3.51,1.85,2.88,1.34,10,4,CVC.CV.CCV.CV,N,0.103,0.042,2.011,1,2.8
saliência,ledge,4.03,1.8,3.98,1.81,3.02,1.17,9,4,CV.CV.VC.CVV,N,0.767,0.247,2.885,1,2.55
saliente,projecting,3.9,1.95,4.25,1.82,3.79,1.25,8,4,CV.CV.VC.CV,"ADJ,V",4.734,0.759,3.675,3,1.7
salmão,salmon,5.35,1.87,6.64,0.68,3.84,0.98,6,2,CVC.CVV,N,2.282,0.516,3.358,1,1.85
salsa,parsley,5.88,1.42,6.14,1.42,4.36,1.41,5,2,CVC.CV,N,5.159,0.79,3.713,8,1.5
salsicha,sausage,6.12,1.45,6.64,0.73,4.66,1.44,8,3,CVC.CV.CCV,N,0.415,0.151,2.618,0,2.65
saltitante,jumpy,4.31,1.95,3.83,1.61,3.03,1.23,10,4,CVC.CV.CVC.CV,ADJ,0.376,0.139,2.575,0,2.6
salvador,savior,4.21,1.96,3.63,1.86,3.11,0.94,8,3,CVC.CV.CVC,"ADJ,N",2.838,0.584,3.453,2,1.8
salvamento,rescue,4.48,1.72,4.16,1.45,3.73,1.42,10,4,CVC.CV.CVC.CV,N,6.634,0.883,3.822,1,2.5
sanção,sanction,3.59,1.75,2.91,1.27,2.98,1.37,6,2,CVC.CVV,N,5.286,0.798,3.723,2,1.85
saneamento,swerage,4.37,1.9,4.93,1.83,3.32,1.19,10,5,CV.CV.V.CVC.CV,N,25.78,1.428,4.411,0,1.95
sangrento,bloody,5.05,1.71,4.38,1.74,3.12,1.2,9,3,CVC.CCVC.CV,ADJ,3.21,0.624,3.507,2,2.35
sangue,blood,6.19,1.18,6.41,0.9,4.72,1.31,6,2,CVC.CVV,N,73.769,1.874,4.868,7,1.55
sanita,toilet,6.02,1.49,6.64,0.7,6.02,1.07,6,3,CV.CV.CV,N,0.899,0.279,2.954,3,1.75
sanitário,bathroom,4.98,2.02,5.46,1.44,3.91,1.95,9,4,CV.CV.CV.CVV,"ADJ,N",10.474,1.06,4.02,2,2.35
santo,saint,5,1.8,3.67,2.11,4.5,1.4,5,2,CVC.CV,"ADJ,N",17.367,1.264,4.24,9,1.35
santuário,sanctuary,5.68,1.56,5.53,1.35,2.8,1,9,4,CVC.CV.V.CVV,N,10.504,1.061,4.021,0,2.75
sapateira,shoe closet,5.9,1.41,6.11,1.13,3.48,1.5,9,4,CV.CV.CVV.CV,N,0.279,0.107,2.445,1,1.85
sapateiro,shoemaker,5.73,1.44,5.77,1.36,3.55,1.09,9,4,CV.CV.CVV.CV,N,1.754,0.44,3.244,1,2.25
sapatilha,sneaker,6.34,1.05,6.68,0.64,5.79,1.22,9,4,CV.CV.CV.CCV,N,0.103,0.042,2.011,1,2.65
sapato,shoe,5.77,2.14,6.39,1.08,6.25,1.01,6,3,CV.CV.CV,N,2.731,0.572,3.436,1,1.85
sapo,toad,5.63,1.97,6.48,0.93,3.97,1.45,4,2,CV.CV,N,1.676,0.427,3.224,11,1.3
sarampo,measles,4.58,2.1,5.46,1.48,2.29,0.88,7,3,CV.CVC.CV,N,1.099,0.322,3.041,0,2.45
sarcástico,sarcastic,3.62,2.05,2.93,1.4,3.86,1.41,10,4,CVC.CVC.CV.CV,ADJ,0.933,0.286,2.97,1,2.95
sardinha,sardine,5.98,1.5,6.63,0.7,4.12,1.34,8,3,CVC.CV.CCV,N,8.217,0.965,3.915,3,1.8
satisfação,satisfaction,3.89,1.87,3.48,1.69,5.16,1.25,10,4,CV.CVC.CV.CVV,N,26.146,1.434,4.417,1,2.65
satisfatório,satisfactory,3.23,1.65,2.79,1.45,4.55,1.13,12,5,CV.CVC.CV.CV.CVV,ADJ,2.594,0.556,3.414,1,3.3
satisfeito,satisfied,3.73,1.78,2.9,1.88,5.74,1.08,10,4,CV.CVC.CVV.CV,"ADJ,V",34.969,1.556,4.544,1,3.15
saudação,salute,4.34,2.04,3.97,1.71,4.53,1.48,8,3,CVV.CV.CVV,N,3.991,0.698,3.601,1,2.15
saudade,nostalgia,4.28,2.2,3.32,2.13,5.44,1.21,7,3,CVV.CV.CV,N,11.168,1.085,4.048,2,1.95
saudável,healthy,4,1.77,4.09,1.89,5.4,1.31,8,3,CVV.CV.CVC,ADJ,13.21,1.153,4.121,0,2.65
saúde,health,4.4,1.8,3.72,1.93,5.81,1.39,5,3,CV.V.CV,"INT,N,V",213.627,2.332,5.33,5,1.65
sável,allis shad (fish),3.83,2.37,4.34,2.15,1.43,0.67,5,2,CV.CVC,N,1.231,0.349,3.09,0,2
saxofone,saxophone,5.81,1.53,5.79,1.97,2.82,1.35,8,4,CV.CV.CV.CV,N,3.855,0.686,3.586,0,3.45
sé,see,4.59,2.22,5.59,1.45,2.69,1.23,2,1,CV,N,10.601,1.065,4.025,9,1.45
sebo,grime,3.46,2,4.08,1.88,2.15,0.96,4,2,CV.CV,N,0.689,0.228,2.838,13,1.3
seca,drought,4.13,1.72,4.3,1.86,5.86,1.15,4,2,CV.CV,"ADJ,N,V",20.748,1.337,4.317,16,1
secador,hairdryer,5.75,1.71,6.54,0.79,4.95,1.33,7,3,CV.CV.CVC,"ADJ,N",0.322,0.121,2.508,6,1.65
secção,section,3.51,1.75,3.75,1.61,4.4,1.56,6,2,CVC.CVV,N,60.417,1.788,4.781,1,1.9
seco,dry,4.5,1.8,4.41,2.09,5.52,1.24,4,2,CV.CV,"ADJ,N,V",10.963,1.078,4.04,17,1
secretária,secretary / desk,5.88,1.52,6.48,0.82,5.38,1.24,10,4,CV.CCV.CV.CVV,N,26.879,1.445,4.429,2,2.2
secretário,secretary,4.81,2.06,5.47,1.41,3.91,1.43,10,4,CV.CCV.CV.CVV,N,168.584,2.229,5.227,2,2.4
secreto,secret,3.85,2.12,2.95,1.77,4.37,1.16,7,3,CV.CCV.CV,ADJ,13.322,1.156,4.125,2,2
sector,sector,2.92,1.64,3.52,1.68,4.3,1.39,6,2,CVC.CVC,N,231.707,2.367,5.365,1,1.95
século,century,3.61,1.9,3.97,2.16,4,1.36,6,3,CV.CV.CV,N,186.557,2.273,5.271,2,1.9
secundário,secondary,3.57,1.96,3.97,1.77,4.46,1.28,10,4,CV.CVC.CV.CVV,"ADJ,N",34.237,1.547,4.535,1,2.65
seda,silk,4.79,1.93,5.4,1.6,3.07,0.97,4,2,CV.CV,"N,V",6.322,0.865,3.801,15,1
sede,thirst,4.18,1.95,3.93,1.7,5.74,1.54,4,2,CV.CV,"N,V",117.483,2.074,5.07,13,1.2
sedutor,seductive,4.6,1.91,3.54,1.79,4.41,1.5,7,3,CV.CV.CVC,"ADJ,N",1.69,0.43,3.228,1,2.2
segredo,secret,4.03,2.05,3.03,1.88,4.67,1.33,7,3,CV.CCV.CV,"N,V",39.386,1.606,4.595,4,1.7
segundo,second,3.26,1.96,3.66,2.23,5.87,1.28,7,3,CV.CVC.CV,"ADJ,ADV,CONJ,N,PREP,QUANT",796.605,2.902,5.901,5,1.6
segurança,safety,4.26,1.81,3.71,1.94,5.13,1.36,9,4,CV.CV.CVC.CV,N,264.864,2.425,5.423,0,2.6
seguro,safe,3.79,1.76,3.66,1.8,5.02,1.32,6,3,CV.CV.CV,"ADJ,N,V",42.932,1.643,4.633,2,1.8
seio,breast,5.16,1.91,5.89,1.32,4.12,1.58,4,2,CVV.V,N,36.665,1.576,4.564,17,1
selo,stamp,5.24,1.86,6.07,1.26,3.8,1.46,4,2,CV.CV,"N,V",8.628,0.984,3.936,20,1
selvagem,wild,4.78,1.38,3.53,1.81,4.11,1.51,8,3,CVC.CV.CVC,"ADJ,N",9.331,1.014,3.97,0,2.4
semana,week,4.06,2.07,4.66,2.08,5.96,1.19,6,3,CV.CV.CV,N,415.367,2.62,5.618,0,1.85
semanal,weekly,3.82,2.09,4.02,1.92,4.55,1.56,7,3,CV.CV.CVC,ADJ,13.552,1.163,4.132,2,2.25
semelhança,similarity,3.38,1.69,3.27,1.51,4.61,1.28,10,4,CV.CV.CCVC.CV,N,38.272,1.594,4.583,0,3.1
semente,seed,5.53,1.55,6.2,1,3.63,1.04,7,3,CV.CVC.CV,N,3.21,0.624,3.507,5,1.65
semestre,semester,3.45,1.89,4.39,2.16,5.36,1.53,8,3,CV.CVC.CCV,N,32.468,1.525,4.512,0,2.4
seminário,seminar,3.77,1.84,4.67,1.85,3.43,1.49,9,4,CV.CV.CV.CVV,N,28.423,1.469,4.454,1,2.55
senado,senate,3.33,1.89,4.11,2.11,2.52,1.1,6,3,CV.CV.CV,N,20.958,1.342,4.321,7,1.45
senador,senator,4.33,1.86,5.03,1.8,2.48,1.28,7,3,CV.CV.CVC,N,10.889,1.075,4.037,4,1.7
senhor,mister,5.07,1.83,5.22,1.65,6.36,0.93,6,2,CV.CCVC,N,102.47,2.015,5.011,3,1.8
sensação,sensation,3.85,2.08,2.61,1.99,5.07,1.34,8,3,CVC.CV.CVV,N,32.077,1.52,4.506,1,2.35
sensato,sensible,3.39,1.89,3.4,2.05,4.07,1.4,7,3,CVC.CV.CV,ADJ,2.106,0.492,3.323,1,2.2
sensual,sensual,5.17,1.44,3.66,1.84,4.47,1.44,7,3,CVC.CV.VC,ADJ,3.224,0.626,3.508,0,2.85
sentido,sense,3.25,1.81,3.32,1.69,5.33,1.37,7,3,CVC.CV.CV,"ADJ,N,V",310.806,2.494,5.493,3,1.75
sentimental,sentimental,4,2.17,2.41,1.46,4.69,1.44,11,4,CVC.CV.CVC.CVC,"ADJ,N",5.32,0.801,3.726,0,3.05
sentimento,feeling,4.28,2.13,2.66,1.93,5.35,1.32,10,4,CVC.CV.CVC.CV,N,40.47,1.618,4.607,0,2.45
separação,separation,3.48,1.72,3.31,1.59,4.41,1.63,9,4,CV.CV.CV.CVV,N,21.246,1.347,4.327,2,2.35
separado,separated,3.55,1.85,3.64,1.75,4.75,1.27,8,4,CV.CV.CV.CV,"ADJ,V",7.563,0.933,3.879,3,1.7
sepultura,tomb,5.52,1.52,6.15,1.18,2.82,1.05,9,4,CV.CVC.CV.CV,N,4.245,0.72,3.628,1,2.45
sequência,sequency,3.89,1.75,4.03,1.81,4.98,1.29,9,3,CV.CVVC.CVV,N,125.866,2.103,5.1,1,2.6
sereno,serene,3.63,1.86,3.25,1.63,4.05,1.36,6,3,CV.CV.CV,"ADJ,N,V",4.92,0.772,3.692,2,1.8
série,series,4.47,1.85,3.93,1.79,5.5,1.3,5,2,CV.CVV,N,182.419,2.263,5.261,3,1.8
seringa,syringe,5.19,2.06,6.62,0.76,3.25,1.28,7,3,CV.CVC.CV,"N,V",2.97,0.599,3.473,0,1.8
sério,serious,3.83,1.8,3.8,1.86,5.63,1.29,5,2,CV.CVV,"ADJ,ADV,N",50.348,1.711,4.702,5,1.6
sermão,sermon,4.21,2.02,3.14,1.84,4.02,1.42,6,2,CVC.CVV,N,2.277,0.515,3.357,2,1.85
serpente,serpent,6.36,1.17,6.73,0.67,3.1,1.17,8,3,CVC.CVC.CV,"N,V",2.653,0.563,3.424,2,1.85
serra,saw,5.97,1.39,6.24,1.07,3.45,1.48,5,2,CVC.CV,"N,V",31.784,1.516,4.502,12,1.2
serralheiro,locksmith,5.11,1.84,5.85,1.47,3.2,1.3,11,4,CVC.CV.CCVV.CV,N,1.456,0.39,3.163,0,3.15
serrote,handsaw,5.48,1.79,6.58,0.85,2.53,1.1,7,3,CVC.CV.CV,N,0.293,0.112,2.467,1,2.15
serviço,service,3.9,1.96,3.74,1.73,5.32,1.15,7,3,CVC.CV.CV,N,222.532,2.349,5.347,1,1.85
sessão,session,3.36,1.64,3.91,1.79,4.74,1.32,6,2,CVC.CVV,N,174.837,2.245,5.243,1,1.95
seta,arrow,6.08,1.5,6.34,1,3.86,1.59,4,2,CV.CV,N,1.69,0.43,3.228,17,1
severo,severe,3.67,1.74,3.24,1.78,3.66,1.35,6,3,CV.CV.CV,ADJ,3.351,0.639,3.525,1,1.9
sexo,sex,6,1.27,5.47,1.58,5.55,1.22,4,2,CV.CV,N,40.123,1.614,4.603,11,1.3
sexual,sexual,5.23,1.59,4.11,1.94,4.96,1.41,6,3,CV.CV.VC,ADJ,34.217,1.547,4.534,0,2.4
sífilis,syphilis,3.36,2.29,5.2,2.04,1.94,0.71,7,3,CV.CV.CVC,N,1.387,0.378,3.142,0,2.95
significado,meaning,3.19,1.84,3.14,2.03,5.04,1.28,11,5,CVC.CV.CV.CV.CV,"N,V",30.499,1.498,4.484,2,1.8
sílaba,syllable,3.97,1.92,5.08,1.87,3.9,1.52,6,3,CV.CV.CV,N,0.962,0.293,2.983,0,2.45
silêncio,silence,4,2.06,3.03,2.01,5.71,1.35,8,3,CV.CVC.CVV,N,70.637,1.855,4.849,1,2.6
silencioso,silent,3.67,1.86,3.6,1.93,5.18,1.21,10,5,CV.CVC.CV.V.CV,"ADJ,N",4.299,0.724,3.633,1,2.45
simbólico,symbolic,3.38,1.93,2.86,1.69,3.75,1.31,9,4,CVC.CV.CV.CV,ADJ,12.047,1.116,4.081,1,2.6
símbolo,symbol,4.92,1.72,4.59,2,4.62,1.45,7,3,CVC.CV.CV,N,29.517,1.485,4.47,0,2.8
simpático,nice,4.21,1.76,3.16,1.94,5.6,1.24,9,4,CVC.CV.CV.CV,ADJ,9.228,1.01,3.965,1,2.55
simples,simple,3.5,2.05,2.9,1.82,6.29,0.98,7,2,CVC.CCVC,"ADJ,N",132.53,2.126,5.122,1,2.35
simplicidade,simplicity,3.52,1.85,3.13,1.89,4.45,1.51,12,5,CVC.CCV.CV.CV.CV,N,10.039,1.043,4.002,0,3.35
sinal,signal,5.18,1.83,4.48,1.93,5.36,1.25,5,2,CV.CVC,N,86.534,1.942,4.937,3,1.8
sincero,sincere,3.83,1.98,3.17,1.75,5.57,1.17,7,3,CVC.CV.CV,ADJ,3.864,0.687,3.587,2,2.35
sinistro,dreary,3.89,1.88,2.95,1.67,3.15,1.06,8,3,CV.CVC.CCV,"ADJ,N,V",3.977,0.697,3.6,3,2.25
sino,bell,5.8,1.69,6.43,0.87,3.37,1.59,4,2,CV.CV,N,2.97,0.599,3.473,17,1
sinónimo,synonym,3.18,1.84,3.8,1.9,4.28,1.46,8,4,CV.CV.CV.CV,"ADJ,N",7.25,0.916,3.86,1,2.6
síntese,synthesis,2.93,1.53,3.25,1.85,4.47,1.52,7,3,CVC.CV.CV,N,18.828,1.297,4.275,0,2.75
sintoma,symptom,3.77,1.9,3.18,1.7,4.04,1.24,7,3,CVC.CV.CV,N,5.604,0.82,3.749,0,2.25
sintomático,symptomatic,2.65,1.49,2.57,1.14,2.55,1.34,11,5,CVC.CV.CV.CV.CV,ADJ,3.918,0.692,3.593,1,2.6
sistema,system,2.9,1.28,3.46,1.81,5.3,1.19,7,3,CVC.CV.CV,N,320.645,2.507,5.506,0,2.45
sistemático,systematic,2.67,1.6,3.31,1.88,3.82,1.14,11,5,CVC.CV.CV.CV.CV,ADJ,5.452,0.81,3.737,1,2.65
sítio,site,3.97,1.95,4.11,1.97,5.55,1.29,5,2,CV.CVV,N,39.62,1.609,4.598,4,1.75
situação,situation,3.29,1.75,3.25,1.72,5.82,1.23,8,4,CV.CV.V.CVV,N,542.239,2.735,5.734,1,2.45
snobe,snob,3.81,2.06,3.14,1.67,2.31,1.14,5,2,CCV.CV,N,0.024,0.011,1.387,1,1.8
soberania,sovereignty,3.27,1.82,2.95,1.52,2.98,1.02,9,5,CV.CV.CV.CV.V,N,31.286,1.509,4.495,0,2.4
soberbo,superb,2.5,1.38,3.49,1.67,2.87,1.19,7,3,CV.CVC.CV,"ADJ,N",2.374,0.528,3.376,1,2.45
sobrancelha,eyebrow,6.49,1.07,6.61,0.78,4.41,1.35,11,4,CV.CCVC.CV.CCV,N,0.235,0.092,2.37,0,3.5
sobretudo,overcoat,3.98,2.18,4.37,2.02,4.72,1.79,9,4,CV.CCV.CV.CV,"ADV,N",272.734,2.437,5.436,0,2.75
sóbrio,sober,4.39,1.85,3.9,1.87,4.14,1.3,6,2,CV.CCVV,ADJ,2.545,0.55,3.406,1,1.9
social,social,3.34,1.97,3.24,2.02,5.26,1.36,6,3,CV.CV.VC,ADJ,352.532,2.548,5.547,0,2
socialista,socialist,3.35,1.7,3.1,1.96,3.93,1.62,10,5,CV.CV.V.CVC.CV,"ADJ,N",129.066,2.114,5.111,0,2.55
sociável,sociable,4.12,1.78,3.64,1.7,4.76,1.29,8,4,CV.CV.V.CVC,ADJ,0.337,0.126,2.528,0,2.5
sociedade,society,4.37,1.82,4.18,1.93,5.39,1.22,9,5,CV.CV.V.CV.CV,N,254.952,2.408,5.407,1,2.55
soco,punch,5.57,1.35,5.43,1.44,4.09,1.78,4,2,CV.CV,"N,V",1.685,0.429,3.227,13,1.1
socorro,help,4.59,1.99,3.46,1.76,4.12,1.34,7,3,CV.CVC.CV,"INT,N,V",13.352,1.157,4.126,3,1.8
sofá,couch,6.29,1.02,6.81,0.4,6.3,0.81,4,2,CV.CV,N,4.333,0.727,3.637,0,1.95
sofrimento,suffering,4.17,1.66,2.83,1.82,4.68,1.55,10,4,CV.CCV.CVC.CV,N,19.932,1.321,4.3,0,2.7
soja,soya,4.53,1.92,5.77,1.44,3.52,1.5,4,2,CV.CV,N,2.311,0.52,3.364,15,1.2
sol,sun,6.07,1.53,6.24,1.06,6.5,0.67,3,1,CVC,N,74.458,1.878,4.872,11,1.3
solar,solar,4.84,1.77,4.12,1.66,4.04,1.44,5,2,CV.CVC,"ADJ,N,V",13.454,1.16,4.129,16,1
soldado,soldier,5.62,1.69,6.23,1.13,3.74,1.29,7,3,CVC.CV.CV,"ADJ,N,V",16.718,1.248,4.223,6,1.5
solene,solemn,2.8,1.45,2.83,1.37,2.84,1.2,6,3,CV.CV.CV,ADJ,13.254,1.154,4.122,0,1.95
solha,plaice (fish),4.43,1.92,5.48,1.87,2.3,1.05,5,2,CV.CCV,N,0.337,0.126,2.528,13,1.2
solicitador,solicitor,3.26,1.93,4.75,2,2.75,0.91,11,5,CV.CV.CV.CV.CVC,N,1.129,0.328,3.053,1,2.25
solidão,loneliness,3.44,1.86,3.3,1.97,4.23,1.33,7,3,CV.CV.CVV,N,15.448,1.216,4.189,0,2
sólido,solid,4.79,1.87,4.98,1.78,4.44,1.43,6,3,CV.CV.CV,"ADJ,N",5.364,0.804,3.73,1,1.85
solitário,lonely,3.84,1.7,3.66,1.84,4.3,1.5,9,4,CV.CV.CV.CVV,"ADJ,N",8.545,0.98,3.932,2,2.35
solo,soil,5.6,1.43,6.05,1.09,3.89,1.47,4,2,CV.CV,"N,V",42.415,1.638,4.628,14,1
solto,loose,3.75,1.86,3.33,1.62,4.21,1.59,5,2,CVC.CV,"ADJ,V",3.517,0.655,3.546,8,1.4
solução,solution,3.48,2.01,3.61,1.93,5.56,1.34,7,3,CV.CV.CVV,N,160.64,2.209,5.206,1,1.9
soluço,sob,4.74,1.86,4.77,1.84,4.05,1.22,6,3,CV.CV.CV,"N,V",0.503,0.177,2.702,2,1.75
soma,sum,3.84,1.98,4.36,2.04,5.28,1.51,4,2,CV.CV,"N,V",22.678,1.374,4.356,17,1
sombra,shade,5.33,1.64,4.38,2.01,4.69,1.38,6,2,CVC.CCV,N,40.68,1.62,4.609,1,1.8
sonda,probe,4.31,1.96,4.56,1.71,2.61,1.11,5,2,CVC.CV,"N,V",5.53,0.815,3.743,11,1.2
sondagem,survey,3.68,1.72,3.53,1.74,3.48,1.09,8,3,CVC.CV.CVC,N,33.47,1.537,4.525,2,2.1
soneto,sonnet,3.7,1.96,4.09,1.9,2.72,1.47,6,3,CV.CV.CV,N,2.413,0.533,3.383,0,1.95
sonho,dream,4.89,2.04,2.76,1.87,5.67,1.25,5,2,CV.CCV,"N,V",55.498,1.752,4.744,9,1.4
sono,sleep,4.95,1.84,4,2.16,6.47,0.81,4,2,CV.CV,N,15.135,1.208,4.18,12,1.1
sonoro,sonorous,3.97,1.9,3.75,1.86,4.27,1.38,6,3,CV.CV.CV,ADJ,6.771,0.891,3.831,1,1.9
sopa,soup,5.77,1.93,6.55,0.76,6.13,0.9,4,2,CV.CV,N,14.075,1.178,4.148,14,1.15
sorriso,smile,6.31,1.04,5.25,1.9,6.07,1.11,7,3,CVC.CV.CV,N,25.785,1.428,4.411,1,1.8
sorte,luck,3.82,2,1.98,1.34,5.47,1.16,5,2,CVC.CV,N,60.671,1.79,4.783,9,1.5
sorteio,raffle,4.45,1.82,4.52,1.83,4.09,1.3,7,3,CVC.CVV.V,"N,V",13.84,1.171,4.141,1,1.85
sortudo,lucky,4.08,2.01,3.18,1.71,4.45,1.43,7,3,CVC.CV.CV,"ADJ,N",0.225,0.088,2.352,2,1.95
sossegado,quiet,3.68,1.95,3.34,1.71,5.32,1.18,9,4,CVC.CV.CV.CV,"ADJ,V",2.252,0.512,3.353,1,1.95
sótão,attic,5.69,1.58,6.16,1.16,3.25,1.07,5,2,CV.CVV,N,2.355,0.526,3.372,0,1.95
sotaque,accent,4.1,1.91,3.69,1.95,4.47,1.17,7,3,CV.CV.CVV,N,4.143,0.711,3.617,0,2.7
soviético,Soviet,4.08,1.97,4.71,1.89,2.15,0.77,9,5,CV.CV.V.CV.CV,ADJ,24.114,1.4,4.382,1,2.7
sozinho,alone,4.24,1.99,4.09,1.99,5.26,1.26,7,3,CV.CV.CCV,ADJ,28.975,1.477,4.462,6,1.5
suave,smooth,4.16,1.91,3.53,1.87,4.49,1.36,5,3,CV.V.CV,ADJ,11.373,1.093,4.056,1,1.9
subida,ascent,5.13,1.51,5.02,1.74,5.09,1.38,6,3,CV.CV.CV,"ADJ,N,V",79.025,1.903,4.898,4,1.7
súbito,sudden,2.62,1.42,2.62,1.4,3.63,1.5,6,3,CV.CV.CV,"ADJ,ADV",5.183,0.791,3.715,3,1.75
subjectivo,subjective,2.69,1.83,2.6,1.79,4.98,1.41,10,4,CVC.CVC.CV.CV,"ADJ,N,V",1.744,0.438,3.242,2,2.4
subjugado,overwhelmed,2.9,1.67,3.14,1.81,2.53,1.31,9,4,CVC.CV.CV.CV,V,0.508,0.178,2.706,1,2.25
submarino,submarine,5.56,1.91,6.07,1.32,2.56,1.05,9,4,CVC.CV.CV.CV,"ADJ,N",5.257,0.796,3.721,1,2.65
suborno,bribery,3.44,1.86,3.28,1.59,3.25,1.3,7,3,CV.CVC.CV,"N,V",2.36,0.526,3.373,1,2.25
subsídio,subsidy,3.81,1.82,3.83,1.73,4.63,1.59,8,3,CVC.CV.CVV,N,36.152,1.57,4.558,1,2.55
substituição,replacement,3.58,1.86,3.12,1.69,4.71,1.24,12,5,CVCC.CV.CV.V.CVV,N,40.993,1.623,4.613,1,2.85
subterfúgio,subterfuge,3,1.92,2.43,1.48,1.77,0.97,11,4,CVC.CVC.CV.CVV,N,0.586,0.2,2.768,0,4.45
sucesso,success,4.13,1.88,3.03,1.95,5.07,1.24,7,3,CV.CVC.CV,N,110.492,2.047,5.043,0,2.2
suficiente,sufficient,2.94,1.72,3.34,1.81,5.39,1,10,5,CV.CV.CV.VC.CV,"ADJ,N",69.186,1.846,4.84,0,3
sugestão,suggestion,3.3,1.73,3.34,2.01,5.05,1.37,8,3,CV.CVC.CVV,N,16.351,1.239,4.214,0,2.65
suicídio,suicide,4.75,1.65,4.1,2.08,3.67,1.58,8,4,CV.V.CV.CVV,N,17.294,1.262,4.238,0,2.75
sujeito,subject,4.43,1.81,4.2,2.01,5.62,1.35,7,3,CV.CVV.CV,"N,V",26.918,1.446,4.43,2,1.8
sujidade,dirt,5.41,1.5,5.04,1.8,4.56,1.2,8,4,CV.CV.CV.CV,N,1.729,0.436,3.238,1,2.45
sujo,dirty,5.53,1.42,4.93,1.61,5.57,1.33,4,2,CV.CV,"ADJ,V",4.763,0.761,3.678,11,1.25
sumo,juice,5.65,1.61,6.26,0.98,6.1,0.94,4,2,CV.CV,"ADJ,N,V",6.688,0.886,3.825,11,1.35
suor,sweat,4.98,1.78,5.82,1.28,5.16,1.34,4,2,CV.VC,N,5.555,0.817,3.745,2,1.75
superficial,superficial,2.89,1.78,2.78,1.46,4.07,1.42,11,5,CV.CVC.CV.CV.VC,ADJ,3.684,0.671,3.566,0,3.65
superfície,surface,4.16,2.08,4.22,1.85,4.35,1.54,10,4,CV.CVC.CV.CVV,N,39.542,1.608,4.597,0,3.65
suporte,bracket,4.46,1.71,3.93,1.71,4.14,1.46,7,3,CV.CVC.CV,"N,V",26.904,1.446,4.43,2,1.75
supremo,supreme,3.23,1.89,3.09,1.86,2.93,1.2,7,3,CV.CCV.CV,"ADJ,N",9.805,1.034,3.991,2,1.8
surdo,deaf,4.44,2.02,4.69,1.89,3.88,1.44,5,2,CVC.CV,"ADJ,N,V",2.418,0.534,3.384,8,1.55
surpreendido,surprised,3.9,1.97,3.12,1.6,4.61,1.31,12,5,CVC.CCV.VC.CV.CV,"ADJ,V",16.962,1.254,4.23,1,2.5
surpresa,surprise,4.27,1.97,3.22,1.86,4.84,1.37,8,3,CVC.CCV.CV,"ADJ,N",64.921,1.819,4.812,1,2.7
surto,outbreak,3.07,1.71,3.43,1.9,3.05,1.34,5,2,CVC.CV,"N,V",0.86,0.27,2.934,7,1.6
suspeita,inkling,3.37,1.78,3.44,1.63,4.53,1.18,8,3,CVC.CVV.CV,"ADJ,N,V",30.108,1.493,4.479,2,1.75
suspensão,suspension,3.52,1.84,3.15,1.64,3.33,1.1,9,3,CVC.CVC.CVV,N,49.987,1.708,4.699,0,2.5
suspenso,suspended,3.9,1.91,3.5,1.81,3.7,1.16,8,3,CVC.CVC.CV,"ADJ,V",18.076,1.281,4.257,3,1.95
sustento,alimony,3.46,1.92,3.46,1.95,3.98,1.53,8,3,CVC.CVC.CV,"N,V",2.926,0.594,3.466,4,1.75
tabaco,tobacco,5.95,1.55,6.68,0.57,5.02,1.71,6,3,CV.CV.CV,N,20.348,1.329,4.309,0,1.95
tabela,table,5.07,1.87,5.74,1.29,5.16,1.09,6,3,CV.CV.CV,"N,V",25.697,1.427,4.41,1,1.75
tabu,taboo,3.28,2.07,2.86,1.36,3.3,1.14,4,2,CV.CV,"ADJ,N",6.8,0.892,3.833,1,1.85
tabuleiro,tray,5.35,1.76,6.29,0.99,4.31,1.54,9,4,CV.CV.CVV.CV,N,8.281,0.968,3.918,0,2.8
taça,goblet,6.34,1.11,6.57,0.81,4.3,1.68,4,2,CV.CV,N,36.166,1.57,4.558,12,1.3
tacho,pan,5.88,1.45,6.21,1.2,5.27,1.8,5,2,CV.CCV,"N,V",2.242,0.511,3.351,13,1.2
táctica,tactic,3.98,1.95,3.05,1.44,3.97,1.45,7,3,CVC.CV.CV,"ADJ,N",12.77,1.139,4.106,3,1.8
talento,talent,3.67,1.76,3.53,1.84,4.75,1.55,7,3,CV.CVC.CV,N,19.405,1.31,4.288,0,1.9
talhante,butcher,5.03,2.24,5.74,1.32,3.15,1.12,8,3,CV.CCVC.CV,"ADJ,N",0.117,0.048,2.069,0,2.4
tamanho,size,3.74,1.96,4.27,1.86,5.7,1.3,7,3,CV.CV.CCV,N,20.455,1.332,4.311,3,1.7
tâmara,date (fruit),5.08,2.11,5.07,2,2.33,1.35,6,3,CV.CV.CV,N,0.088,0.037,1.944,2,1.85
tamboril,monkfish,5.1,1.9,6.2,1.34,2.7,1.08,8,3,CVC.CV.CVC,N,1.319,0.365,3.12,2,2.35
tangerina,tangerine,5.88,1.66,6.75,0.55,4.04,1.11,9,4,CVC.CV.CV.CV,N,0.181,0.072,2.257,0,2.85
tango,tango,5.07,2.04,4.84,1.85,2.85,1.31,5,2,CVC.CV,N,3.557,0.659,3.551,11,1.4
tanque,tank,5.2,1.95,5.84,1.5,3.3,1.35,6,2,CVC.CVV,N,5.682,0.825,3.755,2,1.8
tapeçaria,tapestry,4.95,2.03,5.69,1.51,2.71,1.19,9,5,CV.CV.CV.CV.V,N,2.423,0.534,3.384,0,2.5
tapete,carpet,6.31,1.29,6.54,0.63,4.79,1.35,6,3,CV.CV.CV,N,7.484,0.929,3.874,1,1.85
tarde,afternoon,4.61,1.88,4.26,1.71,6.54,0.57,5,2,CVC.CV,"ADV,N,V",338.887,2.531,5.53,4,1.55
tardio,tardy,3.13,1.73,3,1.81,3.71,1.4,6,3,CVC.CV.V,ADJ,4.04,0.702,3.606,1,1.85
tarefa,task,3.95,1.93,3.84,1.81,5.74,1.28,6,3,CV.CV.CV,N,61.394,1.795,4.788,4,1.7
tarifa,fare,3.44,1.8,4.17,1.9,3.96,1.58,6,3,CV.CV.CV,"N,V",5.198,0.792,3.716,2,1.75
tartaruga,turtle,6.17,1.38,6.69,0.63,3.68,1.56,9,4,CVC.CV.CV.CV,N,1.832,0.452,3.263,0,3.45
tarte,pie,6.43,0.99,6.51,0.74,4.07,1.15,5,2,CVC.CV,N,1.173,0.337,3.069,4,1.65
tatu,armadillo,4.71,2.17,5,1.94,2.38,1.07,4,2,CV.CV,N,0.073,0.031,1.865,3,1.7
taxa,rate,3.21,1.77,3.48,2.05,4.53,1.57,4,2,CV.CV,"N,V",156.097,2.196,5.193,8,1.45
táxi,taxi,6.33,1.21,6.75,0.58,3.84,1.32,4,2,CV.CV,N,10.108,1.046,4.005,0,2.3
taxista,taxi driver,5.4,1.8,6.16,0.94,4.02,1.4,7,3,CV.CVC.CV,"ADJ,N",6.214,0.858,3.793,2,1.85
tear,loom,4.15,2.17,4.98,2.11,2.02,1.05,4,2,CV.VC,N,1.256,0.353,3.099,4,1.7
teatral,theatrical,4.58,1.73,3.74,1.62,3.32,1.28,7,3,CV.V.CCVC,ADJ,18.384,1.287,4.264,0,2.45
teatro,theatre,6.07,1.01,5.54,1.57,3.89,1.33,6,3,CV.V.CCV,N,139.912,2.149,5.146,0,1.9
tecido,tissue,5.34,1.97,6.36,0.86,4.28,1.54,6,3,CV.CV.CV,"N,V",18.486,1.29,4.267,3,1.8
técnica,technique,3.13,1.63,3.29,1.91,5.02,1.58,7,3,CVC.CV.CV,"ADJ,N",92.167,1.969,4.965,1,2.2
técnico,technical,4.56,1.71,4.49,1.76,4.79,1.36,7,3,CVC.CV.CV,"ADJ,N",118.646,2.078,5.074,1,2.3
tecnologia,technology,5.38,1.32,4.38,1.68,5.61,1.25,10,5,CVC.CV.CV.CV.V,N,50.593,1.713,4.704,0,2.35
tecnológico,technological,4.34,1.85,4,1.82,5.14,1.41,11,5,CVC.CV.CV.CV.CV,ADJ,10.469,1.06,4.02,1,2.35
tecto,ceiling,5.93,1.53,6.35,0.85,4.64,1.55,5,2,CVC.CV,N,17.284,1.262,4.238,7,1.55
tédio,boredom,3.37,1.98,3.17,1.91,4.58,1.46,5,2,CV.CVV,N,2.907,0.592,3.463,2,1.85
tela,screen,5.97,1.28,6.16,1.12,3.32,1.18,4,2,CV.CV,N,8.369,0.972,3.923,19,1
teleférico,cable car,5.48,1.96,6.16,1.25,2.73,0.82,10,5,CV.CV.CV.CV.CV,N,1.578,0.411,3.198,0,2.95
telefone,phone,6.13,1.42,6.9,0.3,6.55,0.82,8,4,CV.CV.CV.CV,"N,V",40.27,1.616,4.605,2,2.15
telefonema,phone call,5.38,1.84,4.69,2.04,5.71,1.33,10,5,CV.CV.CV.CV.CV,N,8.891,0.995,3.949,0,2.4
televisão,telvision,6.65,0.77,6.68,0.54,6.61,0.65,9,4,CV.CV.CV.CVV,N,213.959,2.332,5.33,0,2.75
televisor,television,6.48,1.2,6.38,0.97,5.52,1.9,9,4,CV.CV.CV.CVC,"ADJ,N",5.086,0.784,3.706,0,2.95
telhado,roof,6.4,1.12,6.47,0.88,3.68,1.24,7,3,CV.CCV.CV,"N,V",8.325,0.97,3.92,3,1.8
tema,theme,3.39,1.85,3.57,1.92,5,1.29,4,2,CV.CV,"N,V",147.494,2.172,5.169,13,1
temeroso,fearing,3.25,1.68,2.6,1.4,2.59,1.02,8,4,CV.CV.CV.CV,ADJ,0.586,0.2,2.768,1,2.1
temperatura,temperature,4.32,1.85,4.33,2.04,5.85,1.27,11,5,CVC.CV.CV.CV.CV,N,21.222,1.347,4.327,0,3.45
tempestade,storm,5.48,1.46,5.27,1.72,4.09,1.37,10,4,CVC.CVC.CV.CV,N,13.415,1.159,4.128,0,2.8
templo,temple,5.57,1.47,5.03,1.75,2.88,1.09,6,2,CVC.CCV,N,16.356,1.24,4.214,1,1.85
tempo,time,4.39,1.83,3.63,1.89,6.61,0.59,5,2,CVC.CV,N,757.542,2.88,5.879,2,1.65
temporada,season,3.19,1.75,3.55,1.72,4.75,1.46,9,4,CVC.CV.CV.CV,N,43.064,1.644,4.634,1,2.25
temporário,temporary,2.82,1.37,3.05,1.72,4.39,1.32,10,4,CVC.CV.CV.CVV,ADJ,6.405,0.87,3.807,1,2.95
tendência,trend,3.1,1.8,3.17,1.95,4.74,1.41,9,3,CVC.CVC.CVV,N,84.898,1.934,4.929,1,2.4
ténis,tennis,6.02,1.37,6.05,1.18,4.53,1.59,5,2,CV.CVC,N,28.926,1.476,4.461,2,1.85
tenista,tennis player,5.6,1.59,6.45,1.02,3,0.8,7,3,CV.CVC.CV,"ADJ,N",12.844,1.141,4.109,0,1.95
tensão,tension,3.58,1.55,3.03,1.67,4.28,1.39,6,2,CVC.CVV,N,42.307,1.637,4.626,3,1.75
tenso,tense,3.93,1.76,3.44,1.68,4.77,1.36,5,2,CVC.CV,ADJ,3.347,0.638,3.525,11,1.2
tentativa,attempt,2.97,1.66,3.1,1.78,4.93,1.32,9,4,CVC.CV.CV.CV,"ADJ,N",82.704,1.923,4.918,1,2.55
teor,tenor,2.14,1.4,2.85,1.69,3.16,1.26,4,2,CV.VC,N,17.778,1.274,4.25,1,1.8
teoria,theory,3.32,1.86,2.97,1.89,5.33,1.49,6,4,CV.V.CV.V,N,29.586,1.486,4.471,1,1.8
teórico,theoretical,3.36,1.87,3.24,1.76,5.24,1.4,7,4,CV.V.CV.CV,"ADJ,N",6.087,0.851,3.784,1,1.9
térmite,termite,3.26,1.93,3.49,2.17,1.51,0.77,7,3,CVC.CV.CV,N,0.01,0.004,0.991,1,2.45
termo,term,2.63,1.4,3.61,1.68,4.19,1.42,5,2,CVC.CV,N,52.136,1.725,4.717,7,1.5
termómetro,thermometer,6.43,1.23,6.37,0.96,3.72,1.32,10,4,CVC.CV.CV.CCV,N,1.021,0.306,3.009,0,3.05
terno,tender,4.36,1.95,3.61,1.66,2.77,1.16,5,2,CVC.CV,"ADJ,N",1.598,0.415,3.203,10,1.4
ternura,tenderness,4.41,1.85,3.03,1.8,4.26,1.34,7,3,CVC.CV.CV,N,7.909,0.95,3.898,0,1.95
terra,earth,6.21,1.21,6,1.43,4.93,1.27,5,2,CVC.CV,N,197.231,2.297,5.295,16,1.05
terreno,ground,5.49,1.58,5.71,1.44,4.54,1.45,7,3,CVC.CV.CV,"ADJ,N",136.677,2.139,5.136,1,1.85
território,territory,4.74,1.81,5.09,1.82,4.2,1.45,10,4,CVC.CV.CV.CVV,N,132.818,2.127,5.123,0,2.9
terrível,awesome,3.84,1.85,3.14,1.7,4.79,1.48,8,3,CVC.CV.CVC,ADJ,18.833,1.297,4.275,0,2.8
terror,terror,4.9,1.82,3.4,1.6,3.96,0.91,6,2,CVC.CVC,N,19.561,1.313,4.291,0,1.9
terrorista,terrorist,5.61,1.51,5.16,1.72,3.89,1.52,10,4,CVC.CV.CVC.CV,"ADJ,N",9.839,1.035,3.993,0,2.8
tese,thesis,4.23,2.08,4.54,1.71,3.82,1.54,4,2,CV.CV,N,41.628,1.63,4.619,8,1.5
tesoura,scissors,6.2,1.36,6.69,0.54,4.74,1.37,7,3,CV.CVV.CV,"N,V",1.754,0.44,3.244,2,1.75
tesouro,treasure,5.43,1.63,5.39,1.46,3.1,1.36,7,3,CV.CVV.CV,"N,V",15.413,1.215,4.188,3,1.8
testa,forehead,5.9,1.52,6.49,0.98,4.38,1.64,5,2,CVC.CV,"N,V",6.204,0.858,3.793,15,1
testemunho,testemony,3.6,1.7,3.72,1.87,3.53,1.19,10,4,CVC.CV.CV.CCV,"N,V",20.885,1.34,4.32,2,2.25
têxtil,textile,4.69,1.79,5.5,1.35,3.4,1.19,6,2,CVC.CVC,"ADJ,N",17.001,1.255,4.231,0,2.8
texto,text,6.05,1.32,5.88,1.24,6.18,0.97,5,2,CVC.CV,N,153.615,2.189,5.186,4,1.7
textura,texture,4.56,1.92,4.62,1.8,3.58,1.17,7,3,CVC.CV.CV,N,2.628,0.56,3.42,0,1.9
texugo,badger,5.08,2.23,6.38,0.99,2.55,1.03,6,3,CV.CV.CV,N,0.161,0.065,2.207,0,2.65
tigela,bowl,6.39,1.07,6.61,0.79,5.05,1.43,6,3,CV.CV.CV,N,1.348,0.371,3.13,1,1.9
tigre,tiger,5.75,1.9,6.5,1.01,3.42,1.18,5,2,CV.CCV,N,2.965,0.598,3.472,1,1.85
tijolo,brick,5.66,2.03,6.63,0.78,3.47,1.24,6,3,CV.CV.CV,N,4.338,0.727,3.637,0,2.4
tímido,shy,4.08,1.88,2.61,1.39,4.67,1.33,6,3,CV.CV.CV,"ADJ,N",4.685,0.755,3.671,3,1.8
tinta,ink,5.68,1.58,6.16,0.96,4.09,1.39,5,2,CVC.CV,"N,V",10.093,1.045,4.004,12,1.2
típico,typical,2.87,1.77,3.32,1.71,5.16,1.26,6,3,CV.CV.CV,ADJ,10.191,1.049,4.008,4,1.7
tipo,type,2.73,1.73,2.14,1.17,6.6,0.89,4,2,CV.CV,N,486.395,2.688,5.687,14,1.1
tiro,shot,5.13,1.96,5.93,1.02,3.77,1.54,4,2,CV.CV,"N,V",38.018,1.591,4.58,17,1
titã,titan,3.64,2.11,3.42,1.81,2.33,0.96,4,2,CV.CV,N,0.679,0.225,2.832,0,1.95
título,title,3.87,1.89,4.42,1.76,5.36,1.33,6,3,CV.CV.CV,N,196.191,2.295,5.293,2,2.15
tocha,torch,5.29,1.79,6.2,1.11,2.54,1.06,5,2,CV.CCV,N,2.316,0.521,3.365,5,1.6
toga,toga,3.95,2.01,4.71,2.14,1.92,0.89,4,2,CV.CV,N,0.459,0.164,2.662,14,1.1
tolerância,tolerance,3.19,1.81,2.68,1.49,4.22,1.41,10,4,CV.CV.CVC.CVV,N,15.706,1.223,4.196,0,3.4
tolerante,tolerant,2.75,1.43,3.12,1.57,4.14,1.19,9,4,CV.CV.CVC.CV,ADJ,2.57,0.553,3.41,0,2.6
tolo,fool,4.31,1.95,3.37,1.8,5.07,1.37,4,2,CV.CV,"ADJ,N",0.962,0.293,2.983,15,1.05
tom,tone,3.62,1.77,3,1.65,4.42,1.57,3,1,CVC,N,59.132,1.779,4.772,11,1.2
tomada,capture,5.32,1.9,5.16,1.86,4.46,1.53,6,3,CV.CV.CV,"ADJ,N,V",88.493,1.952,4.947,11,1.3
tomate,tomato,5.58,2.08,6.69,0.72,5.27,1.23,6,3,CV.CV.CV,N,7.778,0.943,3.891,0,1.9
tonelada,ton,3.7,1.86,4.85,2.08,3.45,1.07,8,4,CV.CV.CV.CV,N,3.894,0.69,3.59,0,2.2
tonto,dizzy,3.74,1.73,3.56,1.87,3.98,1.55,5,2,CVC.CV,"ADJ,N",0.865,0.271,2.937,10,1.4
topo,top,4.72,1.71,4.1,1.88,4.43,1.52,4,2,CV.CV,"INT,N,V",27.998,1.462,4.447,13,1.15
toranja,grapefruit,5,2.24,6.61,0.78,2.54,0.93,7,3,CV.CVC.CV,N,0.127,0.052,2.104,0,2.15
tornado,tornado,5.23,1.75,5.68,1.57,2.92,1.14,7,3,CVC.CV.CV,"N,V",16.508,1.243,4.218,4,1.6
torneio,tournament,4.7,1.86,4.71,1.74,4.09,1.34,7,3,CVC.CVV.V,"N,V",43.548,1.649,4.639,4,1.65
torneira,faucet,6.16,1.47,6.45,0.99,5.35,1.4,8,3,CVC.CVV.CV,N,2.189,0.504,3.34,4,1.7
tornozelo,ankle,5.5,1.94,6.72,0.65,4.05,1.44,9,4,CVC.CV.CV.CV,N,1.373,0.375,3.138,1,3.5
torradeira,toaster,6.41,1.13,6.61,0.78,4.95,1.3,10,4,CVC.CV.CVV.CV,N,0.166,0.067,2.22,0,2.55
torre,tower,6.16,1.34,6.09,1.25,3.61,1.45,5,2,CVC.CV,"N,V",17.441,1.266,4.242,11,1.35
torto,crooked,4.43,1.87,3.95,1.65,4.67,1.52,5,2,CVC.CV,"ADJ,ADV,N",2.643,0.562,3.422,13,1.25
tortura,torture,4.85,1.87,3.88,1.67,3.84,1.53,7,3,CVC.CV.CV,"N,V",11.964,1.113,4.078,2,1.7
tosse,cough,5.45,1.51,5.83,1.39,4.48,1.54,5,2,CVC.CV,"N,V",2.33,0.523,3.367,4,1.7
total,total,3.21,2.03,3.35,1.84,5.59,1.19,5,2,CV.CVC,"ADJ,N",234.673,2.372,5.371,3,1.85
touro,bull,6.12,1.4,6.65,0.65,3.27,1.08,5,2,CVV.CV,N,4.744,0.759,3.676,8,1.45
tóxico,toxic,3.85,1.87,3.83,1.92,3.36,1.31,6,3,CV.CV.CV,"ADJ,N",3.058,0.608,3.486,3,1.8
toxina,toxin,3.1,1.72,4.16,2.04,3.09,1.18,6,3,CV.CV.CV,N,0.694,0.229,2.841,0,1.95
trabalhador,worker,5.38,1.52,5.2,1.9,5.75,1.34,11,4,CCV.CV.CCV.CVC,"ADJ,N",18.208,1.284,4.26,1,2.35
trabalho,work,4.71,1.79,4.36,1.85,6.64,0.68,8,3,CCV.CV.CCV,"N,V",578.352,2.763,5.762,2,1.75
trabalhoso,laborious,3.73,2.01,3.38,1.7,4.95,1.55,10,4,CCV.CV.CCV.CV,ADJ,0.435,0.157,2.638,1,2.25
traço,dash,4.42,2.13,5,1.72,4.32,1.35,5,2,CCV.CV,"N,V",9.629,1.027,3.984,11,1.3
tractor,tractor,5.89,1.57,6.61,0.73,3.59,1.59,7,2,CCVC.CVC,N,2.58,0.554,3.412,1,1.85
tradicional,traditional,4,2.03,3.56,1.98,4.47,1.54,11,5,CCV.CV.CV.V.CVC,ADJ,69.069,1.846,4.839,0,3.45
tráfego,traffic,4.98,1.8,4.75,1.58,4.58,1.66,7,3,CCV.CV.CV,N,34.837,1.554,4.542,3,2.45
tráfico,trade,5,1.76,4.1,1.94,4.35,1.41,7,3,CCV.CV.CV,N,47.94,1.69,4.681,4,1.75
tragédia,tragedy,4.27,1.75,3.53,1.77,4.38,1.54,8,3,CCV.CV.CVV,N,30.621,1.5,4.486,0,2.85
trágico,tragic,3.9,1.97,3.3,1.69,4.02,1.36,7,3,CCV.CV.CV,ADJ,9.952,1.04,3.998,2,1.85
traição,betrayal,4.47,1.98,3.7,2.27,3.8,1.47,7,2,CCVV.CVV,N,10.367,1.056,4.016,2,1.9
traidor,traitor,4,1.71,3.29,1.8,3.6,1.47,7,2,CCVV.CVC,"ADJ,N",3.816,0.683,3.582,0,1.95
tralha,stuff,5.11,1.74,4.7,1.71,4.18,1.53,6,2,CCV.CCV,"N,V",0.386,0.142,2.587,4,1.6
tranquilo,untroubled,4.07,1.64,3.12,1.67,5.3,1.39,9,3,CCVC.CVV.CV,ADJ,10.719,1.069,4.03,1,2.65
trânsito,transit,5.85,1.51,5.57,1.57,5.76,1.3,8,3,CCVC.CV.CV,N,68.502,1.842,4.836,1,2.5
transmissão,transmission,3.34,1.97,3.14,1.67,4.21,1.33,11,3,CCVCC.CVC.CVV,N,40.7,1.62,4.61,0,3.35
transporte,transport,5.67,1.09,5.91,1.1,6.04,1.13,10,3,CCVCC.CVC.CV,"N,V",60.573,1.789,4.782,2,1.75
transtornado,upset,3.89,1.79,2.86,1.34,3.41,1.27,12,4,CCVCC.CVC.CV.CV,"ADJ,V",0.489,0.173,2.689,1,2.2
trapaceiro,slicker,3.75,1.71,3.55,1.65,2.38,1.35,10,4,CCV.CV.CVV.CV,N,0.064,0.027,1.803,1,2.65
trapalhão,sloppy,4.21,1.67,3.66,1.75,4.02,1.38,9,3,CCV.CV.CCVV,"ADJ,N",0.845,0.266,2.927,1,2.7
traseira,rear,4.18,1.82,5.02,1.63,4.53,1.48,8,3,CCV.CVV.CV,"ADJ,N",4.939,0.774,3.694,3,1.8
tratado,treaty,3.24,1.75,3.64,1.67,4.22,1.58,7,3,CCV.CV.CV,"ADJ,N,V",54.784,1.747,4.739,6,1.5
tratamento,treatment,3.63,1.77,3.66,1.64,4.89,1.44,10,4,CCV.CV.CVC.CV,N,106.75,2.032,5.028,1,2.3
trauma,trauma,3.93,1.93,3.2,1.96,4.09,1.61,6,2,CCVV.CV,N,2.384,0.529,3.377,0,1.9
travessa,platter,4.83,1.84,5.82,1.55,4.29,1.53,8,3,CCV.CVC.CV,"ADJ,N",2.096,0.491,3.321,1,1.75
travessia,voyage,3.38,1.64,3.73,1.66,2.96,1.15,9,4,CCV.CVC.CV.V,N,17.03,1.256,4.231,1,1.9
travessura,mischief,4.13,1.93,3.55,1.63,2.46,0.97,10,4,CCV.CVC.CV.CV,N,0.132,0.054,2.12,0,2.6
trégua,truce,3.56,1.78,3.14,1.75,2.81,0.91,6,2,CCV.CVV,N,6.292,0.863,3.799,0,2.25
treinador,coach,5.44,1.82,5.84,1.23,4.57,1.49,9,3,CCVV.CV.CVC,N,91.859,1.968,4.963,1,1.9
treino,training,4.58,1.62,4.47,1.77,5.14,1.32,6,2,CCVV.CV,"N,V",43.997,1.653,4.643,2,1.65
trenó,sleigh,5.44,2.09,6.3,1.06,2.21,0.72,5,2,CCV.CV,N,0.762,0.246,2.882,2,1.85
tribo,tribe,5.48,1.4,5.64,1.35,2.46,0.95,5,2,CCV.CV,N,5.477,0.811,3.739,5,1.65
tributo,tribute,3.34,1.82,3.18,1.25,3.03,1.26,7,3,CCV.CV.CV,"N,V",3.39,0.643,3.53,3,1.85
triciclo,tricycle,5.88,1.63,6.58,0.75,3.04,1.33,8,3,CCV.CV.CCV,N,0.406,0.148,2.608,0,2.85
trincheira,trench,4.89,2.05,5.27,1.58,2.13,0.73,10,3,CCVC.CCVV.CV,N,1.163,0.335,3.066,1,2.65
trio,trio,4.55,2.01,4.66,2.08,3.77,1.43,4,2,CCV.V,N,18.374,1.287,4.264,4,1.15
tripulação,crew,4.92,1.76,5.31,1.4,3,1.21,10,4,CCV.CV.CV.CVV,N,13.391,1.158,4.127,2,2.5
tripulante,crew member,4.95,1.81,5.63,1.25,3.02,1.32,10,4,CCV.CV.CVC.CV,"ADJ,N",2.106,0.492,3.323,0,2.8
triste,sad,5.02,1.88,3.56,1.79,5.25,1.47,6,2,CCVC.CV,"ADJ,N",36.811,1.578,4.566,1,1.85
tristeza,sadness,4.07,2.02,3.38,1.87,5.09,1.41,8,3,CCVC.CV.CV,N,14.402,1.188,4.158,0,2.55
triunfante,triumphant,4.31,1.86,3.1,1.64,2.95,1.09,10,4,CCV.VC.CVC.CV,ADJ,3.019,0.604,3.48,1,2.65
triunfo,triumph,4.1,1.79,3.2,1.7,3.97,1.55,7,3,CCV.VC.CV,"N,V",45.194,1.665,4.655,2,1.7
troféu,trophy,5.91,1.41,6.12,1.09,3.65,1.05,6,2,CCV.CVV,N,13.865,1.172,4.142,0,2.55
trólei,trolley,4.44,2.24,4.77,2.07,2.05,0.93,6,2,CCV.CVV,N,0.059,0.025,1.768,0,2.2
trombeta,trumpet,5.67,1.64,6.25,1.16,2.07,0.9,8,3,CCVC.CV.CV,N,0.366,0.136,2.564,1,2.4
trompete,trumpet,5.9,1.6,6.34,1.08,2.45,0.81,8,3,CCVC.CV.CV,N,3.542,0.657,3.549,1,2.45
trono,throne,5.2,1.85,5.89,1.25,2.57,1.02,5,2,CCV.CV,N,9.795,1.033,3.991,9,1.35
trunfo,trump,3.97,1.85,3.37,1.73,3.18,1.14,6,2,CCVC.CV,"N,V",10.035,1.043,4.002,3,1.75
truque,trick,4.25,1.85,3.28,1.72,4.21,1.44,6,2,CCV.CVV,N,3.449,0.648,3.538,2,1.85
truta,trout,5.68,1.55,6.26,1.4,2.6,0.84,5,2,CCV.CV,N,0.684,0.226,2.835,8,1.5
tubarão,shark,6.39,1.31,6.45,0.89,3.05,0.99,7,3,CV.CV.CVV,N,1.803,0.448,3.256,0,2
tubo,tube,5.27,1.87,6.15,1.34,3.73,1.14,4,2,CV.CV,N,4.548,0.744,3.658,7,1.55
tucano,toucan,4.65,2.3,5.61,1.97,2.12,1.05,6,3,CV.CV.CV,N,0.068,0.029,1.835,3,1.8
tulipa,tulip,4.93,1.96,6.47,0.86,2.91,0.98,6,3,CV.CV.CV,N,1.832,0.452,3.263,1,2.15
tumor,tumor,4.13,1.95,4.98,1.71,3.48,1.18,5,2,CV.CVC,N,3.249,0.628,3.512,4,1.8
turbante,turban,4.51,2.18,5.02,1.97,2.24,1.11,8,3,CVC.CVC.CV,N,0.713,0.234,2.853,1,2.45
turismo,tourism,4.85,1.81,4.4,2.02,4.33,1.41,7,3,CV.CVC.CV,N,64.101,1.814,4.807,1,1.9
turista,tourist,5.34,1.74,5.88,1.28,4.05,1.25,7,3,CV.CVC.CV,N,6.659,0.884,3.823,3,1.8
turma,class,4.98,1.85,5.26,1.74,6.09,1.03,5,2,CVC.CV,N,12.814,1.14,4.108,7,1.6
tutela,guardianship,3,1.9,3.58,2.04,2.87,1.39,6,3,CV.CV.CV,"N,V",37.666,1.587,4.576,3,1.7
úlcera,ulcer,3.44,2.14,5.2,1.91,2.55,1.23,6,3,VC.CV.CV,N,0.953,0.291,2.979,1,2.3
último,last,3.33,2.04,3.67,1.96,5.82,1.22,6,3,VC.CV.CV,"ADJ,N",290.414,2.465,5.463,2,2
umbigo,navel,5.93,1.53,6.5,0.71,3.9,1.28,6,3,VC.CV.CV,N,1.842,0.454,3.265,0,2.6
unânime,unanimous,2.9,1.87,3.22,1.94,3.53,1.42,7,4,V.CV.CV.CV,ADJ,8.227,0.965,3.915,1,2.95
unha,nail,5.49,2.14,6.57,0.77,5.58,1.17,4,2,V.CCV,"N,V",1.661,0.425,3.22,2,1.65
único,unique,3.55,1.99,3.25,1.98,5.36,1.05,5,3,V.CV.CV,"ADJ,N",182.888,2.265,5.262,2,1.7
unidade,unit,3.45,2.01,4.26,1.78,4.58,1.48,7,4,V.CV.CV.CV,N,98.728,1.999,4.994,0,2.05
unilateral,unilateral,3.03,1.91,3.48,2.05,2.91,1.43,10,5,V.CV.CV.CV.CVC,ADJ,5.789,0.832,3.763,0,3.35
universo,universe,5.98,1.14,3.7,2.31,3.79,1.49,8,4,V.CV.CVC.CV,N,48.306,1.693,4.684,0,2.7
urbanização,urbanization,4.68,1.94,4.88,1.67,3.81,1.44,11,5,VC.CV.CV.CV.CVV,N,17.128,1.258,4.234,0,2.75
urbano,urban,4.52,1.74,4.31,1.77,3.84,1.42,6,3,VC.CV.CV,"ADJ,N",29.464,1.484,4.469,1,1.9
urgente,urgent,3.61,1.74,3.36,2.19,4.93,1.35,7,3,VC.CVC.CV,ADJ,30.89,1.504,4.49,0,1.95
urina,urine,5.13,2.16,5.88,1.52,4.14,1.74,5,3,V.CV.CV,"N,V",3.185,0.622,3.503,5,1.45
urna,urn,5.1,2.02,6.2,1.07,2.3,0.67,4,2,VC.CV,N,4.578,0.746,3.661,4,1.6
urso,bear,6,1.49,6.65,0.64,3.67,1.51,4,2,VC.CV,N,2.291,0.517,3.36,2,1.7
urtiga,nettle,4.89,2.01,6.37,0.88,2.74,1.31,6,3,VC.CV.CV,N,0.059,0.025,1.768,1,1.9
urze,heather,3.5,2.19,4.54,2.32,1.67,0.91,4,2,VC.CV,N,0.406,0.148,2.608,4,1.7
usado,used,4.15,1.96,3.49,1.77,5.11,1.47,5,3,V.CV.CV,"ADJ,V",23.572,1.39,4.372,2,1.75
utensílio,utensil,5.46,1.39,5.57,1.49,4.3,1.75,9,4,V.CVC.CV.CVV,N,0.523,0.183,2.718,0,3.9
útil,useful,3.28,1.88,3.7,1.95,5.53,1.42,4,2,V.CVC,ADJ,29.478,1.484,4.47,0,1.9
utilitário,utilitarian,3.23,2.01,3.46,1.59,3.81,1.48,10,5,V.CV.CV.CV.CVV,"ADJ,N",1.666,0.426,3.222,1,3.15
utilização,utilization,2.82,1.87,3.23,1.87,5.73,1.23,10,5,V.CV.CV.CV.CVV,N,96.715,1.99,4.986,1,2.55
utopia,utopia,2.81,1.9,2.27,1.91,2.5,1.18,6,4,V.CV.CV.V,N,9.209,1.009,3.964,1,2.15
vaca,cow,6.26,1.34,6.46,1.01,4.53,1.38,4,2,CV.CV,N,9.199,1.009,3.964,13,1.25
vacina,vaccine,5.82,1.33,6.25,0.84,2.89,0.97,6,3,CV.CV.CV,"N,V",9.849,1.035,3.993,6,1.5
vaga,vacancy,3.52,1.97,3.62,1.94,4.02,1.4,4,2,CV.CV,"ADJ,N,V",29.713,1.487,4.473,17,1
vagina,vagina,6.38,1.02,6.54,0.89,3.92,1.48,6,3,CV.CV.CV,N,0.811,0.258,2.909,4,1.7
vago,vacant,3.05,1.91,2.95,1.81,3.88,1.67,4,2,CV.CV,"ADJ,N,V",9.082,1.004,3.958,13,1.15
vaidade,vanity,3.62,1.77,3.29,1.76,4.24,1.43,7,3,CVV.CV.CV,N,4.035,0.702,3.606,0,1.85
vaidoso,vain,4.71,1.72,3.59,1.8,4.55,1.45,7,3,CVV.CV.CV,"ADJ,N",1.021,0.306,3.009,1,1.95
vaivém,space shuttle,5.24,1.84,4.83,1.84,2.31,0.8,6,2,CVV.CVC,N,9.634,1.027,3.984,0,2.55
vale,valley,4.44,1.9,4.75,1.91,4.05,1.69,4,2,CV.CV,"N,V",87.736,1.948,4.943,15,1
valente,brave,3.93,1.79,3.74,1.74,4.3,1.4,7,3,CV.CVC.CV,"ADJ,N",5.403,0.806,3.733,0,1.85
valentia,bravery,3.67,1.87,3.14,1.73,2.75,1.09,8,4,CV.CVC.CV.V,N,1.094,0.321,3.039,0,2.45
válido,valid,3.11,1.74,3.32,1.85,4.98,1.24,6,3,CV.CV.CV,ADJ,9.395,1.017,3.973,4,1.75
valioso,valuable,4.41,1.85,3.03,1.62,4.02,1.15,7,4,CV.CV.V.CV,ADJ,5.433,0.808,3.735,1,1.9
valor,value,3.51,1.89,2.79,1.51,5.36,1.39,5,2,CV.CVC,N,266.608,2.428,5.426,7,1.5
valorização,development,2.98,1.76,2.47,1.35,3.91,1.37,11,5,CV.CV.CV.CV.CVV,N,36.279,1.572,4.56,2,2.55
vampiro,vampire,5.92,1.19,4.49,2.28,2.89,0.96,7,3,CVC.CV.CV,N,1.153,0.333,3.062,1,2.2
vândalo,vandal,4.54,1.65,3.93,1.66,3.14,1.29,7,3,CVC.CV.CV,"ADJ,N",0.171,0.069,2.233,2,2.55
vantagem,advantage,3.02,1.7,3.15,1.82,4.96,1.45,8,3,CVC.CV.CVC,N,83.017,1.924,4.919,0,2.2
variante,variant,2.97,1.7,2.91,1.47,3.93,1.41,8,4,CV.CV.VC.CV,"ADJ,N",16.171,1.235,4.209,0,1.95
variável,variable,2.94,1.81,3.17,1.56,5.28,1.33,8,4,CV.CV.V.CVC,"ADJ,N",8.891,0.995,3.949,0,2.5
variedade,variety,3.53,1.77,3.14,1.55,5.09,1.37,9,5,CV.CV.V.CV.CV,N,12.277,1.123,4.089,0,2.35
varíola,smallpox,3.49,2.03,3.92,2.06,1.61,0.66,7,4,CV.CV.V.CV,N,0.85,0.267,2.93,0,2.5
varredor,sweeper,4.9,1.9,6,0.98,3.05,1,8,3,CVC.CV.CVC,N,0.283,0.108,2.452,0,1.9
vaso,vase,5.33,1.89,6.6,0.7,3.98,1.48,4,2,CV.CV,N,2.462,0.539,3.391,9,1.3
vassoura,broom,6.03,1.43,6.62,0.79,4.88,1.27,8,3,CVC.CVV.CV,N,1.348,0.371,3.13,1,2.55
vasto,vast,3.66,1.88,3.22,1.76,3.79,1.51,5,2,CVC.CV,ADJ,25.355,1.421,4.404,11,1.35
vazio,empty,4.13,2.17,3.43,2.27,5.33,1.36,5,3,CV.CV.V,"ADJ,N,V",25.458,1.423,4.406,4,1.65
veado,deer,5.63,1.88,6.21,1.33,3.14,1.14,5,3,CV.V.CV,N,1.075,0.317,3.031,6,1.3
vedeta,superstar,4.37,2.02,4.19,1.72,3.32,1.18,6,3,CV.CV.CV,N,8.603,0.982,3.935,2,1.8
vegetal,vegetable,6,1.33,5.95,1.1,5.45,1.44,7,3,CV.CV.CVC,"ADJ,N",4.509,0.741,3.654,4,1.9
vegetativo,vegetative,4.03,1.92,3.98,1.89,2.86,1.29,10,5,CV.CV.CV.CV.CV,ADJ,0.42,0.152,2.623,1,2.75
veia,vein,5.62,1.7,6.05,1.09,3.98,1.43,4,2,CVV.V,N,3.092,0.612,3.49,14,1
veículo,vehicle,6.63,0.64,6.55,0.76,4.84,1.74,7,4,CV.V.CV.CV,N,34.857,1.555,4.542,1,2.35
vela,candle,5.97,1.38,6.63,0.68,4.53,1.4,4,2,CV.CV,"N,V",15.531,1.218,4.191,19,1
veleiro,sailboat,5.08,2.04,5.96,1.5,2.32,0.99,7,3,CV.CVV.CV,"ADJ,N",5.589,0.819,3.747,6,1.65
velho,old,5.52,1.4,4.88,1.57,5.44,1.26,5,2,CV.CCV,"ADJ,N",87.101,1.945,4.94,5,1.65
velocidade,speed,4.72,1.84,4.29,2.06,5.07,1.31,10,5,CV.CV.CV.CV.CV,N,69.919,1.851,4.845,0,2.7
veloz,swift,4.1,1.82,3.95,2.02,3.37,1.46,5,2,CV.CVC,ADJ,3.483,0.652,3.542,2,1.85
vencedor,winner,5.08,1.69,4.39,1.99,4.96,1.49,8,3,CVC.CV.CVC,"ADJ,N",56.973,1.763,4.756,1,2.4
venda,sale,4.16,1.99,4.12,1.84,4.89,1.19,5,2,CVC.CV,"N,V",134.088,2.131,5.127,16,1
vendedor,salesman,5.47,1.52,5.55,1.5,4.74,1.33,8,3,CVC.CV.CVC,"ADJ,N",9.781,1.033,3.99,1,2.1
veneno,poison,4.6,1.67,5.67,1.37,3.2,1.17,6,3,CV.CV.CV,N,4.216,0.717,3.625,1,1.9
venenoso,poisonous,3.97,1.7,4.05,1.84,3.4,1.14,8,4,CV.CV.CV.CV,ADJ,0.821,0.26,2.914,1,2.45
ventania,gale,5.07,1.82,4.59,1.72,3.96,1.33,8,4,CVC.CV.CV.V,N,1.182,0.339,3.073,0,2.55
vento,wind,5.08,1.63,4.36,1.97,5.69,1.2,5,2,CVC.CV,N,45.351,1.666,4.657,12,1.2
ventre,womb,4.95,1.78,5.25,1.59,3.16,1.55,6,2,CVC.CCV,N,4.157,0.712,3.619,3,1.7
verão,summer,5.8,1.39,5.25,1.82,4.84,1.7,5,2,CV.CVV,"N,V",89.588,1.957,4.952,9,1.35
verba,fund,3.18,1.8,3.63,1.7,3.38,1.47,5,2,CVC.CV,N,42.097,1.634,4.624,5,1.6
verbo,verb,3.51,2.05,3.53,2.08,4.65,1.52,5,2,CVC.CV,N,4.939,0.774,3.694,6,1.55
verdade,truth,3.47,1.97,3.29,1.98,5.86,1.22,7,3,CVC.CV.CV,"INT,N",224.472,2.353,5.351,1,1.9
verdadeiro,truthful,3.64,1.97,2.9,2.02,5.96,1.09,10,4,CVC.CV.CVV.CV,"ADJ,N",64.355,1.815,4.809,1,2.6
verde,green,5.25,2.1,5.79,1.59,5.3,1.38,5,2,CVC.CV,"ADJ,N",60.627,1.79,4.783,7,1.55
vereador,councillor,3.92,1.84,5.05,1.8,2.89,1.33,8,4,CV.CV.V.CVC,N,94.287,1.979,4.975,0,1.9
vergonha,shame,3.9,1.96,2.95,1.8,4.82,1.26,8,3,CVC.CV.CCV,N,21.525,1.353,4.333,0,2.6
vermelho,red,5.55,2.14,6.04,1.44,5.63,1.41,8,3,CVC.CV.CCV,"ADJ,N",28.55,1.471,4.456,1,2.3
versão,version,2.82,1.43,3.36,1.79,4.53,1.49,6,2,CVC.CVV,N,107.087,2.034,5.03,2,1.75
verso,verse,4.07,1.89,3.98,1.87,4.09,1.64,5,2,CVC.CV,"N,V",8.056,0.957,3.906,7,1.45
vértice,vertex,4.78,1.95,4.86,1.86,3.36,1.54,7,3,CVC.CV.CV,N,1.871,0.458,3.272,1,2.75
vespa,wasp,5.63,1.6,6.07,1.07,3,0.98,5,2,CVC.CV,N,0.406,0.148,2.608,1,1.9
véspera,eve,3.56,1.95,3.48,1.6,4.26,1.4,7,3,CVC.CV.CV,N,52.317,1.727,4.719,0,2.55
vestido,dress,6.39,1.03,6.61,0.65,5.16,1.18,7,3,CVC.CV.CV,"ADJ,N,V",12.414,1.128,4.094,2,1.8
vestígio,trace,3.39,1.76,3.68,1.67,3.78,1.34,8,3,CVC.CV.CVV,N,2.14,0.497,3.33,0,2.65
vestuário,garment,5.52,1.83,5.8,1.62,5.37,1.51,9,4,CVC.CV.V.CVV,N,14.71,1.196,4.168,1,2.55
veterano,veteran,4.61,1.95,4.4,1.71,3.37,1.51,8,4,CV.CV.CV.CV,"ADJ,N",11.324,1.091,4.054,1,2.5
veterinário,veterinary,5.23,1.96,6.1,1.02,3.7,1.33,11,5,CV.CV.CV.CV.CVV,N,2.741,0.573,3.438,1,3.5
vez,turn,2.67,1.49,2.46,1.53,6.56,0.82,3,1,CVC,N,934.01,2.971,5.97,7,1.55
via,way,4.66,1.89,4.58,2.12,4.76,1.55,3,2,CV.V,"N,PREP,V",147.474,2.172,5.169,15,1
viaduto,viaduct,4.89,2.12,5.96,1.43,3.32,1.34,7,4,CV.V.CV.CV,N,9.971,1.04,3.999,0,2.85
viagem,trip,5.55,1.51,4.8,1.8,4.67,1.44,6,3,CV.V.CVC,N,98.196,1.997,4.992,3,1.65
viatura,vehicle,6.37,0.98,6.45,0.9,4.91,1.66,7,4,CV.V.CV.CV,N,30.978,1.505,4.491,0,2.05
viável,viable,2.59,1.3,3.18,1.75,4.41,1.47,6,3,CV.V.CVC,ADJ,10.621,1.065,4.026,1,1.95
víbora,viper,5.58,1.56,5.4,1.78,3.16,1.57,6,3,CV.CV.CV,N,0.425,0.154,2.628,0,2.6
viciado,addict,4.25,1.67,3.43,1.65,4.6,1.41,7,4,CV.CV.V.CV,"ADJ,N,V",2.594,0.556,3.414,3,1.75
vida,life,4.4,2.12,3.34,2.28,6.28,0.93,4,2,CV.CV,N,543.7,2.736,5.735,16,1
vidro,glass,6.12,1.47,6.68,0.63,5.39,1.26,5,2,CV.CCV,"N,V",23.176,1.383,4.365,3,1.6
vigilância,watch,3.74,1.81,3.74,1.64,3.97,1.6,10,4,CV.CV.CVC.CVV,N,30.235,1.495,4.481,0,3.5
vigoroso,vigorous,3.33,1.64,2.66,1.28,3.11,1.26,8,4,CV.CV.CV.CV,ADJ,2.565,0.552,3.409,2,2.15
vila,town,5.25,1.46,5.53,1.33,4.68,1.67,4,2,CV.CV,N,63.7,1.811,4.804,14,1
vinho,wine,5.9,1.56,6.33,0.91,4.74,1.52,5,2,CV.CCV,N,63.622,1.81,4.804,8,1.45
viola,classic guitar,6.49,1.02,6.48,0.69,4.16,1.62,5,3,CV.V.CV,"N,V",10.953,1.078,4.04,4,1.55
violação,violation,4.37,1.81,4.08,1.83,3.45,1.09,8,4,CV.V.CV.CVV,N,34.701,1.553,4.54,1,2.05
violência,violence,5.03,1.71,3.81,1.73,4.89,1.37,9,4,CV.V.CVC.CVV,N,100.33,2.006,5.001,0,2.6
violento,violent,4.16,1.8,3.89,1.53,4.61,1.32,8,4,CV.V.CVC.CV,"ADJ,V",15.746,1.224,4.197,2,1.8
violeta,violet,5.47,1.56,5.51,1.55,3.47,1.46,7,4,CV.V.CV.CV,"ADJ,N",1.832,0.452,3.263,0,1.9
violino,violin,6.22,1.17,6.68,0.72,3.13,1.21,7,4,CV.V.CV.CV,N,11.036,1.081,4.043,0,2.5
violoncelo,cello,5.56,1.94,6.44,1.08,2.57,0.89,10,5,CV.V.CVC.CV.CV,N,5.418,0.807,3.734,0,3.8
viragem,turning,3.39,1.51,3.33,1.64,3.48,1.67,7,3,CV.CV.CVC,N,17.372,1.264,4.24,5,1.6
virgem,virgin,4.52,2.07,3.73,1.78,3.96,1.63,6,2,CVC.CVC,"ADJ,N",10.899,1.076,4.037,1,1.8
vírgula,comma,5.65,1.93,5.44,1.84,5.23,1.39,7,3,CVC.CV.CV,N,2.785,0.578,3.445,0,2.75
viril,virile,3.53,2.01,3.5,1.83,2.82,1.28,5,2,CV.CVC,ADJ,1.158,0.334,3.064,4,1.8
virtude,virtue,3.16,1.76,2.5,1.36,4.04,1.49,7,3,CVC.CV.CV,N,26.308,1.436,4.42,0,2.85
visão,vision,4.34,1.87,4.68,2.02,5.52,1.33,5,2,CV.CVV,N,60.486,1.789,4.782,9,1.45
visita,visit,3.85,1.93,4.31,1.9,4.83,1.26,6,3,CV.CV.CV,"N,V",160.962,2.209,5.207,2,1.7
visitante,visitor,4.13,1.9,4.77,1.92,4.25,1.35,9,4,CV.CV.CVC.CV,"ADJ,N",13.703,1.167,4.137,1,2.15
vista,view,4.76,2.03,3.64,1.87,5.14,1.27,5,2,CVC.CV,"ADJ,N,V",213.734,2.332,5.33,8,1.35
visto,visa,3.52,1.75,3.2,1.69,5.09,1.56,5,2,CVC.CV,"ADJ,N,V",106.974,2.033,5.029,13,1.05
visual,visual,3.84,1.88,3.71,1.91,5.1,1.54,6,3,CV.CV.VC,"ADJ,N",15.306,1.212,4.185,0,2
vitela,veal,5.34,1.91,6.36,1.07,4.17,1.24,6,3,CV.CV.CV,N,2.565,0.552,3.409,2,1.8
vítima,victim,4.95,1.81,4.38,1.71,4.64,1.33,6,3,CV.CV.CV,N,71.087,1.858,4.852,1,1.9
vitória,victory,4.87,1.78,3.8,1.79,4.91,1.29,7,3,CV.CV.CVV,N,213.817,2.332,5.33,2,1.85
vivaz,lively,3.57,1.87,2.89,1.75,2.06,0.99,5,2,CV.CVC,ADJ,0.186,0.074,2.269,3,1.8
vivo,alive,4.59,2.03,4.05,2.11,5.8,1.26,4,2,CV.CV,"ADJ,N,V",60.368,1.788,4.781,9,1.4
vizinho,neighbour,5.11,1.67,5.72,1.36,5.51,1.31,7,3,CV.CV.CCV,"ADJ,N,V",26.909,1.446,4.43,2,1.75
vocação,vocation,3.41,1.92,2.92,1.67,4.12,1.34,7,3,CV.CV.CVV,N,21.872,1.359,4.34,3,1.75
vogal,vowel,4.31,2.23,4.45,2.01,4.09,1.76,5,2,CV.CVC,N,5.227,0.794,3.718,3,1.8
volante,steering wheel,5.63,1.87,6.32,1.15,4.96,1.46,7,3,CV.CVC.CV,"ADJ,N",13.249,1.154,4.122,3,1.8
volta,round,3.6,1.84,3.5,1.99,5.86,1.23,5,2,CVC.CV,"N,V",243.583,2.388,5.387,5,1.35
volume,volume,3.93,1.92,4.16,1.78,4.91,1.42,6,3,CV.CV.CV,N,82.23,1.92,4.915,1,2.25
vómito,vomit,4.89,1.98,5.7,1.49,3.86,1.39,6,3,CV.CV.CV,N,0.689,0.228,2.838,1,2
vontade,will,3.38,1.96,3.19,1.75,5.59,1.45,7,3,CVC.CV.CV,N,141.089,2.153,5.15,0,2.35
voo,flight,5.31,1.76,4.86,1.69,4.03,1.5,3,2,CV.V,"N,V",30.475,1.498,4.484,12,1.2
votação,poll,4.1,2.04,4.41,1.86,4.11,1.51,7,3,CV.CV.CVV,N,52.708,1.73,4.722,7,1.65
voto,vote,4.27,1.84,4.7,1.92,3.81,1.37,4,2,CV.CV,"N,V",102.998,2.017,5.013,13,1.15
vovó,Grandma,5.64,1.99,6.18,1.08,2.92,1.96,4,2,CV.CV,N,0.078,0.033,1.893,1,1.9
voz,voice,4.59,1.91,5.07,1.82,5.45,1.4,3,1,CVC,N,133.893,2.13,5.127,8,1.6
vulcão,volcano,5.75,1.46,6.44,0.88,2.5,0.83,6,2,CVC.CVV,N,6.117,0.852,3.787,0,2.35
vulgar,vulgar,3.18,1.76,3.15,1.83,4.51,1.54,6,2,CVC.CVC,"ADJ,N",13.098,1.149,4.117,2,1.9
xadrez,chess,5.95,1.43,6.36,0.94,3.13,1.18,6,2,CV.CCVC,N,10.342,1.055,4.015,0,2.55
xarope,syrup,5.64,1.45,6.11,1.37,3.45,1.14,6,3,CV.CV.CV,N,0.464,0.166,2.667,0,2.6
xilofone,xylophone,5.51,2.01,6.22,1.55,2.39,0.97,8,4,CV.CV.CV.CV,N,0.171,0.069,2.233,0,3.35
zangado,angry,4.6,1.77,3.35,1.76,5.1,1.32,7,3,CVC.CV.CV,"ADJ,V",3.371,0.641,3.528,1,1.85
zebra,zebra,6.19,1.41,6.82,0.47,2.95,0.91,5,2,CV.CCV,N,0.318,0.12,2.502,2,1.85
zelo,zest,3.07,1.79,2.63,1.4,2.83,1.33,4,2,CV.CV,"N,V",5.315,0.8,3.726,12,1.25
zona,zone,4.05,1.96,3.81,1.77,5.04,1.43,4,2,CV.CV,N,300.957,2.48,5.479,7,1.45
