word_chinese_traditional,aoa_mean,familiar_mean,imagine_mean,concrete_mean,semantic_radical_trans_mean,frequency_log,number_stroke,number_word_forms,number_homophones,number_meanings,aoa_raw,familiar_raw,imagine_raw,concrete_raw,semantic_radical_trans_raw
憶,4.095238095,6.5,3.636363636,3.1,5.722222222,1.99710246,16,5,3,2,4.095238095,6.5,3.772727273,3.1,5.473684211
僱,4.75,6.421052632,3.454545455,3.25,4.947368421,1.984904704,14,3,4,2,4.857142857,6.25,3.318181818,3.25,4.947368421
茫,4.523809524,6.526315789,2.954545455,2.6,2.842105263,1.204827532,10,6,4,3,4.523809524,6.35,3.090909091,2.6,2.842105263
欺,4.19047619,6.45,3.409090909,3.35,3.736842105,1.632421823,12,6,14,3,4.181818182,6.45,3.5,3.35,3.736842105
涼,2.523809524,6.684210526,4.409090909,4.45,5.526315789,1.634041319,11,2,9,4,2.590909091,6.5,4.227272727,4.45,5.526315789
猜,3.666666667,6.888888889,2.909090909,4,2.578947368,1.483961926,11,9,2,5,3.666666667,6.7,3,4,2.578947368
埔,4.095238095,5.8,2.05,2.1053,4.789473684,1.785752508,10,3,4,1,4.095238095,5.8,2.636363636,2.35,4.789473684
脂,4.333333333,6.789473684,4.090909091,4.6,5.777777778,1.586243475,10,8,17,3,4.333333333,6.65,4.045454545,4.6,5.526315789
雕,4.65,6.1,4.818181818,4.85,3.052631579,1.443291829,10,8,7,1,4.545454545,6.1,4.636363636,4.85,3.052631579
娥,4.45,5.842105263,3.863636364,2.45,6.052631579,1.487751606,11,7,6,5,4.285714286,5.6,3.869565217,2.45,6.052631579
瘦,3.523809524,6.944444444,5.454545455,5.5263,5.052631579,1.605077623,15,6,8,3,3.523809524,6.75,5.318181818,5.3,5.052631579
塗,3.904761905,6.4,4.363636364,4.65,4.263157895,1.5715617,13,7,13,1,3.904761905,6.4,4.090909091,4.65,4.263157895
軌,4.5,6.736842105,5.090909091,5.6316,6.578947368,1.800323754,9,3,2,9,4.333333333,6.6,5,5.4,6.578947368
牢,4.523809524,6.368421053,5.090909091,5.55,4.947368421,1.230815714,7,4,11,2,4.523809524,6.15,5,5.55,4.947368421
竭,5.4,5.9,2.571428571,2.35,3.157894737,1.212717492,14,5,4,6,5.19047619,5.9,2.826086957,2.35,3.157894737
柳,4.333333333,6.35,5.363636364,5.5789,6.555555556,1.330308798,9,9,2,2,4.333333333,6.35,5.318181818,5.35,6.368421053
鍵,4.333333333,6.526315789,4.363636364,4.55,4,1.858682969,17,2,2,1,4.181818182,6.4,4.181818182,4.55,4
鯊,4.333333333,6.15,6.476190476,6.15,6.526315789,1.235562149,18,1,6,1,4.333333333,6.15,6.318181818,6.15,6.526315789
撒,4.714285714,5.9,4.818181818,3.85,4.947368421,1.467673974,15,5,4,1,4.714285714,5.9,4.545454545,3.85,4.947368421
淨,3.857142857,6.789473684,4.318181818,3.3,4.736842105,1.84481178,11,4,3,1,3.857142857,6.65,4.181818182,3.3,4.736842105
茅,4.666666667,5.75,5.045454545,4.2,5.578947368,1.167827881,9,3,1,1,4.666666667,5.75,4.863636364,4.2,5.578947368
崇,4.904761905,5.894736842,2.227272727,2.95,4.210526316,1.577432722,11,7,0,1,4.904761905,5.65,2.260869565,2.95,4.210526316
忽,3.80952381,6.789473684,2.285714286,1.8421,4.421052632,1.893099004,8,6,7,1,3.80952381,6.65,2.590909091,2.05,4.421052632
棚,4.45,6.05,5.363636364,5.15,5.947368421,1.284008778,12,3,5,4,4.285714286,6.05,5.318181818,5.15,5.947368421
龔,5.857142857,4.6,1.35,1.4737,NA,0.88606877,23,0,10,1,5.857142857,4.6,1.5,1.7,NA
泄,4.666666667,6.25,4.318181818,3.15,4.526315789,1.29414377,8,9,8,3,4.590909091,6.25,4.136363636,3.15,4.526315789
摺,4.45,6.05,4.954545455,5.4211,6,1.156650568,14,5,5,1,4.285714286,6.05,4.909090909,5.25,6
扣,3.19047619,6.736842105,5.227272727,4.55,5.421052632,1.985864471,6,4,4,6,3.19047619,6.65,5.043478261,4.55,5.421052632
碳,5,6.368421053,4.772727273,5.1,5.052631579,1.177955386,14,0,3,NA,5,6.15,4.545454545,5.1,5.052631579
櫻,4.523809524,6.526315789,5.363636364,5.75,6.111111111,1.223250615,21,3,8,1,4.523809524,6.4,5.636363636,5.75,5.894736842
譜,3.952380952,6.2,4.636363636,4.2,4.526315789,1.510178902,19,4,4,2,3.952380952,6.2,4.5,4.2,4.526315789
郡,5.333333333,5.85,2.285714286,3.05,3.105263158,1.161476111,10,4,1,1,5.333333333,5.85,2.47826087,3.05,3.105263158
坡,3.857142857,6.1,4.454545455,4.5,6.611111111,2.014611631,8,5,4,1,3.857142857,6.1,4.363636364,4.5,6.421052632
頌,4.476190476,6.368421053,3.045454545,3.3,2.894736842,1.496714148,13,2,4,1,4.476190476,6.2,3,3.3,2.894736842
歧,4.761904762,5.65,2.272727273,2.5,NA,1.811746058,8,7,18,3,4.761904762,5.65,2.181818182,2.5,NA
焗,4.095238095,6.578947368,4.727272727,5.3158,6.555555556,1.289999142,11,0,1,1,4.136363636,6.4,4.541666667,5.1,6.421052632
忘,3.380952381,6.65,3.227272727,3.7,6.105263158,2.041994939,7,4,4,1,3.454545455,6.65,3.136363636,3.7,6.105263158
翠,4.142857143,6.3,4.636363636,3.65,NA,1.80561898,14,8,3,3,4.142857143,6.3,4.608695652,3.65,NA
芳,3.6,6.684210526,3.590909091,2.1111,5.263157895,1.559576052,8,14,6,3,3.761904762,6.55,3.772727273,2.6,5.263157895
昇,4.571428571,6,3.363636364,3.3,5.684210526,1.046812337,8,0,9,NA,4.571428571,6,3.454545455,3.3,5.684210526
哀,4,6.631578947,3.909090909,3.95,NA,1.526702012,9,4,1,2,4,6.5,3.772727273,3.95,NA
嘴,2.142857143,6.894736842,6.090909091,6.4211,6.666666667,2.038505761,16,5,2,2,2.142857143,6.8,6.090909091,6.25,6.526315789
叢,4.666666667,6.15,5,4.25,NA,1.161476111,18,6,5,1,4.666666667,6.15,5.045454545,4.25,NA
誘,4.619047619,6.631578947,4.227272727,3.65,4.894736842,1.697587921,14,4,4,3,4.590909091,6.5,4.136363636,3.65,4.894736842
祈,4.428571429,5.25,3.5,3.25,5.315789474,1.385240165,9,4,18,1,4.428571429,5.25,3.227272727,3.25,5.315789474
棟,4.428571429,6.3,4.227272727,4.25,5.052631579,1.449928741,12,9,5,1,4.428571429,6.3,4.409090909,4.25,5.052631579
忌,4.428571429,6.4,3.227272727,3.25,5.944444444,1.726183581,7,4,3,2,4.454545455,6.4,3.125,3.25,5.736842105
御,5.095238095,6.15,3.272727273,2.8,3.421052632,1.359657104,11,10,16,2,5.095238095,6.15,3.454545455,2.8,3.421052632
氧,4.523809524,6.4,3.681818182,3.95,6.666666667,1.5051331,10,2,3,1,4.5,6.4,3.590909091,3.95,6.578947368
嫁,4.380952381,6.842105263,4.727272727,5.2105,6,1.567184325,13,4,6,3,4.409090909,6.7,4.909090909,5,6
橋,2.952380952,6.888888889,5.818181818,6.1,6.222222222,2.127725913,16,10,4,2,2.952380952,6.7,5.590909091,6.1,6
芝,3.666666667,6.842105263,4.272727273,3.8,3.526315789,1.95185071,8,5,17,2,3.666666667,6.7,4.086956522,3.8,3.526315789
抨,5.333333333,5.2,2.714285714,3.3,5.157894737,1.074059252,8,3,7,1,5.333333333,5.2,2.954545455,3.3,5.157894737
悼,5.285714286,5.8,2.818181818,2.5263,5.789473684,1.41967138,11,2,9,4,5.285714286,5.8,2.954545455,2.75,5.789473684
稿,4.857142857,6.368421053,4.363636364,4.25,2.789473684,1.842650693,15,6,0,3,4.857142857,6.2,4.136363636,4.25,2.789473684
臉,3.047619048,6.789473684,5.818181818,5.7,6.368421053,2.009421248,17,3,2,2,3.047619048,6.7,5.772727273,5.7,6.368421053
咽,4.238095238,6.315789474,4.590909091,4.6,6.105263158,0.961970402,9,10,6,4,4.238095238,6.1,4.5,4.6,6.105263158
敲,3.857142857,6.4,5.428571429,5,NA,1.530821832,14,4,4,4,3.857142857,6.4,5.136363636,5,NA
桶,3.8,6.15,5.681818182,6,6.277777778,1.68674767,11,2,1,2,3.666666667,6.15,5.681818182,5.75,6.105263158
晒,4.095238095,6.25,3.909090909,3.45,5.631578947,2.142178227,10,9,1,1,4.090909091,6.25,3.681818182,3.45,5.631578947
填,3.55,6.578947368,4.772727273,4.5,5.052631579,1.783657683,13,6,2,3,3.428571429,6.3,4.727272727,4.5,5.052631579
塊,3.7,6.631578947,4.454545455,3.7,4.684210526,1.857879166,13,5,2,3,3.571428571,6.5,4.272727273,3.7,4.684210526
驕,4.1,6.263157895,3.772727273,3.1,3.894736842,1.274865399,22,10,2,3,3.952380952,6.05,3.772727273,3.1,3.894736842
棋,3.842105263,6.842105263,5.863636364,5.7,5.315789474,1.430567448,12,8,18,1,3.571428571,6.75,5.772727273,5.7,5.315789474
框,4.19047619,6.2,5.5,5.2,5.684210526,1.643106113,10,5,1,2,4.181818182,6.2,5.363636364,5.2,5.684210526
炳,5.047619048,4.65,1.954545455,1.9474,4.210526316,2.004397806,9,0,3,1,5.047619048,4.65,2,2.15,4.210526316
錶,3.619047619,6.736842105,5.727272727,5.9,5.888888889,1.694082701,16,3,7,1,3.636363636,6.6,5.681818182,5.9,5.684210526
恤,4.476190476,5.9,3.636363636,3.45,4.947368421,1.381401073,9,4,3,1,4.476190476,5.9,3.681818182,3.45,4.947368421
廷,4.8,5.7,3.636363636,2.3,NA,2.071016381,7,4,6,1,4.590909091,5.7,3.416666667,2.3,NA
傲,4.380952381,6.578947368,2.863636364,3,3.368421053,1.491134271,13,7,0,1,4.380952381,6.45,2.818181818,3,3.368421053
葡,3.80952381,6.35,4.681818182,4.35,5.631578947,1.814244061,13,5,4,1,3.772727273,6.35,4.681818182,4.35,5.631578947
冀,5.523809524,5.35,2.238095238,1.9474,NA,1.443291829,16,1,2,1,5.523809524,5.35,2.545454545,2.2,NA
盲,3.80952381,6.368421053,5.409090909,5.1,6.777777778,1.413000059,8,12,0,3,3.80952381,6.15,5.304347826,5.1,6.526315789
隧,4.333333333,6.35,4.454545455,4.1,2.947368421,1.455247535,16,1,8,1,4.333333333,6.35,4.409090909,4.1,2.947368421
娶,4.5,6.578947368,5.428571429,4.75,6.055555556,1.191599266,11,4,2,1,4.333333333,6.3,5.136363636,4.75,5.842105263
裂,3.619047619,6.4,5.318181818,5.1,4.105263158,1.879229345,12,6,4,4,3.619047619,6.4,5.272727273,5.1,4.105263158
怡,3.571428571,6.5,2.285714286,2.2105,5.210526316,1.84215045,8,5,16,2,3.545454545,6.5,2.375,2.45,5.210526316
呃,4.476190476,6.210526316,2.476190476,2.8,4.894736842,1.138483511,7,2,2,1,4.476190476,5.95,2.608695652,2.8,4.894736842
敬,3.75,6.65,3.363636364,3.3,2.473684211,1.858843551,13,13,4,1,3.619047619,6.65,3.363636364,3.3,2.473684211
擬,4.761904762,6.210526316,2.590909091,2.65,4.789473684,1.99710246,17,7,8,7,4.761904762,5.95,2.363636364,2.65,4.789473684
叛,5.25,6.45,3.363636364,3.05,NA,1.284611547,9,9,4,2,5.142857143,6.45,3.272727273,3.05,NA
龐,4.5,6.210526316,3.363636364,3.3,4.157894737,1.480522709,20,3,6,1,4.619047619,5.95,3.545454545,3.3,4.157894737
綱,4.9,6,3.227272727,2.3684,4.421052632,1.230133398,14,6,7,3,4.727272727,6,3,2.6,4.421052632
叮,3.238095238,6.684210526,3.954545455,3.5,5.210526316,1.234887255,5,3,4,2,3.238095238,6.55,3.772727273,3.5,5.210526316
婉,4.476190476,5.6,3.090909091,2.0526,5.052631579,1.471607828,11,6,8,3,4.318181818,5.6,2.954545455,2.25,5.052631579
魅,5.19047619,5.5,4.454545455,3.1,5.526315789,1.387147059,15,5,3,1,5.19047619,5.5,4.227272727,3.1,5.526315789
慨,5.1,6.45,2.238095238,1.8947,5,1.471999261,12,5,5,2,4.904761905,6.45,2.545454545,2.15,5
醉,4.380952381,6.35,5.227272727,5,5.526315789,1.832022642,15,12,3,3,4.380952381,6.35,5.181818182,5,5.526315789
懶,3.666666667,6.578947368,4.727272727,4.35,5.315789474,1.47003856,19,6,0,3,3.666666667,6.3,4.590909091,4.35,5.315789474
旱,3.952380952,6.05,4.909090909,4.9,5.777777778,0.742646627,7,4,2,2,3.952380952,6.05,4.826086957,4.9,5.526315789
汗,2.857142857,6.65,5.571428571,5.35,6.666666667,1.612501641,6,11,3,2,2.857142857,6.65,5.260869565,5.35,6.578947368
蒙,4.6,6.25,3.909090909,3.5,2.947368421,2.026122658,14,8,5,3,4.428571429,6.25,3.863636364,3.5,2.947368421
械,4.80952381,6.05,4.909090909,4.5,4.368421053,1.636459297,11,2,2,1,4.80952381,6.05,4.636363636,4.5,4.368421053
漠,3.75,6.35,4.090909091,3.5,4.263157895,1.384283569,14,5,4,4,3.904761905,6.35,4,3.5,4.263157895
撰,5.476190476,5.2,3.636363636,3.2,5.722222222,2.08056384,15,6,2,1,5.476190476,5.2,3.636363636,3.2,5.473684211
蔬,3.25,6.631578947,5.318181818,4.7,6.611111111,1.347842333,16,2,5,1,3.142857143,6.5,5.181818182,4.7,6.473684211
奸,4.3,6.684210526,3.909090909,3.85,3.736842105,1.399804135,6,5,4,1,4.181818182,6.45,3.625,3.85,3.736842105
抓,3.15,6.842105263,5.409090909,5.2,6.368421053,1.55701005,7,6,3,3,3.285714286,6.75,5.363636364,5.2,6.368421053
霧,4.25,6.2,6.047619048,6.2105,6.333333333,1.679529313,19,4,8,2,3.954545455,6.2,5.772727273,5.95,6.210526316
浙,5.35,5.8,2.454545455,1.9,5.105263158,1.396092194,10,1,5,1,5.238095238,5.8,2.5,1.9,5.105263158
慌,3.952380952,6.736842105,4.090909091,3.6,6.210526316,1.483961926,13,4,6,2,3.952380952,6.6,4.045454545,3.6,6.210526316
浴,3.238095238,6.842105263,4.727272727,4.8,6.388888889,1.542951869,10,5,10,1,3.238095238,6.7,4.681818182,4.8,6.263157895
銅,4.047619048,6.4,5.136363636,5.2632,6.5,1.996518181,14,8,10,1,4.047619048,6.4,5,5.05,6.315789474
瀉,5.25,6.421052632,4.545454545,4.45,5.210526316,1.333011324,18,8,3,3,5.047619048,6.25,4.545454545,4.45,5.210526316
伙,4.238095238,6.368421053,3.909090909,3.25,6.277777778,1.651209344,6,5,3,2,4.181818182,6.1,3.772727273,3.25,6.105263158
孤,4.19047619,6.4,3.590909091,4.1,4.684210526,1.605365522,8,10,6,1,4.227272727,6.4,3.625,4.1,4.684210526
噸,4.857142857,6.052631579,3.363636364,3.45,2.684210526,1.520448063,16,0,3,1,4.857142857,5.8,3.260869565,3.45,2.684210526
蛙,2.904761905,6.65,5.681818182,6.2105,5.722222222,1.043676623,12,5,6,1,2.904761905,6.65,5.590909091,6.05,5.473684211
棠,5.095238095,5.95,3.727272727,2.3684,5.421052632,1.241589463,12,4,9,2,5.095238095,5.95,3.727272727,2.6,5.421052632
譯,5.047619048,6.3,3.045454545,3.2,5.888888889,1.679043796,20,5,15,3,5.047619048,6.3,3,3.2,5.684210526
漲,4.619047619,6.421052632,4.590909091,4.65,5.777777778,1.516581393,14,4,7,1,4.619047619,6.2,4.318181818,4.65,5.526315789
烤,4.15,6.45,5.045454545,5.55,6.578947368,1.335161301,10,6,4,1,4,6.45,4.954545455,5.55,6.578947368
趙,4.333333333,6.25,1.571428571,1.5263,2.421052632,1.908978049,14,1,1,1,4.333333333,6.25,1.869565217,1.65,2.421052632
礦,4.714285714,6.1,4.181818182,5.05,6.421052632,1.53184571,20,9,2,2,4.714285714,6.1,4,5.05,6.421052632
押,4.75,6.368421053,4.409090909,3.95,5.157894737,1.871501481,8,5,2,5,4.571428571,6.15,4.347826087,3.95,5.157894737
磚,4.05,6.05,6.142857143,5.95,6.105263158,1.438246725,16,2,2,1,4.19047619,6.05,5.727272727,5.95,6.105263158
斃,5.904761905,5.75,5,4.9,NA,1.466882909,17,4,4,1,5.904761905,5.75,4.863636364,4.9,NA
喊,3.047619048,6.684210526,4.818181818,5.1,6.263157895,1.755463482,13,8,0,2,3.047619048,6.4,4.652173913,5.1,6.263157895
圓,2.333333333,6.684210526,5.727272727,6.1579,3.421052632,2.096457897,13,5,17,3,2.333333333,6.4,5.565217391,6,3.421052632
奕,5.428571429,5.947368421,1.5,1.3684,NA,1.592217359,9,2,15,3,5.428571429,5.75,2.090909091,1.55,NA
燃,4.523809524,6.3,5.045454545,4.05,6.722222222,1.701987636,16,6,10,1,4.523809524,6.3,4.954545455,4.05,6.578947368
涌,4.619047619,5.9,3.272727273,2.8,4.789473684,1.632962326,10,1,13,2,4.619047619,5.9,3.409090909,2.8,4.789473684
洩,5,6.1,3.863636364,3.35,4.473684211,1.5214966620000001,9,1,8,1,4.80952381,6.1,3.681818182,3.35,4.473684211
灑,4.380952381,6.45,4.590909091,5.1579,6.105263158,1.45606006,22,6,3,1,4.380952381,6.45,4.454545455,4.95,6.105263158
剪,2.904761905,6.789473684,5.272727273,5.5,6.555555556,1.770871998,11,13,4,1,2.904761905,6.65,5.318181818,5.5,6.315789474
曬,4.285714286,6.578947368,5.227272727,4.65,6.473684211,1.550854337,23,9,1,1,4.318181818,6.45,5.227272727,4.65,6.473684211
擎,5.571428571,5.7,3.909090909,3.75,4.578947368,1.453209546,17,5,2,2,5.571428571,5.7,3.863636364,3.75,4.578947368
樽,3.476190476,6.315789474,5.636363636,5.6,4.526315789,1.565925499,16,2,5,1,3.545454545,6.1,5.5,5.6,4.526315789
狠,4.75,6.3,3.863636364,3.95,4.473684211,1.5144577,9,5,3,4,4.571428571,6.3,3.636363636,3.95,4.473684211
誕,3.571428571,6.5,4.045454545,3.75,3.789473684,2.122508055,15,2,1,1,3.571428571,6.5,3.909090909,3.75,3.789473684
躲,3.904761905,6.666666667,4.772727273,4.75,5.789473684,1.29532072,13,3,1,1,3.904761905,6.4,4.772727273,4.75,5.789473684
耗,5.05,6.105263158,3.409090909,3.45,NA,1.736944648,10,10,1,5,4.857142857,5.85,3.217391304,3.45,NA
莉,4.571428571,6.1,2.409090909,2.25,3.263157895,1.848115672,11,1,5,1,4.571428571,6.1,2.409090909,2.25,3.263157895
喻,4.523809524,6.578947368,1.571428571,2.2,5.473684211,1.574970379,12,1,16,2,4.545454545,6.4,1.818181818,2.2,5.473684211
偕,5.6,5.45,1.952380952,2.1579,4.368421053,1.273631607,11,3,4,1,5.380952381,5.45,2.272727273,2.4,4.368421053
俄,4.619047619,5.9,3.090909091,2.4,2.894736842,2.302431861,10,4,6,1,4.619047619,5.9,3.090909091,2.4,2.894736842
野,3.619047619,6.842105263,4.045454545,3.15,NA,2.153240498,11,12,3,4,3.619047619,6.7,4.045454545,3.15,NA
弊,4.8,6,2.818181818,3.15,NA,1.324852765,14,6,4,7,4.619047619,6,2.826086957,3.15,NA
努,2.904761905,6.85,3,2.6,5.526315789,2.008398442,7,3,7,2,2.818181818,6.85,3.045454545,2.6,5.526315789
潔,3.238095238,6.684210526,4.681818182,3.9,5.421052632,1.982978783,15,15,2,4,3.238095238,6.4,4.681818182,3.9,5.421052632
妨,4.666666667,6.421052632,2.636363636,1.9474,2.388888889,1.642313845,7,4,2,2,4.590909091,6.15,2.363636364,2.15,2.631578947
賑,5.523809524,4.95,2.285714286,3.65,5.157894737,0.232856256,14,8,4,1,5.523809524,4.95,2.454545455,3.65,5.157894737
餵,3.380952381,6.736842105,4.954545455,5.2632,6.631578947,1.401648276,17,4,6,1,3.363636364,6.6,4.791666667,5.05,6.631578947
邵,5.666666667,4.75,1.333333333,1.2105,3.105263158,1.556688232,8,0,3,1,5.666666667,4.75,1.5,1.5,3.105263158
媛,5.428571429,4.95,2.772727273,2.35,5.789473684,1.2369088,12,3,4,1,5.5,4.95,2.727272727,2.35,5.789473684
挺,4.238095238,6.263157895,3.772727273,3.75,5.263157895,1.548564267,10,11,1,3,4.238095238,6,3.782608696,3.75,5.263157895
割,4.619047619,6.473684211,4.863636364,4.5,5.947368421,1.611083767,12,11,1,1,4.590909091,6.35,4.727272727,4.5,5.947368421
紮,4.65,6.052631579,4.954545455,4.2,4.210526316,1.502952537,11,7,1,1,4.476190476,5.8,4.954545455,4.2,4.210526316
碩,5.285714286,6.052631579,3.272727273,2.45,4.105263158,1.668969187,14,2,2,1,5.285714286,5.8,3.409090909,2.45,4.105263158
慾,5,6.25,4.409090909,3.35,6.166666667,1.233534311,15,8,10,1,5,6.25,4.454545455,3.35,5.947368421
渣,4.476190476,5.9,4.272727273,3.7,3.526315789,1.635923131,12,7,3,1,4.476190476,5.9,4.045454545,3.7,3.526315789
崩,4.666666667,6.473684211,4.545454545,4.15,5.947368421,1.378499317,11,8,2,1,4.666666667,6.3,4.681818182,4.15,5.947368421
猶,4.714285714,6.315789474,2.909090909,1.8947,2.631578947,1.863315914,12,7,14,1,4.714285714,6.1,2.772727273,2.15,2.631578947
殯,5,6,4.954545455,3.95,5.210526316,1.209148906,18,3,1,2,5,6,5,3.95,5.210526316
礙,4.857142857,6.631578947,3.5,3.25,5.263157895,1.969874867,19,8,1,4,4.857142857,6.5,3.52173913,3.25,5.263157895
屢,5.333333333,5.9,1.380952381,2.5,2.736842105,1.593106396,13,5,9,1,5.333333333,5.9,1.681818182,2.5,2.736842105
爺,1.857142857,6.6,5.181818182,5.15,NA,1.812818391,13,3,3,3,1.857142857,6.6,5.181818182,5.15,NA
歉,3.619047619,6.421052632,3.090909091,3.95,4.842105263,1.866166872,14,5,5,3,3.619047619,6.15,3,3.95,4.842105263
姑,2.952380952,6.894736842,4.090909091,4.15,6.578947368,1.590731574,8,4,6,1,2.952380952,6.75,3.954545455,4.15,6.578947368
哩,4.666666667,5.1,1.2,1.2222,3.894736842,1.477828804,10,0,6,2,4.666666667,5.1,1.681818182,1.7,3.894736842
濱,4.761904762,5.736842105,4.045454545,3.25,5.631578947,1.601607875,17,1,6,2,4.761904762,5.5,4.304347826,3.25,5.631578947
癡,4.85,6.315789474,3.409090909,3.65,5.684210526,1.279765812,19,7,5,3,4.666666667,6.15,3.272727273,3.65,5.684210526
暗,3.142857143,6.842105263,5.090909091,4.7,5.210526316,2.09113021,13,6,0,3,3.142857143,6.75,5.090909091,4.7,5.210526316
喉,3.571428571,6.578947368,5.318181818,5.5789,6.263157895,1.667475053,12,3,2,1,3.571428571,6.45,5.136363636,5.35,6.263157895
遵,4.25,6.15,2.045454545,3.35,2.736842105,1.34940174,16,8,5,1,4.090909091,6.15,2.181818182,3.35,2.736842105
擱,5.571428571,5.2,3.590909091,3.1,5.631578947,1.29532072,17,5,5,2,5.571428571,5.2,3.454545455,3.1,5.631578947
昭,5.571428571,4.95,1.8,1.8947,5,1.534902938,9,8,2,1,5.571428571,4.95,2.363636364,2.1,5
鳳,4.857142857,6,5.409090909,5.5,NA,1.79700429,14,5,1,1,4.857142857,6,5.318181818,5.5,NA
諱,5.523809524,5.2,2.136363636,1.8947,5.210526316,1.119523201,16,5,7,1,5.5,5.2,2.227272727,2.1,5.210526316
澤,4.428571429,5.736842105,4.090909091,3.15,5.105263158,2.100802265,16,9,5,1,4.428571429,5.5,3.913043478,3.15,5.105263158
笨,3.19047619,6.684210526,3.909090909,3.6,2.210526316,1.156650568,11,6,0,1,3.19047619,6.45,3.954545455,3.6,2.210526316
闆,4.333333333,6.2,3.409090909,1.9474,2.388888889,1.936953126,17,1,5,1,4.333333333,6.2,3.347826087,2.15,2.631578947
嫂,4.2,6.684210526,4.590909091,5.1,6.555555556,1.068150392,13,4,1,1,4.047619048,6.5,4.782608696,5.1,6.368421053
懸,5.142857143,5.95,3.909090909,3.6,4.631578947,1.611083767,19,13,17,6,5.136363636,5.95,3.772727273,3.6,4.631578947
狹,4.7,5.5,4.363636364,3.65,2.684210526,1.135946243,10,7,1,4,4.523809524,5.5,4.260869565,3.65,2.684210526
瑟,5.476190476,4.75,2.772727273,2.2632,NA,1.092257273,13,4,5,4,5.476190476,4.75,2.818181818,2.5,NA
粒,3.047619048,6.894736842,5.045454545,4.6,5.473684211,1.78897022,11,7,2,3,3.047619048,6.8,4.909090909,4.6,5.473684211
傭,4.428571429,6.473684211,4.045454545,4.15,5.684210526,1.871657394,13,3,13,3,4.428571429,6.3,4.090909091,4.15,5.684210526
挫,4.857142857,6.315789474,3.727272727,3.15,4.789473684,1.583225433,10,5,1,3,4.857142857,6.05,3.565217391,3.15,4.789473684
曦,5.523809524,5.35,3.363636364,3.25,5.578947368,1.237580562,21,3,14,1,5.454545455,5.35,3.227272727,3.25,5.578947368
彼,4.619047619,6.789473684,2.545454545,1.6316,3.947368421,1.681224359,8,3,5,3,4.619047619,6.65,2.363636364,1.8,3.947368421
窄,4.142857143,6.789473684,5.227272727,4.6,5.052631579,1.594879029,10,3,1,2,4.142857143,6.7,5.090909091,4.6,5.052631579
誰,3.238095238,6.842105263,3.136363636,2.65,2.842105263,2.076886636,15,1,2,1,3.238095238,6.75,3,2.65,2.842105263
熄,4.095238095,6.421052632,4.727272727,4.1,6.052631579,1.282195437,14,3,20,1,4.090909091,6.2,4.681818182,4.1,6.052631579
唯,4.285714286,6.4,1.761904762,2.3684,2.111111111,2.087826139,11,8,9,2,4.285714286,6.4,2.045454545,2.6,2.368421053
煤,4.25,6.578947368,5.727272727,5.65,6.052631579,1.408947515,13,3,7,1,4.090909091,6.4,5.727272727,5.65,6.052631579
艇,4.619047619,6.1,5.857142857,5.7,6.736842105,1.745157007,13,3,0,1,4.619047619,6.1,5.590909091,5.7,6.736842105
擦,3.142857143,6.578947368,4.636363636,4.5,6,1.554428798,17,3,2,2,3.142857143,6.35,4.545454545,4.5,6
催,4,6.315789474,3.909090909,3.85,3.578947368,1.890718487,13,5,6,1,4,6.05,3.782608696,3.85,3.578947368
滋,4.428571429,6.421052632,3.409090909,2.2632,4,1.885465164,12,10,17,2,4.428571429,6.2,3.272727273,2.5,4
淑,4.476190476,6.3,2.523809524,2.2105,2.842105263,1.635386302,11,3,5,1,4.476190476,6.3,2.681818182,2.45,2.842105263
緩,4.7,6.4,3.318181818,3.05,2.947368421,1.981165442,15,11,4,1,4.523809524,6.4,3.304347826,3.05,2.947368421
莊,4.55,6.578947368,3.863636364,3.2,4.578947368,1.968505049,11,7,7,5,4.380952381,6.45,4,3.2,4.578947368
賦,5.25,5.6,2.863636364,2.95,4.263157895,1.223943823,15,7,5,1,5.045454545,5.6,2.772727273,2.95,4.263157895
滯,5.380952381,6,3.681818182,2.95,3.578947368,1.468068967,14,6,0,1,5.380952381,6,3.545454545,2.95,3.578947368
呔,5.142857143,5.4,3.409090909,4,3.210526316,0.60851987,7,0,1,0,5.142857143,5.4,3.181818182,4,3.210526316
悅,4.1,6.157894737,4.227272727,3.2,5.736842105,1.68674767,10,2,6,2,3.954545455,5.9,4.045454545,3.2,5.736842105
凱,4.761904762,5.9,2.095238095,2.0526,NA,1.930739165,12,5,3,2,4.761904762,5.9,2.409090909,2.3,NA
倆,4.2,6.631578947,4,3.8,5.894736842,1.217664757,10,2,1,1,4.047619048,6.45,3.772727273,3.8,5.894736842
鵬,5.047619048,5.6,5.045454545,4.6,6.833333333,1.611935047,19,6,5,1,5.090909091,5.6,5.045454545,4.6,6.684210526
沽,5.476190476,6.105263158,3.227272727,2.75,4.263157895,1.381882819,8,3,6,1,5.476190476,5.85,3.043478261,2.75,4.263157895
逛,4.45,6.5,4.5,4.75,4.789473684,1.287014288,11,3,0,1,4.285714286,6.5,4.318181818,4.75,4.789473684
犧,5.19047619,5.75,2.909090909,2.55,3.947368421,1.366195535,21,3,14,1,5.19047619,5.75,2.954545455,2.55,3.947368421
枉,4.857142857,6.105263158,1.952380952,2.3,2.894736842,0.998385114,8,5,0,5,4.857142857,5.85,2.130434783,2.3,2.894736842
賺,4.19047619,6.842105263,4.136363636,4,6.333333333,1.930058345,17,3,2,3,4.272727273,6.75,4,4,6.105263158
鞭,5,6,5.954545455,6,4.947368421,1.144346785,18,9,2,1,5,6,5.869565217,5.75,4.947368421
衛,4.55,6.578947368,3,2.9,3.631578947,2.047436772,15,6,9,1,4.380952381,6.3,3.090909091,2.9,3.631578947
誼,3.904761905,6.578947368,2,2.1579,4.210526316,1.358642397,15,5,16,1,3.909090909,6.4,2.166666667,2.4,4.210526316
掉,3.333333333,6.894736842,4.136363636,3.85,5.157894737,1.989207051,11,10,1,6,3.333333333,6.8,4.272727273,3.85,5.157894737
姆,4.428571429,6.157894737,3.272727273,2.2632,4.631578947,1.628073406,8,1,7,1,4.428571429,5.9,3.52173913,2.5,4.631578947
縱,4.761904762,6.25,3.409090909,2.9,3.368421053,1.850249802,17,16,5,3,4.761904762,6.25,3.272727273,2.9,3.368421053
坤,5,5.3,1.428571429,1.6111,3.210526316,1.305198077,8,4,6,3,5,5.3,1.681818182,2.15,3.210526316
崗,4.55,6,4.318181818,3.65,6,1.570627398,11,5,7,1,4.380952381,6,4.181818182,3.65,6
爬,2.761904762,6.842105263,5.681818182,5.5789,6,1.625608152,8,5,2,3,2.761904762,6.7,5.636363636,5.35,5.789473684
諷,4.9,6.05,3.272727273,3.05,6,1.501492722,16,5,0,3,4.727272727,6.05,2.958333333,3.05,6
喚,4.333333333,6.631578947,4.090909091,3.3,6.166666667,1.502223243,12,3,6,3,4.333333333,6.5,3.863636364,3.3,5.894736842
梅,3.9,6.684210526,5.363636364,5.35,5.421052632,2.049718716,11,8,7,1,4.047619048,6.55,5.181818182,5.35,5.421052632
赴,4.761904762,6.421052632,3.636363636,3.4,6.055555556,1.886370258,9,3,8,4,4.761904762,6.25,3.5,3.4,5.894736842
嫩,4.857142857,6.2,4.409090909,3.7,5.421052632,1.28940381,14,3,0,5,4.857142857,6.2,4.318181818,3.7,5.421052632
杯,2.476190476,6.85,5.909090909,6.6316,3.684210526,1.850904353,8,7,2,1,2.409090909,6.85,5.727272727,6.45,3.684210526
漸,4.476190476,6.789473684,2.727272727,2.65,2.894736842,2.059234796,14,7,0,1,4.476190476,6.7,2.636363636,2.65,2.894736842
掘,4.666666667,6.15,4.772727273,4.45,6.111111111,1.489258266,12,2,2,1,4.666666667,6.15,4.681818182,4.45,5.894736842
柔,3.714285714,6.578947368,4.5,3.75,3.578947368,1.556366174,9,3,14,4,3.714285714,6.3,4.363636364,3.75,3.578947368
纜,4.666666667,5.75,5.090909091,4.35,5.368421053,1.411203595,27,3,3,2,4.666666667,5.75,4.913043478,4.35,5.368421053
劑,4.95,6.35,3.727272727,4,3.105263158,1.681707445,16,2,2,2,4.761904762,6.35,3.636363636,4,3.105263158
洪,4.1,6.421052632,4.045454545,3.3,5.631578947,1.854000068,9,2,6,2,4.238095238,6.25,4.136363636,3.3,5.631578947
裕,4.714285714,6.105263158,3.045454545,2.35,3.421052632,1.519747588,13,6,16,1,4.714285714,5.85,2.772727273,2.35,3.421052632
捨,4.3,6.6,3.5,2.9,5,1.543947577,11,7,1,1,4.142857143,6.6,3.727272727,2.9,5
汪,2.952380952,6.684210526,4.818181818,4.05,3.631578947,1.431427437,7,4,0,3,2.952380952,6.55,4.727272727,4.05,3.631578947
沃,5.428571429,5.2,2.590909091,1.85,4.157894737,1.241589463,7,4,3,1,5.428571429,5.2,2.681818182,1.85,4.157894737
掣,4.428571429,5.95,4.272727273,5.1,5.526315789,1.353532991,13,4,6,4,4.428571429,5.95,4.217391304,5.1,5.526315789
撕,4.380952381,6.3,5.227272727,5,6.277777778,1.39515923,15,6,13,1,4.363636364,6.3,5.125,5,6.105263158
閣,4.761904762,5.75,4.090909091,4.5,5.263157895,1.569378528,14,4,5,7,4.761904762,5.75,3.909090909,4.5,5.263157895
潤,4.65,6.368421053,4.636363636,3.8,5.684210526,1.911118489,15,4,1,6,4.476190476,6.15,4.409090909,3.8,5.684210526
揀,4.142857143,6.736842105,4.545454545,4.25,5.631578947,1.797374374,13,2,5,2,4.142857143,6.6,4.318181818,4.25,5.631578947
帽,2.952380952,6.944444444,6.045454545,6.4737,5.736842105,1.630796264,12,1,0,1,2.952380952,6.75,6.045454545,6.3,5.736842105
諧,5,6.05,2.727272727,2.55,5.105263158,1.346277306,16,7,3,1,5,6.05,2.727272727,2.55,5.105263158
瑪,4.857142857,5.4,2.590909091,1.4,4.842105263,1.765132775,14,1,3,1,4.857142857,5.4,2.727272727,1.4,4.842105263
碑,4.85,6.157894737,5.272727273,4.35,6.666666667,1.298249217,13,5,2,3,4.666666667,5.9,5.272727273,4.35,6.473684211
恭,3.285714286,6.526315789,3.545454545,2.6,4.421052632,1.403484619,10,4,10,2,3.285714286,6.4,3.5,2.6,4.421052632
岐,5.619047619,4.9,1.7,2.2,5.105263158,1.026559354,7,1,18,1,5.636363636,4.9,2.136363636,2.2,5.105263158
頑,3.526315789,6.421052632,3.045454545,2.6,2.210526316,1.101537423,13,6,4,4,3.523809524,6.15,2.818181818,2.6,2.210526316
賄,5.6,5.95,3.090909091,3.55,6.055555556,1.562444796,13,4,4,2,5.476190476,5.95,3.227272727,3.55,5.842105263
愚,5.15,6.315789474,4.045454545,3.75,5.722222222,1.111521644,12,11,28,1,4.952380952,6.15,4,3.75,5.473684211
欖,5,5.3,4.318181818,3.9,5.421052632,1.385240165,25,5,0,1,5,5.3,4.272727273,3.9,5.421052632
奢,5.047619048,6,3.590909091,2.8,NA,1.335161301,11,6,1,4,5.047619048,6,3.363636364,2.8,NA
愉,3.80952381,6.5,2.727272727,3.55,5.736842105,1.488882091,12,3,28,3,3.80952381,6.5,2.545454545,3.55,5.736842105
浮,4.15,6.578947368,4.954545455,4.6,6.388888889,1.755870697,10,5,0,4,4.045454545,6.45,4.954545455,4.6,6.263157895
翡,4.80952381,5.6,4.272727273,3.85,1.722222222,1.119523201,14,2,2,2,4.818181818,5.6,4.227272727,3.85,1.894736842
撫,4.7,6,4.318181818,4.05,5.842105263,1.356605842,15,10,9,1,4.5,6,4.136363636,4.05,5.842105263
倘,5.19047619,5.8,1.5,1.5263,3.105263158,1.430997656,10,2,6,1,5.19047619,5.8,1.863636364,1.8,3.105263158
臂,3.571428571,6.55,6.136363636,5.9,6.555555556,1.587744667,17,4,8,1,3.571428571,6.55,6.136363636,5.9,6.421052632
靴,4.95,6.1,6.238095238,5.95,5.526315789,1.36016357,13,3,0,1,4.761904762,6.1,5.818181818,5.95,5.526315789
俠,4.380952381,6.421052632,4.454545455,4.05,6.111111111,1.641784863,9,3,3,1,4.380952381,6.25,4.454545455,4.05,5.842105263
玻,3.952380952,6.35,4.363636364,4.2,4.894736842,1.813175247,9,1,4,1,3.952380952,6.35,4.272727273,4.2,4.894736842
洽,5.1,5.35,2.954545455,1.8947,3.157894737,1.342076117,9,6,1,4,4.904761905,5.35,2.956521739,2.1,3.157894737
鈴,3.80952381,6.736842105,5.090909091,5.45,6.111111111,1.086592482,13,4,16,1,3.80952381,6.6,4.909090909,5.45,5.894736842
裸,4.75,6.25,5.045454545,4.8,4.210526316,1.771068556,13,5,1,1,4.571428571,6.25,4.909090909,4.8,4.210526316
貿,4.80952381,6.1,2.636363636,3,6.111111111,2.009194165,12,2,3,2,4.80952381,6.1,2.727272727,3,5.842105263
訟,5.8,5.2,2.095238095,2.4211,5.421052632,1.462905826,11,3,4,1,5.666666667,5.2,2.318181818,2.65,5.421052632
磨,4.45,6.631578947,4.5,4.6,4.473684211,1.671942121,16,18,1,6,4.285714286,6.5,4.409090909,4.6,4.473684211
雞,2.761904762,6.894736842,6.75,6.6316,3.263157895,2.374550937,18,10,0,1,2.761904762,6.8,6.272727273,6.45,3.263157895
豁,5.4,5.95,2.909090909,2.95,NA,1.30920082,17,7,1,10,5.136363636,5.95,2.541666667,2.95,NA
朴,6,5.2,1.619047619,1.7,3.842105263,1.481672143,6,5,4,1,5.761904762,5.2,1.869565217,1.7,3.842105263
翅,3.761904762,6.578947368,5.272727273,5.8421,6.526315789,1.056085881,10,2,7,2,3.761904762,6.45,5.318181818,5.6,6.526315789
頗,4.904761905,5.65,1.476190476,2.25,2.157894737,1.80561898,14,1,0,4,4.904761905,5.65,1.681818182,2.25,2.157894737
蹟,4.666666667,6.263157895,3.636363636,3.35,4.736842105,1.422749936,18,3,12,1,4.666666667,6,3.590909091,3.35,4.736842105
屏,4.619047619,6.35,4.863636364,4.65,2.526315789,1.718932353,9,10,7,4,4.619047619,6.35,4.909090909,4.65,2.526315789
恢,4.476190476,6.25,2.454545455,2.0526,3.894736842,1.672682186,9,3,4,4,4.476190476,6.25,2.5,2.25,3.894736842
殮,5.666666667,5.6,3.681818182,3.9,5.105263158,1.074059252,17,3,2,1,5.666666667,5.6,3.727272727,3.9,5.105263158
崔,4.761904762,5.55,1.636363636,1.65,2.210526316,1.545932171,11,2,6,1,4.761904762,5.55,1.652173913,1.65,2.210526316
齡,3.80952381,6.2,3.227272727,2.9,4.263157895,1.977638034,20,2,16,1,3.818181818,6.2,3.409090909,2.9,4.263157895
醇,6,5.3,4,2.7,5.315789474,1.197528293,15,4,6,4,5.857142857,5.3,3.652173913,2.7,5.315789474
艘,4.476190476,5.65,4.454545455,4.15,6.473684211,1.44537678,16,0,5,1,4.476190476,5.65,4.130434783,4.15,6.473684211
墮,5.142857143,6.4,4.363636364,4.4,4.368421053,1.894284387,15,4,1,1,5.142857143,6.4,4.130434783,4.4,4.368421053
攜,5.238095238,5.65,4.363636364,4.3,6.105263158,1.659164148,21,8,3,4,5.238095238,5.65,4.181818182,4.3,6.105263158
堡,3.571428571,6.3,5.181818182,5.3,5.473684211,1.777505555,12,4,6,2,3.571428571,6.3,5.086956522,5.3,5.473684211
扶,3.333333333,6.473684211,4.545454545,4.95,6.315789474,1.783275718,7,5,3,1,3.333333333,6.3,4.727272727,4.95,6.315789474
矚,5,6,2.909090909,2.65,5.473684211,1.209864973,26,5,10,2,5,5.8,3.045454545,2.65,5.473684211
貢,4.714285714,6.2,2.047619048,2.2105,4.684210526,1.801424628,10,4,1,2,4.714285714,6.2,2.454545455,2.45,4.684210526
燭,4.047619048,6.578947368,5.136363636,5.4211,6.631578947,1.211293574,17,4,10,4,4.047619048,6.45,4.954545455,5.2,6.631578947
序,4.095238095,6.578947368,3.181818182,2.95,2.736842105,2.179876196,7,8,6,1,4.095238095,6.45,3.090909091,2.95,2.736842105
肚,2.761904762,6.894736842,6.4,6.1053,6.105263158,1.808332764,7,3,0,1,2.761904762,6.8,5.909090909,5.9,6.105263158
瞓,4.333333333,6.473684211,5,4.85,5.736842105,1.473171446,15,0,2,NA,4.318181818,6.3,5,4.85,5.736842105
孕,4.238095238,6.473684211,6.181818182,5.5,NA,1.88319414,5,5,6,1,4.238095238,6.25,6.136363636,5.5,NA
綁,4.19047619,6.25,5,5.55,5.315789474,1.682912815,13,5,3,1,4.19047619,6.25,4.772727273,5.55,5.315789474
瑜,4.714285714,5.85,2.727272727,2.2,5.210526316,1.491508502,13,4,28,2,4.714285714,5.85,2.739130435,2.2,5.210526316
睡,2.666666667,6.75,5.863636364,5.9,5.368421053,2.053837234,14,9,8,2,2.666666667,6.75,5.681818182,5.9,5.368421053
薄,3.714285714,6.888888889,4.454545455,5.05,3.789473684,1.861564403,17,5,5,11,3.714285714,6.7,4.272727273,5.05,3.789473684
颱,4.380952381,6.25,4.772727273,4.35,6.666666667,1.108821358,14,1,4,1,4.380952381,6.25,4.772727273,4.35,6.526315789
符,4.285714286,6.684210526,4.727272727,4.65,3.473684211,1.957771829,11,3,3,1,4.318181818,6.55,4.636363636,4.65,3.473684211
晴,2.619047619,6.947368421,5.590909091,5.25,6.578947368,1.678800834,12,11,6,1,2.619047619,6.85,5.454545455,5.25,6.578947368
紐,4.952380952,5.842105263,3.090909091,2.35,4.210526316,2.138483511,10,4,4,5,4.952380952,5.6,3.090909091,2.35,4.210526316
煉,4.75,5.85,3.954545455,3.8,5.947368421,1.383324861,14,3,2,2,4.857142857,5.85,4.136363636,3.8,5.947368421
汁,2.714285714,6.736842105,5.590909091,5.05,6.555555556,1.668969187,5,3,1,2,2.714285714,6.6,5.545454545,5.05,6.421052632
杭,4.857142857,6.3,2.5,1.9,3.473684211,1.201922542,8,2,4,1,4.857142857,6.3,2.590909091,1.9,3.473684211
輩,4.047619048,6.421052632,3,2.75,NA,1.792164267,15,4,4,4,4.047619048,6.15,3.090909091,2.75,NA
吐,3.142857143,6.55,5.318181818,4.65,6.611111111,1.585340263,6,8,2,4,3.142857143,6.55,5.181818182,4.65,6.421052632
貓,1.8,7,6.227272727,6.8421,6,2.080274664,16,3,0,2,1.952380952,6.8,6.181818182,6.7,6
蒸,4.1,6.777777778,5.272727273,5.3,2.947368421,1.456465753,14,12,11,1,3.952380952,6.5,5.227272727,5.3,2.947368421
鋪,4,6.578947368,4.636363636,4.55,4.894736842,1.758508326,15,14,1,1,4,6.45,4.454545455,4.55,4.894736842
滑,3.8,6.894736842,4.818181818,4.75,5.842105263,1.959939799,13,11,1,4,3.666666667,6.8,4.818181818,4.75,5.842105263
狼,3.761904762,6.944444444,6.523809524,6.5263,6.105263158,1.703826896,10,7,6,3,3.761904762,6.75,6.227272727,6.35,6.105263158
橙,2.476190476,6.944444444,6,6.7368,4.842105263,1.396092194,16,3,0,1,2.476190476,6.75,5.818181818,6.5,4.842105263
驟,4.857142857,5.9,2.142857143,2.9,3.526315789,1.320992344,24,4,0,1,4.857142857,5.9,2.409090909,2.9,3.526315789
披,4,6.4,4.545454545,4.6,5.473684211,1.934127343,8,9,1,7,4,6.4,4.727272727,4.6,5.473684211
汝,6.3,6,1.714285714,2.75,1.944444444,0.664722385,6,2,7,1,6.047619048,5.8,2,2.75,2.210526316
疼,3.238095238,6.5,4.636363636,4.4,6.055555556,1.146007569,10,5,3,1,3.136363636,6.5,4.5,4.4,5.789473684
腔,4.333333333,6.315789474,5.136363636,4.05,5.947368421,1.450751269,12,3,3,4,4.333333333,6.15,5.130434783,4.05,5.947368421
猝,5.5,5.947368421,3.636363636,3.05,3.684210526,1.167827881,11,3,2,1,5.454545455,5.7,3.590909091,3.05,3.684210526
罕,4.619047619,6.263157895,3.5,2.5,NA,1.695955672,7,3,1,3,4.619047619,6,3.727272727,2.5,NA
霉,5.15,6.052631579,5.636363636,4.5,4.473684211,0.797744144,15,3,7,1,4.952380952,5.8,5.565217391,4.5,4.473684211
眠,3.095238095,6.947368421,5.045454545,4.5,6,1.567498462,10,2,2,1,3.095238095,6.85,5.045454545,4.5,6
灼,4.952380952,5.684210526,4.818181818,4,6.263157895,0.964495377,7,7,7,4,4.952380952,5.45,4.727272727,4,6.263157895
撿,3.619047619,6.45,5,4.7,6.157894737,1.268035752,16,0,2,1,3.619047619,6.45,4.863636364,4.7,6.157894737
箭,3.571428571,6.842105263,6.090909091,6.2632,5.631578947,1.760928924,15,7,4,3,3.571428571,6.7,6.045454545,6.1,5.631578947
堆,3.75,6.789473684,4.272727273,3.65,5.421052632,1.802705464,11,10,0,3,3.619047619,6.65,4.136363636,3.65,5.421052632
賤,4.714285714,6.578947368,3.454545455,3.5,4.105263158,1.233534311,15,5,0,NA,4.772727273,6.3,3.318181818,3.5,4.105263158
扯,4.19047619,6.421052632,4.454545455,4.55,5.888888889,1.502223243,7,7,1,2,4.181818182,6.25,4.083333333,4.55,5.684210526
玲,4.047619048,6.105263158,1.80952381,1.8421,5.210526316,2.022723289,9,2,16,3,4.047619048,5.85,1.954545455,2.1,5.210526316
悔,4.4,6.736842105,4.136363636,2.7,5.947368421,1.48661817,10,10,3,3,4.238095238,6.6,4.304347826,2.7,5.947368421
誠,3.761904762,6.526315789,2.727272727,3.1,5.263157895,2.081237837,14,5,7,1,3.761904762,6.25,2.727272727,3.1,5.263157895
蓄,4.85,6.25,2.909090909,3.05,3.315789474,1.492629262,14,4,7,3,4.666666667,6.25,3,3.05,3.315789474
塘,4.095238095,6.05,4.818181818,4.55,4.894736842,1.873058094,13,2,9,1,4.095238095,6.05,4.695652174,4.55,4.894736842
彌,5.428571429,5.85,1.714285714,1.8421,2.388888889,1.543284026,17,6,3,6,5.428571429,5.85,2.045454545,2.1,2.631578947
嬌,4.761904762,6.4,3.954545455,2.75,6.333333333,1.384283569,15,12,2,4,4.772727273,6.4,3.727272727,2.75,6.157894737
咖,4.238095238,6.684210526,3.818181818,3.2,3.736842105,1.854811076,8,4,6,1,4.238095238,6.5,3.727272727,3.2,3.736842105
仇,4,6.473684211,3.318181818,3.5,4.578947368,1.62752678,4,9,1,2,4,6.2,3.318181818,3.5,4.578947368
鞋,2.619047619,6.684210526,6.181818182,6.5789,5.666666667,2.038718027,15,7,3,1,2.619047619,6.55,6.043478261,6.35,5.421052632
酷,4.761904762,6.45,3.772727273,3.4,2.421052632,1.478600198,14,7,0,5,4.761904762,6.45,3.590909091,3.4,2.421052632
宵,4.619047619,6.3,3.636363636,3.4,3,1.573733953,10,7,8,1,4.619047619,6.3,3.681818182,3.4,3
拾,3.75,6.45,4.227272727,4.7,6.157894737,1.750134649,9,8,1,1,3.619047619,6.45,4,4.7,6.157894737
煲,3.761904762,6.789473684,5.666666667,5.4,6.555555556,1.59898725,13,2,1,1,3.761904762,6.7,5.454545455,5.4,6.421052632
柱,3.428571429,6.578947368,5.318181818,5.7895,6.052631579,1.774201442,9,3,6,3,3.428571429,6.4,5.318181818,5.55,6.052631579
碎,4.05,6.736842105,4.772727273,5.3,5.315789474,1.745782341,13,13,3,5,3.904761905,6.6,4.590909091,5.3,5.315789474
夥,4.333333333,6.157894737,2.863636364,2.85,NA,1.62202234,14,4,3,3,4.333333333,5.9,2.909090909,2.85,NA
掩,4.285714286,6.05,4.181818182,4.3,5.578947368,1.699214059,11,8,1,7,4.272727273,6.05,4,4.3,5.578947368
督,4.80952381,6.210526316,3.181818182,3.25,5.578947368,1.916072204,13,3,1,1,4.80952381,6,3.227272727,3.25,5.578947368
蹄,4.904761905,5.55,5.136363636,5.5,6.352941176,1.465693604,16,2,5,3,4.904761905,5.55,5.045454545,5.5,5.789473684
冕,5.714285714,5.05,3.863636364,3.5,NA,1.365696058,12,5,4,1,5.714285714,5.05,3.818181818,3.5,NA
綸,5.904761905,4.2,1.619047619,1.8,3.105263158,1.10972332,14,5,14,1,5.772727273,4.2,1.791666667,1.8,3.105263158
齣,5.80952381,4.9,2.863636364,2.3,NA,1.126514008,20,3,1,1,5.80952381,4.9,2.956521739,2.3,NA
廁,2.761904762,6.789473684,5.409090909,5.55,3.894736842,1.721803367,12,5,7,1,2.761904762,6.7,5.217391304,5.55,3.894736842
鋁,4.80952381,5.45,4.409090909,4.7,6.368421053,1.017740889,15,3,9,1,4.863636364,5.45,4.227272727,4.7,6.368421053
艱,4.666666667,6.25,2.954545455,2.8,NA,1.469251794,17,11,4,2,4.666666667,6.25,2.909090909,2.8,NA
樑,5.05,5.3,5.136363636,4.75,6.444444444,1.410753316,15,0,9,1,4.857142857,5.3,5.090909091,4.75,6.210526316
嶽,5.80952381,4.9,4.090909091,3.9,6.277777778,1.00070755,17,5,9,1,5.80952381,4.9,4.363636364,3.9,6.052631579
澄,4.952380952,6,2.363636364,2.4,4,1.659164148,15,5,6,3,4.952380952,6,2.409090909,2.4,4
梨,2.857142857,6.684210526,6.333333333,6.4737,5.473684211,1.29649449,11,5,11,4,2.857142857,6.55,6.045454545,6.3,5.473684211
紓,5,5.789473684,2.681818182,2.5,3.473684211,1.417458974,10,3,5,3,4.80952381,5.55,2.772727273,2.5,3.473684211
鴻,4.952380952,6.105263158,2.909090909,2.65,5,1.77028179,17,4,6,4,4.952380952,5.9,2.869565217,2.65,5
漫,4.285714286,6.526315789,2.772727273,2.8,4,2.019629853,14,8,7,10,4.227272727,6.25,2.772727273,2.8,4
壁,4.285714286,6.35,5.090909091,5.4737,4.947368421,1.532186467,16,10,5,4,4.285714286,6.35,5.045454545,5.25,4.947368421
循,4.619047619,6.25,2.181818182,2.7,3.368421053,1.678557736,12,6,3,3,4.619047619,6.25,2.272727273,2.7,3.368421053
吾,5.619047619,6.578947368,1.571428571,1.4211,2.894736842,1.291187363,7,7,4,1,5.619047619,6.35,1.863636364,1.6,2.894736842
鬚,4.75,5.15,5.727272727,5.45,5.777777778,1.210579861,22,6,6,1,4.571428571,5.15,5.636363636,5.45,5.526315789
伸,3.476190476,6.421052632,5.19047619,4.25,3.842105263,1.715149082,7,3,11,1,3.545454545,6.25,4.909090909,4.25,3.842105263
謀,4.666666667,6.526315789,3.181818182,3.15,5.105263158,2.009988434,16,10,2,6,4.666666667,6.3,3.318181818,3.15,5.105263158
恰,5.047619048,6.05,2.047619048,2.15,3.631578947,1.509102583,9,6,1,4,5.047619048,6.05,2.304347826,2.15,3.631578947
縫,4.238095238,6.2,4.818181818,4.3,5.421052632,1.362687078,17,9,2,3,4.238095238,6.2,4.772727273,4.3,5.421052632
暑,2.952380952,6.888888889,4.681818182,4.25,6.611111111,1.698285583,12,5,2,2,2.952380952,6.7,4.772727273,4.25,6.473684211
詐,4.80952381,5.894736842,3.363636364,3.05,5.833333333,1.51728699,12,6,6,1,4.80952381,5.65,3.181818182,3.05,5.631578947
毫,3.476190476,6.684210526,3.090909091,3.3,NA,1.990038691,11,6,4,1,3.476190476,6.55,2.909090909,3.3,NA
葵,4.523809524,6,4.181818182,4.85,5.526315789,1.498558289,13,2,3,1,4.523809524,6,4.090909091,4.85,5.526315789
諸,5.047619048,6.210526316,2.636363636,2,3.736842105,1.62146804,15,6,9,4,5,5.95,2.545454545,2.25,3.736842105
掀,5.5,5.65,3.909090909,3.95,5.368421053,1.478985381,11,3,2,5,5.285714286,5.65,3.681818182,3.95,5.368421053
懂,4.1,6.736842105,2,3.65,5,1.964243539,16,3,2,1,3.952380952,6.6,2.227272727,3.65,4.789473684
池,3.5,6.578947368,5.363636364,5.6,6.315789474,1.898554481,6,4,16,3,3.409090909,6.45,5.227272727,5.6,6.315789474
馳,4.666666667,5.947368421,3.818181818,3.75,5.736842105,1.513747488,13,3,16,4,4.727272727,5.7,3.681818182,3.75,5.736842105
俾,4,6.368421053,3.727272727,3.2,4.105263158,1.520097967,10,1,5,1,4,6.1,3.565217391,3.2,4.105263158
聚,4.142857143,6.45,4.363636364,4.1,NA,2.068150392,14,7,6,1,4.142857143,6.45,4.227272727,4.1,NA
盒,2.761904762,6.888888889,5.545454545,5.55,6.111111111,1.733101309,11,5,3,1,2.863636364,6.7,5.454545455,5.55,5.947368421
銳,4.571428571,6.15,4.318181818,4.9474,5.368421053,1.671200793,15,11,2,6,4.571428571,6.15,4.318181818,4.75,5.368421053
滬,5.952380952,4.45,3.318181818,2.65,4.210526316,1.704056256,14,2,5,1,5.952380952,4.45,3.347826087,2.65,4.210526316
椒,3.85,6.3,5.545454545,5.55,4.631578947,1.584435168,12,5,4,1,3.714285714,6.3,5.318181818,5.55,4.631578947
挾,4.55,6.05,3.909090909,3.6,5.684210526,1.206272773,10,8,5,1,4.666666667,6.05,3.863636364,3.6,5.684210526
姻,4.571428571,6.421052632,3.545454545,3,6.111111111,1.56021519,9,3,8,1,4.545454545,6.2,3.681818182,3,5.947368421
暉,5.285714286,4.85,2.727272727,3.05,5.736842105,1.170186046,13,3,5,2,5.285714286,4.85,2.772727273,3.05,5.736842105
詳,4,6.526315789,2,2.6,5,1.896498298,13,2,6,7,4.142857143,6.25,2.454545455,2.6,5
奶,2.19047619,6.842105263,6.045454545,6,6.157894737,2.07022765,5,7,2,2,2.19047619,6.75,5.909090909,6,6.157894737
泛,4.523809524,6.315789474,3.363636364,2.6,4.631578947,2.308460237,8,6,4,3,4.523809524,6.05,3.409090909,2.6,4.631578947
羞,4.095238095,6.578947368,4.363636364,4.05,NA,1.259823394,11,10,3,2,4.095238095,6.4,4.409090909,4.05,NA
醜,3.80952381,6.55,4.818181818,4.9,1.833333333,1.784611129,17,12,1,4,3.863636364,6.55,4.666666667,4.9,2.052631579
琪,3.714285714,6,1.285714286,1.2105,4.631578947,1.828421364,12,1,18,1,3.681818182,5.75,1.409090909,1.4,4.631578947
辜,5.2,5.4,3.5,2.1053,NA,1.243580121,12,3,6,3,5,5.4,3.227272727,2.35,NA
煮,3.380952381,6.894736842,5.090909091,4.85,6.222222222,1.796263173,12,4,2,1,3.380952381,6.75,5.318181818,4.85,6
慳,5.333333333,6.05,3.227272727,3.25,4.052631579,1.328134603,14,4,0,1,5.272727273,6.05,3.363636364,3.25,4.052631579
匪,5,5.75,4.227272727,4.1,2.894736842,1.565294716,10,3,2,3,4.909090909,5.75,4.318181818,4.1,2.894736842
鋼,4.523809524,6.3,5.80952381,5.45,6.388888889,1.670705871,16,7,2,2,4.523809524,6.3,5.545454545,5.45,6.210526316
祥,4.095238095,6.25,2.863636364,2.45,3.894736842,1.82461629,11,6,6,2,4.090909091,6.25,2.590909091,2.45,3.894736842
肢,4.3,6.473684211,5.227272727,5.2632,6.210526316,1.459295043,8,2,17,1,4.142857143,6.35,5.173913043,5.05,6.210526316
怎,3.19047619,6.842105263,1.238095238,1.6316,3.052631579,2.126340602,9,5,1,1,3.19047619,6.7,1.545454545,1.9,3.052631579
罵,3.476190476,6.736842105,5.181818182,5.3684,3.105263158,1.879535618,15,5,1,1,3.476190476,6.6,5.045454545,5.15,3.105263158
距,4.25,6.526315789,3.409090909,3.05,5.052631579,2.057815532,12,5,2,1,4.380952381,6.4,3.272727273,3.05,5.052631579
拓,5.047619048,6,3.363636364,2.85,5.263157895,1.509820425,8,6,2,1,5.047619048,6,3.181818182,2.85,5.263157895
聆,3.666666667,6.2,3.909090909,2.95,6.888888889,1.542619459,11,3,16,1,3.681818182,6.2,3.818181818,2.95,6.789473684
芷,4.047619048,6,2.045454545,1.3684,4.736842105,1.438669397,8,4,18,1,4.047619048,6,2.130434783,1.5,4.736842105
鯨,4.380952381,6.578947368,6.285714286,6.4211,6.473684211,1.099697189,19,1,2,1,4.380952381,6.45,5.863636364,6.3,6.473684211
堪,5.571428571,5.85,1.65,1.65,4,1.656613968,12,6,1,3,5.571428571,5.85,2.136363636,1.65,4
咩,3.142857143,6.6,3.636363636,2.1,5.315789474,1.635923131,9,0,1,1,3.136363636,6.6,3.681818182,2.1,5.315789474
葛,5.285714286,5.15,1.476190476,1.4737,3.473684211,1.564663015,13,5,1,2,5.285714286,5.15,1.636363636,1.65,3.473684211
刪,4.4,6.578947368,4.136363636,4.1,4.473684211,1.548236126,7,4,5,3,4.238095238,6.45,4.045454545,4.1,4.473684211
倦,4.523809524,6.1,4.5,3.9,4.105263158,1.195314383,10,11,0,4,4.523809524,6.1,4.227272727,3.9,4.105263158
潘,4.619047619,6.15,1.571428571,1.1667,2.947368421,1.951202218,15,0,0,2,4.619047619,6.15,1.869565217,1.45,2.947368421
碰,3.619047619,6.736842105,4.227272727,4.3,5.105263158,1.825657349,13,13,0,4,3.619047619,6.6,3.913043478,4.3,5.105263158
娘,3.19047619,6.8,5.454545455,5.25,6.722222222,1.70175718,10,8,1,2,3.19047619,6.8,5.272727273,5.25,6.578947368
勒,4.666666667,6,3.5,3.3,3.578947368,1.887423824,11,9,1,2,4.666666667,5.8,3.318181818,3.3,3.578947368
邏,5.666666667,5.45,1.75,2.1053,3.631578947,1.538610558,23,2,5,1,5.666666667,5.45,2.272727273,2.35,3.631578947
磯,6.571428571,3.7,2.727272727,2.65,4.526315789,1.308631253,17,4,13,1,6.571428571,3.7,2.909090909,2.65,4.526315789
賀,3.904761905,6.05,3.590909091,3.7,4.526315789,1.95482136,12,14,0,2,3.904761905,6.05,3.5,3.7,4.526315789
剷,4.9,5.2,4.5,4.7,5.421052632,0.968255526,13,0,2,1,4.714285714,5.2,4.409090909,4.7,5.421052632
浩,3.85,6.421052632,2.681818182,1.7368,3.631578947,1.990038691,10,8,5,4,4,6.2,2.727272727,1.95,3.631578947
堵,4.761904762,6.25,4.409090909,4.35,4.736842105,1.61700798,11,4,5,2,4.761904762,6.25,4.318181818,4.35,4.736842105
胎,3.45,6.684210526,4.954545455,5.25,6.277777778,1.778472589,9,6,0,2,3.619047619,6.55,4.772727273,5.25,6.052631579
蓮,4.2,6.473684211,5.761904762,5,6.210526316,1.850740807,15,5,4,1,4.333333333,6.3,5.5,5,6.210526316
燙,3.761904762,6.15,4.863636364,5.15,6.368421053,0.933181314,16,7,2,1,3.863636364,6.15,4.727272727,5.15,6.368421053
茂,5.142857143,5.9,4,3.5,5.722222222,1.602477915,10,4,3,3,5.142857143,5.9,3.739130435,3.5,5.473684211
懲,4.761904762,6,3.863636364,4.3,4.526315789,1.593993617,19,5,6,4,4.761904762,5.8,3.590909091,4.3,4.526315789
濤,5.619047619,4.75,3.272727273,2.4737,6.111111111,1.494119125,17,3,13,2,5.619047619,4.75,3.454545455,2.7,5.894736842
鞍,5.428571429,5.3,4.409090909,4.8,5.263157895,1.387147059,15,2,3,2,5.428571429,5.3,4.409090909,4.8,5.263157895
腿,2.523809524,6.842105263,5.954545455,6.4211,6.105263158,1.900017246,14,3,0,1,2.523809524,6.75,5.727272727,6.25,6.105263158
殖,5,6.1,3.363636364,2.7895,3.315789474,1.485481768,12,8,10,1,5,6.1,3.181818182,3,3.315789474
怖,4.19047619,6.55,3.363636364,2.95,5.789473684,1.795892139,8,3,4,2,4.19047619,6.55,3.363636364,2.95,5.789473684
諒,3.904761905,6.45,2.909090909,2.65,5.157894737,1.362687078,15,4,2,4,3.904761905,6.45,2.826086957,2.65,5.157894737
湊,4.619047619,6.2,2.772727273,3.5,3,1.491508502,12,5,2,1,4.619047619,6.2,2.772727273,3.5,3
幢,4.619047619,5.6,4.227272727,4.75,2.166666667,1.5214966620000001,15,6,5,2,4.619047619,5.6,4.227272727,4.75,2.421052632
吋,4.19047619,6.3,3.227272727,3.25,3.368421053,1.626157197,6,0,3,1,4.045454545,6.3,3.333333333,3.25,3.368421053
渴,3.19047619,6.65,4.409090909,4.65,6.055555556,1.335161301,12,9,2,4,3.227272727,6.65,4.5,4.65,5.894736842
芭,4.095238095,5.4,3.090909091,2,4.052631579,1.234887255,8,2,6,2,4.045454545,5.4,3.125,2.25,4.052631579
寂,4.4,6.526315789,3.954545455,2.8,3.684210526,1.306918058,11,10,10,3,4.523809524,6.4,4.217391304,2.8,3.684210526
霆,5.095238095,5.684210526,2.590909091,2.7,5.631578947,1.862202133,15,1,6,1,5.095238095,5.45,2.590909091,2.7,5.631578947
繽,4.666666667,6.25,3.772727273,3.3,4.052631579,1.170186046,20,2,6,2,4.666666667,6.25,3.818181818,3.3,4.052631579
詞,3.3,6.947368421,3.318181818,4.6,5.842105263,2.08649744,12,18,16,4,3.476190476,6.85,3.409090909,4.6,5.842105263
佑,4.9,5.6,1.80952381,2,3.578947368,1.271774322,7,4,4,1,4.714285714,5.6,1.954545455,2.2,3.578947368
桂,4.333333333,6.45,3.772727273,3.25,5.947368421,1.579881182,10,5,5,3,4.333333333,6.45,3.909090909,3.25,5.947368421
褲,2.380952381,6.842105263,6.7,6.4,6.105263158,1.906107619,16,10,5,2,2.380952381,6.7,6.272727273,6.4,6.105263158
碗,3.047619048,6.8,5.954545455,6.4211,4.736842105,1.527735637,13,8,2,2,3.047619048,6.8,5.954545455,6.25,4.736842105
鴨,2.428571429,6.894736842,6.272727273,6.6842,6.157894737,1.545602035,16,10,0,3,2.428571429,6.8,6.181818182,6.4,6.157894737
嘗,4.25,6.4,4.590909091,4.35,2.166666667,1.97653747,14,2,4,2,4.095238095,6.4,4.304347826,4.35,2.421052632
勳,5.904761905,4.75,3.136363636,2.0526,3.842105263,1.196053608,17,5,13,1,5.904761905,4.75,3.181818182,2.3,3.842105263
恍,5.095238095,5.8,3.863636364,2.15,5.157894737,1.167038971,9,6,8,3,5.095238095,5.8,3.727272727,2.15,5.157894737
蹈,3.6,6.15,4,3.6,6.105263158,1.492255997,17,6,9,3,3.636363636,6.15,4.045454545,3.6,6.105263158
淚,3.380952381,6.842105263,6.181818182,6.2,6.444444444,1.981286567,11,12,5,4,3.380952381,6.75,6.181818182,6.2,6.263157895
駱,4.35,6.05,4.227272727,3.9,5.473684211,1.24818981,16,3,5,1,4.476190476,6.05,4.181818182,3.9,5.473684211
餓,2.619047619,6.8,5.136363636,5,6.777777778,1.293554096,16,2,2,1,2.545454545,6.8,5,5,6.631578947
郎,4.15,6.05,4.409090909,3.95,2.526315789,1.584737076,9,3,6,5,4,6.05,4.227272727,3.95,2.526315789
偵,4.666666667,5.55,3.5,3.45,4.421052632,1.549874357,11,5,11,1,4.666666667,5.55,3.681818182,3.45,4.421052632
蕾,5.19047619,5.736842105,3.727272727,3.2,4.736842105,1.220466666,17,3,5,1,5.19047619,5.5,3.818181818,3.2,4.736842105
階,4.285714286,6.578947368,4.090909091,3.5,3.473684211,2.139410141,12,4,4,5,4.285714286,6.45,3.909090909,3.5,3.473684211
劍,4.2,6.6,6.136363636,6.4211,6,1.834067186,15,5,0,2,4.047619048,6.6,6.045454545,6.25,5.736842105
枱,3.142857143,6.631578947,6.428571429,5.6,6.055555556,1.631880646,9,0,0,NA,3.136363636,6.35,6.272727273,5.6,5.842105263
鎮,4.333333333,6.3,4.545454545,4.7,3.421052632,2.066561024,18,3,4,6,4.333333333,6.3,4.5,4.7,3.421052632
跨,3.904761905,6.421052632,5,4.4,6.222222222,1.900455116,13,3,2,5,3.904761905,6.25,4.954545455,4.4,6.052631579
輔,4.571428571,6.5,3.409090909,2.6,3.736842105,1.722682951,14,8,8,2,4.571428571,6.5,3.318181818,2.6,3.736842105
郁,5.095238095,5.25,3.136363636,3.45,2.894736842,1.346799608,9,6,3,4,5.095238095,5.25,2.913043478,3.45,2.894736842
癮,4.80952381,5.95,4.045454545,3.35,5.842105263,1.510537083,22,4,2,1,4.772727273,5.95,3.954545455,3.35,5.842105263
蚊,2.523809524,6.6,6.523809524,6.5263,6.684210526,1.803070724,10,3,0,1,2.523809524,6.6,6.318181818,6.35,6.684210526
脆,3.9,6.526315789,4.772727273,4.85,2.947368421,1.424499363,10,5,3,1,4.047619048,6.4,4.636363636,4.85,2.947368421
崑,6.35,4.05,3.318181818,2.05,6.388888889,0.487374122,11,2,6,1,6.238095238,4.05,3.391304348,2.05,6.105263158
踩,3.380952381,6.526315789,5.272727273,4.8,6.555555556,1.653791364,15,3,0,1,3.380952381,6.4,5.272727273,4.8,6.421052632
慈,3.9,6.631578947,3.545454545,3.25,6.157894737,1.921943026,13,6,16,4,3.761904762,6.5,3.590909091,3.25,6.157894737
潑,3.952380952,6.4,4.590909091,4.3,6.277777778,1.365696058,15,4,0,5,3.952380952,6.4,4.636363636,4.3,6.105263158
咀,3.619047619,6.631578947,4.545454545,4.3,6.052631579,1.654048724,8,3,2,2,3.727272727,6.5,4.416666667,4.3,6.052631579
娃,2.904761905,6.894736842,4.772727273,5.55,6.333333333,1.497083604,9,3,6,3,2.904761905,6.8,4.590909091,5.55,6.157894737
鵝,3.285714286,6.631578947,6.047619048,6.4,6.210526316,1.391877983,19,4,6,2,3.285714286,6.5,5.636363636,6.4,6.210526316
杆,4.047619048,6.1,5.5,5.2,6.111111111,0.927735544,7,2,5,2,4.047619048,6.1,5.347826087,5.2,5.894736842
鏈,4.95,6.4,5.181818182,5.2,6.052631579,1.605077623,19,4,0,2,4.772727273,6.4,5.181818182,5.2,6.052631579
佬,3.904761905,6.578947368,4.045454545,3.85,5.947368421,1.777699134,8,6,0,1,3.954545455,6.4,3.909090909,3.85,5.947368421
駐,5.333333333,6.35,3.909090909,3.55,4.105263158,1.97185965,15,5,6,2,5.333333333,6.35,3.818181818,3.55,4.105263158
胖,2.904761905,6.947368421,6,5.55,5.736842105,1.29532072,9,4,4,2,2.904761905,6.8,5.863636364,5.55,5.736842105
勃,5.285714286,5.7,4.409090909,3.95,4.947368421,1.325949469,9,11,3,5,5.285714286,5.7,4.181818182,3.95,4.947368421
慕,4.4,6.777777778,3.636363636,2.4,2.789473684,1.644160226,15,4,8,1,4.238095238,6.5,3.695652174,2.4,2.789473684
欲,4.7,6.684210526,2.333333333,2.85,3.263157895,1.991342346,11,10,10,1,4.523809524,6.55,2.681818182,2.85,3.263157895
搗,4.904761905,5.6,4.227272727,3.35,5.666666667,1.266782376,13,7,5,2,4.904761905,5.6,3.954545455,3.35,5.473684211
槌,4.7,5.8,5.80952381,5.65,6.111111111,1.08754176,14,2,6,2,4.523809524,5.8,5.590909091,5.65,5.894736842
駁,5.25,5.75,3.409090909,3.7,3.157894737,1.762935834,14,7,5,2,5.047619048,5.75,3.227272727,3.7,3.157894737
粗,3.7,6.842105263,5.227272727,4.95,3.210526316,1.864743732,11,8,1,1,3.571428571,6.7,5.045454545,4.95,3.210526316
勵,4.5,6.55,3.681818182,2.4,4.684210526,1.976169995,16,5,5,1,4.333333333,6.55,3.869565217,2.4,4.684210526
荃,4.35,6.05,2.863636364,1.6316,3.526315789,1.615604766,10,3,7,1,4.181818182,6.05,2.727272727,1.9,3.526315789
堤,5.45,5.35,3.818181818,3.55,5.368421053,1.414342547,12,5,5,2,5.045454545,5.35,3.636363636,3.55,5.368421053
默,3.35,6.631578947,3.590909091,3.2,3.210526316,2.021289791,17,10,6,4,3.238095238,6.35,3.545454545,3.2,3.210526316
霍,4.857142857,6,1.909090909,1.5789,3.368421053,1.696889137,16,7,1,4,4.857142857,6,1.909090909,1.8,3.368421053
踏,3.8,6.736842105,4.227272727,5.1579,6.333333333,2.027431431,15,9,1,4,3.666666667,6.65,4.260869565,4.95,6.105263158
掠,5.238095238,5.9,3.727272727,3.6,5.315789474,1.32758935,11,5,1,4,5.238095238,5.9,3.772727273,3.6,5.315789474
貪,3.526315789,6.526315789,3.409090909,3.65,6.333333333,2.138652136,11,7,0,1,3.523809524,6.3,3.363636364,3.65,6.052631579
翁,4,6.3,4.590909091,4.7,1.722222222,1.59957098,10,3,2,2,4,6.3,4.545454545,4.7,2
哲,4.666666667,6.05,2.409090909,1.9474,3.578947368,1.596937997,10,6,5,2,4.666666667,6.05,2.409090909,2.2,3.578947368
錕,6.4,3.8,2.5,2.85,4.842105263,-0.041844801,16,1,6,1,6.285714286,3.8,2.772727273,2.85,4.842105263
晤,6.2,4.9,1.857142857,1.6316,3.368421053,1.375089248,11,4,0,3,6.045454545,4.9,2.136363636,1.9,3.368421053
混,4.428571429,6.526315789,4.181818182,3.4,3.842105263,2.075328977,11,5,2,6,4.428571429,6.35,4.217391304,3.4,3.842105263
顆,3.761904762,6.684210526,3.727272727,4.25,2.722222222,1.33085065,17,2,3,2,3.761904762,6.55,3.818181818,4.25,2.947368421
缸,3.80952381,6,5.590909091,5.65,4.947368421,1.083732135,9,6,7,2,3.863636364,6,5.545454545,5.65,4.947368421
雯,4.904761905,6.05,1.35,1.2632,3.105263158,1.38667112,12,0,7,1,4.904761905,6.05,1.863636364,1.35,3.105263158
瘓,5.571428571,5.1,3.090909091,3.4,5.947368421,1.31821374,14,1,6,1,5.571428571,5.1,2.954545455,3.4,5.947368421
含,3.952380952,6.684210526,4.454545455,4.2,6.5,1.965501271,7,10,1,2,3.952380952,6.55,4.409090909,4.2,6.315789474
頻,4.904761905,6.25,2.863636364,2.65,2.789473684,2.091224244,16,5,2,3,4.904761905,6.25,2.909090909,2.65,2.789473684
瓶,3.333333333,6.684210526,5.909090909,5.5789,4.578947368,1.577432722,11,9,7,2,3.333333333,6.55,5.863636364,5.35,4.578947368
翼,3.571428571,6.35,6.181818182,5.95,NA,1.797559299,17,13,15,4,3.571428571,6.35,6.181818182,5.95,NA
涵,5.285714286,6,1.857142857,3.15,3.263157895,1.333549817,11,7,4,3,5.285714286,6,2,3.15,3.263157895
罩,4.6,6.421052632,5.590909091,5.05,3.736842105,1.820075977,13,4,0,4,4.428571429,6.25,5.454545455,5.05,3.736842105
沾,4.80952381,6,3.636363636,3.85,4.684210526,1.229450007,8,11,4,5,4.80952381,6,3.545454545,3.85,4.684210526
釣,3.714285714,6.684210526,5.857142857,5.6842,4.315789474,1.527735637,11,6,2,3,3.714285714,6.55,5.590909091,5.5,4.315789474
悲,4.2,6.65,3.909090909,3.75,6.333333333,1.826522995,12,23,2,6,4.045454545,6.65,3.954545455,3.75,6.157894737
攬,4.285714286,6.1,4.909090909,4.6,6.222222222,1.55410506,24,8,1,5,4.285714286,6.1,4.772727273,4.6,6.052631579
囑,4.714285714,6.105263158,3.863636364,3.35,5.947368421,1.076983805,24,4,10,1,4.714285714,5.85,3.727272727,3.35,5.947368421
萊,5.428571429,4.55,2.409090909,1.3684,3,1.864109726,12,1,2,3,5.428571429,4.55,2.636363636,1.55,3
趨,5.666666667,5.7,3.181818182,2.3158,5.315789474,1.852373495,17,7,6,3,5.666666667,5.7,3.045454545,2.55,5.315789474
桃,3.19047619,6.45,5.590909091,6.3,5.842105263,1.651985564,10,13,13,4,3.19047619,6.45,5.409090909,6.3,5.842105263
搬,3.80952381,6.944444444,4.818181818,5,6.210526316,1.892505097,13,6,1,2,3.80952381,6.75,4.636363636,4.8,6.210526316
顛,5.285714286,5.75,2.772727273,3.9,2.210526316,1.230133398,19,4,2,1,5.285714286,5.75,2.636363636,3.9,2.210526316
儲,4.285714286,6.526315789,3.818181818,3.9,3.631578947,1.959303283,17,5,6,3,4.285714286,6.25,3.695652174,3.9,3.631578947
伴,3.7,6.736842105,4,3.5,5.684210526,2.025576169,7,10,4,2,3.818181818,6.6,3.818181818,3.5,5.684210526
偶,4.095238095,6.2,3.272727273,2.6,4.263157895,1.886520924,11,9,1,7,4.095238095,6.2,3.363636364,2.6,4.263157895
廉,4.666666667,6.1,2.571428571,2.65,2.631578947,2.106467453,13,3,1,7,4.666666667,6.1,2.863636364,2.65,2.631578947
旭,5.428571429,4.7,2.727272727,2.85,NA,1.124776828,6,3,3,3,5.428571429,4.7,2.727272727,2.85,NA
肪,4.666666667,6.421052632,3.863636364,3.55,5.894736842,1.18331239,8,1,6,1,4.666666667,6.25,3.782608696,3.55,5.894736842
疾,4.25,6.5,3.590909091,3.75,5.473684211,1.752807239,10,7,4,2,4.095238095,6.5,3.681818182,3.75,5.473684211
雅,4.095238095,6.3,2.619047619,2.3684,2.473684211,2.120754744,12,4,1,7,4.095238095,6.3,2.863636364,2.6,2.473684211
魁,6.05,4.85,3,2.9,5,1.159873547,14,5,4,6,5.909090909,4.85,3.136363636,2.9,5
膳,4,6.1,4.818181818,4.95,3.578947368,1.359150046,16,4,5,1,4,6.1,4.772727273,4.95,3.578947368
顏,2.857142857,6.944444444,4.636363636,3.7,2.526315789,1.880605874,18,5,0,2,2.772727273,6.75,4.454545455,3.7,2.526315789
軚,5.428571429,5,4.227272727,4.8,6.368421053,1.077954296,11,0,1,NA,5.5,5,4.045454545,4.8,6.368421053
茵,4.428571429,6.05,3.636363636,2.2105,5.444444444,1.323753285,10,4,8,1,4.428571429,6.05,3.727272727,2.45,5.263157895
賊,4.3,6.789473684,5.5,6.1053,5.833333333,1.845308969,13,18,0,3,4.136363636,6.65,5.333333333,5.9,5.578947368
坑,4.15,6.35,5.5,5.25,5.947368421,1.429705752,7,6,0,3,4.285714286,6.35,5.454545455,5.25,5.947368421
僑,5.238095238,5.45,2.545454545,2.6,5.052631579,1.459697727,14,5,4,1,5.238095238,5.45,2.636363636,2.6,5.052631579
籠,4.095238095,6.3,5.954545455,6.15,5.736842105,1.539281283,23,6,8,7,4.045454545,6.3,5.863636364,6.15,5.736842105
萃,5.428571429,5.25,2.636363636,1.85,4.578947368,1.103369891,12,3,8,1,5.428571429,5.25,2.454545455,1.85,4.578947368
樺,5.523809524,4.65,1.619047619,1.8421,5.315789474,0.90811891,16,2,4,1,5.523809524,4.65,1.863636364,2.1,5.315789474
纏,5.238095238,5.95,4.636363636,4.15,5.105263158,1.569691082,21,7,2,3,5.238095238,5.95,4.545454545,4.15,5.105263158
悠,4.8,6.526315789,2.954545455,3.25,5.388888889,1.485481768,11,6,14,4,4.619047619,6.4,2.954545455,3.25,5.157894737
抬,3.619047619,6.888888889,4.818181818,5.3158,6.222222222,1.571250489,8,1,4,1,3.619047619,6.7,4.782608696,5.1,6
闊,4.15,6.736842105,4.5,4.3,4.894736842,1.73138218,17,7,0,8,4,6.6,4.454545455,4.3,4.894736842
添,4.142857143,6.736842105,2.772727273,3.6,3.894736842,2.036163972,11,8,0,2,4.142857143,6.6,2.772727273,3.6,3.894736842
睹,5.3,5.7,4.045454545,4.5,6.277777778,1.503316726,13,5,5,2,5.095238095,5.7,4.045454545,4.5,6
廊,3.952380952,6.25,4.681818182,4.45,3.894736842,1.522194324,12,2,6,2,3.952380952,6.25,4.727272727,4.45,3.894736842
鬆,3.904761905,6.473684211,4.181818182,4.95,3.368421053,2.107736526,18,6,3,2,3.904761905,6.25,4.272727273,4.95,3.368421053
晰,4.714285714,6.052631579,2.772727273,2.65,4.526315789,1.469645355,12,4,20,1,4.714285714,5.8,2.869565217,2.65,4.526315789
儘,4.285714286,6.65,1.7,1.6842,3.263157895,1.605940746,16,6,3,1,4.285714286,6.65,2,1.85,3.263157895
襯,4.714285714,6.15,3.954545455,3.45,5.157894737,1.605940746,22,4,1,2,4.714285714,6.15,3.913043478,3.45,5.157894737
肝,4.333333333,6.6,5.636363636,6.4211,6,1.696422655,7,9,5,2,4.333333333,6.6,5.454545455,6.2,6
挽,4.476190476,6.526315789,4.090909091,4.1,6.166666667,1.352503856,11,4,1,2,4.476190476,6.4,3.909090909,4.1,6
掌,2.952380952,6.789473684,6.19047619,5.8,6.631578947,2.095621016,12,7,4,1,2.952380952,6.65,5.954545455,5.8,6.631578947
袖,3.80952381,6.15,5.454545455,5.25,6,1.860446116,11,5,2,1,3.80952381,6.15,5.5,5.25,5.789473684
汶,5.571428571,4.75,1.619047619,1.6,3.157894737,1.397023158,7,2,7,1,5.571428571,4.75,1.954545455,1.6,3.157894737
釀,5.55,5.35,3.909090909,4.35,5.894736842,1.591623654,24,8,7,3,5.409090909,5.35,3.75,4.35,5.894736842
擴,4.761904762,6.5,4.272727273,3.6,5.052631579,2.044096029,18,6,1,1,4.761904762,6.5,4,3.6,5.052631579
銜,5.714285714,4.8,1.571428571,2.8,3.210526316,1.29414377,14,11,4,8,5.714285714,4.8,2,2.8,3.210526316
貸,5.095238095,6.3,3.227272727,3.1,6.333333333,1.791602316,12,6,6,1,5.095238095,6.3,3.227272727,3.1,6.105263158
呈,4.952380952,6,3.909090909,3.15,3.684210526,1.80561898,7,14,6,2,4.952380952,6,3.863636364,3.15,3.684210526
剩,4.1,6.736842105,2.909090909,3.35,2.947368421,1.758103578,12,5,1,2,3.952380952,6.6,2.826086957,3.35,2.947368421
紋,4.285714286,6.526315789,5.227272727,5.05,4.263157895,1.680498721,10,8,7,2,4.285714286,6.35,5.227272727,5.05,4.263157895
繞,4.571428571,6.4,3.5,4.1,4.842105263,1.516228165,18,6,2,3,4.571428571,6.4,3.636363636,4.1,4.842105263
晞,5.7,5.05,2.181818182,1.7,5.105263158,0.523586295,11,0,14,1,5.476190476,5.05,1.909090909,1.7,5.105263158
黛,5.380952381,5.35,1.761904762,1.7368,3.052631579,0.929103402,17,6,3,2,5.380952381,5.35,2.090909091,2,3.052631579
薇,4.904761905,6,3.727272727,2.25,4.473684211,1.4192298,17,1,7,1,4.904761905,5.75,3.863636364,2.25,4.473684211
厘,3.368421053,6.578947368,2.590909091,2.65,2.684210526,1.692437199,9,1,11,1,3.380952381,6.45,2.636363636,2.65,2.684210526
郊,3.428571429,6.684210526,4,4.35,2.210526316,1.520448063,9,5,4,3,3.428571429,6.55,3.954545455,4.35,2.210526316
脾,4.428571429,6,4.590909091,5.05,5.842105263,1.280982324,12,3,4,1,4.428571429,6,4.590909091,5.05,5.842105263
拼,4.428571429,6.631578947,3.863636364,3.85,5.611111111,1.772637824,9,8,2,2,4.428571429,6.45,3.772727273,3.85,5.421052632
蟹,3.571428571,6.4,6.19047619,6.6842,4.684210526,1.662709429,19,2,2,1,3.571428571,6.4,5.772727273,6.55,4.684210526
汰,4.952380952,6.1,2.19047619,2.05,2.473684211,1.453209546,7,3,6,1,4.909090909,6.1,2.363636364,2.05,2.473684211
削,4.666666667,6.1,4.5,4.9474,6,1.651209344,9,13,1,7,4.666666667,6.1,4.434782609,4.75,5.789473684
魂,4.666666667,6.25,4.545454545,3.9,6.473684211,1.552157548,14,4,7,1,4.681818182,6.25,4.409090909,3.9,6.473684211
寵,4.15,6.315789474,5,4.4,3.684210526,1.529452897,20,6,1,2,4,6.05,5.045454545,4.4,3.684210526
蒼,4.952380952,6.1,3.590909091,3.3,3.684210526,1.131684241,14,3,4,4,4.952380952,6.1,3.5,3.3,3.684210526
蕩,4.619047619,5.8,3.272727273,3.45,2.388888889,1.353532991,16,8,1,7,4.619047619,5.8,3.136363636,3.45,2.631578947
攔,4.95,5.85,4.545454545,4.2,5.789473684,1.29532072,21,3,4,1,4.761904762,5.85,4.47826087,4.2,5.789473684
遮,3.952380952,6.578947368,4.5,4.75,3.421052632,1.75627753,15,14,1,1,3.952380952,6.45,4.454545455,4.75,3.421052632
睛,2.904761905,6.65,5.318181818,4.8,6.105263158,1.461304738,13,4,11,1,2.954545455,6.65,5.272727273,4.8,6.105263158
擠,4.523809524,6.368421053,4.681818182,4.25,5.833333333,1.648611882,17,8,2,3,4.545454545,6.2,4.5,4.25,5.631578947
棉,3.285714286,6.833333333,5.681818182,5.2,6.111111111,1.163868924,12,12,2,2,3.363636364,6.55,5.681818182,5.2,5.894736842
姿,4.428571429,6.3,3.090909091,3.6,5.722222222,1.84679713,9,11,17,2,4.428571429,6.3,3.227272727,3.6,5.473684211
逝,4.857142857,6.3,4.090909091,3.25,4.315789474,1.625882761,11,4,2,3,4.857142857,6.3,4.090909091,3.25,4.315789474
植,3,6.842105263,5.045454545,4.75,6.368421053,1.847621688,12,7,10,1,3,6.75,4.863636364,4.75,6.368421053
忍,3.904761905,6.833333333,4.227272727,4.35,5.789473684,1.989444825,7,9,1,1,3.909090909,6.55,4.041666667,4.35,5.789473684
疲,4.45,6.526315789,5.523809524,4,5.842105263,1.643896937,10,6,4,4,4.285714286,6.35,5.227272727,4,5.842105263
鱷,4.19047619,5.35,6.095238095,5.85,6.157894737,0.909549865,27,1,9,1,4.19047619,5.35,5.863636364,5.85,6.157894737
爛,4.047619048,6.684210526,4.818181818,4.25,3.842105263,1.821303046,22,4,1,5,4.047619048,6.55,4.695652174,4.25,3.842105263
袍,4.523809524,5.95,5.571428571,6.1579,6.5,1.375578043,11,4,4,4,4.523809524,5.95,5.227272727,6,6.368421053
痕,3.904761905,6.5,5.476190476,4.8,5.210526316,1.663968619,11,8,0,2,3.904761905,6.5,5.136363636,4.8,5.210526316
藤,5.5,6,5.545454545,5.4,6.222222222,1.312602622,19,7,3,1,5.285714286,5.75,5.409090909,5.4,6
匙,3.142857143,6.5,6.090909091,5.2,NA,1.425806823,11,3,16,1,3.142857143,6.5,6.090909091,5.2,NA
桌,2.523809524,6.888888889,5.952380952,6.1053,NA,1.545271647,10,8,7,2,2.523809524,6.7,5.590909091,5.85,NA
殆,5.619047619,5.3,3.363636364,3.35,5.578947368,1.135946243,9,2,1,6,5.619047619,5.3,3.636363636,3.35,5.578947368
屈,4,6.35,4.045454545,3.7,2.947368421,1.70748221,9,10,2,4,4,6.35,3.826086957,3.7,2.947368421
瘡,5.3,5.35,5.409090909,5.5263,5.736842105,1.008739645,15,3,4,2,5.095238095,5.35,5.217391304,5.35,5.736842105
註,4.619047619,6.736842105,2.954545455,2.9,4.842105263,1.849101958,12,6,6,2,4.619047619,6.6,2.727272727,2.9,4.842105263
碧,4.619047619,6.315789474,4.454545455,4.05,NA,1.837622141,14,14,5,2,4.619047619,6.05,4.304347826,4.05,NA
扭,3.80952381,6.789473684,4.863636364,5.1579,5.789473684,1.759921981,7,4,4,3,3.80952381,6.65,4.727272727,4.95,5.789473684
遜,5.523809524,5.2,2.227272727,3.1,2.111111111,1.941356826,14,2,6,3,5.523809524,5.2,2.181818182,3.1,2.315789474
繳,4.80952381,6.05,3.909090909,3.85,2.947368421,1.458488553,19,8,1,1,4.772727273,6.05,3.772727273,3.85,2.947368421
誡,5.3,6,3.272727273,3.5,5.947368421,1.118641384,14,2,7,3,5.095238095,6,3.304347826,3.5,5.947368421
霖,5.047619048,5.3,2.272727273,1.85,5.157894737,1.520097967,16,2,4,2,5.047619048,5.3,2.52173913,1.85,5.157894737
摑,5.65,5.9,4.909090909,4.85,6.263157895,0.976904635,14,2,0,1,5.428571429,5.9,4.863636364,4.85,6.263157895
矮,2.80952381,6.421052632,5.227272727,4.85,2.388888889,1.026559354,13,9,0,2,2.863636364,6.2,5.045454545,4.85,2.631578947
津,4.380952381,6.473684211,2.818181818,2.85,4.368421053,1.941356826,9,9,5,3,4.380952381,6.35,2.782608696,2.85,4.368421053
借,3.333333333,6.684210526,3.409090909,3.85,4.315789474,2.095434824,10,15,2,4,3.333333333,6.45,3.454545455,3.85,4.315789474
鑼,4.571428571,5.85,4.590909091,5.2,6.333333333,1.936684795,27,2,5,1,4.571428571,5.85,4.347826087,5.2,6.105263158
躺,3.619047619,6.65,5.454545455,5.1,6,1.277934631,15,3,6,1,3.619047619,6.65,5.272727273,5.1,6
縮,4.142857143,6.526315789,4.409090909,4.05,3.105263158,2.003823267,17,5,4,6,4.142857143,6.25,4.181818182,4.05,3.105263158
譽,5.142857143,5.8,3.045454545,3,5.555555556,1.859965967,21,5,16,1,5.136363636,5.8,2.833333333,3,5.315789474
帆,4.238095238,6.1,5.454545455,4.7,5.157894737,1.32704341,6,3,5,2,4.238095238,6.1,5.454545455,4.7,5.157894737
蕭,4.666666667,6.1,3.363636364,2.55,3.526315789,1.743694383,17,7,8,1,4.666666667,6.1,3.454545455,2.55,3.526315789
櫃,3.571428571,6.684210526,5.863636364,5.95,6.444444444,1.897527606,18,3,4,2,3.590909091,6.55,5.909090909,5.95,6.263157895
迴,5.19047619,5.842105263,3.727272727,2.6,3.368421053,1.681707445,10,7,3,3,5.136363636,5.65,3.791666667,2.6,3.368421053
側,3.761904762,6.526315789,4.227272727,3.85,3.315789474,1.776148081,11,10,2,1,3.761904762,6.35,4.136363636,3.85,3.315789474
緬,5.095238095,5.2,2.818181818,2.0526,3.052631579,1.320438044,15,4,4,3,5.095238095,5.2,2.909090909,2.3,3.052631579
喝,2.857142857,6.65,5.590909091,4.65,6.555555556,1.866166872,12,13,2,3,2.857142857,6.65,5.52173913,4.65,6.368421053
獅,3.380952381,6.6,6.272727273,6.7778,5.894736842,1.849101958,13,1,13,1,3.380952381,6.6,6.227272727,6.4,5.894736842
秤,4.095238095,6.25,5,5.3,3.473684211,1.164663608,10,3,1,3,4.095238095,6.25,4.782608696,5.3,3.473684211
仿,4.380952381,6.263157895,2.142857143,2.75,4.631578947,1.57404339,6,7,8,2,4.409090909,6,2.227272727,2.75,4.631578947
婷,4.55,6.15,2.476190476,1.4737,6.157894737,1.643896937,12,3,6,1,4.363636364,6.15,2.708333333,1.7,6.157894737
撇,4.666666667,5.5,3,3.7,5,1.231496961,14,3,1,1,4.666666667,5.5,3.136363636,3.7,5
描,3.9,6.684210526,4.318181818,3.85,5.684210526,1.585038774,12,4,2,1,3.954545455,6.55,4.181818182,3.85,5.684210526
悶,3.571428571,6.684210526,3.909090909,3.85,6.111111111,1.540619634,12,9,0,2,3.571428571,6.6,3.826086957,3.85,5.894736842
翔,4.5,6.15,4.727272727,3.85,3.631578947,1.515520845,12,5,6,3,4.333333333,6.15,4.636363636,3.85,3.631578947
枝,3.238095238,6.2,5.227272727,5.25,6.444444444,1.611083767,8,14,17,2,3.238095238,6.2,5.318181818,5.25,6.263157895
炒,3.7,6.842105263,5.545454545,4.9,6.555555556,2.046708177,8,5,1,1,3.571428571,6.7,5.454545455,4.9,6.421052632
胞,4.4,6.789473684,3.954545455,4,5.578947368,1.84164963,9,2,4,4,4.238095238,6.65,4.090909091,4,5.578947368
淺,3.476190476,6.631578947,5.045454545,4.5,5.526315789,1.592810252,11,6,0,7,3.476190476,6.5,5.045454545,4.5,5.526315789
槽,5.1,5.75,3.590909091,4.6,5.315789474,1.17408809,15,2,2,4,4.904761905,5.75,3.545454545,4.6,5.315789474
怒,3.666666667,6.684210526,4.727272727,3.9,6.333333333,1.907401661,9,14,0,1,3.681818182,6.5,4.590909091,3.9,6.105263158
嘯,5.142857143,5.7,3.909090909,4.25,4.684210526,1.279156275,16,2,2,1,5.142857143,5.7,3.954545455,4.25,4.684210526
曉,3.714285714,6.368421053,3.636363636,3.4,5.736842105,1.999896109,16,5,0,3,3.772727273,6.15,3.454545455,3.4,5.736842105
倩,4.523809524,5.85,2.954545455,2.3,3.684210526,1.163072784,10,4,5,1,4.523809524,5.85,2.913043478,2.3,3.684210526
帖,4.857142857,5.85,5.045454545,4.65,4.052631579,0.929103402,8,4,1,1,4.857142857,5.85,4.954545455,4.65,4.052631579
菌,4.2,6.25,5.136363636,5.05,5.105263158,1.751781265,12,3,2,2,4.318181818,6.25,5.090909091,5.05,5.105263158
糕,3.19047619,6.947368421,5.545454545,5.9,5.842105263,1.802705464,16,3,5,1,3.19047619,6.85,5.363636364,5.9,5.842105263
勉,4.19047619,6.684210526,2.590909091,2.1,5.210526316,1.294732644,10,6,4,3,4.19047619,6.55,2.727272727,2.1,5.210526316
坊,4.35,6.25,3.772727273,3.65,4.684210526,1.945847746,7,7,6,5,4.045454545,6.25,3.541666667,3.65,4.684210526
緒,4.65,6.2,2.285714286,1.95,3.842105263,2.08649744,14,8,4,6,4.476190476,6.2,2.739130435,1.95,3.842105263
酬,5.19047619,5.35,4.090909091,3.85,3.842105263,1.81725816,13,6,7,6,5.19047619,5.35,4.181818182,3.85,3.842105263
譚,4.25,6.4,1.761904762,1.95,2.736842105,1.819900398,19,0,5,4,4.095238095,6.4,2.090909091,1.95,2.736842105
捲,4.238095238,6.1,5.136363636,4.5,5.473684211,1.720259795,11,15,1,4,4.181818182,6.1,5.045454545,4.5,5.473684211
惹,4.904761905,6.473684211,3.227272727,2.55,4.842105263,1.920970051,13,10,3,3,4.904761905,6.2,3.227272727,2.55,4.842105263
芸,5.666666667,4.9,2.454545455,1.5263,3.263157895,1.186344126,8,3,7,1,5.666666667,4.9,2.681818182,1.75,3.263157895
慣,3.904761905,6.65,2,2.2,4.736842105,1.992524101,15,6,0,1,3.904761905,6.65,2.5,2.2,4.736842105
帕,4.85,5.7,4.136363636,3.85,5.526315789,1.31373066,8,4,5,2,4.666666667,5.7,4.045454545,3.85,5.526315789
松,3.75,6.421052632,4.772727273,4.35,6.666666667,1.884860717,8,2,5,2,3.857142857,6.2,4.909090909,4.35,6.526315789
鈎,4.761904762,6.25,5.363636364,5.4,6.111111111,1.146007569,12,0,1,NA,4.761904762,6.25,5.272727273,5.4,5.842105263
邱,4.80952381,5.35,2.818181818,2.1,2.722222222,1.287612903,8,0,7,3,4.727272727,5.35,2.75,2.1,2.947368421
穎,3.904761905,6,2.681818182,1.7368,NA,1.673666981,16,4,2,1,3.904761905,6,2.739130435,1.95,NA
柴,4.3,6.789473684,5.954545455,6.4737,6.888888889,1.518694753,10,9,1,2,4.142857143,6.7,5.863636364,6.25,6.736842105
螺,4.5,6.1,4.909090909,4.75,5.315789474,1.274865399,17,6,5,1,4.333333333,6.1,4.727272727,4.75,5.315789474
俗,4.238095238,6.45,2.272727273,2.5,3.894736842,1.961083181,9,10,6,3,4.238095238,6.45,2.318181818,2.5,3.894736842
疆,4.80952381,5.789473684,4.454545455,4,NA,1.642313845,19,3,5,1,4.80952381,5.55,4.347826087,4,NA
吞,2.904761905,6.789473684,4.863636364,5.1,6.105263158,1.55410506,7,5,0,3,2.904761905,6.65,4.772727273,5.1,6.105263158
稀,4.80952381,6.25,3.318181818,3.3,3.789473684,1.22739336,12,8,14,1,4.80952381,6.25,3.181818182,3.3,3.789473684
液,3.904761905,6.2,5.136363636,5.05,6.388888889,1.775565005,11,6,15,1,3.772727273,6.2,5,5.05,6.157894737
溢,5.238095238,5.75,3.818181818,3.65,6,1.322651014,13,6,3,1,5.238095238,5.75,3.727272727,3.65,5.473684211
詠,4.619047619,6.578947368,3.681818182,2.1053,5.052631579,1.70037187,12,4,2,1,4.619047619,6.4,3.590909091,2.3,5.052631579
湧,4.85,6.25,4.318181818,4.1,5.842105263,1.713357251,12,3,8,1,4.952380952,6.25,4.136363636,4.1,5.842105263
吻,4.19047619,6.894736842,6.238095238,5.65,6.555555556,1.584435168,7,3,6,1,4.19047619,6.8,5.909090909,5.65,6.421052632
譴,6.1,5.05,2.909090909,2.65,5.315789474,1.454433486,21,1,4,2,5.952380952,5.05,3,2.65,5.315789474
秩,4.052631579,6.35,3.045454545,2.2105,2.368421053,1.607661863,10,5,1,2,3.761904762,6.35,3.043478261,2.45,2.368421053
篤,5.55,5.05,3.318181818,3.35,3.157894737,1.395625963,16,6,1,4,5.333333333,5.05,3.318181818,3.35,3.157894737
振,4.380952381,6.157894737,3.363636364,3.15,4.842105263,2.277873458,10,4,4,1,4.380952381,5.9,3.304347826,3.15,4.842105263
溺,5.285714286,6.25,4.454545455,4.15,6.210526316,1.304623233,13,5,2,2,5.285714286,6.25,4.272727273,4.15,6.210526316
憾,5.19047619,6.473684211,2.772727273,2.65,6.052631579,1.472781069,17,2,3,1,5.19047619,6.35,2.863636364,2.65,6.052631579
墓,4.55,6.25,6.227272727,6.2,3.736842105,1.281589304,14,7,8,2,4.380952381,6.25,6.181818182,6.2,3.736842105
啡,4,6.55,4.772727273,3.9,2.842105263,1.847292052,11,2,0,1,4,6.55,4.818181818,3.9,2.842105263
燦,4.428571429,6.15,3.363636364,3.15,5.947368421,1.269285521,17,1,1,2,4.428571429,6.15,3.363636364,3.15,5.947368421
峽,5.238095238,6,5.136363636,5.3684,6.578947368,1.110623413,10,2,2,3,5.238095238,6,5.045454545,5.15,6.578947368
竇,5.80952381,3.75,1.380952381,1.9474,4.473684211,1.238920979,20,4,3,5,5.80952381,3.75,1.545454545,2.2,4.473684211
瑰,4.095238095,6.1,3.636363636,3.4,5.263157895,1.319883035,14,11,5,2,4.095238095,6.1,3.727272727,3.4,5.263157895
姜,4.85,6.368421053,2.590909091,3.45,1.833333333,1.480138887,9,0,5,1,4.666666667,6.2,2.590909091,3.45,2.052631579
妮,4.047619048,6.263157895,2.863636364,1.7368,5.888888889,1.855620572,8,1,3,2,4.047619048,6,2.818181818,1.95,5.631578947
煌,5,5.35,3.272727273,3.3,5.421052632,1.246877741,13,3,11,1,5,5.35,3.5,3.3,5.421052632
氈,5.238095238,5.35,5.409090909,5.3,6.055555556,1.131684241,17,4,1,1,5.238095238,5.35,5.260869565,5.3,5.842105263
稚,3.523809524,6.263157895,3.136363636,2.85,2.111111111,1.756480804,13,8,7,1,3.523809524,6,3.318181818,2.85,2.315789474
萍,4.952380952,5.55,3.409090909,2.55,5.105263158,1.121281481,12,2,7,1,4.952380952,5.55,3.272727273,2.55,5.105263158
摸,3.428571429,6.894736842,5.045454545,5.2105,6.315789474,1.693613193,14,3,0,3,3.428571429,6.8,4.909090909,5,6.315789474
肌,3.952380952,6.684210526,5.409090909,5.25,6.263157895,1.96650484,6,3,13,2,3.952380952,6.55,5.227272727,5.25,6.263157895
麒,5.761904762,4.75,3.681818182,4.05,5.210526316,1.145177971,19,1,18,1,5.727272727,4.75,3.666666667,4.05,5.210526316
飼,4.666666667,6,4.272727273,4.4,6.526315789,1.324852765,13,3,7,1,4.666666667,6,4.272727273,4.4,6.526315789
握,3.19047619,6.526315789,5,4.95,6.157894737,2.006345575,12,2,0,5,3.19047619,6.35,4.863636364,4.95,6.157894737
窒,5.142857143,5.55,3.818181818,4.15,4.315789474,1.22739336,11,5,4,1,5.136363636,5.55,3.818181818,4.15,4.315789474
鹹,3.285714286,6.473684211,4.727272727,4.85,NA,1.46410278,21,4,4,2,3.285714286,6.35,4.681818182,4.85,NA
濠,6.2,3.75,1.904761905,1.5789,4.105263158,1.127379999,17,2,4,1,6.095238095,3.75,2.045454545,1.8,4.105263158
募,4.904761905,6.166666667,3.636363636,3.1,3,1.305198077,13,4,8,2,4.904761905,5.65,3.727272727,3.1,3
邦,4.714285714,6.105263158,2.5,2.05,2.631578947,1.882738506,7,4,1,1,4.818181818,5.85,2.5,2.05,2.631578947
週,3.421052632,6.944444444,3.318181818,3.4,3.315789474,1.058120051,12,8,6,1,3.19047619,6.75,3.136363636,3.4,3.315789474
紫,3.095238095,6.45,5.454545455,5.4,3,1.763136016,12,6,18,1,3.095238095,6.45,5.173913043,5.4,3
榜,4.333333333,6.631578947,3.5,4.6,4.842105263,2.029278802,14,6,3,7,4.333333333,6.4,3.590909091,4.6,4.842105263
歇,5.095238095,6.157894737,4.272727273,3.35,3,1.412102756,13,7,4,4,5.090909091,5.9,4.136363636,3.35,3
冼,4.095238095,5.85,3.454545455,4.2,3.578947368,0.884558179,8,0,3,1,4.095238095,5.85,3.227272727,4.2,3.578947368
俱,4.619047619,6.25,2.476190476,2.4,4.157894737,1.752602238,10,4,6,2,4.619047619,6.25,2.636363636,2.4,4.157894737
翌,5.238095238,5.894736842,1.619047619,3.2,NA,1.696189226,11,2,15,3,5.238095238,5.7,1.818181818,3.2,NA
謙,4.05,6.684210526,2.545454545,2.7,5.421052632,1.645736614,17,7,0,2,4.181818182,6.4,2.409090909,2.7,5.421052632
佣,4.619047619,5.842105263,3.909090909,3.4,4.842105263,0.884558179,7,2,8,1,4.619047619,5.6,3.863636364,3.4,4.842105263
尬,5.142857143,5.55,3.090909091,2.85,NA,1.534564307,7,2,7,1,5.142857143,5.55,3.045454545,2.85,NA
掛,3.571428571,6.736842105,5,5.0526,5.947368421,2.024481124,11,9,1,5,3.571428571,6.65,4.909090909,4.85,5.947368421
裙,2.571428571,6.842105263,5.909090909,6.6842,6.777777778,1.850413532,13,6,2,3,2.571428571,6.7,5.782608696,6.5,6.631578947
孟,5.1,5.4,2.227272727,1.5,3.105263158,1.418345289,8,8,0,4,4.904761905,5.4,2.227272727,1.5,3.105263158
訝,4.052631579,6.2,3.363636364,2.45,4.789473684,1.24225403,11,2,0,1,4.047619048,6.2,3.454545455,2.45,4.789473684
殊,4.857142857,6.263157895,2,2,3.736842105,1.807249285,10,8,1,1,4.857142857,6,2.454545455,2,3.736842105
妓,4.904761905,5.75,4.409090909,4.95,6.611111111,1.162275182,7,3,3,1,4.904761905,5.75,4.454545455,4.95,6.421052632
喀,6.238095238,3.3,2.318181818,1.2632,3.578947368,1.187098765,12,2,3,2,6.238095238,3.3,2.181818182,1.45,3.578947368
俯,5,6.263157895,4.136363636,4.05,4.210526316,0.960702388,10,6,9,1,5,6.05,3.954545455,4.05,4.210526316
捉,3.3,6.684210526,4.545454545,4.6,6.210526316,1.691258011,10,6,10,1,3.428571429,6.55,4.590909091,4.6,6.210526316
傾,4.4,6.578947368,4.409090909,3.7,3.842105263,2.098589294,13,4,0,11,4.238095238,6.45,4.363636364,3.7,3.842105263
陌,3.619047619,6.736842105,2,2.3684,2.947368421,1.367690526,9,4,6,3,3.619047619,6.6,2.590909091,2.6,2.947368421
綵,4.523809524,6.421052632,4.090909091,2.2105,4.578947368,1.431427437,14,2,4,1,4.454545455,6.15,3.863636364,2.45,4.578947368
固,3.95,6.888888889,3.863636364,4.1,3,1.939627362,8,19,4,1,4.095238095,6.7,3.863636364,4.1,3
滾,4.095238095,6.578947368,5.090909091,5.2,4.105263158,1.691494105,14,6,0,4,4.095238095,6.45,4.909090909,5.2,4.105263158
嚇,3.761904762,6.888888889,4.363636364,4.45,5.052631579,2.027649177,17,6,3,3,3.761904762,6.7,4.545454545,4.45,5.052631579
磡,5.428571429,6.3,2.590909091,2.15,4.526315789,1.184830904,16,2,2,1,5.428571429,6.3,2.636363636,2.15,4.526315789
繹,5.523809524,5.684210526,2.681818182,2.15,3.052631579,1.46489892,19,3,15,3,5.523809524,5.5,2.454545455,2.15,3.052631579
淪,5.428571429,5.55,2.363636364,2.15,3.578947368,1.593106396,11,7,14,3,5.428571429,5.55,2.454545455,2.15,3.578947368
飄,3.761904762,6.25,4.954545455,5.1,NA,1.427977215,20,3,0,3,3.761904762,6.25,4.818181818,5.1,NA
惑,4.761904762,6.15,3.5,3,6.235294118,1.506941909,12,5,3,2,4.761904762,6.15,3.545454545,3,5.894736842
侍,4.35,6.578947368,3.954545455,3.15,5.157894737,1.409399669,8,4,10,2,4.19047619,6.35,4.045454545,3.15,5.157894737
擒,5.095238095,5.842105263,4.181818182,4.1,6.111111111,1.305198077,15,4,2,1,5.095238095,5.6,4.045454545,4.1,5.947368421
屠,4.857142857,6,5.136363636,4.7,4.473684211,1.397952131,11,3,13,3,4.857142857,6,5.043478261,4.7,4.473684211
腕,3.761904762,6.4,5.681818182,5.45,6,1.559576052,12,3,2,2,3.761904762,6.4,5.681818182,5.45,6
猛,4.523809524,6.4,3.818181818,3.7,5.315789474,1.891910377,11,17,3,5,4.590909091,6.4,3.818181818,3.7,5.315789474
跪,3.904761905,6.45,5.409090909,5.75,6.333333333,1.330308798,13,6,4,1,3.904761905,6.45,5.318181818,5.75,6.052631579
伍,4.142857143,6.263157895,3.454545455,2.45,3.947368421,1.849594263,6,4,3,8,4.142857143,6.1,3.434782609,2.45,3.947368421
擾,4.761904762,6.5,4.409090909,4.1,4.684210526,2.021621018,18,4,2,1,4.761904762,6.5,4.227272727,4.1,4.684210526
邁,5.047619048,5.8,2.909090909,3.2,4.105263158,1.509102583,16,6,1,1,5.047619048,5.8,2.909090909,3.2,4.105263158
桿,5.05,5.842105263,5.090909091,4.8,5.473684211,1.332472162,11,5,5,2,4.857142857,5.6,5,4.8,5.473684211
桐,5.476190476,5.65,2.909090909,2.25,6.222222222,0.66722553,10,3,10,1,5.476190476,5.65,2.954545455,2.25,6.052631579
愁,4.35,6.35,4.590909091,3.95,6.388888889,1.287612903,13,7,1,2,4.045454545,6.35,4.5,3.95,6.210526316
梯,3.19047619,6.736842105,5.545454545,5.9,5.944444444,1.822177406,11,3,0,3,3.19047619,6.6,5.363636364,5.9,5.736842105
輾,5.7,5.6,3.545454545,3.95,6.052631579,1.163868924,17,2,4,2,5.5,5.6,3.590909091,3.95,6.052631579
渠,4.047619048,5.95,4.954545455,5.5,2.842105263,1.531504686,12,1,1,3,4.047619048,5.95,4.818181818,5.5,2.842105263
舒,3.75,6.789473684,3.681818182,2.9,NA,2.006002486,12,8,5,1,3.619047619,6.7,3.5,2.9,NA
綿,3.904761905,6.789473684,4.5,4.55,4.526315789,1.340490134,14,5,2,1,3.904761905,6.65,4.363636364,4.55,4.526315789
哄,3.857142857,6.35,3.909090909,3.95,6.222222222,1.180259341,9,4,2,2,3.857142857,6.35,3.772727273,3.95,6.052631579
阮,4.714285714,5.55,1.476190476,1.5,2.578947368,1.167038971,7,2,8,1,4.714285714,5.55,1.681818182,1.5,2.578947368
爐,4,6.631578947,6.045454545,6.0526,6.421052632,1.740964943,20,5,11,2,4,6.5,5.954545455,5.8,6.421052632
侶,4.4,6.5,3.363636364,3.55,5.473684211,1.765331947,9,3,9,3,4.523809524,6.5,3.590909091,3.55,5.473684211
哪,3.142857143,6.789473684,1.454545455,1.5789,3.736842105,1.922498035,10,3,1,2,3.142857143,6.55,1.545454545,1.8,3.736842105
慎,4.80952381,6.15,2.19047619,2.1053,5.5,1.696655958,13,9,1,4,4.80952381,6.15,2.409090909,2.35,5.263157895
籲,5.35,5.684210526,1.952380952,2.3,2.166666667,2.13484214,32,4,16,2,5.238095238,5.45,2.181818182,2.3,2.368421053
吼,4.571428571,5.85,4.727272727,4.25,6.333333333,1.266782376,7,3,4,2,4.571428571,5.85,4.545454545,4.25,6.105263158
坪,5.142857143,5,4.272727273,3.55,5.526315789,1.360669446,8,2,7,1,5.142857143,5,4.227272727,3.55,5.526315789
窮,4.05,6.894736842,4.863636364,4.25,3.842105263,1.774201442,15,8,0,9,3.904761905,6.8,4.954545455,4.25,3.842105263
概,4.333333333,6.35,1.476190476,1.4211,3.157894737,1.91971587,13,6,5,9,4.333333333,6.35,1.818181818,1.6,3.157894737
擲,4.333333333,5.8,4.727272727,4.95,6,1.57927036,18,5,5,1,4.409090909,5.8,4.625,4.95,6
扒,4,6.684210526,5,5.05,5.210526316,1.162275182,5,9,2,3,4,6.55,5.045454545,5.05,5.210526316
拯,4.3,6.473684211,4.363636364,3.7,5.611111111,1.230815714,9,3,2,1,4.428571429,6.25,4.318181818,3.7,5.421052632
裡,3.095238095,6.736842105,3.318181818,3.2,3.473684211,1.410753316,13,0,9,2,3.090909091,6.45,3.136363636,3.2,3.473684211
炮,4,6.736842105,5.727272727,5.6,6.368421053,1.90350791,9,9,3,4,3.857142857,6.6,5.727272727,5.6,6.368421053
紹,4.55,6.105263158,1.818181818,1.65,3.052631579,1.978979391,11,2,3,1,4.380952381,5.85,1.739130435,1.65,3.052631579
淋,3.952380952,6.35,4.818181818,4.6,6.157894737,1.696889137,11,8,4,2,4,6.35,4.636363636,4.6,6.157894737
凝,5.047619048,5.7,4.045454545,4,4.368421053,1.376553986,16,9,16,1,5.047619048,5.7,3.818181818,4,4.368421053
潰,5.619047619,5.75,3.636363636,2.75,3.368421053,1.291780257,15,6,4,3,5.590909091,5.75,3.5,2.75,3.368421053
艙,5.35,5.9,4.909090909,5.25,6.263157895,1.46210602,16,4,4,1,5.142857143,5.9,4.863636364,5.25,6.263157895
佛,3.952380952,6.789473684,5.727272727,5.45,5.105263158,1.887423824,7,14,5,4,3.952380952,6.65,5.727272727,5.45,5.105263158
鑽,4.05,6.842105263,5.454545455,5.3,6.166666667,1.912539611,27,8,1,1,3.904761905,6.7,5.318181818,5.3,5.947368421
嬅,6,3.75,1.380952381,1.4737,4.210526316,1.456465753,15,0,4,NA,5.954545455,3.75,1.625,1.75,4.210526316
姚,4.571428571,5.9,1.619047619,1.4737,3.263157895,1.549219806,9,0,8,1,4.571428571,5.9,1.863636364,1.75,3.263157895
躋,5.523809524,4.65,2.523809524,3.25,4.736842105,1.205550754,21,4,2,1,5.523809524,4.65,2.590909091,3.25,4.736842105
蘊,5.85,5.1,2.5,2.25,3.157894737,1.277934631,19,3,4,4,5.714285714,5.1,2.727272727,2.25,3.157894737
恨,4.047619048,6.722222222,3.909090909,3.55,6,1.662709429,9,14,0,3,4.090909091,6.35,3.863636364,3.55,5.789473684
擅,4.80952381,6.526315789,3.227272727,3.05,4.157894737,1.643633489,16,5,5,4,4.772727273,6.25,3,3.05,4.157894737
礎,4.80952381,6.2,1.571428571,1.75,4.631578947,1.674158542,18,4,1,1,4.80952381,6.2,1.772727273,1.75,4.631578947
廢,3.6,6.526315789,4.818181818,3.65,3.473684211,1.900600975,15,7,3,1,3.761904762,6.25,4.772727273,3.65,3.473684211
純,4.1,6.736842105,3.545454545,3.2,2.789473684,1.943608091,10,11,6,4,3.909090909,6.55,3.25,3.2,2.789473684
窗,3.285714286,6.842105263,6.714285714,6.3684,4.578947368,1.944531701,12,7,7,1,3.285714286,6.7,6.5,6.1,4.578947368
轄,5.714285714,4.9,2.590909091,1.8421,3.684210526,1.346277306,17,7,3,3,5.714285714,4.9,2.363636364,2.1,3.684210526
齒,2.476190476,6.736842105,6.333333333,6.4737,NA,1.286414848,15,14,7,2,2.476190476,6.6,6.043478261,6.35,NA
誓,4.428571429,6.368421053,3.863636364,4.05,6.611111111,1.52114741,14,7,2,2,4.5,6.2,3.863636364,4.05,6.473684211
腐,4.142857143,6.45,4.545454545,4.4,4.263157895,2.00070755,14,6,8,4,4.142857143,6.45,4.545454545,4.4,4.263157895
棍,3.761904762,6.3,5.5,6,6.166666667,1.556366174,12,4,0,3,3.818181818,6.3,5.409090909,6,5.894736842
撥,4.285714286,6.2,4.363636364,4.75,5.842105263,1.981891687,15,5,3,10,4.285714286,6.2,4.217391304,4.75,5.842105263
柯,5.05,6.105263158,2.045454545,1.3684,4.578947368,1.757495748,9,5,2,1,4.681818182,5.85,1.863636364,1.6,4.578947368
亭,3.95,6.631578947,5.80952381,5.9474,NA,1.222556299,9,4,6,1,3.80952381,6.5,5.304347826,5.75,NA
琳,4.35,5.9,1.619047619,1.5263,4.052631579,1.745573996,12,3,4,2,4.19047619,5.9,1.909090909,1.7,4.052631579
吧,2.523809524,7,1.619047619,1.95,4.789473684,2.084783117,7,0,1,5,2.545454545,6.8,1.863636364,1.95,4.789473684
瀏,5.333333333,5.45,3.272727273,2.85,2.947368421,1.260460657,18,3,10,1,5.333333333,5.45,3.136363636,2.85,2.947368421
瘋,3.95,6.473684211,5.045454545,4.2,6.222222222,1.759518549,14,4,10,3,4.181818182,6.2,4.909090909,4.2,5.947368421
聊,3.85,6.473684211,4.181818182,4.35,5.263157895,1.55378108,11,3,9,3,3.714285714,6.35,4.318181818,4.35,5.263157895
韻,4.666666667,5.95,3.681818182,2.75,5.789473684,1.416126099,19,8,4,1,4.666666667,5.95,3.590909091,2.75,5.789473684
騰,5.285714286,6.1,3.545454545,3,2.421052632,1.771657696,20,9,3,1,5.285714286,6.1,3.434782609,3,2.421052632
閱,3.380952381,6.789473684,4.045454545,4.4,2.736842105,1.791414837,15,6,6,8,3.454545455,6.7,3.916666667,4.4,2.736842105
麵,2.714285714,7,6.090909091,6.4,6.444444444,1.913390058,20,5,2,2,2.714285714,6.9,6.090909091,6.4,6.157894737
誇,4.35,6.5,3.318181818,3.55,5.789473684,1.488505589,13,3,2,1,4.19047619,6.5,3.090909091,3.55,5.789473684
圳,3.952380952,5.95,2.136363636,1.7368,4.421052632,1.930603086,6,1,4,1,3.952380952,5.95,2.434782609,1.95,4.421052632
寓,4.476190476,6.1,3.818181818,3.75,5.368421053,1.735454056,11,7,16,1,4.476190476,6.1,4,3.75,5.368421053
恥,4.666666667,6.315789474,3.681818182,2.95,5.526315789,1.368684335,10,3,7,2,4.681818182,6.05,3.590909091,2.95,5.526315789
沫,4.857142857,5.75,3.590909091,4.45,5.736842105,1.067157719,8,2,3,3,4.857142857,5.75,3.545454545,4.45,5.736842105
掙,4.380952381,5.947368421,3.772727273,3.25,5.526315789,1.299996884,11,4,12,4,4.380952381,5.7,3.590909091,3.25,5.526315789
汀,5.333333333,4.8,1.55,1.3158,3.684210526,0.883042315,5,3,4,1,5.333333333,4.8,2.136363636,1.55,3.684210526
濃,4.095238095,6.421052632,4.636363636,3.7,5,1.869939269,16,5,3,2,4.095238095,6.25,4.636363636,3.7,5
淇,4.45,4.85,1.619047619,1.2105,2.277777778,1.428409995,11,1,18,1,4.227272727,4.85,1.818181818,1.35,2.526315789
芙,5.05,5.894736842,2.636363636,2.7,4.263157895,1.124776828,8,2,3,2,4.857142857,5.65,2.636363636,2.7,4.263157895
唇,3,6.473684211,6.136363636,6.65,6.611111111,1.359150046,10,7,6,2,2.909090909,6.3,6.166666667,6.65,6.421052632
咬,2.714285714,6.888888889,5.409090909,5.3,6.722222222,1.691258011,9,3,0,1,2.714285714,6.7,5.272727273,5.3,6.578947368
魏,5.047619048,6.105263158,2.272727273,1.2632,1.789473684,1.22876554,18,3,5,4,5.047619048,5.85,2.272727273,1.55,1.789473684
洞,2.952380952,6.578947368,5.681818182,6,3.210526316,1.799772269,9,15,5,5,2.954545455,6.45,5.545454545,6,3.210526316
凍,2.428571429,6.944444444,5.136363636,4.95,5.263157895,1.670705871,10,5,0,5,2.428571429,6.75,4.909090909,4.95,5.263157895
軸,5.571428571,5.3,4.363636364,4.75,5.526315789,1.284611547,12,3,6,1,5.545454545,5.3,4.166666667,4.75,5.526315789
帑,5.9,5.15,3.318181818,3.4,3.105263158,1.202650613,8,4,6,1,5.681818182,5.15,3.227272727,3.4,3.105263158
虹,3.35,6.105263158,4.590909091,4.55,1.833333333,1.519396926,9,3,6,1,3.523809524,5.95,4.363636364,4.55,2.105263158
址,3.80952381,6.6,2.727272727,2.75,5.210526316,2.095248551,7,4,18,1,3.818181818,6.6,2.863636364,2.75,5.210526316
棒,3.3,6.578947368,5.181818182,4.8,5.947368421,1.534564307,12,8,0,2,3.476190476,6.45,5,4.8,5.947368421
殘,4.15,6.789473684,4.363636364,4.55,4.631578947,1.988016223,12,8,0,2,4.285714286,6.65,4.272727273,4.55,4.631578947
堃,6.9,1.388888889,1.19047619,1.2105,3.473684211,0.232856256,11,0,6,NA,6.714285714,1.75,1.363636364,1.35,3.473684211
脗,6.55,2.421052632,1.727272727,1.6842,4.210526316,0.61980088,11,0,6,NA,6.428571429,2.65,1.818181818,1.9,4.210526316
唁,6.7,2.210526316,2.045454545,1.3158,4.421052632,0.356095208,10,2,4,1,6.523809524,2.45,1.863636364,1.45,4.421052632
妲,5.619047619,4.85,2,1.6842,5.888888889,-0.081962024,8,1,0,1,5.545454545,4.85,2.333333333,1.95,5.631578947
嬲,4.523809524,6.5,4.454545455,4.5,NA,1.180259341,17,1,0,1,4.523809524,6.5,4.434782609,4.5,NA
陞,5.761904762,4.7,2.954545455,2.7,NA,0.399804135,9,0,9,NA,5.761904762,4.7,3,2.7,NA
褒,5.238095238,5.8,3.090909091,3.15,NA,0.232856256,15,5,1,4,5.238095238,5.8,3.045454545,3.15,NA
唏,5.047619048,5.15,1.380952381,2.05,4.894736842,0.385717674,10,1,14,1,5.047619048,5.15,1.681818182,2.05,4.894736842
羈,6.15,5.2,3.636363636,2.65,3.210526316,0.839976046,24,8,13,3,6,5.2,3.913043478,2.65,3.210526316
鑫,6.5,4.05,1.238095238,1.45,3.894736842,0.550527923,24,0,4,NA,6.333333333,4.05,1.590909091,1.45,3.894736842
贓,5.80952381,4.95,3.545454545,3.45,5.777777778,1.086592482,22,16,7,1,5.80952381,4.95,3.409090909,3.45,5.526315789
喆,6.35,3.7,1.75,1.9474,NA,0.55701005,12,0,5,NA,6.227272727,3.7,2.409090909,2.2,NA
閆,6.80952381,1.95,1.619047619,1.65,3.684210526,-0.175383709,11,0,6,NA,6.80952381,1.95,1.913043478,1.65,3.684210526
璟,6.8,3.55,1.545454545,1.75,3.736842105,0.212006117,16,0,6,2,6.666666667,3.55,1.590909091,1.75,3.736842105
氰,6.75,3.1,2.545454545,2.75,6.210526316,0.116872362,12,0,5,NA,6.571428571,3.1,2.739130435,2.75,6.210526316
聞,2.952380952,6.894736842,4.363636364,4.15,6.722222222,2.634848809,14,5,7,4,2.952380952,6.75,4.272727273,4.15,6.631578947
堂,3.047619048,6.888888889,3.954545455,3.75,4.421052632,2.287313699,11,9,9,2,3.047619048,6.7,3.818181818,3.75,4.421052632
遊,3.238095238,6.6,3.954545455,4.35,5.105263158,2.784344375,13,9,14,2,3.238095238,6.6,3.818181818,4.35,5.105263158
想,2.952380952,6.684210526,4.045454545,3.25,6.368421053,2.995897986,13,18,2,5,2.952380952,6.45,3.909090909,3.25,6.368421053
邊,3,6.526315789,3.727272727,3.6,3.473684211,2.687486773,19,4,2,1,3,6.35,3.727272727,3.6,3.473684211
麼,3.047619048,6.888888889,1.952380952,1.1579,NA,2.696165876,14,3,3,1,3.090909091,6.7,2.181818182,1.25,NA
然,3.380952381,6.631578947,1.571428571,1.2632,2,3.229388449,12,16,10,6,3.380952381,6.35,1.727272727,1.4,2.210526316
感,3.380952381,6.736842105,2.954545455,2.95,6.105263158,3.042458051,14,22,3,3,3.380952381,6.55,2.909090909,2.95,6.105263158
型,3.761904762,6.684210526,3.727272727,2.9,3.526315789,2.62368101,9,2,16,2,3.761904762,6.45,3.818181818,2.9,3.526315789
築,4.857142857,6.55,4.181818182,4.2,5.368421053,2.044096029,16,8,10,2,4.857142857,6.55,4.318181818,4.2,5.368421053
避,3.761904762,6.526315789,3.818181818,4.35,3.894736842,2.348622736,17,5,5,4,3.761904762,6.35,3.636363636,4.35,3.894736842
龍,3.428571429,6.65,6.045454545,6.3,NA,2.697285253,17,10,8,2,3.428571429,6.65,5.909090909,6.3,NA
發,3.142857143,6.684210526,3.818181818,3.35,NA,3.490351086,12,14,2,2,3.142857143,6.4,3.739130435,3.35,NA
速,3.75,6.65,3.363636364,3.85,4.052631579,2.585129243,11,6,7,2,3.857142857,6.65,3.181818182,3.85,4.052631579
通,3.571428571,6.842105263,3.363636364,3.6,4.105263158,3.020460615,11,62,0,10,3.571428571,6.75,3.227272727,3.6,4.105263158
過,2.952380952,6.842105263,3.363636364,2.85,4.631578947,3.460441709,13,20,0,5,2.952380952,6.7,3.347826087,2.85,4.631578947
進,2.904761905,6.947368421,3.590909091,4.05,3.947368421,3.113330423,12,5,9,4,2.954545455,6.85,3.375,4.05,3.947368421
員,3.476190476,6.842105263,3.727272727,3.7,2.684210526,3.427166758,10,7,17,5,3.476190476,6.7,3.739130435,3.7,2.684210526
苦,3.19047619,6.947368421,4.045454545,4.6,3.473684211,2.244505982,9,6,9,6,3.19047619,6.85,3.909090909,4.6,3.473684211
還,3.142857143,6.789473684,2.523809524,2.2,3.421052632,2.963348333,17,13,4,6,3.142857143,6.7,2.863636364,2.2,3.421052632
起,2.95,6.894736842,4,3.45,5.105263158,3.129924658,10,25,3,2,3.136363636,6.8,3.954545455,3.45,5.105263158
常,2.85,6.5,2.318181818,2.45,2.166666667,2.959736215,11,11,4,6,3,6.5,2.545454545,2.45,2.421052632
怨,4.238095238,6.473684211,4.136363636,3.65,6.166666667,1.740332628,9,8,0,5,4.238095238,6.2,4.227272727,3.65,5.947368421
氣,3.047619048,6.888888889,4.909090909,4.3,6.631578947,2.952847496,10,24,5,1,3.047619048,6.7,4.863636364,4.3,6.631578947
費,3.95,6.789473684,2.863636364,3.6,5.210526316,2.803253239,12,10,3,3,3.863636364,6.65,2.916666667,3.6,5.210526316
風,2.333333333,6.894736842,5.636363636,6.05,NA,2.849134796,9,25,10,8,2.333333333,6.8,5.590909091,6.05,NA
委,4.55,6.368421053,3.272727273,2.3,2.368421053,2.815842366,8,9,5,NA,4.363636364,6.1,3.090909091,2.3,2.368421053
聲,2.619047619,6.789473684,4.5,4.3,6.333333333,2.803052468,17,18,9,6,2.619047619,6.5,4.409090909,4.3,6.157894737
禁,3.761904762,6.6,4.181818182,3.8,NA,2.379129678,13,13,1,8,3.761904762,6.6,4.318181818,3.8,NA
遍,4,6.736842105,2.15,2.55,3.842105263,1.932775242,13,5,2,1,4,6.6,2.681818182,2.55,3.842105263
逼,4.1,6.789473684,4,3.6,3.421052632,2.09552793,13,8,5,6,3.952380952,6.65,3.782608696,3.6,3.421052632
遭,4.619047619,6.526315789,2.590909091,1.9,2.947368421,2.506725249,15,2,2,5,4.619047619,6.4,2.772727273,1.9,2.947368421
驚,3.095238095,6.65,4.318181818,4.3,3.157894737,2.428280206,23,13,5,5,3.136363636,6.65,3.958333333,4.3,3.157894737
商,3.75,6.789473684,3.5,3.7,NA,2.901606068,11,9,10,6,3.619047619,6.65,3.590909091,3.7,NA
幣,3.428571429,6.35,5.227272727,5.6,2.894736842,2.361931564,14,4,4,4,3.428571429,6.35,5.181818182,5.6,2.894736842
餐,2.857142857,6.684210526,4.727272727,4.4,6.315789474,2.430395246,16,8,0,3,2.857142857,6.55,4.636363636,4.4,6.315789474
關,3.428571429,6.736842105,4.590909091,4.1,6.222222222,3.178655545,19,10,0,4,3.428571429,6.5,4.454545455,4.1,5.947368421
產,3.85,6.684210526,4,3.8,NA,2.806018065,11,6,2,2,3.714285714,6.55,3.909090909,3.8,NA
迎,3.619047619,6.55,3.090909091,3.5,4.263157895,2.33052562,8,11,16,2,3.619047619,6.55,3.227272727,3.5,4.263157895
廣,3.619047619,6.736842105,3.681818182,3.25,4.947368421,2.757698453,15,14,1,7,3.619047619,6.6,3.695652174,3.25,4.947368421
舌,2.857142857,6.894736842,6.523809524,6.1053,6.473684211,1.513747488,6,10,8,3,2.909090909,6.8,6.363636364,5.95,6.473684211
韓,4.1,6.473684211,3.727272727,3.4,NA,2.580734892,17,6,2,4,4.238095238,6.3,3.652173913,3.4,NA
邀,4.428571429,6.6,3.363636364,3.95,3.684210526,2.158989609,17,3,4,5,4.428571429,6.6,3.409090909,3.95,3.684210526
逾,4.857142857,6.105263158,2,2.45,3.315789474,2.497452745,13,4,16,2,4.857142857,5.85,2.090909091,2.45,3.315789474
熱,2.714285714,6.85,5.714285714,4.85,5.526315789,2.75881164,15,7,0,7,2.714285714,6.85,5.409090909,4.85,5.526315789
選,4.05,6.789473684,3.909090909,4,2.888888889,3.050731371,16,7,1,5,3.904761905,6.5,3.782608696,4,3.105263158
留,2.904761905,6.789473684,2.818181818,3.4,3.052631579,2.811531274,10,5,10,3,2.904761905,6.7,2.863636364,3.4,3.052631579
問,2.238095238,6.947368421,4,4.75,6.578947368,3.150460219,11,27,1,5,2.318181818,6.85,3.75,4.75,6.578947368
資,3.857142857,6.888888889,2.545454545,2.7,5.263157895,3.03741095,13,18,17,8,3.857142857,6.7,2.636363636,2.7,5.263157895
幫,3.333333333,7,3.818181818,4.2,NA,2.406725127,17,7,1,5,3.363636364,6.9,3.727272727,4.2,NA
遺,5,6.2,4.045454545,3.25,4.105263158,2.249824342,16,24,9,3,5,6.2,3.909090909,3.25,4.105263158
遇,3.761904762,6.65,3.045454545,3.35,4.263157895,2.443458994,13,12,16,7,3.761904762,6.65,3.045454545,3.35,4.263157895
趕,3.904761905,6.6,3.409090909,3.75,5.789473684,2.193237835,14,2,0,8,3.904761905,6.6,3.5,3.75,5.789473684
醫,3.238095238,6.894736842,5.523809524,5.05,NA,2.888474839,18,12,4,2,3.238095238,6.75,5.272727273,5.05,NA
擊,4.285714286,6.5,4.590909091,4.05,5.947368421,2.785201216,17,6,4,3,4.285714286,6.5,4.772727273,4.05,5.947368421
徽,5.142857143,4.9,2.636363636,3.35,2.944444444,1.200462727,17,3,5,6,5.142857143,4.9,2.681818182,3.35,3.157894737
背,2.761904762,6.7,5.818181818,5.4,5.789473684,2.347425543,9,16,4,NA,2.761904762,6.7,5.681818182,5.4,5.789473684
勢,4.761904762,6.736842105,2.318181818,2.5,5.736842105,2.775526105,13,7,3,5,4.761904762,6.6,2.454545455,2.5,5.736842105
黨,4.952380952,6.35,3.954545455,3.95,3.105263158,2.644397049,21,13,1,5,4.952380952,6.35,4.136363636,3.95,3.105263158
變,3.571428571,6.736842105,3.681818182,3.2,2.631578947,2.883436949,23,3,0,2,3.571428571,6.45,3.772727273,3.2,2.631578947
近,3.047619048,6.894736842,3.681818182,4.15,3.684210526,3.192188373,8,17,0,7,3.047619048,6.8,3.454545455,4.15,3.684210526
運,3.428571429,6.684210526,3.409090909,3.25,3.947368421,2.975630468,13,5,2,5,3.428571429,6.4,3.272727273,3.25,3.947368421
逐,4.55,6.684210526,2.45,2.6842,4.421052632,2.248124301,11,8,6,6,4.380952381,6.55,2.818181818,2.85,4.421052632
熙,4.80952381,5.45,2.047619048,2.1053,3.210526316,1.496714148,14,4,14,3,4.80952381,5.45,2.363636364,2.35,3.210526316
靠,3.857142857,6.578947368,4.090909091,3.15,NA,2.221303726,15,14,1,4,3.857142857,6.45,4.045454545,3.15,NA
途,3.857142857,6.684210526,3.772727273,3.6,4.368421053,2.448485559,11,7,13,3,3.857142857,6.6,3.545454545,3.6,4.368421053
案,4.35,6.833333333,3.454545455,3.55,4.736842105,3.032519821,10,9,1,5,4.19047619,6.55,3.217391304,3.55,4.736842105
違,4.571428571,6.736842105,2.3,2.2632,3,2.298482646,13,4,9,4,4.571428571,6.65,2.772727273,2.5,3
照,3.285714286,6.894736842,4.727272727,4.4,4.368421053,2.77500062,13,5,1,6,3.285714286,6.8,4.727272727,4.4,4.368421053
透,3.95,6.789473684,4.545454545,3.7,2.842105263,2.702171913,11,10,0,5,4.095238095,6.7,4.363636364,3.7,2.842105263
兌,4.571428571,6.263157895,3.409090909,2.4211,NA,1.663465381,7,5,1,5,4.590909091,6,3.227272727,2.65,NA
追,3.19047619,6.736842105,4.772727273,4.7,4.263157895,2.626815136,10,13,4,3,3.19047619,6.6,4.636363636,4.7,4.263157895
劉,3.619047619,6.368421053,1.476190476,1.5263,2.105263158,2.5013099,15,1,10,4,3.619047619,6.15,1.681818182,1.8,2.105263158
歸,4.35,6.35,4.272727273,3.55,NA,2.209005551,18,22,4,6,4.19047619,6.35,4.181818182,3.55,NA
幕,4.714285714,6.631578947,4.636363636,4.7,3,2.345283197,14,4,4,NA,4.714285714,6.5,4.636363636,4.7,3
壓,3.761904762,6.55,5.090909091,4.75,4.473684211,2.564663015,17,8,2,7,3.772727273,6.55,4.909090909,4.75,4.473684211
導,3.8,6.842105263,3.590909091,3.5,1.894736842,2.770911316,16,17,9,7,3.904761905,6.75,3.409090909,3.5,1.894736842
養,3.523809524,6.736842105,3.136363636,4.15,5.722222222,2.388571756,15,14,3,10,3.523809524,6.45,3.272727273,4.15,5.473684211
製,4.142857143,6.526315789,4.181818182,3.85,4.947368421,2.600881509,15,8,6,7,4.142857143,6.35,4.181818182,3.85,4.947368421
駕,3.857142857,6.45,4.454545455,3.95,5.833333333,2.275972823,15,12,6,1,3.857142857,6.45,4.5,3.95,5.631578947
袋,3.142857143,6.894736842,6.090909091,6.0526,5.263157895,2.207137615,11,18,3,3,3.142857143,6.8,6,5.8,5.263157895
警,3.25,6.55,4.681818182,4.4,3.894736842,3.20027259,20,9,6,NA,3.428571429,6.55,4.636363636,4.4,3.894736842
賽,3.666666667,6.736842105,4.454545455,4,3.684210526,3.201776781,17,4,3,4,3.666666667,6.45,4.52173913,4,3.684210526
奪,3.666666667,6.315789474,4.727272727,4.25,NA,2.340278232,14,20,0,3,3.666666667,6.1,4.681818182,4.25,NA
獎,2.904761905,6.736842105,4.409090909,5.4211,NA,2.594613595,14,10,4,NA,2.909090909,6.6,4.541666667,5.2,NA
營,3.9,6.631578947,4.681818182,3.8,NA,2.544709411,17,9,16,7,4.047619048,6.5,4.772727273,3.8,NA
超,3.333333333,6.842105263,2.136363636,2.6,4.052631579,2.81383466,12,5,2,7,3.333333333,6.7,2.181818182,2.6,4.052631579
基,4.1,6.736842105,2.681818182,2.1053,4.473684211,2.906150816,11,8,13,1,3.952380952,6.6,2.863636364,2.35,4.473684211
越,4.095238095,6.65,3.227272727,1.8421,4,2.41967138,13,4,6,16,4.095238095,6.65,3.217391304,2.1,4
密,3.714285714,6.842105263,4.5,4.1,3.210526316,2.469566672,11,15,4,5,3.714285714,6.7,4.434782609,4.1,3.210526316
截,4.619047619,6.3,3.545454545,3.65,2,2.180335929,14,4,1,7,4.619047619,6.3,3.636363636,3.65,2
逃,3.6,6.55,5.090909091,4.85,4.684210526,2.232652633,10,14,13,3,3.681818182,6.55,4.954545455,4.85,4.684210526
響,4.047619048,6.789473684,4.318181818,4.2,NA,2.744091868,21,7,3,5,4.047619048,6.65,4.045454545,4.2,NA
造,4.095238095,6.894736842,3.5,3.4,2.842105263,2.727901666,11,14,2,5,4.095238095,6.75,3.545454545,3.4,2.842105263
修,4.25,6.736842105,3.136363636,3.35,2.421052632,2.503862436,10,7,3,8,4.095238095,6.6,3.045454545,3.35,2.421052632
遷,4.904761905,6.105263158,4.136363636,3.6,4.526315789,1.803253239,15,8,2,1,4.904761905,5.85,4,3.6,4.526315789
迹,4.666666667,6.05,3.5,3.85,4,1.834746568,9,0,12,0,4.666666667,6.05,3.545454545,3.85,4
裝,3.476190476,6.789473684,4,3.65,6.105263158,2.701526602,13,12,7,6,3.476190476,6.7,3.863636364,3.65,6.105263158
靈,4.333333333,6.3,4.227272727,2.9,3,2.184982464,24,12,16,2,4.333333333,6.3,4.136363636,2.9,3
條,3,6.789473684,4.5,4.2,3.947368421,2.697005679,11,16,2,5,3,6.55,4.272727273,4.2,3.947368421
範,4.285714286,6.526315789,2.954545455,2.5,2.473684211,2.197675487,15,6,4,8,4.285714286,6.25,2.869565217,2.5,2.473684211
卷,3.380952381,6.684210526,4.954545455,5.5263,NA,1.620913031,8,8,1,7,3.380952381,6.55,4.869565217,5.3,NA
烈,3.85,6.684210526,4.409090909,3.6,6.055555556,2.201047242,10,4,4,6,4,6.4,4.409090909,3.6,5.789473684
遠,2.714285714,6.789473684,4.5,3.9,4.105263158,2.514564131,14,10,2,3,2.772727273,6.5,4.409090909,3.9,4.105263158
歷,4.19047619,6.736842105,2.454545455,3.1,2.947368421,2.605135218,16,12,3,3,4.19047619,6.6,2.545454545,3.1,2.947368421
璧,4.952380952,5.95,4.909090909,5.6,6.388888889,0.799588285,18,4,5,1,4.952380952,5.95,4.727272727,5.6,6.157894737
盃,4.857142857,6.315789474,5.318181818,5.15,6.052631579,2.627718177,9,0,2,0,4.857142857,6.15,5.272727273,5.15,6.052631579
恐,3.761904762,6.736842105,3.818181818,3.2,6.333333333,2.37391389,10,6,1,0,3.772727273,6.6,3.863636364,3.2,6.105263158
幹,4,6.45,4.136363636,2.5789,NA,1.918737886,13,4,0,8,4,6.45,4.086956522,2.8,NA
虛,4.571428571,6.421052632,3.681818182,3.45,NA,1.908691858,12,7,3,11,4.571428571,6.15,3.5,3.45,NA
裁,4.25,6.05,4.318181818,4.15,6.526315789,2.326496784,12,7,3,7,4.380952381,6.05,4.181818182,4.15,6.526315789
趁,3.952380952,6.6,1.523809524,2.5,4.947368421,1.932368789,12,4,1,1,3.952380952,6.6,1.772727273,2.5,4.947368421
襲,5.095238095,5.9,3.727272727,3.4,3.105263158,2.273446235,23,6,4,2,5.090909091,5.9,3.818181818,3.4,3.105263158
存,3.7,6.842105263,2.909090909,3,NA,2.375919872,6,23,7,8,3.80952381,6.7,3,3,NA
架,3.85,6.894736842,4.954545455,3.8,5.944444444,2.340278232,9,17,6,4,3.714285714,6.75,4.727272727,3.8,5.736842105
遂,5.523809524,6,1.476190476,2.3,3.210526316,1.830482892,13,3,8,NA,5.523809524,6,1.727272727,2.3,3.210526316
念,3.25,6.631578947,4.090909091,2.7,5.789473684,2.418831993,8,11,1,1,3.428571429,6.35,4.045454545,2.7,5.789473684
句,2.666666667,6.944444444,3.272727273,3.7,NA,2.195684153,5,7,3,6,2.666666667,6.75,3.272727273,3.7,NA
慮,4.5,6.684210526,4.045454545,2.55,5.894736842,2.386432955,15,5,5,2,4.619047619,6.55,3.909090909,2.55,5.894736842
席,4.35,6.684210526,3.772727273,4.1,3.105263158,2.886294906,10,5,10,5,4.19047619,6.55,3.681818182,4.1,3.105263158
返,2.857142857,6.35,3.545454545,3.4,4.631578947,2.497268213,8,7,2,1,2.857142857,6.35,3.409090909,3.4,4.631578947
適,3.619047619,6.526315789,2.681818182,2.3,2.736842105,2.430782605,15,17,20,12,3.619047619,6.25,2.681818182,2.3,2.736842105
盟,5.142857143,6.4,4.227272727,3.75,3.315789474,2.245693481,13,8,1,3,5.142857143,6.4,4.090909091,3.75,3.315789474
遞,4.714285714,5.9,4.636363636,4.7,3.736842105,1.746198731,14,10,5,5,4.714285714,5.9,4.5,4.7,3.736842105
凳,4.095238095,5.75,6.19047619,5.9,NA,0.806887524,14,2,1,1,4.136363636,5.75,5.954545455,5.9,NA
鞏,5.6,5.736842105,2.772727273,2.45,NA,1.23217714,15,1,1,4,5.380952381,5.5,2.782608696,2.45,NA
遏,5.80952381,4.55,1.7,1.7368,3.105263158,0.969501709,13,4,2,4,5.80952381,4.55,2.181818182,1.9,3.105263158
脅,4.714285714,6.473684211,3.954545455,2.9,3.368421053,1.853675241,10,7,5,3,4.772727273,6.25,3.818181818,2.9,3.368421053
述,4.476190476,6.4,2.272727273,2.8,2.789473684,2.371504278,9,3,2,3,4.476190476,6.4,2.363636364,2.8,2.789473684
徒,4.5,6.263157895,2.863636364,2.55,3.736842105,2.173854953,10,15,13,2,4.363636364,6,2.772727273,2.55,3.736842105
曆,4.05,6.35,4.772727273,4.5,6.052631579,1.617567999,16,2,3,2,3.904761905,6.35,4.727272727,4.5,6.052631579
婆,2.333333333,6.65,5.904761905,5.05,6.666666667,2.126167127,11,6,0,6,2.333333333,6.65,5.409090909,5.05,6.473684211
迦,5.95,4.4,1.428571429,1.2105,1.666666667,0.318770885,8,0,5,3,5.714285714,4.4,1.727272727,1.4,1.842105263
恩,3.65,6.777777778,2.318181818,2.1053,6.157894737,2.287313699,10,12,8,4,3.523809524,6.5,2.454545455,2.35,6.157894737
劈,4.5,6.2,5.045454545,5.1579,6.526315789,1.082774484,15,3,0,3,4.333333333,6.2,5.304347826,4.95,6.526315789
憑,4.904761905,6.263157895,2,2.45,4.368421053,2.227462072,16,7,1,10,4.904761905,6,2.181818182,2.45,4.368421053
吝,5.380952381,5.7,3,2,NA,0.513036112,7,4,3,4,5.363636364,5.7,3,2,NA
盤,4,6.777777778,5.363636364,4.95,5.578947368,2.347269144,15,4,3,7,4,6.5,5.363636364,4.95,5.578947368
榮,4.047619048,6.684210526,2.772727273,3.1,3.578947368,2.303067344,14,7,0,2,4.047619048,6.55,2.909090909,3.1,3.578947368
滕,5.25,4.95,3.090909091,3.1,3,0.566555368,15,0,3,NA,5.047619048,4.95,2.909090909,3.1,3
逗,4.380952381,6.421052632,3.772727273,3.3,3,1.501858136,11,6,3,8,4.409090909,6.15,3.590909091,3.3,3
迅,4.19047619,6.1,2.545454545,2.1053,3.315789474,1.88440683,7,3,6,2,4.136363636,6.1,2.363636364,2.3,3.315789474
迄,6.631578947,4,2.818181818,1.7895,2.736842105,1.154217539,6,3,2,2,6.380952381,4,2.772727273,2.05,2.736842105
迷,3.857142857,6.842105263,3,3.2,3.315789474,2.536153583,10,18,1,6,3.857142857,6.7,3.090909091,3.2,3.315789474
熬,5.047619048,6.052631579,4.181818182,3.85,5.052631579,0.98177073,15,3,5,1,5.047619048,5.85,4,3.85,5.052631579
戴,3.619047619,6.736842105,4.136363636,4.45,NA,2.30771839,17,6,1,6,3.619047619,6.6,4.227272727,4.45,NA
勇,3.3,6.631578947,3.772727273,3.2,5.888888889,2.374991423,9,7,0,2,3.476190476,6.35,3.681818182,3.2,5.684210526
盆,3.666666667,6.2,5.904761905,5.5263,6.5,1.401187975,9,4,3,1,3.666666667,6.2,5.52173913,5.3,6.263157895
迂,6.15,4.7,2.227272727,2,3.894736842,0.56021519,7,2,5,7,6,4.7,2.260869565,2,3.894736842
遙,4.333333333,6.35,3.5,2.65,3.526315789,1.610799636,14,10,8,4,4.318181818,6.35,3.333333333,2.65,3.526315789
熟,3.75,6.894736842,4.181818182,4.45,5.315789474,2.254562265,15,9,5,1,3.619047619,6.8,3.954545455,4.45,5.315789474
逞,5.380952381,5,1.857142857,1.8947,3,0.893543902,11,6,2,NA,5.380952381,5,2.363636364,2.1,3
蠢,3.904761905,6.722222222,3.818181818,4.7,NA,1.198997989,21,4,0,4,3.909090909,6.35,3.625,4.7,NA
貧,3.75,6.736842105,3.818181818,4.25,6.111111111,1.832022642,11,5,2,6,3.857142857,6.6,3.727272727,4.25,5.842105263
慧,4.25,6.473684211,2.772727273,2.1053,NA,2.172765325,15,11,9,NA,4.090909091,6.2,2.772727273,2.35,NA
島,4.1,6.888888889,6.19047619,6.2632,NA,2.358286688,10,3,5,2,3.952380952,6.7,5.909090909,6.1,NA
鷹,3.80952381,6.2,6.090909091,6.3684,6.941176471,1.550527923,24,1,8,1,3.772727273,6.2,6,6.1,6.736842105
暫,3.714285714,6.736842105,2.772727273,2.9,3.157894737,2.346851804,15,6,1,0,3.714285714,6.6,2.909090909,2.9,3.157894737
閩,6.3,3.95,2.181818182,1.6316,2.947368421,0.596937997,14,2,6,2,6.142857143,3.95,2.260869565,1.85,2.947368421
禦,5.19047619,5.65,4.090909091,3.75,NA,1.077954296,16,2,16,1,5.19047619,5.65,3.909090909,3.75,NA
彎,3.380952381,6.789473684,5.636363636,5.1,4.052631579,1.642842184,22,4,1,4,3.380952381,6.65,5.590909091,5.1,4.052631579
趟,4.80952381,6.421052632,2.363636364,2.8,5.888888889,1.080852824,15,3,2,NA,4.80952381,6.25,2.454545455,2.8,5.684210526
繫,5.2,5.684210526,3.545454545,3.7,5.578947368,1.647568531,19,3,2,6,5,5.45,3.454545455,3.7,5.578947368
逢,4.19047619,6.684210526,2.454545455,2.8,3.157894737,2.078922623,11,6,2,2,4.19047619,6.55,2.363636364,2.8,3.157894737
賞,3.714285714,6.736842105,4.181818182,4.05,5.631578947,2.120315308,15,11,2,1,3.714285714,6.65,4.304347826,4.05,5.631578947
盛,3.9,6.473684211,3.363636364,3.4,5.333333333,2.267409517,12,18,1,1,4.047619048,6.2,3.136363636,3.4,5.105263158
戀,4.8,6.736842105,4.727272727,3.7,5.368421053,2.123643922,23,2,1,5,4.619047619,6.55,4.695652174,3.7,5.368421053
迫,4,6.473684211,3.772727273,3.35,3.263157895,1.989325954,9,9,5,8,3.818181818,6.2,3.681818182,3.35,3.263157895
塑,4.19047619,6.2,3.772727273,4,4.684210526,1.583225433,13,5,6,1,4.19047619,6.2,3.727272727,4,4.684210526
遼,5.238095238,5.45,3.454545455,2.95,3.684210526,1.070128958,16,2,9,4,5.238095238,5.45,3.227272727,2.95,3.684210526
逮,5.333333333,5.4,3.909090909,2.95,3.473684211,1.140166825,11,2,5,5,5.333333333,5.4,4,2.95,3.473684211
慰,4.333333333,6.611111111,3.681818182,3.15,5.894736842,1.695020196,15,3,6,1,4.363636364,6.15,3.454545455,3.15,5.894736842
墅,4.952380952,5.35,3.818181818,3.65,5.368421053,1.014387247,14,1,4,1,4.954545455,5.35,3.636363636,3.65,5.368421053
遣,5.428571429,5.6,3.363636364,3,3.894736842,1.456871067,14,4,4,2,5.409090909,5.6,3.208333333,3,3.894736842
斧,3.904761905,6,6.136363636,6.1,4.578947368,0.805074183,8,3,9,1,3.909090909,6,6.045454545,6.1,4.578947368
趣,3.6,6.684210526,3,2.95,2.631578947,2.235494707,15,7,3,7,3.545454545,6.45,2.954545455,2.95,2.631578947
賢,4.095238095,6.526315789,2.909090909,2.65,3.210526316,2.212859627,15,12,10,4,4.095238095,6.35,3.136363636,2.65,3.210526316
寨,5.476190476,5.65,3.909090909,4.25,4.894736842,1.196791577,14,3,0,1,5.545454545,5.65,3.727272727,4.25,4.894736842
契,5.095238095,6.15,3.5,3.45,NA,1.728790659,9,8,0,8,5.095238095,6.15,3.5,3.45,NA
智,3.428571429,6.833333333,2.571428571,3.15,2.333333333,2.50953343,12,16,10,NA,3.5,6.55,2.909090909,3.15,2.578947368
忠,3.952380952,6.894736842,3.227272727,3.35,6.421052632,1.799220083,8,20,10,4,3.952380952,6.75,3.454545455,3.35,6.421052632
蠻,4.952380952,5.8,3.454545455,2.8,2.736842105,1.134246458,25,5,1,1,4.952380952,5.8,3.363636364,2.8,2.736842105
妄,5.333333333,6,2.681818182,2.4,3.263157895,1.070128958,6,4,5,3,5.363636364,6,2.590909091,2.4,3.263157895
憲,6.2,5.2,3.181818182,2.65,2.722222222,1.778472589,16,4,2,1,6.047619048,5.2,3.272727273,2.65,2.947368421
羮,5.047619048,5.2,5.272727273,5.1,NA,-0.318051213,15,0,3,NA,5.047619048,5.2,5.090909091,5.1,NA
蜜,3.619047619,6.736842105,5.363636364,4.7,5.473684211,1.775565005,14,5,4,2,3.619047619,6.6,5.318181818,4.7,5.473684211
岔,5.619047619,4.8,4.545454545,4.3,4.842105263,0.190104275,7,2,2,4,5.619047619,4.8,4.636363636,4.3,4.842105263
魔,4,6.473684211,5.619047619,5.1,4.368421053,2.127206939,21,6,3,NA,4,6.25,5.409090909,5.1,4.368421053
毯,4.65,5.842105263,5.727272727,4.9,6.222222222,0.725529358,12,3,0,1,4.476190476,5.6,5.608695652,4.9,6
弈,5.666666667,5.05,4,3.75,NA,0.662204729,9,7,15,NA,5.666666667,5.05,3.909090909,3.75,NA
尷,4.952380952,6.263157895,4.136363636,3.3,NA,1.53591725,17,1,3,1,4.952380952,6.1,3.863636364,3.3,NA
迭,6.238095238,4.2,2.681818182,1.85,2.894736842,0.582012319,8,3,1,5,6.238095238,4.2,2.954545455,1.85,2.894736842
迪,3.666666667,6,2.5,1.8421,2.105263158,2.505241841,9,3,8,9,3.666666667,6,2.681818182,2.1,2.105263158
遲,3.476190476,6.736842105,2.954545455,3.35,3.631578947,2.052194511,16,3,16,5,3.476190476,6.6,3,3.35,3.631578947
夢,2.80952381,6.5,5.454545455,4.9,2,2.220955148,14,4,0,3,2.80952381,6.5,5.363636364,4.9,2.157894737
擘,5.80952381,4.65,2.772727273,3.1,5.263157895,0.761130033,17,6,0,NA,5.80952381,4.65,2.818181818,3.1,5.263157895
拳,3.666666667,6.578947368,6.095238095,6.2,6.666666667,1.899871191,10,13,3,6,3.681818182,6.4,5.791666667,6.2,6.578947368
裴,5.952380952,3.35,2.272727273,1.1667,3.473684211,0.55701005,14,0,4,0,5.952380952,3.35,2.409090909,1.65,3.473684211
虜,5.571428571,4.8,3.045454545,2.75,3.210526316,0.55701005,13,4,7,3,5.571428571,4.8,3.136363636,2.75,3.210526316
絮,5.380952381,5.15,2.318181818,2.1579,4.210526316,0.905242777,12,2,4,5,5.380952381,5.15,2.318181818,2.4,4.210526316
祟,4.952380952,6,3,3.05,NA,0.761130033,11,2,8,0,4.952380952,5.8,3.227272727,3.05,NA
螢,4.45,6.105263158,5.272727273,4.35,6.052631579,1.021068832,16,3,16,2,4.285714286,5.9,5.217391304,4.35,6.052631579
暨,6.05,4.15,1.5,1.3684,NA,1.033057647,14,0,2,0,5.80952381,4.15,1.47826087,1.45,NA
貨,4.25,6.736842105,4.363636364,4.1,5.578947368,2.562190563,11,6,1,5,4.136363636,6.6,4.227272727,4.1,5.578947368
烹,4.45,6.35,5.333333333,5,6.222222222,1.264895504,11,3,0,NA,4.227272727,6.35,4.958333333,5,6.052631579
躉,6.35,4.1,3.545454545,3.85,NA,1.273631607,20,6,0,NA,6.19047619,4.1,3.272727273,3.85,NA
馨,4.761904762,5.842105263,3.681818182,2.7,NA,1.414789122,20,5,5,1,4.818181818,5.6,3.818181818,2.7,NA
罄,5.952380952,4.5,2.818181818,2.65,NA,0.716710893,17,3,2,NA,5.952380952,4.5,2.863636364,2.65,NA
遑,6.4,4.75,1.523809524,1.4737,2.684210526,0.7788588,12,4,11,NA,6.285714286,4.75,1.652173913,1.6,2.684210526
廸,5.333333333,4.15,1.285714286,1.3889,NA,-0.230901037,8,0,8,NA,5.333333333,4.15,1.454545455,1.65,NA
栽,4.15,6.578947368,4.181818182,4,6.5,1.110623413,10,4,2,4,4,6.45,4.045454545,4,6.315789474
膺,6.2,4,2.636363636,2.2,2.157894737,0.95687598,17,3,8,5,5.952380952,4,2.363636364,2.2,2.157894737
逕,6,4.45,2.909090909,1.8421,4,0.491134271,10,2,4,0,5.857142857,4.45,2.772727273,2.1,4
瓷,4.714285714,5.8,5.090909091,5.1,5.789473684,1.177955386,11,6,16,1,4.714285714,5.8,5.045454545,5.1,5.789473684
攀,4.714285714,6.1,4.909090909,4.5,6.210526316,1.487374122,19,6,1,1,4.714285714,6.1,4.909090909,4.5,6.210526316
券,4.05,6.684210526,5,4.95,NA,1.908978049,8,3,1,3,3.904761905,6.55,4.727272727,4.95,NA
爹,3,6.578947368,5.454545455,5.6,6.882352941,0.864426845,10,5,0,3,3,6.45,5.272727273,5.6,6.578947368
哉,5.523809524,4.65,1.761904762,1.7368,3.157894737,0.774981145,9,4,2,5,5.523809524,4.65,2,2,3.157894737
煎,3.85,6.684210526,5.409090909,5.75,6.277777778,1.257905976,13,2,1,5,3.863636364,6.55,5.125,5.75,6
翰,5.333333333,4.85,1.863636364,1.7368,NA,1.542951869,16,4,3,6,5.333333333,4.85,2,1.95,NA
咫,5.952380952,4.95,3.5,1.6842,NA,0.182551138,9,2,18,0,5.952380952,4.95,3.454545455,1.85,NA
盔,5,5.65,5.318181818,5.35,5,1.108821358,11,4,3,0,5,5.65,5.272727273,5.35,5
忝,6.80952381,1.578947368,1.19047619,1.1111,NA,-0.874353714,12,1,1,0,6.80952381,1.75,1.454545455,1.3,NA
縈,6.428571429,4.15,1.80952381,1.7368,3.842105263,0.657125203,16,3,16,1,6.454545455,4.15,2.181818182,1.9,3.842105263
瑩,4.238095238,6.105263158,2.863636364,3.25,5.777777778,1.45606006,15,2,16,6,4.238095238,5.9,3,3.25,5.526315789
墊,5.238095238,6.2,4.590909091,5.2632,4.473684211,1.275480983,14,9,7,5,5.238095238,6.2,4.409090909,5.05,4.473684211
醬,4.45,6.4,5.409090909,5.6,3.894736842,1.520797878,18,4,7,4,4.272727273,6.4,5.363636364,5.6,3.894736842
挈,5.904761905,4,1.761904762,2.0526,NA,0.657125203,10,5,4,0,5.904761905,4,2.136363636,2.3,NA
鑾,6.619047619,3.1,2.227272727,1.8421,3.684210526,0.721142508,27,5,4,1,6.619047619,3.1,2.086956522,2.05,3.684210526
遁,5.380952381,5.35,3.363636364,3.3,4.263157895,0.540619634,12,4,2,4,5.380952381,5.35,3.363636364,3.3,4.263157895
嚮,4.857142857,6.05,2.545454545,2.5789,NA,0.834916247,18,5,2,1,4.857142857,6.05,2.545454545,2.8,NA
鴛,5.714285714,4.8,4.772727273,4.2,6.666666667,0.703138086,16,3,3,0,5.714285714,4.8,4.636363636,4.2,6.578947368
鴦,5.19047619,5.1,4.090909091,3.45,6.368421053,0.712233591,16,1,3,0,5.19047619,5.1,4.363636364,3.45,6.368421053
邂,5.619047619,5.35,3.181818182,2.6316,3.947368421,0.417902358,16,1,2,0,5.619047619,5.35,2.954545455,2.85,3.947368421
逅,5.523809524,4.85,2.590909091,1.7895,3.263157895,0.426676282,9,1,3,0,5.523809524,4.85,2.590909091,2.05,3.263157895
逆,4.5,6.526315789,4.045454545,3.65,3.368421053,1.620913031,10,13,15,6,4.333333333,6.35,4.090909091,3.65,3.368421053
摩,4.285714286,6.2,2.863636364,2.25,3.789473684,2.214703166,15,3,3,8,4.285714286,6.2,3,2.25,3.789473684
麾,5.619047619,4.95,1.761904762,2.2632,2.277777778,0.698517888,15,3,5,0,5.619047619,4.95,2.045454545,2.5,2.526315789
蠶,4.619047619,4.9,5.363636364,5.8947,NA,0.700834131,24,5,4,3,4.454545455,4.9,5.363636364,5.65,NA
蜚,6.45,3.9,2.19047619,2.05,3.578947368,0.313167007,14,6,7,0,6.272727273,3.9,2.333333333,2.05,3.578947368
恕,4.714285714,6.578947368,2.142857143,2.35,5.578947368,0.709977511,10,4,1,0,4.714285714,6.45,2.454545455,2.35,5.578947368
譬,5.285714286,5.05,2.363636364,1.8421,4.210526316,1.108821358,20,2,1,3,5.285714286,5.05,2.173913043,2.1,4.210526316
盪,4.285714286,6.052631579,4.545454545,4.55,3.315789474,1.259185194,17,7,1,0,4.363636364,5.85,4.333333333,4.55,3.315789474
愈,4.285714286,6.45,2.090909091,1.7,3.684210526,2.489408645,13,4,16,1,4.272727273,6.45,2.136363636,1.7,3.684210526
靡,5.476190476,5.15,2.636363636,2.25,2.210526316,0.725529358,19,8,7,16,5.476190476,5.15,2.565217391,2.25,2.210526316
暮,5.095238095,5.894736842,4.5,4.25,2.789473684,0.443709621,15,8,8,2,5.095238095,5.65,4.590909091,4.25,2.789473684
逍,5.25,5.842105263,2.272727273,2.15,4.210526316,0.69384801,11,3,8,4,5.047619048,5.6,2.173913043,2.15,4.210526316
疊,4.55,5.7,5,5.1579,NA,1.656358124,22,0,5,2,4.380952381,5.7,4.909090909,4.95,NA
舅,3.047619048,6.473684211,4.363636364,4.6,NA,0.814066108,13,4,1,5,3.047619048,6.3,4.318181818,4.6,NA
翳,6.571428571,3.25,1.571428571,1.6842,NA,0.089434113,17,9,0,0,6.5,3.25,1.666666667,1.9,NA
蝨,5.714285714,4.45,5.136363636,4.85,NA,-0.041844801,15,3,5,2,5.681818182,4.45,5.136363636,4.85,NA
盎,5.952380952,4.3,3.909090909,3,5.263157895,0.649392753,10,0,0,0,5.952380952,4.3,4.130434783,3,5.263157895
灸,5.285714286,5.894736842,4.636363636,4.75,6,0.68674767,7,1,9,1,5.285714286,5.7,4.5,4.75,6
忿,5.80952381,5.3,2.909090909,2.5,5.631578947,0.794032203,8,5,2,3,5.80952381,5.3,2.869565217,2.5,5.631578947
迺,6.761904762,2.55,1.428571429,1.3158,2.315789474,0.788404118,9,0,2,3,6.761904762,2.55,1.636363636,1.4,2.315789474
孳,6.95,2.35,1.1,1.3158,3.052631579,0.696189226,12,5,17,4,6.863636364,2.35,1.681818182,1.5,3.052631579
遐,5.8,5.15,2.590909091,1.8421,2.578947368,0.307489874,13,4,4,0,5.666666667,5.15,2.5,2,2.578947368
釜,5.05,5.5,4.772727273,3.45,NA,0.723341472,10,2,9,3,4.857142857,5.5,4.727272727,3.45,NA
聳,5.619047619,5.894736842,2.954545455,3.3,3.789473684,0.572804317,17,6,2,0,5.619047619,5.65,3.090909091,3.3,3.789473684
聾,4.285714286,5.75,4.818181818,5.4,6.823529412,0.976904635,23,2,8,2,4.285714286,5.75,4.727272727,5.4,6.421052632
攣,6.1,4.25,2.727272727,3.3,3.736842105,0.451982147,23,2,4,3,5.952380952,4.25,2.818181818,3.3,3.736842105
丕,5.761904762,4.1,1.45,1.5263,NA,0.079888796,5,2,1,4,5.636363636,4.1,1.863636364,1.7,NA
壟,5.761904762,5.2,2.863636364,3.25,4.368421053,1.203377466,20,3,1,5,5.761904762,5.2,2.909090909,3.25,4.368421053
膏,4.238095238,6,5.045454545,5.35,NA,1.364194174,14,10,5,4,4.238095238,6,4.863636364,5.35,NA
漿,4.761904762,5.75,4.409090909,5,5.894736842,1.082774484,15,7,9,4,4.761904762,5.75,4.272727273,5,5.894736842
纍,5.904761905,3.8,2.5,2.05,2.473684211,0.870721078,21,0,5,5,5.904761905,3.8,2.272727273,2.05,2.473684211
盅,5.428571429,5.2,5.136363636,4.95,6.333333333,0.64678437,9,3,10,3,5.428571429,5.2,5.136363636,4.95,6.105263158
壘,4.857142857,5.15,4.772727273,3.9,5.157894737,0.848280209,18,8,9,2,4.857142857,5.15,4.727272727,3.9,5.157894737
腎,4.619047619,6.2,5.863636364,6.3158,5.944444444,1.404856799,12,10,1,0,4.590909091,6.2,5.625,6.15,5.736842105
槳,4.85,5.55,5,5.35,6,0.591029138,15,2,4,0,4.952380952,5.55,4.772727273,5.35,5.789473684
賃,6.368421053,3.7,1.954545455,2.1053,5.473684211,0.471999261,13,4,2,1,6.142857143,3.7,1.954545455,2.35,5.473684211
眷,5.9,5.6,3.318181818,2.9,3.789473684,0.786511764,11,4,1,5,5.761904762,5.6,3.391304348,2.9,3.789473684
斡,6.476190476,3.5,2,2.4,NA,0.39515923,14,2,1,0,6.476190476,3.5,2,2.4,NA
帛,5.95,5.15,3.409090909,3.8,4.578947368,0.219067971,8,9,2,4,5.714285714,5.15,3.318181818,3.8,4.578947368
磐,5.952380952,4.35,2.590909091,3.75,6.111111111,-0.017021217,15,4,3,0,5.952380952,4.35,2.772727273,3.75,5.894736842
瞥,5.523809524,5.2,3.954545455,3.55,6.333333333,0.174864309,16,2,1,0,5.523809524,5.2,4.130434783,3.55,6.157894737
弩,5.714285714,4.45,4.545454545,5.15,NA,0.51658139300000006,8,4,3,0,5.714285714,4.45,4.565217391,5.15,NA
斐,5.857142857,4.35,1.857142857,1.2632,NA,0.829796803,12,2,7,0,5.857142857,4.35,2.318181818,1.35,NA
熹,6.45,4.65,1.761904762,1.3684,3,0.585038774,16,2,14,1,6.181818182,4.65,1.958333333,1.6,3
龕,6.7,4.05,4.272727273,4.45,NA,0.897967993,23,3,1,0,6.571428571,4.05,4.130434783,4.45,NA
羹,5.3,4.7,5.272727273,5.05,NA,0.638863886,19,4,3,1,5,4.7,5.136363636,5.05,NA
孿,5.523809524,4.85,4.136363636,3.15,4.157894737,0.006459879,22,2,4,0,5.409090909,4.85,3.954545455,3.15,4.157894737
甦,5.857142857,4.7,3.454545455,3.3,NA,0.930466965,12,3,6,0,5.857142857,4.7,3.409090909,3.3,NA
鶩,6.25,3.3,3.136363636,4,6.666666667,0.226016831,20,3,8,0,6.142857143,3.3,3.045454545,4,6.578947368
鶯,5.666666667,4.5,4.636363636,5.1,6.631578947,0.376066288,21,6,0,2,5.666666667,4.5,4.5,5.1,6.631578947
遴,6.19047619,4.3,1.7,2,3.368421053,0.408947515,15,2,14,1,6.19047619,4.3,2.173913043,2,3.368421053
怠,5.571428571,5.1,2.681818182,2.0526,5.888888889,0.575895395,9,6,1,4,5.571428571,5.1,2.739130435,2.25,5.631578947
裳,4.619047619,6.421052632,4.954545455,4.75,6.526315789,0.039460138,14,4,4,0,4.619047619,6.2,4.863636364,4.75,6.526315789
麽,3.2,6.6,1.1,1.1053,NA,0.875382602,14,0,3,0,3.333333333,6.6,1.318181818,1.35,NA
迢,5.571428571,5.55,3,1.9474,4.105263158,0.219067971,8,6,2,2,5.571428571,5.55,3.045454545,2.2,4.105263158
颶,5.047619048,4.6,4.863636364,3.55,6.210526316,0.376066288,17,1,6,3,5.047619048,4.6,4.913043478,3.55,6.210526316
慫,5.714285714,5.55,3.181818182,2.9,5.555555556,0.361174733,15,1,2,0,5.772727273,5.55,3.045454545,2.9,5.368421053
恿,5.65,5.25,2.095238095,2.6,5.210526316,0.350955568,11,1,8,1,5.428571429,5.25,2.5,2.6,5.210526316
魘,6.75,4.45,4.909090909,3.4,6.555555556,0.070128958,24,1,1,0,6.476190476,4.45,4.913043478,3.4,6.421052632
扈,6.476190476,3.6,2.363636364,2.05,3.315789474,-0.054809778,11,2,5,0,6.409090909,3.6,2.416666667,2.05,3.315789474
鰲,6.7,3.55,3.454545455,3.55,6.263157895,0.451982147,22,2,5,0,6.619047619,3.55,3.5,3.55,6.263157895
璽,6.047619048,4.9,4.227272727,5.2,6.315789474,0.447865581,19,3,1,2,6.047619048,4.9,4.181818182,5.2,6.315789474
盞,5.2,5.95,4.090909091,3.85,4.894736842,0.614197003,13,2,0,2,4.909090909,5.95,4.136363636,3.85,4.894736842
墾,5.666666667,4.85,2.681818182,2.1579,5.368421053,0.413448016,16,9,3,3,5.666666667,4.85,2.727272727,2.4,5.368421053
鑒,5.428571429,5.85,3.727272727,3.5,NA,0.483581133,22,0,3,0,5.428571429,5.85,3.47826087,3.5,NA
煦,6,4.25,2.863636364,2.3158,4.684210526,-0.029255674,13,5,3,4,5.857142857,4.25,2.863636364,2.55,4.684210526
糜,6.142857143,4.2,2.727272727,2.2632,3.736842105,-0.193112477,17,7,7,3,6.136363636,4.2,2.545454545,2.5,3.736842105
犁,5.80952381,3.9,3.090909091,3.3,5.736842105,-0.230901037,11,4,2,4,5.863636364,3.9,3.136363636,3.3,5.736842105
赳,6.15,4.2,2.318181818,2,4.157894737,-0.141959954,9,5,5,0,5.904761905,4.2,2.590909091,2,4.157894737
甯,6.95,3.45,1.619047619,1.4737,NA,0.125646286,13,0,16,0,6.761904762,3.45,1.954545455,1.65,NA
遨,5.857142857,4.95,2.238095238,1.8421,3.894736842,0.006459879,15,1,5,0,5.857142857,4.95,2.409090909,2,3.894736842
巒,6.047619048,4,4.363636364,4.2,4.526315789,0.079888796,22,2,4,1,6.047619048,4,4.454545455,4.2,4.526315789
盂,5.619047619,4.5,2.818181818,1.9474,3.421052632,0.460100037,8,2,28,1,5.619047619,4.5,2.652173913,2.15,3.421052632
紊,6.6,4.55,2.590909091,2,4.263157895,0.204827532,10,2,1,0,6.476190476,4.55,2.782608696,2.2,4.263157895
裘,5.857142857,4.45,2.409090909,2.35,5.105263158,0.295908002,13,2,2,4,5.863636364,4.45,2.545454545,2.35,5.105263158
驀,6.142857143,4.4,1.714285714,1.45,2.947368421,-0.15835037,21,2,6,0,6.142857143,4.4,2.136363636,1.45,2.947368421
孌,6.75,3.15,1.55,1.5789,2.736842105,0.483581133,22,2,1,2,6.571428571,3.15,2,1.7,2.736842105
羣,4.333333333,6.473684211,4.136363636,3.5,5.722222222,0.732027651,13,0,2,NA,4.333333333,6.35,4.136363636,3.5,5.473684211
愿,4.571428571,5.45,2.5,2.6842,6.315789474,-1.272293726,14,3,2,0,4.571428571,5.45,2.590909091,2.9,6.315789474
獒,6.45,3.45,3.954545455,3.65,6.777777778,-0.427195683,15,1,5,0,6.285714286,3.45,3.727272727,3.65,6.526315789
睾,5.857142857,4.85,3.454545455,3.65,NA,0.644160226,14,3,5,0,5.857142857,4.85,3.545454545,3.65,NA
鷺,5.80952381,4.947368421,4.363636364,4.7,6.611111111,0.134246458,24,3,5,1,5.80952381,4.75,4.260869565,4.7,6.421052632
咨,5.142857143,5.8,3.090909091,2.65,5.842105263,-0.318051213,9,5,17,6,5.142857143,5.8,2.913043478,2.65,5.842105263
岸,4.25,6.65,5.318181818,4.7,5.631578947,2.201266232,8,6,0,4,4.095238095,6.65,5.181818182,4.7,5.631578947
蘋,2.666666667,6.842105263,6.19047619,4.8,5.789473684,2.115807479,18,1,7,2,2.666666667,6.7,5.772727273,4.8,5.789473684
客,3.047619048,6.894736842,4.227272727,4.55,4.052631579,3.023427277,9,27,3,4,3.047619048,6.8,4.318181818,4.55,4.052631579
最,3,6.894736842,1.619047619,2.3,NA,3.349438059,12,6,3,7,3,6.8,1.909090909,2.3,NA
完,3,6.894736842,3.818181818,3.9,2.947368421,2.779090362,7,8,17,7,3,6.75,3.909090909,3.9,2.947368421
蕉,2.428571429,6.944444444,6.227272727,6.4211,5.421052632,0.919436671,16,4,4,5,2.428571429,6.75,6.136363636,6.25,5.421052632
管,3.761904762,6.65,4.090909091,4.25,3.789473684,2.80907159,14,6,2,1,3.761904762,6.65,4.272727273,4.25,3.789473684
施,4.25,6.526315789,3.227272727,2,NA,2.649912555,9,6,13,9,4.095238095,6.25,3.045454545,2.2,NA
定,2.761904762,6.789473684,2.636363636,1.9474,3.157894737,3.172928944,8,18,1,3,2.761904762,6.65,2.454545455,2.15,3.157894737
童,2.666666667,6.684210526,5.409090909,5,2.105263158,2.484342386,12,7,10,3,2.666666667,6.5,5.454545455,5,2.105263158
界,3,6.736842105,3.954545455,3.7,4.263157895,2.954409267,9,5,7,0,3.19047619,6.6,3.818181818,3.7,4.263157895
策,4.761904762,6.4,2.476190476,2.95,4,2.489446232,12,8,3,2,4.681818182,6.4,2.625,2.95,4
每,3.095238095,6.944444444,1.761904762,2,NA,2.931921252,7,6,0,2,3.136363636,6.75,2,2,NA
寫,2.476190476,6.789473684,4.772727273,5.5,2.789473684,2.529247184,15,9,1,5,2.476190476,6.65,4.608695652,5.5,2.789473684
蒂,5.714285714,5,2.909090909,2.95,4.578947368,1.507302769,13,6,3,2,5.714285714,5,2.636363636,2.95,4.578947368
電,2.714285714,6.947368421,5.772727273,5.65,4.473684211,3.211072449,13,7,7,4,2.714285714,6.85,5.681818182,5.65,4.473684211
震,3.761904762,6.736842105,4.772727273,4.95,3.368421053,2.201630971,15,24,4,7,3.761904762,6.6,4.727272727,4.95,3.368421053
元,2.666666667,6.894736842,3.954545455,3.6,NA,3.190254006,4,8,17,5,2.666666667,6.75,3.818181818,3.6,NA
露,4.1,6.578947368,4.636363636,4.1,5.684210526,2.691399683,21,20,5,7,4.238095238,6.45,4.5,4.1,5.684210526
容,3.238095238,6.631578947,2.818181818,2.5,3.684210526,2.797744144,10,7,13,4,3.238095238,6.35,2.772727273,2.5,3.684210526
著,3.285714286,6.5,2.909090909,2.0526,2.684210526,2.184451773,12,14,6,10,3.318181818,6.5,2.791666667,2.25,2.684210526
簽,3.380952381,6.736842105,5.045454545,4.9,5.333333333,2.306116248,19,3,3,3,3.380952381,6.6,4.869565217,4.9,5.105263158
景,3.476190476,6.55,5.227272727,4.1,4.947368421,2.433527242,12,12,6,6,3.454545455,6.55,5.181818182,4.1,4.947368421
薪,4.904761905,6.736842105,3.909090909,3.3,3.684210526,2.162355008,17,8,11,3,4.863636364,6.45,3.818181818,3.3,3.684210526
題,3.25,6.736842105,4.272727273,3.95,3.684210526,2.941662092,18,8,5,0,3.428571429,6.55,4.090909091,3.95,3.684210526
零,2.476190476,6.842105263,4.181818182,4.8,2.894736842,2.297197232,13,9,16,6,2.476190476,6.75,4,4.8,2.894736842
廠,4.428571429,6.6,5.272727273,5.3,5.052631579,2.183160246,15,3,1,5,4.428571429,6.6,5.136363636,5.3,5.052631579
晃,5.095238095,5.65,4.136363636,3.4,3.947368421,0.890569271,10,4,8,0,5.095238095,5.65,3.909090909,3.4,3.947368421
落,3.142857143,6.65,4.5,4.7,3.263157895,2.84772053,13,21,1,7,3.142857143,6.65,4.363636364,4.7,3.263157895
李,2.619047619,6.894736842,1.863636364,1.7368,4,2.856541561,7,4,6,4,2.619047619,6.75,2,2,4
底,2.80952381,6.944444444,4.272727273,4.25,3.368421053,2.633394245,8,7,6,0,2.818181818,6.75,4,4.25,3.368421053
習,3.368421053,6.944444444,2.954545455,3.15,NA,2.651131646,11,16,4,6,3.142857143,6.65,3.045454545,3.15,NA
層,3.9,6.894736842,4.590909091,5,2.684210526,2.523308257,15,6,1,6,3.761904762,6.8,4.363636364,5,2.684210526
富,3.952380952,6.65,4.636363636,3.55,3.315789474,2.473132424,12,4,5,4,3.952380952,6.65,4.545454545,3.55,3.315789474
戚,3.9,5.95,2.636363636,2.3,NA,1.268661086,12,6,2,6,4.047619048,5.95,2.681818182,2.3,NA
答,2.952380952,6.736842105,3.727272727,4.25,3.263157895,2.238653226,12,13,2,0,3.045454545,6.45,3.681818182,4.25,3.263157895
屬,4.047619048,6.684210526,1.761904762,2.55,NA,2.662053204,21,14,5,4,4,6.55,1.875,2.55,NA
字,2,6.944444444,5.227272727,5.15,2.333333333,2.614507102,6,6,7,6,2.045454545,6.75,4.954545455,5.15,2.526315789
舊,3.523809524,6.684210526,4.590909091,4.65,2.894736842,2.331445908,18,3,0,4,3.523809524,6.45,4.47826087,4.65,2.894736842
草,2.380952381,6.947368421,6.380952381,6.5789,6.777777778,2.405450066,10,11,0,4,2.380952381,6.85,6.045454545,6.4,6.631578947
英,2.666666667,6.842105263,3.272727273,2.95,2.578947368,3.075621464,9,12,8,0,2.666666667,6.75,3.409090909,2.95,2.578947368
究,4.047619048,6.631578947,1.863636364,1.9474,3.631578947,2.568314156,7,7,9,4,4.047619048,6.35,1.909090909,2.15,3.631578947
蘇,4.2,6.105263158,1.7,2.1,2.684210526,2.471294428,20,3,6,3,4.047619048,5.85,2.181818182,2.1,2.684210526
店,3.19047619,6.947368421,5.761904762,5.1,4.631578947,2.778878101,8,11,2,3,3.19047619,6.85,5.363636364,5.1,4.631578947
穴,4.333333333,6.526315789,5.863636364,5.2,NA,1.088488968,5,3,6,5,4.333333333,6.35,5.818181818,5.2,NA
花,1.904761905,6.947368421,6.571428571,6.5789,6.5,2.791621059,8,15,0,1,1.904761905,6.85,6.272727273,6.45,6.368421053
宅,4.6,6.6,4.863636364,5.2,5.526315789,2.072883894,6,3,5,5,4.428571429,6.6,4.772727273,5.2,5.526315789
廬,5.523809524,5.1,3.318181818,3.8,3.578947368,0.487374122,19,5,11,2,5.590909091,5.1,3.375,3.8,3.578947368
蔡,4.05,6.421052632,1.681818182,1.25,2.684210526,2.18672161,15,0,3,2,3.904761905,6.25,1.681818182,1.25,2.684210526
旁,3.666666667,6.944444444,3.909090909,3.35,NA,2.114650902,10,8,6,7,3.666666667,6.75,3.909090909,3.35,NA
髦,5.25,5.35,3.772727273,2.1053,4.105263158,-0.017021217,14,1,8,5,5.047619048,5.35,3.909090909,2.3,4.105263158
座,3.047619048,6.894736842,5.363636364,4.75,4,2.465018215,10,7,2,4,3.047619048,6.75,5.272727273,4.75,4
廂,4.333333333,6.15,4.227272727,4.4,4.789473684,1.733958329,12,2,10,0,4.333333333,6.15,4.136363636,4.4,4.789473684
臨,4.047619048,6.5,2.772727273,2.2632,NA,2.306574606,17,17,4,3,4.090909091,6.5,2.625,2.5,NA
整,3.904761905,6.888888889,3.681818182,3.25,NA,2.59749518,16,18,0,3,3.904761905,6.7,3.590909091,3.25,NA
藍,2.476190476,6.894736842,5.363636364,5.4,4,2.281953086,18,6,3,5,2.476190476,6.8,5.227272727,5.4,4
茗,5.80952381,5.1,2.571428571,2.85,4.210526316,0.46410278,10,3,3,0,5.80952381,5.1,2.863636364,2.85,4.210526316
病,2.761904762,6.894736842,4.954545455,5.2,6.631578947,2.781610248,10,18,0,0,2.761904762,6.8,4.954545455,5.2,6.631578947
療,4.571428571,6.555555556,3.681818182,3.3,5.842105263,2.396464819,17,2,9,1,4.590909091,6.1,3.772727273,3.3,5.842105263
宣,3.65,6.777777778,2.545454545,2.85,2.611111111,2.599716789,9,8,4,4,3.523809524,6.5,2.590909091,2.85,2.842105263
疫,4.523809524,6.315789474,3.318181818,3.1,6.5,1.892802152,9,3,15,3,4.545454545,6.15,3.181818182,3.1,6.315789474
察,3.952380952,6.526315789,2.136363636,2.3684,3.684210526,2.515733162,14,10,2,5,3.909090909,6.25,2.181818182,2.6,3.684210526
床,2.19047619,6.65,5.954545455,6.5263,NA,1.818669354,7,4,2,0,2.19047619,6.65,5.909090909,6.35,NA
房,2.904761905,6.944444444,5.5,5.4,5.777777778,2.742625646,8,11,2,10,2.904761905,6.75,5.454545455,5.4,5.526315789
考,2.952380952,6.631578947,3.454545455,3.9,NA,2.684450823,6,14,2,6,2.952380952,6.45,3.5,3.9,NA
籌,4.45,6.263157895,3.681818182,3.85,4,2.114918078,20,8,7,5,4.571428571,6.05,3.863636364,3.85,4
覆,4.333333333,6.578947368,3.136363636,3.4,NA,2.114383562,18,5,5,10,4.333333333,6.45,3.272727273,3.4,NA
府,4.1,6.684210526,4.545454545,4.65,5.222222222,2.999083149,8,6,9,5,4.238095238,6.5,4.363636364,4.65,5
痛,2.761904762,6.842105263,4.636363636,4.9,6.263157895,2.328025607,12,26,0,7,2.761904762,6.75,4.454545455,4.9,6.263157895
疹,4.75,5.55,5.045454545,5.35,6.222222222,0.97812628,10,5,1,0,4.571428571,5.55,4.863636364,5.35,5.947368421
癢,3.904761905,6.25,4.954545455,4.55,5.578947368,1.097849125,20,3,3,1,3.904761905,6.25,4.909090909,4.55,5.578947368
症,4.095238095,6.631578947,3.863636364,3.8,6.166666667,2.19995063,10,2,6,2,4.095238095,6.4,3.818181818,3.8,5.894736842
蒲,5.142857143,5.35,3.090909091,2.5,4.789473684,1.382364032,14,4,4,5,5.142857143,5.35,3,2.5,4.789473684
庭,3.428571429,6.65,4.363636364,4.75,5.210526316,2.512430526,10,3,6,0,3.428571429,6.65,4.181818182,4.75,5.210526316
葉,2.904761905,6.894736842,6.045454545,6.3158,6.611111111,2.240857263,13,6,4,3,2.904761905,6.75,5.954545455,6.15,6.473684211
節,3.095238095,6.944444444,3.454545455,3.75,4.421052632,2.767497018,13,13,5,5,3.095238095,6.75,3.409090909,3.75,4.421052632
蔣,4.428571429,5.5,2.5,1.2632,2.277777778,1.439091657,15,1,4,0,4.428571429,5.5,2.318181818,1.55,2.526315789
廳,2.857142857,6.789473684,5.045454545,5.35,4.894736842,2.211293574,25,3,0,3,2.857142857,6.65,4.863636364,5.35,4.894736842
旗,3.428571429,6.684210526,5.681818182,5.95,NA,2.169165746,14,13,18,3,3.428571429,6.55,5.565217391,5.95,NA
萌,5.714285714,6.25,5.090909091,3.95,3.578947368,1.265525373,12,7,1,5,5.714285714,6.25,4.954545455,3.95,3.578947368
室,2.904761905,6.789473684,5.904761905,4.8,5.894736842,2.417592036,9,4,5,5,2.904761905,6.65,5.652173913,4.8,5.894736842
尼,3.428571429,6,2.727272727,1.2632,2.473684211,2.706434455,5,2,3,5,3.428571429,6,2.772727273,1.55,2.473684211
董,4.9,6.157894737,1.45,1.8421,2.368421053,2.277812277,13,2,2,4,4.714285714,5.9,2.045454545,2.1,2.368421053
髮,2.857142857,6.947368421,6.476190476,6.1,4.736842105,2.064466111,15,5,2,3,2.857142857,6.85,6.136363636,6.1,4.736842105
蓋,3.80952381,6.65,5.090909091,5,3.052631579,1.974450987,14,11,5,1,3.80952381,6.65,4.909090909,5,3.052631579
空,3.095238095,6.894736842,4.636363636,4.6,4.526315789,2.784020239,8,19,5,11,3.095238095,6.8,4.5,4.6,4.526315789
廟,3.904761905,6.25,5.666666667,6.0526,4.315789474,1.322098828,15,4,1,3,3.904761905,6.25,5.272727273,5.85,4.315789474
罪,4.333333333,6.894736842,4.045454545,4.05,3.368421053,2.481939908,13,16,6,1,4.333333333,6.8,4.318181818,4.05,3.368421053
寬,3.761904762,6.55,5.090909091,4.25,3.631578947,1.805437457,15,6,1,1,3.772727273,6.55,4.954545455,4.25,3.631578947
籍,4.476190476,6.684210526,3.272727273,2.65,4.578947368,2.091036156,20,9,10,6,4.476190476,6.55,3.318181818,2.65,4.578947368
崖,4.666666667,6.1,6.136363636,5.95,6.315789474,0.969501709,11,4,3,3,4.666666667,6.1,6.090909091,5.95,6.315789474
蘭,4.333333333,6.263157895,5.045454545,4.8,5.473684211,2.715216132,22,8,4,6,4.333333333,6,4.954545455,4.8,5.473684211
簡,3.619047619,6.736842105,2,3.6,4.315789474,2.347008353,18,4,5,6,3.619047619,6.45,2.347826087,3.6,4.315789474
菜,2.333333333,6.85,6.55,6.3158,6.722222222,2.311358386,12,20,3,2,2.333333333,6.85,6.136363636,6.15,6.631578947
凰,5.05,6.315789474,5.409090909,4.5,NA,1.219067971,11,3,11,0,4.818181818,6.05,5.333333333,4.5,NA
菲,4.476190476,5.95,2.227272727,1.8421,3.421052632,2.267660119,12,8,7,4,4.476190476,5.95,2.363636364,2.05,3.421052632
霞,5.25,5.75,4.045454545,4.1,4.947368421,1.415235239,17,4,4,3,5.047619048,5.75,4.181818182,4.1,4.947368421
荷,3.55,6.35,4.409090909,4.45,5.894736842,2.163789376,11,10,2,3,3.666666667,6.35,4.545454545,4.45,5.894736842
豎,4.285714286,5.55,4.590909091,3.45,NA,1.076983805,15,6,1,1,4.272727273,5.55,4.454545455,3.45,NA
雪,2.952380952,6.894736842,6.136363636,6.4211,6.166666667,2.20771322,11,7,1,5,2.952380952,6.8,6.090909091,6.25,6
范,4.75,6.315789474,1.681818182,1.6,2.333333333,1.709071787,9,0,4,3,4.545454545,6.15,1.681818182,1.6,2.578947368
岌,5.80952381,4.5,1.954545455,1.8421,4.263157895,0.520097967,7,4,5,0,5.80952381,4.5,1.909090909,2.1,4.263157895
蔚,5.285714286,5.35,3.727272727,2.7,3.526315789,1.208431656,15,5,6,0,5.285714286,5.35,3.681818182,2.7,3.526315789
苑,4.45,5.7,3.636363636,3.85,3.789473684,1.682189995,9,2,8,3,4.285714286,5.7,3.863636364,3.85,3.789473684
嘉,4.19047619,6.684210526,2.238095238,1.5789,NA,2.502916102,14,4,5,5,4.19047619,6.55,2.545454545,1.75,NA
窩,4.476190476,6.2,4,4.65,5.842105263,1.535241306,14,8,3,0,4.476190476,6.2,3.826086957,4.65,5.842105263
藥,3.333333333,6.894736842,5.636363636,6.4211,5.157894737,2.446871772,19,40,7,4,3.333333333,6.8,5.5,6.25,5.157894737
宮,3.857142857,6.842105263,5.636363636,5,4.894736842,2.032627439,10,12,10,4,3.857142857,6.7,5.636363636,5,4.894736842
藉,4.7,6.421052632,2.045454545,2.5263,2.894736842,1.980316618,18,9,10,7,4.523809524,6.15,2.173913043,2.75,2.894736842
莖,4.80952381,5.2,5.545454545,5.1,5.736842105,0.460100037,11,4,4,0,4.80952381,5.2,5.5,5.1,5.736842105
荒,4.35,6.3,4.863636364,3.75,4.526315789,1.736944648,10,15,6,5,4.19047619,6.3,4.782608696,3.75,4.526315789
癱,5.6,6.2,4.636363636,4.7,6.444444444,1.416570846,24,6,3,2,5.380952381,6.2,4.52173913,4.7,6.263157895
爸,1.5,7,6,5.5,6.722222222,2.153158979,8,2,6,3,1.666666667,6.8,6,5.5,6.631578947
霜,4.476190476,5.85,4.590909091,4.35,5.842105263,1.246220217,17,5,10,6,4.454545455,5.85,4.636363636,4.35,5.842105263
窪,5.9,4.2,4.545454545,4.7,5.842105263,0.070128958,14,2,6,0,5.666666667,4.2,4.409090909,4.7,5.842105263
署,4.428571429,6.368421053,3.409090909,2.95,2.947368421,2.6975879210000002,13,5,6,0,4.428571429,6.1,3.363636364,2.95,2.947368421
廈,4,6.55,4.409090909,4.05,4.210526316,2.081718623,13,2,2,3,3.857142857,6.55,4.454545455,4.05,4.210526316
篇,3.7,6.736842105,3.545454545,3.85,4.684210526,1.804164665,15,4,4,3,3.80952381,6.6,3.545454545,3.85,4.684210526
荊,4.952380952,5.9,4.318181818,4.8,5.777777778,0.929103402,10,2,5,3,4.952380952,5.9,4.363636364,4.8,5.526315789
冠,3.6,6.55,5.090909091,4.4,NA,2.482780379,9,14,4,4,3.476190476,6.55,5.090909091,4.4,NA
箱,3.428571429,6.894736842,5.952380952,6.1,4.736842105,1.85739617,15,3,10,0,3.428571429,6.75,5.545454545,6.1,4.736842105
厥,5.857142857,4.65,2.863636364,1.2632,2.947368421,0.509461652,12,4,6,5,5.772727273,4.65,2.909090909,1.35,2.947368421
艾,4.19047619,6.05,2.227272727,1.3684,4.157894737,2.07022765,6,5,0,5,4.19047619,6.05,2.318181818,1.55,4.157894737
氛,4.2,6.421052632,3,1.9474,5.666666667,1.861723923,8,5,13,2,4.333333333,6.25,3,2.15,5.421052632
拖,3.285714286,6.736842105,4.545454545,4.3,5.315789474,2.373079416,8,6,0,6,3.285714286,6.6,4.454545455,4.3,5.315789474
宇,4.05,6.45,3.318181818,2.6,2.947368421,1.971488194,6,4,7,3,3.904761905,6.45,3.454545455,2.6,2.947368421
宙,4.05,6.25,4.181818182,3.1,3.473684211,1.079888796,8,3,2,3,4.19047619,6.25,4.318181818,3.1,3.473684211
嶺,4.904761905,6.05,4.681818182,4.45,6.5,1.662709429,17,4,1,4,4.909090909,6.05,4.545454545,4.45,6.263157895
岑,5.571428571,4.65,1.619047619,1.1579,4.052631579,1.218366931,7,3,1,0,5.5,4.65,1.863636364,1.35,4.052631579
宛,4.7,5.736842105,2.636363636,1.95,3,0.68674767,8,5,8,8,4.80952381,5.5,2.695652174,1.95,3
峯,5.095238095,5.578947368,4.954545455,5.2,6.444444444,1.632421823,10,0,10,0,5.095238095,5.35,4.826086957,5.2,6.263157895
蔓,5.380952381,6,3.454545455,3.25,5.578947368,1.235562149,15,9,7,0,5.380952381,5.8,3.363636364,3.25,5.578947368
蔭,5,6.105263158,3.727272727,4.5,6.055555556,1.370170798,15,12,0,5,5,5.9,3.590909091,4.5,5.842105263
篩,5.571428571,5.1,4.272727273,4.25,5,1.477828804,16,5,3,3,5.571428571,5.1,4.227272727,4.25,5
痊,5,5.25,2.454545455,3.3,6.105263158,0.782702139,11,1,7,0,4.954545455,5.25,2.416666667,3.3,6.105263158
癒,4.95,6.3,4.454545455,3.8,6.210526316,1.130826799,18,4,16,0,4.761904762,6.3,4.565217391,3.8,6.210526316
萎,5.380952381,6.052631579,4.909090909,3.55,5.263157895,1.054042138,12,6,5,0,5.380952381,5.85,4.727272727,3.55,5.263157895
萄,3.619047619,6.25,4.863636364,3.8,5.947368421,1.705886794,12,1,13,1,3.619047619,6.25,4.954545455,3.8,5.947368421
宏,4.55,6.210526316,3.545454545,2.9,3.052631579,1.510537083,7,13,2,3,4.666666667,6,3.318181818,2.9,3.052631579
蓉,4.666666667,5.55,3.272727273,3.3,4.263157895,1.16545684,14,2,13,0,4.666666667,5.55,3.318181818,3.3,4.263157895
茜,5.380952381,4.85,2.772727273,2.45,4.789473684,1.074059252,10,2,6,0,5.380952381,4.85,3.045454545,2.45,4.789473684
冧,5.333333333,5.05,3.545454545,3.3,NA,1.467278622,14,0,0,NA,5.333333333,5.05,3.636363636,3.3,NA
菇,3.952380952,6.736842105,5.272727273,5.15,5.722222222,1.013263587,12,2,6,1,3.952380952,6.6,5.136363636,5.15,5.473684211
癲,5.1,6.105263158,4.5,4.2,5.421052632,1.048890305,24,3,2,2,4.904761905,5.9,4.272727273,4.2,5.421052632
癖,5.761904762,5.55,2.363636364,3.9,5.157894737,0.66971433,18,5,4,2,5.761904762,5.55,2.409090909,3.9,5.157894737
崙,5.666666667,4.05,1.666666667,1.3889,5.263157895,0.435276454,11,1,14,0,5.727272727,4.05,2,1.65,5.263157895
鬈,5.7,4.4,4.363636364,4.65,4.526315789,0.134246458,18,1,3,0,5.476190476,4.4,4.272727273,4.65,4.526315789
疚,4.714285714,6.2,3.090909091,3.05,5.052631579,0.831509998,8,3,9,5,4.714285714,6.2,3.227272727,3.05,5.052631579
寰,6.476190476,4.35,1.904761905,1.7,2.789473684,0.611367713,16,5,4,0,6.476190476,4.35,2.181818182,1.7,2.789473684
釁,6.6,4.45,3,2.85,NA,1.339429586,25,6,6,0,6.476190476,4.45,2.863636364,2.85,NA
蕊,4.666666667,5.65,4.909090909,5,6.368421053,1.202650613,16,5,0,3,4.666666667,5.65,4.863636364,5,6.368421053
茱,5,5.25,2,1.8421,5,0.947814366,10,1,9,0,5,5.25,2.409090909,2.1,5
屁,3.238095238,6.894736842,5.363636364,5.5789,3.631578947,1.065165539,7,2,1,2,3.238095238,6.75,5.318181818,5.35,3.631578947
翹,5.476190476,5.1,3.636363636,3.45,3.684210526,0.919436671,18,2,4,7,5.476190476,5.1,3.772727273,3.45,3.684210526
蕙,5.523809524,4.5,1.904761905,1.5,3.947368421,1.067157719,16,1,9,0,5.523809524,4.5,2.227272727,1.5,3.947368421
霹,5.523809524,5.789473684,3.318181818,2.6316,5.722222222,0.633502158,21,1,4,1,5.523809524,5.6,3.391304348,2.85,5.473684211
靂,5.238095238,5.2,3.363636364,3.2,5.421052632,0.628073406,24,1,2,0,5.238095238,5.2,3.454545455,3.2,5.421052632
蘢,6.95,2.7,1.333333333,1.5,3.263157895,-0.427195683,21,1,8,0,6.857142857,2.7,1.565217391,1.5,3.263157895
筵,5.666666667,5.15,3.863636364,3.8,3.526315789,0.582012319,14,4,10,4,5.666666667,5.15,3.590909091,3.8,3.526315789
廚,3.666666667,6.6,4.909090909,4.95,4,1.982133499,15,5,2,0,3.666666667,6.6,4.863636364,4.95,4
廖,4.571428571,6.15,1.285714286,1.2632,2.736842105,1.554752294,14,0,1,2,4.571428571,6.15,1.545454545,1.4,2.736842105
疤,4.095238095,6.15,6.142857143,6.0526,6.111111111,0.964495377,9,4,6,1,4.095238095,6.15,5.909090909,5.85,5.842105263
筍,5.4,5.3,3.5,3.9,4.473684211,1.111521644,12,4,0,5,5.181818182,5.3,3.636363636,3.9,4.473684211
薰,5.238095238,5.45,3.909090909,3.7,3.947368421,0.862838929,19,5,13,4,5.238095238,5.45,3.909090909,3.7,3.947368421
窿,5,5.7,5.636363636,5.5789,5.789473684,0.712233591,17,4,8,0,4.80952381,5.7,5.636363636,5.35,5.789473684
筠,5.95,3.4,1.454545455,1.7,2.894736842,0.654562986,13,3,4,0,5.714285714,3.4,1.545454545,1.7,2.894736842
簷,5.380952381,5.05,4.863636364,4.6,4.526315789,0.866008976,19,0,6,0,5.380952381,5.05,4.863636364,4.6,4.526315789
昂,4.8,6.052631579,3.909090909,2.9,4,1.673174863,8,3,0,3,4.619047619,5.8,3.869565217,2.9,4
芒,2.952380952,6.736842105,5.409090909,5.05,5.421052632,1.284611547,7,7,4,7,2.952380952,6.6,5.227272727,5.05,5.421052632
閘,4.666666667,6.105263158,5.772727273,5.7368,6.210526316,2.252232214,13,3,4,4,4.666666667,5.9,5.727272727,5.55,6.210526316
芬,4.095238095,6.736842105,3.090909091,2.95,5.052631579,1.796633889,8,3,13,3,4.095238095,6.55,3.181818182,2.95,5.052631579
宴,4.619047619,6.666666667,5.136363636,5.5263,4.263157895,1.825310606,10,6,2,2,4.619047619,6.3,5.090909091,5.3,4.263157895
菱,4.75,6,3.909090909,3.65,3.473684211,0.509461652,12,2,16,1,4.571428571,5.75,3.818181818,3.65,3.473684211
箴,6.2,4.15,2.136363636,3.55,4.578947368,-0.272293722,16,1,1,0,6.047619048,4.15,2.181818182,3.55,4.578947368
廓,5.15,5.1,3.181818182,3.2,4.052631579,0.810491648,14,8,1,6,4.952380952,5.1,3,3.2,4.052631579
髹,6.55,2.6,1.571428571,2.35,3.421052632,0.167038971,16,3,7,0,6.454545455,2.6,1.863636364,2.35,3.421052632
篷,5.095238095,5.631578947,4.318181818,4.5,5.315789474,1.400265905,17,3,0,0,5.090909091,5.4,4.181818182,4.5,5.315789474
霏,5.75,5.1,2.181818182,1.2778,4.368421053,0.748895577,16,2,7,0,5.523809524,5.1,2.363636364,1.8,4.368421053
萱,5.15,5.35,1.666666667,1.4211,4.157894737,0.547250213,13,4,5,1,4.952380952,5.35,1.956521739,1.65,4.157894737
晏,4.952380952,5.5,2.954545455,2.65,4.684210526,1.150131954,10,7,0,0,4.954545455,5.5,2.727272727,2.65,4.684210526
笙,6.047619048,4.8,3.409090909,3,5.368421053,0.566555368,11,8,3,1,6.047619048,4.8,3.454545455,3,5.368421053
閨,5.95,5.45,3.681818182,2.85,4.631578947,0.805074183,14,8,4,4,5.80952381,5.45,3.590909091,2.85,4.631578947
窖,6.05,4.9,4.136363636,4.5,6.111111111,0.422311476,12,4,6,0,5.904761905,4.9,4.045454545,4.5,5.894736842
籃,3.619047619,6.684210526,5.545454545,5.15,5.888888889,1.764534711,20,5,3,3,3.636363636,6.45,5.5,5.15,5.631578947
耆,5.619047619,5.15,3.909090909,3.9,2.473684211,0.45606006,10,2,18,5,5.619047619,5.15,4.090909091,3.9,2.473684211
寞,4.45,6.263157895,2.818181818,2.35,3.157894737,1.012137011,14,5,4,3,4.285714286,6.05,2.913043478,2.35,3.157894737
笠,5.238095238,4,2.954545455,3.75,5,1.104283235,11,2,2,2,5.238095238,4,3.227272727,3.75,5
籬,5.523809524,5.2,4,4.55,5.833333333,0.856428562,24,3,11,1,5.523809524,5.2,3.956521739,4.55,5.578947368
蘆,4.95,5.75,4.454545455,4.3,5.789473684,0.810491648,20,7,11,1,4.761904762,5.75,4.318181818,4.3,5.789473684
葦,5.75,4.5,3.272727273,3.25,5.157894737,0.563396849,13,1,7,2,5.523809524,4.5,3.318181818,3.25,5.157894737
窟,5.476190476,4.85,4.363636364,4.95,5.947368421,0.67218895,14,1,7,5,5.409090909,4.85,4.272727273,4.95,5.947368421
蓓,5.761904762,3.9,1.85,1.8947,4.210526316,0.451982147,14,1,1,0,5.636363636,3.9,2.041666667,2.1,4.210526316
屙,4.047619048,5.55,4.454545455,4.35,3.578947368,0.380918791,11,3,2,0,3.909090909,5.55,4.363636364,4.35,3.578947368
巔,5.714285714,5.85,4.681818182,4.05,6.222222222,0.698517888,22,2,2,2,5.714285714,5.85,4.545454545,4.05,5.947368421
荼,4.523809524,5.4,5.272727273,3.95,5.5,0.679529313,11,4,13,6,4.523809524,5.4,5.181818182,3.95,5.263157895
篠,6.85,2.631578947,1.380952381,1.7368,3.947368421,0.006459879,17,0,2,0,6.761904762,2.85,1.590909091,1.9,3.947368421
籮,4.80952381,5.3,4.681818182,4.85,5.833333333,0.990157367,25,2,5,2,4.772727273,5.3,4.625,4.85,5.631578947
闢,5.761904762,4.8,3.136363636,2.5,4.105263158,1.066162771,21,5,4,4,5.761904762,4.8,3,2.5,4.105263158
寥,5.523809524,5.315789474,2.363636364,2.15,3.052631579,0.806887524,14,4,9,5,5.523809524,5.1,2.318181818,2.15,3.052631579
庇,5.238095238,5.75,3.363636364,2.4737,4,1.086592482,7,3,8,4,5.238095238,5.75,3.590909091,2.7,4
匈,5.285714286,5.7,2.5,2.0526,NA,0.753012143,6,3,5,4,5.285714286,5.7,2.636363636,2.3,NA
蕪,6.142857143,3.75,2.909090909,2.5,4.157894737,0.439513507,16,3,8,3,6.136363636,3.75,3,2.5,4.157894737
簾,4.55,6,5.227272727,5.75,5.210526316,0.790288262,19,2,1,1,4.380952381,6,5.181818182,5.75,5.210526316
寄,3.952380952,6.888888889,4.545454545,4.6,3.473684211,1.792164267,11,12,3,8,3.952380952,6.7,4.409090909,4.6,3.473684211
藐,5.714285714,4.65,2.818181818,3.05,2.947368421,0.736306449,18,2,5,4,5.727272727,4.65,2.681818182,3.05,2.947368421
筷,3.380952381,6.6,5.363636364,5.5,5.684210526,0.698517888,13,3,2,1,3.380952381,6.6,5.590909091,5.5,5.684210526
菊,3.55,6.631578947,5.952380952,6.1,6.333333333,1.048890305,12,2,6,2,3.714285714,6.5,5.695652174,6.1,6.157894737
嵌,5.857142857,5.25,3.727272727,3.95,3.842105263,0.942550126,12,3,3,5,5.857142857,5.25,3.652173913,3.95,3.842105263
嶄,5.9,5.1,2.318181818,2.2,5.052631579,0.742646627,14,3,1,0,5.761904762,5.1,2.5,2.2,5.052631579
晟,6.857142857,3.2,1.238095238,1.1667,3.842105263,0.399804135,11,1,7,0,6.857142857,3.2,1.5,1.55,3.842105263
芯,4.380952381,6.1,4,4.2,5,1.30057788,8,3,6,0,4.380952381,6.1,4.045454545,4.2,5
菩,5.25,5.05,3.954545455,3.5,3.526315789,0.677096284,12,4,4,2,5.047619048,5.05,4.181818182,3.5,3.526315789
尻,6.8,3.95,2.772727273,3.35,3.368421053,0.142679626,5,4,1,2,6.714285714,3.95,3,3.35,3.368421053
竅,5.285714286,5.25,3.045454545,2.3684,3.842105263,0.753012143,18,4,0,0,5.285714286,5.25,2.863636364,2.6,3.842105263
稽,5.857142857,4.95,2.545454545,2.75,2.055555556,0.64678437,15,9,1,3,5.857142857,4.95,2.590909091,2.75,2.315789474
閹,5.619047619,5.2,3.045454545,4.3,3.789473684,0.408947515,16,4,3,0,5.619047619,5.2,2.954545455,4.3,3.789473684
籤,4.523809524,5.75,5.227272727,5.15,6.166666667,1.6167277,23,5,3,0,4.523809524,5.75,5.045454545,5.15,6
茁,4.619047619,5.55,4.090909091,3,5.473684211,0.329766269,10,1,4,0,4.590909091,5.55,4.227272727,3,5.473684211
莓,3.666666667,6.6,5.727272727,6.1579,6.222222222,0.84164963,11,1,7,0,3.666666667,6.6,5.545454545,6,6.052631579
痰,3.80952381,6.15,5.545454545,5.35,6.333333333,0.750958737,13,2,5,0,3.80952381,6.15,5.5,5.35,6.157894737
窺,5.380952381,5.6,4.727272727,4,4.842105263,0.961970402,16,8,3,5,5.380952381,5.6,4.608695652,4,4.842105263
窘,6,4.7,3.545454545,3,4.473684211,0.748895577,12,3,1,0,5.857142857,4.7,3.47826087,3,4.473684211
蓬,5.238095238,5.55,3.772727273,3.2,4.421052632,1.101537423,15,16,2,3,5.272727273,5.55,3.541666667,3.2,4.421052632
葫,4.80952381,5.5,3.954545455,4.3,5.052631579,0.335161301,13,1,11,0,4.727272727,5.5,3.916666667,4.3,5.052631579
茄,3.238095238,6.631578947,5.636363636,5.35,6.105263158,1.297665096,9,4,0,4,3.238095238,6.5,5.409090909,5.35,6.105263158
屑,5.238095238,6.05,3.727272727,3.65,2.842105263,0.849922156,10,6,8,0,5.238095238,6.05,3.772727273,3.65,2.842105263
痣,4.7,5.95,5.5,5.7895,5,0.45606006,12,2,10,0,4.523809524,5.95,5.272727273,5.6,5
痴,4.5,6.368421053,3.772727273,3.75,5.526315789,0.537265992,13,4,5,0,4.333333333,6.1,3.727272727,3.75,5.526315789
癆,5.714285714,5.473684211,3,3.25,6.5,0.049925572,17,4,11,0,5.714285714,5.25,3.045454545,3.25,6.315789474
駡,3.736842105,6.842105263,4.772727273,4.95,NA,0.277934631,22,0,1,NA,3.761904762,6.75,4.954545455,4.95,NA
蘿,3.952380952,6.526315789,4.363636364,3.75,5.052631579,1.223250615,23,3,5,2,3.952380952,6.35,4.136363636,3.75,5.052631579
苛,5.238095238,5.85,2.238095238,2.35,2.166666667,0.736306449,9,5,2,6,5.238095238,5.85,2.5,2.35,2.421052632
寢,5.238095238,5.75,5.523809524,4.65,4.789473684,0.68674767,14,4,0,5,5.238095238,5.75,5.318181818,4.65,4.789473684
瘤,5.476190476,5.7,4.636363636,4.8,6.157894737,1.441616632,15,3,10,2,5.476190476,5.7,4.863636364,4.8,6.157894737
闌,6.238095238,4.1,1.857142857,1.6842,3.052631579,0.295908002,18,4,4,1,6.238095238,4.1,2.227272727,1.85,3.052631579
葱,3.904761905,6.777777778,6.285714286,6.3158,6,1.177955386,13,0,13,NA,3.904761905,6.5,6,6.05,6
茸,5.238095238,5.1,4.545454545,3.6,4.105263158,0.543947577,10,4,13,6,5.227272727,5.1,4.363636364,3.6,4.105263158
箔,6,4.9,3.909090909,4.25,3.473684211,0.150952151,14,5,5,0,6,4.9,3.818181818,4.25,3.473684211
蒜,4.047619048,6,5.863636364,5.9,5.578947368,1.036270691,14,5,3,0,4.047619048,6,5.565217391,5.9,5.578947368
冗,6,4.9,2.409090909,2.2105,NA,0.182551138,8,5,8,0,6.045454545,4.9,2.458333333,2.45,NA
藩,5.952380952,5.2,1.863636364,2.45,3.210526316,0.991342346,19,2,5,6,5.909090909,5.2,1.958333333,2.45,3.210526316
鬍,4.047619048,6.25,6,5.8421,5,0.897967993,19,2,11,0,4.047619048,6.25,5.954545455,5.65,5
薑,3.904761905,6.2,6.65,6.1,5.263157895,1.2369088,17,2,5,1,3.904761905,6.2,6.318181818,6.1,5.263157895
筒,3.8,6.3,5.136363636,5,5,1.391877983,12,5,10,0,3.952380952,6.3,5.090909091,5,5
薯,3.857142857,6.736842105,5.857142857,5.3,5.368421053,1.259185194,17,3,1,0,3.857142857,6.6,5.454545455,5.3,5.368421053
蘑,3.761904762,6.35,4.590909091,4.05,5.947368421,0.329766269,20,1,1,0,3.761904762,6.35,4.590909091,4.05,5.947368421
霎,5.619047619,4.1,2.772727273,2.6,5.263157895,0.060144738,16,3,3,3,5.636363636,4.1,2.772727273,2.6,5.263157895
箇,6.35,4.75,1.666666667,1.8421,4,0.893543902,14,1,1,4,6.238095238,4.75,2.090909091,2.05,4
廝,6,5.05,2.238095238,2.1053,2.842105263,0.505857528,15,6,13,0,5.857142857,5.05,2.363636364,2.3,2.842105263
菅,6.65,3.35,1.523809524,1.4,3.421052632,0.502223243,12,1,4,0,6.523809524,3.35,1.909090909,1.4,3.421052632
芽,3.428571429,6.05,5.136363636,5.8421,6,1.117757774,8,2,2,3,3.428571429,6.05,5,5.6,6
痹,5.19047619,5,3.727272727,4,5.578947368,0.588044284,13,2,8,0,5.19047619,5,3.681818182,4,5.578947368
芋,4.333333333,6.35,5.636363636,4.65,5.833333333,0.761130033,7,4,5,2,4.333333333,6.35,5.5,4.65,5.631578947
瘍,6.523809524,3.65,2.545454545,2.7,5.888888889,0.39515923,14,2,7,0,6.454545455,3.65,2.545454545,2.7,5.631578947
痙,5.80952381,4.4,3.136363636,3.75,6.111111111,0.049925572,12,1,1,2,5.80952381,4.4,3.045454545,3.75,5.894736842
虞,5.904761905,4.05,1.714285714,1.6316,NA,0.819373235,13,4,28,5,5.818181818,4.05,1.916666667,1.9,NA
蔽,5.666666667,5.2,3.863636364,3.95,4.210526316,1.07601114,15,2,1,0,5.666666667,5.2,3.772727273,3.95,4.210526316
霄,5.285714286,5.65,3.590909091,3.7,5.263157895,0.801424628,15,6,8,0,5.285714286,5.65,3.5,3.7,5.263157895
竿,4.714285714,5.95,5.545454545,5.5789,6.166666667,0.55378108,9,4,5,3,4.714285714,5.95,5.545454545,5.35,5.947368421
蓆,4.952380952,5.45,4.5,5,5.631578947,0.226016831,14,5,0,0,4.952380952,5.45,4.454545455,5,5.631578947
笛,3.761904762,6.4,6.19047619,5.85,5.421052632,0.689127372,11,2,0,3,3.761904762,6.4,5.954545455,5.85,5.421052632
霾,6.3,4.85,4.863636364,4.9,5.684210526,1.369675875,22,3,1,2,6.19047619,4.85,4.772727273,4.9,5.684210526
荔,4.1,6.3,4.863636364,4.35,5.666666667,1.08754176,10,1,5,0,3.952380952,6.3,4.590909091,4.35,5.473684211
簇,5.904761905,4.45,2.727272727,2.9,3.473684211,0.498558289,17,3,7,3,5.904761905,4.45,2.5,2.9,3.473684211
寮,5.904761905,4.8,3.681818182,3.25,4.736842105,0.801424628,15,3,9,3,5.904761905,4.8,3.681818182,3.25,4.736842105
縉,6.894736842,1.947368421,1.333333333,1.3684,2.421052632,-0.427195683,16,2,9,0,6.636363636,2.15,1.458333333,1.55,2.421052632
巍,6.19047619,4.3,3.136363636,3.25,6.388888889,0.385717674,21,4,3,2,6.19047619,4.3,3,3.25,6.210526316
剋,5.476190476,5.631578947,3.545454545,2.95,4.052631579,0.806887524,9,4,1,0,5.476190476,5.4,3.318181818,2.95,4.052631579
茨,6.333333333,4.3,1.714285714,1.6316,4.052631579,1.181788548,10,3,16,2,6.333333333,4.3,1.954545455,1.9,4.052631579
閻,5.571428571,4.65,3.136363636,2.8,2.894736842,0.385717674,16,1,6,0,5.571428571,4.65,3.409090909,2.8,2.894736842
輋,6.428571429,3.05,1.761904762,1.85,NA,0.585038774,13,1,2,3,6.428571429,3.05,2.136363636,1.85,NA
葺,5.904761905,3.95,2.409090909,1.8947,3.578947368,0.301737545,13,6,2,0,5.772727273,3.95,2.318181818,2.05,3.578947368
薈,5.85,4.6,2.681818182,2,4.368421053,0.691494105,17,4,4,0,5.714285714,4.6,2.954545455,2.2,4.368421053
苓,5.761904762,5,2.909090909,2.95,4.947368421,0.232856256,9,1,16,1,5.761904762,5,3.086956522,2.95,4.947368421
昊,6.095238095,4.15,2.363636364,1.5263,4.421052632,0.651985564,8,5,5,8,6.095238095,4.15,2.434782609,1.75,4.421052632
奎,6.8,2.9,1.523809524,1.4211,NA,1.063164178,9,1,4,1,6.666666667,2.9,1.863636364,1.7,NA
箝,5.523809524,4.7,3.727272727,3.85,3.631578947,0.390464109,14,2,2,0,5.523809524,4.7,3.545454545,3.85,3.631578947
疵,5.80952381,4.7,3.409090909,3.2,4.578947368,0.569691082,11,6,5,0,5.80952381,4.7,3.363636364,3.2,4.578947368
茹,4.714285714,5.75,2.409090909,2.5,3.631578947,0.996050191,10,7,28,0,4.714285714,5.75,2.260869565,2.5,3.631578947
箏,3.75,5.95,5.090909091,5.3684,5.052631579,0.252751085,14,2,12,0,3.619047619,5.95,5,5.15,5.052631579
蓁,6.6,3.55,1.476190476,1.4737,4.315789474,0.614197003,14,4,5,0,6.476190476,3.55,1.681818182,1.7,4.315789474
芥,4.666666667,6.105263158,3.818181818,3.65,5.157894737,0.799588285,8,3,7,3,4.666666667,5.85,4,3.65,5.157894737
筲,5.19047619,5.842105263,3.045454545,2.1053,5,1.00070755,13,2,1,0,5.19047619,5.65,3.130434783,2.3,5
箕,5.333333333,5.15,3.636363636,3.6,5.315789474,1.028736273,14,6,13,1,5.333333333,5.15,3.636363636,3.6,5.315789474
藻,5.35,5.5,4.863636364,4.65,6.055555556,0.705429883,20,2,4,5,5.142857143,5.5,4.681818182,4.65,5.894736842
巖,6.142857143,4.15,3.136363636,2.95,6.5,-0.041844801,23,3,2,6,6.142857143,4.15,3.318181818,2.95,6.315789474
菠,3.842105263,6.368421053,4.272727273,3.8,5.368421053,0.999547884,12,2,4,1,3.636363636,6.1,4.272727273,3.8,5.368421053
閥,6.2,4.15,2.318181818,2.9,4.210526316,0.475894304,14,5,5,3,6.047619048,4.15,2.409090909,2.9,4.210526316
瘉,5.619047619,4.35,2.681818182,3.2,5.833333333,0.879994622,14,0,16,0,5.619047619,4.35,2.545454545,3.2,5.578947368
瘴,6,4.7,3.227272727,3.05,5.789473684,0.380918791,16,3,9,0,6,4.7,2.956521739,3.05,5.789473684
痘,4.714285714,6.05,5.863636364,5.75,6.263157895,0.190104275,12,3,3,0,4.714285714,6.05,5.681818182,5.75,6.263157895
痔,5.619047619,5.5,4.545454545,4.65,6.105263158,-0.11092572,11,2,7,0,5.619047619,5.5,4.608695652,4.65,6.105263158
虔,5.285714286,5.3,2.681818182,2.35,NA,0.479754725,10,9,1,3,5.285714286,5.3,2.772727273,2.35,NA
笈,5.55,4.95,2.090909091,2.2632,3.947368421,0.46410278,10,2,5,0,5.333333333,4.95,2.181818182,2.5,3.947368421
闡,5.380952381,3.9,3.318181818,2.55,4.421052632,0.812282555,20,8,4,4,5.380952381,3.9,3.5,2.55,4.421052632
痠,6.1,4.45,2.590909091,2.5789,5.684210526,0.408947515,12,2,4,2,6,4.45,2.590909091,2.8,5.684210526
痺,5.095238095,5.421052632,4,4.25,5.631578947,0.142679626,13,0,8,0,5.095238095,5.2,4.181818182,4.25,5.631578947
莠,6.25,4.05,1.952380952,1.7895,4.315789474,-0.06817374,11,2,4,0,6.095238095,4.05,2.136363636,1.95,4.315789474
蔔,4.095238095,5.75,4.136363636,3.75,5.944444444,0.960702388,15,3,2,1,4.095238095,5.75,4.130434783,3.75,5.684210526
蔴,5.6,4.15,1.772727273,2.7,5,-0.251104423,15,0,4,NA,5.363636364,4.15,1.818181818,2.7,5
氫,6.333333333,3.85,2.545454545,3.35,6.705882353,0.572804317,11,3,5,1,6.318181818,3.85,2.545454545,3.35,6.421052632
霓,5.380952381,5.05,3.818181818,4.2,4.684210526,0.226016831,16,1,2,4,5.409090909,5.05,3.958333333,4.2,4.684210526
氮,6.7,4,2.590909091,3.5,6.421052632,0.638863886,12,3,3,0,6.571428571,4,2.363636364,3.5,6.421052632
雹,5.619047619,5.15,4.318181818,5,5.736842105,0.622575934,13,1,5,4,5.619047619,5.15,4.181818182,5,5.736842105
蔗,4.285714286,5.85,5,5.55,6.055555556,0.537265992,15,4,2,0,4.227272727,5.85,4.916666667,5.55,5.842105263
痞,6,4.2,3.636363636,3,5,-0.211595882,12,3,1,0,6,4.2,3.727272727,3,5
瘀,4.571428571,5.6,5.181818182,5,6.055555556,1.037336445,13,2,5,5,4.571428571,5.6,5.045454545,5,5.842105263
菀,5.380952381,5.1,1.80952381,1.8947,3.578947368,0.714478012,12,2,8,0,5.380952381,5.1,2.227272727,2.1,3.578947368
蔥,3.571428571,6.736842105,6,6.4,6.222222222,0.167038971,15,6,13,4,3.636363636,6.55,6,6.4,5.947368421
髻,6.2,4.05,5.5,5.25,5.052631579,0.006459879,16,1,2,3,5.952380952,4.05,5.5,5.25,5.052631579
靄,5.095238095,5.25,1.818181818,2.3,3.052631579,0.265525373,24,4,1,0,5.095238095,5.25,1.863636364,2.3,3.052631579
霽,6.619047619,3.85,2.045454545,1.5263,4.736842105,0.089434113,22,2,6,0,6.619047619,3.85,2.045454545,1.65,4.736842105
屜,4.523809524,5.894736842,3.772727273,4.3,3,0.271774322,11,4,4,0,4.523809524,5.65,3.739130435,4.3,3
菁,5.19047619,5.05,2.818181818,2.7,4.947368421,0.843316789,12,5,5,0,5.19047619,5.05,2.863636364,2.7,4.947368421
筐,5.476190476,4.1,3.954545455,4.05,5.894736842,-0.369203735,12,9,3,0,5.476190476,4.1,3.863636364,4.05,5.894736842
笞,6.65,2.9,2.318181818,2.15,4.368421053,-0.294570117,11,7,17,0,6.523809524,2.9,2.227272727,2.15,4.368421053
莆,6.4,3.6,2.545454545,1.75,4.631578947,0.134246458,11,2,4,1,6.142857143,3.6,2.304347826,1.75,4.631578947
簸,6.095238095,4.35,2.571428571,3.3,3.473684211,0.089434113,19,6,4,3,6.095238095,4.35,2.772727273,3.3,3.473684211
苯,6.736842105,4,2.272727273,2.35,2.894736842,0.340490134,9,1,1,0,6.19047619,4,2.318181818,2.35,2.894736842
癇,5.80952381,4.85,3.545454545,3.15,5.842105263,0.335161301,17,4,4,0,5.863636364,4.85,3.5,3.15,5.842105263
簣,6.285714286,3.5,1.666666667,1.8421,3.736842105,0.142679626,18,1,4,0,6.285714286,3.5,1.727272727,2.05,3.736842105
葆,6.35,3.65,1.523809524,1.3684,3.315789474,0.246220217,13,7,6,0,6.090909091,3.65,1.666666667,1.65,3.315789474
琵,5,5.25,4.136363636,4.05,NA,0.232856256,12,1,4,3,4.80952381,5.25,4.130434783,4.05,NA
琶,5.15,5.9,4.363636364,4.2,NA,0.197528293,12,2,2,1,4.952380952,5.9,4.454545455,4.2,NA
氯,6.8,3.3,2.318181818,2.55,6.315789474,0.67218895,12,3,10,1,6.714285714,3.3,2.409090909,2.55,6.315789474
芹,4.35,5.65,4.045454545,4.7,5.947368421,0.582012319,8,5,1,0,4.181818182,5.65,3.958333333,4.7,5.947368421
篆,5.5,4.15,3.090909091,3.8,5,-0.971263726,15,3,3,1,5.272727273,4.15,3.272727273,3.8,5
痢,6.333333333,3.85,2.545454545,2.75,5.631578947,-0.494142472,12,3,5,0,6.333333333,3.85,2.363636364,2.75,5.631578947
庾,6.238095238,3.05,1.333333333,1.5789,2.631578947,-0.005121994,11,4,28,0,6.238095238,3.05,1.5,1.8,2.631578947
宥,6.19047619,4.1,1.285714286,1.4,2.105263158,0.853187543,9,6,4,5,6.19047619,4.1,1.545454545,1.4,2.105263158
氨,6.8,3.45,2.636363636,3,6.333333333,0.371158954,10,0,3,0,6.666666667,3.45,2.608695652,3,6.157894737
篙,6.333333333,3.55,2.454545455,2.8,4.736842105,-0.573323719,16,2,5,0,6.333333333,3.55,2.363636364,2.8,4.736842105
痍,6.142857143,3.95,2.285714286,2.45,5.789473684,-0.017021217,11,1,16,0,6.136363636,3.95,2.416666667,2.45,5.789473684
藕,4.714285714,5.75,4.818181818,5,6.052631579,0.39515923,18,2,1,0,4.772727273,5.75,4.727272727,5,6.052631579
瘧,6.571428571,4.2,3.090909091,3.2,6.210526316,0.167038971,14,2,7,0,6.571428571,4.2,3.181818182,3.2,6.210526316
癬,6.2,5.3,4.590909091,5.15,6.444444444,0.142679626,22,4,3,0,6.047619048,5.3,4.47826087,5.15,6.263157895
癥,5.904761905,4.95,2.590909091,2.2105,5.736842105,0.271774322,20,1,11,1,5.909090909,4.95,2.681818182,2.45,5.736842105
蕃,3.80952381,6.526315789,3.681818182,4,5,-0.15835037,16,6,4,9,3.772727273,6.25,3.863636364,4,5
莘,6.15,4.6,2.636363636,1.6316,3.473684211,0.475894304,11,5,11,0,6,4.6,2.363636364,1.8,3.473684211
蕎,5.476190476,4.75,3.272727273,1.8421,4.789473684,-0.11092572,16,2,4,0,5.476190476,4.75,3.454545455,2.05,4.789473684
籟,5.904761905,4.95,2.5,2.55,3.052631579,-0.251104423,22,2,2,2,5.904761905,4.95,2.590909091,2.55,3.052631579
茉,4.666666667,5.65,4.136363636,2.95,6.166666667,0.520097967,9,2,3,2,4.666666667,5.65,4.181818182,2.95,5.894736842
簧,5.85,5.1,3.363636364,3.5,5.052631579,0.318770885,18,6,11,2,5.714285714,5.1,3.090909091,3.5,5.052631579
閔,5.4,4.55,1.636363636,1.5263,3.210526316,0.479754725,12,3,6,4,5.181818182,4.55,1.772727273,1.65,3.210526316
癦,6.2,3.7,2.909090909,3.55,4.526315789,0.079888796,21,0,6,NA,6,3.7,3.045454545,3.55,4.526315789
瘁,6,5.1,3.227272727,3.25,5.842105263,0.039460138,13,3,8,5,6,5.1,3.217391304,3.25,5.842105263
篪,6.85,1.842105263,1.681818182,1.6,2.578947368,0.070128958,17,1,16,0,6.761904762,2.05,1.863636364,1.6,2.578947368
氟,6.285714286,4.2,2,3.15,6.210526316,-0.15835037,9,0,7,0,6.285714286,4.2,2.130434783,3.15,6.210526316
園,2.857142857,6.65,5.904761905,5.2105,4.157894737,2.574939511,13,7,17,5,2.857142857,6.65,5.695652174,5,4.157894737
衝,4.285714286,6.55,4.772727273,4.3,4.105263158,2.461745626,15,9,13,6,4.285714286,6.55,4.636363636,4.3,4.105263158
辦,4.4,6.65,3.318181818,3.1,5.611111111,2.701895469,16,5,1,6,4.238095238,6.65,3.565217391,3.1,5.368421053
術,4.047619048,6.684210526,3.272727273,3.05,2.947368421,2.688034328,11,4,2,0,4.047619048,6.55,3.363636364,3.05,2.947368421
團,3.75,6.631578947,4.545454545,4.45,3.631578947,2.825934543,14,16,3,0,3.904761905,6.4,4.409090909,4.45,3.631578947
裏,3.428571429,6.947368421,3.045454545,3.55,4.263157895,2.466130061,13,4,9,3,3.428571429,6.85,3.181818182,3.55,4.263157895
街,3.095238095,6.944444444,6,5.4,4.210526316,2.698262346,12,6,4,3,3.095238095,6.75,6,5.4,4.210526316
鬧,3.047619048,6.473684211,4.818181818,3.75,NA,2.061153552,15,5,0,6,3.047619048,6.3,4.727272727,3.75,NA
圍,3.761904762,6.526315789,4.5,5.3158,4.368421053,2.568564832,12,8,9,8,3.761904762,6.35,4.391304348,5.1,4.368421053
藝,3.7,6.421052632,3.863636364,3.5,3.473684211,2.584163271,19,4,5,5,3.857142857,6.25,3.772727273,3.5,3.473684211
圈,3.476190476,6.789473684,5.857142857,5.6,3.526315789,2.281407299,11,12,5,8,3.476190476,6.65,5.5,5.6,3.526315789
裹,4.35,5.85,3.818181818,3.5,5.736842105,1.099697189,14,7,1,4,4.136363636,5.85,3.818181818,3.5,5.736842105
衙,5.333333333,5.2,4.272727273,3.9,3.736842105,0.523586295,13,2,2,0,5.333333333,5.2,4.272727273,3.9,3.736842105
匹,4,6.315789474,3.545454545,3.45,2.789473684,2.206344909,4,8,1,2,4,6.05,3.545454545,3.45,2.789473684
囝,4.523809524,6.2,4.227272727,4.1,2.473684211,1.741385975,10,1,1,5,4.523809524,6.2,4.136363636,4.1,2.473684211
衷,5.095238095,6.1,2,2.55,NA,1.288807661,10,11,13,9,5.095238095,6.1,2.409090909,2.55,NA
匾,5.75,4.55,3.909090909,4.45,3.421052632,0.212006117,11,2,2,0,5.619047619,4.55,3.636363636,4.45,3.421052632
圜,6.523809524,3.5,2.363636364,1.85,3.210526316,0.95687598,16,5,4,0,6.523809524,3.5,2.454545455,1.85,3.210526316
匿,4.95,5.894736842,3.136363636,2.85,3.315789474,1.266154329,11,5,2,4,4.590909091,5.7,3.318181818,2.85,3.315789474
匱,6.25,3.9,2.181818182,1.9474,3.052631579,0.252751085,14,3,4,0,6,3.9,2.363636364,2.15,3.052631579
罔,5.285714286,5.3,1.714285714,1.7,2.388888889,0.867585364,8,4,5,4,5.285714286,5.3,1.954545455,1.7,2.631578947
褻,5.95,4.6,3.545454545,2.65,NA,0.784611129,17,6,8,2,5.714285714,4.6,3.409090909,2.65,NA
圃,5.523809524,4.5,3.5,3.25,3.157894737,0.380918791,10,9,4,3,5.523809524,4.5,3.5,3.25,3.157894737
弼,6.2,3.45,1.571428571,1.6111,2.631578947,0.006459879,12,4,2,4,5.952380952,3.45,2.090909091,2.15,2.631578947
傷,2.952380952,6.631578947,4.818181818,4.4,4.631578947,2.857073873,13,14,10,6,3.045454545,6.45,4.681818182,4.4,4.631578947
隨,4.3,6.736842105,2.545454545,2.4737,3.473684211,2.650846634,16,5,6,6,4.142857143,6.65,2.727272727,2.7,3.473684211
殼,4.2,6.25,5.409090909,6.0526,NA,1.457680563,12,6,0,1,4.047619048,6.25,5.363636364,5.85,NA
準,3.666666667,6.65,2.772727273,3.35,NA,2.682768347,13,6,3,10,3.636363636,6.65,2.772727273,3.35,NA
務,3.80952381,6.6,2.136363636,2.7,NA,2.915452547,11,6,8,2,3.80952381,6.6,2.136363636,2.7,NA
陳,2.65,6.684210526,1.454545455,1.8947,2.842105263,2.821425563,11,22,1,5,2.857142857,6.55,1.454545455,2.15,2.842105263
聖,3.380952381,6.55,3.454545455,3.25,NA,2.368237402,13,18,3,2,3.380952381,6.55,3.454545455,3.25,NA
懇,5.476190476,5.65,3.681818182,2.3158,6.055555556,0.817611389,17,9,3,2,5.409090909,5.65,3.590909091,2.55,5.842105263
齋,5.25,5,4,4.3,NA,1.544610117,17,8,1,1,5.047619048,5,3.869565217,4.3,NA
鹽,3.428571429,6.3,5.681818182,6.1053,3.578947368,1.537602524,24,5,6,5,3.428571429,6.3,5.590909091,5.85,3.578947368
櫚,6.047619048,3.8,2.909090909,3.15,5.842105263,0.390464109,19,1,5,0,6.047619048,3.8,2.863636364,3.15,5.842105263
寐,5.333333333,5.35,4.590909091,3.75,4.368421053,0.479754725,12,6,3,4,5.333333333,5.35,4.545454545,3.75,4.368421053
畿,6.95,3.4,2.090909091,2.3,5.944444444,0.61980088,15,3,13,0,6.857142857,3.4,2.136363636,2.3,5.684210526
穀,4.7,5.85,5.272727273,5.1,NA,0.740543502,15,5,6,6,4.523809524,5.85,5.454545455,5.1,NA
墜,4.952380952,6.1,4.363636364,4.65,4.315789474,1.47003856,15,8,6,3,4.954545455,6.1,4.227272727,4.65,4.315789474
殤,6.380952381,4.6,2.954545455,2.8,5.444444444,0.089434113,15,3,10,0,6.409090909,4.6,2.909090909,2.8,5.210526316
涅,6.19047619,4.5,2.636363636,1.9,3,0.771068556,10,4,4,0,6.19047619,4.5,2.818181818,1.9,3.210526316
藹,4.761904762,5.947368421,2.909090909,2.9,2.894736842,0.435276454,20,2,1,3,4.761904762,5.75,2.909090909,2.9,2.894736842
吏,5.80952381,5.894736842,3.363636364,3.45,NA,0.803253239,6,3,5,4,5.80952381,5.65,3.409090909,3.45,NA
港,2.476190476,6.789473684,4.954545455,4.95,6,3.564283552,12,5,1,2,2.476190476,6.65,4.909090909,4.95,5.736842105
怕,2.428571429,6.894736842,3.909090909,3.3,6.222222222,2.310451243,8,7,0,4,2.428571429,6.8,3.954545455,3.3,5.947368421
拒,4.45,6.578947368,4.545454545,3.5,4.947368421,2.309428437,8,3,2,7,4.285714286,6.45,4.347826087,3.5,4.947368421
海,2.428571429,6.894736842,5.772727273,6.5789,6.833333333,3.002060439,10,18,3,1,2.428571429,6.8,5.608695652,6.45,6.684210526
況,3.952380952,6.3,2.272727273,1.6316,1.944444444,2.60120126,8,8,2,0,3.952380952,6.3,2.347826087,1.8,2.210526316
的,2.19047619,6.947368421,1.285714286,1.2632,NA,4.288849418,8,8,1,0,2.19047619,6.85,1.5,1.5,NA
滿,3.333333333,6.842105263,4.772727273,4.45,5.157894737,2.737412066,14,14,0,6,3.227272727,6.75,4.636363636,4.45,5.157894737
腹,4.19047619,6.684210526,5.727272727,6.0526,6.421052632,1.693613193,13,11,4,3,4.19047619,6.55,5.608695652,5.8,6.421052632
騷,5.285714286,6.1,3.136363636,3.4,3.210526316,2.188528976,20,4,6,0,5.285714286,6.1,3.181818182,3.4,3.210526316
排,3.476190476,6.894736842,4.863636364,3.45,4.894736842,2.823050009,11,58,1,0,3.476190476,6.75,4.826086957,3.45,4.894736842
隊,3.523809524,6.894736842,3.863636364,4,3.263157895,3.057246525,12,18,1,5,3.523809524,6.8,3.681818182,4,3.263157895
攝,4.9,6.2,3.954545455,3.25,4.947368421,2.645605467,21,4,1,7,4.727272727,6.2,3.863636364,3.25,4.947368421
服,3.142857143,6.894736842,3.954545455,3,2.578947368,2.759094542,8,22,3,3,3.142857143,6.8,3.954545455,3,2.578947368
說,2.857142857,6.947368421,4.545454545,4.3,6.263157895,3.254433145,14,10,1,7,2.857142857,6.85,4.454545455,4.3,6.263157895
他,2,6.789473684,3.227272727,3.2,6.388888889,3.593502912,5,3,3,3,2,6.5,3.181818182,3.2,6.263157895
理,3.333333333,6.789473684,2.318181818,2.75,3.210526316,3.200316475,11,16,6,12,3.227272727,6.7,2.363636364,2.75,3.210526316
時,2.714285714,6.947368421,4.227272727,3.55,5.842105263,3.69449076,10,15,0,3,2.714285714,6.85,4.090909091,3.55,5.842105263
垃,3.238095238,6.888888889,3.5,3.55,4.526315789,1.883649295,8,1,3,2,3.238095238,6.7,3.590909091,3.55,4.526315789
圾,3.047619048,6.631578947,3.636363636,3.85,4.473684211,1.883952468,7,2,3,3,3.047619048,6.5,3.782608696,3.85,4.473684211
地,1.761904762,6.789473684,5.318181818,5.05,6.210526316,3.524329171,6,13,1,9,1.761904762,6.7,5.090909091,5.05,6.210526316
腳,2.380952381,6.944444444,6.272727273,6.4737,6.157894737,2.548531464,13,8,0,4,2.380952381,6.75,6.090909091,6.25,6.157894737
呀,2.238095238,6.684210526,1.75,1.5,4.842105263,1.898847429,7,0,4,5,2.272727273,6.4,2.227272727,1.5,4.842105263
館,3.523809524,6.684210526,4.954545455,4.7,4.736842105,2.379129678,16,5,2,5,3.523809524,6.5,4.818181818,4.7,4.736842105
陰,3.619047619,6.631578947,4.772727273,4.05,2.736842105,1.866482493,11,8,4,3,3.619047619,6.5,4.772727273,4.05,2.736842105
現,3.238095238,6.842105263,2.590909091,2.7,3.263157895,3.414954239,11,10,4,3,3.238095238,6.55,2.318181818,2.7,3.263157895
嘔,3.428571429,6.444444444,5.272727273,5.05,6.611111111,1.331391827,14,7,1,4,3.5,6,5.090909091,5.05,6.473684211
指,2.761904762,6.947368421,4.681818182,4.9,6,3.314777112,9,20,18,7,2.818181818,6.8,4.681818182,4.9,6
偌,5.714285714,5.3,1.55,1.5263,3.052631579,0.376066288,11,2,1,1,5.714285714,5.3,1.863636364,1.75,3.052631579
場,3.19047619,6.947368421,3.818181818,3.7,5.722222222,3.515209258,12,8,6,7,3.181818182,6.85,3.727272727,3.7,5.473684211
沒,2.571428571,6.842105263,2.272727273,2.2105,3,3.069516566,7,8,3,1,2.571428571,6.75,2.409090909,2.45,3
個,2.333333333,7,2.409090909,1.9474,3.421052632,3.536015175,10,8,1,2,2.333333333,6.9,2.590909091,2.2,3.421052632
站,2.666666667,6.894736842,5.318181818,5.45,6.529411765,2.706411649,10,9,1,5,2.666666667,6.75,5.136363636,5.45,6.157894737
很,2.666666667,6.894736842,1.428571429,1.8421,3.052631579,2.931065579,9,2,3,4,2.666666667,6.7,1.636363636,2.05,3.052631579
技,3.65,6.578947368,2.727272727,2.9,5.157894737,2.477172041,7,5,3,3,3.863636364,6.3,2.681818182,2.9,5.157894737
結,3.95,6.944444444,4.545454545,4.05,5.526315789,2.890270684,12,9,2,5,3.80952381,6.75,4.454545455,4.05,5.526315789
像,3.238095238,6.684210526,3.863636364,2.5,4.473684211,2.632719183,14,4,5,5,3.238095238,6.4,3.590909091,2.5,4.473684211
物,3,6.7,3.772727273,3.2,3.684210526,3.042615818,8,10,4,2,3,6.7,3.727272727,3.2,3.684210526
較,3.571428571,6.888888889,1.9,2,2.842105263,2.802650648,13,5,6,10,3.571428571,6.7,2.454545455,2,2.842105263
程,4.3,6.473684211,1.9,1.8947,1.944444444,3.021676199,12,6,6,10,4.142857143,6.2,2.272727273,2.1,2.157894737
特,3.476190476,6.684210526,1.80952381,1.7895,2.631578947,3.059851742,10,6,0,11,3.476190476,6.4,1.954545455,1.95,2.631578947
鐘,2.904761905,6.684210526,5.863636364,6.05,5.842105263,2.605164013,20,6,10,6,2.904761905,6.55,5.739130435,6.05,5.842105263
值,4.142857143,6.894736842,2.136363636,2.5,4.052631579,2.600939663,10,4,10,0,4.142857143,6.8,2.227272727,2.5,4.052631579
得,2.761904762,6.842105263,2,2.85,2.421052632,3.38613268,11,15,2,4,2.761904762,6.75,2.136363636,2.85,2.421052632
記,2.952380952,6.888888889,4.136363636,3.5,5.105263158,3.013915663,10,10,3,6,2.952380952,6.7,4.043478261,3.5,5.105263158
讚,3.571428571,6.894736842,4.545454545,4.45,6.263157895,2.213924162,26,11,2,0,3.571428571,6.8,4.363636364,4.45,6.263157895
怪,3.75,6.65,4.272727273,3.5,4.842105263,2.144928782,8,6,5,5,3.619047619,6.65,4.409090909,3.5,4.842105263
昨,2.857142857,6.578947368,2.045454545,2,5.368421053,3.166991591,9,3,1,0,2.909090909,6.45,2,2.25,5.368421053
提,3.333333333,6.5,4.272727273,4,5.842105263,3.133564677,12,3,5,5,3.318181818,6.5,4.227272727,4,5.842105263
供,4.238095238,6.4,2.863636364,3.45,3.736842105,2.754647905,8,6,10,6,4.238095238,6.4,2.954545455,3.45,3.736842105
濫,5.238095238,6,4.090909091,3,4.473684211,1.615323578,17,6,3,7,5.238095238,6,4.136363636,3,4.473684211
快,2.904761905,6.947368421,4.409090909,4.4,3.684210526,2.778588488,7,19,2,6,2.904761905,6.85,4.227272727,4.4,3.684210526
租,4.380952381,6.526315789,3.681818182,3.75,3.421052632,2.337727302,10,4,2,4,4.380952381,6.3,3.727272727,3.75,3.421052632
孩,2.666666667,6.894736842,5.181818182,4.9,6.444444444,2.318157986,9,4,3,3,2.666666667,6.8,5,4.9,6.210526316
推,3,6.842105263,5.227272727,4.9,6.157894737,2.80107632,11,10,0,6,3,6.75,5,4.9,6.157894737
招,3.8,6.65,3.409090909,3.8,5.473684211,2.422443061,8,7,4,0,3.666666667,6.65,3.318181818,3.8,5.473684211
搖,3.238095238,6.684210526,5.045454545,5,6.157894737,1.765928916,13,16,8,4,3.238095238,6.55,5.217391304,5,6.157894737
網,4,6.947368421,5.363636364,5.3,5.263157895,3.069773481,14,9,5,2,4.142857143,6.8,5.181818182,5.3,5.263157895
嘆,4.619047619,6.736842105,4.045454545,3.9,6.166666667,1.578046132,14,6,3,0,4.636363636,6.6,3.954545455,3.9,6
約,3.428571429,6.684210526,3.318181818,3,2.894736842,3.040592065,9,10,1,9,3.409090909,6.4,3.318181818,3,2.894736842
輛,3.666666667,6.736842105,3.863636364,3.65,6.611111111,2.173777213,15,1,1,2,3.666666667,6.6,3.727272727,3.65,6.473684211
給,2.666666667,6.736842105,4.090909091,3.85,2.388888889,2.622603595,12,6,5,4,2.666666667,6.5,3.818181818,3.85,2.631578947
輪,4.238095238,6.842105263,5.090909091,4.9,6.5,2.438711641,15,10,14,9,4.238095238,6.7,4.954545455,4.9,6.315789474
椅,2.761904762,6.789473684,5.954545455,6.05,6.055555556,1.625882761,12,6,2,2,2.761904762,6.65,5.772727273,6.05,5.842105263
樣,3.047619048,6.888888889,3.227272727,3.4,3.315789474,2.873880842,15,7,7,4,3.090909091,6.7,3.272727273,3.4,3.315789474
份,2.80952381,6.894736842,3.318181818,2.8,3.473684211,2.74563651,6,5,1,4,2.818181818,6.8,3.136363636,2.8,3.473684211
接,3.285714286,6.65,3.818181818,3.6,5.789473684,3.066859474,11,53,5,6,3.285714286,6.65,3.772727273,3.6,5.789473684
料,4.047619048,6.736842105,2.636363636,2.95,4.473684211,2.796467106,10,6,1,3,4.047619048,6.55,2.590909091,2.95,4.473684211
優,3.904761905,6.736842105,3.318181818,3.05,3.578947368,2.444835655,17,15,7,8,3.904761905,6.6,3.363636364,3.05,3.578947368
待,4.142857143,6.631578947,3,3,3.526315789,2.473171446,9,9,3,3,4.142857143,6.5,2.909090909,3,3.526315789
把,2.571428571,6.894736842,2.363636364,2.6,5.833333333,2.700926524,7,4,1,5,2.571428571,6.75,2.409090909,2.6,5.578947368
點,2.619047619,6.947368421,5.045454545,4.95,3.736842105,3.083856474,18,16,0,10,2.545454545,6.85,4.909090909,4.95,3.736842105
作,2.952380952,6.789473684,3.181818182,3.1,3.421052632,3.409792661,7,20,1,0,2.952380952,6.5,3,3.1,3.421052632
們,2.5,6.947368421,2.5,1.5556,5.666666667,3.183403651,10,1,2,3,2.666666667,6.85,2.545454545,2,5.421052632
但,3.095238095,7,1.363636364,1.3684,2.166666667,3.42624177,7,6,3,5,3.095238095,6.9,1.454545455,1.55,2.421052632
證,4.095238095,6.631578947,4.227272727,3.8,5.631578947,2.793117918,19,9,6,5,4.136363636,6.45,4.136363636,3.8,5.631578947
扔,3.238095238,6.684210526,4.909090909,5.1579,6.157894737,0.958155199,5,2,16,1,3.238095238,6.45,4.818181818,4.95,6.157894737
錢,2.571428571,6.947368421,6.363636364,6.45,6.777777778,2.624039555,16,6,2,5,2.571428571,6.85,6.272727273,6.45,6.631578947
體,3.238095238,6.894736842,4.272727273,3.9,5.789473684,3.062009206,23,18,1,2,3.238095238,6.8,4.136363636,3.9,5.789473684
讓,3.523809524,6.736842105,3.363636364,3.6,3.578947368,2.775662239,24,7,7,9,3.523809524,6.6,3.347826087,3.6,3.578947368
路,3,6.894736842,5.454545455,5.05,5.368421053,3.047249535,13,5,5,3,3,6.8,5.318181818,5.05,5.368421053
抱,2.619047619,6.947368421,5.545454545,5.05,6.105263158,2.056085881,8,4,1,9,2.619047619,6.8,5.454545455,5.05,6.105263158
略,4.19047619,6.631578947,2.363636364,1.7895,3.368421053,2.211934915,11,5,1,12,4.19047619,6.5,2.454545455,2,3.368421053
惟,5.3,4.8,2.318181818,1.6316,3.473684211,2.319216086,11,5,9,0,5.095238095,4.8,2.181818182,1.8,3.473684211
限,3.65,6.45,1.818181818,2.85,2.368421053,2.49236801,9,18,0,2,3.761904762,6.45,1.818181818,2.85,2.368421053
跟,3.285714286,6.894736842,4.136363636,3.1,5.894736842,2.783409444,13,7,5,6,3.285714286,6.75,4.090909091,3.1,5.894736842
防,3.9,6.894736842,3.727272727,3.85,3.263157895,2.712638444,7,24,2,8,3.761904762,6.75,3.695652174,3.85,3.263157895
情,3.333333333,6.842105263,3.590909091,3.15,6.555555556,3.181246296,11,12,6,11,3.333333333,6.55,3.681818182,3.15,6.368421053
派,3.619047619,6.65,4.045454545,3.95,2.684210526,2.749804575,9,4,0,0,3.636363636,6.65,3.954545455,3.95,2.684210526
禮,3.476190476,6.6,4.727272727,4.35,4.526315789,2.554461158,18,12,0,5,3.476190476,6.6,4.590909091,4.35,4.526315789
組,3.047619048,6.789473684,3.772727273,3.85,3,2.932260338,11,4,4,3,3.047619048,6.5,3.608695652,3.85,3
織,4.238095238,6.473684211,4.818181818,4.25,6.263157895,2.299182181,18,5,12,5,4.238095238,6.2,4.818181818,4.25,6.263157895
欄,4.571428571,6,5.090909091,5.35,6.388888889,2.057815532,22,5,4,5,4.571428571,5.75,4.956521739,5.35,6.210526316
撞,3.80952381,6.736842105,4.863636364,5.05,5.578947368,2.293907996,15,9,3,4,3.80952381,6.65,4.772727273,5.05,5.578947368
璃,4.4,6.473684211,4.272727273,4.25,5.578947368,1.731812601,14,3,11,2,4.238095238,6.3,4.090909091,4.25,5.578947368
狂,4.333333333,6.55,3.636363636,3.9,5.055555556,2.202505096,7,9,0,8,4.333333333,6.55,3.545454545,3.9,4.842105263
旺,3.666666667,6.842105263,4,3.1,4.578947368,2.345806696,8,4,0,3,3.666666667,6.6,4.045454545,3.1,4.578947368
插,4.25,6.631578947,4.636363636,5.0526,5.736842105,1.881063749,12,10,0,4,4.095238095,6.5,4.454545455,4.85,5.736842105
揮,3.619047619,6.789473684,4.681818182,4.8,6,2.216256994,12,6,5,4,3.619047619,6.65,4.5,4.8,6
扮,3.904761905,6.789473684,3.590909091,3.45,4.894736842,2.176798809,7,2,1,4,3.904761905,6.65,3.409090909,3.45,4.894736842
障,4.3,6.3,3.409090909,3.55,3.473684211,2.202068254,14,4,7,0,4.428571429,6.3,3.347826087,3.55,3.473684211
健,3.19047619,6.894736842,2.523809524,3.1,4.315789474,2.525977008,11,8,2,5,3.19047619,6.8,2.772727273,3.1,4.315789474
輕,3.142857143,6.6,4.136363636,4.5,3.210526316,2.713020458,14,19,5,6,3.142857143,6.6,4.363636364,4.5,3.210526316
眼,2,6.85,6.333333333,6.8333,6.888888889,2.643238017,11,19,0,3,2,6.85,5.909090909,6.55,6.736842105
投,3.9,6.65,3.954545455,4.5,6.052631579,2.894757636,7,8,1,8,3.761904762,6.65,3.913043478,4.5,6.052631579
訴,3.85,6.736842105,3.454545455,3.4,6.277777778,2.528801138,12,7,6,1,3.714285714,6.65,3.590909091,3.4,6.105263158
吸,3.095238095,6.842105263,5.227272727,4.7,6.333333333,2.489446232,7,10,5,4,3.095238095,6.75,5.090909091,4.7,6.210526316
煙,3.380952381,6.6,5.863636364,5.85,6.368421053,2.231837183,13,7,6,6,3.380952381,6.6,5.863636364,5.85,6.368421053
掟,4.857142857,4.55,3.136363636,4,5.842105263,1.27670954,11,0,0,0,4.857142857,4.55,2.909090909,4,5.842105263
除,3.380952381,6.736842105,3.681818182,3.4,2.315789474,2.783581317,10,9,6,9,3.380952381,6.6,3.454545455,3.4,2.315789474
餘,4.15,6.526315789,3.318181818,3.1,4.736842105,2.461064065,15,12,28,6,4,6.25,3.173913043,3.1,4.736842105
律,4,6.736842105,2.772727273,2.4,3.052631579,2.587144813,9,12,2,2,3.857142857,6.65,2.636363636,2.4,3.052631579
抽,3.476190476,6.736842105,5,4.4,5.578947368,2.193609376,8,7,3,7,3.476190476,6.55,4.954545455,4.4,5.578947368
吃,2.047619048,6.894736842,5.318181818,5.5,6.526315789,2.455491452,6,12,0,3,2.047619048,6.8,5.181818182,5.5,6.526315789
拍,2.80952381,6.842105263,5.136363636,5,6.277777778,2.948898747,8,7,5,5,2.80952381,6.7,5,5,6.105263158
壞,3.285714286,6.947368421,4.454545455,3.75,3.157894737,2.184755104,19,8,0,4,3.285714286,6.85,4.272727273,3.75,3.157894737
媒,4.45,6.789473684,3.227272727,2.1053,5.222222222,2.590076215,12,6,7,7,4.285714286,6.65,3.045454545,2.35,5
機,3.666666667,6.894736842,4.727272727,4,3.842105263,3.31415292,16,17,13,10,3.666666667,6.75,4.636363636,4,3.842105263
洲,4.428571429,6.65,4.318181818,4.6,5,2.649366747,9,3,6,0,4.428571429,6.65,4.363636364,4.6,5
採,3.9,6.55,4.772727273,4.25,6.111111111,2.399110559,11,17,4,0,3.761904762,6.55,4.590909091,4.25,5.947368421
訪,4,6.55,4.272727273,3.65,5.052631579,2.721825378,11,7,8,6,3.857142857,6.55,4.173913043,3.65,5.052631579
撲,4.571428571,5.95,4.954545455,5.05,5.842105263,1.663465381,15,4,4,0,4.571428571,5.95,4.818181818,5.05,5.842105263
爆,4.047619048,6.789473684,5.363636364,4.9,6.473684211,2.74249974,19,11,0,3,4.047619048,6.65,5.363636364,4.9,6.473684211
阻,3.80952381,6.6,3.5,3.5,2.631578947,2.26426472,8,7,3,0,3.80952381,6.6,3.590909091,3.5,2.631578947
擋,4.095238095,6.526315789,4.761904762,5.05,5.684210526,1.733744232,16,7,1,3,4.045454545,6.4,4.375,5.05,5.684210526
該,3.333333333,6.736842105,1.571428571,1.8421,3.368421053,2.941900847,13,4,0,8,3.333333333,6.45,1.782608696,2.05,3.368421053
材,3.619047619,6.7,3.909090909,4.1,6,2.243315227,7,4,3,6,3.619047619,6.7,3.772727273,4.1,5.789473684
經,3.3,6.5,2.954545455,2.8,2.894736842,3.250678386,13,14,5,4,3.19047619,6.5,3.136363636,2.8,2.894736842
格,2.904761905,6.631578947,4.318181818,4.2,3.526315789,2.792501089,10,7,4,6,2.904761905,6.5,4.409090909,4.2,3.526315789
培,3.7,6.35,3.136363636,2.85,4,2.010668081,11,3,4,5,3.857142857,6.35,2.909090909,2.85,4
飲,2.714285714,6.947368421,5.428571429,5.2,6.722222222,2.305312955,12,12,0,5,2.714285714,6.8,5.045454545,5.2,6.578947368
確,4.1,6.473684211,2.363636364,2.45,3.263157895,2.569566087,15,12,5,3,3.952380952,6.2,2.090909091,2.45,3.263157895
飯,2.142857143,7,5.909090909,6.5789,6.526315789,2.280252825,12,2,4,1,2.142857143,6.9,5.782608696,6.4,6.526315789
消,4.25,6.789473684,3.909090909,3.2,3.368421053,2.813870276,10,22,8,11,4.095238095,6.7,4.086956522,3.2,3.368421053
德,3.8,6.526315789,3.227272727,2.5,3.105263158,2.793342003,15,5,2,6,3.952380952,6.25,3.217391304,2.5,3.105263158
叫,2.333333333,6.947368421,4.954545455,5.25,6.666666667,2.479331755,5,4,0,4,2.5,6.85,4.666666667,5.25,6.526315789
納,4.523809524,6.15,3.090909091,2.5,2.736842105,2.277445009,10,9,2,5,4.545454545,6.15,2.909090909,2.5,2.736842105
粹,5.380952381,5.65,1.954545455,2.4,3.315789474,1.472390341,14,1,8,6,5.318181818,5.65,1.833333333,2.4,3.315789474
抗,4.25,6.421052632,4.272727273,3.85,5.631578947,2.468818465,7,16,1,9,4.095238095,6.25,4.090909091,3.85,5.631578947
議,4.380952381,6.789473684,3.045454545,3.45,6.157894737,3.064606087,21,13,8,3,4.380952381,6.65,3.090909091,3.45,6.157894737
侮,5.095238095,6.105263158,3,2.45,4.052631579,1.138483511,9,5,7,1,5.095238095,5.85,3.045454545,2.45,4.052631579
揚,4.238095238,6.3,3.863636364,3.4,5.105263158,2.202796081,12,5,7,2,4.238095238,6.3,3.652173913,3.4,5.105263158
味,2.761904762,7,3.545454545,4,6,2.546591692,8,5,3,5,2.761904762,6.8,3.363636364,4,5.789473684
捐,4,6.736842105,4.181818182,4.1,5.263157895,2.138146064,10,13,3,5,3.857142857,6.6,4.136363636,4.1,5.263157895
贈,4.19047619,6.3,3.409090909,4.2,5.5,1.778279354,19,5,0,3,4.19047619,6.3,3.227272727,4.2,5.263157895
搶,3.428571429,6.842105263,4.863636364,4.85,6.368421053,2.303009611,13,20,0,6,3.428571429,6.75,4.727272727,4.85,6.368421053
晚,2.428571429,7,4.954545455,5.1,5.210526316,2.861819607,12,13,0,7,2.545454545,6.9,4.833333333,5.1,5.210526316
娛,4.047619048,6.789473684,3.363636364,3.65,4.052631579,2.148816407,10,5,28,1,4.047619048,6.65,3.454545455,3.65,4.052631579
粉,3,6.894736842,5.318181818,4.85,5.631578947,2.46210602,10,4,0,6,3,6.75,5.272727273,4.85,5.631578947
擁,4.6,6.55,4.227272727,3.85,5.368421053,2.216961446,16,7,8,8,4.428571429,6.55,3.954545455,3.85,5.368421053
傳,3.65,6.631578947,4,3.5,4.473684211,3.022800344,13,27,7,6,3.761904762,6.4,3.772727273,3.5,4.473684211
樓,3.047619048,6.894736842,5.681818182,5.45,5,2.763456115,14,4,10,4,3.136363636,6.8,5.545454545,5.45,5
摔,4.428571429,6.631578947,4.681818182,5.05,6,1.030902335,14,6,3,4,4.428571429,6.5,4.454545455,5.05,5.842105263
呼,3.428571429,6.789473684,4.318181818,3.6,6.052631579,2.4342107,8,9,9,4,3.428571429,6.65,4,3.6,6.052631579
許,4.142857143,6.684210526,2.136363636,1.6316,4.842105263,2.7221994,11,9,3,5,4.142857143,6.4,2.090909091,1.8,4.842105263
擇,4.25,6.526315789,3.318181818,2.6,5.315789474,2.307604147,16,5,5,1,4.095238095,6.25,3.090909091,2.6,5.315789474
仍,3.85,6.684210526,1.15,1.7368,2.789473684,2.890360282,4,5,16,5,3.772727273,6.55,1.409090909,1.95,2.789473684
協,4.047619048,6.631578947,3.318181818,2.7,NA,2.664194886,8,10,5,5,4.047619048,6.55,3.409090909,2.7,NA
復,4,6.5,2.909090909,2.55,3.157894737,2.59614498,12,19,3,5,3.857142857,6.5,2.863636364,2.55,3.157894737
談,3.736842105,6.789473684,4.181818182,4.2,6,2.493672702,15,11,5,3,3.476190476,6.7,4.363636364,4.2,6
總,3.285714286,6.894736842,2,1.7895,2.388888889,2.968804287,17,10,4,NA,3.272727273,6.8,2.208333333,2.05,2.631578947
錄,4.380952381,6.684210526,3.681818182,3.8,3.578947368,2.570159492,16,5,10,8,4.380952381,6.55,3.545454545,3.8,3.578947368
鏡,3.2,6.842105263,6.428571429,6.4211,5.777777778,2.291957967,19,7,0,5,3.380952381,6.75,6,6.25,5.526315789
破,3.75,6.578947368,4.681818182,4.5,4.947368421,2.548662661,10,9,0,NA,3.619047619,6.45,4.565217391,4.5,4.947368421
代,3.619047619,6.842105263,1.772727273,2.1579,3.526315789,2.995312083,5,21,3,4,3.619047619,6.7,1.826086957,2.4,3.526315789
諾,4.142857143,6.35,2.818181818,2.7,5.736842105,2.209435475,16,5,0,1,4.142857143,6.35,2.818181818,2.7,5.736842105
賬,4.80952381,6.4,4.045454545,4.05,5.833333333,1.401187975,15,0,7,NA,4.80952381,6.4,4.090909091,4.05,5.631578947
持,4.19047619,6.842105263,3.909090909,3.75,6.055555556,3.030945546,9,10,16,3,4.19047619,6.75,3.863636364,3.75,5.842105263
牌,3.380952381,6.4,5.761904762,5,NA,2.751082216,12,10,1,9,3.380952381,6.4,5.304347826,5,NA
財,3.1,7,5.272727273,5.1,6.388888889,2.552905126,10,6,3,5,3.238095238,6.9,5.090909091,5.1,6.157894737
盼,4.571428571,6.473684211,3.727272727,3.5,5.157894737,1.600445105,9,2,0,3,4.571428571,6.3,3.454545455,3.5,5.157894737
活,2.857142857,6.894736842,2.954545455,3.7,3.157894737,2.990821354,9,8,0,6,2.863636364,6.8,3,3.7,3.157894737
醒,3.142857143,6.631578947,4.409090909,4.35,3.631578947,2.238318303,16,9,1,NA,3.181818182,6.35,4.272727273,4.35,3.631578947
啊,2.476190476,6.842105263,2.818181818,1.95,5.578947368,1.622299225,11,0,4,3,2.476190476,6.7,2.909090909,1.95,5.578947368
珠,3.714285714,6.833333333,5.227272727,5.15,6,2.120842578,10,8,9,NA,3.714285714,6.55,5,5.15,6
獨,4.476190476,6.65,3.636363636,3.9,2.789473684,2.548236126,16,20,3,NA,4.476190476,6.65,3.727272727,3.9,2.789473684
灘,4.095238095,6.55,5.363636364,5.6842,6.210526316,1.771461404,22,3,3,3,4.095238095,6.55,5.318181818,5.45,6.210526316
玩,2.095238095,7,4.681818182,4.55,3,2.4892206629999998,8,11,6,5,2.181818182,6.9,4.681818182,4.55,3
冷,2.619047619,6.842105263,5.045454545,5.3,4.789473684,2.396418259,7,18,0,5,2.619047619,6.6,5,5.3,4.789473684
砂,4.333333333,6.05,4,4.7,5.526315789,0.916634761,9,15,6,3,4.333333333,6.05,4.136363636,4.7,5.526315789
灣,4,6.684210526,5.619047619,5,6.388888889,2.770478615,25,3,1,NA,4,6.45,5.318181818,4.8,6.263157895
阿,2.80952381,6.578947368,1.238095238,1.2632,2.157894737,2.800782791,8,3,4,1,2.80952381,6.3,1.47826087,1.4,2.157894737
轉,3.285714286,6.736842105,4.909090909,4.15,5.052631579,2.785942446,18,29,1,8,3.285714286,6.45,4.863636364,4.15,5.052631579
揭,4.5,6.105263158,4.636363636,4.15,5.842105263,2.155435757,12,15,4,7,4.333333333,5.85,4.590909091,4.15,5.842105263
抖,4.047619048,6.210526316,4.363636364,4.15,4.894736842,1.047852564,7,4,4,4,3.909090909,6,4.318181818,4.15,4.894736842
拚,5.3,5.5,3.045454545,3.45,4.947368421,1.479370224,8,2,2,NA,5.095238095,5.5,2.863636364,3.45,4.947368421
錯,2.476190476,6.894736842,3.227272727,4.3,2.684210526,2.41812388,16,8,1,10,2.5,6.8,3,4.3,2.684210526
拭,5.476190476,5.631578947,3.727272727,3.7,5.777777778,0.769098963,9,6,20,NA,5.409090909,5.4,3.545454545,3.7,5.578947368
慟,5.857142857,4,1.863636364,2.0526,5.315789474,0.460100037,14,3,5,3,5.857142857,4,2,2.3,5.315789474
論,4.047619048,6.631578947,3.545454545,3.15,6.5,2.818581289,15,21,3,NA,4.090909091,6.5,3.545454545,3.15,6.315789474
級,2.80952381,6.842105263,2.863636364,3.05,3.263157895,2.741554273,10,5,5,3,2.863636364,6.55,2.863636364,3.05,3.263157895
嫡,6,5.8,3.272727273,1.9474,3.894736842,0.585038774,14,4,1,NA,5.857142857,5.8,3.045454545,2.2,3.894736842
似,3.333333333,6.842105263,2.727272727,2.1053,3.789473684,2.59608618,6,6,1,4,3.333333333,6.75,2.695652174,2.35,3.789473684
清,3.142857143,6.789473684,5.045454545,4.25,5.684210526,2.785353366,11,7,5,1,3.142857143,6.5,4.913043478,4.25,5.684210526
任,3.619047619,6.944444444,1.954545455,1.6842,2.736842105,3.032799573,6,15,2,2,3.619047619,6.75,2,1.9,2.736842105
張,3.333333333,6.789473684,2.909090909,2.75,3.473684211,2.92271984,11,13,9,11,3.333333333,6.65,3,2.75,3.473684211
佈,4.05,6.578947368,3.5,2.95,3.157894737,2.24877895,7,6,4,5,4.19047619,6.3,3.318181818,2.95,3.157894737
增,3.85,6.789473684,3.681818182,3.55,3.105263158,2.790776803,15,8,12,3,3.952380952,6.7,3.5,3.55,3.105263158
換,3.428571429,6.722222222,4,4.25,5.526315789,2.443291829,12,4,6,4,3.428571429,6.25,3.727272727,4.25,5.526315789
化,3.380952381,6.894736842,3.136363636,2.8,3.526315789,2.905862755,4,14,0,3,3.380952381,6.75,3,2.8,3.526315789
擔,4.7,6.578947368,4,3.9,5.421052632,2.630334581,16,18,2,4,4.523809524,6.45,3.954545455,3.9,5.421052632
減,2.952380952,6.842105263,3.045454545,3.4,2.789473684,2.61832288,13,8,0,3,2.952380952,6.7,3.043478261,3.4,2.789473684
濟,4.904761905,6.526315789,2.590909091,1.95,3.578947368,2.565704829,17,10,6,2,4.904761905,6.35,2.727272727,1.95,3.578947368
職,4,6.842105263,3.045454545,3.65,2.842105263,2.734108134,18,9,12,2,4.095238095,6.75,3.090909091,3.65,2.842105263
河,2.523809524,6.65,6,6.3,6.666666667,2.213285754,8,5,2,5,2.523809524,6.65,5.869565217,6.3,6.526315789
雖,3.904761905,6.684210526,2.454545455,1.2,1.947368421,2.727228291,17,2,3,3,3.904761905,6.55,2.181818182,1.2,1.947368421
終,3.19047619,6.789473684,2.590909091,2.3158,2.263157895,2.738027439,11,7,10,7,3.227272727,6.5,2.636363636,2.55,2.263157895
波,2.285714286,6.888888889,5.454545455,5.2,5.421052632,2.715305516,8,4,4,6,2.285714286,6.6,5.227272727,5.2,5.421052632
檢,3.904761905,6.684210526,3.136363636,2.8,3.263157895,2.561426968,17,4,2,1,3.904761905,6.55,3.272727273,2.8,3.263157895
江,3.523809524,6.65,5.409090909,5.75,6.722222222,2.423756717,6,4,7,2,3.523809524,6.65,5.363636364,5.75,6.526315789
拉,2.714285714,6.789473684,4.727272727,4.9474,6.333333333,2.857557228,8,11,1,4,2.714285714,6.6,4.608695652,4.75,6.157894737
黯,5.761904762,5.35,3.818181818,3.65,6,0.82461629,22,2,0,3,5.761904762,5.35,3.681818182,3.65,5.789473684
紅,1.904761905,6.944444444,5.363636364,5.45,3.631578947,2.728639008,9,19,6,2,1.954545455,6.75,5.363636364,5.45,3.631578947
洋,3.476190476,6.842105263,4,4.15,5.105263158,2.192493797,9,4,7,5,3.545454545,6.7,3.75,4.15,5.105263158
唱,2.476190476,6.894736842,5.272727273,5.65,6.666666667,2.518554181,11,10,3,6,2.476190476,6.8,5.181818182,5.65,6.526315789
儼,6.095238095,3.85,1.590909091,1.3158,3.368421053,1.00070755,22,2,2,5,6.095238095,3.85,1.727272727,1.45,3.368421053
韶,5.904761905,4.6,1.476190476,1.4737,3.789473684,0.633502158,14,4,0,NA,5.904761905,4.6,1.695652174,1.6,3.789473684
維,4,6.684210526,1.666666667,1.8421,3.157894737,2.689957196,14,11,9,2,4,6.55,1.833333333,2.05,3.157894737
漢,4.05,6.736842105,3.727272727,3.35,2.631578947,2.250346095,14,10,1,8,3.904761905,6.6,3.818181818,3.35,2.631578947
環,3.6,6.842105263,4.909090909,4.15,5.315789474,2.724283614,17,13,4,5,3.761904762,6.7,4.772727273,4.15,5.315789474
跳,2.666666667,6.894736842,5.5,5.7368,6.5,2.350645247,13,13,1,7,2.666666667,6.8,5.318181818,5.5,6.315789474
仕,4.761904762,5.55,2.818181818,2.2632,5.263157895,1.688652473,5,2,10,1,4.761904762,5.55,2.909090909,2.5,5.263157895
碼,4.2,6.631578947,3.090909091,3.15,4.789473684,2.35260688,15,4,3,3,4.047619048,6.5,3.181818182,3.15,4.789473684
配,4,6.578947368,2.409090909,3,2.473684211,2.602622752,10,9,4,4,4,6.35,2.434782609,3,2.473684211
鈔,4.714285714,6.2,5.136363636,4.95,6.105263158,1.424499363,12,5,1,5,4.714285714,6.2,5.090909091,4.95,6.105263158
模,4.095238095,6.894736842,3.909090909,3.9,4.842105263,2.469212418,15,8,8,5,4.095238095,6.8,3.909090909,3.9,4.842105263
際,4.380952381,6.578947368,2.454545455,2.4,2.684210526,2.685552911,14,2,6,NA,4.363636364,6.3,2.454545455,2.4,2.684210526
倍,3.80952381,6.842105263,2.363636364,2.25,2.894736842,2.325072328,10,2,1,5,3.80952381,6.7,2.409090909,2.25,2.894736842
私,3.380952381,6.789473684,2.19047619,2.95,2.736842105,2.492517316,7,4,13,3,3.409090909,6.65,2.375,2.95,2.736842105
淘,4.761904762,6.368421053,3.5,3.65,4.473684211,1.593106396,11,5,13,6,4.772727273,6.15,3.318181818,3.65,4.473684211
億,4.2,6.2,4.363636364,3.8,2.222222222,2.657176294,15,2,3,5,4.047619048,6.2,4.181818182,3.8,2.473684211
紙,2.619047619,6.8,6.227272727,6.0526,3.947368421,2.226085762,10,20,18,4,2.619047619,6.8,6.045454545,5.8,3.947368421
徠,6.095238095,3.75,1.523809524,1.3158,2.789473684,0.866008976,11,1,2,NA,6.095238095,3.75,1.772727273,1.4,2.789473684
編,4.047619048,6.5,3.5,3.55,4.684210526,2.308118004,15,11,4,NA,4.047619048,6.5,3.545454545,3.55,4.684210526
源,4,6.833333333,3.363636364,2.55,5.555555556,2.449928741,13,5,17,5,4.142857143,6.55,3.272727273,2.55,5.315789474
銀,3.80952381,6.789473684,5.454545455,5.5263,6.555555556,2.512466172,14,14,1,4,3.80952381,6.7,5.227272727,5.3,6.368421053
銷,4.9,6.1,3.272727273,3.05,4.157894737,2.264075306,15,17,8,6,4.954545455,6.1,2.958333333,3.05,4.157894737
停,3.095238095,6.789473684,3.818181818,4.15,3.263157895,2.64829914,11,3,6,6,3.095238095,6.7,4,4.15,3.263157895
批,4.238095238,6.631578947,3,3.6,4.684210526,2.715752161,7,6,0,9,4.238095238,6.5,2.909090909,3.6,4.684210526
准,3.952380952,6.157894737,2.318181818,2.1053,2.578947368,2.004742165,10,6,3,NA,3.952380952,5.9,2.136363636,2.35,2.578947368
湖,3.15,6.6,6.181818182,6.25,6.833333333,2.070128958,12,2,11,NA,3.285714286,6.6,6.136363636,6.25,6.684210526
蹤,4.380952381,6.25,3.590909091,3.15,5.315789474,2.08535531,18,5,10,3,4.380952381,6.25,3.52173913,3.15,5.315789474
備,3.571428571,6.736842105,2.772727273,2.6,3.631578947,2.7151937840000002,12,4,5,4,3.571428571,6.65,2.863636364,2.6,3.631578947
版,4.15,6.631578947,3.772727273,3.25,NA,2.405814751,8,8,5,8,4.285714286,6.5,3.863636364,3.25,NA
播,3.75,6.894736842,4.136363636,4.45,4.526315789,2.473951149,15,10,0,2,3.857142857,6.8,4.181818182,4.45,4.526315789
權,4.25,6.842105263,2.954545455,3.1,3.473684211,2.770616339,22,4,3,10,4.380952381,6.75,3.090909091,3.1,3.473684211
梓,5.142857143,5.25,1.476190476,1.6,4.842105263,1.125646286,11,4,18,NA,5.142857143,5.25,1.863636364,1.6,4.842105263
陽,2.761904762,6.894736842,5.181818182,5,2.736842105,2.332418209,12,17,7,2,2.863636364,6.8,5.090909091,5,2.736842105
球,2.619047619,6.65,6.045454545,5.75,3.526315789,3.236235996,11,9,2,4,2.681818182,6.65,6,5.75,3.526315789
祠,5.095238095,5.6,4.545454545,5.5263,4.842105263,0.61980088,10,3,16,3,5.095238095,5.6,4.454545455,5.3,4.842105263
研,4.35,6.736842105,3.318181818,2.95,4.105263158,2.575340622,9,10,10,3,4.476190476,6.6,3.454545455,2.95,4.105263158
錚,6.523809524,3.35,1.681818182,1.8421,4.421052632,0.498558289,16,1,12,NA,6.523809524,3.35,1.727272727,2.1,4.421052632
性,2.904761905,6.944444444,3.363636364,3.95,5.052631579,2.975973881,8,4,3,NA,2.909090909,6.75,3.416666667,3.95,5.052631579
姓,2,7,2.047619048,3.7,3.210526316,2.372833677,8,3,3,5,2,6.9,2.318181818,3.7,3.210526316
她,2.333333333,6.944444444,3.818181818,3.6,7,3.237996534,6,0,3,2,2.333333333,6.75,3.863636364,3.6,6.894736842
呢,2.857142857,6.684210526,1.454545455,1.0526,4.736842105,2.601549811,8,4,0,3,2.857142857,6.4,1.454545455,1.15,4.736842105
村,3.142857143,6.944444444,5.090909091,5.3,4.789473684,2.374648861,7,3,3,7,3.142857143,6.75,4.909090909,5.3,4.789473684
暢,4.476190476,6.578947368,3.863636364,2.8,NA,1.760526427,14,10,3,8,4.5,6.3,3.681818182,2.8,NA
柏,4.428571429,5.85,2.772727273,2.75,5.894736842,2.22890252,9,3,5,3,4.428571429,5.85,2.636363636,2.75,5.894736842
潮,4.15,6.631578947,4.5,4.2,6.263157895,2.234008321,15,9,4,5,4.227272727,6.5,4.454545455,4.2,6.263157895
住,2.952380952,6.65,3.636363636,3.75,4.789473684,2.820356756,7,8,0,5,3.045454545,6.65,3.681818182,3.75,4.789473684
懷,3.714285714,6.888888889,3.818181818,3.7,5.421052632,2.422837575,19,10,2,3,3.714285714,6.7,3.772727273,3.7,5.421052632
噱,5.65,4.75,1.904761905,2.1579,4.894736842,0.527046827,16,3,7,NA,5.428571429,4.75,2.181818182,2.4,4.894736842
祖,3.571428571,6.45,3.090909091,2.7,4.631578947,2.30851725,10,7,4,3,3.590909091,6.45,3.090909091,2.7,4.631578947
偽,4.619047619,6.421052632,3.045454545,2.3,3.526315789,1.553456859,11,8,5,4,4.619047619,6.15,2.909090909,2.3,3.526315789
何,3.380952381,6.736842105,2.227272727,1.5,3.052631579,2.904766379,7,6,2,5,3.454545455,6.45,2.227272727,1.5,3.052631579
錫,3.952380952,6.157894737,5,4.05,6.166666667,1.733530031,16,3,2,3,3.952380952,5.95,4.727272727,4.05,5.894736842
妹,2.095238095,6.789473684,5.136363636,5.2,6.833333333,2.194796176,8,4,1,3,2.181818182,6.5,5.090909091,5.2,6.736842105
神,3.380952381,6.684210526,5.545454545,5.3,5,2.798132064,10,29,4,5,3.380952381,6.5,5.5,5.3,5
演,3.65,6.6,3.863636364,3.85,2.736842105,3.003178878,14,17,1,6,3.818181818,6.6,3.863636364,3.85,2.736842105
例,3.380952381,6.894736842,2.047619048,2.6,3.578947368,2.676217046,8,6,5,6,3.363636364,6.8,2.125,2.6,3.578947368
嗎,2.571428571,7,1.25,1.2222,4.736842105,2.101261884,13,1,2,2,2.571428571,6.9,1.772727273,1.6,4.736842105
姊,2.714285714,6.6,5.090909091,5.4,6.882352941,1.789535585,8,2,18,2,2.714285714,6.6,5.090909091,5.4,6.578947368
陪,3.333333333,6.736842105,3.909090909,3.65,3.631578947,2.087920891,11,13,4,5,3.333333333,6.65,3.863636364,3.65,3.631578947
媽,1.571428571,6.947368421,5.636363636,6.1,6.833333333,2.417813717,13,15,2,3,1.636363636,6.85,5.681818182,6.1,6.684210526
姐,1.904761905,6.894736842,5.090909091,5.45,6.526315789,2.366993503,8,8,1,4,1.904761905,6.8,4.954545455,5.45,6.526315789
貼,2.761904762,7,4.272727273,4.55,2.736842105,2.313674328,12,15,1,7,2.761904762,6.8,4.227272727,4.55,2.736842105
標,3.619047619,6.777777778,3.227272727,3.05,4.473684211,2.740438078,15,3,7,8,3.727272727,6.5,3.208333333,3.05,4.473684211
誌,4.285714286,6.157894737,3.136363636,3.75,4.894736842,1.984424023,14,3,10,4,4.136363636,5.95,3,3.75,4.894736842
評,3.85,6.631578947,3.636363636,3.4,5.789473684,2.698494663,12,6,7,4,3.714285714,6.5,3.636363636,3.4,5.789473684
駛,4.095238095,6.684210526,4.272727273,4.25,5.473684211,2.260014671,15,1,2,2,4.095238095,6.55,4.227272727,4.25,5.473684211
購,3.619047619,6.894736842,3.727272727,4.1,6.5,2.540953578,17,8,4,6,3.619047619,6.75,3.681818182,4.1,6.210526316
往,3.428571429,6.842105263,2.772727273,2.3684,4.421052632,2.778549858,8,7,0,9,3.428571429,6.75,2.909090909,2.6,4.421052632
膠,3.80952381,6.45,4.954545455,5.6,2.222222222,1.976659893,15,4,4,5,3.80952381,6.45,4.681818182,5.6,2.473684211
泊,4.380952381,6.05,4.545454545,3.15,4.684210526,1.782893416,8,7,5,7,4.380952381,6.05,4.545454545,3.15,4.684210526
挑,4.095238095,6.5,4.272727273,3.9,5.578947368,2.238318303,9,15,0,9,4.095238095,6.5,4.090909091,3.9,5.578947368
脫,3.428571429,6.833333333,5.090909091,4.55,4.473684211,2.133649958,11,15,0,3,3.428571429,6.55,5.045454545,4.55,4.473684211
騎,3.619047619,6.421052632,4.909090909,4.7,6.555555556,2.369824411,18,9,1,3,3.619047619,6.15,4.954545455,4.7,6.421052632
膊,3.857142857,5.95,5.5,4.8,6.105263158,1.26426472,14,8,5,4,3.857142857,5.95,5.454545455,4.8,6.105263158
泥,2.904761905,6.842105263,6.238095238,5.95,4.684210526,2.193312168,8,8,0,6,2.904761905,6.75,5.863636364,5.95,4.684210526
踢,3.333333333,6.842105263,5.272727273,5.4737,6.578947368,2.206561245,15,3,0,3,3.333333333,6.75,5.318181818,5.25,6.578947368
坦,4.285714286,6.105263158,3.545454545,3.15,4.684210526,2.252297107,8,8,3,5,4.272727273,5.9,3.75,3.15,4.684210526
按,3.238095238,6.666666667,4.681818182,4.1,5.888888889,2.433783665,9,6,1,7,3.238095238,6.3,4.590909091,4.1,5.684210526
幅,4,6.578947368,2.818181818,2.2632,4.263157895,2.334624804,12,2,5,6,4,6.4,2.909090909,2.5,4.263157895
統,4.095238095,6.736842105,3.318181818,2.65,2.947368421,2.707004201,12,10,1,8,4.095238095,6.45,3.363636364,2.65,2.947368421
價,3.476190476,6.888888889,3.772727273,3.6,2.578947368,2.90581953,15,7,6,2,3.545454545,6.7,3.583333333,3.6,2.578947368
低,3.095238095,6.947368421,4.090909091,4.4,2.736842105,2.71786747,7,13,0,3,3.095238095,6.85,4,4.4,2.736842105
探,3.619047619,6.944444444,3.772727273,3.7,5.210526316,2.26369623,11,21,0,5,3.619047619,6.75,3.590909091,3.7,5.210526316
陶,4.80952381,6.05,4.681818182,3.25,2.894736842,1.56307973,11,13,13,2,4.80952381,6.05,4.454545455,3.25,2.894736842
摻,5.571428571,5.2,3.090909091,3.05,5,0.226016831,14,5,1,3,5.571428571,5.2,2.954545455,3.05,5
攪,4.428571429,6.578947368,5.333333333,4.45,6.052631579,1.099697189,23,4,6,3,4.428571429,6.45,5.090909091,4.45,6.052631579
燒,3.333333333,6.888888889,5.409090909,5.35,6.722222222,2.202723353,16,6,8,4,3.333333333,6.7,5.217391304,5.35,6.631578947
括,3.9,6.578947368,2.909090909,2.7,4.368421053,2.683658468,9,13,1,7,3.761904762,6.3,2.954545455,2.7,4.368421053
鐵,4.15,6.894736842,5.5,6.0526,6.105263158,2.674845795,21,6,0,5,4,6.8,5.590909091,5.85,6.105263158
綠,2.571428571,6.894736842,5.590909091,5.65,3.210526316,2.036163972,14,9,10,4,2.571428571,6.8,5.409090909,5.65,3.210526316
損,4.15,6.5,4.181818182,3.9,4.842105263,2.240923878,13,8,1,NA,4,6.5,4.181818182,3.9,4.842105263
測,3.85,6.894736842,3.681818182,3.6,3.052631579,2.312941341,12,7,1,3,3.714285714,6.8,3.545454545,3.6,3.052631579
溶,4.19047619,6.35,5,4.55,6.052631579,0.955592982,13,6,13,4,4.136363636,6.35,4.863636364,4.55,6.052631579
酶,6.789473684,4.35,2.476190476,3.1,5,0.271774322,14,0,7,NA,6.523809524,4.35,2.772727273,3.1,4.789473684
構,4.380952381,6.736842105,2.318181818,2.55,4.421052632,2.41142856,14,10,4,NA,4.380952381,6.6,2.52173913,2.55,4.421052632
觸,4.428571429,6.631578947,4.227272727,4.15,5,2.22890252,20,11,10,2,4.428571429,6.5,4.272727273,4.15,5
澳,4.15,6.473684211,2.863636364,2.7,4.315789474,2.585340263,16,1,2,4,4.318181818,6.2,2.863636364,2.7,4.315789474
據,4.523809524,6.578947368,2.772727273,2.95,4.473684211,2.841131508,16,6,3,NA,4.636363636,6.45,2.863636364,2.95,4.473684211
診,3.619047619,6.736842105,3.909090909,4.15,4.473684211,2.031981328,12,8,1,3,3.619047619,6.6,3.772727273,4.15,4.473684211
城,3.476190476,6.736842105,5.227272727,5.6316,5.157894737,2.767932699,10,6,7,3,3.476190476,6.6,5.272727273,5.4,5.157894737
院,3.8,6.578947368,4.909090909,4.8,3.315789474,2.973058523,10,8,8,5,3.904761905,6.45,4.772727273,4.8,3.315789474
治,3.9,6.6,3,2.95,3.526315789,2.921998559,8,17,7,9,4.047619048,6.6,3.090909091,2.95,3.526315789
續,3.95,6.55,2,2.3,3.157894737,2.883072684,21,6,6,NA,4.095238095,6.55,2.272727273,2.3,3.157894737
控,4.047619048,6.631578947,3.272727273,3.25,5.105263158,2.645185529,11,9,2,4,4.047619048,6.5,3.136363636,3.25,5.105263158
核,4,6.210526316,4.681818182,4.6,4.736842105,2.227118403,10,12,3,4,4.090909091,5.95,4.5,4.6,4.736842105
隔,3.80952381,6.631578947,4.090909091,3.4,3.368421053,2.196422749,13,7,4,5,3.80952381,6.35,3.909090909,3.4,3.368421053
積,3.619047619,6.736842105,3.227272727,3.2,3.105263158,2.474029043,16,4,12,8,3.619047619,6.6,3.136363636,3.2,3.105263158
啞,4.095238095,6.1,4.045454545,4.35,6.666666667,1.091318257,11,7,0,4,4.095238095,6.1,4.045454545,4.35,6.473684211
深,3.380952381,6.842105263,4.318181818,4.45,5.368421053,2.699862813,11,14,6,3,3.380952381,6.75,4.136363636,4.45,5.368421053
絕,3.75,6.526315789,2.636363636,2.9,3,2.605451854,12,24,1,8,3.857142857,6.25,2.772727273,2.9,3
根,3.19047619,6.888888889,5.636363636,5.2,6.555555556,2.570752088,10,23,5,5,3.19047619,6.6,5.52173913,5.2,6.315789474
短,2.428571429,6.65,4.318181818,4.75,2.684210526,2.534869087,12,20,0,4,2.454545455,6.65,4.227272727,4.75,2.684210526
映,4.571428571,6.3,4.090909091,3.05,5.210526316,2.304393083,9,3,1,4,4.571428571,6.3,3.954545455,3.05,5.210526316
溝,4.571428571,6.3,4.227272727,3.55,5.052631579,1.995464494,13,5,1,7,4.571428571,6.3,4.181818182,3.55,5.052631579
境,3.857142857,6.842105263,3.136363636,3.6,5.421052632,2.598022379,14,6,6,3,3.857142857,6.7,2.909090909,3.6,5.421052632
佔,4.095238095,6.578947368,3.318181818,2.95,3.842105263,2.913616563,7,9,1,3,4.095238095,6.3,3.090909091,2.95,3.842105263
係,2.904761905,6.894736842,1.476190476,2.75,3.210526316,3.060124537,9,1,2,4,2.909090909,6.8,1.666666667,2.75,3.210526316
注,4.142857143,6.473684211,3.590909091,2.5,5,2.609974603,8,5,6,10,4.136363636,6.3,3.454545455,2.5,5
極,3.952380952,6.789473684,1.666666667,2.1,2.055555556,2.602738587,12,11,0,9,3.952380952,6.65,2,2.1,2.315789474
騙,3.857142857,6.65,3.772727273,4.15,1.789473684,1.991578954,19,6,2,3,3.863636364,6.65,3.458333333,4.15,1.789473684
依,4.3,6.6,3.090909091,2.35,4.578947368,2.390558511,8,14,4,6,4.142857143,6.6,3.227272727,2.35,4.578947368
語,3.55,6.894736842,2.909090909,3.8,6.315789474,2.491957153,14,17,7,1,3.428571429,6.8,3,3.8,6.315789474
祿,5.666666667,4.7,2.681818182,2.65,3.421052632,1.319883035,13,3,10,2,5.666666667,4.7,2.818181818,2.65,3.421052632
拐,4,6.368421053,5.272727273,4.65,5.526315789,1.110623413,8,7,1,4,4,6.15,5.227272727,4.65,5.526315789
絡,4.761904762,5.8,2.5,2.2105,4.263157895,2.308060939,12,6,5,11,4.761904762,5.8,2.545454545,2.45,4.263157895
夠,3.285714286,6.736842105,2.047619048,2.5,NA,2.537535239,11,4,9,2,3.285714286,6.45,2.181818182,2.5,NA
嗆,5.789473684,5.25,3.772727273,3.4,5.157894737,0.55701005,13,1,7,NA,5.333333333,5.25,3.565217391,3.4,5.157894737
腫,4.142857143,6.35,5.681818182,5.6,5.368421053,1.646522668,13,4,4,4,4.142857143,6.35,5.545454545,5.6,5.368421053
胳,4.947368421,5.25,3.136363636,3.9,5.631578947,0.028736273,10,3,4,3,4.590909091,5.25,3.227272727,3.9,5.631578947
撓,5.19047619,5.45,3.636363636,3.5,5.263157895,1.074059252,15,4,1,6,5.19047619,5.45,3.636363636,3.5,5.263157895
狗,1.904761905,7,6.9,6.6842,6.052631579,2.200682012,8,6,5,3,1.904761905,6.95,6.590909091,6.5,6.052631579
捱,4.666666667,6.3,4.090909091,3.8,4.894736842,1.644160226,11,4,3,NA,4.666666667,6.3,3.913043478,3.8,4.894736842
憐,4.333333333,6.631578947,3.181818182,2.8,5.842105263,1.23421131,15,4,4,2,4.333333333,6.5,2.954545455,2.8,5.842105263
牠,3.380952381,6.526315789,3.363636364,3.45,6.444444444,2.024152072,7,0,3,NA,3.380952381,6.35,3.227272727,3.45,6.263157895
挨,4.619047619,5.8,4.090909091,3.55,5.105263158,0.674649548,10,8,2,6,4.636363636,5.8,3.954545455,3.55,5.105263158
妙,3.8,6.777777778,2.727272727,1.8947,4.947368421,1.745990586,7,13,1,5,3.681818182,6.5,2.772727273,2.15,4.947368421
板,3.428571429,6.526315789,5,5.35,6.444444444,2.17687601,8,11,5,9,3.428571429,6.4,4.727272727,5.35,6.263157895
移,3.9,6.55,4.181818182,4.3,2.578947368,2.293377038,11,5,16,7,3.761904762,6.55,4.090909091,4.3,2.578947368
精,3.9,6.578947368,3.090909091,3.05,3.631578947,2.604443575,14,18,11,NA,3.818181818,6.3,3.227272727,3.05,3.631578947
線,3.285714286,7,5.818181818,5.4,6.210526316,2.723670359,15,4,6,3,3.285714286,6.8,5.772727273,5.4,6.210526316
端,3.857142857,6.2,2.523809524,2.75,4.736842105,1.960321261,14,26,0,13,3.857142857,6.2,2.772727273,2.75,4.736842105
紀,3.8,6.842105263,1.80952381,2.3,2.842105263,2.6484816,9,9,3,6,3.904761905,6.7,2.090909091,2.3,2.842105263
砥,6.2,4.15,3.090909091,3.55,5.210526316,0.246220217,10,5,6,1,5.952380952,4.15,3.045454545,3.55,5.210526316
銘,4.571428571,5.65,1.666666667,1.9474,3.842105263,1.728790659,14,7,3,1,4.590909091,5.65,1.954545455,2.15,3.842105263
激,4.25,6.736842105,3.454545455,3,3.842105263,2.453046093,16,7,4,6,4.095238095,6.65,3.5,3,3.842105263
倫,4.285714286,6.631578947,2.818181818,1.5789,3.526315789,2.456587387,10,2,14,NA,4.285714286,6.5,3.045454545,1.85,3.526315789
罐,3.619047619,6.578947368,5.863636364,6.05,4.894736842,1.345230812,24,3,4,NA,3.727272727,6.4,5.681818182,6.05,4.894736842
詩,3.428571429,6.736842105,4.318181818,4.5,6.111111111,2.178186332,13,7,13,NA,3.428571429,6.6,4.318181818,4.5,5.894736842
跋,5.523809524,4.85,3.772727273,2.45,5.473684211,0.345754374,12,5,2,7,5.523809524,4.85,3.818181818,2.45,5.473684211
始,3.571428571,6.888888889,2.454545455,2.4,2.578947368,2.639635871,8,5,7,1,3.571428571,6.7,2.363636364,2.4,2.578947368
瞬,4.666666667,6.368421053,3.545454545,3.2,5,1.164663608,17,2,6,NA,4.681818182,6.1,3.454545455,3.2,5
託,4.380952381,5.9,3.181818182,3.1,4.947368421,1.717823044,10,9,2,1,4.318181818,5.9,3.083333333,3.1,4.947368421
慢,2.714285714,6.888888889,4.454545455,4.25,4.105263158,2.325072328,14,8,7,7,2.714285714,6.7,4.454545455,4.25,4.105263158
授,4.904761905,6.263157895,3.818181818,3.65,5.315789474,2.177955386,11,2,3,4,4.904761905,6.05,3.590909091,3.65,5.315789474
識,3.368421053,6.736842105,2.19047619,3.3,4.473684211,2.605940746,19,18,20,6,3.181818182,6.65,2.545454545,3.3,4.473684211
貌,3.428571429,6.45,4.5,3.7,2.722222222,1.752807239,14,8,0,NA,3.409090909,6.45,4.363636364,3.7,2.947368421
姣,6.15,5.842105263,4.136363636,3.2,5.684210526,0.366195535,9,7,0,4,6,5.6,4.181818182,3.2,5.684210526
姨,2.761904762,6.5,4.636363636,5.3,6.666666667,1.180259341,9,6,16,3,2.761904762,6.5,4.636363636,5.3,6.473684211
硬,3.095238095,6.842105263,4.454545455,4.65,6.055555556,2.155922089,12,14,0,6,3.095238095,6.75,4.130434783,4.65,5.894736842
酒,3.857142857,6.894736842,6.333333333,6.4,6.222222222,2.689412062,10,7,2,4,3.857142857,6.8,6.045454545,6.4,6.052631579
措,4.666666667,6.315789474,2.047619048,1.8947,4.210526316,2.036910457,11,6,8,5,4.666666667,6.05,2.272727273,2.1,4.210526316
試,3.19047619,6.85,3.136363636,3.4,4.473684211,2.766386037,13,22,6,6,3.19047619,6.85,3.090909091,3.4,4.473684211
附,4.65,6.4,2.772727273,3.45,2.526315789,2.291246689,8,8,8,3,4.409090909,6.4,2.791666667,3.45,2.526315789
檳,5.285714286,5.3,3.727272727,3.45,5.052631579,1.042626333,18,3,6,NA,5.285714286,5.3,3.727272727,3.45,5.052631579
攤,4.5,6.315789474,5.090909091,4.45,5.210526316,1.662961559,22,6,3,7,4.333333333,6.15,4.956521739,4.45,5.210526316
楊,3.619047619,6.5,3.045454545,2.15,5.833333333,2.264706365,13,7,7,4,3.619047619,6.5,3.086956522,2.15,5.631578947
湯,2.428571429,6.833333333,5.454545455,5.85,6.368421053,2.175639143,12,9,1,2,2.454545455,6.55,5.409090909,5.85,6.368421053
訊,4.25,6.684210526,3.227272727,2.75,5.666666667,2.816356125,10,4,6,5,4.095238095,6.55,3.045454545,2.75,5.473684211
穩,4.25,6.578947368,3.636363636,3.4,2.842105263,2.380000978,19,9,1,4,4.090909091,6.45,3.545454545,3.4,2.842105263
缺,3.857142857,6.578947368,3.181818182,3.95,2.789473684,2.319549689,10,17,6,4,3.857142857,6.3,3.136363636,3.95,2.789473684
脹,4.238095238,6.526315789,4.318181818,4.9,4.526315789,1.706343226,12,2,7,NA,4.238095238,6.4,4.181818182,4.9,4.526315789
僅,4.476190476,6.4,1.380952381,1.7895,3.210526316,2.486088219,13,3,4,2,4.476190476,6.4,1.636363636,2,3.210526316
峙,5.904761905,4.8,3.318181818,2.7,4.473684211,1.1435140049999999,9,5,10,NA,5.904761905,4.8,3.227272727,2.7,4.473684211
驅,4.80952381,5.9,3.954545455,4.15,5.157894737,1.796633889,21,4,6,5,4.80952381,5.9,4,4.15,5.157894737
汽,3,7,4.5,4.25,3.947368421,1.909264051,7,5,5,2,3,6.8,4.409090909,4.25,3.947368421
股,4.4,6.526315789,3.818181818,3.8,6.052631579,2.635332582,8,5,5,5,4.238095238,6.4,3.954545455,3.8,6.052631579
嘲,4.761904762,6.578947368,3.454545455,3.15,6,1.456871067,15,4,0,NA,4.818181818,6.4,3.166666667,3.15,6
謂,4.666666667,6.15,2.772727273,2.0526,6.055555556,2.273816899,16,4,9,2,4.666666667,6.15,2.909090909,2.3,5.842105263
倒,3.285714286,6.789473684,4.590909091,4.75,3.578947368,2.444460635,10,15,5,5,3.285714286,6.65,4.454545455,4.75,3.578947368
鋒,4.3,6.526315789,4.636363636,3.45,5.777777778,2.431899707,15,6,10,6,4.142857143,6.25,4.636363636,3.45,5.578947368
燈,2.904761905,6.947368421,5.863636364,6.3158,5.894736842,2.106921119,16,6,2,3,2.904761905,6.85,5.772727273,6.15,5.894736842
請,3,6.736842105,3.590909091,3.3,4.947368421,2.713581635,15,16,2,3,3.045454545,6.45,3.409090909,3.3,4.947368421
捕,4.15,6.3,4.954545455,4.8947,6.157894737,2.543416817,10,8,4,4,4,6.3,4.818181818,4.7,6.157894737
豬,2.285714286,6.85,6.8,6.9474,6,2.02775801,15,8,9,4,2.285714286,6.85,6.409090909,6.75,5.789473684
搭,3.428571429,6.789473684,3.363636364,4.05,5.315789474,2.096086149,13,4,2,8,3.318181818,6.65,3.375,4.05,5.315789474
偷,3.476190476,6.947368421,4.681818182,5,4.684210526,2.168457978,11,12,0,7,3.476190476,6.85,4.681818182,5,4.684210526
拘,5.1,6.05,3.272727273,3.75,5.368421053,2.298832555,8,5,6,5,4.904761905,6.05,3.318181818,3.75,5.368421053
腰,3.476190476,6.55,6.045454545,6.2105,6.157894737,1.807791363,13,4,4,NA,3.476190476,6.55,5.909090909,5.95,6.157894737
搜,4.5,6.578947368,4.318181818,4.55,6,2.154867681,13,9,5,3,4.333333333,6.45,4.136363636,4.55,5.842105263
姍,5.05,5.8,2.909090909,1.6842,4.578947368,0.806887524,8,4,5,3,4.857142857,5.8,2.956521739,1.9,4.578947368
靜,3.142857143,6.894736842,3.681818182,4,NA,2.182093745,16,12,3,4,3.142857143,6.8,3.681818182,4,NA
撤,5.19047619,6.15,3.954545455,3.65,5.421052632,1.927049996,15,5,5,NA,5.19047619,6.15,3.772727273,3.65,5.421052632
陸,3.571428571,6.4,4.681818182,3.85,3.052631579,2.333980131,11,5,10,2,3.571428571,6.4,4.869565217,3.85,3.052631579
賠,4.238095238,6.315789474,3.318181818,3.9,6,1.908405479,15,10,4,3,4.238095238,6.05,3.260869565,3.9,5.736842105
償,4.904761905,6.315789474,3.363636364,2.7,3.894736842,1.985624728,17,11,4,3,4.904761905,6.05,3.318181818,2.7,3.894736842
懦,5.428571429,6,3.181818182,2.9,5.421052632,0.422311476,17,3,1,3,5.428571429,6,3.130434783,2.9,5.421052632
偉,3.285714286,6.578947368,2.727272727,1.9474,3.736842105,2.440313894,11,3,7,NA,3.285714286,6.3,2.636363636,2.2,3.736842105
洗,2.095238095,7,5.045454545,5.3,6.722222222,2.127985167,9,7,2,5,2.136363636,6.8,5.045454545,5.3,6.631578947
溫,2.857142857,6.789473684,4.272727273,4.2,4.631578947,2.406543204,12,18,1,4,2.909090909,6.7,3.958333333,4.2,4.631578947
肆,5.142857143,5.3,2.285714286,2.3,NA,1.752807239,13,9,6,6,5.142857143,5.3,2.454545455,2.3,NA
倪,6.047619048,5,1.681818182,1.2778,2.947368421,1.07601114,10,5,2,NA,6.047619048,5,1.727272727,1.65,2.947368421
獲,4.5,6.684210526,3.590909091,3.6,4,2.903420985,17,7,2,NA,4.318181818,6.4,3.409090909,3.6,4
瀾,5.904761905,4.5,2.590909091,2.4737,4.789473684,1.123905625,21,4,4,5,5.904761905,4.5,2.681818182,2.7,4.789473684
饒,5.142857143,5.3,2.818181818,2.55,3.315789474,1.24025727,20,3,8,7,5.142857143,5.3,2.727272727,2.55,3.315789474
陷,4.4,6.315789474,4.363636364,4.1,2.894736842,1.908405479,11,12,3,4,4.523809524,6.1,4.363636364,4.1,2.894736842
稅,4.857142857,6.45,4.318181818,3.9,4,2.124254316,12,5,3,NA,4.857142857,6.45,4.045454545,3.9,4
鈞,4.952380952,5.45,2.454545455,3.3,5.052631579,1.193832148,12,2,4,2,4.952380952,5.45,2.545454545,3.3,5.052631579
倡,5,6.052631579,1.863636364,1.9474,3.368421053,1.515874649,10,7,3,6,5,5.8,1.954545455,2.2,3.368421053
徹,4.904761905,6.05,1.952380952,2.35,3.105263158,1.713805903,15,4,5,3,4.904761905,6.05,2.181818182,2.35,3.105263158
壇,4.952380952,5.7,4.454545455,4.6,4.947368421,2.09188191,16,11,2,6,4.952380952,5.7,4.363636364,4.6,4.947368421
決,3.75,7,2.142857143,2.7,2.684210526,2.867774147,7,14,6,5,3.619047619,6.7,2.391304348,2.7,2.684210526
蹲,3.666666667,6.15,5,5.5,6.333333333,0.703138086,19,6,3,6,3.636363636,6.15,4.916666667,5.5,6.105263158
膝,3.333333333,6.25,5.904761905,6.1053,5.736842105,1.447037564,15,6,5,1,3.363636364,6.25,5.636363636,5.95,5.736842105
航,4.428571429,6.4,4.636363636,4.5,6.277777778,2.448237674,10,12,4,4,4.428571429,6.4,4.565217391,4.5,6.052631579
補,3.523809524,6.789473684,3.409090909,3.35,5.105263158,2.361073723,13,6,6,6,3.523809524,6.65,3.590909091,3.35,5.105263158
黏,4.333333333,6.2,5.363636364,4.95,NA,1.082774484,17,4,0,4,4.333333333,6.2,5.217391304,4.95,NA
哈,2.19047619,6.842105263,4.454545455,3.7,5.947368421,2.101261884,9,3,1,3,2.19047619,6.7,4.47826087,3.7,5.947368421
詢,4.380952381,6.315789474,3.590909091,2.8,6.277777778,2.368783591,13,2,5,3,4.380952381,6.1,3.454545455,2.8,6.105263158
貶,5.238095238,6.473684211,3.227272727,3.3,3.842105263,1.308060939,12,3,2,3,5.238095238,6.35,3.227272727,3.3,3.842105263
鍾,4.2,6.25,2.681818182,2.3,3.789473684,2.255851356,17,6,10,6,4.047619048,6.25,2.909090909,2.3,3.789473684
樹,2.15,6.944444444,6.619047619,6.5,6.789473684,2.234346583,16,6,1,NA,2.333333333,6.75,6.304347826,6.5,6.789473684
灌,4.428571429,6.631578947,4.681818182,4.65,6.166666667,1.335161301,21,4,4,8,4.428571429,6.5,4.47826087,4.65,5.947368421
輸,3.428571429,6.684210526,3.818181818,4.15,4.368421053,2.372784512,16,7,5,7,3.428571429,6.4,3.636363636,4.15,4.368421053
砌,4.047619048,6.15,4.772727273,4.2,5.105263158,1.239589639,9,3,0,6,4.047619048,6.15,4.681818182,4.2,5.105263158
護,3.619047619,6.6,4,4.1,3.473684211,2.658528006,21,7,5,NA,3.619047619,6.6,3.909090909,4.1,3.473684211
詬,6,4.8,2.380952381,2.1,4.684210526,0.714478012,13,3,9,NA,6,4.8,2.590909091,2.1,4.684210526
煽,5.428571429,5.55,4,3.55,5.263157895,1.174864309,14,4,6,NA,5.409090909,5.55,3.863636364,3.55,5.263157895
琦,5.285714286,5.3,1.619047619,1.3158,5.263157895,1.361174733,12,3,18,NA,5.285714286,5.3,1.863636364,1.5,5.263157895
鎖,3.619047619,6.631578947,6.19047619,5.85,6.277777778,2.03466714,18,10,2,6,3.619047619,6.5,5.826086957,5.85,6.052631579
針,3.095238095,6.789473684,6.238095238,6.1,6.333333333,2.139830684,10,4,1,4,3.095238095,6.65,6,6.1,6.105263158
汐,5.666666667,4.3,3.136363636,3.1,6,-0.041844801,6,2,10,NA,5.666666667,4.3,3.227272727,3.1,5.736842105
殲,6.35,5.3,3.5,3.5,4.684210526,0.92360593,21,5,3,NA,6.238095238,5.3,3.545454545,3.5,4.684210526
瀋,5.380952381,5.5,2.545454545,1.25,2.789473684,0.867585364,18,3,3,NA,5.380952381,5.5,2.636363636,1.25,2.789473684
聘,5.238095238,5.7,3.409090909,3.5,2.578947368,1.885011908,13,5,2,1,5.227272727,5.7,3.363636364,3.5,2.578947368
沿,4.142857143,6.2,2.727272727,3.1,4,1.995581697,8,5,17,4,4.142857143,6.2,2.772727273,3.1,4
醞,6.35,4.3,1.761904762,2,5.157894737,0.801424628,16,3,4,4,6.272727273,4.3,1.818181818,2.2,5.157894737
姪,4.285714286,5.3,3.727272727,3.75,5.052631579,0.744739617,9,4,4,2,4.285714286,5.3,3.695652174,3.75,5.052631579
慘,3.714285714,6.684210526,4.090909091,3.95,5.631578947,1.9750657,14,17,0,8,3.714285714,6.4,4,3.95,5.631578947
跑,2.571428571,6.85,5.727272727,5.8,6.611111111,2.743882711,12,7,0,5,2.571428571,6.85,5.590909091,5.8,6.421052632
婚,4,6.736842105,5.409090909,4.55,5.894736842,2.606256795,11,6,13,1,3.857142857,6.5,5.5,4.55,5.894736842
讀,2.80952381,7,4.454545455,4.8,6.5,2.591831543,22,17,3,5,2.818181818,6.9,4.166666667,4.8,6.368421053
嫌,4.428571429,6.421052632,2.772727273,2.85,2.789473684,2.257200796,13,5,6,5,4.428571429,6.15,2.590909091,2.85,2.789473684
忙,3.4,6.8,4.272727273,4.55,4.526315789,2.126253873,6,7,4,3,3.523809524,6.8,4.181818182,4.55,4.526315789
秘,4.05,6.789473684,2.954545455,2.9,2.055555556,2.195536283,10,0,8,2,3.904761905,6.65,3,2.9,2.315789474
訣,4.904761905,5.842105263,2.363636364,2.8,5.526315789,0.951721089,11,3,6,3,4.904761905,5.6,2.318181818,2.8,5.526315789
滄,5.428571429,5.25,3,2.85,5.157894737,0.805074183,13,4,4,2,5.428571429,5.25,2.954545455,2.85,5.157894737
瞪,4.6,6.368421053,5.181818182,5.05,6.315789474,0.591029138,17,4,2,2,4.428571429,6.2,5.086956522,5.05,6.315789474
練,3.238095238,6.944444444,3.318181818,3.55,2.611111111,2.639369824,16,10,2,7,3.238095238,6.75,3.318181818,3.55,2.842105263
釋,5.05,6.263157895,3.181818182,2.9,NA,2.364695379,20,12,20,NA,4.857142857,6.05,3.272727273,2.9,NA
埋,4.35,6.842105263,4.318181818,4.2,6.166666667,2.312828464,10,10,1,4,4.227272727,6.7,4.090909091,4.2,5.894736842
塔,4.095238095,6.526315789,5.272727273,5.6842,5.611111111,1.901038258,13,2,3,3,4.095238095,6.4,5.136363636,5.45,5.368421053
濕,3.476190476,6.55,6,5.15,6.777777778,1.901766085,17,9,2,NA,3.476190476,6.55,5.727272727,5.15,6.684210526
棲,5.142857143,5.95,3.181818182,2.85,5.421052632,1.028736273,11,2,4,5,5.181818182,5.95,3.090909091,2.85,5.421052632
稍,4.19047619,6.4,2.409090909,2.0526,2.111111111,2.044200817,12,4,0,6,4.19047619,6.4,2.434782609,2.25,2.368421053
陵,5.476190476,5.6,3.909090909,2.85,3.526315789,0.958155199,11,4,16,3,5.476190476,5.6,4,2.85,3.526315789
僧,4.571428571,6.421052632,5.363636364,4.95,5.631578947,0.870721078,14,5,12,1,4.5,6.15,5.318181818,4.95,5.631578947
棺,4.714285714,6.3,5.5,5.4,6.315789474,0.970744326,12,2,2,2,4.714285714,6.3,5.454545455,5.4,6.315789474
楠,5.142857143,5.4,2.285714286,1.8421,4.894736842,1.367192767,13,2,4,NA,5.142857143,5.4,2.652173913,2.05,4.894736842
褐,5.25,5,2.142857143,2.9,3.368421053,0.340490134,15,6,2,4,5.047619048,5,2.363636364,2.9,3.368421053
珍,3.571428571,6.842105263,3.727272727,2.7,5.421052632,2.124776828,9,7,1,3,3.590909091,6.7,3.541666667,2.7,5.421052632
陀,5.047619048,4.85,3.545454545,3.25,2.736842105,1.170186046,8,2,7,1,5.047619048,4.85,3.5,3.25,2.736842105
凌,4.666666667,5.7,2.590909091,2.35,3.157894737,2.268598594,10,7,16,6,4.636363636,5.7,2.590909091,2.35,3.157894737
啦,2.380952381,6.684210526,1.4,1.4211,4.947368421,2.140166825,11,6,0,1,2.380952381,6.4,1.695652174,1.65,4.947368421
唉,3.428571429,6.833333333,3.090909091,2.6,5.263157895,0.664722385,10,1,2,3,3.428571429,6.55,3.090909091,2.6,5.263157895
蝸,3.714285714,6.05,5.590909091,5.05,6.277777778,0.750958737,15,2,3,1,3.714285714,6.05,5.608695652,5.05,6.052631579
媳,4.904761905,6.052631579,3.590909091,4.2,6.666666667,0.887574125,13,1,20,NA,4.904761905,5.8,3.772727273,4.2,6.526315789
佳,3.476190476,6.578947368,2.772727273,2.85,3.631578947,2.53682811,8,9,4,2,3.476190476,6.45,2.863636364,2.85,3.631578947
潛,4.7,6.421052632,4.818181818,4.5,6.111111111,2.034774228,15,16,0,5,4.523809524,6.2,4.652173913,4.5,5.894736842
漂,4.428571429,6.15,4.272727273,4.15,5.421052632,1.556366174,14,10,1,7,4.428571429,6.15,4.090909091,4.15,5.421052632
巧,3.428571429,6.526315789,2.55,2.95,NA,1.963991555,5,12,2,6,3.428571429,6.4,3,2.95,NA
曖,5.380952381,5.5,2.545454545,2.1111,3.631578947,0.66971433,17,2,0,NA,5.363636364,5.5,2.590909091,2.6,3.631578947
昧,5.4,5.65,2.954545455,1.5263,2.578947368,0.895023612,9,3,1,1,5.181818182,5.65,2.681818182,1.65,2.578947368
轍,5.571428571,4.95,2.590909091,2.45,5.315789474,1.077954296,19,6,5,4,5.571428571,4.95,2.590909091,2.45,5.315789474
吵,3.095238095,6.789473684,4.909090909,4.7,6.368421053,1.50802359,7,5,1,2,3.095238095,6.5,4.826086957,4.7,6.368421053
慷,5,5.894736842,2.545454545,2.25,4.263157895,0.93182626,14,3,1,4,5,5.65,2.318181818,2.25,4.263157895
糾,5.095238095,6.315789474,3,2.85,3.578947368,1.628619345,8,9,5,2,5.095238095,6.05,2.909090909,2.85,3.578947368
紛,3.952380952,6.3,2.590909091,2.4,3.421052632,2.142512557,10,3,13,5,3.952380952,6.3,2.590909091,2.4,3.421052632
誤,4.476190476,5.75,2.363636364,2.8,4.894736842,2.293672095,14,14,1,1,4.476190476,5.75,2.363636364,2.8,4.894736842
複,3.904761905,6.526315789,3.181818182,2.6,3.157894737,1.933181314,15,2,5,5,3.904761905,6.3,3.045454545,2.6,3.157894737
細,2.666666667,6.894736842,3.772727273,4.65,3.684210526,2.524662012,11,9,3,NA,2.666666667,6.8,3.818181818,4.65,3.684210526
膩,5.523809524,5.55,3.045454545,3.65,3.578947368,1.138483511,16,6,1,6,5.523809524,5.55,3.045454545,3.65,3.578947368
槍,4.1,6.894736842,6.476190476,6.2632,4.052631579,2.307032481,14,6,7,4,4.238095238,6.8,6.318181818,6.1,4.052631579
挖,3.952380952,6.3,5,4.75,6.277777778,1.475894304,9,4,1,3,3.952380952,6.3,4.695652174,4.75,6.105263158
穫,4.285714286,6.2,4,3.2,5.421052632,0.988969146,19,4,2,NA,4.285714286,6.2,3.695652174,3.2,5.421052632
陣,4.35,6.842105263,2.772727273,3.05,2.578947368,2.569441056,10,12,0,3,4.19047619,6.7,2.863636364,3.05,2.578947368
仗,4.5,6.1,4,3.3,4.631578947,2.64686285,5,9,7,NA,4.333333333,6.1,4.090909091,3.3,4.631578947
哨,4.619047619,6.15,4.318181818,3.8,6.368421053,1.11241802,10,2,0,NA,4.636363636,6.15,4.090909091,3.8,6.368421053
貂,5.476190476,5.15,5.454545455,4.65,5.473684211,0.079888796,12,3,7,NA,5.476190476,5.15,5.318181818,4.65,5.473684211
蟬,4.523809524,6.05,5.590909091,6.2632,6.833333333,0.941224035,18,4,2,3,4.523809524,6.05,5.409090909,6.1,6.736842105
塚,6.476190476,3.7,3.636363636,3.85,5.947368421,0.340490134,13,4,1,NA,6.454545455,3.7,3.625,3.85,5.947368421
鏽,5.380952381,6,3.863636364,5.15,6.722222222,0.318770885,21,2,8,NA,5.380952381,6,3.565217391,5.15,6.526315789
橢,5.142857143,5,2.954545455,3.85,3.842105263,0.125646286,16,2,1,NA,5.142857143,5,2.913043478,3.85,3.842105263
徑,4.80952381,6.35,4.454545455,4.65,4.315789474,1.848444683,10,5,4,6,4.80952381,6.35,4.318181818,4.65,4.315789474
估,3.428571429,6.6,3,3.15,3.631578947,2.407452056,7,4,5,5,3.428571429,6.6,3.045454545,3.15,3.631578947
轎,4.904761905,6.1,4.909090909,5.3,6,0.475894304,19,2,1,2,4.904761905,6.1,4.727272727,5.3,6
蜂,3.3,6.473684211,5.954545455,5.6,6.722222222,1.375578043,13,4,10,3,3.428571429,6.35,5.782608696,5.6,6.631578947
鎂,6.7,4.1,1.666666667,3.6,6.352941176,0.84164963,17,0,3,NA,6.571428571,4.1,1.954545455,3.6,5.789473684
耀,4.333333333,6.315789474,3.681818182,3.8,NA,2.173076926,20,3,1,6,4.318181818,6.05,3.636363636,3.8,NA
嘖,4.761904762,5.05,2.772727273,1.9474,5.157894737,0.575895395,14,3,12,NA,4.761904762,5.05,2.909090909,2.2,5.157894737
噪,4.15,6.5,3.681818182,3.4,5.947368421,1.110623413,16,2,8,2,4,6.5,3.818181818,3.4,5.947368421
仆,4.571428571,6.421052632,4.590909091,3.75,5.473684211,0.801424628,4,3,0,NA,4.571428571,6.15,4.590909091,3.75,5.473684211
險,3.666666667,6.888888889,3.227272727,2.2,2.947368421,2.462146045,16,4,0,7,3.666666667,6.6,3.363636364,2.2,2.947368421
驗,4.15,6.578947368,3.954545455,3.65,2.315789474,2.502733878,23,3,5,5,4.285714286,6.35,3.818181818,3.65,2.315789474
謎,4.2,6.631578947,3.272727273,4,5.388888889,1.036270691,17,7,1,2,4.047619048,6.5,3.363636364,4,5.157894737
焊,5.761904762,5.4,4.409090909,3.85,6.263157895,0.435276454,11,2,3,NA,5.818181818,5.4,4.272727273,3.85,6.263157895
仲,4.285714286,6.888888889,1.909090909,1.5263,3.052631579,2.329820552,6,5,4,6,4.285714286,6.7,2,1.75,3.052631579
淹,4.5,6.526315789,4.590909091,4.95,6.388888889,0.899432731,11,3,3,6,4.333333333,6.4,4.454545455,4.95,6.157894737
浪,3.619047619,6.947368421,5.681818182,5.4737,6.368421053,2.234549414,10,13,1,7,3.619047619,6.85,5.5,5.25,6.368421053
埠,6,4.25,2.636363636,2.95,5.473684211,0.98177073,11,7,1,2,6,4.25,2.545454545,2.95,5.473684211
腸,3.238095238,6.65,5.772727273,6.1053,6.263157895,1.782510778,13,3,6,3,3.238095238,6.65,5.545454545,5.9,6.263157895
禍,4.65,6.2,3.772727273,3.4,3.263157895,1.81796433,14,11,1,5,4.476190476,6.2,3.727272727,3.4,3.263157895
托,4.142857143,6.631578947,4.363636364,3.8,5.631578947,1.760928924,6,2,2,5,4.136363636,6.45,4.227272727,3.8,5.631578947
綜,4.105263158,6.789473684,2.5,2.4737,2.842105263,2.409083211,14,10,5,NA,4.095238095,6.65,2.545454545,2.7,2.842105263
拔,3.714285714,6.25,5.045454545,4.45,5.947368421,1.902056875,8,6,2,8,3.772727273,6.25,4.863636364,4.45,5.947368421
福,3.476190476,6.75,4.454545455,4,4.526315789,2.559927694,14,4,5,3,3.590909091,6.75,4.409090909,4,4.526315789
氓,5.80952381,4.9,4.363636364,3.35,NA,0.447865581,8,4,7,4,5.80952381,4.9,4.272727273,3.35,NA
躍,4.75,6.15,4.272727273,4.25,5.789473684,1.88937369,21,9,1,3,4.571428571,6.15,4.409090909,4.25,5.789473684
緋,5,6.052631579,2.954545455,1.8947,4,1.615604766,14,1,7,NA,5,5.8,3.090909091,2.1,4
憤,4.2,6.631578947,4.409090909,4.1,5.842105263,1.682912815,15,7,2,4,4.047619048,6.4,4.260869565,4.1,5.842105263
臘,4.428571429,6.263157895,4.181818182,4.2,4.947368421,1.541620697,19,11,3,5,4.428571429,6,4.409090909,4.2,4.947368421
沉,4.095238095,6.684210526,5.090909091,4.3,5.157894737,2.088583575,7,0,3,NA,4.136363636,6.55,5,4.3,5.157894737
講,3.047619048,6.947368421,4.136363636,4.45,6.368421053,2.685887775,17,3,1,6,3.047619048,6.85,4.227272727,4.45,6.368421053
油,2.857142857,6.894736842,5.909090909,5.9,5.157894737,2.544444577,8,4,14,5,2.857142857,6.8,5.772727273,5.9,5.157894737
瞎,4.523809524,6.722222222,4.772727273,4.95,6.777777778,0.289999142,15,13,3,4,4.523809524,6.45,4.545454545,4.95,6.473684211
檔,4.4,6.736842105,4.090909091,4.2,4.789473684,2.440482209,17,7,0,2,4.238095238,6.6,4.086956522,4.2,4.789473684
搏,5.142857143,6.25,4.181818182,3.55,5.736842105,1.654048724,13,5,5,3,5.142857143,6.25,4.181818182,3.55,5.736842105
捍,5.428571429,5.65,3.454545455,3.5,5.631578947,1.232856256,10,5,2,4,5.428571429,5.65,3.454545455,3.5,5.631578947
蜷,5.428571429,5.3,3.363636364,4.5,5.473684211,0.190104275,14,3,3,2,5.428571429,5.3,3.391304348,4.5,5.473684211
抵,4.285714286,6.631578947,3.590909091,2.95,4.421052632,2.220745866,8,9,6,9,4.285714286,6.35,3.545454545,2.95,4.421052632
喱,4.1,6.1,3.863636364,1.8421,2.894736842,1.261096985,12,0,0,NA,3.952380952,6.1,3.818181818,2.05,2.894736842
噴,3.952380952,6.5,4.818181818,4.75,6.157894737,1.764734157,15,8,0,2,3.954545455,6.5,4.75,4.75,6.157894737
課,2.857142857,6.947368421,4.227272727,4.05,4.578947368,2.619048565,15,11,1,6,2.857142857,6.85,4.318181818,4.05,4.578947368
績,3.7,6.736842105,2.19047619,2.55,2.611111111,2.385956232,17,8,12,4,3.590909091,6.6,2.272727273,2.55,2.789473684
滔,4.5,6.052631579,3.363636364,3.25,5.473684211,0.794032203,13,4,2,NA,4.590909091,5.85,3.545454545,3.25,5.473684211
埃,4.333333333,6.210526316,2.15,3.4,4.473684211,1.612501641,10,2,1,3,4.333333333,5.95,2.636363636,3.4,4.473684211
踐,5,5.8,3.181818182,2.7,5.666666667,1.305772161,15,7,0,7,5,5.8,3.136363636,2.7,5.421052632
曙,5.666666667,5.65,4.636363636,3.75,5.842105263,0.73417232,17,2,6,2,5.666666667,5.65,4.545454545,3.75,5.842105263
撈,4.333333333,6.578947368,5,4.85,6.263157895,1.397023158,15,7,0,3,4.318181818,6.45,4.75,4.85,6.263157895
炸,3.476190476,6.894736842,5.454545455,5.6842,6.444444444,2.083157798,9,4,6,NA,3.476190476,6.75,5.260869565,5.5,6.315789474
墟,5.095238095,6,3.636363636,4.65,5,1.229450007,15,4,3,6,5.095238095,6,3.565217391,4.65,5
礫,5.476190476,5,3.363636364,2.8,5.631578947,0.329766269,20,2,2,1,5.476190476,5,3.454545455,2.8,5.631578947
擄,5.476190476,5.55,4.090909091,4.1,5.578947368,0.946504276,16,3,7,NA,5.476190476,5.55,4.090909091,4.1,5.578947368
蟑,4.047619048,6.368421053,4.772727273,4.15,6.736842105,0.239589639,17,0,9,NA,4.047619048,6.2,4.954545455,4.15,6.736842105
螂,4.85,5.9,4.863636364,4.35,6.368421053,0.413448016,15,2,6,1,4.666666667,5.9,4.909090909,4.35,6.368421053
曝,5.047619048,6.263157895,3.681818182,3.55,6.222222222,1.780207841,19,3,3,2,5.047619048,6.05,3.863636364,3.55,6
僚,5.45,5.578947368,2.909090909,2.4211,5.421052632,1.154217539,14,2,9,4,5.238095238,5.35,2.956521739,2.65,5.421052632
謝,2.476190476,6.947368421,3.681818182,3.8,5.210526316,2.383132865,17,17,0,8,2.476190476,6.85,3.590909091,3.8,5.210526316
游,2.714285714,6.944444444,5.318181818,5.2632,6.210526316,1.965752381,12,6,14,4,2.727272727,6.75,5.136363636,5.05,6.210526316
謬,5.476190476,5.736842105,2,2.55,5.263157895,1.221860872,18,2,3,3,5.545454545,5.5,2.136363636,2.55,5.263157895
晾,4.19047619,6,4.681818182,4.55,6.166666667,0.851557918,12,2,1,NA,4.045454545,6,4.545454545,4.55,5.947368421
犯,3.55,6.5,4,4.25,3.526315789,2.427760663,5,18,4,6,3.714285714,6.5,3.909090909,4.25,3.526315789
砍,4,6.25,4.954545455,4.9,4.210526316,1.107917519,9,4,2,2,4.142857143,6.25,4.909090909,4.9,4.210526316
援,4.25,6.45,3.818181818,4,5.944444444,2.238184262,12,8,4,NA,4.380952381,6.45,3.818181818,4,5.736842105
濛,5.142857143,5.45,4.136363636,3.2,4.631578947,0.45606006,17,2,5,4,5.136363636,5.45,3.954545455,3.2,4.631578947
潭,4.857142857,6,4.318181818,4.8,6.222222222,0.994878006,15,3,5,4,4.857142857,6,4.086956522,4.8,6
胸,3.476190476,6.842105263,5.952380952,6.05,5.947368421,1.979952328,10,4,5,3,3.476190476,6.7,5.727272727,6.05,5.947368421
浸,3.428571429,6.45,4.363636364,4.95,6.166666667,1.724655526,10,6,0,NA,3.409090909,6.45,4.181818182,4.95,6
橡,4.333333333,6,3.727272727,3.45,6.222222222,1.10061828,16,4,5,2,4.181818182,6,3.590909091,3.45,6
冲,3.761904762,6.578947368,4.272727273,3.65,3.315789474,1.005315492,6,0,13,NA,3.761904762,6.4,4.181818182,3.65,3.315789474
溪,4.45,6.5,5.772727273,5.85,6.526315789,1.124776828,13,4,1,2,4.285714286,6.5,5.727272727,5.85,6.526315789
墩,6.19047619,4.25,2.863636364,3.2,5.368421053,0.475894304,15,8,3,4,6.19047619,4.25,2.727272727,3.2,5.368421053
掏,4.75,6.210526316,4.318181818,4.2,6.222222222,0.897967993,11,4,13,3,4.636363636,6,4.136363636,4.2,6
塌,5.19047619,5.5,4.5,4.45,5.684210526,1.449516893,13,7,3,3,5.19047619,5.5,4.5,4.45,5.684210526
毗,6.619047619,2.736842105,1.904761905,1.7,4.315789474,0.993702648,9,3,4,1,6.619047619,2.95,2.136363636,1.7,4.315789474
垮,5.428571429,5.15,3.318181818,3.2,4.526315789,0.718932353,9,2,2,2,5.428571429,5.15,3.136363636,3.2,4.526315789
湘,5.428571429,5.3,1.7,1.7368,4.684210526,1.432285727,12,4,10,1,5.428571429,5.3,2.227272727,1.9,4.684210526
汛,6.5,3.65,1.25,1.7895,3.421052632,-0.494142472,6,2,6,2,6.333333333,3.65,1.545454545,2,3.421052632
湍,5.761904762,4.4,2.681818182,2.95,5.736842105,-0.041844801,12,2,0,NA,5.727272727,4.4,2.727272727,2.95,5.736842105
燁,6.476190476,3.45,1.619047619,1.5789,4.368421053,0.55378108,16,3,4,1,6.5,3.45,1.818181818,1.75,4.368421053
梧,5.571428571,4.95,3.545454545,2.15,5.777777778,0.307489874,11,2,4,3,5.571428571,4.95,3.363636364,2.15,5.526315789
膽,4.1,6.526315789,3.954545455,4.85,5.722222222,2.012700664,17,3,0,4,3.952380952,6.35,4.045454545,4.85,5.473684211
憚,5.714285714,5.2,2.095238095,2,4.473684211,0.575895395,15,0,3,4,5.636363636,5.2,2.227272727,2,4.473684211
誹,5.571428571,5,2.909090909,2.8,5.736842105,1.103369891,15,1,2,NA,5.571428571,5,2.727272727,2.8,5.736842105
謗,5.65,5.526315789,2.727272727,2.25,6.052631579,1.111521644,17,2,0,NA,5.428571429,5.3,2.782608696,2.25,6.052631579
釘,3.333333333,6.789473684,5.590909091,5.8947,6.5,1.318770885,10,9,0,6,3.333333333,6.65,5.409090909,5.65,6.263157895
融,4,6.578947368,4.363636364,3.55,2.105263158,2.234481814,16,7,13,9,4,6.45,4.347826087,3.55,2.105263158
促,4.25,6.631578947,3.136363636,2,4.210526316,2.078825887,9,12,7,7,4.380952381,6.5,3.090909091,2.25,4.210526316
譁,6,4.45,1.909090909,2.15,4.526315789,0.471999261,19,3,6,2,6,4.45,1.909090909,2.15,4.526315789
捧,3.80952381,6.473684211,4.318181818,4.8,6.210526316,2.15494888,11,12,0,5,3.772727273,6.35,4.166666667,4.8,6.210526316
狽,5.095238095,6,3.181818182,3.15,5.263157895,0.782702139,10,3,4,3,5.095238095,6,3,3.15,5.263157895
瑞,4.523809524,6.368421053,2.5,2.1,4.789473684,2.021179325,13,5,8,4,4.523809524,6.15,2.5,2.1,4.789473684
浦,5.380952381,4.3,3.045454545,1.6316,3.842105263,1.894875868,10,3,4,3,5.380952381,4.3,2.954545455,1.8,3.842105263
隸,5.428571429,5.55,3.454545455,2.4,NA,1.118641384,17,8,5,7,5.428571429,5.55,3.272727273,2.4,NA
酸,3.428571429,6.45,5.454545455,4.85,3.684210526,1.666726054,14,3,4,7,3.428571429,6.45,5.409090909,4.85,3.684210526
贖,5.333333333,5.75,3.181818182,2.85,5.722222222,1.068150392,22,4,5,4,5.333333333,5.75,3.090909091,2.85,5.473684211
緣,4.80952381,6.4,3.318181818,3.3,3.684210526,2.100986171,15,8,17,11,4.80952381,6.4,3.409090909,3.3,3.684210526
揣,5.333333333,5.25,3.818181818,3,5.5,1.07601114,12,3,2,7,5.333333333,5.25,3.818181818,3,5.263157895
拗,5.619047619,4.9,3.5,3.6,5.421052632,1.361679433,8,7,0,6,5.619047619,4.9,3.454545455,3.6,5.421052632
瞧,4.380952381,6,4.318181818,3.8,6.421052632,0.313167007,17,5,4,3,4.380952381,6,4.136363636,3.8,6.421052632
訂,4.095238095,6.684210526,3.545454545,3.6,4.526315789,2.232856256,9,18,1,5,4.095238095,6.4,3.304347826,3.6,4.526315789
泳,3.095238095,6.789473684,5.409090909,4.6,6.473684211,2.007601257,8,3,2,NA,3.095238095,6.6,5.227272727,4.6,6.473684211
緝,5.333333333,6,3.772727273,3,2.631578947,1.50802359,15,5,2,6,5.333333333,5.8,3.545454545,3,2.631578947
隱,4.6,6.722222222,3.636363636,4.2,2.555555556,2.063765555,17,11,1,8,4.363636364,6.45,3.375,4.2,2.736842105
瞞,4.952380952,6.2,2.476190476,3.7,5.210526316,1.436976239,16,5,2,3,4.952380952,6.2,2.727272727,3.7,5.210526316
嫖,5.904761905,6.052631579,3.363636364,3.75,5.947368421,0.987777665,14,3,1,NA,5.904761905,5.8,3.363636364,3.75,5.947368421
垣,6.4,4.15,1.80952381,1.8,4.894736842,0.460100037,9,3,4,2,6.238095238,4.15,2.272727273,1.8,4.894736842
擺,3.857142857,6.736842105,4.318181818,4.45,5.555555556,2.136454884,18,12,1,5,3.857142857,6.6,4.045454545,4.45,5.368421053
揶,5.523809524,5.3,2.772727273,2.95,4.789473684,0.879994622,12,2,3,NA,5.523809524,5.3,2.681818182,2.95,4.789473684
揄,6.35,4.9,1.9,1.7895,4.105263158,0.879994622,12,2,28,NA,6.095238095,4.9,2.136363636,2.05,4.105263158
珊,4.333333333,5.65,3.545454545,3.2,4.789473684,1.74744551,9,2,5,3,4.333333333,5.65,3.681818182,3.2,4.789473684
磅,3.619047619,6.210526316,4.409090909,4.55,4.947368421,2.063565189,15,4,2,2,3.5,6,4.227272727,4.55,4.947368421
捷,4.6,6.25,2.863636364,2.6,3.947368421,2.072098551,11,5,1,NA,4.428571429,6.25,2.909090909,2.6,3.947368421
峰,4.2,6.578947368,5.227272727,5.6,6.578947368,1.983340544,10,4,10,4,4.047619048,6.35,5.090909091,5.6,6.578947368
娟,4.85,5.8,2.545454545,1.8947,5.105263158,1.299415109,10,6,3,2,4.666666667,5.8,2.318181818,2.15,5.105263158
涯,4.9,6.473684211,3.272727273,3.6,3.736842105,1.549219806,11,2,3,2,4.714285714,6.3,3.260869565,3.6,3.736842105
緘,5.904761905,4.7,2.863636364,3,2.736842105,0.329766269,16,6,1,NA,5.904761905,4.7,2.863636364,3,2.736842105
牲,5,5.45,3.545454545,2.65,5.789473684,1.387147059,9,5,3,2,5,5.45,3.434782609,2.65,5.789473684
骸,5.333333333,4.9,4.636363636,5.4737,6.777777778,1.192344837,16,5,3,3,5.333333333,4.9,4.5,5.3,6.684210526
糧,4.2,6.631578947,4.545454545,5.2,6.444444444,1.51728699,18,4,9,5,4.047619048,6.5,4.347826087,5.2,6.315789474
溜,4.45,6.35,3.909090909,3.45,4.421052632,1.255336178,13,8,3,8,4.363636364,6.35,3.818181818,3.45,4.421052632
皓,5.5,4.95,3.318181818,2.1,5.526315789,1.157458558,12,6,5,NA,5.318181818,4.95,3.181818182,2.1,5.526315789
什,3.333333333,6.888888889,1.65,1.4737,2.789473684,2.110803207,4,10,1,3,3.333333333,6.7,2.181818182,1.65,2.789473684
渡,4.476190476,6.421052632,4.318181818,3.75,5.777777778,1.716265234,12,5,9,3,4.476190476,6.2,4.181818182,3.75,5.578947368
搞,3.666666667,6.736842105,3.136363636,3.25,5.444444444,2.339854116,13,5,6,2,3.681818182,6.6,3.181818182,3.25,5.210526316
畸,5.095238095,5.7,3.909090909,3.4,2.842105263,0.651985564,13,6,1,5,5.095238095,5.7,3.681818182,3.4,2.842105263
螞,3.380952381,6.368421053,4.227272727,4.15,6.666666667,0.366195535,16,4,3,1,3.380952381,6.1,4.227272727,4.15,6.526315789
蟻,2.904761905,6.4,6.238095238,6.1,6.777777778,0.856428562,20,1,0,4,2.904761905,6.4,5.863636364,6.1,6.684210526
睜,4.333333333,6.1,4.545454545,4.45,6.157894737,0.61700798,13,1,12,3,4.333333333,6.1,4.363636364,4.45,6.157894737
梭,4.95,5.5,3.181818182,2.6,3.947368421,1.177955386,11,3,5,4,4.761904762,5.5,3.272727273,2.6,3.947368421
踴,4.952380952,6.157894737,3.090909091,2.95,4.894736842,0.808693324,16,3,8,1,4.952380952,5.9,3,2.95,4.894736842
錐,4.714285714,5.55,4.363636364,4.5,5.315789474,0.142679626,16,3,4,1,4.681818182,5.55,4.181818182,4.5,5.315789474
碌,5,5.1,2.80952381,3,3.473684211,1.427110359,13,4,1,5,5.045454545,5.1,2.791666667,3,3.473684211
捩,6.15,4.25,1.80952381,2.6,3.473684211,0.380918791,11,6,4,NA,6,4.25,2.045454545,2.6,3.473684211
諮,5.238095238,5.9,2.681818182,2.65,5.777777778,1.985144844,16,3,17,NA,5.238095238,5.9,2.681818182,2.65,5.526315789
賭,4.476190476,6.631578947,4.909090909,4.9,6.111111111,2.0825827,15,6,5,3,4.454545455,6.5,5.090909091,4.9,5.894736842
綻,5.19047619,5.8,3.045454545,2.65,3.315789474,0.975679544,14,3,2,NA,5.19047619,5.8,3.045454545,2.65,3.315789474
繩,3.714285714,6.6,6.6,6.2,5.578947368,1.689838747,19,7,7,5,3.714285714,6.6,6.217391304,6.2,5.578947368
摟,5,5.65,4.045454545,4.9474,5.789473684,0.116872362,13,4,2,3,5,5.65,4,4.75,5.789473684
呎,4.142857143,6.421052632,3.5,3.85,2.789473684,2.023053426,7,0,2,1,4.142857143,6.25,3.545454545,3.85,2.789473684
鑰,4.428571429,5.75,5.045454545,4.55,6.222222222,0.46410278,25,4,7,6,4.428571429,5.75,5,4.55,6
抄,3.428571429,6.947368421,4.681818182,5.05,6.444444444,1.391407203,7,6,1,7,3.428571429,6.85,4.590909091,5.05,6.263157895
猖,5.380952381,5.35,3.181818182,2.45,4.842105263,0.738430143,11,3,7,3,5.380952381,5.35,3.409090909,2.45,4.842105263
獗,6.428571429,3.7,2.636363636,2.2,4,0.593993617,15,1,6,2,6.428571429,3.7,2.545454545,2.2,4
秒,2.857142857,6.947368421,3.954545455,4.2,2.166666667,1.969626131,9,2,5,5,2.909090909,6.85,3.75,4.2,2.421052632
咋,5.142857143,5.35,1.238095238,1.3684,4.315789474,0.963234724,8,2,6,NA,5.142857143,5.35,1.5,1.45,4.315789474
嚎,5.684210526,5.15,3.909090909,3.65,6.166666667,0.572804317,17,4,4,2,5.238095238,5.15,3.636363636,3.65,6
漣,5.85,5.35,3.863636364,3.55,5.444444444,0.271774322,14,2,4,3,5.619047619,5.35,4.045454545,3.55,5.210526316
腦,3,6.888888889,6.523809524,6.3158,6.105263158,2.352143083,13,19,3,5,3,6.7,6.227272727,6.15,6.105263158
聰,3.380952381,6.842105263,3.272727273,2.9,4.421052632,1.756683983,17,5,13,NA,3.380952381,6.7,3.045454545,2.9,4.421052632
傢,4.4,6.3,3.590909091,3.5,3.157894737,0.828076823,12,3,5,1,4.238095238,6.3,3.681818182,3.5,3.157894737
柢,6.684210526,2.9,1.285714286,1.7895,4.526315789,0.66722553,9,1,6,NA,6.333333333,2.9,1.454545455,2,4.526315789
瀕,4.9,5.15,2.727272727,3.1,3,1.09877414,19,2,2,3,4.714285714,5.15,2.818181818,3.1,3
攞,3.952380952,6.631578947,4.272727273,4.5,6.052631579,1.590135834,22,0,1,NA,3.952380952,6.4,4.090909091,4.5,6.052631579
喂,2.857142857,6.45,3.590909091,2,5.947368421,0.69384801,12,0,6,NA,2.857142857,6.45,3.590909091,2.25,5.947368421
抉,5.238095238,5.526315789,3.318181818,2.8,4.315789474,0.765132775,7,3,6,6,5.238095238,5.3,3.045454545,2.8,4.315789474
韌,5.619047619,5.421052632,4.045454545,3.6,NA,1.14184364,12,5,6,1,5.619047619,5.2,3.826086957,3.6,NA
瞻,5.619047619,5.2,3.636363636,2.7,5.789473684,0.87692539,18,4,4,3,5.619047619,5.2,3.5,2.7,5.789473684
愧,4.523809524,6.105263158,2.818181818,2.95,6.055555556,1.045769613,13,10,2,NA,4.523809524,5.85,3,2.95,5.842105263
麟,5.523809524,5.2,4.590909091,4.3,4.052631579,1.5144577,23,3,14,2,5.523809524,5.2,4.545454545,4.3,4.052631579
涕,4.095238095,5.85,4.227272727,5.15,6.333333333,0.417902358,10,3,4,4,4.095238095,5.85,4.318181818,5.15,6.157894737
輯,5,6.2,2.590909091,3.45,2.894736842,1.975679544,16,11,2,6,5,6.2,2.5,3.45,2.894736842
傑,4,6.684210526,3.363636364,2.2,4.368421053,2.120139409,12,3,1,2,4,6.5,3.090909091,2.2,4.368421053
矩,4.380952381,5.9,2.523809524,3.5,2.578947368,1.056085881,10,3,1,3,4.318181818,5.9,2.727272727,3.5,2.578947368
糊,4.238095238,6.315789474,4.590909091,4,6.222222222,1.527046827,15,1,11,NA,4.238095238,6.1,4.391304348,4,5.947368421
狙,5.380952381,5.9,3.454545455,3.3,4.052631579,1.047852564,8,3,4,NA,5.380952381,5.9,3.5,3.3,4.052631579
俊,3.80952381,6.421052632,3.454545455,3.45,5,2.164266448,9,6,9,3,3.772727273,6.15,3.454545455,3.45,5
締,5.476190476,5.25,1.714285714,2.4,3.315789474,1.32758935,15,4,3,5,5.454545455,5.25,1.875,2.4,3.315789474
惜,3.952380952,6.736842105,2.954545455,2.55,5.421052632,2.215268838,11,5,20,4,3.952380952,6.45,2.818181818,2.55,5.421052632
摒,6,4.95,2.590909091,2.95,4.789473684,0.385717674,12,5,3,1,6,4.95,2.772727273,2.95,4.789473684
坎,5.666666667,4.85,3.636363636,3.75,4.684210526,0.941224035,7,6,2,7,5.666666667,4.85,3.545454545,3.75,4.684210526
檻,5.095238095,5.8,4.227272727,4.9,5.578947368,1.379952619,18,4,3,6,5.095238095,5.8,4.181818182,4.9,5.578947368
拆,4,6.2,4.863636364,5,6,2.00908058,8,12,3,4,4,6.2,4.739130435,4.8,5.789473684
賜,4.380952381,6.526315789,3.818181818,3.8,5.578947368,1.083732135,15,6,7,6,4.380952381,6.4,3.636363636,3.8,5.578947368
詮,6,4.65,1.863636364,1.8,5.052631579,0.740543502,13,6,7,2,6,4.65,1.909090909,1.8,5.052631579
徘,5.285714286,6.263157895,2.954545455,2.35,4.315789474,1.046812337,11,1,4,2,5.285714286,6.05,2.909090909,2.35,4.315789474
徊,4.904761905,5.7,3.5,3.05,4.052631579,1.049925572,9,2,3,2,4.904761905,5.7,3.545454545,3.05,4.052631579
跌,3.142857143,6.894736842,4.863636364,5.15,6.105263158,2.478098948,12,4,0,6,3.142857143,6.8,4.818181818,5.15,6.105263158
伯,2.80952381,6.631578947,5.095238095,4.55,5.526315789,2.069140802,7,7,2,9,2.80952381,6.5,4.909090909,4.55,5.526315789
糟,5,6.210526316,3,2.6,3.684210526,1.088488968,17,2,2,5,5,5.95,2.956521739,2.6,3.684210526
沼,5.19047619,5.8,4.272727273,4.35,5.736842105,0.622575934,8,2,0,1,5.19047619,5.8,4.227272727,4.35,5.736842105
勁,3.666666667,6.842105263,3.772727273,3.3,5.833333333,2.346015919,9,6,1,6,3.666666667,6.7,3.739130435,3.3,5.631578947
偏,4.095238095,6.473684211,2.095238095,2.95,3.210526316,2.106013312,11,12,4,8,4.095238095,6.2,2.363636364,2.95,3.210526316
娜,4.571428571,6,2.047619048,1.7,5.944444444,2.048682955,10,2,0,1,4.571428571,6,2.272727273,1.7,5.736842105
碟,3.25,6.631578947,5.909090909,6,4.368421053,1.858843551,14,6,5,2,3.428571429,6.5,5.818181818,6,4.368421053
撻,4.523809524,5.842105263,3.636363636,3.6,4.473684211,1.317097301,16,2,0,NA,4.523809524,5.6,3.545454545,3.6,4.473684211
柄,4.3,6.05,4.545454545,5.3,5.684210526,1.013263587,9,8,0,7,4.136363636,6.05,4.458333333,5.3,5.684210526
鍋,3.761904762,6.789473684,5.181818182,6.15,5.842105263,1.478985381,17,4,3,3,3.761904762,6.65,5,6.15,5.842105263
攘,5.619047619,5.4,2.681818182,3,5.666666667,0.992524101,20,8,7,6,5.619047619,5.4,2.590909091,3,5.473684211
抑,4.666666667,6.35,3.272727273,3.4,4.842105263,1.765531028,7,8,3,9,4.666666667,6.35,3.318181818,3.4,4.842105263
咪,3.19047619,6.15,3.727272727,2.45,4.315789474,2.070523592,9,1,1,2,3.19047619,6.15,3.545454545,2.45,4.315789474
咕,4.142857143,5.75,2.954545455,1.8,4.947368421,0.691494105,8,5,6,2,4.136363636,5.75,3,1.8,4.947368421
儀,4.380952381,6.5,2.5,2.9,3.947368421,2.23717763,16,3,16,NA,4.380952381,6.5,2.590909091,2.9,3.947368421
鮑,4.7,6.631578947,4.954545455,4.95,6.157894737,1.352503856,16,2,4,3,4.523809524,6.4,5.045454545,4.95,6.157894737
吓,4.428571429,6.55,2.590909091,3,5.105263158,1.858682969,6,0,0,NA,4.428571429,6.55,2.363636364,3,5.105263158
唔,3.80952381,6.894736842,1.954545455,1.6316,4,2.972391518,10,0,4,3,3.681818182,6.7,2,1.85,4
嘈,3.571428571,6.6,4.136363636,4,6.157894737,0.97812628,14,1,2,3,3.571428571,6.6,4.227272727,4,6.157894737
杜,4.047619048,6.1,1.818181818,1.6316,4.368421053,2.193683646,7,5,9,1,4.090909091,6.1,1.863636364,1.8,4.368421053
桓,6.15,4.3,1.619047619,1.6,5.052631579,0.859645573,10,4,4,3,6,4.3,1.826086957,1.6,5.052631579
璇,5.666666667,5,2.5,1.8421,4.368421053,0.602767541,15,2,3,NA,5.666666667,5,2.590909091,2.05,4.368421053
嚟,4.571428571,6.315789474,1.904761905,1.9,4.526315789,2.158023257,18,0,2,3,4.571428571,6.05,2.136363636,1.9,4.526315789
諗,4.428571429,6.631578947,3.954545455,3.8,4.842105263,1.74744551,15,2,0,2,4.428571429,6.45,3.772727273,3.8,4.842105263
咗,4.80952381,6.578947368,1.142857143,1.1053,4.315789474,2.471059229,8,0,3,NA,4.80952381,6.45,1.409090909,1.3,4.315789474
啲,4.333333333,6.473684211,1.5,1.1053,3.789473684,2.359048564,11,5,0,4,4.333333333,6.3,1.52173913,1.35,3.789473684
佢,3.047619048,6.842105263,3.181818182,2.7,5.315789474,2.763656057,7,0,2,NA,3.047619048,6.55,3.086956522,2.7,5.315789474
嘅,4.095238095,6.736842105,1.19047619,1,4.473684211,2.858634783,12,0,0,NA,4.090909091,6.45,1.409090909,1.1,4.473684211
咁,3.857142857,6.736842105,1.954545455,1.3684,4.421052632,2.466724523,8,0,3,NA,3.857142857,6.45,2.181818182,1.6,4.421052632
綫,4.095238095,6.777777778,4.318181818,4.75,5.421052632,2.351833609,14,0,6,NA,4.095238095,6.5,4.136363636,4.75,5.421052632
妍,4.619047619,5.35,2.090909091,1.8947,5.105263158,1.46210602,7,2,10,NA,4.590909091,5.35,2.125,2.1,5.105263158
腋,5.05,6.368421053,4.818181818,4.95,5.947368421,0.46410278,12,5,15,5,4.857142857,6.2,4.863636364,4.95,5.947368421
喺,3.666666667,6.473684211,1.380952381,1.5263,4.157894737,2.453332096,12,0,0,NA,3.666666667,6.2,1.608695652,1.7,4.157894737
哋,4.571428571,6.157894737,1.25,1.1053,3.842105263,2.353173071,9,0,1,NA,4.571428571,5.9,1.727272727,1.2,3.842105263
憧,5.285714286,5.7,2.047619048,2.25,5.888888889,1.041573498,15,1,13,4,5.285714286,5.7,2.545454545,2.25,5.684210526
憬,5.285714286,4.9,1.75,1.5263,4.736842105,1.049925572,15,2,6,2,5.285714286,4.9,2.181818182,1.75,4.736842105
紗,4.380952381,6.421052632,4.363636364,4.6,5.421052632,1.445792572,10,9,6,3,4.409090909,6.15,4.166666667,4.6,5.421052632
倚,4.714285714,5.45,3.545454545,3.55,4.736842105,1.135097182,10,7,2,8,4.714285714,5.45,3.52173913,3.55,4.736842105
俏,4.6,5.9,3.090909091,2.6,4.105263158,0.843316789,9,7,3,4,4.428571429,5.9,3.272727273,2.6,4.105263158
衫,3.238095238,6.947368421,5.227272727,5.75,6.555555556,1.966254165,9,5,2,2,3.238095238,6.8,5.090909091,5.75,6.368421053
徐,3.904761905,6.35,1.55,1.3684,2.157894737,2.07121334,10,4,6,3,3.904761905,6.35,2.045454545,1.5,2.157894737
睇,3.904761905,7,4.454545455,4.55,6.555555556,2.466407578,12,0,1,NA,3.904761905,6.9,4.227272727,4.55,6.421052632
噚,6.55,3.35,1.1,1.1579,3.526315789,1.43442406,15,0,3,1,6.318181818,3.35,1.545454545,1.4,3.526315789
狄,5.3,5.45,2,1.5263,2.947368421,1.442036037,7,3,8,3,5.095238095,5.45,2.090909091,1.75,2.947368421
輝,4,6.631578947,3.5,3.1,NA,2.180718668,15,5,5,3,4,6.5,3.434782609,3.1,NA
鏟,4.523809524,5.65,5.181818182,5.55,5.421052632,0.970744326,19,2,2,4,4.523809524,5.65,4.826086957,5.55,5.421052632
柑,3.666666667,6.526315789,5.636363636,5.8,5.631578947,0.295908002,9,3,3,NA,3.666666667,6.25,5.590909091,5.8,5.631578947
妖,4.047619048,6.4,5,4.3,4.842105263,1.078922623,7,8,2,4,4.047619048,6.4,4.863636364,4.3,4.842105263
叻,3.095238095,6.578947368,4.090909091,4,3.789473684,1.468857876,5,2,0,NA,3.095238095,6.35,4,4,3.789473684
灶,4.571428571,5.8,4.863636364,4.9,6.555555556,0.979344498,7,0,0,2,4.545454545,5.8,4.772727273,4.9,6.421052632
繡,5.333333333,6.15,4.545454545,5.4211,5.157894737,1.046812337,19,2,8,5,5.333333333,6.15,4.590909091,5.2,5.157894737
鉸,6.6,3.75,3.090909091,2.2,5.052631579,0.167038971,14,3,6,NA,6.428571429,3.75,2.826086957,2.2,5.052631579
嚷,5.428571429,5.578947368,4.363636364,3.5,6.052631579,0.68674767,20,3,7,2,5.428571429,5.35,4.136363636,3.5,6.052631579
姬,5.380952381,5.45,3.772727273,3.4,6.388888889,1.476669139,10,2,13,1,5.380952381,5.45,3.863636364,3.4,6.157894737
船,2.904761905,6.894736842,6.047619048,6.6842,6.722222222,2.260969794,11,10,3,3,2.904761905,6.8,5.434782609,6.5,6.578947368
洛,5.095238095,5.8,2.272727273,1.5,3.263157895,2.144429975,9,2,5,4,5.095238095,5.8,2.318181818,1.5,3.263157895
蝕,4.857142857,6.2,4.045454545,4.45,5.052631579,1.66971433,14,6,1,NA,4.857142857,6.2,3.913043478,4.45,5.052631579
渾,5.285714286,6.1,3,2,3.684210526,1.195314383,12,13,2,10,5.285714286,6.1,3.217391304,2.2,3.684210526
榻,5.904761905,5.4,4.772727273,4.15,5.210526316,0.806887524,14,3,3,3,5.904761905,5.4,4.636363636,4.15,5.210526316
憎,4.142857143,6.4,3.136363636,4.1,5.789473684,0.90234747,15,2,12,1,4.142857143,6.4,3.136363636,4.1,5.789473684
滲,4.571428571,6.210526316,4,3.95,6.105263158,1.412551639,14,6,0,NA,4.636363636,6,3.909090909,3.95,6.105263158
氾,5.80952381,4.2,2.5,2.5,4.842105263,0.68674767,5,1,2,NA,5.80952381,4.2,2.590909091,2.5,4.842105263
擰,4.666666667,5.2,4.636363636,4.15,5.684210526,0.759114742,17,4,2,NA,4.666666667,5.2,4.363636364,4.15,5.684210526
嗌,4.428571429,5.4,3.909090909,3.7,6,1.007601257,13,2,2,5,4.428571429,5.4,4.045454545,3.7,6
囉,4.238095238,6.421052632,2.045454545,1.2105,5.052631579,1.474340476,22,2,0,2,4.238095238,6.15,2.045454545,1.4,5.052631579
磋,4.857142857,5.4,2.863636364,2.85,3.684210526,0.866008976,15,3,4,NA,4.857142857,5.4,2.727272727,2.85,3.684210526
啫,4,5.45,2.954545455,1.6,4.052631579,1.236235996,11,0,1,NA,4,5.45,2.913043478,1.6,4.052631579
倔,5.19047619,6.105263158,2.363636364,3.05,4.368421053,0.197528293,11,1,2,3,5.136363636,5.85,2.318181818,3.05,4.368421053
嘢,3.476190476,6.368421053,1.476190476,1.4211,4.736842105,2.064666063,14,3,3,5,3.476190476,6.1,1.727272727,1.7,4.736842105
躁,4.4,6.631578947,4.045454545,3.1,4.421052632,1.342603493,20,2,8,4,4.523809524,6.5,3.818181818,3.1,4.421052632
臻,6.428571429,4.35,2,2,NA,0.784611129,16,1,5,NA,6.428571429,4.35,2.090909091,2.25,NA
喎,4.476190476,6.210526316,1.476190476,1.1579,4.210526316,1.552807689,12,0,0,NA,4.476190476,5.95,1.739130435,1.45,4.210526316
傅,4.952380952,6.35,2.772727273,1.4737,4.105263158,1.805074183,12,2,8,4,4.952380952,6.35,2.5,1.65,4.105263158
譏,5.619047619,4.7,3.045454545,3.15,5.833333333,0.748895577,19,5,13,4,5.619047619,4.7,2.863636364,3.15,5.578947368
絢,5.380952381,5.45,3,2.5,3.789473684,0.190104275,12,4,2,3,5.380952381,5.45,3,2.5,3.789473684
揸,4.285714286,6,4.590909091,3.95,5.947368421,1.322098828,12,0,3,NA,4.285714286,6,4.545454545,3.95,5.947368421
擂,5.095238095,5.85,2.954545455,3.45,4.789473684,0.771068556,16,4,5,NA,5.095238095,5.85,2.909090909,3.45,4.789473684
豹,4.15,6.473684211,6.142857143,6.7368,5.894736842,1.125646286,10,7,3,4,4,6.3,5.826086957,6.6,5.894736842
俘,5.095238095,5.894736842,3.363636364,3.4,5.555555556,0.740543502,9,2,9,1,5.095238095,5.65,3.363636364,3.4,5.315789474
纖,5.4,5.789473684,4.136363636,3.7,5.210526316,1.364194174,23,6,3,3,5.19047619,5.55,4.130434783,3.7,5.210526316
媚,5.619047619,6.15,4.636363636,3.4,5.684210526,1.019962349,12,9,7,5,5.619047619,6.15,4.5,3.4,5.684210526
揹,4.380952381,5.736842105,4.454545455,4.4,6,0.736306449,12,2,4,NA,4.380952381,5.5,4.363636364,4.4,5.789473684
撼,4.857142857,6.1,3.545454545,2.95,4.526315789,1.594288955,17,1,3,2,4.857142857,6.1,3.5,2.95,4.526315789
嗰,3.904761905,6.263157895,2.227272727,1.1111,4.473684211,1.810850421,13,0,0,NA,3.904761905,6,2.227272727,1.6,4.473684211
喧,4.55,6.1,3.090909091,3.45,6,0.792164267,12,7,5,4,4.666666667,6.1,3.181818182,3.45,5.842105263
酌,5.761904762,4.85,3.681818182,3.05,4.842105263,0.895023612,10,8,5,5,5.761904762,4.85,3.772727273,3.05,4.842105263
俐,5,5.4,2.636363636,1.7368,3.210526316,0.951721089,9,3,5,NA,5,5.4,2.636363636,2,3.210526316
臟,4.476190476,6.315789474,5.333333333,4.8,5.842105263,1.810671071,23,3,3,NA,4.476190476,6.15,5.181818182,4.8,5.842105263
嗲,4.380952381,5.45,3.545454545,3.5,5.157894737,0.674649548,13,3,0,NA,4.380952381,5.45,3.363636364,3.5,5.157894737
暱,5.380952381,5.4,2.238095238,2.7,2.842105263,0.742646627,15,3,2,1,5.380952381,5.4,2.5,2.7,2.842105263
梳,3.047619048,6.684210526,6.090909091,5.85,5.777777778,1.223250615,11,5,5,3,3.047619048,6.55,5.956521739,5.85,5.526315789
腮,5.333333333,5.842105263,4.590909091,5.4211,5.894736842,0.271774322,13,3,1,2,5.333333333,5.6,4.409090909,5.2,5.894736842
鍊,4.333333333,6.105263158,4.409090909,4.85,6.555555556,0.513036112,18,2,2,4,4.333333333,5.9,4.304347826,4.85,6.315789474
熠,5.285714286,4.6,3.045454545,2.9,5.578947368,0.997219222,15,0,1,NA,5.285714286,4.6,3.136363636,2.9,5.578947368
瑤,4.45,6.1,1.619047619,1.6316,4.947368421,1.064166012,14,5,8,3,4.571428571,6.1,2,1.9,4.947368421
綾,5.6,5.894736842,3.227272727,3,4.736842105,0.505857528,14,3,16,3,5.454545455,5.65,3.045454545,3,4.736842105
瀨,5.476190476,4.95,2.909090909,3.35,3.789473684,0.84164963,19,0,2,NA,5.476190476,4.95,2.954545455,3.35,3.789473684
嗒,5.095238095,3.65,1.7,1.2632,5.052631579,0.51658139300000006,13,2,3,NA,5.095238095,3.65,2.227272727,1.45,5.052631579
缽,5.80952381,4.85,3.954545455,4.15,5.210526316,0.547250213,11,7,2,NA,5.80952381,4.85,3.818181818,4.15,5.210526316
腥,5.1,6.2,3.363636364,3.85,4.263157895,1.037336445,13,10,9,4,4.904761905,6.2,3.409090909,3.85,4.263157895
噬,5.85,4.6,4.181818182,4.15,5.947368421,0.593993617,16,2,2,2,5.714285714,4.6,4.227272727,4.15,5.947368421
拙,5,6.2,2.636363636,2.8,4.263157895,0.955592982,9,7,4,NA,5,6.2,2.681818182,2.8,4.263157895
鈍,4.619047619,5.3,4.5,3.85,5.105263158,0.39515923,12,6,2,4,4.619047619,5.3,4.227272727,3.85,5.105263158
佐,4.904761905,5.894736842,1.7,1.4737,3.894736842,1.76870397,7,3,0,3,4.904761905,5.65,2.227272727,1.7,3.894736842
禎,6.6,3.5,1.714285714,1.7,3.894736842,0.390464109,13,2,11,NA,6.476190476,3.5,1.956521739,1.7,3.894736842
仙,3.095238095,6.631578947,5,4.3,4.421052632,2.108279281,5,9,2,4,3.095238095,6.5,4.954545455,4.3,4.421052632
俬,4.285714286,6.05,3,3.95,2.842105263,0.662204729,9,1,13,NA,4.285714286,6.05,3.090909091,3.95,2.842105263
杉,5.4,5.736842105,4,3.95,4.894736842,1.353532991,7,4,1,4,5.19047619,5.5,3.909090909,3.95,4.894736842
揪,5.047619048,5.35,4.227272727,3.8,5.368421053,0.740543502,12,3,6,NA,5.047619048,5.35,4.181818182,3.8,5.368421053
悍,5.523809524,5.15,3.545454545,3.35,4.631578947,0.933181314,10,3,2,NA,5.523809524,5.15,3.454545455,3.35,4.631578947
偈,6.15,4.9,1.666666667,1.85,3.210526316,0.971983398,11,4,0,3,5.904761905,4.9,1.956521739,1.85,3.210526316
栢,4.65,5.35,2.772727273,2.3,6.263157895,1.406224656,10,0,5,NA,4.5,5.35,2.590909091,2.3,6.263157895
綺,5,5.7,2.142857143,1.8947,3.684210526,1.27670954,14,3,2,5,5,5.7,2.363636364,2.15,3.684210526
幗,5.952380952,4.6,3.454545455,3.45,4.894736842,0.742646627,14,1,2,NA,5.952380952,4.6,3.181818182,3.45,4.894736842
餅,2.523809524,6.842105263,5.318181818,6.2632,6.222222222,1.809773212,14,9,0,4,2.523809524,6.7,4.956521739,6.1,6
飪,4.714285714,5.5,3.772727273,3.7,6.263157895,0.740543502,12,4,2,NA,4.714285714,5.5,3.954545455,3.7,6.263157895
搵,4.047619048,6.789473684,4.090909091,4.2,5.473684211,2.037868343,12,0,1,NA,4.047619048,6.65,3.954545455,4.2,5.473684211
吶,5.142857143,5.6,3.136363636,2.45,5.421052632,0.677096284,7,2,2,2,5.142857143,5.6,3.318181818,2.45,5.421052632
煥,4.904761905,5.05,3.181818182,2.3,4.842105263,1.129106818,13,3,6,4,4.904761905,5.05,3.272727273,2.3,4.842105263
嚐,4.6,6.35,4.227272727,4.9,6.473684211,0.967005757,17,2,2,1,4.714285714,6.35,4.136363636,4.9,6.473684211
梗,5.7,5.2,2.363636364,2.3,4.315789474,1.39887912,11,9,4,6,5.409090909,5.2,2.272727273,2.3,4.315789474
蠟,4.1,6.35,5.272727273,5.6,2.222222222,1.111521644,21,7,3,4,3.952380952,6.35,5.181818182,5.6,2.473684211
肺,4.19047619,6.777777778,6.476190476,6.3158,6.210526316,1.589240688,8,3,3,3,4.19047619,6.5,6.181818182,6.15,6.210526316
舵,5.380952381,5.35,4.363636364,4.1,6.666666667,0.782702139,11,2,7,NA,5.363636364,5.35,4.5,4.1,6.526315789
嗚,3.761904762,6.1,4,3.1,5.736842105,1.031981328,13,4,4,NA,3.761904762,6.1,3.909090909,3.1,5.736842105
謹,4.952380952,6.2,1.714285714,2.55,5.555555556,1.535579409,18,6,4,2,4.952380952,6.2,2.045454545,2.55,5.315789474
疇,5.619047619,5.05,1.409090909,2.05,4.052631579,1.228079992,19,2,7,NA,5.619047619,5.05,1.454545455,2.05,4.052631579
啱,4.285714286,6.45,3.409090909,2.3,4.473684211,1.688414829,11,0,0,NA,4.285714286,6.45,3.347826087,2.3,4.473684211
饋,5.571428571,5.55,1.85,2.45,NA,0.94387218,21,5,4,2,5.571428571,5.55,2.318181818,2.45,NA
棣,6.142857143,3.95,1.772727273,1.5263,4.421052632,0.239589639,12,4,5,NA,6.142857143,3.95,1.869565217,1.75,4.421052632
埗,4.7,6.210526316,3.045454545,2.45,5.315789474,1.533886252,10,8,6,1,4.523809524,5.95,3.130434783,2.45,5.315789474
挪,5.428571429,5.25,3.409090909,3.35,5.5,1.190104275,10,6,0,2,5.428571429,5.25,3.272727273,3.35,5.263157895
襪,3.19047619,6.263157895,5.681818182,6.0526,6.052631579,0.98177073,22,6,4,2,3.19047619,6.05,5.409090909,5.8,6.052631579
蹺,5.428571429,5.05,2.857142857,3.25,5.105263158,0.664722385,19,3,5,NA,5.409090909,5.05,2.958333333,3.25,5.105263158
錡,6.666666667,3.1,1.619047619,1.45,4.578947368,0.505857528,16,0,18,NA,6.590909091,3.1,1.791666667,1.45,4.578947368
脷,4.142857143,5.05,5.318181818,4.9,6.052631579,0.817611389,11,0,5,NA,4.142857143,5.05,5.181818182,4.9,6.052631579
靖,5.25,5.75,1.857142857,1.6316,2.789473684,1.269285521,13,4,3,NA,5.136363636,5.75,2.181818182,1.85,2.789473684
獵,4.35,6.578947368,5.409090909,4.75,5.947368421,1.442036037,18,12,0,5,4.19047619,6.4,5.409090909,4.75,5.947368421
骷,5.095238095,5.25,4.727272727,4.05,6.421052632,0.252751085,15,1,9,NA,5.095238095,5.25,4.636363636,4.05,6.421052632
髏,5.6,4.8,4.590909091,4.55,6.588235294,0.252751085,20,2,10,NA,5.380952381,4.8,4.727272727,4.55,6
啤,4.333333333,6.368421053,3.863636364,3.6,4.157894737,1.444127011,11,1,0,1,4.333333333,6.15,4.045454545,3.6,4.157894737
蝦,2.952380952,6.842105263,6.318181818,6.4737,4.894736842,1.607088915,15,5,1,2,2.952380952,6.7,6.136363636,6.2,4.894736842
駝,4.7,5.75,5.590909091,5.05,5.736842105,0.794032203,15,3,7,NA,4.80952381,5.75,5.590909091,5.05,5.736842105
嫻,5,5.1,2.727272727,1.6316,6.055555556,1.074059252,15,0,4,2,5,5.1,2.454545455,1.8,5.894736842
悟,4.523809524,6.1,4.090909091,2.75,5.105263158,1.230133398,10,5,1,4,4.523809524,6.1,4,2.75,5.105263158
晦,5.857142857,4.35,2.863636364,2.4,3.578947368,0.523586295,11,6,3,NA,5.857142857,4.35,2.909090909,2.4,3.578947368
鈕,4,6.1,4.863636364,4.95,4.473684211,0.92360593,12,0,4,3,4,6.1,4.681818182,4.95,4.473684211
鞠,5.333333333,5.05,2.428571429,3.15,3.421052632,0.976904635,17,7,6,1,5.333333333,5.05,2.727272727,3.15,3.421052632
躬,4.857142857,5.9,4.727272727,4.2,NA,0.890569271,10,4,10,5,4.857142857,5.9,4.909090909,4.2,NA
洳,7,1.7,1.142857143,1,2.789473684,-1.272293726,9,1,16,NA,6.952380952,1.7,1.227272727,1.1,2.789473684
啜,5.19047619,5.3,4.5,4.45,6.333333333,0.867585364,11,4,4,NA,5.19047619,5.3,4.545454545,4.45,6.157894737
弦,4.952380952,5.95,5.80952381,5.75,6.052631579,1.136793647,8,2,10,4,4.952380952,5.95,5.5,5.75,6.052631579
鐳,5.714285714,5.45,3.454545455,3.75,6.055555556,-0.427195683,21,0,5,NA,5.714285714,5.45,3.363636364,3.75,5.842105263
瑾,6,4.3,1.666666667,1.6316,5.052631579,0.530480003,15,2,4,1,6,4.3,1.909090909,1.8,5.052631579
縛,5.380952381,5.842105263,4.045454545,4.1,5,0.59986255,16,2,5,3,5.380952381,5.6,3.863636364,4.1,5
軀,4.45,6.35,4.772727273,4.55,6.526315789,0.826350003,18,4,6,3,4.571428571,6.35,4.590909091,4.55,6.526315789
諜,5.095238095,5.45,3,2.95,4.473684211,1.29414377,16,3,5,4,5.090909091,5.45,3.045454545,2.95,4.473684211
崎,5.523809524,5.631578947,3.954545455,2.8,5.473684211,1.268035752,11,3,1,3,5.523809524,5.4,3.772727273,2.8,5.473684211
摘,3.857142857,6.4,4.590909091,4.75,5.894736842,1.601317474,14,5,5,4,3.857142857,6.4,4.454545455,4.75,5.894736842
倖,5.380952381,5.5,2.727272727,2.3,3.894736842,0.999547884,10,4,3,5,5.380952381,5.5,2.739130435,2.3,3.894736842
黐,4.523809524,5.7,4.227272727,4.5,NA,1.105194661,22,3,5,NA,4.545454545,5.7,4.041666667,4.5,NA
圻,6.65,2.210526316,1.4,1.4211,4.368421053,-0.573323719,7,0,18,1,6.545454545,2.45,1.708333333,1.65,4.368421053
褸,4.476190476,5.5,3.954545455,5,5.947368421,1.206272773,16,1,2,2,4.476190476,5.5,3.954545455,5,5.947368421
暇,4.857142857,6,2.727272727,2.55,4.842105263,0.869156051,13,9,4,NA,4.857142857,6,2.454545455,2.55,4.842105263
棕,3.857142857,6.4,4.727272727,4.7,5.526315789,0.849922156,12,2,10,NA,3.857142857,6.4,4.590909091,4.7,5.526315789
爍,5.380952381,5.55,3.681818182,3.3,6.052631579,0.727706278,19,6,1,4,5.380952381,5.55,3.590909091,3.3,6.052631579
掂,5.047619048,6.736842105,3.818181818,3.4,4.894736842,1.393756016,11,5,0,NA,5,6.6,3.636363636,3.4,4.894736842
枕,3.095238095,6.3,5.727272727,5.75,4.578947368,1.003017632,8,9,1,NA,3.095238095,6.3,5.727272727,5.75,4.578947368
撩,4.85,6.15,3.772727273,3.15,5.473684211,0.716710893,15,4,0,6,4.666666667,6.15,3.681818182,3.15,5.473684211
娉,5.80952381,3.95,2.045454545,2,5.052631579,-0.494142472,10,0,2,NA,5.80952381,3.95,2.090909091,2,5.052631579
町,6.1,4.95,3.090909091,2.95,5.105263158,0.622575934,7,4,4,NA,5.954545455,4.95,3.272727273,2.95,5.105263158
弘,5.380952381,5.5,1.772727273,1.6316,3.473684211,1.341019439,5,4,2,7,5.380952381,5.5,1.863636364,1.9,3.473684211
呵,3.952380952,6.473684211,3.318181818,2.35,5.315789474,0.90811891,8,7,2,4,3.952380952,6.2,3.545454545,2.35,5.315789474
腩,4.380952381,6.578947368,4.454545455,4.75,6,1.206272773,13,1,0,NA,4.380952381,6.45,4.409090909,4.75,6
俍,6.95,2.55,1.1,1.2632,2.684210526,0.039460138,9,0,9,NA,6.857142857,2.55,1.318181818,1.5,2.684210526
儒,5.3,6,3.590909091,3.5,4.684210526,1.14184364,16,5,28,6,5.181818182,5.75,3.454545455,3.5,4.684210526
誣,5.666666667,5.25,3.318181818,2.65,5.315789474,0.636191296,14,8,8,7,5.666666667,5.25,3.260869565,2.65,5.315789474
衊,6.5,3.65,2.5,2.4,NA,0.376066288,21,2,2,NA,6.380952381,3.65,2.304347826,2.4,NA
緻,4.666666667,6.421052632,2.285714286,2.1053,3.631578947,1.337833891,15,3,10,3,4.666666667,6.15,2.5,2.35,3.631578947
櫥,5.142857143,5.85,4.727272727,4.45,5.368421053,0.585038774,19,3,2,1,5.142857143,5.85,4.772727273,4.45,5.368421053
鐲,4.80952381,5.75,4.318181818,5,6.157894737,0.451982147,21,3,6,2,4.818181818,5.75,4.136363636,5,6.157894737
嘛,3.80952381,5.9,1.19047619,1.3158,4.526315789,1.375089248,14,1,4,3,3.80952381,5.9,1.272727273,1.55,4.526315789
磁,4.285714286,6.3,4.772727273,4.8,4.894736842,1.113312551,14,9,16,2,4.285714286,6.3,4.681818182,4.8,4.894736842
漆,4.285714286,6.631578947,4.772727273,4.3,5.368421053,1.308631253,14,8,1,2,4.285714286,6.5,4.590909091,4.3,5.368421053
訌,5.85,5.2,2.333333333,2.15,5.210526316,0.795892139,10,2,6,NA,5.714285714,5.2,2.727272727,2.15,5.210526316
矯,5,6.368421053,3.772727273,2.9,2.277777778,0.892059133,17,7,1,8,5,6.15,3.590909091,2.9,2.473684211
匡,6.19047619,4.45,2,1.3333,2.166666667,0.906683225,6,6,3,6,6.19047619,4.45,2.130434783,1.6,2.421052632
鏗,5.4,5.2,2.454545455,2.2105,4.842105263,1.050958378,19,1,2,NA,5.19047619,5.2,2.363636364,2.45,4.842105263
蜢,4.666666667,5.6,3.636363636,4.4,6.555555556,0.712233591,14,1,3,NA,4.681818182,5.6,3.818181818,4.4,6.421052632
喇,4.80952381,5.3,3.272727273,1.95,4.631578947,1.68746295,12,2,1,1,4.80952381,5.3,3.227272727,1.95,4.631578947
髀,4.952380952,4.75,4.136363636,4.6,5.947368421,0.839976046,18,4,5,1,4.952380952,4.75,4.227272727,4.6,5.947368421
繙,6.7,3.25,1.19047619,1.4737,3.210526316,0.566555368,18,1,4,NA,6.523809524,3.25,1.318181818,1.7,3.210526316
瞄,4.238095238,6.3,4.636363636,4.4,6.444444444,0.844977573,14,1,2,1,4.238095238,6.3,4.454545455,4.4,6.157894737
瑄,6.35,3.45,1.523809524,1.3158,4.631578947,0.447865581,13,0,4,NA,6.19047619,3.45,1.818181818,1.55,4.631578947
趴,3.80952381,6.105263158,4.772727273,4.8,5.210526316,0.630796264,9,2,0,2,3.80952381,5.9,4.608695652,4.8,5.210526316
詡,6.285714286,3.8,1.35,1.9,4.631578947,0.39515923,13,5,3,NA,6.285714286,3.8,1.818181818,1.9,4.631578947
濺,4.8,6.473684211,4.818181818,4.5,6.222222222,0.821127963,18,3,4,NA,4.619047619,6.35,4.818181818,4.5,6
沖,3,6.684210526,5.090909091,4.1,5.684210526,1.779630194,7,18,13,6,3,6.4,5,4.1,5.684210526
驄,6.095238095,2.9,1.285714286,1.35,3.210526316,0.017740889,21,2,13,NA,6.095238095,2.9,1.47826087,1.35,3.210526316
眨,3.666666667,6.526315789,4.636363636,4.6,6.263157895,0.540619634,10,2,3,NA,3.666666667,6.4,4.545454545,4.6,6.263157895
媾,5.952380952,5.15,1.954545455,2.6,5.722222222,0.350955568,13,4,9,3,5.952380952,5.15,2,2.6,5.473684211
檸,3.238095238,6.35,5.090909091,4.65,5,1.161476111,18,1,4,NA,3.238095238,6.35,5.045454545,4.65,5
檬,4.15,6.578947368,4.727272727,3.75,5.105263158,1.064166012,18,1,0,NA,4,6.45,4.454545455,3.75,5.105263158
睬,4.047619048,6.368421053,4.136363636,3.65,5.944444444,0.566555368,13,4,4,1,4.047619048,6.2,3.954545455,3.65,5.684210526
嬸,3.476190476,6.473684211,4.5,5.45,6.833333333,0.799588285,18,3,3,NA,3.476190476,6.35,4.363636364,5.45,6.736842105
祉,5.80952381,4.3,1.380952381,1.6,4.052631579,0.659672392,8,2,18,2,5.80952381,4.3,1.727272727,1.6,4.052631579
蝴,3.19047619,6.736842105,4.818181818,4.1,6.368421053,0.990157367,15,1,11,1,3.19047619,6.6,4.909090909,4.1,6.368421053
蝶,3.142857143,6.65,5.727272727,5.95,6.444444444,1.181024617,15,6,5,1,3.142857143,6.65,5.545454545,5.95,6.210526316
呱,3.142857143,5.65,3.454545455,2.8,5.5,0.361174733,8,2,1,2,3.142857143,5.65,3.681818182,2.8,5.263157895
睩,6.6,3.5,1.714285714,1.4211,4.789473684,0.125646286,13,1,10,NA,6.428571429,3.5,1.909090909,1.55,4.789473684
扑,4.380952381,5.85,5.136363636,4.55,5.944444444,0.870721078,5,3,4,NA,4.380952381,5.85,5.090909091,4.55,5.736842105
帷,6.142857143,4.15,3.045454545,3.25,5.631578947,0.039460138,11,5,9,NA,6.142857143,4.15,2.954545455,3.25,5.631578947
棧,4.952380952,6.1,4,4.2,5.368421053,0.55378108,12,5,2,4,4.952380952,6.1,3.954545455,4.2,5.368421053
妒,4.666666667,6.263157895,3.545454545,2.9,5.210526316,0.853187543,7,3,2,2,4.636363636,6.05,3.681818182,2.9,5.210526316
嫲,2.238095238,6.5,5,5,6.666666667,0.963234724,14,0,4,NA,2.238095238,6.5,4.954545455,5,6.473684211
啖,4.571428571,5.85,3.590909091,3.2,5.894736842,1.132539994,11,4,3,NA,4.545454545,5.85,3.545454545,3.2,5.894736842
鈦,6.7,4.3,3.5,3.05,5.894736842,0.435276454,12,1,6,NA,6.590909091,4.3,3.272727273,3.05,5.894736842
烘,4.619047619,6,4.909090909,4.6,6.210526316,0.753012143,10,4,2,4,4.619047619,6,4.818181818,4.6,6.210526316
妤,6.65,4.95,1.6,1.2632,4.631578947,0.721142508,7,1,28,NA,6.380952381,4.95,2.136363636,1.55,4.631578947
艦,5.333333333,5.65,5.590909091,5.45,6.722222222,1.761531971,20,4,3,2,5.333333333,5.65,5.454545455,5.45,6.631578947
糙,4.75,5.894736842,4.136363636,3.85,6.166666667,0.630796264,17,2,8,3,4.571428571,5.65,3.954545455,3.85,5.947368421
艋,6.25,3.8,2.772727273,2.8,6.315789474,-0.795172469,14,2,3,NA,6.095238095,3.8,2.818181818,2.8,6.315789474
舺,6.333333333,4,4.227272727,4,6.421052632,-0.728225677,11,1,5,NA,6.333333333,4,4.136363636,4,6.421052632
滌,6.095238095,4.9,3.227272727,2.95,5.333333333,0.61700798,14,4,8,3,6.136363636,4.9,3.136363636,2.95,5.105263158
咦,3.285714286,6.421052632,2.318181818,1.3684,4.736842105,0.324303373,9,0,16,2,3.272727273,6.15,2.318181818,1.5,4.736842105
債,4.55,6.45,3.772727273,3.8,3.421052632,2.025247945,13,4,1,NA,4.666666667,6.45,3.636363636,3.8,3.421052632
椰,3.6,6.631578947,5.454545455,5.05,5.631578947,1.004168082,13,2,3,1,3.714285714,6.5,5.227272727,5.05,5.631578947
糯,4.238095238,6.526315789,5.090909091,4.95,6.210526316,0.814066108,20,1,1,NA,4.238095238,6.4,5.181818182,4.95,6.210526316
僻,4.857142857,5.85,3.954545455,3,3.315789474,0.7769243,15,4,4,5,4.857142857,5.85,3.863636364,3,3.315789474
枯,4.047619048,6.833333333,5.090909091,4.35,6.157894737,0.926363364,9,5,9,7,4.047619048,6.55,5.090909091,4.35,6.157894737
燥,4.25,6.526315789,4.272727273,4.45,5.944444444,0.930466965,17,2,8,5,4.380952381,6.35,4.136363636,4.45,5.789473684
紉,5.428571429,4.7,3.409090909,3.5,5.263157895,0.006459879,9,5,6,NA,5.428571429,4.7,3.590909091,3.5,5.263157895
凋,4.904761905,5.55,4.272727273,3.95,3.526315789,0.408947515,10,5,7,2,4.904761905,5.55,4.181818182,3.95,3.526315789
誦,4.1,6.368421053,3.227272727,3.65,6.166666667,0.887574125,14,3,4,5,4.238095238,6.25,3.181818182,3.65,6
儂,6.45,4.8,1.80952381,1.5263,3.842105263,0.430997656,15,6,3,3,6.285714286,4.8,1.863636364,1.65,3.842105263
悄,4.19047619,6.631578947,3.136363636,3.2,4.210526316,1.082774484,10,4,3,3,4.19047619,6.5,3.045454545,3.2,4.210526316
啃,5.25,5.5,4.454545455,4.25,6.210526316,0.572804317,11,1,1,2,5.047619048,5.5,4.227272727,4.25,6.210526316
鑲,5.761904762,5.3,4.636363636,4,6.111111111,0.941224035,25,6,10,NA,5.761904762,5.3,4.454545455,4,5.894736842
幀,6.238095238,4.45,1.904761905,2.1579,4.105263158,0.295908002,12,2,6,NA,6.238095238,4.45,2.090909091,2.4,4.105263158
偎,5.523809524,5.65,2.590909091,2.95,4.842105263,0.197528293,11,2,1,NA,5.523809524,5.65,2.727272727,2.95,4.842105263
絞,5.238095238,5.8,3.590909091,3.55,4.736842105,0.56021519,12,6,6,7,5.238095238,5.8,3.454545455,3.55,4.736842105
珀,5.380952381,5,3.909090909,3.55,6.105263158,1.059133574,9,1,5,NA,5.380952381,5,3.826086957,3.55,6.105263158
熾,5.80952381,4.95,3.318181818,2.95,6,0.861245186,16,3,7,4,5.80952381,4.95,3.181818182,2.95,6
鎗,5.857142857,4.05,2.772727273,3.4,5.315789474,0.301737545,18,0,7,4,5.857142857,4.05,2.590909091,3.4,5.315789474
澎,5.523809524,5.7,3.454545455,3.25,4.157894737,1.130826799,15,3,5,3,5.523809524,5.7,3.545454545,3.25,4.157894737
橘,5.35,5.8,5.5,5.9474,5.105263158,0.422311476,16,6,1,2,5.142857143,5.8,5.318181818,5.75,5.105263158
鑑,5.142857143,5.95,3.636363636,4.45,5.157894737,1.559256129,22,6,3,6,5.142857143,5.95,3.772727273,4.45,5.157894737
肋,5.333333333,5.55,4.636363636,5.3,5.894736842,0.7788588,6,5,1,NA,5.333333333,5.55,4.590909091,5.3,5.894736842
鉦,7,2.210526316,1.590909091,1.65,3.736842105,0.252751085,13,3,6,2,6.714285714,2.45,1.590909091,1.65,3.736842105
贍,5.619047619,5,2.272727273,2.3684,5.105263158,0.509461652,20,9,0,3,5.619047619,5,2.272727273,2.6,5.105263158
纓,6.047619048,4.15,2.590909091,2.15,3.631578947,0.134246458,23,5,8,NA,6.047619048,4.15,2.545454545,2.15,3.631578947
矜,5.428571429,5.4,2.545454545,2.55,NA,0.659672392,9,7,5,NA,5.409090909,5.4,2.454545455,2.55,NA
滴,3.571428571,6.6,4.5,4.3,6.263157895,1.537602524,14,5,8,3,3.571428571,6.6,4.590909091,4.3,6.263157895
拮,6.15,4.1,2.727272727,2.55,4.526315789,0.435276454,9,2,2,NA,5.904761905,4.1,2.818181818,2.55,4.526315789
謠,4.714285714,6.263157895,3.181818182,2.85,6.210526316,1.317655879,17,6,8,4,4.714285714,6,2.956521739,2.85,6.210526316
愕,5.65,5.1,4.363636364,3.35,6,0.854811076,12,3,9,NA,5.428571429,5.1,4.086956522,3.35,5.789473684
睫,4.523809524,6.052631579,4.727272727,5.1,6.444444444,0.64678437,13,2,5,NA,4.5,5.85,4.75,5.1,6.315789474
跡,4.285714286,6.789473684,4.045454545,3.7,6.055555556,1.039460138,13,8,12,NA,4.285714286,6.65,3.913043478,3.7,5.894736842
騮,4.523809524,5.35,3.136363636,3.65,4.210526316,0.55701005,20,1,0,NA,4.523809524,5.35,3.136363636,3.65,4.210526316
呻,5.4,6.05,3.590909091,3.45,6.055555556,0.993702648,8,1,11,NA,5.19047619,6.05,3.818181818,3.45,5.894736842
拎,4.095238095,6.368421053,4.090909091,4.15,6.388888889,1.311471646,8,0,0,NA,4.095238095,6.1,3.818181818,4.15,6.210526316
詫,5.142857143,5.736842105,3.227272727,2.75,3.947368421,0.289999142,13,2,2,NA,5.142857143,5.5,3.272727273,2.75,3.947368421
淳,5.761904762,5.6,1.952380952,2.2632,3.526315789,0.797744144,11,2,6,NA,5.761904762,5.6,2.217391304,2.5,3.526315789
棵,3.789473684,6.263157895,4.545454545,4.3,6.210526316,1.246877741,12,0,0,2,3.523809524,6.05,4.590909091,4.3,6.210526316
幟,5.571428571,5.526315789,3.818181818,4.7,5.157894737,1.055065212,15,5,7,2,5.571428571,5.3,3.782608696,4.7,5.157894737
銹,4.714285714,5.8,4.818181818,5.3158,6.555555556,0.591029138,15,0,8,NA,4.714285714,5.8,4.727272727,5.1,6.368421053
瓏,5.95,5,2.363636364,2.4,5.210526316,0.664722385,21,3,8,3,5.714285714,5,2.5,2.4,5.210526316
楣,5.3,5.6,2.095238095,2.95,4.368421053,0.611367713,13,0,7,3,5.095238095,5.6,2.363636364,2.95,4.368421053
昕,5.9,3.75,1.333333333,1.6316,3.947368421,0.95687598,8,0,8,NA,5.666666667,3.75,1.454545455,1.8,3.947368421
澡,2.904761905,6.894736842,5.090909091,4.1,6.611111111,0.927735544,16,4,8,3,2.904761905,6.75,5.045454545,4.1,6.473684211
侏,5.571428571,5.25,3.454545455,1.9474,4.473684211,0.371158954,8,2,9,NA,5.590909091,5.25,3.318181818,2.2,4.473684211
仰,4.714285714,6.368421053,4.5,4.5,4.105263158,1.395625963,6,10,3,NA,4.714285714,6.1,4.409090909,4.5,4.105263158
綴,5.380952381,5.35,3.681818182,2.55,3.842105263,0.994878006,14,7,1,NA,5.318181818,5.35,3.545454545,2.55,3.842105263
婭,6.380952381,3.4,2.5,1.3158,4.684210526,0.64152013,11,2,4,4,6.409090909,3.4,2.454545455,1.5,4.684210526
鱔,5.35,5.15,4.590909091,4.95,6.578947368,0.226016831,23,3,0,NA,5.142857143,5.15,4.863636364,4.95,6.578947368
浚,5.428571429,3.5,1.454545455,1.5789,3.473684211,0.821127963,10,0,9,4,5.428571429,3.5,1.454545455,1.75,3.473684211
祐,4.75,5.2,2.5,2.25,4.473684211,0.677096284,10,3,4,1,4.571428571,5.2,2.681818182,2.25,4.473684211
儉,4.8,5.473684211,3,2.3684,3.368421053,1.211293574,15,2,0,5,4.590909091,5.25,2.791666667,2.6,3.368421053
朦,4.333333333,6.105263158,4.5,3.2,4.263157895,0.204827532,18,2,5,4,4.333333333,5.9,4.5,3.2,4.263157895
朧,5.333333333,5.25,3.954545455,3,4.052631579,0.125646286,21,2,8,3,5.333333333,5.25,4.090909091,3,4.052631579
跆,4.238095238,6.05,3.590909091,2.95,6.111111111,0.385717674,12,3,4,NA,4.238095238,6.05,3.681818182,2.95,5.947368421
呷,5.55,4.25,2.909090909,2.65,5.944444444,0.924986836,8,0,1,2,5.333333333,4.25,2.826086957,2.65,5.684210526
醋,4.380952381,6.4,5.227272727,6.1579,4.842105263,1.223250615,15,1,8,5,4.363636364,6.4,5.208333333,5.95,4.842105263
恃,5.380952381,5.65,1.904761905,2.25,4.263157895,0.819373235,9,3,1,2,5.380952381,5.65,2.227272727,2.25,4.263157895
叱,5.571428571,5.45,2.772727273,1.6111,4.631578947,0.651985564,5,4,2,NA,5.571428571,5.45,2.52173913,2.15,4.631578947
咤,5.6,5.2,2.590909091,1.6842,4.736842105,0.591029138,9,0,6,NA,5.380952381,5.2,2.681818182,1.95,4.736842105
啄,4.5,6.473684211,5.227272727,4.95,6.105263158,0.329766269,11,5,2,5,4.333333333,6.3,5.181818182,4.95,6.105263158
抹,3.523809524,6.5,5.090909091,5.1579,6.157894737,1.572804317,8,3,0,6,3.523809524,6.5,4.826086957,4.95,6.157894737
蝙,4.35,5.95,4.363636364,4.4,6,0.870721078,15,1,4,NA,4.272727273,5.95,4.590909091,4.4,6
蝠,4,6.368421053,4.818181818,4.6,5.789473684,0.900892546,15,1,5,4,4.142857143,6.2,4.681818182,4.6,5.789473684
俑,5.45,5.8,3.409090909,3.75,5.777777778,0.447865581,9,2,8,1,5.333333333,5.8,3.318181818,3.75,5.526315789
礁,5.476190476,5.85,4.272727273,4.4,6.105263158,1.042626333,17,5,4,3,5.476190476,5.85,4.043478261,4.4,6.105263158
絆,4.952380952,6.315789474,3.863636364,3.75,4,0.644160226,11,4,4,1,4.952380952,6.15,3.727272727,3.75,4
綽,5,5.75,1.80952381,1.6316,2.789473684,1.181788548,14,4,7,1,4.80952381,5.75,2.090909091,1.9,2.789473684
臃,5.238095238,4.85,4.181818182,2.8,4.894736842,-0.06817374,17,1,8,1,5.238095238,4.85,4.045454545,2.8,4.894736842
樁,5.666666667,5.15,4.909090909,4,6,0.856428562,15,2,7,4,5.666666667,5.15,4.772727273,4,6
琮,5.904761905,3.95,1.55,2.4,4.789473684,-1.096202462,11,2,5,2,5.904761905,3.95,1.727272727,2.4,4.789473684
煒,6.05,4.35,1.2,1.45,4.210526316,0.924986836,13,0,7,1,5.904761905,4.35,1.545454545,1.45,4.210526316
殭,5.333333333,5.5,5,4.6,5.105263158,1.03839959,17,1,5,1,5.333333333,5.5,5.227272727,4.6,5.105263158
污,3.285714286,6.684210526,4.727272727,4.4,5,1.978979391,6,3,4,1,3.363636364,6.5,4.545454545,4.4,5
瑯,6.19047619,4.85,2.590909091,2.3,4.842105263,0.318770885,13,1,6,1,6.19047619,4.85,2.409090909,2.3,4.842105263
蜘,4,6.631578947,5.181818182,4.5,6.666666667,0.969501709,14,2,17,1,4.142857143,6.5,5.272727273,4.5,6.526315789
蛛,3.85,6.15,5.181818182,5.05,6.684210526,1.035202315,12,3,9,2,3.952380952,6.15,5.045454545,5.05,6.684210526
琤,6.894736842,2.15,1.05,1.25,4.105263158,0.070128958,12,0,12,3,6.714285714,2.15,1.272727273,1.25,4.105263158
崛,5.619047619,5.65,3.636363636,2.85,5.421052632,1.058120051,12,2,2,3,5.590909091,5.65,3.454545455,2.85,5.421052632
摧,4.952380952,6.35,4.090909091,2.75,5.210526316,1.097849125,14,4,6,6,4.952380952,6.35,4.090909091,2.75,5.210526316
搪,5.80952381,4.25,1.75,1.5789,3.947368421,0.324303373,13,5,9,5,5.80952381,4.25,2,1.85,3.947368421
抒,4.571428571,6.4,2.909090909,2.3,4.263157895,0.664722385,7,4,5,3,4.571428571,6.4,3,2.3,4.263157895
喔,3.333333333,6.421052632,1.619047619,1.3158,5.473684211,0.239589639,12,0,1,2,3.318181818,6.2,1.863636364,1.45,5.473684211
繪,3.619047619,6.2,5.090909091,4.8,3.526315789,1.504407461,19,3,4,4,3.619047619,6.2,4.913043478,4.8,3.526315789
泯,5.8,4.15,2,1.6316,3.789473684,0.399804135,8,4,6,1,5.545454545,4.15,2.083333333,1.9,3.789473684
淮,5.095238095,5.65,2.227272727,2.4,4.473684211,0.689127372,11,3,2,1,5,5.65,2.166666667,2.4,4.473684211
崢,6.380952381,4.85,1.9,1.7895,4.789473684,1.016625883,11,1,12,1,6.380952381,4.85,2.136363636,2.05,4.789473684
褥,5.142857143,5.3,4.909090909,5.2105,6.222222222,0.588044284,16,2,10,1,5.142857143,5.3,4.818181818,5,6
絨,5.15,6.210526316,4.363636364,4.65,5.157894737,0.848280209,12,4,13,3,4.952380952,6,4.181818182,4.65,5.157894737
緞,5.666666667,5.35,4.318181818,4.45,5.789473684,-0.029255674,15,0,2,1,5.666666667,5.35,4.136363636,4.45,5.789473684
趾,3.476190476,6.15,4.863636364,4.8,6.210526316,0.937221292,11,6,18,2,3.5,6.15,4.772727273,4.8,6.210526316
沛,5.095238095,5.65,2.428571429,2.2,3.631578947,1.280982324,7,3,4,1,5.095238095,5.65,2.727272727,2.2,3.631578947
駒,5.714285714,4.7,3.818181818,3.9,6.105263158,2.334356306,15,1,6,1,5.714285714,4.7,3.863636364,3.9,6.105263158
炫,5.1,5.4,3.5,3.2,5.263157895,1.055065212,9,6,17,3,4.904761905,5.4,3.636363636,3.2,5.263157895
咳,3.142857143,6.55,5.318181818,5.35,6.315789474,1.113312551,9,4,0,3,3.142857143,6.55,5.318181818,5.35,6.315789474
阪,5.142857143,5.842105263,2.318181818,1.8947,3.210526316,1.064166012,7,2,5,1,5.142857143,5.6,2.318181818,2.15,3.210526316
幌,6.380952381,4.1,2.818181818,2.9,4,0.505857528,13,2,8,3,6.380952381,4.1,2.909090909,2.9,4
埼,6.047619048,3.5,1.761904762,1.4211,3.315789474,-0.11092572,11,0,18,1,6.047619048,3.5,2,1.6,3.315789474
徬,5.047619048,5.8,2.772727273,2.65,3.315789474,0.596937997,13,1,6,1,5.047619048,5.8,2.863636364,2.65,3.315789474
徨,5,6.052631579,2.5,2.5,3.105263158,0.628073406,12,3,11,1,5,5.8,2.454545455,2.5,3.105263158
沐,4.047619048,6.833333333,4.090909091,3.15,6.315789474,0.69384801,7,1,5,4,4.047619048,6.55,4,3.15,6.315789474
禧,5.571428571,5.7,3.090909091,2.45,4,1.169401413,16,3,14,1,5.571428571,5.7,3.227272727,2.45,4
僕,4.952380952,6.05,4.181818182,4.1,5.842105263,0.897967993,14,4,3,1,4.952380952,6.05,4.090909091,4.1,5.842105263
韁,5.666666667,4.55,3.681818182,4.3,4.473684211,1.373619552,22,5,5,1,5.545454545,4.55,3.583333333,4.3,4.473684211
洶,4.952380952,6,3.181818182,3.3,5.888888889,0.988969146,9,1,5,3,4.952380952,5.8,3.227272727,3.3,5.684210526
踱,5.333333333,5.4,3.545454545,3.85,6.111111111,1.699445868,16,1,2,2,5.333333333,5.4,3.454545455,3.85,5.947368421
瀟,5.428571429,5.35,3.5,2.6,4.105263158,0.947814366,20,9,8,1,5.428571429,5.35,3.47826087,2.6,4.105263158
駿,5.25,5.55,2.954545455,2.4211,6,1.678800834,17,4,9,6,5.090909091,5.55,2.954545455,2.65,6
驥,6.523809524,3.8,2.272727273,1.8,4.842105263,0.700834131,26,5,2,1,6.523809524,3.8,2.363636364,1.8,4.842105263
征,4.55,6.157894737,3.181818182,3.65,4.368421053,1.506580749,8,6,11,3,4.380952381,5.9,3.318181818,3.65,4.368421053
胯,5.35,5,5.363636364,5.1579,6.157894737,1.022172504,10,1,0,1,5.142857143,5,5.090909091,4.95,6.157894737
咯,4.523809524,5.3,1.80952381,1.6316,4.736842105,0.883042315,9,4,5,3,4.523809524,5.3,2.136363636,1.9,4.736842105
猴,3.142857143,6.684210526,5.863636364,6.6316,5.833333333,1.336766827,12,5,2,3,3.142857143,6.55,5.739130435,6.45,5.631578947
惱,4.19047619,6.315789474,3.590909091,3,6.105263158,1.196053608,12,3,3,4,4.181818182,6.05,3.5,3,6.105263158
扳,5,5.2,3.590909091,3.05,5.421052632,1.180259341,7,1,1,6,4.954545455,5.2,3.5,3.05,5.421052632
飽,2.761904762,6.842105263,5.333333333,4.75,6.555555556,1.704743613,13,8,0,6,2.818181818,6.6,5.045454545,4.75,6.421052632
濰,6.761904762,2.7,1.142857143,1.1579,3.368421053,-0.294570117,17,0,9,1,6.761904762,2.7,1.304347826,1.25,3.368421053
掄,6.5,3.5,1.428571429,1.4737,4.157894737,0.738430143,11,2,14,1,6.333333333,3.5,1.636363636,1.75,4.157894737
諦,5.619047619,5.578947368,2.545454545,2.25,5.263157895,0.182551138,16,6,3,4,5.619047619,5.35,2.681818182,2.25,5.263157895
滇,6.45,4.15,1.619047619,1.6,3.315789474,0.822875629,13,3,2,1,6.333333333,4.15,1.826086957,1.6,3.315789474
漓,5.80952381,4.6,1.8,1.8947,4.421052632,0.569691082,13,2,11,3,5.80952381,4.6,2.272727273,2.1,4.421052632
弧,4.857142857,6.263157895,4.863636364,4.65,4.947368421,0.550527923,8,4,11,1,4.857142857,6.1,4.772727273,4.65,4.947368421
焰,4.35,6.3,5.636363636,5.05,6.789473684,0.543947577,12,5,5,4,4.19047619,6.3,5.636363636,5.05,6.789473684
餌,4.9,5.894736842,5.227272727,5.25,6.555555556,0.259185194,14,3,1,1,4.714285714,5.65,5.043478261,5.25,6.421052632
僥,5.1,5.75,2.409090909,1.7895,3.105263158,0.575895395,14,2,5,3,4.904761905,5.75,2.5,2,3.105263158
綢,5.19047619,5.55,3.136363636,4.2,5.736842105,0.822875629,14,4,7,3,5.181818182,5.55,3.090909091,4.2,5.736842105
烽,4.952380952,5.5,4.045454545,3.95,6.368421053,0.929103402,11,3,10,1,4.909090909,5.5,3.954545455,3.95,6.368421053
鍥,5.380952381,4.85,2,2.65,4.631578947,0.204827532,17,2,4,1,5.380952381,4.85,2.318181818,2.65,4.631578947
璐,5.952380952,4.3,1.571428571,1.35,4.315789474,0.451982147,17,0,5,1,5.952380952,4.3,1.818181818,1.35,4.315789474
嘞,5.761904762,3.9,1.142857143,1.2105,3.842105263,1.036270691,14,0,0,NA,5.761904762,3.9,1.227272727,1.45,3.842105263
襟,5.19047619,5.894736842,4.909090909,3.85,5.944444444,0.854811076,19,7,0,4,5.19047619,5.7,4.909090909,3.85,5.736842105
驃,6.380952381,3.65,2.090909091,2.2632,5.052631579,-0.230901037,21,3,7,1,6.380952381,3.65,2.136363636,2.5,5.052631579
併,4.714285714,6.421052632,2.909090909,3.2,3.473684211,1.722243382,8,5,0,1,4.681818182,6.2,2.818181818,3.2,3.473684211
驍,5.95,3.55,1.909090909,1.7895,4.052631579,0.68674767,22,4,5,1,5.727272727,3.55,2.041666667,2.05,4.052631579
喘,4.571428571,6.25,4.818181818,4.3,5.947368421,1.144346785,12,4,0,5,4.571428571,6.25,4.636363636,4.3,5.947368421
嗣,6,4.9,3.318181818,3.8,NA,0.681948787,13,7,7,3,6,4.9,3.363636364,3.8,NA
轅,5.904761905,5.05,1.80952381,2.95,5,0.61700798,17,3,17,1,5.904761905,5.05,2.136363636,2.95,5
焯,5.952380952,3.9,2.409090909,2.1,5.263157895,0.971983398,12,3,7,1,5.952380952,3.9,2.545454545,2.1,5.263157895
峻,5.523809524,4.95,3.5,3.05,5.684210526,1.134246458,10,5,9,6,5.454545455,4.95,3.208333333,3.05,5.684210526
洒,4.238095238,5.15,4.545454545,4.55,4.736842105,0.212006117,9,0,3,3,4.238095238,5.15,4.363636364,4.55,4.736842105
紡,4.571428571,5.85,3.818181818,4.15,5.368421053,0.774981145,10,4,8,3,4.590909091,5.85,3.727272727,4.15,5.368421053
膿,5.619047619,5.5,5.428571429,4.85,5,0.366195535,17,5,3,3,5.636363636,5.5,5.136363636,4.85,5
駟,6.2,3.95,2.409090909,2.1053,5.578947368,0.547250213,15,8,6,2,5.909090909,3.95,2.541666667,2.35,5.578947368
懈,5.285714286,5.7,3.318181818,2,4.947368421,0.916634761,16,7,2,2,5.285714286,5.7,3.090909091,2.15,4.947368421
煇,5.80952381,4.75,2.363636364,2.3,5.631578947,0.259185194,13,0,5,1,5.80952381,4.75,2.590909091,2.3,5.631578947
愜,6.142857143,4.45,3.090909091,2.25,4.842105263,0.116872362,12,4,5,1,6.142857143,4.45,2.909090909,2.25,4.842105263
腺,5.80952381,5.1,3.636363636,3.55,5.789473684,1.187098765,13,2,6,1,5.80952381,5.1,3.782608696,3.55,5.789473684
胭,5.047619048,6.1,4.590909091,3.95,4.210526316,0.271774322,10,1,6,NA,5.047619048,6.1,4.434782609,3.95,4.210526316
瑣,4.95,5.85,3,3,4.052631579,0.765132775,14,5,2,1,4.761904762,5.85,2.869565217,3,4.052631579
怯,5.380952381,6.315789474,4.090909091,2.85,5.684210526,0.736306449,8,3,5,1,5.380952381,6.15,4.090909091,2.85,5.684210526
蹉,5.19047619,5.75,2.909090909,2.9,5.157894737,0.039460138,17,2,4,1,5.181818182,5.75,2.909090909,2.9,5.157894737
跎,5.380952381,4.8,2.15,1.8421,4.421052632,0.028736273,12,2,7,1,5.318181818,4.8,2.590909091,2.05,4.421052632
鏘,5.142857143,5,2.636363636,2,5.105263158,0.773029256,19,2,7,1,5.142857143,5,2.608695652,2.2,5.105263158
詭,5.333333333,5.75,3.090909091,2.3158,4.157894737,0.94387218,13,8,2,5,5.333333333,5.75,3.181818182,2.55,4.157894737
垢,5.285714286,5.4,4.363636364,4.15,5.105263158,0.335161301,9,1,9,2,5.285714286,5.4,4.136363636,4.15,5.105263158
渝,5.80952381,5.1,1.666666667,2,3.368421053,0.588044284,12,1,28,4,5.80952381,5.1,1.954545455,2.2,3.368421053
縷,5.238095238,5.55,3.636363636,2.65,4.894736842,0.596937997,16,6,9,2,5.238095238,5.55,3.772727273,2.65,4.894736842
隕,5.285714286,5.55,3.818181818,3.65,2.421052632,-0.041844801,13,7,4,3,5.285714286,5.55,3.772727273,3.65,2.421052632
畝,5.619047619,4.1,3.954545455,3.85,NA,0.563396849,10,2,1,1,5.619047619,4.1,4.045454545,3.85,NA
吩,4.19047619,6.421052632,2.863636364,2.0526,5.944444444,0.46410278,7,1,13,1,4.272727273,6.25,2.909090909,2.25,5.684210526
咐,4.19047619,6.25,3,3.15,5.631578947,0.636191296,8,3,5,3,4.19047619,6.25,3,3.15,5.631578947
嗱,4.523809524,4.15,1.619047619,1.2632,4.578947368,0.817611389,13,0,1,NA,4.523809524,4.15,1.818181818,1.55,4.578947368
嚼,4.952380952,5.85,4.909090909,4.9,6.526315789,0.664722385,20,6,5,1,4.952380952,5.85,4.727272727,4.9,6.526315789
饑,5.095238095,5.947368421,4.636363636,3.65,6.526315789,0.540619634,20,7,13,2,5.095238095,5.7,4.590909091,3.65,6.526315789
瑙,5.666666667,5.55,3.909090909,2.75,5.947368421,0.422311476,13,1,3,1,5.666666667,5.55,3.863636364,2.75,5.947368421
珈,5.380952381,5.736842105,1.55,1.5263,4.421052632,0.588044284,9,2,5,2,5.380952381,5.5,2.045454545,1.75,4.421052632
嚨,4.047619048,6.210526316,4,4.2,6.210526316,0.84164963,20,1,8,3,4.047619048,6,4.045454545,4.2,6.210526316
繆,5.857142857,5.35,2.590909091,1.7368,3.578947368,0.588044284,17,7,2,1,5.857142857,5.35,2.608695652,2,3.578947368
侈,5.19047619,6.105263158,2.909090909,1.9474,3.105263158,0.969501709,8,2,7,6,5.19047619,5.85,2.909090909,2.15,3.105263158
餸,4,6.55,5.136363636,5.6316,6.263157895,1.090377207,18,0,2,NA,4,6.55,5.136363636,5.4,6.263157895
臍,4.75,5.95,4.863636364,5.1,5.789473684,0.578964626,18,2,16,1,4.571428571,5.95,4.772727273,5.1,5.789473684
咭,3.80952381,5.75,3.318181818,4.85,3.631578947,-0.11092572,9,1,1,1,3.80952381,5.75,3.227272727,4.85,3.631578947
帳,4.4,6.368421053,4.909090909,4.95,4.526315789,1.863474792,11,5,7,1,4.545454545,6.2,4.772727273,4.95,4.526315789
喃,5.142857143,5.8,2.681818182,2.85,5.944444444,0.543947577,12,2,4,1,5.142857143,5.8,2.590909091,2.85,5.684210526
儆,6.238095238,3.9,2.045454545,2.45,3.315789474,0.550527923,15,5,6,1,6.238095238,3.9,2.136363636,2.45,3.315789474
狐,3.4,6.631578947,5.954545455,6.2632,6,1.146007569,8,7,11,3,3.454545455,6.5,5.772727273,6,6
狸,3.65,6.421052632,4.590909091,4.65,5.777777778,0.633502158,10,2,11,1,3.772727273,6.25,4.772727273,4.65,5.526315789
凜,5.7,5.15,3.590909091,1.8421,3.421052632,0.335161301,15,4,0,3,5.571428571,5.15,3.391304348,2.05,3.421052632
絀,5.619047619,5.4,2.681818182,2.2,2.842105263,0.471999261,12,2,4,1,5.636363636,5.4,2.545454545,2.2,2.842105263
咧,5.952380952,4.95,2.727272727,1.4737,5,0.821127963,9,5,4,3,5.952380952,4.95,2.47826087,1.7,5
彷,4.619047619,6,2.545454545,1.6316,3.368421053,1.155841071,7,3,8,2,4.619047619,6,2.772727273,1.85,3.368421053
彿,4.571428571,6.1,3.181818182,1.7222,3.421052632,1.137639401,8,1,7,2,4.571428571,6.1,3.136363636,2.25,3.421052632
恬,5.952380952,5.25,2.285714286,1.5789,4.263157895,0.329766269,9,5,1,4,5.952380952,5.25,2.347826087,1.8,4.263157895
燄,6,4.15,4.090909091,4,6.526315789,0.593993617,16,2,5,1,5.857142857,4.15,4.043478261,4,6.526315789
伶,5.238095238,5.55,2.095238095,2.05,4.684210526,0.98177073,7,4,16,4,5.238095238,5.55,2.409090909,2.05,4.684210526
砰,4.761904762,6.05,3.681818182,3.2,5.052631579,0.413448016,10,3,2,1,4.761904762,6.05,3.565217391,3.2,5.052631579
撬,5.523809524,5,4.681818182,4.95,6,1.24025727,15,3,1,1,5.523809524,5,4.47826087,4.95,6
砸,4.904761905,5.35,4.954545455,4.55,6.166666667,1.185588174,10,8,1,1,4.904761905,5.35,4.772727273,4.55,5.947368421
悚,4.857142857,5.4,3.727272727,2.55,6,0.174864309,10,2,2,1,4.857142857,5.4,3.909090909,2.55,5.789473684
洱,5.4,5.35,2.727272727,2.3,4.157894737,0.794032203,9,2,8,1,5.19047619,5.35,2.772727273,2.3,4.157894737
唸,4.285714286,6.473684211,3.363636364,3.75,6.157894737,1.123032671,11,4,1,1,4.285714286,6.35,3.272727273,3.75,6.157894737
餡,4.666666667,5.95,5.090909091,5.3684,6.263157895,0.767120397,17,2,2,2,4.666666667,5.95,5.045454545,5.15,6.263157895
稠,5.142857143,5.3,3.772727273,3.85,2.789473684,0.439513507,13,3,7,2,5.142857143,5.3,3.545454545,3.85,2.789473684
搓,4.6,6.263157895,4.318181818,4.75,6.315789474,0.700834131,13,3,4,2,4.428571429,6.05,4.363636364,4.75,6.315789474
溯,6.25,4.8,2.954545455,1.7895,3.210526316,0.82461629,13,3,6,1,6.142857143,4.8,2.727272727,2,3.210526316
啼,4.523809524,5.45,3.727272727,3.95,6,0.64152013,12,4,5,3,4.545454545,5.45,3.818181818,3.95,5.736842105
淒,5.3,6.526315789,2.909090909,3.1,3.631578947,0.679529313,11,8,4,NA,5.095238095,6.4,2.954545455,3.1,3.631578947
孺,5.80952381,5.315789474,2.909090909,2.9,5.368421053,0.301737545,17,6,28,1,5.80952381,5.1,2.909090909,2.9,5.368421053
矇,4.9,5.35,3.909090909,3.75,6.111111111,0.366195535,19,3,5,1,4.714285714,5.35,4.045454545,3.75,5.947368421
睦,4.857142857,6.263157895,2.545454545,1.9474,3,0.356095208,13,3,5,3,4.857142857,6.05,2.772727273,2.1,3
吱,3.095238095,6.15,3.818181818,3.8,5.473684211,0.271774322,7,1,17,1,3.095238095,6.15,3.47826087,3.8,5.473684211
弛,5.35,5.684210526,3.454545455,2.95,3.842105263,0.64152013,6,4,16,6,5.142857143,5.5,3.272727273,2.95,3.842105263
哎,3.761904762,6.4,2.909090909,1.5789,5.526315789,0.55378108,9,2,2,2,3.761904762,6.4,2.869565217,1.8,5.526315789
鑊,5,6,5.318181818,5.5789,5.789473684,1.337833891,22,2,2,2,4.80952381,6,5.045454545,5.35,5.789473684
踞,6.05,4.65,2,2.3684,4.526315789,0.69384801,15,3,3,3,5.904761905,4.65,2.272727273,2.55,4.526315789
蛀,3.476190476,6.473684211,4.727272727,4.85,6.166666667,0.345754374,11,3,6,3,3.476190476,6.35,4.608695652,4.85,6
鋸,5.3,6,5.409090909,5.15,5.888888889,1.007601257,16,3,3,1,5.095238095,6,5.260869565,5.15,5.631578947
狩,5.428571429,5.65,4.409090909,4.35,5.789473684,0.471999261,9,4,8,1,5.428571429,5.65,4.347826087,4.35,5.789473684
獷,5.571428571,4.65,2.428571429,3.2,4.315789474,0.125646286,18,2,1,2,5.571428571,4.65,2.727272727,3.2,4.315789474
嘶,5.523809524,5.35,3.909090909,2.7,5.157894737,0.345754374,15,3,3,4,5.523809524,5.35,3.636363636,2.7,5.157894737
詛,4.85,5.85,3.272727273,3.4,5.611111111,0.426676282,12,4,3,1,4.727272727,5.85,3,3.4,5.368421053
馴,5.142857143,5.55,4.272727273,3.45,6.210526316,0.684354857,13,6,6,1,5.142857143,5.55,4.227272727,3.45,6.210526316
嬉,4.35,6.05,3.772727273,3.4,3.736842105,0.812282555,15,5,14,2,4.19047619,6.05,3.636363636,3.4,3.736842105
瀑,4.35,6.4,5.045454545,5.3,6.666666667,0.721142508,18,2,3,2,4.19047619,6.4,5.090909091,5.3,6.526315789
謾,6.35,4.45,1.80952381,1.8421,5.368421053,0.537265992,18,8,7,1,6.238095238,4.45,1.782608696,2.05,5.368421053
吖,4.333333333,5.6,1.380952381,1.3158,4.736842105,1.159873547,6,0,2,NA,4.333333333,5.6,1.636363636,1.55,4.736842105
佗,5.2,4.5,2.363636364,1.6842,3.947368421,0.350955568,7,1,7,2,5,4.5,2.409090909,1.9,3.947368421
殉,5.476190476,5.9,3.954545455,4.35,6.055555556,0.761130033,10,8,5,3,5.476190476,5.9,4.045454545,4.35,5.842105263
哇,3.523809524,6,3.5,2.9,5.631578947,0.732027651,9,2,6,8,3.523809524,6,3.772727273,2.9,5.631578947
惕,5.666666667,5,2.772727273,2.6316,5.157894737,0.899432731,11,3,3,5,5.666666667,5,2.772727273,2.85,5.157894737
漩,4.952380952,5.684210526,4.272727273,4,6.055555556,0.638863886,14,2,3,1,4.952380952,5.45,4.217391304,4,5.842105263
渦,5.19047619,5.35,4.227272727,4.1,5.894736842,0.790288262,12,6,3,3,5.19047619,5.35,4.181818182,4.1,5.894736842
拌,4.4,6.315789474,4.909090909,4.6842,5.684210526,0.949120515,8,5,2,6,4.238095238,6.05,4.818181818,4.5,5.684210526
橄,5.619047619,5.45,3.681818182,3.6,5.888888889,0.769098963,16,2,3,1,5.619047619,5.45,3.590909091,3.6,5.684210526
嗅,3.619047619,6.5,4.318181818,4.1,4.578947368,0.759114742,13,1,2,2,3.619047619,6.5,4.043478261,4.1,4.578947368
拈,5.619047619,4.85,3.954545455,3.15,5.888888889,0.125646286,8,5,0,4,5.619047619,4.85,3.863636364,3.15,5.684210526
禪,5.45,5.5,3.454545455,3.7,4.526315789,1.055065212,17,14,2,4,5.238095238,5.5,3.5,3.7,4.526315789
嘻,3.619047619,6.25,2.954545455,3.2,5.666666667,0.738430143,15,8,14,2,3.590909091,6.25,2.916666667,3.2,5.421052632
嘟,3.857142857,5.947368421,3.454545455,2.6,5,0.970744326,14,3,2,3,3.857142857,5.75,3.227272727,2.6,5
咱,4.714285714,5.842105263,3.045454545,3.1,3.473684211,0.313167007,9,2,3,1,4.714285714,5.6,3.227272727,3.1,3.473684211
駭,5.619047619,5.4,3.045454545,2.1053,2.333333333,0.755055885,16,6,2,4,5.590909091,5.4,3,2.3,2.526315789
詼,5.952380952,4.95,1.952380952,2.1053,4.473684211,-0.175383709,13,1,4,1,5.909090909,4.95,1.958333333,2.35,4.473684211
悽,5.380952381,5.9,3.727272727,2.75,5.722222222,-0.141959954,11,7,4,2,5.454545455,5.9,3.590909091,2.75,5.473684211
惶,4.8,6.105263158,3.681818182,2.8,6.166666667,1.118641384,12,4,11,2,4.619047619,5.9,3.409090909,2.8,6
飢,4.4,6.473684211,4.363636364,3.95,6.526315789,0.919436671,10,7,13,3,4.523809524,6.3,4.136363636,3.95,6.526315789
瀝,5.904761905,5.2,2.380952381,2.8,4.684210526,0.59986255,19,5,3,6,5.904761905,5.2,2.5,2.8,4.684210526
溉,4.714285714,5.4,2.954545455,3.2,5.421052632,0.324303373,12,2,5,NA,4.636363636,5.4,2.954545455,3.2,5.421052632
舔,4.894736842,5.75,5.590909091,5.25,NA,0.451982147,14,0,1,1,4.523809524,5.75,5.454545455,5.25,NA
猥,5.95,5.75,3.727272727,2.8,4.473684211,0.684354857,12,6,1,1,5.80952381,5.75,3.818181818,2.8,4.473684211
懼,4.666666667,6.1,4.272727273,3.45,6.052631579,1.586544129,21,3,6,NA,4.666666667,6.1,4,3.45,6.052631579
噓,4.428571429,5.55,4,3.35,5.789473684,0.963234724,15,3,3,3,4.428571429,5.55,3.863636364,3.35,5.789473684
哽,5.095238095,6,4.227272727,3.4,6.055555556,0.681948787,10,3,4,3,5.095238095,6,4.090909091,3.4,5.842105263
踝,4.80952381,5.5,5.454545455,4.6,6.157894737,0.794032203,15,1,0,1,4.80952381,5.5,5.318181818,4.6,6.157894737
嗜,5.142857143,6.15,2.818181818,2.3684,4.894736842,0.982978783,13,2,6,1,5.142857143,6.15,2.863636364,2.6,4.894736842
哼,3.761904762,6.3,3.772727273,2,5.947368421,0.307489874,10,4,2,3,3.761904762,6.3,3.772727273,2.25,5.947368421
骹,5.380952381,4.1,2.181818182,3.1,5.722222222,0.591029138,16,0,6,1,5.380952381,4.1,2.318181818,3.1,5.473684211
睽,6.047619048,4.9,3.272727273,2.75,6.105263158,0.550527923,14,5,3,5,6.047619048,4.9,3.272727273,2.75,6.105263158
潢,6.15,4.5,1.590909091,1.55,3.052631579,0.593993617,15,4,11,2,6,4.5,1.681818182,1.55,3.052631579
訃,6.4,3.75,1.818181818,2.65,4.894736842,0.197528293,9,2,8,1,6.238095238,3.75,1.913043478,2.65,4.894736842
銓,6.4,3.15,1.476190476,1.8421,4.473684211,0.68674767,14,3,7,1,6.181818182,3.15,1.681818182,2.1,4.473684211
貽,5.666666667,4.5,1.666666667,2.3,4.157894737,0.361174733,12,4,16,1,5.636363636,4.5,1.791666667,2.3,4.157894737
蚌,5.1,5.45,5.181818182,5.8,5.105263158,0.329766269,10,1,0,1,4.904761905,5.45,5.045454545,5.8,5.105263158
曠,5,6,3.909090909,3.4,4.631578947,0.819373235,19,10,2,7,4.954545455,6,3.772727273,3.4,4.631578947
耽,5.571428571,5.75,2.285714286,1.9474,2.947368421,0.335161301,10,4,2,4,5.571428571,5.75,2.409090909,2.15,2.947368421
錘,5,5.65,5.476190476,5.8947,6,1.267409517,17,2,6,3,4.818181818,5.65,5.041666667,5.7,5.736842105
眶,5.095238095,5.5,4.227272727,4.15,6.555555556,0.376066288,11,3,1,1,5.095238095,5.5,4.318181818,4.15,6.421052632
袱,5.19047619,5.65,4.136363636,4.85,6.111111111,0.881521142,11,3,3,2,5.090909091,5.65,4.291666667,4.85,5.894736842
僵,5.095238095,6.1,4.181818182,4.1,4.684210526,1.199730975,15,5,5,4,5.095238095,6.1,4.045454545,4.1,4.684210526
壤,5.285714286,5.85,3.636363636,2.7368,6.705882353,1.058120051,20,2,7,6,5.285714286,5.85,3.545454545,2.95,6.421052632
伕,5.857142857,4.7,2.863636364,2.9,5.473684211,0.239589639,6,2,9,2,5.857142857,4.7,2.863636364,2.9,5.473684211
拂,5.238095238,5.6,3.318181818,3.65,5.944444444,0.356095208,8,4,7,NA,5.238095238,5.6,3.318181818,3.65,5.736842105
髒,4.526315789,5.8,5.476190476,5.15,3.789473684,0.864426845,23,3,7,1,4.19047619,5.8,5.130434783,5.15,3.789473684
漬,4.285714286,6,4.772727273,4.45,5.315789474,0.815842366,14,3,12,6,4.285714286,6,4.636363636,4.45,5.315789474
蹂,5.9,5.35,3.863636364,4,4.947368421,0.289999142,16,2,14,NA,5.761904762,5.35,3.727272727,4,4.947368421
躪,6.45,4.2,2.363636364,2.2105,5,0.289999142,27,3,3,2,6.285714286,4.2,2.347826087,2.4,5
漉,6.095238095,4.8,3.409090909,2.3158,5.444444444,-0.096202463,14,4,10,5,6.095238095,4.8,3.181818182,2.55,5.210526316
琉,5.428571429,5.05,3.272727273,2.45,5.473684211,0.219067971,11,1,10,2,5.428571429,5.05,3.136363636,2.45,5.473684211
牡,4.619047619,5.65,3.363636364,2.65,3.578947368,0.479754725,7,6,0,2,4.619047619,5.65,3.318181818,2.65,3.578947368
餽,6.5,3.45,1.80952381,2.45,4.947368421,-0.081962024,18,1,2,1,6.380952381,3.45,2.227272727,2.45,4.947368421
噁,4.619047619,6.25,4.454545455,3.85,5.894736842,0.116872362,15,1,1,1,4.619047619,6.25,4.318181818,3.85,5.894736842
朽,5.476190476,5.55,2.047619048,2.6,6.111111111,0.780784721,6,9,4,5,5.476190476,5.55,2.363636364,2.6,5.947368421
溥,5.666666667,4.35,1.818181818,1.5,2.222222222,0.591029138,13,2,4,1,5.666666667,4.35,1.818181818,1.5,2.473684211
哦,2.857142857,6.25,2.681818182,1.2222,5.315789474,0.614197003,11,2,6,2,2.857142857,6.25,2.681818182,1.8,5.315789474
僭,5.761904762,5.55,2.047619048,3.1,3.368421053,1.210579861,14,5,1,1,5.761904762,5.55,2.409090909,3.1,3.368421053
蹦,4.285714286,6.35,4.863636364,4.7,6.611111111,0.150952151,18,2,2,3,4.285714286,6.35,4.772727273,4.7,6.368421053
諺,5.19047619,4.95,1.523809524,2.6,5.526315789,0.289999142,16,4,4,2,5.19047619,4.95,1.772727273,2.6,5.526315789
漾,5.761904762,4.55,2.772727273,2.1,5,0.134246458,14,2,7,4,5.761904762,4.55,2.636363636,2.1,5
軼,6.55,4.45,1.714285714,2,4.421052632,0.430997656,12,6,3,7,6.136363636,4.45,1.958333333,2,4.421052632
諳,6.5,4.6,1.818181818,2.0526,4.263157895,0.523586295,16,4,1,1,6.380952381,4.6,1.863636364,2.25,4.263157895
揆,6.75,3.4,1.285714286,1.65,3.736842105,-0.081962024,12,5,2,1,6.571428571,3.4,1.545454545,1.65,3.736842105
餃,3.380952381,6.684210526,5.727272727,5.65,5.947368421,0.744739617,15,2,6,1,3.272727273,6.55,5.590909091,5.65,5.947368421
膛,5.428571429,5.4,4.409090909,4.4,5.894736842,0.252751085,15,3,9,2,5.428571429,5.4,4.227272727,4.4,5.894736842
瞳,5.05,6.15,5.045454545,5.35,6.555555556,0.45606006,17,4,10,1,4.857142857,6.15,4.913043478,5.35,6.263157895
胺,6.380952381,4.4,2.272727273,2.55,4.263157895,0.797744144,10,2,3,1,6.380952381,4.4,2.318181818,2.55,4.263157895
磷,6.428571429,4.25,3,3.1,5.611111111,0.537265992,17,6,14,1,6.428571429,4.25,2.909090909,3.1,5.368421053
販,4.428571429,6.05,4.772727273,4.6,5.777777778,1.799220083,11,4,2,3,4.428571429,6.05,4.681818182,4.6,5.526315789
哺,4.857142857,5.9,4.318181818,3.5,5.736842105,0.814066108,10,4,4,3,4.857142857,5.9,4.181818182,3.5,5.736842105
舫,5.85,4.8,4.090909091,3.6,6.5,-0.573323719,10,3,8,1,5.714285714,4.8,3.954545455,3.6,6.315789474
攏,5.285714286,5.6,2.954545455,2.95,5.105263158,1.081814717,20,6,1,4,5.285714286,5.6,3,2.95,5.105263158
膜,4.7,6.315789474,4.681818182,4.8,5.210526316,1.455247535,15,5,4,3,4.523809524,6.15,4.590909091,4.8,5.210526316
騁,6,4.55,3.454545455,3.25,5.473684211,0.271774322,17,7,2,4,6,4.55,3.409090909,3.25,5.473684211
啪,4.095238095,6.421052632,3.909090909,3.35,4.473684211,0.422311476,11,0,0,1,4.095238095,6.25,4.136363636,3.35,4.473684211
懾,5.571428571,5.1,2.19047619,2.8,4.578947368,0.649392753,21,4,5,4,5.545454545,5.1,2.545454545,2.8,4.578947368
鈾,6.8,3.5,2.772727273,2.95,6.555555556,-0.211595882,13,0,14,1,6.636363636,3.5,2.636363636,2.95,6.315789474
貯,5.428571429,4.9,3.318181818,3.8,4.684210526,0.232856256,12,2,6,1,5.409090909,4.9,3.125,3.8,4.684210526
盯,4.428571429,6.368421053,5.136363636,5.15,6.222222222,0.757090055,7,0,4,2,4.428571429,6.2,5.045454545,5.15,6
袒,5.666666667,4.45,2.545454545,1.85,3.263157895,0.513036112,10,2,3,4,5.666666667,4.45,2.545454545,1.85,3.263157895
嶇,5.4,5.55,4.090909091,3.5,6.263157895,0.471999261,14,1,6,2,5.19047619,5.55,3.956521739,3.5,6.263157895
愫,6.333333333,4.3,1.571428571,1.8,4.473684211,-0.054809778,13,1,6,1,6.333333333,4.3,1.818181818,1.8,4.473684211
屹,5.714285714,4.8,3.409090909,3.5,5.684210526,0.439513507,6,2,2,12,5.714285714,4.8,3.363636364,3.5,5.684210526
烊,5.285714286,5.789473684,3.045454545,3,4.421052632,0.246220217,10,1,7,1,5.285714286,5.6,3.173913043,3,4.421052632
餒,5.380952381,4.95,2.090909091,2.35,3.210526316,0.491134271,15,3,1,5,5.380952381,4.95,2.090909091,2.35,3.210526316
蟒,5.3,5.35,5.318181818,4.55,6.210526316,0.390464109,17,2,5,1,5.095238095,5.35,5.181818182,4.55,6.210526316
喵,3.238095238,6.526315789,4.818181818,3.9,5.368421053,0.079888796,12,0,0,1,3.238095238,6.4,4.909090909,3.9,5.368421053
餚,4.80952381,5.9,4.909090909,4.3,NA,0.674649548,17,1,2,1,4.80952381,5.9,4.863636364,4.3,NA
拱,4.857142857,6.15,4.136363636,4.05,5.631578947,0.839976046,9,5,1,7,4.857142857,6.15,4.227272727,4.05,5.631578947
賂,5.142857143,5.25,2.545454545,3,6.333333333,0.998385114,13,1,5,3,5.142857143,5.25,2.636363636,3,6.052631579
琛,5.75,5.5,1.380952381,1.5,4.105263158,0.854811076,12,0,6,1,5.523809524,5.5,1.545454545,1.5,4.105263158
猿,5.095238095,5.9,5.545454545,5.65,5.611111111,0.487374122,13,4,17,1,5.095238095,5.9,5.318181818,5.65,5.421052632
扛,5.142857143,5.9,4.409090909,4.4,5.894736842,0.174864309,6,6,7,1,5.142857143,5.9,4.272727273,4.4,5.894736842
噢,3.761904762,6,1.619047619,1.3158,5.315789474,0.226016831,16,1,2,1,3.761904762,6,1.863636364,1.55,5.315789474
涂,5.523809524,4.75,3.318181818,3.15,4.052631579,0.980559309,10,1,13,4,5.523809524,4.75,3.181818182,3.15,4.052631579
憔,5.047619048,5.4,2.380952381,2.95,5.421052632,0.494862144,15,2,4,4,5.047619048,5.4,2.681818182,2.95,5.421052632
悴,5.333333333,5.35,3.636363636,3,5.789473684,0.494862144,11,3,4,3,5.333333333,5.35,3.409090909,3,5.789473684
惋,5,6.052631579,1.80952381,1.8947,5.526315789,0.765132775,11,3,8,3,5.045454545,5.85,2.090909091,2.1,5.526315789
穗,5.9,4.55,2.818181818,3.45,5.578947368,1.062160029,17,4,8,1,5.761904762,4.55,2.681818182,3.45,5.578947368
楓,4.7,6.4,5.136363636,4.85,6.210526316,0.910976121,13,2,10,1,4.523809524,6.4,5.045454545,4.85,6.210526316
穢,6,4.5,3.045454545,2.6,2.578947368,0.716710893,19,3,6,1,6.045454545,4.5,2.909090909,2.6,2.578947368
毓,6.25,4.4,2.318181818,1.45,NA,1.156650568,14,2,3,1,6,4.4,2.347826087,1.45,NA
沮,5.35,6,2.954545455,2.8,2.842105263,0.68674767,8,6,2,1,5.142857143,6,2.956521739,2.8,2.842105263
隅,6.55,4.25,2.095238095,1.8421,2.631578947,0.361174733,11,8,28,5,6.380952381,4.25,2.545454545,2.05,2.631578947
禱,3.9,5.75,3.727272727,3.65,5.105263158,1.090377207,19,5,2,3,4.047619048,5.75,3.772727273,3.65,5.105263158
酚,6.894736842,3.1,1.2,1.6842,4.421052632,0.134246458,11,1,13,1,6.714285714,3.1,1.727272727,1.9,4.421052632
酞,7,2.95,1.619047619,1.7368,3.789473684,-1.573323722,11,0,6,NA,6.952380952,2.95,1.863636364,1.9,3.789473684
舶,5.571428571,5.25,3.954545455,4.1,6.578947368,0.318770885,11,3,2,NA,5.571428571,5.25,3.909090909,4.1,6.578947368
紜,6.095238095,3.5,1.571428571,1.55,2.5,0.443709621,10,2,7,1,6.095238095,3.5,2,1.55,2.736842105
瑋,5.523809524,4.65,1.5,1.1053,4.421052632,0.870721078,13,2,7,1,5.523809524,4.65,1.545454545,1.3,4.421052632
鋅,6.3,4.2,2.590909091,3.25,6.166666667,0.443709621,15,0,11,1,6.142857143,4.2,2.363636364,3.25,5.947368421
嘭,4.619047619,5.2,3.272727273,2.45,5.105263158,0.252751085,15,0,5,NA,4.619047619,5.2,3.318181818,2.45,5.105263158
惺,5.761904762,5.5,2.409090909,2.5,5.388888889,0.664722385,12,2,9,NA,5.761904762,5.5,2.363636364,2.5,5.157894737
搽,4.285714286,5.75,4.909090909,4.45,6.052631579,0.547250213,13,3,2,1,4.285714286,5.75,4.739130435,4.45,6.052631579
沸,4.421052632,6.263157895,4.545454545,4.5,6.5,0.893543902,8,4,3,6,3.954545455,6.05,4.5,4.5,6.315789474
靶,5.095238095,5.25,5.363636364,5.15,4.315789474,0.958155199,13,4,1,1,5.095238095,5.25,5.272727273,5.15,4.315789474
唧,5.380952381,4.05,2.727272727,2.1,4.578947368,0.284008778,10,4,12,1,5.380952381,4.05,2.636363636,2.1,4.578947368
驊,6.842105263,3.2,1.476190476,1.5789,4.105263158,0.976904635,22,1,4,1,6.666666667,3.2,1.909090909,1.8,4.105263158
躊,5.80952381,5.5,3.545454545,2.35,4.894736842,0.028736273,21,2,7,4,5.80952381,5.5,3.272727273,2.35,4.894736842
躇,5.80952381,4.95,2.227272727,2.45,5.421052632,0.028736273,19,3,2,3,5.80952381,4.95,2.090909091,2.45,5.421052632
膨,5,6.473684211,4.863636364,4.15,3.842105263,0.767120397,16,1,5,1,5,6.3,4.727272727,4.15,3.842105263
稔,6.5,4.05,1.636363636,1.5789,2.894736842,0.468068967,13,4,0,3,6.363636364,4.05,1.681818182,1.75,2.894736842
灝,6.19047619,3.75,1.714285714,1.4211,2.842105263,0.755055885,24,0,5,1,6.19047619,3.75,2.043478261,1.55,2.842105263
佇,6.380952381,3.8,1.619047619,2,3.526315789,-0.193112477,7,3,6,4,6.272727273,3.8,1.863636364,2,3.526315789
樸,5.15,5.75,2.238095238,2.85,4.578947368,1.03839959,16,17,4,7,4.952380952,5.75,2.409090909,2.85,4.578947368
兢,5.047619048,5.789473684,2.863636364,2.5,NA,0.547250213,14,2,5,1,5.047619048,5.55,3.043478261,2.5,NA
嗽,4.8,5.578947368,4.181818182,4.6,5.947368421,0.838295988,14,3,8,1,4.619047619,5.35,3.909090909,4.6,5.947368421
豺,5.238095238,5.15,3.681818182,4.5,6.111111111,-0.193112477,10,6,1,1,5.238095238,5.15,3.5,4.5,5.894736842
鍍,5.571428571,5,3.272727273,3.1,6.166666667,0.340490134,17,2,9,1,5.571428571,5,3.227272727,3.1,5.894736842
硤,5.380952381,4.95,2.818181818,2.4,5.368421053,0.810491648,12,1,1,1,5.380952381,4.95,2.545454545,2.4,5.368421053
渺,5.142857143,6.15,3.272727273,3.25,4,0.826350003,12,2,5,4,5.142857143,6.15,3.272727273,3.25,4
瞌,5.380952381,5.45,4,3.85,6,0.324303373,15,1,3,1,5.454545455,5.45,3.954545455,3.85,5.736842105
鈉,6.5,5.1,2.636363636,3.35,5.210526316,0.691494105,12,0,2,1,6.333333333,5.1,2.636363636,3.35,5.210526316
湛,5.666666667,5.85,1.571428571,1.5789,3.210526316,0.92360593,12,7,1,NA,5.666666667,5.85,1.727272727,1.75,3.210526316
仵,6.4,3.7,2.045454545,1.6842,4,0.633502158,6,2,0,1,6.285714286,3.7,2.136363636,1.9,4
胰,5.857142857,5.578947368,3.772727273,3.95,5.947368421,0.651985564,10,3,16,1,5.857142857,5.35,3.590909091,3.95,5.947368421
譟,6.476190476,3.8,1.428571429,1.6316,5.315789474,0.318770885,20,0,8,1,6.476190476,3.8,1.727272727,1.85,5.315789474
柵,5,5.7,5.136363636,4.3,6.157894737,0.09877414,9,3,3,3,4.80952381,5.7,5.045454545,4.3,6.157894737
祀,5.904761905,4.65,3.954545455,3.35,4.894736842,0.246220217,8,4,7,2,5.904761905,4.65,3.863636364,3.35,4.894736842
澱,5,5.6,2.142857143,3.05,4,0.810491648,16,2,7,5,5,5.6,2.272727273,3.05,4
攙,5.857142857,4.15,4.045454545,4.05,5.210526316,0.746822568,21,5,4,1,5.863636364,4.15,3.833333333,4.05,5.210526316
鉢,6.095238095,4.35,3.090909091,3.55,5.368421053,0.46410278,13,0,2,NA,6.095238095,4.35,2.909090909,3.55,5.368421053
槓,4.904761905,5.4,4.136363636,4.25,5.789473684,0.61980088,14,5,1,1,4.909090909,5.4,3.954545455,4.25,5.789473684
狡,4.714285714,6.15,3.045454545,2.6316,4.526315789,0.479754725,9,7,6,NA,4.714285714,6.15,3.136363636,2.85,4.526315789
淦,7,2.9,1.666666667,1.45,2,0.028736273,11,1,1,1,6.80952381,2.9,1.956521739,1.45,2.210526316
杖,4.2,6.315789474,5.681818182,5.7895,6.052631579,0.73417232,7,2,5,1,4.333333333,6.15,5.590909091,5.55,6.052631579
恫,6.333333333,3.75,1.619047619,1.7,3.526315789,0.219067971,9,3,5,1,6.363636364,3.75,2,1.7,3.526315789
鉛,3.619047619,6.473684211,4.636363636,4.75,5.789473684,0.869156051,13,4,17,4,3.619047619,6.2,4.391304348,4.75,5.789473684
繃,5.095238095,5.8,4.090909091,4.25,5,0.703138086,17,2,2,1,5.095238095,5.8,4.227272727,4.25,5
硅,6.7,3.9,1.904761905,2.8,5.631578947,-0.11092572,11,0,4,1,6.619047619,3.9,2.227272727,2.8,5.631578947
鋰,6,5.05,2.238095238,2.75,5.263157895,0.447865581,15,0,6,1,5.761904762,5.05,2.608695652,2.75,5.263157895
鉅,5.380952381,5,2.227272727,2.75,4.526315789,1.158265047,13,7,6,1,5.380952381,5,2.260869565,2.75,4.526315789
餉,6.3,5,2.954545455,2.5263,6.222222222,0.861245186,14,2,2,1,6.142857143,5,2.954545455,2.75,6
袂,6.45,3.4,1.863636364,1.8421,4.578947368,0.271774322,9,3,0,2,6.333333333,3.4,2,2,4.578947368
冶,5.333333333,5.65,2.090909091,2.1053,2.111111111,0.520097967,7,6,3,3,5.333333333,5.65,2.136363636,2.35,2.368421053
竣,5.761904762,4.65,1.80952381,2.25,3.947368421,0.732027651,12,3,9,2,5.761904762,4.65,2.045454545,2.25,3.947368421
睞,5.714285714,4.75,2.363636364,2.15,5.052631579,0.664722385,13,1,0,1,5.714285714,4.75,2.318181818,2.15,5.052631579
唾,5.15,5.8,4.590909091,4.1,6.315789474,0.578964626,12,6,0,1,4.952380952,5.8,4.454545455,4.1,6.315789474
鯉,4.5,6.052631579,4.727272727,5.2,6.777777778,0.718932353,18,2,6,3,4.272727273,5.8,4.791666667,5.2,6.578947368
渤,6.095238095,4.2,2.818181818,2.45,4.157894737,0.422311476,12,1,3,1,6.095238095,4.2,2.636363636,2.45,4.157894737
瑚,4.047619048,6.15,4.272727273,4.35,4.473684211,1.084687679,13,1,11,1,4.045454545,6.15,4.416666667,4.35,4.473684211
肛,5.2,6.421052632,5,4.8,6.052631579,0.55378108,7,2,7,1,5,6.25,5.086956522,4.8,6.052631579
鎚,4.80952381,5.65,5.571428571,5.55,6.333333333,0.460100037,18,0,6,1,4.80952381,5.65,5.272727273,5.55,6.105263158
瀰,6,4.55,2.772727273,2.3684,3.263157895,0.740543502,20,4,3,2,6.045454545,4.55,2.681818182,2.6,3.263157895
魷,3.904761905,6.526315789,5.545454545,5.6842,6.105263158,0.723341472,15,1,14,1,3.863636364,6.25,5.363636364,5.45,6.105263158
詎,6.65,3.65,1.15,1.45,3.947368421,0.795892139,12,3,6,1,6.476190476,3.65,1.318181818,1.45,3.947368421
墳,4.476190476,6.315789474,5.681818182,5.85,6.222222222,0.967005757,15,2,1,6,4.476190476,6.15,5.681818182,5.85,6.052631579
泓,5.8,3.8,1.666666667,1.6316,3.526315789,0.385717674,8,4,2,1,5.363636364,3.8,2,1.9,3.526315789
殃,5.619047619,5.8,3.318181818,2.4,5.684210526,0.757090055,9,1,3,2,5.619047619,5.8,3.136363636,2.4,5.684210526
孵,4.85,5,4.909090909,4.8,NA,0.443709621,14,5,9,1,4.666666667,5,4.818181818,4.8,NA
柙,6.571428571,2.65,1.636363636,2.3,4.578947368,0.572804317,9,2,2,1,6.571428571,2.65,1.695652174,2.3,4.578947368
稻,4.428571429,6.35,5.136363636,5.65,6.388888889,1.048890305,15,4,9,2,4.428571429,6.35,5.090909091,5.65,6.105263158
謊,3.842105263,6.526315789,2.363636364,3.5,6,1.184072311,17,4,6,3,3.636363636,6.25,2.409090909,3.5,6
潼,5.857142857,4.65,1.761904762,1.75,3.473684211,0.376066288,15,2,10,2,5.857142857,4.65,2,1.75,3.473684211
泣,4,6.35,5.318181818,4.7,6.210526316,0.969501709,8,9,1,4,4.142857143,6.35,5.227272727,4.7,6.210526316
咚,3.285714286,5.35,3.136363636,2.25,4.473684211,-0.017021217,8,0,2,1,3.181818182,5.35,3.181818182,2.25,4.473684211
鉑,6.5,3.55,2.954545455,2.75,6.222222222,0.239589639,13,0,5,1,6.333333333,3.55,2.954545455,2.75,6
輻,5.1,6.05,3,2.95,3.526315789,0.906683225,16,2,5,2,4.904761905,6.05,3.090909091,2.95,3.526315789
碘,6.142857143,5.05,3.454545455,3.75,4.315789474,-0.081962024,13,0,1,1,6.142857143,5.05,3.391304348,3.75,4.315789474
酮,6.65,3.5,1.476190476,2.2632,4,0.523586295,13,4,10,1,6.380952381,3.5,1.636363636,2.5,4
猾,4.476190476,6,2.772727273,2.3684,4.578947368,-0.06817374,13,2,1,4,4.476190476,6,2.636363636,2.55,4.578947368
柚,3.80952381,6.315789474,5.090909091,5.05,5.368421053,0.483581133,9,3,1,3,3.681818182,6.15,4.909090909,5.05,5.368421053
鋌,5.476190476,4.4,2.045454545,2.25,4.052631579,0.226016831,15,1,1,1,5.476190476,4.4,2.181818182,2.25,4.052631579
媲,6.05,4.75,1.65,1.7895,3.947368421,0.821127963,13,2,5,1,5.904761905,4.75,2.227272727,2,3.947368421
撮,5.714285714,5.55,3.136363636,3.35,4.789473684,0.859645573,15,8,2,5,5.714285714,5.55,3.136363636,3.35,4.789473684
驢,4.571428571,5.894736842,6.19047619,6.6842,5.789473684,0.502223243,26,3,11,1,4.571428571,5.65,5.818181818,6.55,5.789473684
淆,5.333333333,5.5,3.136363636,2.3,3.578947368,0.881521142,11,1,2,1,5.333333333,5.5,3.181818182,2.3,3.578947368
伎,5.6,4.7,1.571428571,1.85,4,0.633502158,6,2,3,1,5.380952381,4.7,1.727272727,1.85,4
叭,4.142857143,5.05,3.818181818,2.95,5.052631579,0.883042315,5,1,6,2,4.142857143,5.05,3.954545455,2.95,5.052631579
瀚,5.142857143,5.1,3.545454545,2.6,5,0.919436671,19,3,3,3,5.142857143,5.1,3.454545455,2.6,5
阱,4.8,5.9,4.681818182,3.8,2.789473684,0.960702388,7,1,3,1,4.619047619,5.9,4.545454545,3.8,2.789473684
娩,5.476190476,5.2,3.818181818,3,5.473684211,0.806887524,11,4,4,1,5.476190476,5.2,3.727272727,3,5.473684211
伺,5.142857143,5.55,3.954545455,3.35,4.421052632,1.088488968,7,5,10,3,5.142857143,5.55,3.863636364,3.35,4.421052632
樞,5.761904762,5.55,3.136363636,3.25,5.105263158,1.033057647,15,2,5,5,5.761904762,5.55,3.363636364,3.25,5.105263158
汕,5.380952381,4.85,2.727272727,1.2632,3.526315789,0.7788588,6,1,3,1,5.380952381,4.85,2.782608696,1.4,3.526315789
嬋,4.952380952,4.8,2.909090909,2.55,5.315789474,0.017740889,15,1,2,1,5,4.8,3.136363636,2.55,5.315789474
轆,5.619047619,5.1,4.272727273,4.5,6.263157895,0.817611389,18,5,1,3,5.619047619,5.1,4.045454545,4.5,6.263157895
踵,5.571428571,5.55,2.909090909,2.85,5.578947368,0.494862144,16,9,2,6,5.571428571,5.55,2.818181818,2.85,5.578947368
眩,5.333333333,5.5,4.5,3.4,6.052631579,0.572804317,10,2,17,3,5.318181818,5.5,4.363636364,3.4,6.052631579
涎,5.571428571,5.25,4.227272727,3.6,5.578947368,0.246220217,11,1,10,2,5.571428571,5.25,4.181818182,3.6,5.578947368
鰭,5.619047619,4.65,4.727272727,5.3684,6.666666667,0.45606006,21,2,18,1,5.681818182,4.65,4.681818182,5.15,6.526315789
畔,5.333333333,5.05,3.909090909,3.75,5.368421053,0.7769243,10,7,4,3,5.333333333,5.05,3.826086957,3.75,5.368421053
榴,4.238095238,6.2,4.181818182,4.05,5.105263158,1.091318257,14,3,10,1,4.238095238,6.2,4.181818182,4.05,5.105263158
槤,5.05,5.4,3.409090909,3.7,4.736842105,0.677096284,15,2,4,1,4.857142857,5.4,3.391304348,3.7,4.736842105
渭,6.25,4.1,1.5,1.45,3.789473684,0.017740889,12,3,9,1,6.095238095,4.1,1.954545455,1.45,3.789473684
緯,5.95,4.4,1.7,2.25,3.368421053,1.012137011,15,2,7,1,5.80952381,4.4,2.227272727,2.25,3.368421053
愷,6,3.9,2.318181818,1.6316,3.526315789,1.043676623,13,3,3,1,6,3.9,2.045454545,1.85,3.526315789
炬,5,5.5,4.818181818,3.8,6.333333333,0.659672392,9,1,6,4,5,5.5,4.818181818,3.8,6.157894737
眈,5.5,5.35,3.181818182,3.55,5.736842105,0.527046827,9,1,2,2,5.454545455,5.35,3.045454545,3.55,5.736842105
楔,5.571428571,4.6,2.045454545,2.5,4.684210526,0.340490134,13,3,8,1,5.571428571,4.6,1.954545455,2.5,4.684210526
濾,5.1,5.9,3.136363636,3.75,5.526315789,0.918037976,18,5,5,1,4.909090909,5.9,3.083333333,3.75,5.526315789
鈺,5.9,4.3,2.181818182,1.7,4.842105263,1.410753316,13,0,10,1,5.666666667,4.3,2.318181818,1.7,4.842105263
佯,5.6,5.736842105,2.454545455,2.3158,3.684210526,0.350955568,8,3,7,1,5.380952381,5.5,2.318181818,2.55,3.684210526
鏹,5.952380952,4,3.090909091,2.95,4.263157895,0.167038971,19,2,1,1,5.952380952,4,3.181818182,2.95,4.263157895
鈣,5,6.473684211,4.227272727,4.35,4.789473684,0.659672392,12,0,5,1,4.80952381,6.3,4.136363636,4.35,4.789473684
骼,4.8,6,4.727272727,4.7,6.555555556,0.591029138,16,2,4,4,4.904761905,6,4.590909091,4.7,6.421052632
骱,7,2.157894737,1.523809524,1.8421,5.526315789,-0.318051213,14,0,2,1,6.952380952,2.35,1.863636364,2.05,5.526315789
髓,5.7,5.6,4.363636364,3.95,6.611111111,1.00070755,23,2,4,1,5.5,5.6,4.227272727,3.95,6.473684211
滷,4.523809524,6.157894737,4.136363636,4.45,5.578947368,0.284008778,14,3,7,1,4.523809524,5.95,4.043478261,4.45,5.578947368
孢,5.666666667,4.5,2.863636364,3.35,3.947368421,-0.318051213,8,1,4,1,5.666666667,4.5,2.772727273,3.35,3.947368421
鱲,6.095238095,3.5,1.904761905,2.75,4.736842105,0.64152013,26,0,3,NA,6.095238095,3.5,2.181818182,2.75,4.736842105
泗,6.35,3.3,1.238095238,1.3158,2.947368421,0.167038971,8,4,6,1,6.095238095,3.3,1.454545455,1.45,2.947368421
訛,6.15,5.578947368,3.318181818,2,6.105263158,0.954306183,11,4,6,2,6,5.35,3.260869565,2.25,6.105263158
錮,5.761904762,4.8,4,3.45,4.684210526,0.705429883,16,2,4,1,5.761904762,4.8,3.954545455,3.45,4.684210526
偲,6.842105263,2.95,1.380952381,1.55,3,0.494862144,11,2,13,1,6.590909091,2.95,1.5,1.55,3
悸,5.761904762,5.2,3.181818182,2.75,5.666666667,0.487374122,11,3,5,1,5.818181818,5.2,3.227272727,2.75,5.421052632
硫,5.857142857,4.95,2.636363636,3.1,5.157894737,0.51658139300000006,12,0,10,1,5.857142857,4.95,2.681818182,3.1,5.157894737
鹼,5.761904762,5.75,2.142857143,3.65,1.944444444,0.691494105,24,2,5,1,5.761904762,5.75,2.318181818,3.65,2.210526316
淤,5.45,5.2,4.045454545,3.75,4.421052632,0.513036112,11,7,5,4,5.181818182,5.2,3.818181818,3.75,4.421052632
榕,4.428571429,6.1,4.590909091,4.5,6.263157895,1.001864127,14,1,13,1,4.428571429,6.1,4.590909091,4.5,6.263157895
鰂,5.095238095,4.85,2,2.65,5.526315789,0.61700798,20,3,2,1,5.095238095,4.85,2.363636364,2.65,5.526315789
忡,5.952380952,4.65,1.428571429,1.8947,5.368421053,0.709977511,7,2,13,1,5.952380952,4.65,1.681818182,2.15,5.368421053
燼,5.619047619,5.3,4.636363636,4,5.894736842,0.116872362,18,3,3,1,5.619047619,5.3,4.782608696,4,5.894736842
誅,5.285714286,6.157894737,2.863636364,2.3684,5,0.451982147,13,6,9,1,5.285714286,5.95,2.909090909,2.6,5
俸,5.80952381,5.25,3.863636364,2.7,4.631578947,0.84663203,10,2,0,1,5.80952381,5.25,3.636363636,2.7,4.631578947
籽,4.428571429,5.35,4.590909091,4.4,5.631578947,0.933181314,9,2,18,1,4.428571429,5.35,4.318181818,4.4,5.631578947
褪,5.238095238,6.052631579,3.727272727,3.85,4.052631579,0.64152013,16,3,2,1,5.238095238,5.85,3.545454545,3.85,4.052631579
鉉,6.7,3.85,1.772727273,1.4211,4.157894737,0.361174733,13,0,2,1,6.428571429,3.85,1.863636364,1.65,4.157894737
姝,6.75,2.95,1.666666667,1.2632,4.210526316,-0.141959954,9,5,9,1,6.590909091,2.95,1.863636364,1.35,4.210526316
鍀,7,1.368421053,1.476190476,1.1579,3.789473684,-1.096202462,16,0,2,NA,7,1.5,1.652173913,1.25,3.789473684
扼,5.4,5.8,4.045454545,3.4,4.894736842,0.834916247,7,5,2,4,5.19047619,5.8,3.826086957,3.4,4.894736842
瀛,6.4,4.25,3.090909091,1.7778,3.894736842,0.851557918,19,4,16,1,6.285714286,4.25,3.090909091,2.3,3.894736842
褫,6.238095238,3.9,2.727272727,2.55,4,0.219067971,16,2,7,2,6.238095238,3.9,2.636363636,2.55,4
蠍,5.428571429,6,5.409090909,5.6842,6.526315789,0.790288262,19,3,0,1,5.428571429,6,5.318181818,5.45,6.526315789
椎,5.333333333,4.4,2.909090909,3.5,5.368421053,1.119523201,12,5,4,4,5.333333333,4.4,2.909090909,3.5,5.368421053
叼,4.857142857,5.15,4.636363636,3.9,5.736842105,0.089434113,5,0,7,1,4.857142857,5.15,4.260869565,3.9,5.736842105
惰,4.19047619,6.052631579,3.590909091,2.8,5.277777778,0.527046827,12,3,1,1,4.227272727,5.85,3.545454545,2.8,5.105263158
蹋,5.619047619,4.8,3.090909091,3.6,4.789473684,0.049925572,17,2,1,1,5.5,4.8,3.083333333,3.6,4.789473684
鋤,4.666666667,5.75,4.772727273,4.85,5.894736842,0.361174733,15,3,0,1,4.590909091,5.75,4.727272727,4.85,5.894736842
鰻,4.95,6.315789474,4.954545455,5.7368,6.578947368,-0.126165687,22,4,1,1,4.761904762,6.1,5.227272727,5.5,6.578947368
懊,4.80952381,6,2.954545455,2.75,5.631578947,0.313167007,16,4,2,2,4.80952381,5.75,2.818181818,2.75,5.631578947
唆,5.333333333,5.2,2.19047619,2.7,4.736842105,0.740543502,10,3,5,1,5.333333333,5.2,2.409090909,2.7,4.736842105
玷,5.666666667,3.8,2.318181818,2.25,5,-0.06817374,9,5,2,1,5.590909091,3.8,2.041666667,2.25,5
嘜,4.857142857,4.75,1.571428571,2,3.947368421,0.56021519,14,0,0,1,4.772727273,4.75,1.818181818,2,3.947368421
楷,4.714285714,5.35,3,2.15,3.736842105,0.636191296,13,11,0,5,4.772727273,5.35,2.954545455,2.15,3.736842105
沱,5.666666667,5.15,2.545454545,2.85,5.263157895,0.318770885,8,3,7,5,5.666666667,5.15,2.636363636,2.85,5.263157895
壩,5.1,5.1,4.681818182,5.25,5.105263158,0.82461629,24,3,1,2,4.904761905,5.1,4.636363636,5.25,5.105263158
樟,5.476190476,4.5,3.181818182,3.3,6.157894737,0.533886252,15,3,9,1,5.476190476,4.5,3.090909091,3.3,6.157894737
嫦,4.095238095,5.7,3.363636364,3.25,6,0.404399887,14,0,4,1,4.095238095,5.7,3.454545455,3.25,6
喁,6.947368421,2.8,1.761904762,1.5263,3.315789474,-0.272293722,13,4,13,1,6.761904762,2.8,2,1.75,3.315789474
娓,5.80952381,5.526315789,2.095238095,1.95,3.736842105,0.56021519,10,2,3,3,5.80952381,5.3,2.347826087,1.95,3.736842105
蠔,4.714285714,6.35,5.818181818,6,4.736842105,1.113312551,20,2,4,1,4.727272727,6.35,5.818181818,5.8,4.736842105
醃,5.285714286,5.65,5.045454545,4.4,4.473684211,1.003017632,15,5,3,1,5.285714286,5.65,5,4.4,4.473684211
証,3.904761905,6.368421053,3.272727273,3.65,5.157894737,0.356095208,12,0,6,1,3.904761905,6.1,3.318181818,3.65,5.157894737
瀆,6,4.85,1.9,2.8,3.789473684,0.596937997,18,5,3,4,6,4.85,2.454545455,2.8,3.789473684
侄,4.095238095,6.052631579,3.5,4.25,5.736842105,0.644160226,8,0,4,2,4.095238095,5.8,3.681818182,4.25,5.736842105
鉗,4.047619048,5.75,4.681818182,5.1,6.111111111,0.468068967,13,0,2,6,4.047619048,5.75,4.409090909,5.1,5.842105263
湄,5.952380952,5,3.090909091,1.7,3.842105263,0.017740889,12,0,7,3,5.952380952,5,3.304347826,1.7,3.842105263
詆,5.80952381,4.75,2.818181818,2.45,5.777777778,0.09877414,12,2,6,1,5.727272727,4.75,2.954545455,2.45,5.526315789
鑄,5.80952381,4.65,3.181818182,4.05,6.5,0.628073406,22,5,6,5,5.80952381,4.65,3.227272727,4.05,6.210526316
蜆,4.85,5.85,5.318181818,6.0526,4.578947368,0.582012319,13,0,4,1,4.681818182,5.85,5.181818182,5.8,4.578947368
幪,5.428571429,4.55,3.318181818,3.4,5.157894737,-0.531931034,17,2,5,1,5.428571429,4.55,3.409090909,3.4,5.157894737
瞰,5.666666667,4.7,3.772727273,3.05,6.111111111,0.479754725,17,4,2,3,5.666666667,4.7,3.652173913,3.05,5.842105263
脖,3.904761905,6.6,6,6.15,6.368421053,0.361174733,11,2,3,1,3.904761905,6.6,5.681818182,6.15,6.368421053
滂,5.5,5.25,2.772727273,2.5263,5.578947368,0.107917519,13,7,6,2,5.285714286,5.25,2.863636364,2.75,5.578947368
慄,5.285714286,5,3.363636364,2.85,5.421052632,0.520097967,13,2,2,3,5.227272727,5,3.454545455,2.85,5.421052632
哮,4.666666667,6,3.363636364,3.5,6.333333333,0.937221292,10,2,4,3,4.666666667,5.8,3.409090909,3.5,6.210526316
鍛,5.05,5.5,4.136363636,3.45,4.894736842,1.047852564,17,4,0,1,4.857142857,5.5,4,3.45,4.894736842
泌,5.7,6.315789474,2.727272727,2.7,5.421052632,0.998385114,8,5,8,3,5.476190476,6.15,2.909090909,2.7,5.421052632
喋,5.523809524,5.25,3.363636364,2.55,5.833333333,0.226016831,12,5,5,1,5.409090909,5.25,3.227272727,2.55,5.631578947
醮,5.952380952,4.8,3.045454545,2.85,4.105263158,0.060144738,19,12,1,4,5.952380952,4.8,3,2.85,4.105263158
燉,5.3,4.95,4.772727273,4.55,6.444444444,0.664722385,16,4,1,1,5.095238095,4.95,4.636363636,4.55,6.263157895
黝,5.285714286,5.25,3.772727273,3.65,6.277777778,0.134246458,18,4,1,3,5.285714286,5.25,3.826086957,3.65,6.105263158
靳,6.55,4,1.761904762,1.6316,3.473684211,0.116872362,13,0,0,2,6.428571429,4,2.043478261,1.9,3.473684211
栓,6,4.4,3.181818182,3.3,5,0.614197003,10,4,5,1,6,4.4,3.090909091,3.3,5
鉀,6.9,4.2,3.090909091,3.15,5.368421053,0.471999261,13,0,5,1,6.80952381,4.2,3.272727273,3.15,5.368421053
蠕,5.380952381,5,3.909090909,4.05,6.111111111,0.376066288,20,2,28,1,5.380952381,5,3.909090909,4.05,5.947368421
硝,6.45,5,2.954545455,3,5.263157895,0.475894304,12,4,8,3,6.333333333,5,2.863636364,3,5.263157895
响,4.714285714,5.7,3.045454545,3.2,4.842105263,-0.251104423,9,0,3,NA,4.714285714,5.7,3.090909091,3.2,4.842105263
惻,5.333333333,5.842105263,2.818181818,2.5,5.368421053,0.079888796,12,5,1,1,5.333333333,5.6,2.818181818,2.5,5.368421053
瞭,4.761904762,6.05,3.954545455,2.5,5.842105263,0.709977511,17,5,9,3,4.761904762,6.05,4.045454545,2.5,5.842105263
酣,6.095238095,3.55,2.409090909,2.1579,5.473684211,0.46410278,12,5,1,5,6.095238095,3.55,2.47826087,2.4,5.473684211
幔,6.047619048,3.9,3,2.5,5.631578947,0.182551138,14,3,7,5,6.047619048,3.9,2.818181818,2.5,5.631578947
櫈,3.571428571,5.25,5.954545455,6.05,6.105263158,0.887574125,18,0,1,NA,3.571428571,5.25,5.954545455,6.05,6.105263158
蟀,5,5,4.181818182,3.75,6.631578947,0.125646286,17,1,3,1,5,5,4.454545455,3.75,6.631578947
惆,5.75,5.85,2.272727273,2.3,5.789473684,0.142679626,11,2,7,1,5.523809524,5.85,2.363636364,2.3,5.789473684
悵,5.428571429,5.25,3.090909091,2.6,5.833333333,0.212006117,11,6,3,1,5.428571429,5.25,2.818181818,2.6,5.631578947
牴,6.2,3.3,1.909090909,1.6842,5.315789474,0.380918791,9,2,6,1,5.954545455,3.3,1.863636364,1.85,5.315789474
澗,5.619047619,5.1,4.045454545,3.1,6.166666667,-0.06817374,15,2,2,3,5.619047619,5.1,4.090909091,3.1,6
捆,5.095238095,6.05,5.318181818,4.85,6.222222222,0.513036112,10,2,2,4,5.095238095,6.05,5.272727273,4.85,6.052631579
胱,5.476190476,5.4,4.318181818,3.6,5.684210526,0.64678437,10,1,1,1,5.476190476,5.4,4.173913043,3.6,5.684210526
皚,6,4.4,3.272727273,2.6,5.722222222,-0.029255674,15,2,1,1,5.909090909,4.4,3.090909091,2.6,5.473684211
株,5,5.75,3.772727273,3.15,6.111111111,0.657125203,10,2,9,1,5,5.75,3.818181818,3.15,5.842105263
陡,5.333333333,5.736842105,4.363636364,2.85,3.157894737,0.301737545,10,4,4,3,5.409090909,5.5,4.227272727,2.85,3.157894737
峭,5.428571429,5.3,3.863636364,3.7,6.055555556,0.265525373,10,6,3,5,5.428571429,5.3,3.772727273,3.7,5.894736842
敘,4.428571429,6.526315789,3.318181818,3.1,2.684210526,0.999547884,11,7,3,1,4.409090909,6.3,3.136363636,3.1,2.684210526
諫,5.857142857,5.5,3.590909091,3.4,6,0.259185194,17,1,2,3,5.857142857,5.5,3.590909091,3.4,6
矽,6.285714286,4.35,3.636363636,3.35,5.368421053,0.563396849,8,5,10,1,6.285714286,4.35,3.590909091,3.35,5.368421053
据,5.428571429,5.15,3.136363636,2,4.684210526,0.174864309,11,1,0,1,5.428571429,5.15,2.954545455,2,4.684210526
琅,5.714285714,4.4,1.65,1.8947,5.052631579,0.385717674,11,5,6,1,5.727272727,4.4,2.136363636,2.05,5.052631579
搐,5.666666667,5.1,3.681818182,3.8,4.789473684,0.252751085,13,4,7,1,5.681818182,5.1,3.590909091,3.8,4.789473684
驛,5.904761905,4.95,4,3.5,5.833333333,0.404399887,23,7,15,1,5.904761905,4.95,3.909090909,3.5,5.578947368
捺,5.95,4.55,2.428571429,2.35,3.947368421,0.265525373,11,5,0,1,5.80952381,4.55,2.347826087,2.35,3.947368421
繚,5.523809524,5.263157895,2.545454545,1.8,3.578947368,-0.005121994,18,2,9,3,5.523809524,5.05,2.409090909,1.8,3.578947368
檀,5.476190476,5.4,4.181818182,3.75,6.105263158,0.55701005,17,10,2,2,5.476190476,5.4,4.181818182,3.75,6.105263158
鞦,4.380952381,5.45,4.909090909,4.35,3.526315789,-0.029255674,18,1,3,1,4.380952381,5.45,4.909090909,4.35,3.526315789
澇,6.1,4.6,1.714285714,2.7,4.052631579,0.167038971,15,3,5,1,5.952380952,4.6,2.045454545,2.7,4.052631579
汲,5.952380952,4.55,1.761904762,2.1053,3.631578947,0.582012319,7,3,5,2,5.952380952,4.55,2,2.35,3.631578947
澆,4,6.15,4.363636364,4.7,6.388888889,0.64152013,15,6,2,5,3.727272727,6.15,4.181818182,4.7,6.105263158
跤,4.75,5.4,4.227272727,3.85,5.947368421,0.116872362,13,2,4,1,4.571428571,5.4,4.272727273,3.85,5.947368421
儷,6.35,4.65,2.409090909,2.1,4.526315789,0.873834313,21,3,5,1,6.095238095,4.65,2.409090909,2.1,4.526315789
惚,5.476190476,4.9,2.095238095,2.3,5.473684211,0.107917519,11,1,7,1,5.476190476,4.9,2.409090909,2.3,5.473684211
憫,5.19047619,5.75,2.05,2.85,5.736842105,0.239589639,15,5,6,2,5.19047619,5.75,2.5,2.85,5.736842105
蜻,3.789473684,6.3,4.136363636,4.2,6.666666667,-0.041844801,14,2,5,1,3.80952381,6.3,4.363636364,4.2,6.526315789
蜓,4.3,5.8,5.136363636,4.8,6.421052632,-0.054809778,13,2,6,1,4.142857143,5.8,5.090909091,4.8,6.421052632
璋,5.714285714,3.95,2.363636364,1.8,5,0.435276454,15,2,9,2,5.727272727,3.95,2.181818182,1.8,5
掬,5.619047619,3.95,3.090909091,2.2105,4.526315789,-0.054809778,11,4,6,NA,5.619047619,3.95,3,2.45,4.526315789
餬,5.523809524,5.3,3.590909091,4.05,5.842105263,-0.041844801,17,1,11,1,5.523809524,5.3,3.409090909,4.05,5.842105263
淙,5.619047619,4,1.727272727,2.0526,3.473684211,-0.874353714,11,2,10,1,5.619047619,4,1.772727273,2.3,3.473684211
况,4.333333333,6.1,1.6,1.6316,2.421052632,1.953532269,7,0,2,NA,4.333333333,6.1,2.136363636,1.8,2.421052632
輟,5.80952381,5.3,2.428571429,2.9,3.947368421,0.505857528,15,5,4,1,5.80952381,5.3,2.818181818,2.9,3.947368421
錳,7,2.8,1.380952381,1.9474,5.684210526,-0.459380366,16,1,3,1,6.772727273,2.8,1.636363636,2.2,5.684210526
熔,5,5.75,4.727272727,4.3,6.5,0.593993617,14,0,13,2,5,5.75,4.5,4.3,6.368421053
拇,3.80952381,6.05,4.318181818,3.65,5.421052632,0.7769243,8,2,7,1,3.80952381,6.05,4.136363636,3.65,5.421052632
紳,4.904761905,6.05,3.590909091,3.4,2.789473684,0.815842366,11,3,11,3,4.904761905,6.05,3.545454545,3.4,2.789473684
腑,5.238095238,5.85,3.590909091,3.85,5.777777778,0.219067971,12,2,9,1,5.238095238,5.85,3.409090909,3.85,5.526315789
嚕,5.35,4.65,1.761904762,1.4211,4.684210526,0.204827532,18,2,0,2,5.142857143,4.65,2.045454545,1.6,4.684210526
濘,6.095238095,3.65,1.65,2.1,3.894736842,0.125646286,17,3,4,4,6.095238095,3.65,2.181818182,2.1,3.894736842
揩,5.9,4.05,2.363636364,2.95,4.842105263,0.049925572,12,1,0,1,5.666666667,4.05,2.272727273,2.95,4.842105263
娼,5.761904762,5.6,3.409090909,3.4,6.052631579,0.530480003,11,2,7,1,5.761904762,5.6,3.318181818,3.4,6.052631579
璀,5.45,5.45,2.636363636,2.1053,5.210526316,0.502223243,15,2,6,2,5.181818182,5.45,2.625,2.3,5.210526316
璨,5.142857143,5.2,3.409090909,3,4.842105263,0.591029138,17,2,1,3,5.142857143,5.2,3.227272727,3,4.842105263
鱗,4.761904762,5.842105263,5,5.7368,6.611111111,0.64678437,23,5,14,4,4.761904762,5.6,4.863636364,5.5,6.473684211
謔,6.238095238,4.2,2.681818182,2.0526,5.210526316,0.277934631,16,8,7,1,6.272727273,4.2,2.454545455,2.25,5.210526316
漱,4.75,5.65,4.409090909,4.15,5.684210526,0.049925572,14,4,8,1,4.571428571,5.65,4.272727273,4.15,5.684210526
嫉,4.80952381,6.15,3.590909091,3.35,4.894736842,0.399804135,13,3,4,2,4.80952381,6.15,3.636363636,3.35,4.894736842
繾,6.285714286,4.05,1.7,1.9474,3.526315789,-0.728225677,20,1,4,1,6.285714286,4.05,2,2.2,3.526315789
瑛,5.952380952,3.55,1.409090909,1.5263,4.157894737,0.763136016,13,0,8,1,5.952380952,3.55,1.409090909,1.7,4.157894737
孃,6.3,4.05,2.772727273,2.75,5.684210526,0.107917519,20,2,1,1,6.142857143,4.05,2.818181818,2.75,5.684210526
緹,6.095238095,3.85,1.409090909,1.3158,2.947368421,0.017740889,15,1,5,1,6.095238095,3.85,1.409090909,1.45,2.947368421
懺,5.952380952,5.1,3.545454545,3.4,5.578947368,0.51658139300000006,20,5,1,3,5.952380952,5.1,3.636363636,3.4,5.578947368
鏢,5.380952381,5.6,4.454545455,4.85,5.473684211,0.732027651,19,3,7,1,5.380952381,5.6,4.272727273,4.85,5.473684211
凄,4.952380952,6.05,2.380952381,2.2,3.473684211,-1.096202462,10,0,4,1,5.045454545,6.05,2.541666667,2.2,3.473684211
咆,4.761904762,5.45,3.727272727,4.05,6.055555556,0.277934631,8,1,1,3,4.761904762,5.45,3.652173913,4.05,5.842105263
秧,5.142857143,5.1,4.590909091,4.05,6.166666667,-0.096202463,10,2,3,3,5.142857143,5.1,4.434782609,4.05,5.894736842
拷,5.15,6.2,5.045454545,4.55,5.578947368,0.167038971,9,2,2,3,4.952380952,6.2,4.909090909,4.55,5.578947368
妞,4.80952381,6.15,4.227272727,4.7,6.5,0.324303373,7,2,4,3,4.80952381,6.15,4,4.7,6.368421053
鏞,6.35,3.9,1.666666667,1.7895,4.578947368,0.246220217,19,4,13,1,6.238095238,3.9,1.954545455,1.95,4.578947368
骯,5.095238095,4.75,3.727272727,3.15,3.947368421,0.498558289,14,1,0,5,5.095238095,4.75,3.454545455,3.15,3.947368421
峨,5.619047619,5.4,2.909090909,2.3158,5.777777778,0.070128958,11,3,6,2,5.619047619,5.4,2.954545455,2.55,5.578947368
慚,4.571428571,6.25,3.090909091,2.8,5.157894737,0.533886252,14,4,4,1,4.571428571,6.25,3,2.8,5.157894737
酪,4.571428571,5.65,3.636363636,3.9,4.736842105,0.51658139300000006,13,3,5,1,4.5,5.65,3.5,3.9,4.736842105
醣,6.85,3,1.714285714,2.7,4.631578947,0.017740889,17,0,9,1,6.761904762,3,2,2.7,4.631578947
仨,5.571428571,5.05,3.5,3.35,5.105263158,-0.342874797,5,2,2,1,5.571428571,5.05,3.5,3.35,5.105263158
烙,5.333333333,5.35,3.863636364,4,6.315789474,0.307489874,10,3,5,4,5.333333333,5.35,3.909090909,4,6.315789474
跣,6,3.9,3.227272727,3.5,5.555555556,0.721142508,13,5,3,1,5.818181818,3.9,3.272727273,3.5,5.368421053
噹,3.80952381,5.8,3.636363636,2.95,4.263157895,0.805074183,16,5,1,1,3.80952381,5.8,3.47826087,2.95,4.263157895
嘰,5.7,4.25,1.952380952,1.4737,5.526315789,-0.39723246,15,1,13,1,5.476190476,4.25,2.318181818,1.7,5.526315789
喳,4.666666667,5.7,2.428571429,1.8947,4.789473684,0.006459879,12,0,3,3,4.5,5.7,2.458333333,2.15,4.789473684
吁,5.714285714,4.35,1.80952381,1.6842,4.947368421,-0.272293722,6,3,3,3,5.714285714,4.35,2.043478261,1.9,4.947368421
嚥,5.25,5.95,4.454545455,4.35,6.611111111,0.219067971,19,2,2,1,5.047619048,5.95,4.173913043,4.35,6.473684211
嘿,4.142857143,6.15,1.65,1.3684,4.947368421,0.340490134,16,4,14,1,4.142857143,6.15,2.136363636,1.65,4.947368421
耘,5.19047619,5.4,3.181818182,3.8,NA,0.471999261,10,3,7,1,5.19047619,5.4,3.136363636,3.8,NA
吟,4.714285714,6.052631579,4.363636364,3.5,6.388888889,0.812282555,7,6,2,3,4.714285714,5.85,4.090909091,3.5,6.210526316
桔,3.761904762,6.578947368,6.047619048,6.05,6.055555556,0.329766269,10,1,1,1,3.761904762,6.45,5.727272727,6.05,5.894736842
澈,4.619047619,5.947368421,4.318181818,3.6,5.947368421,0.537265992,15,1,5,3,4.619047619,5.7,4.318181818,3.6,5.947368421
韜,5.904761905,4.8,2.181818182,1.85,1.5,0.748895577,12,4,2,1,5.904761905,4.8,2.173913043,1.85,1.736842105
嗓,4.666666667,6.263157895,3.545454545,3.65,6.166666667,0.295908002,13,6,2,1,4.666666667,6.1,3.545454545,3.65,5.947368421
嘮,5.19047619,5.35,3.272727273,3.55,5.578947368,-0.054809778,15,1,11,1,5.19047619,5.35,3.136363636,3.55,5.578947368
晌,5.285714286,5.55,3.318181818,3.15,3.894736842,-0.294570117,10,1,3,3,5.285714286,5.55,3.086956522,3.15,3.894736842
暄,5.380952381,4.9,2.818181818,2.6,4.210526316,0.125646286,13,2,5,1,5.318181818,4.9,2.818181818,2.6,4.210526316
餾,5.2,5.2,2.772727273,3,4.421052632,0.413448016,18,4,3,1,5,5.2,2.681818182,3,4.421052632
酵,5.285714286,5.55,3.136363636,4.2,5.421052632,0.963234724,14,2,4,3,5.285714286,5.55,3.227272727,4.2,5.421052632
誨,5.4,5.35,3.090909091,2,5.736842105,0.028736273,14,2,3,2,5.19047619,5.35,2.863636364,2.25,5.736842105
惘,5,6.052631579,2.727272727,2.25,5.944444444,0.491134271,11,3,5,1,5,5.85,2.727272727,2.25,5.684210526
眺,5.142857143,5.578947368,3.954545455,4.2,6.578947368,0.301737545,11,3,1,3,5.142857143,5.35,3.818181818,4.2,6.578947368
螳,4.619047619,6.052631579,4.227272727,4.15,6.421052632,0.060144738,17,3,9,1,4.619047619,5.85,4.318181818,4.15,6.421052632
渲,5.047619048,5.3,2.227272727,2.35,4.052631579,0.335161301,12,4,3,2,5.047619048,5.3,2.363636364,2.35,4.052631579
忱,5.95,4.6,1.80952381,2.6,4.842105263,0.089434113,7,6,1,1,5.714285714,4.6,2.045454545,2.6,4.842105263
膾,5.904761905,4.6,1.761904762,2.1579,3.368421053,0.190104275,17,1,4,1,5.904761905,4.6,2,2.4,3.368421053
濁,5.047619048,6.05,4.045454545,4.1,5.368421053,0.622575934,16,6,6,2,5.047619048,6.05,3.909090909,4.1,5.368421053
饞,5.428571429,5.526315789,4.363636364,3.55,6.210526316,-0.017021217,26,6,4,2,5.428571429,5.3,4.347826087,3.55,6.210526316
訕,5.65,5.25,1.904761905,2.3158,5.444444444,0.602767541,10,3,3,1,5.5,5.25,2.090909091,2.55,5.210526316
諉,6.6,3.75,1.476190476,1.5263,4.789473684,0.167038971,15,1,5,1,6.523809524,3.75,1.727272727,1.8,4.789473684
瞅,5.19047619,5.45,4.181818182,3.45,5.842105263,-0.342874797,14,5,3,1,5.19047619,5.45,3.869565217,3.45,5.842105263
蛟,5.4,4.95,3.818181818,4.05,5.473684211,0.049925572,12,1,4,1,5.19047619,4.95,3.818181818,4.05,5.473684211
釵,5.75,5.05,5.181818182,5.7,6.111111111,0.232856256,11,5,2,1,5.619047619,5.05,5.045454545,5.7,5.894736842
蜈,5.19047619,4.9,4.454545455,4.2,6.777777778,-0.459380366,13,1,4,1,5.19047619,4.9,4.454545455,4.2,6.631578947
蚣,4.5,5.95,5,3.95,6.666666667,-0.459380366,10,1,10,1,4.619047619,5.95,5.136363636,3.95,6.526315789
淌,5.55,4.8,2.818181818,2.4,4.947368421,0.190104275,11,2,6,1,5.318181818,4.8,2.545454545,2.4,4.947368421
妊,6,4.5,2.954545455,2.35,4.894736842,0.335161301,7,2,2,2,6,4.5,2.954545455,2.35,4.894736842
娠,6.1,5.05,3.363636364,2.5,6.222222222,0.340490134,10,2,4,3,5.857142857,5.05,3.5,2.5,5.947368421
祺,5.285714286,4.75,1.476190476,1.5263,3.263157895,0.922220619,12,0,18,1,5.318181818,4.75,1.681818182,1.8,3.263157895
稜,5.047619048,4.95,3.136363636,3.1,3.210526316,0.182551138,13,0,16,1,5.047619048,4.95,3,3.1,3.210526316
擢,6.45,3.5,1.952380952,2.1053,4.526315789,0.150952151,17,3,2,1,6.285714286,3.5,2.227272727,2.3,4.526315789
噗,5.2,5.4,2.681818182,2.25,4.947368421,-0.459380366,15,1,4,1,5,5.4,2.681818182,2.25,4.947368421
牒,4.666666667,5.947368421,3.227272727,4.4,NA,0.460100037,13,5,5,1,4.666666667,5.7,3,4.4,NA
舢,6.095238095,4.05,3.227272727,2.95,6.388888889,0.017740889,9,2,5,1,6.090909091,4.05,3.136363636,2.95,6.157894737
舨,6,4.45,2.909090909,4,6.611111111,0.017740889,10,1,5,1,6,4.45,3.045454545,4,6.368421053
縊,5.714285714,4.5,2.818181818,3.2,4.368421053,0.277934631,16,5,2,1,5.714285714,4.5,2.681818182,3.2,4.368421053
狎,6.7,3.45,1.8,1.4737,3.789473684,0.204827532,8,5,2,1,6.545454545,3.45,2.333333333,1.65,3.789473684
揉,5,6.368421053,5.090909091,5.15,6.388888889,0.335161301,12,2,14,4,4.80952381,6.2,4.954545455,5.15,6.263157895
壎,6.6,3.2,1.954545455,2.15,4.473684211,-0.874353714,18,3,5,1,6.523809524,3.2,2.045454545,2.15,4.473684211
搔,5,5.35,4.590909091,4.75,5.894736842,0.430997656,13,4,6,1,4.80952381,5.35,4.409090909,4.75,5.894736842
捏,4.19047619,5.9,4.818181818,4.65,6.157894737,0.520097967,10,6,4,3,4.227272727,5.9,4.681818182,4.65,6.157894737
蛻,4.904761905,6.263157895,3.954545455,3.75,6.055555556,0.520097967,13,5,2,4,4.909090909,6,3.818181818,3.75,5.894736842
榷,6.571428571,2.75,1.333333333,1.5263,4.315789474,0.197528293,14,5,5,4,6.571428571,2.75,1.636363636,1.65,4.315789474
鴕,4.523809524,5.15,5.136363636,5.15,6.210526316,0.277934631,16,2,7,1,4.523809524,5.15,5.227272727,5.15,6.210526316
幡,6.4,4.4,3.363636364,2.35,4.105263158,0.795892139,15,6,4,11,6.318181818,4.4,3.318181818,2.35,4.105263158
鐧,5.857142857,4.3,2.318181818,2.25,4.789473684,0.174864309,20,0,5,NA,5.857142857,4.3,2.409090909,2.25,4.789473684
倣,6.619047619,3.15,1.05,1.5,2.631578947,0.324303373,10,0,8,1,6.619047619,3.15,1.227272727,1.5,2.631578947
蛾,4.333333333,5.65,4.590909091,5.4211,6.631578947,-0.15835037,14,4,6,4,4.333333333,5.65,4.5,5.2,6.631578947
檜,6,3.95,1.8,2,4.789473684,0.167038971,17,0,4,1,6,3.95,2.363636364,2.25,4.789473684
黔,6,4.2,1.476190476,1.75,4.526315789,0.079888796,17,4,2,4,6,4.2,1.636363636,1.75,4.526315789
沂,6.571428571,2.157894737,1.285714286,1.35,3.578947368,0.125646286,7,0,16,1,6.571428571,2.4,1.454545455,1.35,3.578947368
淀,5.952380952,4.5,1.952380952,1.8947,3.421052632,-0.230901037,11,0,7,1,5.952380952,4.5,2.136363636,2.15,3.421052632
涸,5.380952381,5.45,3.727272727,3.25,5,0.142679626,11,3,5,1,5.380952381,5.45,3.695652174,3.25,5
燎,5.857142857,5.6,3.454545455,3.15,6.055555556,0.277934631,16,2,9,1,5.857142857,5.6,3.318181818,3.15,5.842105263
椋,6.7,2.85,1.476190476,1.5263,4.157894737,-1.573323722,12,1,9,1,6.523809524,2.85,1.772727273,1.7,4.157894737
圯,6.619047619,2.8,1.619047619,1.7368,4.894736842,-1.096202462,6,0,16,1,6.636363636,2.8,1.875,1.95,4.894736842
榣,6.85,2.157894737,1.238095238,1.9474,4.526315789,0.252751085,14,0,8,1,6.714285714,2.4,1.363636364,2.2,4.526315789
汎,6.85,3.6,1.363636364,1.85,3.368421053,-1.272293726,6,0,2,1,6.666666667,3.6,1.454545455,1.85,3.368421053
徇,5.666666667,5.3,2.454545455,1.8,2.947368421,0.089434113,9,6,5,1,5.666666667,5.3,2.52173913,1.8,2.947368421
鎬,6.7,4,1.681818182,2.2,5.263157895,1.221860872,18,3,5,2,6.571428571,4,1.636363636,2.2,5.263157895
羚,4.952380952,5.3,4.454545455,4.3,6.666666667,0.636191296,11,1,16,1,4.952380952,5.3,4.363636364,4.3,6.526315789
蜥,5.238095238,5.25,4.545454545,4.7,6.611111111,0.602767541,14,1,20,1,5.238095238,5.25,4.454545455,4.7,6.421052632
蜴,4.714285714,5.25,4.045454545,4.1,6.777777778,0.530480003,14,1,15,1,4.714285714,5.25,4.227272727,4.1,6.684210526
橇,5.476190476,4.7,5.272727273,4.85,5.052631579,0.356095208,16,1,5,1,5.476190476,4.7,5.090909091,4.85,5.052631579
猩,3.80952381,6.35,5.454545455,6,6.111111111,0.858040046,12,2,9,1,3.80952381,6.35,5.363636364,5.8,5.894736842
褶,5.55,5,3.727272727,4.65,5.421052632,0.265525373,16,1,0,1,5.333333333,5,3.590909091,4.65,5.421052632
饅,4.45,6.2,4.5,4.6,6,0.993702648,19,1,7,1,4.285714286,6.2,4.5,4.6,5.736842105
玟,5.9,4.3,1.55,1.3158,4.473684211,0.56021519,8,0,7,2,5.761904762,4.3,2.136363636,1.6,4.473684211
櫪,6.333333333,3.45,1.571428571,1.7895,4.789473684,-0.211595882,20,4,2,1,6.363636364,3.45,1.909090909,2,4.789473684
斕,6.571428571,4.15,1.333333333,1.5263,NA,-0.005121994,22,1,1,1,6.571428571,4.15,1.590909091,1.75,NA
碉,5.761904762,4.7,3.5,3,5.315789474,-0.230901037,13,2,7,1,5.761904762,4.7,3.272727273,3,5.315789474
咄,5.619047619,5.7,2.681818182,2.2632,5.578947368,0.585038774,9,2,2,1,5.619047619,5.7,2.818181818,2.45,5.578947368
蛹,5.428571429,5.5,4.954545455,5.4,6.611111111,-1.096202462,13,2,8,1,5.5,5.5,4.818181818,5.4,6.473684211
喙,5.047619048,5.05,4.5,3.75,6.105263158,0.089434113,12,6,3,4,5.047619048,5.05,4.260869565,3.75,6.105263158
蝗,5.047619048,5.75,4.772727273,4.7,6.882352941,0.985384852,15,2,11,1,5.047619048,5.75,5,4.7,6.684210526
脯,5.476190476,4.1,4.227272727,2.8,5.052631579,-0.427195683,11,4,9,3,5.454545455,4.1,4.090909091,2.8,5.052631579
榨,4.6,6,4.954545455,4.45,4.105263158,0.698517888,14,2,6,1,4.428571429,6,4.913043478,4.45,4.105263158
梢,5.380952381,4.35,3.090909091,2.6,5.473684211,0.142679626,11,2,1,1,5.380952381,4.35,3.090909091,2.6,5.473684211
棱,4.904761905,6.052631579,3.863636364,3.5,5.105263158,0.070128958,12,2,16,6,4.904761905,5.85,3.652173913,3.5,5.105263158
杞,4.666666667,5.842105263,4.545454545,3.7,4.894736842,0.56021519,7,3,3,3,4.666666667,5.6,4.347826087,3.7,4.894736842
瞼,6.285714286,4,3.545454545,2,4.789473684,-0.141959954,18,1,2,1,6.285714286,4,3.681818182,2.25,4.789473684
忻,6.6,3.9,1.333333333,1.3158,3.157894737,0.380918791,7,0,8,1,6.476190476,3.9,1.681818182,1.55,3.157894737
杧,6,3.1,2.227272727,1.9474,4.578947368,-0.272293722,7,0,0,NA,6,3.1,2.318181818,2.2,4.578947368
酩,6.047619048,4.1,2.454545455,1.9474,4.473684211,-0.15835037,13,3,3,1,6.047619048,4.1,2.227272727,2.2,4.473684211
鯽,5.523809524,4.2,3.863636364,3.35,6.611111111,-0.005121994,18,1,12,1,5.523809524,4.2,3.818181818,3.35,6.421052632
鎧,5.80952381,4.25,3.954545455,3.7,6.388888889,0.513036112,18,3,3,1,5.80952381,4.25,3.826086957,3.7,6.157894737
鏵,6.85,2.65,1.19047619,1.2632,4.526315789,-0.294570117,20,1,4,1,6.714285714,2.65,1.318181818,1.4,4.526315789
栩,5.571428571,5.55,1.904761905,2.7,4.842105263,0.575895395,10,1,3,1,5.571428571,5.55,2.272727273,2.7,4.842105263
沚,6.8,3.3,1.409090909,1.2105,3.368421053,-0.728225677,7,3,18,1,6.523809524,3.3,1.47826087,1.3,3.368421053
嫣,6.142857143,4.8,1.857142857,1.7895,5.777777778,0.84164963,14,6,6,5,6.142857143,4.8,2.136363636,2.05,5.526315789
匝,6.523809524,3,2.5,2.35,1.888888889,0.945190222,5,5,1,1,6.5,3,2.625,2.35,2.105263158
榆,5.666666667,4.15,1.714285714,1.6842,6.055555556,0.167038971,13,1,28,1,5.666666667,4.15,1.954545455,1.9,5.842105263
繒,6.75,2.055555556,1.3,1.6316,2.631578947,-0.971263726,18,0,12,1,6.619047619,2.55,1.681818182,1.8,2.631578947
絳,6.571428571,3.35,1.428571429,1.1667,2.611111111,0.107917519,12,3,2,1,6.571428571,3.35,1.636363636,1.45,2.842105263
吮,4.714285714,4.9,4,4.5,6.388888889,-0.029255674,7,4,0,1,4.714285714,4.9,4,4.5,6.210526316
鎔,5.904761905,3.25,1.285714286,1.9474,5.578947368,0.371158954,18,3,13,4,5.904761905,3.25,1.545454545,2.15,5.578947368
裨,6,3.65,1.954545455,2,3.421052632,0.239589639,15,6,5,2,6,3.65,2.130434783,2,3.421052632
濡,5.904761905,5,2.818181818,1.6842,5.105263158,0.239589639,17,2,28,1,5.904761905,5,2.818181818,1.85,5.105263158
觔,7,1.842105263,1.55,1.2222,3.526315789,-0.251104423,9,1,5,1,6.952380952,2.05,2.090909091,1.6,3.526315789
淥,5.761904762,3.6,2.454545455,1.6842,4.315789474,-0.054809778,17,2,10,1,5.761904762,3.6,2.5,1.85,4.315789474
琢,5.19047619,5.1,3.772727273,3.9,5.421052632,0.371158954,12,4,2,3,5.19047619,5.1,3.727272727,3.9,5.421052632
跛,4.7,5.8,5.045454545,4.55,6.473684211,0.530480003,12,4,0,1,4.80952381,5.8,4.818181818,4.55,6.473684211
睥,5.333333333,5.3,4.090909091,3.85,6.052631579,-0.041844801,13,1,0,1,5.333333333,5.3,3.909090909,3.85,6.052631579
醺,5.952380952,4.5,3.545454545,3.75,5.105263158,0.197528293,22,3,13,1,5.952380952,4.5,3.409090909,3.75,5.105263158
瞇,4.19047619,6.2,4.772727273,4.1,6.111111111,0.134246458,15,3,1,1,4.181818182,6.2,4.727272727,4.1,5.947368421
鐸,6.55,3.9,1.619047619,1.7,4.736842105,0.662204729,21,5,2,2,6.380952381,3.9,1.869565217,1.7,4.736842105
蝌,3.6,6.210526316,5.227272727,4.45,6.5,-0.971263726,15,1,1,1,3.761904762,5.95,5.227272727,4.45,6.315789474
蚪,4.047619048,5.3,4.318181818,4.1,6.333333333,-0.494142472,10,1,4,1,4.047619048,5.3,4.227272727,4.1,6.105263158
珩,6.7,2.85,1.333333333,1.1579,4.315789474,-0.294570117,10,0,4,1,6.571428571,2.85,1.636363636,1.35,4.315789474
鎯,6.19047619,3.45,3.181818182,2.1,4.263157895,-1.272293726,17,3,6,1,6.227272727,3.45,2.954545455,2.1,4.263157895
坳,5.80952381,4.7,2.954545455,2.65,5.210526316,0.252751085,8,2,0,1,5.80952381,4.7,2.913043478,2.65,5.210526316
琍,5.857142857,3.15,1.5,1.4211,4.052631579,0.284008778,11,0,11,1,5.857142857,3.15,2,1.6,4.052631579
饉,5.238095238,5.8,2.772727273,3.35,6.315789474,0.134246458,19,2,4,1,5.238095238,5.8,2.863636364,3.35,6.315789474
鍔,6.55,3.25,2.363636364,2.05,3.789473684,0.329766269,17,0,9,1,6.428571429,3.25,2.363636364,2.05,3.789473684
溏,4.904761905,5.25,3.636363636,2.9,4.894736842,-0.141959954,13,2,9,1,4.904761905,5.25,3.5,2.9,4.894736842
恪,6.428571429,3.6,1.772727273,2,4,0.483581133,9,4,5,3,6.428571429,3.6,1.772727273,2,4
縴,6.3,3.7,2.272727273,2.85,4.368421053,0.028736273,17,3,2,1,6.047619048,3.7,2.304347826,2.85,4.368421053
砲,4.428571429,5.55,4.863636364,5.6316,5.052631579,0.070128958,10,0,3,1,4.428571429,5.55,4.681818182,5.4,5.052631579
槐,5.619047619,5.25,2.285714286,2.75,5.789473684,0.212006117,14,3,2,1,5.619047619,5.25,2.5,2.75,5.789473684
嫺,6.15,4.2,1.590909091,1.4444,5.157894737,0.204827532,15,2,4,1,6,4.2,1.636363636,1.9,5.157894737
詣,6.1,4.8,1.909090909,1.9474,4.631578947,0.09877414,13,3,5,1,5.952380952,4.8,1.954545455,2.15,4.631578947
漳,6.15,4,1.428571429,2,4.526315789,-0.054809778,14,3,9,1,5.904761905,4,1.545454545,2,4.526315789
柿,3.952380952,5.75,5.363636364,5,5.473684211,0.422311476,9,3,7,2,3.952380952,5.75,5.227272727,5,5.473684211
烷,7,3.35,1.761904762,2.3,5.052631579,0.167038971,11,0,17,1,6.904761905,3.35,2.045454545,2.3,5.052631579
弒,6.19047619,5.65,5,4.25,NA,0.277934631,13,3,6,2,6.19047619,5.65,4.909090909,4.25,NA
曜,6.1,4.8,2.863636364,1.9,5.947368421,0.460100037,18,0,1,1,6,4.8,2.818181818,1.9,5.947368421
繕,6.55,4.2,2.454545455,2.1053,3.157894737,-0.211595882,18,2,5,1,6.380952381,4.2,2.545454545,2.35,3.157894737
酯,6.714285714,3.4,2.318181818,1.7368,4.368421053,0.107917519,13,0,18,1,6.714285714,3.4,2.409090909,2,4.368421053
姃,6.75,1.894736842,1.380952381,1.1579,3.421052632,-0.427195683,8,0,11,3,6.318181818,2.15,1.590909091,1.3,3.421052632
焜,6.9,3.5,1.571428571,1.4737,4.210526316,-0.272293722,12,1,6,1,6.80952381,3.5,1.652173913,1.7,4.210526316
鼾,5.4,5.1,4,4.5,6.5,0.142679626,17,3,2,1,5.19047619,5.1,4.045454545,4.5,6.315789474
襖,4.904761905,5.2,3.363636364,3.35,6.111111111,-0.342874797,19,2,0,1,4.909090909,5.2,3.454545455,3.35,5.842105263
皎,5.380952381,5.684210526,3.818181818,3.2,5.368421053,0.039460138,11,4,6,3,5.380952381,5.45,3.826086957,3.2,5.368421053
瀅,5.857142857,4.2,1.80952381,2,4.052631579,0.028736273,18,0,16,1,5.857142857,4.2,1.954545455,2.25,4.052631579
蛔,6.047619048,3.95,3.454545455,3.55,6.666666667,-0.573323719,12,1,3,1,6.047619048,3.95,3.681818182,3.55,6.578947368
炷,5.666666667,5.15,2.818181818,3.25,5.947368421,-0.054809778,9,1,6,1,5.666666667,5.15,2.727272727,3.25,5.947368421
烯,6.857142857,3.2,1.380952381,1.8947,4.631578947,0.340490134,11,0,14,1,6.857142857,3.2,1.590909091,2.1,4.631578947
磺,5.9,4.45,3,2.95,5.315789474,0.006459879,17,3,11,1,5.761904762,4.45,2.863636364,2.95,5.315789474
陛,4.761904762,5.25,3.727272727,2.5263,2.263157895,-0.795172469,10,5,4,1,4.761904762,5.25,3.739130435,2.75,2.263157895
珺,6.6,3.4,1.476190476,1.4737,3.842105263,0.028736273,11,0,1,1,6.333333333,3.4,1.727272727,1.75,3.842105263
滘,6.842105263,2.95,3.409090909,2.8,4.894736842,-0.041844801,13,2,6,1,6.666666667,2.95,3.636363636,2.8,4.894736842
鎢,6.65,2.95,1.666666667,2.0526,5,-0.251104423,18,2,4,1,6.409090909,2.95,1.863636364,2.3,5
蹭,5.333333333,5.842105263,3.863636364,2.85,5.105263158,-0.459380366,19,4,0,1,5.363636364,5.6,3.681818182,2.85,5.105263158
岡,5.857142857,5.05,2,2.25,2.277777778,1.340490134,8,4,7,2,5.857142857,5.05,2.5,2.25,2.526315789
辮,3.666666667,5.65,5.636363636,4.7,4.947368421,0.413448016,20,4,2,2,3.666666667,5.65,5.636363636,4.7,4.947368421
辨,4.476190476,6.5,2.545454545,3.2,NA,1.356095208,23,9,2,3,4.476190476,6.5,2.454545455,3.2,NA
瓣,5.15,5.6,4.772727273,5.25,3.526315789,0.912397708,26,6,2,4,4.952380952,5.6,4.565217391,5.25,3.526315789
狀,3.571428571,6.55,2.772727273,2.7,2.789473684,2.511681281,8,3,3,3,3.571428571,6.55,2.818181818,2.7,2.789473684
劃,4.4,6.736842105,4.136363636,4.25,4.263157895,2.557717213,14,4,3,2,4.238095238,6.6,4,4.25,4.263157895
觀,4.238095238,6.947368421,4.772727273,4.05,6.263157895,2.761712722,25,19,2,2,4.238095238,6.85,4.545454545,4.05,6.263157895
剛,3.8,6.842105263,2.238095238,2.55,3,2.45259628,10,11,7,3,3.666666667,6.7,2.545454545,2.55,3
都,2.666666667,6.789473684,1.80952381,2.1,2.5,3.35041236,11,5,2,1,2.666666667,6.5,2.086956522,2.1,2.736842105
頭,1.952380952,6.947368421,5.590909091,6.5263,2.631578947,3.086582979,16,18,1,1,1.952380952,6.85,5.47826087,6.3,2.631578947
救,3.142857143,6.631578947,3.909090909,4.25,2.578947368,2.56393542,11,12,9,2,3.142857143,6.45,3.818181818,4.25,2.578947368
部,3.8,6.947368421,2.363636364,2.1,3,3.175778467,11,18,4,10,3.666666667,6.85,2.409090909,2.1,3
政,4.238095238,6.631578947,2.954545455,2.65,2.526315789,3.350210424,9,6,6,1,4.227272727,6.35,2.954545455,2.65,2.526315789
顯,4.25,6.888888889,2.818181818,2.7,3.210526316,2.66147187,23,13,4,1,4.380952381,6.7,2.772727273,2.7,3.210526316
攻,4.1,6.65,4.090909091,4,3.052631579,2.454351998,7,5,10,2,3.952380952,6.65,4.272727273,4,3.052631579
收,2.857142857,6.631578947,4.363636364,3.45,2.631578947,3.022029185,6,6,3,1,2.954545455,6.35,4.181818182,3.45,2.631578947
期,3.095238095,7,2.19047619,1.9474,3.842105263,3.18266541,12,14,18,3,3.095238095,6.8,2.454545455,2.15,3.842105263
次,2.80952381,6.894736842,1.619047619,2.3158,2.315789474,3.230133398,6,10,7,6,2.80952381,6.8,1.818181818,2.55,2.315789474
預,3.7,6.55,1.75,2.75,2.842105263,2.712098556,13,9,16,5,3.454545455,6.55,2.318181818,2.75,2.842105263
形,3.3,6.888888889,3.681818182,3.4,2.333333333,2.732779491,7,7,16,7,3.428571429,6.7,3.590909091,3.4,2.578947368
影,3.142857143,6.55,4.909090909,5.15,2.368421053,3.107664107,15,16,1,5,3.227272727,6.55,4.772727273,5.15,2.368421053
視,3.142857143,6.888888889,4.590909091,4.15,2.947368421,2.985336861,12,7,10,4,3.045454545,6.7,4.454545455,4.15,2.947368421
動,3.142857143,7,3.863636364,3.65,5.388888889,3.343982191,11,18,5,4,3.142857143,6.8,3.772727273,3.65,5.210526316
煩,3.428571429,6.944444444,3.954545455,3.85,4.052631579,1.740964943,13,11,5,7,3.454545455,6.75,3.625,3.85,4.052631579
歡,3.55,6.894736842,4.5,3.7,2.166666667,2.545866164,22,13,1,4,3.428571429,6.8,4.590909091,3.7,2.421052632
卻,3.8,6.526315789,1.380952381,1.95,NA,2.748316131,9,6,0,11,3.636363636,6.25,1.590909091,1.95,NA
離,3.904761905,6.736842105,3.954545455,3.55,2.578947368,2.825917224,18,14,11,10,4,6.6,3.909090909,3.55,2.578947368
毆,4.904761905,5.95,4.045454545,4.25,3.052631579,1.523933592,15,3,1,1,4.904761905,5.95,4.181818182,4.25,3.052631579
判,4.714285714,6.473684211,3.227272727,3.45,3.105263158,2.509461652,7,13,2,7,4.714285714,6.3,3.136363636,3.45,3.105263158
新,3.047619048,7,3.318181818,4.1,1.888888889,3.368426163,13,17,11,3,3.047619048,6.9,3.409090909,4.1,2.157894737
切,3.428571429,6.736842105,4.272727273,5.2,6.722222222,2.449887574,4,19,5,4,3.409090909,6.6,4.041666667,5.2,6.526315789
顫,5.142857143,6,3.772727273,4.6,2.222222222,0.774981145,22,3,4,1,5.142857143,6,3.590909091,4.6,2.421052632
胡,3.619047619,6.421052632,2.454545455,2.25,2.210526316,2.228834035,9,4,11,5,3.619047619,6.15,2.47826087,2.25,2.210526316
錦,4.45,6.4,3.090909091,3.2,4.947368421,2.215622009,16,10,3,3,4.285714286,6.4,2.909090909,3.2,4.947368421
領,4.19047619,6.789473684,3.863636364,3.75,2.842105263,2.919771688,14,15,1,8,4.19047619,6.7,3.772727273,3.75,2.842105263
副,3.666666667,6.684210526,3.227272727,2.4,2.526315789,2.467476343,11,2,5,6,3.666666667,6.4,3.260869565,2.4,2.526315789
放,2.666666667,7,4.5,4.45,3,2.957886875,8,17,2,8,2.666666667,6.85,4.636363636,4.45,3
改,3.285714286,6.947368421,3.363636364,4.15,2.684210526,2.889418584,7,11,0,2,3.285714286,6.85,3.409090909,4.15,2.684210526
功,2.619047619,6.842105263,3.090909091,3.1,5.157894737,2.697355118,5,4,10,1,2.619047619,6.65,3.318181818,3.1,5.157894737
親,2.761904762,6.894736842,3.681818182,4.55,3.578947368,2.79945945,16,11,0,2,2.761904762,6.8,3.727272727,4.55,3.578947368
彩,2.666666667,6.894736842,4.454545455,4.45,2.842105263,2.231837183,11,9,4,5,2.666666667,6.8,4.545454545,4.45,2.842105263
額,3.571428571,6.368421053,5.090909091,4.85,3.105263158,2.453821948,18,6,0,4,3.571428571,6.1,4.913043478,4.85,3.105263158
群,3.666666667,6.6,4.545454545,4.25,5,2.291721004,13,7,2,1,3.666666667,6.6,4.391304348,4.25,5
雄,4.047619048,6.526315789,4.090909091,3.3,3.210526316,2.3499203,12,18,6,8,4.047619048,6.3,4,3.3,3.210526316
劇,3.714285714,6.4,5.318181818,4.7,2.444444444,2.72622716,15,6,0,1,3.714285714,6.4,5.318181818,4.7,2.684210526
故,3,6.526315789,2.590909091,1.8421,2.333333333,2.717178343,9,7,4,2,3,6.25,2.545454545,2.1,2.526315789
戲,3.380952381,6.894736842,4.818181818,4.9,2.526315789,2.587624763,17,14,5,5,3.380952381,6.8,4.695652174,4.9,2.526315789
致,4.095238095,6.65,2.181818182,2,NA,2.675531962,9,17,10,5,4.095238095,6.65,1.954545455,2.25,NA
刻,4.15,6.578947368,3.636363636,3.75,5.157894737,2.312320154,8,13,2,11,4,6.3,3.434782609,3.75,5.157894737
創,4.142857143,6.736842105,3.409090909,3.1,3.736842105,2.619912223,12,17,0,6,4.181818182,6.55,3.227272727,3.1,3.736842105
戰,4.095238095,6.789473684,4.681818182,4.65,5.421052632,3.060306305,16,5,4,1,4.095238095,6.7,4.5,4.65,5.421052632
效,4.142857143,6.842105263,1.761904762,2.45,2.736842105,2.533309071,10,11,2,3,4.142857143,6.75,1.954545455,2.45,2.736842105
鄂,6.6,3.3,2.454545455,1.7222,2.421052632,-0.054809778,12,3,9,1,6.476190476,3.3,2.545454545,2.25,2.421052632
殺,3.904761905,6.684210526,5.636363636,5.55,2.842105263,2.559448111,11,17,4,4,3.904761905,6.5,5.565217391,5.55,2.842105263
彭,4.428571429,6.263157895,2.272727273,1.4737,1.894736842,1.96044834,12,3,5,4,4.428571429,6.05,2.363636364,1.75,1.894736842
勸,4.761904762,6.55,3.136363636,3.95,4.947368421,1.706571262,20,3,2,5,4.761904762,6.55,3,3.95,4.947368421
勤,3.85,6.65,3.409090909,3.4,5.888888889,1.814955145,13,8,1,2,3.952380952,6.65,3.409090909,3.4,5.631578947
刑,5.095238095,6.315789474,4.318181818,4.25,5.333333333,2.244043298,6,6,16,2,5.095238095,6.05,4.173913043,4.25,5.105263158
朗,3.6,6.944444444,3.090909091,2.65,3.052631579,2.424804789,10,3,0,5,3.714285714,6.75,3.136363636,2.65,3.052631579
帥,4.476190476,6.736842105,4.909090909,4.7,1.947368421,2.0575108,9,4,3,6,4.476190476,6.6,4.727272727,4.7,1.947368421
敦,5.047619048,5.85,2.681818182,1.7778,2.473684211,2.094595967,12,11,3,3,5.047619048,5.85,2.681818182,2.2,2.473684211
項,4.05,6.578947368,3.227272727,1.7895,3.263157895,2.639476263,12,7,1,5,3.904761905,6.3,3.363636364,1.95,3.263157895
鄰,4,6.631578947,4.045454545,3.7,2.666666667,1.905531249,15,5,14,4,3.857142857,6.5,3.863636364,3.7,2.894736842
鄭,3.7,6.631578947,1.476190476,1.4737,1.777777778,2.33225631,15,4,0,1,3.571428571,6.5,1.727272727,1.75,2.052631579
靚,3.523809524,6.65,4.636363636,4.55,3.526315789,2.17687601,15,4,0,1,3.523809524,6.65,4.590909091,4.55,3.526315789
牆,3.476190476,6.6,6.136363636,6.05,4.157894737,2.026341061,17,11,6,3,3.476190476,6.6,6.090909091,6.05,4.157894737
欣,3,6.894736842,3.181818182,2.1053,1.736842105,2.211364881,8,5,8,1,3,6.75,3.181818182,2.35,1.736842105
斯,4,5.947368421,2,1.5263,NA,3.064025894,12,4,13,6,4,5.7,2.217391304,1.65,NA
頒,3.857142857,6.631578947,4,3.7,2.578947368,2.023932565,13,6,2,5,3.857142857,6.5,3.913043478,3.7,2.578947368
顧,4.3,6.421052632,3.272727273,2.85,3,2.493337584,21,15,4,1,4.142857143,6.15,3.217391304,2.85,3
敵,3.95,6.631578947,3.5,4.4,2.684210526,2.177570202,15,8,8,3,3.80952381,6.5,3.590909091,4.4,2.684210526
翻,3.714285714,6.6,4.136363636,4,2.736842105,2.222556299,18,8,4,10,3.714285714,6.6,4,4,2.736842105
毀,4.571428571,6.25,4.636363636,4.1,2.888888889,1.978857621,13,6,5,3,4.545454545,6.25,4.454545455,4.1,3.105263158
鄧,3.571428571,6.052631579,1.80952381,1.2105,2.222222222,2.046187003,15,0,2,1,3.571428571,5.8,2.045454545,1.3,2.473684211
頓,4.05,6.368421053,3.272727273,2,2.578947368,2.38828719,13,7,2,12,4.19047619,6.1,3.318181818,2.2,2.578947368
豫,5.333333333,5.15,2,1.7895,NA,0.988969146,16,3,16,11,5.333333333,5.15,2.181818182,2,NA
敷,4.952380952,5.7,4.545454545,4.7,2.526315789,1.287014288,15,5,9,6,4.952380952,5.7,4.545454545,4.7,2.526315789
卦,4.714285714,5.6,3.363636364,3.7,NA,1.114205243,8,6,1,2,4.727272727,5.6,3.272727273,3.7,NA
願,4,6.789473684,3.409090909,2.5,2.388888889,2.411653408,19,13,2,6,3.857142857,6.7,3.409090909,2.5,2.631578947
刊,4.45,6.25,4.090909091,4.75,3.052631579,2.0405181040000002,5,11,1,3,4.285714286,6.25,4,4.75,3.052631579
刺,4.047619048,6.5,5.619047619,5.6,5.833333333,2.220047531,8,10,7,7,4.047619048,6.5,5.272727273,5.6,5.631578947
鴉,4.5,6.35,5,5.45,6.941176471,1.11241802,15,4,2,2,4.333333333,6.35,5.090909091,5.45,6.736842105
鶴,5,5.1,5.80952381,5.15,6.578947368,1.299415109,21,7,1,3,5,5.1,5.5,5.15,6.578947368
魄,5.380952381,6,2.863636364,2.5,3.210526316,0.872280485,15,5,5,6,5.380952381,6,2.954545455,2.5,3.210526316
叔,2.428571429,6.631578947,4.863636364,4.9,NA,1.764135543,8,6,4,12,2.428571429,6.35,4.863636364,4.9,NA
剝,4.333333333,5.95,4.681818182,4.6,5.052631579,1.377041136,10,6,0,7,4.333333333,5.95,4.565217391,4.6,5.052631579
歐,4.476190476,6.45,3.227272727,2.75,1.842105263,2.578291254,15,1,2,3,4.476190476,6.45,3.227272727,2.75,1.842105263
穌,4.047619048,5.95,2.954545455,2.7,2.578947368,0.884558179,16,0,6,2,4.047619048,5.95,2.954545455,2.7,2.578947368
彬,5.047619048,5.3,3.181818182,1.8333,3.263157895,1.268035752,11,4,6,3,5.047619048,5.3,3.318181818,2.35,3.263157895
鄺,5.476190476,5.631578947,1.333333333,1.2632,2.684210526,1.27670954,18,0,2,1,5.476190476,5.4,1.636363636,1.35,2.684210526
頸,2.857142857,6.45,6.090909091,6.3158,2.111111111,1.890867652,16,4,0,3,2.772727273,6.45,5.954545455,6.1,2.368421053
妝,4.571428571,6.789473684,5.318181818,5.2,2.421052632,1.82686877,7,7,7,5,4.571428571,6.65,5.272727273,5.2,2.421052632
甄,5.714285714,5,1.523809524,1.6316,2.222222222,1.370665157,14,10,8,7,5.714285714,5,1.782608696,1.8,2.473684211
皺,4.571428571,6,5.272727273,4.95,NA,1.096922135,15,3,3,1,4.571428571,5.8,5.272727273,4.95,NA
戥,6.8,2.473684211,2.636363636,1.9474,4.473684211,0.746822568,13,4,2,1,6.619047619,2.7,2.409090909,2.15,4.473684211
斂,5.285714286,5.45,2.05,2.4737,2.631578947,1.09877414,17,6,2,1,5.181818182,5.45,2.333333333,2.7,2.631578947
剃,4.619047619,5.65,5.090909091,5.35,5.894736842,0.988969146,9,3,4,2,4.619047619,5.65,5,5.35,5.894736842
剖,5.285714286,6.315789474,4.454545455,4.65,5.833333333,1.239589639,10,11,1,3,5.285714286,6.15,4.272727273,4.65,5.578947368
斟,4.904761905,5,3.954545455,3.35,NA,1.036270691,13,3,1,1,4.909090909,5,3.772727273,3.35,NA
壯,4.142857143,6.736842105,4.818181818,4.35,2.684210526,1.797189371,7,15,1,2,4.142857143,6.65,4.727272727,4.35,2.684210526
敍,4.285714286,6.1,2.238095238,2.65,NA,1.422749936,11,0,6,NA,4.272727273,6.1,2.291666667,2.65,NA
翩,5.15,5.947368421,3.5,2.8,5.421052632,0.443709621,15,3,4,1,5.045454545,5.7,3.590909091,2.8,5.421052632
刮,4.35,6.1,4.772727273,4.6,5.473684211,1.051988733,8,5,1,4,4.19047619,6.1,4.681818182,4.6,5.473684211
猷,6.80952381,3.55,1.380952381,1.9,2.789473684,0.654562986,13,2,14,6,6.80952381,3.55,1.545454545,1.9,2.789473684
覷,6.333333333,4.3,3.409090909,2.7,5.722222222,0.649392753,19,11,3,5,6.333333333,4.3,3.181818182,2.7,5.473684211
斜,4.095238095,6.55,4.772727273,4.7,NA,1.644160226,11,9,2,5,4.095238095,6.55,4.772727273,4.7,NA
彰,5.380952381,4.7,2.863636364,2.4,2.421052632,1.170969265,14,6,9,1,5.380952381,4.7,2.590909091,2.4,2.421052632
綑,5.095238095,5.75,4.590909091,5.0526,5.666666667,0.833216462,13,0,2,1,5.136363636,5.75,4.458333333,4.85,5.421052632
毅,4.952380952,6.157894737,2.714285714,2.65,2.166666667,1.604212782,15,5,5,4,4.952380952,5.95,3,2.65,2.315789474
鴿,4.095238095,6.35,5.909090909,6,6.736842105,0.935878804,17,4,0,1,4.095238095,6.35,5.818181818,6,6.736842105
欽,5.666666667,5.35,1.772727273,1.6842,3.578947368,1.017740889,12,7,4,3,5.666666667,5.35,1.818181818,1.95,3.578947368
鵪,5.428571429,4.65,4.454545455,4.8,6.666666667,-0.029255674,19,1,1,1,5.428571429,4.65,4.590909091,4.8,6.473684211
鶉,5.904761905,4.15,3.545454545,4.25,6.666666667,-0.029255674,19,2,6,1,5.904761905,4.15,3.636363636,4.25,6.526315789
勛,5.80952381,4.7,3.545454545,2.5,3.736842105,0.513036112,12,3,13,1,5.80952381,4.7,3.739130435,2.5,3.736842105
剎,5.55,5.75,3.272727273,2.6842,4.526315789,0.66722553,9,6,4,7,5.333333333,5.75,3.272727273,2.9,4.526315789
甥,4.666666667,5.4,3.909090909,3.65,NA,0.520097967,12,2,3,1,4.666666667,5.4,4.045454545,3.65,NA
邨,3.619047619,6.45,4.590909091,4.95,2.789473684,1.98694168,7,0,3,NA,3.681818182,6.45,4.5,4.95,2.789473684
剔,4.285714286,5.95,4.181818182,4.15,4.526315789,1.111521644,10,2,3,6,4.285714286,5.95,4.136363636,4.15,4.526315789
鄒,5.8,4.4,1.952380952,1.9474,2.473684211,1.085641124,13,0,6,1,5.363636364,4.4,2.318181818,2.15,2.473684211
劏,5.095238095,5.9,4.727272727,4.55,5.578947368,1.409399669,15,0,1,NA,5.095238095,5.9,4.739130435,4.55,5.578947368
祁,6.761904762,3.3,1.285714286,1.0526,3.526315789,0.307489874,7,2,18,2,6.772727273,3.3,1.409090909,1.25,3.526315789
鵲,5.380952381,4.45,5.227272727,5.2,6.666666667,0.677096284,19,7,5,1,5.380952381,4.45,5.272727273,5.2,6.578947368
牀,3.428571429,6.736842105,5.636363636,5.9474,4.368421053,1.740754274,8,0,2,5,3.428571429,6.6,5.545454545,5.7,4.368421053
孜,5.761904762,4.1,2.863636364,2.3158,2.578947368,0.366195535,7,4,17,1,5.761904762,4.1,2.681818182,2.55,2.578947368
鄙,5.380952381,5.55,3.590909091,2.75,2.315789474,0.700834131,14,2,1,1,5.380952381,5.55,3.363636364,2.75,2.315789474
敝,5.285714286,5.05,2.142857143,2.3,2.578947368,0.246220217,11,4,4,5,5.318181818,5.05,2.416666667,2.3,2.578947368
邸,6.19047619,4.5,3.363636364,3.9,2.947368421,0.582012319,8,1,6,1,6.19047619,4.5,3.363636364,3.9,2.947368421
歎,4.55,6.55,3.227272727,3.7,2.315789474,1.457276004,15,0,3,1,4.380952381,6.55,3.272727273,3.7,2.315789474
瓢,5.476190476,4.95,4.363636364,3.9,3.315789474,-0.081962024,16,1,1,1,5.476190476,4.95,4.181818182,3.9,3.315789474
划,4.857142857,5.95,4.954545455,5,4.315789474,0.790288262,6,6,6,2,4.857142857,5.95,4.954545455,5,4.315789474
鵰,5.095238095,5.947368421,5.045454545,5.6,6.722222222,0.435276454,19,4,7,1,5.095238095,5.7,5.181818182,5.6,6.631578947
鳩,6.285714286,5.15,2.863636364,3.5,5.473684211,1.015508007,13,5,0,1,6.045454545,5.15,2.958333333,3.5,5.473684211
頰,4.285714286,5.65,5.045454545,5.4211,2.894736842,0.786511764,16,7,5,1,4.285714286,5.65,5.181818182,5.2,2.894736842
勘,6.142857143,4.75,2,2.6,3.736842105,0.879994622,11,8,2,3,6.142857143,4.75,2.090909091,2.6,3.736842105
朔,5.952380952,4.4,2.363636364,2.3,2.894736842,0.638863886,10,13,1,7,5.952380952,4.4,2.454545455,2.3,2.894736842
鵑,5.3,4.75,3.727272727,3.95,6.294117647,-0.029255674,18,3,3,2,5.095238095,4.75,3.681818182,3.95,5.736842105
雌,5.047619048,6.2,4.272727273,4.15,3.052631579,1.082774484,14,4,5,4,5.047619048,6.2,4.090909091,4.15,3.052631579
翎,6.5,4.25,2.818181818,2.2632,4.473684211,0.09877414,11,5,16,1,6.333333333,4.25,2.608695652,2.5,4.473684211
覬,6,4.3,2.727272727,2.2632,5.105263158,0.09877414,17,3,3,1,6,4.3,2.772727273,2.5,5.105263158
覦,6.473684211,4.25,3.409090909,3.15,5,0.089434113,16,1,28,1,6.238095238,4.25,3.454545455,3.15,5
鵠,6.55,4.15,3.909090909,3.95,6.157894737,-0.272293722,18,6,6,1,6.380952381,4.15,3.818181818,3.95,6.157894737
戳,5.19047619,5.15,4.545454545,4.6,4.052631579,0.385717674,18,4,7,5,5.181818182,5.15,4.375,4.6,4.052631579
懿,6.75,4.35,2,1.3333,NA,0.838295988,22,10,1,4,6.619047619,4.35,1.727272727,1.6,NA
赦,5.619047619,4.95,2.681818182,2.45,2.526315789,0.729872339,11,3,3,1,5.619047619,4.95,2.727272727,2.45,2.526315789
敞,4.95,5.5,3.136363636,3.35,2.315789474,0.636191296,12,3,6,4,4.761904762,5.5,3,3.35,2.315789474
雛,5.85,4.9,3.090909091,3.45,3.631578947,0.689127372,18,3,4,1,5.714285714,4.9,3.181818182,3.45,3.631578947
顎,5.761904762,4.55,4.590909091,4.65,2.736842105,0.575895395,18,5,9,1,5.761904762,4.55,4.545454545,4.65,2.736842105
戮,5.904761905,4.4,3.136363636,3.35,5.210526316,0.313167007,15,1,10,1,5.904761905,4.4,3.136363636,3.35,5.210526316
顱,5.80952381,4.3,4.090909091,4.7,2.789473684,0.7788588,25,2,11,3,5.727272727,4.3,3.916666667,4.7,2.789473684
鸚,4.285714286,5.2,5.80952381,5.5,6.842105263,0.705429883,28,3,8,1,4.285714286,5.2,5.5,5.5,6.842105263
効,5.714285714,3.85,1.619047619,1.65,4.684210526,0.839976046,8,0,2,NA,5.5,3.85,1.727272727,1.65,4.684210526
郝,6.4,3.7,1.285714286,1.2105,2.055555556,0.88907428,10,0,5,1,6.238095238,3.7,1.52173913,1.4,2.263157895
叙,4.904761905,5.7,1.761904762,2.45,NA,-0.175383709,9,0,6,NA,4.904761905,5.7,2.045454545,2.45,NA
歆,6.523809524,3.2,1.428571429,1.45,NA,-0.573323719,12,4,4,1,6.523809524,3.2,1.652173913,1.45,NA
鵡,5.2,4.9,3.318181818,4.75,6.666666667,0.67218895,19,1,7,1,5,4.9,3.318181818,4.75,6.526315789
鄔,6.5,3.4,1.380952381,1.35,2.736842105,0.079888796,13,0,4,1,6.363636364,3.4,1.590909091,1.35,2.736842105
鷗,4.714285714,5.95,5.181818182,5.6,6.888888889,0.578964626,22,1,2,1,4.714285714,5.95,5.045454545,5.6,6.789473684
刨,4.19047619,5.894736842,4.636363636,4.45,5.473684211,0.997219222,7,3,1,5,4.227272727,5.65,4.5,4.45,5.473684211
颯,6.35,4.05,2.045454545,2.0526,3.263157895,-0.175383709,14,3,3,4,6.19047619,4.05,2.173913043,2.25,3.263157895
郴,6.6,3.05,1.2,1.0526,2.111111111,-0.874353714,11,1,6,1,6.428571429,3.05,1.590909091,1.15,2.315789474
劾,6.333333333,3.95,2.636363636,1.85,4.368421053,0.295908002,8,4,3,1,6.333333333,3.95,2.545454545,1.85,4.368421053
翱,6.19047619,4.55,3.590909091,3.25,5.894736842,0.366195535,16,1,5,1,6.19047619,4.55,3.5,3.25,5.894736842
一,1,7,4.727272727,4.75,NA,4.029181197,1,12,1,2,1.090909091,6.8,4.454545455,4.75,NA
丁,3.047619048,6.789473684,2.5,2.2632,NA,1.925675645,2,8,4,2,3.090909091,6.5,2.636363636,2.5,NA
七,1,6.842105263,4.272727273,4.35,NA,2.876062104,2,12,1,2,1.095238095,6.65,4,4.35,NA
丈,3.952380952,6.368421053,3.863636364,3.2,NA,1.983702004,3,8,5,5,3.952380952,6.15,3.954545455,3.2,NA
三,1,6.947368421,4.636363636,4.95,NA,3.384101577,3,17,2,2,1.19047619,6.85,4.739130435,4.95,NA
上1,1.3,7,5.227272727,5,NA,3.576378702,3,17,1,5,1.428571429,6.9,5.363636364,5,NA
下,1.3,6.947368421,4.772727273,4.55,NA,3.387850494,3,15,2,4,1.476190476,6.85,4.772727273,4.55,NA
不,1.476190476,6.894736842,3.954545455,3.85,NA,3.914813658,4,7,2,3,1.476190476,6.75,4.181818182,3.85,NA
丐,4.238095238,5.8,4.681818182,4.65,NA,0.447865581,4,6,5,1,4.238095238,5.8,4.52173913,4.65,NA
丑,3.619047619,6.25,5.181818182,3.85,NA,0.705429883,4,6,1,2,3.619047619,6.25,5.090909091,3.85,NA
且,3.428571429,6.3,1.4,1.25,NA,2.572556078,5,6,1,3,3.428571429,6.3,1.869565217,1.25,NA
世,2.857142857,6.631578947,3.227272727,2.45,NA,2.958282914,5,11,3,3,2.909090909,6.35,3.090909091,2.45,NA
丘,4.571428571,6,4.681818182,4.8,NA,1.061153552,5,5,7,3,4.571428571,6,4.590909091,4.8,NA
丙,3.619047619,6.473684211,1.666666667,1.8947,NA,0.900892546,5,4,3,4,3.590909091,6.2,1.954545455,2.15,NA
丞,5.333333333,5.75,3.181818182,2.3684,NA,0.858040046,6,5,7,2,5.333333333,5.75,3.318181818,2.55,NA
丟,3.523809524,6.65,4.272727273,4.45,NA,1.399804135,6,7,7,4,3.523809524,6.65,4.318181818,4.45,NA
両,5.238095238,4.7,3.454545455,3.15,NA,0.905242777,6,0,1,NA,5.238095238,4.7,3.318181818,3.15,NA
並,3.333333333,6.789473684,1.80952381,1.3158,NA,3.110973944,8,7,0,3,3.363636364,6.65,2.045454545,1.5,NA
丫,3.714285714,5.842105263,2.909090909,1.7895,NA,0.959430661,3,2,2,2,3.714285714,5.6,3.181818182,2.05,NA
中1,2.047619048,6.947368421,4.409090909,3.8,NA,3.752954779,4,45,10,8,2.047619048,6.85,4.409090909,3.8,NA
串,3.333333333,6.6,5.681818182,5.35,NA,1.952368806,7,11,3,3,3.333333333,6.6,5.636363636,5.35,NA
丸,3.142857143,6.684210526,5.818181818,5.45,NA,1.386194659,3,3,8,1,3.142857143,6.55,5.681818182,5.45,NA
丹,3.7,6.3,4.136363636,3.7,NA,2.073080008,4,8,1,3,3.818181818,6.3,3.909090909,3.7,NA
主,3.047619048,6.947368421,3.727272727,3.3,NA,3.392287147,5,14,2,2,3.047619048,6.85,3.818181818,3.3,NA
乃,4.285714286,6.3,1.285714286,1.3,NA,1.836609405,2,8,2,2,4.285714286,6.3,1.590909091,1.3,NA
久,3.285714286,6.684210526,2.380952381,2.8,NA,2.235427254,3,7,5,2,3.285714286,6.4,2.5,2.8,NA
之,3.3,6.684210526,1.3,1.2,NA,3.329348059,4,21,17,2,3.476190476,6.4,1.727272727,1.2,NA
乍,5.428571429,5,1.409090909,1.2105,NA,0.829796803,5,5,6,2,5.428571429,5,1.409090909,1.45,NA
乎,3.904761905,6.25,1.380952381,1.1053,NA,2.424281069,5,3,3,2,3.909090909,6.25,1.636363636,1.25,NA
乏,4.714285714,6.5,2.909090909,1.8421,NA,1.91971587,5,7,5,2,4.714285714,6.5,2.863636364,2.1,NA
乒,3.714285714,6.210526316,3.5,3,NA,1.062160029,6,1,2,NA,3.714285714,5.95,3.545454545,3,NA
乓,3.65,5.947368421,3.772727273,3.25,NA,0.900892546,6,1,1,NA,3.545454545,5.7,3.636363636,3.25,NA
乖,2.666666667,6.684210526,4.636363636,3.75,NA,1.55378108,8,7,0,7,2.666666667,6.4,4.454545455,3.75,NA
乘,3.333333333,6.894736842,4.454545455,3.9,NA,2.409218864,10,15,7,2,3.409090909,6.75,4.333333333,3.9,NA
乙,3.476190476,5.9,2,1.8947,NA,1.445792572,1,3,6,2,3.476190476,5.9,2.260869565,2.15,NA
九,1.4,6.947368421,4.045454545,4.3,NA,2.907645659,2,5,5,2,1.681818182,6.85,3.75,4.3,NA
乞,3.952380952,6.315789474,5,4.45,NA,1.008739645,3,5,0,2,3.952380952,6.15,5,4.45,NA
也,2.857142857,6.842105263,1.666666667,1.2,NA,3.2020464,3,3,0,2,2.857142857,6.75,2,1.2,NA
乳,3.952380952,6.4,5.090909091,4.95,NA,1.666726054,8,7,7,2,3.952380952,6.4,5,4.95,NA
亂,3.619047619,6.789473684,5.227272727,4.55,NA,2.331013074,13,9,0,3,3.619047619,6.7,5.136363636,4.55,NA
了,2.15,6.789473684,1.523809524,1.0526,NA,3.420852607,2,19,1,8,2.380952381,6.5,1.818181818,1.15,NA
予,4.523809524,6.4,2.5,2,NA,2.263063701,4,16,7,3,4.523809524,6.4,2.636363636,2,NA
事,3.047619048,6.947368421,2.318181818,2.5,NA,3.448980905,8,12,10,7,3.047619048,6.85,2.409090909,2.5,NA
二,1,6.894736842,4.5,4.65,NA,3.268679833,2,8,3,1,1.090909091,6.8,4.272727273,4.65,NA
于,4.095238095,5.6,1.380952381,1.6,NA,1.305198077,3,3,5,4,4.095238095,5.6,1.565217391,1.6,NA
云,4.380952381,6.526315789,4.363636364,3.6,NA,1.36016357,4,2,7,2,4.380952381,6.35,4.454545455,3.6,NA
互,3.380952381,6.631578947,3.318181818,2.75,NA,2.442957306,4,5,5,1,3.380952381,6.5,3.5,2.75,NA
五,1,6.947368421,4.363636364,4.25,NA,3.146728032,4,2,3,1,1.19047619,6.85,4.318181818,4.25,NA
井,3.428571429,6.736842105,6.333333333,6.15,NA,1.750134649,4,9,0,2,3.428571429,6.55,6.090909091,6.15,NA
亘,6.6,2.7,1.238095238,1.1579,NA,-0.005121994,6,0,4,NA,6.428571429,2.7,1.454545455,1.25,NA
亙,5.571428571,4.6,2.590909091,1.3684,NA,-0.141959954,6,5,4,2,5.636363636,4.6,2.636363636,1.5,NA
些,3.285714286,6.944444444,2.363636364,1.5263,NA,2.743778094,8,2,0,2,3.285714286,6.75,2.318181818,1.65,NA
亞,3.904761905,6.842105263,1.666666667,1.8421,NA,2.935878804,8,4,4,2,3.904761905,6.7,1.909090909,2.1,NA
亡,2.9,6.789473684,4.636363636,4.25,NA,2.314349834,3,6,4,1,3.047619048,6.5,4.636363636,4.25,NA
亢,5.285714286,5,2.863636364,2.4,NA,0.736306449,4,7,1,2,5.285714286,5,2.772727273,2.4,NA
交,2.857142857,7,2.909090909,2.6,NA,2.985756603,6,9,4,3,2.857142857,6.8,3.090909091,2.6,NA
亥,5.75,4.7,1.523809524,1.55,NA,0.51658139300000006,6,0,1,1,5.523809524,4.7,1.863636364,1.55,NA
亦,4.380952381,6.473684211,1.2,1.1053,NA,3.206871139,6,6,15,2,4.380952381,6.2,1.590909091,1.25,NA
亨,4.80952381,5.7,2.409090909,2.45,NA,1.561808933,7,3,2,2,4.80952381,5.7,2.681818182,2.45,NA
享,3.95,6.526315789,3.181818182,3,NA,2.312772014,8,9,3,2,3.80952381,6.4,3.217391304,3,NA
京,4.047619048,6.888888889,3.136363636,3.2,NA,2.653688378,8,11,5,2,4.047619048,6.6,3.272727273,3.2,NA
亮,2.666666667,6.789473684,4.636363636,4.05,NA,2.179799527,9,4,2,3,2.666666667,6.5,4.5,4.05,NA
人,1.4,7,6.65,6.2,NA,3.950041599,2,14,2,1,1.523809524,6.9,6.409090909,6.2,NA
仁,3.75,6.578947368,2.285714286,3.25,NA,2.384809958,4,15,2,2,3.904761905,6.45,2.681818182,3.25,NA
今,2.3,7,2.333333333,2.75,NA,3.318910059,4,15,3,1,2.476190476,6.9,2.565217391,2.75,NA
介,3.75,6.684210526,2.681818182,1.8947,NA,2.386003928,4,16,7,3,3.904761905,6.4,2.590909091,2.1,NA
付,4.047619048,6.842105263,3.5,3.4,NA,2.351472278,5,6,8,1,4.047619048,6.75,3.47826087,3.4,NA
仝,6.3,4.2,2.318181818,2.3,NA,-0.369203735,5,0,10,NA,6.142857143,4.2,2.454545455,2.3,NA
令,2.761904762,6.888888889,2.818181818,2.4,NA,3.04989455,5,8,2,2,2.761904762,6.7,3.090909091,2.4,NA
以,3.047619048,6.842105263,1.25,1.1579,NA,3.604847167,4,14,8,9,3.045454545,6.65,1.863636364,1.4,NA
件1,3.095238095,6.947368421,3.181818182,3.6,NA,2.239255437,6,12,2,2,3.095238095,6.85,3.045454545,3.6,NA
企,3.047619048,6.894736842,5.590909091,4.55,NA,2.41007702,6,12,0,2,3.047619048,6.8,5.5,4.55,NA
伊,4.4,6.388888889,1.65,1.4211,NA,2.4071796,6,3,4,2,4.523809524,5.95,2.090909091,1.65,NA
伏,4.761904762,6.789473684,3.727272727,4.45,NA,1.60651521,6,17,3,1,4.761904762,6.65,3.772727273,4.45,NA
伐,4.80952381,5.95,4.5,3.6,NA,1.504044187,6,7,5,2,4.818181818,5.95,4.409090909,3.6,NA
休,2.666666667,6.526315789,3.772727273,4.05,NA,2.39445819,6,9,7,4,2.666666667,6.4,3.681818182,4.05,NA
位,3.333333333,6.842105263,3.954545455,3.2,NA,3.179147288,7,6,9,1,3.333333333,6.7,3.818181818,3.2,NA
佘,5.2,5.05,1.727272727,1.4,NA,1.249497927,7,0,1,NA,5,5.05,1.863636364,1.4,NA
余,4.095238095,6.526315789,1.238095238,1.3684,NA,1.750340817,7,0,28,2,4.095238095,6.35,1.5,1.55,NA
你,1.761904762,7,4.090909091,3.75,NA,2.926294642,7,5,2,1,1.761904762,6.8,4.043478261,3.75,NA
佩,4.047619048,6.526315789,3.909090909,3.1,NA,1.939227275,8,3,4,2,4.047619048,6.4,3.739130435,3.1,NA
侃,6.2,4.05,1.619047619,2.25,NA,0.753012143,8,5,1,3,6.095238095,4.05,1.863636364,2.25,NA
來,2.619047619,6.947368421,3.045454545,3.7,NA,3.453711779,8,5,2,4,2.545454545,6.8,3.181818182,3.7,NA
侖,5.666666667,4.5,1.238095238,1.2632,NA,0.475894304,8,1,14,2,5.666666667,4.5,1.5,1.45,NA
侯,4.238095238,6.157894737,1.904761905,2,NA,1.510178902,9,3,2,2,4.238095238,5.95,2.227272727,2.25,NA
侵,4.3,6.736842105,4.227272727,3.65,NA,1.94676661,9,13,0,1,4.428571429,6.6,4.227272727,3.65,NA
便1,3.19047619,6.736842105,2.772727273,2.75,NA,2.856476993,9,17,2,8,3.19047619,6.45,2.545454545,2.75,NA
保,3.238095238,7,3,3.6,NA,3.035437584,9,7,6,2,3.227272727,6.8,2.916666667,3.6,NA
俞,6.35,4.45,1.285714286,1.5,NA,0.980559309,9,8,28,3,6.19047619,4.45,1.52173913,1.5,NA
信,2.857142857,6.894736842,5,4.4,NA,2.979842981,9,6,6,1,2.857142857,6.8,4.863636364,4.4,NA
倉,4.25,6.736842105,4,3.95,NA,1.835594303,10,5,4,2,4.380952381,6.6,4.090909091,3.95,NA
候,3.65,6.736842105,2.363636364,2.75,NA,2.512002544,10,5,3,3,3.523809524,6.6,2.409090909,2.75,NA
假1,3.526315789,6.631578947,3.909090909,3.85,NA,2.462905826,11,19,1,7,3.285714286,6.35,3.863636364,3.85,NA
做,2.238095238,6.894736842,3.681818182,3.35,NA,3.017774295,11,5,2,1,2.363636364,6.6,3.545454545,3.35,NA
傘,3,6.888888889,6.761904762,6.3,NA,1.828937664,12,3,3,1,3,6.7,6.590909091,6.3,NA
傻,3.666666667,6.684210526,4.636363636,3.9,NA,1.213427704,13,5,0,1,3.666666667,6.6,4.454545455,3.9,NA
兀,6.285714286,4.35,1.523809524,1.65,NA,0.219067971,3,14,2,2,6.285714286,4.35,1.863636364,1.65,NA
允,3.80952381,6.473684211,1.857142857,2.75,NA,1.561808933,4,8,4,3,3.681818182,6.3,2.181818182,2.75,NA
兄,2,6.842105263,4.909090909,5.25,NA,2.03839959,5,9,5,1,2.318181818,6.75,4.791666667,5.25,NA
充,3.428571429,6.684210526,2.681818182,3.6,NA,2.366943673,6,16,13,8,3.428571429,6.4,2.652173913,3.6,NA
兆,4.55,5.55,2.272727273,2.1053,NA,1.725092662,6,7,3,3,4.363636364,5.55,2.181818182,2.35,NA
兇,3.857142857,6.45,4.090909091,4.35,NA,1.957771829,6,8,5,2,3.863636364,6.45,3.875,4.35,NA
先,2.714285714,7,2.772727273,2,NA,2.949993443,6,16,2,2,2.727272727,6.8,2.863636364,2.25,NA
光,2.238095238,6.8,6.285714286,5.6316,NA,2.743610655,6,7,1,3,2.363636364,6.8,6.045454545,5.4,NA
克,3.428571429,6.35,2.863636364,3.1,NA,2.700094277,7,10,2,3,3.428571429,6.35,3.136363636,3.1,NA
免,3.523809524,6.684210526,3.090909091,2.5,NA,2.557909876,8,10,4,2,3.5,6.4,3,2.5,NA
兒,2.428571429,6.8,4.727272727,4.45,NA,2.894831535,8,7,16,2,2.428571429,6.8,4.590909091,4.45,NA
兔,2.619047619,6.842105263,6.142857143,6.7368,NA,1.357115877,9,6,2,1,2.727272727,6.7,5.954545455,6.55,NA
兜,3.952380952,5.1,4.681818182,4.75,NA,1.376553986,11,11,0,4,3.952380952,5.1,4.52173913,4.75,NA
入,1.904761905,6.789473684,4.5,3.95,NA,3.328336174,2,6,0,1,2,6.5,4.409090909,3.95,NA
內,3.333333333,6.789473684,3.636363636,3.65,NA,3.293542294,4,17,2,1,3.333333333,6.7,3.818181818,3.65,NA
全,3.285714286,6.578947368,2.954545455,2.5789,NA,3.21259664,6,11,7,5,3.285714286,6.35,3.136363636,2.8,NA
兩,1.904761905,6.736842105,4.772727273,4.25,NA,3.362087811,8,3,1,2,1.904761905,6.45,4.545454545,4.25,NA
八,1,6.85,4.272727273,4.7,NA,2.904939676,2,5,0,1,1.090909091,6.85,4.181818182,4.7,NA
公,2.523809524,6.842105263,4.545454545,4.4,NA,3.393015163,4,7,10,4,2.523809524,6.75,4.608695652,4.4,NA
六,1.476190476,6.888888889,4.545454545,4.5,NA,3.013286088,4,11,10,1,1.476190476,6.6,4.272727273,4.5,NA
兮,6.55,3.9,1.714285714,1.2105,NA,0.340490134,4,7,1,2,6.428571429,3.9,1.863636364,1.35,NA
共,3.095238095,6.789473684,2.363636364,2.4,NA,2.808927528,6,8,0,2,3.095238095,6.65,2.545454545,2.4,NA
兵,3.526315789,6.526315789,5.590909091,5.45,NA,2.30525552,7,7,2,1,3.285714286,6.3,5.391304348,5.45,NA
其,3.047619048,6.842105263,1.571428571,1.6316,NA,3.355543047,8,9,18,2,3.090909091,6.75,1.75,1.9,NA
具,3.285714286,6.736842105,3.136363636,3.05,NA,2.502806776,8,6,6,2,3.318181818,6.5,3,3.05,NA
典,3.9,6.473684211,3.272727273,3.1,NA,2.147827126,8,14,1,2,3.818181818,6.3,3.041666667,3.1,NA
兼,4.714285714,6.35,1.857142857,2.3,NA,2.391265869,10,3,0,1,4.714285714,6.35,2.045454545,2.3,NA
冇,3.142857143,6.736842105,4.136363636,3.4,NA,2.477558493,4,0,7,NA,3.136363636,6.45,3.863636364,3.4,NA
冉,6.4,3.95,1.761904762,1.5,NA,0.028736273,5,1,2,1,6.272727273,3.95,2,1.5,NA
冊,3.238095238,5.8,4.545454545,5,NA,1.871501481,5,4,3,2,3.238095238,5.8,4.454545455,5,NA
再,2.904761905,7,1.428571429,1.7368,NA,3.09520197,6,7,1,1,2.904761905,6.9,1.590909091,1.95,NA
冒,3.523809524,6.3,3.590909091,2.3684,NA,1.99169721,9,7,8,4,3.523809524,6.3,3.782608696,2.55,NA
冤,5.15,6.315789474,3,3.7,NA,1.255980055,11,9,3,4,4.952380952,6.15,3.045454545,3.7,NA
冥,5.333333333,5.65,3.181818182,2.4211,NA,0.896498298,10,6,3,6,5.333333333,5.65,3.363636364,2.65,NA
冬,2.047619048,6.947368421,5.619047619,5.15,NA,2.011572626,5,14,2,1,2.047619048,6.85,5.272727273,5.15,NA
冰,2.619047619,6.842105263,6.761904762,6.8333,NA,2.224151569,6,18,2,1,2.619047619,6.75,6.434782609,6.55,NA
几,3.761904762,6.157894737,2.454545455,2,NA,0.361174733,2,3,13,1,3.761904762,5.9,2.590909091,2.25,NA
凡,3.857142857,6.631578947,3.045454545,2.1,NA,1.79644857,3,5,5,2,3.857142857,6.5,3.227272727,2.1,NA
凶,3.8,6.526315789,4.909090909,3.95,NA,1.146007569,4,5,5,2,3.952380952,6.3,4.863636364,3.95,NA
凸,3.428571429,6.45,5,5.05,NA,1.394691996,5,6,1,1,3.318181818,6.45,5,5.05,NA
凹,4.285714286,6.631578947,5.090909091,5.8947,NA,0.953015559,5,6,2,1,4.285714286,6.45,5.090909091,5.7,NA
出,2.333333333,6.85,4.409090909,4.1,NA,3.681719516,6,18,1,1,2.333333333,6.85,4.434782609,4.1,NA
函,5.19047619,5.75,3.954545455,4.45,NA,1.089434113,8,8,4,4,5.19047619,5.75,3.863636364,4.45,NA
刀,2.571428571,6.842105263,6.454545455,6.4737,NA,2.220257149,2,15,2,2,2.571428571,6.7,6.347826087,6.3,NA
刁,4.523809524,5.789473684,2.5,1.7895,NA,0.935878804,2,7,7,2,4.523809524,5.55,2.5,2.05,NA
刃,4.857142857,5.75,5.761904762,5.1,NA,0.761130033,3,7,6,1,4.857142857,5.75,5.545454545,5.1,NA
分1,2.571428571,6.944444444,3.363636364,3.3,NA,3.315708919,4,29,13,4,2.590909091,6.75,3.5,3.3,NA
列,3.9,6.526315789,3.863636364,2.85,NA,2.640592291,6,5,4,6,4.047619048,6.25,3.590909091,2.85,NA
初,3.047619048,6.578947368,2.772727273,2.95,NA,2.681224359,8,28,4,2,3.047619048,6.3,2.727272727,2.95,NA
別,3.428571429,6.7,1.3,1.4737,NA,2.903739627,7,7,0,2,3.428571429,6.7,1.590909091,1.6,NA
利,3.333333333,6.789473684,2.545454545,2.55,NA,3.163335672,7,11,5,2,3.333333333,6.65,2.5,2.55,NA
到,2.80952381,6.947368421,2.545454545,2.7,NA,3.575433133,8,12,2,4,2.80952381,6.85,2.545454545,2.7,NA
制,4.5,6.684210526,2.409090909,3.1,NA,2.869876664,9,12,6,2,4.333333333,6.5,2.318181818,3.1,NA
刷,3.19047619,6.789473684,5.045454545,5.35,NA,1.38476213,8,6,2,4,3.19047619,6.65,4.863636364,5.35,NA
則,4.15,6.65,2.272727273,1.75,NA,2.958882671,9,3,2,2,4,6.65,2.304347826,1.75,NA
前,2.761904762,7,4.545454545,3.5,NA,3.536501095,9,25,2,2,2.761904762,6.8,4.363636364,3.5,NA
力,2.380952381,7,4.090909091,3.9,NA,3.313116242,2,15,3,1,2.380952381,6.9,4.272727273,3.9,NA
加,2.476190476,6.947368421,3.318181818,3.6,NA,3.280483966,5,6,5,2,2.5,6.85,3.041666667,3.6,NA
劣,4.523809524,6.421052632,2.954545455,2.85,NA,1.745990586,6,14,0,4,4.523809524,6.25,2.954545455,2.85,NA
助,3.19047619,6.842105263,3,3.35,NA,2.876170109,7,14,2,1,3.19047619,6.75,3.090909091,3.35,NA
劫,4.285714286,6.25,4.272727273,4.15,NA,1.819549027,7,4,1,3,4.285714286,6.25,4.181818182,4.15,NA
勞,3.904761905,6.894736842,4.045454545,3.05,NA,2.264517144,12,15,11,1,3.904761905,6.8,3.863636364,3.05,NA
勺,4,6.05,5.857142857,4.9,NA,-0.230901037,3,2,7,4,4,6.05,5.590909091,4.9,NA
勻,4.80952381,5.65,2.954545455,2.7,NA,1.116872362,4,3,7,2,4.80952381,5.65,3.045454545,2.7,NA
勾,3.857142857,6.2,5.045454545,4.8,NA,1.41878777,4,4,1,1,3.857142857,6.2,5.045454545,4.8,NA
勿,3.142857143,6.65,1.80952381,2.8,NA,1.707254652,4,6,4,3,3.142857143,6.65,2.136363636,2.8,NA
包,2.380952381,7,5.590909091,5.55,NA,2.912198966,5,12,4,4,2.409090909,6.9,5.208333333,5.55,NA
匆,4.05,6.35,3.409090909,3.2,NA,1.556043878,5,4,13,1,3.904761905,6.35,3.363636364,3.2,NA
匕,5.285714286,5.8,5.227272727,4.95,NA,-0.005121994,2,1,5,4,5.285714286,5.8,5.181818182,4.95,NA
北,3,6.947368421,4.090909091,4.95,NA,2.832551739,5,7,0,2,3,6.8,3.909090909,4.95,NA
匠,4.80952381,6,5.409090909,4.85,NA,0.986582907,6,1,5,4,4.80952381,6,5.409090909,4.85,NA
匯,5.3,6.25,3.545454545,2.8,NA,1.985144844,13,7,4,1,5.227272727,6.25,3.363636364,2.8,NA
區1,3.8,6.842105263,3.409090909,3.4,NA,3.03808092,11,3,6,2,3.904761905,6.75,3.272727273,3.4,NA
十,1,7,4.454545455,4.45,NA,3.409742993,2,6,1,1,1.090909091,6.9,4.454545455,4.45,NA
千,2.333333333,6.842105263,3.863636364,3.95,NA,2.903710669,3,14,2,1,2.333333333,6.75,3.863636364,3.95,NA
卅,5.9,3.4,2.727272727,3.05,NA,1.538274807,4,0,6,2,5.666666667,3.4,2.818181818,3.05,NA
升,3.142857143,6.894736842,4.136363636,4.65,NA,2.839858653,4,6,9,2,3.142857143,6.8,3.954545455,4.65,NA
午,1.952380952,6.894736842,3.636363636,3.95,NA,2.563238318,4,10,3,2,1.952380952,6.8,3.545454545,3.95,NA
卉,5,5.3,3.045454545,2.95,NA,0.748895577,5,1,7,1,5,5.3,3.130434783,2.95,NA
半,2.619047619,6.842105263,4.454545455,4.1,NA,2.791546081,5,45,0,1,2.619047619,6.75,4.260869565,4.1,NA
卑,4.4,6.526315789,3.136363636,2.7,NA,1.122157958,8,6,2,3,4.090909091,6.35,3.227272727,2.7,NA
卒,4.95,5.95,4.5,4.55,NA,0.900892546,8,9,0,2,4.761904762,5.95,4.454545455,4.55,NA
卓,3.476190476,6.263157895,2.272727273,1.8421,NA,1.996401231,8,14,7,7,3.476190476,6,2.173913043,2.1,NA
南,3,6.789473684,4.409090909,3.95,NA,2.794758526,9,4,4,1,3.045454545,6.5,4.181818182,3.95,NA
博,4.380952381,6.315789474,3.227272727,2.55,NA,2.520553037,12,13,5,4,4.380952381,6.05,3.090909091,2.55,NA
卜,4.476190476,5.8,2.545454545,2.4211,NA,1.38667112,2,15,0,2,4.476190476,5.8,2.590909091,2.65,NA
占,4.142857143,6.2,3.227272727,3.25,NA,1.690075613,5,5,4,2,4.142857143,6.2,3.363636364,3.25,NA
卡1,2.333333333,6.736842105,5.181818182,4.85,NA,2.527322482,5,7,1,1,2.333333333,6.55,5.136363636,4.85,NA
卧,4.2,6.263157895,5.363636364,5,NA,0.942550126,8,0,2,NA,4.045454545,6.05,5.166666667,5,NA
印,2.9,6.789473684,4.681818182,5.15,NA,2.43000754,6,11,0,2,3.095238095,6.65,4.454545455,5.15,NA
危,3.476190476,6.888888889,3.818181818,3.2,NA,2.323808325,6,18,2,2,3.476190476,6.7,3.695652174,3.2,NA
即,3.523809524,6.684210526,1.3,1.75,NA,3.005807948,7,8,12,3,3.523809524,6.4,1.608695652,1.75,NA
卵,4.857142857,6.1,5.772727273,5.4,NA,1.205550754,7,7,0,4,4.863636364,6.1,5.681818182,5.4,NA
卸,5.238095238,6,4.090909091,4.15,NA,1.457276004,8,7,3,1,5.238095238,6,4.181818182,4.15,NA
卿,5.476190476,5.2,3.136363636,2.6,NA,1.427977215,10,3,5,2,5.476190476,5.2,3.217391304,2.6,NA
厄,5.380952381,5.85,2.636363636,2.85,NA,1.064166012,4,5,2,2,5.380952381,5.85,2.681818182,2.85,NA
厚,3,6.65,5.136363636,5.15,NA,1.987896961,9,10,0,3,3,6.65,4.863636364,5.15,NA
原,3.523809524,6.578947368,2.333333333,2.45,NA,2.88618939,10,7,17,3,3.523809524,6.3,2.5,2.45,NA
厭,4.35,6.684210526,3.545454545,3.2,NA,1.554752294,14,11,0,3,4.19047619,6.4,3.608695652,3.2,NA
厲,4,6.263157895,2.772727273,1.95,NA,1.631338794,14,4,5,4,4.045454545,6,2.590909091,1.95,NA
去,1.714285714,6.789473684,3.727272727,3.4,NA,3.214221765,5,8,0,2,1.714285714,6.55,3.727272727,3.4,NA
又,2.428571429,6.842105263,1.3,1.6842,NA,3.114570717,2,6,4,2,2.428571429,6.75,1.954545455,1.9,NA
叉,2.761904762,6.684210526,6.227272727,5.55,NA,1.328679173,3,6,1,3,2.681818182,6.55,5.916666667,5.55,NA
及,2.857142857,6.736842105,1.523809524,1.5789,NA,3.580811035,4,9,0,3,2.857142857,6.45,1.863636364,1.85,NA
友,2.857142857,6.888888889,4.590909091,3.55,NA,3.070247386,4,6,4,2,2.857142857,6.7,4.5,3.55,NA
反,2.857142857,6.894736842,3.909090909,3.65,NA,3.060901568,4,23,2,3,2.857142857,6.8,3.818181818,3.65,NA
取,3.285714286,6.842105263,3.636363636,4.2,NA,2.965852784,8,10,2,2,3.285714286,6.75,3.590909091,4.2,NA
受,3.473684211,6.947368421,2.727272727,2.65,NA,3.198021195,8,29,3,6,3.476190476,6.85,2.818181818,2.65,NA
口,1,7,6.761904762,6.2,NA,2.913489168,3,6,0,1,1.19047619,6.9,6.636363636,6.2,NA
古,2.571428571,6.894736842,4.318181818,3,NA,2.562603617,5,7,5,2,2.571428571,6.8,4.318181818,3,NA
另,3.380952381,6.684210526,1.863636364,1.7895,NA,2.880178088,5,2,2,2,3.380952381,6.4,1.826086957,2,NA
叩,4.95,5.25,4.545454545,4.35,NA,0.967005757,5,6,4,3,4.761904762,5.25,4.5,4.35,NA
只,2.666666667,6.947368421,1.3,1.7895,NA,3.158812606,5,8,18,2,2.681818182,6.85,1.954545455,2,NA
可,2.333333333,6.894736842,1.333333333,2.1,NA,3.508883405,5,14,0,1,2.333333333,6.75,1.590909091,2.1,NA
台,2.952380952,6.6,4.772727273,3.9,NA,3.070089475,5,0,4,2,2.952380952,6.6,4.772727273,3.9,NA
史,3.619047619,6.631578947,3,3.05,NA,2.579300921,5,6,2,2,3.619047619,6.35,3.136363636,3.05,NA
右,1.476190476,7,4.409090909,4.75,NA,2.346851804,5,5,4,1,1.476190476,6.95,4.272727273,4.75,NA
司,3.333333333,6.631578947,2.523809524,2.0526,NA,3.016190254,5,13,13,2,3.333333333,6.5,2.782608696,2.25,NA
各,3.238095238,6.7,2.409090909,2.2632,NA,2.782625605,6,3,5,2,3.238095238,6.7,2.545454545,2.5,NA
合,3.25,6.894736842,3.545454545,3.7,NA,3.21415801,6,15,3,2,3.333333333,6.7,3.590909091,3.7,NA
吉,2.761904762,6.631578947,3.5,3.75,NA,1.983340544,6,9,1,2,2.761904762,6.45,3.434782609,3.75,NA
吊,3.35,6.6,5.5,5,NA,1.709977511,6,6,2,2,3.523809524,6.6,5.52173913,4.8,NA
同,2.333333333,6.789473684,2.181818182,1.9474,NA,3.393671679,6,12,10,5,2.333333333,6.55,2.272727273,2.2,NA
名,2.142857143,7,2.523809524,3.9,NA,3.40987844,6,7,3,3,2.142857143,6.8,2.545454545,3.9,NA
后,2.857142857,6.526315789,4.772727273,3.8,NA,1.971240379,6,5,3,1,2.857142857,6.35,4.727272727,3.8,NA
向,3.095238095,6.842105263,3.772727273,2.4737,NA,3.113616272,6,8,2,3,3.095238095,6.55,3.695652174,2.7,NA
君,4.1,6.3,3.863636364,4.2,NA,2.00462741,7,5,4,2,3.952380952,6.3,4,4.2,NA
吠,3.666666667,6.2,5.272727273,5.15,NA,0.55378108,7,3,0,1,3.666666667,6.2,5,5.15,NA
否,3.75,6.894736842,3,3.1,NA,2.869391165,7,11,1,2,3.619047619,6.8,3.086956522,3.1,NA
吳,3.285714286,6.4,2.272727273,1.4737,NA,2.375773407,7,4,4,2,3.285714286,6.4,2.304347826,1.7,NA
吹,2.476190476,6.842105263,5.136363636,5.45,NA,1.837959195,7,13,6,5,2.476190476,6.75,5,5.45,NA
呂,4,6.25,2.409090909,1.3684,NA,1.779244668,7,1,9,3,4.285714286,6.25,2.5,1.6,NA
呆,3.952380952,6.736842105,4.681818182,4.4,NA,1.07601114,7,7,1,2,3.952380952,6.6,4.652173913,4.4,NA
告,2.904761905,6.944444444,2.954545455,3.5,NA,2.945177061,7,17,0,2,2.909090909,6.75,2.666666667,3.5,NA
周,3.238095238,6.526315789,1.857142857,1.6842,NA,3.14380566,8,7,6,5,3.227272727,6.25,2.136363636,1.9,NA
命,3.473684211,6.894736842,3.5,3.85,NA,2.604991217,8,9,0,3,3.476190476,6.8,3.363636364,3.85,NA
咎,5.80952381,4.85,2.409090909,1.95,NA,1.18331239,8,8,9,4,5.80952381,4.85,2.5,1.95,NA
咒,4.19047619,6.25,4.954545455,4.6,NA,1.113312551,14,6,3,NA,4.19047619,6.25,4.956521739,4.6,NA
咸,3.619047619,6.1,2.681818182,3.85,NA,1.827559497,9,13,4,3,3.619047619,6.1,2.727272727,3.85,NA
品,2.55,6.842105263,3.090909091,2.3684,NA,2.946648579,9,12,1,3,2.714285714,6.55,3.090909091,2.6,NA
哥,1.714285714,6.894736842,5.227272727,5.8,NA,2.574507132,10,1,1,2,1.714285714,6.8,5.045454545,5.8,NA
哭,2.333333333,6.947368421,5.727272727,6.15,NA,1.80670653,10,17,0,2,2.454545455,6.85,5.708333333,6.15,NA
唐,3.95,6.421052632,2.863636364,1.85,NA,1.953790393,10,7,9,6,3.80952381,6.2,2.863636364,1.85,NA
售,3.85,6.888888889,4.181818182,4.4,NA,2.582133783,11,8,3,1,3.714285714,6.7,4.181818182,4.4,NA
啓,4.047619048,6,1.952380952,2.1579,NA,0.657125203,11,0,1,NA,4.047619048,5.75,2.260869565,2.4,NA
啟,4.2,6.526315789,2.727272727,3.45,NA,2.228697034,11,12,1,2,4.047619048,6.4,2.681818182,3.45,NA
啥,4.619047619,5.65,1.666666667,1.5263,NA,0.537265992,11,0,3,NA,4.619047619,5.65,2.090909091,1.8,NA
善,3.842105263,6.888888889,2.681818182,3.1,NA,2.521356995,12,5,5,2,3.636363636,6.7,2.625,3.1,NA
喜,3,6.947368421,4.409090909,4.15,NA,2.618825407,12,6,3,2,3,6.8,4.227272727,4.15,NA
喪1,4.761904762,6.3,4.090909091,3.35,NA,1.71200851,12,17,0,3,4.772727273,6.3,3.954545455,3.35,NA
喬,4.65,6.1,2.227272727,1.95,NA,1.538274807,12,4,4,2,4.761904762,6.1,2.454545455,1.95,NA
單1,2.904761905,6.894736842,3.545454545,4.15,NA,2.934235329,12,15,1,4,2.904761905,6.8,3.363636364,4.15,NA
嗇,5.25,5.4,2.818181818,2.25,NA,0.471999261,13,3,20,3,5.142857143,5.4,2.545454545,2.25,NA
嗯,3.142857143,6.421052632,2.5,1.5789,NA,0.089434113,13,0,3,1,3.142857143,6.15,2.545454545,1.85,NA
器,3.75,6.35,5.045454545,4.35,NA,2.37786804,16,9,5,1,3.857142857,6.35,5,4.35,NA
噩,4.904761905,5.95,3.454545455,3.5,NA,1.155841071,16,5,9,3,4.904761905,5.95,3.565217391,3.5,NA
嚏,4.761904762,4.9,3.863636364,3.85,NA,0.329766269,17,2,4,1,4.761904762,4.9,3.727272727,3.85,NA
嚴,3.904761905,6.526315789,2.285714286,3.3,NA,2.570783255,20,10,6,3,3.904761905,6.4,2.5,3.3,NA
囂,5.238095238,5.65,3.909090909,2.45,NA,1.026559354,21,2,5,2,5.238095238,5.65,3.739130435,2.45,NA
囊,5.428571429,5.3,4.181818182,4.45,NA,1.492629262,22,4,0,1,5.428571429,5.3,4.136363636,4.45,NA
囍,4.6,6.15,5,5,NA,0.881521142,24,0,3,NA,4.428571429,6.15,5.086956522,5,NA
囚,4.761904762,6.789473684,5.090909091,5,NA,1.696422655,5,5,7,1,4.761904762,6.65,5.045454545,5,NA
四,1,7,4.272727273,4.4,NA,3.224497593,5,9,0,1,1.095238095,6.9,4.227272727,4.4,NA
回,2.80952381,6.947368421,2.909090909,3.2,NA,3.11789043,6,18,3,8,2.80952381,6.85,3.136363636,3.2,NA
因,2.761904762,7,2.181818182,2.4,NA,3.256802826,6,14,8,3,2.761904762,6.9,2.260869565,2.4,NA
囡,4.619047619,6.55,4.772727273,5,NA,1.615042208,6,1,4,1,4.619047619,6.55,4.782608696,5,NA
囪,5.238095238,4.5,3.909090909,4.2,NA,0.252751085,7,1,13,1,5.181818182,4.5,3.875,4.2,NA
困,3.571428571,6.526315789,4.772727273,4.6,NA,2.242652283,7,12,1,6,3.571428571,6.3,4.739130435,4.6,NA
國,2.666666667,6.842105263,5.090909091,4.8,NA,3.61997345,11,18,2,3,2.666666667,6.7,5.086956522,4.8,NA
圖,2.80952381,6.6,5.318181818,5.45,NA,2.872249352,14,5,13,4,2.80952381,6.6,5.318181818,5.45,NA
土,1.857142857,6.894736842,5.636363636,5.45,NA,2.411518513,3,5,2,2,1.857142857,6.8,5.565217391,5.45,NA
在,2.523809524,7,2.272727273,1.8,NA,3.832084119,6,10,0,1,2.523809524,6.8,2.5,1.8,NA
圭,6.142857143,4.1,2.227272727,1.4737,NA,1.501127001,6,6,4,3,6.142857143,4.1,2.363636364,1.7,NA
均,3.952380952,6.55,3.5,2.6,NA,2.66099105,7,6,4,8,3.952380952,6.55,3.434782609,2.6,NA
坍,5.9,3.4,2.454545455,2.6,NA,0.301737545,7,2,3,2,5.681818182,3.4,2.545454545,2.6,NA
坐,2.428571429,7,5.476190476,5.3,NA,2.388476921,7,12,2,5,2.428571429,6.9,5.136363636,5.3,NA
垂,4.45,6.2,4.681818182,4.4,NA,1.359657104,9,19,2,6,4.285714286,6.2,4.636363636,4.4,NA
域,4.904761905,5.95,3.818181818,3.6,NA,2.147331638,11,9,0,2,4.904761905,5.95,3.636363636,3.6,NA
執,4.25,6.473684211,3.272727273,3.55,NA,2.548400227,11,12,1,3,4.136363636,6.35,3.181818182,3.55,NA
堅,3.952380952,6.789473684,3.636363636,3.65,NA,2.418212457,11,20,1,5,3.952380952,6.65,3.590909091,3.65,NA
堯,5.476190476,4.5,1.666666667,1.3684,NA,1.322098828,12,3,8,4,5.476190476,4.5,2.043478261,1.55,NA
報,3.333333333,6.631578947,4.318181818,4.25,NA,3.372223643,12,12,4,2,3.333333333,6.45,4.363636364,4.25,NA
塵,3.761904762,6.55,5.363636364,5.65,NA,1.476281894,14,12,1,3,3.818181818,6.55,5.318181818,5.65,NA
墨,4.380952381,6.578947368,5.857142857,5.4,NA,1.834576822,16,5,6,4,4.380952381,6.4,5.590909091,5.4,NA
壆,6.7,2.8,2.954545455,3.1,NA,0.895023612,16,0,5,0,6.571428571,2.8,2.818181818,3.1,NA
士,3,6.35,3.909090909,2.8,NA,3.107374312,3,3,10,5,3,6.35,3.909090909,2.8,NA
壹,4.571428571,6.105263158,3.954545455,4,NA,1.591623654,12,0,1,3,4.571428571,5.9,4.043478261,4,NA
壺,3.952380952,6.15,6.476190476,5.75,NA,1.050958378,12,3,11,6,3.954545455,6.15,6.272727273,5.75,NA
壽,4.571428571,6.368421053,3.545454545,3.25,NA,1.706343226,14,4,3,4,4.571428571,6.2,3.772727273,3.25,NA
夏,2.666666667,6.944444444,5.318181818,5.5,NA,2.216538912,10,7,2,6,2.666666667,6.75,5.272727273,5.5,NA
夕,3.857142857,6.578947368,4.909090909,4.2,NA,1.660940406,3,8,10,3,3.857142857,6.45,4.909090909,4.2,NA
外,2.428571429,6.842105263,3.5,3.9,NA,3.309098353,5,4,1,4,2.428571429,6.75,3.636363636,3.9,NA
多,2.095238095,6.789473684,4.727272727,4.55,NA,3.494160024,6,5,0,5,2.095238095,6.5,4.565217391,4.55,NA
夜,2.80952381,6.842105263,5.714285714,5.35,NA,2.392630171,8,30,1,3,2.80952381,6.7,5.318181818,5.35,NA
大,1.476190476,6.85,5.136363636,4.9,NA,3.7776894579999998,3,4,0,4,1.476190476,6.85,5.318181818,4.9,NA
天,1.380952381,6.944444444,6.428571429,5.95,NA,3.221241003,4,7,0,6,1.380952381,6.75,6.227272727,5.95,NA
夫,3.5,6.684210526,4.363636364,4.25,NA,2.6684966,4,8,9,2,3.380952381,6.5,4.636363636,4.25,NA
夭,5.095238095,5.65,2.909090909,2.5,NA,0.88907428,4,8,4,1,5.095238095,5.65,3,2.5,NA
央,3.9,6.1,2.954545455,2.75,NA,2.562095187,5,4,3,4,4.047619048,6.1,2.909090909,2.75,NA
失,3.45,6.842105263,3.5,3.3,NA,2.90580512,5,10,5,10,3.333333333,6.55,3.363636364,3.3,NA
夷,5.761904762,5.15,2.772727273,2.25,NA,1.199730975,6,10,16,3,5.761904762,5.15,2.818181818,2.25,NA
夾,3.333333333,6.55,5.727272727,5.3158,NA,1.801424628,7,7,5,3,3.333333333,6.55,5.681818182,5.1,NA
奀,6.1,4.25,3,2.5,NA,0.60851987,7,0,0,0,5.952380952,4.25,3.045454545,2.5,NA
奄,5.142857143,5.55,3.681818182,2.75,NA,0.808693324,8,4,3,1,5.142857143,5.55,3.681818182,2.75,NA
奇1,3.428571429,6.947368421,3.636363636,2.3158,NA,2.42763068,8,16,18,10,3.428571429,6.8,3.545454545,2.55,NA
奈,4.714285714,6.210526316,2.727272727,2.15,NA,1.773615745,8,4,2,3,4.714285714,5.95,2.739130435,2.15,NA
奉,4.571428571,6.45,3.5,3.1,NA,1.657380595,8,20,1,9,4.571428571,6.45,3.409090909,3.1,NA
奏,4.142857143,6.263157895,4.045454545,3.75,NA,1.726619182,9,6,3,3,4.142857143,6.05,4.090909091,3.75,NA
奐,6.05,5.05,2.181818182,1.5263,NA,0.376066288,9,3,6,4,5.954545455,5.05,2.363636364,1.75,NA
奔,3.428571429,6.35,4.909090909,4.25,NA,1.578964626,8,6,6,4,3.428571429,6.35,4.727272727,4.25,NA
套,4.05,6.65,5.136363636,4.5,NA,2.281831859,10,3,2,0,3.904761905,6.65,5.045454545,4.5,NA
奚,5.619047619,5.526315789,2.818181818,2.4,NA,0.239589639,10,2,1,6,5.619047619,5.3,2.909090909,2.4,NA
奠,5.571428571,5.65,4.227272727,4.1,NA,1.062160029,12,4,7,2,5.571428571,5.65,4.227272727,4.1,NA
奧,4.761904762,6.5,1.619047619,1.5,NA,2.585972709,13,12,2,6,4.761904762,6.5,1.772727273,1.5,NA
奮,4.047619048,6.578947368,4.045454545,3.2,NA,1.897527606,16,6,2,4,4.047619048,6.45,4.043478261,3.2,NA
女,1.2,6.65,6.333333333,6.2105,NA,3.297968937,3,7,1,2,1.333333333,6.65,6.090909091,6,NA
奴,4.428571429,6.210526316,5,4.7,NA,2.199730975,5,9,0,4,4.363636364,5.95,4.909090909,4.7,NA
好1,2,6.842105263,3.727272727,3.55,NA,3.351931633,6,19,0,7,2,6.55,3.739130435,3.55,NA
如,3.047619048,6.894736842,2.142857143,1.3684,NA,3.217446852,6,5,28,8,3.047619048,6.8,2.5,1.5,NA
妃,4.857142857,6.25,5.045454545,4.85,NA,0.959430661,6,2,7,3,4.857142857,6.25,5.318181818,4.85,NA
妥,4.476190476,6.3,1.714285714,2.1053,NA,1.625608152,7,9,1,5,4.476190476,6.3,2,2.35,NA
妳,2.857142857,6.888888889,4,3.95,NA,0.872280485,8,0,2,7,2.857142857,6.7,4.043478261,3.95,NA
妻,3.857142857,6.7,5.090909091,5.3,NA,2.290237046,8,4,4,3,3.857142857,6.7,5.181818182,5.3,NA
妾,5.238095238,5.85,4.272727273,3.95,NA,-0.029255674,8,6,0,5,5.136363636,5.85,4.181818182,3.95,NA
姦,5.142857143,6.578947368,4.681818182,5.25,NA,1.587444844,9,4,4,7,5.142857143,6.35,4.782608696,5.25,NA
姵,5.904761905,4.05,1.363636364,1.3684,NA,0.182551138,9,0,4,0,5.863636364,4.05,1.409090909,1.5,NA
威,4.05,6.578947368,2.285714286,2.65,NA,2.811011772,10,12,0,3,3.904761905,6.45,2.636363636,2.65,NA
婁,6.095238095,3.6,2.238095238,1.5263,NA,-0.126165687,10,0,10,6,6.095238095,3.6,2.727272727,1.7,NA
婦,3.7,6.7,5.681818182,5.35,NA,2.372882836,11,18,0,4,3.80952381,6.7,5.636363636,5.35,NA
婿,5.428571429,5.9,3.227272727,3.25,NA,0.951721089,12,3,3,0,5.428571429,5.9,3.409090909,3.25,NA
嬰,3.380952381,6.2,5.272727273,5.6316,NA,1.979709298,17,4,8,2,3.380952381,6.2,5.181818182,5.4,NA
子,2.047619048,7,4.136363636,4.25,NA,3.326813911,3,11,18,5,2.136363636,6.9,4.090909091,4.25,NA
孔,3.95,6.15,5.136363636,4,NA,1.739276721,4,7,1,3,3.80952381,6.15,4.909090909,4,NA
孖,4.5,6.368421053,4.818181818,4.45,NA,1.68674767,6,0,2,0,4.333333333,6.1,4.695652174,4.45,NA
孚,4.80952381,6.052631579,1.55,1.3158,NA,0.919436671,7,2,9,4,4.80952381,5.85,2.045454545,1.4,NA
孝,3.736842105,6.736842105,3.454545455,3.05,NA,1.692437199,7,11,0,3,3.476190476,6.6,3.636363636,3.05,NA
季,3.523809524,6.842105263,2.909090909,3.45,NA,2.870408523,8,3,5,3,3.523809524,6.7,2.909090909,3.45,NA
孫,2.8,6.789473684,4.181818182,3.95,NA,2.030469986,10,3,4,5,3,6.7,4,3.95,NA
孭,5.95,3.15,2.454545455,2.4,NA,1.194573898,7,0,1,NA,5.727272727,3.15,2.181818182,2.4,NA
孰,6.45,4.8,1.761904762,1.5263,NA,0.547250213,11,2,5,0,6.318181818,4.8,1.954545455,1.7,NA
孱,6.15,4.4,3.727272727,3.3,NA,-0.211595882,12,4,1,1,5.904761905,4.4,3.636363636,3.3,NA
學,2.857142857,7,4.318181818,4.7,NA,3.469810545,16,12,1,7,2.857142857,6.8,4.545454545,4.7,NA
孻,6.047619048,4.1,1.80952381,2.75,NA,0.219067971,17,0,1,0,5.954545455,4.1,2.041666667,2.75,NA
它,2.714285714,6.947368421,2.545454545,2.65,NA,2.133479379,5,0,3,5,2.714285714,6.85,2.636363636,2.65,NA
守,3.285714286,6.55,3.818181818,4.1,NA,2.498926179,6,12,5,1,3.285714286,6.55,3.681818182,4.1,NA
安,2.761904762,6.888888889,3.818181818,2.4,NA,3.098330379,6,10,3,4,2.761904762,6.7,3.652173913,2.4,NA
宋,4.25,6.578947368,2.681818182,1.65,NA,1.851394619,7,6,2,5,4.095238095,6.4,2.772727273,1.65,NA
宗,4.45,6.684210526,2.5,1.9474,NA,2.478908372,8,8,10,5,4.285714286,6.55,2.409090909,2.2,NA
官,3.85,6.842105263,4.909090909,5,NA,2.789912086,8,13,2,5,3.714285714,6.75,4.863636364,5,NA
宜,4.047619048,6.736842105,3.363636364,2.35,NA,2.259249057,8,2,16,7,3.909090909,6.55,3,2.35,NA
宰,5.380952381,5.55,3.636363636,3.5,NA,1.238920979,10,5,2,3,5.380952381,5.55,3.772727273,3.5,NA
害,3.65,6.894736842,2.818181818,3.35,NA,2.333119076,10,7,1,5,3.523809524,6.8,2.909090909,3.35,NA
家,1.952380952,6.947368421,5.863636364,5.55,NA,3.469350218,10,17,5,4,1.952380952,6.85,5.772727273,5.55,NA
宿,4.285714286,6.4,4.818181818,4.5,NA,1.99710246,11,17,4,3,4.285714286,6.4,4.727272727,4.5,NA
寃,4.9,5.15,3,2.95,NA,-0.39723246,12,0,3,NA,4.714285714,5.15,3.136363636,2.95,NA
寅,6.4,4.1,1.571428571,1.4737,NA,0.721142508,11,4,2,4,6.238095238,4.1,1.954545455,1.6,NA
寇,5.952380952,4.3,2.772727273,3.1,NA,0.505857528,11,5,4,1,5.952380952,4.3,2.818181818,3.1,NA
寒,3.523809524,6.684210526,4.409090909,4.6,NA,1.755055885,12,22,2,5,3.523809524,6.55,4.318181818,4.6,NA
寡,5.142857143,5.894736842,3.318181818,3.85,NA,1.123032671,14,6,0,2,5.142857143,5.65,3.363636364,3.85,NA
實,3.95,6.789473684,2.772727273,3.35,NA,3.165844996,15,23,0,4,3.80952381,6.65,2.826086957,3.35,NA
寧,4.15,6.35,2.590909091,2.65,NA,2.113133792,14,9,4,2,4,6.35,2.727272727,2.65,NA
審,4.714285714,6.2,3.045454545,4.05,NA,2.414833754,15,8,3,1,4.714285714,6.2,3.181818182,4.05,NA
寶,3.65,6.894736842,4.318181818,4.8,NA,2.59099939,20,18,6,3,3.523809524,6.75,4.409090909,4.8,NA
寸,3.619047619,6.368421053,4.409090909,4.1,NA,1.612501641,3,0,3,3,3.619047619,6.15,4.363636364,4.1,NA
寺,4.05,6.421052632,6,5.75,NA,1.427977215,6,4,18,3,4.19047619,6.25,6,5.75,NA
封,4.15,6.789473684,3.545454545,4.05,NA,2.309599073,9,5,10,10,4,6.65,3.545454545,4.05,NA
射,3.666666667,6.888888889,5.090909091,5.35,NA,2.433783665,10,11,0,4,3.666666667,6.7,5,5.35,NA
將1,3.571428571,6.842105263,3.5,3.45,NA,3.279918062,11,14,9,5,3.571428571,6.7,3.47826087,3.45,NA
專,3.761904762,6.842105263,2.954545455,2.65,NA,2.836102151,11,3,2,0,3.761904762,6.75,2.772727273,2.65,NA
尉1,5.45,5.55,3.363636364,2.3158,NA,-0.971263726,11,4,6,1,5.238095238,5.55,3.608695652,2.55,NA
尊,3.947368421,6.736842105,3.045454545,3.1,NA,2.100434218,12,9,2,7,3.952380952,6.6,3.272727273,3.1,NA
尋,3.952380952,6.65,4.272727273,4.1,NA,2.297840415,12,8,3,7,3.952380952,6.65,4.090909091,4.1,NA
對,2.761904762,6.789473684,2.772727273,2.7,NA,3.502142946,14,24,0,5,2.761904762,6.7,2.863636364,2.7,NA
小,1.666666667,7,4.727272727,4.8,NA,3.262259059,3,8,2,2,1.666666667,6.9,4.590909091,4.8,NA
少1,2.19047619,6.947368421,3.863636364,4.05,NA,3.057002437,4,18,2,1,2.19047619,6.8,3.636363636,4.05,NA
尖,3.238095238,6.947368421,6.238095238,5.3,NA,2.01382578,6,5,4,5,3.238095238,6.85,6,5.3,NA
尚,4.3,6.25,2.181818182,1.4737,NA,2.211364881,8,9,1,6,4.428571429,6.25,2.090909091,1.65,NA
尤,4.80952381,6,1.333333333,2.3,NA,2.058018568,4,9,14,3,4.80952381,6,1.681818182,2.3,NA
就,3.19047619,6.947368421,1.1,1.2105,NA,3.302507012,12,11,2,4,3.19047619,6.85,1.318181818,1.35,NA
尺,2.904761905,6.789473684,5.090909091,5.45,NA,1.389518963,4,10,2,5,2.904761905,6.7,5,5.45,NA
尾,2.952380952,6.684210526,5.727272727,5.7368,NA,2.353070182,7,7,3,5,3,6.55,5.681818182,5.5,NA
尿,2.285714286,6.842105263,5.909090909,5.85,NA,1.757495748,7,5,0,3,2.285714286,6.75,5.818181818,5.85,NA
局,3.526315789,6.842105263,2.619047619,3.6,NA,3.033079146,7,11,1,12,3.523809524,6.75,2.863636364,3.6,NA
居,3.619047619,6.777777778,4.454545455,3.75,NA,2.643949608,8,21,0,4,3.619047619,6.5,4.363636364,3.75,NA
屆,4.2,6.2,1.714285714,2.25,NA,2.458811329,8,4,7,4,4.333333333,6.2,1.954545455,2.25,NA
屋,2.571428571,7,5.863636364,6,NA,2.601404615,9,3,1,4,2.571428571,6.8,5.727272727,5.8,NA
屍,4.6,6.3,6.045454545,6,NA,2.030578114,9,4,13,1,4.428571429,6.3,6,6,NA
屎,2.666666667,6.894736842,6.9,6.4211,NA,1.406224656,9,7,2,6,2.666666667,6.8,6.409090909,6.15,NA
展,3.761904762,6.4,4.363636364,3.65,NA,2.990702859,10,5,4,6,3.761904762,6.4,4.130434783,3.65,NA
履,5.571428571,6.2,3.727272727,3.85,NA,1.482818544,15,9,6,3,5.571428571,6.2,3.863636364,3.85,NA
屯,4.142857143,6.2,2.095238095,2.3158,NA,1.836778359,4,10,3,7,4.142857143,6.2,2.272727273,2.5,NA
山,1.666666667,7,6.428571429,6.3684,NA,2.762675459,3,16,5,3,1.727272727,6.8,6.041666667,6.1,NA
岩,4.35,6.722222222,5.523809524,5.2,NA,1.438246725,8,0,2,0,4.19047619,6.45,5.227272727,5.2,NA
岳,4.761904762,6,3.363636364,3.55,NA,1.287612903,8,1,9,5,4.761904762,6,3.5,3.55,NA
峇,6.380952381,3.75,2.590909091,1.3158,NA,0.967005757,9,1,6,0,6.380952381,3.75,2.727272727,1.55,NA
嵩,6.5,3.35,1.904761905,2.2105,NA,0.212006117,13,3,3,0,6.380952381,3.35,2.090909091,2.45,NA
川,3.761904762,6.5,5.045454545,4.15,NA,1.989801242,3,4,3,3,3.727272727,6.5,4.954545455,4.15,NA
州,3.65,6.526315789,4.272727273,4.05,NA,2.415146052,6,2,6,3,3.523809524,6.3,4.227272727,4.05,NA
巡,4.523809524,6.4,4.545454545,4,NA,2.053529697,7,8,3,4,4.523809524,6.4,4.608695652,4,NA
巢,4.4,6.15,6.136363636,5.7368,NA,1.310905051,11,6,0,8,4.238095238,6.15,6.136363636,5.5,NA
工,2.333333333,6.947368421,3.318181818,3.8,NA,3.2683172640000002,3,6,10,5,2.333333333,6.85,3.318181818,3.8,NA
左,1.714285714,7,3.681818182,4.9,NA,2.414521232,5,5,3,3,1.772727273,6.9,3.583333333,4.9,NA
巨,3.380952381,6.578947368,5.318181818,4.4,NA,2.270718324,5,5,6,3,3.380952381,6.35,5.318181818,4.4,NA
巫,4.19047619,6.473684211,4.909090909,4.6,NA,1.446207966,7,4,8,4,4.19047619,6.25,4.818181818,4.6,NA
差1,3.380952381,6.842105263,2.818181818,3.2,NA,2.411158588,10,0,1,2,3.380952381,6.75,2.545454545,3.2,NA
己,2.142857143,6.842105263,2.454545455,1.9474,NA,2.924890315,3,8,3,4,2.142857143,6.7,2.636363636,2.2,NA
已,3.3,6.894736842,1.571428571,1.8421,NA,3.287158031,3,5,8,1,3.19047619,6.8,1.863636364,2.05,NA
巴,2.380952381,6.842105263,2.954545455,1.8421,NA,2.93714086,4,13,6,8,2.380952381,6.75,2.956521739,2.05,NA
巷,4,6.25,5.272727273,5.5,NA,1.34940174,9,5,1,4,4,6.25,5.272727273,5.5,NA
巾,2.714285714,6.684210526,5.5,5.4,NA,1.483200006,3,4,5,2,2.714285714,6.55,5.409090909,5.4,NA
市,2.666666667,6.789473684,4.318181818,4.4,NA,3.184231725,5,7,0,3,2.666666667,6.5,4.130434783,4.4,NA
布,2.571428571,6.65,6,5.6,NA,2.72204543,5,17,4,9,2.5,6.65,5.681818182,5.6,NA
希,3.6,6.65,2.047619048,2.45,NA,2.765112853,7,3,14,3,3.476190476,6.65,2.318181818,2.45,NA
帚,4.761904762,4.4,4.409090909,4.15,NA,0.142679626,8,5,3,3,4.761904762,4.4,4.363636364,4.15,NA
帝,3.7,6.684210526,5.454545455,5,NA,2.037229987,9,6,3,7,3.80952381,6.55,5.409090909,5,NA
師,2.333333333,6.842105263,4.590909091,4.85,NA,2.961919752,10,7,13,5,2.333333333,6.55,4.318181818,4.85,NA
帶,2.904761905,6.947368421,3.318181818,3.75,NA,2.848461127,11,15,1,4,2.904761905,6.85,3.363636364,3.75,NA
干,3.761904762,6.15,3.409090909,2.2105,NA,1.874609147,3,15,5,5,3.761904762,6.15,3.227272727,2.45,NA
平,2.428571429,6.55,4.909090909,4.25,NA,3.055963527,5,8,7,3,2.363636364,6.55,4.772727273,4.25,NA
年,2.095238095,7,3.181818182,4.1,NA,3.729917711,5,15,0,12,2.095238095,6.9,3.173913043,4.1,NA
幸,3.333333333,6.894736842,2.954545455,2.55,NA,2.377041136,8,9,3,5,3.363636364,6.8,2.791666667,2.55,NA
幻,4.142857143,6.684210526,3.5,2.65,NA,1.743066033,4,9,1,5,4.181818182,6.55,3.454545455,2.65,NA
幼,2.571428571,6.736842105,3.727272727,3.75,NA,2.153158979,5,5,0,3,2.590909091,6.55,3.833333333,3.75,NA
幽,4.380952381,6.3,3.272727273,3.15,NA,1.399341874,9,9,7,1,4.363636364,6.3,3.333333333,3.15,NA
幾,2.571428571,7,2.5,2.7,NA,2.755198588,12,7,3,5,2.571428571,6.95,2.272727273,2.7,NA
庄,5.285714286,5.3,2.727272727,2.45,NA,0.204827532,6,0,7,0,5.285714286,5.3,2.681818182,2.45,NA
庚,6.25,4.5,1.4,1.6,NA,0.569691082,8,12,3,6,6.095238095,4.5,1.909090909,1.6,NA
度1,3.619047619,6.736842105,3.136363636,2.3,NA,3.087854567,9,0,9,4,3.619047619,6.45,3,2.3,NA
庫,4.238095238,6.4,4.090909091,4.5,NA,1.885314131,10,7,5,2,4.238095238,6.4,4.136363636,4.5,NA
庶,5.238095238,5.7,2.818181818,3.05,NA,0.239589639,11,7,1,7,5.181818182,5.7,2.833333333,3.05,NA
康,3.238095238,6.894736842,2.090909091,2.65,NA,2.568220116,11,5,3,10,3.238095238,6.8,2.181818182,2.65,NA
庸,5.523809524,5.75,2.545454545,2.35,NA,1.24025727,11,6,13,6,5.523809524,5.75,2.636363636,2.35,NA
廄,6.19047619,3.6,2.909090909,3.65,NA,1.875228021,12,1,9,0,6.19047619,3.6,2.818181818,3.65,NA
延,4.333333333,5.85,2.954545455,2.75,NA,2.306918058,8,24,10,4,4.318181818,5.85,3,2.75,NA
建,4.05,6.631578947,4.045454545,3.4,NA,2.989848742,9,11,1,2,3.863636364,6.45,3.863636364,3.4,NA
廿,3.761904762,5.8,2.047619048,3,NA,2.116251498,4,0,0,5,3.761904762,5.8,2.217391304,3,NA
弄,3.619047619,6.789473684,4,3.05,NA,1.673912831,7,10,0,6,3.619047619,6.65,3.782608696,3.05,NA
式,3.95,6.578947368,2.380952381,2.5,NA,2.831903079,6,11,20,6,3.80952381,6.35,2.863636364,2.5,NA
弓,3.75,6.631578947,6.619047619,6.2,NA,1.001864127,3,7,10,3,3.590909091,6.4,6.409090909,6.2,NA
弔,6.428571429,3.9,3.227272727,2.5,NA,0.591029138,4,2,2,11,6.428571429,3.9,3.454545455,2.5,NA
引,3.85,6.65,4.227272727,3.4,NA,2.789422571,4,17,2,2,3.714285714,6.65,4.227272727,3.4,NA
弗,6.1,4.5,1.666666667,1.4211,NA,1.524627353,5,2,7,4,5.954545455,4.5,1.916666667,1.6,NA
弟,1.761904762,6.6,4.727272727,5.4,NA,2.213498661,7,15,5,3,1.761904762,6.6,4.454545455,5.4,NA
弢,7,1.105263158,1.238095238,1.15,NA,0.049925572,8,1,2,0,7,1.4,1.409090909,1.15,NA
弱,3.666666667,6.684210526,4.090909091,4,NA,2.1724535,10,6,7,9,3.666666667,6.45,3.863636364,4,NA
強1,3.428571429,6.947368421,4.136363636,4,NA,3.022734298,11,0,0,2,3.428571429,6.85,4.045454545,4,NA
彙,5.428571429,4.9,2.363636364,2.75,NA,0.812282555,13,4,4,0,5.454545455,4.9,2.590909091,2.75,NA
彤,3.857142857,5.8,2.181818182,1.9474,NA,1.369675875,7,4,10,4,3.857142857,5.8,2.136363636,2.15,NA
彥,4.857142857,5.55,1.571428571,1.4737,NA,1.323202499,9,2,4,3,4.857142857,5.55,1.863636364,1.6,NA
彪,5.952380952,4.85,3.363636364,2.4211,NA,0.93182626,11,4,7,1,5.952380952,4.85,3.227272727,2.65,NA
役,4.857142857,5.947368421,3.363636364,3.1,NA,1.878616151,7,3,15,4,4.857142857,5.7,3.217391304,3.1,NA
後,2.80952381,6.842105263,3.363636364,3.45,NA,3.619112702,9,14,3,5,2.863636364,6.55,3.409090909,3.45,NA
徙,5.45,5.1,3.181818182,3.25,NA,0.439513507,11,3,1,5,5.333333333,5.1,3.227272727,3.25,NA
從,3.55,6.888888889,1.590909091,1.8421,NA,2.895732086,11,16,5,3,3.428571429,6.7,1.681818182,2.1,NA
微,3.952380952,6.684210526,3.681818182,3.3,NA,2.436212158,13,22,7,5,3.952380952,6.55,3.434782609,3.3,NA
徵,5.142857143,6.25,2.19047619,2.85,NA,2.020183871,15,22,11,9,5.142857143,6.25,2.5,2.85,NA
心,1.80952381,6.947368421,6.428571429,6.1,NA,3.33820142,4,17,6,5,1.80952381,6.85,6.136363636,6.1,NA
必,3.523809524,6.736842105,2.142857143,1.8421,NA,2.703298906,5,16,0,4,3.523809524,6.45,2.363636364,2,NA
忐,5.19047619,6.25,2.863636364,2.1053,NA,0.439513507,7,1,3,0,5.19047619,6.25,2.863636364,2.3,NA
忑,5.523809524,5.947368421,3.090909091,2.15,NA,0.439513507,7,2,3,4,5.523809524,5.7,3.363636364,2.15,NA
志,3.666666667,6.789473684,2.727272727,2.5,NA,2.542286794,7,19,10,3,3.681818182,6.65,2.681818182,2.5,NA
思,3.238095238,6.736842105,3.045454545,3.4,NA,2.565231587,9,14,13,NA,3.238095238,6.5,2.954545455,3.4,NA
急,3.1,6.888888889,3.954545455,3.8,NA,2.462546096,9,14,0,9,3.285714286,6.7,4,3.8,NA
恆,4.5,6.2,2.818181818,2.4,NA,1.196791577,9,4,4,3,4.333333333,6.2,2.909090909,2.4,NA
恒,4.761904762,5.95,1.571428571,2.1,NA,1.933857259,9,0,4,0,4.761904762,5.95,1.863636364,2.1,NA
恙,5.7,4.8,1.714285714,2.1053,NA,0.922220619,10,3,7,5,5.476190476,4.8,1.909090909,2.35,NA
息,3.35,6.736842105,2.523809524,2.8,NA,2.732715098,10,6,20,2,3.238095238,6.45,2.727272727,2.8,NA
悉,4.952380952,6.526315789,1.904761905,2.1,NA,2.328733593,11,4,20,3,4.952380952,6.25,2.173913043,2.1,NA
患,4.3,6.578947368,3.909090909,3.3,NA,2.378741872,11,5,1,5,4.142857143,6.3,3.909090909,3.3,NA
您,3.285714286,6.6,3.136363636,3.85,NA,0.887574125,11,0,2,3,3.318181818,6.6,3.090909091,3.85,NA
惠,4,6.473684211,2.590909091,2.45,NA,2.219907729,12,3,9,2,4,6.35,2.772727273,2.45,NA
意,3.571428571,6.944444444,2.1,2.8,NA,3.241216861,13,20,1,11,3.571428571,6.75,2.636363636,2.8,NA
愛,2.857142857,6.842105263,5.090909091,4.2,NA,2.923522936,13,8,0,3,2.857142857,6.6,4.863636364,4.2,NA
態,4.333333333,6.473684211,3.136363636,2.55,NA,2.70572693,14,6,6,0,4.333333333,6.2,2.909090909,2.55,NA
慶,3.761904762,6.473684211,3.863636364,3.7,NA,2.277445009,15,9,2,4,3.761904762,6.2,3.913043478,3.7,NA
憂,4.19047619,6.631578947,4.454545455,3.3,NA,1.995112696,15,12,7,5,4.19047619,6.35,4.409090909,3.3,NA
憋,5.19047619,5.65,4.090909091,3.35,NA,-0.017021217,15,2,0,3,5.227272727,5.65,3.954545455,3.35,NA
憩,5.333333333,5.25,3.727272727,3.45,NA,0.750958737,16,2,5,2,5.333333333,5.25,3.5,3.45,NA
戈,5.45,5.5,3.272727273,2.1,NA,1.502952537,4,6,0,8,5.227272727,5.5,3.272727273,2.1,NA
戊,5.947368421,4.5,1.428571429,1.65,NA,-0.230901037,5,6,8,4,5.476190476,4.5,1.636363636,1.65,NA
戎,5.571428571,4.55,2.681818182,3.2,NA,0.246220217,6,6,13,3,5.571428571,4.55,2.545454545,3.2,NA
成,3.142857143,6.947368421,1.571428571,2.45,NA,3.49679176,7,22,7,3,3.142857143,6.85,1.863636364,2.45,NA
我,1.380952381,7,4.5,4.4,NA,3.460947692,8,13,0,5,1.380952381,6.95,4.318181818,4.4,NA
戒,4.285714286,6.052631579,4.181818182,3.65,NA,1.971488194,7,20,7,3,4.285714286,5.85,3.954545455,3.65,NA
或,3.947368421,6.842105263,1.523809524,1.7368,NA,3.029928944,8,7,3,4,3.681818182,6.7,1.708333333,1.95,NA
戟,5.904761905,4.85,4.272727273,4.1,NA,0.638863886,12,4,4,6,5.863636364,4.85,4.136363636,4.1,NA
戶,3.19047619,6.65,2.954545455,3.3,NA,2.507302769,4,7,5,1,3.19047619,6.65,3.090909091,3.3,NA
戾,6.15,4.45,2.818181818,2.5,NA,0.380918791,8,5,5,9,6,4.45,2.772727273,2.5,NA
所,2.952380952,6.842105263,1.25,1.7,NA,3.157353604,8,20,2,1,3,6.55,1.5,1.7,NA
扁,3.666666667,6.25,4.909090909,4.75,NA,1.201922542,9,8,2,2,3.666666667,6.25,4.727272727,4.75,NA
扇,3.523809524,6.684210526,6.142857143,6.05,NA,1.055065212,10,4,6,9,3.523809524,6.55,5.954545455,6.05,NA
手,1,7,6.571428571,6.7368,NA,3.330471425,4,7,5,5,1.19047619,6.95,6.391304348,6.55,NA
才,3.095238095,6.736842105,2.863636364,2.3,NA,2.868230033,3,17,3,5,3.095238095,6.55,2.913043478,2.3,NA
扎,4.095238095,6.210526316,4.545454545,4.35,NA,1.449928741,4,8,1,4,4.090909091,5.95,4.454545455,4.35,NA
扽,6.8,2,1.619047619,1.5789,NA,0.226016831,7,2,1,0,6.681818182,2.2,1.772727273,1.85,NA
找,2.904761905,6.842105263,4.045454545,4.75,NA,2.450833436,7,5,3,3,2.954545455,6.75,3.75,4.75,NA
承,4.35,6.578947368,3.5,3.15,NA,2.554428798,8,17,7,4,4.476190476,6.3,3.227272727,3.15,NA
折,3.904761905,6.35,3.545454545,3.75,NA,2.029928944,7,7,5,5,3.904761905,6.35,3.590909091,3.75,NA
拋,4,6.421052632,5.272727273,5.05,NA,1.728357231,8,11,1,5,4,6.25,5.130434783,5.05,NA
拜,3.571428571,6.6,4.636363636,4.45,NA,2.178032382,9,18,1,4,3.571428571,6.6,4.545454545,4.45,NA
拿,2.857142857,6.65,4.5,4.05,NA,2.596115581,10,6,1,5,2.909090909,6.65,4.409090909,4.05,NA
捂,4.619047619,5.789473684,4.545454545,3.5,NA,0.006459879,10,1,2,0,4.619047619,5.55,4.454545455,3.5,NA
捅,4.952380952,6.05,4.590909091,4.55,NA,0.596937997,10,1,6,0,4.952380952,6.05,4.363636364,4.55,NA
掃,3.6,6.789473684,5.318181818,4.95,NA,1.930466965,11,12,6,0,3.476190476,6.65,5.227272727,4.95,NA
揑,4.80952381,5.4,4.5,3.95,NA,0.654562986,12,0,4,NA,4.80952381,5.4,4.217391304,3.95,NA
摯,5.095238095,5.85,3.136363636,2.6,NA,0.7769243,15,3,10,6,5.095238095,5.85,3.318181818,2.6,NA
撐,4.6,6.5,4.454545455,5,NA,2.097756514,15,11,1,5,4.409090909,6.5,4.25,5,NA
支,3.095238095,6.842105263,3.181818182,2.3158,NA,2.860941712,4,14,17,6,3.181818182,6.7,3.272727273,2.55,NA
敏,4.047619048,6.210526316,3.045454545,3.2,NA,2.266782376,11,6,6,2,4.047619048,6,2.863636364,3.2,NA
敖,6.25,4.65,1.35,1.6316,NA,0.92360593,11,0,5,0,6.095238095,4.65,1.681818182,1.85,NA
敗,3.736842105,6.888888889,2.954545455,2.95,NA,2.490309827,11,11,0,4,3.476190476,6.7,2.954545455,2.95,NA
教,3.142857143,6.894736842,4.181818182,4.4,NA,3.034163474,11,29,6,3,3.142857143,6.75,4.181818182,4.4,NA
敢,3.714285714,6.842105263,2.909090909,2.8,NA,2.070128958,12,9,3,3,3.714285714,6.75,2.818181818,2.8,NA
散,3.476190476,6.473684211,4.090909091,4.05,NA,2.232041189,12,19,3,4,3.476190476,6.3,3.863636364,4.05,NA
文,2.19047619,6.842105263,4.409090909,4.2,NA,3.178609415,4,20,7,6,2.19047619,6.55,4.260869565,4.2,NA
斌,5.8,4.85,1.904761905,1.4211,NA,1.396092194,12,3,6,1,5.571428571,4.85,2.227272727,1.6,NA
斑,3.714285714,6.526315789,4.818181818,4.7,NA,1.446622963,12,9,2,3,3.714285714,6.4,4.818181818,4.7,NA
斗,3.523809524,6.15,3.5,2.7,NA,1.306345488,4,12,4,2,3.523809524,6.15,3.5,2.7,NA
斤,3.19047619,6.888888889,3.409090909,4.15,NA,1.722463222,4,5,5,5,3.19047619,6.6,3.181818182,4.15,NA
斥,4.9,6.35,3.090909091,2.95,NA,1.958538231,5,9,2,2,4.714285714,6.35,3.090909091,2.95,NA
斬,4.380952381,6.2,5.238095238,5.3684,NA,1.813175247,11,4,1,0,4.380952381,6.2,4.909090909,5.15,NA
斷,3.857142857,6.526315789,5,4.8,NA,2.526908934,18,23,2,8,3.857142857,6.4,4.954545455,4.8,NA
方,2.571428571,6.842105263,4.636363636,4.05,NA,3.443392136,4,23,6,5,2.571428571,6.75,4.454545455,4.05,NA
於,3.095238095,6.631578947,1.333333333,1.6316,NA,3.502208645,8,4,5,3,3.095238095,6.5,1.454545455,1.85,NA
旅,3.45,6.842105263,3.681818182,4.2,NA,2.645159269,10,9,9,5,3.571428571,6.75,3.727272727,4.2,NA
旋,4.142857143,6.631578947,4.5,4.3,NA,1.70816417,11,7,3,8,4.142857143,6.5,4.363636364,4.3,NA
族,3.952380952,6.684210526,3.227272727,3.5,NA,2.27627994,11,0,6,NA,4,6.45,2.958333333,3.5,NA
既,4.2,6.789473684,1.285714286,1.4444,NA,2.089905916,9,5,3,6,4.047619048,6.7,1.5,1.8,NA
日,1.3,7,5.590909091,5.2,NA,3.627307937,4,17,3,4,1.428571429,6.95,5.545454545,5.2,NA
旦,3.95,5.35,3.136363636,2,NA,1.995933115,5,9,1,5,3.80952381,5.35,3.409090909,2.25,NA
旨,4.428571429,6.578947368,3.727272727,3.55,NA,1.50802359,6,7,18,5,4.428571429,6.4,3.636363636,3.55,NA
早,1.571428571,6.947368421,4.590909091,4.1,NA,2.970123462,6,10,4,2,1.545454545,6.85,4.545454545,4.1,NA
旬,5.380952381,5.05,2.727272727,2.2,NA,1.53184571,6,4,3,4,5.380952381,5.05,2.727272727,2.2,NA
昆,4.75,6.105263158,3.363636364,1.7222,NA,1.628346461,8,3,6,6,4.571428571,5.85,3.545454545,2.25,NA
昌,3.571428571,6.35,2.954545455,1.8421,NA,1.792164267,8,4,7,5,3.571428571,6.35,3.043478261,2.1,NA
明,2.380952381,6.944444444,4.136363636,3.25,NA,3.213314148,8,17,3,7,2.380952381,6.75,4.227272727,3.25,NA
昏,4.095238095,6.5,4.681818182,4.55,NA,1.682189995,8,14,13,5,4.095238095,6.5,4.636363636,4.55,NA
易1,3.285714286,6.894736842,2.909090909,2.8,NA,2.578811679,8,10,3,7,3.285714286,6.75,3,2.8,NA
昔,4.333333333,6.368421053,2.681818182,2.3684,NA,1.506580749,8,3,20,6,4.318181818,6.1,2.5,2.6,NA
星,2.095238095,6.894736842,6.476190476,6.15,NA,2.969837566,9,19,9,5,2.095238095,6.8,6.181818182,6.15,NA
春,2.047619048,6.736842105,5.272727273,5,NA,2.240790638,9,4,0,6,2.047619048,6.6,5.272727273,5,NA
是,2,7,2.318181818,2,NA,3.834965442,9,8,10,5,2,6.95,2.363636364,2,NA
晉,5.428571429,5.95,1.80952381,1.85,NA,1.977271489,10,3,9,5,5.428571429,5.95,2.136363636,1.85,NA
晝,4.666666667,6.3,5,4.25,NA,0.712233591,11,4,3,4,4.666666667,6.3,4.954545455,4.25,NA
晨,2.476190476,6.578947368,5.045454545,4.65,NA,2.522682022,11,6,4,2,2.476190476,6.45,4.869565217,4.65,NA
普,3.5,6.842105263,2.454545455,2.05,NA,2.644397049,12,6,4,NA,3.380952381,6.75,2.5,2.05,NA
晶,3.333333333,6.888888889,5,4.15,NA,1.779244668,12,12,11,2,3.333333333,6.6,5.045454545,4.15,NA
暖,3.047619048,6.736842105,4.227272727,4.9,NA,1.710429665,13,3,0,2,3.047619048,6.6,3.954545455,4.9,NA
暴,4.3,6.736842105,3.545454545,3.15,NA,2.409806207,15,23,4,10,4.142857143,6.6,3.545454545,3.15,NA
曇,5.9,4.6,3.909090909,2.85,NA,0.134246458,16,4,5,3,5.761904762,4.6,3.863636364,2.85,NA
曰,5.65,6.263157895,3.227272727,2.5,NA,0.82461629,4,1,7,4,5.428571429,6,3.181818182,2.5,NA
曲,3.666666667,6.842105263,5.272727273,4.4,NA,2.256494469,6,9,0,8,3.666666667,6.7,5.181818182,4.4,NA
曳,4.19047619,5.65,2.681818182,2.95,NA,0.786511764,6,5,0,4,4.19047619,5.65,2.818181818,2.95,NA
更1,3.75,6.631578947,1.954545455,2.0526,NA,3.238753653,7,7,0,4,3.619047619,6.5,2.090909091,2.25,NA
書,2.380952381,6.888888889,6.095238095,6.4211,NA,2.825067722,10,8,5,1,2.380952381,6.6,5.652173913,6.25,NA
曹,3.952380952,6.05,2.863636364,1.4,NA,1.393287269,11,2,2,6,3.952380952,6.05,2.956521739,1.4,NA
曼,5,5.842105263,2.590909091,2.1,NA,2.420200685,11,5,7,5,5,5.6,2.818181818,2.1,NA
曾1,3.476190476,6.578947368,2.409090909,1.6842,NA,2.979624205,12,4,1,5,3.476190476,6.3,2.409090909,1.85,NA
替,4.05,6.631578947,3.090909091,2.75,NA,2.099697189,12,5,4,1,3.904761905,6.5,3.272727273,2.75,NA
會1,2.333333333,7,2.238095238,2.8,NA,3.588666826,13,0,0,4,2.409090909,6.9,2.416666667,2.8,NA
月,1.476190476,6.947368421,6.363636364,6.15,NA,3.313854565,4,10,6,3,1.545454545,6.85,6.363636364,6.15,NA
有,1.571428571,7,2.095238095,3.15,NA,3.979230131,6,4,4,4,1.545454545,6.9,2.454545455,3.15,NA
朋,2.428571429,7,4.045454545,4.1,NA,2.577094976,8,5,1,8,2.428571429,6.9,4.227272727,4.1,NA
望,2.571428571,6.789473684,4.818181818,4.4,NA,2.971488194,11,5,0,3,2.571428571,6.5,4.772727273,4.4,NA
朝1,3.333333333,6.631578947,3.409090909,3.55,NA,2.069733966,12,10,4,7,3.318181818,6.5,3.272727273,3.55,NA
木,1.666666667,6.894736842,6.65,6.4211,NA,2.226430248,4,4,5,4,1.666666667,6.8,6.217391304,6.25,NA
未,2.666666667,6.684210526,2.045454545,2.6,NA,3.195743287,5,7,3,4,2.666666667,6.4,2.045454545,2.6,NA
末,3.523809524,6.45,3.909090909,3.4,NA,2.056289727,5,5,3,4,3.523809524,6.45,4.090909091,3.4,NA
本,2.857142857,6.894736842,3.681818182,3.4,NA,3.393999565,5,7,1,9,2.857142857,6.75,3.636363636,3.4,NA
朮,6.238095238,3.65,1.761904762,1.4,NA,-0.795172469,5,2,2,3,6.238095238,3.65,2.181818182,1.4,NA
朱,3.65,6.631578947,2.409090909,2.15,NA,2.084687679,6,6,9,2,3.523809524,6.5,2.227272727,2.15,NA
朵,2.476190476,6.888888889,4.772727273,4.2,NA,1.226705641,6,4,1,4,2.476190476,6.7,4.772727273,4.2,NA
杏,3.666666667,6.315789474,4.590909091,4.55,NA,1.362687078,7,6,3,2,3.666666667,6.1,4.5,4.55,NA
束,4.142857143,6.684210526,4.636363636,4.15,NA,2.046291288,7,13,7,3,4.142857143,6.45,4.590909091,4.15,NA
杰,4.333333333,6.368421053,2.863636364,2,NA,1.513036112,8,0,1,NA,4.363636364,6.1,2.666666667,2,NA
東,3.047619048,6.684210526,4.318181818,3.65,NA,2.972342069,8,8,2,7,3.090909091,6.4,4.227272727,3.65,NA
杳,6.45,3.2,1.476190476,2.25,NA,0.190104275,8,4,5,NA,6.285714286,3.2,1.695652174,2.25,NA
析,4.714285714,6.105263158,3,2.1579,NA,2.095993162,8,7,20,9,4.714285714,5.85,3.090909091,2.4,NA
林,2.571428571,6.947368421,4.954545455,4.85,NA,2.767338481,8,22,4,5,2.571428571,6.8,5.090909091,4.85,NA
枚,4,6.35,3.909090909,3.2,NA,1.436127178,8,7,7,3,3.857142857,6.35,4,3.2,NA
果,2.380952381,6.888888889,5.545454545,5.1,NA,2.983364651,8,11,1,4,2.409090909,6.7,5.545454545,5.1,NA
某,3.952380952,6.526315789,2.545454545,1.3684,NA,2.121632284,9,11,1,5,3.952380952,6.25,2.545454545,1.55,NA
染,4,6.4,4.272727273,3.95,NA,2.220885398,9,7,2,6,4.142857143,6.4,4.272727273,3.95,NA
查,3.619047619,6.736842105,3.590909091,3.35,NA,3.013870724,9,18,2,4,3.619047619,6.6,3.590909091,3.35,NA
柬,4.666666667,6.105263158,3.772727273,4.05,NA,0.763136016,10,2,5,1,4.666666667,5.85,3.772727273,4.05,NA
桑,4.904761905,5.55,3.227272727,2.9,NA,1.521845633,10,8,2,5,4.954545455,5.55,3.318181818,2.9,NA
梁,3.8,6.736842105,3.045454545,1.8947,NA,2.611736564,11,6,9,3,3.666666667,6.6,3.090909091,2.15,NA
梟,6.25,4.5,2.909090909,2.75,NA,0.755055885,11,7,5,3,6.095238095,4.5,2.909090909,2.75,NA
棄,4.25,6.5,4.090909091,4.2,NA,2.211293574,12,8,5,3,4.318181818,6.5,4.090909091,4.2,NA
棗,4.619047619,5.5,5.409090909,5.75,NA,0.87692539,12,6,4,4,4.619047619,5.5,5.363636364,5.75,NA
棘,5.45,5.05,3.954545455,4.15,NA,0.566555368,12,3,4,3,5.238095238,5.05,4.181818182,4.15,NA
森,3.19047619,6.888888889,5.818181818,5.35,NA,2.016514225,12,3,6,3,3.227272727,6.7,5.818181818,5.35,NA
楚,4.55,6.833333333,2.095238095,1.7368,NA,2.10135375,13,11,1,4,4.380952381,6.55,2.347826087,1.95,NA
業,3.6,6.736842105,3.318181818,2.65,NA,3.124498233,13,18,4,5,3.714285714,6.65,3.363636364,2.65,NA
樂1,2.619047619,6.8,4.954545455,3.65,NA,2.733872703,15,0,1,6,2.619047619,6.8,4.818181818,3.65,NA
橫,3.238095238,6.55,4.545454545,4.6,NA,2.017740889,16,16,0,10,3.238095238,6.55,4.318181818,4.6,NA
欠,3.619047619,6.888888889,2.772727273,3.25,NA,2.165615313,4,12,0,6,3.619047619,6.7,2.636363636,3.25,NA
款,3.9,6.789473684,3.227272727,2.6,NA,2.728248807,12,5,0,1,4.047619048,6.65,3,2.6,NA
歌,2.571428571,6.842105263,5,5.75,NA,2.623349782,14,7,1,3,2.571428571,6.7,4.863636364,5.75,NA
止,3,6.65,3.363636364,3.05,NA,2.520027914,4,14,18,4,3,6.65,3.454545455,3.05,NA
正1,2.952380952,6.65,3.409090909,3.15,NA,3.092172844,5,2,6,6,2.952380952,6.65,3.272727273,3.15,NA
此,2.952380952,6.684210526,1.476190476,2.3,NA,3.049190787,6,4,7,4,2.952380952,6.4,1.909090909,2.3,NA
步,2.333333333,6.736842105,5.045454545,4.5,NA,2.877171728,7,5,4,5,2.333333333,6.5,5,4.5,NA
武,3.95,6.555555556,4.545454545,4.25,NA,2.33177025,8,17,7,5,3.772727273,6,4.454545455,4.25,NA
歪,4.142857143,6.45,5.571428571,4.65,NA,1.152587914,9,5,0,3,4.142857143,6.45,5.304347826,4.65,NA
歲,2.666666667,6.789473684,2.681818182,3.15,NA,2.989789366,14,9,3,5,2.666666667,6.7,2.681818182,3.15,NA
歹,4.75,5.7,2.590909091,2.65,NA,0.927735544,4,5,0,1,4.571428571,5.7,2.727272727,2.65,NA
死,3.047619048,7,5.363636364,5.35,NA,2.813674355,6,14,0,3,3.047619048,6.9,5.409090909,5.35,NA
段,4.047619048,6.6,3.090909091,3.45,NA,2.758063083,9,4,2,7,4.047619048,6.6,3.045454545,3.45,NA
殷,5.8,5.4,1.714285714,2,NA,1.103369891,10,10,8,5,5.666666667,5.4,1.956521739,2.2,NA
殿,4.714285714,6.1,4.454545455,4.65,NA,1.456465753,13,5,7,4,4.714285714,6.1,4.545454545,4.65,NA
毁,4.8,6.421052632,4.272727273,4.05,NA,1.32704341,13,0,5,NA,4.619047619,6.25,4.318181818,4.05,NA
毋,4.9,5.75,1.904761905,2.75,NA,1.868999238,4,3,8,1,4.714285714,5.75,2.181818182,2.75,NA
母,2.2,6.944444444,5.136363636,5.8,NA,2.634768127,5,4,7,2,2.363636364,6.75,5.041666667,5.8,NA
毒,3.80952381,6.684210526,5.318181818,4.8,NA,2.488806816,8,5,3,11,3.80952381,6.55,5.272727273,4.8,NA
比,2.761904762,6.789473684,3.181818182,2.55,NA,3.028127835,4,12,5,3,2.761904762,6.55,3.181818182,2.55,NA
毛,2.285714286,6.789473684,5.818181818,6.15,NA,2.237311982,4,13,8,4,2.285714286,6.7,5.782608696,6.15,NA
氏,3.714285714,6.210526316,2.181818182,1.95,NA,1.947421753,4,5,10,5,3.714285714,6.05,2.181818182,1.95,NA
民,3.238095238,6.65,4.136363636,4.05,NA,3.397590068,5,8,7,8,3.238095238,6.65,4.272727273,4.05,NA
水,1.4,6.894736842,6.523809524,6.7368,NA,3.062913358,4,24,0,4,1.545454545,6.75,6.363636364,6.6,NA
永,3.45,6.944444444,2.454545455,2.3158,NA,2.431255576,5,7,0,7,3.333333333,6.75,2.636363636,2.55,NA
氹,5.095238095,4.9,3.272727273,3.4,NA,0.916634761,5,4,0,1,5.095238095,4.9,3.272727273,3.4,NA
求,3.047619048,6.65,3.818181818,3.95,NA,2.961083181,7,13,2,3,3.047619048,6.65,3.772727273,3.95,NA
沙,2.714285714,6.65,5.136363636,6.3684,NA,2.640353384,7,18,6,5,2.714285714,6.65,5.090909091,6.2,NA
泉,3.75,6.5,5.681818182,5.45,NA,1.530821832,9,4,7,2,3.619047619,6.5,5.636363636,5.45,NA
法,3.333333333,6.947368421,3.681818182,3.25,NA,3.409770085,8,7,2,NA,3.333333333,6.85,3.727272727,3.25,NA
泰,4.5,6.684210526,2.863636364,2.8,NA,2.32496256,10,5,6,8,4.333333333,6.55,3.090909091,2.8,NA
泵,4.857142857,5.1,4.909090909,4.5,NA,0.895023612,9,1,1,NA,4.857142857,5.1,4.818181818,4.5,NA
流,3.3,6.631578947,5.380952381,4.75,NA,2.808296692,10,9,10,3,3.19047619,6.45,5.227272727,4.75,NA
涉,4.9,6.052631579,2.727272727,2.75,NA,2.712458556,10,10,1,3,5,5.85,2.772727273,2.75,NA
淵,5.15,5.684210526,4.363636364,3.9,NA,1.146835585,12,6,3,3,4.952380952,5.45,4.434782609,3.9,NA
淼,6.4,3.15,2.409090909,1.3158,NA,-0.15835037,12,2,5,1,6.238095238,3.15,2.454545455,1.5,NA
滅,4.19047619,6.3,3.818181818,3.95,NA,1.797559299,14,12,2,6,4.19047619,6.3,3.636363636,3.95,NA
滸,4.952380952,5.2,2.636363636,1.7368,NA,-0.230901037,14,1,2,NA,4.954545455,5.2,2.727272727,1.95,NA
漁,3.75,5.95,5.227272727,5.05,NA,1.695020196,14,6,28,4,3.904761905,5.95,5.227272727,5.05,NA
漏,4.5,6.631578947,4,4,NA,1.815487695,14,14,3,6,4.333333333,6.5,3.818181818,4,NA
澀,5.619047619,6,3.590909091,3.7,NA,0.790288262,17,6,2,5,5.619047619,6,3.681818182,3.7,NA
澂,6.9,2.157894737,1.05,1.3158,NA,-0.531931034,15,4,6,NA,6.80952381,2.35,1.318181818,1.45,NA
火,1.476190476,6.947368421,6.952380952,6.4,NA,2.741680455,4,35,3,5,1.476190476,6.85,6.826086957,6.4,NA
灰,2.714285714,6.888888889,5.952380952,5,NA,1.783466742,6,9,4,5,2.714285714,6.7,5.545454545,5,NA
災,4.05,6.473684211,5,4.85,NA,1.922359349,7,10,2,4,4.19047619,6.3,5.136363636,4.85,NA
炊,5.476190476,5.5,4.272727273,4.05,NA,-0.15835037,8,4,6,3,5.476190476,5.5,4.318181818,4.05,NA
炎,3.333333333,6.4,5.571428571,4.65,NA,1.813175247,8,8,6,5,3.333333333,6.4,5.272727273,4.65,NA
炙,5.285714286,5.631578947,4.545454545,4.2,NA,0.664722385,8,8,1,1,5.318181818,5.4,4.333333333,4.2,NA
炭,4.45,6.736842105,6.25,6.0526,NA,1.32758935,9,3,3,5,4.285714286,6.6,5.954545455,5.85,NA
為1,2.666666667,6.684210526,1.3,1.4211,NA,3.559291332,9,0,9,6,2.666666667,6.4,1.545454545,1.7,NA
烏,4.047619048,6.631578947,4.909090909,4.15,NA,2.20756939,10,3,4,2,4.047619048,6.5,4.909090909,4.15,NA
烜,6.75,2.8,1.380952381,1.4737,NA,0.09877414,10,1,5,NA,6.666666667,2.8,1.590909091,1.65,NA
焉,5.95,5.25,1.571428571,1.2105,NA,0.73417232,11,9,6,4,5.727272727,5.25,1.75,1.4,NA
焚,4.761904762,6.315789474,5.272727273,4.75,NA,1.482436746,12,1,1,6,4.761904762,6.05,5.318181818,4.75,NA
無,2.523809524,6.842105263,3.772727273,3.6,NA,3.283344765,12,24,8,6,2.590909091,6.55,3.681818182,3.6,NA
焦,4.2,6.473684211,4.590909091,4.5,NA,1.951331994,12,14,4,1,4.047619048,6.3,4.454545455,4.5,NA
焱,6.476190476,3.8,2.954545455,2.5789,NA,0.182551138,12,0,5,1,6.476190476,3.8,3,2.8,NA
煞,5.428571429,5.65,2.954545455,2.7,NA,1.656613968,13,4,4,6,5.428571429,5.65,3,2.7,NA
熊,2.857142857,6.842105263,5.909090909,6.4737,NA,1.905963598,14,7,6,2,2.857142857,6.7,5.772727273,6.3,NA
熏,5.35,5.65,4.136363636,3.85,NA,0.878462717,15,6,13,2,5.142857143,5.65,4.086956522,3.85,NA
熒,4.857142857,5,4.318181818,3.75,NA,0.866008976,14,2,16,2,4.857142857,5,4.181818182,3.75,NA
熨,4.952380952,5.65,5.181818182,4.9,NA,0.204827532,15,2,2,NA,4.952380952,5.65,5,4.9,NA
燊,6.5,3,1.428571429,1.4211,NA,0.912397708,16,0,11,NA,6.380952381,3,1.636363636,1.6,NA
燕,3.4,6.5,6.35,5.6,NA,1.786890895,16,15,2,3,3.571428571,6.5,6,5.6,NA
燮,6.95,2.368421053,1.476190476,1.2105,NA,0.049925572,17,5,8,3,6.857142857,2.6,1.782608696,1.35,NA
爪,2.761904762,6.578947368,6.318181818,6.15,NA,1.253398802,4,7,3,2,2.761904762,6.45,6.130434783,6.15,NA
爭,3.333333333,6.55,4.136363636,3.7,NA,2.867302036,8,10,12,3,3.363636364,6.55,4.136363636,3.7,NA
爵,5.238095238,5.6,4.363636364,3.7,NA,1.416570846,17,3,5,5,5.238095238,5.6,4.565217391,3.7,NA
父,1.761904762,6.947368421,5.318181818,5.45,NA,2.56664977,4,8,8,5,1.818181818,6.85,5.272727273,5.45,NA
爽,3.904761905,6.888888889,4.272727273,3.2,NA,1.64152013,11,7,0,4,3.904761905,6.7,4.5,3.2,NA
爾,5.19047619,5.8,1.772727273,1.5263,NA,2.767932699,14,4,8,10,5.19047619,5.8,1.818181818,1.7,NA
片,2.857142857,6.684210526,4.727272727,4.75,NA,2.941396655,4,3,2,6,2.857142857,6.45,4.636363636,4.75,NA
牙,1.904761905,6.888888889,6.571428571,6.5789,NA,2.276954834,4,13,2,7,1.904761905,6.7,6.409090909,6.35,NA
牛,1.619047619,7,6.523809524,6.8421,NA,2.324523213,4,5,0,1,1.590909091,6.95,6.272727273,6.6,NA
牟,6.25,5.2,2.363636364,1.4737,NA,1.117757774,6,5,2,2,6.142857143,5.2,2.5,1.65,NA
牧,4.4,6.4,4.363636364,4.25,NA,1.271153458,8,5,5,4,4.238095238,6.4,4.173913043,4.25,NA
牽,3.952380952,6.210526316,5.363636364,5.1053,NA,1.735667311,11,8,2,5,3.952380952,5.95,5.363636364,4.9,NA
犀,4.666666667,5.7,4.181818182,3.1,NA,1.004168082,12,3,3,8,4.666666667,5.7,4.217391304,3.1,NA
犬,3.285714286,6.894736842,6.285714286,6.1579,NA,1.578964626,4,8,0,3,3.272727273,6.8,6.045454545,5.95,NA
獄,4.85,6.15,5.090909091,5.3158,NA,1.828076823,14,5,10,3,4.666666667,6.15,5.181818182,5.1,NA
獸,4.142857143,6.052631579,5.181818182,4.85,NA,1.653533852,19,3,8,4,4.136363636,5.85,5.090909091,4.85,NA
獻,4.65,6.263157895,3.272727273,3.6,NA,1.998850595,20,14,2,1,4.545454545,6,3.272727273,3.6,NA
玄,5.15,5.95,3,2.2105,NA,1.299415109,5,5,17,3,4.952380952,5.95,3.136363636,2.45,NA
率,4.714285714,6.263157895,3.136363636,2.5789,NA,2.527838864,11,16,3,7,4.714285714,6,3.086956522,2.8,NA
玉,3.05,6.947368421,5.681818182,6.1579,NA,1.88937369,5,4,10,7,3.238095238,6.8,5.5,6,NA
王,2.380952381,6.894736842,4,3.65,NA,2.779302519,4,15,11,6,2.380952381,6.75,4.391304348,3.65,NA
玫,3.857142857,6.210526316,3.818181818,3.4,NA,1.2723943,8,1,7,1,3.857142857,5.95,4.045454545,3.4,NA
珏,6.55,2.8,1.666666667,2.15,NA,0.307489874,9,0,5,NA,6.380952381,2.8,1.909090909,2.15,NA
班,2.047619048,6.684210526,4.181818182,4.05,NA,2.865787824,10,10,2,3,2.047619048,6.5,4.136363636,4.05,NA
珮,5.095238095,5.75,3.045454545,3.3,NA,1.031981328,10,1,4,NA,5.095238095,5.75,3.090909091,3.3,NA
琴,3.142857143,6.894736842,6.045454545,6.3,NA,1.707254652,12,8,2,3,3.142857143,6.8,5.863636364,6.3,NA
瑕,5.380952381,5.947368421,3.727272727,3.95,NA,0.727706278,13,4,4,5,5.380952381,5.75,3.772727273,3.95,NA
瓜,2.3,6.944444444,5.590909091,5.95,NA,1.756480804,5,5,1,3,2.476190476,6.65,5.391304348,5.95,NA
瓦,4.952380952,6.05,4.636363636,4.35,NA,1.697587921,5,3,1,4,4.952380952,6.05,4.409090909,4.35,NA
甘,4.428571429,6.473684211,2.772727273,3.45,NA,1.838464286,5,6,3,4,4.428571429,6.35,2.954545455,3.45,NA
甚,3.142857143,6.947368421,1.666666667,1.6,NA,2.800635952,9,5,1,3,3.142857143,6.85,1.954545455,1.6,NA
甜,2.80952381,6.894736842,4.727272727,5.25,NA,2.038718027,11,4,1,4,2.80952381,6.8,4.681818182,5.25,NA
生,2.095238095,6.947368421,3.681818182,2.95,NA,3.531804801,5,19,3,5,2.095238095,6.85,3.727272727,2.95,NA
用,2.523809524,6.947368421,3.045454545,3.35,NA,3.296980674,5,16,0,10,2.545454545,6.85,2.909090909,3.35,NA
甩,4.142857143,6.4,4.409090909,4.35,NA,1.615042208,5,5,0,2,4.142857143,6.4,4.227272727,4.35,NA
甫,5.80952381,4.2,1.571428571,1.3158,NA,1.525665921,7,7,9,2,5.863636364,4.2,1.772727273,1.45,NA
田,2.285714286,7,6.6,6.2632,NA,2.491471093,5,6,2,5,2.285714286,6.9,6.181818182,6.1,NA
由,3.285714286,6.894736842,1.380952381,1.3158,NA,3.21620764,5,4,14,4,3.285714286,6.75,1.727272727,1.4,NA
甲,2.904761905,6.894736842,3.681818182,3.2,NA,2.400312055,5,9,5,3,2.904761905,6.8,3.681818182,3.2,NA
申,4.238095238,6.789473684,1.428571429,2.8,NA,2.526770997,5,6,11,3,4.238095238,6.65,1.772727273,2.8,NA
男,1.571428571,6.85,6.523809524,5.9,NA,3.033100644,7,6,4,2,1.571428571,6.85,6,5.9,NA
甸,5.05,5,2,2,NA,1.568439512,7,8,7,3,4.857142857,5,2.318181818,2,NA
畏,4.476190476,6.526315789,3.142857143,3.4,NA,1.204103104,9,9,6,4,4.454545455,6.35,3.041666667,3.4,NA
畜,4.380952381,6.05,4.5,4.7,NA,0.742646627,10,5,7,6,4.380952381,6.05,4.636363636,4.7,NA
畢,4.19047619,6.421052632,2.227272727,2.1579,NA,2.255980055,12,9,2,3,4.19047619,6.2,2.318181818,2.35,NA
番,4,6.684210526,2.047619048,1.5789,NA,2.211079584,12,7,4,2,3.857142857,6.55,2.545454545,1.75,NA
畫1,2.523809524,6.65,6.047619048,6,NA,2.530035222,12,0,3,7,2.523809524,6.65,5.608695652,5.75,NA
異,4.333333333,6.421052632,3.681818182,3.25,NA,2.224359217,11,5,3,7,4.333333333,6.15,3.636363636,3.25,NA
疏,4.428571429,6.4,3.227272727,3.65,NA,1.735880461,12,12,5,11,4.428571429,6.4,3.136363636,3.65,NA
疑,4.428571429,6.473684211,3.227272727,3,NA,2.851378286,14,14,16,2,4.428571429,6.25,3.090909091,3,NA
癌,4.904761905,6.3,4.045454545,4.95,NA,2.020626577,17,2,2,1,4.904761905,6.3,4,4.95,NA
登,4,6.842105263,2.909090909,3.4,NA,2.45173625,12,4,2,5,4,6.7,3.090909091,3.4,NA
白,1.80952381,7,6.19047619,5.5,NA,2.744384519,5,8,2,5,1.80952381,6.9,5.909090909,5.5,NA
百,2.142857143,6.894736842,4.227272727,4.05,NA,3.035779565,6,5,2,6,2.142857143,6.8,4,4.05,NA
皂,3.904761905,5.85,4.681818182,4.55,NA,0.547250213,7,9,2,7,3.904761905,5.85,4.545454545,4.55,NA
皆,4.5,6.368421053,2.909090909,1.8421,NA,2.080756517,9,2,4,2,4.333333333,6.1,2.909090909,2,NA
皇,3.857142857,6.684210526,5.181818182,5.05,NA,2.362183548,9,10,11,4,3.857142857,6.6,5.136363636,5.05,NA
皮,2.619047619,6.888888889,5.181818182,4.65,NA,2.410888449,5,3,4,7,2.681818182,6.7,5.045454545,4.65,NA
皿,5.238095238,4.9,3.909090909,4.2,NA,0.289999142,5,1,3,5,5.238095238,4.9,3.954545455,4.2,NA
盈,3.904761905,6.45,2.590909091,2.1579,NA,1.991460666,9,7,16,7,3.904761905,6.45,2.636363636,2.4,NA
益,3.75,6.473684211,3.090909091,2.95,NA,2.368138021,10,5,3,4,3.590909091,6.2,2.863636364,2.95,NA
盜,4.380952381,6.888888889,4.909090909,4.95,NA,1.776342266,12,15,9,3,4.380952381,6.7,4.909090909,4.95,NA
盡,4.15,6.789473684,2.333333333,2.5,NA,2.5612677170000002,14,15,0,3,4,6.7,2.590909091,2.5,NA
監,4.619047619,6.888888889,4.181818182,3.75,NA,2.547710584,14,13,1,4,4.619047619,6.6,4.227272727,3.75,NA
目,3.368421053,6.947368421,5.714285714,4.9,NA,3.02095831,5,11,5,4,3.142857143,6.85,5.5,4.9,NA
直,2.476190476,6.947368421,5.136363636,4.85,NA,2.967080844,8,17,10,4,2.476190476,6.8,5.086956522,4.85,NA
相1,2.952380952,6.45,4.954545455,4,NA,3.108396788,9,28,10,5,3,6.45,4.863636364,4,NA
盾,4.6,6.5,5.863636364,6.1,NA,1.790851915,9,7,0,2,4.428571429,6.5,5.772727273,6.1,NA
省1,4.15,6.684210526,3,3.45,NA,1.123032671,9,0,1,3,4,6.5,2.875,3.45,NA
眉,3.285714286,6.65,6.666666667,6.3,NA,1.436976239,9,6,7,5,3.285714286,6.65,6.434782609,6.3,NA
看1,2.571428571,6.85,4.272727273,4.95,NA,2.9667178,9,4,1,7,2.5,6.85,4.454545455,4.95,NA
真,3,6.894736842,2.954545455,3.35,NA,2.900557223,10,7,1,NA,3,6.8,2.954545455,3.35,NA
眾,4.047619048,6.65,3.681818182,3.7,NA,2.792145547,11,11,5,5,4.047619048,6.65,3.727272727,3.7,NA
着,3.047619048,6.894736842,2.227272727,1.5263,NA,2.890822908,12,0,0,NA,3.047619048,6.8,2.454545455,1.7,NA
睪,5.761904762,5.1,3.636363636,3.25,NA,-0.054809778,13,0,5,3,5.636363636,5.1,3.708333333,3.25,NA
睿,5.761904762,5.2,1.571428571,1.8947,NA,0.483581133,14,4,2,NA,5.761904762,5.2,1.863636364,2.1,NA
瞿,6.894736842,2.842105263,1.285714286,1.2632,NA,-0.193112477,18,3,1,4,6.727272727,3.05,1.636363636,1.35,NA
矛,4.05,6.473684211,5.454545455,5,NA,1.712233591,5,3,1,1,4.181818182,6.25,5.363636364,5,NA
矢,5.8,5.3,3.681818182,3.5,NA,1.219067971,5,8,7,4,5.571428571,5.3,3.590909091,3.5,NA
石,1.952380952,7,6.571428571,6.3684,NA,2.496048336,5,10,2,5,1.952380952,6.8,6.409090909,6.2,NA
砵,4.857142857,5.35,4.181818182,3.65,NA,0.903797537,10,1,2,NA,4.818181818,5.35,4.083333333,3.65,NA
磊,5.095238095,5.45,1.904761905,2.35,NA,0.803253239,15,6,9,NA,5.095238095,5.45,2.227272727,2.35,NA
示,3.75,6.5,3.590909091,2.1053,NA,3.207821062,5,7,10,3,3.636363636,6.5,3.545454545,2.35,NA
社,4,6.6,3.045454545,3.1,NA,2.892192971,8,8,0,4,4,6.6,3.136363636,3.1,NA
祝,2.857142857,6.65,3.454545455,2.6,NA,2.127379999,10,12,10,5,2.857142857,6.65,3.47826087,2.6,NA
票,3.428571429,6.65,5.136363636,5.7,NA,2.672164273,11,5,1,5,3.428571429,6.65,4.913043478,5.7,NA
祭,4.857142857,6.2,4.863636364,4.45,NA,1.466486836,11,17,6,3,4.857142857,6.2,4.818181818,4.45,NA
禤,6.6,2.368421053,1.571428571,2.1,NA,0.017740889,15,0,2,NA,6.476190476,2.6,1.818181818,2.1,NA
禺,5.952380952,3.95,1.681818182,1.2632,NA,0.566555368,9,1,28,1,6,3.95,1.863636364,1.4,NA
禽,4.15,5.95,6,5.15,NA,1.633502158,12,4,2,4,4,5.95,5.772727273,5.15,NA
禾,3.80952381,6.210526316,3.909090909,3.9,NA,1.582315916,5,1,1,5,3.80952381,6,4.173913043,3.9,NA
禿,4.380952381,6.777777778,5.863636364,5.75,NA,0.443709621,7,6,0,4,4.380952381,6.5,5.818181818,5.75,NA
秀,4.142857143,6.684210526,3,2.25,NA,2.170186046,7,14,8,7,4.142857143,6.55,3.136363636,2.25,NA
秉,5.952380952,4.7,1.380952381,1.5789,NA,1.096922135,8,7,3,4,5.952380952,4.7,1.545454545,1.8,NA
秋,2.476190476,6.684210526,5.272727273,5.05,NA,2.040200985,9,7,3,7,2.476190476,6.55,5.090909091,5.05,NA
科,3.238095238,6.736842105,3.272727273,3.05,NA,2.756033476,9,16,1,7,3.238095238,6.5,3,3.05,NA
秦,4.523809524,6.421052632,2.818181818,2.1579,NA,1.246220217,10,2,3,5,4.523809524,6.25,2.954545455,2.4,NA
稟,5.952380952,4.8,3.136363636,2.25,NA,1.477442593,13,8,1,4,5.954545455,4.8,3.181818182,2.25,NA
稱1,3.714285714,6.684210526,1.761904762,2.85,NA,3.033530383,14,14,5,NA,3.714285714,6.55,2,2.85,NA
穆,5.80952381,4.6,2.454545455,1.85,NA,1.368684335,16,3,5,4,5.80952381,4.6,2.454545455,1.85,NA
穿,2.857142857,6.842105263,4.227272727,4.75,NA,2.466922497,9,7,3,9,2.909090909,6.75,4.181818182,4.75,NA
突,3.571428571,6.578947368,3.590909091,3.15,NA,2.610970137,9,16,1,8,3.545454545,6.4,3.727272727,3.15,NA
竄,6.25,4.45,3.727272727,3.3,NA,0.887574125,18,6,3,7,6.095238095,4.45,3.954545455,3.3,NA
竊,5.19047619,5.65,5,4.15,NA,1.90234747,22,15,8,NA,5.19047619,5.65,4.818181818,4.15,NA
立,2.80952381,6.6,5.136363636,4.2,NA,3.036622679,5,18,0,2,2.863636364,6.6,5,4.2,NA
竟,3.952380952,6.944444444,1.666666667,1.4,NA,2.368982035,11,5,6,3,3.952380952,6.75,2.090909091,1.4,NA
章,3.7,6.789473684,3.181818182,2.5,NA,2.269784424,11,7,9,3,3.80952381,6.65,3.136363636,2.5,NA
競,4.25,6.684210526,3.590909091,3.1,NA,2.20706561,20,8,4,3,4.380952381,6.55,3.727272727,3.1,NA
竹,3.19047619,6.842105263,6.272727273,6.1,NA,1.625058412,6,10,10,4,3.19047619,6.7,6.227272727,6.1,NA
笑,2.2,6.947368421,5.818181818,6.2632,NA,2.69047799,10,4,2,4,2.428571429,6.85,5.727272727,6.1,NA
第,2.714285714,6.894736842,1.363636364,2,NA,3.067336567,11,4,5,6,2.714285714,6.75,1.409090909,2.2,NA
筆,2.285714286,7,6.571428571,6.35,NA,2.196791577,12,20,2,6,2.285714286,6.8,6.045454545,6.35,NA
等,3.095238095,6.789473684,4,4.05,NA,3.171086626,12,6,0,6,3.095238095,6.5,3.727272727,4.05,NA
筋,4.55,6.421052632,4.636363636,5.1,NA,1.487374122,12,6,5,3,4.380952381,6.2,4.409090909,5.1,NA
箍,5.1,5.578947368,4.909090909,4.6,NA,1.210579861,14,4,0,3,4.904761905,5.35,4.863636364,4.6,NA
算,3.285714286,6.894736842,3.5,2.4211,NA,2.679699115,14,8,3,5,3.285714286,6.8,3.681818182,2.65,NA
簿,3.4,6.894736842,5.523809524,5.8947,NA,1.243580121,19,3,6,7,3.285714286,6.75,5.181818182,5.7,NA
米,2.285714286,6.842105263,6.666666667,6.4,NA,2.855216012,6,12,0,4,2.285714286,6.75,6.391304348,6.4,NA
粥,3,6.736842105,6.19047619,6.7368,NA,1.146007569,12,2,10,3,3.090909091,6.65,5.916666667,6.55,NA
粵,4.19047619,6.631578947,3.272727273,3.4,NA,1.607661863,13,5,6,4,4.19047619,6.45,3.260869565,3.4,NA
糞,3.80952381,6.421052632,6.476190476,6.8889,NA,1.043676623,17,3,2,6,3.681818182,6.25,6.227272727,6.7,NA
系,3.952380952,6.45,2.454545455,2.5,NA,2.576110948,7,5,2,6,3.952380952,6.45,2.347826087,2.5,NA
素,3.95,6.526315789,2.727272727,3.2,NA,2.509246246,10,4,6,1,3.863636364,6.35,2.791666667,3.2,NA
索,4.476190476,6.315789474,4.045454545,3.4,NA,2.323863358,10,11,1,4,4.476190476,6.1,3.909090909,3.4,NA
累,3.380952381,6.842105263,4.5,4.5,NA,2.070917868,11,8,5,NA,3.380952381,6.7,4.304347826,4.5,NA
絲,3.952380952,6.789473684,5.181818182,5,NA,2.45451496,12,7,13,2,3.952380952,6.65,5.227272727,5,NA
緊,3.95,6.842105263,4.318181818,4.35,NA,2.519992883,14,16,4,8,3.80952381,6.75,4.272727273,4.35,NA
縣,5.428571429,6.611111111,4.590909091,4.7,NA,1.890420003,16,7,2,2,5.428571429,6.25,4.409090909,4.7,NA
繁,4.571428571,6.684210526,2.818181818,3,NA,1.836102151,17,18,5,6,4.571428571,6.5,3.090909091,3,NA
繭,5.714285714,4.45,4.954545455,5.15,NA,0.079888796,19,7,5,2,5.714285714,4.45,4.956521739,5.15,NA
繼,4,6.888888889,2.636363636,2.15,NA,2.661142945,20,4,2,1,4,6.7,2.818181818,2.15,NA
置,4.4,6.777777778,3.272727273,3.1,NA,2.556881351,13,12,10,1,4.523809524,6.5,3.136363636,3.1,NA
罰,3.8,6.45,4.590909091,4.5,NA,2.128762003,14,4,5,3,3.666666667,6.45,4.636363636,4.5,NA
罷,5.523809524,6.526315789,2,1.6842,NA,2.095248551,15,10,1,7,5.523809524,6.3,2.045454545,1.9,NA
罹,5.952380952,3.75,2.5,2.7,NA,0.878462717,16,3,11,1,5.952380952,3.75,2.409090909,2.7,NA
羅,3.428571429,6.473684211,1.7,1.95,NA,2.720833763,19,13,5,11,3.428571429,6.2,1.956521739,1.95,NA
羊,2.380952381,6.894736842,6.80952381,6.6316,NA,1.777892627,6,2,7,6,2.380952381,6.8,6.681818182,6.45,NA
美,2.571428571,6.684210526,4.090909091,5.05,NA,3.241848765,9,7,3,6,2.571428571,6.45,4.173913043,5.05,NA
羨,4.428571429,6.105263158,3.227272727,2.75,NA,1.167827881,13,5,5,4,4.428571429,5.85,3.227272727,2.75,NA
義,4,6.842105263,3.636363636,2.7,NA,2.543483198,14,14,3,7,4,6.7,3.545454545,2.7,NA
羲,5.619047619,4.6,1.545454545,1.5,NA,0.73417232,17,3,14,3,5.619047619,4.6,1.681818182,1.5,NA
羽,3.238095238,6.631578947,5.681818182,5.4,NA,1.487374122,6,10,7,4,3.238095238,6.5,5.47826087,5.4,NA
老,2.095238095,6.947368421,5.318181818,5.15,NA,2.942695749,6,6,7,5,2.095238095,6.85,5.181818182,5.15,NA
者,3.8,6.526315789,2.363636364,2.1053,NA,3.359925604,8,3,1,2,3.636363636,6.25,2.409090909,2.35,NA
而,2.95,6.736842105,1.238095238,1.0526,NA,3.36521602,6,11,16,7,3.142857143,6.45,1.454545455,1.3,NA
耍,2.952380952,6.526315789,3.772727273,3.65,NA,1.305772161,9,2,3,1,2.952380952,6.35,3.909090909,3.65,NA
耐,3.952380952,6.736842105,3.045454545,2.6,NA,1.814599749,9,4,2,2,3.952380952,6.55,3.045454545,2.6,NA
耕,4,5.95,5.090909091,5.0526,NA,1.201922542,10,5,1,3,3.909090909,5.95,5,4.85,NA
耳,1.666666667,7,6.285714286,6.6842,NA,2.099881564,6,6,8,5,1.666666667,6.9,5.913043478,6.45,NA
耶,3.666666667,5.947368421,2.5,1.9,NA,1.885163046,9,2,3,6,3.666666667,5.7,2.5,1.9,NA
耷,6.15,3.8,2.272727273,2.7,NA,0.55378108,9,2,2,1,5.904761905,3.8,2.272727273,2.7,NA
耿,5.333333333,5.736842105,2.772727273,1.7,NA,0.994878006,10,7,4,1,5.333333333,5.5,2.5,1.7,NA
聯,4.35,6.65,2.818181818,2.5263,NA,3.059619226,17,7,4,2,4.19047619,6.65,2.590909091,2.75,NA
聶,4.904761905,5.4,1.380952381,1.5789,NA,0.7769243,18,0,4,1,4.818181818,5.4,1.772727273,1.85,NA
聽,2.80952381,6.947368421,4.636363636,4.6,NA,2.537366979,22,14,0,5,2.80952381,6.85,4.545454545,4.6,NA
肅,5.2,5.9,2.681818182,2.8,NA,1.342603493,13,5,4,2,5,5.9,2.818181818,2.8,NA
肇,5.857142857,5.1,1.571428571,2.1579,NA,1.626431459,14,9,3,4,5.857142857,5.1,2,2.4,NA
肉,2.285714286,6.894736842,6.523809524,6.25,NA,2.383516772,6,7,10,2,2.285714286,6.8,6.363636364,6.25,NA
肖,3.85,6.526315789,2.636363636,2.4211,NA,1.385240165,7,5,3,2,3.714285714,6.35,2.727272727,2.65,NA
肘,4.761904762,5.3,4.5,5.25,NA,0.90234747,7,7,2,2,4.727272727,5.3,4.681818182,5.25,NA
肥,2.619047619,6.894736842,5.818181818,5.7895,NA,2.064065932,8,9,0,6,2.619047619,6.8,5.695652174,5.55,NA
肩,3.380952381,6.631578947,6.142857143,6,NA,1.638597366,8,7,1,6,3.380952381,6.5,5.913043478,6,NA
肯,3.523809524,6.888888889,2.545454545,2.45,NA,2.242453202,8,4,1,4,3.523809524,6.7,2.565217391,2.45,NA
育,3.380952381,6.6,3.863636364,3.4,NA,2.640300275,8,10,10,5,3.380952381,6.6,4,3.4,NA
胃,3.761904762,6.684210526,6.363636364,6.4211,NA,1.630796264,9,5,9,3,3.761904762,6.55,6.318181818,6.2,NA
胚,5.428571429,5.65,3.545454545,3.95,NA,0.307489874,9,2,2,2,5.5,5.65,3.363636364,3.95,NA
胤,6.380952381,3.3,1.428571429,1.4737,NA,-0.081962024,9,3,6,1,6.380952381,3.3,1.863636364,1.75,NA
能,3.095238095,6.789473684,2.636363636,2.4,NA,3.353995307,10,11,0,5,3.136363636,6.5,2.636363636,2.4,NA
脈,4.904761905,6.578947368,4.409090909,4,NA,1.562762379,10,7,6,1,4.904761905,6.4,4.181818182,4,NA
脊,5.285714286,5.6,5.318181818,5.4211,NA,1.201193248,10,6,1,3,5.285714286,5.6,5.272727273,5.2,NA
膚,3.80952381,6.6,5.666666667,5.55,NA,1.962982154,15,5,9,2,3.80952381,6.6,5.318181818,5.55,NA
臀,4.65,5.95,5.904761905,5.6,NA,1.003017632,17,1,3,1,4.476190476,5.95,5.590909091,5.6,NA
臣,4.238095238,6.4,4.227272727,4.35,NA,1.938559643,6,10,4,6,4.238095238,6.4,4.045454545,4.35,NA
臥,4.666666667,6.4,5.227272727,4.95,NA,1.325949469,8,15,2,5,4.666666667,6.4,5.136363636,4.95,NA
自,1.761904762,6.684210526,2.863636364,1.7895,NA,3.418478081,6,13,7,5,1.761904762,6.4,2.772727273,2.05,NA
臭,2.523809524,6.684210526,4.772727273,4.75,NA,1.45606006,10,4,2,2,2.636363636,6.45,4.681818182,4.75,NA
至,3.380952381,6.6,1.714285714,1.6316,NA,3.357034311,6,14,10,6,3.380952381,6.6,2,1.8,NA
臺,4.857142857,5.9,4.681818182,4.05,NA,0.774981145,14,2,4,1,4.857142857,5.9,4.5,4.05,NA
臼,5.238095238,4.75,3.681818182,3.05,NA,-0.054809778,6,3,1,1,5.181818182,4.75,3.590909091,3.05,NA
舀,4.857142857,5.1,3.772727273,3.1,NA,-0.670233731,10,2,0,1,4.857142857,5.1,3.869565217,3.1,NA
舁,7,1.35,1.15,1.15,NA,0.543947577,9,4,28,1,6.666666667,1.35,1.681818182,1.15,NA
舂,6,3.15,2.727272727,2.85,NA,-0.054809778,11,1,10,4,6,3.15,2.681818182,2.85,NA
與,3.4,6.5,1.80952381,2.1,NA,3.420975834,14,10,7,2,3.272727273,6.5,2.045454545,2.1,NA
興1,3,6.789473684,3.090909091,2.8,NA,2.17849407,16,0,2,13,3,6.65,3,2.8,NA
舉,3.523809524,6.736842105,4.727272727,4.8,NA,2.845093591,17,13,1,7,3.523809524,6.6,4.772727273,4.8,NA
舍,4.9,6.421052632,4.045454545,3.35,NA,1.837116068,8,4,3,6,4.714285714,6.15,3.954545455,3.35,NA
舞,3.142857143,6.842105263,6.095238095,5.8947,NA,2.33724733,14,11,7,1,3.142857143,6.7,5.818181818,5.7,NA
舟,3.789473684,6.35,5.909090909,5.9,NA,1.390464109,6,4,6,6,3.80952381,6.35,5.909090909,5.9,NA
般,3.523809524,6.6,1.428571429,1.3158,NA,2.371109599,10,5,1,10,3.523809524,6.6,1.590909091,1.55,NA
良,3.380952381,6.6,2.136363636,2.8,NA,2.331175437,7,5,9,4,3.380952381,6.6,2.181818182,2.8,NA
色,2,6.736842105,4.590909091,3.5,NA,2.906251592,6,6,20,2,2,6.6,4.5,3.5,NA
艷,4.761904762,6.2,5.045454545,3.95,NA,1.608805496,24,9,5,1,4.761904762,6.2,4.954545455,3.95,NA
苗,3.55,6.736842105,5.454545455,5.05,NA,1.688414829,9,7,2,6,3.428571429,6.6,5.454545455,5.05,NA
苟,5.619047619,5.6,1.35,1.65,NA,1.045769613,9,8,5,1,5.619047619,5.6,1.818181818,1.65,NA
若,4,6.526315789,1.428571429,1.85,NA,2.71523848,9,12,7,4,4,6.25,1.681818182,1.85,NA
茶,2.80952381,6.842105263,6.5,6.4211,NA,2.131941144,10,6,2,4,2.80952381,6.7,6.454545455,6.25,NA
莫,4.35,6.368421053,2.409090909,1.4211,NA,2.339482674,11,8,4,6,4.19047619,6.1,2.454545455,1.6,NA
莽,5.285714286,5.3,3.181818182,3.3,NA,0.644160226,11,3,5,5,5.285714286,5.3,3.227272727,3.3,NA
華,3.19047619,6.6,2.363636364,2.2,NA,2.922414829,12,10,4,4,3.19047619,6.6,2.454545455,2.2,NA
萬,3.619047619,6.842105263,3.363636364,3.9,NA,3.118164458,13,7,7,5,3.619047619,6.7,3.347826087,3.9,NA
葬,4.571428571,6.3,5.272727273,5,NA,1.451982147,13,4,1,1,4.571428571,6.3,5.318181818,5,NA
蒐,5.761904762,4.55,3.409090909,2.6,NA,1.170186046,14,6,5,1,5.761904762,4.55,3.434782609,2.6,NA
蔑,5.904761905,4.9,3.590909091,2.55,NA,0.174864309,15,5,2,5,5.904761905,4.9,3.5,2.55,NA
蕸,6.947368421,2.35,1.666666667,1.5,NA,-0.971263726,17,0,4,1,6.772727273,2.35,1.772727273,1.5,NA
薛,5.047619048,5.75,1.285714286,1,NA,1.549874357,17,0,8,2,5.047619048,5.75,1.454545455,1.1,NA
薦,4.952380952,5.5,2.380952381,3.4,NA,1.336766827,17,4,4,4,4.954545455,5.5,2.416666667,3.4,NA
薩,5.238095238,4.95,3.5,1.7895,NA,1.824268716,18,2,4,1,5.238095238,4.95,3.454545455,2,NA
蘸,5.904761905,4.25,3.772727273,4.45,NA,0.289999142,23,0,1,1,5.904761905,4.25,3.863636364,4.45,NA
虎,2.428571429,6.55,6,6.6842,NA,2.0137134,8,3,9,3,2.454545455,6.55,6,6.5,NA
虐,5,6.2,3.954545455,3.7,NA,1.730951332,9,6,7,4,4.954545455,6.2,3.909090909,3.7,NA
處1,3.714285714,6.736842105,2.047619048,2.35,NA,2.468976089,11,23,0,2,3.714285714,6.45,2.409090909,2.35,NA
虧,4.619047619,6.25,2.5,2.65,NA,1.460501976,17,9,3,8,4.619047619,6.25,2.5,2.65,NA
虱,5.142857143,4.7,4.636363636,5.25,NA,-0.081962024,8,0,5,1,5.142857143,4.7,4.409090909,5.25,NA
蛇,2.904761905,6.842105263,6.761904762,6.7368,NA,1.730520057,11,6,1,1,2.904761905,6.7,6.636363636,6.6,NA
蛋,2.619047619,6.944444444,6.619047619,6.7895,NA,2.120139409,11,5,3,3,2.619047619,6.75,6.181818182,6.55,NA
蜀,5.523809524,5.5,3.454545455,2.05,NA,0.246220217,13,5,5,4,5.523809524,5.5,3.173913043,2.05,NA
蟲,2.714285714,6.894736842,6.095238095,6.3,NA,1.677096284,18,6,5,2,2.714285714,6.75,5.695652174,6.3,NA
蠅,4.7,6,5.545454545,5.75,NA,0.930466965,19,6,16,1,4.523809524,6,5.363636364,5.75,NA
蠱,5.523809524,5,3.409090909,4.45,NA,1.013263587,23,3,5,3,5.523809524,5,3.47826087,4.45,NA
血,2.952380952,6.944444444,6.619047619,6.3158,NA,2.519291673,6,17,0,3,2.952380952,6.75,6.363636364,6.05,NA
衆,4.2,6.7,3.954545455,3.65,NA,0.958155199,12,0,5,NA,4.047619048,6.7,3.869565217,3.65,NA
行1,2.047619048,6.736842105,4.681818182,3.95,NA,3.402778546,6,15,4,19,2.047619048,6.6,4.590909091,3.95,NA
衍,5.714285714,4.95,1.904761905,1.8947,NA,1.295908002,9,14,0,5,5.714285714,4.95,2.090909091,2.1,NA
衞,4.238095238,6.736842105,3.227272727,2.4,NA,2.308973083,16,0,9,NA,4.238095238,6.65,3.318181818,2.4,NA
衡,4.761904762,6.2,2.545454545,3.1,NA,1.892505097,16,4,4,2,4.761904762,6.2,2.636363636,3.1,NA
衣,1.904761905,6.888888889,6.142857143,6.2632,NA,2.44232938,6,8,4,4,1.863636364,6.7,5.954545455,6.05,NA
表,3.142857143,6.842105263,3.227272727,2.8,NA,3.330991421,8,16,0,10,3.142857143,6.7,3.181818182,2.8,NA
衰,4.380952381,6.684210526,3.090909091,3.4,NA,1.710203647,10,14,3,6,4.380952381,6.55,3,3.4,NA
袁,3.894736842,6.105263158,1.2,1.5263,NA,1.691021789,10,0,17,3,3.904761905,5.85,1.52173913,1.7,NA
裔,5.571428571,5.7,2.19047619,2.85,NA,1.689838747,13,3,2,3,5.590909091,5.7,2.416666667,2.85,NA
襄,6.05,5.4,2.363636364,1.6316,NA,0.520097967,17,6,10,3,5.904761905,5.4,2.47826087,1.9,NA
襬,5.80952381,4.3,2.954545455,3.9,NA,0.116872362,20,2,1,1,5.80952381,4.3,2.909090909,3.9,NA
西,2.666666667,6.736842105,3.681818182,3.9,NA,2.995991657,6,9,3,4,2.666666667,6.6,3.590909091,3.9,NA
要1,2.047619048,6.894736842,3.045454545,2.5263,NA,3.458766961,9,6,0,4,2.047619048,6.65,3.045454545,2.75,NA
見,2.142857143,6.789473684,4.590909091,4.4,NA,3.119382231,7,18,1,2,2.142857143,6.55,4.545454545,4.4,NA
規,3.571428571,6.894736842,3.136363636,3.3,NA,2.560087438,11,14,3,5,3.571428571,6.8,3.136363636,3.3,NA
覓,5.047619048,6.1,3.590909091,3,NA,1.387147059,11,9,1,3,5.047619048,6.1,3.5,3,NA
覽,4.047619048,6.473684211,4.181818182,3.4,NA,1.992524101,21,5,1,5,4.047619048,6.25,4.136363636,3.4,NA
角,3.19047619,6.944444444,5.045454545,5.6,NA,2.801296336,7,8,5,3,3.19047619,6.75,4.782608696,5.6,NA
解,4.105263158,6.944444444,2.954545455,3.55,NA,2.90389886,13,21,0,3,3.80952381,6.75,2.909090909,3.55,NA
言,2.714285714,6.888888889,3.409090909,3.5,NA,3.018408521,7,12,10,4,2.714285714,6.7,3.47826087,3.5,NA
計,3.380952381,6.842105263,2.636363636,2.85,NA,3.048371744,9,6,2,4,3.380952381,6.75,2.727272727,2.85,NA
討,3.952380952,6.736842105,2.727272727,3.3,NA,2.497452745,10,5,2,7,3.954545455,6.55,2.863636364,3.3,NA
訓,3.428571429,6.684210526,4.227272727,4.85,NA,2.310905051,10,7,2,5,3.409090909,6.55,4.125,4.85,NA
設,4,6.842105263,1.954545455,3.25,NA,2.849709053,11,7,5,7,4.142857143,6.7,2,3.25,NA
詹,5.45,5.1,1.523809524,1.5263,NA,1.034131305,13,1,4,4,5.227272727,5.1,1.727272727,1.8,NA
認,3.526315789,6.789473684,3.409090909,3,NA,3.093297208,14,7,0,4,3.285714286,6.5,3.181818182,3,NA
谷,4.15,6.684210526,4.772727273,4.85,NA,2.225534014,7,7,6,5,4,6.5,4.772727273,4.85,NA
豆1,2.571428571,6.944444444,6.090909091,6.3158,NA,1.271153458,7,19,3,3,2.571428571,6.75,5.909090909,6.15,NA
豈,5.142857143,5.75,1.333333333,1.25,NA,1.570315517,10,5,3,4,5.142857143,5.75,1.5,1.25,NA
豉,4.1,6.473684211,4.045454545,4.15,NA,0.903797537,11,2,10,1,3.952380952,6.35,4.045454545,4.15,NA
豐,4.095238095,6.631578947,4.272727273,3.1,NA,2.13915762,18,7,10,7,4.095238095,6.5,4.304347826,3.1,NA
豔,5.19047619,5.7,4.090909091,3.8,NA,0.079888796,28,4,5,7,5.19047619,5.7,4.181818182,3.8,NA
豚,4.333333333,6.35,5.181818182,5.25,NA,1.383324861,11,4,3,2,4.333333333,6.35,5.136363636,5.25,NA
象,2.904761905,6.842105263,6.428571429,5.7895,NA,2.441742496,12,13,5,3,2.904761905,6.75,6.136363636,5.55,NA
豪,4.333333333,6.526315789,2.681818182,2.75,NA,2.404308447,14,18,4,1,4.333333333,6.4,2.727272727,2.75,NA
貝,3.047619048,6.684210526,5.363636364,4.7,NA,2.031118348,7,9,4,2,3.047619048,6.55,5.363636364,4.7,NA
貞,4.7,5.75,2.727272727,2.2,NA,1.251452744,9,8,11,4,4.545454545,5.75,2.909090909,2.2,NA
負,3.8,6.65,3.409090909,3.25,NA,2.651312921,9,14,8,8,3.904761905,6.65,3.227272727,3.25,NA
貫,5.047619048,6.2,3.090909091,2,NA,1.759518549,12,5,4,3,5.047619048,6.2,3.181818182,2.25,NA
責,4.047619048,6.888888889,2.409090909,2.9,NA,2.593313576,11,4,1,3,4.047619048,6.7,2.363636364,2.9,NA
貴,3.238095238,6.842105263,4.5,3.75,NA,2.317655879,12,3,5,3,3.238095238,6.65,4.409090909,3.75,NA
買,2.857142857,6.947368421,4.727272727,4.45,NA,2.662986764,12,4,0,3,3,6.85,4.727272727,4.45,NA
賈1,5.285714286,6.210526316,1.619047619,1.65,NA,1.199730975,13,8,1,6,5.285714286,6,1.863636364,1.65,NA
賓,4.6,6.263157895,3.181818182,3.5,NA,2.314911955,14,5,6,4,4.428571429,6.1,3.272727273,3.5,NA
賣,3.714285714,6.789473684,3.818181818,4.45,NA,2.533309071,15,9,1,3,3.714285714,6.6,4.045454545,4.45,NA
質1,4.35,6.842105263,1.904761905,1.9474,NA,1.387147059,15,12,10,1,4.19047619,6.7,2.181818182,2.1,NA
賴,4.238095238,6.333333333,2.863636364,2.7,NA,1.904520758,16,7,2,8,4.238095238,5.8,2.636363636,2.7,NA
贅,6.523809524,4.35,1.619047619,2.4,NA,0.307489874,18,8,3,1,6.545454545,4.35,1.863636364,2.4,NA
贊,3.904761905,6.684210526,3.181818182,3.85,NA,1.8377907,19,7,2,1,4,6.5,2.791666667,3.85,NA
贏,4.142857143,6.684210526,4.045454545,4.5,NA,2.578107426,20,3,0,6,4.136363636,6.55,4.090909091,4.5,NA
赤,4.428571429,6.25,4.409090909,3.65,NA,1.783084609,7,14,2,5,4.428571429,6.25,4.272727273,3.65,NA
赫,6.1,4.7,2.363636364,2,NA,1.633232326,14,8,3,6,5.952380952,4.7,2.434782609,2.2,NA
走,1.904761905,6.6,4.727272727,4.65,NA,2.920036728,7,19,2,7,1.904761905,6.6,4.909090909,4.65,NA
足,2.476190476,6.842105263,5.772727273,5.55,NA,2.894062374,7,10,10,4,2.476190476,6.7,5.772727273,5.55,NA
身,2.333333333,6.894736842,5.727272727,5.3,NA,3.228395478,7,15,11,4,2.333333333,6.75,5.590909091,5.3,NA
車,1.904761905,6.894736842,6.7,6.4737,NA,3.217798257,7,12,1,6,1.904761905,6.8,6.227272727,6.3,NA
軍,3.95,6.888888889,5.454545455,4.85,NA,2.983232047,9,9,4,1,3.80952381,6.7,5.565217391,4.85,NA
軒,4.238095238,6.157894737,2.238095238,1.5263,NA,1.753626276,10,3,2,10,4.238095238,5.9,2.454545455,1.75,NA
軟,3.333333333,6.684210526,4.909090909,4.45,NA,2.031550052,11,5,2,5,3.333333333,6.5,4.727272727,4.45,NA
轟,4.9,6.35,4.909090909,4,NA,1.825830616,21,6,0,4,4.714285714,6.35,4.818181818,4,NA
轡,6.761904762,2.6,2.090909091,2.05,NA,0.408947515,22,6,8,1,6.761904762,2.6,1.954545455,2.05,NA
辛,3.095238095,6.526315789,3.272727273,3.5,NA,2.000359975,7,12,11,6,3.095238095,6.25,3.227272727,3.5,NA
辟,5.6,5.8,2.727272727,2.1579,NA,-0.175383709,13,5,9,6,5.380952381,5.8,2.590909091,2.4,NA
辣,3.380952381,6.842105263,5.454545455,5.2,NA,1.907401661,14,5,0,5,3.380952381,6.7,5.318181818,5.2,NA
辭,4.714285714,6.4,3.636363636,3.25,NA,2.012475291,19,11,16,2,4.714285714,6.4,3.5,3.25,NA
辯,4.952380952,6.3,4.227272727,3.95,NA,1.948206623,21,12,2,9,4.952380952,6.3,4.136363636,3.95,NA
辰,5.238095238,5.65,2.1,2.65,NA,1.262366853,7,8,4,8,5.238095238,5.65,2.363636364,2.65,NA
辱,5.095238095,6.315789474,3.727272727,2.95,NA,1.62202234,10,4,10,5,5.095238095,6.1,3.818181818,2.95,NA
農,3.142857143,6.736842105,4.909090909,4.75,NA,2.151934348,13,12,3,6,3.142857143,6.6,5,4.75,NA
退,3.523809524,6.684210526,4,3.8,NA,2.536726998,10,6,2,5,3.523809524,6.45,3.818181818,3.8,NA
送,2.857142857,6.789473684,4.090909091,4.15,NA,2.672262971,10,16,2,1,2.857142857,6.5,4.136363636,4.15,NA
這,2.428571429,6.947368421,2.5,1.6842,NA,3.311545249,11,3,2,2,2.428571429,6.85,2.363636364,1.95,NA
連,3.428571429,6.684210526,3.681818182,2.95,NA,2.950162614,11,11,4,3,3.5,6.4,3.636363636,2.95,NA
逸,4.7,6,2.681818182,2.35,NA,1.585038774,13,9,3,8,4.80952381,6,2.772727273,2.35,NA
道1,3.1,6.789473684,3.590909091,3.35,NA,2.314855776,13,13,9,4,3.318181818,6.7,3.545454545,3.35,NA
達,3.75,6.6,2.818181818,1.7895,NA,2.995312083,13,7,0,3,3.857142857,6.6,2.909090909,2,NA
邢,5.7,5.789473684,2.545454545,2.35,NA,0.569691082,7,0,16,1,5.476190476,5.55,2.590909091,2.35,NA
那,2.619047619,6.894736842,1.285714286,1.5789,NA,2.7349845250000002,7,7,1,1,2.619047619,6.75,1.409090909,1.85,NA
邪,4.1,6.578947368,3.863636364,3.15,NA,1.2521024,7,15,2,4,4.238095238,6.3,3.863636364,3.15,NA
郭,3.952380952,6.210526316,1.523809524,1.5263,NA,2.340437168,11,2,2,3,3.952380952,5.95,1.782608696,1.7,NA
郵,3.95,6.842105263,4.272727273,4.5,NA,2.203377466,12,13,14,6,3.80952381,6.7,4.272727273,4.5,NA
鄉,4,6.55,3.863636364,4.5,NA,2.070523592,12,8,1,5,4,6.55,3.818181818,4.5,NA
酋,5.428571429,4.9,3.090909091,2.2632,NA,0.90811891,9,8,14,4,5.454545455,4.9,3.181818182,2.5,NA
酗,5.523809524,5.45,3.681818182,3.4,NA,0.55378108,11,2,0,1,5.523809524,5.45,3.681818182,3.4,NA
酥,4.619047619,6.4,4.772727273,4.5,NA,0.887574125,12,4,6,1,4.619047619,6.4,4.5,4.5,NA
采,3.571428571,6.2,4.227272727,2.55,NA,1.775175852,8,3,4,2,3.571428571,6.2,4,2.55,NA
里,3.476190476,6.45,2.954545455,2.35,NA,2.630551905,7,6,6,6,3.5,6.45,2.954545455,2.35,NA
重1,2.619047619,6.888888889,4.727272727,4.7,NA,2.954756996,9,35,4,4,2.545454545,6.7,4.681818182,4.7,NA
量1,3.523809524,6.894736842,3.772727273,3,NA,2.767417757,12,17,2,6,3.523809524,6.8,3.590909091,3,NA
金,2.904761905,6.894736842,6.380952381,5.65,NA,3.152187722,8,19,3,3,2.954545455,6.8,6.045454545,5.65,NA
釗,6.333333333,3.25,1.619047619,1.5,NA,0.892059133,10,2,2,4,6.333333333,3.25,1.863636364,1.5,NA
銬,5.047619048,5.85,4.454545455,4.45,NA,0.605653229,14,0,1,1,5.047619048,5.85,4.272727273,4.45,NA
鎊,5.5,4.8,3.454545455,3.1,NA,1.712908136,18,2,2,2,5.285714286,4.8,3.391304348,3.1,NA
鑿,6,5.2,4.181818182,4.55,NA,0.821127963,28,7,2,1,6,5.2,4,4.55,NA
長1,2.19047619,6.944444444,5.090909091,4.75,NA,2.93461307,8,20,6,7,2.136363636,6.75,5.045454545,4.75,NA
門,1.952380952,7,6.714285714,6.55,NA,3.002522,8,17,2,4,1.952380952,6.8,6.590909091,6.55,NA
閂,6.2,3.1,3.090909091,3.15,NA,0.475894304,9,2,11,2,5.952380952,3.1,3.318181818,3.15,NA
閃,3,6.65,5.761904762,4.45,NA,1.880300355,10,6,1,1,3,6.65,5.545454545,4.45,NA
閉,3.523809524,6.6,4.954545455,4,NA,2.042205506,11,14,1,1,3.523809524,6.6,4.818181818,4,NA
開,2.285714286,6.736842105,4.727272727,4.55,NA,3.384317085,12,6,0,2,2.318181818,6.55,4.5,4.55,NA
閏,5.857142857,4.55,1.952380952,1.85,NA,0.523586295,12,3,1,3,5.857142857,4.55,2.304347826,1.85,NA
閑,4.476190476,6.15,3.272727273,2.7,NA,0.134246458,12,2,4,2,4.476190476,6.15,3.5,2.7,NA
閒,4.25,6.35,3.363636364,3.75,NA,1.839136829,12,19,4,3,4.095238095,6.35,3.363636364,3.75,NA
間1,2.857142857,6.578947368,3.5,2.65,NA,3.200696627,12,7,4,3,2.857142857,6.3,3.227272727,2.65,NA
闖,5.25,6.3,4.454545455,3.95,NA,1.827559497,18,4,1,4,5.047619048,6.3,4.173913043,3.95,NA
阜,6.35,4.05,2.409090909,1.8947,NA,0.340490134,8,3,1,6,6.272727273,4.05,2.545454545,2.15,NA
陋,4.714285714,6.315789474,4.454545455,3.2,NA,0.98177073,9,3,3,1,4.714285714,6.05,4.545454545,3.2,NA
陝,5.3,5.842105263,3,2.8,NA,1.006459879,10,2,1,3,5.095238095,5.6,3.045454545,2.8,NA
隆,4.666666667,6.263157895,2.285714286,2.1053,NA,1.990513201,12,4,8,8,4.666666667,6.1,2.545454545,2.35,NA
隙,5,6,4.818181818,4.35,NA,0.897967993,13,2,0,5,5,6,4.636363636,4.35,NA
隻,2.619047619,6.789473684,2.727272727,3.95,NA,2.340966538,10,7,1,3,2.727272727,6.65,2.5,3.95,NA
雀,3.238095238,6.684210526,6.380952381,5.9,NA,1.44537678,11,2,5,8,3.238095238,6.55,6.136363636,5.9,NA
雁,4.380952381,5.95,4.5,5.35,NA,0.727706278,12,4,0,4,4.380952381,5.95,4.5,5.35,NA
集,3.523809524,6.736842105,4.045454545,3.65,NA,2.832449383,12,15,4,5,3.523809524,6.45,3.913043478,3.65,NA
雋,6.238095238,4.75,1.476190476,1.3684,NA,0.748895577,13,3,9,5,6.238095238,4.75,1.590909091,1.5,NA
雍1,5.666666667,5.15,2.136363636,1.9,NA,0.471999261,13,4,2,1,5.666666667,5.15,2.090909091,1.9,NA
雙,3,6.65,4.909090909,4.1,NA,2.630443257,18,4,10,5,3.090909091,6.65,4.863636364,4.1,NA
雜,3.952380952,6.578947368,4.181818182,3.5,NA,2.197012723,18,7,4,7,3.954545455,6.3,4.045454545,3.5,NA
難1,3.571428571,6.888888889,3.636363636,4.1,NA,2.8830575,19,30,0,2,3.571428571,6.5,3.636363636,4.1,NA
雨,1.666666667,6.947368421,6.619047619,6.6842,NA,2.353584384,8,9,7,3,1.666666667,6.85,6.454545455,6.5,NA
雲,2.476190476,6.894736842,5.909090909,6.5789,NA,2.490947035,12,7,7,1,2.476190476,6.8,5.782608696,6.35,NA
雷,2.714285714,6.894736842,6.045454545,6.1,NA,2.333119076,13,5,5,3,2.714285714,6.8,6.045454545,6.1,NA
需,3.523809524,6.894736842,2.142857143,2.3158,NA,2.748295422,14,3,3,7,3.523809524,6.8,2.347826087,2.55,NA
霸,4.7,6.5,3.090909091,3.05,NA,1.986104082,21,9,1,3,4.523809524,6.5,3.045454545,3.05,NA
青,3,6.736842105,5,5.2,NA,2.514918715,8,16,5,3,3,6.45,4.909090909,5.2,NA
非,3.476190476,6.842105263,3.227272727,2.4,NA,2.940998196,8,7,7,5,3.454545455,6.55,3.181818182,2.4,NA
面,2.476190476,6.842105263,5.136363636,4.9,NA,3.210551288,9,16,2,3,2.476190476,6.75,5.318181818,4.9,NA
革,4.571428571,6.526315789,3.590909091,2.85,NA,2.204030595,9,8,4,3,4.571428571,6.35,3.863636364,2.85,NA
音,2.714285714,6.894736842,4.772727273,4.35,NA,2.584253922,9,15,4,2,2.714285714,6.8,4.913043478,4.35,NA
頁,2.761904762,6.736842105,3.863636364,4.55,NA,1.876463129,9,5,4,2,2.761904762,6.6,4.043478261,4.55,NA
頃,5.619047619,5.1,1.761904762,1.8421,NA,1.072098551,11,1,0,5,5.619047619,5.1,1.954545455,2.05,NA
順,3.523809524,6.789473684,3.5,3.35,NA,2.34123098,12,10,0,2,3.523809524,6.65,3.681818182,3.35,NA
須,3.761904762,6.842105263,1.45,2.2,NA,2.592691738,12,5,3,6,3.761904762,6.7,1.863636364,2.2,NA
頤,5.65,4.5,2.095238095,1.75,NA,0.684354857,16,6,16,5,5.428571429,4.5,2.409090909,1.75,NA
頹,6.142857143,6.526315789,3.909090909,3.85,NA,1.056085881,16,7,0,6,6.142857143,6.4,3.818181818,3.85,NA
類,3.8,6.631578947,2.863636364,2.4,NA,2.494230658,19,14,5,10,3.904761905,6.35,2.590909091,2.4,NA
颳,4.714285714,4.9,4.681818182,3.95,NA,0.116872362,15,2,1,1,4.714285714,4.9,4.636363636,3.95,NA
飈,6.7,2.65,2.954545455,3,NA,0.494862144,21,0,7,NA,6.571428571,2.65,3.090909091,3,NA
飛,2.952380952,6.6,5.727272727,5.6,NA,2.685720375,9,11,7,5,2.952380952,6.6,5.727272727,5.6,NA
食,1.904761905,6.944444444,5.727272727,5.45,NA,2.931269464,9,15,1,3,1.904761905,6.75,5.636363636,5.45,NA
飾,4.142857143,6.526315789,3.227272727,4.1,NA,2.230815714,13,4,20,1,4.142857143,6.4,3.045454545,4.1,NA
首,3.476190476,6.888888889,3.454545455,3.45,NA,3.073628657,9,11,5,5,3.476190476,6.7,3.681818182,3.45,NA
馗,6.8,1.555555556,1.333333333,1.5789,NA,-0.230901037,11,0,3,1,6.619047619,2.1,1.636363636,1.85,NA
香,2.380952381,6.894736842,4.636363636,4.45,NA,3.258629197,9,5,1,7,2.380952381,6.8,4.52173913,4.45,NA
馬,2.428571429,7,6.619047619,6.6842,NA,3.334007011,10,3,3,3,2.428571429,6.9,6.5,6.45,NA
馭,5.428571429,5.1,3.772727273,3.05,NA,0.588044284,12,4,16,4,5.428571429,5.1,3.590909091,3.05,NA
馮,4.047619048,6.263157895,1.285714286,1.2222,NA,1.902056875,12,0,10,6,4.047619048,6,1.434782609,1.5,NA
骨,3.047619048,6.888888889,6.380952381,6.05,NA,2.152995894,10,13,1,4,3.047619048,6.7,6.045454545,6.05,NA
高,2.19047619,6.736842105,5.227272727,4.75,NA,3.294997377,10,5,5,5,2.227272727,6.55,5.136363636,4.75,NA
鬥,3.857142857,6.944444444,4.318181818,4.5,NA,2.290949979,10,16,0,2,3.857142857,6.75,4.454545455,4.5,NA
鬱,5.523809524,5.9,4.272727273,3.25,NA,1.585340263,29,5,2,7,5.545454545,5.9,4.136363636,3.25,NA
鬼,2.952380952,6.842105263,5.818181818,5.65,NA,2.067455759,10,9,2,4,2.952380952,6.7,5.727272727,5.65,NA
魚,2.19047619,6.947368421,6.666666667,6.5789,NA,2.361830729,11,6,28,5,2.227272727,6.85,6.454545455,6.4,NA
魯,4.714285714,5.55,1.333333333,1.5263,NA,1.923052336,15,3,7,5,4.714285714,5.55,1.681818182,1.75,NA
鮮1,3.523809524,6.842105263,4.818181818,3.7,NA,2.223666672,17,13,2,4,3.523809524,6.75,4.772727273,3.7,NA
鳥,2.380952381,6.888888889,6.666666667,6.5789,NA,1.674894843,11,6,1,6,2.380952381,6.7,6.454545455,6.4,NA
鳴,4.428571429,6.2,3.681818182,3.2,NA,1.591029138,14,7,3,4,4.363636364,6.2,3.681818182,3.2,NA
鹵,4.80952381,6.157894737,4.5,4.2,NA,0.533886252,11,5,7,4,4.863636364,5.95,4.454545455,4.2,NA
鹿,3.238095238,6.6,6.619047619,6.7368,NA,1.454840701,11,3,10,3,3.238095238,6.6,6.318181818,6.5,NA
麗,3.142857143,6.944444444,4.090909091,3.1,NA,2.328515874,19,6,5,6,3.181818182,6.75,3.863636364,3.1,NA
麥,3.857142857,6.842105263,5.409090909,5.15,NA,2.178186332,11,7,6,3,3.863636364,6.7,5.083333333,5.15,NA
麻,3.476190476,6.736842105,3.363636364,3.35,NA,2.155273525,11,11,4,5,3.476190476,6.6,3.227272727,3.35,NA
黃,2.571428571,6.894736842,4.772727273,5.05,NA,2.784649223,12,13,11,9,2.590909091,6.8,4.625,5.05,NA
黎,3.714285714,6.5,2.727272727,2.2,NA,2.350800435,15,5,2,4,3.714285714,6.5,2.727272727,2.2,NA
黑,2.238095238,6.947368421,5.727272727,5.95,NA,2.662204729,13,16,1,6,2.238095238,6.75,5.565217391,5.95,NA
鼎,5.19047619,5.55,5.545454545,4.7,NA,1.291187363,13,6,1,7,5.19047619,5.55,5.545454545,4.7,NA
鼓,3.761904762,6.3,5.681818182,5.75,NA,2.1101736,13,2,5,7,3.772727273,6.3,5.636363636,5.75,NA
鼠,2.666666667,6.736842105,6.571428571,6.6316,NA,1.72900721,13,6,2,1,2.666666667,6.6,6.272727273,6.45,NA
鼻,2.238095238,6.789473684,6.571428571,6.5263,NA,1.745782341,14,18,5,5,2.238095238,6.7,6.409090909,6.4,NA
齊,3.714285714,6.684210526,3.590909091,3.25,NA,2.404491308,14,19,0,3,3.681818182,6.55,3.681818182,3.25,NA
龜,3.380952381,6.631578947,6.476190476,6.7895,NA,1.379468725,18,13,4,3,3.454545455,6.45,6.25,6.65,NA
