word_chinese_simplified,translate_word_english,valence_mean,valence_sd,arousal_mean,arousal_sd,concrete_mean,concrete_sd,familiar_mean,familiar_sd,imagine_mean,imagine_sd,avaliability_mean,avaliability_sd,rt_mean,rt_sd,accuracy_mean,accuracy_sd
爱慕,admire,4.89,1.65,3.39,0.79,4.5,1.97,5.07,0.76,4.01,1.55,5.39,1.24,543.88,33.32,0.935,0.032
爱情,love,6.97,1.45,7.43,1.45,5.26,0.84,5,0.68,4.92,1.99,5.43,1.36,524.32,38.03,0.91,0.037
安然,comfortable,6.81,0.75,6.36,1.08,7.58,1.33,7.69,0.59,6.72,1.44,7.05,0.45,520.45,53.82,0.943,0.046
安神,soothing,4.51,2.2,3.41,1.74,5.32,0.54,5.44,1.75,4.52,0.39,5.05,1.19,550.95,40.74,0.881,0.035
安详,serene,6.86,1.37,6.11,0.45,6.83,0.53,6.83,0.81,7.05,1.78,6.35,1.12,505.79,61.24,0.913,0.016
安葬,bury,2.57,0.46,6.21,0.53,3.54,1.86,3.71,1.65,4.67,1.84,5.5,0.79,524.91,50.94,0.906,0.043
案犯,criminal,2.07,1.73,6.93,1.04,3.5,1.58,3.14,1.98,4.84,0.83,5.06,0.41,576.36,31.09,0.923,0.017
暗算,back stabbing,1.87,1.83,6.4,0.44,6.67,0.27,5.53,0.74,7.38,1.43,6.33,0.76,622.43,38.66,0.927,0.049
肮脏,dirty,5.11,1.43,5.64,0.49,5.36,1.7,4.25,1.46,5.49,1.55,5.57,1.3,537.39,38.09,0.939,0.04
芭蕾,ballet,5.32,2.22,5.39,1.85,6.24,1.01,5.66,1.19,6.86,0.9,6.29,1.03,614.74,35.99,0.901,0.023
疤痕,scar,2.49,1.6,6.17,0.74,4.8,1.49,4.25,1.7,5.57,1.28,4.97,1.15,498.36,61.97,0.95,0.029
把握,control,6.12,1.19,5.73,0.56,3.6,1.22,4.85,0.72,3.7,0.52,4.22,1.43,514.1,32.53,0.9,0.048
白鸽,pigeon,5.23,0.59,5.71,0.74,5.09,1.76,5.09,0.6,3.42,1.55,3.95,1.75,512.6,41.81,0.92,0.042
百姓,common people,4.09,1.13,4.23,1.4,5.32,1.88,5.18,1.41,5.76,2,5.56,1.55,518.43,24.35,0.927,0.03
摆设,layout,2.6,2.28,5.41,0.83,4.64,0.46,3.61,0.77,6.61,1.65,5.56,1.87,517.07,60.13,0.883,0.014
摆脱,get rid of,6.78,1.85,6.28,1.84,6.14,0.89,6.03,1.06,7.19,0.42,6.14,0.9,621.57,61.65,0.897,0.012
败类,disgraceful people,2.05,1.33,7.02,1.64,4.9,1.58,4.9,1.87,5.32,2.23,5.35,0.47,523.84,53.31,0.959,0.041
拜堂,perform the formal wedding ceremony,4.96,1.67,3.93,0.96,5.07,1.71,5.47,1.2,5.86,2.09,5.13,1.8,564.63,44.06,0.924,0.031
板凳,stool,5.82,0.72,3.14,2,3.05,1.22,4.55,0.97,3.03,0.98,3.55,0.61,546.37,27.62,0.912,0.036
伴侣,partner,3,0.96,4.47,0.56,5.53,0.54,6.36,1.78,5.67,0.96,5.86,1.37,583.67,31.59,0.897,0.03
伴娘,bride's maid,2.75,1.25,4.79,1.78,5.93,1.17,4.57,1.34,6.55,0.52,5,0.86,637.27,48.66,0.929,0.012
绑匪,kidnapper,2.43,1.48,7.51,1.14,4.03,1.27,4.03,1.64,4.84,1.1,4.89,2,482.08,49.43,0.957,0.044
绑架,kidnap,1.63,1.47,6.8,1.55,4.97,0.46,3.77,2.09,6,0.69,5.89,0.94,566.9,53.87,0.904,0.013
榜样,role model,6.28,0.97,6.19,1.53,6.72,0.71,6.97,1.21,7.28,2.2,7.07,1.47,619.22,41.41,0.946,0.018
包庇,cover up,4.18,0.52,3.36,1.62,3.14,1.44,3.93,1.31,3.61,1.58,4.74,0.9,509.84,49.86,0.957,0.062
包裹,delivery,5.72,1,5.08,1.71,5.81,1.84,5.36,0.67,6.54,1.71,6.22,1.13,630.51,29.5,0.893,0.07
包装,package,3.5,1.64,6.28,1.56,3.83,1.84,5.17,1.61,3.64,0.4,4.94,0.55,506.81,60.37,0.959,0.068
宝贝,baby,2.87,0.7,4.83,0.58,3.27,0.98,5,1.94,4.25,0.88,4.83,1.43,558.18,28.87,0.891,0.048
宝藏,hidden treasure,6.82,1.07,5.61,2.05,4.5,1.69,6.78,0.71,4.67,2.07,4.88,1.64,573.73,39.43,0.905,0.056
宝刀,precious knife,6.37,1.03,5.63,1.2,6.24,0.88,6.12,0.55,6.97,0.66,6.23,0.44,511.64,55.95,0.872,0.01
宝库,treasure,4.5,1.05,4.05,0.45,5.36,1.3,6.23,1.95,3.71,1.05,4,0.83,512.85,27.88,0.913,0.038
宝石,jem,6.82,2.16,6.61,0.93,6.89,1.21,4.68,0.83,7.69,1.01,6.93,0.78,572.93,41.4,0.887,0.024
保安,security guards,4.06,0.93,4.51,1.2,4.54,0.63,4.37,0.74,4.84,1.69,4.84,1.84,519.89,35.32,0.924,0.026
保镖,body guard,4.78,2.07,4.71,0.94,6.9,1.65,5.29,2.1,7.14,0.8,6.22,0.68,549.52,56.8,0.934,0.058
保姆,baby sitter,4.9,1.37,6.33,0.97,3.23,0.98,5.3,0.94,3.46,1.97,3.97,1.54,528.15,27.91,0.937,0.029
报复,revenge,3.41,2.15,6.9,1.17,4.8,1.95,4.71,1.34,5.68,1.74,5.03,1.8,589.81,54.94,0.909,0.057
暴君,tyrant,2.93,1.88,4.03,1.89,5.3,0.53,4.9,0.96,6.09,1.63,5.54,1.01,547.96,52.81,0.936,0.055
暴徒,thud,6.93,1.1,6.71,1.74,4.25,1.94,5.22,0.63,4.86,0.85,5.02,1.22,467.66,43.83,0.888,0.028
暴雨,pouring rain,3.43,1.84,5.17,2.06,4.4,0.37,4.71,0.63,5.05,1.98,5.11,1.01,509.03,43.47,0.887,0.032
暴躁,hot tempered,4.53,0.4,4.3,1.88,6.17,1.06,5.47,1.03,6.29,1.32,6.04,0.33,591.18,30.69,0.871,0.022
卑贱,dispicable,5.39,0.47,3.75,1.46,5.28,1.07,4.83,1.39,5.7,2.24,6.22,1.61,531.89,45.91,0.893,0.033
悲剧,tragedy,6.43,1.44,6.14,1.68,4.63,1.24,4.46,0.67,5.32,1.61,5.35,0.77,568.77,45.39,0.939,0.071
贝壳,seashell,7.06,0.45,7.11,1.45,5.64,1.49,5.25,1.03,6.67,2.14,6.56,1.97,556.58,55.16,0.943,0.041
背叛,betrayed,3.14,2.09,5.57,2.02,3.57,0.41,5.05,1.2,4.53,1.02,5.64,0.27,520.52,38.74,0.893,0.048
奔放,outspoken,4.87,1.57,6.33,0.91,3.3,0.98,6.07,0.79,4.2,1.22,4.71,0.42,486.74,24.8,0.92,0.029
崩溃,collapse,3.22,2.1,5.81,1.65,4.86,1.51,4.32,0.79,3.79,1.86,4.59,0.55,509.01,60.47,0.891,0.065
鼻涕,snot,2.51,0.93,5.85,0.9,4.71,1.03,5.54,1.91,4.63,1.84,4.78,1.27,495.06,22.98,0.91,0.029
匕首,dagger,6.54,1.89,5.39,1.29,5.93,0.94,3.96,0.94,6.66,0.74,5.96,1.51,517.75,56.65,0.943,0.049
鞭炮,fire cracker,5.97,0.44,5.57,1.81,6.5,0.6,6.5,0.56,7.77,1.22,7.07,0.44,537.74,35.6,0.916,0.067
标本,sample,4.51,0.94,3,1.24,6.14,0.65,4.88,1.56,5.94,1.81,5.33,0.41,617.38,29.25,0.908,0.066
飙车,car race,5.19,1.94,6.56,1.87,5.94,0.39,4.67,1.16,5.93,1.24,6.3,0.54,591.52,34.32,0.949,0.041
表扬,compliment,6.32,1.65,6.04,0.89,5.68,1.5,5.67,1.29,5.84,1.76,6.05,1.34,641.57,29.37,0.946,0.042
别墅,villa,4.74,2.12,6.72,1.83,6.23,1.2,4.6,2.03,7.16,0.79,6.09,0.52,587.79,26.52,0.923,0.038
宾馆,hotel,5.86,1.18,4.58,0.58,7.11,0.49,5.42,0.96,6.63,2.2,6.33,1.16,558.7,53.4,0.943,0.06
兵营,military camp,4.45,0.57,4.77,1.43,4.77,0.56,4,1.56,4.13,0.79,4.11,0.89,568.9,47.77,0.948,0.024
病床,sick bed,1.89,0.48,8.11,0.72,3.54,1.59,4.57,1.56,3.86,1.33,4.89,1.45,542.89,33,0.929,0.019
病房,ward,2.64,1.2,6.64,1.12,4.43,0.99,3.64,0.83,7.21,0.42,6.63,0.72,478.3,31.43,0.9,0.012
病历,medical history,2.59,1.16,5.02,1.88,4.78,1.54,5.02,1.17,4.95,1.94,5.34,1.26,510.56,39.99,0.936,0.053
病人,sickman,2.79,0.48,5.11,1.75,5.21,0.24,3.82,1.39,6.16,0.56,5.27,0.63,566.17,43.77,0.95,0.043
病逝,die of illness,3.78,2.26,6.11,1.57,5.67,1.11,5.11,1.53,5.98,0.77,5.91,1.46,603.83,25.73,0.889,0.014
病态,sick,6.2,0.92,5.84,1.94,5.37,0.61,5.37,0.8,6.75,0.75,6.08,1.16,501.71,63.43,0.9,0.043
波浪,waves,5.36,1.58,5.21,1.48,3.32,1.92,5.43,1.57,4.96,1.47,5.69,0.85,537.27,59.34,0.878,0.043
搏斗,fight,1.77,1.13,6.73,0.56,3.13,0.96,6.33,2.03,3.61,1.94,4.25,1.33,509.33,57.38,0.877,0.041
捕杀,killing,1.87,0.44,6.9,0.47,3.53,1.11,3.13,1.84,4.96,1.13,4.97,0.65,561.57,39.64,0.875,0.021
布鞋,cloth shoes,1.82,0.79,6.14,2.03,6.23,1.44,4.54,1.62,6.49,1.12,6.59,0.35,544.23,48.14,0.874,0.024
步伐,tempo,2.75,0.78,4.36,2.03,6.56,0.67,6.73,1.98,6.98,0.69,5.55,1.16,613.55,45.8,0.906,0.071
才华,talent,6.89,0.37,6.39,1.84,7.78,0.3,7.5,0.96,7.6,1.88,7.14,1.31,521.72,23.89,0.919,0.053
彩虹,raibbow,1.8,0.37,7.27,0.56,6.43,0.44,5.88,0.96,6.43,1.21,6.19,1.27,590.56,31.09,0.901,0.055
彩票,lottery,5.39,1.58,4.96,0.59,5.79,0.43,5.11,1.91,7.63,1.45,7.08,1.97,536.91,63.48,0.959,0.014
餐厅,restaurant,7.36,1.99,4.79,2.01,7.11,1.54,6.11,1.56,7.85,0.89,7.3,1.1,611.5,25.35,0.932,0.04
残兵,defeated army,3.63,0.63,5.89,0.99,4.66,1.3,3.94,0.73,5.75,1.77,5.47,1.32,524.99,33.09,0.916,0.065
残骸,wreckage,2,1.86,6.44,1.79,3.78,1.14,4.32,1.92,4.62,1.61,4.43,1.17,478.54,60.79,0.874,0.055
残疾,disabled,6.68,2.23,4.37,0.71,5.83,1.86,4.95,1.36,5.29,1.6,5.54,1.15,597.98,56.03,0.908,0.024
残酷,cruel,1.58,0.87,6.17,1.82,4.92,0.87,4.14,2.1,5.7,0.72,5.37,0.27,528.22,42.11,0.889,0.028
蚕丝,silk,6.15,0.5,6.56,1.25,6.76,0.78,6.51,0.85,7.58,0.45,6.75,0.75,640.66,51.28,0.941,0.021
惭愧,regretful,4.73,2,3.9,1.77,6.56,1.38,6.19,1.23,5.99,2.04,5.51,1.06,522.07,62.72,0.916,0.065
仓库,warehouse,5.43,1.61,6.5,1.8,4.61,0.93,5.78,1.99,4.8,1.53,5.83,1.93,473.91,57.49,0.912,0.056
苍白,pale,3.43,1.52,6.23,1.71,7.1,0.33,5.2,1.44,7.7,1.64,6.71,1.44,537.17,30.89,0.905,0.007
苍蝇,flies,1.45,2.24,6.41,1.43,3.59,0.6,2.32,1.05,5.58,0.46,4.97,0.54,513.34,26.64,0.906,0.052
操场,play ground,5.43,0.37,5.09,0.64,4.57,0.26,4.96,1.37,5.3,1.66,6.27,1.87,510.08,31.95,0.901,0.018
草包,straw bag,2.13,1.01,5.87,1.42,2.93,1.48,5.43,1.26,4.09,0.63,4.97,1.88,575.12,46.4,0.917,0.026
草率,rushed decision,2.82,0.4,4.5,1.78,3.46,1.29,3.75,0.56,4.07,1.64,4.81,1.72,531.03,23.91,0.932,0.05
厕所,toilet,4.94,2.08,3.5,0.49,5.25,1.55,6.22,1.59,5.95,1.05,6.19,1.96,529.51,50.9,0.924,0.038
插花,flower arrangement,5.98,0.72,5.29,2.06,6.59,0.75,6.29,0.64,6.58,0.86,5.49,1.35,532.79,27.21,0.888,0.063
插画,illustration,6.88,2.3,6.37,0.79,5.73,0.28,5.88,2.05,5.15,2.03,4.8,1.58,519.79,63.69,0.95,0.008
茶花,tea flower,5.89,1.32,4.86,1.1,5.71,0.98,5.39,1.02,6.36,0.75,6.46,1.8,602.69,39.44,0.913,0.009
茶叶,tea leaf,5.61,1.17,4.82,0.71,5.32,0.96,3.43,1.79,6.57,2.17,5.83,1.59,516.54,59.05,0.944,0.045
差别,difference,4.27,0.5,3.63,1.64,5.37,1.47,4.83,1.19,6.71,1.09,5.92,0.82,540.49,57.24,0.89,0.054
差异,difference,4.39,1.55,4.69,0.98,5.69,1.2,5.22,1.12,6.88,1.18,6.67,0.71,512.47,33.36,0.915,0.07
禅师,zen master,6.14,1.05,4.87,0.53,5.69,1.62,5.5,1.14,5.53,1.16,6.02,1.59,551.28,41.66,0.926,0.044
忏悔,remorse,3.78,1.08,7.31,1.78,4.83,1.71,5.19,1.7,4.49,0.6,4.95,0.51,534.75,49.54,0.955,0.057
娼妇,slut,1.53,1.79,8.36,0.58,4.53,0.8,5.22,1.46,5.05,0.96,5.3,1.79,495.43,45.5,0.907,0.07
倡导,promote,5.75,2.24,5.36,1.1,6.14,1.24,6.03,0.91,6.65,1.29,6.57,1.15,541.75,25.64,0.883,0.017
钞票,cash,6.82,1.62,6.18,0.55,6.5,1.48,7.23,1.12,6.84,1.37,6.37,0.61,509.85,54.07,0.955,0.07
吵架,quarrel,2,1.14,6.88,1.2,3.92,1.46,4.97,1.75,4.57,0.83,5.54,0.32,556.42,41.26,0.914,0.018
车祸,car crash,3,2.13,3.47,1.12,2.93,1.34,5.57,1.46,4.67,1.51,5.43,1.73,570.44,41.42,0.94,0.037
车裂,broken car,1.85,1.19,8.4,0.68,5.24,1.8,6.46,1.32,6.48,0.51,6.55,1.66,499.78,62.73,0.942,0.03
彻底,thorough,2.34,1.96,7.63,0.84,5.77,1.86,5.34,0.73,7.08,0.98,5.97,1.68,618.72,37.56,0.925,0.039
沉醉,intoxicated,7.33,1.76,6.97,1.08,6.39,1.57,5.22,1.47,6.49,1.88,6.09,1.48,616.97,38.99,0.876,0.035
称赞,praise,6.39,2.13,6.67,0.59,5.08,0.73,5.78,1.11,5.12,1.63,5.86,0.97,586.92,38.87,0.933,0.031
成婚,marriage,5.26,1.37,5.51,0.46,4.74,0.73,4.6,0.71,4.81,2.03,5.16,1.14,578.36,22.7,0.92,0.068
成就,achievement,5.64,2.12,6.12,1.02,6.39,0.89,4.81,1.59,6.42,2.06,5.58,0.21,557.13,44.25,0.923,0.009
成亲,get married,4.53,1.75,4.17,1.94,4.23,1.04,6.18,0.58,4.68,1.65,4.47,1.11,549.01,56.48,0.947,0.023
成熟,mature,2.54,1.85,6.4,0.5,4.14,1.98,5.08,0.67,4.73,2.15,5,1.03,564.41,51.9,0.903,0.025
城管,city guard,1.91,1.95,7.64,1.18,4.32,0.26,4.7,1.05,4.68,1.92,4.41,0.92,521.17,31.68,0.907,0.062
惩罚,punishments,1.7,1.05,6.9,0.65,3.43,1.84,2.43,1.19,5.23,1.26,5.2,0.77,576.78,33.8,0.935,0.07
池塘,pond,5.15,1.04,4.41,0.59,5.76,1.29,5.68,1.25,5.38,0.97,5.28,1.12,583.81,27.72,0.882,0.04
耻辱,shame,2.41,1.29,5.09,1.51,3.82,0.93,3.18,0.57,5.17,1,6.47,1.93,508.93,61.84,0.959,0.019
翅膀,wing,3.17,2.31,5.46,0.88,4.71,1.68,5,1.33,4.26,1.29,5.11,1.04,532.86,48.55,0.925,0.053
充沛,abundant,6.56,0.47,5.27,0.63,7.1,1.74,6.8,2.06,7.04,0.96,6.52,0.81,505.03,26.97,0.926,0.026
憧憬,hopeful,5.13,2.25,4.67,1.06,6.63,1.12,6.2,0.61,7.14,1.88,6.41,0.53,541.96,61.14,0.941,0.043
仇敌,enemy,2.45,1.73,5.05,1.45,5.86,1.5,4.55,1.87,6.37,1.96,5.47,1.1,554.53,48.34,0.927,0.04
仇人,enemy,1.26,1.99,7.34,1.97,4.31,1.69,3.97,1.5,4.81,2.17,5.22,1.28,561.15,60.87,0.925,0.047
绸缎,silk,5.6,2.06,5.77,0.77,4.72,1.85,5.8,2.08,4.68,0.61,5.57,0.56,551.61,53.12,0.953,0.068
酬金,commision,5.06,2.13,5.88,1.14,6.34,1.76,6.51,1.43,6.4,2.04,6.66,0.97,523.6,26.87,0.876,0.064
酬劳,rewards,2.11,0.42,7.06,1.29,5.43,0.85,5,0.74,5.32,1.13,5.54,1.57,515.7,32.43,0.897,0.035
愁苦,bitterness,1.68,1.46,5.45,0.96,4.41,1.43,2.27,1.12,5.21,0.36,5,1.88,550.12,39.54,0.907,0.058
丑陋,ugly,2.09,0.36,7.71,1.03,3.57,1.35,3.18,0.54,5.81,1.3,6.16,1.42,581.69,34.49,0.958,0.051
丑闻,scandle,6.83,0.46,5.6,0.45,6.68,0.91,5.32,1.49,6.96,1.46,6.43,0.55,549.75,62.53,0.878,0.071
出殡,death march,2.4,1.38,8.07,0.55,3.37,0.35,2.77,0.64,6.45,0.42,5.16,1.93,545.29,32.55,0.921,0.058
出轨,love affair,1.71,1.58,6.68,1.1,6.04,0.77,2.11,0.93,6.87,1.48,6.37,1.44,572.27,31.93,0.875,0.012
出嫁,marry out,3.43,1.29,5.63,0.73,6.73,0.51,6.83,1.5,7.74,2.09,6.97,1.76,580.9,42.08,0.91,0.008
处分,split equal,3.05,2.16,7.14,0.81,6.6,1.26,4.23,2.02,7.19,1.82,6.35,0.69,639.48,60.33,0.896,0.041
处治,deal with,1.67,1.56,7.17,1.12,4.83,1.76,4.34,1.11,4.39,1.66,5.22,1.09,494.62,56.69,0.88,0.019
触犯,infringe,2.07,1.31,6.43,0.46,3.8,1.8,3.47,1.07,6.03,0.74,5.71,0.4,564.25,34.48,0.903,0.045
传染,contaminous,1.5,0.57,6.17,0.52,2.83,1.98,3.3,2.04,4.14,1.61,4.33,1.86,505.37,36.97,0.895,0.024
传统,tradition,4.85,1.23,6.05,2.07,6.39,1.7,6.46,0.89,7.63,2.14,6.54,0.3,516.58,42.14,0.875,0.046
创伤,hurt,2.39,1.46,6.73,0.82,3.5,0.86,3.8,0.62,4.23,0.61,4.3,1.36,545.7,42.11,0.927,0.033
创新,innovative,7.47,1.82,5.03,1.75,7.1,1.11,6.6,1.71,7.42,0.37,6.49,0.31,508.31,63.58,0.919,0.041
垂钓,go fishing,4.24,2.24,4.17,1.53,5.98,1.74,6.17,1.49,6.12,1.96,5.6,0.59,531.94,42.48,0.882,0.053
垂柳,willow tree,1.98,2.15,6.97,1.85,6.2,1.15,6.37,1.18,6.67,1.5,6.7,0.5,595.08,32.25,0.885,0.055
春光,spring view,5.23,1.2,5.59,1.78,5.86,1.64,5.32,1.37,4.58,1.14,4.58,1.49,510.55,25.62,0.938,0.062
春联,spring couplets,6.95,1.94,5.64,0.93,5.41,0.3,5.36,1.03,3.67,1.3,3.38,0.25,538.71,46.1,0.931,0.014
春雨,spring rain,7.04,2.11,6,0.67,4.46,1.74,5.5,1.25,4.54,1.38,5.47,1.61,549.83,51.35,0.877,0.012
祠堂,ancestral hall,2.78,1.99,4.83,1.95,6.08,0.4,5.78,1.68,6.58,1.66,5.95,1.2,640.29,61.65,0.899,0.041
瓷器,porcelain,4.69,0.91,4.42,0.54,5.58,0.42,4.58,1.28,5.91,1.26,6.05,0.8,522.43,33.62,0.941,0.04
辞职,quit job,2.31,0.71,6.08,1.07,4.47,1.32,5.78,0.99,5.86,1.86,5.49,1.01,587.4,44.97,0.883,0.008
慈母,loving mother,6.44,1.19,3.06,0.96,7.08,1.27,7.06,1.1,7.19,0.66,7.56,1.62,628.16,22.6,0.943,0.048
丛林,woods,5.14,1.91,5,0.59,6.43,1.86,5.79,1.15,8.28,2.02,7.59,1.66,597.5,31.21,0.885,0.067
粗糙,rough,2.36,1.02,6.05,1.18,3.68,0.7,3,0.99,3.74,1.08,4.08,1.94,519.1,62,0.901,0.037
粗俗,vulgar,1.93,1.5,6.29,0.61,2.79,1.76,3.18,1.08,5.46,1.18,5.32,0.41,576.5,56.09,0.96,0.036
猝死,sudden death,1.53,0.87,8.58,0.62,7.33,1.27,6.86,1.4,7.4,1.02,7.05,0.35,618.96,43.31,0.872,0.007
痤疮,pimples,2.72,1.1,6.43,0.63,3.52,1.49,4.45,0.78,4.62,1.26,5.43,1.48,531.48,46.63,0.911,0.028
措施,measures,5.46,1.89,5.91,1.96,4.46,1.94,5.51,2.1,4.32,1.14,4.78,1.09,586.13,34.53,0.954,0.016
打架,fight,2.32,1.86,7.73,1.34,4.73,1.75,3.59,0.6,4.39,1.96,4.55,2,533.65,37.71,0.925,0.034
大雁,swallow,7.18,1.07,5.32,1.85,4,1.57,4.69,0.94,5.19,0.49,5.03,0.86,573.25,59.31,0.956,0.027
大雨,heavy rain,4.78,0.38,5.49,1.69,6.22,1.29,5.29,0.85,6.69,2.22,5.25,1.84,535.2,50.87,0.933,0.051
歹徒,gangster,6.23,0.81,4.97,1.06,6.2,1.3,5.77,1.29,6.96,2.18,6.23,1.79,610.17,56.09,0.93,0.063
淡雅,classy and modest,1.78,0.87,6.72,1.92,4.31,1.82,7.89,1.91,5.58,1.14,5.91,1.35,586.92,30.99,0.879,0.016
刀痕,knife cut,1.64,1.95,5.05,1.75,3.41,1.46,1.5,1.26,4.5,1.12,4.58,1.4,549.15,60.03,0.889,0.041
导弹,missile,2.06,1.51,6.48,0.7,4.77,1.74,4.86,1.42,3.71,1.73,4.03,0.62,559.57,59.73,0.872,0.07
倒塌,fall down,2.2,1.3,6.5,1.42,3.13,0.31,3.33,0.69,4.07,2.14,5.01,1.52,590.84,57.52,0.91,0.022
盗版,piracy,1.89,1.23,7.75,0.85,3.82,1,3.09,1.59,4.74,1.24,3.74,1.66,570.59,58.29,0.937,0.052
道德,moral,6.25,1.57,4.32,0.45,4.75,1.99,4.57,1.35,4.74,1.08,5.59,0.9,515.46,56.74,0.941,0.023
道理,reasonable words,4.47,1.68,5.17,1.46,4.37,1.84,5.34,0.73,4.22,0.94,4.76,0.5,507.33,61.93,0.922,0.018
敌人,ennemy,2.43,1.46,6.37,1.79,4.37,0.87,4.57,0.56,6.29,1.69,5.67,0.77,472.68,59.44,0.919,0.026
地图,map,5.14,1.79,5.27,1.12,5.09,0.25,4.49,0.83,4.65,1.82,5.24,0.93,529.61,62.36,0.909,0.025
地震,earth quake,3.63,1.53,5.57,0.66,4.83,0.58,4.06,0.69,5.98,1.73,6.21,0.47,539.08,40.18,0.953,0.031
典礼,ceremony,6.2,2.14,5.23,1.09,7.4,0.93,7.87,0.86,8.09,1.7,7.17,1.31,587.15,36.65,0.922,0.055
冻疮,frost bite,1.45,1.87,6.59,0.85,2.73,0.31,2.14,1,3.79,1.57,3.97,1.57,565.28,47.73,0.959,0.037
斗殴,fight,1.41,1.8,7.55,1.62,4.5,1.1,4.39,1.89,5.14,1.48,4.93,0.69,513.18,46.34,0.882,0.067
毒贩,drug dealer,1.58,1.67,6.19,0.57,5.18,0.77,3.69,1.37,6,0.89,6.05,1.17,527.09,26.29,0.871,0.06
毒瘤,poisonous tumor,5.85,0.86,5.2,1.85,5.73,0.5,4,1.67,5.95,1.59,5.08,1.46,552.37,59.07,0.905,0.021
毒蛇,poisonous snake,1.83,2.25,7.31,0.79,4.14,1.58,3.83,1.28,4.89,2.09,5.76,0.34,515.9,37.71,0.873,0.066
毒药,poison,2.23,1.76,7.27,1.17,5,1.82,2.55,0.85,4.53,1.23,4.5,1.63,541.86,53.97,0.906,0.066
堵车,traffic jam,2.89,1.81,5.91,1.2,5.27,0.41,3.72,1.79,6.32,0.79,6.19,1.8,561.82,24.17,0.931,0.013
度假,on vacation,1.95,2.18,7.55,1.11,4.23,1.21,7.14,0.92,4.86,1.72,6,1.04,507.81,26.88,0.907,0.058
恶魔,devil,1.68,2,5.9,1.47,4.24,1.66,4.76,1.76,4.2,1.52,4.26,1.88,577.74,24.52,0.9,0.045
恩师,mentor,5.17,1.08,4.97,0.78,4.56,1.89,5.72,1.34,5.23,1.38,5.42,1.6,579.94,31.78,0.89,0.049
耳环,ear ring,2.54,0.6,5.37,0.96,5,1.4,5.5,1.22,4.34,2.17,4.37,0.67,565.39,40.73,0.894,0.04
发财,make a fortune,3.22,0.63,4.11,1.46,5.58,0.5,6.69,1.72,6.07,1.19,5.95,1.55,591.47,59.82,0.938,0.037
发芽,sprout,4.06,0.44,5.63,1.89,5.03,1.37,5.06,1.71,4.4,2.12,5,1.3,571.92,50.87,0.89,0.044
罚单,ticket for traffic,4.5,2.16,5.41,1.47,4.77,0.76,4.2,1.11,6.54,0.67,6.14,0.78,520.66,33.25,0.875,0.042
法规,regulations,4.53,1.28,4.17,0.71,4.47,1.37,4.58,1.35,4.72,1.23,4.72,1.78,489.49,51.86,0.934,0.044
法制,law and order,2.83,0.47,5.12,0.97,4.24,0.61,5.46,1.61,3.78,1.53,4.42,1.16,495.75,48.78,0.918,0.027
帆船,sailing boat,4.89,0.53,2.86,0.76,4.72,0.79,5.64,1.56,4.67,0.51,5.33,0.82,589.26,22.35,0.94,0.031
番茄,tomato,5.03,1.53,4.56,0.71,6.11,0.42,4.93,0.85,6.89,2.13,6.2,0.4,582.92,61.2,0.884,0.055
繁华,prosper,5.43,0.94,5.79,0.89,4.89,1.86,5.61,1.6,5,1.81,6.07,1.82,548.08,52.76,0.931,0.009
繁荣,flourish,2.82,1.41,5.75,1.18,4.07,1.87,5.11,0.57,3.73,1.4,5.41,1.53,573.79,49.6,0.956,0.026
犯人,prisoner,6.17,1.57,5.89,1.15,6.83,0.3,5.31,1.3,7.05,2.12,6.93,1.73,626.34,48.04,0.92,0.048
飞镖,dart,2.12,0.54,5.28,0.78,4.17,0.67,5.4,1.94,4.75,0.81,5.19,1.39,561.19,45.73,0.918,0.056
妃嫔,concubine,3.94,0.35,4.57,1.07,6.49,0.87,6,1.12,6.95,0.89,6.46,1.12,638.8,60.26,0.893,0.021
肥田,fertile land,4.94,0.77,3.69,1.27,4.29,1.76,5.32,1.48,4.81,0.49,5.56,1.66,492.78,56.2,0.885,0.029
匪徒,bandits,1.31,0.66,6.39,1.51,4.08,0.63,3.83,1.2,6.09,0.52,5.6,0.82,578.84,62.59,0.916,0.051
诽谤,sniping,3.1,1.16,5.03,2.04,3.5,0.99,3.36,1.88,5.32,1,5.22,1.94,532.94,34.36,0.882,0.069
翡翠,jade,5.5,2.06,5.39,0.9,7.06,1.38,6.42,1.98,6.44,1.05,6.23,0.4,618.49,63.94,0.952,0.054
废品,trash,4,1.55,4.59,0.99,4.64,1.84,4.59,0.58,5.34,0.42,5.34,0.51,546.11,48.56,0.89,0.046
废墟,ruins,2.53,1.9,6.8,1.65,3.03,1.84,3.7,1.78,4.01,1.11,4.17,1.64,488.31,41.85,0.88,0.032
分手,breaking up,1.97,1.94,5.93,1.27,5.63,0.29,4.03,1.03,7.32,1.23,5.74,1.04,638.34,59.78,0.887,0.036
焚烧,burn,2.13,1.29,6.9,1.74,4.93,1.19,5.63,2.02,5.84,1.15,5.81,1.12,497.68,27.77,0.901,0.063
粉笔,chalk,5.86,1.17,4.35,1.82,5.82,1.14,6.59,1.21,7.08,0.85,6.87,1.12,544.93,29.36,0.949,0.066
粉尘,dust,5.63,1.63,4.29,1.63,5.6,1.79,7.07,1.82,7.04,1.28,6.9,0.3,548.62,42.77,0.925,0.015
奋斗,work hard for,2.33,1.33,7.83,0.47,4.3,0.52,7.2,1.37,4.96,1.07,6.43,1.34,543.18,60.28,0.89,0.021
粪便,shit,3.45,0.67,7.77,1.08,4.97,1.43,3.2,1.07,4.96,1.31,5.07,0.68,534.57,41.69,0.914,0.02
丰富,colorful,7.14,2.32,5.26,2,4.75,0.78,5.22,0.55,5.09,1.27,4.65,0.7,504.63,50.56,0.94,0.068
丰满,plump,5.73,1.74,6.95,1.16,6.82,1.1,5,1.61,7.08,0.66,6.24,1.94,600.82,61.92,0.914,0.026
丰收,good harvest,6.39,2.24,6.25,1.34,3.93,1.09,6.07,1.3,5.13,0.42,6.3,1.63,528.33,40.9,0.919,0.014
风车,wind mill,5.67,0.88,4.81,0.64,6.61,0.69,6.32,1.71,7.24,0.69,6.21,1.69,515.99,25.55,0.898,0.007
风光,passage of time,4.78,1.38,5.83,1.82,6.76,1.74,6.37,1.36,7.91,0.63,7.08,1.33,576.21,58.48,0.94,0.032
风景,scenery,6.4,0.98,5.7,1.34,7.3,1.4,7.73,0.63,7.25,1.75,7.35,1.4,626.91,47.89,0.921,0.02
风铃,wind pipe,5.36,0.39,5.27,1.97,5.55,1.54,4.77,0.58,6.29,1.53,5.76,1.76,594.35,35.95,0.928,0.009
风沙,sand storms,2.29,0.59,6.93,0.71,3.75,0.89,3.64,0.71,5.73,0.41,5.63,1.87,494.47,42.78,0.916,0.054
风扇,electric fan,7.13,1.66,5.1,1.11,7.03,0.68,6.33,1.36,7.54,2.22,6.42,0.42,634.48,55.23,0.927,0.025
风俗,ritual,4.8,0.52,5.09,1.44,5.72,0.38,5.92,1.3,5.59,0.74,5.89,1.31,601.96,39.58,0.902,0.056
风韵,charm,5.28,2.08,5.64,1.52,7.31,1.62,7.14,1.41,7.14,1.43,7.09,1.82,621.02,39.44,0.909,0.048
风筝,kite,4.22,0.65,4.27,1.73,5.66,0.94,6.03,1.46,4.94,2.2,5.25,1.51,635.16,24.05,0.919,0.064
枫叶,maple leaf,3.05,0.54,5.36,0.64,4.91,0.44,5.95,1.57,4,1.93,4.21,0.39,527.22,38.59,0.931,0.032
封面,cover,4.94,0.72,5.19,1.9,3.53,1.49,5.23,2.05,4.86,0.93,5.09,0.43,579.54,45,0.904,0.067
疯狗,mad dog,3.24,2.26,6.2,0.8,5.05,1.14,4,0.76,6.25,1.49,5.41,0.4,496.18,39.1,0.94,0.016
疯子,crazy person,2.55,1.26,6.14,1.73,5.78,1.48,3.92,1.97,6.37,1.21,6.35,0.41,623.16,41.86,0.904,0.036
缝补,stitch patch,3.92,0.58,5.69,1.69,4.98,1,5.85,1.02,5.11,1.93,5.86,1.75,584.94,36.4,0.933,0.055
凤凰,phoenix,4.05,0.57,4.41,0.84,5.95,0.54,4.59,0.71,6,0.48,4.82,1.83,570.51,51.27,0.886,0.048
佛光,halo,6.11,2.22,6.46,1.95,4.82,0.53,4.21,1.8,4.58,1.94,4.24,1.11,503.72,48.65,0.923,0.015
佛像,buddha statue,7.07,0.8,5.32,1.98,7.39,1.17,7.61,1.52,8,2.07,6.77,1.24,504.37,63.94,0.91,0.039
夫人,wife,4.58,1.11,4.19,1.91,5.86,1.91,5.21,1.76,5.96,1.61,5.17,1.62,577.19,41.34,0.93,0.04
敷衍,perfunctory,5.05,0.73,3,0.98,5,0.74,3.63,0.67,5.42,0.98,5.81,0.51,550.84,41.91,0.945,0.061
服务,service,6.43,2.29,5.13,1.67,6.17,1.16,5.54,1.06,6.17,2.14,5.28,1.72,594.17,33.14,0.888,0.066
俘获,capture,5.82,0.77,5.09,1.2,4.41,1.47,5.18,1.72,4.53,0.94,4.68,1.32,476.31,56.19,0.899,0.053
俘虏,captivate,4.89,0.6,2.04,1.72,5.43,0.72,6.28,1.2,5.67,1.56,5.6,1.62,583.79,37.36,0.878,0.048
浮尘,dust,3.43,1.14,6.05,0.67,5.57,1.73,5.73,0.55,5.9,1.55,5.51,1,606.25,43.07,0.958,0.009
浮尸,floating body,1.95,1.89,7.45,0.97,3.64,1.83,2.91,1,5.45,0.92,4.62,1.13,522.77,44.04,0.948,0.059
福利,welfare,4.95,2.02,5,1.86,6,0.85,6.2,1.55,6.14,1.9,5.95,0.78,528.34,34.11,0.943,0.04
斧头,ax,5.11,1.74,4.86,0.91,4.06,0.89,4.94,2.01,3.83,2.18,4.67,1.77,589.51,49.88,0.929,0.061
腐蚀,errode,4.5,1.35,4.3,1.44,5.27,1.44,5.22,0.68,6.37,1.1,5.78,0.27,502.94,26.39,0.955,0.03
腐朽,decadant,1.64,2.08,7.64,0.86,4.32,1.13,3.18,2.04,5.24,1.33,5,1.66,556.42,46.13,0.872,0.023
父母,parents,4.79,1.1,3.75,1.75,4.18,1.05,6.45,0.65,4.03,1.43,4.26,0.91,529.98,54.37,0.886,0.044
讣告,obituary,3.79,0.41,5.96,1.67,5.04,1.49,3.21,1.15,6.91,1.39,6.24,0.76,566.86,42.78,0.915,0.063
盖头,head cover,4.64,0.38,4,1.29,4.11,0.28,4.86,1.15,5.14,1.58,5.86,1.2,541.82,30.66,0.907,0.024
甘甜,sweet,3.06,0.83,5.46,1.94,5.23,1.54,4.45,1.37,4.32,1.83,4.87,1.23,575.81,34.01,0.951,0.042
干裂,try and cracked,2.69,2.29,3.75,0.52,4.42,0.73,4.06,1.82,4.95,1.39,5.65,1.82,509.4,44.87,0.957,0.069
干尸,dried body,2.08,1.53,5.67,1.53,4.53,1.19,5.17,0.66,5.49,2,5.93,0.49,556.25,36.57,0.893,0.057
钢琴,piano,4.21,2.01,3.75,1.73,4.68,1.44,5.25,1.14,4.63,0.41,5.3,0.28,498.18,53.23,0.933,0.044
港湾,bay,4.82,1.6,4,1.09,4.57,0.57,5.77,1.16,4.01,1.76,4.39,1.66,548.91,39.21,0.926,0.029
高傲,haunty,6.64,0.76,5.29,1.67,4.29,0.63,4.46,2.04,4.58,1.79,5.25,1.14,518.55,27.78,0.893,0.062
高堂,parents,6.79,2.23,5.29,1.71,4.68,1.06,4.32,0.59,5.77,1.67,5.13,1.51,507.29,38.94,0.896,0.021
高雅,refined taste,2.91,2.06,5.82,1.45,6.14,0.49,6.31,1.05,6.05,2.04,6.44,1.65,512.2,46.73,0.901,0.05
高原,plateau,5.31,0.69,5.25,1.81,6.61,0.4,6.75,0.95,6.23,1.89,6.19,1.06,630.14,56.3,0.939,0.037
羔羊,lamb,5.23,1.86,5.27,1.52,5.59,0.78,4.82,0.83,5.53,1.92,5.29,1.14,616.21,27.16,0.912,0.033
膏药,oinment,7.17,0.34,6.63,1.25,6.9,1.01,6.7,0.9,7.65,1.93,6.03,0.28,633.18,42.83,0.914,0.07
糕点,pastry,6.22,1.86,6.44,1.29,5.15,0.25,6.98,1.65,5.02,0.8,6.12,0.6,515.19,62.09,0.946,0.033
稿费,contribution fee,6.06,0.71,5.91,0.92,4.73,1.66,4.23,0.96,3.92,0.53,3.95,0.46,521.24,37.83,0.945,0.019
哥哥,older brother,7.83,1.38,7.03,2.03,6.97,0.3,7.2,1.17,6.94,1.48,6.78,1.16,626.15,47,0.931,0.023
歌迷,fans for the singer,5.64,0.36,6.21,1.03,6.19,1.26,5.11,1.89,7.37,1.04,6.56,0.74,556.41,55.81,0.904,0.014
歌女,female singer,4.68,2.1,5.11,0.53,6.79,1.3,7.25,1.17,8,1.23,7.21,0.33,635.63,48.71,0.953,0.045
阁楼,atic,5,2.07,4.88,0.81,4.88,0.73,5.63,1.26,3.68,0.61,4.2,1.97,501.02,58.89,0.896,0.029
哽咽,choked,2.49,2.03,6.95,0.59,4.12,1.13,5.37,1.34,5.35,1.1,6.08,1.02,491.93,62.82,0.91,0.012
公安,police force,7.61,0.37,5.08,1.39,6.89,1.84,6.17,1.98,7.26,0.53,7.05,2,563.2,32.06,0.874,0.034
公园,park,4.13,1.19,5.17,1.21,5.97,0.72,5.86,1.99,5.73,1.66,5.54,1.62,557.24,50.17,0.91,0.021
功夫,kong fu,2.14,1.92,7.53,0.98,4.83,0.4,5.08,1.3,4.12,0.99,3.56,0.94,587.31,44.55,0.871,0.027
宫殿,palace,5.18,1.03,5.32,0.6,5.05,1.09,6.32,1.15,4.32,0.72,4.89,1.26,516.01,46.75,0.872,0.027
拱桥,arched bridge,5.73,2.3,4.59,1.99,6.09,0.61,5.55,1.05,6.47,2.04,5.32,0.35,569.84,39.43,0.911,0.029
贡品,tribute,4.63,2.18,5.37,1.51,3.83,1.88,5.9,1.67,3.55,0.83,5.2,1.34,546.02,50.41,0.94,0.057
勾结,gang up with,2.49,2.07,5.91,1.21,5.34,1.49,4.37,1.27,5.36,0.71,5.33,1.29,545.51,23.78,0.871,0.043
孤岛,island,2.64,2.2,6.44,1.54,6.41,1.32,5.31,0.64,6.48,0.59,6.39,1.44,509.82,44.04,0.902,0.043
孤儿,orphan,1.93,0.59,7.96,0.58,3.4,0.89,3.13,0.82,5.33,1.69,5.07,0.67,481.9,63.61,0.876,0.028
姑娘,young lady,2.07,1.36,6.17,1.5,3.23,0.39,5.33,0.87,4.14,1.99,5,1.84,466.43,38.63,0.915,0.042
古董,antique,7.22,1.24,5.16,1.53,7.1,1.33,6.78,0.97,8.09,1.39,6.97,2.01,585.98,31.04,0.959,0.043
古朴,vintage,4.51,1.46,3.06,0.46,3.77,1.1,5.2,1.45,4.13,0.82,4.29,0.81,492.19,23.84,0.919,0.064
骨灰,body ash,6.88,1.73,5.83,0.89,4.51,0.3,5.34,2.07,5.72,1.45,5.74,0.3,553.17,28.9,0.93,0.026
鼓励,encourage,2,1.12,6.89,1.14,4.71,1.27,5.36,1.2,5.39,1.61,6.34,1.92,587.8,22.31,0.92,0.066
鼓楼,drum tower,6.46,1.96,6.6,1.21,5.37,1.04,6.61,2.07,5.06,0.36,5.35,0.75,550.53,60.11,0.946,0.057
故居,old house,4.57,0.41,4.11,1.12,4.54,0.37,5.83,0.9,4.73,0.58,5.78,0.88,539.86,61.58,0.902,0.021
顾客,customer,4.97,1.72,2.66,2.06,6.11,1.25,5.33,2.06,6.58,1.63,6.6,1.6,589.45,22.06,0.911,0.054
顾问,consultant,5.06,1.22,5.53,1.01,3.86,0.6,6.08,2.07,4.56,1.66,4.91,0.94,551.2,58.6,0.926,0.065
雇工,employee,4.41,0.75,3.09,0.94,4,1.46,4.36,0.54,3.97,2.02,4.8,1.08,508.87,32.76,0.94,0.012
雇员,employee,1.64,1.82,7.95,0.93,3.14,1.25,4.64,0.92,3.42,1.16,3.77,0.49,509.63,29.06,0.884,0.05
寡妇,widow,4.34,1.28,4.4,1.48,3.83,1.94,4.19,0.97,3.63,0.65,3.35,0.38,549.72,36.56,0.94,0.062
拐卖,kidnapping for business,2.14,2.06,5.25,2.1,4.11,0.38,4.36,1.9,4.91,0.99,4.91,1.16,488.68,59.09,0.936,0.04
拐骗,scam,2.77,1.56,6.68,1.6,4.41,1.5,2.86,1.83,5.63,0.86,4.71,0.71,581.88,23.57,0.953,0.019
拐杖,walking cane,4.63,2.02,3.8,1.43,3.66,0.79,4.45,0.55,4.36,1.4,4.61,0.63,562.21,22.51,0.954,0.015
关押,lock up,1.71,1.89,6.26,0.82,5.51,0.68,5.34,1.71,6.41,1.67,6.3,1.71,513.99,42.65,0.884,0.036
棺材,coffin,6.74,2.17,4.94,0.94,5.66,1.19,4.17,1.4,6.84,1.19,6.49,0.42,522.87,27.91,0.94,0.015
冠军,champion,6.77,1.67,6.53,1.2,6.6,0.41,6.32,0.66,6.32,1.84,6.08,1.7,561.53,35.9,0.882,0.068
惯犯,habitual criminal,2.39,2,6.05,1.81,4.8,0.85,5.07,0.59,5.26,1.77,5.63,0.6,553.61,32.25,0.905,0.054
光芒,light,4.89,1.14,3.48,0.59,4.63,1.96,5.23,1.58,4.22,2.05,5,1.04,545.34,53.29,0.91,0.015
规范,regulation,6.14,0.4,5.13,1.49,5.77,1.05,5.34,0.71,7.05,1.78,6.08,1.42,585.79,23.72,0.919,0.033
规律,regularity,2.17,0.88,7.14,1.49,5.23,1.25,6.09,1.24,5.92,0.66,5.82,1.6,520.96,31.11,0.934,0.015
规则,rules,4.67,1.79,4.63,0.46,2.57,0.98,6,1.52,4.13,0.96,4.97,1.75,500.53,37.16,0.924,0.05
闺蜜,best female friends,4.02,0.98,3.9,1.41,5.41,0.92,5.5,1.43,4.16,0.63,4.34,0.71,577.91,50.76,0.96,0.052
闺女,daughter,4.92,1.23,4.54,1.85,4.57,1.9,6.4,1.42,4.65,0.52,5.05,0.59,560.6,52.66,0.958,0.021
鬼混,hang out,1.59,0.35,6.41,1.96,4.55,0.97,2.95,0.93,6.11,2.17,5.74,1.36,521.24,34.16,0.89,0.057
鬼魂,ghost,4.03,0.97,3.46,0.63,4.17,0.77,3.97,1.67,5.27,0.58,5.7,0.69,572.74,25.18,0.948,0.054
贵人,honorable people,5.95,1.02,3.32,0.98,5.36,0.57,5.64,1.76,6.14,0.38,5.93,1.23,554.51,62.41,0.874,0.045
贵族,nobility,6,2.22,5.32,0.53,4.69,1.61,6.94,1.36,4.91,1.99,5.4,1.03,509.68,57.34,0.948,0.068
桂花,osmanthus,1.82,0.35,6.41,1.12,4.41,1.74,5.09,2.04,3.05,1.14,3.92,2,537.05,49.51,0.908,0.038
国宝,national treasure,2.75,2.29,6.54,0.72,6.68,1.19,5.15,1.82,6.89,0.54,5.84,1.53,536.65,27.94,0.928,0.019
国耻,national shame,2.71,1.46,6.75,1.98,3.68,0.61,3.93,0.97,4.51,0.6,5.2,0.43,575.21,47.26,0.906,0.038
国法,french made,6,1.22,6.59,0.93,5.95,1.56,4.05,0.77,6.92,2.2,6.26,1.75,548.25,62.23,0.935,0.052
国徽,national emblem,4.44,1.73,4.32,1.28,4.51,0.86,5.97,0.55,4.27,1.65,5.27,1.1,589.88,43.26,0.924,0.061
国货,native product,5.06,1.74,5.11,0.78,5.2,1.22,6.71,1.33,5.97,1.2,5.75,0.7,588.87,57.72,0.878,0.027
国旗,national flag,5.04,1.35,5.5,1.29,6.32,1.48,6.46,0.59,6.77,0.48,6.27,1.01,576.92,46.5,0.87,0.05
国情,national condition,3.05,2.11,5.64,0.72,5.36,0.9,4.89,1.98,6.9,0.62,6.29,1.65,578.01,54.63,0.941,0.039
果冻,jelly,6.4,0.84,4.31,1.44,5.09,1.34,6,1.44,4.73,0.49,4.92,0.29,581.58,58.36,0.92,0.043
果农,fruit farmer,4.86,2.32,5.74,1.85,5.8,1.01,5.06,0.75,6.27,1.59,6.05,0.87,603.55,35.95,0.923,0.025
果盘,fruit tray,3.88,2.13,4.57,1.3,4.37,1.97,5.83,1.68,4.87,0.41,5.42,1.76,545.19,46.42,0.888,0.03
果树,fruit tree,4.8,1.53,3.14,0.72,6.14,1.51,5.58,0.61,6.23,1.31,5.79,0.36,543.01,40.75,0.915,0.051
过程,process,4.78,1.52,4.61,0.61,3.08,1.87,5.67,1.07,3.6,1.3,4.28,0.93,506.15,24.95,0.918,0.029
海岸,coastline,2.37,1.59,6.1,0.96,4.95,0.82,5.18,0.65,4.39,1.52,4.97,1.93,522.24,53.52,0.94,0.031
海报,poster,2.61,1.66,6.22,1.6,4.88,0.8,5.95,1.1,4.83,1.67,5.22,1.64,527.08,29.08,0.922,0.055
海盗,pirate,5.36,0.64,5.5,1.52,4.27,1.93,5.14,1.83,4.29,0.47,4.42,0.85,507.34,26.09,0.959,0.056
海军,navy,4.11,0.97,4.42,1.63,3.86,1.51,5.14,0.67,4.09,1.18,5.4,0.96,541.89,61.54,0.924,0.065
海豚,dolphin,4.68,2.16,3.45,0.68,5.45,0.77,6.39,2.03,5.06,0.56,5.57,0.67,553.74,39.25,0.948,0.037
海洋,ocean,5.86,0.54,6.07,1.02,6.36,1.75,5.55,1.07,7.34,1.21,6.18,1.67,555.05,39.11,0.919,0.055
海葬,sea burial,6.61,1.5,5.68,2.05,4.29,1.95,5.48,1.61,5.27,1.43,5.89,1.14,478.77,29.24,0.95,0.019
汉奸,chinese traitor,2.44,0.6,6.89,0.72,4.25,1.83,3.89,1.26,4.88,0.35,4.88,0.34,506.31,37.34,0.896,0.043
汗水,sweat,2.56,0.51,8.19,1.74,4.64,1.8,4.73,2.09,4.03,1.78,4.55,1.97,518.33,59.03,0.885,0.028
行踪,whereabouts,4.53,1.32,4.27,1.48,3.73,0.9,4.87,0.6,4.12,1.74,4.7,1.53,501.52,28.32,0.925,0.046
豪迈,heroic,7.08,1.4,6.22,2.01,5.56,0.41,5.72,0.7,6.72,0.62,6.65,1.11,604.59,61.54,0.889,0.042
喝彩,applaud,6.66,0.67,6.24,1.42,5.42,1.08,6.69,0.81,5.47,1.02,5.49,1.68,551.58,50.36,0.927,0.042
合格,qualified,4.14,0.52,3.47,1.47,4.97,1.5,5.66,0.73,5.11,0.81,6,1.22,576.67,60.25,0.924,0.068
合理,reasonable,3.47,0.54,6.47,1.92,6.63,1.81,6.5,0.79,7.49,1.8,6.57,0.28,619.38,36.92,0.927,0.033
合影,group photo,5.92,1.05,4.26,0.49,6.09,1.17,6.55,0.91,6.68,1.4,6.71,0.38,506.78,35.49,0.925,0.043
荷塘,lotus pond,5.89,2.15,4.57,1.08,5.86,1.44,4.93,0.98,6.93,1.32,6.03,1.24,573.39,48.06,0.9,0.069
核桃,walnut,2.17,0.41,5.43,2.04,5.5,1.73,4.54,1.53,7.07,2.1,6.59,1.06,528.23,49.13,0.888,0.05
贺卡,greeting cards,4.46,1.79,4.46,0.97,3.46,1.21,4.57,0.64,5.19,1.76,6.14,0.35,490.49,49.41,0.937,0.011
贺喜,congratulations,5.77,2.15,6.43,1.29,6.5,0.5,5.87,1.19,6.61,0.45,6.29,0.83,543.49,30.96,0.951,0.065
恒星,planet,4.23,2.31,5.5,1.28,3.5,1.24,4.68,1.97,3.57,1.71,4.49,0.65,590.04,55.93,0.949,0.034
横幅,banner,7.67,1.42,7.07,1.36,3.07,0.74,4.83,0.76,4.2,1.59,5.03,1.53,563.94,22.53,0.904,0.049
轰炸,bomb,4.25,0.55,4.75,1.35,4.11,1.79,3.39,1.97,5.89,0.41,6.23,1.02,584.07,62.09,0.958,0.046
红包,red envelope,7.14,2.04,6.46,1.91,6.14,1.41,6.29,1.46,6.51,2.01,6.58,1.79,545.11,62.14,0.954,0.021
红酒,red wine,4.58,0.67,5.03,1.65,4.78,1.25,5.31,1.88,5.09,1.71,5.47,1.76,579.73,28.76,0.941,0.039
红军,red army,5.45,2.11,4.95,0.49,4.95,1.91,6.05,0.78,3.47,2.01,4.08,1.01,571.8,63.92,0.89,0.064
红娘,matchmaker,7.31,1.14,7.11,0.62,5.58,0.67,4.44,0.88,6.35,0.89,6.35,1,533.14,45.35,0.941,0.02
洪水,flood,3.03,1.66,5.47,1.5,4.83,1.71,4.44,1.96,6.19,0.44,5.84,0.48,512.84,44.64,0.957,0.047
洪灾,floods,1.77,2.16,6.68,0.82,3.06,1.45,3.42,1.71,4.86,0.88,4.89,1.16,556.25,29.91,0.878,0.009
哄抢,plunder,2.2,1.5,6.77,1.66,4.06,0.38,4.71,1.52,5.42,2.03,5.05,0.46,542.19,30.15,0.893,0.062
忽略,overlook,2.97,1.92,3.25,0.64,6.25,0.6,5.89,1.48,6.95,2.15,6.65,1.95,519.83,49.18,0.941,0.053
忽视,overlook,3.4,0.98,5.07,1.99,4.34,1.03,3.43,0.62,4.64,0.51,4.78,1.14,581.4,52.65,0.953,0.033
狐狸,fox,4.33,1.59,4.76,0.86,5.12,0.41,4.9,1.32,5.71,1.73,5.29,0.4,492.34,60.39,0.871,0.026
湖泊,lake,4.86,1.08,4.94,1.13,5.69,1.86,5.39,1.64,5.33,0.8,5.51,1.16,616.56,59,0.919,0.035
蝴蝶,butterfly,7.67,0.95,5.61,1.6,6.75,1.26,7.25,0.94,7.59,2.18,7.3,0.24,528.61,61.45,0.883,0.034
糊涂,baffled,3.2,0.85,6.5,1.72,5.5,1.29,5.27,1.86,6.76,1.44,6.42,1.44,518.59,40.01,0.903,0.06
护士,nurse,6.96,1.66,7.68,1.85,6.32,1.67,3.86,0.92,5.34,1.54,5.24,0.57,567.64,32.82,0.921,0.011
护照,passport,5.07,0.45,4.36,1.68,6.11,1.44,4.61,1.52,5.89,0.75,5.65,0.3,604.74,46.47,0.904,0.049
花车,decorated vehicle in parade,4.72,2.27,4.67,1.88,6.22,1.79,5.86,2.02,5.4,1.49,5.3,0.68,573.78,27.65,0.893,0.067
花朵,flowers,6.97,1.97,6.7,1.74,7.43,1.99,7.83,1.92,7.68,0.94,7.21,1.99,602.75,25.98,0.888,0.013
花卉,flowers,6.93,0.94,5.13,1.29,7.1,1.77,6.73,0.64,7.52,1.02,7.02,1.86,506.99,49.72,0.943,0.016
花篮,flower basket,2.66,0.99,5.02,1.89,5.83,0.28,5.22,2.03,6.92,1.42,6.03,0.63,596.12,53.7,0.907,0.053
花蕾,bud,4.78,1.51,2.23,1.48,6.93,1.1,6.9,1.52,7.12,1.38,6.46,0.31,576.54,62.94,0.91,0.061
花瓶,vase,5.24,2.34,5.26,1.81,3.66,0.63,5.34,0.73,4.24,1.49,4.55,0.8,544.65,52.54,0.882,0.014
花圈,wreath for the death,1.53,1.23,7.2,0.61,4.2,1.16,3.6,1.18,4.12,1.14,4.46,1.4,491.16,56.27,0.929,0.021
花束,bouquet,5.29,1.77,4.94,0.98,5.74,1.51,5.63,1.26,6.11,1.04,5.97,1.94,627.45,24.84,0.887,0.026
花坛,flower bed,5.1,0.52,4.8,0.69,5.23,0.38,6.6,0.87,4,2.05,5.32,1.79,529.32,61.15,0.941,0.064
花园,garden,6.63,1.2,7.3,0.75,6.87,0.88,6.5,0.89,7.33,1.81,6.17,0.62,580.69,61.52,0.917,0.011
滑雪,skiing,2.34,2.2,6.43,1.66,4.54,1.34,5.86,0.84,5.24,1.04,5.81,0.83,504.8,40.65,0.875,0.036
画家,painter,1.33,2.25,6.25,1.38,4.06,0.95,5.14,1.49,3.73,0.75,4.65,0.99,580.28,23.66,0.89,0.026
画像,portrait,1.68,1.37,6.55,0.5,4.18,1.57,4.27,1.58,2.87,1.47,3.82,1.9,512.48,54.2,0.937,0.042
欢呼,cheer,5,0.67,6.2,1.47,6.87,1.84,6.63,1.37,7.47,1.21,8.32,1,602.7,27.37,0.898,0.051
欢快,merrily,5.22,1.47,5.1,1.99,7.39,1.7,6.61,1.47,7.34,1.9,6.57,0.91,570.17,31.69,0.914,0.016
欢乐,happy,7.77,0.58,7.18,1.55,7.82,0.95,7.41,1.37,7.11,1.71,7.05,0.32,543.18,27.14,0.882,0.042
欢送,farewell,4.77,0.71,4.41,1.33,6.82,0.35,6.36,2.07,7,1.68,6.13,1.84,605.86,39.49,0.904,0.045
欢喜,happy,7.31,1.51,8.14,1.11,6.6,0.87,5.83,1.48,6.59,1.48,6.13,1.28,544.09,52.84,0.943,0.039
宦官,eunuck,3.77,1.48,5.54,0.69,3.94,0.29,4.78,1.97,4.88,1.83,4.67,0.6,493.67,23.53,0.881,0.052
荒岛,deserted island,2.4,1.56,6.85,1.27,4.4,0.46,4.48,1.05,4.54,1.67,4.92,1.9,520.18,29.99,0.953,0.037
荒漠,desert,3.43,0.88,6.4,1.23,4.4,0.71,3.93,0.79,6.2,1.22,5.99,1.25,471.38,30.21,0.907,0.01
皇宫,royal palace,5.82,0.74,4.82,2.06,4.96,0.67,3.5,1.3,6.54,1.19,6.04,1.97,561.42,26.78,0.95,0.017
皇冠,crown,7,0.96,5.05,1.24,6.36,1.64,5.25,1.75,6.33,0.92,6.46,0.57,640.47,42.75,0.922,0.04
皇上,the emperor,4.91,1.6,2.82,0.44,5.32,1.6,5.55,2,4.76,2.01,5.24,1.95,547.33,29.28,0.942,0.062
黄金,gold,6.73,0.52,5.1,0.45,6,0.61,6.68,1.34,5.78,0.71,5.76,1.59,622.07,28.68,0.897,0.068
蝗虫,locust,1.72,1.49,7.19,1.01,4.83,1.28,4.4,1.2,5.81,1.72,5.28,0.85,538.13,55.23,0.949,0.035
灰尘,dust,7.8,1.44,6.43,1.29,4.23,1.9,3.45,2.04,3.84,1.29,4.58,0.49,474.76,43.69,0.932,0.063
灰烬,ashes,4.86,1.56,6.54,1.35,5.94,1.75,5.39,0.78,7.16,1.44,7.09,1.18,618.25,58.38,0.871,0.044
辉煌,glorious,7.39,1.65,6.47,1.6,6.64,0.96,6.97,1.82,6.86,1.97,7.12,1.59,580.78,29.3,0.874,0.009
回归,home coming,8.14,2,7.39,0.43,7.08,1.54,6.78,1.5,7.09,2.17,6.65,0.32,604.86,22.83,0.904,0.045
回眸,look back,6.59,0.87,5.91,1.24,6.05,1.19,5.23,0.88,6.47,1.74,5.05,0.31,622.29,63.45,0.879,0.029
毁容,ruined face,5.09,2.27,4.95,1.63,4.18,1.36,2.77,0.71,4.5,0.79,4.79,1.82,517.03,43.59,0.905,0.044
贿赂,bribery,4.63,0.51,4.2,1.06,6.1,1.08,6.17,2.02,6.55,0.39,6.2,0.47,583.61,44.56,0.906,0.044
昏君,foolish emperor,2.83,0.7,4.39,1.27,6.51,1.18,6.12,1.53,7.62,1.44,6.31,1.22,506.23,61.12,0.878,0.043
昏迷,coma,4.83,0.72,3.15,0.63,5.77,1.39,3.12,0.6,6.11,1.61,5.35,0.65,597.24,55.04,0.953,0.024
婚房,wedding room,6.75,2.03,6.18,1.04,3.29,1.29,5.18,1.32,3.17,1.7,5,0.26,558.38,23.24,0.899,0.065
婚纱,wedding gown,4.55,0.96,4.32,0.61,4.23,0.37,6.32,1.06,4.74,0.59,4.47,1.34,575.94,60.3,0.898,0.025
婚宴,wedding ceremony,2.63,1.91,5.71,2.06,5.17,0.84,6.29,1.15,4.46,1.63,4.81,1.06,543.34,63.26,0.924,0.017
火化,cremate,2.18,2.24,6.57,1.89,4.5,0.99,4.32,1.51,6.74,0.56,6.71,1.31,474.03,29.14,0.934,0.043
火炬,torch,5.51,0.57,5.57,2.08,5.11,1.35,5.57,0.91,4.68,0.5,5.03,0.24,587.55,38.4,0.947,0.038
火苗,flame,2.61,1.89,7.65,1.97,5.18,1.74,4.43,0.6,6.49,1.71,5.91,1.38,541.2,27.73,0.899,0.009
火山,volcano,3.59,0.73,4.82,0.93,4.45,1.91,2.59,0.69,4.58,1.5,4.42,1.51,565.7,46.38,0.922,0.025
火药,fire powder,5.11,1.07,5.32,1.74,4.71,1.06,5.39,0.9,5.23,1.56,5.31,0.28,577.63,62.85,0.934,0.009
火葬,cremation,3.07,1.47,7.21,1.68,4.04,0.41,3.14,1.45,3.67,1.54,4.31,0.98,569.6,54.57,0.935,0.029
货币,currency,2.3,2.31,6.43,1.92,5.23,1.02,4.5,2.03,5.89,2.13,4.89,1.06,519.38,27.41,0.943,0.027
击毙,shoot down,2.73,1.84,5.59,0.9,4.05,1.98,2.64,2.03,5.39,1.98,5.5,0.68,500.53,53.97,0.885,0.056
饥寒,cold ungry,3.89,0.49,4.8,0.79,4.12,1.96,3.61,0.75,5.77,0.55,4.62,0.79,479.19,57.75,0.88,0.058
饥民,hungry people,5.72,1.43,4.69,1.91,5.58,0.73,4.22,0.69,6.35,1.92,6.35,2.02,620.76,38,0.925,0.012
机舱,fuselage,4.48,0.97,4.71,0.7,4.03,0.88,4.91,1.62,4.17,1.65,4.86,1.76,490.02,57.45,0.884,0.045
机场,airport,4.41,1.47,3.51,1.53,6.1,0.48,7.07,0.85,6.8,1.51,6.41,0.91,628.01,61.14,0.936,0.034
肌肤,skin,3.4,1.26,6.23,1.9,5.28,0.24,5.75,0.91,5.58,0.91,5.49,0.46,527.85,25.3,0.948,0.01
积木,toy bricks,4.89,2,4.51,0.74,6.51,0.35,6.32,2.02,7.14,1.29,6.68,0.52,634.87,22.02,0.921,0.067
激励,stimulate,7.3,1.58,7.07,1.91,7.23,1.44,7.9,1.24,7.8,2.07,7.16,1.59,600.5,34.99,0.914,0.027
激情,passion,7.08,1.68,7.94,0.79,6.91,0.82,6.08,1.7,5.46,0.94,5.84,0.64,532.3,37.51,0.93,0.014
吉祥,auspicious,6.57,1.05,6.32,1.64,6.54,0.64,6.46,1.16,7.51,0.41,6.16,1.7,534.67,59.23,0.906,0.035
集市,market,3,1.89,4.42,1.19,4.86,1.71,4.5,1.53,4.29,1.87,3.51,1.17,548.7,52.67,0.906,0.03
嫉妒,jealousy,2.17,0.54,7.02,1.74,4.46,1.74,4.85,1.97,4.54,1.69,5.06,1.24,523.18,52.4,0.895,0.034
记者,journalist,4.89,1.6,4.43,1.64,3.54,1.49,4.54,0.67,2.77,0.41,4.07,1.93,579.11,22.49,0.891,0.029
纪律,rules,4.58,1.92,3.81,1.64,7.56,1.44,6.56,2.08,7.67,0.84,6.93,1.73,596.29,58.35,0.933,0.03
技术,technique,6.77,0.47,5.85,1.03,5.46,1.11,5.18,1.31,7.11,2.19,6.56,1.97,499.7,37.91,0.958,0.047
妓女,prostitute,2.73,2,4.85,0.99,6.17,1.23,5.17,1.46,7.15,1.72,6.38,1.54,629.35,26.16,0.937,0.02
祭坛,altar,3.14,1.84,6.69,1.98,4.49,1.9,4.51,1.53,4.61,2.18,5.36,1.07,579.4,30.56,0.928,0.063
佳丽,beautiful ladies,7.2,1.69,6.43,1.25,6.66,1.47,6.23,1.55,5.46,1.22,6.11,1.67,559.82,48.54,0.958,0.044
佳肴,cuisine,5.14,1.16,4.83,0.74,4.75,1.08,5.49,1.2,4.92,0.55,6.22,1.95,590.08,60.16,0.949,0.061
枷锁,shackles,2.1,0.96,6.95,0.53,3.41,0.78,3.41,0.95,6.52,1.56,5.78,1.87,495.81,38.22,0.892,0.013
家眷,family honor,3.17,1.43,6.88,0.54,5,1.58,5.4,1.46,4.57,1.94,4.89,0.37,575.21,45.43,0.891,0.02
家事,family matter,5.32,1.52,4.09,1.03,5.32,1.74,4.93,0.84,6.35,1.28,6,1.59,583,44.22,0.88,0.059
嘉宾,guest,6.6,2.2,6.23,0.45,4.03,0.6,5.78,0.9,5.14,1.31,5.47,0.77,516.93,29.53,0.957,0.065
嫁妆,dowry,6.71,1.28,5.1,0.85,6.76,1.75,6.41,0.9,7.57,0.48,6.68,1.77,611.79,33.51,0.926,0.031
奸臣,treacherous court official,6.66,2,6.76,0.68,5.88,1.6,5.46,1.93,6.89,1.09,6.57,1.62,535.34,38.93,0.894,0.068
奸商,dishonest businessman,2,1.18,6.56,1.1,5.6,1.48,4.8,0.59,6.19,1.73,6.17,1.35,637.96,46.03,0.919,0.028
奸笑,wicked grin,2.82,0.36,6.57,0.51,4.95,1.74,4.68,1.92,6.54,1.79,5.51,1.57,546.16,24.01,0.89,0.022
奸诈,tricky,2.23,0.37,6.93,0.68,5.47,1.8,5.75,1.18,6.3,0.4,6.08,1.21,567.59,57.7,0.895,0.068
剪彩,cut the ribbon at an opening ceremony,5.03,1.55,3.86,0.82,6.11,0.58,5.89,1.12,6.84,2.09,6.16,0.75,547.47,42.42,0.907,0.023
简易,simple,4.8,1.27,4.73,1.98,3.53,0.91,4.69,1.89,4.28,1.99,4.51,0.53,552.2,63.92,0.908,0.055
见解,viewpoints,7.14,1.39,5.73,0.51,3.32,1.37,5.57,1.12,4.23,1.84,5.14,0.49,510.55,58.16,0.906,0.026
将军,general,7.27,1.11,5.27,1.4,5.68,0.3,4.64,2.04,7.14,1.52,6.46,1.35,573.09,28,0.897,0.031
僵尸,zombie,3.07,1.68,6.46,2.04,7.18,1.57,5.07,1.42,8.13,1.4,6.94,1.81,507.3,42.71,0.871,0.011
奖金,reward,6.68,0.79,4.59,1.81,6.27,1.68,6.8,0.71,6.62,0.62,6.15,1.26,618.2,59.76,0.945,0.049
奖牌,medal,4.34,0.36,3.88,0.91,5.46,1.08,7.34,1.42,4.72,0.6,5.29,1.17,551,47.55,0.873,0.07
奖品,rewards,8.14,0.67,6.27,2.04,7.18,0.74,6.95,1.56,5.63,0.83,5.24,0.69,557.58,53.27,0.928,0.036
奖券,coupon,6.56,2.25,4.59,1.14,6.41,0.72,6.44,1.91,7.66,1.21,7.28,0.61,603.45,62.14,0.894,0.024
奖赏,awards,3.06,2.06,5.61,0.58,6.83,1.35,6.83,1.13,7.24,2.21,6.38,1.44,597.49,52.56,0.956,0.025
奖章,honor badge,5.54,0.43,5.43,1.58,4.39,0.62,6.39,2.06,3.6,0.76,5.11,1.52,580,31.02,0.921,0.017
奖状,award,6.39,1.02,4.32,1.74,6.82,1.93,6.55,1.43,6.37,1.74,5.79,1.14,595.22,30.23,0.885,0.066
郊游,travel in the suburbs,2.73,0.53,5.39,1.05,5.46,0.68,6.34,0.59,4.81,2.14,5.89,0.75,538.05,35.22,0.891,0.012
骄阳,burning sun,1.86,0.62,5.73,0.72,4.86,1.31,2.73,0.76,5.63,1.88,5.37,0.83,583.41,26.68,0.906,0.047
教官,coach,5.18,2.05,5.39,1.81,3.71,1.57,5.14,1.37,3.5,0.7,4.93,1.03,540.26,38.04,0.912,0.067
教练,coach,2.44,1.36,6.94,0.72,5.94,0.77,5.03,1.06,5.32,0.92,6.08,1.99,533.84,37.85,0.942,0.026
阶梯,ladder,5.86,0.64,4.5,0.75,5.82,1.85,6.14,1.23,7.26,0.66,6.11,1.8,581.15,62.93,0.872,0.065
揭发,expose,6.56,1.89,6.32,0.82,5.88,1.96,6.2,1.11,7.54,1.21,7.28,0.73,517.34,27.63,0.889,0.068
劫持,hijack,6.83,0.65,5.74,1.7,6.43,0.65,4.53,0.96,5.75,1.44,5.19,1.15,554.45,53.75,0.928,0.042
戒指,ring,2.94,1.63,6.02,1.91,6.44,0.59,7.56,1.9,5.77,1.56,5.95,1.06,605.45,29.63,0.909,0.034
金牌,gold medal,7.28,2.14,6.6,1.73,5.4,1.37,6.08,1.23,5.16,1.1,5.95,1.58,501.41,60.61,0.935,0.044
金融,finances,4.61,2.03,5.04,0.69,3.36,1.35,7.11,1.2,3.91,1.86,4.4,1.3,468.83,38.44,0.906,0.054
金鱼,gold fish,3.63,1.34,6.83,0.89,5.51,1.66,4.68,1.28,6.55,2.19,6.15,0.27,528.93,56.44,0.897,0.049
锦绣,silky,3.57,0.49,6.32,1.79,5.14,1.78,4.86,1.76,3.92,0.35,4.03,1.21,581.91,34.42,0.951,0.021
经典,classic,5.72,0.68,4.86,0.64,5.81,1.46,5.78,0.82,5.12,1.89,5.3,1.68,560.22,26.67,0.928,0.052
惊恐,scare,4.68,0.98,4.21,1.31,4.57,0.93,4.03,1.94,6.3,0.55,5.58,1.19,543.86,45.02,0.943,0.054
惊喜,nice surprise,6.54,2.12,6.54,1.89,5.68,1.69,5.86,0.89,4,1.24,4.42,1.8,578.67,49.17,0.899,0.045
精彩,spectacular,7.39,0.64,6.19,0.78,8.82,0.95,6.36,1.22,5.81,0.91,6.96,1.65,602.91,33.45,0.943,0.019
警车,police car,4.23,0.52,4.59,2.01,4.23,1.44,4.95,0.58,3.26,1.56,3.74,0.42,569.35,33.81,0.875,0.012
警犬,police search dogs,2.21,0.69,6.61,1.74,3,0.78,4.11,0.82,2.69,0.89,3.49,1.38,590.82,49.71,0.953,0.039
警卫,security guards,1.4,1.11,6.27,1.54,2.8,1.57,6.17,0.72,3.65,0.98,4.64,1.21,562.16,38.13,0.935,0.016
纠缠,harrass,2.2,1.3,6.51,0.84,4.2,0.53,4.05,1.65,4.54,1.21,5.09,1.62,538.72,41.26,0.903,0.03
酒店,hotel,2.95,0.83,3.55,1.83,4.23,1.53,3.7,0.83,3.88,0.52,4.25,1.67,504.06,52.48,0.875,0.044
拘捕,detain,4,0.69,6.57,1.73,3.13,1.43,3.2,0.99,3.51,0.94,3.68,0.8,532.27,61.3,0.89,0.045
倦容,tired look,6.07,2.17,4.43,1.72,3.82,1.54,4.64,1.81,3.43,1.45,4.79,0.76,500.74,35.62,0.929,0.02
绢花,laces,5.17,1.96,6.17,0.98,3.36,1.8,4.54,1.79,3.37,1.56,4.27,0.61,542.04,54.18,0.871,0.016
眷恋,be attached to,6.61,0.47,5.86,0.55,6.83,1.37,7.47,1.31,7.16,1.39,6.9,1.92,511.93,43.1,0.924,0.056
决斗,duel,3.57,1.68,5.96,1.16,5.89,1.96,5.18,1.77,6.88,1.37,5.9,0.93,566.95,31.69,0.909,0.066
绝望,desperation,1.89,2.1,7.14,1.47,5.16,2,5.22,1.97,5.51,1.01,5.63,0.82,545.07,46.33,0.896,0.017
军官,army officer,6.31,2.22,5.77,0.52,5.74,1.48,4.89,1.26,6.97,0.93,6.46,1.82,524.41,27.35,0.894,0.011
军火,munitions,2.21,2.06,6.64,1.07,4.21,1.83,3.96,0.6,5.49,1,5.64,1.26,521.44,45.03,0.911,0.045
军人,military man,6.09,1.16,5.5,0.89,6.23,0.8,5.43,1.09,6.99,0.48,6.26,1.02,636.05,26.14,0.911,0.014
军装,army suits,4.68,0.66,5.25,1.37,3.14,0.89,4.14,0.79,3.14,0.6,4.41,1.58,513.95,26.2,0.951,0.039
骏马,handsome horse,7.14,1.41,5.39,0.75,6.57,1.51,5.86,2.03,6.78,1.84,5.86,0.55,511.35,61.7,0.923,0.063
咖啡,coffee,6.73,2.18,5.46,2.03,5.54,1.75,5.43,1.47,6.68,1.38,6.35,1.27,557.11,60.41,0.874,0.021
凯旋,triumphant return,6.32,1.1,6.05,0.55,6.71,1.74,6.32,1.79,7.28,0.63,6.38,1.97,612.39,57.54,0.917,0.015
楷模,role model,6.25,1.54,6.22,1.2,4.69,0.24,5.4,1.2,4.43,1.35,4.92,1.7,509.09,26.4,0.9,0.025
坎坷,hardships,2.46,1.16,5.61,1.35,5.75,1.25,4.11,1.32,5.9,1.44,6.34,0.75,554.3,57.45,0.939,0.05
亢奋,excited,4.98,0.35,5.9,2.03,7.1,0.34,6.76,0.96,8.03,1.15,6.86,0.31,519.86,51.64,0.878,0.059
考官,proctor,4.07,1.56,5.1,1.14,6.24,1.28,5.95,1,7.51,1.02,6.88,1.95,618.32,36.36,0.96,0.03
科研,research,4.46,2.27,3.54,1.5,6.11,0.71,5.37,0.99,6.19,2.19,5.08,1.12,517.74,58.04,0.879,0.065
空姐,air hostess,6.5,1.82,5.18,0.79,5.41,0.26,5.41,0.94,3.95,1.41,3.79,1.48,491.55,59.48,0.923,0.016
空军,air force,3.54,2.2,5.77,1.57,5.97,1.57,5.12,1.4,6.65,0.45,6.32,1.96,545.14,51.11,0.889,0.03
空难,air crash,2.03,1.09,7.44,1.14,4.53,0.52,4.78,0.97,5.09,1.22,5.35,0.55,542.73,62.97,0.898,0.044
口红,lipstick,6.41,2.09,4.95,0.78,6.09,0.52,4.64,1.68,6.79,1.32,5.95,0.36,513.69,62.75,0.957,0.07
枯草,dry weed,2.64,1.11,5.79,1.33,5.29,0.3,3.32,0.83,5.6,0.46,5.09,0.73,502.55,45.54,0.916,0.048
枯井,tried well,2.93,1.78,3.46,1.57,6.57,1.52,5.57,1.49,7.14,2.11,6.59,1.96,604.14,34.22,0.958,0.053
枯萎,wither,3.17,1.78,4,2.04,5.97,1.69,6.74,0.73,6.54,1.8,6.41,1.76,604.65,51.83,0.934,0.047
枯燥,dull,7.34,0.91,7.05,1.42,5.46,1.82,5.12,2.08,6.86,1.38,6.52,0.39,513.95,35.74,0.939,0.044
哭泣,cry,5.18,0.38,5.39,1.28,4.71,1.57,4,1.9,5.97,1.82,6.05,0.32,555.03,57.59,0.884,0.033
骷髅,skeleton,4.11,1.44,3.43,1.61,4.06,0.69,3.31,0.99,5.37,1.6,4.91,0.42,589.16,56.68,0.954,0.024
酷吏,cruel ruler,2.54,1.89,7.39,1.69,5.59,0.71,5.07,0.89,5.62,1.05,5.48,0.52,550.15,49.24,0.879,0.013
酷刑,cruel torture,7.91,0.51,6.54,1.05,4.18,0.54,2.05,1.96,5.18,0.74,5.53,1.38,477.61,23.81,0.932,0.039
夸张,exaggertaed,6.12,0.52,5.56,0.5,5.32,1.74,2.82,1.86,4.97,0.43,4.53,0.84,523.55,54.21,0.958,0.05
款待,warm welcome,6.63,1.88,5.54,0.85,7,1.68,6.67,1.02,7.8,0.51,6.9,1.96,542.44,60.99,0.926,0.033
狂风,wild wind,5.79,1.8,5.46,1.57,5.86,0.41,5,2.07,6.6,0.79,6.47,1.52,611.62,44.58,0.92,0.04
狂欢,carnival,3.66,1.91,6.86,1.56,5.71,0.42,5.73,1.58,6.48,1.47,6.26,2.01,510.69,61.7,0.911,0.022
矿产,miniing,2.18,0.63,6.21,1.05,6.07,1.51,4.63,1.58,6.45,2.1,5.29,0.41,616.71,47.53,0.87,0.033
溃烂,rot,4.59,2.25,5.46,0.76,6.07,1.98,4.46,1.55,6.85,0.42,6.18,1.5,569.15,61.16,0.945,0.062
溃疡,ulcer,4.47,0.45,4.53,1.55,2.8,1.1,3.3,1.29,5.19,1.74,5.13,1.1,563.06,51.34,0.882,0.034
困倦,tiredness,4.5,1.75,4.73,0.51,5.33,0.54,3.93,1.6,5.97,0.69,5.49,1.79,514.94,43.25,0.884,0.051
垃圾,garbbage,3.39,1.95,4.82,1.77,5.04,1.28,3.89,0.81,6.84,1.57,6.17,1.71,546.08,51.33,0.924,0.048
腊梅,wintersweet,2.66,2.17,6.86,1.16,5.77,1.2,5.41,0.71,6.58,1.81,5.63,1.11,605.94,23.59,0.956,0.04
懒汉,lazy man,1.44,0.69,6.64,1.66,5.03,1.67,5.91,1.65,6.08,0.99,6,0.53,583.19,54.87,0.945,0.017
浪花,ocean spray,5.75,2.1,5.98,0.84,5.83,1.01,6.29,1.95,4.68,1.95,5.46,0.65,528.47,58.54,0.905,0.049
牢房,prison,6.23,1.37,6.18,1.57,5.14,0.75,2.73,0.56,5.71,0.36,5.11,0.34,543.59,61.99,0.938,0.007
牢笼,cage,4.86,1.85,3.36,0.73,4.14,1.09,5.03,1.04,4.84,1.35,5.35,0.63,499.78,35.86,0.932,0.022
牢狱,prison,2.09,1.36,6.95,1.11,5.73,0.76,4.57,1.68,7.32,0.8,6.46,0.58,640.39,49.95,0.936,0.032
老乡,village  people,5.21,0.75,5.04,0.49,6.57,0.56,6.25,1.47,6.84,1.9,6.99,0.42,564.71,35.42,0.884,0.054
乐观,optimistic,6.5,2.06,5.54,1.66,4.54,0.57,5.57,1.31,4.6,0.35,5.94,0.73,468.26,45.51,0.957,0.034
乐器,instrument,6.44,1.02,5.42,2.04,6.86,0.5,5.59,1.14,7.16,2.05,6.66,0.54,612.22,52.31,0.876,0.053
雷电,thunder,3.21,1.42,3.54,1.04,5.29,0.93,5.17,0.72,5.98,0.75,5.57,0.53,551.03,23.89,0.921,0.042
雷雨,stormy rain,1.7,2.27,6.83,1.7,5,1.66,4.88,1.92,4.23,0.84,3.74,1.72,544.48,42.69,0.937,0.048
泪痕,tear stain,2.74,0.38,5.07,0.98,5.36,1.5,2.95,1.31,6.16,1.41,5.74,1.36,543.62,38.59,0.958,0.035
泪水,tear,6.03,1.33,6.66,1.27,4.72,1.04,4.57,1.33,4.41,1.26,5.22,1.2,554.72,29.24,0.932,0.059
篱笆,fence,3.74,1.21,5.54,0.93,4.2,1.85,4.97,0.97,4.51,1.96,5.08,1.5,488.73,42.63,0.944,0.058
礼花,fire works,5.36,0.82,5.01,0.43,5.05,1.36,5.18,1.63,3.32,1.54,4.32,0.71,519.62,32.56,0.907,0.016
礼炮,salute,6.37,0.66,5.26,1.06,6.26,0.77,6.06,1.14,6.3,1.91,4.92,0.61,630.32,32.89,0.923,0.01
礼物,gift,2.84,1.12,3.77,0.8,5.43,0.37,6.03,0.7,4.89,0.76,5.78,1.97,564.27,60.2,0.874,0.038
礼仪,ritual,6.63,2.26,6.51,1.41,6.34,0.44,5.95,1.12,7.22,1.72,6.05,1.32,504.02,47.66,0.915,0.058
历史,history,7.44,1.84,5.95,0.96,6.61,1.95,6.36,1.24,6.67,2,6.3,0.33,605.27,54.92,0.907,0.023
利润,profit,6.73,1.79,6.59,1.82,5.86,0.52,4.73,0.79,5.87,1.76,5.45,1.28,563.9,53.69,0.874,0.012
莲子,lotus seeds,7.17,0.36,6.58,1.98,6.64,1.84,3.78,1.65,6.44,1.44,5.74,1.81,510.2,54.89,0.946,0.045
廉洁,upright and uncorrupted,7.33,2.03,3,1.33,7,1.39,6.61,1.99,7.4,0.97,6.86,0.81,580.79,59.93,0.89,0.053
脸谱,face mask,4.27,2.34,3.13,1.54,3.2,0.83,5.47,1.95,3.16,2.03,4.13,1.57,588.65,45.6,0.946,0.052
恋爱,have a relationship,4.86,1.67,3.61,1.29,6.64,1.46,6.94,1.05,6.84,0.7,6.74,1.2,615.14,31.1,0.925,0.062
恋人,lovers,7.07,0.64,7.37,2.09,6.07,1.92,6.61,2.06,6.17,0.37,6.43,1.08,574,29.33,0.901,0.03
良田,good fields,6.41,1.31,5.5,1.21,7.09,1.04,6.95,1.44,7.5,0.63,6.97,0.53,639.99,47.11,0.925,0.032
粮仓,grain stock,6.24,1.61,3.71,1.54,6.8,1.71,5.74,1.51,6.27,1.02,5.78,1.25,547.96,58.89,0.954,0.049
粮草,grains,2.63,1.37,5.53,0.61,6.53,1.34,5.9,0.85,6.42,0.76,5.55,0.3,566.33,39.07,0.912,0.065
粮食,grains,6,0.68,5.61,0.67,4.37,1.46,5.54,0.62,3.21,2.11,4.89,1.4,528.82,59.58,0.927,0.02
量杯,testing cup,4.89,2.27,2.43,0.95,3.5,0.4,4.45,1.91,3.58,0.41,4.42,1.59,590.2,54.12,0.902,0.062
列车,train,5,2.01,4.93,2.04,6.29,1.54,5.39,1.36,7.5,2.04,6.69,0.75,586.73,60.7,0.931,0.018
烈火,flaming fire,4.29,0.7,4.17,0.8,5.96,1.38,5.79,1.01,7.71,0.68,7.44,0.55,578.64,41.41,0.928,0.04
烈日,burning sun,2.68,1.61,4.59,0.81,5.02,1.32,5.85,1.12,5.2,0.76,5.49,1.93,571.77,44.67,0.939,0.031
猎人,hunter,5.46,1.08,3.43,1.77,5.23,1.04,5.11,1.19,6.86,1.99,6.05,1.07,496.62,30.17,0.874,0.044
裂痕,crack,2.39,1.56,5.66,1.12,5.02,0.8,5.44,2.07,5.34,0.65,5.72,0.85,559.07,54.31,0.949,0.01
邻居,neighbor,2,2.26,6.66,0.43,4.71,1.77,3.86,1.78,6.81,1.25,6.63,1.42,558.76,51.33,0.936,0.046
淋浴,shower,4.63,1.7,5.7,1.16,6.8,1.65,6.76,0.65,7.72,1.08,6.74,1.73,639.23,35.75,0.958,0.061
吝啬,stingy,2.33,1.45,6.14,1.2,3.94,1.64,4.34,1.97,4.03,1.82,5.95,1.61,465.39,46.35,0.905,0.041
灵车,hearse,6.11,1.72,6.86,1.08,4.5,0.52,2.82,1.43,4.66,1.06,4.45,0.87,514.87,37.39,0.954,0.017
灵柩,coffin,2.27,0.77,7.32,0.44,4.46,0.45,5,2,4.92,1.38,5.52,1,588.14,50.64,0.925,0.042
灵堂,mourning hall,4.96,1.78,6.04,0.82,5.18,1.3,4.14,1.86,5.53,0.63,5.66,0.31,566.87,53.81,0.873,0.035
灵位,memorial tablet,1.97,1.2,5.98,1.18,3.27,1.33,4.97,1.6,3.78,0.7,5.17,1.42,521.17,30.47,0.898,0.057
铃铛,bell,5.86,1.92,4.97,1.82,7.14,0.8,6.22,1.66,7.35,1.81,6.93,1.59,519.03,61.79,0.943,0.066
陵墓,tomb,4.21,1.68,4.33,1.33,3.96,0.77,4.61,1.9,6.01,0.51,6.11,0.53,553.96,49.09,0.949,0.013
陵园,cemetery,4.37,0.46,4.04,0.81,5.2,0.32,4.95,0.92,6.32,1.87,5.92,0.45,580.83,47.17,0.877,0.019
羚羊,antelope,3.91,1.8,4.36,0.9,3.95,1.94,5.56,1.46,3.25,1.13,3.85,1.8,488.62,56.38,0.882,0.047
领带,tie,4.68,2.29,4.61,1.67,6.37,0.79,5.71,1.66,7.54,1.63,6.65,0.96,601.72,35.76,0.898,0.025
领舞,leading dancer,5.98,1.38,5.63,0.76,5.66,1.31,5.24,0.94,6.48,1.91,5.88,0.46,602.56,53.81,0.908,0.022
领悟,savor,6.27,1.25,5.5,1.07,6.6,1.31,6.6,1.4,6.81,1.74,6.23,0.93,639.25,23.01,0.939,0.052
留级,stay down a school year,2.37,0.58,7.89,0.61,3.75,1.41,4.31,1.16,7.16,0.6,5.54,0.98,529.07,56.83,0.954,0.049
流浪,rove,6.27,1.75,4.63,1.42,5.53,0.69,6.64,1.18,5.44,1.64,5.84,0.84,561.67,35.78,0.91,0.039
流氓,rascal,6.54,1.42,4.12,0.97,4.66,1.59,5.12,0.74,4.31,1.88,4.89,0.26,500.76,31.16,0.887,0.01
流星,shooting star,7.31,2.23,6.37,0.55,4.28,1.55,6.97,1.2,5.3,1.9,6.05,1.85,558.19,41.64,0.951,0.026
流血,bleeding,2.03,0.73,7.27,1.72,2.83,0.33,3.3,0.84,3.51,2.15,4.28,0.96,470.7,54.32,0.898,0.054
柳树,willow tree,5,1.86,4.54,1.52,3.64,1.39,4.5,0.54,4.07,2.02,4.96,0.56,487.07,44.26,0.889,0.054
龙舟,dragon boat,4.15,0.65,3.59,1.52,4.61,1.89,5.14,1.73,5.54,0.41,6.1,1.08,497.88,42.84,0.931,0.043
楼房,building,5.18,1.23,5.05,1.35,4.91,0.94,3.68,1.65,5.13,0.65,4.92,0.75,548.76,43.08,0.898,0.043
陋室,shack,2.4,1.61,6.13,1.87,3.97,0.62,3.37,1.37,5.1,1.22,4.81,0.75,578.52,43.28,0.888,0.017
路标,road sign,4.97,1.42,3.27,0.74,4.57,0.51,4.57,1.56,4.21,0.88,5.16,1.97,536.85,54.2,0.938,0.02
路灯,road light,5.68,0.66,5.88,0.64,5.76,1.96,5.27,0.62,6.55,1.47,5.83,1.46,530.61,44.99,0.873,0.043
路途,journey,4.42,1.78,5.39,1.73,3.22,0.38,5.56,1.14,4.14,0.43,4.19,1.02,501,35.23,0.953,0.045
沦陷,occupied,1.92,1.54,8.14,0.89,3.54,0.37,2.86,1.16,4.44,1.34,4.79,0.82,578.66,61.86,0.939,0.008
轮船,ferry boad,5.32,0.37,6.14,0.99,4.95,0.57,3.95,1.08,4,0.87,4.11,1.28,558.55,55.49,0.959,0.05
轮椅,wheel chair,2.63,0.84,4.46,0.53,5.83,1.09,4.17,1.55,6.31,1.6,5.28,1.25,559.96,41.02,0.894,0.024
骆驼,camel,5.37,1.56,4.2,0.74,6.17,1.62,5.13,2.05,7.29,0.59,6.23,1.36,544.84,36.59,0.9,0.057
旅客,traveller,2.53,0.8,5.47,1.37,6.27,0.9,5.14,1.28,6.74,0.68,6.03,0.87,515.78,45.33,0.893,0.016
旅游,travel,5.14,2.25,4.54,0.85,4.94,1.34,6.75,1.95,6.49,0.49,6.23,1.31,559.64,45.87,0.888,0.051
绿茶,green tea,7.07,1.24,4.93,1.36,7.6,1.59,6.9,1.01,8,1.98,7.14,0.66,633.53,44.06,0.911,0.048
麻将,majiang,5.71,1.02,4.07,1.83,5.07,0.76,4.11,1.11,5.26,1.27,5.66,2.01,543.48,27.6,0.9,0.066
麻雀,sparrel,4.71,1.09,4.18,0.46,6.6,1.45,6.34,0.59,7.22,0.35,6.57,1.93,582.29,59.51,0.922,0.069
麻绳,hemp rope,5.24,2.3,4.39,1.98,4.9,1.26,5.68,1.92,5.43,0.49,5.49,0.5,522.53,54.53,0.902,0.051
马戏,circus,6.32,1.05,5.61,1.57,6.36,1.45,6.06,0.91,6.12,0.6,6.12,0.87,560.37,43.48,0.909,0.043
玛瑙,agate,6.53,0.52,4.6,1,6.2,0.77,6.97,1.57,5.54,1.38,5.93,1.65,569.28,50.96,0.938,0.01
蚂蚁,ant,4.97,1.11,6.25,1.66,6.36,0.37,5.64,0.82,7.21,1.16,6.43,1.76,603.5,24.29,0.936,0.031
埋伏,ambush,5.23,1.39,5.12,0.61,5.23,0.5,4.4,1.24,6.64,0.61,5.88,1.47,574.06,28.33,0.957,0.011
埋怨,complian,1.71,1.11,7.29,1.75,4.73,1.35,4.82,1.04,3.08,1.94,3.71,1.44,552.22,22.02,0.903,0.009
麦苗,wheat sprout,5.82,1.48,4.32,0.71,5.55,1.92,3.82,1.12,6.79,1.29,6.08,1.27,509.45,62.56,0.954,0.054
蛮横,rude,2.41,1.15,5.98,0.46,5.78,0.71,5.46,2.03,7.23,0.65,6.32,1.98,545.66,22.78,0.884,0.06
谩骂,verbally abuse,4.25,1.46,4.28,1.31,4.86,0.29,4.94,1.57,4.65,1.72,4.56,1,527.56,22.45,0.92,0.037
漫画,comic strip,6.17,1.41,5.23,1.78,6.03,0.91,5.14,0.89,6.35,0.48,5.68,1.51,534.51,61.3,0.931,0.01
芒果,mango,1.73,0.97,6.86,0.43,3.82,1.63,5.46,1.5,4.24,0.81,4.89,0.94,512.31,35.77,0.872,0.061
茫然,clueless,3,1.39,3.39,0.44,5.02,0.64,4.2,1.39,5.94,0.39,5.51,1.46,541.51,28.76,0.957,0.02
蟒蛇,python,6.08,0.69,5.72,1.98,5.43,1.73,4.64,1.29,7.33,2.15,6.46,0.26,518.59,55.67,0.885,0.037
贸易,trade,7,1.57,5.73,0.59,4.23,1.56,4.05,1.29,4.24,0.77,4.95,1.55,589.73,52.86,0.908,0.062
玫瑰,rose,6.74,0.88,5.74,1.92,6.74,0.57,6.74,1.29,6.86,1.97,6.41,1.67,591.14,29.35,0.905,0.045
媒婆,match maker,2.37,1.41,6.85,1.31,4.94,1.25,5.69,0.61,5.24,0.42,5.59,0.69,563.8,27.87,0.957,0.037
美好,wonderful,4.33,1.8,3.9,1.29,7.23,0.98,7.27,1.62,6.45,1.41,5.97,1.29,596.38,22.93,0.904,0.013
美女,pretty lady,6.83,2.21,6.72,0.87,4.94,0.7,4.75,0.61,5.84,2.21,6.14,1.7,585.34,41.4,0.898,0.052
美人,beauty,2.13,0.85,6.6,0.8,3.07,1.06,6.83,1.78,4.3,1.42,5.48,1.78,556.65,42.53,0.95,0.042
美食,cuisine,7.91,1.26,6.26,0.7,8.09,1.77,8.2,2.04,7.27,1.09,6.78,1.17,542.36,37.38,0.931,0.068
媚态,sexy and glamorous,1.83,1.1,7.67,1.83,5.3,1.99,3.9,1.01,6.91,0.89,5.43,0.86,566.93,51.92,0.911,0.032
门帘,curtain,6.86,0.97,4.63,1.56,4.97,1.62,4.39,1.9,5.56,2.02,5.4,1.77,583.59,23.03,0.899,0.043
蜜蜂,bee,4.07,0.46,5.39,2.07,6.79,1.52,4.75,0.81,7.8,1.26,6.56,1.13,620.94,51.14,0.936,0.034
面具,mask,4.78,2.33,3.88,2.07,4.24,1.5,5.22,0.81,4.06,1.94,4.89,0.76,500.98,33.95,0.934,0.049
灭亡,die out,5.18,2.3,5.25,1.28,5.68,0.73,4.56,1.54,6.58,1.9,5.62,0.34,638.72,43.74,0.871,0.01
民工,civilian worker,3.83,2.22,5.47,1.65,5.57,1.08,5.15,1.28,7.26,1.05,6.12,1.37,511.44,39.1,0.9,0.047
民警,policeman,4.14,1.72,4.07,1.34,6,1.85,5.96,1.49,7.4,1.77,6.41,1.03,613.25,36.02,0.942,0.066
名声,fame,5.15,2.24,5.27,0.91,7.05,1.79,6.63,0.55,7.85,0.96,6.29,0.72,539.63,30.39,0.894,0.057
名著,classic literature,2.8,1.39,5.3,0.59,6.7,0.26,5.67,1.91,7.52,1.34,6.41,0.74,512.94,62.88,0.903,0.011
冥币,paper money for the dead,1.6,1.02,7.83,0.59,2.97,0.29,3.93,0.95,5.49,1.86,5.52,1.92,469.31,63.24,0.879,0.035
命运,destimy,3.79,0.61,6.89,1.27,5.96,1.49,4.82,1.96,7.19,0.98,6.29,0.87,524.83,43.84,0.919,0.064
母爱,motherly love,8.23,1.02,7.56,1.86,7.09,0.8,7.36,0.83,7.29,1.91,7.03,0.69,510.53,41.74,0.945,0.035
母亲,mother,8.41,2.2,6.13,1.57,5.09,1.98,8.32,1.92,5.42,1.11,5.97,1.01,519.87,61.89,0.894,0.021
母校,one's old school,7.03,2.12,5.4,0.82,6.8,0.46,5.87,1.8,6.72,0.94,6,0.88,572.71,24.39,0.936,0.019
牡丹,peony,2.32,2.09,7.76,1.93,5.54,1.54,6.22,0.6,6.14,1.11,6.05,0.87,597.84,50.57,0.947,0.065
木板,wood plank,2.93,2.01,6.32,0.77,6.5,1.42,5.54,2.07,7.1,0.83,6.16,0.64,519.09,26.21,0.937,0.058
墓碑,tomb stone,2.36,2.26,7.82,1.11,4.45,0.51,2.82,1.42,4.29,1.27,4.84,0.97,553.01,57.78,0.914,0.054
墓穴,tomb cave,6.78,0.94,7.15,2.09,5.71,1.79,5.49,0.59,7.14,1.45,6.46,1.43,525.04,43.7,0.926,0.03
难民,refugee,4.95,0.99,3.09,1.65,5.77,0.84,5.68,1.42,6.86,1.55,6.14,0.42,626.68,57.61,0.96,0.056
恼火,anger,1.9,1.43,7.88,1.78,5.68,1.75,4.83,0.69,5.64,0.57,5.56,1.98,513.87,59.42,0.95,0.04
嫩绿,tender green,6.19,1.5,5.53,0.97,6.36,1.23,6.21,1.29,6.59,0.53,6.17,0.57,612.39,27.83,0.949,0.035
泥泞,muddy,5.41,0.45,7.13,1.68,4.95,1.39,4.17,1.27,5.63,0.53,5.2,0.97,557.54,24.24,0.889,0.008
年糕,rice cake for the new year,4.6,0.64,4.23,1.76,6.17,1.32,5.83,1.26,5.93,0.37,5.55,1.11,560.06,46.75,0.916,0.058
年货,new year's goods,2.22,1.81,6.5,0.9,5.17,1.3,6.57,1.41,5.46,1.03,5.7,1.11,527.4,23.08,0.928,0.062
年轻,young,7,2.08,6.57,0.48,6.57,2,6.11,0.88,7.39,1.14,6.64,0.66,501.19,26.48,0.933,0.033
宁静,peaceful,5.67,2.15,4.97,1,6.6,1.34,6.33,0.69,7.64,0.81,7.25,2,517.86,28.91,0.937,0.009
脓包,pus,1.63,0.78,6.33,1.41,2.4,0.85,5.3,1.6,4.07,0.55,5.07,0.89,501.58,57.42,0.948,0.015
奴才,slave,2.57,2.24,6.77,1.59,6.23,0.29,4.86,1.2,6.45,1.46,6.05,1.16,579.21,22.17,0.939,0.051
奴隶,slave,5.51,1.11,5.03,1.07,4.37,1.69,4.31,1.74,5.31,1,5.06,0.69,545.04,24.42,0.933,0.05
怒斥,shout angrily at,2.06,1.6,5.94,1.48,3.75,0.45,4.23,1.74,5.49,2.02,5.86,0.5,468.38,32.19,0.893,0.062
怒视,stare,6.83,1.23,5.2,1.27,6.97,0.8,4.06,0.99,7.14,0.61,6.56,0.39,552.95,59.78,0.883,0.008
女神,goddess,7.5,1.86,7.06,1.91,6.08,1.69,6.19,0.59,6.07,1.14,6.14,1.58,533.6,38.52,0.93,0.013
女子,female,6.64,0.92,4.42,0.67,7.42,1.93,7.69,0.57,7.07,2.12,7.26,0.29,631.26,53.41,0.917,0.028
呕吐,puke,3.02,1.76,6.17,1.55,4.85,0.28,4.56,1.06,6.15,1.69,5.26,0.76,542.6,58.86,0.897,0.067
排斥,repel,4.89,1.38,5.78,0.82,5.29,0.84,4.29,1.71,7.14,0.88,6.04,1.86,576.83,39.22,0.87,0.061
牌坊,honorific arch,6.68,2.11,6.95,0.58,7.23,0.37,6.77,1.55,7.55,1.66,6.57,0.55,507.52,46,0.915,0.045
盼望,expectation,6.18,0.76,5.23,1.48,5.95,0.85,4.95,0.99,6.76,2.13,5.82,0.83,619.58,44.26,0.872,0.028
叛徒,traitor,4.32,1.79,3.43,0.86,4.64,0.33,3.56,1.6,5.19,1.85,5.23,0.77,482.74,58.85,0.932,0.015
彷徨,ramble,1.41,1.24,7.5,1.84,5.14,1.18,4.18,1.39,6.89,1.91,5.87,1.94,529.73,63.9,0.95,0.055
咆哮,roar,4.53,0.73,4.6,1.01,6.3,1.46,5.43,0.68,6.9,1.53,6.41,1.35,545.4,29.32,0.918,0.071
跑车,race car,6.57,2.14,6.26,1.82,6.26,0.78,5.4,0.59,6.65,0.79,5.97,1.55,618.77,22.13,0.907,0.029
泡沫,bubble,5.03,0.71,4.54,1.73,4,1.57,3.77,1.39,3.79,1.53,4.13,1.09,516.06,63.14,0.918,0.055
炮灰,canon ash,2.9,0.78,4.78,0.82,4.51,1.44,4.37,0.85,5.88,1.48,5.57,0.93,482.03,35.09,0.95,0.068
陪葬,buried togetehr,1.44,2.15,7.64,1.78,3.28,1.49,2.19,1.44,5.79,0.37,4.81,1.69,576.66,44.45,0.935,0.032
培育,cultivate,4.47,0.61,3.92,1.2,2.33,1.03,4.39,1.35,3.98,0.79,4.09,1.77,531.95,37.28,0.911,0.014
喷泉,fountain,4.19,0.69,4.5,2.04,3.94,1.39,6.22,2,5,0.84,5.21,0.3,582.02,26.68,0.937,0.039
烹饪,cook,6.64,2.24,4.94,0.65,7.14,1.52,6.31,1.04,6.56,2,6.58,0.89,559.92,24.05,0.902,0.013
疲劳,tiredness,2.54,0.97,7.79,1.95,3.96,1.39,3.64,0.67,3.7,1.73,4.66,0.39,578.01,53.27,0.92,0.047
偏见,discriminatiobn,2.2,1.11,6.24,2,4.66,1.77,4.8,0.76,5.35,2.09,5.52,1.04,549.01,30.32,0.937,0.069
片刻,moment,4.34,0.93,4.46,1.69,6.32,1.12,5.26,1.38,6.43,0.58,5.62,0.52,627.4,38.65,0.94,0.013
骗局,fraud,5.46,0.79,3.92,0.93,6.14,1.16,5.91,1.8,5.29,0.85,5.92,0.26,560.29,57.96,0.906,0.019
骗子,lier,1.57,2.35,6.6,0.6,6.13,1.77,3.57,0.67,6.59,2.21,5.51,0.36,626.81,60.3,0.957,0.027
漂亮,pretty,7.4,1.83,6.8,0.44,7.57,1.9,6.6,0.7,5.68,2.18,6.2,0.55,625.64,22.76,0.887,0.07
瓢虫,beatle,7.51,1.34,7.88,1.82,6.27,1.59,4.87,1.68,5.43,1.4,5.29,0.52,553.11,44.05,0.954,0.02
贫贱,poor and cheap,5.39,2.2,5.75,0.75,5.18,0.88,5.68,0.63,6.34,2.01,5.77,1.04,505.57,36.54,0.94,0.038
贫民,poor people,3.84,1,4.82,1.43,5.64,0.91,3.32,1.63,5.66,2.15,5.31,1.43,557.18,25.64,0.905,0.016
品味,taste,5.41,0.8,5.14,1.67,4.09,1.08,5.23,1.08,4.16,1.7,4.73,0.26,547.32,40.12,0.886,0.055
聘礼,dowry,4.23,1.48,3.68,1.28,4.55,0.51,5.32,1.1,2.97,1.19,4.05,1.02,516.38,39.19,0.926,0.063
平凡,common,4.29,0.79,5.5,1.91,3.46,0.24,4.07,1.88,2.8,0.58,3.97,0.73,553.68,42.39,0.875,0.02
平房,flat-top house,5.25,2.24,5.29,1.16,5.32,1.34,4.8,1.62,5.28,2.19,4.58,0.85,506.5,43.67,0.944,0.07
平静,peaceful,4.61,1.25,3.32,1.97,6.54,1.12,6.46,1.58,6.92,2.18,5.97,1.06,545.46,38.05,0.889,0.02
平稳,balanced,4.86,2.05,5.45,1.99,5.2,1.27,6.06,0.87,5.59,0.91,5.68,0.49,563.56,37.29,0.889,0.07
平息,calm down,2.76,1.75,5.9,1.74,6.1,1.18,6.07,0.99,7.51,1.88,6.91,1.11,541.24,51.77,0.898,0.061
平庸,common,3.56,0.96,6.31,1.86,5.02,1.17,4.63,1.83,6.48,1.65,5.54,1.35,530.31,38.54,0.952,0.052
平原,plain,6.22,0.72,6.15,1.32,6.59,1.29,6.46,1.59,7.46,1.18,6.51,1.1,522.85,56.5,0.891,0.057
苹果,apple,4.47,0.96,4.73,0.68,5.37,1.33,6.53,0.68,6.07,0.35,5.49,0.29,579.39,44.88,0.934,0.047
泼妇,rude woman,6.68,2,4.82,0.84,5.73,1.52,5.86,1.05,5.55,0.78,5.84,1.87,530,27.15,0.907,0.037
破坏,detroy,2.46,1.57,6.04,1.34,4.39,1.57,4.61,0.79,5.04,1.76,5.36,2.01,509.93,59.69,0.906,0.04
瀑布,waterfall,3.39,1.84,5.88,1.62,5.18,1.23,5.57,1.14,6.03,1.27,7.01,0.66,582.13,45.99,0.954,0.021
七夕,double seventh day,2.25,0.35,6.89,1.11,5.56,1.27,6.33,0.81,6.65,1.17,6.6,0.54,507.88,36.15,0.883,0.07
妻子,wife,5.73,1.58,6.43,0.54,7,1.39,6.03,1.77,6.45,1.34,6.59,1.37,555.64,52.18,0.875,0.061
期待,expect,2.59,0.97,6.12,0.97,4.8,1.12,6.43,0.82,3.61,0.45,5.17,1.43,501.68,22.7,0.898,0.053
奇迹,miracle,6.27,0.5,6.27,0.84,7.07,1.19,7.87,1.56,7.39,1.41,6.7,0.6,530.54,24.43,0.903,0.016
旗袍,cheongsam,6.32,2.32,4.02,0.72,6.39,0.98,6.05,0.58,7.38,1.87,6.35,0.99,583.39,57.41,0.932,0.069
乞丐,beggar,2,0.62,6.83,1.32,3.67,0.78,4.23,0.67,5.59,0.77,5.13,1.45,493.54,23.82,0.925,0.047
气愤,rage,1.8,0.94,7.6,0.8,3.13,1.92,3.67,0.63,3.71,1.89,4.68,0.57,556.78,37.31,0.945,0.031
弃儿,abandoned kid,2.17,1.63,5.6,1.79,2.97,1.78,4.37,0.74,4.45,1.22,4.88,1.89,552.24,28.24,0.908,0.053
汽车,mobile car,6.5,1.37,4.07,1.01,6.47,0.41,6.57,0.88,8.12,1.48,7.25,0.99,522.8,51.73,0.949,0.056
牵扯,involve,2.89,1.22,4.79,1.53,3.89,0.51,4.11,1.92,3.79,1.2,4.73,0.8,573.99,49.65,0.935,0.036
牵挂,dwell,5.55,0.94,4.64,0.71,6.05,1.55,5.18,0.95,6.71,1.06,6.61,0.85,510.66,37.1,0.942,0.008
牵连,involve,7.77,2.05,6.12,1.08,4.3,1.34,3.7,2.08,5.88,1.36,5.71,0.54,491.62,53.86,0.952,0.045
牵手,hold hands,7.36,0.53,6.58,1.95,7.44,0.94,7.61,1.52,7.35,0.46,6.81,1.72,573,56.87,0.885,0.05
铅笔,pencil,5.32,1.57,6.45,1.85,5.27,0.63,5.4,0.79,5.13,1.73,4.9,1.83,559.38,25.71,0.9,0.013
谦恭,humble,6,1.5,5.94,1.78,5.11,1.39,6.03,1.95,5.84,1.61,5.98,0.58,575.43,50.52,0.941,0.019
谦和,modest,4.36,2.19,3.04,2.03,3.32,1.08,5.5,0.62,3.76,0.6,4.26,0.88,480.55,40.22,0.889,0.034
谦让,make concessions,5.73,0.9,4.37,1.9,2.97,1.72,6.6,1.52,5.09,1.67,5.72,0.55,586.76,43.47,0.952,0.029
前景,prospect,5.09,0.49,5.32,0.84,4.91,1.1,4.91,0.73,3.79,1.4,4.66,1.1,509.45,35.91,0.907,0.021
前途,future,2,1.52,6.6,1.02,3.97,1.42,6.2,1.34,4.41,1.81,5.78,0.37,550.56,60.63,0.932,0.055
枪毙,kill by gun,6.64,0.34,6.11,1.72,5.68,1.73,2.73,1.46,4.97,1.31,5.26,0.66,544.54,48.03,0.874,0.03
枪杀,gun down,4.2,1.45,3.94,2.03,4.94,1.53,4.6,0.7,5.05,1.58,5.78,0.95,587.65,60.2,0.929,0.028
枪手,sit-in,4.61,1.05,5.21,1.59,4.86,1.62,3.64,1.11,5.21,1.05,4.72,1.04,586.79,46.22,0.894,0.038
枪战,gunfire,4.94,2.16,5.03,1.04,4.14,0.74,2.93,0.91,3.69,1.24,4.47,0.98,542.58,31.32,0.927,0.017
抢劫,rob,7.21,1.3,6.11,1.69,4.39,0.29,4.47,1.99,4.56,1.02,4.51,0.62,513,60.36,0.88,0.062
峭壁,cliff,5.18,2.17,4.25,1.31,5.5,1.07,2.77,1.66,5.26,1.83,5.32,0.63,512.77,30.78,0.912,0.027
侵犯,infringe,5.5,2.15,6.22,1.82,4.83,1.97,4.39,1.43,5.72,0.64,5.53,1.62,583.82,32.09,0.904,0.038
亲密,close,6.25,1.07,5.75,1.8,5.11,1.71,5.89,0.64,4.93,0.5,5.74,0.53,591.45,60.32,0.907,0.038
亲热,making out,5.76,0.84,3.46,1.39,5.66,0.57,5.85,1.58,4.98,1.21,5.2,1.7,594.63,43.24,0.898,0.031
亲人,relatives,7.93,0.83,5.23,1.98,7.13,0.98,7.53,0.97,6.78,1.49,7,1.9,623.01,24.14,0.879,0.024
亲吻,kiss,6.33,2.19,7.58,1.57,3.47,0.27,5.14,1.75,4.67,0.72,5,1.47,552.75,52.77,0.916,0.051
亲友,relatives,7.14,1.54,6.59,1.49,4.14,0.64,6.32,2.09,3.63,1.56,4.58,1.09,557.87,59.95,0.884,0.009
寝室,bedroom,5.8,2.21,3.49,1.4,6.78,0.97,7.07,1.01,8.06,1.05,7.58,0.29,555.1,35.75,0.958,0.026
轻快,light and fast,2.59,1.58,7.41,1.21,5.64,0.51,6.19,0.95,4.95,1.46,4.91,0.79,520.4,38.51,0.939,0.061
轻巧,compact,2.39,1.9,6.28,1.14,6.33,1.38,5.8,1,6.93,1.6,6.03,1.41,573.15,53.79,0.895,0.05
轻视,belittle,1.95,1.9,7.37,1.17,4.1,1.44,4.85,0.64,4.42,1.46,4.55,1.97,511.61,62.33,0.942,0.011
轻松,easily,6.27,2.26,6.1,1.87,6.73,1.53,6.68,1.35,4.89,1.57,4.92,0.37,516.01,53.3,0.945,0.019
轻易,easily,5.09,1.42,5,1.31,5.23,1.2,3.95,0.79,5.89,1.06,5.71,0.41,573,62.49,0.895,0.014
倾听,listen attentively,6.07,1.87,5.61,1.29,6.73,1.91,6.63,0.74,6.86,1.41,6.05,0.56,548.15,28.03,0.888,0.057
清单,list,4.59,0.39,4.61,1.87,5.95,0.65,5.27,2.06,5.98,1.3,5.23,0.96,578.61,61.15,0.937,0.033
清新,fresh,1.96,1.28,8.11,1.05,4,0.65,5.75,1.73,2.91,1.23,4.9,1.4,561.59,57.92,0.955,0.054
蜻蜓,dragonfly,3,0.45,4.97,1.56,5.6,1.88,4.92,1.04,6.08,1.07,6.03,1,532.92,40.97,0.924,0.067
情妇,mistress,6.4,1.36,6.2,2.07,6.63,0.47,5.53,0.71,7.42,1.7,5.77,0.52,548.56,24.88,0.925,0.047
情景,situation,4.18,1.93,3.32,1.28,5.23,0.57,4.94,1.46,5.59,1.74,5.89,1.45,512.47,24.2,0.931,0.062
情侣,lovers,7.33,0.59,6.67,2.1,7.17,1.82,6.97,2.03,7.33,1.66,6.81,0.8,620.68,34.72,0.876,0.036
情杀,kill in the name of love,5.05,1.96,4.98,2.05,5.51,1.28,5.03,1.34,5.51,1.56,5.86,1.6,541.82,31.96,0.955,0.049
情调,atmosphere,2.59,0.87,6.32,0.81,5.27,1.13,4.73,2.08,3.97,2.05,4.39,0.45,571.18,40.53,0.888,0.011
情绪,feelings,4.74,1.66,5,1.27,6.8,1.52,5.6,1.02,6.94,1.79,6.41,1.38,531.66,58.34,0.883,0.059
请柬,invitation letter,1.64,0.74,7.45,2,4.27,1.44,5.23,0.77,3.71,2.18,4.39,1.95,563.58,41.88,0.939,0.031
穷酸,poor and cheap,2.99,0.99,5.57,1.16,4.7,0.62,3.37,1.74,6,0.47,5.25,1.22,589.5,46.7,0.882,0.019
囚车,prisoner van,7.1,1.92,5.57,1.35,4.8,0.32,5.22,1.02,5.2,0.88,5.14,1.32,529.28,59.67,0.909,0.046
囚犯,inmate,6.73,0.44,6.05,1.13,3.27,1.2,4.03,0.83,4.59,1.47,4.55,0.92,498.37,35.1,0.882,0.05
囚禁,prison,3.5,1.14,7.17,1.3,5.33,0.85,6.08,0.79,6.6,0.47,6.37,0.51,587.63,38.71,0.893,0.038
囚徒,locked up people,3.08,0.89,5.3,1.4,3.4,1.98,2.47,1.49,5.33,0.55,4.94,0.85,570.14,28.26,0.92,0.014
囚衣,inmate suit,2.51,2.29,6.9,0.52,4.56,1.31,5.64,1.59,5.72,1.48,5.79,0.9,475.69,57.84,0.873,0.032
求婚,propose,7.43,1.33,6.53,0.49,7.37,0.36,7.2,1.95,7.59,1.11,6.84,1.64,608.55,41.88,0.875,0.058
求学,pursue studies,6.69,1.57,5.17,0.43,6.44,1.09,5.22,1.45,7.49,1.14,6.51,1.08,551.77,33.91,0.943,0.029
求知,seeking knowledge,4.96,0.69,5.46,1.48,3.71,0.53,5.54,0.69,4.09,1.03,4.99,0.93,479.53,50.87,0.89,0.013
球场,court for ball game,7.47,1.96,6.33,1.63,4.33,1.52,6.69,1.63,4.98,1.01,5.58,0.65,478.27,25.02,0.925,0.059
躯体,body,5.97,2.15,5.27,1.95,6.23,1.15,4.37,1.07,6.81,2.19,6.41,0.29,543.55,49.83,0.954,0.06
趋势,trend,4.5,1.26,3.82,0.44,3.95,0.47,5.5,0.69,2.84,0.69,3.39,1.49,584.22,46.88,0.92,0.024
娶亲,marry,5.56,0.89,5.86,1.91,6.61,1.54,6.12,1.52,7.35,1.99,6.86,1.24,586.45,23.86,0.953,0.056
去年,last year,7.06,0.77,6.63,0.49,5.43,1.24,5.04,0.66,6.3,1.25,5.83,1.57,566.62,61.01,0.947,0.034
去世,pass away,3.82,0.36,4.59,1.61,5.5,1.98,3.47,1.38,6.2,1.28,6.01,1.03,531.46,47.98,0.918,0.059
去向,future directions,4.97,0.99,2.66,1,3.77,0.26,5,1.47,3.64,1.24,4.92,1.48,587.15,59.3,0.953,0.039
圈套,trap,7.89,1.9,5.53,0.9,5.64,0.72,3.21,2.05,7.3,0.65,6.39,1,556.05,46.37,0.876,0.038
权力,power,4.51,2.19,5.29,1.01,5.15,1.81,5.31,1.3,5.78,0.8,5.59,2,568.61,40.5,0.954,0.011
全球,worldwide,4.59,1.6,3.77,1.87,6.09,0.29,5.09,1.35,6.68,1.18,5.89,1.49,606.39,58.04,0.913,0.044
蜷缩,curl up,3.29,1.05,5.86,1.95,6.4,1.03,6.77,0.86,6.81,1,6.76,0.39,600.64,37.97,0.873,0.024
雀斑,freckle,7.4,1.78,4.87,1.95,3.97,0.41,3.78,2.05,5.26,0.42,5.56,0.79,526.37,42.39,0.945,0.054
热爱,love,2.41,0.75,5.23,1.7,4.82,0.97,5.5,1.57,5.94,0.7,6.19,0.67,491.48,63.3,0.957,0.035
热泪,passionate cry,4.98,0.54,5.8,1.7,6.27,1.36,5.39,1.58,6.95,0.63,6.06,2.01,575.42,27.49,0.898,0.048
热恋,passionate love,1.32,0.96,6.05,1.35,5.64,0.45,6.11,1.04,5.35,0.5,5.44,0.46,534.42,46.15,0.921,0.069
热切,eager,6.55,1.62,6.36,1.43,4.82,1.66,5.23,1.1,3.82,0.52,4.87,1.9,520.03,56.43,0.952,0.058
热情,passionate,4.64,0.37,4.11,1.54,4.25,0.36,4.86,1.29,5.26,1.29,5.93,1.2,544.14,55.89,0.948,0.052
热心,warm hearted,6,0.98,4.23,0.75,6.59,0.75,6.93,1.01,7.2,0.37,7.12,1.71,578.67,53.29,0.908,0.071
人才,talents,6.2,2.17,5.2,0.92,5.51,1.4,5.78,0.99,5.77,0.47,5.25,1.9,589.98,25.53,0.941,0.052
人格,personality,5.91,0.49,4.25,0.72,4.15,1.02,5.4,1.98,4.43,1.39,4.49,0.49,568.91,62.21,0.947,0.052
人类,human,4.63,0.76,5.07,1.43,3.1,1.79,5.77,1.72,3.61,1.38,5.06,1.78,521.85,34.9,0.877,0.065
人情,human connection,2.74,1.65,6.54,1.71,5.03,0.82,5.05,1.31,6.44,1.32,5.75,1.15,525.36,50.91,0.937,0.045
人生,life,5.2,0.64,4.83,0.6,6.67,1.49,5.57,0.91,8.04,0.58,6.7,0.75,591.23,56.18,0.887,0.023
人质,hostage,2.64,0.99,5.72,1.66,5.31,1.08,5.67,2.07,5.53,1.06,5.72,1.21,555.64,57.91,0.92,0.061
仁爱,benevolence,7.53,1.61,5.93,1.25,6.67,0.32,6.63,1.3,6.87,2.17,6.55,1.3,592.75,45.19,0.872,0.043
仁慈,benevolent,6.29,0.42,5.71,0.67,6.61,1.44,6.5,1.78,7.77,0.45,7.01,1.55,607.01,30.46,0.903,0.011
任务,mission,4.38,1.69,4.29,1.77,4.19,1.72,4.76,1.31,4.76,1.6,5.47,0.27,565.48,32.75,0.912,0.034
日常,daily life,2.63,1.09,5.9,1.31,4.29,1.73,5.03,0.72,4.62,0.6,4.76,1.65,541.91,50.2,0.934,0.033
日历,calender,5.29,1.05,3.54,1.51,4.57,1.88,6.28,1.45,5,1.41,5.36,1.09,547.41,34.12,0.921,0.062
日期,date,4.18,1.22,3.55,0.98,5.55,1.85,5.18,1.58,6.11,1.17,5.26,1.55,626.39,57.04,0.911,0.047
荣幸,honor,2.38,1.59,7.18,1.59,5.68,1.37,5.18,1.51,6.76,0.77,6.31,0.3,632.52,49.12,0.885,0.052
容貌,appearance,6.15,1.61,5.27,1.56,5.83,1.61,5.51,1.47,6.02,1.92,5.71,0.79,508.07,24.56,0.893,0.062
容易,easy,6,1.94,6,1.61,6.81,0.49,5.83,1.46,6.74,0.44,6.12,1.19,529.38,28.82,0.953,0.011
榕树,banyan tree,5.41,1.32,5.95,1.15,6.55,1.12,6.5,1.5,4.66,1.45,4.79,1.27,542.76,24.2,0.879,0.04
融合,combine,4.95,1.6,3.68,1.21,6.85,0.79,7.59,1.21,8.31,1.02,6.97,0.6,548.03,56.37,0.92,0.063
冗长,wordy,3.93,0.42,4.76,0.61,6.02,0.42,6.44,1.49,6.51,0.71,5.97,0.48,569.9,60.09,0.878,0.007
柔情,tenderness,6.54,1.39,5.27,1.86,6.34,1.6,6.02,0.69,7.31,2.05,6.52,1.14,609.69,51.19,0.896,0.042
柔软,soft,7.47,0.47,6.53,1.47,4.94,1.27,4.31,0.76,5.7,1.61,5.65,0.97,554.44,37.38,0.95,0.011
柔弱,weak and tender,1.5,2.3,6.25,0.94,4.14,1.65,4,0.78,3.95,0.62,4.61,0.46,540.46,56.39,0.893,0.02
肉搏,fist fight,6.61,2.25,6.18,2.1,4.46,1.51,3.32,1.71,5.69,0.61,6.31,0.37,465.77,36.58,0.897,0.05
睿智,wise,2.71,0.39,6.89,1.09,4.46,0.55,5.29,1.32,4,1.44,5.24,1.43,498.12,24.51,0.904,0.057
撒谎,lie,5.07,2.3,4.9,1.56,3.95,1.89,4.09,0.76,3.18,1,3.61,0.48,567.16,55.41,0.892,0.036
丧服,memorial suit for the dead,1.67,0.48,7.33,1.98,4.25,0.93,4.78,0.59,4.67,1.84,4.81,1.5,522.73,34.13,0.902,0.058
丧礼,funeral,1.93,0.87,8.32,0.97,5.89,1.27,6.39,1.39,7.43,0.35,6.53,0.59,623.92,30.82,0.913,0.063
丧失,lose,6.73,1.49,6.23,1.59,6.5,0.54,5.17,0.9,6.28,0.61,5.67,1.98,586.49,38.29,0.937,0.019
丧亡,pass away,1.22,2.13,7.36,0.72,4.42,1.69,4.31,0.81,5.51,0.81,5.28,0.63,497.93,52.62,0.932,0.029
扫兴,bummer,2.2,2.31,5.36,1.29,4.73,1.03,4.5,1.66,5.53,1.21,5,0.63,552.91,24.08,0.915,0.051
色斑,color spot,3.64,0.59,5.89,1.96,3.83,1.74,4.97,1.82,5.05,1.68,4.79,0.44,474.49,37.9,0.902,0.016
色情,porn,3.14,0.61,7.71,1.49,4.79,0.87,4.36,1.47,4.16,1.6,5.16,0.89,573.22,29.76,0.94,0.032
杀戮,killing,2.61,0.98,5.54,1.21,4.73,1.64,5.41,1.3,6.03,0.83,6.09,0.82,507.81,50.93,0.95,0.024
沙尘,sand,4.66,0.84,4.61,1.83,5.15,1.3,5.34,1.87,5.82,1.83,5.52,2.02,513.51,38.18,0.928,0.065
沙漠,desert,2.3,2.1,7.4,1.31,6.3,0.53,4.43,1.7,6.86,1.51,6.2,1.08,516.9,29.31,0.943,0.061
傻瓜,fool,3.22,1.52,3.68,1,5.32,1,5.51,1.88,6.51,0.46,5.66,1.6,506.35,61.61,0.889,0.037
傻子,fool,3,0.82,2.7,1.2,5.57,0.71,4.9,1.11,6.97,0.41,5.8,0.41,512.13,52.19,0.933,0.038
山崩,landslide,4.82,1.3,3.71,1.87,3.82,1.17,3.68,0.88,4.97,2.05,4.47,1.85,519.3,24.25,0.948,0.065
山峰,mountain,1.94,2.04,8.58,1.53,4.39,1.83,5.25,0.82,4.47,0.54,5.11,1.73,524.17,61.76,0.915,0.042
善良,kind,7.83,2.1,5.53,1.25,5.3,1.09,6.77,1.35,5.46,2.03,6.03,2.01,504.23,28.55,0.888,0.019
伤疤,scar,6.67,0.81,5.14,0.78,4.56,1.28,4.66,1.86,6.2,0.89,5.26,1.23,560.85,27,0.946,0.016
伤痕,scar,2.51,0.57,6.14,1.31,5.28,0.32,4.4,1.19,5.65,1.61,5.46,0.48,588.01,53.45,0.92,0.039
伤口,scar,5.11,1.47,5.96,1.32,4.82,1.32,2.73,2.04,4.42,2.16,4.47,1.94,559.32,45.34,0.93,0.011
伤势,condition for the injury,5.27,0.52,5.53,0.98,5,1.66,6.2,0.56,5.72,1.41,5.71,1.51,561.83,25.09,0.91,0.007
烧伤,burn,2.63,2.09,7.03,0.78,4.83,1.62,5.5,1.53,4.79,1.9,5.23,1.27,548.33,24.85,0.911,0.052
稍微,a bit,2.54,1.38,5.44,2,5.37,1.03,3.97,0.9,6.1,2.2,5.25,1.99,502.91,26.13,0.882,0.024
少女,young lady,6.57,0.51,5.37,0.55,6.93,0.6,6.8,1.92,6.64,0.64,6.17,0.44,559.67,22.4,0.931,0.031
申请,apply,5.79,0.64,3.18,0.52,6.75,1.34,6.82,1.88,7.1,0.61,6.18,0.77,594.73,24.92,0.907,0.052
身份,identity,6.42,1.13,5.51,1.1,5.36,0.4,4.09,1.99,6.32,1.46,5.16,1.73,565.96,47.59,0.921,0.066
身世,personal history,4.72,1.57,4.66,0.54,5.85,0.84,4.74,1.98,6.52,1.26,5.87,0.88,603.38,49.67,0.87,0.051
呻吟,moan,3.14,1.1,4.89,0.97,5.64,1.7,3.21,1.86,6.86,0.93,6.17,1.57,549.18,31.67,0.938,0.055
绅士,gentalmen,2.86,2.32,3.93,1.45,4.89,0.89,6.79,1.44,5.27,1.22,5.51,1.26,501.61,48.84,0.94,0.037
深沉,thoughtful,5.64,0.99,5.64,1.76,4.54,1.4,5.23,1.48,3.76,1.27,4.49,1.89,564.33,22.95,0.935,0.011
深度,depth,6.51,0.78,4.97,0.68,6.57,1.12,5.18,0.89,7.47,1.16,6.47,0.42,603.89,25.68,0.899,0.036
深情,deep love,6.29,2.1,6.24,2.05,5.49,0.8,6.1,2.09,5.03,2.2,5.26,0.68,575.04,42.28,0.898,0.037
深思,deep thought,6.83,1.22,5.42,1.31,7,0.31,6.58,1.24,7.95,0.78,7.51,1.41,622.98,38.33,0.876,0.017
神奇,amazing,3.41,0.34,5.29,1.03,5.39,0.78,6.39,0.84,5.77,1.61,6.07,1.45,567.93,34.33,0.934,0.044
神圣,sacred,6.29,1.1,6.29,1.64,6.29,1.19,6.07,1.53,7.26,1.2,6.22,0.72,562.88,24.26,0.886,0.016
审美,aesthetics,2.18,1.14,6.82,0.92,4.5,1.07,6.04,1.74,4.73,2.06,5.34,1.85,516.41,22.25,0.905,0.07
审阅,edit,4.64,1.04,4.83,1.87,5.03,1.51,5.5,1.76,4.81,0.97,5.33,0.72,531.84,43.93,0.886,0.027
升华,sublimation,2.57,1.58,6.17,0.75,5.68,0.37,4.96,1.39,6.46,1.51,5.83,0.99,618.75,33.65,0.934,0.039
生活,life,5.21,1.04,4.5,1.36,6.21,0.63,5.86,1.98,7.35,1,6.86,0.97,546.57,22.91,0.908,0.035
生命,life,5.03,1.3,6.26,1.17,5.68,1.45,6.77,1.49,4.92,1.5,5.34,0.54,540.18,32.26,0.894,0.066
生日,birthday,7.08,1.92,5.92,0.83,6.97,0.54,6.56,1.76,6.79,1.09,6.4,0.61,502.47,30.37,0.955,0.04
生态,eco system,2.89,0.61,5.39,1.07,5.64,1.93,6.23,0.85,3.71,1,4.47,1.21,626.01,38.62,0.927,0.065
生长,grow,6.66,1.74,6.97,1.9,6,1.14,5.68,1.1,7.37,2.2,6.95,0.5,632.77,33.91,0.87,0.014
绳子,rope,6.1,0.61,6.95,1.38,5.66,1.7,5.71,1.76,6.94,0.67,6.31,0.52,615.87,56.46,0.938,0.053
圣洁,holy,6.73,2.01,6.73,1.64,5.36,0.37,6.09,2.03,4.24,1.67,4.5,1.62,533.3,49.06,0.886,0.027
尸骨,dead body,4.43,0.49,5.75,1.75,4,1.24,4.07,1.26,5.79,1.53,5.63,0.99,500.95,45,0.92,0.02
失宠,out of grace,4.32,0.36,4.18,1.06,4.91,1.83,4.32,1.88,6.29,0.91,5.53,1.99,537.71,27.76,0.905,0.031
失恋,failed relationship,2.33,0.38,6.37,1.81,2.63,1.47,5.17,0.97,3.48,1.99,4.58,0.91,534.43,23.36,0.919,0.052
失眠,insomnia,3.39,0.59,5.15,0.55,5.76,1.88,5.73,1.56,6.97,0.71,6.28,1.05,641,33.74,0.926,0.028
失身,lose oneself,5.09,0.41,4.68,1.41,5.23,0.64,4.43,1.41,6.43,1.55,6.54,1.28,586.35,29.46,0.877,0.014
师范,normal school,5.32,0.56,4.44,1.53,6.46,1.4,6.05,1.02,7.91,1.5,7.08,1.24,509.67,35.51,0.939,0.035
诗歌,poetry,5.77,1.29,5.8,0.49,5,1.36,5.63,1.33,5.65,0.78,5.95,1.35,529.88,56.42,0.908,0.061
虱子,lice,5.39,1.09,5.54,1.27,5.64,1.31,3,1.54,6.82,0.76,5.84,1.18,627.09,26.01,0.91,0.061
湿度,humility,5.98,2.33,5.49,0.92,5.15,0.39,4.63,1.84,6.31,2.06,5.26,0.73,518.65,37.23,0.956,0.057
时代,times,6.55,0.75,5.82,1.15,5.36,1.72,3.95,0.85,5.24,0.76,4.89,0.8,496.09,44.81,0.899,0.046
时光,time,2.66,1.4,6.1,0.46,4.66,1.34,5.34,0.9,4.83,1.94,5.58,0.45,537.06,51.2,0.928,0.06
时间,time,4.05,0.82,4.77,1.24,5.82,1.78,4.64,1.24,4.68,0.39,4.76,0.25,605.49,36.3,0.876,0.039
时尚,fashion,1.23,1.19,7.41,1.43,4.18,1.87,4.77,1.99,3.26,2.11,3.76,0.98,492.58,22.16,0.931,0.052
实际,factual,3.03,1.71,6.66,1.59,4.63,1.09,3.97,2.01,4.74,0.68,5.01,0.95,523.54,59.64,0.872,0.009
实力,power,8.23,1.1,5.32,1.33,6.73,0.76,6.07,1.49,7.25,1.98,6.66,0.9,571.56,48.66,0.948,0.019
拾荒,scavenge,3.56,1.59,6.86,1.74,4.92,1.77,5.44,0.86,5.26,0.95,5,1.59,547.28,45.25,0.894,0.019
食品,food,5.23,2.29,5.45,1.99,6.27,1.3,5,1.75,6.63,2.11,5.34,0.39,507.61,33.65,0.892,0.061
史书,historic books,1.87,2,7.3,0.54,5.73,0.5,5.14,1.29,5.71,0.62,5.76,0.85,618.51,30.35,0.915,0.036
使命,mission,4.54,0.72,5.86,0.72,3.5,1.12,5.11,1.32,3.06,1.97,4.2,1.08,471.89,54.9,0.88,0.049
始终,from the beginning to the end,6.71,0.8,6.46,1.49,5.14,1.92,5.86,1.33,6.97,2.11,6.27,1.37,536.35,45.91,0.93,0.051
士兵,soldier,4.39,2.25,4.61,0.89,6.39,1.78,5.51,0.63,6.89,2.2,6.11,1.54,507.52,40.3,0.917,0.044
世纪,century,4.29,1.7,3.68,1.15,5,0.92,5.66,0.87,3.94,2.01,4.8,0.67,496.76,29.94,0.955,0.066
世界,world,4.82,0.63,4.45,2.03,5.91,1.4,5.68,1.16,5.82,0.91,5.26,1.85,614.65,22.82,0.927,0.059
世俗,worldly,4.14,1.99,3.29,1.96,5.57,0.79,6.24,1.95,6.74,1.62,5.21,0.64,535.71,28.55,0.902,0.058
世袭,hereditary,6.59,0.76,5.68,0.8,5.23,1.86,3.67,1.35,5.45,1.57,4.84,1.36,579.86,40.51,0.94,0.041
势利,snobbish,7.18,1.18,6.82,0.85,4.23,0.96,2.82,1.45,5.53,1.35,5.08,1.32,574.33,57.56,0.943,0.057
事故,accident,2.17,1.75,7.1,1.33,2.67,1.7,3.43,1.03,4.32,1.6,4.96,1.82,484.03,49.85,0.92,0.027
事实,fact,4.77,1.41,4.23,1.59,4.55,1.29,5.18,2.09,3.47,1.74,4,0.97,495.8,39.22,0.959,0.03
事态,situation,4.71,1.94,4.14,1.92,7.61,1.42,5.39,0.95,7.99,1.91,7,1.2,564.33,59.18,0.874,0.043
事物,matters,4.98,1.14,3.75,0.78,5.61,1.19,4.31,1.66,7.09,1.36,6.42,0.5,623.55,27.27,0.931,0.035
事业,carrer,5.64,0.57,5.55,1.1,5.73,1.16,5.82,1.17,4,2.22,4.61,0.6,521.78,37.65,0.908,0.068
侍卫,body guard,6.57,1.01,5.47,0.49,5.07,1.13,3.86,1.59,6.75,1.41,6.46,1.54,517.86,31.35,0.918,0.032
视角,perspective,4.17,1.47,3.46,2.07,5.88,0.75,5.46,0.88,7.15,1.81,6.15,0.4,638.9,59.77,0.894,0.055
视觉,sense of sight,4.58,1.14,4.13,0.69,5.77,1.84,5.14,2.1,5.87,1.16,5.42,1.03,627.98,53.94,0.95,0.021
视线,eye sight,5.17,0.52,4.07,0.69,5.44,0.9,5.15,1.25,5.25,0.89,5.2,1.37,581.42,56.52,0.908,0.041
是非,moral compass,2.86,0.68,4.78,1.45,6.28,0.63,4.86,1.05,6.58,1.39,6.53,1.38,599.89,62.77,0.874,0.057
适当,proper,5.14,1.77,5.73,1.78,2.97,1.79,5.33,1.77,3.86,1.28,5.04,0.27,488.64,28.77,0.884,0.015
适度,proper,6.61,2.05,6.34,1.49,6.59,1.2,7,1.69,7.58,1.09,6.29,0.88,522.69,24.05,0.947,0.009
适宜,proper,5.8,0.44,4.53,1.14,6.47,0.68,5.73,0.88,7.06,0.92,6.59,1.64,563.64,50.14,0.874,0.02
释怀,resolution,6.36,1.45,4.73,0.96,5.14,1.76,5.91,0.97,4.08,0.42,4.86,0.3,558.99,49.54,0.922,0.022
誓言,vow,6.69,1.18,4.72,2,6.44,0.76,5.89,0.55,6.72,1.09,6.58,1.21,570.27,50.1,0.938,0.045
收藏,collection,2.98,1.49,3.27,1.15,4.51,1.27,5.37,0.62,6.03,2.08,5.46,0.59,584.56,48.65,0.897,0.023
收获,harvest,6.27,1.15,5.98,1.52,5.88,1.43,6.27,1.5,5.57,1.75,6.17,1.32,623.6,51.15,0.933,0.052
收纳,collect,1.86,1.9,6.44,1.7,4.72,1,5.68,0.71,4.53,0.41,4.78,0.58,588.57,59.7,0.947,0.051
收押,confiscate,2.22,1.7,6.92,1.94,5.47,0.81,3.58,1.07,7,1.07,6.6,0.34,542.47,61.61,0.923,0.009
收养,adopt,5.42,2.05,4.5,1.76,6.11,1.25,4.89,1.38,5.81,1.08,5.33,0.8,558.19,48.97,0.903,0.018
收益,profit,6.54,1.99,4.95,0.48,5.18,1.61,6.77,0.86,4.18,1.53,4.76,0.28,556.35,44.08,0.93,0.036
手法,method,6.27,0.41,4.59,0.54,5.41,1.93,5.07,2,6.98,1.78,6.17,0.91,504.3,34.34,0.905,0.048
手工,handcraft,1.5,2.27,6.4,1.4,4.57,1.94,5.57,1.04,4.31,1.23,5.47,0.74,587.39,54.75,0.872,0.067
手铐,cuff,4,1.02,4.27,1.35,4.27,1.72,2.77,1.56,3.68,1.8,3.97,1.22,504.66,22.82,0.909,0.013
手枪,rifle,2.8,0.85,6.49,1.87,4.66,1.86,4.39,1.19,6.08,1.66,5.78,1.74,527.8,42.65,0.935,0.07
手艺,skill,7.04,1.26,6.18,0.74,6.75,1.37,6.44,0.76,7.05,1.11,6.98,0.28,567.02,25.61,0.896,0.017
守灵,vigil,4.86,0.65,5.86,1.88,4.47,1.22,4.25,0.7,4.84,1.67,5.65,1.74,578.53,53.09,0.892,0.066
守则,rules,1.86,1.93,6.91,1.23,5.66,1.37,5.22,1.64,6.54,2.1,6.05,0.78,625.28,59.49,0.892,0.025
首创,innovate,5.97,1.43,4.95,2.09,5.54,0.92,5.15,0.6,7.37,1.27,6.58,1.1,572.07,58.95,0.877,0.056
首饰,jewelry,4.86,1.44,6.04,1.87,6.04,0.65,5.96,1.58,7.37,1.25,6.6,0.54,513.91,63.1,0.943,0.016
寿命,life span,5.44,1.55,3.44,1.99,5.32,1.58,5.09,1.92,5.37,0.71,4.76,1.11,554.96,34.53,0.925,0.015
寿桃,peaches offered as a birthday present,6.05,1.78,6.09,0.48,5.77,1.87,5.73,1.81,4.29,1.26,4.66,1.85,617.65,24.3,0.938,0.021
寿星,the long-living people,5.61,0.81,4.66,1.76,5.37,0.83,5.09,0.87,3.59,1.28,4.86,0.33,562.74,40.88,0.897,0.013
枢纽,hub,6.66,1.52,7.34,0.44,6.83,1.98,6.36,1.43,7.67,1.51,7.47,0.96,557.44,25.59,0.881,0.008
淑女,lady,6.17,2.33,6.19,0.78,7.06,1.31,5.58,0.93,7.28,1.83,6.6,1.32,574.64,32.72,0.879,0.049
舒畅,comfortable,4.03,0.91,3.43,1.8,4.03,1.73,6.73,1.91,5.48,0.99,4.84,1.9,584.6,56.71,0.949,0.066
蔬菜,vegetables,6.64,2.27,3.89,0.54,7.53,0.9,7.78,1.57,7.49,0.79,6.7,0.52,549.66,32.09,0.875,0.025
熟悉,familiar,5.36,2.01,3.95,0.56,6.09,1.41,5.45,1.45,4.37,0.67,4.5,1.6,629.07,55.09,0.928,0.038
暑假,summer holiday,7.58,1.78,5.25,1.64,4.58,1.1,6.42,1.1,5.51,0.73,5.91,0.85,574.12,53.81,0.939,0.03
属性,nature,5.34,1.47,4.71,0.92,4.83,1.47,5.22,2.01,5.17,1.28,5.77,0.27,589.61,58.7,0.899,0.059
树冠,tree crown,3.68,1.8,6.14,2.1,4.36,1.83,4.59,1.8,3.76,1.8,5.05,0.27,497.95,33.16,0.898,0.06
树林,woods,6.2,1.93,4.57,0.65,5,0.34,5.33,0.89,4.93,2.12,4.84,1.03,544.99,45.33,0.928,0.058
数据,statistics,4.73,0.56,6.27,1.04,4.55,1.38,5.05,0.8,3.82,1.2,4.08,0.45,487.76,52.93,0.943,0.026
数量,quantity,4.41,2.32,3.68,1.02,4.45,0.69,4.45,1.92,7.42,0.9,6.87,0.87,524.67,61.18,0.894,0.018
刷新,refresh,5.78,2.3,3.44,1.62,3.25,1.5,6.69,1.22,4.67,1.84,5.56,1.38,487.41,34.67,0.874,0.009
衰老,age,1.97,0.44,6.69,1.43,4.11,0.41,3.54,1.79,4.61,1.12,4.74,1.94,566.7,33.22,0.914,0.007
衰弱,weak,6.71,0.44,5.37,0.98,5.17,1.14,3.59,2.09,5.65,2.11,5.02,1.17,546.53,24.77,0.891,0.064
爽快,readily,7.06,0.49,6.08,0.48,7.83,1.1,7.67,1.33,7.63,1.67,7.53,1.9,559.93,24.97,0.893,0.051
爽朗,bright and clear,7.27,1.64,4.33,1.48,6.83,0.85,6.86,1.3,6.76,1.61,6.76,0.86,552.61,36.65,0.888,0.02
水稻,rice plant,5.69,0.47,4.31,1.06,4.75,1.8,5.08,1.59,4.95,1.34,5.62,0.42,510.38,53.76,0.944,0.026
水晶,crystal,5.36,2.2,6.58,1.72,6.89,1.94,7.19,1.83,6.79,2.01,6.58,1.52,553.41,37.11,0.935,0.04
水平,competence,4.44,1.25,3.39,1.83,4.63,1.76,5.31,0.9,4.81,0.66,4.7,1.93,562.56,38.41,0.95,0.015
水仙,narcissus,3.41,1.14,5.23,0.59,6.5,1.11,5.8,1.83,5.29,2.1,4.49,0.24,503.78,40.42,0.9,0.042
税收,tax,6.66,0.99,5.63,1.55,5.97,1.4,4.2,1.51,6.04,1.91,5.86,0.85,557.01,59.68,0.881,0.05
睡眠,sleep,6.82,1.6,5.13,1.09,5.23,0.54,7.23,1.83,4.92,0.55,5.03,0.88,570.18,39.66,0.9,0.061
顺序,order,4.22,1.67,4.34,0.76,5.63,1.5,5.1,1.08,6.89,0.82,6.28,0.97,628.64,32.77,0.879,0.052
瞬间,instant,3.31,0.39,6.54,0.66,4.29,0.9,5.11,1.92,4.14,0.36,4.81,1.81,474.07,22.2,0.878,0.04
司仪,host,4.82,1.45,3.29,1.98,4.68,1.55,4.96,0.89,5.44,1.5,5.97,1.85,517.05,63.38,0.918,0.008
私奔,elope,2.52,1.92,5.28,1.08,3.6,1.81,4.74,2.05,3.91,2.12,4.88,0.35,492.77,28.18,0.907,0.03
思考,think,5.36,2.09,5.04,1.98,5.46,0.85,4.94,0.62,5.51,2.11,5.78,1.64,577.21,55.57,0.877,0.038
思维,logic,2.06,1.92,7.22,0.98,4.56,0.36,5,1.55,4.81,1.9,5.23,1.99,579.96,31.19,0.96,0.022
死囚,Death row inmates,2.29,1.13,6.85,1.29,3.78,0.35,3.68,0.86,5.77,1.41,4.97,1.99,553.59,56.74,0.872,0.028
死刑,death penalty,4.64,0.9,4.29,1.1,6.5,0.88,3.07,1.41,6.48,0.7,5.54,0.44,603.5,58.91,0.904,0.024
死罪,death penalty,5.1,0.36,4.95,0.86,4.88,1.72,5.27,0.63,6.62,1.86,6.32,1.21,509.7,30.02,0.889,0.052
寺院,temple,5.05,1.39,5.09,1.58,6.09,0.83,3.95,1.88,6.71,0.43,5.66,1.47,545.4,57.04,0.908,0.042
夙愿,wish,4.45,0.37,3.76,0.99,4.62,1.76,4.81,0.83,3.97,1.65,4.21,1.56,553.3,35.08,0.896,0.024
素质,quality,5.5,0.44,4.05,1.77,5.55,0.42,5.36,1.03,7.53,2.18,6.47,1.93,570.8,34.77,0.871,0.026
速度,speed,4.02,0.71,4.44,1.04,5.98,1.99,6.44,1.64,7.77,1.24,6.82,1.7,515.17,62.68,0.895,0.015
算计,calculate,5.11,2.28,5.29,1.82,6.23,0.9,4.23,2.02,5.12,1.08,5.07,1.35,512.92,56.5,0.915,0.057
岁月,ages,5.23,2.08,4.45,1.29,5.91,0.5,5.91,1,6.76,1.35,6.74,1.8,582.41,31.72,0.93,0.029
太监,eunuck,3.82,0.64,6.54,1.04,4.14,1.11,4.43,1.09,4.94,0.47,5.53,0.45,478.26,50.66,0.924,0.028
贪婪,greedy,4.68,1.4,4.32,0.89,4.86,1.86,3.69,1.6,6.42,2.01,6.03,0.64,589.69,23.5,0.953,0.028
贪污,corruption,2,2.18,7.55,1.48,2.91,0.49,2.5,1.1,4.42,0.49,4.21,1.89,575.9,28.1,0.941,0.059
瘫痪,paralyze,4.83,1.45,4.67,1.15,6.53,0.36,4.47,0.82,6.13,0.5,6.45,0.95,634.85,22.49,0.901,0.056
逃兵,army deserter,6.03,0.46,5.3,1.93,6.33,1.9,5.33,1.32,6.65,0.97,6.42,1.21,593.87,53.15,0.888,0.06
逃跑,run away,4.89,0.58,2.58,1.22,6.83,1.84,6.53,1.69,7.51,2.04,7.19,1.13,617.98,58.6,0.931,0.063
讨伐,hunt down,6.75,1.48,7.07,0.76,4.25,1.46,4.44,2,4.86,0.99,5.7,2,522.68,56.43,0.939,0.015
梯田,terraced fields,4.17,2.34,3,1.68,6.9,1.58,6.33,0.64,6.42,1.03,5.91,0.44,541.9,25.32,0.893,0.066
题材,theme,5.5,0.73,5.05,0.55,4.45,0.37,4.86,1.12,3.97,1.99,4.18,1.97,552.83,40.15,0.873,0.011
体操,gymnastics,4.95,0.84,5.82,1.95,6.82,1.52,4.55,1.77,7,1.59,6.37,0.34,523.75,27.05,0.895,0.06
体验,experience,7.55,1.4,6.59,0.59,4.14,1.29,4.89,1.28,4.16,1.89,5.32,1.22,501.04,52.38,0.908,0.041
天鹅,swan,7.23,0.9,5.3,1.17,6.93,1.06,6.53,0.83,6.94,0.86,6.07,0.53,595.98,61.41,0.926,0.051
天空,sky,7.57,1.43,5.41,1.45,7.17,0.34,8.13,1.14,6.54,0.45,6.52,1.35,518.73,30.34,0.915,0.038
天文,cosmology,5.03,0.8,4.9,0.99,3.33,1.32,5.43,2.05,3.42,0.38,4.83,1.2,559.96,48.4,0.948,0.032
田野,wild fields,4.92,0.7,4.28,2.04,7,0.74,6.63,1.11,7.3,0.4,6.41,0.95,619.26,24.83,0.913,0.015
条理,organization,6.06,1.73,4.51,1.72,6.54,0.83,5.25,0.68,7.26,1.98,6.76,1.93,604.27,58.9,0.911,0.03
条例,regulation,6.61,0.46,4.39,0.43,3.94,1.12,4.89,0.78,4.49,1.74,4.91,1.98,557.42,32.83,0.878,0.019
条目,items,4.55,1.62,3.55,0.83,6.18,0.51,4.91,1.29,7.13,1.68,6.03,0.27,525.54,59.83,0.877,0.033
调和,coordinate,3.53,1.8,5.47,0.47,5.81,0.94,5.97,0.57,7.37,1.03,6.77,1.05,561.09,57.91,0.952,0.046
铁路,rail road,6.46,1.33,5.98,0.94,6.93,1.94,6.9,0.76,8.32,2.05,7.15,0.64,617.51,31.97,0.938,0.037
通讯,communication,4.68,1.83,3.36,1.67,7.71,0.88,5.89,0.6,7.86,2.15,7.41,0.43,639.24,46.56,0.911,0.024
同胞,country man,6.74,1.06,6.66,2.09,6.54,0.27,5.21,1.26,7.37,1.97,6.67,1.45,632.59,53.71,0.905,0.061
同情,sympathize,6.93,0.77,6.87,0.57,6.87,0.96,6.03,0.79,7.68,2.13,6.97,0.72,513.45,41.96,0.889,0.023
童年,childhood,7.31,0.58,5.54,0.43,5.94,1.3,6.03,1.87,5.22,0.46,5.7,0.61,508.92,39.08,0.918,0.05
头发,hair,4.95,2.24,2.71,0.8,4.49,1.33,5.1,0.88,2.97,0.64,3.34,0.87,474.41,25.94,0.896,0.047
头绪,clue,6.8,1.79,6.11,1.12,6.71,1.69,6.8,1.99,7.15,1.6,6.38,0.76,600.16,42.77,0.892,0.052
投资,invest,6.68,0.91,5.5,1.18,6.61,1.77,4.94,0.69,6.65,0.45,6.16,0.49,637.64,26.03,0.891,0.054
屠夫,butcher,3.85,2.2,4.29,1.72,7.02,0.59,6.83,1.4,8.06,0.39,6.68,1.36,629.44,30.7,0.913,0.031
屠杀,massacre,1.33,1.62,6.31,0.96,5.67,0.58,4.89,1.48,6.91,0.44,6.26,0.91,610.56,29.68,0.917,0.031
土匪,bandits,4.31,2.07,4.8,1.98,3.6,1.28,3.83,1.83,5.05,1.19,5.43,1.17,479.04,63.5,0.954,0.03
团聚,reunion,7.47,0.72,6.83,1.03,6.97,0.47,7.23,1.28,7.7,0.6,7.39,0.65,559.93,52.07,0.935,0.063
退化,degenerate,2.8,0.75,4.27,1.78,5.22,1.31,5.1,1.24,4.85,0.94,5.14,1.83,537.33,56.88,0.904,0.037
吞并,merge,6.53,2.07,4.7,1.6,6.5,0.38,5.45,0.56,6.14,0.83,4.74,1.38,576.06,24.26,0.931,0.026
外交,diplomatic,4.71,0.61,3.29,0.96,6.46,0.8,6.93,1.87,7.29,1.19,6.67,0.49,519.81,44.11,0.952,0.058
完美,perfect,6.94,1.92,6.44,1.84,5.61,1.42,5.83,1.82,5.21,1.11,5.02,1.15,620.39,34.01,0.875,0.055
晚霞,sunset,6.9,1.13,7.47,0.56,7.07,0.37,6.5,1.96,7.42,1.66,6.74,1.01,590.61,63.41,0.932,0.066
婉约,euphemistic,5.82,0.54,5.32,0.72,4.59,1.36,5,1.88,3.39,2.21,3.42,1.14,521.19,36.63,0.903,0.02
旺盛,prosperous,5.39,0.92,6.19,0.85,6.03,1.81,6.22,1.57,6.98,0.8,6.7,0.42,526.3,41.71,0.917,0.054
威胁,threat,2.17,1.09,6.32,1.54,4.24,0.68,5.85,1.78,5.2,1.91,5.77,1.28,554.1,26.81,0.881,0.064
威严,dignified,6.05,0.34,5.17,0.88,5.83,1.71,4.68,1.14,6.89,0.66,6.35,1.59,569.23,35.34,0.912,0.016
微妙,subtle,6.29,2.17,7.06,1,6,0.97,5.88,1.26,6.68,1.49,6.3,1.16,610.94,33.89,0.949,0.051
微笑,smile,4.47,1.43,4.97,1.45,6.97,0.98,7.5,1.97,7.09,0.77,6.68,1.95,556.01,28.24,0.925,0.05
维持,persist,2.62,0.8,6.36,0.56,6.97,1.47,5.75,1.88,7.47,0.87,7.49,0.58,514.22,44.77,0.879,0.048
伟大,great,3,1.32,4.5,0.5,5.73,1.05,5.54,1.13,6.34,0.46,6,1.98,606.06,35.08,0.876,0.016
伪装,fake,5.5,1.12,4.86,1.51,4.72,0.59,4.83,1.57,4.67,0.91,4.79,1.34,557.71,42.29,0.933,0.055
委屈,feel wronged,1.67,0.94,6.72,1.17,5.67,0.66,4.53,1.53,6.47,1.38,6.07,1.55,514.13,61.07,0.907,0.07
委婉,euphemistic,4.6,2.05,4.4,1.89,4.17,0.91,5.43,0.57,4.44,1.91,5.5,1.36,573.93,63.11,0.895,0.05
畏惧,timid,6.5,1.01,6.89,0.76,4.07,0.49,3.46,1.03,4.54,0.73,5.37,0.24,584.99,47.72,0.931,0.038
温泉,hot spring,7.11,1.7,4.81,2.1,5.86,1.9,6.33,1.06,5.21,0.49,5.21,0.77,540.79,60.95,0.933,0.022
文化,culture,5.31,1.3,4.74,1.55,4.77,1.74,6,1.6,4.81,1.94,5.54,1.51,540.9,62.16,0.904,0.038
文明,civilization,4.6,2.18,3.89,1.6,4.29,0.53,5.21,1.76,4.41,2.04,5.22,1.92,490.7,22.2,0.936,0.039
文学,literature,6.6,1.82,3.74,1.03,5.91,0.5,6.34,1.49,7.14,0.46,7.16,0.38,527.1,51.24,0.885,0.02
问号,period,5.46,1.69,3.71,1.3,5.98,0.54,5.24,0.61,6.29,0.96,5.46,0.53,501.86,60.59,0.926,0.009
问题,problem,4.55,1.61,4.77,1.18,6.09,0.96,5.8,2.05,6.92,0.87,6.24,1.05,632.31,35.82,0.947,0.032
乌鸦,black crow,3.75,0.67,6.25,1.77,5.47,1.01,4.1,1.35,5.74,1.57,5.94,1.24,518.69,46.61,0.906,0.012
污垢,dirt,4.29,0.95,5.08,1.84,4.2,0.68,4.8,1.3,5.05,1.42,5.08,1.58,576.04,62.48,0.921,0.032
巫婆,witch,6.56,2.01,6.08,2.07,5.56,0.33,3.64,1.49,6.19,0.95,5.58,1.94,603.87,44.84,0.872,0.061
诬告,set a person  up,3.25,1.6,4.57,1.64,3.14,1.59,2.05,1.72,4.89,1.89,4.53,0.65,528.43,50.23,0.876,0.032
无赖,jackass,2.09,2.18,6.03,0.51,3.37,0.41,4.51,1.87,4,1.16,4.43,0.39,519.13,47.49,0.906,0.03
无情,ruthless,2.39,0.4,6.18,1.7,5.75,0.33,3.86,0.92,6.44,1.78,5.94,0.56,575.12,34.12,0.873,0.044
梧桐,parasol tree,5.71,1.99,5.23,1.67,4.69,1.67,5.51,1.85,3.3,1.38,4.57,0.86,591.98,49.44,0.894,0.036
五官,facial features,6.93,1.31,5.68,1.18,5.45,0.84,6,0.98,5.79,0.81,5.21,1.68,524.5,38.11,0.959,0.026
舞台,stage,1.45,0.42,7.77,1.87,6.23,0.58,5.59,1.97,5.95,1.96,5.53,1.61,584.82,38.46,0.958,0.022
误会,misunderstanding,2.82,1.96,5.86,1.24,4.73,1.78,4.41,1.45,6.29,0.34,5.35,0.91,587.52,41.43,0.918,0.022
夕阳,sunset,7.07,1.54,5.87,1.79,6.63,0.99,6.87,1.08,7.06,0.54,7,0.99,529.74,29.97,0.95,0.061
西餐,western food,5.17,0.4,5.03,0.72,3.83,1.49,4.69,1.57,3.89,2.1,4.76,1.93,497.95,27.87,0.895,0.037
西施,Xi Shi(an ancient beauty),5.82,1.59,3.21,0.48,6.36,0.94,5.94,0.59,7.6,2.03,6.58,0.64,588.7,34.83,0.939,0.035
西式,western,5.67,1.7,4.93,1.97,4.63,1.7,4.9,1.49,4.23,0.95,4.89,0.66,491.27,63.1,0.898,0.061
昔日,old times,4.77,2.29,3.14,0.75,4.41,0.37,5.41,0.86,3.03,0.94,3.53,0.9,573.47,45.67,0.94,0.013
习惯,habit,5.05,0.49,5.17,0.81,5.9,0.94,6.83,1.82,4.09,0.62,5.51,0.73,582.39,40.29,0.911,0.056
喜爱,like,7.64,0.78,6.64,1.53,7.25,0.28,5.89,0.84,6.24,0.76,5.35,0.3,516.27,40.75,0.883,0.013
喜报,good news,7.5,1.68,7.2,0.62,5.8,0.45,6.93,1.29,5.78,0.66,4.91,1.63,503.41,63.84,0.912,0.01
喜庆,festive,6.39,1.51,6.82,0.96,4.14,0.45,7.59,1.76,4.24,0.37,5.21,1.98,580.34,60.15,0.954,0.017
喜鹊,magpie,6.14,1.59,6.42,0.98,6.44,1.81,5.94,1.79,7.21,2.04,7.07,0.99,590.59,27.43,0.904,0.011
喜糖,candies for wedding,4.02,2.33,5.83,1.64,5.88,1.71,5.44,1.7,5.62,1.86,5.05,1.18,584.97,59.18,0.883,0.065
细胞,cell,4.42,1.33,3.44,0.74,4.42,1.14,5.97,1.52,5.86,0.53,6.16,0.37,478.86,27.99,0.909,0.063
细腻,subtle,5.23,0.59,4.05,1.91,4.95,1.72,4.91,0.68,4.82,0.37,4.61,0.51,519.13,55.05,0.919,0.018
显赫,outstanding,7.14,0.35,5.18,1.72,5.68,0.41,6.4,1.54,6.86,1.22,6.36,0.27,604,51.47,0.896,0.047
现实,reality,6.68,0.86,6.32,1.2,4.86,1.68,6.03,0.84,6.35,2.06,5.81,0.59,493.44,63.11,0.933,0.045
乡亲,village people,4.85,0.44,4.83,0.79,4.72,1.22,4.97,1.27,3.85,1.7,3.97,1.17,588.81,52.35,0.881,0.035
相册,photo album,6.5,0.66,6.55,1.28,6.82,0.83,5.5,1.14,7.83,1.89,7.03,1.94,520.7,60.77,0.928,0.01
香烟,cigarette,5.2,2.28,4.88,1.87,5.12,1.67,4.93,1.27,6.31,1.34,5.6,1.8,536.08,55.87,0.87,0.061
消极,negative,4.54,0.8,3.61,1.38,3,1.42,2.29,1.29,4.93,1.49,5.06,1.71,500.15,55.46,0.873,0.05
嚣张,outrageous,2.14,1.4,6.59,1.81,3.41,0.4,3.45,2.02,3.47,2.09,4.05,1.52,530.01,28.97,0.904,0.024
小贩,vendor,1.42,1.57,7.25,2.06,4.25,1.99,4.46,0.73,3.69,0.55,4.27,1.18,572.91,42.91,0.889,0.032
小人,con man,4.95,2.28,4.85,1.81,4.98,0.98,4.97,1.98,5.24,2.24,6.24,1.7,531.49,51.78,0.885,0.022
小偷,thief,6.31,0.45,6.08,0.69,5.03,1.12,3.5,0.67,6.1,2.09,5.26,0.88,525.89,49.6,0.905,0.037
校园,campus,7.27,1.75,5.97,0.52,6.83,1.15,6.47,2.05,7.03,1.04,6.65,1.27,580.25,54.77,0.884,0.007
笑脸,smiley face,7.83,0.76,6.33,2.06,5.77,0.37,7.8,0.75,6.32,0.49,6.55,1.58,621,22.62,0.955,0.036
笑容,smile,7.27,1.01,6.63,0.49,7.27,0.4,7.83,0.91,7.23,1.26,6.81,0.98,508.46,52.49,0.894,0.049
效率,efficiency,5.75,2.34,5.54,1.53,6.96,1.73,6.21,1.27,7.27,0.59,6.91,1.25,571.52,55.03,0.927,0.057
蝎子,scorpion,2.2,1.92,5.8,0.98,3.8,1.95,3.2,1.13,4.88,0.6,5.28,1.43,509.47,23.34,0.953,0.05
新奇,novelty,2.83,2.09,6.36,1.87,6.83,1.84,6.19,0.81,6.67,1.36,6.42,1.51,548.92,40.18,0.928,0.057
信念,faith,7.17,1.32,6.46,2,6.29,0.9,6.54,0.67,6.61,1.18,6.14,0.47,510.59,34.31,0.927,0.05
信任,trust,6.57,0.34,5.57,0.52,4.32,1.07,6.39,1.46,3.93,1.46,5.54,1.51,508.02,22.44,0.907,0.039
信息,information,5.68,1.2,3.4,0.96,5.57,0.72,5.11,1.04,7.41,2.12,7.09,1.82,564.46,63.57,0.935,0.022
星空,stary night,7.4,0.73,4.99,1.26,2.87,0.27,6.33,1.05,4,0.95,5.06,1.09,475.57,52.58,0.947,0.012
兴奋,excited,7.57,0.62,6.13,1.17,7.23,1.02,6.47,0.85,7.63,0.62,7.11,0.31,604.88,36.66,0.899,0.066
凶悍,ferocious,2.8,1.35,3.9,1.34,5.13,1.18,5.63,1.38,4.67,0.61,5.46,0.34,495.48,47.61,0.903,0.031
凶手,criminal,1.68,2.21,6.57,1.42,4.43,1.46,4.86,0.88,4.86,0.92,4.8,0.57,546.15,60.89,0.91,0.015
兄弟,brothers,6.23,2.07,5.36,1.99,7.32,0.73,6.59,1.9,7.66,1.11,6.55,1.48,635.26,49.7,0.902,0.049
雄伟,magnificent,5.48,1.6,6.11,0.43,5.83,0.63,6,1.61,5.48,1.45,5.49,0.87,502.61,29.59,0.89,0.015
熊猫,panda,6.51,2.29,6.59,0.72,6.95,1.31,6.1,1.28,7.63,0.39,6.94,1.47,632.6,25.59,0.922,0.037
修女,nun,2.07,1.86,6.77,1.73,6.17,1.4,4.63,1.88,5.3,1.54,4.99,0.83,641.3,48.97,0.891,0.055
绣球,silk ball,5.27,2.21,5.63,1.32,3.67,1.91,5.43,0.83,5.16,1.66,6.01,1.36,585.51,40.45,0.937,0.007
虚弱,weak,6.58,1.34,5.61,0.96,5.39,0.72,5.46,1.3,6.92,2.12,6.75,1.18,506.12,61.16,0.911,0.011
虚伪,fake,3.53,1.01,6.35,0.66,5.19,1.99,4.87,1.67,6.99,0.62,6.67,1.01,565.41,40.21,0.92,0.049
旭日,rising sun,7,0.96,5.51,0.74,7.46,0.56,6.37,1.13,7.73,1.59,7.05,0.45,502.65,46.88,0.959,0.041
悬崖,cliff,2.1,0.42,6.37,1.8,4.71,0.93,5.85,1.06,5.11,0.72,5.2,1.82,510.31,62.72,0.903,0.01
学识,knowledge,6.73,0.65,4.23,1.73,6.77,0.24,6.23,2.04,5.89,2,5.55,1.24,555.22,60.08,0.92,0.043
学问,knowledge,5.77,0.61,3.29,1.76,4.86,1.63,5.77,0.87,4.81,0.96,5.38,0.75,530.91,35.29,0.918,0.036
雪花,snowflake,6.63,2.11,6.46,1.28,7.1,0.9,7.27,1.3,8.05,1.62,7.52,0.74,568.06,63.69,0.925,0.046
雪茄,cigar,3.04,1.94,6.82,1.93,4.11,1.21,4.61,0.79,5.21,0.81,5.56,1.4,576.69,33.78,0.909,0.057
雪人,snowman,6.51,2.33,5.29,0.57,7.02,0.75,7.05,1.82,7.72,2.12,6.89,1.08,550.57,55.74,0.931,0.019
雪山,snow mountain,4.1,0.38,4.85,1.05,6.71,0.47,6.34,1.26,7.62,0.89,6.73,1.44,584.44,50.45,0.919,0.059
血迹,blood stain,4.33,0.39,3.23,1.26,4.32,1.43,3.14,0.66,5.45,0.53,4.95,1.07,541.3,61.29,0.959,0.01
鸦片,opium,5.14,0.4,3.59,0.77,4.36,1.46,2.68,1.43,4.74,0.48,4.76,1.72,573.78,24.69,0.916,0.038
蚜虫,aphides,2.14,1.43,5.89,1.07,3.57,0.4,4.46,0.95,3.74,2.08,4.66,1.19,559.65,36.78,0.958,0.053
胭脂,blush on face,4.32,2.08,4.55,1.34,3.45,0.26,4,1.47,3.61,1.03,4.45,1.62,589.44,41.81,0.944,0.05
烟花,fireworks,5.15,0.54,4.32,0.93,6.59,1.14,6.44,1.24,7.15,2.12,6.78,1.89,570.37,53.88,0.902,0.06
烟灰,cigarette ash,4.73,2.04,4.37,1.97,3.17,0.69,5.9,0.69,3.9,1.76,5.14,1.08,527.44,42.72,0.899,0.025
掩盖,cover up,5.97,0.52,5.57,1.5,5.97,0.57,4.69,1.42,6.42,1.91,5.79,0.84,512.3,25.94,0.923,0.053
掩饰,cover up,2.19,1.64,6.86,2.02,4.5,0.96,4.23,1.51,4.65,1.6,5.07,1.82,475.49,57.24,0.943,0.025
眼泪,tears,2.6,1.57,6.47,0.55,3.27,0.83,4.97,0.62,4.29,1.82,5.03,1.1,466.01,61.11,0.881,0.05
厌恶,disgust,6.96,1.32,6.43,0.6,4.32,0.58,3.83,0.86,5.05,2.11,4.81,1.44,495.15,32.68,0.91,0.025
艳丽,bright and colorful,4.89,2.11,5.37,1.2,4.09,0.69,3,0.88,4.34,1.5,4.34,0.73,581.7,50.3,0.89,0.018
宴会,banquet,6.34,0.75,5.12,1.83,6,1.91,6.1,1.47,5.92,2.07,5.75,1.06,605.59,50.97,0.941,0.047
赝品,conterfeit,6.53,1.34,6.43,1.53,6.7,0.7,6.13,0.91,6.73,1.16,6.16,1.03,502.78,23.74,0.878,0.039
秧歌,yangko (a popular rural folk dance),6.34,1.95,6.18,1.14,6.5,1.82,5.1,1.45,7.33,1.36,6.36,1.97,594.71,54,0.954,0.021
阳光,sunlight,7.77,0.83,6.77,1.77,4.91,0.48,6.45,1.74,4.32,0.55,4.82,0.83,574.86,51.93,0.932,0.029
洋葱,onion,4.77,2,4.41,1.21,6.32,1.7,5.25,1.75,7.69,2.15,6.64,0.33,531.05,31.06,0.927,0.024
养生,healthy lifestyle,5.43,2.16,6.71,0.72,6.26,1.83,4.66,1.65,6.36,0.97,5.73,0.98,595.96,57.04,0.912,0.051
野蛮,barbarous,6.44,1.44,5.39,0.83,6.44,1.02,6.44,2.08,7.95,1.79,7.54,1.93,605.78,62.47,0.957,0.046
医生,doctor,4.69,0.63,6.86,0.73,7.72,1.61,6.94,1.17,7.77,0.91,7.58,0.5,559.59,40.36,0.918,0.007
依旧,as usual,4.34,0.58,3.8,1.96,3.77,1.19,5.23,1.91,4.25,1.86,5.28,0.55,486.56,37.5,0.919,0.068
依赖,depend,4.25,0.75,4.14,0.72,3.79,0.98,4.36,1.59,4.26,1.98,5.31,1.75,517.68,63.88,0.956,0.04
遗骸,remaimns,4.01,1.76,5.22,0.44,4.83,0.78,3.33,1.7,5.88,1.24,5.59,1.3,566.42,54.8,0.905,0.05
遗体,remains,6.5,2.23,5.13,0.72,5.64,0.67,5.5,1.34,7.03,1.7,6.74,1.04,597.17,58.85,0.92,0.029
遗址,historical remains,5,1.37,4.69,1.09,6.89,1.8,5.56,0.87,7.63,1.47,7.26,0.77,604.39,42.04,0.891,0.008
疑虑,doubt,6.24,0.36,6.22,1.23,6.73,0.94,4.8,0.68,7.1,0.64,5.7,1.43,532.6,44.37,0.877,0.022
阴暗,dark,5.2,0.45,5.11,1.05,5.17,1.07,4.67,0.56,5.3,0.64,5.47,1.98,560.96,40.38,0.929,0.01
阴霾,overcast,4.37,2.02,4.4,1.32,3.23,0.35,4.8,0.93,3.9,1.02,4.88,1.19,563.44,45.39,0.877,0.059
淫秽,dirty,3.95,1.88,4.18,0.69,5.5,0.86,3.67,1.2,6.36,1.95,5.45,1.37,561.15,29.89,0.928,0.026
英雄,hero,1.89,2,6.57,0.82,4.86,1.2,4.64,0.73,6.06,2.14,6.14,0.71,590.4,49.42,0.893,0.054
婴儿,infant,7.17,2.33,6.19,1.99,5.53,0.74,4.93,2.01,5.83,0.88,5.35,0.69,543,58.6,0.898,0.068
樱花,sakura,7.03,2.11,5.07,1.08,6.77,1.26,6.3,1.74,6.58,1.45,6.14,0.57,573.32,41.55,0.881,0.062
营养,nutrition,4.83,0.58,5.2,0.78,3.37,0.84,5.6,1.33,3.49,0.78,4.52,1.76,543.27,34.98,0.905,0.021
影子,shadow,6.05,2.18,5.32,1.72,4.18,1.42,5.07,1.68,5.08,0.83,5.72,0.61,546.58,44.23,0.914,0.058
硬币,coin,5.11,0.99,4.26,0.6,6.11,1.87,5.14,1.17,6.11,0.64,6.28,1.79,505.08,34.71,0.948,0.015
拥抱,hug,7.08,0.4,7.08,1.73,6.89,0.24,7.97,1.25,6.95,1.81,6.95,0.38,552.47,26.2,0.922,0.017
拥挤,crowded,4.23,0.37,5.97,1.48,6.26,1.4,6.11,1.36,7.7,0.99,7.32,1.85,569.14,56.03,0.922,0.068
勇敢,brave,7.61,0.54,6.75,1.22,4.92,0.88,6.53,0.97,5.58,1.05,6.14,1.98,527.3,22.99,0.891,0.057
勇士,worrior,7.21,0.86,5.96,0.53,6.32,1.76,6.43,0.77,7.8,1.87,7.07,0.66,569.39,38.68,0.936,0.009
优秀,excellent,1.89,1.81,6.67,1.84,4.25,0.93,4.36,1.61,3.8,0.92,4.77,1.62,491.79,63.59,0.936,0.033
优异,outstanding,4.41,1.66,5.06,0.82,5.14,1.28,5.14,1.58,4.86,0.47,5.24,1.78,527.22,48.84,0.877,0.05
幽暗,gloomy,5.39,1.54,4.67,1.92,5.81,0.29,5.06,0.88,5.07,1.23,5.63,1.01,554.35,54.6,0.94,0.064
邮票,post stamp,5.36,2.07,5.14,0.59,6.46,1.56,6.34,1.19,7.54,1.63,6.46,1.33,520.64,42.69,0.916,0.063
犹豫,hesitate,3.59,1.99,3.95,0.92,3.59,1.66,4.18,1.16,3.18,1.84,3.58,2,568.11,46.55,0.938,0.035
友谊,friendship,7.68,2.13,6.14,1.45,6.96,1.28,6.29,2.01,7.69,1.79,7.06,0.86,535.18,54.45,0.927,0.016
幼儿,infant,7.93,0.58,5.53,0.49,7.3,1.54,6.9,1.1,7.93,0.57,6.94,0.35,611.24,44.71,0.884,0.066
鱼竿,fishing pole,4.42,0.42,5.31,2.04,4.03,1.8,5.23,0.84,4.47,1.34,4.72,1.07,478.43,52.57,0.906,0.056
羽毛,plume,5.14,2.09,4.04,0.88,3.89,1.37,4.71,1.71,2.54,1.22,3.72,1.09,489.18,33.41,0.875,0.054
语言,language,5.43,1.01,6.89,1.59,3.86,1.43,5.94,1.07,4.4,0.76,4.53,1.31,555.98,30.94,0.941,0.032
玉佩,jade pandent,7,0.47,5.18,1.4,6.86,0.82,5.36,1.35,6.91,1.05,6.51,1.26,555.76,52.51,0.939,0.07
渊博,profound,6,2.12,6.07,1.88,6.15,0.3,6.07,0.67,6.12,0.9,6.12,0.88,634.57,49.14,0.885,0.023
元帅,general,5.68,1.71,5.17,1.5,6.34,0.28,5.97,0.66,6.65,0.9,5.95,0.31,604.68,30.38,0.905,0.032
园林,gardening,6.56,2.12,5.37,1.43,7.15,1.41,6.63,1.48,7.63,1.97,7.23,1.78,548.77,58.51,0.908,0.023
怨恨,feel bitter about,1.43,1.23,6.07,0.83,4.43,1.83,4.25,0.63,5.57,1.91,6.06,0.46,573.55,40.42,0.933,0.026
愿望,wish,6.71,1.44,6.64,0.9,4.79,1.79,5.64,0.83,4.57,1.93,5.44,0.71,508.67,53.79,0.923,0.067
月亮,moon,6.53,2.02,5.27,2.1,7,1.14,6.7,1.64,8,1.45,7.38,0.72,630.7,43.1,0.956,0.041
晕厥,faint,3.08,2.05,5.53,1.84,6.81,1.29,6.5,1.98,6.51,1.58,6.21,0.47,534.11,45.07,0.9,0.009
云彩,clouds,6.66,2.15,4.97,2.02,5.48,1.48,6.11,0.98,5.19,1.91,5.65,0.6,502.6,44.25,0.884,0.062
灾民,victims of a natural calamity,6.29,1.05,7.14,1.59,4.89,0.48,3.64,1.66,5.06,1.91,5.7,1.79,576.87,43.51,0.915,0.053
赞美,accompliments,7.1,1.08,7.27,0.82,3.13,1.06,6.33,0.59,4.67,0.87,5.68,0.36,492.58,51.06,0.902,0.009
赞赏,praise,7.33,1.77,6.97,0.8,3.07,0.25,6.5,1.74,4.91,1.61,5.67,0.58,530.02,24.74,0.957,0.059
赞叹,in awe,7.31,1.7,6.81,0.69,4.47,1.92,6.44,1.64,5.42,1.14,5.58,0.65,489.21,51.63,0.888,0.041
脏物,dirt,2.49,1.58,6.92,0.79,3.97,1.11,3.8,1.2,5.25,0.98,5.19,0.55,468.74,58.56,0.922,0.029
责备,scold,4.4,1.8,4.03,1.24,3.07,0.8,3.1,0.69,4.3,0.59,4.65,1.23,472.78,42.87,0.897,0.037
诈骗,scam,1.86,1.39,6.6,0.49,4.05,1.68,4.54,1.13,5.22,1.37,6.49,0.24,510.19,49.1,0.908,0.032
炸弹,bomb,1.68,0.67,7.25,1.56,5.04,0.52,4.07,0.98,5.99,1.98,6.13,1.02,575.28,57.49,0.955,0.009
战场,battle field,2.18,2.13,6.75,1.25,4.21,1.56,3.86,1.64,6.27,1.19,6.13,1.3,527.75,38.62,0.946,0.04
战俘,war victim,2.32,1.84,6.71,1.42,5.64,0.37,5.5,0.64,6.94,1.36,5.57,0.3,573.28,42.63,0.885,0.066
战友,comrade-in-arms,5.88,0.9,6.39,2.05,6.24,1.25,4.8,0.87,6.2,1.08,6.31,0.4,517.21,51.48,0.902,0.065
长城,the great wall,4.18,0.7,3.5,0.88,6.5,1.47,5.33,1.75,7.43,1.91,6.74,1.77,592.39,47.4,0.879,0.01
珍藏,treasure,4.71,1.13,4.29,1.68,4.46,0.42,4.6,0.79,4.3,0.5,5.19,0.86,549.71,46.81,0.936,0.064
真理,truth,4.32,1.06,4.86,2.02,4.09,1.33,5,1.82,3.82,1.6,3.84,1.4,502.9,35.6,0.957,0.063
真实,real,6.61,0.83,6.63,1.07,6.41,0.26,6.12,1.41,7.03,1.86,6.46,0.81,557.69,57.12,0.943,0.057
争吵,squabble,7.86,0.86,5.97,0.98,4.31,1.54,5.14,1.88,5.23,1.11,5.58,0.49,512.54,38.41,0.909,0.06
整洁,neat and tidy,4.39,2.03,3.44,1.68,4.33,0.89,5.86,1.4,4.79,2.14,4.74,1.61,493.76,61.61,0.874,0.059
整齐,neat and tidy,5.44,1.42,3.78,0.73,6.75,1.3,7.25,1.7,7.28,0.68,6.81,1.44,508.26,58.95,0.939,0.063
正气,integrity,3.83,1.37,4.08,1.6,6.5,1.46,5.41,2.02,6.29,1.62,5.39,1.72,501.2,24.4,0.934,0.01
正义,justice,6.08,1.78,6.39,1.44,5.42,1.03,5.55,0.8,5.71,0.85,5.63,1.94,540.6,38.47,0.886,0.035
知己,confidant,6.8,0.64,5.03,1.39,6.7,1.56,5.47,0.98,7.34,2.14,6.35,1.43,537.65,50.02,0.932,0.029
知识,knowledge,4.32,1.96,4,1.82,4.45,0.63,4.59,1.61,3.37,1.96,3.92,1.67,494.06,46.39,0.882,0.056
知足,content,1.8,1.57,7.8,1.17,3.6,1.61,5.87,1.96,3.39,1.42,4.7,0.26,576.31,57.17,0.896,0.026
智慧,wisdom,6.68,1.74,5.82,0.51,6.32,1.25,5.64,1.16,5.21,2.14,5.06,1.16,558.75,36.65,0.934,0.042
中弹,get shot,3.32,1.07,7.16,0.59,6.36,0.53,6.39,1.67,7.26,1.05,6.91,0.46,569.46,54.83,0.871,0.034
肿瘤,tumor,6.86,0.47,6.28,0.5,4.5,1.11,3.18,1.17,4.05,0.73,4.13,1.35,480.88,24.21,0.936,0.068
重逢,reunion,7.14,1.62,6.09,1.22,7.68,0.94,7.82,0.69,7.5,1.99,7.13,1.8,632.74,26.24,0.922,0.036
重视,emphasize,5.11,1.53,4.36,0.56,5.14,0.87,4.86,1.21,3.7,0.65,4.21,1.21,503.42,41.18,0.939,0.054
珠宝,jem,6.5,0.41,5.33,1.01,6.9,0.58,6.57,0.44,7.33,2.15,6.59,1.82,541.8,55.56,0.956,0.01
主权,sovereignty,4.14,2.35,3.39,0.89,6.32,1.87,5.46,0.04,7.74,1.91,7.06,1.63,597.87,35.9,0.896,0.011
专家,specialist,6.5,1.06,5.25,1.04,6.04,1.77,4.68,1.65,7.5,2.1,6.93,1.66,525.54,39.58,0.899,0.055
庄严,dignity,5.41,1.24,6.86,2.05,5.59,0.28,5.09,0.62,5.24,1.25,5.03,1.1,627.05,62.76,0.878,0.021
庄园,manor,2.32,0.47,7.61,1.15,5.88,1.06,5.39,1.33,7.34,1.11,6,1.74,548.41,45.57,0.879,0.036
壮丽,magnificent,6.68,1.89,6.24,1.05,6.93,0.63,6.2,1.08,7.02,1.82,6.55,0.83,623.42,33.13,0.926,0.035
撞击,crash,3.64,1.29,6.61,0.55,5.92,1.55,4.56,0.91,7.23,1.26,6.7,1.09,579.03,36.85,0.951,0.053
坠毁,fall and crash,5.97,2.07,6.17,0.75,6.23,0.48,3.23,1.98,7.13,2.06,6.24,0.4,560.8,25.24,0.901,0.042
坠机,plane crash,1.89,0.55,6.92,0.56,4.64,1.87,4.61,0.86,6.05,1.34,5.23,1.32,545.96,22.17,0.933,0.057
拙劣,trashy,6.29,1.08,6.46,0.82,4.71,1.4,4.46,0.87,6.14,0.41,5.18,0.41,538.46,39.39,0.89,0.02
茁壮,strong,6.97,1.18,5.94,1.49,7,0.58,7.34,1.33,6.97,0.66,6.22,1.33,583.2,23.75,0.92,0.026
卓越,outstanding,4.83,0.73,4.06,0.77,4.14,0.84,5.79,1.11,3.79,0.44,5.09,0.68,579.44,46.67,0.893,0.061
姿色,female charm,6.5,1.29,6.3,1.32,5.87,0.28,5.67,0.76,7.12,0.62,6.35,0.78,523.63,31.58,0.911,0.062
自卑,low self-esteem,5.12,1.44,4.71,1.69,4.54,1.35,4.8,1.55,4.59,1.82,4.97,1.34,530.21,60.24,0.957,0.064
自豪,proud,4.98,1.68,4.49,1.13,5.15,0.98,5.71,2.04,5,2.02,5.35,1.03,571.31,25.4,0.924,0.054
自杀,suicide,5.03,0.73,3.94,1.04,3.6,0.82,3.83,1.39,5.35,0.42,5.38,1.4,465.94,37.87,0.941,0.028
自信,confidence,1.83,0.87,6.12,1.2,4.32,1.47,5.43,1.28,4.94,2.19,5.79,0.71,537.2,61.83,0.935,0.027
总理,premier,5.54,1.64,6.07,0.71,4.36,0.93,5.5,1.87,4.56,1.77,4.97,1.41,515.41,26.39,0.902,0.013
总统,president,4.95,0.72,3.14,0.59,4.62,0.49,5.76,1.78,4.45,0.7,4.42,0.64,555.15,44.3,0.949,0.061
足迹,foot path,6.36,1.32,4.91,1.35,4.27,1.82,6.36,1.69,4.58,1.02,4.82,1.95,545.12,32.21,0.889,0.064
足球,football,4.93,0.75,7.18,2.06,3.64,1.99,4.61,1.74,3.87,0.56,4.84,0.66,466.76,56.99,0.916,0.042
阻止,prevent,4.01,2.23,3.5,1.06,3.27,1.14,5.5,1.07,3.2,2.07,4.55,0.54,556.18,59.53,0.959,0.013
钻戒,diamond ring,3.03,0.88,5.83,1.38,4.5,1.84,5.32,1.1,3.74,0.77,5.11,1.29,572.99,38.42,0.89,0.042
罪名,accusation,5.54,1.91,5.98,0.96,5.54,0.99,5.46,0.96,6.45,2.04,6.12,0.9,588.99,55.09,0.905,0.054
