word,mean_percentile,n_sources,sources,mean_raw_concreteness,gloss_english,tier,selected,gloss_source
aardbei,0.997955789619569,1,Brysbaert2014a,5,strawberry,core,TRUE,hack_llm_translation
aubade,0.997955789619569,1,Brysbaert2014a,5,morning serenade,core,TRUE,hack_llm_translation
bal,0.997955789619569,1,Brysbaert2014a,5,ball,core,TRUE,hack_llm_translation
banaan,0.997955789619569,1,Brysbaert2014a,5,banana,core,TRUE,hack_llm_translation
been,0.997955789619569,1,Brysbaert2014a,5,leg,core,TRUE,hack_llm_translation
beo,0.997955789619569,1,Brysbaert2014a,5,myna bird,core,TRUE,hack_llm_translation
bes,0.997955789619569,1,Brysbaert2014a,5,berry,core,TRUE,hack_llm_translation
brasem,0.997955789619569,1,Brysbaert2014a,5,bream,core,TRUE,hack_llm_translation
broek,0.997955789619569,1,Brysbaert2014a,5,pants,core,TRUE,hack_llm_translation
brood,0.997955789619569,1,Brysbaert2014a,5,bread,core,TRUE,hack_llm_translation
camee,0.997955789619569,1,Brysbaert2014a,5,cameo,core,TRUE,hack_llm_translation
dolfijn,0.997955789619569,1,Brysbaert2014a,5,dolphin,core,TRUE,hack_llm_translation
duim,0.997955789619569,1,Brysbaert2014a,5,thumb,core,TRUE,hack_llm_translation
ei,0.997955789619569,1,Brysbaert2014a,5,egg,core,TRUE,hack_llm_translation
erwten,0.997955789619569,1,Brysbaert2014a,5,peas,core,TRUE,hack_llm_translation
haarband,0.997955789619569,1,Brysbaert2014a,5,hairband,core,TRUE,hack_llm_translation
handdoek,0.997955789619569,1,Brysbaert2014a,5,towel,core,TRUE,hack_llm_translation
helikopter,0.997955789619569,1,Brysbaert2014a,5,helicopter,core,TRUE,hack_llm_translation
kaars,0.997955789619569,1,Brysbaert2014a,5,candle,core,TRUE,hack_llm_translation
kano,0.997955789619569,1,Brysbaert2014a,5,canoe,core,TRUE,hack_llm_translation
karwats,0.997955789619569,1,Brysbaert2014a,5,horsewhip,core,TRUE,hack_llm_translation
kashba,0.997955789619569,1,Brysbaert2014a,5,kasbah,core,TRUE,hack_llm_translation
klewang,0.997955789619569,1,Brysbaert2014a,5,machete,core,TRUE,hack_llm_translation
kotter,0.997955789619569,1,Brysbaert2014a,5,cutter boat,core,TRUE,hack_llm_translation
krekel,0.997955789619569,1,Brysbaert2014a,5,cricket,core,TRUE,hack_llm_translation
kuras,0.997955789619569,1,Brysbaert2014a,5,cuirass,core,TRUE,hack_llm_translation
messing,0.997955789619569,1,Brysbaert2014a,5,brass,core,TRUE,hack_llm_translation
mink,0.997955789619569,1,Brysbaert2014a,5,mink,core,TRUE,hack_llm_translation
muis,0.997955789619569,1,Brysbaert2014a,5,mouse,core,TRUE,hack_llm_translation
muts,0.997955789619569,1,Brysbaert2014a,5,beanie,core,TRUE,hack_llm_translation
ogen,0.997955789619569,1,Brysbaert2014a,5,eyes,core,TRUE,hack_llm_translation
oog,0.997955789619569,1,Brysbaert2014a,5,eye,core,TRUE,hack_llm_translation
pais,0.997955789619569,1,Brysbaert2014a,5,peace,core,TRUE,hack_llm_translation
pen,0.997955789619569,1,Brysbaert2014a,5,pen,core,TRUE,hack_llm_translation
perzik,0.997955789619569,1,Brysbaert2014a,5,peach,core,TRUE,hack_llm_translation
piel,0.997955789619569,1,Brysbaert2014a,5,penis,core,TRUE,hack_llm_translation
ranonkel,0.997955789619569,1,Brysbaert2014a,5,buttercup,core,TRUE,hack_llm_translation
rietje,0.997955789619569,1,Brysbaert2014a,5,straw,core,TRUE,hack_llm_translation
rups,0.997955789619569,1,Brysbaert2014a,5,caterpillar,core,TRUE,hack_llm_translation
schaap,0.997955789619569,1,Brysbaert2014a,5,sheep,core,TRUE,hack_llm_translation
schelp,0.997955789619569,1,Brysbaert2014a,5,shell,core,TRUE,hack_llm_translation
sinaasappel,0.997955789619569,1,Brysbaert2014a,5,orange,core,TRUE,hack_llm_translation
sisal,0.997955789619569,1,Brysbaert2014a,5,sisal,core,TRUE,hack_llm_translation
stearine,0.997955789619569,1,Brysbaert2014a,5,stearin,core,TRUE,hack_llm_translation
stèle,0.997955789619569,1,Brysbaert2014a,5,stele,core,TRUE,hack_llm_translation
tand,0.997955789619569,1,Brysbaert2014a,5,tooth,core,TRUE,hack_llm_translation
tijger,0.997955789619569,1,Brysbaert2014a,5,tiger,core,TRUE,hack_llm_translation
tong,0.997955789619569,1,Brysbaert2014a,5,tongue,core,TRUE,hack_llm_translation
trein,0.997955789619569,1,Brysbaert2014a,5,train,core,TRUE,hack_llm_translation
verrekijker,0.997955789619569,1,Brysbaert2014a,5,binoculars,core,TRUE,hack_llm_translation
zetel,0.997955789619569,1,Brysbaert2014a,5,armchair,core,TRUE,hack_llm_translation
aardappel,0.991511329776176,1,Brysbaert2014a,4.93,potato,core,TRUE,hack_llm_translation
aardappelen,0.991511329776176,1,Brysbaert2014a,4.93,potatoes,core,TRUE,hack_llm_translation
adelaar,0.991511329776176,1,Brysbaert2014a,4.93,eagle,core,TRUE,hack_llm_translation
appeltaart,0.991511329776176,1,Brysbaert2014a,4.93,apple pie,core,TRUE,hack_llm_translation
autosleutel,0.991511329776176,1,Brysbaert2014a,4.93,car key,core,TRUE,hack_llm_translation
ballon,0.991511329776176,1,Brysbaert2014a,4.93,balloon,core,TRUE,hack_llm_translation
beer,0.991511329776176,1,Brysbaert2014a,4.93,bear,core,TRUE,hack_llm_translation
bloemkool,0.991511329776176,1,Brysbaert2014a,4.93,cauliflower,core,TRUE,hack_llm_translation
boekenkast,0.991511329776176,1,Brysbaert2014a,4.93,bookcase,core,TRUE,hack_llm_translation
bonobo,0.991511329776176,1,Brysbaert2014a,4.93,bonobo,core,TRUE,hack_llm_translation
boomstronk,0.991511329776176,1,Brysbaert2014a,4.93,tree stump,core,TRUE,hack_llm_translation
borstel,0.991511329776176,1,Brysbaert2014a,4.93,brush,core,TRUE,hack_llm_translation
bosvruchten,0.991511329776176,1,Brysbaert2014a,4.93,forest fruits,core,TRUE,hack_llm_translation
boterham,0.991511329776176,1,Brysbaert2014a,4.93,sandwich,core,TRUE,hack_llm_translation
brandnetel,0.991511329776176,1,Brysbaert2014a,4.93,nettle,core,TRUE,hack_llm_translation
broccoli,0.991511329776176,1,Brysbaert2014a,4.93,broccoli,core,TRUE,hack_llm_translation
champignon,0.991511329776176,1,Brysbaert2014a,4.93,mushroom,core,TRUE,hack_llm_translation
chocola,0.991511329776176,1,Brysbaert2014a,4.93,chocolate,core,TRUE,hack_llm_translation
chocomelk,0.991511329776176,1,Brysbaert2014a,4.93,chocolate milk,core,TRUE,hack_llm_translation
deur,0.991511329776176,1,Brysbaert2014a,4.93,door,core,TRUE,hack_llm_translation
druiven,0.991511329776176,1,Brysbaert2014a,4.93,grapes,core,TRUE,hack_llm_translation
eland,0.991511329776176,1,Brysbaert2014a,4.93,elk,core,TRUE,hack_llm_translation
fiets,0.991511329776176,1,Brysbaert2014a,4.93,bicycle,core,TRUE,hack_llm_translation
forel,0.991511329776176,1,Brysbaert2014a,4.93,trout,core,TRUE,hack_llm_translation
fototoestel,0.991511329776176,1,Brysbaert2014a,4.93,camera,core,TRUE,hack_llm_translation
fruitsap,0.991511329776176,1,Brysbaert2014a,4.93,fruit juice,core,TRUE,hack_llm_translation
gehaktbal,0.991511329776176,1,Brysbaert2014a,4.93,meatball,core,TRUE,hack_llm_translation
gitaar,0.991511329776176,1,Brysbaert2014a,4.93,guitar,core,TRUE,hack_llm_translation
golfbal,0.991511329776176,1,Brysbaert2014a,4.93,golf ball,core,TRUE,hack_llm_translation
graafmachine,0.991511329776176,1,Brysbaert2014a,4.93,excavator,core,TRUE,hack_llm_translation
hals,0.991511329776176,1,Brysbaert2014a,4.93,neck,core,TRUE,hack_llm_translation
halsketting,0.991511329776176,1,Brysbaert2014a,4.93,necklace,core,TRUE,hack_llm_translation
hamster,0.991511329776176,1,Brysbaert2014a,4.93,hamster,core,TRUE,hack_llm_translation
hark,0.991511329776176,1,Brysbaert2014a,4.93,rake,core,TRUE,hack_llm_translation
husky,0.991511329776176,1,Brysbaert2014a,4.93,husky,core,TRUE,hack_llm_translation
identiteitskaart,0.991511329776176,1,Brysbaert2014a,4.93,id card,core,TRUE,hack_llm_translation
ijsje,0.991511329776176,1,Brysbaert2014a,4.93,ice cream,core,TRUE,hack_llm_translation
kaas,0.991511329776176,1,Brysbaert2014a,4.93,cheese,core,TRUE,hack_llm_translation
kameel,0.991511329776176,1,Brysbaert2014a,4.93,camel,core,TRUE,hack_llm_translation
kanarie,0.991511329776176,1,Brysbaert2014a,4.93,canary,core,TRUE,hack_llm_translation
kever,0.991511329776176,1,Brysbaert2014a,4.93,beetle,core,TRUE,hack_llm_translation
kiwi,0.991511329776176,1,Brysbaert2014a,4.93,kiwi,core,TRUE,hack_llm_translation
kleurpotlood,0.991511329776176,1,Brysbaert2014a,4.93,colored pencil,core,TRUE,hack_llm_translation
knikker,0.991511329776176,1,Brysbaert2014a,4.93,marble,core,TRUE,hack_llm_translation
krant,0.991511329776176,1,Brysbaert2014a,4.93,newspaper,core,TRUE,hack_llm_translation
kroepoek,0.991511329776176,1,Brysbaert2014a,4.93,prawn cracker,core,TRUE,hack_llm_translation
kroon,0.991511329776176,1,Brysbaert2014a,4.93,crown,core,TRUE,hack_llm_translation
laars,0.991511329776176,1,Brysbaert2014a,4.93,boot,core,TRUE,hack_llm_translation
laarzen,0.991511329776176,1,Brysbaert2014a,4.93,boots,core,TRUE,hack_llm_translation
laptop,0.991511329776176,1,Brysbaert2014a,4.93,laptop,core,TRUE,hack_llm_translation
lasagne,0.991511329776176,1,Brysbaert2014a,4.93,lasagna,core,TRUE,hack_llm_translation
lepel,0.991511329776176,1,Brysbaert2014a,4.93,spoon,core,TRUE,hack_llm_translation
lintmeter,0.991511329776176,1,Brysbaert2014a,4.93,tape measure,core,TRUE,hack_llm_translation
lolly,0.991511329776176,1,Brysbaert2014a,4.93,lollipop,core,TRUE,hack_llm_translation
luchtmatras,0.991511329776176,1,Brysbaert2014a,4.93,air mattress,core,TRUE,hack_llm_translation
maan,0.991511329776176,1,Brysbaert2014a,4.93,moon,core,TRUE,hack_llm_translation
macaroni,0.991511329776176,1,Brysbaert2014a,4.93,macaroni,core,TRUE,hack_llm_translation
maïskolf,0.991511329776176,1,Brysbaert2014a,4.93,corn cob,core,TRUE,hack_llm_translation
matras,0.991511329776176,1,Brysbaert2014a,4.93,mattress,core,TRUE,hack_llm_translation
mayonaise,0.991511329776176,1,Brysbaert2014a,4.93,mayonnaise,core,TRUE,hack_llm_translation
mok,0.991511329776176,1,Brysbaert2014a,4.93,mug,core,TRUE,hack_llm_translation
neus,0.991511329776176,1,Brysbaert2014a,4.93,nose,core,TRUE,hack_llm_translation
oester,0.991511329776176,1,Brysbaert2014a,4.93,oyster,core,TRUE,hack_llm_translation
oksel,0.991511329776176,1,Brysbaert2014a,4.93,armpit,core,TRUE,hack_llm_translation
oorlel,0.991511329776176,1,Brysbaert2014a,4.93,earlobe,core,TRUE,hack_llm_translation
pannen,0.991511329776176,1,Brysbaert2014a,4.93,pans,core,TRUE,hack_llm_translation
paperclip,0.991511329776176,1,Brysbaert2014a,4.93,paperclip,core,TRUE,hack_llm_translation
pauw,0.991511329776176,1,Brysbaert2014a,4.93,peacock,core,TRUE,hack_llm_translation
pelikaan,0.991511329776176,1,Brysbaert2014a,4.93,pelican,core,TRUE,hack_llm_translation
piano,0.991511329776176,1,Brysbaert2014a,4.93,piano,core,TRUE,hack_llm_translation
pink,0.991511329776176,1,Brysbaert2014a,4.93,pinky finger,core,TRUE,hack_llm_translation
pompoen,0.991511329776176,1,Brysbaert2014a,4.93,pumpkin,core,TRUE,hack_llm_translation
prei,0.991511329776176,1,Brysbaert2014a,4.93,leek,core,TRUE,hack_llm_translation
prikkeldraad,0.991511329776176,1,Brysbaert2014a,4.93,barbed wire,core,TRUE,hack_llm_translation
radijs,0.991511329776176,1,Brysbaert2014a,4.93,radish,core,TRUE,hack_llm_translation
rasp,0.991511329776176,1,Brysbaert2014a,4.93,grater,core,TRUE,hack_llm_translation
ree,0.991511329776176,1,Brysbaert2014a,4.93,deer,core,TRUE,hack_llm_translation
regendruppel,0.991511329776176,1,Brysbaert2014a,4.93,raindrop,core,TRUE,hack_llm_translation
rijst,0.991511329776176,1,Brysbaert2014a,4.93,rice,core,TRUE,hack_llm_translation
ringvinger,0.991511329776176,1,Brysbaert2014a,4.93,ring finger,core,TRUE,hack_llm_translation
rug,0.991511329776176,1,Brysbaert2014a,4.93,back,core,TRUE,hack_llm_translation
salamander,0.991511329776176,1,Brysbaert2014a,4.93,salamander,core,TRUE,hack_llm_translation
schoenveter,0.991511329776176,1,Brysbaert2014a,4.93,shoelace,core,TRUE,hack_llm_translation
selder,0.991511329776176,1,Brysbaert2014a,4.93,celery,core,TRUE,hack_llm_translation
sinaasappelsap,0.991511329776176,1,Brysbaert2014a,4.93,orange juice,core,TRUE,hack_llm_translation
sneeuwvlok,0.991511329776176,1,Brysbaert2014a,4.93,snowflake,core,TRUE,hack_llm_translation
soeplepel,0.991511329776176,1,Brysbaert2014a,4.93,soup spoon,core,TRUE,hack_llm_translation
spar,0.991511329776176,1,Brysbaert2014a,4.93,spruce,core,TRUE,hack_llm_translation
spiegel,0.991511329776176,1,Brysbaert2014a,4.93,mirror,core,TRUE,hack_llm_translation
spons,0.991511329776176,1,Brysbaert2014a,4.93,sponge,core,TRUE,hack_llm_translation
spuitwater,0.991511329776176,1,Brysbaert2014a,4.93,sparkling water,core,TRUE,hack_llm_translation
stadion,0.991511329776176,1,Brysbaert2014a,4.93,stadium,core,TRUE,hack_llm_translation
stier,0.991511329776176,1,Brysbaert2014a,4.93,bull,core,TRUE,hack_llm_translation
stofzuiger,0.991511329776176,1,Brysbaert2014a,4.93,vacuum cleaner,core,TRUE,hack_llm_translation
touw,0.991511329776176,1,Brysbaert2014a,4.93,rope,core,TRUE,hack_llm_translation
tractor,0.991511329776176,1,Brysbaert2014a,4.93,tractor,core,TRUE,hack_llm_translation
treinstation,0.991511329776176,1,Brysbaert2014a,4.93,train station,core,TRUE,hack_llm_translation
trui,0.991511329776176,1,Brysbaert2014a,4.93,sweater,core,TRUE,hack_llm_translation
vaas,0.991511329776176,1,Brysbaert2014a,4.93,vase,core,TRUE,hack_llm_translation
videoband,0.991511329776176,1,Brysbaert2014a,4.93,videotape,core,TRUE,hack_llm_translation
vloer,0.991511329776176,1,Brysbaert2014a,4.93,floor,core,TRUE,hack_llm_translation
voetbal,0.991511329776176,1,Brysbaert2014a,4.93,football,core,TRUE,hack_llm_translation
voeten,0.991511329776176,1,Brysbaert2014a,4.93,feet,core,TRUE,hack_llm_translation
vuist,0.991511329776176,1,Brysbaert2014a,4.93,fist,core,TRUE,hack_llm_translation
wang,0.991511329776176,1,Brysbaert2014a,4.93,cheek,core,TRUE,hack_llm_translation
waterlelie,0.991511329776176,1,Brysbaert2014a,4.93,water lily,core,TRUE,hack_llm_translation
wiel,0.991511329776176,1,Brysbaert2014a,4.93,wheel,core,TRUE,hack_llm_translation
wortels,0.991511329776176,1,Brysbaert2014a,4.93,carrots,core,TRUE,hack_llm_translation
zaklantaarn,0.991511329776176,1,Brysbaert2014a,4.93,flashlight,core,TRUE,hack_llm_translation
zalm,0.991511329776176,1,Brysbaert2014a,4.93,salmon,core,TRUE,hack_llm_translation
zand,0.991511329776176,1,Brysbaert2014a,4.93,sand,core,TRUE,hack_llm_translation
potlood,0.988673235311577,2,Brysbaert2014a;Jasmin2012,7,pencil,core,TRUE,hack_llm_translation
viool,0.988673235311577,2,Brysbaert2014a;Jasmin2012,7,violin,core,TRUE,hack_llm_translation
gekko,0.987041785046081,1,Brysbaert2014a,4.92,gecko,core,TRUE,hack_llm_translation
schaatsplank,0.987041785046081,1,Brysbaert2014a,4.92,skateboard,core,TRUE,hack_llm_translation
tipi,0.987041785046081,1,Brysbaert2014a,4.92,tepee,core,TRUE,hack_llm_translation
speenkruid,0.986903194511815,1,Brysbaert2014a,4.91,celandine,core,TRUE,hack_llm_translation
sperwer,0.986833899244682,1,Brysbaert2014a,4.9,sparrowhawk,core,TRUE,hack_llm_translation
T-shirt,0.986764603977548,1,Brysbaert2014a,4.892,t-shirt,core,TRUE,hack_llm_translation
aronskelk,0.986660661076848,1,Brysbaert2014a,4.89,calla lily,core,TRUE,hack_llm_translation
bouvier,0.986660661076848,1,Brysbaert2014a,4.89,bouvier dog,core,TRUE,hack_llm_translation
fez,0.986522070542582,1,Brysbaert2014a,4.88,fez,core,TRUE,hack_llm_translation
tatami,0.986522070542582,1,Brysbaert2014a,4.88,tatami mat,core,TRUE,hack_llm_translation
fles,0.98545100538988,2,Brysbaert2014a;Jasmin2012,6.965,bottle,core,TRUE,hack_llm_translation
kikker,0.98545100538988,2,Brysbaert2014a;Jasmin2012,6.965,frog,core,TRUE,hack_llm_translation
schaar,0.98545100538988,2,Brysbaert2014a;Jasmin2012,6.965,scissors,core,TRUE,hack_llm_translation
havik,0.979110488447188,2,Brysbaert2014a;Jasmin2012,6.935,hawk,core,TRUE,hack_llm_translation
leeuw,0.979110488447188,2,Brysbaert2014a;Jasmin2012,6.935,lion,core,TRUE,hack_llm_translation
vlag,0.979110488447188,2,Brysbaert2014a;Jasmin2012,6.935,flag,core,TRUE,hack_llm_translation
ananas,0.978830295890791,1,Brysbaert2014a,4.87,pineapple,core,TRUE,hack_llm_translation
angel,0.978830295890791,1,Brysbaert2014a,4.87,stinger,core,TRUE,hack_llm_translation
appelflap,0.978830295890791,1,Brysbaert2014a,4.87,apple turnover,core,TRUE,hack_llm_translation
armband,0.978830295890791,1,Brysbaert2014a,4.87,bracelet,core,TRUE,hack_llm_translation
asbak,0.978830295890791,1,Brysbaert2014a,4.87,ashtray,core,TRUE,hack_llm_translation
aubergine,0.978830295890791,1,Brysbaert2014a,4.87,eggplant,core,TRUE,hack_llm_translation
augurk,0.978830295890791,1,Brysbaert2014a,4.87,pickle,core,TRUE,hack_llm_translation
autoband,0.978830295890791,1,Brysbaert2014a,4.87,car tire,core,TRUE,hack_llm_translation
autobus,0.978830295890791,1,Brysbaert2014a,4.87,bus,core,TRUE,hack_llm_translation
avocado,0.978830295890791,1,Brysbaert2014a,4.87,avocado,core,TRUE,hack_llm_translation
baard,0.978830295890791,1,Brysbaert2014a,4.87,beard,core,TRUE,hack_llm_translation
banjo,0.978830295890791,1,Brysbaert2014a,4.87,banjo,core,TRUE,hack_llm_translation
bankbiljet,0.978830295890791,1,Brysbaert2014a,4.87,banknote,core,TRUE,hack_llm_translation
beertje,0.978830295890791,1,Brysbaert2014a,4.87,teddy bear,core,TRUE,hack_llm_translation
bever,0.978830295890791,1,Brysbaert2014a,4.87,beaver,core,TRUE,hack_llm_translation
bijl,0.978830295890791,1,Brysbaert2014a,4.87,axe,core,TRUE,hack_llm_translation
blad,0.978830295890791,1,Brysbaert2014a,4.87,leaf,core,TRUE,hack_llm_translation
blouse,0.978830295890791,1,Brysbaert2014a,4.87,blouse,core,TRUE,hack_llm_translation
bokaal,0.978830295890791,1,Brysbaert2014a,4.87,jar,core,TRUE,hack_llm_translation
boksbal,0.978830295890791,1,Brysbaert2014a,4.87,punching bag,core,TRUE,hack_llm_translation
bonen,0.978830295890791,1,Brysbaert2014a,4.87,beans,core,TRUE,hack_llm_translation
boor,0.978830295890791,1,Brysbaert2014a,4.87,drill,core,TRUE,hack_llm_translation
bosbes,0.978830295890791,1,Brysbaert2014a,4.87,blueberry,core,TRUE,hack_llm_translation
bowlingbal,0.978830295890791,1,Brysbaert2014a,4.87,bowling ball,core,TRUE,hack_llm_translation
braambes,0.978830295890791,1,Brysbaert2014a,4.87,blackberry,core,TRUE,hack_llm_translation
bril,0.978830295890791,1,Brysbaert2014a,4.87,glasses,core,TRUE,hack_llm_translation
broekje,0.978830295890791,1,Brysbaert2014a,4.87,panties,core,TRUE,hack_llm_translation
brommer,0.978830295890791,1,Brysbaert2014a,4.87,moped,core,TRUE,hack_llm_translation
broodrooster,0.978830295890791,1,Brysbaert2014a,4.87,toaster,core,TRUE,hack_llm_translation
broodtrommel,0.978830295890791,1,Brysbaert2014a,4.87,bread box,core,TRUE,hack_llm_translation
cactus,0.978830295890791,1,Brysbaert2014a,4.87,cactus,core,TRUE,hack_llm_translation
camera,0.978830295890791,1,Brysbaert2014a,4.87,camera,core,TRUE,hack_llm_translation
champignons,0.978830295890791,1,Brysbaert2014a,4.87,mushrooms,core,TRUE,hack_llm_translation
chocolade,0.978830295890791,1,Brysbaert2014a,4.87,chocolate,core,TRUE,hack_llm_translation
citroen,0.978830295890791,1,Brysbaert2014a,4.87,lemon,core,TRUE,hack_llm_translation
cobra,0.978830295890791,1,Brysbaert2014a,4.87,cobra,core,TRUE,hack_llm_translation
courgette,0.978830295890791,1,Brysbaert2014a,4.87,zucchini,core,TRUE,hack_llm_translation
dakraam,0.978830295890791,1,Brysbaert2014a,4.87,skylight,core,TRUE,hack_llm_translation
deegrol,0.978830295890791,1,Brysbaert2014a,4.87,rolling pin,core,TRUE,hack_llm_translation
dekbed,0.978830295890791,1,Brysbaert2014a,4.87,duvet,core,TRUE,hack_llm_translation
deurknop,0.978830295890791,1,Brysbaert2014a,4.87,doorknob,core,TRUE,hack_llm_translation
diadeem,0.978830295890791,1,Brysbaert2014a,4.87,tiara,core,TRUE,hack_llm_translation
dij,0.978830295890791,1,Brysbaert2014a,4.87,thigh,core,TRUE,hack_llm_translation
douche,0.978830295890791,1,Brysbaert2014a,4.87,shower,core,TRUE,hack_llm_translation
droogtrommel,0.978830295890791,1,Brysbaert2014a,4.87,dryer,core,TRUE,hack_llm_translation
drumstel,0.978830295890791,1,Brysbaert2014a,4.87,drum kit,core,TRUE,hack_llm_translation
duimspijker,0.978830295890791,1,Brysbaert2014a,4.87,thumbtack,core,TRUE,hack_llm_translation
emmer,0.978830295890791,1,Brysbaert2014a,4.87,bucket,core,TRUE,hack_llm_translation
enveloppe,0.978830295890791,1,Brysbaert2014a,4.87,envelope,core,TRUE,hack_llm_translation
es,0.978830295890791,1,Brysbaert2014a,4.87,ash tree,core,TRUE,hack_llm_translation
etter,0.978830295890791,1,Brysbaert2014a,4.87,pus,core,TRUE,hack_llm_translation
fietsband,0.978830295890791,1,Brysbaert2014a,4.87,bike tire,core,TRUE,hack_llm_translation
fietsbel,0.978830295890791,1,Brysbaert2014a,4.87,bike bell,core,TRUE,hack_llm_translation
frikadel,0.978830295890791,1,Brysbaert2014a,4.87,meatball,core,TRUE,hack_llm_translation
gier,0.978830295890791,1,Brysbaert2014a,4.87,vulture,core,TRUE,hack_llm_translation
gips,0.978830295890791,1,Brysbaert2014a,4.87,cast,core,TRUE,hack_llm_translation
giraf,0.978830295890791,1,Brysbaert2014a,4.87,giraffe,core,TRUE,hack_llm_translation
graankorrel,0.978830295890791,1,Brysbaert2014a,4.87,grain kernel,core,TRUE,hack_llm_translation
hagedis,0.978830295890791,1,Brysbaert2014a,4.87,lizard,core,TRUE,hack_llm_translation
handtas,0.978830295890791,1,Brysbaert2014a,4.87,handbag,core,TRUE,hack_llm_translation
hommel,0.978830295890791,1,Brysbaert2014a,4.87,bumblebee,core,TRUE,hack_llm_translation
hoofddoek,0.978830295890791,1,Brysbaert2014a,4.87,headscarf,core,TRUE,hack_llm_translation
huifkar,0.978830295890791,1,Brysbaert2014a,4.87,covered wagon,core,TRUE,hack_llm_translation
ijsblok,0.978830295890791,1,Brysbaert2014a,4.87,ice cube,core,TRUE,hack_llm_translation
ijslolly,0.978830295890791,1,Brysbaert2014a,4.87,popsicle,core,TRUE,hack_llm_translation
inktvis,0.978830295890791,1,Brysbaert2014a,4.87,squid,core,TRUE,hack_llm_translation
jojo,0.978830295890791,1,Brysbaert2014a,4.87,yoyo,core,TRUE,hack_llm_translation
kabeljauw,0.978830295890791,1,Brysbaert2014a,4.87,cod,core,TRUE,hack_llm_translation
kajak,0.978830295890791,1,Brysbaert2014a,4.87,kayak,core,TRUE,hack_llm_translation
kalkoen,0.978830295890791,1,Brysbaert2014a,4.87,turkey,core,TRUE,hack_llm_translation
kameleon,0.978830295890791,1,Brysbaert2014a,4.87,chameleon,core,TRUE,hack_llm_translation
kandelaar,0.978830295890791,1,Brysbaert2014a,4.87,candlestick,core,TRUE,hack_llm_translation
kangoeroe,0.978830295890791,1,Brysbaert2014a,4.87,kangaroo,core,TRUE,hack_llm_translation
kap,0.978830295890791,1,Brysbaert2014a,4.87,hood,core,TRUE,hack_llm_translation
kasteel,0.978830295890791,1,Brysbaert2014a,4.87,castle,core,TRUE,hack_llm_translation
kers,0.978830295890791,1,Brysbaert2014a,4.87,cherry,core,TRUE,hack_llm_translation
ketting,0.978830295890791,1,Brysbaert2014a,4.87,chain,core,TRUE,hack_llm_translation
keukenrol,0.978830295890791,1,Brysbaert2014a,4.87,paper towel,core,TRUE,hack_llm_translation
kip,0.978830295890791,1,Brysbaert2014a,4.87,chicken,core,TRUE,hack_llm_translation
kist,0.978830295890791,1,Brysbaert2014a,4.87,crate,core,TRUE,hack_llm_translation
klimrek,0.978830295890791,1,Brysbaert2014a,4.87,climbing frame,core,TRUE,hack_llm_translation
knijptang,0.978830295890791,1,Brysbaert2014a,4.87,pliers,core,TRUE,hack_llm_translation
knoflook,0.978830295890791,1,Brysbaert2014a,4.87,garlic,core,TRUE,hack_llm_translation
koala,0.978830295890791,1,Brysbaert2014a,4.87,koala,core,TRUE,hack_llm_translation
koekje,0.978830295890791,1,Brysbaert2014a,4.87,cookie,core,TRUE,hack_llm_translation
koelkast,0.978830295890791,1,Brysbaert2014a,4.87,refrigerator,core,TRUE,hack_llm_translation
koets,0.978830295890791,1,Brysbaert2014a,4.87,carriage,core,TRUE,hack_llm_translation
kokosnoot,0.978830295890791,1,Brysbaert2014a,4.87,coconut,core,TRUE,hack_llm_translation
komkommer,0.978830295890791,1,Brysbaert2014a,4.87,cucumber,core,TRUE,hack_llm_translation
kompas,0.978830295890791,1,Brysbaert2014a,4.87,compass,core,TRUE,hack_llm_translation
kraan,0.978830295890791,1,Brysbaert2014a,4.87,faucet,core,TRUE,hack_llm_translation
krab,0.978830295890791,1,Brysbaert2014a,4.87,crab,core,TRUE,hack_llm_translation
kriek,0.978830295890791,1,Brysbaert2014a,4.87,sour cherry,core,TRUE,hack_llm_translation
krijtje,0.978830295890791,1,Brysbaert2014a,4.87,chalk,core,TRUE,hack_llm_translation
krokodil,0.978830295890791,1,Brysbaert2014a,4.87,crocodile,core,TRUE,hack_llm_translation
kroonkurk,0.978830295890791,1,Brysbaert2014a,4.87,bottle cap,core,TRUE,hack_llm_translation
kruimels,0.978830295890791,1,Brysbaert2014a,4.87,crumbs,core,TRUE,hack_llm_translation
kurkentrekker,0.978830295890791,1,Brysbaert2014a,4.87,corkscrew,core,TRUE,hack_llm_translation
kussensloop,0.978830295890791,1,Brysbaert2014a,4.87,pillowcase,core,TRUE,hack_llm_translation
kwal,0.978830295890791,1,Brysbaert2014a,4.87,jellyfish,core,TRUE,hack_llm_translation
labrador,0.978830295890791,1,Brysbaert2014a,4.87,labrador,core,TRUE,hack_llm_translation
lens,0.978830295890791,1,Brysbaert2014a,4.87,lens,core,TRUE,hack_llm_translation
lucifer,0.978830295890791,1,Brysbaert2014a,4.87,match,core,TRUE,hack_llm_translation
mantel,0.978830295890791,1,Brysbaert2014a,4.87,coat,core,TRUE,hack_llm_translation
marmer,0.978830295890791,1,Brysbaert2014a,4.87,marble,core,TRUE,hack_llm_translation
marsepein,0.978830295890791,1,Brysbaert2014a,4.87,marzipan,core,TRUE,hack_llm_translation
mier,0.978830295890791,1,Brysbaert2014a,4.87,ant,core,TRUE,hack_llm_translation
mol,0.978830295890791,1,Brysbaert2014a,4.87,mole,core,TRUE,hack_llm_translation
moustache,0.978830295890791,1,Brysbaert2014a,4.87,mustache,core,TRUE,hack_llm_translation
muizenval,0.978830295890791,1,Brysbaert2014a,4.87,mousetrap,core,TRUE,hack_llm_translation
neusdoek,0.978830295890791,1,Brysbaert2014a,4.87,handkerchief,core,TRUE,hack_llm_translation
ooievaar,0.978830295890791,1,Brysbaert2014a,4.87,stork,core,TRUE,hack_llm_translation
orangoetang,0.978830295890791,1,Brysbaert2014a,4.87,orangutan,core,TRUE,hack_llm_translation
paardenbloem,0.978830295890791,1,Brysbaert2014a,4.87,dandelion,core,TRUE,hack_llm_translation
paddenstoel,0.978830295890791,1,Brysbaert2014a,4.87,mushroom,core,TRUE,hack_llm_translation
pan,0.978830295890791,1,Brysbaert2014a,4.87,pan,core,TRUE,hack_llm_translation
pannenlap,0.978830295890791,1,Brysbaert2014a,4.87,oven mitt,core,TRUE,hack_llm_translation
papegaai,0.978830295890791,1,Brysbaert2014a,4.87,parrot,core,TRUE,hack_llm_translation
paprika,0.978830295890791,1,Brysbaert2014a,4.87,bell pepper,core,TRUE,hack_llm_translation
parels,0.978830295890791,1,Brysbaert2014a,4.87,pearls,core,TRUE,hack_llm_translation
parkiet,0.978830295890791,1,Brysbaert2014a,4.87,NA,core,TRUE,
passievrucht,0.978830295890791,1,Brysbaert2014a,4.87,NA,core,TRUE,
patat,0.978830295890791,1,Brysbaert2014a,4.87,NA,core,TRUE,
peperkoek,0.978830295890791,1,Brysbaert2014a,4.87,NA,core,TRUE,
pepermolen,0.978830295890791,1,Brysbaert2014a,4.87,NA,core,TRUE,
pepermunt,0.978830295890791,1,Brysbaert2014a,4.87,NA,core,TRUE,
pepermuntje,0.978830295890791,1,Brysbaert2014a,4.87,NA,core,TRUE,
peterselie,0.978830295890791,1,Brysbaert2014a,4.87,NA,core,TRUE,
piemel,0.978830295890791,1,Brysbaert2014a,4.87,NA,core,TRUE,
pijl,0.978830295890791,1,Brysbaert2014a,4.87,NA,core,TRUE,
pillamp,0.978830295890791,1,Brysbaert2014a,4.87,NA,core,TRUE,
pinda,0.978830295890791,1,Brysbaert2014a,4.87,NA,core,TRUE,
pinguïn,0.978830295890791,1,Brysbaert2014a,4.87,NA,core,TRUE,
pladijs,0.978830295890791,1,Brysbaert2014a,4.87,NA,core,TRUE,
plakband,0.978830295890791,1,Brysbaert2014a,4.87,NA,core,TRUE,
pleister,0.978830295890791,1,Brysbaert2014a,4.87,NA,core,TRUE,
poep,0.978830295890791,1,Brysbaert2014a,4.87,NA,core,TRUE,
politieauto,0.978830295890791,1,Brysbaert2014a,4.87,NA,core,TRUE,
politiewagen,0.978830295890791,1,Brysbaert2014a,4.87,NA,core,TRUE,
pompelmoes,0.978830295890791,1,Brysbaert2014a,4.87,NA,core,TRUE,
pony,0.978830295890791,1,Brysbaert2014a,4.87,NA,core,TRUE,
portemonnee,0.978830295890791,1,Brysbaert2014a,4.87,NA,core,TRUE,
pudding,0.978830295890791,1,Brysbaert2014a,4.87,NA,core,TRUE,
pukkel,0.978830295890791,1,Brysbaert2014a,4.87,NA,core,TRUE,
puntmuts,0.978830295890791,1,Brysbaert2014a,4.87,NA,core,TRUE,
raam,0.978830295890791,1,Brysbaert2014a,4.87,NA,core,TRUE,
rekenmachine,0.978830295890791,1,Brysbaert2014a,4.87,NA,core,TRUE,
rendier,0.978830295890791,1,Brysbaert2014a,4.87,NA,core,TRUE,
rijstepap,0.978830295890791,1,Brysbaert2014a,4.87,NA,core,TRUE,
rolluik,0.978830295890791,1,Brysbaert2014a,4.87,NA,core,TRUE,
rolstoel,0.978830295890791,1,Brysbaert2014a,4.87,NA,core,TRUE,
roltrap,0.978830295890791,1,Brysbaert2014a,4.87,NA,core,TRUE,
roodborstje,0.978830295890791,1,Brysbaert2014a,4.87,NA,core,TRUE,
sardine,0.978830295890791,1,Brysbaert2014a,4.87,NA,core,TRUE,
scampi,0.978830295890791,1,Brysbaert2014a,4.87,NA,core,TRUE,
schoenen,0.978830295890791,1,Brysbaert2014a,4.87,NA,core,TRUE,
schroevendraaier,0.978830295890791,1,Brysbaert2014a,4.87,NA,core,TRUE,
sigaar,0.978830295890791,1,Brysbaert2014a,4.87,NA,core,TRUE,
siroop,0.978830295890791,1,Brysbaert2014a,4.87,NA,core,TRUE,
ski,0.978830295890791,1,Brysbaert2014a,4.87,NA,core,TRUE,
slagroom,0.978830295890791,1,Brysbaert2014a,4.87,NA,core,TRUE,
slakkenhuis,0.978830295890791,1,Brysbaert2014a,4.87,NA,core,TRUE,
snijboon,0.978830295890791,1,Brysbaert2014a,4.87,NA,core,TRUE,
speculaas,0.978830295890791,1,Brysbaert2014a,4.87,NA,core,TRUE,
speeksel,0.978830295890791,1,Brysbaert2014a,4.87,NA,core,TRUE,
spijker,0.978830295890791,1,Brysbaert2014a,4.87,NA,core,TRUE,
spinazie,0.978830295890791,1,Brysbaert2014a,4.87,NA,core,TRUE,
spinnenweb,0.978830295890791,1,Brysbaert2014a,4.87,NA,core,TRUE,
springtouw,0.978830295890791,1,Brysbaert2014a,4.87,NA,core,TRUE,
stekelbes,0.978830295890791,1,Brysbaert2014a,4.87,NA,core,TRUE,
step,0.978830295890791,1,Brysbaert2014a,4.87,NA,core,TRUE,
strijkijzer,0.978830295890791,1,Brysbaert2014a,4.87,NA,core,TRUE,
strijkplank,0.978830295890791,1,Brysbaert2014a,4.87,NA,core,TRUE,
strik,0.978830295890791,1,Brysbaert2014a,4.87,NA,core,TRUE,
stro,0.978830295890791,1,Brysbaert2014a,4.87,NA,core,TRUE,
stylo,0.978830295890791,1,Brysbaert2014a,4.87,NA,core,TRUE,
suikerspin,0.978830295890791,1,Brysbaert2014a,4.87,NA,core,TRUE,
tandenstoker,0.978830295890791,1,Brysbaert2014a,4.87,NA,core,TRUE,
tas,0.978830295890791,1,Brysbaert2014a,4.87,NA,core,TRUE,
telefoon,0.978830295890791,1,Brysbaert2014a,4.87,NA,core,TRUE,
tonijn,0.978830295890791,1,Brysbaert2014a,4.87,NA,core,TRUE,
trechter,0.978830295890791,1,Brysbaert2014a,4.87,NA,core,TRUE,
treurwilg,0.978830295890791,1,Brysbaert2014a,4.87,NA,core,TRUE,
truffel,0.978830295890791,1,Brysbaert2014a,4.87,NA,core,TRUE,
tuinhuis,0.978830295890791,1,Brysbaert2014a,4.87,NA,core,TRUE,
tuinslang,0.978830295890791,1,Brysbaert2014a,4.87,NA,core,TRUE,
tulp,0.978830295890791,1,Brysbaert2014a,4.87,NA,core,TRUE,
ui,0.978830295890791,1,Brysbaert2014a,4.87,NA,core,TRUE,
vaatdoek,0.978830295890791,1,Brysbaert2014a,4.87,NA,core,TRUE,
verfborstel,0.978830295890791,1,Brysbaert2014a,4.87,NA,core,TRUE,
vergrootglas,0.978830295890791,1,Brysbaert2014a,4.87,NA,core,TRUE,
vingers,0.978830295890791,1,Brysbaert2014a,4.87,NA,core,TRUE,
vishaak,0.978830295890791,1,Brysbaert2014a,4.87,NA,core,TRUE,
vuilbak,0.978830295890791,1,Brysbaert2014a,4.87,NA,core,TRUE,
vuilniszak,0.978830295890791,1,Brysbaert2014a,4.87,NA,core,TRUE,
worm,0.978830295890791,1,Brysbaert2014a,4.87,NA,core,TRUE,
zakdoek,0.978830295890791,1,Brysbaert2014a,4.87,NA,core,TRUE,
zaklamp,0.978830295890791,1,Brysbaert2014a,4.87,NA,core,TRUE,
zakmes,0.978830295890791,1,Brysbaert2014a,4.87,NA,core,TRUE,
zandbak,0.978830295890791,1,Brysbaert2014a,4.87,NA,core,TRUE,
zeester,0.978830295890791,1,Brysbaert2014a,4.87,NA,core,TRUE,
zonnebloem,0.978830295890791,1,Brysbaert2014a,4.87,NA,core,TRUE,
bierviltje,0.9706188067355,1,Brysbaert2014a,4.86,NA,core,TRUE,
cassette,0.9706188067355,1,Brysbaert2014a,4.86,NA,core,TRUE,
cervela,0.9706188067355,1,Brysbaert2014a,4.86,NA,core,TRUE,
clementine,0.9706188067355,1,Brysbaert2014a,4.86,NA,core,TRUE,
dweil,0.9706188067355,1,Brysbaert2014a,4.86,NA,core,TRUE,
jakhals,0.9706188067355,1,Brysbaert2014a,4.86,NA,core,TRUE,
kepie,0.9706188067355,1,Brysbaert2014a,4.86,NA,core,TRUE,
kippenren,0.9706188067355,1,Brysbaert2014a,4.86,NA,core,TRUE,
passer,0.9706188067355,1,Brysbaert2014a,4.86,NA,core,TRUE,
plastron,0.9706188067355,1,Brysbaert2014a,4.86,NA,core,TRUE,
rog,0.9706188067355,1,Brysbaert2014a,4.86,NA,core,TRUE,
smoutebol,0.9706188067355,1,Brysbaert2014a,4.86,NA,core,TRUE,
snoek,0.9706188067355,1,Brysbaert2014a,4.86,NA,core,TRUE,
thee,0.9706188067355,1,Brysbaert2014a,4.86,NA,core,TRUE,
trombone,0.9706188067355,1,Brysbaert2014a,4.86,NA,core,TRUE,
vuilblik,0.9706188067355,1,Brysbaert2014a,4.86,NA,core,TRUE,
wilg,0.9706188067355,1,Brysbaert2014a,4.86,NA,core,TRUE,
bed,0.969946189368815,2,Brysbaert2014a;Jasmin2012,6.9,NA,core,TRUE,
pizza,0.969946189368815,2,Brysbaert2014a;Jasmin2012,6.9,NA,core,TRUE,
wijn,0.969946189368815,2,Brysbaert2014a;Jasmin2012,6.9,NA,core,TRUE,
lijsterbes,0.969891206430601,1,Brysbaert2014a,4.85,NA,core,TRUE,
pastinaak,0.969891206430601,1,Brysbaert2014a,4.85,NA,core,TRUE,
spreeuw,0.969891206430601,1,Brysbaert2014a,4.85,NA,core,TRUE,
stekelbaars,0.969891206430601,1,Brysbaert2014a,4.85,NA,core,TRUE,
badkuip,0.969856031010501,2,Brysbaert2014a;Jasmin2012,6.915,NA,core,TRUE,
hond,0.969856031010501,2,Brysbaert2014a;Jasmin2012,6.915,NA,core,TRUE,
brie,0.969614025362068,1,Brysbaert2014a,4.83,NA,core,TRUE,
kiesschijf,0.969614025362068,1,Brysbaert2014a,4.83,NA,core,TRUE,
kokkel,0.969614025362068,1,Brysbaert2014a,4.83,NA,core,TRUE,
matrak,0.969614025362068,1,Brysbaert2014a,4.83,NA,core,TRUE,
tafel,0.966633801088805,2,Brysbaert2014a;Jasmin2012,6.88,NA,core,TRUE,
vogel,0.965221599558299,2,Brysbaert2014a;Jasmin2012,6.865,NA,core,TRUE,
aardappelpuree,0.960501697734045,1,Brysbaert2014a,4.8,NA,core,TRUE,
aars,0.960501697734045,1,Brysbaert2014a,4.8,NA,core,TRUE,
accordeon,0.960501697734045,1,Brysbaert2014a,4.8,NA,core,TRUE,
adder,0.960501697734045,1,Brysbaert2014a,4.8,NA,core,TRUE,
afvalbak,0.960501697734045,1,Brysbaert2014a,4.8,NA,core,TRUE,
afwasmachine,0.960501697734045,1,Brysbaert2014a,4.8,NA,core,TRUE,
aluminiumfolie,0.960501697734045,1,Brysbaert2014a,4.8,NA,core,TRUE,
andijvie,0.960501697734045,1,Brysbaert2014a,4.8,NA,core,TRUE,
anker,0.960501697734045,1,Brysbaert2014a,4.8,NA,core,TRUE,
appelmoes,0.960501697734045,1,Brysbaert2014a,4.8,NA,core,TRUE,
aquarium,0.960501697734045,1,Brysbaert2014a,4.8,NA,core,TRUE,
artisjok,0.960501697734045,1,Brysbaert2014a,4.8,NA,core,TRUE,
azijn,0.960501697734045,1,Brysbaert2014a,4.8,NA,core,TRUE,
bacon,0.960501697734045,1,Brysbaert2014a,4.8,NA,core,TRUE,
badpak,0.960501697734045,1,Brysbaert2014a,4.8,NA,core,TRUE,
balk,0.960501697734045,1,Brysbaert2014a,4.8,NA,core,TRUE,
bamboe,0.960501697734045,1,Brysbaert2014a,4.8,NA,core,TRUE,
barkruk,0.960501697734045,1,Brysbaert2014a,4.8,NA,core,TRUE,
basgitaar,0.960501697734045,1,Brysbaert2014a,4.8,NA,core,TRUE,
basilicum,0.960501697734045,1,Brysbaert2014a,4.8,NA,core,TRUE,
benen,0.960501697734045,1,Brysbaert2014a,4.8,NA,core,TRUE,
bierfles,0.960501697734045,1,Brysbaert2014a,4.8,NA,core,TRUE,
bil,0.960501697734045,1,Brysbaert2014a,4.8,NA,core,TRUE,
bitterbal,0.960501697734045,1,Brysbaert2014a,4.8,NA,core,TRUE,
bivakmuts,0.960501697734045,1,Brysbaert2014a,4.8,NA,core,TRUE,
bloed,0.960501697734045,1,Brysbaert2014a,4.8,NA,core,TRUE,
bloemen,0.960501697734045,1,Brysbaert2014a,4.8,NA,core,TRUE,
bloemetje,0.960501697734045,1,Brysbaert2014a,4.8,NA,core,TRUE,
bloes,0.960501697734045,1,Brysbaert2014a,4.8,NA,core,TRUE,
boekentas,0.960501697734045,1,Brysbaert2014a,4.8,NA,core,TRUE,
bok,0.960501697734045,1,Brysbaert2014a,4.8,NA,core,TRUE,
boomhut,0.960501697734045,1,Brysbaert2014a,4.8,NA,core,TRUE,
boomschors,0.960501697734045,1,Brysbaert2014a,4.8,NA,core,TRUE,
boot,0.960501697734045,1,Brysbaert2014a,4.8,NA,core,TRUE,
borsten,0.960501697734045,1,Brysbaert2014a,4.8,NA,core,TRUE,
borsthaar,0.960501697734045,1,Brysbaert2014a,4.8,NA,core,TRUE,
bromfiets,0.960501697734045,1,Brysbaert2014a,4.8,NA,core,TRUE,
broodplank,0.960501697734045,1,Brysbaert2014a,4.8,NA,core,TRUE,
cavia,0.960501697734045,1,Brysbaert2014a,4.8,NA,core,TRUE,
cello,0.960501697734045,1,Brysbaert2014a,4.8,NA,core,TRUE,
circustent,0.960501697734045,1,Brysbaert2014a,4.8,NA,core,TRUE,
cola,0.960501697734045,1,Brysbaert2014a,4.8,NA,core,TRUE,
couscous,0.960501697734045,1,Brysbaert2014a,4.8,NA,core,TRUE,
dak,0.960501697734045,1,Brysbaert2014a,4.8,NA,core,TRUE,
deurklink,0.960501697734045,1,Brysbaert2014a,4.8,NA,core,TRUE,
dienblad,0.960501697734045,1,Brysbaert2014a,4.8,NA,core,TRUE,
dromedaris,0.960501697734045,1,Brysbaert2014a,4.8,NA,core,TRUE,
eekhoorn,0.960501697734045,1,Brysbaert2014a,4.8,NA,core,TRUE,
elastiekje,0.960501697734045,1,Brysbaert2014a,4.8,NA,core,TRUE,
erwtensoep,0.960501697734045,1,Brysbaert2014a,4.8,NA,core,TRUE,
etui,0.960501697734045,1,Brysbaert2014a,4.8,NA,core,TRUE,
everzwijn,0.960501697734045,1,Brysbaert2014a,4.8,NA,core,TRUE,
frangipane,0.960501697734045,1,Brysbaert2014a,4.8,NA,core,TRUE,
frietketel,0.960501697734045,1,Brysbaert2014a,4.8,NA,core,TRUE,
gordel,0.960501697734045,1,Brysbaert2014a,4.8,NA,core,TRUE,
gordeldier,0.960501697734045,1,Brysbaert2014a,4.8,NA,core,TRUE,
grasmaaier,0.960501697734045,1,Brysbaert2014a,4.8,NA,core,TRUE,
grasmachine,0.960501697734045,1,Brysbaert2014a,4.8,NA,core,TRUE,
haak,0.960501697734045,1,Brysbaert2014a,4.8,NA,core,TRUE,
haarborstel,0.960501697734045,1,Brysbaert2014a,4.8,NA,core,TRUE,
haardvuur,0.960501697734045,1,Brysbaert2014a,4.8,NA,core,TRUE,
handen,0.960501697734045,1,Brysbaert2014a,4.8,NA,core,TRUE,
hanenkam,0.960501697734045,1,Brysbaert2014a,4.8,NA,core,TRUE,
haren,0.960501697734045,1,Brysbaert2014a,4.8,NA,core,TRUE,
haver,0.960501697734045,1,Brysbaert2014a,4.8,NA,core,TRUE,
heftruck,0.960501697734045,1,Brysbaert2014a,4.8,NA,core,TRUE,
hemelbed,0.960501697734045,1,Brysbaert2014a,4.8,NA,core,TRUE,
hondenpoep,0.960501697734045,1,Brysbaert2014a,4.8,NA,core,TRUE,
hondenriem,0.960501697734045,1,Brysbaert2014a,4.8,NA,core,TRUE,
hoofd,0.960501697734045,1,Brysbaert2014a,4.8,NA,core,TRUE,
hoofdkussen,0.960501697734045,1,Brysbaert2014a,4.8,NA,core,TRUE,
huissleutel,0.960501697734045,1,Brysbaert2014a,4.8,NA,core,TRUE,
ijs,0.960501697734045,1,Brysbaert2014a,4.8,NA,core,TRUE,
ijsklontje,0.960501697734045,1,Brysbaert2014a,4.8,NA,core,TRUE,
ijzerdraad,0.960501697734045,1,Brysbaert2014a,4.8,NA,core,TRUE,
jas,0.960501697734045,1,Brysbaert2014a,4.8,NA,core,TRUE,
jasje,0.960501697734045,1,Brysbaert2014a,4.8,NA,core,TRUE,
jeep,0.960501697734045,1,Brysbaert2014a,4.8,NA,core,TRUE,
kaartenhuis,0.960501697734045,1,Brysbaert2014a,4.8,NA,core,TRUE,
kam,0.960501697734045,1,Brysbaert2014a,4.8,NA,core,TRUE,
kaneel,0.960501697734045,1,Brysbaert2014a,4.8,NA,core,TRUE,
kapstok,0.960501697734045,1,Brysbaert2014a,4.8,NA,core,TRUE,
kattenbak,0.960501697734045,1,Brysbaert2014a,4.8,NA,core,TRUE,
kegel,0.960501697734045,1,Brysbaert2014a,4.8,NA,core,TRUE,
keyboard,0.960501697734045,1,Brysbaert2014a,4.8,NA,core,TRUE,
klarinet,0.960501697734045,1,Brysbaert2014a,4.8,NA,core,TRUE,
klaver,0.960501697734045,1,Brysbaert2014a,4.8,NA,core,TRUE,
klavier,0.960501697734045,1,Brysbaert2014a,4.8,NA,core,TRUE,
kleedje,0.960501697734045,1,Brysbaert2014a,4.8,NA,core,TRUE,
kleerhanger,0.960501697734045,1,Brysbaert2014a,4.8,NA,core,TRUE,
kleerkast,0.960501697734045,1,Brysbaert2014a,4.8,NA,core,TRUE,
klei,0.960501697734045,1,Brysbaert2014a,4.8,NA,core,TRUE,
klompen,0.960501697734045,1,Brysbaert2014a,4.8,NA,core,TRUE,
knikkers,0.960501697734045,1,Brysbaert2014a,4.8,NA,core,TRUE,
kniptang,0.960501697734045,1,Brysbaert2014a,4.8,NA,core,TRUE,
knol,0.960501697734045,1,Brysbaert2014a,4.8,NA,core,TRUE,
koek,0.960501697734045,1,Brysbaert2014a,4.8,NA,core,TRUE,
koekjes,0.960501697734045,1,Brysbaert2014a,4.8,NA,core,TRUE,
koekoek,0.960501697734045,1,Brysbaert2014a,4.8,NA,core,TRUE,
kokos,0.960501697734045,1,Brysbaert2014a,4.8,NA,core,TRUE,
koolmijn,0.960501697734045,1,Brysbaert2014a,4.8,NA,core,TRUE,
koolrabi,0.960501697734045,1,Brysbaert2014a,4.8,NA,core,TRUE,
kraai,0.960501697734045,1,Brysbaert2014a,4.8,NA,core,TRUE,
krans,0.960501697734045,1,Brysbaert2014a,4.8,NA,core,TRUE,
kruiwagen,0.960501697734045,1,Brysbaert2014a,4.8,NA,core,TRUE,
lego,0.960501697734045,1,Brysbaert2014a,4.8,NA,core,TRUE,
lelie,0.960501697734045,1,Brysbaert2014a,4.8,NA,core,TRUE,
lip,0.960501697734045,1,Brysbaert2014a,4.8,NA,core,TRUE,
luchtballon,0.960501697734045,1,Brysbaert2014a,4.8,NA,core,TRUE,
macramé,0.960501697734045,1,Brysbaert2014a,4.8,NA,core,TRUE,
mandarijn,0.960501697734045,1,Brysbaert2014a,4.8,NA,core,TRUE,
megafoon,0.960501697734045,1,Brysbaert2014a,4.8,NA,core,TRUE,
meiklokje,0.960501697734045,1,Brysbaert2014a,4.8,NA,core,TRUE,
microscoop,0.960501697734045,1,Brysbaert2014a,4.8,NA,core,TRUE,
middelvinger,0.960501697734045,1,Brysbaert2014a,4.8,NA,core,TRUE,
morel,0.960501697734045,1,Brysbaert2014a,4.8,NA,core,TRUE,
mossel,0.960501697734045,1,Brysbaert2014a,4.8,NA,core,TRUE,
motorboot,0.960501697734045,1,Brysbaert2014a,4.8,NA,core,TRUE,
mouw,0.960501697734045,1,Brysbaert2014a,4.8,NA,core,TRUE,
muesli,0.960501697734045,1,Brysbaert2014a,4.8,NA,core,TRUE,
mustang,0.960501697734045,1,Brysbaert2014a,4.8,NA,core,TRUE,
muur,0.960501697734045,1,Brysbaert2014a,4.8,NA,core,TRUE,
nachtjapon,0.960501697734045,1,Brysbaert2014a,4.8,NA,core,TRUE,
nagels,0.960501697734045,1,Brysbaert2014a,4.8,NA,core,TRUE,
nectarine,0.960501697734045,1,Brysbaert2014a,4.8,NA,core,TRUE,
olie,0.960501697734045,1,Brysbaert2014a,4.8,NA,core,TRUE,
oliebol,0.960501697734045,1,Brysbaert2014a,4.8,NA,core,TRUE,
olijfboom,0.960501697734045,1,Brysbaert2014a,4.8,NA,core,TRUE,
oor,0.960501697734045,1,Brysbaert2014a,4.8,NA,core,TRUE,
oorbel,0.960501697734045,1,Brysbaert2014a,4.8,NA,core,TRUE,
oplader,0.960501697734045,1,Brysbaert2014a,4.8,NA,core,TRUE,
paasbloem,0.960501697734045,1,Brysbaert2014a,4.8,NA,core,TRUE,
palmboom,0.960501697734045,1,Brysbaert2014a,4.8,NA,core,TRUE,
panda,0.960501697734045,1,Brysbaert2014a,4.8,NA,core,TRUE,
panfluit,0.960501697734045,1,Brysbaert2014a,4.8,NA,core,TRUE,
panter,0.960501697734045,1,Brysbaert2014a,4.8,NA,core,TRUE,
pantoffels,0.960501697734045,1,Brysbaert2014a,4.8,NA,core,TRUE,
panty,0.960501697734045,1,Brysbaert2014a,4.8,NA,core,TRUE,
parasol,0.960501697734045,1,Brysbaert2014a,4.8,NA,core,TRUE,
peddel,0.960501697734045,1,Brysbaert2014a,4.8,NA,core,TRUE,
pet,0.960501697734045,1,Brysbaert2014a,4.8,NA,core,TRUE,
piercing,0.960501697734045,1,Brysbaert2014a,4.8,NA,core,TRUE,
pijnboom,0.960501697734045,1,Brysbaert2014a,4.8,NA,core,TRUE,
pindakaas,0.960501697734045,1,Brysbaert2014a,4.8,NA,core,TRUE,
pissebed,0.960501697734045,1,Brysbaert2014a,4.8,NA,core,TRUE,
plafond,0.960501697734045,1,Brysbaert2014a,4.8,NA,core,TRUE,
polshorloge,0.960501697734045,1,Brysbaert2014a,4.8,NA,core,TRUE,
poort,0.960501697734045,1,Brysbaert2014a,4.8,NA,core,TRUE,
poot,0.960501697734045,1,Brysbaert2014a,4.8,NA,core,TRUE,
postzegel,0.960501697734045,1,Brysbaert2014a,4.8,NA,core,TRUE,
prentenboek,0.960501697734045,1,Brysbaert2014a,4.8,NA,core,TRUE,
printer,0.960501697734045,1,Brysbaert2014a,4.8,NA,core,TRUE,
pruik,0.960501697734045,1,Brysbaert2014a,4.8,NA,core,TRUE,
puist,0.960501697734045,1,Brysbaert2014a,4.8,NA,core,TRUE,
punaise,0.960501697734045,1,Brysbaert2014a,4.8,NA,core,TRUE,
raaf,0.960501697734045,1,Brysbaert2014a,4.8,NA,core,TRUE,
raket,0.960501697734045,1,Brysbaert2014a,4.8,NA,core,TRUE,
rammenas,0.960501697734045,1,Brysbaert2014a,4.8,NA,core,TRUE,
regenjas,0.960501697734045,1,Brysbaert2014a,4.8,NA,core,TRUE,
regenworm,0.960501697734045,1,Brysbaert2014a,4.8,NA,core,TRUE,
rib,0.960501697734045,1,Brysbaert2014a,4.8,NA,core,TRUE,
ribben,0.960501697734045,1,Brysbaert2014a,4.8,NA,core,TRUE,
robe,0.960501697734045,1,Brysbaert2014a,4.8,NA,core,TRUE,
roggebrood,0.960501697734045,1,Brysbaert2014a,4.8,NA,core,TRUE,
rollerskate,0.960501697734045,1,Brysbaert2014a,4.8,NA,core,TRUE,
rubberboot,0.960501697734045,1,Brysbaert2014a,4.8,NA,core,TRUE,
rugbybal,0.960501697734045,1,Brysbaert2014a,4.8,NA,core,TRUE,
sacoche,0.960501697734045,1,Brysbaert2014a,4.8,NA,core,TRUE,
sarong,0.960501697734045,1,Brysbaert2014a,4.8,NA,core,TRUE,
schaamhaar,0.960501697734045,1,Brysbaert2014a,4.8,NA,core,TRUE,
schaamlip,0.960501697734045,1,Brysbaert2014a,4.8,NA,core,TRUE,
schoenlepel,0.960501697734045,1,Brysbaert2014a,4.8,NA,core,TRUE,
schouder,0.960501697734045,1,Brysbaert2014a,4.8,NA,core,TRUE,
schuifdeur,0.960501697734045,1,Brysbaert2014a,4.8,NA,core,TRUE,
schup,0.960501697734045,1,Brysbaert2014a,4.8,NA,core,TRUE,
schuurpapier,0.960501697734045,1,Brysbaert2014a,4.8,NA,core,TRUE,
slijper,0.960501697734045,1,Brysbaert2014a,4.8,NA,core,TRUE,
slippers,0.960501697734045,1,Brysbaert2014a,4.8,NA,core,TRUE,
smoutbol,0.960501697734045,1,Brysbaert2014a,4.8,NA,core,TRUE,
snavel,0.960501697734045,1,Brysbaert2014a,4.8,NA,core,TRUE,
sneeuwbal,0.960501697734045,1,Brysbaert2014a,4.8,NA,core,TRUE,
snor,0.960501697734045,1,Brysbaert2014a,4.8,NA,core,TRUE,
sok,0.960501697734045,1,Brysbaert2014a,4.8,NA,core,TRUE,
spaghetti,0.960501697734045,1,Brysbaert2014a,4.8,NA,core,TRUE,
spek,0.960501697734045,1,Brysbaert2014a,4.8,NA,core,TRUE,
spruitjes,0.960501697734045,1,Brysbaert2014a,4.8,NA,core,TRUE,
stapelbed,0.960501697734045,1,Brysbaert2014a,4.8,NA,core,TRUE,
station,0.960501697734045,1,Brysbaert2014a,4.8,NA,core,TRUE,
steentje,0.960501697734045,1,Brysbaert2014a,4.8,NA,core,TRUE,
stinkdier,0.960501697734045,1,Brysbaert2014a,4.8,NA,core,TRUE,
stok,0.960501697734045,1,Brysbaert2014a,4.8,NA,core,TRUE,
stoomboot,0.960501697734045,1,Brysbaert2014a,4.8,NA,core,TRUE,
struisvogel,0.960501697734045,1,Brysbaert2014a,4.8,NA,core,TRUE,
surfplank,0.960501697734045,1,Brysbaert2014a,4.8,NA,core,TRUE,
tafelpoot,0.960501697734045,1,Brysbaert2014a,4.8,NA,core,TRUE,
tanden,0.960501697734045,1,Brysbaert2014a,4.8,NA,core,TRUE,
tandenborstel,0.960501697734045,1,Brysbaert2014a,4.8,NA,core,TRUE,
tandvlees,0.960501697734045,1,Brysbaert2014a,4.8,NA,core,TRUE,
teek,0.960501697734045,1,Brysbaert2014a,4.8,NA,core,TRUE,
televisie,0.960501697734045,1,Brysbaert2014a,4.8,NA,core,TRUE,
toiletpapier,0.960501697734045,1,Brysbaert2014a,4.8,NA,core,TRUE,
tondeuse,0.960501697734045,1,Brysbaert2014a,4.8,NA,core,TRUE,
trampoline,0.960501697734045,1,Brysbaert2014a,4.8,NA,core,TRUE,
tranen,0.960501697734045,1,Brysbaert2014a,4.8,NA,core,TRUE,
trapleuning,0.960501697734045,1,Brysbaert2014a,4.8,NA,core,TRUE,
trommel,0.960501697734045,1,Brysbaert2014a,4.8,NA,core,TRUE,
trouwjurk,0.960501697734045,1,Brysbaert2014a,4.8,NA,core,TRUE,
tuinkers,0.960501697734045,1,Brysbaert2014a,4.8,NA,core,TRUE,
tunnel,0.960501697734045,1,Brysbaert2014a,4.8,NA,core,TRUE,
typemachine,0.960501697734045,1,Brysbaert2014a,4.8,NA,core,TRUE,
uier,0.960501697734045,1,Brysbaert2014a,4.8,NA,core,TRUE,
valies,0.960501697734045,1,Brysbaert2014a,4.8,NA,core,TRUE,
venkel,0.960501697734045,1,Brysbaert2014a,4.8,NA,core,TRUE,
ventilator,0.960501697734045,1,Brysbaert2014a,4.8,NA,core,TRUE,
vliegenmepper,0.960501697734045,1,Brysbaert2014a,4.8,NA,core,TRUE,
vliegtuig,0.960501697734045,1,Brysbaert2014a,4.8,NA,core,TRUE,
vlinderdas,0.960501697734045,1,Brysbaert2014a,4.8,NA,core,TRUE,
voetzool,0.960501697734045,1,Brysbaert2014a,4.8,NA,core,TRUE,
vorkheftruck,0.960501697734045,1,Brysbaert2014a,4.8,NA,core,TRUE,
vuilkar,0.960501697734045,1,Brysbaert2014a,4.8,NA,core,TRUE,
vuilnisemmer,0.960501697734045,1,Brysbaert2014a,4.8,NA,core,TRUE,
vuilniskar,0.960501697734045,1,Brysbaert2014a,4.8,NA,core,TRUE,
wasmachine,0.960501697734045,1,Brysbaert2014a,4.8,NA,core,TRUE,
waterkers,0.960501697734045,1,Brysbaert2014a,4.8,NA,core,TRUE,
webcam,0.960501697734045,1,Brysbaert2014a,4.8,NA,core,TRUE,
weegschaal,0.960501697734045,1,Brysbaert2014a,4.8,NA,core,TRUE,
wijnglas,0.960501697734045,1,Brysbaert2014a,4.8,NA,core,TRUE,
wimper,0.960501697734045,1,Brysbaert2014a,4.8,NA,core,TRUE,
zandkorrel,0.960501697734045,1,Brysbaert2014a,4.8,NA,core,TRUE,
zebrapad,0.960501697734045,1,Brysbaert2014a,4.8,NA,core,TRUE,
zilverpapier,0.960501697734045,1,Brysbaert2014a,4.8,NA,core,TRUE,
zwemband,0.960501697734045,1,Brysbaert2014a,4.8,NA,core,TRUE,
hamburger,0.960447428859964,2,Brysbaert2014a;Jasmin2012,6.9,NA,core,TRUE,
boom,0.95920542296316,2,Brysbaert2014a;Jasmin2012,6.865,NA,core,TRUE,
snoepje,0.95920542296316,2,Brysbaert2014a;Jasmin2012,6.865,NA,core,TRUE,
kin,0.957225198938267,2,Brysbaert2014a;Jasmin2012,6.865,NA,core,TRUE,
taart,0.957225198938267,2,Brysbaert2014a;Jasmin2012,6.865,NA,core,TRUE,
vlinder,0.953726998752437,2,Brysbaert2014a;Jasmin2012,6.89,NA,core,TRUE,
brandy,0.950765712701822,1,Brysbaert2014a,4.79,NA,core,TRUE,
conservenblik,0.950765712701822,1,Brysbaert2014a,4.79,NA,core,TRUE,
dadels,0.950765712701822,1,Brysbaert2014a,4.79,NA,core,TRUE,
flosdraad,0.950765712701822,1,Brysbaert2014a,4.79,NA,core,TRUE,
kaften,0.950765712701822,1,Brysbaert2014a,4.79,NA,core,TRUE,
karper,0.950765712701822,1,Brysbaert2014a,4.79,NA,core,TRUE,
keutel,0.950765712701822,1,Brysbaert2014a,4.79,NA,core,TRUE,
klimop,0.950765712701822,1,Brysbaert2014a,4.79,NA,core,TRUE,
knie,0.950765712701822,1,Brysbaert2014a,4.79,NA,core,TRUE,
libel,0.950765712701822,1,Brysbaert2014a,4.79,NA,core,TRUE,
mandoline,0.950765712701822,1,Brysbaert2014a,4.79,NA,core,TRUE,
omslag,0.950765712701822,1,Brysbaert2014a,4.79,NA,core,TRUE,
oorring,0.950765712701822,1,Brysbaert2014a,4.79,NA,core,TRUE,
patrijs,0.950765712701822,1,Brysbaert2014a,4.79,NA,core,TRUE,
pullover,0.950765712701822,1,Brysbaert2014a,4.79,NA,core,TRUE,
radiateur,0.950765712701822,1,Brysbaert2014a,4.79,NA,core,TRUE,
ringworm,0.950765712701822,1,Brysbaert2014a,4.79,NA,core,TRUE,
skeelers,0.950765712701822,1,Brysbaert2014a,4.79,NA,core,TRUE,
talkpoeder,0.950765712701822,1,Brysbaert2014a,4.79,NA,core,TRUE,
wiek,0.950765712701822,1,Brysbaert2014a,4.79,NA,core,TRUE,
roofing,0.950038112396923,1,Brysbaert2014a,4.78,NA,core,TRUE,
lijster,0.94976093132839,1,Brysbaert2014a,4.77,NA,core,TRUE,
machete,0.94976093132839,1,Brysbaert2014a,4.77,NA,core,TRUE,
muiltje,0.94976093132839,1,Brysbaert2014a,4.77,NA,core,TRUE,
plumeau,0.94976093132839,1,Brysbaert2014a,4.77,NA,core,TRUE,
salie,0.94976093132839,1,Brysbaert2014a,4.77,NA,core,TRUE,
teil,0.94976093132839,1,Brysbaert2014a,4.77,NA,core,TRUE,
balg,0.949102626290624,1,Brysbaert2014a,4.75,NA,core,TRUE,
bolderkar,0.949102626290624,1,Brysbaert2014a,4.75,NA,core,TRUE,
kandelaber,0.949102626290624,1,Brysbaert2014a,4.75,NA,core,TRUE,
kariboe,0.949102626290624,1,Brysbaert2014a,4.75,NA,core,TRUE,
lijs,0.949102626290624,1,Brysbaert2014a,4.75,NA,core,TRUE,
maaltand,0.949102626290624,1,Brysbaert2014a,4.75,NA,core,TRUE,
pagaai,0.949102626290624,1,Brysbaert2014a,4.75,NA,core,TRUE,
pioen,0.949102626290624,1,Brysbaert2014a,4.75,NA,core,TRUE,
plavuis,0.949102626290624,1,Brysbaert2014a,4.75,NA,core,TRUE,
sax,0.949102626290624,1,Brysbaert2014a,4.75,NA,core,TRUE,
slab,0.949102626290624,1,Brysbaert2014a,4.75,NA,core,TRUE,
treiler,0.949102626290624,1,Brysbaert2014a,4.75,NA,core,TRUE,
penis,0.94879868334025,2,Brysbaert2014a;Jasmin2012,6.855,NA,core,TRUE,
papier,0.947556677443447,2,Brysbaert2014a;Jasmin2012,6.805,NA,core,TRUE,
gras,0.942440252701708,2,Brysbaert2014a;Jasmin2012,6.815,NA,core,TRUE,
kruik,0.941720382917202,2,Brysbaert2014a;Jasmin2012,6.8,NA,core,TRUE,
berg,0.940388218662085,2,Brysbaert2014a;Jasmin2012,6.78,NA,core,TRUE,
aalbes,0.939020164922736,1,Brysbaert2014a,4.73,NA,core,TRUE,
aansteker,0.939020164922736,1,Brysbaert2014a,4.73,NA,core,TRUE,
aap,0.939020164922736,1,Brysbaert2014a,4.73,NA,core,TRUE,
appelboom,0.939020164922736,1,Brysbaert2014a,4.73,NA,core,TRUE,
autoped,0.939020164922736,1,Brysbaert2014a,4.73,NA,core,TRUE,
autoradio,0.939020164922736,1,Brysbaert2014a,4.73,NA,core,TRUE,
badjas,0.939020164922736,1,Brysbaert2014a,4.73,NA,core,TRUE,
badmuts,0.939020164922736,1,Brysbaert2014a,4.73,NA,core,TRUE,
bagagerek,0.939020164922736,1,Brysbaert2014a,4.73,NA,core,TRUE,
bakfiets,0.939020164922736,1,Brysbaert2014a,4.73,NA,core,TRUE,
balzak,0.939020164922736,1,Brysbaert2014a,4.73,NA,core,TRUE,
batterij,0.939020164922736,1,Brysbaert2014a,4.73,NA,core,TRUE,
baxter,0.939020164922736,1,Brysbaert2014a,4.73,NA,core,TRUE,
beker,0.939020164922736,1,Brysbaert2014a,4.73,NA,core,TRUE,
bergtop,0.939020164922736,1,Brysbaert2014a,4.73,NA,core,TRUE,
beugel,0.939020164922736,1,Brysbaert2014a,4.73,NA,core,TRUE,
bier,0.939020164922736,1,Brysbaert2014a,4.73,NA,core,TRUE,
bierbak,0.939020164922736,1,Brysbaert2014a,4.73,NA,core,TRUE,
bierglas,0.939020164922736,1,Brysbaert2014a,4.73,NA,core,TRUE,
biertje,0.939020164922736,1,Brysbaert2014a,4.73,NA,core,TRUE,
bizon,0.939020164922736,1,Brysbaert2014a,4.73,NA,core,TRUE,
bloemstuk,0.939020164922736,1,Brysbaert2014a,4.73,NA,core,TRUE,
boekenrek,0.939020164922736,1,Brysbaert2014a,4.73,NA,core,TRUE,
boksbeugel,0.939020164922736,1,Brysbaert2014a,4.73,NA,core,TRUE,
bolhoed,0.939020164922736,1,Brysbaert2014a,4.73,NA,core,TRUE,
boon,0.939020164922736,1,Brysbaert2014a,4.73,NA,core,TRUE,
boormachine,0.939020164922736,1,Brysbaert2014a,4.73,NA,core,TRUE,
bord,0.939020164922736,1,Brysbaert2014a,4.73,NA,core,TRUE,
boterbloem,0.939020164922736,1,Brysbaert2014a,4.73,NA,core,TRUE,
boterkoek,0.939020164922736,1,Brysbaert2014a,4.73,NA,core,TRUE,
botten,0.939020164922736,1,Brysbaert2014a,4.73,NA,core,TRUE,
brandblusser,0.939020164922736,1,Brysbaert2014a,4.73,NA,core,TRUE,
briefkaart,0.939020164922736,1,Brysbaert2014a,4.73,NA,core,TRUE,
brievenbus,0.939020164922736,1,Brysbaert2014a,4.73,NA,core,TRUE,
broekriem,0.939020164922736,1,Brysbaert2014a,4.73,NA,core,TRUE,
broekspijp,0.939020164922736,1,Brysbaert2014a,4.73,NA,core,TRUE,
bromvlieg,0.939020164922736,1,Brysbaert2014a,4.73,NA,core,TRUE,
brug,0.939020164922736,1,Brysbaert2014a,4.73,NA,core,TRUE,
buggy,0.939020164922736,1,Brysbaert2014a,4.73,NA,core,TRUE,
buis,0.939020164922736,1,Brysbaert2014a,4.73,NA,core,TRUE,
buldog,0.939020164922736,1,Brysbaert2014a,4.73,NA,core,TRUE,
buro,0.939020164922736,1,Brysbaert2014a,4.73,NA,core,TRUE,
cappuccino,0.939020164922736,1,Brysbaert2014a,4.73,NA,core,TRUE,
cashewnoot,0.939020164922736,1,Brysbaert2014a,4.73,NA,core,TRUE,
chimpansee,0.939020164922736,1,Brysbaert2014a,4.73,NA,core,TRUE,
chips,0.939020164922736,1,Brysbaert2014a,4.73,NA,core,TRUE,
clown,0.939020164922736,1,Brysbaert2014a,4.73,NA,core,TRUE,
creditkaart,0.939020164922736,1,Brysbaert2014a,4.73,NA,core,TRUE,
deegroller,0.939020164922736,1,Brysbaert2014a,4.73,NA,core,TRUE,
diarree,0.939020164922736,1,Brysbaert2014a,4.73,NA,core,TRUE,
dildo,0.939020164922736,1,Brysbaert2014a,4.73,NA,core,TRUE,
duikbril,0.939020164922736,1,Brysbaert2014a,4.73,NA,core,TRUE,
duikpak,0.939020164922736,1,Brysbaert2014a,4.73,NA,core,TRUE,
duivenhok,0.939020164922736,1,Brysbaert2014a,4.73,NA,core,TRUE,
eierschaal,0.939020164922736,1,Brysbaert2014a,4.73,NA,core,TRUE,
eitje,0.939020164922736,1,Brysbaert2014a,4.73,NA,core,TRUE,
esdoorn,0.939020164922736,1,Brysbaert2014a,4.73,NA,core,TRUE,
fakkel,0.939020164922736,1,Brysbaert2014a,4.73,NA,core,TRUE,
fauteuil,0.939020164922736,1,Brysbaert2014a,4.73,NA,core,TRUE,
fondue,0.939020164922736,1,Brysbaert2014a,4.73,NA,core,TRUE,
friteuse,0.939020164922736,1,Brysbaert2014a,4.73,NA,core,TRUE,
frituur,0.939020164922736,1,Brysbaert2014a,4.73,NA,core,TRUE,
fruitmand,0.939020164922736,1,Brysbaert2014a,4.73,NA,core,TRUE,
fruitsla,0.939020164922736,1,Brysbaert2014a,4.73,NA,core,TRUE,
gat,0.939020164922736,1,Brysbaert2014a,4.73,NA,core,TRUE,
gelei,0.939020164922736,1,Brysbaert2014a,4.73,NA,core,TRUE,
gember,0.939020164922736,1,Brysbaert2014a,4.73,NA,core,TRUE,
gewei,0.939020164922736,1,Brysbaert2014a,4.73,NA,core,TRUE,
gieter,0.939020164922736,1,Brysbaert2014a,4.73,NA,core,TRUE,
gist,0.939020164922736,1,Brysbaert2014a,4.73,NA,core,TRUE,
gleuf,0.939020164922736,1,Brysbaert2014a,4.73,NA,core,TRUE,
graffiti,0.939020164922736,1,Brysbaert2014a,4.73,NA,core,TRUE,
graftombe,0.939020164922736,1,Brysbaert2014a,4.73,NA,core,TRUE,
halssnoer,0.939020164922736,1,Brysbaert2014a,4.73,NA,core,TRUE,
ham,0.939020164922736,1,Brysbaert2014a,4.73,NA,core,TRUE,
handboei,0.939020164922736,1,Brysbaert2014a,4.73,NA,core,TRUE,
hek,0.939020164922736,1,Brysbaert2014a,4.73,NA,core,TRUE,
hoektand,0.939020164922736,1,Brysbaert2014a,4.73,NA,core,TRUE,
hoelahoep,0.939020164922736,1,Brysbaert2014a,4.73,NA,core,TRUE,
hooivork,0.939020164922736,1,Brysbaert2014a,4.73,NA,core,TRUE,
ijsberg,0.939020164922736,1,Brysbaert2014a,4.73,NA,core,TRUE,
ijsblokje,0.939020164922736,1,Brysbaert2014a,4.73,NA,core,TRUE,
ijspegel,0.939020164922736,1,Brysbaert2014a,4.73,NA,core,TRUE,
ijstaart,0.939020164922736,1,Brysbaert2014a,4.73,NA,core,TRUE,
jerrycan,0.939020164922736,1,Brysbaert2014a,4.73,NA,core,TRUE,
kaart,0.939020164922736,1,Brysbaert2014a,4.73,NA,core,TRUE,
kaassaus,0.939020164922736,1,Brysbaert2014a,4.73,NA,core,TRUE,
kaka,0.939020164922736,1,Brysbaert2014a,4.73,NA,core,TRUE,
kalf,0.939020164922736,1,Brysbaert2014a,4.73,NA,core,TRUE,
kalk,0.939020164922736,1,Brysbaert2014a,4.73,NA,core,TRUE,
kar,0.939020164922736,1,Brysbaert2014a,4.73,NA,core,TRUE,
kassei,0.939020164922736,1,Brysbaert2014a,4.73,NA,core,TRUE,
kauwgum,0.939020164922736,1,Brysbaert2014a,4.73,NA,core,TRUE,
kaviaar,0.939020164922736,1,Brysbaert2014a,4.73,NA,core,TRUE,
kerktoren,0.939020164922736,1,Brysbaert2014a,4.73,NA,core,TRUE,
keukentafel,0.939020164922736,1,Brysbaert2014a,4.73,NA,core,TRUE,
kiezel,0.939020164922736,1,Brysbaert2014a,4.73,NA,core,TRUE,
kinderzitje,0.939020164922736,1,Brysbaert2014a,4.73,NA,core,TRUE,
kistje,0.939020164922736,1,Brysbaert2014a,4.73,NA,core,TRUE,
klapstoel,0.939020164922736,1,Brysbaert2014a,4.73,NA,core,TRUE,
klauwhamer,0.939020164922736,1,Brysbaert2014a,4.73,NA,core,TRUE,
kleurkrijt,0.939020164922736,1,Brysbaert2014a,4.73,NA,core,TRUE,
klokkentoren,0.939020164922736,1,Brysbaert2014a,4.73,NA,core,TRUE,
knakworst,0.939020164922736,1,Brysbaert2014a,4.73,NA,core,TRUE,
knieën,0.939020164922736,1,Brysbaert2014a,4.73,NA,core,TRUE,
kniekous,0.939020164922736,1,Brysbaert2014a,4.73,NA,core,TRUE,
koelbox,0.939020164922736,1,Brysbaert2014a,4.73,NA,core,TRUE,
koffer,0.939020164922736,1,Brysbaert2014a,4.73,NA,core,TRUE,
koffiekoek,0.939020164922736,1,Brysbaert2014a,4.73,NA,core,TRUE,
konijnenhok,0.939020164922736,1,Brysbaert2014a,4.73,NA,core,TRUE,
kookboek,0.939020164922736,1,Brysbaert2014a,4.73,NA,core,TRUE,
koolsla,0.939020164922736,1,Brysbaert2014a,4.73,NA,core,TRUE,
korset,0.939020164922736,1,Brysbaert2014a,4.73,NA,core,TRUE,
kraag,0.939020164922736,1,Brysbaert2014a,4.73,NA,core,TRUE,
kraanvogel,0.939020164922736,1,Brysbaert2014a,4.73,NA,core,TRUE,
krentenbrood,0.939020164922736,1,Brysbaert2014a,4.73,NA,core,TRUE,
kruimel,0.939020164922736,1,Brysbaert2014a,4.73,NA,core,TRUE,
kruisboog,0.939020164922736,1,Brysbaert2014a,4.73,NA,core,TRUE,
kruisspin,0.939020164922736,1,Brysbaert2014a,4.73,NA,core,TRUE,
krukje,0.939020164922736,1,Brysbaert2014a,4.73,NA,core,TRUE,
ligstoel,0.939020164922736,1,Brysbaert2014a,4.73,NA,core,TRUE,
likstok,0.939020164922736,1,Brysbaert2014a,4.73,NA,core,TRUE,
limousine,0.939020164922736,1,Brysbaert2014a,4.73,NA,core,TRUE,
lipstick,0.939020164922736,1,Brysbaert2014a,4.73,NA,core,TRUE,
loep,0.939020164922736,1,Brysbaert2014a,4.73,NA,core,TRUE,
long,0.939020164922736,1,Brysbaert2014a,4.73,NA,core,TRUE,
luier,0.939020164922736,1,Brysbaert2014a,4.73,NA,core,TRUE,
luster,0.939020164922736,1,Brysbaert2014a,4.73,NA,core,TRUE,
maandverband,0.939020164922736,1,Brysbaert2014a,4.73,NA,core,TRUE,
maatbeker,0.939020164922736,1,Brysbaert2014a,4.73,NA,core,TRUE,
madelief,0.939020164922736,1,Brysbaert2014a,4.73,NA,core,TRUE,
magnetron,0.939020164922736,1,Brysbaert2014a,4.73,NA,core,TRUE,
manteljas,0.939020164922736,1,Brysbaert2014a,4.73,NA,core,TRUE,
margriet,0.939020164922736,1,Brysbaert2014a,4.73,NA,core,TRUE,
mast,0.939020164922736,1,Brysbaert2014a,4.73,NA,core,TRUE,
medaille,0.939020164922736,1,Brysbaert2014a,4.73,NA,core,TRUE,
metro,0.939020164922736,1,Brysbaert2014a,4.73,NA,core,TRUE,
moedervlek,0.939020164922736,1,Brysbaert2014a,4.73,NA,core,TRUE,
mond,0.939020164922736,1,Brysbaert2014a,4.73,NA,core,TRUE,
mummie,0.939020164922736,1,Brysbaert2014a,4.73,NA,core,TRUE,
muntstuk,0.939020164922736,1,Brysbaert2014a,4.73,NA,core,TRUE,
naaimachine,0.939020164922736,1,Brysbaert2014a,4.73,NA,core,TRUE,
onderbroek,0.939020164922736,1,Brysbaert2014a,4.73,NA,core,TRUE,
oogbal,0.939020164922736,1,Brysbaert2014a,4.73,NA,core,TRUE,
ooglid,0.939020164922736,1,Brysbaert2014a,4.73,NA,core,TRUE,
opblaaspop,0.939020164922736,1,Brysbaert2014a,4.73,NA,core,TRUE,
paal,0.939020164922736,1,Brysbaert2014a,4.73,NA,core,TRUE,
paling,0.939020164922736,1,Brysbaert2014a,4.73,NA,core,TRUE,
palissade,0.939020164922736,1,Brysbaert2014a,4.73,NA,core,TRUE,
pannenkoek,0.939020164922736,1,Brysbaert2014a,4.73,NA,core,TRUE,
pantoffel,0.939020164922736,1,Brysbaert2014a,4.73,NA,core,TRUE,
papfles,0.939020164922736,1,Brysbaert2014a,4.73,NA,core,TRUE,
papiertje,0.939020164922736,1,Brysbaert2014a,4.73,NA,core,TRUE,
parelketting,0.939020164922736,1,Brysbaert2014a,4.73,NA,core,TRUE,
pennenzak,0.939020164922736,1,Brysbaert2014a,4.73,NA,core,TRUE,
penseel,0.939020164922736,1,Brysbaert2014a,4.73,NA,core,TRUE,
pepernoot,0.939020164922736,1,Brysbaert2014a,4.73,NA,core,TRUE,
perenboom,0.939020164922736,1,Brysbaert2014a,4.73,NA,core,TRUE,
piepschuim,0.939020164922736,1,Brysbaert2014a,4.73,NA,core,TRUE,
pier,0.939020164922736,1,Brysbaert2014a,4.73,NA,core,TRUE,
pimpelmees,0.939020164922736,1,Brysbaert2014a,4.73,NA,core,TRUE,
piranha,0.939020164922736,1,Brysbaert2014a,4.73,NA,core,TRUE,
pita,0.939020164922736,1,Brysbaert2014a,4.73,NA,core,TRUE,
plank,0.939020164922736,1,Brysbaert2014a,4.73,NA,core,TRUE,
poedel,0.939020164922736,1,Brysbaert2014a,4.73,NA,core,TRUE,
poedersuiker,0.939020164922736,1,Brysbaert2014a,4.73,NA,core,TRUE,
pompbak,0.939020164922736,1,Brysbaert2014a,4.73,NA,core,TRUE,
populier,0.939020164922736,1,Brysbaert2014a,4.73,NA,core,TRUE,
poten,0.939020164922736,1,Brysbaert2014a,4.73,NA,core,TRUE,
potvis,0.939020164922736,1,Brysbaert2014a,4.73,NA,core,TRUE,
praline,0.939020164922736,1,Brysbaert2014a,4.73,NA,core,TRUE,
pralines,0.939020164922736,1,Brysbaert2014a,4.73,NA,core,TRUE,
pyjama,0.939020164922736,1,Brysbaert2014a,4.73,NA,core,TRUE,
quiche,0.939020164922736,1,Brysbaert2014a,4.73,NA,core,TRUE,
racefiets,0.939020164922736,1,Brysbaert2014a,4.73,NA,core,TRUE,
regenbui,0.939020164922736,1,Brysbaert2014a,4.73,NA,core,TRUE,
reiger,0.939020164922736,1,Brysbaert2014a,4.73,NA,core,TRUE,
rekker,0.939020164922736,1,Brysbaert2014a,4.73,NA,core,TRUE,
rietsuiker,0.939020164922736,1,Brysbaert2014a,4.73,NA,core,TRUE,
rijstpap,0.939020164922736,1,Brysbaert2014a,4.73,NA,core,TRUE,
rijstveld,0.939020164922736,1,Brysbaert2014a,4.73,NA,core,TRUE,
rimpel,0.939020164922736,1,Brysbaert2014a,4.73,NA,core,TRUE,
rits,0.939020164922736,1,Brysbaert2014a,4.73,NA,core,TRUE,
ritssluiting,0.939020164922736,1,Brysbaert2014a,4.73,NA,core,TRUE,
roerei,0.939020164922736,1,Brysbaert2014a,4.73,NA,core,TRUE,
rookwolk,0.939020164922736,1,Brysbaert2014a,4.73,NA,core,TRUE,
rotsblok,0.939020164922736,1,Brysbaert2014a,4.73,NA,core,TRUE,
rozenblad,0.939020164922736,1,Brysbaert2014a,4.73,NA,core,TRUE,
rozijn,0.939020164922736,1,Brysbaert2014a,4.73,NA,core,TRUE,
rozijnen,0.939020164922736,1,Brysbaert2014a,4.73,NA,core,TRUE,
rugby,0.939020164922736,1,Brysbaert2014a,4.73,NA,core,TRUE,
ruit,0.939020164922736,1,Brysbaert2014a,4.73,NA,core,TRUE,
ruitjespapier,0.939020164922736,1,Brysbaert2014a,4.73,NA,core,TRUE,
scalpel,0.939020164922736,1,Brysbaert2014a,4.73,NA,core,TRUE,
scanner,0.939020164922736,1,Brysbaert2014a,4.73,NA,core,TRUE,
schoteldoek,0.939020164922736,1,Brysbaert2014a,4.73,NA,core,TRUE,
schuifaf,0.939020164922736,1,Brysbaert2014a,4.73,NA,core,TRUE,
schuurspons,0.939020164922736,1,Brysbaert2014a,4.73,NA,core,TRUE,
sesamzaad,0.939020164922736,1,Brysbaert2014a,4.73,NA,core,TRUE,
shoarma,0.939020164922736,1,Brysbaert2014a,4.73,NA,core,TRUE,
sigaret,0.939020164922736,1,Brysbaert2014a,4.73,NA,core,TRUE,
sik,0.939020164922736,1,Brysbaert2014a,4.73,NA,core,TRUE,
slabbetje,0.939020164922736,1,Brysbaert2014a,4.73,NA,core,TRUE,
slagader,0.939020164922736,1,Brysbaert2014a,4.73,NA,core,TRUE,
soep,0.939020164922736,1,Brysbaert2014a,4.73,NA,core,TRUE,
spatel,0.939020164922736,1,Brysbaert2014a,4.73,NA,core,TRUE,
speeltuin,0.939020164922736,1,Brysbaert2014a,4.73,NA,core,TRUE,
sperma,0.939020164922736,1,Brysbaert2014a,4.73,NA,core,TRUE,
spijkerbroek,0.939020164922736,1,Brysbaert2014a,4.73,NA,core,TRUE,
spuitbus,0.939020164922736,1,Brysbaert2014a,4.73,NA,core,TRUE,
steenkool,0.939020164922736,1,Brysbaert2014a,4.73,NA,core,TRUE,
stoep,0.939020164922736,1,Brysbaert2014a,4.73,NA,core,TRUE,
stof,0.939020164922736,1,Brysbaert2014a,4.73,NA,core,TRUE,
stoomtrein,0.939020164922736,1,Brysbaert2014a,4.73,NA,core,TRUE,
stripalbum,0.939020164922736,1,Brysbaert2014a,4.73,NA,core,TRUE,
stripboek,0.939020164922736,1,Brysbaert2014a,4.73,NA,core,TRUE,
suikerboon,0.939020164922736,1,Brysbaert2014a,4.73,NA,core,TRUE,
sushi,0.939020164922736,1,Brysbaert2014a,4.73,NA,core,TRUE,
sweater,0.939020164922736,1,Brysbaert2014a,4.73,NA,core,TRUE,
tafelkleed,0.939020164922736,1,Brysbaert2014a,4.73,NA,core,TRUE,
tang,0.939020164922736,1,Brysbaert2014a,4.73,NA,core,TRUE,
tapijt,0.939020164922736,1,Brysbaert2014a,4.73,NA,core,TRUE,
tekstballon,0.939020164922736,1,Brysbaert2014a,4.73,NA,core,TRUE,
telefoonboek,0.939020164922736,1,Brysbaert2014a,4.73,NA,core,TRUE,
tissue,0.939020164922736,1,Brysbaert2014a,4.73,NA,core,TRUE,
toeter,0.939020164922736,1,Brysbaert2014a,4.73,NA,core,TRUE,
tosti,0.939020164922736,1,Brysbaert2014a,4.73,NA,core,TRUE,
trap,0.939020164922736,1,Brysbaert2014a,4.73,NA,core,TRUE,
triangel,0.939020164922736,1,Brysbaert2014a,4.73,NA,core,TRUE,
tuinstoel,0.939020164922736,1,Brysbaert2014a,4.73,NA,core,TRUE,
vaatwasser,0.939020164922736,1,Brysbaert2014a,4.73,NA,core,TRUE,
vel,0.939020164922736,1,Brysbaert2014a,4.73,NA,core,TRUE,
veters,0.939020164922736,1,Brysbaert2014a,4.73,NA,core,TRUE,
vijs,0.939020164922736,1,Brysbaert2014a,4.73,NA,core,TRUE,
vijver,0.939020164922736,1,Brysbaert2014a,4.73,NA,core,TRUE,
viooltje,0.939020164922736,1,Brysbaert2014a,4.73,NA,core,TRUE,
vleermuis,0.939020164922736,1,Brysbaert2014a,4.73,NA,core,TRUE,
voetstappen,0.939020164922736,1,Brysbaert2014a,4.73,NA,core,TRUE,
vogelverschrikker,0.939020164922736,1,Brysbaert2014a,4.73,NA,core,TRUE,
volleybal,0.939020164922736,1,Brysbaert2014a,4.73,NA,core,TRUE,
vuilzak,0.939020164922736,1,Brysbaert2014a,4.73,NA,core,TRUE,
vuur,0.939020164922736,1,Brysbaert2014a,4.73,NA,core,TRUE,
wasdraad,0.939020164922736,1,Brysbaert2014a,4.73,NA,core,TRUE,
whisky,0.939020164922736,1,Brysbaert2014a,4.73,NA,core,TRUE,
wijnfles,0.939020164922736,1,Brysbaert2014a,4.73,NA,core,TRUE,
wijsvinger,0.939020164922736,1,Brysbaert2014a,4.73,NA,core,TRUE,
wipplank,0.939020164922736,1,Brysbaert2014a,4.73,NA,core,TRUE,
zaad,0.939020164922736,1,Brysbaert2014a,4.73,NA,core,TRUE,
zaag,0.939020164922736,1,Brysbaert2014a,4.73,NA,core,TRUE,
zee,0.939020164922736,1,Brysbaert2014a,4.73,NA,core,TRUE,
zonnebrandolie,0.939020164922736,1,Brysbaert2014a,4.73,NA,core,TRUE,
zonnebril,0.939020164922736,1,Brysbaert2014a,4.73,NA,core,TRUE,
zonnepaneel,0.939020164922736,1,Brysbaert2014a,4.73,NA,core,TRUE,
zonsondergang,0.939020164922736,1,Brysbaert2014a,4.73,NA,core,TRUE,
zweep,0.939020164922736,1,Brysbaert2014a,4.73,NA,core,TRUE,
zweepslag,0.939020164922736,1,Brysbaert2014a,4.73,NA,core,TRUE,
paard,0.937959965963357,2,Brysbaert2014a;Jasmin2012,6.8,NA,core,TRUE,
kelder,0.937290794732268,2,Brysbaert2014a;Jasmin2012,6.8,NA,core,TRUE,
melk,0.934999952809675,2,Brysbaert2014a;Jasmin2012,6.79,NA,core,TRUE,
haardroger,0.931619449020664,2,Brysbaert2014a;Jasmin2012,6.77,NA,core,TRUE,
radiator,0.929249004470414,2,Brysbaert2014a;Jasmin2012,6.75,NA,core,TRUE,
apenstaartje,0.928556579585614,1,Brysbaert2014a,4.71,NA,core,TRUE,
autowrak,0.928556579585614,1,Brysbaert2014a,4.71,NA,core,TRUE,
boerka,0.928556579585614,1,Brysbaert2014a,4.71,NA,core,TRUE,
bos,0.928556579585614,1,Brysbaert2014a,4.71,NA,core,TRUE,
brandspuit,0.928556579585614,1,Brysbaert2014a,4.71,NA,core,TRUE,
crêpe,0.928556579585614,1,Brysbaert2014a,4.71,NA,core,TRUE,
gloeiworm,0.928556579585614,1,Brysbaert2014a,4.71,NA,core,TRUE,
kamerscherm,0.928556579585614,1,Brysbaert2014a,4.71,NA,core,TRUE,
kittelaar,0.928556579585614,1,Brysbaert2014a,4.71,NA,core,TRUE,
klavecimbel,0.928556579585614,1,Brysbaert2014a,4.71,NA,core,TRUE,
knotwilg,0.928556579585614,1,Brysbaert2014a,4.71,NA,core,TRUE,
koffiekop,0.928556579585614,1,Brysbaert2014a,4.71,NA,core,TRUE,
koriander,0.928556579585614,1,Brysbaert2014a,4.71,NA,core,TRUE,
maanzaad,0.928556579585614,1,Brysbaert2014a,4.71,NA,core,TRUE,
maïzena,0.928556579585614,1,Brysbaert2014a,4.71,NA,core,TRUE,
mantelpak,0.928556579585614,1,Brysbaert2014a,4.71,NA,core,TRUE,
papaver,0.928556579585614,1,Brysbaert2014a,4.71,NA,core,TRUE,
peignoir,0.928556579585614,1,Brysbaert2014a,4.71,NA,core,TRUE,
pickles,0.928556579585614,1,Brysbaert2014a,4.71,NA,core,TRUE,
raap,0.928556579585614,1,Brysbaert2014a,4.71,NA,core,TRUE,
rabarber,0.928556579585614,1,Brysbaert2014a,4.71,NA,core,TRUE,
roodbaars,0.928556579585614,1,Brysbaert2014a,4.71,NA,core,TRUE,
snooker,0.928556579585614,1,Brysbaert2014a,4.71,NA,core,TRUE,
calvados,0.927655741112882,1,Brysbaert2014a,4.7,NA,core,TRUE,
cipres,0.927655741112882,1,Brysbaert2014a,4.7,NA,core,TRUE,
roux,0.927655741112882,1,Brysbaert2014a,4.7,NA,core,TRUE,
aal,0.92696278844155,1,Brysbaert2014a,4.69,NA,core,TRUE,
autopet,0.92696278844155,1,Brysbaert2014a,4.69,NA,core,TRUE,
bottine,0.92696278844155,1,Brysbaert2014a,4.69,NA,core,TRUE,
brilslang,0.92696278844155,1,Brysbaert2014a,4.69,NA,core,TRUE,
dorpel,0.92696278844155,1,Brysbaert2014a,4.69,NA,core,TRUE,
espenblad,0.92696278844155,1,Brysbaert2014a,4.69,NA,core,TRUE,
feces,0.92696278844155,1,Brysbaert2014a,4.69,NA,core,TRUE,
flan,0.92696278844155,1,Brysbaert2014a,4.69,NA,core,TRUE,
keu,0.92696278844155,1,Brysbaert2014a,4.69,NA,core,TRUE,
klittenband,0.92696278844155,1,Brysbaert2014a,4.69,NA,core,TRUE,
lynx,0.92696278844155,1,Brysbaert2014a,4.69,NA,core,TRUE,
roulade,0.92696278844155,1,Brysbaert2014a,4.69,NA,core,TRUE,
scarabee,0.92696278844155,1,Brysbaert2014a,4.69,NA,core,TRUE,
schorseneer,0.92696278844155,1,Brysbaert2014a,4.69,NA,core,TRUE,
selderie,0.92696278844155,1,Brysbaert2014a,4.69,NA,core,TRUE,
shorts,0.92696278844155,1,Brysbaert2014a,4.69,NA,core,TRUE,
vangrail,0.92696278844155,1,Brysbaert2014a,4.69,NA,core,TRUE,
water,0.926935436680642,2,Brysbaert2014a;Jasmin2012,6.75,NA,core,TRUE,
waterkoker,0.925995666189548,2,Brysbaert2014a;Jasmin2012,6.765,NA,core,TRUE,
taxi,0.922939068100358,1,Jasmin2012,8.8,NA,core,TRUE,
begraafplaats,0.92246707170868,2,Brysbaert2014a;Jasmin2012,6.74,NA,core,TRUE,
pistool,0.920866760848621,2,Brysbaert2014a;Jasmin2012,6.735,NA,core,TRUE,
scheermes,0.920866760848621,2,Brysbaert2014a;Jasmin2012,6.735,NA,core,TRUE,
sleutel,0.920866760848621,2,Brysbaert2014a;Jasmin2012,6.735,NA,core,TRUE,
boter,0.919840402319876,2,Brysbaert2014a;Jasmin2012,6.735,NA,core,TRUE,
rammelaar,0.919840402319876,2,Brysbaert2014a;Jasmin2012,6.735,NA,core,TRUE,
boek,0.919590790336117,2,Brysbaert2014a;Jasmin2012,6.75,NA,core,TRUE,
huis,0.919590790336117,2,Brysbaert2014a;Jasmin2012,6.75,NA,core,TRUE,
gloeilamp,0.919330870991834,2,Brysbaert2014a;Jasmin2012,6.72,NA,core,TRUE,
sneeuw,0.91797486320394,2,Brysbaert2014a;Jasmin2012,6.715,NA,core,TRUE,
aak,0.916741736539394,1,Brysbaert2014a,4.67,NA,core,TRUE,
aardvarken,0.916741736539394,1,Brysbaert2014a,4.67,NA,core,TRUE,
alikruik,0.916741736539394,1,Brysbaert2014a,4.67,NA,core,TRUE,
altviool,0.916741736539394,1,Brysbaert2014a,4.67,NA,core,TRUE,
ansichtkaart,0.916741736539394,1,Brysbaert2014a,4.67,NA,core,TRUE,
ansjovis,0.916741736539394,1,Brysbaert2014a,4.67,NA,core,TRUE,
antenne,0.916741736539394,1,Brysbaert2014a,4.67,NA,core,TRUE,
antilope,0.916741736539394,1,Brysbaert2014a,4.67,NA,core,TRUE,
appel,0.916741736539394,1,Brysbaert2014a,4.67,NA,core,TRUE,
appelsap,0.916741736539394,1,Brysbaert2014a,4.67,NA,core,TRUE,
armleuning,0.916741736539394,1,Brysbaert2014a,4.67,NA,core,TRUE,
autoweg,0.916741736539394,1,Brysbaert2014a,4.67,NA,core,TRUE,
bagagedrager,0.916741736539394,1,Brysbaert2014a,4.67,NA,core,TRUE,
bakkebaard,0.916741736539394,1,Brysbaert2014a,4.67,NA,core,TRUE,
bakkerij,0.916741736539394,1,Brysbaert2014a,4.67,NA,core,TRUE,
baljurk,0.916741736539394,1,Brysbaert2014a,4.67,NA,core,TRUE,
bananenschil,0.916741736539394,1,Brysbaert2014a,4.67,NA,core,TRUE,
barbecue,0.916741736539394,1,Brysbaert2014a,4.67,NA,core,TRUE,
barbiepop,0.916741736539394,1,Brysbaert2014a,4.67,NA,core,TRUE,
barcode,0.916741736539394,1,Brysbaert2014a,4.67,NA,core,TRUE,
biceps,0.916741736539394,1,Brysbaert2014a,4.67,NA,core,TRUE,
bintje,0.916741736539394,1,Brysbaert2014a,4.67,NA,core,TRUE,
bloembol,0.916741736539394,1,Brysbaert2014a,4.67,NA,core,TRUE,
bloemsuiker,0.916741736539394,1,Brysbaert2014a,4.67,NA,core,TRUE,
bocht,0.916741736539394,1,Brysbaert2014a,4.67,NA,core,TRUE,
boemerang,0.916741736539394,1,Brysbaert2014a,4.67,NA,core,TRUE,
boerenkool,0.916741736539394,1,Brysbaert2014a,4.67,NA,core,TRUE,
bomen,0.916741736539394,1,Brysbaert2014a,4.67,NA,core,TRUE,
borstkas,0.916741736539394,1,Brysbaert2014a,4.67,NA,core,TRUE,
brem,0.916741736539394,1,Brysbaert2014a,4.67,NA,core,TRUE,
briefpapier,0.916741736539394,1,Brysbaert2014a,4.67,NA,core,TRUE,
broche,0.916741736539394,1,Brysbaert2014a,4.67,NA,core,TRUE,
broodjeszaak,0.916741736539394,1,Brysbaert2014a,4.67,NA,core,TRUE,
bulldozer,0.916741736539394,1,Brysbaert2014a,4.67,NA,core,TRUE,
bumper,0.916741736539394,1,Brysbaert2014a,4.67,NA,core,TRUE,
bureau,0.916741736539394,1,Brysbaert2014a,4.67,NA,core,TRUE,
bushokje,0.916741736539394,1,Brysbaert2014a,4.67,NA,core,TRUE,
buskaartje,0.916741736539394,1,Brysbaert2014a,4.67,NA,core,TRUE,
cabriolet,0.916741736539394,1,Brysbaert2014a,4.67,NA,core,TRUE,
cacao,0.916741736539394,1,Brysbaert2014a,4.67,NA,core,TRUE,
calèche,0.916741736539394,1,Brysbaert2014a,4.67,NA,core,TRUE,
camionette,0.916741736539394,1,Brysbaert2014a,4.67,NA,core,TRUE,
canapé,0.916741736539394,1,Brysbaert2014a,4.67,NA,core,TRUE,
carrousel,0.916741736539394,1,Brysbaert2014a,4.67,NA,core,TRUE,
cava,0.916741736539394,1,Brysbaert2014a,4.67,NA,core,TRUE,
cement,0.916741736539394,1,Brysbaert2014a,4.67,NA,core,TRUE,
champagne,0.916741736539394,1,Brysbaert2014a,4.67,NA,core,TRUE,
chipolata,0.916741736539394,1,Brysbaert2014a,4.67,NA,core,TRUE,
chronometer,0.916741736539394,1,Brysbaert2014a,4.67,NA,core,TRUE,
colporteur,0.916741736539394,1,Brysbaert2014a,4.67,NA,core,TRUE,
computer,0.916741736539394,1,Brysbaert2014a,4.67,NA,core,TRUE,
computerscherm,0.916741736539394,1,Brysbaert2014a,4.67,NA,core,TRUE,
confetti,0.916741736539394,1,Brysbaert2014a,4.67,NA,core,TRUE,
contrabas,0.916741736539394,1,Brysbaert2014a,4.67,NA,core,TRUE,
deksel,0.916741736539394,1,Brysbaert2014a,4.67,NA,core,TRUE,
dia,0.916741736539394,1,Brysbaert2014a,4.67,NA,core,TRUE,
diamanten,0.916741736539394,1,Brysbaert2014a,4.67,NA,core,TRUE,
disk,0.916741736539394,1,Brysbaert2014a,4.67,NA,core,TRUE,
dog,0.916741736539394,1,Brysbaert2014a,4.67,NA,core,TRUE,
doodskop,0.916741736539394,1,Brysbaert2014a,4.67,NA,core,TRUE,
dotje,0.916741736539394,1,Brysbaert2014a,4.67,NA,core,TRUE,
dressing,0.916741736539394,1,Brysbaert2014a,4.67,NA,core,TRUE,
druivensap,0.916741736539394,1,Brysbaert2014a,4.67,NA,core,TRUE,
druppel,0.916741736539394,1,Brysbaert2014a,4.67,NA,core,TRUE,
eierdooier,0.916741736539394,1,Brysbaert2014a,4.67,NA,core,TRUE,
eierdopje,0.916741736539394,1,Brysbaert2014a,4.67,NA,core,TRUE,
elastiek,0.916741736539394,1,Brysbaert2014a,4.67,NA,core,TRUE,
entrecote,0.916741736539394,1,Brysbaert2014a,4.67,NA,core,TRUE,
fabriek,0.916741736539394,1,Brysbaert2014a,4.67,NA,core,TRUE,
fietsenrek,0.916741736539394,1,Brysbaert2014a,4.67,NA,core,TRUE,
fietspomp,0.916741736539394,1,Brysbaert2014a,4.67,NA,core,TRUE,
flesopener,0.916741736539394,1,Brysbaert2014a,4.67,NA,core,TRUE,
fonteintje,0.916741736539394,1,Brysbaert2014a,4.67,NA,core,TRUE,
frietjes,0.916741736539394,1,Brysbaert2014a,4.67,NA,core,TRUE,
frigobox,0.916741736539394,1,Brysbaert2014a,4.67,NA,core,TRUE,
fruitpap,0.916741736539394,1,Brysbaert2014a,4.67,NA,core,TRUE,
geeuw,0.916741736539394,1,Brysbaert2014a,4.67,NA,core,TRUE,
gel,0.916741736539394,1,Brysbaert2014a,4.67,NA,core,TRUE,
ginseng,0.916741736539394,1,Brysbaert2014a,4.67,NA,core,TRUE,
gordijn,0.916741736539394,1,Brysbaert2014a,4.67,NA,core,TRUE,
grijptang,0.916741736539394,1,Brysbaert2014a,4.67,NA,core,TRUE,
groenten,0.916741736539394,1,Brysbaert2014a,4.67,NA,core,TRUE,
haaientanden,0.916741736539394,1,Brysbaert2014a,4.67,NA,core,TRUE,
haas,0.916741736539394,1,Brysbaert2014a,4.67,NA,core,TRUE,
handpalm,0.916741736539394,1,Brysbaert2014a,4.67,NA,core,TRUE,
harnas,0.916741736539394,1,Brysbaert2014a,4.67,NA,core,TRUE,
horloge,0.916741736539394,1,Brysbaert2014a,4.67,NA,core,TRUE,
huid,0.916741736539394,1,Brysbaert2014a,4.67,NA,core,TRUE,
humbug,0.916741736539394,1,Brysbaert2014a,4.67,NA,core,TRUE,
hutkoffer,0.916741736539394,1,Brysbaert2014a,4.67,NA,core,TRUE,
ijshoorntje,0.916741736539394,1,Brysbaert2014a,4.67,NA,core,TRUE,
indianenpak,0.916741736539394,1,Brysbaert2014a,4.67,NA,core,TRUE,
inktvlek,0.916741736539394,1,Brysbaert2014a,4.67,NA,core,TRUE,
jam,0.916741736539394,1,Brysbaert2014a,4.67,NA,core,TRUE,
jeans,0.916741736539394,1,Brysbaert2014a,4.67,NA,core,TRUE,
jeneverbes,0.916741736539394,1,Brysbaert2014a,4.67,NA,core,TRUE,
jetski,0.916741736539394,1,Brysbaert2014a,4.67,NA,core,TRUE,
kaarten,0.916741736539394,1,Brysbaert2014a,4.67,NA,core,TRUE,
kaketoe,0.916741736539394,1,Brysbaert2014a,4.67,NA,core,TRUE,
kalender,0.916741736539394,1,Brysbaert2014a,4.67,NA,core,TRUE,
kandeel,0.916741736539394,1,Brysbaert2014a,4.67,NA,core,TRUE,
kappertjes,0.916741736539394,1,Brysbaert2014a,4.67,NA,core,TRUE,
karaf,0.916741736539394,1,Brysbaert2014a,4.67,NA,core,TRUE,
karamel,0.916741736539394,1,Brysbaert2014a,4.67,NA,core,TRUE,
kast,0.916741736539394,1,Brysbaert2014a,4.67,NA,core,TRUE,
kathedraal,0.916741736539394,1,Brysbaert2014a,4.67,NA,core,TRUE,
kauwgom,0.916741736539394,1,Brysbaert2014a,4.67,NA,core,TRUE,
keel,0.916741736539394,1,Brysbaert2014a,4.67,NA,core,TRUE,
kerstbal,0.916741736539394,1,Brysbaert2014a,4.67,NA,core,TRUE,
kettingzaag,0.916741736539394,1,Brysbaert2014a,4.67,NA,core,TRUE,
keukenmes,0.916741736539394,1,Brysbaert2014a,4.67,NA,core,TRUE,
keukenrobot,0.916741736539394,1,Brysbaert2014a,4.67,NA,core,TRUE,
kippensoep,0.916741736539394,1,Brysbaert2014a,4.67,NA,core,TRUE,
klavertje,0.916741736539394,1,Brysbaert2014a,4.67,NA,core,TRUE,
knieholte,0.916741736539394,1,Brysbaert2014a,4.67,NA,core,TRUE,
koekenpan,0.916741736539394,1,Brysbaert2014a,4.67,NA,core,TRUE,
koepel,0.916741736539394,1,Brysbaert2014a,4.67,NA,core,TRUE,
kokosmelk,0.916741736539394,1,Brysbaert2014a,4.67,NA,core,TRUE,
kopje,0.916741736539394,1,Brysbaert2014a,4.67,NA,core,TRUE,
koptelefoon,0.916741736539394,1,Brysbaert2014a,4.67,NA,core,TRUE,
kous,0.916741736539394,1,Brysbaert2014a,4.67,NA,core,TRUE,
kousen,0.916741736539394,1,Brysbaert2014a,4.67,NA,core,TRUE,
krentenbol,0.916741736539394,1,Brysbaert2014a,4.67,NA,core,TRUE,
kristal,0.916741736539394,1,Brysbaert2014a,4.67,NA,core,TRUE,
kruis,0.916741736539394,1,Brysbaert2014a,4.67,NA,core,TRUE,
kuit,0.916741736539394,1,Brysbaert2014a,4.67,NA,core,TRUE,
ladder,0.916741736539394,1,Brysbaert2014a,4.67,NA,core,TRUE,
landkaart,0.916741736539394,1,Brysbaert2014a,4.67,NA,core,TRUE,
laser,0.916741736539394,1,Brysbaert2014a,4.67,NA,core,TRUE,
legpuzzel,0.916741736539394,1,Brysbaert2014a,4.67,NA,core,TRUE,
lekstok,0.916741736539394,1,Brysbaert2014a,4.67,NA,core,TRUE,
lijn,0.916741736539394,1,Brysbaert2014a,4.67,NA,core,TRUE,
lingerie,0.916741736539394,1,Brysbaert2014a,4.67,NA,core,TRUE,
linkerhand,0.916741736539394,1,Brysbaert2014a,4.67,NA,core,TRUE,
lintje,0.916741736539394,1,Brysbaert2014a,4.67,NA,core,TRUE,
luchtbed,0.916741736539394,1,Brysbaert2014a,4.67,NA,core,TRUE,
luik,0.916741736539394,1,Brysbaert2014a,4.67,NA,core,TRUE,
madeliefje,0.916741736539394,1,Brysbaert2014a,4.67,NA,core,TRUE,
magazine,0.916741736539394,1,Brysbaert2014a,4.67,NA,core,TRUE,
maïs,0.916741736539394,1,Brysbaert2014a,4.67,NA,core,TRUE,
maliënkolder,0.916741736539394,1,Brysbaert2014a,4.67,NA,core,TRUE,
manchetknoop,0.916741736539394,1,Brysbaert2014a,4.67,NA,core,TRUE,
mango,0.916741736539394,1,Brysbaert2014a,4.67,NA,core,TRUE,
margarine,0.916741736539394,1,Brysbaert2014a,4.67,NA,core,TRUE,
marmelade,0.916741736539394,1,Brysbaert2014a,4.67,NA,core,TRUE,
molm,0.916741736539394,1,Brysbaert2014a,4.67,NA,core,TRUE,
motorkap,0.916741736539394,1,Brysbaert2014a,4.67,NA,core,TRUE,
naaldhakken,0.916741736539394,1,Brysbaert2014a,4.67,NA,core,TRUE,
onderlegger,0.916741736539394,1,Brysbaert2014a,4.67,NA,core,TRUE,
oogkas,0.916741736539394,1,Brysbaert2014a,4.67,NA,core,TRUE,
oploskoffie,0.916741736539394,1,Brysbaert2014a,4.67,NA,core,TRUE,
orgel,0.916741736539394,1,Brysbaert2014a,4.67,NA,core,TRUE,
otter,0.916741736539394,1,Brysbaert2014a,4.67,NA,core,TRUE,
pagina,0.916741736539394,1,Brysbaert2014a,4.67,NA,core,TRUE,
palm,0.916741736539394,1,Brysbaert2014a,4.67,NA,core,TRUE,
pasfoto,0.916741736539394,1,Brysbaert2014a,4.67,NA,core,TRUE,
patatjes,0.916741736539394,1,Brysbaert2014a,4.67,NA,core,TRUE,
pauk,0.916741736539394,1,Brysbaert2014a,4.67,NA,core,TRUE,
pil,0.916741736539394,1,Brysbaert2014a,4.67,NA,core,TRUE,
pillen,0.916741736539394,1,Brysbaert2014a,4.67,NA,core,TRUE,
pindanoot,0.916741736539394,1,Brysbaert2014a,4.67,NA,core,TRUE,
plag,0.916741736539394,1,Brysbaert2014a,4.67,NA,core,TRUE,
plamuurmes,0.916741736539394,1,Brysbaert2014a,4.67,NA,core,TRUE,
plattekaas,0.916741736539394,1,Brysbaert2014a,4.67,NA,core,TRUE,
poes,0.916741736539394,1,Brysbaert2014a,4.67,NA,core,TRUE,
pollepel,0.916741736539394,1,Brysbaert2014a,4.67,NA,core,TRUE,
poncho,0.916741736539394,1,Brysbaert2014a,4.67,NA,core,TRUE,
popcorn,0.916741736539394,1,Brysbaert2014a,4.67,NA,core,TRUE,
postbus,0.916741736539394,1,Brysbaert2014a,4.67,NA,core,TRUE,
pot,0.916741736539394,1,Brysbaert2014a,4.67,NA,core,TRUE,
priklimonade,0.916741736539394,1,Brysbaert2014a,4.67,NA,core,TRUE,
pumps,0.916741736539394,1,Brysbaert2014a,4.67,NA,core,TRUE,
puzzel,0.916741736539394,1,Brysbaert2014a,4.67,NA,core,TRUE,
raceauto,0.916741736539394,1,Brysbaert2014a,4.67,NA,core,TRUE,
ramen,0.916741736539394,1,Brysbaert2014a,4.67,NA,core,TRUE,
reflector,0.916741736539394,1,Brysbaert2014a,4.67,NA,core,TRUE,
regenlaarzen,0.916741736539394,1,Brysbaert2014a,4.67,NA,core,TRUE,
regenwoud,0.916741736539394,1,Brysbaert2014a,4.67,NA,core,TRUE,
riedel,0.916741736539394,1,Brysbaert2014a,4.67,NA,core,TRUE,
rijstrook,0.916741736539394,1,Brysbaert2014a,4.67,NA,core,TRUE,
ring,0.916741736539394,1,Brysbaert2014a,4.67,NA,core,TRUE,
rodekool,0.916741736539394,1,Brysbaert2014a,4.67,NA,core,TRUE,
rolschaats,0.916741736539394,1,Brysbaert2014a,4.67,NA,core,TRUE,
röntgenfoto,0.916741736539394,1,Brysbaert2014a,4.67,NA,core,TRUE,
rook,0.916741736539394,1,Brysbaert2014a,4.67,NA,core,TRUE,
rosarium,0.916741736539394,1,Brysbaert2014a,4.67,NA,core,TRUE,
rosbief,0.916741736539394,1,Brysbaert2014a,4.67,NA,core,TRUE,
rozemarijn,0.916741736539394,1,Brysbaert2014a,4.67,NA,core,TRUE,
rozen,0.916741736539394,1,Brysbaert2014a,4.67,NA,core,TRUE,
ruggengraat,0.916741736539394,1,Brysbaert2014a,4.67,NA,core,TRUE,
rugzak,0.916741736539394,1,Brysbaert2014a,4.67,NA,core,TRUE,
ruimteschip,0.916741736539394,1,Brysbaert2014a,4.67,NA,core,TRUE,
saté,0.916741736539394,1,Brysbaert2014a,4.67,NA,core,TRUE,
schaakspel,0.916741736539394,1,Brysbaert2014a,4.67,NA,core,TRUE,
schoteltje,0.916741736539394,1,Brysbaert2014a,4.67,NA,core,TRUE,
servies,0.916741736539394,1,Brysbaert2014a,4.67,NA,core,TRUE,
sikkel,0.916741736539394,1,Brysbaert2014a,4.67,NA,core,TRUE,
slagersmes,0.916741736539394,1,Brysbaert2014a,4.67,NA,core,TRUE,
sleutelbos,0.916741736539394,1,Brysbaert2014a,4.67,NA,core,TRUE,
snot,0.916741736539394,1,Brysbaert2014a,4.67,NA,core,TRUE,
softijs,0.916741736539394,1,Brysbaert2014a,4.67,NA,core,TRUE,
spier,0.916741736539394,1,Brysbaert2014a,4.67,NA,core,TRUE,
spoor,0.916741736539394,1,Brysbaert2014a,4.67,NA,core,TRUE,
spoorweg,0.916741736539394,1,Brysbaert2014a,4.67,NA,core,TRUE,
sportzak,0.916741736539394,1,Brysbaert2014a,4.67,NA,core,TRUE,
stervrucht,0.916741736539394,1,Brysbaert2014a,4.67,NA,core,TRUE,
stip,0.916741736539394,1,Brysbaert2014a,4.67,NA,core,TRUE,
stippellijn,0.916741736539394,1,Brysbaert2014a,4.67,NA,core,TRUE,
stoel,0.916741736539394,1,Brysbaert2014a,4.67,NA,core,TRUE,
stofdoek,0.916741736539394,1,Brysbaert2014a,4.67,NA,core,TRUE,
stoom,0.916741736539394,1,Brysbaert2014a,4.67,NA,core,TRUE,
straaljager,0.916741736539394,1,Brysbaert2014a,4.67,NA,core,TRUE,
stronk,0.916741736539394,1,Brysbaert2014a,4.67,NA,core,TRUE,
stroop,0.916741736539394,1,Brysbaert2014a,4.67,NA,core,TRUE,
struik,0.916741736539394,1,Brysbaert2014a,4.67,NA,core,TRUE,
stuur,0.916741736539394,1,Brysbaert2014a,4.67,NA,core,TRUE,
suikerklontje,0.916741736539394,1,Brysbaert2014a,4.67,NA,core,TRUE,
tabasco,0.916741736539394,1,Brysbaert2014a,4.67,NA,core,TRUE,
tabulator,0.916741736539394,1,Brysbaert2014a,4.67,NA,core,TRUE,
tafelblad,0.916741736539394,1,Brysbaert2014a,4.67,NA,core,TRUE,
tampon,0.916741736539394,1,Brysbaert2014a,4.67,NA,core,TRUE,
tape,0.916741736539394,1,Brysbaert2014a,4.67,NA,core,TRUE,
tarbot,0.916741736539394,1,Brysbaert2014a,4.67,NA,core,TRUE,
thermosfles,0.916741736539394,1,Brysbaert2014a,4.67,NA,core,TRUE,
trainingspak,0.916741736539394,1,Brysbaert2014a,4.67,NA,core,TRUE,
tram,0.916741736539394,1,Brysbaert2014a,4.67,NA,core,TRUE,
truck,0.916741736539394,1,Brysbaert2014a,4.67,NA,core,TRUE,
urne,0.916741736539394,1,Brysbaert2014a,4.67,NA,core,TRUE,
varkenspoot,0.916741736539394,1,Brysbaert2014a,4.67,NA,core,TRUE,
veiligheidsriem,0.916741736539394,1,Brysbaert2014a,4.67,NA,core,TRUE,
veldbed,0.916741736539394,1,Brysbaert2014a,4.67,NA,core,TRUE,
veldfles,0.916741736539394,1,Brysbaert2014a,4.67,NA,core,TRUE,
velletje,0.916741736539394,1,Brysbaert2014a,4.67,NA,core,TRUE,
vensterbank,0.916741736539394,1,Brysbaert2014a,4.67,NA,core,TRUE,
verbanddoos,0.916741736539394,1,Brysbaert2014a,4.67,NA,core,TRUE,
verkeersdrempel,0.916741736539394,1,Brysbaert2014a,4.67,NA,core,TRUE,
vibrator,0.916741736539394,1,Brysbaert2014a,4.67,NA,core,TRUE,
vidé,0.916741736539394,1,Brysbaert2014a,4.67,NA,core,TRUE,
videofilm,0.916741736539394,1,Brysbaert2014a,4.67,NA,core,TRUE,
vislijn,0.916741736539394,1,Brysbaert2014a,4.67,NA,core,TRUE,
vlam,0.916741736539394,1,Brysbaert2014a,4.67,NA,core,TRUE,
vlek,0.916741736539394,1,Brysbaert2014a,4.67,NA,core,TRUE,
vleugels,0.916741736539394,1,Brysbaert2014a,4.67,NA,core,TRUE,
vlieg,0.916741736539394,1,Brysbaert2014a,4.67,NA,core,TRUE,
wad,0.916741736539394,1,Brysbaert2014a,4.67,NA,core,TRUE,
wereldbol,0.916741736539394,1,Brysbaert2014a,4.67,NA,core,TRUE,
wezel,0.916741736539394,1,Brysbaert2014a,4.67,NA,core,TRUE,
wieg,0.916741736539394,1,Brysbaert2014a,4.67,NA,core,TRUE,
windhond,0.916741736539394,1,Brysbaert2014a,4.67,NA,core,TRUE,
wittekool,0.916741736539394,1,Brysbaert2014a,4.67,NA,core,TRUE,
wok,0.916741736539394,1,Brysbaert2014a,4.67,NA,core,TRUE,
zaagsel,0.916741736539394,1,Brysbaert2014a,4.67,NA,core,TRUE,
zalmforel,0.916741736539394,1,Brysbaert2014a,4.67,NA,core,TRUE,
zilverspar,0.916741736539394,1,Brysbaert2014a,4.67,NA,core,TRUE,
zool,0.916741736539394,1,Brysbaert2014a,4.67,NA,core,TRUE,
zuignap,0.916741736539394,1,Brysbaert2014a,4.67,NA,core,TRUE,
zuigplek,0.916741736539394,1,Brysbaert2014a,4.67,NA,core,TRUE,
zuurkool,0.916741736539394,1,Brysbaert2014a,4.67,NA,core,TRUE,
zuurtje,0.916741736539394,1,Brysbaert2014a,4.67,NA,core,TRUE,
zweetdruppel,0.916741736539394,1,Brysbaert2014a,4.67,NA,core,TRUE,
zwembroek,0.916741736539394,1,Brysbaert2014a,4.67,NA,core,TRUE,
konijn,0.913318388902425,2,Brysbaert2014a;Jasmin2012,6.715,NA,core,TRUE,
brand,0.912106777300659,2,Brysbaert2014a;Jasmin2012,6.695,NA,core,TRUE,
brief,0.911714383536637,2,Brysbaert2014a;Jasmin2012,6.7,NA,core,TRUE,
ratelslang,0.907040399140739,1,Brysbaert2014a,4.665,NA,core,TRUE,
rugvin,0.907040399140739,1,Brysbaert2014a,4.665,NA,core,TRUE,
mand,0.906977871959732,2,Brysbaert2014a;Jasmin2012,6.685,NA,core,TRUE,
auto,0.906235959325913,2,Brysbaert2014a;Jasmin2012,6.715,NA,core,TRUE,
boekrol,0.906139560668006,1,Brysbaert2014a,4.64,NA,core,TRUE,
boekweit,0.906139560668006,1,Brysbaert2014a,4.64,NA,core,TRUE,
cape,0.906139560668006,1,Brysbaert2014a,4.64,NA,core,TRUE,
draaiorgel,0.906139560668006,1,Brysbaert2014a,4.64,NA,core,TRUE,
hoentje,0.906139560668006,1,Brysbaert2014a,4.64,NA,core,TRUE,
horzel,0.906139560668006,1,Brysbaert2014a,4.64,NA,core,TRUE,
kaasschaaf,0.906139560668006,1,Brysbaert2014a,4.64,NA,core,TRUE,
kassa,0.906139560668006,1,Brysbaert2014a,4.64,NA,core,TRUE,
klontje,0.906139560668006,1,Brysbaert2014a,4.64,NA,core,TRUE,
krik,0.906139560668006,1,Brysbaert2014a,4.64,NA,core,TRUE,
lessenaar,0.906139560668006,1,Brysbaert2014a,4.64,NA,core,TRUE,
lotus,0.906139560668006,1,Brysbaert2014a,4.64,NA,core,TRUE,
manege,0.906139560668006,1,Brysbaert2014a,4.64,NA,core,TRUE,
ochtendjas,0.906139560668006,1,Brysbaert2014a,4.64,NA,core,TRUE,
parka,0.906139560668006,1,Brysbaert2014a,4.64,NA,core,TRUE,
poffertje,0.906139560668006,1,Brysbaert2014a,4.64,NA,core,TRUE,
rugleuning,0.906139560668006,1,Brysbaert2014a,4.64,NA,core,TRUE,
slaboon,0.906139560668006,1,Brysbaert2014a,4.64,NA,core,TRUE,
smeerkaas,0.906139560668006,1,Brysbaert2014a,4.64,NA,core,TRUE,
staalborstel,0.906139560668006,1,Brysbaert2014a,4.64,NA,core,TRUE,
stokvis,0.906139560668006,1,Brysbaert2014a,4.64,NA,core,TRUE,
velg,0.906139560668006,1,Brysbaert2014a,4.64,NA,core,TRUE,
windel,0.906139560668006,1,Brysbaert2014a,4.64,NA,core,TRUE,
tandarts,0.905969333988037,2,Brysbaert2014a;Jasmin2012,6.7,NA,core,TRUE,
ziekenhuis,0.905969333988037,2,Brysbaert2014a;Jasmin2012,6.7,NA,core,TRUE,
karmijn,0.905273369828841,1,Brysbaert2014a,4.63,NA,core,TRUE,
catamaran,0.904926893493174,1,Brysbaert2014a,4.62,NA,core,TRUE,
collier,0.904926893493174,1,Brysbaert2014a,4.62,NA,core,TRUE,
kennel,0.904926893493174,1,Brysbaert2014a,4.62,NA,core,TRUE,
laurier,0.904926893493174,1,Brysbaert2014a,4.62,NA,core,TRUE,
pilipili,0.904926893493174,1,Brysbaert2014a,4.62,NA,core,TRUE,
soufflé,0.904926893493174,1,Brysbaert2014a,4.62,NA,core,TRUE,
spijskaart,0.904926893493174,1,Brysbaert2014a,4.62,NA,core,TRUE,
stang,0.904926893493174,1,Brysbaert2014a,4.62,NA,core,TRUE,
stootkar,0.904926893493174,1,Brysbaert2014a,4.62,NA,core,TRUE,
kachel,0.904085974315051,2,Brysbaert2014a;Jasmin2012,6.685,NA,core,TRUE,
granaat,0.900575169344966,2,Brysbaert2014a;Jasmin2012,6.67,NA,core,TRUE,
tabak,0.900575169344966,2,Brysbaert2014a;Jasmin2012,6.67,NA,core,TRUE,
wolkenkrabber,0.900552443477788,2,Brysbaert2014a;Jasmin2012,6.675,NA,core,TRUE,
zitbank,0.899641577060932,1,Jasmin2012,8.71,NA,core,TRUE,
katje,0.897813572881359,2,Brysbaert2014a;Jasmin2012,6.65,NA,core,TRUE,
orkest,0.897769859737935,2,Brysbaert2014a;Jasmin2012,6.665,NA,core,TRUE,
dolk,0.896673212461524,2,Brysbaert2014a;Jasmin2012,6.65,NA,core,TRUE,
baby,0.896094882606615,2,Brysbaert2014a;Jasmin2012,6.65,NA,core,TRUE,
gevangenis,0.896060110787982,2,Brysbaert2014a;Jasmin2012,6.665,NA,core,TRUE,
afwasborstel,0.895190908460952,1,Brysbaert2014a,4.6,NA,core,TRUE,
anjer,0.895190908460952,1,Brysbaert2014a,4.6,NA,core,TRUE,
apennootje,0.895190908460952,1,Brysbaert2014a,4.6,NA,core,TRUE,
aspirientje,0.895190908460952,1,Brysbaert2014a,4.6,NA,core,TRUE,
atlas,0.895190908460952,1,Brysbaert2014a,4.6,NA,core,TRUE,
autostrade,0.895190908460952,1,Brysbaert2014a,4.6,NA,core,TRUE,
badschuim,0.895190908460952,1,Brysbaert2014a,4.6,NA,core,TRUE,
bakker,0.895190908460952,1,Brysbaert2014a,4.6,NA,core,TRUE,
bakplaat,0.895190908460952,1,Brysbaert2014a,4.6,NA,core,TRUE,
balkon,0.895190908460952,1,Brysbaert2014a,4.6,NA,core,TRUE,
balustrade,0.895190908460952,1,Brysbaert2014a,4.6,NA,core,TRUE,
bami,0.895190908460952,1,Brysbaert2014a,4.6,NA,core,TRUE,
bandopnemer,0.895190908460952,1,Brysbaert2014a,4.6,NA,core,TRUE,
bandrecorder,0.895190908460952,1,Brysbaert2014a,4.6,NA,core,TRUE,
basketbal,0.895190908460952,1,Brysbaert2014a,4.6,NA,core,TRUE,
behangpapier,0.895190908460952,1,Brysbaert2014a,4.6,NA,core,TRUE,
benzinepomp,0.895190908460952,1,Brysbaert2014a,4.6,NA,core,TRUE,
beschuitje,0.895190908460952,1,Brysbaert2014a,4.6,NA,core,TRUE,
biefstuk,0.895190908460952,1,Brysbaert2014a,4.6,NA,core,TRUE,
bikinilijn,0.895190908460952,1,Brysbaert2014a,4.6,NA,core,TRUE,
binnenband,0.895190908460952,1,Brysbaert2014a,4.6,NA,core,TRUE,
blikopener,0.895190908460952,1,Brysbaert2014a,4.6,NA,core,TRUE,
bloedneus,0.895190908460952,1,Brysbaert2014a,4.6,NA,core,TRUE,
bloedrood,0.895190908460952,1,Brysbaert2014a,4.6,NA,core,TRUE,
bobslee,0.895190908460952,1,Brysbaert2014a,4.6,NA,core,TRUE,
bontjas,0.895190908460952,1,Brysbaert2014a,4.6,NA,core,TRUE,
boomgaard,0.895190908460952,1,Brysbaert2014a,4.6,NA,core,TRUE,
botsauto,0.895190908460952,1,Brysbaert2014a,4.6,NA,core,TRUE,
bowlen,0.895190908460952,1,Brysbaert2014a,4.6,NA,core,TRUE,
bowling,0.895190908460952,1,Brysbaert2014a,4.6,NA,core,TRUE,
bretel,0.895190908460952,1,Brysbaert2014a,4.6,NA,core,TRUE,
brieventas,0.895190908460952,1,Brysbaert2014a,4.6,NA,core,TRUE,
broekzak,0.895190908460952,1,Brysbaert2014a,4.6,NA,core,TRUE,
bromfietser,0.895190908460952,1,Brysbaert2014a,4.6,NA,core,TRUE,
broodmes,0.895190908460952,1,Brysbaert2014a,4.6,NA,core,TRUE,
bruidsjurk,0.895190908460952,1,Brysbaert2014a,4.6,NA,core,TRUE,
bubbelbad,0.895190908460952,1,Brysbaert2014a,4.6,NA,core,TRUE,
buffel,0.895190908460952,1,Brysbaert2014a,4.6,NA,core,TRUE,
bugel,0.895190908460952,1,Brysbaert2014a,4.6,NA,core,TRUE,
buil,0.895190908460952,1,Brysbaert2014a,4.6,NA,core,TRUE,
buitendeur,0.895190908460952,1,Brysbaert2014a,4.6,NA,core,TRUE,
burcht,0.895190908460952,1,Brysbaert2014a,4.6,NA,core,TRUE,
bushalte,0.895190908460952,1,Brysbaert2014a,4.6,NA,core,TRUE,
camion,0.895190908460952,1,Brysbaert2014a,4.6,NA,core,TRUE,
caramel,0.895190908460952,1,Brysbaert2014a,4.6,NA,core,TRUE,
ceintuur,0.895190908460952,1,Brysbaert2014a,4.6,NA,core,TRUE,
chip,0.895190908460952,1,Brysbaert2014a,4.6,NA,core,TRUE,
choco,0.895190908460952,1,Brysbaert2014a,4.6,NA,core,TRUE,
cognac,0.895190908460952,1,Brysbaert2014a,4.6,NA,core,TRUE,
condoom,0.895190908460952,1,Brysbaert2014a,4.6,NA,core,TRUE,
doedelzak,0.895190908460952,1,Brysbaert2014a,4.6,NA,core,TRUE,
doek,0.895190908460952,1,Brysbaert2014a,4.6,NA,core,TRUE,
draad,0.895190908460952,1,Brysbaert2014a,4.6,NA,core,TRUE,
draagberrie,0.895190908460952,1,Brysbaert2014a,4.6,NA,core,TRUE,
draaitol,0.895190908460952,1,Brysbaert2014a,4.6,NA,core,TRUE,
eik,0.895190908460952,1,Brysbaert2014a,4.6,NA,core,TRUE,
eikel,0.895190908460952,1,Brysbaert2014a,4.6,NA,core,TRUE,
ekster,0.895190908460952,1,Brysbaert2014a,4.6,NA,core,TRUE,
etalagepop,0.895190908460952,1,Brysbaert2014a,4.6,NA,core,TRUE,
flat,0.895190908460952,1,Brysbaert2014a,4.6,NA,core,TRUE,
fotoboek,0.895190908460952,1,Brysbaert2014a,4.6,NA,core,TRUE,
frikandel,0.895190908460952,1,Brysbaert2014a,4.6,NA,core,TRUE,
fruitpers,0.895190908460952,1,Brysbaert2014a,4.6,NA,core,TRUE,
gasmasker,0.895190908460952,1,Brysbaert2014a,4.6,NA,core,TRUE,
glasbak,0.895190908460952,1,Brysbaert2014a,4.6,NA,core,TRUE,
glasscherf,0.895190908460952,1,Brysbaert2014a,4.6,NA,core,TRUE,
glazuur,0.895190908460952,1,Brysbaert2014a,4.6,NA,core,TRUE,
goudstaaf,0.895190908460952,1,Brysbaert2014a,4.6,NA,core,TRUE,
grenadine,0.895190908460952,1,Brysbaert2014a,4.6,NA,core,TRUE,
grijs,0.895190908460952,1,Brysbaert2014a,4.6,NA,core,TRUE,
grond,0.895190908460952,1,Brysbaert2014a,4.6,NA,core,TRUE,
hagelsnoer,0.895190908460952,1,Brysbaert2014a,4.6,NA,core,TRUE,
halsband,0.895190908460952,1,Brysbaert2014a,4.6,NA,core,TRUE,
halsslagader,0.895190908460952,1,Brysbaert2014a,4.6,NA,core,TRUE,
handrem,0.895190908460952,1,Brysbaert2014a,4.6,NA,core,TRUE,
haring,0.895190908460952,1,Brysbaert2014a,4.6,NA,core,TRUE,
hoefijzer,0.895190908460952,1,Brysbaert2014a,4.6,NA,core,TRUE,
hometrainer,0.895190908460952,1,Brysbaert2014a,4.6,NA,core,TRUE,
hooiberg,0.895190908460952,1,Brysbaert2014a,4.6,NA,core,TRUE,
hoornvlies,0.895190908460952,1,Brysbaert2014a,4.6,NA,core,TRUE,
hout,0.895190908460952,1,Brysbaert2014a,4.6,NA,core,TRUE,
houtworm,0.895190908460952,1,Brysbaert2014a,4.6,NA,core,TRUE,
jogging,0.895190908460952,1,Brysbaert2014a,4.6,NA,core,TRUE,
joggingpak,0.895190908460952,1,Brysbaert2014a,4.6,NA,core,TRUE,
kaarsen,0.895190908460952,1,Brysbaert2014a,4.6,NA,core,TRUE,
kabel,0.895190908460952,1,Brysbaert2014a,4.6,NA,core,TRUE,
kado,0.895190908460952,1,Brysbaert2014a,4.6,NA,core,TRUE,
kamerjas,0.895190908460952,1,Brysbaert2014a,4.6,NA,core,TRUE,
kanonskogel,0.895190908460952,1,Brysbaert2014a,4.6,NA,core,TRUE,
kapel,0.895190908460952,1,Brysbaert2014a,4.6,NA,core,TRUE,
kapmes,0.895190908460952,1,Brysbaert2014a,4.6,NA,core,TRUE,
kasseiweg,0.895190908460952,1,Brysbaert2014a,4.6,NA,core,TRUE,
kastanjeboom,0.895190908460952,1,Brysbaert2014a,4.6,NA,core,TRUE,
katoen,0.895190908460952,1,Brysbaert2014a,4.6,NA,core,TRUE,
ketel,0.895190908460952,1,Brysbaert2014a,4.6,NA,core,TRUE,
keukenpapier,0.895190908460952,1,Brysbaert2014a,4.6,NA,core,TRUE,
kikkervisje,0.895190908460952,1,Brysbaert2014a,4.6,NA,core,TRUE,
kimono,0.895190908460952,1,Brysbaert2014a,4.6,NA,core,TRUE,
kinderstoel,0.895190908460952,1,Brysbaert2014a,4.6,NA,core,TRUE,
kiosk,0.895190908460952,1,Brysbaert2014a,4.6,NA,core,TRUE,
kippenpoot,0.895190908460952,1,Brysbaert2014a,4.6,NA,core,TRUE,
kipsalade,0.895190908460952,1,Brysbaert2014a,4.6,NA,core,TRUE,
klak,0.895190908460952,1,Brysbaert2014a,4.6,NA,core,TRUE,
klaverblad,0.895190908460952,1,Brysbaert2014a,4.6,NA,core,TRUE,
kleurboek,0.895190908460952,1,Brysbaert2014a,4.6,NA,core,TRUE,
klokhuis,0.895190908460952,1,Brysbaert2014a,4.6,NA,core,TRUE,
klopper,0.895190908460952,1,Brysbaert2014a,4.6,NA,core,TRUE,
knippen,0.895190908460952,1,Brysbaert2014a,4.6,NA,core,TRUE,
knuffel,0.895190908460952,1,Brysbaert2014a,4.6,NA,core,TRUE,
knuppel,0.895190908460952,1,Brysbaert2014a,4.6,NA,core,TRUE,
kogelhuls,0.895190908460952,1,Brysbaert2014a,4.6,NA,core,TRUE,
kookvuur,0.895190908460952,1,Brysbaert2014a,4.6,NA,core,TRUE,
kookwekker,0.895190908460952,1,Brysbaert2014a,4.6,NA,core,TRUE,
kop,0.895190908460952,1,Brysbaert2014a,4.6,NA,core,TRUE,
koprol,0.895190908460952,1,Brysbaert2014a,4.6,NA,core,TRUE,
kredietkaart,0.895190908460952,1,Brysbaert2014a,4.6,NA,core,TRUE,
krijt,0.895190908460952,1,Brysbaert2014a,4.6,NA,core,TRUE,
kropsla,0.895190908460952,1,Brysbaert2014a,4.6,NA,core,TRUE,
kruidenthee,0.895190908460952,1,Brysbaert2014a,4.6,NA,core,TRUE,
krul,0.895190908460952,1,Brysbaert2014a,4.6,NA,core,TRUE,
kubus,0.895190908460952,1,Brysbaert2014a,4.6,NA,core,TRUE,
kunstschaats,0.895190908460952,1,Brysbaert2014a,4.6,NA,core,TRUE,
lampenkap,0.895190908460952,1,Brysbaert2014a,4.6,NA,core,TRUE,
leesbril,0.895190908460952,1,Brysbaert2014a,4.6,NA,core,TRUE,
leiband,0.895190908460952,1,Brysbaert2014a,4.6,NA,core,TRUE,
linnengoed,0.895190908460952,1,Brysbaert2014a,4.6,NA,core,TRUE,
look,0.895190908460952,1,Brysbaert2014a,4.6,NA,core,TRUE,
luchtfoto,0.895190908460952,1,Brysbaert2014a,4.6,NA,core,TRUE,
maaimachine,0.895190908460952,1,Brysbaert2014a,4.6,NA,core,TRUE,
maretak,0.895190908460952,1,Brysbaert2014a,4.6,NA,core,TRUE,
masker,0.895190908460952,1,Brysbaert2014a,4.6,NA,core,TRUE,
merrie,0.895190908460952,1,Brysbaert2014a,4.6,NA,core,TRUE,
metrostation,0.895190908460952,1,Brysbaert2014a,4.6,NA,core,TRUE,
meubels,0.895190908460952,1,Brysbaert2014a,4.6,NA,core,TRUE,
mobieltje,0.895190908460952,1,Brysbaert2014a,4.6,NA,core,TRUE,
moersleutel,0.895190908460952,1,Brysbaert2014a,4.6,NA,core,TRUE,
moskee,0.895190908460952,1,Brysbaert2014a,4.6,NA,core,TRUE,
motregen,0.895190908460952,1,Brysbaert2014a,4.6,NA,core,TRUE,
muil,0.895190908460952,1,Brysbaert2014a,4.6,NA,core,TRUE,
nachtkastje,0.895190908460952,1,Brysbaert2014a,4.6,NA,core,TRUE,
nek,0.895190908460952,1,Brysbaert2014a,4.6,NA,core,TRUE,
neusdruppels,0.895190908460952,1,Brysbaert2014a,4.6,NA,core,TRUE,
onderjurk,0.895190908460952,1,Brysbaert2014a,4.6,NA,core,TRUE,
onderzeeër,0.895190908460952,1,Brysbaert2014a,4.6,NA,core,TRUE,
ontbijtkoek,0.895190908460952,1,Brysbaert2014a,4.6,NA,core,TRUE,
oorschelp,0.895190908460952,1,Brysbaert2014a,4.6,NA,core,TRUE,
os,0.895190908460952,1,Brysbaert2014a,4.6,NA,core,TRUE,
paardenmolen,0.895190908460952,1,Brysbaert2014a,4.6,NA,core,TRUE,
paasei,0.895190908460952,1,Brysbaert2014a,4.6,NA,core,TRUE,
papaja,0.895190908460952,1,Brysbaert2014a,4.6,NA,core,TRUE,
papierbak,0.895190908460952,1,Brysbaert2014a,4.6,NA,core,TRUE,
papierklem,0.895190908460952,1,Brysbaert2014a,4.6,NA,core,TRUE,
parelhoen,0.895190908460952,1,Brysbaert2014a,4.6,NA,core,TRUE,
park,0.895190908460952,1,Brysbaert2014a,4.6,NA,core,TRUE,
parkeermeter,0.895190908460952,1,Brysbaert2014a,4.6,NA,core,TRUE,
paté,0.895190908460952,1,Brysbaert2014a,4.6,NA,core,TRUE,
pedaal,0.895190908460952,1,Brysbaert2014a,4.6,NA,core,TRUE,
pels,0.895190908460952,1,Brysbaert2014a,4.6,NA,core,TRUE,
pessarium,0.895190908460952,1,Brysbaert2014a,4.6,NA,core,TRUE,
peulvrucht,0.895190908460952,1,Brysbaert2014a,4.6,NA,core,TRUE,
pintje,0.895190908460952,1,Brysbaert2014a,4.6,NA,core,TRUE,
piramide,0.895190908460952,1,Brysbaert2014a,4.6,NA,core,TRUE,
plas,0.895190908460952,1,Brysbaert2014a,4.6,NA,core,TRUE,
poeder,0.895190908460952,1,Brysbaert2014a,4.6,NA,core,TRUE,
politieman,0.895190908460952,1,Brysbaert2014a,4.6,NA,core,TRUE,
pompstation,0.895190908460952,1,Brysbaert2014a,4.6,NA,core,TRUE,
pootafdruk,0.895190908460952,1,Brysbaert2014a,4.6,NA,core,TRUE,
poppenhuis,0.895190908460952,1,Brysbaert2014a,4.6,NA,core,TRUE,
portefeuille,0.895190908460952,1,Brysbaert2014a,4.6,NA,core,TRUE,
postkaart,0.895190908460952,1,Brysbaert2014a,4.6,NA,core,TRUE,
poststempel,0.895190908460952,1,Brysbaert2014a,4.6,NA,core,TRUE,
puntdak,0.895190908460952,1,Brysbaert2014a,4.6,NA,core,TRUE,
puree,0.895190908460952,1,Brysbaert2014a,4.6,NA,core,TRUE,
rekstok,0.895190908460952,1,Brysbaert2014a,4.6,NA,core,TRUE,
ringslang,0.895190908460952,1,Brysbaert2014a,4.6,NA,core,TRUE,
roetmop,0.895190908460952,1,Brysbaert2014a,4.6,NA,core,TRUE,
rolkraag,0.895190908460952,1,Brysbaert2014a,4.6,NA,core,TRUE,
room,0.895190908460952,1,Brysbaert2014a,4.6,NA,core,TRUE,
rozenstruik,0.895190908460952,1,Brysbaert2014a,4.6,NA,core,TRUE,
ruimtepak,0.895190908460952,1,Brysbaert2014a,4.6,NA,core,TRUE,
rum,0.895190908460952,1,Brysbaert2014a,4.6,NA,core,TRUE,
rundvlees,0.895190908460952,1,Brysbaert2014a,4.6,NA,core,TRUE,
sap,0.895190908460952,1,Brysbaert2014a,4.6,NA,core,TRUE,
schaakstuk,0.895190908460952,1,Brysbaert2014a,4.6,NA,core,TRUE,
scharnier,0.895190908460952,1,Brysbaert2014a,4.6,NA,core,TRUE,
scheur,0.895190908460952,1,Brysbaert2014a,4.6,NA,core,TRUE,
schimmelkaas,0.895190908460952,1,Brysbaert2014a,4.6,NA,core,TRUE,
schnitzel,0.895190908460952,1,Brysbaert2014a,4.6,NA,core,TRUE,
schommelstoel,0.895190908460952,1,Brysbaert2014a,4.6,NA,core,TRUE,
schoolbank,0.895190908460952,1,Brysbaert2014a,4.6,NA,core,TRUE,
schors,0.895190908460952,1,Brysbaert2014a,4.6,NA,core,TRUE,
schotelantenne,0.895190908460952,1,Brysbaert2014a,4.6,NA,core,TRUE,
schouw,0.895190908460952,1,Brysbaert2014a,4.6,NA,core,TRUE,
schrikdraad,0.895190908460952,1,Brysbaert2014a,4.6,NA,core,TRUE,
schuimrubber,0.895190908460952,1,Brysbaert2014a,4.6,NA,core,TRUE,
scooter,0.895190908460952,1,Brysbaert2014a,4.6,NA,core,TRUE,
selderij,0.895190908460952,1,Brysbaert2014a,4.6,NA,core,TRUE,
sijs,0.895190908460952,1,Brysbaert2014a,4.6,NA,core,TRUE,
silo,0.895190908460952,1,Brysbaert2014a,4.6,NA,core,TRUE,
slagtand,0.895190908460952,1,Brysbaert2014a,4.6,NA,core,TRUE,
slaolie,0.895190908460952,1,Brysbaert2014a,4.6,NA,core,TRUE,
sleutelhanger,0.895190908460952,1,Brysbaert2014a,4.6,NA,core,TRUE,
smoking,0.895190908460952,1,Brysbaert2014a,4.6,NA,core,TRUE,
sneeuwpop,0.895190908460952,1,Brysbaert2014a,4.6,NA,core,TRUE,
sneeuwstorm,0.895190908460952,1,Brysbaert2014a,4.6,NA,core,TRUE,
snipper,0.895190908460952,1,Brysbaert2014a,4.6,NA,core,TRUE,
snoep,0.895190908460952,1,Brysbaert2014a,4.6,NA,core,TRUE,
spaniël,0.895190908460952,1,Brysbaert2014a,4.6,NA,core,TRUE,
speelbal,0.895190908460952,1,Brysbaert2014a,4.6,NA,core,TRUE,
sperzieboon,0.895190908460952,1,Brysbaert2014a,4.6,NA,core,TRUE,
sportauto,0.895190908460952,1,Brysbaert2014a,4.6,NA,core,TRUE,
stalletje,0.895190908460952,1,Brysbaert2014a,4.6,NA,core,TRUE,
stempel,0.895190908460952,1,Brysbaert2014a,4.6,NA,core,TRUE,
sticker,0.895190908460952,1,Brysbaert2014a,4.6,NA,core,TRUE,
stofjas,0.895190908460952,1,Brysbaert2014a,4.6,NA,core,TRUE,
stoppels,0.895190908460952,1,Brysbaert2014a,4.6,NA,core,TRUE,
stopwatch,0.895190908460952,1,Brysbaert2014a,4.6,NA,core,TRUE,
strandstoel,0.895190908460952,1,Brysbaert2014a,4.6,NA,core,TRUE,
strip,0.895190908460952,1,Brysbaert2014a,4.6,NA,core,TRUE,
strips,0.895190908460952,1,Brysbaert2014a,4.6,NA,core,TRUE,
stropdas,0.895190908460952,1,Brysbaert2014a,4.6,NA,core,TRUE,
synthesizer,0.895190908460952,1,Brysbaert2014a,4.6,NA,core,TRUE,
tamboerijn,0.895190908460952,1,Brysbaert2014a,4.6,NA,core,TRUE,
tandem,0.895190908460952,1,Brysbaert2014a,4.6,NA,core,TRUE,
tartaar,0.895190908460952,1,Brysbaert2014a,4.6,NA,core,TRUE,
teerling,0.895190908460952,1,Brysbaert2014a,4.6,NA,core,TRUE,
tekening,0.895190908460952,1,Brysbaert2014a,4.6,NA,core,TRUE,
tennisser,0.895190908460952,1,Brysbaert2014a,4.6,NA,core,TRUE,
testikel,0.895190908460952,1,Brysbaert2014a,4.6,NA,core,TRUE,
tijm,0.895190908460952,1,Brysbaert2014a,4.6,NA,core,TRUE,
tomatensaus,0.895190908460952,1,Brysbaert2014a,4.6,NA,core,TRUE,
tonic,0.895190908460952,1,Brysbaert2014a,4.6,NA,core,TRUE,
tralies,0.895190908460952,1,Brysbaert2014a,4.6,NA,core,TRUE,
tramrails,0.895190908460952,1,Brysbaert2014a,4.6,NA,core,TRUE,
trouwring,0.895190908460952,1,Brysbaert2014a,4.6,NA,core,TRUE,
tuinbroek,0.895190908460952,1,Brysbaert2014a,4.6,NA,core,TRUE,
tuinhek,0.895190908460952,1,Brysbaert2014a,4.6,NA,core,TRUE,
tulband,0.895190908460952,1,Brysbaert2014a,4.6,NA,core,TRUE,
tutter,0.895190908460952,1,Brysbaert2014a,4.6,NA,core,TRUE,
vedel,0.895190908460952,1,Brysbaert2014a,4.6,NA,core,TRUE,
vliegenraam,0.895190908460952,1,Brysbaert2014a,4.6,NA,core,TRUE,
vlieger,0.895190908460952,1,Brysbaert2014a,4.6,NA,core,TRUE,
voetbalwedstrijd,0.895190908460952,1,Brysbaert2014a,4.6,NA,core,TRUE,
vogelkooi,0.895190908460952,1,Brysbaert2014a,4.6,NA,core,TRUE,
vrachtschip,0.895190908460952,1,Brysbaert2014a,4.6,NA,core,TRUE,
vruchtensap,0.895190908460952,1,Brysbaert2014a,4.6,NA,core,TRUE,
vuilnisbak,0.895190908460952,1,Brysbaert2014a,4.6,NA,core,TRUE,
wijnkelder,0.895190908460952,1,Brysbaert2014a,4.6,NA,core,TRUE,
winterjas,0.895190908460952,1,Brysbaert2014a,4.6,NA,core,TRUE,
wol,0.895190908460952,1,Brysbaert2014a,4.6,NA,core,TRUE,
woordenboek,0.895190908460952,1,Brysbaert2014a,4.6,NA,core,TRUE,
xylofoon,0.895190908460952,1,Brysbaert2014a,4.6,NA,core,TRUE,
zadel,0.895190908460952,1,Brysbaert2014a,4.6,NA,core,TRUE,
zak,0.895190908460952,1,Brysbaert2014a,4.6,NA,core,TRUE,
zandloper,0.895190908460952,1,Brysbaert2014a,4.6,NA,core,TRUE,
zandzak,0.895190908460952,1,Brysbaert2014a,4.6,NA,core,TRUE,
zonnescherm,0.895190908460952,1,Brysbaert2014a,4.6,NA,core,TRUE,
spin,0.893345207909397,2,Brysbaert2014a;Jasmin2012,6.65,NA,core,TRUE,
kakkerlak,0.892885257469173,2,Brysbaert2014a;Jasmin2012,6.62,NA,core,TRUE,
paleis,0.891813012558339,2,Brysbaert2014a;Jasmin2012,6.665,NA,core,TRUE,
kind,0.889822481172923,2,Brysbaert2014a;Jasmin2012,6.635,NA,core,TRUE,
badkamer,0.889799755305745,2,Brysbaert2014a;Jasmin2012,6.635,NA,core,TRUE,
straat,0.889799755305745,2,Brysbaert2014a;Jasmin2012,6.635,NA,core,TRUE,
paraplu,0.887508913383152,2,Brysbaert2014a;Jasmin2012,6.615,NA,core,TRUE,
schedel,0.887508913383152,2,Brysbaert2014a;Jasmin2012,6.615,NA,core,TRUE,
varken,0.887508913383152,2,Brysbaert2014a;Jasmin2012,6.615,NA,core,TRUE,
goud,0.887072806475705,2,Brysbaert2014a;Jasmin2012,6.615,NA,core,TRUE,
haai,0.885472495615646,2,Brysbaert2014a;Jasmin2012,6.635,NA,core,TRUE,
vinger,0.885472495615646,2,Brysbaert2014a;Jasmin2012,6.635,NA,core,TRUE,
bruinkool,0.88545492342873,1,Brysbaert2014a,4.58,NA,core,TRUE,
kampernoelie,0.88545492342873,1,Brysbaert2014a,4.58,NA,core,TRUE,
minestrone,0.88545492342873,1,Brysbaert2014a,4.58,NA,core,TRUE,
panamahoed,0.88545492342873,1,Brysbaert2014a,4.58,NA,core,TRUE,
pul,0.88545492342873,1,Brysbaert2014a,4.58,NA,core,TRUE,
rupsband,0.88545492342873,1,Brysbaert2014a,4.58,NA,core,TRUE,
tepelhof,0.88545492342873,1,Brysbaert2014a,4.58,NA,core,TRUE,
thorax,0.88545492342873,1,Brysbaert2014a,4.58,NA,core,TRUE,
wolfskers,0.88545492342873,1,Brysbaert2014a,4.58,NA,core,TRUE,
aardnoot,0.884172960986765,1,Brysbaert2014a,4.57,NA,core,TRUE,
beeldbuis,0.884172960986765,1,Brysbaert2014a,4.57,NA,core,TRUE,
cocon,0.884172960986765,1,Brysbaert2014a,4.57,NA,core,TRUE,
dorsvlegel,0.884172960986765,1,Brysbaert2014a,4.57,NA,core,TRUE,
geiser,0.884172960986765,1,Brysbaert2014a,4.57,NA,core,TRUE,
grafzerk,0.884172960986765,1,Brysbaert2014a,4.57,NA,core,TRUE,
handkar,0.884172960986765,1,Brysbaert2014a,4.57,NA,core,TRUE,
jacket,0.884172960986765,1,Brysbaert2014a,4.57,NA,core,TRUE,
kansel,0.884172960986765,1,Brysbaert2014a,4.57,NA,core,TRUE,
keilbout,0.884172960986765,1,Brysbaert2014a,4.57,NA,core,TRUE,
koolraap,0.884172960986765,1,Brysbaert2014a,4.57,NA,core,TRUE,
koolvis,0.884172960986765,1,Brysbaert2014a,4.57,NA,core,TRUE,
korenbloem,0.884172960986765,1,Brysbaert2014a,4.57,NA,core,TRUE,
makreel,0.884172960986765,1,Brysbaert2014a,4.57,NA,core,TRUE,
naaldwoud,0.884172960986765,1,Brysbaert2014a,4.57,NA,core,TRUE,
nachtpon,0.884172960986765,1,Brysbaert2014a,4.57,NA,core,TRUE,
papyrus,0.884172960986765,1,Brysbaert2014a,4.57,NA,core,TRUE,
perforator,0.884172960986765,1,Brysbaert2014a,4.57,NA,core,TRUE,
riek,0.884172960986765,1,Brysbaert2014a,4.57,NA,core,TRUE,
romp,0.884172960986765,1,Brysbaert2014a,4.57,NA,core,TRUE,
schaal,0.884172960986765,1,Brysbaert2014a,4.57,NA,core,TRUE,
schaats,0.884172960986765,1,Brysbaert2014a,4.57,NA,core,TRUE,
strijkstok,0.884172960986765,1,Brysbaert2014a,4.57,NA,core,TRUE,
strikdas,0.884172960986765,1,Brysbaert2014a,4.57,NA,core,TRUE,
tackle,0.884172960986765,1,Brysbaert2014a,4.57,NA,core,TRUE,
ventiel,0.884172960986765,1,Brysbaert2014a,4.57,NA,core,TRUE,
vliegticket,0.884172960986765,1,Brysbaert2014a,4.57,NA,core,TRUE,
zaal,0.884172960986765,1,Brysbaert2014a,4.57,NA,core,TRUE,
contactlens,0.883168179613332,1,Brysbaert2014a,4.565,NA,core,TRUE,
kamperfoelie,0.883064236712633,1,Brysbaert2014a,4.56,NA,core,TRUE,
knekel,0.883064236712633,1,Brysbaert2014a,4.56,NA,core,TRUE,
bavarois,0.882648465109833,1,Brysbaert2014a,4.55,NA,core,TRUE,
bolero,0.882648465109833,1,Brysbaert2014a,4.55,NA,core,TRUE,
kalebas,0.882648465109833,1,Brysbaert2014a,4.55,NA,core,TRUE,
karabijn,0.882648465109833,1,Brysbaert2014a,4.55,NA,core,TRUE,
magenta,0.882648465109833,1,Brysbaert2014a,4.55,NA,core,TRUE,
olm,0.882648465109833,1,Brysbaert2014a,4.55,NA,core,TRUE,
puck,0.882648465109833,1,Brysbaert2014a,4.55,NA,core,TRUE,
staak,0.882648465109833,1,Brysbaert2014a,4.55,NA,core,TRUE,
stifttand,0.882648465109833,1,Brysbaert2014a,4.55,NA,core,TRUE,
stroboscoop,0.882648465109833,1,Brysbaert2014a,4.55,NA,core,TRUE,
bus,0.882144491063518,2,Brysbaert2014a;Jasmin2012,6.585,NA,core,TRUE,
hangar,0.881816921904234,1,Brysbaert2014a,4.54,NA,core,TRUE,
holster,0.881816921904234,1,Brysbaert2014a,4.54,NA,core,TRUE,
kaasdoek,0.881816921904234,1,Brysbaert2014a,4.54,NA,core,TRUE,
klepel,0.881816921904234,1,Brysbaert2014a,4.54,NA,core,TRUE,
knook,0.881816921904234,1,Brysbaert2014a,4.54,NA,core,TRUE,
krabber,0.881816921904234,1,Brysbaert2014a,4.54,NA,core,TRUE,
obelisk,0.881816921904234,1,Brysbaert2014a,4.54,NA,core,TRUE,
patio,0.881816921904234,1,Brysbaert2014a,4.54,NA,core,TRUE,
pisang,0.881816921904234,1,Brysbaert2014a,4.54,NA,core,TRUE,
pitslamp,0.881816921904234,1,Brysbaert2014a,4.54,NA,core,TRUE,
sabel,0.881816921904234,1,Brysbaert2014a,4.54,NA,core,TRUE,
schans,0.881816921904234,1,Brysbaert2014a,4.54,NA,core,TRUE,
stolp,0.881816921904234,1,Brysbaert2014a,4.54,NA,core,TRUE,
vrieskist,0.881816921904234,1,Brysbaert2014a,4.54,NA,core,TRUE,
pus,0.880716083381828,2,Brysbaert2014a;Jasmin2012,6.605,NA,core,TRUE,
boerderij,0.877835455531936,2,Brysbaert2014a;Jasmin2012,6.6,NA,core,TRUE,
mes,0.876768146977497,2,Brysbaert2014a;Jasmin2012,6.58,NA,core,TRUE,
kanon,0.876666066852795,2,Brysbaert2014a;Jasmin2012,6.645,NA,core,TRUE,
hand,0.874719807443603,2,Brysbaert2014a;Jasmin2012,6.6,NA,core,TRUE,
dollar,0.872833684652887,2,Brysbaert2014a;Jasmin2012,6.565,NA,core,TRUE,
achterbank,0.872600651375511,1,Brysbaert2014a,4.53,NA,core,TRUE,
acne,0.872600651375511,1,Brysbaert2014a,4.53,NA,core,TRUE,
ader,0.872600651375511,1,Brysbaert2014a,4.53,NA,core,TRUE,
adresboek,0.872600651375511,1,Brysbaert2014a,4.53,NA,core,TRUE,
amandel,0.872600651375511,1,Brysbaert2014a,4.53,NA,core,TRUE,
armen,0.872600651375511,1,Brysbaert2014a,4.53,NA,core,TRUE,
as,0.872600651375511,1,Brysbaert2014a,4.53,NA,core,TRUE,
autokerkhof,0.872600651375511,1,Brysbaert2014a,4.53,NA,core,TRUE,
babyfoon,0.872600651375511,1,Brysbaert2014a,4.53,NA,core,TRUE,
babyfoto,0.872600651375511,1,Brysbaert2014a,4.53,NA,core,TRUE,
badminton,0.872600651375511,1,Brysbaert2014a,4.53,NA,core,TRUE,
badzout,0.872600651375511,1,Brysbaert2014a,4.53,NA,core,TRUE,
bakpan,0.872600651375511,1,Brysbaert2014a,4.53,NA,core,TRUE,
bankkaart,0.872600651375511,1,Brysbaert2014a,4.53,NA,core,TRUE,
bankkluis,0.872600651375511,1,Brysbaert2014a,4.53,NA,core,TRUE,
bankschroef,0.872600651375511,1,Brysbaert2014a,4.53,NA,core,TRUE,
baseball,0.872600651375511,1,Brysbaert2014a,4.53,NA,core,TRUE,
benzinetank,0.872600651375511,1,Brysbaert2014a,4.53,NA,core,TRUE,
bic,0.872600651375511,1,Brysbaert2014a,4.53,NA,core,TRUE,
bloedvlek,0.872600651375511,1,Brysbaert2014a,4.53,NA,core,TRUE,
bloemperk,0.872600651375511,1,Brysbaert2014a,4.53,NA,core,TRUE,
blondine,0.872600651375511,1,Brysbaert2014a,4.53,NA,core,TRUE,
boa,0.872600651375511,1,Brysbaert2014a,4.53,NA,core,TRUE,
boiler,0.872600651375511,1,Brysbaert2014a,4.53,NA,core,TRUE,
bolletje,0.872600651375511,1,Brysbaert2014a,4.53,NA,core,TRUE,
bommen,0.872600651375511,1,Brysbaert2014a,4.53,NA,core,TRUE,
boomtak,0.872600651375511,1,Brysbaert2014a,4.53,NA,core,TRUE,
boortoren,0.872600651375511,1,Brysbaert2014a,4.53,NA,core,TRUE,
bordspel,0.872600651375511,1,Brysbaert2014a,4.53,NA,core,TRUE,
bowlingbaan,0.872600651375511,1,Brysbaert2014a,4.53,NA,core,TRUE,
brandhout,0.872600651375511,1,Brysbaert2014a,4.53,NA,core,TRUE,
brandstapel,0.872600651375511,1,Brysbaert2014a,4.53,NA,core,TRUE,
brandtrap,0.872600651375511,1,Brysbaert2014a,4.53,NA,core,TRUE,
bruidssluier,0.872600651375511,1,Brysbaert2014a,4.53,NA,core,TRUE,
bubbelgum,0.872600651375511,1,Brysbaert2014a,4.53,NA,core,TRUE,
buidel,0.872600651375511,1,Brysbaert2014a,4.53,NA,core,TRUE,
buik,0.872600651375511,1,Brysbaert2014a,4.53,NA,core,TRUE,
buskruit,0.872600651375511,1,Brysbaert2014a,4.53,NA,core,TRUE,
cacaoboter,0.872600651375511,1,Brysbaert2014a,4.53,NA,core,TRUE,
camper,0.872600651375511,1,Brysbaert2014a,4.53,NA,core,TRUE,
carport,0.872600651375511,1,Brysbaert2014a,4.53,NA,core,TRUE,
chocolatje,0.872600651375511,1,Brysbaert2014a,4.53,NA,core,TRUE,
cilinder,0.872600651375511,1,Brysbaert2014a,4.53,NA,core,TRUE,
cinema,0.872600651375511,1,Brysbaert2014a,4.53,NA,core,TRUE,
citroensap,0.872600651375511,1,Brysbaert2014a,4.53,NA,core,TRUE,
cowboy,0.872600651375511,1,Brysbaert2014a,4.53,NA,core,TRUE,
cowboyfilm,0.872600651375511,1,Brysbaert2014a,4.53,NA,core,TRUE,
curry,0.872600651375511,1,Brysbaert2014a,4.53,NA,core,TRUE,
deurkruk,0.872600651375511,1,Brysbaert2014a,4.53,NA,core,TRUE,
dierentuin,0.872600651375511,1,Brysbaert2014a,4.53,NA,core,TRUE,
dijen,0.872600651375511,1,Brysbaert2014a,4.53,NA,core,TRUE,
droogrek,0.872600651375511,1,Brysbaert2014a,4.53,NA,core,TRUE,
druppels,0.872600651375511,1,Brysbaert2014a,4.53,NA,core,TRUE,
dubbeldekker,0.872600651375511,1,Brysbaert2014a,4.53,NA,core,TRUE,
eetlepel,0.872600651375511,1,Brysbaert2014a,4.53,NA,core,TRUE,
eiwit,0.872600651375511,1,Brysbaert2014a,4.53,NA,core,TRUE,
feestjurk,0.872600651375511,1,Brysbaert2014a,4.53,NA,core,TRUE,
ferry,0.872600651375511,1,Brysbaert2014a,4.53,NA,core,TRUE,
flatgebouw,0.872600651375511,1,Brysbaert2014a,4.53,NA,core,TRUE,
flessen,0.872600651375511,1,Brysbaert2014a,4.53,NA,core,TRUE,
fluitketel,0.872600651375511,1,Brysbaert2014a,4.53,NA,core,TRUE,
folie,0.872600651375511,1,Brysbaert2014a,4.53,NA,core,TRUE,
fossiel,0.872600651375511,1,Brysbaert2014a,4.53,NA,core,TRUE,
fotoalbum,0.872600651375511,1,Brysbaert2014a,4.53,NA,core,TRUE,
garagedeur,0.872600651375511,1,Brysbaert2014a,4.53,NA,core,TRUE,
geitenkaas,0.872600651375511,1,Brysbaert2014a,4.53,NA,core,TRUE,
gesp,0.872600651375511,1,Brysbaert2014a,4.53,NA,core,TRUE,
goudstuk,0.872600651375511,1,Brysbaert2014a,4.53,NA,core,TRUE,
grasmaaien,0.872600651375511,1,Brysbaert2014a,4.53,NA,core,TRUE,
grasperk,0.872600651375511,1,Brysbaert2014a,4.53,NA,core,TRUE,
grind,0.872600651375511,1,Brysbaert2014a,4.53,NA,core,TRUE,
haarlak,0.872600651375511,1,Brysbaert2014a,4.53,NA,core,TRUE,
hagelslag,0.872600651375511,1,Brysbaert2014a,4.53,NA,core,TRUE,
halsdoek,0.872600651375511,1,Brysbaert2014a,4.53,NA,core,TRUE,
handdruk,0.872600651375511,1,Brysbaert2014a,4.53,NA,core,TRUE,
hondenkop,0.872600651375511,1,Brysbaert2014a,4.53,NA,core,TRUE,
hoofdband,0.872600651375511,1,Brysbaert2014a,4.53,NA,core,TRUE,
hoorntje,0.872600651375511,1,Brysbaert2014a,4.53,NA,core,TRUE,
houtskool,0.872600651375511,1,Brysbaert2014a,4.53,NA,core,TRUE,
ijshockey,0.872600651375511,1,Brysbaert2014a,4.53,NA,core,TRUE,
jachthond,0.872600651375511,1,Brysbaert2014a,4.53,NA,core,TRUE,
jaguar,0.872600651375511,1,Brysbaert2014a,4.53,NA,core,TRUE,
jenever,0.872600651375511,1,Brysbaert2014a,4.53,NA,core,TRUE,
joystick,0.872600651375511,1,Brysbaert2014a,4.53,NA,core,TRUE,
jus,0.872600651375511,1,Brysbaert2014a,4.53,NA,core,TRUE,
kaak,0.872600651375511,1,Brysbaert2014a,4.53,NA,core,TRUE,
kaal,0.872600651375511,1,Brysbaert2014a,4.53,NA,core,TRUE,
kabelbaan,0.872600651375511,1,Brysbaert2014a,4.53,NA,core,TRUE,
kajakken,0.872600651375511,1,Brysbaert2014a,4.53,NA,core,TRUE,
kammen,0.872600651375511,1,Brysbaert2014a,4.53,NA,core,TRUE,
karton,0.872600651375511,1,Brysbaert2014a,4.53,NA,core,TRUE,
katten,0.872600651375511,1,Brysbaert2014a,4.53,NA,core,TRUE,
kattenvoer,0.872600651375511,1,Brysbaert2014a,4.53,NA,core,TRUE,
kazerne,0.872600651375511,1,Brysbaert2014a,4.53,NA,core,TRUE,
keeper,0.872600651375511,1,Brysbaert2014a,4.53,NA,core,TRUE,
kei,0.872600651375511,1,Brysbaert2014a,4.53,NA,core,TRUE,
kerstboom,0.872600651375511,1,Brysbaert2014a,4.53,NA,core,TRUE,
keukendeur,0.872600651375511,1,Brysbaert2014a,4.53,NA,core,TRUE,
kikkerdril,0.872600651375511,1,Brysbaert2014a,4.53,NA,core,TRUE,
kikkervis,0.872600651375511,1,Brysbaert2014a,4.53,NA,core,TRUE,
kinderboek,0.872600651375511,1,Brysbaert2014a,4.53,NA,core,TRUE,
kinderwagen,0.872600651375511,1,Brysbaert2014a,4.53,NA,core,TRUE,
klarinettist,0.872600651375511,1,Brysbaert2014a,4.53,NA,core,TRUE,
kledij,0.872600651375511,1,Brysbaert2014a,4.53,NA,core,TRUE,
klokje,0.872600651375511,1,Brysbaert2014a,4.53,NA,core,TRUE,
kloppen,0.872600651375511,1,Brysbaert2014a,4.53,NA,core,TRUE,
knolselder,0.872600651375511,1,Brysbaert2014a,4.53,NA,core,TRUE,
knop,0.872600651375511,1,Brysbaert2014a,4.53,NA,core,TRUE,
koffie,0.872600651375511,1,Brysbaert2014a,4.53,NA,core,TRUE,
koffieshop,0.872600651375511,1,Brysbaert2014a,4.53,NA,core,TRUE,
kolibrie,0.872600651375511,1,Brysbaert2014a,4.53,NA,core,TRUE,
konijnenhol,0.872600651375511,1,Brysbaert2014a,4.53,NA,core,TRUE,
kooi,0.872600651375511,1,Brysbaert2014a,4.53,NA,core,TRUE,
koraal,0.872600651375511,1,Brysbaert2014a,4.53,NA,core,TRUE,
korst,0.872600651375511,1,Brysbaert2014a,4.53,NA,core,TRUE,
kruidnagel,0.872600651375511,1,Brysbaert2014a,4.53,NA,core,TRUE,
kruisje,0.872600651375511,1,Brysbaert2014a,4.53,NA,core,TRUE,
kruispunt,0.872600651375511,1,Brysbaert2014a,4.53,NA,core,TRUE,
lammetje,0.872600651375511,1,Brysbaert2014a,4.53,NA,core,TRUE,
lavendel,0.872600651375511,1,Brysbaert2014a,4.53,NA,core,TRUE,
leesboek,0.872600651375511,1,Brysbaert2014a,4.53,NA,core,TRUE,
leeuwin,0.872600651375511,1,Brysbaert2014a,4.53,NA,core,TRUE,
legging,0.872600651375511,1,Brysbaert2014a,4.53,NA,core,TRUE,
lies,0.872600651375511,1,Brysbaert2014a,4.53,NA,core,TRUE,
lijm,0.872600651375511,1,Brysbaert2014a,4.53,NA,core,TRUE,
loofbos,0.872600651375511,1,Brysbaert2014a,4.53,NA,core,TRUE,
luchtbel,0.872600651375511,1,Brysbaert2014a,4.53,NA,core,TRUE,
maaier,0.872600651375511,1,Brysbaert2014a,4.53,NA,core,TRUE,
maanlicht,0.872600651375511,1,Brysbaert2014a,4.53,NA,core,TRUE,
maatpak,0.872600651375511,1,Brysbaert2014a,4.53,NA,core,TRUE,
maïsveld,0.872600651375511,1,Brysbaert2014a,4.53,NA,core,TRUE,
map,0.872600651375511,1,Brysbaert2014a,4.53,NA,core,TRUE,
marihuana,0.872600651375511,1,Brysbaert2014a,4.53,NA,core,TRUE,
mascara,0.872600651375511,1,Brysbaert2014a,4.53,NA,core,TRUE,
matje,0.872600651375511,1,Brysbaert2014a,4.53,NA,core,TRUE,
melkfles,0.872600651375511,1,Brysbaert2014a,4.53,NA,core,TRUE,
menukaart,0.872600651375511,1,Brysbaert2014a,4.53,NA,core,TRUE,
mierenhoop,0.872600651375511,1,Brysbaert2014a,4.53,NA,core,TRUE,
mondstuk,0.872600651375511,1,Brysbaert2014a,4.53,NA,core,TRUE,
muildier,0.872600651375511,1,Brysbaert2014a,4.53,NA,core,TRUE,
naamplaatje,0.872600651375511,1,Brysbaert2014a,4.53,NA,core,TRUE,
nietje,0.872600651375511,1,Brysbaert2014a,4.53,NA,core,TRUE,
olievlek,0.872600651375511,1,Brysbaert2014a,4.53,NA,core,TRUE,
olijfolie,0.872600651375511,1,Brysbaert2014a,4.53,NA,core,TRUE,
oordop,0.872600651375511,1,Brysbaert2014a,4.53,NA,core,TRUE,
paardenstaart,0.872600651375511,1,Brysbaert2014a,4.53,NA,core,TRUE,
pad,0.872600651375511,1,Brysbaert2014a,4.53,NA,core,TRUE,
pakje,0.872600651375511,1,Brysbaert2014a,4.53,NA,core,TRUE,
pamper,0.872600651375511,1,Brysbaert2014a,4.53,NA,core,TRUE,
pedaalemmer,0.872600651375511,1,Brysbaert2014a,4.53,NA,core,TRUE,
pekinees,0.872600651375511,1,Brysbaert2014a,4.53,NA,core,TRUE,
pens,0.872600651375511,1,Brysbaert2014a,4.53,NA,core,TRUE,
peperoni,0.872600651375511,1,Brysbaert2014a,4.53,NA,core,TRUE,
pieptoon,0.872600651375511,1,Brysbaert2014a,4.53,NA,core,TRUE,
pijp,0.872600651375511,1,Brysbaert2014a,4.53,NA,core,TRUE,
pion,0.872600651375511,1,Brysbaert2014a,4.53,NA,core,TRUE,
pirouette,0.872600651375511,1,Brysbaert2014a,4.53,NA,core,TRUE,
pisbloem,0.872600651375511,1,Brysbaert2014a,4.53,NA,core,TRUE,
pizzeria,0.872600651375511,1,Brysbaert2014a,4.53,NA,core,TRUE,
plakkaatverf,0.872600651375511,1,Brysbaert2014a,4.53,NA,core,TRUE,
platenspeler,0.872600651375511,1,Brysbaert2014a,4.53,NA,core,TRUE,
platvis,0.872600651375511,1,Brysbaert2014a,4.53,NA,core,TRUE,
pletwals,0.872600651375511,1,Brysbaert2014a,4.53,NA,core,TRUE,
pofbroek,0.872600651375511,1,Brysbaert2014a,4.53,NA,core,TRUE,
pomp,0.872600651375511,1,Brysbaert2014a,4.53,NA,core,TRUE,
porto,0.872600651375511,1,Brysbaert2014a,4.53,NA,core,TRUE,
postbode,0.872600651375511,1,Brysbaert2014a,4.53,NA,core,TRUE,
postkantoor,0.872600651375511,1,Brysbaert2014a,4.53,NA,core,TRUE,
prikbord,0.872600651375511,1,Brysbaert2014a,4.53,NA,core,TRUE,
projector,0.872600651375511,1,Brysbaert2014a,4.53,NA,core,TRUE,
ravijn,0.872600651375511,1,Brysbaert2014a,4.53,NA,core,TRUE,
recorder,0.872600651375511,1,Brysbaert2014a,4.53,NA,core,TRUE,
reep,0.872600651375511,1,Brysbaert2014a,4.53,NA,core,TRUE,
regenscherm,0.872600651375511,1,Brysbaert2014a,4.53,NA,core,TRUE,
regenwolk,0.872600651375511,1,Brysbaert2014a,4.53,NA,core,TRUE,
reistas,0.872600651375511,1,Brysbaert2014a,4.53,NA,core,TRUE,
robijn,0.872600651375511,1,Brysbaert2014a,4.53,NA,core,TRUE,
rok,0.872600651375511,1,Brysbaert2014a,4.53,NA,core,TRUE,
rondpunt,0.872600651375511,1,Brysbaert2014a,4.53,NA,core,TRUE,
rotonde,0.872600651375511,1,Brysbaert2014a,4.53,NA,core,TRUE,
rugwervel,0.872600651375511,1,Brysbaert2014a,4.53,NA,core,TRUE,
ruimtecapsule,0.872600651375511,1,Brysbaert2014a,4.53,NA,core,TRUE,
schap,0.872600651375511,1,Brysbaert2014a,4.53,NA,core,TRUE,
schapenvlees,0.872600651375511,1,Brysbaert2014a,4.53,NA,core,TRUE,
schilderij,0.872600651375511,1,Brysbaert2014a,4.53,NA,core,TRUE,
schilderwerk,0.872600651375511,1,Brysbaert2014a,4.53,NA,core,TRUE,
schoolgebouw,0.872600651375511,1,Brysbaert2014a,4.53,NA,core,TRUE,
schuimwijn,0.872600651375511,1,Brysbaert2014a,4.53,NA,core,TRUE,
shampoo,0.872600651375511,1,Brysbaert2014a,4.53,NA,core,TRUE,
skiër,0.872600651375511,1,Brysbaert2014a,4.53,NA,core,TRUE,
slagerij,0.872600651375511,1,Brysbaert2014a,4.53,NA,core,TRUE,
slasaus,0.872600651375511,1,Brysbaert2014a,4.53,NA,core,TRUE,
snee,0.872600651375511,1,Brysbaert2014a,4.53,NA,core,TRUE,
snijplank,0.872600651375511,1,Brysbaert2014a,4.53,NA,core,TRUE,
snijtand,0.872600651375511,1,Brysbaert2014a,4.53,NA,core,TRUE,
spandoek,0.872600651375511,1,Brysbaert2014a,4.53,NA,core,TRUE,
spatader,0.872600651375511,1,Brysbaert2014a,4.53,NA,core,TRUE,
speelplaats,0.872600651375511,1,Brysbaert2014a,4.53,NA,core,TRUE,
speeltafel,0.872600651375511,1,Brysbaert2014a,4.53,NA,core,TRUE,
spinnewiel,0.872600651375511,1,Brysbaert2014a,4.53,NA,core,TRUE,
sportveld,0.872600651375511,1,Brysbaert2014a,4.53,NA,core,TRUE,
spuug,0.872600651375511,1,Brysbaert2014a,4.53,NA,core,TRUE,
staafdiagram,0.872600651375511,1,Brysbaert2014a,4.53,NA,core,TRUE,
stadsmuur,0.872600651375511,1,Brysbaert2014a,4.53,NA,core,TRUE,
stal,0.872600651375511,1,Brysbaert2014a,4.53,NA,core,TRUE,
stekels,0.872600651375511,1,Brysbaert2014a,4.53,NA,core,TRUE,
stethoscoop,0.872600651375511,1,Brysbaert2014a,4.53,NA,core,TRUE,
steunzool,0.872600651375511,1,Brysbaert2014a,4.53,NA,core,TRUE,
stoeprand,0.872600651375511,1,Brysbaert2014a,4.53,NA,core,TRUE,
stofwolk,0.872600651375511,1,Brysbaert2014a,4.53,NA,core,TRUE,
taartje,0.872600651375511,1,Brysbaert2014a,4.53,NA,core,TRUE,
tak,0.872600651375511,1,Brysbaert2014a,4.53,NA,core,TRUE,
thermos,0.872600651375511,1,Brysbaert2014a,4.53,NA,core,TRUE,
tribune,0.872600651375511,1,Brysbaert2014a,4.53,NA,core,TRUE,
tube,0.872600651375511,1,Brysbaert2014a,4.53,NA,core,TRUE,
turngerief,0.872600651375511,1,Brysbaert2014a,4.53,NA,core,TRUE,
uurwerk,0.872600651375511,1,Brysbaert2014a,4.53,NA,core,TRUE,
varkenskop,0.872600651375511,1,Brysbaert2014a,4.53,NA,core,TRUE,
veldmuis,0.872600651375511,1,Brysbaert2014a,4.53,NA,core,TRUE,
vingerhoed,0.872600651375511,1,Brysbaert2014a,4.53,NA,core,TRUE,
vleesmes,0.872600651375511,1,Brysbaert2014a,4.53,NA,core,TRUE,
vleeswaren,0.872600651375511,1,Brysbaert2014a,4.53,NA,core,TRUE,
vliegendeur,0.872600651375511,1,Brysbaert2014a,4.53,NA,core,TRUE,
voordeur,0.872600651375511,1,Brysbaert2014a,4.53,NA,core,TRUE,
vrachtauto,0.872600651375511,1,Brysbaert2014a,4.53,NA,core,TRUE,
waaier,0.872600651375511,1,Brysbaert2014a,4.53,NA,core,TRUE,
walkietalkie,0.872600651375511,1,Brysbaert2014a,4.53,NA,core,TRUE,
waspoeder,0.872600651375511,1,Brysbaert2014a,4.53,NA,core,TRUE,
waterbed,0.872600651375511,1,Brysbaert2014a,4.53,NA,core,TRUE,
watertank,0.872600651375511,1,Brysbaert2014a,4.53,NA,core,TRUE,
weiland,0.872600651375511,1,Brysbaert2014a,4.53,NA,core,TRUE,
wekker,0.872600651375511,1,Brysbaert2014a,4.53,NA,core,TRUE,
wespennest,0.872600651375511,1,Brysbaert2014a,4.53,NA,core,TRUE,
wielrenner,0.872600651375511,1,Brysbaert2014a,4.53,NA,core,TRUE,
zandgrond,0.872600651375511,1,Brysbaert2014a,4.53,NA,core,TRUE,
zeerob,0.872600651375511,1,Brysbaert2014a,4.53,NA,core,TRUE,
zuil,0.872600651375511,1,Brysbaert2014a,4.53,NA,core,TRUE,
muffin,0.868691709082076,2,Brysbaert2014a;Jasmin2012,6.59,NA,core,TRUE,
restaurant,0.868636508819996,2,Brysbaert2014a;Jasmin2012,6.565,NA,core,TRUE,
schaduw,0.867834304336369,2,Brysbaert2014a;Jasmin2012,6.565,NA,core,TRUE,
slang,0.867103319988406,2,Brysbaert2014a;Jasmin2012,6.58,NA,core,TRUE,
meisje,0.865628932785826,2,Brysbaert2014a;Jasmin2012,6.55,NA,core,TRUE,
kus,0.865567430131619,2,Brysbaert2014a;Jasmin2012,6.565,NA,core,TRUE,
regenboog,0.865567430131619,2,Brysbaert2014a;Jasmin2012,6.565,NA,core,TRUE,
rivier,0.865567430131619,2,Brysbaert2014a;Jasmin2012,6.565,NA,core,TRUE,
kogel,0.86555550836523,2,Brysbaert2014a;Jasmin2012,6.565,NA,core,TRUE,
bom,0.865158178244813,2,Brysbaert2014a;Jasmin2012,6.55,NA,core,TRUE,
konijntje,0.862903225806452,1,Jasmin2012,8.6,NA,core,TRUE,
pannenkoeken,0.862903225806452,1,Jasmin2012,8.6,NA,core,TRUE,
kerosine,0.862346907754587,2,Brysbaert2014a;Jasmin2012,6.55,NA,core,TRUE,
alaam,0.861790589702723,1,Brysbaert2014a,4.5,NA,core,TRUE,
aster,0.861790589702723,1,Brysbaert2014a,4.5,NA,core,TRUE,
baars,0.861790589702723,1,Brysbaert2014a,4.5,NA,core,TRUE,
baldakijn,0.861790589702723,1,Brysbaert2014a,4.5,NA,core,TRUE,
bloemencorso,0.861790589702723,1,Brysbaert2014a,4.5,NA,core,TRUE,
boei,0.861790589702723,1,Brysbaert2014a,4.5,NA,core,TRUE,
bonbon,0.861790589702723,1,Brysbaert2014a,4.5,NA,core,TRUE,
brandewijn,0.861790589702723,1,Brysbaert2014a,4.5,NA,core,TRUE,
brandplek,0.861790589702723,1,Brysbaert2014a,4.5,NA,core,TRUE,
bruinvis,0.861790589702723,1,Brysbaert2014a,4.5,NA,core,TRUE,
bühne,0.861790589702723,1,Brysbaert2014a,4.5,NA,core,TRUE,
bustehouder,0.861790589702723,1,Brysbaert2014a,4.5,NA,core,TRUE,
calamares,0.861790589702723,1,Brysbaert2014a,4.5,NA,core,TRUE,
cantharel,0.861790589702723,1,Brysbaert2014a,4.5,NA,core,TRUE,
chapelure,0.861790589702723,1,Brysbaert2014a,4.5,NA,core,TRUE,
cracker,0.861790589702723,1,Brysbaert2014a,4.5,NA,core,TRUE,
curettage,0.861790589702723,1,Brysbaert2014a,4.5,NA,core,TRUE,
fistel,0.861790589702723,1,Brysbaert2014a,4.5,NA,core,TRUE,
fontanel,0.861790589702723,1,Brysbaert2014a,4.5,NA,core,TRUE,
geranium,0.861790589702723,1,Brysbaert2014a,4.5,NA,core,TRUE,
houweel,0.861790589702723,1,Brysbaert2014a,4.5,NA,core,TRUE,
japon,0.861790589702723,1,Brysbaert2014a,4.5,NA,core,TRUE,
kaaiman,0.861790589702723,1,Brysbaert2014a,4.5,NA,core,TRUE,
kanis,0.861790589702723,1,Brysbaert2014a,4.5,NA,core,TRUE,
katjang,0.861790589702723,1,Brysbaert2014a,4.5,NA,core,TRUE,
kattenkop,0.861790589702723,1,Brysbaert2014a,4.5,NA,core,TRUE,
kloffie,0.861790589702723,1,Brysbaert2014a,4.5,NA,core,TRUE,
knolgewas,0.861790589702723,1,Brysbaert2014a,4.5,NA,core,TRUE,
krib,0.861790589702723,1,Brysbaert2014a,4.5,NA,core,TRUE,
kwartel,0.861790589702723,1,Brysbaert2014a,4.5,NA,core,TRUE,
langoustine,0.861790589702723,1,Brysbaert2014a,4.5,NA,core,TRUE,
magnolia,0.861790589702723,1,Brysbaert2014a,4.5,NA,core,TRUE,
merengue,0.861790589702723,1,Brysbaert2014a,4.5,NA,core,TRUE,
metrostel,0.861790589702723,1,Brysbaert2014a,4.5,NA,core,TRUE,
mottenbal,0.861790589702723,1,Brysbaert2014a,4.5,NA,core,TRUE,
ooi,0.861790589702723,1,Brysbaert2014a,4.5,NA,core,TRUE,
palissander,0.861790589702723,1,Brysbaert2014a,4.5,NA,core,TRUE,
pancake,0.861790589702723,1,Brysbaert2014a,4.5,NA,core,TRUE,
parelmoer,0.861790589702723,1,Brysbaert2014a,4.5,NA,core,TRUE,
plaid,0.861790589702723,1,Brysbaert2014a,4.5,NA,core,TRUE,
plunjezak,0.861790589702723,1,Brysbaert2014a,4.5,NA,core,TRUE,
rif,0.861790589702723,1,Brysbaert2014a,4.5,NA,core,TRUE,
savooiekool,0.861790589702723,1,Brysbaert2014a,4.5,NA,core,TRUE,
scepter,0.861790589702723,1,Brysbaert2014a,4.5,NA,core,TRUE,
schapraai,0.861790589702723,1,Brysbaert2014a,4.5,NA,core,TRUE,
schar,0.861790589702723,1,Brysbaert2014a,4.5,NA,core,TRUE,
sherry,0.861790589702723,1,Brysbaert2014a,4.5,NA,core,TRUE,
slazwierder,0.861790589702723,1,Brysbaert2014a,4.5,NA,core,TRUE,
spaak,0.861790589702723,1,Brysbaert2014a,4.5,NA,core,TRUE,
spatbord,0.861790589702723,1,Brysbaert2014a,4.5,NA,core,TRUE,
staalwol,0.861790589702723,1,Brysbaert2014a,4.5,NA,core,TRUE,
sterrenkers,0.861790589702723,1,Brysbaert2014a,4.5,NA,core,TRUE,
tamari,0.861790589702723,1,Brysbaert2014a,4.5,NA,core,TRUE,
valluik,0.861790589702723,1,Brysbaert2014a,4.5,NA,core,TRUE,
vibrafoon,0.861790589702723,1,Brysbaert2014a,4.5,NA,core,TRUE,
zuurstok,0.861790589702723,1,Brysbaert2014a,4.5,NA,core,TRUE,
ster,0.85901825123086,2,Brysbaert2014a;Jasmin2012,6.515,NA,core,TRUE,
wapen,0.85901825123086,2,Brysbaert2014a;Jasmin2012,6.515,NA,core,TRUE,
hooi,0.857939020910033,2,Brysbaert2014a;Jasmin2012,6.545,NA,core,TRUE,
mug,0.857939020910033,2,Brysbaert2014a;Jasmin2012,6.545,NA,core,TRUE,
munt,0.857939020910033,2,Brysbaert2014a;Jasmin2012,6.545,NA,core,TRUE,
plant,0.85754821050561,2,Brysbaert2014a;Jasmin2012,6.535,NA,core,TRUE,
geld,0.854853518746605,2,Brysbaert2014a;Jasmin2012,6.515,NA,core,TRUE,
regen,0.854853518746605,2,Brysbaert2014a;Jasmin2012,6.515,NA,core,TRUE,
geweer,0.853282546608518,2,Brysbaert2014a;Jasmin2012,6.535,NA,core,TRUE,
adamsappel,0.852193195204768,1,Brysbaert2014a,4.47,NA,core,TRUE,
adapter,0.852193195204768,1,Brysbaert2014a,4.47,NA,core,TRUE,
auditorium,0.852193195204768,1,Brysbaert2014a,4.47,NA,core,TRUE,
aula,0.852193195204768,1,Brysbaert2014a,4.47,NA,core,TRUE,
badge,0.852193195204768,1,Brysbaert2014a,4.47,NA,core,TRUE,
balletje,0.852193195204768,1,Brysbaert2014a,4.47,NA,core,TRUE,
bank,0.852193195204768,1,Brysbaert2014a,4.47,NA,core,TRUE,
basiliek,0.852193195204768,1,Brysbaert2014a,4.47,NA,core,TRUE,
bassist,0.852193195204768,1,Brysbaert2014a,4.47,NA,core,TRUE,
beeldscherm,0.852193195204768,1,Brysbaert2014a,4.47,NA,core,TRUE,
benzine,0.852193195204768,1,Brysbaert2014a,4.47,NA,core,TRUE,
beukennootje,0.852193195204768,1,Brysbaert2014a,4.47,NA,core,TRUE,
bib,0.852193195204768,1,Brysbaert2014a,4.47,NA,core,TRUE,
biljart,0.852193195204768,1,Brysbaert2014a,4.47,NA,core,TRUE,
boezem,0.852193195204768,1,Brysbaert2014a,4.47,NA,core,TRUE,
bot,0.852193195204768,1,Brysbaert2014a,4.47,NA,core,TRUE,
bouillon,0.852193195204768,1,Brysbaert2014a,4.47,NA,core,TRUE,
bout,0.852193195204768,1,Brysbaert2014a,4.47,NA,core,TRUE,
bouwput,0.852193195204768,1,Brysbaert2014a,4.47,NA,core,TRUE,
bovenlichaam,0.852193195204768,1,Brysbaert2014a,4.47,NA,core,TRUE,
brandslang,0.852193195204768,1,Brysbaert2014a,4.47,NA,core,TRUE,
brandweerauto,0.852193195204768,1,Brysbaert2014a,4.47,NA,core,TRUE,
brochure,0.852193195204768,1,Brysbaert2014a,4.47,NA,core,TRUE,
bubbels,0.852193195204768,1,Brysbaert2014a,4.47,NA,core,TRUE,
buikje,0.852193195204768,1,Brysbaert2014a,4.47,NA,core,TRUE,
buikspier,0.852193195204768,1,Brysbaert2014a,4.47,NA,core,TRUE,
cadeaubon,0.852193195204768,1,Brysbaert2014a,4.47,NA,core,TRUE,
cafetaria,0.852193195204768,1,Brysbaert2014a,4.47,NA,core,TRUE,
cannabis,0.852193195204768,1,Brysbaert2014a,4.47,NA,core,TRUE,
cargoschip,0.852193195204768,1,Brysbaert2014a,4.47,NA,core,TRUE,
chauffage,0.852193195204768,1,Brysbaert2014a,4.47,NA,core,TRUE,
cirkel,0.852193195204768,1,Brysbaert2014a,4.47,NA,core,TRUE,
container,0.852193195204768,1,Brysbaert2014a,4.47,NA,core,TRUE,
dam,0.852193195204768,1,Brysbaert2014a,4.47,NA,core,TRUE,
dancing,0.852193195204768,1,Brysbaert2014a,4.47,NA,core,TRUE,
darm,0.852193195204768,1,Brysbaert2014a,4.47,NA,core,TRUE,
decolleté,0.852193195204768,1,Brysbaert2014a,4.47,NA,core,TRUE,
deeg,0.852193195204768,1,Brysbaert2014a,4.47,NA,core,TRUE,
disco,0.852193195204768,1,Brysbaert2014a,4.47,NA,core,TRUE,
distel,0.852193195204768,1,Brysbaert2014a,4.47,NA,core,TRUE,
doktersjas,0.852193195204768,1,Brysbaert2014a,4.47,NA,core,TRUE,
dolfinarium,0.852193195204768,1,Brysbaert2014a,4.47,NA,core,TRUE,
dranghek,0.852193195204768,1,Brysbaert2014a,4.47,NA,core,TRUE,
drempel,0.852193195204768,1,Brysbaert2014a,4.47,NA,core,TRUE,
drukpers,0.852193195204768,1,Brysbaert2014a,4.47,NA,core,TRUE,
duikplank,0.852193195204768,1,Brysbaert2014a,4.47,NA,core,TRUE,
eiland,0.852193195204768,1,Brysbaert2014a,4.47,NA,core,TRUE,
fietser,0.852193195204768,1,Brysbaert2014a,4.47,NA,core,TRUE,
fietsketting,0.852193195204768,1,Brysbaert2014a,4.47,NA,core,TRUE,
fluitje,0.852193195204768,1,Brysbaert2014a,4.47,NA,core,TRUE,
foto,0.852193195204768,1,Brysbaert2014a,4.47,NA,core,TRUE,
golf,0.852193195204768,1,Brysbaert2014a,4.47,NA,core,TRUE,
graancirkel,0.852193195204768,1,Brysbaert2014a,4.47,NA,core,TRUE,
gradenboog,0.852193195204768,1,Brysbaert2014a,4.47,NA,core,TRUE,
grammofoon,0.852193195204768,1,Brysbaert2014a,4.47,NA,core,TRUE,
grill,0.852193195204768,1,Brysbaert2014a,4.47,NA,core,TRUE,
gulp,0.852193195204768,1,Brysbaert2014a,4.47,NA,core,TRUE,
hersenkwab,0.852193195204768,1,Brysbaert2014a,4.47,NA,core,TRUE,
hondenhok,0.852193195204768,1,Brysbaert2014a,4.47,NA,core,TRUE,
hoofddeksel,0.852193195204768,1,Brysbaert2014a,4.47,NA,core,TRUE,
hoofdje,0.852193195204768,1,Brysbaert2014a,4.47,NA,core,TRUE,
houtvuur,0.852193195204768,1,Brysbaert2014a,4.47,NA,core,TRUE,
huisnummer,0.852193195204768,1,Brysbaert2014a,4.47,NA,core,TRUE,
huizen,0.852193195204768,1,Brysbaert2014a,4.47,NA,core,TRUE,
jachtgeweer,0.852193195204768,1,Brysbaert2014a,4.47,NA,core,TRUE,
javel,0.852193195204768,1,Brysbaert2014a,4.47,NA,core,TRUE,
jongens,0.852193195204768,1,Brysbaert2014a,4.47,NA,core,TRUE,
kaartspel,0.852193195204768,1,Brysbaert2014a,4.47,NA,core,TRUE,
kak,0.852193195204768,1,Brysbaert2014a,4.47,NA,core,TRUE,
kamp,0.852193195204768,1,Brysbaert2014a,4.47,NA,core,TRUE,
kampvuur,0.852193195204768,1,Brysbaert2014a,4.47,NA,core,TRUE,
kasserol,0.852193195204768,1,Brysbaert2014a,4.47,NA,core,TRUE,
kastanje,0.852193195204768,1,Brysbaert2014a,4.47,NA,core,TRUE,
kattenluik,0.852193195204768,1,Brysbaert2014a,4.47,NA,core,TRUE,
kauwen,0.852193195204768,1,Brysbaert2014a,4.47,NA,core,TRUE,
kebab,0.852193195204768,1,Brysbaert2014a,4.47,NA,core,TRUE,
kerker,0.852193195204768,1,Brysbaert2014a,4.47,NA,core,TRUE,
klomp,0.852193195204768,1,Brysbaert2014a,4.47,NA,core,TRUE,
knipmes,0.852193195204768,1,Brysbaert2014a,4.47,NA,core,TRUE,
koorddanser,0.852193195204768,1,Brysbaert2014a,4.47,NA,core,TRUE,
korenveld,0.852193195204768,1,Brysbaert2014a,4.47,NA,core,TRUE,
korrel,0.852193195204768,1,Brysbaert2014a,4.47,NA,core,TRUE,
kostuum,0.852193195204768,1,Brysbaert2014a,4.47,NA,core,TRUE,
kousenband,0.852193195204768,1,Brysbaert2014a,4.47,NA,core,TRUE,
kraal,0.852193195204768,1,Brysbaert2014a,4.47,NA,core,TRUE,
krabsla,0.852193195204768,1,Brysbaert2014a,4.47,NA,core,TRUE,
krater,0.852193195204768,1,Brysbaert2014a,4.47,NA,core,TRUE,
kruiden,0.852193195204768,1,Brysbaert2014a,4.47,NA,core,TRUE,
kuif,0.852193195204768,1,Brysbaert2014a,4.47,NA,core,TRUE,
kunstbloem,0.852193195204768,1,Brysbaert2014a,4.47,NA,core,TRUE,
kunstgebit,0.852193195204768,1,Brysbaert2014a,4.47,NA,core,TRUE,
kurken,0.852193195204768,1,Brysbaert2014a,4.47,NA,core,TRUE,
kwijl,0.852193195204768,1,Brysbaert2014a,4.47,NA,core,TRUE,
landbouwer,0.852193195204768,1,Brysbaert2014a,4.47,NA,core,TRUE,
ledematen,0.852193195204768,1,Brysbaert2014a,4.47,NA,core,TRUE,
leunstoel,0.852193195204768,1,Brysbaert2014a,4.47,NA,core,TRUE,
leverworst,0.852193195204768,1,Brysbaert2014a,4.47,NA,core,TRUE,
lood,0.852193195204768,1,Brysbaert2014a,4.47,NA,core,TRUE,
loofboom,0.852193195204768,1,Brysbaert2014a,4.47,NA,core,TRUE,
loopbrug,0.852193195204768,1,Brysbaert2014a,4.47,NA,core,TRUE,
lotion,0.852193195204768,1,Brysbaert2014a,4.47,NA,core,TRUE,
lul,0.852193195204768,1,Brysbaert2014a,4.47,NA,core,TRUE,
marker,0.852193195204768,1,Brysbaert2014a,4.47,NA,core,TRUE,
mat,0.852193195204768,1,Brysbaert2014a,4.47,NA,core,TRUE,
medaillon,0.852193195204768,1,Brysbaert2014a,4.47,NA,core,TRUE,
mijter,0.852193195204768,1,Brysbaert2014a,4.47,NA,core,TRUE,
mos,0.852193195204768,1,Brysbaert2014a,4.47,NA,core,TRUE,
mozaïek,0.852193195204768,1,Brysbaert2014a,4.47,NA,core,TRUE,
muilkorf,0.852193195204768,1,Brysbaert2014a,4.47,NA,core,TRUE,
naad,0.852193195204768,1,Brysbaert2014a,4.47,NA,core,TRUE,
neerslag,0.852193195204768,1,Brysbaert2014a,4.47,NA,core,TRUE,
olielamp,0.852193195204768,1,Brysbaert2014a,4.47,NA,core,TRUE,
omheining,0.852193195204768,1,Brysbaert2014a,4.47,NA,core,TRUE,
oogdruppels,0.852193195204768,1,Brysbaert2014a,4.47,NA,core,TRUE,
ophaalbrug,0.852193195204768,1,Brysbaert2014a,4.47,NA,core,TRUE,
paardenrace,0.852193195204768,1,Brysbaert2014a,4.47,NA,core,TRUE,
parachute,0.852193195204768,1,Brysbaert2014a,4.47,NA,core,TRUE,
parkeerplaats,0.852193195204768,1,Brysbaert2014a,4.47,NA,core,TRUE,
peper,0.852193195204768,1,Brysbaert2014a,4.47,NA,core,TRUE,
pilaar,0.852193195204768,1,Brysbaert2014a,4.47,NA,core,TRUE,
pils,0.852193195204768,1,Brysbaert2014a,4.47,NA,core,TRUE,
pis,0.852193195204768,1,Brysbaert2014a,4.47,NA,core,TRUE,
pistache,0.852193195204768,1,Brysbaert2014a,4.47,NA,core,TRUE,
placenta,0.852193195204768,1,Brysbaert2014a,4.47,NA,core,TRUE,
plakboek,0.852193195204768,1,Brysbaert2014a,4.47,NA,core,TRUE,
plakkertje,0.852193195204768,1,Brysbaert2014a,4.47,NA,core,TRUE,
plectrum,0.852193195204768,1,Brysbaert2014a,4.47,NA,core,TRUE,
poema,0.852193195204768,1,Brysbaert2014a,4.47,NA,core,TRUE,
pols,0.852193195204768,1,Brysbaert2014a,4.47,NA,core,TRUE,
porselein,0.852193195204768,1,Brysbaert2014a,4.47,NA,core,TRUE,
prullenmand,0.852193195204768,1,Brysbaert2014a,4.47,NA,core,TRUE,
race,0.852193195204768,1,Brysbaert2014a,4.47,NA,core,TRUE,
reebok,0.852193195204768,1,Brysbaert2014a,4.47,NA,core,TRUE,
regenpijp,0.852193195204768,1,Brysbaert2014a,4.47,NA,core,TRUE,
reispas,0.852193195204768,1,Brysbaert2014a,4.47,NA,core,TRUE,
rek,0.852193195204768,1,Brysbaert2014a,4.47,NA,core,TRUE,
reling,0.852193195204768,1,Brysbaert2014a,4.47,NA,core,TRUE,
rem,0.852193195204768,1,Brysbaert2014a,4.47,NA,core,TRUE,
ridder,0.852193195204768,1,Brysbaert2014a,4.47,NA,core,TRUE,
riool,0.852193195204768,1,Brysbaert2014a,4.47,NA,core,TRUE,
risotto,0.852193195204768,1,Brysbaert2014a,4.47,NA,core,TRUE,
roer,0.852193195204768,1,Brysbaert2014a,4.47,NA,core,TRUE,
roomboter,0.852193195204768,1,Brysbaert2014a,4.47,NA,core,TRUE,
roomijs,0.852193195204768,1,Brysbaert2014a,4.47,NA,core,TRUE,
roze,0.852193195204768,1,Brysbaert2014a,4.47,NA,core,TRUE,
ruitenwisser,0.852193195204768,1,Brysbaert2014a,4.47,NA,core,TRUE,
saucisse,0.852193195204768,1,Brysbaert2014a,4.47,NA,core,TRUE,
schaaldier,0.852193195204768,1,Brysbaert2014a,4.47,NA,core,TRUE,
schelpdier,0.852193195204768,1,Brysbaert2014a,4.47,NA,core,TRUE,
schil,0.852193195204768,1,Brysbaert2014a,4.47,NA,core,TRUE,
schoolboek,0.852193195204768,1,Brysbaert2014a,4.47,NA,core,TRUE,
schuur,0.852193195204768,1,Brysbaert2014a,4.47,NA,core,TRUE,
sjerp,0.852193195204768,1,Brysbaert2014a,4.47,NA,core,TRUE,
sjoelbak,0.852193195204768,1,Brysbaert2014a,4.47,NA,core,TRUE,
slaapbank,0.852193195204768,1,Brysbaert2014a,4.47,NA,core,TRUE,
sleep,0.852193195204768,1,Brysbaert2014a,4.47,NA,core,TRUE,
slip,0.852193195204768,1,Brysbaert2014a,4.47,NA,core,TRUE,
sluier,0.852193195204768,1,Brysbaert2014a,4.47,NA,core,TRUE,
snelbinder,0.852193195204768,1,Brysbaert2014a,4.47,NA,core,TRUE,
snorkel,0.852193195204768,1,Brysbaert2014a,4.47,NA,core,TRUE,
spiegeltje,0.852193195204768,1,Brysbaert2014a,4.47,NA,core,TRUE,
steenbok,0.852193195204768,1,Brysbaert2014a,4.47,NA,core,TRUE,
sterretje,0.852193195204768,1,Brysbaert2014a,4.47,NA,core,TRUE,
stoelleuning,0.852193195204768,1,Brysbaert2014a,4.47,NA,core,TRUE,
stoomschip,0.852193195204768,1,Brysbaert2014a,4.47,NA,core,TRUE,
strandhuis,0.852193195204768,1,Brysbaert2014a,4.47,NA,core,TRUE,
string,0.852193195204768,1,Brysbaert2014a,4.47,NA,core,TRUE,
stripfiguur,0.852193195204768,1,Brysbaert2014a,4.47,NA,core,TRUE,
stripverhaal,0.852193195204768,1,Brysbaert2014a,4.47,NA,core,TRUE,
stuurhut,0.852193195204768,1,Brysbaert2014a,4.47,NA,core,TRUE,
sushibar,0.852193195204768,1,Brysbaert2014a,4.47,NA,core,TRUE,
tandwiel,0.852193195204768,1,Brysbaert2014a,4.47,NA,core,TRUE,
tanker,0.852193195204768,1,Brysbaert2014a,4.47,NA,core,TRUE,
tankstation,0.852193195204768,1,Brysbaert2014a,4.47,NA,core,TRUE,
telefooncel,0.852193195204768,1,Brysbaert2014a,4.47,NA,core,TRUE,
telraam,0.852193195204768,1,Brysbaert2014a,4.47,NA,core,TRUE,
theedoek,0.852193195204768,1,Brysbaert2014a,4.47,NA,core,TRUE,
toonbank,0.852193195204768,1,Brysbaert2014a,4.47,NA,core,TRUE,
tralie,0.852193195204768,1,Brysbaert2014a,4.47,NA,core,TRUE,
trappist,0.852193195204768,1,Brysbaert2014a,4.47,NA,core,TRUE,
troon,0.852193195204768,1,Brysbaert2014a,4.47,NA,core,TRUE,
uitwerpsel,0.852193195204768,1,Brysbaert2014a,4.47,NA,core,TRUE,
veter,0.852193195204768,1,Brysbaert2014a,4.47,NA,core,TRUE,
videospel,0.852193195204768,1,Brysbaert2014a,4.47,NA,core,TRUE,
viking,0.852193195204768,1,Brysbaert2014a,4.47,NA,core,TRUE,
viltje,0.852193195204768,1,Brysbaert2014a,4.47,NA,core,TRUE,
vingerafdruk,0.852193195204768,1,Brysbaert2014a,4.47,NA,core,TRUE,
vissenkop,0.852193195204768,1,Brysbaert2014a,4.47,NA,core,TRUE,
vlees,0.852193195204768,1,Brysbaert2014a,4.47,NA,core,TRUE,
vleeswond,0.852193195204768,1,Brysbaert2014a,4.47,NA,core,TRUE,
vleugel,0.852193195204768,1,Brysbaert2014a,4.47,NA,core,TRUE,
voetbalteam,0.852193195204768,1,Brysbaert2014a,4.47,NA,core,TRUE,
vriezer,0.852193195204768,1,Brysbaert2014a,4.47,NA,core,TRUE,
wapens,0.852193195204768,1,Brysbaert2014a,4.47,NA,core,TRUE,
wasgoed,0.852193195204768,1,Brysbaert2014a,4.47,NA,core,TRUE,
wip,0.852193195204768,1,Brysbaert2014a,4.47,NA,core,TRUE,
woonkamer,0.852193195204768,1,Brysbaert2014a,4.47,NA,core,TRUE,
wurggreep,0.852193195204768,1,Brysbaert2014a,4.47,NA,core,TRUE,
zangvogel,0.852193195204768,1,Brysbaert2014a,4.47,NA,core,TRUE,
zeilplank,0.852193195204768,1,Brysbaert2014a,4.47,NA,core,TRUE,
zonsopgang,0.852193195204768,1,Brysbaert2014a,4.47,NA,core,TRUE,
zuur,0.852193195204768,1,Brysbaert2014a,4.47,NA,core,TRUE,
vrouw,0.849609649080323,2,Brysbaert2014a;Jasmin2012,6.5,NA,core,TRUE,
python,0.847634361411825,2,Brysbaert2014a;Jasmin2012,6.5,NA,core,TRUE,
draperie,0.844432125285843,1,Brysbaert2014a,4.46,NA,core,TRUE,
lijnzaad,0.844432125285843,1,Brysbaert2014a,4.46,NA,core,TRUE,
peul,0.844432125285843,1,Brysbaert2014a,4.46,NA,core,TRUE,
schijthuis,0.844432125285843,1,Brysbaert2014a,4.46,NA,core,TRUE,
schnaps,0.844432125285843,1,Brysbaert2014a,4.46,NA,core,TRUE,
uilenbal,0.844432125285843,1,Brysbaert2014a,4.46,NA,core,TRUE,
venusheuvel,0.844432125285843,1,Brysbaert2014a,4.46,NA,core,TRUE,
cellofaan,0.84384311551521,1,Brysbaert2014a,4.45,NA,core,TRUE,
dotterbloem,0.84384311551521,1,Brysbaert2014a,4.45,NA,core,TRUE,
gladiool,0.84384311551521,1,Brysbaert2014a,4.45,NA,core,TRUE,
keppeltje,0.84384311551521,1,Brysbaert2014a,4.45,NA,core,TRUE,
kipkap,0.84384311551521,1,Brysbaert2014a,4.45,NA,core,TRUE,
loupe,0.84384311551521,1,Brysbaert2014a,4.45,NA,core,TRUE,
macadam,0.84384311551521,1,Brysbaert2014a,4.45,NA,core,TRUE,
rododendron,0.84384311551521,1,Brysbaert2014a,4.45,NA,core,TRUE,
tasjeskruid,0.84384311551521,1,Brysbaert2014a,4.45,NA,core,TRUE,
weed,0.84384311551521,1,Brysbaert2014a,4.45,NA,core,TRUE,
jongen,0.843675527767905,2,Brysbaert2014a;Jasmin2012,6.5,NA,core,TRUE,
lamp,0.843675527767905,2,Brysbaert2014a;Jasmin2012,6.5,NA,core,TRUE,
jurk,0.843659321616721,2,Brysbaert2014a;Jasmin2012,6.485,NA,core,TRUE,
kluis,0.843652801900727,2,Brysbaert2014a;Jasmin2012,6.5,NA,core,TRUE,
urine,0.843652801900727,2,Brysbaert2014a;Jasmin2012,6.5,NA,core,TRUE,
collie,0.843323401011711,1,Brysbaert2014a,4.44,NA,core,TRUE,
fluwijn,0.843323401011711,1,Brysbaert2014a,4.44,NA,core,TRUE,
heester,0.843323401011711,1,Brysbaert2014a,4.44,NA,core,TRUE,
schilling,0.843323401011711,1,Brysbaert2014a,4.44,NA,core,TRUE,
staketsel,0.843323401011711,1,Brysbaert2014a,4.44,NA,core,TRUE,
bajes,0.84233789936986,2,Brysbaert2014a;Jasmin2012,6.48,NA,core,TRUE,
luis,0.841821910418357,2,Brysbaert2014a;Jasmin2012,6.49,NA,core,TRUE,
amfibie,0.841764257501213,1,Brysbaert2014a,4.43,NA,core,TRUE,
arduin,0.841764257501213,1,Brysbaert2014a,4.43,NA,core,TRUE,
baai,0.841764257501213,1,Brysbaert2014a,4.43,NA,core,TRUE,
boemeltrein,0.841764257501213,1,Brysbaert2014a,4.43,NA,core,TRUE,
brik,0.841764257501213,1,Brysbaert2014a,4.43,NA,core,TRUE,
caleidoscoop,0.841764257501213,1,Brysbaert2014a,4.43,NA,core,TRUE,
centrifuge,0.841764257501213,1,Brysbaert2014a,4.43,NA,core,TRUE,
crêpepapier,0.841764257501213,1,Brysbaert2014a,4.43,NA,core,TRUE,
croutons,0.841764257501213,1,Brysbaert2014a,4.43,NA,core,TRUE,
facteur,0.841764257501213,1,Brysbaert2014a,4.43,NA,core,TRUE,
hazelaar,0.841764257501213,1,Brysbaert2014a,4.43,NA,core,TRUE,
kefir,0.841764257501213,1,Brysbaert2014a,4.43,NA,core,TRUE,
kreukel,0.841764257501213,1,Brysbaert2014a,4.43,NA,core,TRUE,
krielkip,0.841764257501213,1,Brysbaert2014a,4.43,NA,core,TRUE,
kushand,0.841764257501213,1,Brysbaert2014a,4.43,NA,core,TRUE,
latrine,0.841764257501213,1,Brysbaert2014a,4.43,NA,core,TRUE,
melisse,0.841764257501213,1,Brysbaert2014a,4.43,NA,core,TRUE,
mitrailleur,0.841764257501213,1,Brysbaert2014a,4.43,NA,core,TRUE,
pinautomaat,0.841764257501213,1,Brysbaert2014a,4.43,NA,core,TRUE,
plasser,0.841764257501213,1,Brysbaert2014a,4.43,NA,core,TRUE,
plasticine,0.841764257501213,1,Brysbaert2014a,4.43,NA,core,TRUE,
polder,0.841764257501213,1,Brysbaert2014a,4.43,NA,core,TRUE,
rail,0.841764257501213,1,Brysbaert2014a,4.43,NA,core,TRUE,
reageerbuis,0.841764257501213,1,Brysbaert2014a,4.43,NA,core,TRUE,
rijstebrij,0.841764257501213,1,Brysbaert2014a,4.43,NA,core,TRUE,
sodawater,0.841764257501213,1,Brysbaert2014a,4.43,NA,core,TRUE,
spikes,0.841764257501213,1,Brysbaert2014a,4.43,NA,core,TRUE,
spoel,0.841764257501213,1,Brysbaert2014a,4.43,NA,core,TRUE,
startkabel,0.841764257501213,1,Brysbaert2014a,4.43,NA,core,TRUE,
steiger,0.841764257501213,1,Brysbaert2014a,4.43,NA,core,TRUE,
trappelzak,0.841764257501213,1,Brysbaert2014a,4.43,NA,core,TRUE,
treinstel,0.841764257501213,1,Brysbaert2014a,4.43,NA,core,TRUE,
visstick,0.841764257501213,1,Brysbaert2014a,4.43,NA,core,TRUE,
vlaggenstok,0.841764257501213,1,Brysbaert2014a,4.43,NA,core,TRUE,
vloeipapier,0.841764257501213,1,Brysbaert2014a,4.43,NA,core,TRUE,
voorhamer,0.841764257501213,1,Brysbaert2014a,4.43,NA,core,TRUE,
vrieskast,0.841764257501213,1,Brysbaert2014a,4.43,NA,core,TRUE,
zapper,0.841764257501213,1,Brysbaert2014a,4.43,NA,core,TRUE,
ceder,0.840205113990714,1,Brysbaert2014a,4.42,NA,core,TRUE,
grootzeil,0.840205113990714,1,Brysbaert2014a,4.42,NA,core,TRUE,
kievit,0.840205113990714,1,Brysbaert2014a,4.42,NA,core,TRUE,
kootje,0.840205113990714,1,Brysbaert2014a,4.42,NA,core,TRUE,
vliegwiel,0.840205113990714,1,Brysbaert2014a,4.42,NA,core,TRUE,
poster,0.837777730587453,2,Brysbaert2014a;Jasmin2012,6.47,NA,core,TRUE,
puppy,0.837777730587453,2,Brysbaert2014a;Jasmin2012,6.47,NA,core,TRUE,
bloem,0.836059040312708,2,Brysbaert2014a;Jasmin2012,6.48,NA,core,TRUE,
boxer,0.835125448028674,1,Jasmin2012,8.5,NA,core,TRUE,
paddestoel,0.835125448028674,1,Jasmin2012,8.5,NA,core,TRUE,
koorts,0.834439294489735,2,Brysbaert2014a;Jasmin2012,6.435,NA,core,TRUE,
lucht,0.834439294489735,2,Brysbaert2014a;Jasmin2012,6.435,NA,core,TRUE,
ademtest,0.83254798697249,1,Brysbaert2014a,4.4,NA,core,TRUE,
affiche,0.83254798697249,1,Brysbaert2014a,4.4,NA,core,TRUE,
airbag,0.83254798697249,1,Brysbaert2014a,4.4,NA,core,TRUE,
akker,0.83254798697249,1,Brysbaert2014a,4.4,NA,core,TRUE,
attractiepark,0.83254798697249,1,Brysbaert2014a,4.4,NA,core,TRUE,
badwater,0.83254798697249,1,Brysbaert2014a,4.4,NA,core,TRUE,
bagage,0.83254798697249,1,Brysbaert2014a,4.4,NA,core,TRUE,
bandje,0.83254798697249,1,Brysbaert2014a,4.4,NA,core,TRUE,
barometer,0.83254798697249,1,Brysbaert2014a,4.4,NA,core,TRUE,
bast,0.83254798697249,1,Brysbaert2014a,4.4,NA,core,TRUE,
behang,0.83254798697249,1,Brysbaert2014a,4.4,NA,core,TRUE,
berghok,0.83254798697249,1,Brysbaert2014a,4.4,NA,core,TRUE,
bidon,0.83254798697249,1,Brysbaert2014a,4.4,NA,core,TRUE,
bladwijzer,0.83254798697249,1,Brysbaert2014a,4.4,NA,core,TRUE,
blik,0.83254798697249,1,Brysbaert2014a,4.4,NA,core,TRUE,
bloedworst,0.83254798697249,1,Brysbaert2014a,4.4,NA,core,TRUE,
blootje,0.83254798697249,1,Brysbaert2014a,4.4,NA,core,TRUE,
bochel,0.83254798697249,1,Brysbaert2014a,4.4,NA,core,TRUE,
boeken,0.83254798697249,1,Brysbaert2014a,4.4,NA,core,TRUE,
boer,0.83254798697249,1,Brysbaert2014a,4.4,NA,core,TRUE,
boog,0.83254798697249,1,Brysbaert2014a,4.4,NA,core,TRUE,
bosbrand,0.83254798697249,1,Brysbaert2014a,4.4,NA,core,TRUE,
botje,0.83254798697249,1,Brysbaert2014a,4.4,NA,core,TRUE,
brons,0.83254798697249,1,Brysbaert2014a,4.4,NA,core,TRUE,
buideldier,0.83254798697249,1,Brysbaert2014a,4.4,NA,core,TRUE,
buitenband,0.83254798697249,1,Brysbaert2014a,4.4,NA,core,TRUE,
bunker,0.83254798697249,1,Brysbaert2014a,4.4,NA,core,TRUE,
buurvrouw,0.83254798697249,1,Brysbaert2014a,4.4,NA,core,TRUE,
café,0.83254798697249,1,Brysbaert2014a,4.4,NA,core,TRUE,
canvas,0.83254798697249,1,Brysbaert2014a,4.4,NA,core,TRUE,
chalet,0.83254798697249,1,Brysbaert2014a,4.4,NA,core,TRUE,
cocktail,0.83254798697249,1,Brysbaert2014a,4.4,NA,core,TRUE,
computerspel,0.83254798697249,1,Brysbaert2014a,4.4,NA,core,TRUE,
confituur,0.83254798697249,1,Brysbaert2014a,4.4,NA,core,TRUE,
crème,0.83254798697249,1,Brysbaert2014a,4.4,NA,core,TRUE,
cruise,0.83254798697249,1,Brysbaert2014a,4.4,NA,core,TRUE,
cyclaam,0.83254798697249,1,Brysbaert2014a,4.4,NA,core,TRUE,
danseres,0.83254798697249,1,Brysbaert2014a,4.4,NA,core,TRUE,
dipsaus,0.83254798697249,1,Brysbaert2014a,4.4,NA,core,TRUE,
dok,0.83254798697249,1,Brysbaert2014a,4.4,NA,core,TRUE,
dokterstas,0.83254798697249,1,Brysbaert2014a,4.4,NA,core,TRUE,
dons,0.83254798697249,1,Brysbaert2014a,4.4,NA,core,TRUE,
dop,0.83254798697249,1,Brysbaert2014a,4.4,NA,core,TRUE,
draaitafel,0.83254798697249,1,Brysbaert2014a,4.4,NA,core,TRUE,
drankwinkel,0.83254798697249,1,Brysbaert2014a,4.4,NA,core,TRUE,
drol,0.83254798697249,1,Brysbaert2014a,4.4,NA,core,TRUE,
duimafdruk,0.83254798697249,1,Brysbaert2014a,4.4,NA,core,TRUE,
eczeem,0.83254798697249,1,Brysbaert2014a,4.4,NA,core,TRUE,
elastieken,0.83254798697249,1,Brysbaert2014a,4.4,NA,core,TRUE,
flipflop,0.83254798697249,1,Brysbaert2014a,4.4,NA,core,TRUE,
folder,0.83254798697249,1,Brysbaert2014a,4.4,NA,core,TRUE,
gasfornuis,0.83254798697249,1,Brysbaert2014a,4.4,NA,core,TRUE,
gasvuur,0.83254798697249,1,Brysbaert2014a,4.4,NA,core,TRUE,
gietijzer,0.83254798697249,1,Brysbaert2014a,4.4,NA,core,TRUE,
gitarist,0.83254798697249,1,Brysbaert2014a,4.4,NA,core,TRUE,
glimworm,0.83254798697249,1,Brysbaert2014a,4.4,NA,core,TRUE,
gum,0.83254798697249,1,Brysbaert2014a,4.4,NA,core,TRUE,
haag,0.83254798697249,1,Brysbaert2014a,4.4,NA,core,TRUE,
haarbal,0.83254798697249,1,Brysbaert2014a,4.4,NA,core,TRUE,
haarlok,0.83254798697249,1,Brysbaert2014a,4.4,NA,core,TRUE,
hakenkruis,0.83254798697249,1,Brysbaert2014a,4.4,NA,core,TRUE,
halster,0.83254798697249,1,Brysbaert2014a,4.4,NA,core,TRUE,
handstand,0.83254798697249,1,Brysbaert2014a,4.4,NA,core,TRUE,
hasj,0.83254798697249,1,Brysbaert2014a,4.4,NA,core,TRUE,
havervlok,0.83254798697249,1,Brysbaert2014a,4.4,NA,core,TRUE,
hazenlip,0.83254798697249,1,Brysbaert2014a,4.4,NA,core,TRUE,
hoes,0.83254798697249,1,Brysbaert2014a,4.4,NA,core,TRUE,
hondenvoer,0.83254798697249,1,Brysbaert2014a,4.4,NA,core,TRUE,
hostie,0.83254798697249,1,Brysbaert2014a,4.4,NA,core,TRUE,
ijsklomp,0.83254798697249,1,Brysbaert2014a,4.4,NA,core,TRUE,
ijssalon,0.83254798697249,1,Brysbaert2014a,4.4,NA,core,TRUE,
inhalator,0.83254798697249,1,Brysbaert2014a,4.4,NA,core,TRUE,
inkomhal,0.83254798697249,1,Brysbaert2014a,4.4,NA,core,TRUE,
junkfood,0.83254798697249,1,Brysbaert2014a,4.4,NA,core,TRUE,
kadaver,0.83254798697249,1,Brysbaert2014a,4.4,NA,core,TRUE,
kaftan,0.83254798697249,1,Brysbaert2014a,4.4,NA,core,TRUE,
kapsalon,0.83254798697249,1,Brysbaert2014a,4.4,NA,core,TRUE,
karnemelk,0.83254798697249,1,Brysbaert2014a,4.4,NA,core,TRUE,
kasbon,0.83254798697249,1,Brysbaert2014a,4.4,NA,core,TRUE,
kerkklok,0.83254798697249,1,Brysbaert2014a,4.4,NA,core,TRUE,
kerrie,0.83254798697249,1,Brysbaert2014a,4.4,NA,core,TRUE,
keukenkast,0.83254798697249,1,Brysbaert2014a,4.4,NA,core,TRUE,
keukenstoel,0.83254798697249,1,Brysbaert2014a,4.4,NA,core,TRUE,
kinderbed,0.83254798697249,1,Brysbaert2014a,4.4,NA,core,TRUE,
klem,0.83254798697249,1,Brysbaert2014a,4.4,NA,core,TRUE,
klokken,0.83254798697249,1,Brysbaert2014a,4.4,NA,core,TRUE,
klokkenspel,0.83254798697249,1,Brysbaert2014a,4.4,NA,core,TRUE,
kogellager,0.83254798697249,1,Brysbaert2014a,4.4,NA,core,TRUE,
korf,0.83254798697249,1,Brysbaert2014a,4.4,NA,core,TRUE,
kroezelhaar,0.83254798697249,1,Brysbaert2014a,4.4,NA,core,TRUE,
lakverf,0.83254798697249,1,Brysbaert2014a,4.4,NA,core,TRUE,
landingsbaan,0.83254798697249,1,Brysbaert2014a,4.4,NA,core,TRUE,
landmeter,0.83254798697249,1,Brysbaert2014a,4.4,NA,core,TRUE,
leeslamp,0.83254798697249,1,Brysbaert2014a,4.4,NA,core,TRUE,
legplank,0.83254798697249,1,Brysbaert2014a,4.4,NA,core,TRUE,
lemming,0.83254798697249,1,Brysbaert2014a,4.4,NA,core,TRUE,
longen,0.83254798697249,1,Brysbaert2014a,4.4,NA,core,TRUE,
loopneus,0.83254798697249,1,Brysbaert2014a,4.4,NA,core,TRUE,
luidspreker,0.83254798697249,1,Brysbaert2014a,4.4,NA,core,TRUE,
maatglas,0.83254798697249,1,Brysbaert2014a,4.4,NA,core,TRUE,
marktplein,0.83254798697249,1,Brysbaert2014a,4.4,NA,core,TRUE,
miauwen,0.83254798697249,1,Brysbaert2014a,4.4,NA,core,TRUE,
middenrif,0.83254798697249,1,Brysbaert2014a,4.4,NA,core,TRUE,
minibar,0.83254798697249,1,Brysbaert2014a,4.4,NA,core,TRUE,
moer,0.83254798697249,1,Brysbaert2014a,4.4,NA,core,TRUE,
molen,0.83254798697249,1,Brysbaert2014a,4.4,NA,core,TRUE,
mortier,0.83254798697249,1,Brysbaert2014a,4.4,NA,core,TRUE,
motelkamer,0.83254798697249,1,Brysbaert2014a,4.4,NA,core,TRUE,
motorrijder,0.83254798697249,1,Brysbaert2014a,4.4,NA,core,TRUE,
muizen,0.83254798697249,1,Brysbaert2014a,4.4,NA,core,TRUE,
munten,0.83254798697249,1,Brysbaert2014a,4.4,NA,core,TRUE,
muziekinstrument,0.83254798697249,1,Brysbaert2014a,4.4,NA,core,TRUE,
ooglap,0.83254798697249,1,Brysbaert2014a,4.4,NA,core,TRUE,
oogschaduw,0.83254798697249,1,Brysbaert2014a,4.4,NA,core,TRUE,
opera,0.83254798697249,1,Brysbaert2014a,4.4,NA,core,TRUE,
pantalon,0.83254798697249,1,Brysbaert2014a,4.4,NA,core,TRUE,
parking,0.83254798697249,1,Brysbaert2014a,4.4,NA,core,TRUE,
penetratie,0.83254798697249,1,Brysbaert2014a,4.4,NA,core,TRUE,
perkament,0.83254798697249,1,Brysbaert2014a,4.4,NA,core,TRUE,
piccolo,0.83254798697249,1,Brysbaert2014a,4.4,NA,core,TRUE,
pijpleiding,0.83254798697249,1,Brysbaert2014a,4.4,NA,core,TRUE,
pit,0.83254798697249,1,Brysbaert2014a,4.4,NA,core,TRUE,
plein,0.83254798697249,1,Brysbaert2014a,4.4,NA,core,TRUE,
plooi,0.83254798697249,1,Brysbaert2014a,4.4,NA,core,TRUE,
poelier,0.83254798697249,1,Brysbaert2014a,4.4,NA,core,TRUE,
poppenspeler,0.83254798697249,1,Brysbaert2014a,4.4,NA,core,TRUE,
poppenwagen,0.83254798697249,1,Brysbaert2014a,4.4,NA,core,TRUE,
pornoblad,0.83254798697249,1,Brysbaert2014a,4.4,NA,core,TRUE,
portier,0.83254798697249,1,Brysbaert2014a,4.4,NA,core,TRUE,
postkoets,0.83254798697249,1,Brysbaert2014a,4.4,NA,core,TRUE,
potgrond,0.83254798697249,1,Brysbaert2014a,4.4,NA,core,TRUE,
prikker,0.83254798697249,1,Brysbaert2014a,4.4,NA,core,TRUE,
proefbuis,0.83254798697249,1,Brysbaert2014a,4.4,NA,core,TRUE,
prullenbak,0.83254798697249,1,Brysbaert2014a,4.4,NA,core,TRUE,
pull,0.83254798697249,1,Brysbaert2014a,4.4,NA,core,TRUE,
radslag,0.83254798697249,1,Brysbaert2014a,4.4,NA,core,TRUE,
raster,0.83254798697249,1,Brysbaert2014a,4.4,NA,core,TRUE,
reclamebord,0.83254798697249,1,Brysbaert2014a,4.4,NA,core,TRUE,
regenwater,0.83254798697249,1,Brysbaert2014a,4.4,NA,core,TRUE,
reservewiel,0.83254798697249,1,Brysbaert2014a,4.4,NA,core,TRUE,
rimpels,0.83254798697249,1,Brysbaert2014a,4.4,NA,core,TRUE,
riolering,0.83254798697249,1,Brysbaert2014a,4.4,NA,core,TRUE,
robot,0.83254798697249,1,Brysbaert2014a,4.4,NA,core,TRUE,
roomsoes,0.83254798697249,1,Brysbaert2014a,4.4,NA,core,TRUE,
rosé,0.83254798697249,1,Brysbaert2014a,4.4,NA,core,TRUE,
rotswand,0.83254798697249,1,Brysbaert2014a,4.4,NA,core,TRUE,
ruïne,0.83254798697249,1,Brysbaert2014a,4.4,NA,core,TRUE,
rund,0.83254798697249,1,Brysbaert2014a,4.4,NA,core,TRUE,
saus,0.83254798697249,1,Brysbaert2014a,4.4,NA,core,TRUE,
savooi,0.83254798697249,1,Brysbaert2014a,4.4,NA,core,TRUE,
schakelaar,0.83254798697249,1,Brysbaert2014a,4.4,NA,core,TRUE,
scharrelkip,0.83254798697249,1,Brysbaert2014a,4.4,NA,core,TRUE,
schijfje,0.83254798697249,1,Brysbaert2014a,4.4,NA,core,TRUE,
scholekster,0.83254798697249,1,Brysbaert2014a,4.4,NA,core,TRUE,
schub,0.83254798697249,1,Brysbaert2014a,4.4,NA,core,TRUE,
sfinx,0.83254798697249,1,Brysbaert2014a,4.4,NA,core,TRUE,
shuttle,0.83254798697249,1,Brysbaert2014a,4.4,NA,core,TRUE,
skai,0.83254798697249,1,Brysbaert2014a,4.4,NA,core,TRUE,
slachthuis,0.83254798697249,1,Brysbaert2014a,4.4,NA,core,TRUE,
slinger,0.83254798697249,1,Brysbaert2014a,4.4,NA,core,TRUE,
sloep,0.83254798697249,1,Brysbaert2014a,4.4,NA,core,TRUE,
slot,0.83254798697249,1,Brysbaert2014a,4.4,NA,core,TRUE,
sluitspier,0.83254798697249,1,Brysbaert2014a,4.4,NA,core,TRUE,
smeedijzer,0.83254798697249,1,Brysbaert2014a,4.4,NA,core,TRUE,
smidse,0.83254798697249,1,Brysbaert2014a,4.4,NA,core,TRUE,
snackbar,0.83254798697249,1,Brysbaert2014a,4.4,NA,core,TRUE,
snoer,0.83254798697249,1,Brysbaert2014a,4.4,NA,core,TRUE,
snorfiets,0.83254798697249,1,Brysbaert2014a,4.4,NA,core,TRUE,
snowboarden,0.83254798697249,1,Brysbaert2014a,4.4,NA,core,TRUE,
softbal,0.83254798697249,1,Brysbaert2014a,4.4,NA,core,TRUE,
speelfilm,0.83254798697249,1,Brysbaert2014a,4.4,NA,core,TRUE,
spiraal,0.83254798697249,1,Brysbaert2014a,4.4,NA,core,TRUE,
spoelbak,0.83254798697249,1,Brysbaert2014a,4.4,NA,core,TRUE,
sportkous,0.83254798697249,1,Brysbaert2014a,4.4,NA,core,TRUE,
sportzaal,0.83254798697249,1,Brysbaert2014a,4.4,NA,core,TRUE,
spouwmuur,0.83254798697249,1,Brysbaert2014a,4.4,NA,core,TRUE,
spruw,0.83254798697249,1,Brysbaert2014a,4.4,NA,core,TRUE,
staaf,0.83254798697249,1,Brysbaert2014a,4.4,NA,core,TRUE,
stekel,0.83254798697249,1,Brysbaert2014a,4.4,NA,core,TRUE,
stekker,0.83254798697249,1,Brysbaert2014a,4.4,NA,core,TRUE,
stengel,0.83254798697249,1,Brysbaert2014a,4.4,NA,core,TRUE,
stewardess,0.83254798697249,1,Brysbaert2014a,4.4,NA,core,TRUE,
stippel,0.83254798697249,1,Brysbaert2014a,4.4,NA,core,TRUE,
straathoek,0.83254798697249,1,Brysbaert2014a,4.4,NA,core,TRUE,
tafeltennis,0.83254798697249,1,Brysbaert2014a,4.4,NA,core,TRUE,
tarotkaart,0.83254798697249,1,Brysbaert2014a,4.4,NA,core,TRUE,
taverne,0.83254798697249,1,Brysbaert2014a,4.4,NA,core,TRUE,
tekstwolk,0.83254798697249,1,Brysbaert2014a,4.4,NA,core,TRUE,
tompoes,0.83254798697249,1,Brysbaert2014a,4.4,NA,core,TRUE,
trapezium,0.83254798697249,1,Brysbaert2014a,4.4,NA,core,TRUE,
trektang,0.83254798697249,1,Brysbaert2014a,4.4,NA,core,TRUE,
vernis,0.83254798697249,1,Brysbaert2014a,4.4,NA,core,TRUE,
vijfhoek,0.83254798697249,1,Brysbaert2014a,4.4,NA,core,TRUE,
voorwiel,0.83254798697249,1,Brysbaert2014a,4.4,NA,core,TRUE,
vruchten,0.83254798697249,1,Brysbaert2014a,4.4,NA,core,TRUE,
vuurtje,0.83254798697249,1,Brysbaert2014a,4.4,NA,core,TRUE,
wand,0.83254798697249,1,Brysbaert2014a,4.4,NA,core,TRUE,
wanten,0.83254798697249,1,Brysbaert2014a,4.4,NA,core,TRUE,
wapenkamer,0.83254798697249,1,Brysbaert2014a,4.4,NA,core,TRUE,
wenteltrap,0.83254798697249,1,Brysbaert2014a,4.4,NA,core,TRUE,
wijnstok,0.83254798697249,1,Brysbaert2014a,4.4,NA,core,TRUE,
wolfijzers,0.83254798697249,1,Brysbaert2014a,4.4,NA,core,TRUE,
woning,0.83254798697249,1,Brysbaert2014a,4.4,NA,core,TRUE,
zaadbal,0.83254798697249,1,Brysbaert2014a,4.4,NA,core,TRUE,
zandweg,0.83254798697249,1,Brysbaert2014a,4.4,NA,core,TRUE,
zeshoek,0.83254798697249,1,Brysbaert2014a,4.4,NA,core,TRUE,
zon,0.83254798697249,1,Brysbaert2014a,4.4,NA,core,TRUE,
gazon,0.832357673358006,2,Brysbaert2014a;Jasmin2012,6.465,NA,core,TRUE,
graf,0.832357673358006,2,Brysbaert2014a;Jasmin2012,6.465,NA,core,TRUE,
duiker,0.831783441610293,2,Brysbaert2014a;Jasmin2012,6.435,NA,core,TRUE,
vis,0.831069222246314,2,Brysbaert2014a;Jasmin2012,6.45,NA,core,TRUE,
vriesvak,0.828478845943209,2,Brysbaert2014a;Jasmin2012,6.435,NA,core,TRUE,
ambulance,0.827676796690915,2,Brysbaert2014a;Jasmin2012,6.435,NA,core,TRUE,
radio,0.827676796690915,2,Brysbaert2014a;Jasmin2012,6.435,NA,core,TRUE,
hart,0.827036964181798,2,Brysbaert2014a;Jasmin2012,6.435,NA,core,TRUE,
schip,0.825283626273487,2,Brysbaert2014a;Jasmin2012,6.445,NA,core,TRUE,
anjelier,0.824128612015799,1,Brysbaert2014a,4.38,NA,core,TRUE,
bergkristal,0.824128612015799,1,Brysbaert2014a,4.38,NA,core,TRUE,
blaffetuur,0.824128612015799,1,Brysbaert2014a,4.38,NA,core,TRUE,
borstrok,0.824128612015799,1,Brysbaert2014a,4.38,NA,core,TRUE,
carburator,0.824128612015799,1,Brysbaert2014a,4.38,NA,core,TRUE,
cimbaal,0.824128612015799,1,Brysbaert2014a,4.38,NA,core,TRUE,
coïtus,0.824128612015799,1,Brysbaert2014a,4.38,NA,core,TRUE,
col,0.824128612015799,1,Brysbaert2014a,4.38,NA,core,TRUE,
excrement,0.824128612015799,1,Brysbaert2014a,4.38,NA,core,TRUE,
gaap,0.824128612015799,1,Brysbaert2014a,4.38,NA,core,TRUE,
glaswol,0.824128612015799,1,Brysbaert2014a,4.38,NA,core,TRUE,
gravure,0.824128612015799,1,Brysbaert2014a,4.38,NA,core,TRUE,
hanenbalk,0.824128612015799,1,Brysbaert2014a,4.38,NA,core,TRUE,
houtwol,0.824128612015799,1,Brysbaert2014a,4.38,NA,core,TRUE,
pass,0.824128612015799,1,Brysbaert2014a,4.38,NA,core,TRUE,
percolator,0.824128612015799,1,Brysbaert2014a,4.38,NA,core,TRUE,
pikkel,0.824128612015799,1,Brysbaert2014a,4.38,NA,core,TRUE,
pump,0.824128612015799,1,Brysbaert2014a,4.38,NA,core,TRUE,
richel,0.824128612015799,1,Brysbaert2014a,4.38,NA,core,TRUE,
sambal,0.824128612015799,1,Brysbaert2014a,4.38,NA,core,TRUE,
schutblad,0.824128612015799,1,Brysbaert2014a,4.38,NA,core,TRUE,
shawl,0.824128612015799,1,Brysbaert2014a,4.38,NA,core,TRUE,
solarium,0.824128612015799,1,Brysbaert2014a,4.38,NA,core,TRUE,
spinrag,0.824128612015799,1,Brysbaert2014a,4.38,NA,core,TRUE,
stereoscoop,0.824128612015799,1,Brysbaert2014a,4.38,NA,core,TRUE,
valkenier,0.824128612015799,1,Brysbaert2014a,4.38,NA,core,TRUE,
velours,0.824128612015799,1,Brysbaert2014a,4.38,NA,core,TRUE,
kantoor,0.822153945272635,2,Brysbaert2014a;Jasmin2012,6.435,NA,core,TRUE,
glas,0.822108648769612,2,Brysbaert2014a;Jasmin2012,6.415,NA,core,TRUE,
koord,0.822108648769612,2,Brysbaert2014a;Jasmin2012,6.415,NA,core,TRUE,
ballet,0.821772572933269,1,Brysbaert2014a,4.36,NA,core,TRUE,
bordveger,0.821772572933269,1,Brysbaert2014a,4.36,NA,core,TRUE,
cahier,0.821772572933269,1,Brysbaert2014a,4.36,NA,core,TRUE,
caissière,0.821772572933269,1,Brysbaert2014a,4.36,NA,core,TRUE,
cartridge,0.821772572933269,1,Brysbaert2014a,4.36,NA,core,TRUE,
classeur,0.821772572933269,1,Brysbaert2014a,4.36,NA,core,TRUE,
danskoord,0.821772572933269,1,Brysbaert2014a,4.36,NA,core,TRUE,
foor,0.821772572933269,1,Brysbaert2014a,4.36,NA,core,TRUE,
gewas,0.821772572933269,1,Brysbaert2014a,4.36,NA,core,TRUE,
hop,0.821772572933269,1,Brysbaert2014a,4.36,NA,core,TRUE,
jak,0.821772572933269,1,Brysbaert2014a,4.36,NA,core,TRUE,
kervel,0.821772572933269,1,Brysbaert2014a,4.36,NA,core,TRUE,
kikvors,0.821772572933269,1,Brysbaert2014a,4.36,NA,core,TRUE,
knevel,0.821772572933269,1,Brysbaert2014a,4.36,NA,core,TRUE,
kolenmijn,0.821772572933269,1,Brysbaert2014a,4.36,NA,core,TRUE,
lel,0.821772572933269,1,Brysbaert2014a,4.36,NA,core,TRUE,
linoleum,0.821772572933269,1,Brysbaert2014a,4.36,NA,core,TRUE,
luifel,0.821772572933269,1,Brysbaert2014a,4.36,NA,core,TRUE,
nachtkaars,0.821772572933269,1,Brysbaert2014a,4.36,NA,core,TRUE,
paardenvijg,0.821772572933269,1,Brysbaert2014a,4.36,NA,core,TRUE,
paddo,0.821772572933269,1,Brysbaert2014a,4.36,NA,core,TRUE,
pantheon,0.821772572933269,1,Brysbaert2014a,4.36,NA,core,TRUE,
paskamer,0.821772572933269,1,Brysbaert2014a,4.36,NA,core,TRUE,
poel,0.821772572933269,1,Brysbaert2014a,4.36,NA,core,TRUE,
pompon,0.821772572933269,1,Brysbaert2014a,4.36,NA,core,TRUE,
portiek,0.821772572933269,1,Brysbaert2014a,4.36,NA,core,TRUE,
propeller,0.821772572933269,1,Brysbaert2014a,4.36,NA,core,TRUE,
raamkozijn,0.821772572933269,1,Brysbaert2014a,4.36,NA,core,TRUE,
raketwerper,0.821772572933269,1,Brysbaert2014a,4.36,NA,core,TRUE,
ram,0.821772572933269,1,Brysbaert2014a,4.36,NA,core,TRUE,
ringband,0.821772572933269,1,Brysbaert2014a,4.36,NA,core,TRUE,
rolmops,0.821772572933269,1,Brysbaert2014a,4.36,NA,core,TRUE,
rookvlees,0.821772572933269,1,Brysbaert2014a,4.36,NA,core,TRUE,
sifon,0.821772572933269,1,Brysbaert2014a,4.36,NA,core,TRUE,
spaarzegel,0.821772572933269,1,Brysbaert2014a,4.36,NA,core,TRUE,
stamp,0.821772572933269,1,Brysbaert2014a,4.36,NA,core,TRUE,
straalkachel,0.821772572933269,1,Brysbaert2014a,4.36,NA,core,TRUE,
tutje,0.821772572933269,1,Brysbaert2014a,4.36,NA,core,TRUE,
werkboek,0.821772572933269,1,Brysbaert2014a,4.36,NA,core,TRUE,
ziekenzaal,0.821772572933269,1,Brysbaert2014a,4.36,NA,core,TRUE,
atletiek,0.819591727933369,2,Brysbaert2014a;Jasmin2012,6.4,NA,core,TRUE,
sjaal,0.818784338723214,2,Brysbaert2014a;Jasmin2012,6.41,NA,core,TRUE,
hamer,0.818512497612542,2,Brysbaert2014a;Jasmin2012,6.4,NA,core,TRUE,
thermometer,0.818512497612542,2,Brysbaert2014a;Jasmin2012,6.4,NA,core,TRUE,
hoofdpijn,0.815729572363756,2,Brysbaert2014a;Jasmin2012,6.365,NA,core,TRUE,
aardbol,0.812729540572379,1,Brysbaert2014a,4.33,NA,core,TRUE,
achterdeur,0.812729540572379,1,Brysbaert2014a,4.33,NA,core,TRUE,
afvoerbuis,0.812729540572379,1,Brysbaert2014a,4.33,NA,core,TRUE,
afzuigkap,0.812729540572379,1,Brysbaert2014a,4.33,NA,core,TRUE,
alcohol,0.812729540572379,1,Brysbaert2014a,4.33,NA,core,TRUE,
anijs,0.812729540572379,1,Brysbaert2014a,4.33,NA,core,TRUE,
animatiefilm,0.812729540572379,1,Brysbaert2014a,4.33,NA,core,TRUE,
antwoordapparaat,0.812729540572379,1,Brysbaert2014a,4.33,NA,core,TRUE,
apenpak,0.812729540572379,1,Brysbaert2014a,4.33,NA,core,TRUE,
apotheek,0.812729540572379,1,Brysbaert2014a,4.33,NA,core,TRUE,
ark,0.812729540572379,1,Brysbaert2014a,4.33,NA,core,TRUE,
automobilist,0.812729540572379,1,Brysbaert2014a,4.33,NA,core,TRUE,
autorijden,0.812729540572379,1,Brysbaert2014a,4.33,NA,core,TRUE,
babyvoeding,0.812729540572379,1,Brysbaert2014a,4.33,NA,core,TRUE,
bak,0.812729540572379,1,Brysbaert2014a,4.33,NA,core,TRUE,
ballerina,0.812729540572379,1,Brysbaert2014a,4.33,NA,core,TRUE,
barkeeper,0.812729540572379,1,Brysbaert2014a,4.33,NA,core,TRUE,
bioscoop,0.812729540572379,1,Brysbaert2014a,4.33,NA,core,TRUE,
bips,0.812729540572379,1,Brysbaert2014a,4.33,NA,core,TRUE,
blinddoek,0.812729540572379,1,Brysbaert2014a,4.33,NA,core,TRUE,
bloedverlies,0.812729540572379,1,Brysbaert2014a,4.33,NA,core,TRUE,
bokspringen,0.812729540572379,1,Brysbaert2014a,4.33,NA,core,TRUE,
bolknak,0.812729540572379,1,Brysbaert2014a,4.33,NA,core,TRUE,
borrel,0.812729540572379,1,Brysbaert2014a,4.33,NA,core,TRUE,
borstbeen,0.812729540572379,1,Brysbaert2014a,4.33,NA,core,TRUE,
bosje,0.812729540572379,1,Brysbaert2014a,4.33,NA,core,TRUE,
brandwond,0.812729540572379,1,Brysbaert2014a,4.33,NA,core,TRUE,
buiging,0.812729540572379,1,Brysbaert2014a,4.33,NA,core,TRUE,
buschauffeur,0.812729540572379,1,Brysbaert2014a,4.33,NA,core,TRUE,
bussel,0.812729540572379,1,Brysbaert2014a,4.33,NA,core,TRUE,
busstation,0.812729540572379,1,Brysbaert2014a,4.33,NA,core,TRUE,
capuchon,0.812729540572379,1,Brysbaert2014a,4.33,NA,core,TRUE,
carillon,0.812729540572379,1,Brysbaert2014a,4.33,NA,core,TRUE,
charcuterie,0.812729540572379,1,Brysbaert2014a,4.33,NA,core,TRUE,
chauffeur,0.812729540572379,1,Brysbaert2014a,4.33,NA,core,TRUE,
cheque,0.812729540572379,1,Brysbaert2014a,4.33,NA,core,TRUE,
chequeboek,0.812729540572379,1,Brysbaert2014a,4.33,NA,core,TRUE,
clematis,0.812729540572379,1,Brysbaert2014a,4.33,NA,core,TRUE,
cockpit,0.812729540572379,1,Brysbaert2014a,4.33,NA,core,TRUE,
conifeer,0.812729540572379,1,Brysbaert2014a,4.33,NA,core,TRUE,
couveuse,0.812729540572379,1,Brysbaert2014a,4.33,NA,core,TRUE,
dek,0.812729540572379,1,Brysbaert2014a,4.33,NA,core,TRUE,
diafragma,0.812729540572379,1,Brysbaert2014a,4.33,NA,core,TRUE,
driehoek,0.812729540572379,1,Brysbaert2014a,4.33,NA,core,TRUE,
eileider,0.812729540572379,1,Brysbaert2014a,4.33,NA,core,TRUE,
euro,0.812729540572379,1,Brysbaert2014a,4.33,NA,core,TRUE,
fecaliën,0.812729540572379,1,Brysbaert2014a,4.33,NA,core,TRUE,
filmstudio,0.812729540572379,1,Brysbaert2014a,4.33,NA,core,TRUE,
fotograaf,0.812729540572379,1,Brysbaert2014a,4.33,NA,core,TRUE,
fotografe,0.812729540572379,1,Brysbaert2014a,4.33,NA,core,TRUE,
fronsen,0.812729540572379,1,Brysbaert2014a,4.33,NA,core,TRUE,
gal,0.812729540572379,1,Brysbaert2014a,4.33,NA,core,TRUE,
garage,0.812729540572379,1,Brysbaert2014a,4.33,NA,core,TRUE,
gasleiding,0.812729540572379,1,Brysbaert2014a,4.33,NA,core,TRUE,
gebak,0.812729540572379,1,Brysbaert2014a,4.33,NA,core,TRUE,
gelatine,0.812729540572379,1,Brysbaert2014a,4.33,NA,core,TRUE,
gevel,0.812729540572379,1,Brysbaert2014a,4.33,NA,core,TRUE,
gondel,0.812729540572379,1,Brysbaert2014a,4.33,NA,core,TRUE,
grabbelton,0.812729540572379,1,Brysbaert2014a,4.33,NA,core,TRUE,
grafkelder,0.812729540572379,1,Brysbaert2014a,4.33,NA,core,TRUE,
grondwater,0.812729540572379,1,Brysbaert2014a,4.33,NA,core,TRUE,
gymnastiek,0.812729540572379,1,Brysbaert2014a,4.33,NA,core,TRUE,
haardos,0.812729540572379,1,Brysbaert2014a,4.33,NA,core,TRUE,
hagelbui,0.812729540572379,1,Brysbaert2014a,4.33,NA,core,TRUE,
hakmes,0.812729540572379,1,Brysbaert2014a,4.33,NA,core,TRUE,
handafdruk,0.812729540572379,1,Brysbaert2014a,4.33,NA,core,TRUE,
hartslag,0.812729540572379,1,Brysbaert2014a,4.33,NA,core,TRUE,
hoefblad,0.812729540572379,1,Brysbaert2014a,4.33,NA,core,TRUE,
homp,0.812729540572379,1,Brysbaert2014a,4.33,NA,core,TRUE,
honkbal,0.812729540572379,1,Brysbaert2014a,4.33,NA,core,TRUE,
identiteitsbewijs,0.812729540572379,1,Brysbaert2014a,4.33,NA,core,TRUE,
imker,0.812729540572379,1,Brysbaert2014a,4.33,NA,core,TRUE,
inox,0.812729540572379,1,Brysbaert2014a,4.33,NA,core,TRUE,
jassen,0.812729540572379,1,Brysbaert2014a,4.33,NA,core,TRUE,
jaszak,0.812729540572379,1,Brysbaert2014a,4.33,NA,core,TRUE,
jeuk,0.812729540572379,1,Brysbaert2014a,4.33,NA,core,TRUE,
jongleur,0.812729540572379,1,Brysbaert2014a,4.33,NA,core,TRUE,
judo,0.812729540572379,1,Brysbaert2014a,4.33,NA,core,TRUE,
jumping,0.812729540572379,1,Brysbaert2014a,4.33,NA,core,TRUE,
kader,0.812729540572379,1,Brysbaert2014a,4.33,NA,core,TRUE,
kapsel,0.812729540572379,1,Brysbaert2014a,4.33,NA,core,TRUE,
kassabon,0.812729540572379,1,Brysbaert2014a,4.33,NA,core,TRUE,
kerstkaart,0.812729540572379,1,Brysbaert2014a,4.33,NA,core,TRUE,
keukengerief,0.812729540572379,1,Brysbaert2014a,4.33,NA,core,TRUE,
kippenvlees,0.812729540572379,1,Brysbaert2014a,4.33,NA,core,TRUE,
kladblok,0.812729540572379,1,Brysbaert2014a,4.33,NA,core,TRUE,
kleren,0.812729540572379,1,Brysbaert2014a,4.33,NA,core,TRUE,
knaagdier,0.812729540572379,1,Brysbaert2014a,4.33,NA,core,TRUE,
knip,0.812729540572379,1,Brysbaert2014a,4.33,NA,core,TRUE,
kok,0.812729540572379,1,Brysbaert2014a,4.33,NA,core,TRUE,
koker,0.812729540572379,1,Brysbaert2014a,4.33,NA,core,TRUE,
kolf,0.812729540572379,1,Brysbaert2014a,4.33,NA,core,TRUE,
kompres,0.812729540572379,1,Brysbaert2014a,4.33,NA,core,TRUE,
kool,0.812729540572379,1,Brysbaert2014a,4.33,NA,core,TRUE,
koolzaad,0.812729540572379,1,Brysbaert2014a,4.33,NA,core,TRUE,
kopra,0.812729540572379,1,Brysbaert2014a,4.33,NA,core,TRUE,
korfbal,0.812729540572379,1,Brysbaert2014a,4.33,NA,core,TRUE,
kring,0.812729540572379,1,Brysbaert2014a,4.33,NA,core,TRUE,
kruisbes,0.812729540572379,1,Brysbaert2014a,4.33,NA,core,TRUE,
kwartje,0.812729540572379,1,Brysbaert2014a,4.33,NA,core,TRUE,
lader,0.812729540572379,1,Brysbaert2014a,4.33,NA,core,TRUE,
leeuwerik,0.812729540572379,1,Brysbaert2014a,4.33,NA,core,TRUE,
lier,0.812729540572379,1,Brysbaert2014a,4.33,NA,core,TRUE,
lijst,0.812729540572379,1,Brysbaert2014a,4.33,NA,core,TRUE,
loopplank,0.812729540572379,1,Brysbaert2014a,4.33,NA,core,TRUE,
luchtkoker,0.812729540572379,1,Brysbaert2014a,4.33,NA,core,TRUE,
luchtpijp,0.812729540572379,1,Brysbaert2014a,4.33,NA,core,TRUE,
maquette,0.812729540572379,1,Brysbaert2014a,4.33,NA,core,TRUE,
marineschip,0.812729540572379,1,Brysbaert2014a,4.33,NA,core,TRUE,
melktand,0.812729540572379,1,Brysbaert2014a,4.33,NA,core,TRUE,
meubel,0.812729540572379,1,Brysbaert2014a,4.33,NA,core,TRUE,
microfoon,0.812729540572379,1,Brysbaert2014a,4.33,NA,core,TRUE,
mousse,0.812729540572379,1,Brysbaert2014a,4.33,NA,core,TRUE,
nevel,0.812729540572379,1,Brysbaert2014a,4.33,NA,core,TRUE,
nummerbord,0.812729540572379,1,Brysbaert2014a,4.33,NA,core,TRUE,
ober,0.812729540572379,1,Brysbaert2014a,4.33,NA,core,TRUE,
oerwoud,0.812729540572379,1,Brysbaert2014a,4.33,NA,core,TRUE,
oogklep,0.812729540572379,1,Brysbaert2014a,4.33,NA,core,TRUE,
oortje,0.812729540572379,1,Brysbaert2014a,4.33,NA,core,TRUE,
paap,0.812729540572379,1,Brysbaert2014a,4.33,NA,core,TRUE,
paardrijden,0.812729540572379,1,Brysbaert2014a,4.33,NA,core,TRUE,
paneel,0.812729540572379,1,Brysbaert2014a,4.33,NA,core,TRUE,
pantry,0.812729540572379,1,Brysbaert2014a,4.33,NA,core,TRUE,
paplepel,0.812729540572379,1,Brysbaert2014a,4.33,NA,core,TRUE,
parachutist,0.812729540572379,1,Brysbaert2014a,4.33,NA,core,TRUE,
parallellogram,0.812729540572379,1,Brysbaert2014a,4.33,NA,core,TRUE,
parel,0.812729540572379,1,Brysbaert2014a,4.33,NA,core,TRUE,
pastoor,0.812729540572379,1,Brysbaert2014a,4.33,NA,core,TRUE,
peilglas,0.812729540572379,1,Brysbaert2014a,4.33,NA,core,TRUE,
peuk,0.812729540572379,1,Brysbaert2014a,4.33,NA,core,TRUE,
pies,0.812729540572379,1,Brysbaert2014a,4.33,NA,core,TRUE,
pik,0.812729540572379,1,Brysbaert2014a,4.33,NA,core,TRUE,
piste,0.812729540572379,1,Brysbaert2014a,4.33,NA,core,TRUE,
piston,0.812729540572379,1,Brysbaert2014a,4.33,NA,core,TRUE,
plankton,0.812729540572379,1,Brysbaert2014a,4.33,NA,core,TRUE,
podium,0.812729540572379,1,Brysbaert2014a,4.33,NA,core,TRUE,
poef,0.812729540572379,1,Brysbaert2014a,4.33,NA,core,TRUE,
politieagent,0.812729540572379,1,Brysbaert2014a,4.33,NA,core,TRUE,
politiehond,0.812729540572379,1,Brysbaert2014a,4.33,NA,core,TRUE,
ponskaart,0.812729540572379,1,Brysbaert2014a,4.33,NA,core,TRUE,
poolster,0.812729540572379,1,Brysbaert2014a,4.33,NA,core,TRUE,
pornofilm,0.812729540572379,1,Brysbaert2014a,4.33,NA,core,TRUE,
potten,0.812729540572379,1,Brysbaert2014a,4.33,NA,core,TRUE,
prijskaartje,0.812729540572379,1,Brysbaert2014a,4.33,NA,core,TRUE,
prothese,0.812729540572379,1,Brysbaert2014a,4.33,NA,core,TRUE,
pruillip,0.812729540572379,1,Brysbaert2014a,4.33,NA,core,TRUE,
pulli,0.812729540572379,1,Brysbaert2014a,4.33,NA,core,TRUE,
pulp,0.812729540572379,1,Brysbaert2014a,4.33,NA,core,TRUE,
puzzelstukje,0.812729540572379,1,Brysbaert2014a,4.33,NA,core,TRUE,
rand,0.812729540572379,1,Brysbaert2014a,4.33,NA,core,TRUE,
rattengif,0.812729540572379,1,Brysbaert2014a,4.33,NA,core,TRUE,
rekenboek,0.812729540572379,1,Brysbaert2014a,4.33,NA,core,TRUE,
remspoor,0.812729540572379,1,Brysbaert2014a,4.33,NA,core,TRUE,
rijhuis,0.812729540572379,1,Brysbaert2014a,4.33,NA,core,TRUE,
rijstpapier,0.812729540572379,1,Brysbaert2014a,4.33,NA,core,TRUE,
rijtjeshuis,0.812729540572379,1,Brysbaert2014a,4.33,NA,core,TRUE,
rijvak,0.812729540572379,1,Brysbaert2014a,4.33,NA,core,TRUE,
rijwiel,0.812729540572379,1,Brysbaert2014a,4.33,NA,core,TRUE,
ringen,0.812729540572379,1,Brysbaert2014a,4.33,NA,core,TRUE,
rubber,0.812729540572379,1,Brysbaert2014a,4.33,NA,core,TRUE,
salontafel,0.812729540572379,1,Brysbaert2014a,4.33,NA,core,TRUE,
schemerlamp,0.812729540572379,1,Brysbaert2014a,4.33,NA,core,TRUE,
schipper,0.812729540572379,1,Brysbaert2014a,4.33,NA,core,TRUE,
schoonmaakster,0.812729540572379,1,Brysbaert2014a,4.33,NA,core,TRUE,
schroefdraad,0.812729540572379,1,Brysbaert2014a,4.33,NA,core,TRUE,
schuifwand,0.812729540572379,1,Brysbaert2014a,4.33,NA,core,TRUE,
sirene,0.812729540572379,1,Brysbaert2014a,4.33,NA,core,TRUE,
sjoel,0.812729540572379,1,Brysbaert2014a,4.33,NA,core,TRUE,
skeeler,0.812729540572379,1,Brysbaert2014a,4.33,NA,core,TRUE,
slijptafel,0.812729540572379,1,Brysbaert2014a,4.33,NA,core,TRUE,
sluis,0.812729540572379,1,Brysbaert2014a,4.33,NA,core,TRUE,
snoeisel,0.812729540572379,1,Brysbaert2014a,4.33,NA,core,TRUE,
soepkip,0.812729540572379,1,Brysbaert2014a,4.33,NA,core,TRUE,
speelkamer,0.812729540572379,1,Brysbaert2014a,4.33,NA,core,TRUE,
spies,0.812729540572379,1,Brysbaert2014a,4.33,NA,core,TRUE,
splinter,0.812729540572379,1,Brysbaert2014a,4.33,NA,core,TRUE,
spore,0.812729540572379,1,Brysbaert2014a,4.33,NA,core,TRUE,
spreidstand,0.812729540572379,1,Brysbaert2014a,4.33,NA,core,TRUE,
springplank,0.812729540572379,1,Brysbaert2014a,4.33,NA,core,TRUE,
spuitje,0.812729540572379,1,Brysbaert2014a,4.33,NA,core,TRUE,
stapel,0.812729540572379,1,Brysbaert2014a,4.33,NA,core,TRUE,
stoof,0.812729540572379,1,Brysbaert2014a,4.33,NA,core,TRUE,
streep,0.812729540572379,1,Brysbaert2014a,4.33,NA,core,TRUE,
struikgewas,0.812729540572379,1,Brysbaert2014a,4.33,NA,core,TRUE,
taille,0.812729540572379,1,Brysbaert2014a,4.33,NA,core,TRUE,
talg,0.812729540572379,1,Brysbaert2014a,4.33,NA,core,TRUE,
tempel,0.812729540572379,1,Brysbaert2014a,4.33,NA,core,TRUE,
terp,0.812729540572379,1,Brysbaert2014a,4.33,NA,core,TRUE,
tombe,0.812729540572379,1,Brysbaert2014a,4.33,NA,core,TRUE,
trappen,0.812729540572379,1,Brysbaert2014a,4.33,NA,core,TRUE,
treinkaartje,0.812729540572379,1,Brysbaert2014a,4.33,NA,core,TRUE,
tuimelaar,0.812729540572379,1,Brysbaert2014a,4.33,NA,core,TRUE,
tuimelraam,0.812729540572379,1,Brysbaert2014a,4.33,NA,core,TRUE,
tule,0.812729540572379,1,Brysbaert2014a,4.33,NA,core,TRUE,
turnster,0.812729540572379,1,Brysbaert2014a,4.33,NA,core,TRUE,
vaseline,0.812729540572379,1,Brysbaert2014a,4.33,NA,core,TRUE,
vee,0.812729540572379,1,Brysbaert2014a,4.33,NA,core,TRUE,
veldloop,0.812729540572379,1,Brysbaert2014a,4.33,NA,core,TRUE,
veranda,0.812729540572379,1,Brysbaert2014a,4.33,NA,core,TRUE,
verlichting,0.812729540572379,1,Brysbaert2014a,4.33,NA,core,TRUE,
vitrine,0.812729540572379,1,Brysbaert2014a,4.33,NA,core,TRUE,
waterstroom,0.812729540572379,1,Brysbaert2014a,4.33,NA,core,TRUE,
wipstoel,0.812729540572379,1,Brysbaert2014a,4.33,NA,core,TRUE,
zeewater,0.812729540572379,1,Brysbaert2014a,4.33,NA,core,TRUE,
zink,0.812729540572379,1,Brysbaert2014a,4.33,NA,core,TRUE,
zolderkamer,0.812729540572379,1,Brysbaert2014a,4.33,NA,core,TRUE,
zonnebank,0.812729540572379,1,Brysbaert2014a,4.33,NA,core,TRUE,
zonnestraal,0.812729540572379,1,Brysbaert2014a,4.33,NA,core,TRUE,
zonwering,0.812729540572379,1,Brysbaert2014a,4.33,NA,core,TRUE,
museum,0.81119560663039,2,Brysbaert2014a;Jasmin2012,6.355,NA,core,TRUE,
kerk,0.807771731206888,2,Brysbaert2014a;Jasmin2012,6.365,NA,core,TRUE,
venster,0.807771731206888,2,Brysbaert2014a;Jasmin2012,6.365,NA,core,TRUE,
body,0.804691289584921,1,Brysbaert2014a,4.31,NA,core,TRUE,
bonenkruid,0.804691289584921,1,Brysbaert2014a,4.31,NA,core,TRUE,
cassis,0.804691289584921,1,Brysbaert2014a,4.31,NA,core,TRUE,
debardeur,0.804691289584921,1,Brysbaert2014a,4.31,NA,core,TRUE,
kribbe,0.804691289584921,1,Brysbaert2014a,4.31,NA,core,TRUE,
meerval,0.804691289584921,1,Brysbaert2014a,4.31,NA,core,TRUE,
mousseline,0.804691289584921,1,Brysbaert2014a,4.31,NA,core,TRUE,
schaamlap,0.804691289584921,1,Brysbaert2014a,4.31,NA,core,TRUE,
terpentijn,0.804691289584921,1,Brysbaert2014a,4.31,NA,core,TRUE,
tournedos,0.804691289584921,1,Brysbaert2014a,4.31,NA,core,TRUE,
vogelpik,0.804691289584921,1,Brysbaert2014a,4.31,NA,core,TRUE,
wimpel,0.804691289584921,1,Brysbaert2014a,4.31,NA,core,TRUE,
lamel,0.804136927447855,1,Brysbaert2014a,4.3,NA,core,TRUE,
pergola,0.804136927447855,1,Brysbaert2014a,4.3,NA,core,TRUE,
pijpenla,0.804136927447855,1,Brysbaert2014a,4.3,NA,core,TRUE,
rozelaar,0.804136927447855,1,Brysbaert2014a,4.3,NA,core,TRUE,
klok,0.803784769645395,2,Brysbaert2014a;Jasmin2012,6.38,NA,core,TRUE,
aardbeving,0.802473841036657,1,Brysbaert2014a,4.29,NA,core,TRUE,
bascule,0.802473841036657,1,Brysbaert2014a,4.29,NA,core,TRUE,
bazooka,0.802473841036657,1,Brysbaert2014a,4.29,NA,core,TRUE,
botervloot,0.802473841036657,1,Brysbaert2014a,4.29,NA,core,TRUE,
bultenaar,0.802473841036657,1,Brysbaert2014a,4.29,NA,core,TRUE,
cider,0.802473841036657,1,Brysbaert2014a,4.29,NA,core,TRUE,
citadel,0.802473841036657,1,Brysbaert2014a,4.29,NA,core,TRUE,
concert,0.802473841036657,1,Brysbaert2014a,4.29,NA,core,TRUE,
conductrice,0.802473841036657,1,Brysbaert2014a,4.29,NA,core,TRUE,
halter,0.802473841036657,1,Brysbaert2014a,4.29,NA,core,TRUE,
houw,0.802473841036657,1,Brysbaert2014a,4.29,NA,core,TRUE,
karavaan,0.802473841036657,1,Brysbaert2014a,4.29,NA,core,TRUE,
kelk,0.802473841036657,1,Brysbaert2014a,4.29,NA,core,TRUE,
kleppen,0.802473841036657,1,Brysbaert2014a,4.29,NA,core,TRUE,
knieval,0.802473841036657,1,Brysbaert2014a,4.29,NA,core,TRUE,
knollentuin,0.802473841036657,1,Brysbaert2014a,4.29,NA,core,TRUE,
komijn,0.802473841036657,1,Brysbaert2014a,4.29,NA,core,TRUE,
koolwitje,0.802473841036657,1,Brysbaert2014a,4.29,NA,core,TRUE,
koppen,0.802473841036657,1,Brysbaert2014a,4.29,NA,core,TRUE,
kuiper,0.802473841036657,1,Brysbaert2014a,4.29,NA,core,TRUE,
mangel,0.802473841036657,1,Brysbaert2014a,4.29,NA,core,TRUE,
medicijnen,0.802473841036657,1,Brysbaert2014a,4.29,NA,core,TRUE,
modepop,0.802473841036657,1,Brysbaert2014a,4.29,NA,core,TRUE,
parlofoon,0.802473841036657,1,Brysbaert2014a,4.29,NA,core,TRUE,
patrijspoort,0.802473841036657,1,Brysbaert2014a,4.29,NA,core,TRUE,
pel,0.802473841036657,1,Brysbaert2014a,4.29,NA,core,TRUE,
por,0.802473841036657,1,Brysbaert2014a,4.29,NA,core,TRUE,
porie,0.802473841036657,1,Brysbaert2014a,4.29,NA,core,TRUE,
postogram,0.802473841036657,1,Brysbaert2014a,4.29,NA,core,TRUE,
rijkswachter,0.802473841036657,1,Brysbaert2014a,4.29,NA,core,TRUE,
scalp,0.802473841036657,1,Brysbaert2014a,4.29,NA,core,TRUE,
sidderaal,0.802473841036657,1,Brysbaert2014a,4.29,NA,core,TRUE,
snijbrander,0.802473841036657,1,Brysbaert2014a,4.29,NA,core,TRUE,
spalk,0.802473841036657,1,Brysbaert2014a,4.29,NA,core,TRUE,
sprits,0.802473841036657,1,Brysbaert2014a,4.29,NA,core,TRUE,
stuiver,0.802473841036657,1,Brysbaert2014a,4.29,NA,core,TRUE,
tandplak,0.802473841036657,1,Brysbaert2014a,4.29,NA,core,TRUE,
tuniek,0.802473841036657,1,Brysbaert2014a,4.29,NA,core,TRUE,
turbine,0.802473841036657,1,Brysbaert2014a,4.29,NA,core,TRUE,
twijg,0.802473841036657,1,Brysbaert2014a,4.29,NA,core,TRUE,
vruchtvlies,0.802473841036657,1,Brysbaert2014a,4.29,NA,core,TRUE,
waterjuffer,0.802473841036657,1,Brysbaert2014a,4.29,NA,core,TRUE,
weefgetouw,0.802473841036657,1,Brysbaert2014a,4.29,NA,core,TRUE,
kust,0.797859465472702,2,Brysbaert2014a;Jasmin2012,6.35,NA,core,TRUE,
priester,0.797309046211499,2,Brysbaert2014a;Jasmin2012,6.3,NA,core,TRUE,
borst,0.796762818196291,2,Brysbaert2014a;Jasmin2012,6.325,NA,core,TRUE,
mest,0.796632517015217,2,Brysbaert2014a;Jasmin2012,6.335,NA,core,TRUE,
tank,0.796632517015217,2,Brysbaert2014a;Jasmin2012,6.335,NA,core,TRUE,
knipoog,0.796503892332541,2,Brysbaert2014a;Jasmin2012,6.315,NA,core,TRUE,
hotel,0.794805630501243,2,Brysbaert2014a;Jasmin2012,6.355,NA,core,TRUE,
aalscholver,0.794054466079967,1,Brysbaert2014a,4.27,NA,core,TRUE,
aapmens,0.794054466079967,1,Brysbaert2014a,4.27,NA,core,TRUE,
aerobic,0.794054466079967,1,Brysbaert2014a,4.27,NA,core,TRUE,
afbeelding,0.794054466079967,1,Brysbaert2014a,4.27,NA,core,TRUE,
agent,0.794054466079967,1,Brysbaert2014a,4.27,NA,core,TRUE,
aktetas,0.794054466079967,1,Brysbaert2014a,4.27,NA,core,TRUE,
ambulancier,0.794054466079967,1,Brysbaert2014a,4.27,NA,core,TRUE,
archiefkast,0.794054466079967,1,Brysbaert2014a,4.27,NA,core,TRUE,
atrium,0.794054466079967,1,Brysbaert2014a,4.27,NA,core,TRUE,
bakpoeder,0.794054466079967,1,Brysbaert2014a,4.27,NA,core,TRUE,
band,0.794054466079967,1,Brysbaert2014a,4.27,NA,core,TRUE,
bankpas,0.794054466079967,1,Brysbaert2014a,4.27,NA,core,TRUE,
berging,0.794054466079967,1,Brysbaert2014a,4.27,NA,core,TRUE,
bidprentje,0.794054466079967,1,Brysbaert2014a,4.27,NA,core,TRUE,
blazer,0.794054466079967,1,Brysbaert2014a,4.27,NA,core,TRUE,
bles,0.794054466079967,1,Brysbaert2014a,4.27,NA,core,TRUE,
bloembed,0.794054466079967,1,Brysbaert2014a,4.27,NA,core,TRUE,
blok,0.794054466079967,1,Brysbaert2014a,4.27,NA,core,TRUE,
bobbel,0.794054466079967,1,Brysbaert2014a,4.27,NA,core,TRUE,
bommenwerper,0.794054466079967,1,Brysbaert2014a,4.27,NA,core,TRUE,
boord,0.794054466079967,1,Brysbaert2014a,4.27,NA,core,TRUE,
booreiland,0.794054466079967,1,Brysbaert2014a,4.27,NA,core,TRUE,
bordeel,0.794054466079967,1,Brysbaert2014a,4.27,NA,core,TRUE,
botenhuis,0.794054466079967,1,Brysbaert2014a,4.27,NA,core,TRUE,
bouwtekening,0.794054466079967,1,Brysbaert2014a,4.27,NA,core,TRUE,
bouwvakker,0.794054466079967,1,Brysbaert2014a,4.27,NA,core,TRUE,
braam,0.794054466079967,1,Brysbaert2014a,4.27,NA,core,TRUE,
brandweerman,0.794054466079967,1,Brysbaert2014a,4.27,NA,core,TRUE,
broekrok,0.794054466079967,1,Brysbaert2014a,4.27,NA,core,TRUE,
brokstuk,0.794054466079967,1,Brysbaert2014a,4.27,NA,core,TRUE,
bui,0.794054466079967,1,Brysbaert2014a,4.27,NA,core,TRUE,
bungalow,0.794054466079967,1,Brysbaert2014a,4.27,NA,core,TRUE,
carpaccio,0.794054466079967,1,Brysbaert2014a,4.27,NA,core,TRUE,
cassière,0.794054466079967,1,Brysbaert2014a,4.27,NA,core,TRUE,
cel,0.794054466079967,1,Brysbaert2014a,4.27,NA,core,TRUE,
cent,0.794054466079967,1,Brysbaert2014a,4.27,NA,core,TRUE,
crèche,0.794054466079967,1,Brysbaert2014a,4.27,NA,core,TRUE,
dierenhuid,0.794054466079967,1,Brysbaert2014a,4.27,NA,core,TRUE,
draagzak,0.794054466079967,1,Brysbaert2014a,4.27,NA,core,TRUE,
drukwerk,0.794054466079967,1,Brysbaert2014a,4.27,NA,core,TRUE,
ellips,0.794054466079967,1,Brysbaert2014a,4.27,NA,core,TRUE,
feesthoed,0.794054466079967,1,Brysbaert2014a,4.27,NA,core,TRUE,
filmploeg,0.794054466079967,1,Brysbaert2014a,4.27,NA,core,TRUE,
fotokopie,0.794054466079967,1,Brysbaert2014a,4.27,NA,core,TRUE,
gasfles,0.794054466079967,1,Brysbaert2014a,4.27,NA,core,TRUE,
geboorte,0.794054466079967,1,Brysbaert2014a,4.27,NA,core,TRUE,
gemeentehuis,0.794054466079967,1,Brysbaert2014a,4.27,NA,core,TRUE,
gymles,0.794054466079967,1,Brysbaert2014a,4.27,NA,core,TRUE,
gympjes,0.794054466079967,1,Brysbaert2014a,4.27,NA,core,TRUE,
hagel,0.794054466079967,1,Brysbaert2014a,4.27,NA,core,TRUE,
hak,0.794054466079967,1,Brysbaert2014a,4.27,NA,core,TRUE,
hal,0.794054466079967,1,Brysbaert2014a,4.27,NA,core,TRUE,
handboek,0.794054466079967,1,Brysbaert2014a,4.27,NA,core,TRUE,
hoekschop,0.794054466079967,1,Brysbaert2014a,4.27,NA,core,TRUE,
hoestbui,0.794054466079967,1,Brysbaert2014a,4.27,NA,core,TRUE,
hooggebergte,0.794054466079967,1,Brysbaert2014a,4.27,NA,core,TRUE,
horlogemaker,0.794054466079967,1,Brysbaert2014a,4.27,NA,core,TRUE,
hospitaal,0.794054466079967,1,Brysbaert2014a,4.27,NA,core,TRUE,
huisvuil,0.794054466079967,1,Brysbaert2014a,4.27,NA,core,TRUE,
ijskap,0.794054466079967,1,Brysbaert2014a,4.27,NA,core,TRUE,
kabas,0.794054466079967,1,Brysbaert2014a,4.27,NA,core,TRUE,
kajuit,0.794054466079967,1,Brysbaert2014a,4.27,NA,core,TRUE,
kaken,0.794054466079967,1,Brysbaert2014a,4.27,NA,core,TRUE,
kakken,0.794054466079967,1,Brysbaert2014a,4.27,NA,core,TRUE,
kamer,0.794054466079967,1,Brysbaert2014a,4.27,NA,core,TRUE,
kermis,0.794054466079967,1,Brysbaert2014a,4.27,NA,core,TRUE,
kippenhok,0.794054466079967,1,Brysbaert2014a,4.27,NA,core,TRUE,
klankkast,0.794054466079967,1,Brysbaert2014a,4.27,NA,core,TRUE,
klimtouw,0.794054466079967,1,Brysbaert2014a,4.27,NA,core,TRUE,
klonter,0.794054466079967,1,Brysbaert2014a,4.27,NA,core,TRUE,
knik,0.794054466079967,1,Brysbaert2014a,4.27,NA,core,TRUE,
knipper,0.794054466079967,1,Brysbaert2014a,4.27,NA,core,TRUE,
knobbel,0.794054466079967,1,Brysbaert2014a,4.27,NA,core,TRUE,
koorddansen,0.794054466079967,1,Brysbaert2014a,4.27,NA,core,TRUE,
koraalrif,0.794054466079967,1,Brysbaert2014a,4.27,NA,core,TRUE,
kots,0.794054466079967,1,Brysbaert2014a,4.27,NA,core,TRUE,
kraam,0.794054466079967,1,Brysbaert2014a,4.27,NA,core,TRUE,
kraanwater,0.794054466079967,1,Brysbaert2014a,4.27,NA,core,TRUE,
kroes,0.794054466079967,1,Brysbaert2014a,4.27,NA,core,TRUE,
krokus,0.794054466079967,1,Brysbaert2014a,4.27,NA,core,TRUE,
kroonluchter,0.794054466079967,1,Brysbaert2014a,4.27,NA,core,TRUE,
kruisiging,0.794054466079967,1,Brysbaert2014a,4.27,NA,core,TRUE,
krulhaar,0.794054466079967,1,Brysbaert2014a,4.27,NA,core,TRUE,
kuip,0.794054466079967,1,Brysbaert2014a,4.27,NA,core,TRUE,
landmijn,0.794054466079967,1,Brysbaert2014a,4.27,NA,core,TRUE,
leder,0.794054466079967,1,Brysbaert2014a,4.27,NA,core,TRUE,
leuning,0.794054466079967,1,Brysbaert2014a,4.27,NA,core,TRUE,
lever,0.794054466079967,1,Brysbaert2014a,4.27,NA,core,TRUE,
lijnolie,0.794054466079967,1,Brysbaert2014a,4.27,NA,core,TRUE,
linnen,0.794054466079967,1,Brysbaert2014a,4.27,NA,core,TRUE,
lintworm,0.794054466079967,1,Brysbaert2014a,4.27,NA,core,TRUE,
lunchbox,0.794054466079967,1,Brysbaert2014a,4.27,NA,core,TRUE,
maatstok,0.794054466079967,1,Brysbaert2014a,4.27,NA,core,TRUE,
machinekamer,0.794054466079967,1,Brysbaert2014a,4.27,NA,core,TRUE,
mail,0.794054466079967,1,Brysbaert2014a,4.27,NA,core,TRUE,
majorette,0.794054466079967,1,Brysbaert2014a,4.27,NA,core,TRUE,
manicure,0.794054466079967,1,Brysbaert2014a,4.27,NA,core,TRUE,
mascarpone,0.794054466079967,1,Brysbaert2014a,4.27,NA,core,TRUE,
masturbatie,0.794054466079967,1,Brysbaert2014a,4.27,NA,core,TRUE,
mens,0.794054466079967,1,Brysbaert2014a,4.27,NA,core,TRUE,
mensenbloed,0.794054466079967,1,Brysbaert2014a,4.27,NA,core,TRUE,
merg,0.794054466079967,1,Brysbaert2014a,4.27,NA,core,TRUE,
meringue,0.794054466079967,1,Brysbaert2014a,4.27,NA,core,TRUE,
mesthoop,0.794054466079967,1,Brysbaert2014a,4.27,NA,core,TRUE,
modem,0.794054466079967,1,Brysbaert2014a,4.27,NA,core,TRUE,
molshoop,0.794054466079967,1,Brysbaert2014a,4.27,NA,core,TRUE,
montuur,0.794054466079967,1,Brysbaert2014a,4.27,NA,core,TRUE,
muilezel,0.794054466079967,1,Brysbaert2014a,4.27,NA,core,TRUE,
nachtkijker,0.794054466079967,1,Brysbaert2014a,4.27,NA,core,TRUE,
olietanker,0.794054466079967,1,Brysbaert2014a,4.27,NA,core,TRUE,
olieverf,0.794054466079967,1,Brysbaert2014a,4.27,NA,core,TRUE,
onderzetter,0.794054466079967,1,Brysbaert2014a,4.27,NA,core,TRUE,
ontbijt,0.794054466079967,1,Brysbaert2014a,4.27,NA,core,TRUE,
oorprop,0.794054466079967,1,Brysbaert2014a,4.27,NA,core,TRUE,
oorworm,0.794054466079967,1,Brysbaert2014a,4.27,NA,core,TRUE,
orgaan,0.794054466079967,1,Brysbaert2014a,4.27,NA,core,TRUE,
organen,0.794054466079967,1,Brysbaert2014a,4.27,NA,core,TRUE,
pak,0.794054466079967,1,Brysbaert2014a,4.27,NA,core,TRUE,
pancreas,0.794054466079967,1,Brysbaert2014a,4.27,NA,core,TRUE,
papierwinkel,0.794054466079967,1,Brysbaert2014a,4.27,NA,core,TRUE,
parkeerbon,0.794054466079967,1,Brysbaert2014a,4.27,NA,core,TRUE,
parkeerplek,0.794054466079967,1,Brysbaert2014a,4.27,NA,core,TRUE,
paternoster,0.794054466079967,1,Brysbaert2014a,4.27,NA,core,TRUE,
pauwenoog,0.794054466079967,1,Brysbaert2014a,4.27,NA,core,TRUE,
peulvruchten,0.794054466079967,1,Brysbaert2014a,4.27,NA,core,TRUE,
peutertuin,0.794054466079967,1,Brysbaert2014a,4.27,NA,core,TRUE,
pissen,0.794054466079967,1,Brysbaert2014a,4.27,NA,core,TRUE,
plamuur,0.794054466079967,1,Brysbaert2014a,4.27,NA,core,TRUE,
pluis,0.794054466079967,1,Brysbaert2014a,4.27,NA,core,TRUE,
polsstok,0.794054466079967,1,Brysbaert2014a,4.27,NA,core,TRUE,
poppenkast,0.794054466079967,1,Brysbaert2014a,4.27,NA,core,TRUE,
potje,0.794054466079967,1,Brysbaert2014a,4.27,NA,core,TRUE,
preekstoel,0.794054466079967,1,Brysbaert2014a,4.27,NA,core,TRUE,
prik,0.794054466079967,1,Brysbaert2014a,4.27,NA,core,TRUE,
purper,0.794054466079967,1,Brysbaert2014a,4.27,NA,core,TRUE,
rechterhand,0.794054466079967,1,Brysbaert2014a,4.27,NA,core,TRUE,
reus,0.794054466079967,1,Brysbaert2014a,4.27,NA,core,TRUE,
ringtone,0.794054466079967,1,Brysbaert2014a,4.27,NA,core,TRUE,
rodeo,0.794054466079967,1,Brysbaert2014a,4.27,NA,core,TRUE,
rookgordijn,0.794054466079967,1,Brysbaert2014a,4.27,NA,core,TRUE,
rooster,0.794054466079967,1,Brysbaert2014a,4.27,NA,core,TRUE,
rozenbottel,0.794054466079967,1,Brysbaert2014a,4.27,NA,core,TRUE,
rozenkrans,0.794054466079967,1,Brysbaert2014a,4.27,NA,core,TRUE,
rozentuin,0.794054466079967,1,Brysbaert2014a,4.27,NA,core,TRUE,
ruggenwervel,0.794054466079967,1,Brysbaert2014a,4.27,NA,core,TRUE,
saloon,0.794054466079967,1,Brysbaert2014a,4.27,NA,core,TRUE,
schatkamer,0.794054466079967,1,Brysbaert2014a,4.27,NA,core,TRUE,
school,0.794054466079967,1,Brysbaert2014a,4.27,NA,core,TRUE,
sinas,0.794054466079967,1,Brysbaert2014a,4.27,NA,core,TRUE,
skater,0.794054466079967,1,Brysbaert2014a,4.27,NA,core,TRUE,
slaapkamer,0.794054466079967,1,Brysbaert2014a,4.27,NA,core,TRUE,
slokdarm,0.794054466079967,1,Brysbaert2014a,4.27,NA,core,TRUE,
snede,0.794054466079967,1,Brysbaert2014a,4.27,NA,core,TRUE,
soldaat,0.794054466079967,1,Brysbaert2014a,4.27,NA,core,TRUE,
spaarlamp,0.794054466079967,1,Brysbaert2014a,4.27,NA,core,TRUE,
speerwerpen,0.794054466079967,1,Brysbaert2014a,4.27,NA,core,TRUE,
speldenprik,0.794054466079967,1,Brysbaert2014a,4.27,NA,core,TRUE,
sporthal,0.794054466079967,1,Brysbaert2014a,4.27,NA,core,TRUE,
stapelwolk,0.794054466079967,1,Brysbaert2014a,4.27,NA,core,TRUE,
startblok,0.794054466079967,1,Brysbaert2014a,4.27,NA,core,TRUE,
sterrenhemel,0.794054466079967,1,Brysbaert2014a,4.27,NA,core,TRUE,
stoofschotel,0.794054466079967,1,Brysbaert2014a,4.27,NA,core,TRUE,
striptease,0.794054466079967,1,Brysbaert2014a,4.27,NA,core,TRUE,
strontje,0.794054466079967,1,Brysbaert2014a,4.27,NA,core,TRUE,
tekenfilm,0.794054466079967,1,Brysbaert2014a,4.27,NA,core,TRUE,
textiel,0.794054466079967,1,Brysbaert2014a,4.27,NA,core,TRUE,
timmerman,0.794054466079967,1,Brysbaert2014a,4.27,NA,core,TRUE,
touringcar,0.794054466079967,1,Brysbaert2014a,4.27,NA,core,TRUE,
trommelvlies,0.794054466079967,1,Brysbaert2014a,4.27,NA,core,TRUE,
trompettist,0.794054466079967,1,Brysbaert2014a,4.27,NA,core,TRUE,
tweelingbroer,0.794054466079967,1,Brysbaert2014a,4.27,NA,core,TRUE,
vierhoek,0.794054466079967,1,Brysbaert2014a,4.27,NA,core,TRUE,
vlinderslag,0.794054466079967,1,Brysbaert2014a,4.27,NA,core,TRUE,
voetafdruk,0.794054466079967,1,Brysbaert2014a,4.27,NA,core,TRUE,
voetbalclub,0.794054466079967,1,Brysbaert2014a,4.27,NA,core,TRUE,
voetbalploeg,0.794054466079967,1,Brysbaert2014a,4.27,NA,core,TRUE,
voorgevel,0.794054466079967,1,Brysbaert2014a,4.27,NA,core,TRUE,
waterleiding,0.794054466079967,1,Brysbaert2014a,4.27,NA,core,TRUE,
waterlek,0.794054466079967,1,Brysbaert2014a,4.27,NA,core,TRUE,
winkel,0.794054466079967,1,Brysbaert2014a,4.27,NA,core,TRUE,
winkelcentrum,0.794054466079967,1,Brysbaert2014a,4.27,NA,core,TRUE,
woestijn,0.794054466079967,1,Brysbaert2014a,4.27,NA,core,TRUE,
zaadcel,0.794054466079967,1,Brysbaert2014a,4.27,NA,core,TRUE,
zandstorm,0.794054466079967,1,Brysbaert2014a,4.27,NA,core,TRUE,
zeildoek,0.794054466079967,1,Brysbaert2014a,4.27,NA,core,TRUE,
ziekenauto,0.794054466079967,1,Brysbaert2014a,4.27,NA,core,TRUE,
zijdeur,0.794054466079967,1,Brysbaert2014a,4.27,NA,core,TRUE,
zonnewijzer,0.794054466079967,1,Brysbaert2014a,4.27,NA,core,TRUE,
zwemster,0.794054466079967,1,Brysbaert2014a,4.27,NA,core,TRUE,
zwemvogel,0.794054466079967,1,Brysbaert2014a,4.27,NA,core,TRUE,
lichaam,0.793480110147187,2,Brysbaert2014a;Jasmin2012,6.335,NA,core,TRUE,
man,0.793084580710234,2,Brysbaert2014a;Jasmin2012,6.335,NA,core,TRUE,
koningin,0.787124411580108,2,Brysbaert2014a;Jasmin2012,6.25,NA,core,TRUE,
anode,0.786224100893909,1,Brysbaert2014a,4.25,NA,core,TRUE,
bark,0.786224100893909,1,Brysbaert2014a,4.25,NA,core,TRUE,
boenwas,0.786224100893909,1,Brysbaert2014a,4.25,NA,core,TRUE,
bordpapier,0.786224100893909,1,Brysbaert2014a,4.25,NA,core,TRUE,
brevier,0.786224100893909,1,Brysbaert2014a,4.25,NA,core,TRUE,
caisson,0.786224100893909,1,Brysbaert2014a,4.25,NA,core,TRUE,
citer,0.786224100893909,1,Brysbaert2014a,4.25,NA,core,TRUE,
commode,0.786224100893909,1,Brysbaert2014a,4.25,NA,core,TRUE,
convex,0.786224100893909,1,Brysbaert2014a,4.25,NA,core,TRUE,
dobber,0.786224100893909,1,Brysbaert2014a,4.25,NA,core,TRUE,
gerbera,0.786224100893909,1,Brysbaert2014a,4.25,NA,core,TRUE,
halm,0.786224100893909,1,Brysbaert2014a,4.25,NA,core,TRUE,
hazenstrik,0.786224100893909,1,Brysbaert2014a,4.25,NA,core,TRUE,
ka,0.786224100893909,1,Brysbaert2014a,4.25,NA,core,TRUE,
kakkies,0.786224100893909,1,Brysbaert2014a,4.25,NA,core,TRUE,
keppel,0.786224100893909,1,Brysbaert2014a,4.25,NA,core,TRUE,
kwikstaartje,0.786224100893909,1,Brysbaert2014a,4.25,NA,core,TRUE,
lanoline,0.786224100893909,1,Brysbaert2014a,4.25,NA,core,TRUE,
magma,0.786224100893909,1,Brysbaert2014a,4.25,NA,core,TRUE,
ossenhaas,0.786224100893909,1,Brysbaert2014a,4.25,NA,core,TRUE,
patchoeli,0.786224100893909,1,Brysbaert2014a,4.25,NA,core,TRUE,
pui,0.786224100893909,1,Brysbaert2014a,4.25,NA,core,TRUE,
queue,0.786224100893909,1,Brysbaert2014a,4.25,NA,core,TRUE,
roervink,0.786224100893909,1,Brysbaert2014a,4.25,NA,core,TRUE,
ruin,0.786224100893909,1,Brysbaert2014a,4.25,NA,core,TRUE,
saletjonker,0.786224100893909,1,Brysbaert2014a,4.25,NA,core,TRUE,
schoep,0.786224100893909,1,Brysbaert2014a,4.25,NA,core,TRUE,
gletsjer,0.785857102975996,2,Brysbaert2014a;Jasmin2012,6.3,NA,core,TRUE,
moeras,0.785857102975996,2,Brysbaert2014a;Jasmin2012,6.3,NA,core,TRUE,
handveger,0.785046081352644,1,Brysbaert2014a,4.23,NA,core,TRUE,
kruller,0.785046081352644,1,Brysbaert2014a,4.23,NA,core,TRUE,
pompsteen,0.785046081352644,1,Brysbaert2014a,4.23,NA,core,TRUE,
priem,0.785046081352644,1,Brysbaert2014a,4.23,NA,core,TRUE,
roede,0.785046081352644,1,Brysbaert2014a,4.23,NA,core,TRUE,
tor,0.785046081352644,1,Brysbaert2014a,4.23,NA,core,TRUE,
voeder,0.785046081352644,1,Brysbaert2014a,4.23,NA,core,TRUE,
droogkap,0.784491719215578,1,Brysbaert2014a,4.22,NA,core,TRUE,
gyroscoop,0.784491719215578,1,Brysbaert2014a,4.22,NA,core,TRUE,
klappertje,0.784491719215578,1,Brysbaert2014a,4.22,NA,core,TRUE,
lepelaar,0.784491719215578,1,Brysbaert2014a,4.22,NA,core,TRUE,
moerbei,0.784491719215578,1,Brysbaert2014a,4.22,NA,core,TRUE,
ovarium,0.784491719215578,1,Brysbaert2014a,4.22,NA,core,TRUE,
roekoeën,0.784491719215578,1,Brysbaert2014a,4.22,NA,core,TRUE,
sitar,0.784491719215578,1,Brysbaert2014a,4.22,NA,core,TRUE,
troffel,0.784491719215578,1,Brysbaert2014a,4.22,NA,core,TRUE,
kledingstuk,0.784197462700394,2,Brysbaert2014a;Jasmin2012,6.3,NA,core,TRUE,
storm,0.7840529423292,2,Brysbaert2014a;Jasmin2012,6.31,NA,core,TRUE,
cellist,0.783348347307879,1,Brysbaert2014a,4.21,NA,core,TRUE,
coyote,0.783348347307879,1,Brysbaert2014a,4.21,NA,core,TRUE,
crack,0.783348347307879,1,Brysbaert2014a,4.21,NA,core,TRUE,
davidster,0.783348347307879,1,Brysbaert2014a,4.21,NA,core,TRUE,
diabolo,0.783348347307879,1,Brysbaert2014a,4.21,NA,core,TRUE,
katrol,0.783348347307879,1,Brysbaert2014a,4.21,NA,core,TRUE,
kijkbuis,0.783348347307879,1,Brysbaert2014a,4.21,NA,core,TRUE,
koer,0.783348347307879,1,Brysbaert2014a,4.21,NA,core,TRUE,
kwik,0.783348347307879,1,Brysbaert2014a,4.21,NA,core,TRUE,
liefdesbrief,0.783348347307879,1,Brysbaert2014a,4.21,NA,core,TRUE,
loopgraaf,0.783348347307879,1,Brysbaert2014a,4.21,NA,core,TRUE,
machinist,0.783348347307879,1,Brysbaert2014a,4.21,NA,core,TRUE,
pek,0.783348347307879,1,Brysbaert2014a,4.21,NA,core,TRUE,
penicilline,0.783348347307879,1,Brysbaert2014a,4.21,NA,core,TRUE,
pompist,0.783348347307879,1,Brysbaert2014a,4.21,NA,core,TRUE,
racestuur,0.783348347307879,1,Brysbaert2014a,4.21,NA,core,TRUE,
snijworst,0.783348347307879,1,Brysbaert2014a,4.21,NA,core,TRUE,
spleetoog,0.783348347307879,1,Brysbaert2014a,4.21,NA,core,TRUE,
stationcar,0.783348347307879,1,Brysbaert2014a,4.21,NA,core,TRUE,
stoppel,0.783348347307879,1,Brysbaert2014a,4.21,NA,core,TRUE,
stronthoop,0.783348347307879,1,Brysbaert2014a,4.21,NA,core,TRUE,
trapgevel,0.783348347307879,1,Brysbaert2014a,4.21,NA,core,TRUE,
volkstuin,0.783348347307879,1,Brysbaert2014a,4.21,NA,core,TRUE,
keuken,0.783118232379567,2,Brysbaert2014a;Jasmin2012,6.255,NA,core,TRUE,
knoop,0.778637945641216,2,Brysbaert2014a;Jasmin2012,6.25,NA,core,TRUE,
aspirine,0.776280230060287,1,Brysbaert2014a,4.2,NA,core,TRUE,
atoombom,0.776280230060287,1,Brysbaert2014a,4.2,NA,core,TRUE,
autosnelweg,0.776280230060287,1,Brysbaert2014a,4.2,NA,core,TRUE,
barst,0.776280230060287,1,Brysbaert2014a,4.2,NA,core,TRUE,
behanger,0.776280230060287,1,Brysbaert2014a,4.2,NA,core,TRUE,
bewaker,0.776280230060287,1,Brysbaert2014a,4.2,NA,core,TRUE,
bies,0.776280230060287,1,Brysbaert2014a,4.2,NA,core,TRUE,
bloedzuiger,0.776280230060287,1,Brysbaert2014a,4.2,NA,core,TRUE,
blokletter,0.776280230060287,1,Brysbaert2014a,4.2,NA,core,TRUE,
boekhandel,0.776280230060287,1,Brysbaert2014a,4.2,NA,core,TRUE,
boodschappenlijst,0.776280230060287,1,Brysbaert2014a,4.2,NA,core,TRUE,
boswachter,0.776280230060287,1,Brysbaert2014a,4.2,NA,core,TRUE,
botbreuk,0.776280230060287,1,Brysbaert2014a,4.2,NA,core,TRUE,
bouwterrein,0.776280230060287,1,Brysbaert2014a,4.2,NA,core,TRUE,
brandkast,0.776280230060287,1,Brysbaert2014a,4.2,NA,core,TRUE,
brandstoftank,0.776280230060287,1,Brysbaert2014a,4.2,NA,core,TRUE,
broodbeleg,0.776280230060287,1,Brysbaert2014a,4.2,NA,core,TRUE,
cameraploeg,0.776280230060287,1,Brysbaert2014a,4.2,NA,core,TRUE,
capsule,0.776280230060287,1,Brysbaert2014a,4.2,NA,core,TRUE,
cellulitis,0.776280230060287,1,Brysbaert2014a,4.2,NA,core,TRUE,
chloroform,0.776280230060287,1,Brysbaert2014a,4.2,NA,core,TRUE,
citrusvrucht,0.776280230060287,1,Brysbaert2014a,4.2,NA,core,TRUE,
cocaïne,0.776280230060287,1,Brysbaert2014a,4.2,NA,core,TRUE,
commentator,0.776280230060287,1,Brysbaert2014a,4.2,NA,core,TRUE,
compost,0.776280230060287,1,Brysbaert2014a,4.2,NA,core,TRUE,
dagboek,0.776280230060287,1,Brysbaert2014a,4.2,NA,core,TRUE,
deuropening,0.776280230060287,1,Brysbaert2014a,4.2,NA,core,TRUE,
dieselolie,0.776280230060287,1,Brysbaert2014a,4.2,NA,core,TRUE,
dinosauriër,0.776280230060287,1,Brysbaert2014a,4.2,NA,core,TRUE,
doelman,0.776280230060287,1,Brysbaert2014a,4.2,NA,core,TRUE,
erectie,0.776280230060287,1,Brysbaert2014a,4.2,NA,core,TRUE,
festival,0.776280230060287,1,Brysbaert2014a,4.2,NA,core,TRUE,
fruit,0.776280230060287,1,Brysbaert2014a,4.2,NA,core,TRUE,
geldbeugel,0.776280230060287,1,Brysbaert2014a,4.2,NA,core,TRUE,
gevang,0.776280230060287,1,Brysbaert2014a,4.2,NA,core,TRUE,
gevogelte,0.776280230060287,1,Brysbaert2014a,4.2,NA,core,TRUE,
gezoem,0.776280230060287,1,Brysbaert2014a,4.2,NA,core,TRUE,
goal,0.776280230060287,1,Brysbaert2014a,4.2,NA,core,TRUE,
gors,0.776280230060287,1,Brysbaert2014a,4.2,NA,core,TRUE,
grasland,0.776280230060287,1,Brysbaert2014a,4.2,NA,core,TRUE,
grendel,0.776280230060287,1,Brysbaert2014a,4.2,NA,core,TRUE,
grondverf,0.776280230060287,1,Brysbaert2014a,4.2,NA,core,TRUE,
gym,0.776280230060287,1,Brysbaert2014a,4.2,NA,core,TRUE,
harken,0.776280230060287,1,Brysbaert2014a,4.2,NA,core,TRUE,
herenhuis,0.776280230060287,1,Brysbaert2014a,4.2,NA,core,TRUE,
hoofdletsel,0.776280230060287,1,Brysbaert2014a,4.2,NA,core,TRUE,
hoofdwond,0.776280230060287,1,Brysbaert2014a,4.2,NA,core,TRUE,
hoogtemeter,0.776280230060287,1,Brysbaert2014a,4.2,NA,core,TRUE,
houdgreep,0.776280230060287,1,Brysbaert2014a,4.2,NA,core,TRUE,
huiskamer,0.776280230060287,1,Brysbaert2014a,4.2,NA,core,TRUE,
ijzerwinkel,0.776280230060287,1,Brysbaert2014a,4.2,NA,core,TRUE,
inham,0.776280230060287,1,Brysbaert2014a,4.2,NA,core,TRUE,
injectie,0.776280230060287,1,Brysbaert2014a,4.2,NA,core,TRUE,
kaarslicht,0.776280230060287,1,Brysbaert2014a,4.2,NA,core,TRUE,
karn,0.776280230060287,1,Brysbaert2014a,4.2,NA,core,TRUE,
kelner,0.776280230060287,1,Brysbaert2014a,4.2,NA,core,TRUE,
kerel,0.776280230060287,1,Brysbaert2014a,4.2,NA,core,TRUE,
kerkhof,0.776280230060287,1,Brysbaert2014a,4.2,NA,core,TRUE,
kerstman,0.776280230060287,1,Brysbaert2014a,4.2,NA,core,TRUE,
kerstster,0.776280230060287,1,Brysbaert2014a,4.2,NA,core,TRUE,
keukengerei,0.776280230060287,1,Brysbaert2014a,4.2,NA,core,TRUE,
kinderjuf,0.776280230060287,1,Brysbaert2014a,4.2,NA,core,TRUE,
kladblad,0.776280230060287,1,Brysbaert2014a,4.2,NA,core,TRUE,
klaslokaal,0.776280230060287,1,Brysbaert2014a,4.2,NA,core,TRUE,
klembord,0.776280230060287,1,Brysbaert2014a,4.2,NA,core,TRUE,
kleuters,0.776280230060287,1,Brysbaert2014a,4.2,NA,core,TRUE,
knal,0.776280230060287,1,Brysbaert2014a,4.2,NA,core,TRUE,
kneep,0.776280230060287,1,Brysbaert2014a,4.2,NA,core,TRUE,
knijper,0.776280230060287,1,Brysbaert2014a,4.2,NA,core,TRUE,
knikken,0.776280230060287,1,Brysbaert2014a,4.2,NA,core,TRUE,
koor,0.776280230060287,1,Brysbaert2014a,4.2,NA,core,TRUE,
koppijn,0.776280230060287,1,Brysbaert2014a,4.2,NA,core,TRUE,
kras,0.776280230060287,1,Brysbaert2014a,4.2,NA,core,TRUE,
krassen,0.776280230060287,1,Brysbaert2014a,4.2,NA,core,TRUE,
kuil,0.776280230060287,1,Brysbaert2014a,4.2,NA,core,TRUE,
likeur,0.776280230060287,1,Brysbaert2014a,4.2,NA,core,TRUE,
loper,0.776280230060287,1,Brysbaert2014a,4.2,NA,core,TRUE,
mars,0.776280230060287,1,Brysbaert2014a,4.2,NA,core,TRUE,
massage,0.776280230060287,1,Brysbaert2014a,4.2,NA,core,TRUE,
massagraf,0.776280230060287,1,Brysbaert2014a,4.2,NA,core,TRUE,
masseuse,0.776280230060287,1,Brysbaert2014a,4.2,NA,core,TRUE,
mazout,0.776280230060287,1,Brysbaert2014a,4.2,NA,core,TRUE,
meeeter,0.776280230060287,1,Brysbaert2014a,4.2,NA,core,TRUE,
melkman,0.776280230060287,1,Brysbaert2014a,4.2,NA,core,TRUE,
menstruatie,0.776280230060287,1,Brysbaert2014a,4.2,NA,core,TRUE,
metser,0.776280230060287,1,Brysbaert2014a,4.2,NA,core,TRUE,
miereneter,0.776280230060287,1,Brysbaert2014a,4.2,NA,core,TRUE,
mondwater,0.776280230060287,1,Brysbaert2014a,4.2,NA,core,TRUE,
nooduitgang,0.776280230060287,1,Brysbaert2014a,4.2,NA,core,TRUE,
notitieboek,0.776280230060287,1,Brysbaert2014a,4.2,NA,core,TRUE,
oliën,0.776280230060287,1,Brysbaert2014a,4.2,NA,core,TRUE,
onderwijzeres,0.776280230060287,1,Brysbaert2014a,4.2,NA,core,TRUE,
oorlogsschip,0.776280230060287,1,Brysbaert2014a,4.2,NA,core,TRUE,
oorwurm,0.776280230060287,1,Brysbaert2014a,4.2,NA,core,TRUE,
pakjes,0.776280230060287,1,Brysbaert2014a,4.2,NA,core,TRUE,
pantserwagen,0.776280230060287,1,Brysbaert2014a,4.2,NA,core,TRUE,
parkeerterrein,0.776280230060287,1,Brysbaert2014a,4.2,NA,core,TRUE,
pasgeborene,0.776280230060287,1,Brysbaert2014a,4.2,NA,core,TRUE,
patroon,0.776280230060287,1,Brysbaert2014a,4.2,NA,core,TRUE,
pedicure,0.776280230060287,1,Brysbaert2014a,4.2,NA,core,TRUE,
perron,0.776280230060287,1,Brysbaert2014a,4.2,NA,core,TRUE,
picknick,0.776280230060287,1,Brysbaert2014a,4.2,NA,core,TRUE,
piepstem,0.776280230060287,1,Brysbaert2014a,4.2,NA,core,TRUE,
piraat,0.776280230060287,1,Brysbaert2014a,4.2,NA,core,TRUE,
plakker,0.776280230060287,1,Brysbaert2014a,4.2,NA,core,TRUE,
planten,0.776280230060287,1,Brysbaert2014a,4.2,NA,core,TRUE,
poesje,0.776280230060287,1,Brysbaert2014a,4.2,NA,core,TRUE,
polaroid,0.776280230060287,1,Brysbaert2014a,4.2,NA,core,TRUE,
polsslag,0.776280230060287,1,Brysbaert2014a,4.2,NA,core,TRUE,
pompen,0.776280230060287,1,Brysbaert2014a,4.2,NA,core,TRUE,
porno,0.776280230060287,1,Brysbaert2014a,4.2,NA,core,TRUE,
puit,0.776280230060287,1,Brysbaert2014a,4.2,NA,core,TRUE,
punch,0.776280230060287,1,Brysbaert2014a,4.2,NA,core,TRUE,
puntje,0.776280230060287,1,Brysbaert2014a,4.2,NA,core,TRUE,
rapmuziek,0.776280230060287,1,Brysbaert2014a,4.2,NA,core,TRUE,
refter,0.776280230060287,1,Brysbaert2014a,4.2,NA,core,TRUE,
rijbewijs,0.776280230060287,1,Brysbaert2014a,4.2,NA,core,TRUE,
rijweg,0.776280230060287,1,Brysbaert2014a,4.2,NA,core,TRUE,
sarcofaag,0.776280230060287,1,Brysbaert2014a,4.2,NA,core,TRUE,
satelliet,0.776280230060287,1,Brysbaert2014a,4.2,NA,core,TRUE,
schaamluis,0.776280230060287,1,Brysbaert2014a,4.2,NA,core,TRUE,
scheerwol,0.776280230060287,1,Brysbaert2014a,4.2,NA,core,TRUE,
schiereiland,0.776280230060287,1,Brysbaert2014a,4.2,NA,core,TRUE,
schietpartij,0.776280230060287,1,Brysbaert2014a,4.2,NA,core,TRUE,
schokdemper,0.776280230060287,1,Brysbaert2014a,4.2,NA,core,TRUE,
scholen,0.776280230060287,1,Brysbaert2014a,4.2,NA,core,TRUE,
schot,0.776280230060287,1,Brysbaert2014a,4.2,NA,core,TRUE,
schuier,0.776280230060287,1,Brysbaert2014a,4.2,NA,core,TRUE,
schuilkelder,0.776280230060287,1,Brysbaert2014a,4.2,NA,core,TRUE,
schutting,0.776280230060287,1,Brysbaert2014a,4.2,NA,core,TRUE,
sieraad,0.776280230060287,1,Brysbaert2014a,4.2,NA,core,TRUE,
slagschip,0.776280230060287,1,Brysbaert2014a,4.2,NA,core,TRUE,
snippers,0.776280230060287,1,Brysbaert2014a,4.2,NA,core,TRUE,
sop,0.776280230060287,1,Brysbaert2014a,4.2,NA,core,TRUE,
speculum,0.776280230060287,1,Brysbaert2014a,4.2,NA,core,TRUE,
staal,0.776280230060287,1,Brysbaert2014a,4.2,NA,core,TRUE,
stationschef,0.776280230060287,1,Brysbaert2014a,4.2,NA,core,TRUE,
stick,0.776280230060287,1,Brysbaert2014a,4.2,NA,core,TRUE,
stijgbeugel,0.776280230060287,1,Brysbaert2014a,4.2,NA,core,TRUE,
straathond,0.776280230060287,1,Brysbaert2014a,4.2,NA,core,TRUE,
tekenpapier,0.776280230060287,1,Brysbaert2014a,4.2,NA,core,TRUE,
terrine,0.776280230060287,1,Brysbaert2014a,4.2,NA,core,TRUE,
toermalijn,0.776280230060287,1,Brysbaert2014a,4.2,NA,core,TRUE,
tuinman,0.776280230060287,1,Brysbaert2014a,4.2,NA,core,TRUE,
vakantiehuis,0.776280230060287,1,Brysbaert2014a,4.2,NA,core,TRUE,
varkensstal,0.776280230060287,1,Brysbaert2014a,4.2,NA,core,TRUE,
varkensvlees,0.776280230060287,1,Brysbaert2014a,4.2,NA,core,TRUE,
vloeistof,0.776280230060287,1,Brysbaert2014a,4.2,NA,core,TRUE,
vouwlijn,0.776280230060287,1,Brysbaert2014a,4.2,NA,core,TRUE,
warenhuis,0.776280230060287,1,Brysbaert2014a,4.2,NA,core,TRUE,
weekdier,0.776280230060287,1,Brysbaert2014a,4.2,NA,core,TRUE,
werkbank,0.776280230060287,1,Brysbaert2014a,4.2,NA,core,TRUE,
wervel,0.776280230060287,1,Brysbaert2014a,4.2,NA,core,TRUE,
wieldop,0.776280230060287,1,Brysbaert2014a,4.2,NA,core,TRUE,
windvlaag,0.776280230060287,1,Brysbaert2014a,4.2,NA,core,TRUE,
wisser,0.776280230060287,1,Brysbaert2014a,4.2,NA,core,TRUE,
woonhuis,0.776280230060287,1,Brysbaert2014a,4.2,NA,core,TRUE,
zaadlozing,0.776280230060287,1,Brysbaert2014a,4.2,NA,core,TRUE,
zegelring,0.776280230060287,1,Brysbaert2014a,4.2,NA,core,TRUE,
zijde,0.776280230060287,1,Brysbaert2014a,4.2,NA,core,TRUE,
zoemer,0.776280230060287,1,Brysbaert2014a,4.2,NA,core,TRUE,
zoetzuur,0.776280230060287,1,Brysbaert2014a,4.2,NA,core,TRUE,
zomerkleed,0.776280230060287,1,Brysbaert2014a,4.2,NA,core,TRUE,
zonnehoed,0.776280230060287,1,Brysbaert2014a,4.2,NA,core,TRUE,
zonneschijn,0.776280230060287,1,Brysbaert2014a,4.2,NA,core,TRUE,
zuurstoftank,0.776280230060287,1,Brysbaert2014a,4.2,NA,core,TRUE,
post,0.774715405082994,2,Brysbaert2014a;Jasmin2012,6.28,NA,core,TRUE,
frites,0.769905065484027,1,Brysbaert2014a,4.18,NA,core,TRUE,
kastrol,0.769905065484027,1,Brysbaert2014a,4.18,NA,core,TRUE,
kombuis,0.769905065484027,1,Brysbaert2014a,4.18,NA,core,TRUE,
terpentine,0.769905065484027,1,Brysbaert2014a,4.18,NA,core,TRUE,
kurk,0.769339060996973,2,Brysbaert2014a;Jasmin2012,6.26,NA,core,TRUE,
archipel,0.769038874644862,1,Brysbaert2014a,4.17,NA,core,TRUE,
asse,0.769038874644862,1,Brysbaert2014a,4.17,NA,core,TRUE,
atol,0.769038874644862,1,Brysbaert2014a,4.17,NA,core,TRUE,
berber,0.769038874644862,1,Brysbaert2014a,4.17,NA,core,TRUE,
compote,0.769038874644862,1,Brysbaert2014a,4.17,NA,core,TRUE,
gup,0.769038874644862,1,Brysbaert2014a,4.17,NA,core,TRUE,
kaf,0.769038874644862,1,Brysbaert2014a,4.17,NA,core,TRUE,
kaleidoscoop,0.769038874644862,1,Brysbaert2014a,4.17,NA,core,TRUE,
keep,0.769038874644862,1,Brysbaert2014a,4.17,NA,core,TRUE,
kramiek,0.769038874644862,1,Brysbaert2014a,4.17,NA,core,TRUE,
lis,0.769038874644862,1,Brysbaert2014a,4.17,NA,core,TRUE,
lupine,0.769038874644862,1,Brysbaert2014a,4.17,NA,core,TRUE,
mahonie,0.769038874644862,1,Brysbaert2014a,4.17,NA,core,TRUE,
para,0.769038874644862,1,Brysbaert2014a,4.17,NA,core,TRUE,
pendule,0.769038874644862,1,Brysbaert2014a,4.17,NA,core,TRUE,
plankier,0.769038874644862,1,Brysbaert2014a,4.17,NA,core,TRUE,
raagbol,0.769038874644862,1,Brysbaert2014a,4.17,NA,core,TRUE,
rollade,0.769038874644862,1,Brysbaert2014a,4.17,NA,core,TRUE,
salpeter,0.769038874644862,1,Brysbaert2014a,4.17,NA,core,TRUE,
snuiver,0.769038874644862,1,Brysbaert2014a,4.17,NA,core,TRUE,
windsel,0.769038874644862,1,Brysbaert2014a,4.17,NA,core,TRUE,
bedelaar,0.768274329282665,2,Brysbaert2014a;Jasmin2012,6.2,NA,core,TRUE,
balkleed,0.767687616935763,1,Brysbaert2014a,4.15,NA,core,TRUE,
carbonpapier,0.767687616935763,1,Brysbaert2014a,4.15,NA,core,TRUE,
gravel,0.767687616935763,1,Brysbaert2014a,4.15,NA,core,TRUE,
kaai,0.767687616935763,1,Brysbaert2014a,4.15,NA,core,TRUE,
katoog,0.767687616935763,1,Brysbaert2014a,4.15,NA,core,TRUE,
kraagstuk,0.767687616935763,1,Brysbaert2014a,4.15,NA,core,TRUE,
leem,0.767687616935763,1,Brysbaert2014a,4.15,NA,core,TRUE,
lok,0.767687616935763,1,Brysbaert2014a,4.15,NA,core,TRUE,
longdrink,0.767687616935763,1,Brysbaert2014a,4.15,NA,core,TRUE,
ornament,0.767687616935763,1,Brysbaert2014a,4.15,NA,core,TRUE,
patchwork,0.767687616935763,1,Brysbaert2014a,4.15,NA,core,TRUE,
poppenhoek,0.767687616935763,1,Brysbaert2014a,4.15,NA,core,TRUE,
ruimtesonde,0.767687616935763,1,Brysbaert2014a,4.15,NA,core,TRUE,
rune,0.767687616935763,1,Brysbaert2014a,4.15,NA,core,TRUE,
spitsboog,0.767687616935763,1,Brysbaert2014a,4.15,NA,core,TRUE,
spoorboekje,0.767687616935763,1,Brysbaert2014a,4.15,NA,core,TRUE,
tree,0.767687616935763,1,Brysbaert2014a,4.15,NA,core,TRUE,
wapenrusting,0.767687616935763,1,Brysbaert2014a,4.15,NA,core,TRUE,
acupunctuur,0.765851292356732,1,Brysbaert2014a,4.14,NA,core,TRUE,
anorak,0.765851292356732,1,Brysbaert2014a,4.14,NA,core,TRUE,
arcade,0.765851292356732,1,Brysbaert2014a,4.14,NA,core,TRUE,
balein,0.765851292356732,1,Brysbaert2014a,4.14,NA,core,TRUE,
bankstel,0.765851292356732,1,Brysbaert2014a,4.14,NA,core,TRUE,
beharing,0.765851292356732,1,Brysbaert2014a,4.14,NA,core,TRUE,
boeg,0.765851292356732,1,Brysbaert2014a,4.14,NA,core,TRUE,
boekenlegger,0.765851292356732,1,Brysbaert2014a,4.14,NA,core,TRUE,
bosrand,0.765851292356732,1,Brysbaert2014a,4.14,NA,core,TRUE,
brandblaar,0.765851292356732,1,Brysbaert2014a,4.14,NA,core,TRUE,
burg,0.765851292356732,1,Brysbaert2014a,4.14,NA,core,TRUE,
jaagpad,0.765851292356732,1,Brysbaert2014a,4.14,NA,core,TRUE,
kruin,0.765851292356732,1,Brysbaert2014a,4.14,NA,core,TRUE,
kwark,0.765851292356732,1,Brysbaert2014a,4.14,NA,core,TRUE,
marter,0.765851292356732,1,Brysbaert2014a,4.14,NA,core,TRUE,
oleander,0.765851292356732,1,Brysbaert2014a,4.14,NA,core,TRUE,
paarlen,0.765851292356732,1,Brysbaert2014a,4.14,NA,core,TRUE,
paladijn,0.765851292356732,1,Brysbaert2014a,4.14,NA,core,TRUE,
pampa,0.765851292356732,1,Brysbaert2014a,4.14,NA,core,TRUE,
periscoop,0.765851292356732,1,Brysbaert2014a,4.14,NA,core,TRUE,
planetarium,0.765851292356732,1,Brysbaert2014a,4.14,NA,core,TRUE,
ransel,0.765851292356732,1,Brysbaert2014a,4.14,NA,core,TRUE,
rijder,0.765851292356732,1,Brysbaert2014a,4.14,NA,core,TRUE,
rotje,0.765851292356732,1,Brysbaert2014a,4.14,NA,core,TRUE,
spui,0.765851292356732,1,Brysbaert2014a,4.14,NA,core,TRUE,
takelaar,0.765851292356732,1,Brysbaert2014a,4.14,NA,core,TRUE,
taveerne,0.765851292356732,1,Brysbaert2014a,4.14,NA,core,TRUE,
tweedekker,0.765851292356732,1,Brysbaert2014a,4.14,NA,core,TRUE,
veestapel,0.765851292356732,1,Brysbaert2014a,4.14,NA,core,TRUE,
vlas,0.765851292356732,1,Brysbaert2014a,4.14,NA,core,TRUE,
vulsel,0.765851292356732,1,Brysbaert2014a,4.14,NA,core,TRUE,
wapenstok,0.765851292356732,1,Brysbaert2014a,4.14,NA,core,TRUE,
witbier,0.765851292356732,1,Brysbaert2014a,4.14,NA,core,TRUE,
zurkel,0.765851292356732,1,Brysbaert2014a,4.14,NA,core,TRUE,
zwengel,0.765851292356732,1,Brysbaert2014a,4.14,NA,core,TRUE,
applaus,0.764358246347904,2,Brysbaert2014a;Jasmin2012,6.235,NA,core,TRUE,
broer,0.760154768122886,2,Brysbaert2014a;Jasmin2012,6.165,NA,core,TRUE,
suiker,0.75890077836716,2,Brysbaert2014a;Jasmin2012,6.18416666666667,NA,core,TRUE,
insect,0.75858637282493,2,Brysbaert2014a;Jasmin2012,6.22,NA,core,TRUE,
aambei,0.757882336636408,1,Brysbaert2014a,4.13,NA,core,TRUE,
aardschok,0.757882336636408,1,Brysbaert2014a,4.13,NA,core,TRUE,
adem,0.757882336636408,1,Brysbaert2014a,4.13,NA,core,TRUE,
ademhalen,0.757882336636408,1,Brysbaert2014a,4.13,NA,core,TRUE,
album,0.757882336636408,1,Brysbaert2014a,4.13,NA,core,TRUE,
aluminium,0.757882336636408,1,Brysbaert2014a,4.13,NA,core,TRUE,
ammoniak,0.757882336636408,1,Brysbaert2014a,4.13,NA,core,TRUE,
appartement,0.757882336636408,1,Brysbaert2014a,4.13,NA,core,TRUE,
baarmoeder,0.757882336636408,1,Brysbaert2014a,4.13,NA,core,TRUE,
basket,0.757882336636408,1,Brysbaert2014a,4.13,NA,core,TRUE,
beddengoed,0.757882336636408,1,Brysbaert2014a,4.13,NA,core,TRUE,
beeld,0.757882336636408,1,Brysbaert2014a,4.13,NA,core,TRUE,
bibliothecaresse,0.757882336636408,1,Brysbaert2014a,4.13,NA,core,TRUE,
bijsluiter,0.757882336636408,1,Brysbaert2014a,4.13,NA,core,TRUE,
biljarten,0.757882336636408,1,Brysbaert2014a,4.13,NA,core,TRUE,
bladzij,0.757882336636408,1,Brysbaert2014a,4.13,NA,core,TRUE,
bloeduitstorting,0.757882336636408,1,Brysbaert2014a,4.13,NA,core,TRUE,
boekwinkel,0.757882336636408,1,Brysbaert2014a,4.13,NA,core,TRUE,
bonbonnière,0.757882336636408,1,Brysbaert2014a,4.13,NA,core,TRUE,
borduren,0.757882336636408,1,Brysbaert2014a,4.13,NA,core,TRUE,
brander,0.757882336636408,1,Brysbaert2014a,4.13,NA,core,TRUE,
brandzalf,0.757882336636408,1,Brysbaert2014a,4.13,NA,core,TRUE,
breakdancing,0.757882336636408,1,Brysbaert2014a,4.13,NA,core,TRUE,
breekijzer,0.757882336636408,1,Brysbaert2014a,4.13,NA,core,TRUE,
breigoed,0.757882336636408,1,Brysbaert2014a,4.13,NA,core,TRUE,
breiwerk,0.757882336636408,1,Brysbaert2014a,4.13,NA,core,TRUE,
brij,0.757882336636408,1,Brysbaert2014a,4.13,NA,core,TRUE,
buikspreker,0.757882336636408,1,Brysbaert2014a,4.13,NA,core,TRUE,
carbolineum,0.757882336636408,1,Brysbaert2014a,4.13,NA,core,TRUE,
coke,0.757882336636408,1,Brysbaert2014a,4.13,NA,core,TRUE,
conducteur,0.757882336636408,1,Brysbaert2014a,4.13,NA,core,TRUE,
coureur,0.757882336636408,1,Brysbaert2014a,4.13,NA,core,TRUE,
dal,0.757882336636408,1,Brysbaert2014a,4.13,NA,core,TRUE,
deuk,0.757882336636408,1,Brysbaert2014a,4.13,NA,core,TRUE,
dierenwinkel,0.757882336636408,1,Brysbaert2014a,4.13,NA,core,TRUE,
display,0.757882336636408,1,Brysbaert2014a,4.13,NA,core,TRUE,
donderslag,0.757882336636408,1,Brysbaert2014a,4.13,NA,core,TRUE,
draagstoel,0.757882336636408,1,Brysbaert2014a,4.13,NA,core,TRUE,
drugs,0.757882336636408,1,Brysbaert2014a,4.13,NA,core,TRUE,
ejaculatie,0.757882336636408,1,Brysbaert2014a,4.13,NA,core,TRUE,
elektricien,0.757882336636408,1,Brysbaert2014a,4.13,NA,core,TRUE,
familiefoto,0.757882336636408,1,Brysbaert2014a,4.13,NA,core,TRUE,
fiche,0.757882336636408,1,Brysbaert2014a,4.13,NA,core,TRUE,
file,0.757882336636408,1,Brysbaert2014a,4.13,NA,core,TRUE,
florijn,0.757882336636408,1,Brysbaert2014a,4.13,NA,core,TRUE,
föhnen,0.757882336636408,1,Brysbaert2014a,4.13,NA,core,TRUE,
frisdrank,0.757882336636408,1,Brysbaert2014a,4.13,NA,core,TRUE,
frons,0.757882336636408,1,Brysbaert2014a,4.13,NA,core,TRUE,
gaatje,0.757882336636408,1,Brysbaert2014a,4.13,NA,core,TRUE,
geblaf,0.757882336636408,1,Brysbaert2014a,4.13,NA,core,TRUE,
gebrul,0.757882336636408,1,Brysbaert2014a,4.13,NA,core,TRUE,
gehemelte,0.757882336636408,1,Brysbaert2014a,4.13,NA,core,TRUE,
gesteente,0.757882336636408,1,Brysbaert2014a,4.13,NA,core,TRUE,
getoeter,0.757882336636408,1,Brysbaert2014a,4.13,NA,core,TRUE,
gifslang,0.757882336636408,1,Brysbaert2014a,4.13,NA,core,TRUE,
golfbreker,0.757882336636408,1,Brysbaert2014a,4.13,NA,core,TRUE,
griezelfilm,0.757882336636408,1,Brysbaert2014a,4.13,NA,core,TRUE,
haakwerk,0.757882336636408,1,Brysbaert2014a,4.13,NA,core,TRUE,
haarstuk,0.757882336636408,1,Brysbaert2014a,4.13,NA,core,TRUE,
hakken,0.757882336636408,1,Brysbaert2014a,4.13,NA,core,TRUE,
handtekening,0.757882336636408,1,Brysbaert2014a,4.13,NA,core,TRUE,
hars,0.757882336636408,1,Brysbaert2014a,4.13,NA,core,TRUE,
hasjiesj,0.757882336636408,1,Brysbaert2014a,4.13,NA,core,TRUE,
heroïne,0.757882336636408,1,Brysbaert2014a,4.13,NA,core,TRUE,
hijsen,0.757882336636408,1,Brysbaert2014a,4.13,NA,core,TRUE,
hoofdingang,0.757882336636408,1,Brysbaert2014a,4.13,NA,core,TRUE,
hoofdschotel,0.757882336636408,1,Brysbaert2014a,4.13,NA,core,TRUE,
ijzel,0.757882336636408,1,Brysbaert2014a,4.13,NA,core,TRUE,
jaarboek,0.757882336636408,1,Brysbaert2014a,4.13,NA,core,TRUE,
jachthut,0.757882336636408,1,Brysbaert2014a,4.13,NA,core,TRUE,
kaalkop,0.757882336636408,1,Brysbaert2014a,4.13,NA,core,TRUE,
kade,0.757882336636408,1,Brysbaert2014a,4.13,NA,core,TRUE,
kalfsvlees,0.757882336636408,1,Brysbaert2014a,4.13,NA,core,TRUE,
kamille,0.757882336636408,1,Brysbaert2014a,4.13,NA,core,TRUE,
keelpijn,0.757882336636408,1,Brysbaert2014a,4.13,NA,core,TRUE,
keffen,0.757882336636408,1,Brysbaert2014a,4.13,NA,core,TRUE,
kerkkoor,0.757882336636408,1,Brysbaert2014a,4.13,NA,core,TRUE,
keukenmeid,0.757882336636408,1,Brysbaert2014a,4.13,NA,core,TRUE,
kieuw,0.757882336636408,1,Brysbaert2014a,4.13,NA,core,TRUE,
kledingzaak,0.757882336636408,1,Brysbaert2014a,4.13,NA,core,TRUE,
kleingeld,0.757882336636408,1,Brysbaert2014a,4.13,NA,core,TRUE,
kleuren,0.757882336636408,1,Brysbaert2014a,4.13,NA,core,TRUE,
klooster,0.757882336636408,1,Brysbaert2014a,4.13,NA,core,TRUE,
koffietafel,0.757882336636408,1,Brysbaert2014a,4.13,NA,core,TRUE,
krabbel,0.757882336636408,1,Brysbaert2014a,4.13,NA,core,TRUE,
krabbeltje,0.757882336636408,1,Brysbaert2014a,4.13,NA,core,TRUE,
kreuk,0.757882336636408,1,Brysbaert2014a,4.13,NA,core,TRUE,
kringlooppapier,0.757882336636408,1,Brysbaert2014a,4.13,NA,core,TRUE,
kuisen,0.757882336636408,1,Brysbaert2014a,4.13,NA,core,TRUE,
kunstmest,0.757882336636408,1,Brysbaert2014a,4.13,NA,core,TRUE,
landweg,0.757882336636408,1,Brysbaert2014a,4.13,NA,core,TRUE,
leesmap,0.757882336636408,1,Brysbaert2014a,4.13,NA,core,TRUE,
leeuwenbek,0.757882336636408,1,Brysbaert2014a,4.13,NA,core,TRUE,
levertraan,0.757882336636408,1,Brysbaert2014a,4.13,NA,core,TRUE,
luchthaven,0.757882336636408,1,Brysbaert2014a,4.13,NA,core,TRUE,
lunchroom,0.757882336636408,1,Brysbaert2014a,4.13,NA,core,TRUE,
mannetje,0.757882336636408,1,Brysbaert2014a,4.13,NA,core,TRUE,
marimba,0.757882336636408,1,Brysbaert2014a,4.13,NA,core,TRUE,
marinade,0.757882336636408,1,Brysbaert2014a,4.13,NA,core,TRUE,
mengsel,0.757882336636408,1,Brysbaert2014a,4.13,NA,core,TRUE,
mep,0.757882336636408,1,Brysbaert2014a,4.13,NA,core,TRUE,
mimespeler,0.757882336636408,1,Brysbaert2014a,4.13,NA,core,TRUE,
mondholte,0.757882336636408,1,Brysbaert2014a,4.13,NA,core,TRUE,
monnik,0.757882336636408,1,Brysbaert2014a,4.13,NA,core,TRUE,
netvlies,0.757882336636408,1,Brysbaert2014a,4.13,NA,core,TRUE,
omhelzing,0.757882336636408,1,Brysbaert2014a,4.13,NA,core,TRUE,
opslagplaats,0.757882336636408,1,Brysbaert2014a,4.13,NA,core,TRUE,
paars,0.757882336636408,1,Brysbaert2014a,4.13,NA,core,TRUE,
pakket,0.757882336636408,1,Brysbaert2014a,4.13,NA,core,TRUE,
parade,0.757882336636408,1,Brysbaert2014a,4.13,NA,core,TRUE,
partituur,0.757882336636408,1,Brysbaert2014a,4.13,NA,core,TRUE,
pastrami,0.757882336636408,1,Brysbaert2014a,4.13,NA,core,TRUE,
pieper,0.757882336636408,1,Brysbaert2014a,4.13,NA,core,TRUE,
pingpongen,0.757882336636408,1,Brysbaert2014a,4.13,NA,core,TRUE,
pistoolschot,0.757882336636408,1,Brysbaert2014a,4.13,NA,core,TRUE,
platenzaak,0.757882336636408,1,Brysbaert2014a,4.13,NA,core,TRUE,
pluche,0.757882336636408,1,Brysbaert2014a,4.13,NA,core,TRUE,
plug,0.757882336636408,1,Brysbaert2014a,4.13,NA,core,TRUE,
portret,0.757882336636408,1,Brysbaert2014a,4.13,NA,core,TRUE,
presentatrice,0.757882336636408,1,Brysbaert2014a,4.13,NA,core,TRUE,
prop,0.757882336636408,1,Brysbaert2014a,4.13,NA,core,TRUE,
pup,0.757882336636408,1,Brysbaert2014a,4.13,NA,core,TRUE,
quatremains,0.757882336636408,1,Brysbaert2014a,4.13,NA,core,TRUE,
rad,0.757882336636408,1,Brysbaert2014a,4.13,NA,core,TRUE,
raketbasis,0.757882336636408,1,Brysbaert2014a,4.13,NA,core,TRUE,
regenval,0.757882336636408,1,Brysbaert2014a,4.13,NA,core,TRUE,
reisgids,0.757882336636408,1,Brysbaert2014a,4.13,NA,core,TRUE,
rockband,0.757882336636408,1,Brysbaert2014a,4.13,NA,core,TRUE,
roddelblad,0.757882336636408,1,Brysbaert2014a,4.13,NA,core,TRUE,
roker,0.757882336636408,1,Brysbaert2014a,4.13,NA,core,TRUE,
roodhuid,0.757882336636408,1,Brysbaert2014a,4.13,NA,core,TRUE,
rubbertje,0.757882336636408,1,Brysbaert2014a,4.13,NA,core,TRUE,
schenkel,0.757882336636408,1,Brysbaert2014a,4.13,NA,core,TRUE,
schietstoel,0.757882336636408,1,Brysbaert2014a,4.13,NA,core,TRUE,
schilder,0.757882336636408,1,Brysbaert2014a,4.13,NA,core,TRUE,
schilfer,0.757882336636408,1,Brysbaert2014a,4.13,NA,core,TRUE,
schoolslag,0.757882336636408,1,Brysbaert2014a,4.13,NA,core,TRUE,
schuilplaats,0.757882336636408,1,Brysbaert2014a,4.13,NA,core,TRUE,
shop,0.757882336636408,1,Brysbaert2014a,4.13,NA,core,TRUE,
slaapplaats,0.757882336636408,1,Brysbaert2014a,4.13,NA,core,TRUE,
slaapzaal,0.757882336636408,1,Brysbaert2014a,4.13,NA,core,TRUE,
slager,0.757882336636408,1,Brysbaert2014a,4.13,NA,core,TRUE,
smeersel,0.757882336636408,1,Brysbaert2014a,4.13,NA,core,TRUE,
snoepgoed,0.757882336636408,1,Brysbaert2014a,4.13,NA,core,TRUE,
snottebel,0.757882336636408,1,Brysbaert2014a,4.13,NA,core,TRUE,
speaker,0.757882336636408,1,Brysbaert2014a,4.13,NA,core,TRUE,
speelhuis,0.757882336636408,1,Brysbaert2014a,4.13,NA,core,TRUE,
spoorlijn,0.757882336636408,1,Brysbaert2014a,4.13,NA,core,TRUE,
spoorwegovergang,0.757882336636408,1,Brysbaert2014a,4.13,NA,core,TRUE,
sportpagina,0.757882336636408,1,Brysbaert2014a,4.13,NA,core,TRUE,
sprietje,0.757882336636408,1,Brysbaert2014a,4.13,NA,core,TRUE,
stam,0.757882336636408,1,Brysbaert2014a,4.13,NA,core,TRUE,
stoemp,0.757882336636408,1,Brysbaert2014a,4.13,NA,core,TRUE,
stoot,0.757882336636408,1,Brysbaert2014a,4.13,NA,core,TRUE,
stortbui,0.757882336636408,1,Brysbaert2014a,4.13,NA,core,TRUE,
strook,0.757882336636408,1,Brysbaert2014a,4.13,NA,core,TRUE,
tientje,0.757882336636408,1,Brysbaert2014a,4.13,NA,core,TRUE,
tonsil,0.757882336636408,1,Brysbaert2014a,4.13,NA,core,TRUE,
top,0.757882336636408,1,Brysbaert2014a,4.13,NA,core,TRUE,
treinreis,0.757882336636408,1,Brysbaert2014a,4.13,NA,core,TRUE,
trilling,0.757882336636408,1,Brysbaert2014a,4.13,NA,core,TRUE,
tweeling,0.757882336636408,1,Brysbaert2014a,4.13,NA,core,TRUE,
tweewieler,0.757882336636408,1,Brysbaert2014a,4.13,NA,core,TRUE,
uiltje,0.757882336636408,1,Brysbaert2014a,4.13,NA,core,TRUE,
urinemonster,0.757882336636408,1,Brysbaert2014a,4.13,NA,core,TRUE,
veevoer,0.757882336636408,1,Brysbaert2014a,4.13,NA,core,TRUE,
veldloper,0.757882336636408,1,Brysbaert2014a,4.13,NA,core,TRUE,
vertrekhal,0.757882336636408,1,Brysbaert2014a,4.13,NA,core,TRUE,
vliegveld,0.757882336636408,1,Brysbaert2014a,4.13,NA,core,TRUE,
vlies,0.757882336636408,1,Brysbaert2014a,4.13,NA,core,TRUE,
voetballer,0.757882336636408,1,Brysbaert2014a,4.13,NA,core,TRUE,
weekblad,0.757882336636408,1,Brysbaert2014a,4.13,NA,core,TRUE,
wentelwiek,0.757882336636408,1,Brysbaert2014a,4.13,NA,core,TRUE,
werf,0.757882336636408,1,Brysbaert2014a,4.13,NA,core,TRUE,
zolder,0.757882336636408,1,Brysbaert2014a,4.13,NA,core,TRUE,
zonnebrand,0.757882336636408,1,Brysbaert2014a,4.13,NA,core,TRUE,
zonsopkomst,0.757882336636408,1,Brysbaert2014a,4.13,NA,core,TRUE,
zwanger,0.757882336636408,1,Brysbaert2014a,4.13,NA,core,TRUE,
zwemmer,0.757882336636408,1,Brysbaert2014a,4.13,NA,core,TRUE,
honing,0.756757965043891,2,Brysbaert2014a;Jasmin2012,6.185,NA,core,TRUE,
film,0.754535642231765,2,Brysbaert2014a;Jasmin2012,6.2,NA,core,TRUE,
snelweg,0.754535642231765,2,Brysbaert2014a;Jasmin2012,6.2,NA,core,TRUE,
boeket,0.754400684110694,2,Brysbaert2014a;Jasmin2012,6.195,NA,core,TRUE,
ar,0.750675628854549,1,Brysbaert2014a,4.11,NA,core,TRUE,
copulatie,0.750675628854549,1,Brysbaert2014a,4.11,NA,core,TRUE,
dalgrond,0.750675628854549,1,Brysbaert2014a,4.11,NA,core,TRUE,
huif,0.750675628854549,1,Brysbaert2014a,4.11,NA,core,TRUE,
karveel,0.750675628854549,1,Brysbaert2014a,4.11,NA,core,TRUE,
mie,0.750675628854549,1,Brysbaert2014a,4.11,NA,core,TRUE,
oedeem,0.750675628854549,1,Brysbaert2014a,4.11,NA,core,TRUE,
oranjerie,0.750675628854549,1,Brysbaert2014a,4.11,NA,core,TRUE,
ponton,0.750675628854549,1,Brysbaert2014a,4.11,NA,core,TRUE,
scheurmand,0.750675628854549,1,Brysbaert2014a,4.11,NA,core,TRUE,
semafoon,0.750675628854549,1,Brysbaert2014a,4.11,NA,core,TRUE,
sjekkie,0.750675628854549,1,Brysbaert2014a,4.11,NA,core,TRUE,
vloeitje,0.750675628854549,1,Brysbaert2014a,4.11,NA,core,TRUE,
luizen,0.750462837743021,2,Brysbaert2014a;Jasmin2012,6.155,NA,core,TRUE,
cichorei,0.749878733282517,1,Brysbaert2014a,4.1,NA,core,TRUE,
corsage,0.749878733282517,1,Brysbaert2014a,4.1,NA,core,TRUE,
drab,0.749878733282517,1,Brysbaert2014a,4.1,NA,core,TRUE,
geul,0.749878733282517,1,Brysbaert2014a,4.1,NA,core,TRUE,
griffel,0.749878733282517,1,Brysbaert2014a,4.1,NA,core,TRUE,
jekker,0.749878733282517,1,Brysbaert2014a,4.1,NA,core,TRUE,
klokkenstoel,0.749878733282517,1,Brysbaert2014a,4.1,NA,core,TRUE,
lebmaag,0.749878733282517,1,Brysbaert2014a,4.1,NA,core,TRUE,
menner,0.749878733282517,1,Brysbaert2014a,4.1,NA,core,TRUE,
wapenrok,0.749878733282517,1,Brysbaert2014a,4.1,NA,core,TRUE,
crucifix,0.749220428244751,1,Brysbaert2014a,4.09,NA,core,TRUE,
hospita,0.749220428244751,1,Brysbaert2014a,4.09,NA,core,TRUE,
paperback,0.749220428244751,1,Brysbaert2014a,4.09,NA,core,TRUE,
paraaf,0.749220428244751,1,Brysbaert2014a,4.09,NA,core,TRUE,
pekelbad,0.749220428244751,1,Brysbaert2014a,4.09,NA,core,TRUE,
pennenvrucht,0.749220428244751,1,Brysbaert2014a,4.09,NA,core,TRUE,
pommade,0.749220428244751,1,Brysbaert2014a,4.09,NA,core,TRUE,
spouw,0.749220428244751,1,Brysbaert2014a,4.09,NA,core,TRUE,
vlier,0.749220428244751,1,Brysbaert2014a,4.09,NA,core,TRUE,
tuin,0.749125271437509,2,Brysbaert2014a;Jasmin2012,6.18,NA,core,TRUE,
baal,0.748319589772019,1,Brysbaert2014a,4.08,NA,core,TRUE,
barak,0.748319589772019,1,Brysbaert2014a,4.08,NA,core,TRUE,
crawlen,0.748319589772019,1,Brysbaert2014a,4.08,NA,core,TRUE,
gasstel,0.748319589772019,1,Brysbaert2014a,4.08,NA,core,TRUE,
kaakje,0.748319589772019,1,Brysbaert2014a,4.08,NA,core,TRUE,
karbonade,0.748319589772019,1,Brysbaert2014a,4.08,NA,core,TRUE,
kauw,0.748319589772019,1,Brysbaert2014a,4.08,NA,core,TRUE,
kiel,0.748319589772019,1,Brysbaert2014a,4.08,NA,core,TRUE,
knokkel,0.748319589772019,1,Brysbaert2014a,4.08,NA,core,TRUE,
orgelman,0.748319589772019,1,Brysbaert2014a,4.08,NA,core,TRUE,
rijsttafel,0.748319589772019,1,Brysbaert2014a,4.08,NA,core,TRUE,
rivierbedding,0.748319589772019,1,Brysbaert2014a,4.08,NA,core,TRUE,
sirtaki,0.748319589772019,1,Brysbaert2014a,4.08,NA,core,TRUE,
spie,0.748319589772019,1,Brysbaert2014a,4.08,NA,core,TRUE,
stamboek,0.748319589772019,1,Brysbaert2014a,4.08,NA,core,TRUE,
trog,0.748319589772019,1,Brysbaert2014a,4.08,NA,core,TRUE,
tyfoon,0.748319589772019,1,Brysbaert2014a,4.08,NA,core,TRUE,
parfum,0.747781185416004,2,Brysbaert2014a;Jasmin2012,6.175,NA,core,TRUE,
trofee,0.746324680863007,2,Brysbaert2014a;Jasmin2012,6.165,NA,core,TRUE,
astronaut,0.744626419031709,2,Brysbaert2014a;Jasmin2012,6.165,NA,core,TRUE,
hoek,0.744626419031709,2,Brysbaert2014a;Jasmin2012,6.165,NA,core,TRUE,
lawine,0.744196956025323,2,Brysbaert2014a;Jasmin2012,6.165,NA,core,TRUE,
vuurwerk,0.744196956025323,2,Brysbaert2014a;Jasmin2012,6.165,NA,core,TRUE,
seks,0.743991305555121,2,Brysbaert2014a;Jasmin2012,6.15,NA,core,TRUE,
huisdier,0.743097576677448,2,Brysbaert2014a;Jasmin2012,6.115,NA,core,TRUE,
aai,0.740627815120227,1,Brysbaert2014a,4.07,NA,core,TRUE,
aanrijding,0.740627815120227,1,Brysbaert2014a,4.07,NA,core,TRUE,
aardewerk,0.740627815120227,1,Brysbaert2014a,4.07,NA,core,TRUE,
agente,0.740627815120227,1,Brysbaert2014a,4.07,NA,core,TRUE,
amfitheater,0.740627815120227,1,Brysbaert2014a,4.07,NA,core,TRUE,
antiekwinkel,0.740627815120227,1,Brysbaert2014a,4.07,NA,core,TRUE,
atelier,0.740627815120227,1,Brysbaert2014a,4.07,NA,core,TRUE,
autobom,0.740627815120227,1,Brysbaert2014a,4.07,NA,core,TRUE,
avondjurk,0.740627815120227,1,Brysbaert2014a,4.07,NA,core,TRUE,
baanvak,0.740627815120227,1,Brysbaert2014a,4.07,NA,core,TRUE,
badmeester,0.740627815120227,1,Brysbaert2014a,4.07,NA,core,TRUE,
balletles,0.740627815120227,1,Brysbaert2014a,4.07,NA,core,TRUE,
balsem,0.740627815120227,1,Brysbaert2014a,4.07,NA,core,TRUE,
balzaal,0.740627815120227,1,Brysbaert2014a,4.07,NA,core,TRUE,
bevalling,0.740627815120227,1,Brysbaert2014a,4.07,NA,core,TRUE,
bilnaad,0.740627815120227,1,Brysbaert2014a,4.07,NA,core,TRUE,
bistro,0.740627815120227,1,Brysbaert2014a,4.07,NA,core,TRUE,
bloedprop,0.740627815120227,1,Brysbaert2014a,4.07,NA,core,TRUE,
boeren,0.740627815120227,1,Brysbaert2014a,4.07,NA,core,TRUE,
bombardement,0.740627815120227,1,Brysbaert2014a,4.07,NA,core,TRUE,
bomma,0.740627815120227,1,Brysbaert2014a,4.07,NA,core,TRUE,
boogschutter,0.740627815120227,1,Brysbaert2014a,4.07,NA,core,TRUE,
botermelk,0.740627815120227,1,Brysbaert2014a,4.07,NA,core,TRUE,
boudoir,0.740627815120227,1,Brysbaert2014a,4.07,NA,core,TRUE,
bouwwerf,0.740627815120227,1,Brysbaert2014a,4.07,NA,core,TRUE,
box,0.740627815120227,1,Brysbaert2014a,4.07,NA,core,TRUE,
braille,0.740627815120227,1,Brysbaert2014a,4.07,NA,core,TRUE,
brandbom,0.740627815120227,1,Brysbaert2014a,4.07,NA,core,TRUE,
brandstof,0.740627815120227,1,Brysbaert2014a,4.07,NA,core,TRUE,
broedmachine,0.740627815120227,1,Brysbaert2014a,4.07,NA,core,TRUE,
cabine,0.740627815120227,1,Brysbaert2014a,4.07,NA,core,TRUE,
calculator,0.740627815120227,1,Brysbaert2014a,4.07,NA,core,TRUE,
camping,0.740627815120227,1,Brysbaert2014a,4.07,NA,core,TRUE,
cartoon,0.740627815120227,1,Brysbaert2014a,4.07,NA,core,TRUE,
collage,0.740627815120227,1,Brysbaert2014a,4.07,NA,core,TRUE,
condensatie,0.740627815120227,1,Brysbaert2014a,4.07,NA,core,TRUE,
cottage,0.740627815120227,1,Brysbaert2014a,4.07,NA,core,TRUE,
coupon,0.740627815120227,1,Brysbaert2014a,4.07,NA,core,TRUE,
dagblad,0.740627815120227,1,Brysbaert2014a,4.07,NA,core,TRUE,
diamantmijn,0.740627815120227,1,Brysbaert2014a,4.07,NA,core,TRUE,
dierenarts,0.740627815120227,1,Brysbaert2014a,4.07,NA,core,TRUE,
discobar,0.740627815120227,1,Brysbaert2014a,4.07,NA,core,TRUE,
discotheek,0.740627815120227,1,Brysbaert2014a,4.07,NA,core,TRUE,
draak,0.740627815120227,1,Brysbaert2014a,4.07,NA,core,TRUE,
drinkwater,0.740627815120227,1,Brysbaert2014a,4.07,NA,core,TRUE,
eierstok,0.740627815120227,1,Brysbaert2014a,4.07,NA,core,TRUE,
elektromotor,0.740627815120227,1,Brysbaert2014a,4.07,NA,core,TRUE,
email,0.740627815120227,1,Brysbaert2014a,4.07,NA,core,TRUE,
etage,0.740627815120227,1,Brysbaert2014a,4.07,NA,core,TRUE,
fax,0.740627815120227,1,Brysbaert2014a,4.07,NA,core,TRUE,
finish,0.740627815120227,1,Brysbaert2014a,4.07,NA,core,TRUE,
fotosessie,0.740627815120227,1,Brysbaert2014a,4.07,NA,core,TRUE,
galerie,0.740627815120227,1,Brysbaert2014a,4.07,NA,core,TRUE,
garnituur,0.740627815120227,1,Brysbaert2014a,4.07,NA,core,TRUE,
geldstuk,0.740627815120227,1,Brysbaert2014a,4.07,NA,core,TRUE,
getik,0.740627815120227,1,Brysbaert2014a,4.07,NA,core,TRUE,
geur,0.740627815120227,1,Brysbaert2014a,4.07,NA,core,TRUE,
geurtje,0.740627815120227,1,Brysbaert2014a,4.07,NA,core,TRUE,
gietvorm,0.740627815120227,1,Brysbaert2014a,4.07,NA,core,TRUE,
grafiek,0.740627815120227,1,Brysbaert2014a,4.07,NA,core,TRUE,
grasduinen,0.740627815120227,1,Brysbaert2014a,4.07,NA,core,TRUE,
greppel,0.740627815120227,1,Brysbaert2014a,4.07,NA,core,TRUE,
groenteman,0.740627815120227,1,Brysbaert2014a,4.07,NA,core,TRUE,
gruis,0.740627815120227,1,Brysbaert2014a,4.07,NA,core,TRUE,
haarkapper,0.740627815120227,1,Brysbaert2014a,4.07,NA,core,TRUE,
handbagage,0.740627815120227,1,Brysbaert2014a,4.07,NA,core,TRUE,
harddisk,0.740627815120227,1,Brysbaert2014a,4.07,NA,core,TRUE,
helling,0.740627815120227,1,Brysbaert2014a,4.07,NA,core,TRUE,
hersentumor,0.740627815120227,1,Brysbaert2014a,4.07,NA,core,TRUE,
holte,0.740627815120227,1,Brysbaert2014a,4.07,NA,core,TRUE,
hoofdsteun,0.740627815120227,1,Brysbaert2014a,4.07,NA,core,TRUE,
huizenblok,0.740627815120227,1,Brysbaert2014a,4.07,NA,core,TRUE,
huls,0.740627815120227,1,Brysbaert2014a,4.07,NA,core,TRUE,
ijskegel,0.740627815120227,1,Brysbaert2014a,4.07,NA,core,TRUE,
inbreker,0.740627815120227,1,Brysbaert2014a,4.07,NA,core,TRUE,
inworp,0.740627815120227,1,Brysbaert2014a,4.07,NA,core,TRUE,
jaarring,0.740627815120227,1,Brysbaert2014a,4.07,NA,core,TRUE,
jager,0.740627815120227,1,Brysbaert2014a,4.07,NA,core,TRUE,
jeugdherberg,0.740627815120227,1,Brysbaert2014a,4.07,NA,core,TRUE,
kanaal,0.740627815120227,1,Brysbaert2014a,4.07,NA,core,TRUE,
kantine,0.740627815120227,1,Brysbaert2014a,4.07,NA,core,TRUE,
kapje,0.740627815120227,1,Brysbaert2014a,4.07,NA,core,TRUE,
kapperszaak,0.740627815120227,1,Brysbaert2014a,4.07,NA,core,TRUE,
karaoke,0.740627815120227,1,Brysbaert2014a,4.07,NA,core,TRUE,
katheter,0.740627815120227,1,Brysbaert2014a,4.07,NA,core,TRUE,
keeshond,0.740627815120227,1,Brysbaert2014a,4.07,NA,core,TRUE,
keffertje,0.740627815120227,1,Brysbaert2014a,4.07,NA,core,TRUE,
keizersnede,0.740627815120227,1,Brysbaert2014a,4.07,NA,core,TRUE,
kernbom,0.740627815120227,1,Brysbaert2014a,4.07,NA,core,TRUE,
kerstdiner,0.740627815120227,1,Brysbaert2014a,4.07,NA,core,TRUE,
kiekendief,0.740627815120227,1,Brysbaert2014a,4.07,NA,core,TRUE,
kies,0.740627815120227,1,Brysbaert2014a,4.07,NA,core,TRUE,
kiestoon,0.740627815120227,1,Brysbaert2014a,4.07,NA,core,TRUE,
kinderkribbe,0.740627815120227,1,Brysbaert2014a,4.07,NA,core,TRUE,
kit,0.740627815120227,1,Brysbaert2014a,4.07,NA,core,TRUE,
klapband,0.740627815120227,1,Brysbaert2014a,4.07,NA,core,TRUE,
klas,0.740627815120227,1,Brysbaert2014a,4.07,NA,core,TRUE,
kleedkamer,0.740627815120227,1,Brysbaert2014a,4.07,NA,core,TRUE,
kleermaker,0.740627815120227,1,Brysbaert2014a,4.07,NA,core,TRUE,
klop,0.740627815120227,1,Brysbaert2014a,4.07,NA,core,TRUE,
knarsetanden,0.740627815120227,1,Brysbaert2014a,4.07,NA,core,TRUE,
kneuzing,0.740627815120227,1,Brysbaert2014a,4.07,NA,core,TRUE,
knijp,0.740627815120227,1,Brysbaert2014a,4.07,NA,core,TRUE,
koersen,0.740627815120227,1,Brysbaert2014a,4.07,NA,core,TRUE,
kolk,0.740627815120227,1,Brysbaert2014a,4.07,NA,core,TRUE,
krantenkop,0.740627815120227,1,Brysbaert2014a,4.07,NA,core,TRUE,
kroeshaar,0.740627815120227,1,Brysbaert2014a,4.07,NA,core,TRUE,
kruipen,0.740627815120227,1,Brysbaert2014a,4.07,NA,core,TRUE,
kruit,0.740627815120227,1,Brysbaert2014a,4.07,NA,core,TRUE,
krullenbol,0.740627815120227,1,Brysbaert2014a,4.07,NA,core,TRUE,
laboratorium,0.740627815120227,1,Brysbaert2014a,4.07,NA,core,TRUE,
landarbeider,0.740627815120227,1,Brysbaert2014a,4.07,NA,core,TRUE,
leer,0.740627815120227,1,Brysbaert2014a,4.07,NA,core,TRUE,
leeshoek,0.740627815120227,1,Brysbaert2014a,4.07,NA,core,TRUE,
lesboek,0.740627815120227,1,Brysbaert2014a,4.07,NA,core,TRUE,
lik,0.740627815120227,1,Brysbaert2014a,4.07,NA,core,TRUE,
luchter,0.740627815120227,1,Brysbaert2014a,4.07,NA,core,TRUE,
lunapark,0.740627815120227,1,Brysbaert2014a,4.07,NA,core,TRUE,
maaien,0.740627815120227,1,Brysbaert2014a,4.07,NA,core,TRUE,
maandstonden,0.740627815120227,1,Brysbaert2014a,4.07,NA,core,TRUE,
mangrove,0.740627815120227,1,Brysbaert2014a,4.07,NA,core,TRUE,
matglas,0.740627815120227,1,Brysbaert2014a,4.07,NA,core,TRUE,
melkerij,0.740627815120227,1,Brysbaert2014a,4.07,NA,core,TRUE,
messteek,0.740627815120227,1,Brysbaert2014a,4.07,NA,core,TRUE,
microchip,0.740627815120227,1,Brysbaert2014a,4.07,NA,core,TRUE,
modderpoel,0.740627815120227,1,Brysbaert2014a,4.07,NA,core,TRUE,
muziekles,0.740627815120227,1,Brysbaert2014a,4.07,NA,core,TRUE,
noodrem,0.740627815120227,1,Brysbaert2014a,4.07,NA,core,TRUE,
oker,0.740627815120227,1,Brysbaert2014a,4.07,NA,core,TRUE,
ondertitel,0.740627815120227,1,Brysbaert2014a,4.07,NA,core,TRUE,
oogcontact,0.740627815120227,1,Brysbaert2014a,4.07,NA,core,TRUE,
orthodontist,0.740627815120227,1,Brysbaert2014a,4.07,NA,core,TRUE,
pand,0.740627815120227,1,Brysbaert2014a,4.07,NA,core,TRUE,
parcours,0.740627815120227,1,Brysbaert2014a,4.07,NA,core,TRUE,
parket,0.740627815120227,1,Brysbaert2014a,4.07,NA,core,TRUE,
perk,0.740627815120227,1,Brysbaert2014a,4.07,NA,core,TRUE,
pikzwart,0.740627815120227,1,Brysbaert2014a,4.07,NA,core,TRUE,
pinker,0.740627815120227,1,Brysbaert2014a,4.07,NA,core,TRUE,
plastiek,0.740627815120227,1,Brysbaert2014a,4.07,NA,core,TRUE,
plensbui,0.740627815120227,1,Brysbaert2014a,4.07,NA,core,TRUE,
poepen,0.740627815120227,1,Brysbaert2014a,4.07,NA,core,TRUE,
poëziealbum,0.740627815120227,1,Brysbaert2014a,4.07,NA,core,TRUE,
pokerspel,0.740627815120227,1,Brysbaert2014a,4.07,NA,core,TRUE,
porren,0.740627815120227,1,Brysbaert2014a,4.07,NA,core,TRUE,
porseleinen,0.740627815120227,1,Brysbaert2014a,4.07,NA,core,TRUE,
pottenbakker,0.740627815120227,1,Brysbaert2014a,4.07,NA,core,TRUE,
printen,0.740627815120227,1,Brysbaert2014a,4.07,NA,core,TRUE,
prostaat,0.740627815120227,1,Brysbaert2014a,4.07,NA,core,TRUE,
puin,0.740627815120227,1,Brysbaert2014a,4.07,NA,core,TRUE,
raamwerk,0.740627815120227,1,Brysbaert2014a,4.07,NA,core,TRUE,
ratel,0.740627815120227,1,Brysbaert2014a,4.07,NA,core,TRUE,
rechthoek,0.740627815120227,1,Brysbaert2014a,4.07,NA,core,TRUE,
reserveband,0.740627815120227,1,Brysbaert2014a,4.07,NA,core,TRUE,
ribbel,0.740627815120227,1,Brysbaert2014a,4.07,NA,core,TRUE,
rijtje,0.740627815120227,1,Brysbaert2014a,4.07,NA,core,TRUE,
roman,0.740627815120227,1,Brysbaert2014a,4.07,NA,core,TRUE,
roofvogel,0.740627815120227,1,Brysbaert2014a,4.07,NA,core,TRUE,
rookbom,0.740627815120227,1,Brysbaert2014a,4.07,NA,core,TRUE,
ruggenmerg,0.740627815120227,1,Brysbaert2014a,4.07,NA,core,TRUE,
ruimtevaarder,0.740627815120227,1,Brysbaert2014a,4.07,NA,core,TRUE,
ruiter,0.740627815120227,1,Brysbaert2014a,4.07,NA,core,TRUE,
rusthuis,0.740627815120227,1,Brysbaert2014a,4.07,NA,core,TRUE,
scheidsrechter,0.740627815120227,1,Brysbaert2014a,4.07,NA,core,TRUE,
schepen,0.740627815120227,1,Brysbaert2014a,4.07,NA,core,TRUE,
schooltuin,0.740627815120227,1,Brysbaert2014a,4.07,NA,core,TRUE,
schroothoop,0.740627815120227,1,Brysbaert2014a,4.07,NA,core,TRUE,
slaag,0.740627815120227,1,Brysbaert2014a,4.07,NA,core,TRUE,
slachter,0.740627815120227,1,Brysbaert2014a,4.07,NA,core,TRUE,
slaper,0.740627815120227,1,Brysbaert2014a,4.07,NA,core,TRUE,
smid,0.740627815120227,1,Brysbaert2014a,4.07,NA,core,TRUE,
snoepwinkel,0.740627815120227,1,Brysbaert2014a,4.07,NA,core,TRUE,
soes,0.740627815120227,1,Brysbaert2014a,4.07,NA,core,TRUE,
spiraaltje,0.740627815120227,1,Brysbaert2014a,4.07,NA,core,TRUE,
sportman,0.740627815120227,1,Brysbaert2014a,4.07,NA,core,TRUE,
sproeier,0.740627815120227,1,Brysbaert2014a,4.07,NA,core,TRUE,
staalfabriek,0.740627815120227,1,Brysbaert2014a,4.07,NA,core,TRUE,
stoelgang,0.740627815120227,1,Brysbaert2014a,4.07,NA,core,TRUE,
stoffen,0.740627815120227,1,Brysbaert2014a,4.07,NA,core,TRUE,
strippen,0.740627815120227,1,Brysbaert2014a,4.07,NA,core,TRUE,
strohalm,0.740627815120227,1,Brysbaert2014a,4.07,NA,core,TRUE,
tabel,0.740627815120227,1,Brysbaert2014a,4.07,NA,core,TRUE,
tango,0.740627815120227,1,Brysbaert2014a,4.07,NA,core,TRUE,
tap,0.740627815120227,1,Brysbaert2014a,4.07,NA,core,TRUE,
tasten,0.740627815120227,1,Brysbaert2014a,4.07,NA,core,TRUE,
topless,0.740627815120227,1,Brysbaert2014a,4.07,NA,core,TRUE,
trio,0.740627815120227,1,Brysbaert2014a,4.07,NA,core,TRUE,
tromgeroffel,0.740627815120227,1,Brysbaert2014a,4.07,NA,core,TRUE,
tuinier,0.740627815120227,1,Brysbaert2014a,4.07,NA,core,TRUE,
vlechten,0.740627815120227,1,Brysbaert2014a,4.07,NA,core,TRUE,
vluchtheuvel,0.740627815120227,1,Brysbaert2014a,4.07,NA,core,TRUE,
voering,0.740627815120227,1,Brysbaert2014a,4.07,NA,core,TRUE,
voetganger,0.740627815120227,1,Brysbaert2014a,4.07,NA,core,TRUE,
vuurbal,0.740627815120227,1,Brysbaert2014a,4.07,NA,core,TRUE,
werkpak,0.740627815120227,1,Brysbaert2014a,4.07,NA,core,TRUE,
windmeter,0.740627815120227,1,Brysbaert2014a,4.07,NA,core,TRUE,
winkelhaak,0.740627815120227,1,Brysbaert2014a,4.07,NA,core,TRUE,
wolletje,0.740627815120227,1,Brysbaert2014a,4.07,NA,core,TRUE,
zandbank,0.740627815120227,1,Brysbaert2014a,4.07,NA,core,TRUE,
zeelucht,0.740627815120227,1,Brysbaert2014a,4.07,NA,core,TRUE,
zeeslag,0.740627815120227,1,Brysbaert2014a,4.07,NA,core,TRUE,
ziekbed,0.740627815120227,1,Brysbaert2014a,4.07,NA,core,TRUE,
zwelling,0.740627815120227,1,Brysbaert2014a,4.07,NA,core,TRUE,
wind,0.740612726634642,2,Brysbaert2014a;Jasmin2012,6.15,NA,core,TRUE,
ijzer,0.7391677092003,2,Brysbaert2014a;Jasmin2012,6.12,NA,core,TRUE,
diploma,0.7391338377234,2,Brysbaert2014a;Jasmin2012,6.075,NA,core,TRUE,
gereedschap,0.735288881785503,2,Brysbaert2014a;Jasmin2012,6.135,NA,core,TRUE,
tijdschrift,0.735288881785503,2,Brysbaert2014a;Jasmin2012,6.135,NA,core,TRUE,
geslachtsgemeenschap,0.734767025089606,1,Jasmin2012,8.2,NA,core,TRUE,
waterval,0.732490992236198,2,Brysbaert2014a;Jasmin2012,6.045,NA,core,TRUE,
cadeau,0.73189685983157,2,Brysbaert2014a;Jasmin2012,6.1,NA,core,TRUE,
koning,0.731096269753808,2,Brysbaert2014a;Jasmin2012,6.07,NA,core,TRUE,
stortplaats,0.728758330644727,2,Brysbaert2014a;Jasmin2012,6.1,NA,core,TRUE,
bruid,0.727205893127822,2,Brysbaert2014a;Jasmin2012,6.1,NA,core,TRUE,
jarretel,0.727120609033371,2,Brysbaert2014a;Jasmin2012,6.03,NA,core,TRUE,
maag,0.726622906332917,2,Brysbaert2014a;Jasmin2012,6.08,NA,core,TRUE,
zomerhuisje,0.723118279569892,1,Jasmin2012,8.17,NA,core,TRUE,
aanraking,0.722749636199848,1,Brysbaert2014a,4,NA,core,TRUE,
abces,0.722749636199848,1,Brysbaert2014a,4,NA,core,TRUE,
afdruk,0.722749636199848,1,Brysbaert2014a,4,NA,core,TRUE,
aftrekker,0.722749636199848,1,Brysbaert2014a,4,NA,core,TRUE,
agenda,0.722749636199848,1,Brysbaert2014a,4,NA,core,TRUE,
akelei,0.722749636199848,1,Brysbaert2014a,4,NA,core,TRUE,
anemoon,0.722749636199848,1,Brysbaert2014a,4,NA,core,TRUE,
apotheker,0.722749636199848,1,Brysbaert2014a,4,NA,core,TRUE,
appendix,0.722749636199848,1,Brysbaert2014a,4,NA,core,TRUE,
asterisk,0.722749636199848,1,Brysbaert2014a,4,NA,core,TRUE,
atjar,0.722749636199848,1,Brysbaert2014a,4,NA,core,TRUE,
atoomwapen,0.722749636199848,1,Brysbaert2014a,4,NA,core,TRUE,
automaat,0.722749636199848,1,Brysbaert2014a,4,NA,core,TRUE,
automonteur,0.722749636199848,1,Brysbaert2014a,4,NA,core,TRUE,
autopapieren,0.722749636199848,1,Brysbaert2014a,4,NA,core,TRUE,
avondkleding,0.722749636199848,1,Brysbaert2014a,4,NA,core,TRUE,
babysitter,0.722749636199848,1,Brysbaert2014a,4,NA,core,TRUE,
badhuis,0.722749636199848,1,Brysbaert2014a,4,NA,core,TRUE,
badplaats,0.722749636199848,1,Brysbaert2014a,4,NA,core,TRUE,
balkenbrij,0.722749636199848,1,Brysbaert2014a,4,NA,core,TRUE,
balts,0.722749636199848,1,Brysbaert2014a,4,NA,core,TRUE,
barzoi,0.722749636199848,1,Brysbaert2014a,4,NA,core,TRUE,
batikken,0.722749636199848,1,Brysbaert2014a,4,NA,core,TRUE,
beenbreuk,0.722749636199848,1,Brysbaert2014a,4,NA,core,TRUE,
beenhouwer,0.722749636199848,1,Brysbaert2014a,4,NA,core,TRUE,
bemesting,0.722749636199848,1,Brysbaert2014a,4,NA,core,TRUE,
bibber,0.722749636199848,1,Brysbaert2014a,4,NA,core,TRUE,
bijnier,0.722749636199848,1,Brysbaert2014a,4,NA,core,TRUE,
biljarter,0.722749636199848,1,Brysbaert2014a,4,NA,core,TRUE,
blocnote,0.722749636199848,1,Brysbaert2014a,4,NA,core,TRUE,
bloedcel,0.722749636199848,1,Brysbaert2014a,4,NA,core,TRUE,
bloeden,0.722749636199848,1,Brysbaert2014a,4,NA,core,TRUE,
bloedhond,0.722749636199848,1,Brysbaert2014a,4,NA,core,TRUE,
boekenlijst,0.722749636199848,1,Brysbaert2014a,4,NA,core,TRUE,
boenen,0.722749636199848,1,Brysbaert2014a,4,NA,core,TRUE,
bokser,0.722749636199848,1,Brysbaert2014a,4,NA,core,TRUE,
bon,0.722749636199848,1,Brysbaert2014a,4,NA,core,TRUE,
boottocht,0.722749636199848,1,Brysbaert2014a,4,NA,core,TRUE,
bordes,0.722749636199848,1,Brysbaert2014a,4,NA,core,TRUE,
borstplaat,0.722749636199848,1,Brysbaert2014a,4,NA,core,TRUE,
bougie,0.722749636199848,1,Brysbaert2014a,4,NA,core,TRUE,
brandweer,0.722749636199848,1,Brysbaert2014a,4,NA,core,TRUE,
brouwerij,0.722749636199848,1,Brysbaert2014a,4,NA,core,TRUE,
bruis,0.722749636199848,1,Brysbaert2014a,4,NA,core,TRUE,
buigen,0.722749636199848,1,Brysbaert2014a,4,NA,core,TRUE,
buit,0.722749636199848,1,Brysbaert2014a,4,NA,core,TRUE,
buizen,0.722749636199848,1,Brysbaert2014a,4,NA,core,TRUE,
bunzing,0.722749636199848,1,Brysbaert2014a,4,NA,core,TRUE,
butler,0.722749636199848,1,Brysbaert2014a,4,NA,core,TRUE,
buurjongen,0.722749636199848,1,Brysbaert2014a,4,NA,core,TRUE,
carrosserie,0.722749636199848,1,Brysbaert2014a,4,NA,core,TRUE,
celluloid,0.722749636199848,1,Brysbaert2014a,4,NA,core,TRUE,
chassis,0.722749636199848,1,Brysbaert2014a,4,NA,core,TRUE,
chemisier,0.722749636199848,1,Brysbaert2014a,4,NA,core,TRUE,
chirurg,0.722749636199848,1,Brysbaert2014a,4,NA,core,TRUE,
circus,0.722749636199848,1,Brysbaert2014a,4,NA,core,TRUE,
clitoris,0.722749636199848,1,Brysbaert2014a,4,NA,core,TRUE,
cokes,0.722749636199848,1,Brysbaert2014a,4,NA,core,TRUE,
colonne,0.722749636199848,1,Brysbaert2014a,4,NA,core,TRUE,
corduroy,0.722749636199848,1,Brysbaert2014a,4,NA,core,TRUE,
corps,0.722749636199848,1,Brysbaert2014a,4,NA,core,TRUE,
coulisse,0.722749636199848,1,Brysbaert2014a,4,NA,core,TRUE,
coupé,0.722749636199848,1,Brysbaert2014a,4,NA,core,TRUE,
cover,0.722749636199848,1,Brysbaert2014a,4,NA,core,TRUE,
crematorium,0.722749636199848,1,Brysbaert2014a,4,NA,core,TRUE,
cyclocross,0.722749636199848,1,Brysbaert2014a,4,NA,core,TRUE,
cyste,0.722749636199848,1,Brysbaert2014a,4,NA,core,TRUE,
dame,0.722749636199848,1,Brysbaert2014a,4,NA,core,TRUE,
darmwand,0.722749636199848,1,Brysbaert2014a,4,NA,core,TRUE,
dissel,0.722749636199848,1,Brysbaert2014a,4,NA,core,TRUE,
dompteur,0.722749636199848,1,Brysbaert2014a,4,NA,core,TRUE,
douw,0.722749636199848,1,Brysbaert2014a,4,NA,core,TRUE,
draai,0.722749636199848,1,Brysbaert2014a,4,NA,core,TRUE,
drachme,0.722749636199848,1,Brysbaert2014a,4,NA,core,TRUE,
dragonder,0.722749636199848,1,Brysbaert2014a,4,NA,core,TRUE,
drieling,0.722749636199848,1,Brysbaert2014a,4,NA,core,TRUE,
drug,0.722749636199848,1,Brysbaert2014a,4,NA,core,TRUE,
duister,0.722749636199848,1,Brysbaert2014a,4,NA,core,TRUE,
eindstreep,0.722749636199848,1,Brysbaert2014a,4,NA,core,TRUE,
etentje,0.722749636199848,1,Brysbaert2014a,4,NA,core,TRUE,
flesvoeding,0.722749636199848,1,Brysbaert2014a,4,NA,core,TRUE,
flox,0.722749636199848,1,Brysbaert2014a,4,NA,core,TRUE,
fooi,0.722749636199848,1,Brysbaert2014a,4,NA,core,TRUE,
funerarium,0.722749636199848,1,Brysbaert2014a,4,NA,core,TRUE,
galop,0.722749636199848,1,Brysbaert2014a,4,NA,core,TRUE,
gasbel,0.722749636199848,1,Brysbaert2014a,4,NA,core,TRUE,
gaskamer,0.722749636199848,1,Brysbaert2014a,4,NA,core,TRUE,
geigerteller,0.722749636199848,1,Brysbaert2014a,4,NA,core,TRUE,
gejank,0.722749636199848,1,Brysbaert2014a,4,NA,core,TRUE,
gekrijs,0.722749636199848,1,Brysbaert2014a,4,NA,core,TRUE,
gelach,0.722749636199848,1,Brysbaert2014a,4,NA,core,TRUE,
generator,0.722749636199848,1,Brysbaert2014a,4,NA,core,TRUE,
genster,0.722749636199848,1,Brysbaert2014a,4,NA,core,TRUE,
geus,0.722749636199848,1,Brysbaert2014a,4,NA,core,TRUE,
gifkikker,0.722749636199848,1,Brysbaert2014a,4,NA,core,TRUE,
glans,0.722749636199848,1,Brysbaert2014a,4,NA,core,TRUE,
glaswerk,0.722749636199848,1,Brysbaert2014a,4,NA,core,TRUE,
golfclub,0.722749636199848,1,Brysbaert2014a,4,NA,core,TRUE,
gouache,0.722749636199848,1,Brysbaert2014a,4,NA,core,TRUE,
graver,0.722749636199848,1,Brysbaert2014a,4,NA,core,TRUE,
groef,0.722749636199848,1,Brysbaert2014a,4,NA,core,TRUE,
guano,0.722749636199848,1,Brysbaert2014a,4,NA,core,TRUE,
gymnasium,0.722749636199848,1,Brysbaert2014a,4,NA,core,TRUE,
hardrijden,0.722749636199848,1,Brysbaert2014a,4,NA,core,TRUE,
haviksneus,0.722749636199848,1,Brysbaert2014a,4,NA,core,TRUE,
hersenstam,0.722749636199848,1,Brysbaert2014a,4,NA,core,TRUE,
hockey,0.722749636199848,1,Brysbaert2014a,4,NA,core,TRUE,
hoeder,0.722749636199848,1,Brysbaert2014a,4,NA,core,TRUE,
homobar,0.722749636199848,1,Brysbaert2014a,4,NA,core,TRUE,
hoogzwanger,0.722749636199848,1,Brysbaert2014a,4,NA,core,TRUE,
hork,0.722749636199848,1,Brysbaert2014a,4,NA,core,TRUE,
houtje,0.722749636199848,1,Brysbaert2014a,4,NA,core,TRUE,
huik,0.722749636199848,1,Brysbaert2014a,4,NA,core,TRUE,
jodelen,0.722749636199848,1,Brysbaert2014a,4,NA,core,TRUE,
jute,0.722749636199848,1,Brysbaert2014a,4,NA,core,TRUE,
kaatsen,0.722749636199848,1,Brysbaert2014a,4,NA,core,TRUE,
kantoortuin,0.722749636199848,1,Brysbaert2014a,4,NA,core,TRUE,
kartuizer,0.722749636199848,1,Brysbaert2014a,4,NA,core,TRUE,
katheder,0.722749636199848,1,Brysbaert2014a,4,NA,core,TRUE,
keizersnee,0.722749636199848,1,Brysbaert2014a,4,NA,core,TRUE,
keramiek,0.722749636199848,1,Brysbaert2014a,4,NA,core,TRUE,
ketjap,0.722749636199848,1,Brysbaert2014a,4,NA,core,TRUE,
kijker,0.722749636199848,1,Brysbaert2014a,4,NA,core,TRUE,
kikvorsman,0.722749636199848,1,Brysbaert2014a,4,NA,core,TRUE,
kindermeisje,0.722749636199848,1,Brysbaert2014a,4,NA,core,TRUE,
kippenvel,0.722749636199848,1,Brysbaert2014a,4,NA,core,TRUE,
klappertanden,0.722749636199848,1,Brysbaert2014a,4,NA,core,TRUE,
klep,0.722749636199848,1,Brysbaert2014a,4,NA,core,TRUE,
klets,0.722749636199848,1,Brysbaert2014a,4,NA,core,TRUE,
klever,0.722749636199848,1,Brysbaert2014a,4,NA,core,TRUE,
klik,0.722749636199848,1,Brysbaert2014a,4,NA,core,TRUE,
klim,0.722749636199848,1,Brysbaert2014a,4,NA,core,TRUE,
knalpijp,0.722749636199848,1,Brysbaert2014a,4,NA,core,TRUE,
koddebeier,0.722749636199848,1,Brysbaert2014a,4,NA,core,TRUE,
komma,0.722749636199848,1,Brysbaert2014a,4,NA,core,TRUE,
koolzuur,0.722749636199848,1,Brysbaert2014a,4,NA,core,TRUE,
koran,0.722749636199848,1,Brysbaert2014a,4,NA,core,TRUE,
kouten,0.722749636199848,1,Brysbaert2014a,4,NA,core,TRUE,
kozijn,0.722749636199848,1,Brysbaert2014a,4,NA,core,TRUE,
kreunen,0.722749636199848,1,Brysbaert2014a,4,NA,core,TRUE,
krop,0.722749636199848,1,Brysbaert2014a,4,NA,core,TRUE,
kuilen,0.722749636199848,1,Brysbaert2014a,4,NA,core,TRUE,
kwarts,0.722749636199848,1,Brysbaert2014a,4,NA,core,TRUE,
landauer,0.722749636199848,1,Brysbaert2014a,4,NA,core,TRUE,
lans,0.722749636199848,1,Brysbaert2014a,4,NA,core,TRUE,
lap,0.722749636199848,1,Brysbaert2014a,4,NA,core,TRUE,
lauwerkrans,0.722749636199848,1,Brysbaert2014a,4,NA,core,TRUE,
legbatterij,0.722749636199848,1,Brysbaert2014a,4,NA,core,TRUE,
lerarenkamer,0.722749636199848,1,Brysbaert2014a,4,NA,core,TRUE,
living,0.722749636199848,1,Brysbaert2014a,4,NA,core,TRUE,
lommer,0.722749636199848,1,Brysbaert2014a,4,NA,core,TRUE,
loonfiche,0.722749636199848,1,Brysbaert2014a,4,NA,core,TRUE,
loopvogel,0.722749636199848,1,Brysbaert2014a,4,NA,core,TRUE,
lunch,0.722749636199848,1,Brysbaert2014a,4,NA,core,TRUE,
mager,0.722749636199848,1,Brysbaert2014a,4,NA,core,TRUE,
mandril,0.722749636199848,1,Brysbaert2014a,4,NA,core,TRUE,
maquillage,0.722749636199848,1,Brysbaert2014a,4,NA,core,TRUE,
marionet,0.722749636199848,1,Brysbaert2014a,4,NA,core,TRUE,
masseur,0.722749636199848,1,Brysbaert2014a,4,NA,core,TRUE,
matrijs,0.722749636199848,1,Brysbaert2014a,4,NA,core,TRUE,
matse,0.722749636199848,1,Brysbaert2014a,4,NA,core,TRUE,
mauwen,0.722749636199848,1,Brysbaert2014a,4,NA,core,TRUE,
melkboer,0.722749636199848,1,Brysbaert2014a,4,NA,core,TRUE,
meppen,0.722749636199848,1,Brysbaert2014a,4,NA,core,TRUE,
mesten,0.722749636199848,1,Brysbaert2014a,4,NA,core,TRUE,
metworst,0.722749636199848,1,Brysbaert2014a,4,NA,core,TRUE,
minteken,0.722749636199848,1,Brysbaert2014a,4,NA,core,TRUE,
moederkoek,0.722749636199848,1,Brysbaert2014a,4,NA,core,TRUE,
motel,0.722749636199848,1,Brysbaert2014a,4,NA,core,TRUE,
mud,0.722749636199848,1,Brysbaert2014a,4,NA,core,TRUE,
multomap,0.722749636199848,1,Brysbaert2014a,4,NA,core,TRUE,
muntje,0.722749636199848,1,Brysbaert2014a,4,NA,core,TRUE,
myopie,0.722749636199848,1,Brysbaert2014a,4,NA,core,TRUE,
nachtclub,0.722749636199848,1,Brysbaert2014a,4,NA,core,TRUE,
nakie,0.722749636199848,1,Brysbaert2014a,4,NA,core,TRUE,
nota,0.722749636199848,1,Brysbaert2014a,4,NA,core,TRUE,
olienoot,0.722749636199848,1,Brysbaert2014a,4,NA,core,TRUE,
oliesel,0.722749636199848,1,Brysbaert2014a,4,NA,core,TRUE,
oliesjeik,0.722749636199848,1,Brysbaert2014a,4,NA,core,TRUE,
onderbuik,0.722749636199848,1,Brysbaert2014a,4,NA,core,TRUE,
ooghoek,0.722749636199848,1,Brysbaert2014a,4,NA,core,TRUE,
oorsuizen,0.722749636199848,1,Brysbaert2014a,4,NA,core,TRUE,
oplegger,0.722749636199848,1,Brysbaert2014a,4,NA,core,TRUE,
opvangcentrum,0.722749636199848,1,Brysbaert2014a,4,NA,core,TRUE,
pakijs,0.722749636199848,1,Brysbaert2014a,4,NA,core,TRUE,
pap,0.722749636199848,1,Brysbaert2014a,4,NA,core,TRUE,
passim,0.722749636199848,1,Brysbaert2014a,4,NA,core,TRUE,
pasteitje,0.722749636199848,1,Brysbaert2014a,4,NA,core,TRUE,
patisserie,0.722749636199848,1,Brysbaert2014a,4,NA,core,TRUE,
paus,0.722749636199848,1,Brysbaert2014a,4,NA,core,TRUE,
pauzetoets,0.722749636199848,1,Brysbaert2014a,4,NA,core,TRUE,
peepshow,0.722749636199848,1,Brysbaert2014a,4,NA,core,TRUE,
peloton,0.722749636199848,1,Brysbaert2014a,4,NA,core,FALSE,
penoze,0.722749636199848,1,Brysbaert2014a,4,NA,core,FALSE,
pentagram,0.722749636199848,1,Brysbaert2014a,4,NA,core,FALSE,
perforatie,0.722749636199848,1,Brysbaert2014a,4,NA,core,FALSE,
persmuskiet,0.722749636199848,1,Brysbaert2014a,4,NA,core,FALSE,
peseta,0.722749636199848,1,Brysbaert2014a,4,NA,core,FALSE,
pijpen,0.722749636199848,1,Brysbaert2014a,4,NA,core,FALSE,
piraten,0.722749636199848,1,Brysbaert2014a,4,NA,core,FALSE,
plak,0.722749636199848,1,Brysbaert2014a,4,NA,core,FALSE,
plateau,0.722749636199848,1,Brysbaert2014a,4,NA,core,FALSE,
plons,0.722749636199848,1,Brysbaert2014a,4,NA,core,FALSE,
pof,0.722749636199848,1,Brysbaert2014a,4,NA,core,FALSE,
polka,0.722749636199848,1,Brysbaert2014a,4,NA,core,FALSE,
pompier,0.722749636199848,1,Brysbaert2014a,4,NA,core,FALSE,
pon,0.722749636199848,1,Brysbaert2014a,4,NA,core,FALSE,
pook,0.722749636199848,1,Brysbaert2014a,4,NA,core,FALSE,
pootjebaden,0.722749636199848,1,Brysbaert2014a,4,NA,core,FALSE,
prisma,0.722749636199848,1,Brysbaert2014a,4,NA,core,FALSE,
pub,0.722749636199848,1,Brysbaert2014a,4,NA,core,FALSE,
pygmee,0.722749636199848,1,Brysbaert2014a,4,NA,core,FALSE,
rag,0.722749636199848,1,Brysbaert2014a,4,NA,core,FALSE,
rakel,0.722749636199848,1,Brysbaert2014a,4,NA,core,FALSE,
rally,0.722749636199848,1,Brysbaert2014a,4,NA,core,FALSE,
rashond,0.722749636199848,1,Brysbaert2014a,4,NA,core,FALSE,
ratelaar,0.722749636199848,1,Brysbaert2014a,4,NA,core,FALSE,
repro,0.722749636199848,1,Brysbaert2014a,4,NA,core,FALSE,
rij,0.722749636199848,1,Brysbaert2014a,4,NA,core,FALSE,
rijnaak,0.722749636199848,1,Brysbaert2014a,4,NA,core,FALSE,
roef,0.722749636199848,1,Brysbaert2014a,4,NA,core,FALSE,
roestbruin,0.722749636199848,1,Brysbaert2014a,4,NA,core,FALSE,
rol,0.722749636199848,1,Brysbaert2014a,4,NA,core,FALSE,
rooilijn,0.722749636199848,1,Brysbaert2014a,4,NA,core,FALSE,
ruiterij,0.722749636199848,1,Brysbaert2014a,4,NA,core,FALSE,
savanne,0.722749636199848,1,Brysbaert2014a,4,NA,core,FALSE,
schaatser,0.722749636199848,1,Brysbaert2014a,4,NA,core,FALSE,
schedelbreuk,0.722749636199848,1,Brysbaert2014a,4,NA,core,FALSE,
schoener,0.722749636199848,1,Brysbaert2014a,4,NA,core,FALSE,
schrijnwerker,0.722749636199848,1,Brysbaert2014a,4,NA,core,FALSE,
schuimkop,0.722749636199848,1,Brysbaert2014a,4,NA,core,FALSE,
schuiven,0.722749636199848,1,Brysbaert2014a,4,NA,core,FALSE,
seismograaf,0.722749636199848,1,Brysbaert2014a,4,NA,core,FALSE,
sinjeur,0.722749636199848,1,Brysbaert2014a,4,NA,core,FALSE,
sinjoor,0.722749636199848,1,Brysbaert2014a,4,NA,core,FALSE,
skiff,0.722749636199848,1,Brysbaert2014a,4,NA,core,FALSE,
sliding,0.722749636199848,1,Brysbaert2014a,4,NA,core,FALSE,
slijmvlies,0.722749636199848,1,Brysbaert2014a,4,NA,core,FALSE,
smederij,0.722749636199848,1,Brysbaert2014a,4,NA,core,FALSE,
smog,0.722749636199848,1,Brysbaert2014a,4,NA,core,FALSE,
snack,0.722749636199848,1,Brysbaert2014a,4,NA,core,FALSE,
solfer,0.722749636199848,1,Brysbaert2014a,4,NA,core,FALSE,
spatlap,0.722749636199848,1,Brysbaert2014a,4,NA,core,FALSE,
spoorboom,0.722749636199848,1,Brysbaert2014a,4,NA,core,FALSE,
stadhuis,0.722749636199848,1,Brysbaert2014a,4,NA,core,FALSE,
stoptrein,0.722749636199848,1,Brysbaert2014a,4,NA,core,FALSE,
stopverf,0.722749636199848,1,Brysbaert2014a,4,NA,core,FALSE,
stormram,0.722749636199848,1,Brysbaert2014a,4,NA,core,FALSE,
stremsel,0.722749636199848,1,Brysbaert2014a,4,NA,core,FALSE,
stripper,0.722749636199848,1,Brysbaert2014a,4,NA,core,FALSE,
strotje,0.722749636199848,1,Brysbaert2014a,4,NA,core,FALSE,
stukadoor,0.722749636199848,1,Brysbaert2014a,4,NA,core,FALSE,
stuwadoor,0.722749636199848,1,Brysbaert2014a,4,NA,core,FALSE,
surfer,0.722749636199848,1,Brysbaert2014a,4,NA,core,FALSE,
takel,0.722749636199848,1,Brysbaert2014a,4,NA,core,FALSE,
tamboer,0.722749636199848,1,Brysbaert2014a,4,NA,core,FALSE,
tapir,0.722749636199848,1,Brysbaert2014a,4,NA,core,FALSE,
teflon,0.722749636199848,1,Brysbaert2014a,4,NA,core,FALSE,
tekenaar,0.722749636199848,1,Brysbaert2014a,4,NA,core,FALSE,
tijdklok,0.722749636199848,1,Brysbaert2014a,4,NA,core,FALSE,
tik,0.722749636199848,1,Brysbaert2014a,4,NA,core,FALSE,
ton,0.722749636199848,1,Brysbaert2014a,4,NA,core,FALSE,
tra,0.722749636199848,1,Brysbaert2014a,4,NA,core,FALSE,
trekijzer,0.722749636199848,1,Brysbaert2014a,4,NA,core,FALSE,
uitstulping,0.722749636199848,1,Brysbaert2014a,4,NA,core,FALSE,
vechtpartij,0.722749636199848,1,Brysbaert2014a,4,NA,core,FALSE,
veder,0.722749636199848,1,Brysbaert2014a,4,NA,core,FALSE,
vendel,0.722749636199848,1,Brysbaert2014a,4,NA,core,FALSE,
verhoorkamer,0.722749636199848,1,Brysbaert2014a,4,NA,core,FALSE,
verloskamer,0.722749636199848,1,Brysbaert2014a,4,NA,core,FALSE,
verzorgster,0.722749636199848,1,Brysbaert2014a,4,NA,core,FALSE,
vibratie,0.722749636199848,1,Brysbaert2014a,4,NA,core,FALSE,
viervoeter,0.722749636199848,1,Brysbaert2014a,4,NA,core,FALSE,
vilbeluik,0.722749636199848,1,Brysbaert2014a,4,NA,core,FALSE,
vleugelmoer,0.722749636199848,1,Brysbaert2014a,4,NA,core,FALSE,
vliering,0.722749636199848,1,Brysbaert2014a,4,NA,core,FALSE,
vloerbedekking,0.722749636199848,1,Brysbaert2014a,4,NA,core,FALSE,
voeding,0.722749636199848,1,Brysbaert2014a,4,NA,core,FALSE,
voedselbon,0.722749636199848,1,Brysbaert2014a,4,NA,core,FALSE,
voetangel,0.722749636199848,1,Brysbaert2014a,4,NA,core,FALSE,
voile,0.722749636199848,1,Brysbaert2014a,4,NA,core,FALSE,
vredespijp,0.722749636199848,1,Brysbaert2014a,4,NA,core,FALSE,
vrucht,0.722749636199848,1,Brysbaert2014a,4,NA,core,FALSE,
vuilnisman,0.722749636199848,1,Brysbaert2014a,4,NA,core,FALSE,
waddeneiland,0.722749636199848,1,Brysbaert2014a,4,NA,core,FALSE,
waterlanders,0.722749636199848,1,Brysbaert2014a,4,NA,core,FALSE,
watje,0.722749636199848,1,Brysbaert2014a,4,NA,core,FALSE,
weerhaak,0.722749636199848,1,Brysbaert2014a,4,NA,core,FALSE,
wegen,0.722749636199848,1,Brysbaert2014a,4,NA,core,FALSE,
wielrijder,0.722749636199848,1,Brysbaert2014a,4,NA,core,FALSE,
wikkel,0.722749636199848,1,Brysbaert2014a,4,NA,core,FALSE,
wrakstuk,0.722749636199848,1,Brysbaert2014a,4,NA,core,FALSE,
zagerij,0.722749636199848,1,Brysbaert2014a,4,NA,core,FALSE,
zanger,0.722749636199848,1,Brysbaert2014a,4,NA,core,FALSE,
zoutje,0.722749636199848,1,Brysbaert2014a,4,NA,core,FALSE,
bar,0.71914137699879,2,Brysbaert2014a;Jasmin2012,6.055,NA,core,FALSE,
motor,0.717202817063724,2,Brysbaert2014a;Jasmin2012,6.065,NA,core,FALSE,
schreeuw,0.717202817063724,2,Brysbaert2014a;Jasmin2012,6.065,NA,core,FALSE,
speelgoed,0.717202817063724,2,Brysbaert2014a;Jasmin2012,6.065,NA,core,FALSE,
modder,0.716860687205386,2,Brysbaert2014a;Jasmin2012,6.015,NA,core,FALSE,
lied,0.716419178247545,2,Brysbaert2014a;Jasmin2012,6.05,NA,core,FALSE,
boomstam,0.712777730587453,2,Brysbaert2014a;Jasmin2012,5.97,NA,core,FALSE,
koplamp,0.710611011638873,2,Brysbaert2014a;Jasmin2012,5.98,NA,core,FALSE,
kkroon,0.707885304659498,1,Jasmin2012,8.11,NA,core,FALSE,
pasta,0.707861336941655,2,Brysbaert2014a;Jasmin2012,5.95,NA,core,FALSE,
aardolie,0.705633705217934,1,Brysbaert2014a,3.93,NA,core,FALSE,
antibioticum,0.705633705217934,1,Brysbaert2014a,3.93,NA,core,FALSE,
assenstelsel,0.705633705217934,1,Brysbaert2014a,3.93,NA,core,FALSE,
automobiel,0.705633705217934,1,Brysbaert2014a,3.93,NA,core,FALSE,
autostop,0.705633705217934,1,Brysbaert2014a,3.93,NA,core,FALSE,
bagageruimte,0.705633705217934,1,Brysbaert2014a,3.93,NA,core,FALSE,
basketballer,0.705633705217934,1,Brysbaert2014a,3.93,NA,core,FALSE,
beglazing,0.705633705217934,1,Brysbaert2014a,3.93,NA,core,FALSE,
behangsel,0.705633705217934,1,Brysbaert2014a,3.93,NA,core,FALSE,
biechtstoel,0.705633705217934,1,Brysbaert2014a,3.93,NA,core,FALSE,
bijbelboek,0.705633705217934,1,Brysbaert2014a,3.93,NA,core,FALSE,
bijgebouw,0.705633705217934,1,Brysbaert2014a,3.93,NA,core,FALSE,
bijter,0.705633705217934,1,Brysbaert2014a,3.93,NA,core,FALSE,
bitter,0.705633705217934,1,Brysbaert2014a,3.93,NA,core,FALSE,
bloedvat,0.705633705217934,1,Brysbaert2014a,3.93,NA,core,FALSE,
bompa,0.705633705217934,1,Brysbaert2014a,3.93,NA,core,FALSE,
bonsai,0.705633705217934,1,Brysbaert2014a,3.93,NA,core,FALSE,
bootwerker,0.705633705217934,1,Brysbaert2014a,3.93,NA,core,FALSE,
boren,0.705633705217934,1,Brysbaert2014a,3.93,NA,core,FALSE,
braden,0.705633705217934,1,Brysbaert2014a,3.93,NA,core,FALSE,
breuk,0.705633705217934,1,Brysbaert2014a,3.93,NA,core,FALSE,
bronwater,0.705633705217934,1,Brysbaert2014a,3.93,NA,core,FALSE,
buikpijn,0.705633705217934,1,Brysbaert2014a,3.93,NA,core,FALSE,
burgemeester,0.705633705217934,1,Brysbaert2014a,3.93,NA,core,FALSE,
camouflage,0.705633705217934,1,Brysbaert2014a,3.93,NA,core,FALSE,
canon,0.705633705217934,1,Brysbaert2014a,3.93,NA,core,FALSE,
carnaval,0.705633705217934,1,Brysbaert2014a,3.93,NA,core,FALSE,
cash,0.705633705217934,1,Brysbaert2014a,3.93,NA,core,FALSE,
catacombe,0.705633705217934,1,Brysbaert2014a,3.93,NA,core,FALSE,
catwalk,0.705633705217934,1,Brysbaert2014a,3.93,NA,core,FALSE,
ceramiek,0.705633705217934,1,Brysbaert2014a,3.93,NA,core,FALSE,
chocolatier,0.705633705217934,1,Brysbaert2014a,3.93,NA,core,FALSE,
clip,0.705633705217934,1,Brysbaert2014a,3.93,NA,core,FALSE,
coach,0.705633705217934,1,Brysbaert2014a,3.93,NA,core,FALSE,
copiloot,0.705633705217934,1,Brysbaert2014a,3.93,NA,core,FALSE,
corner,0.705633705217934,1,Brysbaert2014a,3.93,NA,core,FALSE,
coulissen,0.705633705217934,1,Brysbaert2014a,3.93,NA,core,FALSE,
cup,0.705633705217934,1,Brysbaert2014a,3.93,NA,core,FALSE,
dichtbundel,0.705633705217934,1,Brysbaert2014a,3.93,NA,core,FALSE,
dictafoon,0.705633705217934,1,Brysbaert2014a,3.93,NA,core,FALSE,
duiventil,0.705633705217934,1,Brysbaert2014a,3.93,NA,core,FALSE,
embryo,0.705633705217934,1,Brysbaert2014a,3.93,NA,core,FALSE,
eremedaille,0.705633705217934,1,Brysbaert2014a,3.93,NA,core,FALSE,
erf,0.705633705217934,1,Brysbaert2014a,3.93,NA,core,FALSE,
feest,0.705633705217934,1,Brysbaert2014a,3.93,NA,core,FALSE,
flanel,0.705633705217934,1,Brysbaert2014a,3.93,NA,core,FALSE,
flapoor,0.705633705217934,1,Brysbaert2014a,3.93,NA,core,FALSE,
flauwvallen,0.705633705217934,1,Brysbaert2014a,3.93,NA,core,FALSE,
flitser,0.705633705217934,1,Brysbaert2014a,3.93,NA,core,FALSE,
fractuur,0.705633705217934,1,Brysbaert2014a,3.93,NA,core,FALSE,
gangster,0.705633705217934,1,Brysbaert2014a,3.93,NA,core,FALSE,
gegiechel,0.705633705217934,1,Brysbaert2014a,3.93,NA,core,FALSE,
geloei,0.705633705217934,1,Brysbaert2014a,3.93,NA,core,FALSE,
geroep,0.705633705217934,1,Brysbaert2014a,3.93,NA,core,FALSE,
glazenwasser,0.705633705217934,1,Brysbaert2014a,3.93,NA,core,FALSE,
glijmiddel,0.705633705217934,1,Brysbaert2014a,3.93,NA,core,FALSE,
glitter,0.705633705217934,1,Brysbaert2014a,3.93,NA,core,FALSE,
gluurder,0.705633705217934,1,Brysbaert2014a,3.93,NA,core,FALSE,
graadmeter,0.705633705217934,1,Brysbaert2014a,3.93,NA,core,FALSE,
grasgroen,0.705633705217934,1,Brysbaert2014a,3.93,NA,core,FALSE,
grijnzen,0.705633705217934,1,Brysbaert2014a,3.93,NA,core,FALSE,
haarkleur,0.705633705217934,1,Brysbaert2014a,3.93,NA,core,FALSE,
haken,0.705633705217934,1,Brysbaert2014a,3.93,NA,core,FALSE,
handgreep,0.705633705217934,1,Brysbaert2014a,3.93,NA,core,FALSE,
hap,0.705633705217934,1,Brysbaert2014a,3.93,NA,core,FALSE,
hapje,0.705633705217934,1,Brysbaert2014a,3.93,NA,core,FALSE,
harpist,0.705633705217934,1,Brysbaert2014a,3.93,NA,core,FALSE,
hartinfarct,0.705633705217934,1,Brysbaert2014a,3.93,NA,core,FALSE,
herpes,0.705633705217934,1,Brysbaert2014a,3.93,NA,core,FALSE,
hindernis,0.705633705217934,1,Brysbaert2014a,3.93,NA,core,FALSE,
hoofdgerecht,0.705633705217934,1,Brysbaert2014a,3.93,NA,core,FALSE,
hoofdletter,0.705633705217934,1,Brysbaert2014a,3.93,NA,core,FALSE,
horde,0.705633705217934,1,Brysbaert2014a,3.93,NA,core,FALSE,
hotelkamer,0.705633705217934,1,Brysbaert2014a,3.93,NA,core,FALSE,
huilbaby,0.705633705217934,1,Brysbaert2014a,3.93,NA,core,FALSE,
huurauto,0.705633705217934,1,Brysbaert2014a,3.93,NA,core,FALSE,
kaki,0.705633705217934,1,Brysbaert2014a,3.93,NA,core,FALSE,
kampeerder,0.705633705217934,1,Brysbaert2014a,3.93,NA,core,FALSE,
kanoën,0.705633705217934,1,Brysbaert2014a,3.93,NA,core,FALSE,
kaptafel,0.705633705217934,1,Brysbaert2014a,3.93,NA,core,FALSE,
kassier,0.705633705217934,1,Brysbaert2014a,3.93,NA,core,FALSE,
kassierster,0.705633705217934,1,Brysbaert2014a,3.93,NA,core,FALSE,
kinderkamer,0.705633705217934,1,Brysbaert2014a,3.93,NA,core,FALSE,
kindsoldaat,0.705633705217934,1,Brysbaert2014a,3.93,NA,core,FALSE,
kleutertuin,0.705633705217934,1,Brysbaert2014a,3.93,NA,core,FALSE,
klier,0.705633705217934,1,Brysbaert2014a,3.93,NA,core,FALSE,
klimmer,0.705633705217934,1,Brysbaert2014a,3.93,NA,core,FALSE,
knarsen,0.705633705217934,1,Brysbaert2014a,3.93,NA,core,FALSE,
knots,0.705633705217934,1,Brysbaert2014a,3.93,NA,core,FALSE,
krakeling,0.705633705217934,1,Brysbaert2014a,3.93,NA,core,FALSE,
kunstwerk,0.705633705217934,1,Brysbaert2014a,3.93,NA,core,FALSE,
kustlijn,0.705633705217934,1,Brysbaert2014a,3.93,NA,core,FALSE,
lagune,0.705633705217934,1,Brysbaert2014a,3.93,NA,core,FALSE,
lappenmand,0.705633705217934,1,Brysbaert2014a,3.93,NA,core,FALSE,
leeggoed,0.705633705217934,1,Brysbaert2014a,3.93,NA,core,FALSE,
licht,0.705633705217934,1,Brysbaert2014a,3.93,NA,core,FALSE,
liposuctie,0.705633705217934,1,Brysbaert2014a,3.93,NA,core,FALSE,
lob,0.705633705217934,1,Brysbaert2014a,3.93,NA,core,FALSE,
luchtwegen,0.705633705217934,1,Brysbaert2014a,3.93,NA,core,FALSE,
maagzout,0.705633705217934,1,Brysbaert2014a,3.93,NA,core,FALSE,
maagzuur,0.705633705217934,1,Brysbaert2014a,3.93,NA,core,FALSE,
maalteken,0.705633705217934,1,Brysbaert2014a,3.93,NA,core,FALSE,
maandblad,0.705633705217934,1,Brysbaert2014a,3.93,NA,core,FALSE,
martelkamer,0.705633705217934,1,Brysbaert2014a,3.93,NA,core,FALSE,
meander,0.705633705217934,1,Brysbaert2014a,3.93,NA,core,FALSE,
medicijn,0.705633705217934,1,Brysbaert2014a,3.93,NA,core,FALSE,
meester,0.705633705217934,1,Brysbaert2014a,3.93,NA,core,FALSE,
mikken,0.705633705217934,1,Brysbaert2014a,3.93,NA,core,FALSE,
mistbank,0.705633705217934,1,Brysbaert2014a,3.93,NA,core,FALSE,
moes,0.705633705217934,1,Brysbaert2014a,3.93,NA,core,FALSE,
mondhoek,0.705633705217934,1,Brysbaert2014a,3.93,NA,core,FALSE,
monding,0.705633705217934,1,Brysbaert2014a,3.93,NA,core,FALSE,
muisgrijs,0.705633705217934,1,Brysbaert2014a,3.93,NA,core,FALSE,
musical,0.705633705217934,1,Brysbaert2014a,3.93,NA,core,FALSE,
oorsuizing,0.705633705217934,1,Brysbaert2014a,3.93,NA,core,FALSE,
oorveeg,0.705633705217934,1,Brysbaert2014a,3.93,NA,core,FALSE,
paasklok,0.705633705217934,1,Brysbaert2014a,3.93,NA,core,FALSE,
papil,0.705633705217934,1,Brysbaert2014a,3.93,NA,core,FALSE,
parfumerie,0.705633705217934,1,Brysbaert2014a,3.93,NA,core,FALSE,
parochiezaal,0.705633705217934,1,Brysbaert2014a,3.93,NA,core,FALSE,
peddelen,0.705633705217934,1,Brysbaert2014a,3.93,NA,core,FALSE,
penny,0.705633705217934,1,Brysbaert2014a,3.93,NA,core,FALSE,
petroleum,0.705633705217934,1,Brysbaert2014a,3.93,NA,core,FALSE,
pictogram,0.705633705217934,1,Brysbaert2014a,3.93,NA,core,FALSE,
piek,0.705633705217934,1,Brysbaert2014a,3.93,NA,core,FALSE,
plaksel,0.705633705217934,1,Brysbaert2014a,3.93,NA,core,FALSE,
platteland,0.705633705217934,1,Brysbaert2014a,3.93,NA,core,FALSE,
poetsen,0.705633705217934,1,Brysbaert2014a,3.93,NA,core,FALSE,
politiechef,0.705633705217934,1,Brysbaert2014a,3.93,NA,core,FALSE,
pollen,0.705633705217934,1,Brysbaert2014a,3.93,NA,core,FALSE,
procentteken,0.705633705217934,1,Brysbaert2014a,3.93,NA,core,FALSE,
prozac,0.705633705217934,1,Brysbaert2014a,3.93,NA,core,FALSE,
radar,0.705633705217934,1,Brysbaert2014a,3.93,NA,core,FALSE,
rechtbank,0.705633705217934,1,Brysbaert2014a,3.93,NA,core,FALSE,
reservoir,0.705633705217934,1,Brysbaert2014a,3.93,NA,core,FALSE,
rilling,0.705633705217934,1,Brysbaert2014a,3.93,NA,core,FALSE,
rolletje,0.705633705217934,1,Brysbaert2014a,3.93,NA,core,FALSE,
ruggensteun,0.705633705217934,1,Brysbaert2014a,3.93,NA,core,FALSE,
schaapherder,0.705633705217934,1,Brysbaert2014a,3.93,NA,core,FALSE,
schipbreukeling,0.705633705217934,1,Brysbaert2014a,3.93,NA,core,FALSE,
schoeisel,0.705633705217934,1,Brysbaert2014a,3.93,NA,core,FALSE,
sculptuur,0.705633705217934,1,Brysbaert2014a,3.93,NA,core,FALSE,
silicone,0.705633705217934,1,Brysbaert2014a,3.93,NA,core,FALSE,
slag,0.705633705217934,1,Brysbaert2014a,3.93,NA,core,FALSE,
slipper,0.705633705217934,1,Brysbaert2014a,3.93,NA,core,FALSE,
solsleutel,0.705633705217934,1,Brysbaert2014a,3.93,NA,core,FALSE,
spierbal,0.705633705217934,1,Brysbaert2014a,3.93,NA,core,FALSE,
spierpijn,0.705633705217934,1,Brysbaert2014a,3.93,NA,core,FALSE,
staaltje,0.705633705217934,1,Brysbaert2014a,3.93,NA,core,FALSE,
stappen,0.705633705217934,1,Brysbaert2014a,3.93,NA,core,FALSE,
startsein,0.705633705217934,1,Brysbaert2014a,3.93,NA,core,FALSE,
stembanden,0.705633705217934,1,Brysbaert2014a,3.93,NA,core,FALSE,
streling,0.705633705217934,1,Brysbaert2014a,3.93,NA,core,FALSE,
studio,0.705633705217934,1,Brysbaert2014a,3.93,NA,core,FALSE,
suite,0.705633705217934,1,Brysbaert2014a,3.93,NA,core,FALSE,
swingen,0.705633705217934,1,Brysbaert2014a,3.93,NA,core,FALSE,
talisman,0.705633705217934,1,Brysbaert2014a,3.93,NA,core,FALSE,
tieners,0.705633705217934,1,Brysbaert2014a,3.93,NA,core,FALSE,
toer,0.705633705217934,1,Brysbaert2014a,3.93,NA,core,FALSE,
traangas,0.705633705217934,1,Brysbaert2014a,3.93,NA,core,FALSE,
trambestuurder,0.705633705217934,1,Brysbaert2014a,3.93,NA,core,FALSE,
trekdier,0.705633705217934,1,Brysbaert2014a,3.93,NA,core,FALSE,
trommelaar,0.705633705217934,1,Brysbaert2014a,3.93,NA,core,FALSE,
turnzaal,0.705633705217934,1,Brysbaert2014a,3.93,NA,core,FALSE,
uitgang,0.705633705217934,1,Brysbaert2014a,3.93,NA,core,FALSE,
vaatstelsel,0.705633705217934,1,Brysbaert2014a,3.93,NA,core,FALSE,
vaatwerk,0.705633705217934,1,Brysbaert2014a,3.93,NA,core,FALSE,
valling,0.705633705217934,1,Brysbaert2014a,3.93,NA,core,FALSE,
veelhoek,0.705633705217934,1,Brysbaert2014a,3.93,NA,core,FALSE,
versiering,0.705633705217934,1,Brysbaert2014a,3.93,NA,core,FALSE,
vervoermiddel,0.705633705217934,1,Brysbaert2014a,3.93,NA,core,FALSE,
visgeur,0.705633705217934,1,Brysbaert2014a,3.93,NA,core,FALSE,
visser,0.705633705217934,1,Brysbaert2014a,3.93,NA,core,FALSE,
voer,0.705633705217934,1,Brysbaert2014a,3.93,NA,core,FALSE,
watermeter,0.705633705217934,1,Brysbaert2014a,3.93,NA,core,FALSE,
woonblok,0.705633705217934,1,Brysbaert2014a,3.93,NA,core,FALSE,
ziekenboeg,0.705633705217934,1,Brysbaert2014a,3.93,NA,core,FALSE,
zigeuner,0.705633705217934,1,Brysbaert2014a,3.93,NA,core,FALSE,
zonnedauw,0.705633705217934,1,Brysbaert2014a,3.93,NA,core,FALSE,
zwemwater,0.705633705217934,1,Brysbaert2014a,3.93,NA,core,FALSE,
zwerfster,0.705633705217934,1,Brysbaert2014a,3.93,NA,core,FALSE,
gebouw,0.705565558662666,2,Brysbaert2014a;Jasmin2012,5.98,NA,core,FALSE,
tennis,0.705565558662666,2,Brysbaert2014a;Jasmin2012,5.98,NA,core,FALSE,
begrafenis,0.703223024706122,2,Brysbaert2014a;Jasmin2012,6,NA,core,FALSE,
revolver,0.702036964181798,2,Brysbaert2014a;Jasmin2012,5.935,NA,core,FALSE,
bol,0.701634232010986,2,Brysbaert2014a;Jasmin2012,5.985,NA,core,FALSE,
pop,0.699894616552528,2,Brysbaert2014a;Jasmin2012,5.99,NA,core,FALSE,
dief,0.699636466845444,2,Brysbaert2014a;Jasmin2012,6,NA,core,FALSE,
tumor,0.699636466845444,2,Brysbaert2014a;Jasmin2012,6,NA,core,FALSE,
hoed,0.6987126541354,2,Brysbaert2014a;Jasmin2012,5.895,NA,core,FALSE,
amoebe,0.698669530871042,1,Brysbaert2014a,3.92,NA,core,FALSE,
barrevoets,0.698669530871042,1,Brysbaert2014a,3.92,NA,core,FALSE,
bijtring,0.698669530871042,1,Brysbaert2014a,3.92,NA,core,FALSE,
bobijn,0.698669530871042,1,Brysbaert2014a,3.92,NA,core,FALSE,
circumcisie,0.698669530871042,1,Brysbaert2014a,3.92,NA,core,FALSE,
denim,0.698669530871042,1,Brysbaert2014a,3.92,NA,core,FALSE,
draaibank,0.698669530871042,1,Brysbaert2014a,3.92,NA,core,FALSE,
glasgordijn,0.698669530871042,1,Brysbaert2014a,3.92,NA,core,FALSE,
kapotje,0.698669530871042,1,Brysbaert2014a,3.92,NA,core,FALSE,
klinknagel,0.698669530871042,1,Brysbaert2014a,3.92,NA,core,FALSE,
mortel,0.698669530871042,1,Brysbaert2014a,3.92,NA,core,FALSE,
pegel,0.698669530871042,1,Brysbaert2014a,3.92,NA,core,FALSE,
pijlkruid,0.698669530871042,1,Brysbaert2014a,3.92,NA,core,FALSE,
poets,0.698669530871042,1,Brysbaert2014a,3.92,NA,core,FALSE,
port,0.698669530871042,1,Brysbaert2014a,3.92,NA,core,FALSE,
strijker,0.698669530871042,1,Brysbaert2014a,3.92,NA,core,FALSE,
tarmac,0.698669530871042,1,Brysbaert2014a,3.92,NA,core,FALSE,
weverij,0.698669530871042,1,Brysbaert2014a,3.92,NA,core,FALSE,
bontje,0.697768692398309,1,Brysbaert2014a,3.91,NA,core,FALSE,
huppen,0.697768692398309,1,Brysbaert2014a,3.91,NA,core,FALSE,
kepi,0.697768692398309,1,Brysbaert2014a,3.91,NA,core,FALSE,
menhir,0.697768692398309,1,Brysbaert2014a,3.91,NA,core,FALSE,
minarine,0.697768692398309,1,Brysbaert2014a,3.91,NA,core,FALSE,
paraffine,0.697768692398309,1,Brysbaert2014a,3.91,NA,core,FALSE,
stoffeerder,0.697768692398309,1,Brysbaert2014a,3.91,NA,core,FALSE,
treeplank,0.697768692398309,1,Brysbaert2014a,3.91,NA,core,FALSE,
bakblik,0.69714503499411,1,Brysbaert2014a,3.9,NA,core,FALSE,
breisel,0.69714503499411,1,Brysbaert2014a,3.9,NA,core,FALSE,
cartouche,0.69714503499411,1,Brysbaert2014a,3.9,NA,core,FALSE,
hole,0.69714503499411,1,Brysbaert2014a,3.9,NA,core,FALSE,
kruier,0.69714503499411,1,Brysbaert2014a,3.9,NA,core,FALSE,
kruiser,0.69714503499411,1,Brysbaert2014a,3.9,NA,core,FALSE,
peillood,0.69714503499411,1,Brysbaert2014a,3.9,NA,core,FALSE,
perelaar,0.69714503499411,1,Brysbaert2014a,3.9,NA,core,FALSE,
pyloon,0.69714503499411,1,Brysbaert2014a,3.9,NA,core,FALSE,
quark,0.69714503499411,1,Brysbaert2014a,3.9,NA,core,FALSE,
bedelstaf,0.696452082322777,1,Brysbaert2014a,3.89,NA,core,FALSE,
colli,0.696452082322777,1,Brysbaert2014a,3.89,NA,core,FALSE,
croupier,0.696452082322777,1,Brysbaert2014a,3.89,NA,core,FALSE,
kapucijn,0.696452082322777,1,Brysbaert2014a,3.89,NA,core,FALSE,
massacre,0.696452082322777,1,Brysbaert2014a,3.89,NA,core,FALSE,
pagode,0.696452082322777,1,Brysbaert2014a,3.89,NA,core,FALSE,
poliep,0.696452082322777,1,Brysbaert2014a,3.89,NA,core,FALSE,
spijl,0.696452082322777,1,Brysbaert2014a,3.89,NA,core,FALSE,
tronie,0.696452082322777,1,Brysbaert2014a,3.89,NA,core,FALSE,
ventrikel,0.696452082322777,1,Brysbaert2014a,3.89,NA,core,FALSE,
armatuur,0.695689834384312,1,Brysbaert2014a,3.88,NA,core,FALSE,
carambole,0.695689834384312,1,Brysbaert2014a,3.88,NA,core,FALSE,
curatrice,0.695689834384312,1,Brysbaert2014a,3.88,NA,core,FALSE,
detonator,0.695689834384312,1,Brysbaert2014a,3.88,NA,core,FALSE,
klipper,0.695689834384312,1,Brysbaert2014a,3.88,NA,core,FALSE,
kompel,0.695689834384312,1,Brysbaert2014a,3.88,NA,core,FALSE,
parterre,0.695689834384312,1,Brysbaert2014a,3.88,NA,core,FALSE,
perspiratie,0.695689834384312,1,Brysbaert2014a,3.88,NA,core,FALSE,
polenta,0.695689834384312,1,Brysbaert2014a,3.88,NA,core,FALSE,
roskam,0.695689834384312,1,Brysbaert2014a,3.88,NA,core,FALSE,
ruptuur,0.695689834384312,1,Brysbaert2014a,3.88,NA,core,FALSE,
wrongel,0.695689834384312,1,Brysbaert2014a,3.88,NA,core,FALSE,
veld,0.693916813142953,2,Brysbaert2014a;Jasmin2012,5.93,NA,core,FALSE,
diner,0.693417744406767,2,Brysbaert2014a;Jasmin2012,5.965,NA,core,FALSE,
satijn,0.691811627894847,2,Brysbaert2014a;Jasmin2012,5.95,NA,core,FALSE,
standbeeld,0.690897749990127,2,Brysbaert2014a;Jasmin2012,5.905,NA,core,FALSE,
aas,0.689487907975885,1,Brysbaert2014a,3.87,NA,core,FALSE,
anaal,0.689487907975885,1,Brysbaert2014a,3.87,NA,core,FALSE,
aperitief,0.689487907975885,1,Brysbaert2014a,3.87,NA,core,FALSE,
arbeidster,0.689487907975885,1,Brysbaert2014a,3.87,NA,core,FALSE,
asiel,0.689487907975885,1,Brysbaert2014a,3.87,NA,core,FALSE,
baden,0.689487907975885,1,Brysbaert2014a,3.87,NA,core,FALSE,
bankroof,0.689487907975885,1,Brysbaert2014a,3.87,NA,core,FALSE,
bankrover,0.689487907975885,1,Brysbaert2014a,3.87,NA,core,FALSE,
barmeid,0.689487907975885,1,Brysbaert2014a,3.87,NA,core,FALSE,
barsten,0.689487907975885,1,Brysbaert2014a,3.87,NA,core,FALSE,
beademing,0.689487907975885,1,Brysbaert2014a,3.87,NA,core,FALSE,
bekleding,0.689487907975885,1,Brysbaert2014a,3.87,NA,core,FALSE,
beschieting,0.689487907975885,1,Brysbaert2014a,3.87,NA,core,FALSE,
betoger,0.689487907975885,1,Brysbaert2014a,3.87,NA,core,FALSE,
bijbel,0.689487907975885,1,Brysbaert2014a,3.87,NA,core,FALSE,
blessuur,0.689487907975885,1,Brysbaert2014a,3.87,NA,core,FALSE,
bloeding,0.689487907975885,1,Brysbaert2014a,3.87,NA,core,FALSE,
bloedstroom,0.689487907975885,1,Brysbaert2014a,3.87,NA,core,FALSE,
boekenbeurs,0.689487907975885,1,Brysbaert2014a,3.87,NA,core,FALSE,
bollen,0.689487907975885,1,Brysbaert2014a,3.87,NA,core,FALSE,
bomaanslag,0.689487907975885,1,Brysbaert2014a,3.87,NA,core,FALSE,
borstvoeding,0.689487907975885,1,Brysbaert2014a,3.87,NA,core,FALSE,
botsing,0.689487907975885,1,Brysbaert2014a,3.87,NA,core,FALSE,
bouwplaats,0.689487907975885,1,Brysbaert2014a,3.87,NA,core,FALSE,
brandmerk,0.689487907975885,1,Brysbaert2014a,3.87,NA,core,FALSE,
brasserie,0.689487907975885,1,Brysbaert2014a,3.87,NA,core,FALSE,
brein,0.689487907975885,1,Brysbaert2014a,3.87,NA,core,FALSE,
buikloop,0.689487907975885,1,Brysbaert2014a,3.87,NA,core,FALSE,
buitenlijn,0.689487907975885,1,Brysbaert2014a,3.87,NA,core,FALSE,
buslijn,0.689487907975885,1,Brysbaert2014a,3.87,NA,core,FALSE,
cardiogram,0.689487907975885,1,Brysbaert2014a,3.87,NA,core,FALSE,
celkern,0.689487907975885,1,Brysbaert2014a,3.87,NA,core,FALSE,
cosmetica,0.689487907975885,1,Brysbaert2014a,3.87,NA,core,FALSE,
crematie,0.689487907975885,1,Brysbaert2014a,3.87,NA,core,FALSE,
cursor,0.689487907975885,1,Brysbaert2014a,3.87,NA,core,FALSE,
curve,0.689487907975885,1,Brysbaert2014a,3.87,NA,core,FALSE,
diesel,0.689487907975885,1,Brysbaert2014a,3.87,NA,core,FALSE,
dikkop,0.689487907975885,1,Brysbaert2014a,3.87,NA,core,FALSE,
dirigent,0.689487907975885,1,Brysbaert2014a,3.87,NA,core,FALSE,
driesprong,0.689487907975885,1,Brysbaert2014a,3.87,NA,core,FALSE,
escorte,0.689487907975885,1,Brysbaert2014a,3.87,NA,core,FALSE,
fietstocht,0.689487907975885,1,Brysbaert2014a,3.87,NA,core,FALSE,
filmrol,0.689487907975885,1,Brysbaert2014a,3.87,NA,core,FALSE,
filter,0.689487907975885,1,Brysbaert2014a,3.87,NA,core,FALSE,
frame,0.689487907975885,1,Brysbaert2014a,3.87,NA,core,FALSE,
gegniffel,0.689487907975885,1,Brysbaert2014a,3.87,NA,core,FALSE,
gezang,0.689487907975885,1,Brysbaert2014a,3.87,NA,core,FALSE,
glasvezel,0.689487907975885,1,Brysbaert2014a,3.87,NA,core,FALSE,
grip,0.689487907975885,1,Brysbaert2014a,3.87,NA,core,FALSE,
handbal,0.689487907975885,1,Brysbaert2014a,3.87,NA,core,FALSE,
hersenschors,0.689487907975885,1,Brysbaert2014a,3.87,NA,core,FALSE,
hippie,0.689487907975885,1,Brysbaert2014a,3.87,NA,core,FALSE,
hofnar,0.689487907975885,1,Brysbaert2014a,3.87,NA,core,FALSE,
horizon,0.689487907975885,1,Brysbaert2014a,3.87,NA,core,FALSE,
hostess,0.689487907975885,1,Brysbaert2014a,3.87,NA,core,FALSE,
huidskleur,0.689487907975885,1,Brysbaert2014a,3.87,NA,core,FALSE,
insnijding,0.689487907975885,1,Brysbaert2014a,3.87,NA,core,FALSE,
interviewer,0.689487907975885,1,Brysbaert2014a,3.87,NA,core,FALSE,
jockey,0.689487907975885,1,Brysbaert2014a,3.87,NA,core,FALSE,
kabouter,0.689487907975885,1,Brysbaert2014a,3.87,NA,core,FALSE,
kantlijn,0.689487907975885,1,Brysbaert2014a,3.87,NA,core,FALSE,
kapper,0.689487907975885,1,Brysbaert2014a,3.87,NA,core,FALSE,
kas,0.689487907975885,1,Brysbaert2014a,3.87,NA,core,FALSE,
katoenen,0.689487907975885,1,Brysbaert2014a,3.87,NA,core,FALSE,
kattenpis,0.689487907975885,1,Brysbaert2014a,3.87,NA,core,FALSE,
kernwapen,0.689487907975885,1,Brysbaert2014a,3.87,NA,core,FALSE,
kinderhand,0.689487907975885,1,Brysbaert2014a,3.87,NA,core,FALSE,
kinesist,0.689487907975885,1,Brysbaert2014a,3.87,NA,core,FALSE,
kletskop,0.689487907975885,1,Brysbaert2014a,3.87,NA,core,FALSE,
kleurling,0.689487907975885,1,Brysbaert2014a,3.87,NA,core,FALSE,
kleurstof,0.689487907975885,1,Brysbaert2014a,3.87,NA,core,FALSE,
kliniek,0.689487907975885,1,Brysbaert2014a,3.87,NA,core,FALSE,
knalrood,0.689487907975885,1,Brysbaert2014a,3.87,NA,core,FALSE,
knipsel,0.689487907975885,1,Brysbaert2014a,3.87,NA,core,FALSE,
knutselwerk,0.689487907975885,1,Brysbaert2014a,3.87,NA,core,FALSE,
koerier,0.689487907975885,1,Brysbaert2014a,3.87,NA,core,FALSE,
kolonel,0.689487907975885,1,Brysbaert2014a,3.87,NA,core,FALSE,
kriebel,0.689487907975885,1,Brysbaert2014a,3.87,NA,core,FALSE,
kronkel,0.689487907975885,1,Brysbaert2014a,3.87,NA,core,FALSE,
lab,0.689487907975885,1,Brysbaert2014a,3.87,NA,core,FALSE,
lilliputter,0.689487907975885,1,Brysbaert2014a,3.87,NA,core,FALSE,
madam,0.689487907975885,1,Brysbaert2014a,3.87,NA,core,FALSE,
majesteit,0.689487907975885,1,Brysbaert2014a,3.87,NA,core,FALSE,
mammografie,0.689487907975885,1,Brysbaert2014a,3.87,NA,core,FALSE,
manicuren,0.689487907975885,1,Brysbaert2014a,3.87,NA,core,FALSE,
mannequin,0.689487907975885,1,Brysbaert2014a,3.87,NA,core,FALSE,
medicatie,0.689487907975885,1,Brysbaert2014a,3.87,NA,core,FALSE,
methaan,0.689487907975885,1,Brysbaert2014a,3.87,NA,core,FALSE,
mijt,0.689487907975885,1,Brysbaert2014a,3.87,NA,core,FALSE,
mortuarium,0.689487907975885,1,Brysbaert2014a,3.87,NA,core,FALSE,
muzieknoot,0.689487907975885,1,Brysbaert2014a,3.87,NA,core,FALSE,
naaister,0.689487907975885,1,Brysbaert2014a,3.87,NA,core,FALSE,
nachtwaker,0.689487907975885,1,Brysbaert2014a,3.87,NA,core,FALSE,
oase,0.689487907975885,1,Brysbaert2014a,3.87,NA,core,FALSE,
oma,0.689487907975885,1,Brysbaert2014a,3.87,NA,core,FALSE,
ondertiteling,0.689487907975885,1,Brysbaert2014a,3.87,NA,core,FALSE,
onderwijzer,0.689487907975885,1,Brysbaert2014a,3.87,NA,core,FALSE,
opgraving,0.689487907975885,1,Brysbaert2014a,3.87,NA,core,FALSE,
opslagruimte,0.689487907975885,1,Brysbaert2014a,3.87,NA,core,FALSE,
opstel,0.689487907975885,1,Brysbaert2014a,3.87,NA,core,FALSE,
pantoffeldiertje,0.689487907975885,1,Brysbaert2014a,3.87,NA,core,FALSE,
pesticide,0.689487907975885,1,Brysbaert2014a,3.87,NA,core,FALSE,
pianoles,0.689487907975885,1,Brysbaert2014a,3.87,NA,core,FALSE,
piepen,0.689487907975885,1,Brysbaert2014a,3.87,NA,core,FALSE,
pin,0.689487907975885,1,Brysbaert2014a,3.87,NA,core,FALSE,
plaaster,0.689487907975885,1,Brysbaert2014a,3.87,NA,core,FALSE,
plaatje,0.689487907975885,1,Brysbaert2014a,3.87,NA,core,FALSE,
plantage,0.689487907975885,1,Brysbaert2014a,3.87,NA,core,FALSE,
plasma,0.689487907975885,1,Brysbaert2014a,3.87,NA,core,FALSE,
plattegrond,0.689487907975885,1,Brysbaert2014a,3.87,NA,core,FALSE,
ploegen,0.689487907975885,1,Brysbaert2014a,3.87,NA,core,FALSE,
polo,0.689487907975885,1,Brysbaert2014a,3.87,NA,core,FALSE,
puffen,0.689487907975885,1,Brysbaert2014a,3.87,NA,core,FALSE,
rugletsel,0.689487907975885,1,Brysbaert2014a,3.87,NA,core,FALSE,
rugpijn,0.689487907975885,1,Brysbaert2014a,3.87,NA,core,FALSE,
rukwind,0.689487907975885,1,Brysbaert2014a,3.87,NA,core,FALSE,
schoonmaker,0.689487907975885,1,Brysbaert2014a,3.87,NA,core,FALSE,
schouwveger,0.689487907975885,1,Brysbaert2014a,3.87,NA,core,FALSE,
sein,0.689487907975885,1,Brysbaert2014a,3.87,NA,core,FALSE,
sheriff,0.689487907975885,1,Brysbaert2014a,3.87,NA,core,FALSE,
sierstuk,0.689487907975885,1,Brysbaert2014a,3.87,NA,core,FALSE,
slachten,0.689487907975885,1,Brysbaert2014a,3.87,NA,core,FALSE,
slavenschip,0.689487907975885,1,Brysbaert2014a,3.87,NA,core,FALSE,
smaakpapil,0.689487907975885,1,Brysbaert2014a,3.87,NA,core,FALSE,
speelplein,0.689487907975885,1,Brysbaert2014a,3.87,NA,core,FALSE,
spierbundel,0.689487907975885,1,Brysbaert2014a,3.87,NA,core,FALSE,
sportschool,0.689487907975885,1,Brysbaert2014a,3.87,NA,core,FALSE,
springstof,0.689487907975885,1,Brysbaert2014a,3.87,NA,core,FALSE,
spurt,0.689487907975885,1,Brysbaert2014a,3.87,NA,core,FALSE,
staf,0.689487907975885,1,Brysbaert2014a,3.87,NA,core,FALSE,
stotteraar,0.689487907975885,1,Brysbaert2014a,3.87,NA,core,FALSE,
straatjongen,0.689487907975885,1,Brysbaert2014a,3.87,NA,core,FALSE,
stretch,0.689487907975885,1,Brysbaert2014a,3.87,NA,core,FALSE,
studeerkamer,0.689487907975885,1,Brysbaert2014a,3.87,NA,core,FALSE,
teer,0.689487907975885,1,Brysbaert2014a,3.87,NA,core,FALSE,
tentoonstelling,0.689487907975885,1,Brysbaert2014a,3.87,NA,core,FALSE,
tenue,0.689487907975885,1,Brysbaert2014a,3.87,NA,core,FALSE,
tikkertje,0.689487907975885,1,Brysbaert2014a,3.87,NA,core,FALSE,
toetje,0.689487907975885,1,Brysbaert2014a,3.87,NA,core,FALSE,
toneelspel,0.689487907975885,1,Brysbaert2014a,3.87,NA,core,FALSE,
tour,0.689487907975885,1,Brysbaert2014a,3.87,NA,core,FALSE,
toverstok,0.689487907975885,1,Brysbaert2014a,3.87,NA,core,FALSE,
troeteldier,0.689487907975885,1,Brysbaert2014a,3.87,NA,core,FALSE,
turkoois,0.689487907975885,1,Brysbaert2014a,3.87,NA,core,FALSE,
verband,0.689487907975885,1,Brysbaert2014a,3.87,NA,core,FALSE,
verpakking,0.689487907975885,1,Brysbaert2014a,3.87,NA,core,FALSE,
verwarming,0.689487907975885,1,Brysbaert2014a,3.87,NA,core,FALSE,
vezel,0.689487907975885,1,Brysbaert2014a,3.87,NA,core,FALSE,
voetstap,0.689487907975885,1,Brysbaert2014a,3.87,NA,core,FALSE,
wandeling,0.689487907975885,1,Brysbaert2014a,3.87,NA,core,FALSE,
weefsel,0.689487907975885,1,Brysbaert2014a,3.87,NA,core,FALSE,
weefster,0.689487907975885,1,Brysbaert2014a,3.87,NA,core,FALSE,
wervelstorm,0.689487907975885,1,Brysbaert2014a,3.87,NA,core,FALSE,
wervelwind,0.689487907975885,1,Brysbaert2014a,3.87,NA,core,FALSE,
wijk,0.689487907975885,1,Brysbaert2014a,3.87,NA,core,FALSE,
zeepkist,0.689487907975885,1,Brysbaert2014a,3.87,NA,core,FALSE,
zitje,0.689487907975885,1,Brysbaert2014a,3.87,NA,core,FALSE,
zonnebaden,0.689487907975885,1,Brysbaert2014a,3.87,NA,core,FALSE,
strop,0.684625348556436,2,Brysbaert2014a;Jasmin2012,5.89,NA,core,FALSE,
autoongeluk,0.682419790728293,1,Brysbaert2014a,3.86,NA,core,FALSE,
badjuffrouw,0.682419790728293,1,Brysbaert2014a,3.86,NA,core,FALSE,
badstof,0.682419790728293,1,Brysbaert2014a,3.86,NA,core,FALSE,
binocle,0.682419790728293,1,Brysbaert2014a,3.86,NA,core,FALSE,
bodega,0.682419790728293,1,Brysbaert2014a,3.86,NA,core,FALSE,
bries,0.682419790728293,1,Brysbaert2014a,3.86,NA,core,FALSE,
elektrode,0.682419790728293,1,Brysbaert2014a,3.86,NA,core,FALSE,
graspol,0.682419790728293,1,Brysbaert2014a,3.86,NA,core,FALSE,
griffier,0.682419790728293,1,Brysbaert2014a,3.86,NA,core,FALSE,
grondtroepen,0.682419790728293,1,Brysbaert2014a,3.86,NA,core,FALSE,
guts,0.682419790728293,1,Brysbaert2014a,3.86,NA,core,FALSE,
iriscopie,0.682419790728293,1,Brysbaert2014a,3.86,NA,core,FALSE,
kaartsysteem,0.682419790728293,1,Brysbaert2014a,3.86,NA,core,FALSE,
kankergezwel,0.682419790728293,1,Brysbaert2014a,3.86,NA,core,FALSE,
koorknaap,0.682419790728293,1,Brysbaert2014a,3.86,NA,core,FALSE,
metallic,0.682419790728293,1,Brysbaert2014a,3.86,NA,core,FALSE,
muilkorven,0.682419790728293,1,Brysbaert2014a,3.86,NA,core,FALSE,
onderstel,0.682419790728293,1,Brysbaert2014a,3.86,NA,core,FALSE,
padvinder,0.682419790728293,1,Brysbaert2014a,3.86,NA,core,FALSE,
penning,0.682419790728293,1,Brysbaert2014a,3.86,NA,core,FALSE,
poeier,0.682419790728293,1,Brysbaert2014a,3.86,NA,core,FALSE,
prenten,0.682419790728293,1,Brysbaert2014a,3.86,NA,core,FALSE,
proesten,0.682419790728293,1,Brysbaert2014a,3.86,NA,core,FALSE,
professor,0.682419790728293,1,Brysbaert2014a,3.86,NA,core,FALSE,
raderwerk,0.682419790728293,1,Brysbaert2014a,3.86,NA,core,FALSE,
roedel,0.682419790728293,1,Brysbaert2014a,3.86,NA,core,FALSE,
rotswol,0.682419790728293,1,Brysbaert2014a,3.86,NA,core,FALSE,
sater,0.682419790728293,1,Brysbaert2014a,3.86,NA,core,FALSE,
scheerlijn,0.682419790728293,1,Brysbaert2014a,3.86,NA,core,FALSE,
schietijzer,0.682419790728293,1,Brysbaert2014a,3.86,NA,core,FALSE,
schlager,0.682419790728293,1,Brysbaert2014a,3.86,NA,core,FALSE,
schokbreker,0.682419790728293,1,Brysbaert2014a,3.86,NA,core,FALSE,
staander,0.682419790728293,1,Brysbaert2014a,3.86,NA,core,FALSE,
stijfsel,0.682419790728293,1,Brysbaert2014a,3.86,NA,core,FALSE,
taalboek,0.682419790728293,1,Brysbaert2014a,3.86,NA,core,FALSE,
trappenhuis,0.682419790728293,1,Brysbaert2014a,3.86,NA,core,FALSE,
vruchtwater,0.682419790728293,1,Brysbaert2014a,3.86,NA,core,FALSE,
non,0.681902404694792,2,Brysbaert2014a;Jasmin2012,5.915,NA,core,FALSE,
kruk,0.681171420346829,2,Brysbaert2014a;Jasmin2012,5.79,NA,core,FALSE,
autoongeval,0.680548818515695,1,Brysbaert2014a,3.85,NA,core,FALSE,
crawl,0.680548818515695,1,Brysbaert2014a,3.85,NA,core,FALSE,
drieluik,0.680548818515695,1,Brysbaert2014a,3.85,NA,core,FALSE,
golfslag,0.680548818515695,1,Brysbaert2014a,3.85,NA,core,FALSE,
gondelier,0.680548818515695,1,Brysbaert2014a,3.85,NA,core,FALSE,
jachtschotel,0.680548818515695,1,Brysbaert2014a,3.85,NA,core,FALSE,
kanonnier,0.680548818515695,1,Brysbaert2014a,3.85,NA,core,FALSE,
kasboek,0.680548818515695,1,Brysbaert2014a,3.85,NA,core,FALSE,
kinnebak,0.680548818515695,1,Brysbaert2014a,3.85,NA,core,FALSE,
microfilm,0.680548818515695,1,Brysbaert2014a,3.85,NA,core,FALSE,
moker,0.680548818515695,1,Brysbaert2014a,3.85,NA,core,FALSE,
pantser,0.680548818515695,1,Brysbaert2014a,3.85,NA,core,FALSE,
potpourri,0.680548818515695,1,Brysbaert2014a,3.85,NA,core,FALSE,
regent,0.680548818515695,1,Brysbaert2014a,3.85,NA,core,FALSE,
sprinkler,0.680548818515695,1,Brysbaert2014a,3.85,NA,core,FALSE,
stulp,0.680548818515695,1,Brysbaert2014a,3.85,NA,core,FALSE,
tuttifrutti,0.680548818515695,1,Brysbaert2014a,3.85,NA,core,FALSE,
boekanier,0.67937079897443,1,Brysbaert2014a,3.83,NA,core,FALSE,
heining,0.67937079897443,1,Brysbaert2014a,3.83,NA,core,FALSE,
kamgaren,0.67937079897443,1,Brysbaert2014a,3.83,NA,core,FALSE,
karos,0.67937079897443,1,Brysbaert2014a,3.83,NA,core,FALSE,
koteraar,0.67937079897443,1,Brysbaert2014a,3.83,NA,core,FALSE,
kozak,0.67937079897443,1,Brysbaert2014a,3.83,NA,core,FALSE,
krentenmik,0.67937079897443,1,Brysbaert2014a,3.83,NA,core,FALSE,
luzerne,0.67937079897443,1,Brysbaert2014a,3.83,NA,core,FALSE,
matador,0.67937079897443,1,Brysbaert2014a,3.83,NA,core,FALSE,
metronoom,0.67937079897443,1,Brysbaert2014a,3.83,NA,core,FALSE,
organel,0.67937079897443,1,Brysbaert2014a,3.83,NA,core,FALSE,
paratroeper,0.67937079897443,1,Brysbaert2014a,3.83,NA,core,FALSE,
penvoerder,0.67937079897443,1,Brysbaert2014a,3.83,NA,core,FALSE,
schaaf,0.67937079897443,1,Brysbaert2014a,3.83,NA,core,FALSE,
snikkel,0.67937079897443,1,Brysbaert2014a,3.83,NA,core,FALSE,
stoop,0.67937079897443,1,Brysbaert2014a,3.83,NA,core,FALSE,
taugé,0.67937079897443,1,Brysbaert2014a,3.83,NA,core,FALSE,
angora,0.678366017600998,1,Brysbaert2014a,3.82,NA,core,FALSE,
bulletin,0.678366017600998,1,Brysbaert2014a,3.82,NA,core,FALSE,
endoscopie,0.678366017600998,1,Brysbaert2014a,3.82,NA,core,FALSE,
houtwal,0.678366017600998,1,Brysbaert2014a,3.82,NA,core,FALSE,
klos,0.678366017600998,1,Brysbaert2014a,3.82,NA,core,FALSE,
lambrisering,0.678366017600998,1,Brysbaert2014a,3.82,NA,core,FALSE,
oorknop,0.678366017600998,1,Brysbaert2014a,3.82,NA,core,FALSE,
peso,0.678366017600998,1,Brysbaert2014a,3.82,NA,core,FALSE,
plens,0.678366017600998,1,Brysbaert2014a,3.82,NA,core,FALSE,
posterijen,0.678366017600998,1,Brysbaert2014a,3.82,NA,core,FALSE,
snuf,0.678366017600998,1,Brysbaert2014a,3.82,NA,core,FALSE,
stuiter,0.678366017600998,1,Brysbaert2014a,3.82,NA,core,FALSE,
zitplaats,0.672306717741501,2,Brysbaert2014a;Jasmin2012,5.9,NA,core,FALSE,
aardgas,0.671679024322639,1,Brysbaert2014a,3.8,NA,core,FALSE,
actiefilm,0.671679024322639,1,Brysbaert2014a,3.8,NA,core,FALSE,
actrice,0.671679024322639,1,Brysbaert2014a,3.8,NA,core,FALSE,
afbraak,0.671679024322639,1,Brysbaert2014a,3.8,NA,core,FALSE,
aframmeling,0.671679024322639,1,Brysbaert2014a,3.8,NA,core,FALSE,
aftiteling,0.671679024322639,1,Brysbaert2014a,3.8,NA,core,FALSE,
alarmsysteem,0.671679024322639,1,Brysbaert2014a,3.8,NA,core,FALSE,
atlete,0.671679024322639,1,Brysbaert2014a,3.8,NA,core,FALSE,
bankafschrift,0.671679024322639,1,Brysbaert2014a,3.8,NA,core,FALSE,
barman,0.671679024322639,1,Brysbaert2014a,3.8,NA,core,FALSE,
bassin,0.671679024322639,1,Brysbaert2014a,3.8,NA,core,FALSE,
belichting,0.671679024322639,1,Brysbaert2014a,3.8,NA,core,FALSE,
bergplaats,0.671679024322639,1,Brysbaert2014a,3.8,NA,core,FALSE,
besnijdenis,0.671679024322639,1,Brysbaert2014a,3.8,NA,core,FALSE,
bliksemafleider,0.671679024322639,1,Brysbaert2014a,3.8,NA,core,FALSE,
bloedmonster,0.671679024322639,1,Brysbaert2014a,3.8,NA,core,FALSE,
blokken,0.671679024322639,1,Brysbaert2014a,3.8,NA,core,FALSE,
bodybuilder,0.671679024322639,1,Brysbaert2014a,3.8,NA,core,FALSE,
boekenbon,0.671679024322639,1,Brysbaert2014a,3.8,NA,core,FALSE,
botsen,0.671679024322639,1,Brysbaert2014a,3.8,NA,core,FALSE,
brok,0.671679024322639,1,Brysbaert2014a,3.8,NA,core,FALSE,
brouwer,0.671679024322639,1,Brysbaert2014a,3.8,NA,core,FALSE,
bruidssuite,0.671679024322639,1,Brysbaert2014a,3.8,NA,core,FALSE,
cantorij,0.671679024322639,1,Brysbaert2014a,3.8,NA,core,FALSE,
cantus,0.671679024322639,1,Brysbaert2014a,3.8,NA,core,FALSE,
capriool,0.671679024322639,1,Brysbaert2014a,3.8,NA,core,FALSE,
catalogus,0.671679024322639,1,Brysbaert2014a,3.8,NA,core,FALSE,
chatroom,0.671679024322639,1,Brysbaert2014a,3.8,NA,core,FALSE,
clubhuis,0.671679024322639,1,Brysbaert2014a,3.8,NA,core,FALSE,
coiffeur,0.671679024322639,1,Brysbaert2014a,3.8,NA,core,FALSE,
dienster,0.671679024322639,1,Brysbaert2014a,3.8,NA,core,FALSE,
dippen,0.671679024322639,1,Brysbaert2014a,3.8,NA,core,FALSE,
dodaars,0.671679024322639,1,Brysbaert2014a,3.8,NA,core,FALSE,
droog,0.671679024322639,1,Brysbaert2014a,3.8,NA,core,FALSE,
drukkerij,0.671679024322639,1,Brysbaert2014a,3.8,NA,core,FALSE,
drummer,0.671679024322639,1,Brysbaert2014a,3.8,NA,core,FALSE,
facebook,0.671679024322639,1,Brysbaert2014a,3.8,NA,core,FALSE,
farao,0.671679024322639,1,Brysbaert2014a,3.8,NA,core,FALSE,
fietsenmaker,0.671679024322639,1,Brysbaert2014a,3.8,NA,core,FALSE,
filmster,0.671679024322639,1,Brysbaert2014a,3.8,NA,core,FALSE,
galerij,0.671679024322639,1,Brysbaert2014a,3.8,NA,core,FALSE,
gastenboek,0.671679024322639,1,Brysbaert2014a,3.8,NA,core,FALSE,
geboorteakte,0.671679024322639,1,Brysbaert2014a,3.8,NA,core,FALSE,
gebruiksaanwijzing,0.671679024322639,1,Brysbaert2014a,3.8,NA,core,FALSE,
geknor,0.671679024322639,1,Brysbaert2014a,3.8,NA,core,FALSE,
geneesmiddel,0.671679024322639,1,Brysbaert2014a,3.8,NA,core,FALSE,
gries,0.671679024322639,1,Brysbaert2014a,3.8,NA,core,FALSE,
haartooi,0.671679024322639,1,Brysbaert2014a,3.8,NA,core,FALSE,
halte,0.671679024322639,1,Brysbaert2014a,3.8,NA,core,FALSE,
handelswaar,0.671679024322639,1,Brysbaert2014a,3.8,NA,core,FALSE,
handjeklap,0.671679024322639,1,Brysbaert2014a,3.8,NA,core,FALSE,
harten,0.671679024322639,1,Brysbaert2014a,3.8,NA,core,FALSE,
herkauwer,0.671679024322639,1,Brysbaert2014a,3.8,NA,core,FALSE,
hersenbloeding,0.671679024322639,1,Brysbaert2014a,3.8,NA,core,FALSE,
hoofdweg,0.671679024322639,1,Brysbaert2014a,3.8,NA,core,FALSE,
hoogspringer,0.671679024322639,1,Brysbaert2014a,3.8,NA,core,FALSE,
houthakker,0.671679024322639,1,Brysbaert2014a,3.8,NA,core,FALSE,
huilbui,0.671679024322639,1,Brysbaert2014a,3.8,NA,core,FALSE,
huisbaas,0.671679024322639,1,Brysbaert2014a,3.8,NA,core,FALSE,
ijlbode,0.671679024322639,1,Brysbaert2014a,3.8,NA,core,FALSE,
ijscoman,0.671679024322639,1,Brysbaert2014a,3.8,NA,core,FALSE,
ijsvrij,0.671679024322639,1,Brysbaert2014a,3.8,NA,core,FALSE,
instappen,0.671679024322639,1,Brysbaert2014a,3.8,NA,core,FALSE,
joker,0.671679024322639,1,Brysbaert2014a,3.8,NA,core,FALSE,
journaliste,0.671679024322639,1,Brysbaert2014a,3.8,NA,core,FALSE,
kapster,0.671679024322639,1,Brysbaert2014a,3.8,NA,core,FALSE,
karate,0.671679024322639,1,Brysbaert2014a,3.8,NA,core,FALSE,
karbouw,0.671679024322639,1,Brysbaert2014a,3.8,NA,core,FALSE,
kernexplosie,0.671679024322639,1,Brysbaert2014a,3.8,NA,core,FALSE,
kernreactor,0.671679024322639,1,Brysbaert2014a,3.8,NA,core,FALSE,
kinderoppas,0.671679024322639,1,Brysbaert2014a,3.8,NA,core,FALSE,
klasgenoot,0.671679024322639,1,Brysbaert2014a,3.8,NA,core,FALSE,
kleuter,0.671679024322639,1,Brysbaert2014a,3.8,NA,core,FALSE,
kopie,0.671679024322639,1,Brysbaert2014a,3.8,NA,core,FALSE,
kruid,0.671679024322639,1,Brysbaert2014a,3.8,NA,core,FALSE,
kunststof,0.671679024322639,1,Brysbaert2014a,3.8,NA,core,FALSE,
leerling,0.671679024322639,1,Brysbaert2014a,3.8,NA,core,FALSE,
leerlinge,0.671679024322639,1,Brysbaert2014a,3.8,NA,core,FALSE,
lichtinval,0.671679024322639,1,Brysbaert2014a,3.8,NA,core,FALSE,
lijfgeur,0.671679024322639,1,Brysbaert2014a,3.8,NA,core,FALSE,
lobby,0.671679024322639,1,Brysbaert2014a,3.8,NA,core,FALSE,
logeerkamer,0.671679024322639,1,Brysbaert2014a,3.8,NA,core,FALSE,
lotje,0.671679024322639,1,Brysbaert2014a,3.8,NA,core,FALSE,
lotushouding,0.671679024322639,1,Brysbaert2014a,3.8,NA,core,FALSE,
lumbago,0.671679024322639,1,Brysbaert2014a,3.8,NA,core,FALSE,
maaltijd,0.671679024322639,1,Brysbaert2014a,3.8,NA,core,FALSE,
magazijnier,0.671679024322639,1,Brysbaert2014a,3.8,NA,core,FALSE,
mals,0.671679024322639,1,Brysbaert2014a,3.8,NA,core,FALSE,
manen,0.671679024322639,1,Brysbaert2014a,3.8,NA,core,FALSE,
maneschijn,0.671679024322639,1,Brysbaert2014a,3.8,NA,core,FALSE,
marathon,0.671679024322639,1,Brysbaert2014a,3.8,NA,core,FALSE,
matrone,0.671679024322639,1,Brysbaert2014a,3.8,NA,core,FALSE,
mensaap,0.671679024322639,1,Brysbaert2014a,3.8,NA,core,FALSE,
menseneter,0.671679024322639,1,Brysbaert2014a,3.8,NA,core,FALSE,
metselaar,0.671679024322639,1,Brysbaert2014a,3.8,NA,core,FALSE,
modelwoning,0.671679024322639,1,Brysbaert2014a,3.8,NA,core,FALSE,
monitor,0.671679024322639,1,Brysbaert2014a,3.8,NA,core,FALSE,
museumstuk,0.671679024322639,1,Brysbaert2014a,3.8,NA,core,FALSE,
nacht,0.671679024322639,1,Brysbaert2014a,3.8,NA,core,FALSE,
nageboorte,0.671679024322639,1,Brysbaert2014a,3.8,NA,core,FALSE,
obstakel,0.671679024322639,1,Brysbaert2014a,3.8,NA,core,FALSE,
parkwachter,0.671679024322639,1,Brysbaert2014a,3.8,NA,core,FALSE,
pastel,0.671679024322639,1,Brysbaert2014a,3.8,NA,core,FALSE,
percussie,0.671679024322639,1,Brysbaert2014a,3.8,NA,core,FALSE,
pijnstiller,0.671679024322639,1,Brysbaert2014a,3.8,NA,core,FALSE,
pispaal,0.671679024322639,1,Brysbaert2014a,3.8,NA,core,FALSE,
pitsen,0.671679024322639,1,Brysbaert2014a,3.8,NA,core,FALSE,
plakken,0.671679024322639,1,Brysbaert2014a,3.8,NA,core,FALSE,
platina,0.671679024322639,1,Brysbaert2014a,3.8,NA,core,FALSE,
pluk,0.671679024322639,1,Brysbaert2014a,3.8,NA,core,FALSE,
pompbediende,0.671679024322639,1,Brysbaert2014a,3.8,NA,core,FALSE,
postnummer,0.671679024322639,1,Brysbaert2014a,3.8,NA,core,FALSE,
presentator,0.671679024322639,1,Brysbaert2014a,3.8,NA,core,FALSE,
punker,0.671679024322639,1,Brysbaert2014a,3.8,NA,core,FALSE,
pupil,0.671679024322639,1,Brysbaert2014a,3.8,NA,core,FALSE,
racer,0.671679024322639,1,Brysbaert2014a,3.8,NA,core,FALSE,
reisleider,0.671679024322639,1,Brysbaert2014a,3.8,NA,core,FALSE,
rijles,0.671679024322639,1,Brysbaert2014a,3.8,NA,core,FALSE,
roebel,0.671679024322639,1,Brysbaert2014a,3.8,NA,core,FALSE,
rollen,0.671679024322639,1,Brysbaert2014a,3.8,NA,core,FALSE,
rolveger,0.671679024322639,1,Brysbaert2014a,3.8,NA,core,FALSE,
roofvis,0.671679024322639,1,Brysbaert2014a,3.8,NA,core,FALSE,
rookster,0.671679024322639,1,Brysbaert2014a,3.8,NA,core,FALSE,
ruche,0.671679024322639,1,Brysbaert2014a,3.8,NA,core,FALSE,
sacharine,0.671679024322639,1,Brysbaert2014a,3.8,NA,core,FALSE,
schemer,0.671679024322639,1,Brysbaert2014a,3.8,NA,core,FALSE,
schijnwerper,0.671679024322639,1,Brysbaert2014a,3.8,NA,core,FALSE,
schildklier,0.671679024322639,1,Brysbaert2014a,3.8,NA,core,FALSE,
scholier,0.671679024322639,1,Brysbaert2014a,3.8,NA,core,FALSE,
secretaris,0.671679024322639,1,Brysbaert2014a,3.8,NA,core,FALSE,
seksclub,0.671679024322639,1,Brysbaert2014a,3.8,NA,core,FALSE,
sensor,0.671679024322639,1,Brysbaert2014a,3.8,NA,core,FALSE,
skigebied,0.671679024322639,1,Brysbaert2014a,3.8,NA,core,FALSE,
snik,0.671679024322639,1,Brysbaert2014a,3.8,NA,core,FALSE,
songtekst,0.671679024322639,1,Brysbaert2014a,3.8,NA,core,FALSE,
souper,0.671679024322639,1,Brysbaert2014a,3.8,NA,core,FALSE,
specerij,0.671679024322639,1,Brysbaert2014a,3.8,NA,core,FALSE,
speeltje,0.671679024322639,1,Brysbaert2014a,3.8,NA,core,FALSE,
spil,0.671679024322639,1,Brysbaert2014a,3.8,NA,core,FALSE,
splitsing,0.671679024322639,1,Brysbaert2014a,3.8,NA,core,FALSE,
spook,0.671679024322639,1,Brysbaert2014a,3.8,NA,core,FALSE,
squaw,0.671679024322639,1,Brysbaert2014a,3.8,NA,core,FALSE,
stallen,0.671679024322639,1,Brysbaert2014a,3.8,NA,core,FALSE,
steekpartij,0.671679024322639,1,Brysbaert2014a,3.8,NA,core,FALSE,
stem,0.671679024322639,1,Brysbaert2014a,3.8,NA,core,FALSE,
stompen,0.671679024322639,1,Brysbaert2014a,3.8,NA,core,FALSE,
stop,0.671679024322639,1,Brysbaert2014a,3.8,NA,core,FALSE,
stuntman,0.671679024322639,1,Brysbaert2014a,3.8,NA,core,FALSE,
tekenles,0.671679024322639,1,Brysbaert2014a,3.8,NA,core,FALSE,
theewater,0.671679024322639,1,Brysbaert2014a,3.8,NA,core,FALSE,
titanium,0.671679024322639,1,Brysbaert2014a,3.8,NA,core,FALSE,
trailer,0.671679024322639,1,Brysbaert2014a,3.8,NA,core,FALSE,
trombonist,0.671679024322639,1,Brysbaert2014a,3.8,NA,core,FALSE,
tuinbouwer,0.671679024322639,1,Brysbaert2014a,3.8,NA,core,FALSE,
turf,0.671679024322639,1,Brysbaert2014a,3.8,NA,core,FALSE,
uitsmijter,0.671679024322639,1,Brysbaert2014a,3.8,NA,core,FALSE,
veedrijver,0.671679024322639,1,Brysbaert2014a,3.8,NA,core,FALSE,
verdikking,0.671679024322639,1,Brysbaert2014a,3.8,NA,core,FALSE,
verkleuring,0.671679024322639,1,Brysbaert2014a,3.8,NA,core,FALSE,
verlengstuk,0.671679024322639,1,Brysbaert2014a,3.8,NA,core,FALSE,
vermomming,0.671679024322639,1,Brysbaert2014a,3.8,NA,core,FALSE,
verpleeghuis,0.671679024322639,1,Brysbaert2014a,3.8,NA,core,FALSE,
vezels,0.671679024322639,1,Brysbaert2014a,3.8,NA,core,FALSE,
vlaggenschip,0.671679024322639,1,Brysbaert2014a,3.8,NA,core,FALSE,
vlerk,0.671679024322639,1,Brysbaert2014a,3.8,NA,core,FALSE,
vrijen,0.671679024322639,1,Brysbaert2014a,3.8,NA,core,FALSE,
wereldwinkel,0.671679024322639,1,Brysbaert2014a,3.8,NA,core,FALSE,
winkeljuffrouw,0.671679024322639,1,Brysbaert2014a,3.8,NA,core,FALSE,
witgoed,0.671679024322639,1,Brysbaert2014a,3.8,NA,core,FALSE,
wurger,0.671679024322639,1,Brysbaert2014a,3.8,NA,core,FALSE,
wurging,0.671679024322639,1,Brysbaert2014a,3.8,NA,core,FALSE,
zeefdruk,0.671679024322639,1,Brysbaert2014a,3.8,NA,core,FALSE,
zonnewering,0.671679024322639,1,Brysbaert2014a,3.8,NA,core,FALSE,
zouten,0.671679024322639,1,Brysbaert2014a,3.8,NA,core,FALSE,
zwerk,0.671679024322639,1,Brysbaert2014a,3.8,NA,core,FALSE,
bloesem,0.671168282190197,2,Brysbaert2014a;Jasmin2012,5.845,NA,core,FALSE,
boodschappen,0.669116713844573,2,Brysbaert2014a;Jasmin2012,5.885,NA,core,FALSE,
kleding,0.669054093524767,2,Brysbaert2014a;Jasmin2012,5.88,NA,core,FALSE,
braaksel,0.668827207408186,2,Brysbaert2014a;Jasmin2012,5.835,NA,core,FALSE,
stad,0.664295880607484,2,Brysbaert2014a;Jasmin2012,5.865,NA,core,FALSE,
aardlaag,0.66426443073938,1,Brysbaert2014a,3.79,NA,core,FALSE,
achterligger,0.66426443073938,1,Brysbaert2014a,3.79,NA,core,FALSE,
adamskostuum,0.66426443073938,1,Brysbaert2014a,3.79,NA,core,FALSE,
babydoll,0.66426443073938,1,Brysbaert2014a,3.79,NA,core,FALSE,
banier,0.66426443073938,1,Brysbaert2014a,3.79,NA,core,FALSE,
bezinksel,0.66426443073938,1,Brysbaert2014a,3.79,NA,core,FALSE,
buiklanding,0.66426443073938,1,Brysbaert2014a,3.79,NA,core,FALSE,
city,0.66426443073938,1,Brysbaert2014a,3.79,NA,core,FALSE,
cycloon,0.66426443073938,1,Brysbaert2014a,3.79,NA,core,FALSE,
eter,0.66426443073938,1,Brysbaert2014a,3.79,NA,core,FALSE,
exhibitionist,0.66426443073938,1,Brysbaert2014a,3.79,NA,core,FALSE,
kantje,0.66426443073938,1,Brysbaert2014a,3.79,NA,core,FALSE,
kantklossen,0.66426443073938,1,Brysbaert2014a,3.79,NA,core,FALSE,
kernkop,0.66426443073938,1,Brysbaert2014a,3.79,NA,core,FALSE,
klip,0.66426443073938,1,Brysbaert2014a,3.79,NA,core,FALSE,
koren,0.66426443073938,1,Brysbaert2014a,3.79,NA,core,FALSE,
kwikzilver,0.66426443073938,1,Brysbaert2014a,3.79,NA,core,FALSE,
leerlooier,0.66426443073938,1,Brysbaert2014a,3.79,NA,core,FALSE,
leesplank,0.66426443073938,1,Brysbaert2014a,3.79,NA,core,FALSE,
lekkage,0.66426443073938,1,Brysbaert2014a,3.79,NA,core,FALSE,
luchtalarm,0.66426443073938,1,Brysbaert2014a,3.79,NA,core,FALSE,
mausoleum,0.66426443073938,1,Brysbaert2014a,3.79,NA,core,FALSE,
melker,0.66426443073938,1,Brysbaert2014a,3.79,NA,core,FALSE,
prediker,0.66426443073938,1,Brysbaert2014a,3.79,NA,core,FALSE,
promenade,0.66426443073938,1,Brysbaert2014a,3.79,NA,core,FALSE,
provisiekast,0.66426443073938,1,Brysbaert2014a,3.79,NA,core,FALSE,
rebus,0.66426443073938,1,Brysbaert2014a,3.79,NA,core,FALSE,
signalisatie,0.66426443073938,1,Brysbaert2014a,3.79,NA,core,FALSE,
song,0.66426443073938,1,Brysbaert2014a,3.79,NA,core,FALSE,
springer,0.66426443073938,1,Brysbaert2014a,3.79,NA,core,FALSE,
stratego,0.66426443073938,1,Brysbaert2014a,3.79,NA,core,FALSE,
stratenmaker,0.66426443073938,1,Brysbaert2014a,3.79,NA,core,FALSE,
tiktak,0.66426443073938,1,Brysbaert2014a,3.79,NA,core,FALSE,
hardloper,0.664242201612469,2,Brysbaert2014a;Jasmin2012,5.855,NA,core,FALSE,
suikerriet,0.663993303692842,2,Brysbaert2014a;Jasmin2012,5.8,NA,core,FALSE,
lijkenhuis,0.663677749438746,2,Brysbaert2014a;Jasmin2012,5.85,NA,core,FALSE,
pamflet,0.663422176571792,2,Brysbaert2014a;Jasmin2012,5.82,NA,core,FALSE,
artillerie,0.662774582496016,1,Brysbaert2014a,3.78,NA,core,FALSE,
cyaankali,0.662774582496016,1,Brysbaert2014a,3.78,NA,core,FALSE,
egelantier,0.662774582496016,1,Brysbaert2014a,3.78,NA,core,FALSE,
ester,0.662774582496016,1,Brysbaert2014a,3.78,NA,core,FALSE,
jade,0.662774582496016,1,Brysbaert2014a,3.78,NA,core,FALSE,
muzelman,0.662774582496016,1,Brysbaert2014a,3.78,NA,core,FALSE,
oratorium,0.662774582496016,1,Brysbaert2014a,3.78,NA,core,FALSE,
plantsoen,0.662774582496016,1,Brysbaert2014a,3.78,NA,core,FALSE,
snaak,0.662774582496016,1,Brysbaert2014a,3.78,NA,core,FALSE,
vaars,0.662774582496016,1,Brysbaert2014a,3.78,NA,core,FALSE,
bakzeil,0.66190839165685,1,Brysbaert2014a,3.77,NA,core,FALSE,
borstwering,0.66190839165685,1,Brysbaert2014a,3.77,NA,core,FALSE,
gieterij,0.66190839165685,1,Brysbaert2014a,3.77,NA,core,FALSE,
hang,0.66190839165685,1,Brysbaert2014a,3.77,NA,core,FALSE,
klodder,0.66190839165685,1,Brysbaert2014a,3.77,NA,core,FALSE,
onderwater,0.66190839165685,1,Brysbaert2014a,3.77,NA,core,FALSE,
pekel,0.66190839165685,1,Brysbaert2014a,3.77,NA,core,FALSE,
polio,0.66190839165685,1,Brysbaert2014a,3.77,NA,core,FALSE,
steltloper,0.66190839165685,1,Brysbaert2014a,3.77,NA,core,FALSE,
stoma,0.66190839165685,1,Brysbaert2014a,3.77,NA,core,FALSE,
suizen,0.66190839165685,1,Brysbaert2014a,3.77,NA,core,FALSE,
tapper,0.66190839165685,1,Brysbaert2014a,3.77,NA,core,FALSE,
track,0.66190839165685,1,Brysbaert2014a,3.77,NA,core,FALSE,
tweeloop,0.66190839165685,1,Brysbaert2014a,3.77,NA,core,FALSE,
zandvorm,0.66190839165685,1,Brysbaert2014a,3.77,NA,core,FALSE,
ambrozijn,0.660072067077819,1,Brysbaert2014a,3.75,NA,core,FALSE,
bolgewas,0.660072067077819,1,Brysbaert2014a,3.75,NA,core,FALSE,
bongo,0.660072067077819,1,Brysbaert2014a,3.75,NA,core,FALSE,
borderel,0.660072067077819,1,Brysbaert2014a,3.75,NA,core,FALSE,
carburatie,0.660072067077819,1,Brysbaert2014a,3.75,NA,core,FALSE,
chroom,0.660072067077819,1,Brysbaert2014a,3.75,NA,core,FALSE,
cornet,0.660072067077819,1,Brysbaert2014a,3.75,NA,core,FALSE,
drevel,0.660072067077819,1,Brysbaert2014a,3.75,NA,core,FALSE,
elfenbankje,0.660072067077819,1,Brysbaert2014a,3.75,NA,core,FALSE,
epigoon,0.660072067077819,1,Brysbaert2014a,3.75,NA,core,FALSE,
gems,0.660072067077819,1,Brysbaert2014a,3.75,NA,core,FALSE,
gerij,0.660072067077819,1,Brysbaert2014a,3.75,NA,core,FALSE,
grenadier,0.660072067077819,1,Brysbaert2014a,3.75,NA,core,FALSE,
grenen,0.660072067077819,1,Brysbaert2014a,3.75,NA,core,FALSE,
hoefslag,0.660072067077819,1,Brysbaert2014a,3.75,NA,core,FALSE,
kakadoris,0.660072067077819,1,Brysbaert2014a,3.75,NA,core,FALSE,
kakenestje,0.660072067077819,1,Brysbaert2014a,3.75,NA,core,FALSE,
knoedel,0.660072067077819,1,Brysbaert2014a,3.75,NA,core,FALSE,
kosthuis,0.660072067077819,1,Brysbaert2014a,3.75,NA,core,FALSE,
ledenpop,0.660072067077819,1,Brysbaert2014a,3.75,NA,core,FALSE,
liguster,0.660072067077819,1,Brysbaert2014a,3.75,NA,core,FALSE,
mare,0.660072067077819,1,Brysbaert2014a,3.75,NA,core,FALSE,
melasse,0.660072067077819,1,Brysbaert2014a,3.75,NA,core,FALSE,
mispel,0.660072067077819,1,Brysbaert2014a,3.75,NA,core,FALSE,
prikkertje,0.660072067077819,1,Brysbaert2014a,3.75,NA,core,FALSE,
rachitis,0.660072067077819,1,Brysbaert2014a,3.75,NA,core,FALSE,
rapier,0.660072067077819,1,Brysbaert2014a,3.75,NA,core,FALSE,
rohypnol,0.660072067077819,1,Brysbaert2014a,3.75,NA,core,FALSE,
santenkraam,0.660072067077819,1,Brysbaert2014a,3.75,NA,core,FALSE,
schutsluis,0.660072067077819,1,Brysbaert2014a,3.75,NA,core,FALSE,
sol,0.660072067077819,1,Brysbaert2014a,3.75,NA,core,FALSE,
spinnaker,0.660072067077819,1,Brysbaert2014a,3.75,NA,core,FALSE,
spoelsel,0.660072067077819,1,Brysbaert2014a,3.75,NA,core,FALSE,
strychnine,0.660072067077819,1,Brysbaert2014a,3.75,NA,core,FALSE,
stukwerk,0.660072067077819,1,Brysbaert2014a,3.75,NA,core,FALSE,
tapisserie,0.660072067077819,1,Brysbaert2014a,3.75,NA,core,FALSE,
troel,0.660072067077819,1,Brysbaert2014a,3.75,NA,core,FALSE,
waker,0.660072067077819,1,Brysbaert2014a,3.75,NA,core,FALSE,
stoffer,0.658604913655365,2,Brysbaert2014a;Jasmin2012,5.81,NA,core,FALSE,
drank,0.658209477357213,2,Brysbaert2014a;Jasmin2012,5.8,NA,core,FALSE,
moeder,0.653993363301674,2,Brysbaert2014a;Jasmin2012,5.8,NA,core,FALSE,
guillotine,0.653477063887504,2,Brysbaert2014a;Jasmin2012,5.79,NA,core,FALSE,
achterkamer,0.652068463723928,1,Brysbaert2014a,3.73,NA,core,FALSE,
amfetamine,0.652068463723928,1,Brysbaert2014a,3.73,NA,core,FALSE,
appelaar,0.652068463723928,1,Brysbaert2014a,3.73,NA,core,FALSE,
arbiter,0.652068463723928,1,Brysbaert2014a,3.73,NA,core,FALSE,
artikel,0.652068463723928,1,Brysbaert2014a,3.73,NA,core,FALSE,
autorace,0.652068463723928,1,Brysbaert2014a,3.73,NA,core,FALSE,
baan,0.652068463723928,1,Brysbaert2014a,3.73,NA,core,FALSE,
beelden,0.652068463723928,1,Brysbaert2014a,3.73,NA,core,FALSE,
begroeiing,0.652068463723928,1,Brysbaert2014a,3.73,NA,core,FALSE,
bewaking,0.652068463723928,1,Brysbaert2014a,3.73,NA,core,FALSE,
bloedtransfusie,0.652068463723928,1,Brysbaert2014a,3.73,NA,core,FALSE,
bodem,0.652068463723928,1,Brysbaert2014a,3.73,NA,core,FALSE,
bouwwerk,0.652068463723928,1,Brysbaert2014a,3.73,NA,core,FALSE,
bronzen,0.652068463723928,1,Brysbaert2014a,3.73,NA,core,FALSE,
bros,0.652068463723928,1,Brysbaert2014a,3.73,NA,core,FALSE,
bruidegom,0.652068463723928,1,Brysbaert2014a,3.73,NA,core,FALSE,
bruidspaar,0.652068463723928,1,Brysbaert2014a,3.73,NA,core,FALSE,
brunch,0.652068463723928,1,Brysbaert2014a,3.73,NA,core,FALSE,
buigzaam,0.652068463723928,1,Brysbaert2014a,3.73,NA,core,FALSE,
bundel,0.652068463723928,1,Brysbaert2014a,3.73,NA,core,FALSE,
buurmeisje,0.652068463723928,1,Brysbaert2014a,3.73,NA,core,FALSE,
cameraman,0.652068463723928,1,Brysbaert2014a,3.73,NA,core,FALSE,
cijfers,0.652068463723928,1,Brysbaert2014a,3.73,NA,core,FALSE,
compressor,0.652068463723928,1,Brysbaert2014a,3.73,NA,core,FALSE,
continent,0.652068463723928,1,Brysbaert2014a,3.73,NA,core,FALSE,
decor,0.652068463723928,1,Brysbaert2014a,3.73,NA,core,FALSE,
deksels,0.652068463723928,1,Brysbaert2014a,3.73,NA,core,FALSE,
deuntje,0.652068463723928,1,Brysbaert2014a,3.73,NA,core,FALSE,
diagonaal,0.652068463723928,1,Brysbaert2014a,3.73,NA,core,FALSE,
dier,0.652068463723928,1,Brysbaert2014a,3.73,NA,core,FALSE,
docente,0.652068463723928,1,Brysbaert2014a,3.73,NA,core,FALSE,
drogisterij,0.652068463723928,1,Brysbaert2014a,3.73,NA,core,FALSE,
droogkuis,0.652068463723928,1,Brysbaert2014a,3.73,NA,core,FALSE,
drumband,0.652068463723928,1,Brysbaert2014a,3.73,NA,core,FALSE,
dutje,0.652068463723928,1,Brysbaert2014a,3.73,NA,core,FALSE,
eb,0.652068463723928,1,Brysbaert2014a,3.73,NA,core,FALSE,
eclips,0.652068463723928,1,Brysbaert2014a,3.73,NA,core,FALSE,
eetwaren,0.652068463723928,1,Brysbaert2014a,3.73,NA,core,FALSE,
etenswaren,0.652068463723928,1,Brysbaert2014a,3.73,NA,core,FALSE,
explosie,0.652068463723928,1,Brysbaert2014a,3.73,NA,core,FALSE,
feestganger,0.652068463723928,1,Brysbaert2014a,3.73,NA,core,FALSE,
feestmuts,0.652068463723928,1,Brysbaert2014a,3.73,NA,core,FALSE,
filmmaker,0.652068463723928,1,Brysbaert2014a,3.73,NA,core,FALSE,
folkmuziek,0.652068463723928,1,Brysbaert2014a,3.73,NA,core,FALSE,
fotomodel,0.652068463723928,1,Brysbaert2014a,3.73,NA,core,FALSE,
garagehouder,0.652068463723928,1,Brysbaert2014a,3.73,NA,core,FALSE,
gedierte,0.652068463723928,1,Brysbaert2014a,3.73,NA,core,FALSE,
gehoorgang,0.652068463723928,1,Brysbaert2014a,3.73,NA,core,FALSE,
gelagkamer,0.652068463723928,1,Brysbaert2014a,3.73,NA,core,FALSE,
geluiddemper,0.652068463723928,1,Brysbaert2014a,3.73,NA,core,FALSE,
geroffel,0.652068463723928,1,Brysbaert2014a,3.73,NA,core,FALSE,
getrappel,0.652068463723928,1,Brysbaert2014a,3.73,NA,core,FALSE,
gewelf,0.652068463723928,1,Brysbaert2014a,3.73,NA,core,FALSE,
gezwel,0.652068463723928,1,Brysbaert2014a,3.73,NA,core,FALSE,
glacé,0.652068463723928,1,Brysbaert2014a,3.73,NA,core,FALSE,
grazen,0.652068463723928,1,Brysbaert2014a,3.73,NA,core,FALSE,
groente,0.652068463723928,1,Brysbaert2014a,3.73,NA,core,FALSE,
handenarbeid,0.652068463723928,1,Brysbaert2014a,3.73,NA,core,FALSE,
hechting,0.652068463723928,1,Brysbaert2014a,3.73,NA,core,FALSE,
herenboer,0.652068463723928,1,Brysbaert2014a,3.73,NA,core,FALSE,
hobbel,0.652068463723928,1,Brysbaert2014a,3.73,NA,core,FALSE,
hockeyspeler,0.652068463723928,1,Brysbaert2014a,3.73,NA,core,FALSE,
homostel,0.652068463723928,1,Brysbaert2014a,3.73,NA,core,FALSE,
hoofdeinde,0.652068463723928,1,Brysbaert2014a,3.73,NA,core,FALSE,
huishoudster,0.652068463723928,1,Brysbaert2014a,3.73,NA,core,FALSE,
inenting,0.652068463723928,1,Brysbaert2014a,3.73,NA,core,FALSE,
jogger,0.652068463723928,1,Brysbaert2014a,3.73,NA,core,FALSE,
jongeman,0.652068463723928,1,Brysbaert2014a,3.73,NA,core,FALSE,
journaal,0.652068463723928,1,Brysbaert2014a,3.73,NA,core,FALSE,
kannibaal,0.652068463723928,1,Brysbaert2014a,3.73,NA,core,FALSE,
kant,0.652068463723928,1,Brysbaert2014a,3.73,NA,core,FALSE,
kapittel,0.652068463723928,1,Brysbaert2014a,3.73,NA,core,FALSE,
kapseizen,0.652068463723928,1,Brysbaert2014a,3.73,NA,core,FALSE,
kieken,0.652068463723928,1,Brysbaert2014a,3.73,NA,core,FALSE,
kijkdoos,0.652068463723928,1,Brysbaert2014a,3.73,NA,core,FALSE,
kneden,0.652068463723928,1,Brysbaert2014a,3.73,NA,core,FALSE,
kniebuiging,0.652068463723928,1,Brysbaert2014a,3.73,NA,core,FALSE,
kommagetal,0.652068463723928,1,Brysbaert2014a,3.73,NA,core,FALSE,
koper,0.652068463723928,1,Brysbaert2014a,3.73,NA,core,FALSE,
kou,0.652068463723928,1,Brysbaert2014a,3.73,NA,core,FALSE,
koude,0.652068463723928,1,Brysbaert2014a,3.73,NA,core,FALSE,
kraakpand,0.652068463723928,1,Brysbaert2014a,3.73,NA,core,FALSE,
kramp,0.652068463723928,1,Brysbaert2014a,3.73,NA,core,FALSE,
kreupel,0.652068463723928,1,Brysbaert2014a,3.73,NA,core,FALSE,
kruisen,0.652068463723928,1,Brysbaert2014a,3.73,NA,core,FALSE,
kruisweg,0.652068463723928,1,Brysbaert2014a,3.73,NA,core,FALSE,
kunsten,0.652068463723928,1,Brysbaert2014a,3.73,NA,core,FALSE,
kuuroord,0.652068463723928,1,Brysbaert2014a,3.73,NA,core,FALSE,
kwakken,0.652068463723928,1,Brysbaert2014a,3.73,NA,core,FALSE,
landgoed,0.652068463723928,1,Brysbaert2014a,3.73,NA,core,FALSE,
landhuis,0.652068463723928,1,Brysbaert2014a,3.73,NA,core,FALSE,
leeuwentemmer,0.652068463723928,1,Brysbaert2014a,3.73,NA,core,FALSE,
lesrooster,0.652068463723928,1,Brysbaert2014a,3.73,NA,core,FALSE,
leverancier,0.652068463723928,1,Brysbaert2014a,3.73,NA,core,FALSE,
maalderij,0.652068463723928,1,Brysbaert2014a,3.73,NA,core,FALSE,
machinerie,0.652068463723928,1,Brysbaert2014a,3.73,NA,core,FALSE,
mank,0.652068463723928,1,Brysbaert2014a,3.73,NA,core,FALSE,
manometer,0.652068463723928,1,Brysbaert2014a,3.73,NA,core,FALSE,
markering,0.652068463723928,1,Brysbaert2014a,3.73,NA,core,FALSE,
marktkramer,0.652068463723928,1,Brysbaert2014a,3.73,NA,core,FALSE,
medicament,0.652068463723928,1,Brysbaert2014a,3.73,NA,core,FALSE,
meezingen,0.652068463723928,1,Brysbaert2014a,3.73,NA,core,FALSE,
methanol,0.652068463723928,1,Brysbaert2014a,3.73,NA,core,FALSE,
muziekje,0.652068463723928,1,Brysbaert2014a,3.73,NA,core,FALSE,
muziekkamer,0.652068463723928,1,Brysbaert2014a,3.73,NA,core,FALSE,
muziekkorps,0.652068463723928,1,Brysbaert2014a,3.73,NA,core,FALSE,
natuurgebied,0.652068463723928,1,Brysbaert2014a,3.73,NA,core,FALSE,
ontploffing,0.652068463723928,1,Brysbaert2014a,3.73,NA,core,FALSE,
ontslagbrief,0.652068463723928,1,Brysbaert2014a,3.73,NA,core,FALSE,
oogst,0.652068463723928,1,Brysbaert2014a,3.73,NA,core,FALSE,
opvanghuis,0.652068463723928,1,Brysbaert2014a,3.73,NA,core,FALSE,
overweg,0.652068463723928,1,Brysbaert2014a,3.73,NA,core,FALSE,
padvindster,0.652068463723928,1,Brysbaert2014a,3.73,NA,core,FALSE,
paffen,0.652068463723928,1,Brysbaert2014a,3.73,NA,core,FALSE,
pakhuis,0.652068463723928,1,Brysbaert2014a,3.73,NA,core,FALSE,
parasiet,0.652068463723928,1,Brysbaert2014a,3.73,NA,core,FALSE,
patrouille,0.652068463723928,1,Brysbaert2014a,3.73,NA,core,FALSE,
persen,0.652068463723928,1,Brysbaert2014a,3.73,NA,core,FALSE,
pets,0.652068463723928,1,Brysbaert2014a,3.73,NA,core,FALSE,
pianist,0.652068463723928,1,Brysbaert2014a,3.73,NA,core,FALSE,
piloot,0.652068463723928,1,Brysbaert2014a,3.73,NA,core,FALSE,
pitcher,0.652068463723928,1,Brysbaert2014a,3.73,NA,core,FALSE,
playback,0.652068463723928,1,Brysbaert2014a,3.73,NA,core,FALSE,
pokerspeler,0.652068463723928,1,Brysbaert2014a,3.73,NA,core,FALSE,
prof,0.652068463723928,1,Brysbaert2014a,3.73,NA,core,FALSE,
pruilmond,0.652068463723928,1,Brysbaert2014a,3.73,NA,core,FALSE,
puntkomma,0.652068463723928,1,Brysbaert2014a,3.73,NA,core,FALSE,
quizmaster,0.652068463723928,1,Brysbaert2014a,3.73,NA,core,FALSE,
rammeling,0.652068463723928,1,Brysbaert2014a,3.73,NA,core,FALSE,
rampplek,0.652068463723928,1,Brysbaert2014a,3.73,NA,core,FALSE,
rappen,0.652068463723928,1,Brysbaert2014a,3.73,NA,core,FALSE,
rekenles,0.652068463723928,1,Brysbaert2014a,3.73,NA,core,FALSE,
reportage,0.652068463723928,1,Brysbaert2014a,3.73,NA,core,FALSE,
restafval,0.652068463723928,1,Brysbaert2014a,3.73,NA,core,FALSE,
rijkswacht,0.652068463723928,1,Brysbaert2014a,3.73,NA,core,FALSE,
rillingen,0.652068463723928,1,Brysbaert2014a,3.73,NA,core,FALSE,
roeier,0.652068463723928,1,Brysbaert2014a,3.73,NA,core,FALSE,
roestbak,0.652068463723928,1,Brysbaert2014a,3.73,NA,core,FALSE,
ruimtereis,0.652068463723928,1,Brysbaert2014a,3.73,NA,core,FALSE,
schildering,0.652068463723928,1,Brysbaert2014a,3.73,NA,core,FALSE,
schipbreuk,0.652068463723928,1,Brysbaert2014a,3.73,NA,core,FALSE,
serienummer,0.652068463723928,1,Brysbaert2014a,3.73,NA,core,FALSE,
slaap,0.652068463723928,1,Brysbaert2014a,3.73,NA,core,FALSE,
slaapmiddel,0.652068463723928,1,Brysbaert2014a,3.73,NA,core,FALSE,
slachtbank,0.652068463723928,1,Brysbaert2014a,3.73,NA,core,FALSE,
slagwerk,0.652068463723928,1,Brysbaert2014a,3.73,NA,core,FALSE,
sloop,0.652068463723928,1,Brysbaert2014a,3.73,NA,core,FALSE,
sluipschutter,0.652068463723928,1,Brysbaert2014a,3.73,NA,core,FALSE,
snotvalling,0.652068463723928,1,Brysbaert2014a,3.73,NA,core,FALSE,
sonar,0.652068463723928,1,Brysbaert2014a,3.73,NA,core,FALSE,
spatie,0.652068463723928,1,Brysbaert2014a,3.73,NA,core,FALSE,
speelster,0.652068463723928,1,Brysbaert2014a,3.73,NA,core,FALSE,
spoeling,0.652068463723928,1,Brysbaert2014a,3.73,NA,core,FALSE,
sporter,0.652068463723928,1,Brysbaert2014a,3.73,NA,core,FALSE,
sprinter,0.652068463723928,1,Brysbaert2014a,3.73,NA,core,FALSE,
steil,0.652068463723928,1,Brysbaert2014a,3.73,NA,core,FALSE,
straatnaam,0.652068463723928,1,Brysbaert2014a,3.73,NA,core,FALSE,
strijkgoed,0.652068463723928,1,Brysbaert2014a,3.73,NA,core,FALSE,
supermodel,0.652068463723928,1,Brysbaert2014a,3.73,NA,core,FALSE,
tandpijn,0.652068463723928,1,Brysbaert2014a,3.73,NA,core,FALSE,
telegram,0.652068463723928,1,Brysbaert2014a,3.73,NA,core,FALSE,
tikker,0.652068463723928,1,Brysbaert2014a,3.73,NA,core,FALSE,
tinteling,0.652068463723928,1,Brysbaert2014a,3.73,NA,core,FALSE,
trol,0.652068463723928,1,Brysbaert2014a,3.73,NA,core,FALSE,
trucker,0.652068463723928,1,Brysbaert2014a,3.73,NA,core,FALSE,
uitwringen,0.652068463723928,1,Brysbaert2014a,3.73,NA,core,FALSE,
vaccinatie,0.652068463723928,1,Brysbaert2014a,3.73,NA,core,FALSE,
valkuil,0.652068463723928,1,Brysbaert2014a,3.73,NA,core,FALSE,
verbranding,0.652068463723928,1,Brysbaert2014a,3.73,NA,core,FALSE,
verpleger,0.652068463723928,1,Brysbaert2014a,3.73,NA,core,FALSE,
vliegenier,0.652068463723928,1,Brysbaert2014a,3.73,NA,core,FALSE,
vlucht,0.652068463723928,1,Brysbaert2014a,3.73,NA,core,FALSE,
vouw,0.652068463723928,1,Brysbaert2014a,3.73,NA,core,FALSE,
walvisjager,0.652068463723928,1,Brysbaert2014a,3.73,NA,core,FALSE,
wereldreis,0.652068463723928,1,Brysbaert2014a,3.73,NA,core,FALSE,
werkkamer,0.652068463723928,1,Brysbaert2014a,3.73,NA,core,FALSE,
wisselbeker,0.652068463723928,1,Brysbaert2014a,3.73,NA,core,FALSE,
zakenmens,0.652068463723928,1,Brysbaert2014a,3.73,NA,core,FALSE,
zatlap,0.652068463723928,1,Brysbaert2014a,3.73,NA,core,FALSE,
zekering,0.652068463723928,1,Brysbaert2014a,3.73,NA,core,FALSE,
zoekertje,0.652068463723928,1,Brysbaert2014a,3.73,NA,core,FALSE,
zonneslag,0.652068463723928,1,Brysbaert2014a,3.73,NA,core,FALSE,
zuurstof,0.652068463723928,1,Brysbaert2014a,3.73,NA,core,FALSE,
spel,0.652029003919032,2,Brysbaert2014a;Jasmin2012,5.8,NA,core,FALSE,
pokken,0.651697398745085,2,Brysbaert2014a;Jasmin2012,5.815,NA,core,FALSE,
dorp,0.648300254157157,2,Brysbaert2014a;Jasmin2012,5.765,NA,core,FALSE,
metaal,0.647619719992479,2,Brysbaert2014a;Jasmin2012,5.8,NA,core,FALSE,
markt,0.647611337500487,2,Brysbaert2014a;Jasmin2012,5.79,NA,core,FALSE,
blubber,0.647548717180681,2,Brysbaert2014a;Jasmin2012,5.79,NA,core,FALSE,
warmte,0.645066443978005,2,Brysbaert2014a;Jasmin2012,5.8,NA,core,FALSE,
arts,0.644134590284903,2,Brysbaert2014a;Jasmin2012,5.795,NA,core,FALSE,
arcering,0.64392626983577,1,Brysbaert2014a,3.71,NA,core,FALSE,
asem,0.64392626983577,1,Brysbaert2014a,3.71,NA,core,FALSE,
avenue,0.64392626983577,1,Brysbaert2014a,3.71,NA,core,FALSE,
bakkes,0.64392626983577,1,Brysbaert2014a,3.71,NA,core,FALSE,
barbier,0.64392626983577,1,Brysbaert2014a,3.71,NA,core,FALSE,
begijntje,0.64392626983577,1,Brysbaert2014a,3.71,NA,core,FALSE,
blauwdruk,0.64392626983577,1,Brysbaert2014a,3.71,NA,core,FALSE,
brandglas,0.64392626983577,1,Brysbaert2014a,3.71,NA,core,FALSE,
cursief,0.64392626983577,1,Brysbaert2014a,3.71,NA,core,FALSE,
decoder,0.64392626983577,1,Brysbaert2014a,3.71,NA,core,FALSE,
dodencel,0.64392626983577,1,Brysbaert2014a,3.71,NA,core,FALSE,
flappen,0.64392626983577,1,Brysbaert2014a,3.71,NA,core,FALSE,
gisten,0.64392626983577,1,Brysbaert2014a,3.71,NA,core,FALSE,
grafdelver,0.64392626983577,1,Brysbaert2014a,3.71,NA,core,FALSE,
grietje,0.64392626983577,1,Brysbaert2014a,3.71,NA,core,FALSE,
gulden,0.64392626983577,1,Brysbaert2014a,3.71,NA,core,FALSE,
hoogblond,0.64392626983577,1,Brysbaert2014a,3.71,NA,core,FALSE,
hoogleraar,0.64392626983577,1,Brysbaert2014a,3.71,NA,core,FALSE,
jongedame,0.64392626983577,1,Brysbaert2014a,3.71,NA,core,FALSE,
kelnerin,0.64392626983577,1,Brysbaert2014a,3.71,NA,core,FALSE,
kibboets,0.64392626983577,1,Brysbaert2014a,3.71,NA,core,FALSE,
kloten,0.64392626983577,1,Brysbaert2014a,3.71,NA,core,FALSE,
knuist,0.64392626983577,1,Brysbaert2014a,3.71,NA,core,FALSE,
kwispedoor,0.64392626983577,1,Brysbaert2014a,3.71,NA,core,FALSE,
mangat,0.64392626983577,1,Brysbaert2014a,3.71,NA,core,FALSE,
musketier,0.64392626983577,1,Brysbaert2014a,3.71,NA,core,FALSE,
nekslag,0.64392626983577,1,Brysbaert2014a,3.71,NA,core,FALSE,
opaal,0.64392626983577,1,Brysbaert2014a,3.71,NA,core,FALSE,
peluw,0.64392626983577,1,Brysbaert2014a,3.71,NA,core,FALSE,
pianola,0.64392626983577,1,Brysbaert2014a,3.71,NA,core,FALSE,
poeper,0.64392626983577,1,Brysbaert2014a,3.71,NA,core,FALSE,
polijsten,0.64392626983577,1,Brysbaert2014a,3.71,NA,core,FALSE,
processor,0.64392626983577,1,Brysbaert2014a,3.71,NA,core,FALSE,
radioloog,0.64392626983577,1,Brysbaert2014a,3.71,NA,core,FALSE,
reader,0.64392626983577,1,Brysbaert2014a,3.71,NA,core,FALSE,
referee,0.64392626983577,1,Brysbaert2014a,3.71,NA,core,FALSE,
rumba,0.64392626983577,1,Brysbaert2014a,3.71,NA,core,FALSE,
sjeik,0.64392626983577,1,Brysbaert2014a,3.71,NA,core,FALSE,
spekzool,0.64392626983577,1,Brysbaert2014a,3.71,NA,core,FALSE,
stretcher,0.64392626983577,1,Brysbaert2014a,3.71,NA,core,FALSE,
tangram,0.64392626983577,1,Brysbaert2014a,3.71,NA,core,FALSE,
vrachtbrief,0.64392626983577,1,Brysbaert2014a,3.71,NA,core,FALSE,
aspartaam,0.642124592890306,1,Brysbaert2014a,3.7,NA,core,FALSE,
bedeltje,0.642124592890306,1,Brysbaert2014a,3.7,NA,core,FALSE,
bottelarij,0.642124592890306,1,Brysbaert2014a,3.7,NA,core,FALSE,
hoogtezon,0.642124592890306,1,Brysbaert2014a,3.7,NA,core,FALSE,
jambe,0.642124592890306,1,Brysbaert2014a,3.7,NA,core,FALSE,
karpet,0.642124592890306,1,Brysbaert2014a,3.7,NA,core,FALSE,
moordkuil,0.642124592890306,1,Brysbaert2014a,3.7,NA,core,FALSE,
rui,0.642124592890306,1,Brysbaert2014a,3.7,NA,core,FALSE,
stellage,0.642124592890306,1,Brysbaert2014a,3.7,NA,core,FALSE,
zuring,0.642124592890306,1,Brysbaert2014a,3.7,NA,core,FALSE,
boemel,0.641015868616174,1,Brysbaert2014a,3.69,NA,core,FALSE,
bolster,0.641015868616174,1,Brysbaert2014a,3.69,NA,core,FALSE,
buste,0.641015868616174,1,Brysbaert2014a,3.69,NA,core,FALSE,
cavalerie,0.641015868616174,1,Brysbaert2014a,3.69,NA,core,FALSE,
drapering,0.641015868616174,1,Brysbaert2014a,3.69,NA,core,FALSE,
grimeur,0.641015868616174,1,Brysbaert2014a,3.69,NA,core,FALSE,
inkeping,0.641015868616174,1,Brysbaert2014a,3.69,NA,core,FALSE,
jumper,0.641015868616174,1,Brysbaert2014a,3.69,NA,core,FALSE,
kogelrond,0.641015868616174,1,Brysbaert2014a,3.69,NA,core,FALSE,
mi,0.641015868616174,1,Brysbaert2014a,3.69,NA,core,FALSE,
negligé,0.641015868616174,1,Brysbaert2014a,3.69,NA,core,FALSE,
pagadder,0.641015868616174,1,Brysbaert2014a,3.69,NA,core,FALSE,
pastorie,0.641015868616174,1,Brysbaert2014a,3.69,NA,core,FALSE,
praatstoel,0.641015868616174,1,Brysbaert2014a,3.69,NA,core,FALSE,
puk,0.641015868616174,1,Brysbaert2014a,3.69,NA,core,FALSE,
schoffel,0.641015868616174,1,Brysbaert2014a,3.69,NA,core,FALSE,
spijs,0.641015868616174,1,Brysbaert2014a,3.69,NA,core,FALSE,
stomp,0.641015868616174,1,Brysbaert2014a,3.69,NA,core,FALSE,
stopsel,0.641015868616174,1,Brysbaert2014a,3.69,NA,core,FALSE,
talk,0.641015868616174,1,Brysbaert2014a,3.69,NA,core,FALSE,
tamtam,0.641015868616174,1,Brysbaert2014a,3.69,NA,core,FALSE,
winterhanden,0.641015868616174,1,Brysbaert2014a,3.69,NA,core,FALSE,
gezicht,0.640380258399319,2,Brysbaert2014a;Jasmin2012,5.745,NA,core,FALSE,
slijm,0.63989773732325,2,Brysbaert2014a;Jasmin2012,5.655,NA,core,FALSE,
geschenk,0.639546821371455,2,Brysbaert2014a;Jasmin2012,5.77,NA,core,FALSE,
kwekerij,0.637842940165896,2,Brysbaert2014a;Jasmin2012,5.765,NA,core,FALSE,
schop,0.637279978212972,2,Brysbaert2014a;Jasmin2012,5.715,NA,core,FALSE,
zelfmoord,0.636966131503541,2,Brysbaert2014a;Jasmin2012,5.765,NA,core,FALSE,
ketchup,0.636200716845878,1,Jasmin2012,7.86,NA,core,FALSE,
infectie,0.636092706884249,2,Brysbaert2014a;Jasmin2012,5.765,NA,core,FALSE,
schimmel,0.634202796449002,2,Brysbaert2014a;Jasmin2012,5.735,NA,core,FALSE,
aftrap,0.632492550758783,1,Brysbaert2014a,3.67,NA,core,FALSE,
afvoer,0.632492550758783,1,Brysbaert2014a,3.67,NA,core,FALSE,
animatrice,0.632492550758783,1,Brysbaert2014a,3.67,NA,core,FALSE,
antibiotica,0.632492550758783,1,Brysbaert2014a,3.67,NA,core,FALSE,
apenkop,0.632492550758783,1,Brysbaert2014a,3.67,NA,core,FALSE,
archivaris,0.632492550758783,1,Brysbaert2014a,3.67,NA,core,FALSE,
attractie,0.632492550758783,1,Brysbaert2014a,3.67,NA,core,FALSE,
avondrood,0.632492550758783,1,Brysbaert2014a,3.67,NA,core,FALSE,
bandopname,0.632492550758783,1,Brysbaert2014a,3.67,NA,core,FALSE,
banketbakker,0.632492550758783,1,Brysbaert2014a,3.67,NA,core,FALSE,
bard,0.632492550758783,1,Brysbaert2014a,3.67,NA,core,FALSE,
bas,0.632492550758783,1,Brysbaert2014a,3.67,NA,core,FALSE,
basisschool,0.632492550758783,1,Brysbaert2014a,3.67,NA,core,FALSE,
bergruimte,0.632492550758783,1,Brysbaert2014a,3.67,NA,core,FALSE,
bestelauto,0.632492550758783,1,Brysbaert2014a,3.67,NA,core,FALSE,
betoging,0.632492550758783,1,Brysbaert2014a,3.67,NA,core,FALSE,
beving,0.632492550758783,1,Brysbaert2014a,3.67,NA,core,FALSE,
bieb,0.632492550758783,1,Brysbaert2014a,3.67,NA,core,FALSE,
bierbuik,0.632492550758783,1,Brysbaert2014a,3.67,NA,core,FALSE,
binnenplaats,0.632492550758783,1,Brysbaert2014a,3.67,NA,core,FALSE,
blaag,0.632492550758783,1,Brysbaert2014a,3.67,NA,core,FALSE,
blaffer,0.632492550758783,1,Brysbaert2014a,3.67,NA,core,FALSE,
blessure,0.632492550758783,1,Brysbaert2014a,3.67,NA,core,FALSE,
blikschade,0.632492550758783,1,Brysbaert2014a,3.67,NA,core,FALSE,
boekmaag,0.632492550758783,1,Brysbaert2014a,3.67,NA,core,FALSE,
bommenlegger,0.632492550758783,1,Brysbaert2014a,3.67,NA,core,FALSE,
bonnefooi,0.632492550758783,1,Brysbaert2014a,3.67,NA,core,FALSE,
bonze,0.632492550758783,1,Brysbaert2014a,3.67,NA,core,FALSE,
boothuis,0.632492550758783,1,Brysbaert2014a,3.67,NA,core,FALSE,
bootsman,0.632492550758783,1,Brysbaert2014a,3.67,NA,core,FALSE,
brandstichting,0.632492550758783,1,Brysbaert2014a,3.67,NA,core,FALSE,
bromelia,0.632492550758783,1,Brysbaert2014a,3.67,NA,core,FALSE,
bronvermelding,0.632492550758783,1,Brysbaert2014a,3.67,NA,core,FALSE,
butagas,0.632492550758783,1,Brysbaert2014a,3.67,NA,core,FALSE,
buurland,0.632492550758783,1,Brysbaert2014a,3.67,NA,core,FALSE,
buurtwinkel,0.632492550758783,1,Brysbaert2014a,3.67,NA,core,FALSE,
cafeïne,0.632492550758783,1,Brysbaert2014a,3.67,NA,core,FALSE,
carburateur,0.632492550758783,1,Brysbaert2014a,3.67,NA,core,FALSE,
castraat,0.632492550758783,1,Brysbaert2014a,3.67,NA,core,FALSE,
celmaat,0.632492550758783,1,Brysbaert2014a,3.67,NA,core,FALSE,
checklist,0.632492550758783,1,Brysbaert2014a,3.67,NA,core,FALSE,
chloor,0.632492550758783,1,Brysbaert2014a,3.67,NA,core,FALSE,
circuit,0.632492550758783,1,Brysbaert2014a,3.67,NA,core,FALSE,
commissariaat,0.632492550758783,1,Brysbaert2014a,3.67,NA,core,FALSE,
commissaris,0.632492550758783,1,Brysbaert2014a,3.67,NA,core,FALSE,
controleur,0.632492550758783,1,Brysbaert2014a,3.67,NA,core,FALSE,
crashen,0.632492550758783,1,Brysbaert2014a,3.67,NA,core,FALSE,
decimeter,0.632492550758783,1,Brysbaert2014a,3.67,NA,core,FALSE,
dekhengst,0.632492550758783,1,Brysbaert2014a,3.67,NA,core,FALSE,
diagram,0.632492550758783,1,Brysbaert2014a,3.67,NA,core,FALSE,
dieetpil,0.632492550758783,1,Brysbaert2014a,3.67,NA,core,FALSE,
dienstmeisje,0.632492550758783,1,Brysbaert2014a,3.67,NA,core,FALSE,
dierentemmer,0.632492550758783,1,Brysbaert2014a,3.67,NA,core,FALSE,
dirham,0.632492550758783,1,Brysbaert2014a,3.67,NA,core,FALSE,
documentaire,0.632492550758783,1,Brysbaert2014a,3.67,NA,core,FALSE,
dominee,0.632492550758783,1,Brysbaert2014a,3.67,NA,core,FALSE,
drinker,0.632492550758783,1,Brysbaert2014a,3.67,NA,core,FALSE,
dubbeltje,0.632492550758783,1,Brysbaert2014a,3.67,NA,core,FALSE,
duikvlucht,0.632492550758783,1,Brysbaert2014a,3.67,NA,core,FALSE,
duster,0.632492550758783,1,Brysbaert2014a,3.67,NA,core,FALSE,
elektriciteit,0.632492550758783,1,Brysbaert2014a,3.67,NA,core,FALSE,
feestnummer,0.632492550758783,1,Brysbaert2014a,3.67,NA,core,FALSE,
filmfestival,0.632492550758783,1,Brysbaert2014a,3.67,NA,core,FALSE,
flora,0.632492550758783,1,Brysbaert2014a,3.67,NA,core,FALSE,
forehand,0.632492550758783,1,Brysbaert2014a,3.67,NA,core,FALSE,
fundering,0.632492550758783,1,Brysbaert2014a,3.67,NA,core,FALSE,
gastspreker,0.632492550758783,1,Brysbaert2014a,3.67,NA,core,FALSE,
gefladder,0.632492550758783,1,Brysbaert2014a,3.67,NA,core,FALSE,
gefluister,0.632492550758783,1,Brysbaert2014a,3.67,NA,core,FALSE,
gejuich,0.632492550758783,1,Brysbaert2014a,3.67,NA,core,FALSE,
geuze,0.632492550758783,1,Brysbaert2014a,3.67,NA,core,FALSE,
gezin,0.632492550758783,1,Brysbaert2014a,3.67,NA,core,FALSE,
gifgrond,0.632492550758783,1,Brysbaert2014a,3.67,NA,core,FALSE,
gospel,0.632492550758783,1,Brysbaert2014a,3.67,NA,core,FALSE,
griep,0.632492550758783,1,Brysbaert2014a,3.67,NA,core,FALSE,
groenteboer,0.632492550758783,1,Brysbaert2014a,3.67,NA,core,FALSE,
gymleraar,0.632492550758783,1,Brysbaert2014a,3.67,NA,core,FALSE,
handleiding,0.632492550758783,1,Brysbaert2014a,3.67,NA,core,FALSE,
hartklopping,0.632492550758783,1,Brysbaert2014a,3.67,NA,core,FALSE,
hobbezak,0.632492550758783,1,Brysbaert2014a,3.67,NA,core,FALSE,
hotelier,0.632492550758783,1,Brysbaert2014a,3.67,NA,core,FALSE,
huisarts,0.632492550758783,1,Brysbaert2014a,3.67,NA,core,FALSE,
huismijt,0.632492550758783,1,Brysbaert2014a,3.67,NA,core,FALSE,
huisvader,0.632492550758783,1,Brysbaert2014a,3.67,NA,core,FALSE,
ingang,0.632492550758783,1,Brysbaert2014a,3.67,NA,core,FALSE,
jagen,0.632492550758783,1,Brysbaert2014a,3.67,NA,core,FALSE,
jaspis,0.632492550758783,1,Brysbaert2014a,3.67,NA,core,FALSE,
jool,0.632492550758783,1,Brysbaert2014a,3.67,NA,core,FALSE,
juwelier,0.632492550758783,1,Brysbaert2014a,3.67,NA,core,FALSE,
kaakslag,0.632492550758783,1,Brysbaert2014a,3.67,NA,core,FALSE,
kaarsrecht,0.632492550758783,1,Brysbaert2014a,3.67,NA,core,FALSE,
kalligrafie,0.632492550758783,1,Brysbaert2014a,3.67,NA,core,FALSE,
kamergenoot,0.632492550758783,1,Brysbaert2014a,3.67,NA,core,FALSE,
kampement,0.632492550758783,1,Brysbaert2014a,3.67,NA,core,FALSE,
karnaval,0.632492550758783,1,Brysbaert2014a,3.67,NA,core,FALSE,
kerf,0.632492550758783,1,Brysbaert2014a,3.67,NA,core,FALSE,
kerncentrale,0.632492550758783,1,Brysbaert2014a,3.67,NA,core,FALSE,
kerstcadeau,0.632492550758783,1,Brysbaert2014a,3.67,NA,core,FALSE,
kerstfeest,0.632492550758783,1,Brysbaert2014a,3.67,NA,core,FALSE,
kinderarts,0.632492550758783,1,Brysbaert2014a,3.67,NA,core,FALSE,
klant,0.632492550758783,1,Brysbaert2014a,3.67,NA,core,FALSE,
klerk,0.632492550758783,1,Brysbaert2014a,3.67,NA,core,FALSE,
koeling,0.632492550758783,1,Brysbaert2014a,3.67,NA,core,FALSE,
koffiedik,0.632492550758783,1,Brysbaert2014a,3.67,NA,core,FALSE,
kokhalzen,0.632492550758783,1,Brysbaert2014a,3.67,NA,core,FALSE,
krijsen,0.632492550758783,1,Brysbaert2014a,3.67,NA,core,FALSE,
kromming,0.632492550758783,1,Brysbaert2014a,3.67,NA,core,FALSE,
krukas,0.632492550758783,1,Brysbaert2014a,3.67,NA,core,FALSE,
kweekreactor,0.632492550758783,1,Brysbaert2014a,3.67,NA,core,FALSE,
kwetsuur,0.632492550758783,1,Brysbaert2014a,3.67,NA,core,FALSE,
landing,0.632492550758783,1,Brysbaert2014a,3.67,NA,core,FALSE,
landtong,0.632492550758783,1,Brysbaert2014a,3.67,NA,core,FALSE,
lasser,0.632492550758783,1,Brysbaert2014a,3.67,NA,core,FALSE,
leegstand,0.632492550758783,1,Brysbaert2014a,3.67,NA,core,FALSE,
leerkracht,0.632492550758783,1,Brysbaert2014a,3.67,NA,core,FALSE,
leerlingen,0.632492550758783,1,Brysbaert2014a,3.67,NA,core,FALSE,
lerares,0.632492550758783,1,Brysbaert2014a,3.67,NA,core,FALSE,
liften,0.632492550758783,1,Brysbaert2014a,3.67,NA,core,FALSE,
lijnwaad,0.632492550758783,1,Brysbaert2014a,3.67,NA,core,FALSE,
lokettist,0.632492550758783,1,Brysbaert2014a,3.67,NA,core,FALSE,
loodgieter,0.632492550758783,1,Brysbaert2014a,3.67,NA,core,FALSE,
loodgrijs,0.632492550758783,1,Brysbaert2014a,3.67,NA,core,FALSE,
luchtaanval,0.632492550758783,1,Brysbaert2014a,3.67,NA,core,FALSE,
luchtmachtbasis,0.632492550758783,1,Brysbaert2014a,3.67,NA,core,FALSE,
maalstroom,0.632492550758783,1,Brysbaert2014a,3.67,NA,core,FALSE,
maatkleding,0.632492550758783,1,Brysbaert2014a,3.67,NA,core,FALSE,
maffiabaas,0.632492550758783,1,Brysbaert2014a,3.67,NA,core,FALSE,
mediatheek,0.632492550758783,1,Brysbaert2014a,3.67,NA,core,FALSE,
medley,0.632492550758783,1,Brysbaert2014a,3.67,NA,core,FALSE,
melaats,0.632492550758783,1,Brysbaert2014a,3.67,NA,core,FALSE,
mescaline,0.632492550758783,1,Brysbaert2014a,3.67,NA,core,FALSE,
miniatuur,0.632492550758783,1,Brysbaert2014a,3.67,NA,core,FALSE,
molenaar,0.632492550758783,1,Brysbaert2014a,3.67,NA,core,FALSE,
morzel,0.632492550758783,1,Brysbaert2014a,3.67,NA,core,FALSE,
omleiding,0.632492550758783,1,Brysbaert2014a,3.67,NA,core,FALSE,
omroepster,0.632492550758783,1,Brysbaert2014a,3.67,NA,core,FALSE,
ontlasting,0.632492550758783,1,Brysbaert2014a,3.67,NA,core,FALSE,
oogarts,0.632492550758783,1,Brysbaert2014a,3.67,NA,core,FALSE,
oorpijn,0.632492550758783,1,Brysbaert2014a,3.67,NA,core,FALSE,
paren,0.632492550758783,1,Brysbaert2014a,3.67,NA,core,FALSE,
passagier,0.632492550758783,1,Brysbaert2014a,3.67,NA,core,FALSE,
pater,0.632492550758783,1,Brysbaert2014a,3.67,NA,core,FALSE,
pedel,0.632492550758783,1,Brysbaert2014a,3.67,NA,core,FALSE,
peppil,0.632492550758783,1,Brysbaert2014a,3.67,NA,core,FALSE,
persconferentie,0.632492550758783,1,Brysbaert2014a,3.67,NA,core,FALSE,
perskaart,0.632492550758783,1,Brysbaert2014a,3.67,NA,core,FALSE,
peuter,0.632492550758783,1,Brysbaert2014a,3.67,NA,core,FALSE,
pikuur,0.632492550758783,1,Brysbaert2014a,3.67,NA,core,FALSE,
platbranden,0.632492550758783,1,Brysbaert2014a,3.67,NA,core,FALSE,
ploeg,0.632492550758783,1,Brysbaert2014a,3.67,NA,core,FALSE,
plonsen,0.632492550758783,1,Brysbaert2014a,3.67,NA,core,FALSE,
poepje,0.632492550758783,1,Brysbaert2014a,3.67,NA,core,FALSE,
poker,0.632492550758783,1,Brysbaert2014a,3.67,NA,core,FALSE,
politie,0.632492550758783,1,Brysbaert2014a,3.67,NA,core,FALSE,
polyester,0.632492550758783,1,Brysbaert2014a,3.67,NA,core,FALSE,
pooier,0.632492550758783,1,Brysbaert2014a,3.67,NA,core,FALSE,
portaal,0.632492550758783,1,Brysbaert2014a,3.67,NA,core,FALSE,
portie,0.632492550758783,1,Brysbaert2014a,3.67,NA,core,FALSE,
prinses,0.632492550758783,1,Brysbaert2014a,3.67,NA,core,FALSE,
puistenkop,0.632492550758783,1,Brysbaert2014a,3.67,NA,core,FALSE,
punthoofd,0.632492550758783,1,Brysbaert2014a,3.67,NA,core,FALSE,
rechercheur,0.632492550758783,1,Brysbaert2014a,3.67,NA,core,FALSE,
reisbureau,0.632492550758783,1,Brysbaert2014a,3.67,NA,core,FALSE,
rekening,0.632492550758783,1,Brysbaert2014a,3.67,NA,core,FALSE,
renner,0.632492550758783,1,Brysbaert2014a,3.67,NA,core,FALSE,
robbedoes,0.632492550758783,1,Brysbaert2014a,3.67,NA,core,FALSE,
roek,0.632492550758783,1,Brysbaert2014a,3.67,NA,core,FALSE,
roepie,0.632492550758783,1,Brysbaert2014a,3.67,NA,core,FALSE,
rozengeur,0.632492550758783,1,Brysbaert2014a,3.67,NA,core,FALSE,
ruis,0.632492550758783,1,Brysbaert2014a,3.67,NA,core,FALSE,
ruk,0.632492550758783,1,Brysbaert2014a,3.67,NA,core,FALSE,
rustplaats,0.632492550758783,1,Brysbaert2014a,3.67,NA,core,FALSE,
schakel,0.632492550758783,1,Brysbaert2014a,3.67,NA,core,FALSE,
scheper,0.632492550758783,1,Brysbaert2014a,3.67,NA,core,FALSE,
schim,0.632492550758783,1,Brysbaert2014a,3.67,NA,core,FALSE,
schokken,0.632492550758783,1,Brysbaert2014a,3.67,NA,core,FALSE,
schouwspel,0.632492550758783,1,Brysbaert2014a,3.67,NA,core,FALSE,
secretaresse,0.632492550758783,1,Brysbaert2014a,3.67,NA,core,FALSE,
serail,0.632492550758783,1,Brysbaert2014a,3.67,NA,core,FALSE,
slaapster,0.632492550758783,1,Brysbaert2014a,3.67,NA,core,FALSE,
smoel,0.632492550758783,1,Brysbaert2014a,3.67,NA,core,FALSE,
songfestival,0.632492550758783,1,Brysbaert2014a,3.67,NA,core,FALSE,
soppen,0.632492550758783,1,Brysbaert2014a,3.67,NA,core,FALSE,
spaarbrander,0.632492550758783,1,Brysbaert2014a,3.67,NA,core,FALSE,
spits,0.632492550758783,1,Brysbaert2014a,3.67,NA,core,FALSE,
spoiler,0.632492550758783,1,Brysbaert2014a,3.67,NA,core,FALSE,
spraakgebrek,0.632492550758783,1,Brysbaert2014a,3.67,NA,core,FALSE,
stalling,0.632492550758783,1,Brysbaert2014a,3.67,NA,core,FALSE,
standplaats,0.632492550758783,1,Brysbaert2014a,3.67,NA,core,FALSE,
stapelhuis,0.632492550758783,1,Brysbaert2014a,3.67,NA,core,FALSE,
stemband,0.632492550758783,1,Brysbaert2014a,3.67,NA,core,FALSE,
stuk,0.632492550758783,1,Brysbaert2014a,3.67,NA,core,FALSE,
stuurboord,0.632492550758783,1,Brysbaert2014a,3.67,NA,core,FALSE,
tol,0.632492550758783,1,Brysbaert2014a,3.67,NA,core,FALSE,
tooghanger,0.632492550758783,1,Brysbaert2014a,3.67,NA,core,FALSE,
trainer,0.632492550758783,1,Brysbaert2014a,3.67,NA,core,FALSE,
turnles,0.632492550758783,1,Brysbaert2014a,3.67,NA,core,FALSE,
tweewoonst,0.632492550758783,1,Brysbaert2014a,3.67,NA,core,FALSE,
tympanie,0.632492550758783,1,Brysbaert2014a,3.67,NA,core,FALSE,
typist,0.632492550758783,1,Brysbaert2014a,3.67,NA,core,FALSE,
uitzendbureau,0.632492550758783,1,Brysbaert2014a,3.67,NA,core,FALSE,
uur,0.632492550758783,1,Brysbaert2014a,3.67,NA,core,FALSE,
vegetatie,0.632492550758783,1,Brysbaert2014a,3.67,NA,core,FALSE,
ventilatie,0.632492550758783,1,Brysbaert2014a,3.67,NA,core,FALSE,
verbouwing,0.632492550758783,1,Brysbaert2014a,3.67,NA,core,FALSE,
verdieping,0.632492550758783,1,Brysbaert2014a,3.67,NA,core,FALSE,
verkoper,0.632492550758783,1,Brysbaert2014a,3.67,NA,core,FALSE,
vertakking,0.632492550758783,1,Brysbaert2014a,3.67,NA,core,FALSE,
verteller,0.632492550758783,1,Brysbaert2014a,3.67,NA,core,FALSE,
vetstof,0.632492550758783,1,Brysbaert2014a,3.67,NA,core,FALSE,
vlijmscherp,0.632492550758783,1,Brysbaert2014a,3.67,NA,core,FALSE,
vulling,0.632492550758783,1,Brysbaert2014a,3.67,NA,core,FALSE,
wedstrijd,0.632492550758783,1,Brysbaert2014a,3.67,NA,core,FALSE,
werkstuk,0.632492550758783,1,Brysbaert2014a,3.67,NA,core,FALSE,
wieden,0.632492550758783,1,Brysbaert2014a,3.67,NA,core,FALSE,
wijfje,0.632492550758783,1,Brysbaert2014a,3.67,NA,core,FALSE,
zaadgoed,0.632492550758783,1,Brysbaert2014a,3.67,NA,core,FALSE,
zitkamer,0.632492550758783,1,Brysbaert2014a,3.67,NA,core,FALSE,
zonnesteek,0.632492550758783,1,Brysbaert2014a,3.67,NA,core,FALSE,
ruw,0.631034276568588,2,Brysbaert2014a;Jasmin2012,5.735,NA,core,FALSE,
casino,0.629722509710651,2,Brysbaert2014a;Jasmin2012,5.725,NA,core,FALSE,
echtgenote,0.627986309341524,2,Brysbaert2014a;Jasmin2012,5.735,NA,core,FALSE,
vader,0.626885284541517,2,Brysbaert2014a;Jasmin2012,5.73,NA,core,FALSE,
machine,0.625263706988813,2,Brysbaert2014a;Jasmin2012,5.7,NA,core,FALSE,
reptiel,0.625263706988813,2,Brysbaert2014a;Jasmin2012,5.7,NA,core,FALSE,
prostituee,0.62420105537437,2,Brysbaert2014a;Jasmin2012,5.675,NA,core,FALSE,
bariton,0.623518813665027,1,Brysbaert2014a,3.64,NA,core,FALSE,
bergkam,0.623518813665027,1,Brysbaert2014a,3.64,NA,core,FALSE,
bombardon,0.623518813665027,1,Brysbaert2014a,3.64,NA,core,FALSE,
caoutchouc,0.623518813665027,1,Brysbaert2014a,3.64,NA,core,FALSE,
cariës,0.623518813665027,1,Brysbaert2014a,3.64,NA,core,FALSE,
condensator,0.623518813665027,1,Brysbaert2014a,3.64,NA,core,FALSE,
demper,0.623518813665027,1,Brysbaert2014a,3.64,NA,core,FALSE,
gewriemel,0.623518813665027,1,Brysbaert2014a,3.64,NA,core,FALSE,
hamerstuk,0.623518813665027,1,Brysbaert2014a,3.64,NA,core,FALSE,
hanger,0.623518813665027,1,Brysbaert2014a,3.64,NA,core,FALSE,
klakken,0.623518813665027,1,Brysbaert2014a,3.64,NA,core,FALSE,
koetswerk,0.623518813665027,1,Brysbaert2014a,3.64,NA,core,FALSE,
kruisvaarder,0.623518813665027,1,Brysbaert2014a,3.64,NA,core,FALSE,
letter,0.623518813665027,1,Brysbaert2014a,3.64,NA,core,FALSE,
maffen,0.623518813665027,1,Brysbaert2014a,3.64,NA,core,FALSE,
methadon,0.623518813665027,1,Brysbaert2014a,3.64,NA,core,FALSE,
mime,0.623518813665027,1,Brysbaert2014a,3.64,NA,core,FALSE,
omslagdoek,0.623518813665027,1,Brysbaert2014a,3.64,NA,core,FALSE,
paginering,0.623518813665027,1,Brysbaert2014a,3.64,NA,core,FALSE,
patissier,0.623518813665027,1,Brysbaert2014a,3.64,NA,core,FALSE,
performer,0.623518813665027,1,Brysbaert2014a,3.64,NA,core,FALSE,
plaque,0.623518813665027,1,Brysbaert2014a,3.64,NA,core,FALSE,
prikwerk,0.623518813665027,1,Brysbaert2014a,3.64,NA,core,FALSE,
proviand,0.623518813665027,1,Brysbaert2014a,3.64,NA,core,FALSE,
rabbijn,0.623518813665027,1,Brysbaert2014a,3.64,NA,core,FALSE,
reactor,0.623518813665027,1,Brysbaert2014a,3.64,NA,core,FALSE,
reuk,0.623518813665027,1,Brysbaert2014a,3.64,NA,core,FALSE,
roersel,0.623518813665027,1,Brysbaert2014a,3.64,NA,core,FALSE,
rondstruinen,0.623518813665027,1,Brysbaert2014a,3.64,NA,core,FALSE,
runner,0.623518813665027,1,Brysbaert2014a,3.64,NA,core,FALSE,
sacristie,0.623518813665027,1,Brysbaert2014a,3.64,NA,core,FALSE,
schaften,0.623518813665027,1,Brysbaert2014a,3.64,NA,core,FALSE,
sluiter,0.623518813665027,1,Brysbaert2014a,3.64,NA,core,FALSE,
steur,0.623518813665027,1,Brysbaert2014a,3.64,NA,core,FALSE,
voetzoeker,0.623518813665027,1,Brysbaert2014a,3.64,NA,core,FALSE,
aar,0.621855727253829,1,Brysbaert2014a,3.63,NA,core,FALSE,
advocaat,0.621855727253829,1,Brysbaert2014a,3.63,NA,core,FALSE,
courtisane,0.621855727253829,1,Brysbaert2014a,3.63,NA,core,FALSE,
duffels,0.621855727253829,1,Brysbaert2014a,3.63,NA,core,FALSE,
dundoek,0.621855727253829,1,Brysbaert2014a,3.63,NA,core,FALSE,
gasfitter,0.621855727253829,1,Brysbaert2014a,3.63,NA,core,FALSE,
karabinier,0.621855727253829,1,Brysbaert2014a,3.63,NA,core,FALSE,
madera,0.621855727253829,1,Brysbaert2014a,3.63,NA,core,FALSE,
manga,0.621855727253829,1,Brysbaert2014a,3.63,NA,core,FALSE,
mediateur,0.621855727253829,1,Brysbaert2014a,3.63,NA,core,FALSE,
regatta,0.621855727253829,1,Brysbaert2014a,3.63,NA,core,FALSE,
stol,0.621855727253829,1,Brysbaert2014a,3.63,NA,core,FALSE,
vivisectie,0.621855727253829,1,Brysbaert2014a,3.63,NA,core,FALSE,
bivak,0.620850945880396,1,Brysbaert2014a,3.62,NA,core,FALSE,
braderij,0.620850945880396,1,Brysbaert2014a,3.62,NA,core,FALSE,
dovenetel,0.620850945880396,1,Brysbaert2014a,3.62,NA,core,FALSE,
floppy,0.620850945880396,1,Brysbaert2014a,3.62,NA,core,FALSE,
grime,0.620850945880396,1,Brysbaert2014a,3.62,NA,core,FALSE,
hippodroom,0.620850945880396,1,Brysbaert2014a,3.62,NA,core,FALSE,
knappen,0.620850945880396,1,Brysbaert2014a,3.62,NA,core,FALSE,
lavement,0.620850945880396,1,Brysbaert2014a,3.62,NA,core,FALSE,
legger,0.620850945880396,1,Brysbaert2014a,3.62,NA,core,FALSE,
ligger,0.620850945880396,1,Brysbaert2014a,3.62,NA,core,FALSE,
loodlijn,0.620850945880396,1,Brysbaert2014a,3.62,NA,core,FALSE,
luchtweg,0.620850945880396,1,Brysbaert2014a,3.62,NA,core,FALSE,
sneeuwgrens,0.620850945880396,1,Brysbaert2014a,3.62,NA,core,FALSE,
venten,0.620850945880396,1,Brysbaert2014a,3.62,NA,core,FALSE,
voorbank,0.620850945880396,1,Brysbaert2014a,3.62,NA,core,FALSE,
waterkering,0.620850945880396,1,Brysbaert2014a,3.62,NA,core,FALSE,
maagzweer,0.620837099245476,2,Brysbaert2014a;Jasmin2012,5.7,NA,core,FALSE,
gang,0.620281588396545,2,Brysbaert2014a;Jasmin2012,5.685,NA,core,FALSE,
blond,0.619230982733557,2,Brysbaert2014a;Jasmin2012,5.63,NA,core,FALSE,
gijzelaar,0.617736694874063,2,Brysbaert2014a;Jasmin2012,5.7,NA,core,FALSE,
kiespijn,0.617736694874063,2,Brysbaert2014a;Jasmin2012,5.7,NA,core,FALSE,
orgasme,0.617292422798491,2,Brysbaert2014a;Jasmin2012,5.65,NA,core,FALSE,
golfer,0.613614961469099,2,Brysbaert2014a;Jasmin2012,5.645,NA,core,FALSE,
aardbewoner,0.613609590464971,1,Brysbaert2014a,3.6,NA,core,FALSE,
ademhaling,0.613609590464971,1,Brysbaert2014a,3.6,NA,core,FALSE,
advertentie,0.613609590464971,1,Brysbaert2014a,3.6,NA,core,FALSE,
archief,0.613609590464971,1,Brysbaert2014a,3.6,NA,core,FALSE,
assuradeur,0.613609590464971,1,Brysbaert2014a,3.6,NA,core,FALSE,
autorit,0.613609590464971,1,Brysbaert2014a,3.6,NA,core,FALSE,
balie,0.613609590464971,1,Brysbaert2014a,3.6,NA,core,FALSE,
bankoverval,0.613609590464971,1,Brysbaert2014a,3.6,NA,core,FALSE,
bedding,0.613609590464971,1,Brysbaert2014a,3.6,NA,core,FALSE,
bedrading,0.613609590464971,1,Brysbaert2014a,3.6,NA,core,FALSE,
bewaakster,0.613609590464971,1,Brysbaert2014a,3.6,NA,core,FALSE,
beweging,0.613609590464971,1,Brysbaert2014a,3.6,NA,core,FALSE,
billenkoek,0.613609590464971,1,Brysbaert2014a,3.6,NA,core,FALSE,
bladmoes,0.613609590464971,1,Brysbaert2014a,3.6,NA,core,FALSE,
bladmuziek,0.613609590464971,1,Brysbaert2014a,3.6,NA,core,FALSE,
bloedstolsel,0.613609590464971,1,Brysbaert2014a,3.6,NA,core,FALSE,
boerin,0.613609590464971,1,Brysbaert2014a,3.6,NA,core,FALSE,
boetiek,0.613609590464971,1,Brysbaert2014a,3.6,NA,core,FALSE,
borstkanker,0.613609590464971,1,Brysbaert2014a,3.6,NA,core,FALSE,
bouw,0.613609590464971,1,Brysbaert2014a,3.6,NA,core,FALSE,
bouwland,0.613609590464971,1,Brysbaert2014a,3.6,NA,core,FALSE,
branding,0.613609590464971,1,Brysbaert2014a,3.6,NA,core,FALSE,
broeinest,0.613609590464971,1,Brysbaert2014a,3.6,NA,core,FALSE,
bronchitis,0.613609590464971,1,Brysbaert2014a,3.6,NA,core,FALSE,
buitenhuis,0.613609590464971,1,Brysbaert2014a,3.6,NA,core,FALSE,
celgenoot,0.613609590464971,1,Brysbaert2014a,3.6,NA,core,FALSE,
champetter,0.613609590464971,1,Brysbaert2014a,3.6,NA,core,FALSE,
cipier,0.613609590464971,1,Brysbaert2014a,3.6,NA,core,FALSE,
cisterne,0.613609590464971,1,Brysbaert2014a,3.6,NA,core,FALSE,
code,0.613609590464971,1,Brysbaert2014a,3.6,NA,core,FALSE,
combi,0.613609590464971,1,Brysbaert2014a,3.6,NA,core,FALSE,
coupe,0.613609590464971,1,Brysbaert2014a,3.6,NA,core,FALSE,
decoratie,0.613609590464971,1,Brysbaert2014a,3.6,NA,core,FALSE,
delicatesse,0.613609590464971,1,Brysbaert2014a,3.6,NA,core,FALSE,
diameter,0.613609590464971,1,Brysbaert2014a,3.6,NA,core,FALSE,
dienstmeid,0.613609590464971,1,Brysbaert2014a,3.6,NA,core,FALSE,
dierproef,0.613609590464971,1,Brysbaert2014a,3.6,NA,core,FALSE,
dikzak,0.613609590464971,1,Brysbaert2014a,3.6,NA,core,FALSE,
dochter,0.613609590464971,1,Brysbaert2014a,3.6,NA,core,FALSE,
doctor,0.613609590464971,1,Brysbaert2014a,3.6,NA,core,FALSE,
doelpunt,0.613609590464971,1,Brysbaert2014a,3.6,NA,core,FALSE,
dokter,0.613609590464971,1,Brysbaert2014a,3.6,NA,core,FALSE,
donorcodicil,0.613609590464971,1,Brysbaert2014a,3.6,NA,core,FALSE,
dormitorium,0.613609590464971,1,Brysbaert2014a,3.6,NA,core,FALSE,
draaiboek,0.613609590464971,1,Brysbaert2014a,3.6,NA,core,FALSE,
dreigbrief,0.613609590464971,1,Brysbaert2014a,3.6,NA,core,FALSE,
duo,0.613609590464971,1,Brysbaert2014a,3.6,NA,core,FALSE,
elftal,0.613609590464971,1,Brysbaert2014a,3.6,NA,core,FALSE,
emailadres,0.613609590464971,1,Brysbaert2014a,3.6,NA,core,FALSE,
ethanol,0.613609590464971,1,Brysbaert2014a,3.6,NA,core,FALSE,
factuur,0.613609590464971,1,Brysbaert2014a,3.6,NA,core,FALSE,
flap,0.613609590464971,1,Brysbaert2014a,3.6,NA,core,FALSE,
gast,0.613609590464971,1,Brysbaert2014a,3.6,NA,core,FALSE,
gefriemel,0.613609590464971,1,Brysbaert2014a,3.6,NA,core,FALSE,
gekakel,0.613609590464971,1,Brysbaert2014a,3.6,NA,core,FALSE,
gelijkvloers,0.613609590464971,1,Brysbaert2014a,3.6,NA,core,FALSE,
gesnotter,0.613609590464971,1,Brysbaert2014a,3.6,NA,core,FALSE,
gesprek,0.613609590464971,1,Brysbaert2014a,3.6,NA,core,FALSE,
gijzeling,0.613609590464971,1,Brysbaert2014a,3.6,NA,core,FALSE,
glanzen,0.613609590464971,1,Brysbaert2014a,3.6,NA,core,FALSE,
graal,0.613609590464971,1,Brysbaert2014a,3.6,NA,core,FALSE,
gram,0.613609590464971,1,Brysbaert2014a,3.6,NA,core,FALSE,
grootouders,0.613609590464971,1,Brysbaert2014a,3.6,NA,core,FALSE,
harmonium,0.613609590464971,1,Brysbaert2014a,3.6,NA,core,FALSE,
heksenkring,0.613609590464971,1,Brysbaert2014a,3.6,NA,core,FALSE,
helft,0.613609590464971,1,Brysbaert2014a,3.6,NA,core,FALSE,
histogram,0.613609590464971,1,Brysbaert2014a,3.6,NA,core,FALSE,
hoeden,0.613609590464971,1,Brysbaert2014a,3.6,NA,core,FALSE,
hoogbouw,0.613609590464971,1,Brysbaert2014a,3.6,NA,core,FALSE,
horrorfilm,0.613609590464971,1,Brysbaert2014a,3.6,NA,core,FALSE,
houtsnijwerk,0.613609590464971,1,Brysbaert2014a,3.6,NA,core,FALSE,
huurhuis,0.613609590464971,1,Brysbaert2014a,3.6,NA,core,FALSE,
illustratie,0.613609590464971,1,Brysbaert2014a,3.6,NA,core,FALSE,
inenten,0.613609590464971,1,Brysbaert2014a,3.6,NA,core,FALSE,
initialen,0.613609590464971,1,Brysbaert2014a,3.6,NA,core,FALSE,
jammen,0.613609590464971,1,Brysbaert2014a,3.6,NA,core,FALSE,
juf,0.613609590464971,1,Brysbaert2014a,3.6,NA,core,FALSE,
kaartlezen,0.613609590464971,1,Brysbaert2014a,3.6,NA,core,FALSE,
kalium,0.613609590464971,1,Brysbaert2014a,3.6,NA,core,FALSE,
kantelen,0.613609590464971,1,Brysbaert2014a,3.6,NA,core,FALSE,
kater,0.613609590464971,1,Brysbaert2014a,3.6,NA,core,FALSE,
kier,0.613609590464971,1,Brysbaert2014a,3.6,NA,core,FALSE,
kinderopvang,0.613609590464971,1,Brysbaert2014a,3.6,NA,core,FALSE,
kistkalf,0.613609590464971,1,Brysbaert2014a,3.6,NA,core,FALSE,
kletsmeier,0.613609590464971,1,Brysbaert2014a,3.6,NA,core,FALSE,
klinker,0.613609590464971,1,Brysbaert2014a,3.6,NA,core,FALSE,
klusjesman,0.613609590464971,1,Brysbaert2014a,3.6,NA,core,FALSE,
knakken,0.613609590464971,1,Brysbaert2014a,3.6,NA,core,FALSE,
knutselaar,0.613609590464971,1,Brysbaert2014a,3.6,NA,core,FALSE,
koetsier,0.613609590464971,1,Brysbaert2014a,3.6,NA,core,FALSE,
kokkin,0.613609590464971,1,Brysbaert2014a,3.6,NA,core,FALSE,
koophuis,0.613609590464971,1,Brysbaert2014a,3.6,NA,core,FALSE,
kooplieden,0.613609590464971,1,Brysbaert2014a,3.6,NA,core,FALSE,
kopjeonder,0.613609590464971,1,Brysbaert2014a,3.6,NA,core,FALSE,
kraamvrouw,0.613609590464971,1,Brysbaert2014a,3.6,NA,core,FALSE,
krachtpatser,0.613609590464971,1,Brysbaert2014a,3.6,NA,core,FALSE,
kreukvrij,0.613609590464971,1,Brysbaert2014a,3.6,NA,core,FALSE,
kroegbaas,0.613609590464971,1,Brysbaert2014a,3.6,NA,core,FALSE,
kruimeldief,0.613609590464971,1,Brysbaert2014a,3.6,NA,core,FALSE,
laadruimte,0.613609590464971,1,Brysbaert2014a,3.6,NA,core,FALSE,
landen,0.613609590464971,1,Brysbaert2014a,3.6,NA,core,FALSE,
letsel,0.613609590464971,1,Brysbaert2014a,3.6,NA,core,FALSE,
lijfje,0.613609590464971,1,Brysbaert2014a,3.6,NA,core,FALSE,
lijkschouwer,0.613609590464971,1,Brysbaert2014a,3.6,NA,core,FALSE,
liter,0.613609590464971,1,Brysbaert2014a,3.6,NA,core,FALSE,
luchtvracht,0.613609590464971,1,Brysbaert2014a,3.6,NA,core,FALSE,
maagdenvlies,0.613609590464971,1,Brysbaert2014a,3.6,NA,core,FALSE,
maagpijn,0.613609590464971,1,Brysbaert2014a,3.6,NA,core,FALSE,
malen,0.613609590464971,1,Brysbaert2014a,3.6,NA,core,FALSE,
mama,0.613609590464971,1,Brysbaert2014a,3.6,NA,core,FALSE,
mankepoot,0.613609590464971,1,Brysbaert2014a,3.6,NA,core,FALSE,
mansarde,0.613609590464971,1,Brysbaert2014a,3.6,NA,core,FALSE,
marinebasis,0.613609590464971,1,Brysbaert2014a,3.6,NA,core,FALSE,
marinier,0.613609590464971,1,Brysbaert2014a,3.6,NA,core,FALSE,
mecanicien,0.613609590464971,1,Brysbaert2014a,3.6,NA,core,FALSE,
menagerie,0.613609590464971,1,Brysbaert2014a,3.6,NA,core,FALSE,
mess,0.613609590464971,1,Brysbaert2014a,3.6,NA,core,FALSE,
mijnwerker,0.613609590464971,1,Brysbaert2014a,3.6,NA,core,FALSE,
misten,0.613609590464971,1,Brysbaert2014a,3.6,NA,core,FALSE,
natuurramp,0.613609590464971,1,Brysbaert2014a,3.6,NA,core,FALSE,
nicotine,0.613609590464971,1,Brysbaert2014a,3.6,NA,core,FALSE,
nieuwbouw,0.613609590464971,1,Brysbaert2014a,3.6,NA,core,FALSE,
noordpool,0.613609590464971,1,Brysbaert2014a,3.6,NA,core,FALSE,
onthoofding,0.613609590464971,1,Brysbaert2014a,3.6,NA,core,FALSE,
oogsten,0.613609590464971,1,Brysbaert2014a,3.6,NA,core,FALSE,
oorvijg,0.613609590464971,1,Brysbaert2014a,3.6,NA,core,FALSE,
opening,0.613609590464971,1,Brysbaert2014a,3.6,NA,core,FALSE,
overvaller,0.613609590464971,1,Brysbaert2014a,3.6,NA,core,FALSE,
party,0.613609590464971,1,Brysbaert2014a,3.6,NA,core,FALSE,
pigment,0.613609590464971,1,Brysbaert2014a,3.6,NA,core,FALSE,
pikdonker,0.613609590464971,1,Brysbaert2014a,3.6,NA,core,FALSE,
plonzen,0.613609590464971,1,Brysbaert2014a,3.6,NA,core,FALSE,
polonaise,0.613609590464971,1,Brysbaert2014a,3.6,NA,core,FALSE,
popgroep,0.613609590464971,1,Brysbaert2014a,3.6,NA,core,FALSE,
popmuziek,0.613609590464971,1,Brysbaert2014a,3.6,NA,core,FALSE,
prikklok,0.613609590464971,1,Brysbaert2014a,3.6,NA,core,FALSE,
protestmars,0.613609590464971,1,Brysbaert2014a,3.6,NA,core,FALSE,
puber,0.613609590464971,1,Brysbaert2014a,3.6,NA,core,FALSE,
punt,0.613609590464971,1,Brysbaert2014a,3.6,NA,core,FALSE,
reddingsteam,0.613609590464971,1,Brysbaert2014a,3.6,NA,core,FALSE,
rekensom,0.613609590464971,1,Brysbaert2014a,3.6,NA,core,FALSE,
reparateur,0.613609590464971,1,Brysbaert2014a,3.6,NA,core,FALSE,
rit,0.613609590464971,1,Brysbaert2014a,3.6,NA,core,FALSE,
rondvaart,0.613609590464971,1,Brysbaert2014a,3.6,NA,core,FALSE,
roofdier,0.613609590464971,1,Brysbaert2014a,3.6,NA,core,FALSE,
rustoord,0.613609590464971,1,Brysbaert2014a,3.6,NA,core,FALSE,
schaak,0.613609590464971,1,Brysbaert2014a,3.6,NA,core,FALSE,
schema,0.613609590464971,1,Brysbaert2014a,3.6,NA,core,FALSE,
schutter,0.613609590464971,1,Brysbaert2014a,3.6,NA,core,FALSE,
show,0.613609590464971,1,Brysbaert2014a,3.6,NA,core,FALSE,
showroom,0.613609590464971,1,Brysbaert2014a,3.6,NA,core,FALSE,
signatuur,0.613609590464971,1,Brysbaert2014a,3.6,NA,core,FALSE,
sintel,0.613609590464971,1,Brysbaert2014a,3.6,NA,core,FALSE,
skelter,0.613609590464971,1,Brysbaert2014a,3.6,NA,core,FALSE,
slok,0.613609590464971,1,Brysbaert2014a,3.6,NA,core,FALSE,
speurder,0.613609590464971,1,Brysbaert2014a,3.6,NA,core,FALSE,
sterspeler,0.613609590464971,1,Brysbaert2014a,3.6,NA,core,FALSE,
stoverij,0.613609590464971,1,Brysbaert2014a,3.6,NA,core,FALSE,
theater,0.613609590464971,1,Brysbaert2014a,3.6,NA,core,FALSE,
therapeute,0.613609590464971,1,Brysbaert2014a,3.6,NA,core,FALSE,
toneelstuk,0.613609590464971,1,Brysbaert2014a,3.6,NA,core,FALSE,
traiteur,0.613609590464971,1,Brysbaert2014a,3.6,NA,core,FALSE,
trawler,0.613609590464971,1,Brysbaert2014a,3.6,NA,core,FALSE,
trekker,0.613609590464971,1,Brysbaert2014a,3.6,NA,core,FALSE,
trekvogel,0.613609590464971,1,Brysbaert2014a,3.6,NA,core,FALSE,
vaarwater,0.613609590464971,1,Brysbaert2014a,3.6,NA,core,FALSE,
veldwachter,0.613609590464971,1,Brysbaert2014a,3.6,NA,core,FALSE,
verkoopster,0.613609590464971,1,Brysbaert2014a,3.6,NA,core,FALSE,
visserij,0.613609590464971,1,Brysbaert2014a,3.6,NA,core,FALSE,
vloed,0.613609590464971,1,Brysbaert2014a,3.6,NA,core,FALSE,
voedingsmiddel,0.613609590464971,1,Brysbaert2014a,3.6,NA,core,FALSE,
voorstad,0.613609590464971,1,Brysbaert2014a,3.6,NA,core,FALSE,
vracht,0.613609590464971,1,Brysbaert2014a,3.6,NA,core,FALSE,
watermerk,0.613609590464971,1,Brysbaert2014a,3.6,NA,core,FALSE,
werelddeel,0.613609590464971,1,Brysbaert2014a,3.6,NA,core,FALSE,
werkkleding,0.613609590464971,1,Brysbaert2014a,3.6,NA,core,FALSE,
werklui,0.613609590464971,1,Brysbaert2014a,3.6,NA,core,FALSE,
werkvrouw,0.613609590464971,1,Brysbaert2014a,3.6,NA,core,FALSE,
woonplaats,0.613609590464971,1,Brysbaert2014a,3.6,NA,core,FALSE,
zakenman,0.613609590464971,1,Brysbaert2014a,3.6,NA,core,FALSE,
zang,0.613609590464971,1,Brysbaert2014a,3.6,NA,core,FALSE,
zangeres,0.613609590464971,1,Brysbaert2014a,3.6,NA,core,FALSE,
zoetigheid,0.613609590464971,1,Brysbaert2014a,3.6,NA,core,FALSE,
zuigeling,0.613609590464971,1,Brysbaert2014a,3.6,NA,core,FALSE,
zwangerschap,0.613609590464971,1,Brysbaert2014a,3.6,NA,core,FALSE,
zwavel,0.613609590464971,1,Brysbaert2014a,3.6,NA,core,FALSE,
leger,0.611468050038634,2,Brysbaert2014a;Jasmin2012,5.635,NA,core,FALSE,
wereld,0.608721076366613,2,Brysbaert2014a;Jasmin2012,5.665,NA,core,FALSE,
lam,0.607895307766608,2,Brysbaert2014a;Jasmin2012,5.515,NA,core,FALSE,
aria,0.606576120850946,1,Brysbaert2014a,3.58,NA,core,FALSE,
bazaar,0.606576120850946,1,Brysbaert2014a,3.58,NA,core,FALSE,
dagtekening,0.606576120850946,1,Brysbaert2014a,3.58,NA,core,FALSE,
hoorndrager,0.606576120850946,1,Brysbaert2014a,3.58,NA,core,FALSE,
incisie,0.606576120850946,1,Brysbaert2014a,3.58,NA,core,FALSE,
kirren,0.606576120850946,1,Brysbaert2014a,3.58,NA,core,FALSE,
landerijen,0.606576120850946,1,Brysbaert2014a,3.58,NA,core,FALSE,
preses,0.606576120850946,1,Brysbaert2014a,3.58,NA,core,FALSE,
psoriasis,0.606576120850946,1,Brysbaert2014a,3.58,NA,core,FALSE,
roadie,0.606576120850946,1,Brysbaert2014a,3.58,NA,core,FALSE,
gas,0.606194996881713,1,Brysbaert2014a,3.57666666666667,NA,core,FALSE,
bewolking,0.605195648604942,2,Brysbaert2014a;Jasmin2012,5.62,NA,core,FALSE,
appetizer,0.604913034439748,1,Brysbaert2014a,3.57,NA,core,FALSE,
boekdeel,0.604913034439748,1,Brysbaert2014a,3.57,NA,core,FALSE,
bovenbouw,0.604913034439748,1,Brysbaert2014a,3.57,NA,core,FALSE,
condens,0.604913034439748,1,Brysbaert2014a,3.57,NA,core,FALSE,
cortex,0.604913034439748,1,Brysbaert2014a,3.57,NA,core,FALSE,
dikhuid,0.604913034439748,1,Brysbaert2014a,3.57,NA,core,FALSE,
eg,0.604913034439748,1,Brysbaert2014a,3.57,NA,core,FALSE,
geratel,0.604913034439748,1,Brysbaert2014a,3.57,NA,core,FALSE,
hovenier,0.604913034439748,1,Brysbaert2014a,3.57,NA,core,FALSE,
kluif,0.604913034439748,1,Brysbaert2014a,3.57,NA,core,FALSE,
knapzak,0.604913034439748,1,Brysbaert2014a,3.57,NA,core,FALSE,
kweek,0.604913034439748,1,Brysbaert2014a,3.57,NA,core,FALSE,
lengtecirkel,0.604913034439748,1,Brysbaert2014a,3.57,NA,core,FALSE,
luchtzak,0.604913034439748,1,Brysbaert2014a,3.57,NA,core,FALSE,
marteling,0.604913034439748,1,Brysbaert2014a,3.57,NA,core,FALSE,
menthol,0.604913034439748,1,Brysbaert2014a,3.57,NA,core,FALSE,
novelle,0.604913034439748,1,Brysbaert2014a,3.57,NA,core,FALSE,
opaak,0.604913034439748,1,Brysbaert2014a,3.57,NA,core,FALSE,
paper,0.604913034439748,1,Brysbaert2014a,3.57,NA,core,FALSE,
parkoers,0.604913034439748,1,Brysbaert2014a,3.57,NA,core,FALSE,
paviljoen,0.604913034439748,1,Brysbaert2014a,3.57,NA,core,FALSE,
plaveisel,0.604913034439748,1,Brysbaert2014a,3.57,NA,core,FALSE,
rectum,0.604913034439748,1,Brysbaert2014a,3.57,NA,core,FALSE,
reuzel,0.604913034439748,1,Brysbaert2014a,3.57,NA,core,FALSE,
schaker,0.604913034439748,1,Brysbaert2014a,3.57,NA,core,FALSE,
sloper,0.604913034439748,1,Brysbaert2014a,3.57,NA,core,FALSE,
snijder,0.604913034439748,1,Brysbaert2014a,3.57,NA,core,FALSE,
stemmer,0.604913034439748,1,Brysbaert2014a,3.57,NA,core,FALSE,
strontzak,0.604913034439748,1,Brysbaert2014a,3.57,NA,core,FALSE,
suizing,0.604913034439748,1,Brysbaert2014a,3.57,NA,core,FALSE,
tuil,0.604913034439748,1,Brysbaert2014a,3.57,NA,core,FALSE,
tuinbouwbedrijf,0.604913034439748,1,Brysbaert2014a,3.57,NA,core,FALSE,
uranium,0.604913034439748,1,Brysbaert2014a,3.57,NA,core,FALSE,
vesting,0.604913034439748,1,Brysbaert2014a,3.57,NA,core,FALSE,
zonneklopper,0.604913034439748,1,Brysbaert2014a,3.57,NA,core,FALSE,
abattoir,0.603284595662116,1,Brysbaert2014a,3.56,NA,core,FALSE,
ammunitie,0.603284595662116,1,Brysbaert2014a,3.56,NA,core,FALSE,
bandagist,0.603284595662116,1,Brysbaert2014a,3.56,NA,core,FALSE,
cap,0.603284595662116,1,Brysbaert2014a,3.56,NA,core,FALSE,
karbonkel,0.603284595662116,1,Brysbaert2014a,3.56,NA,core,FALSE,
kinine,0.603284595662116,1,Brysbaert2014a,3.56,NA,core,FALSE,
lachspiegel,0.603284595662116,1,Brysbaert2014a,3.56,NA,core,FALSE,
pedigree,0.603284595662116,1,Brysbaert2014a,3.56,NA,core,FALSE,
ponsen,0.603284595662116,1,Brysbaert2014a,3.56,NA,core,FALSE,
schnabbel,0.603284595662116,1,Brysbaert2014a,3.56,NA,core,FALSE,
wielewaal,0.603284595662116,1,Brysbaert2014a,3.56,NA,core,FALSE,
bader,0.602660938257917,1,Brysbaert2014a,3.55,NA,core,FALSE,
bazuin,0.602660938257917,1,Brysbaert2014a,3.55,NA,core,FALSE,
beiaardier,0.602660938257917,1,Brysbaert2014a,3.55,NA,core,FALSE,
doffer,0.602660938257917,1,Brysbaert2014a,3.55,NA,core,FALSE,
insigne,0.602660938257917,1,Brysbaert2014a,3.55,NA,core,FALSE,
perimeter,0.602660938257917,1,Brysbaert2014a,3.55,NA,core,FALSE,
uilenbril,0.602660938257917,1,Brysbaert2014a,3.55,NA,core,FALSE,
afwatering,0.601898690319451,1,Brysbaert2014a,3.54,NA,core,FALSE,
bookmaker,0.601898690319451,1,Brysbaert2014a,3.54,NA,core,FALSE,
chanson,0.601898690319451,1,Brysbaert2014a,3.54,NA,core,FALSE,
driekleur,0.601898690319451,1,Brysbaert2014a,3.54,NA,core,FALSE,
goudschaal,0.601898690319451,1,Brysbaert2014a,3.54,NA,core,FALSE,
influenza,0.601898690319451,1,Brysbaert2014a,3.54,NA,core,FALSE,
kavel,0.601898690319451,1,Brysbaert2014a,3.54,NA,core,FALSE,
polikliniek,0.601898690319451,1,Brysbaert2014a,3.54,NA,core,FALSE,
roller,0.601898690319451,1,Brysbaert2014a,3.54,NA,core,FALSE,
serpentine,0.601898690319451,1,Brysbaert2014a,3.54,NA,core,FALSE,
torpedojager,0.601898690319451,1,Brysbaert2014a,3.54,NA,core,FALSE,
trapper,0.601898690319451,1,Brysbaert2014a,3.54,NA,core,FALSE,
triller,0.601898690319451,1,Brysbaert2014a,3.54,NA,core,FALSE,
voyeur,0.601898690319451,1,Brysbaert2014a,3.54,NA,core,FALSE,
waterland,0.601898690319451,1,Brysbaert2014a,3.54,NA,core,FALSE,
afval,0.599728401050208,2,Brysbaert2014a;Jasmin2012,5.6,NA,core,FALSE,
prairie,0.59972607258021,2,Brysbaert2014a;Jasmin2012,5.585,NA,core,FALSE,
loterij,0.597160253874015,2,Brysbaert2014a;Jasmin2012,5.615,NA,core,FALSE,
voedsel,0.597127375877647,2,Brysbaert2014a;Jasmin2012,5.615,NA,core,FALSE,
moordenaar,0.596218154912923,2,Brysbaert2014a;Jasmin2012,5.615,NA,core,FALSE,
aankleden,0.595662116277458,1,Brysbaert2014a,3.53,NA,core,FALSE,
aantekening,0.595662116277458,1,Brysbaert2014a,3.53,NA,core,FALSE,
aardbodem,0.595662116277458,1,Brysbaert2014a,3.53,NA,core,FALSE,
aardkorst,0.595662116277458,1,Brysbaert2014a,3.53,NA,core,FALSE,
advocate,0.595662116277458,1,Brysbaert2014a,3.53,NA,core,FALSE,
afsluiting,0.595662116277458,1,Brysbaert2014a,3.53,NA,core,FALSE,
amputatie,0.595662116277458,1,Brysbaert2014a,3.53,NA,core,FALSE,
animator,0.595662116277458,1,Brysbaert2014a,3.53,NA,core,FALSE,
appendicitis,0.595662116277458,1,Brysbaert2014a,3.53,NA,core,FALSE,
aquarel,0.595662116277458,1,Brysbaert2014a,3.53,NA,core,FALSE,
autopsie,0.595662116277458,1,Brysbaert2014a,3.53,NA,core,FALSE,
autoverkoper,0.595662116277458,1,Brysbaert2014a,3.53,NA,core,FALSE,
bankier,0.595662116277458,1,Brysbaert2014a,3.53,NA,core,FALSE,
barricade,0.595662116277458,1,Brysbaert2014a,3.53,NA,core,FALSE,
beeldhouwer,0.595662116277458,1,Brysbaert2014a,3.53,NA,core,FALSE,
bemanning,0.595662116277458,1,Brysbaert2014a,3.53,NA,core,FALSE,
bende,0.595662116277458,1,Brysbaert2014a,3.53,NA,core,FALSE,
bestuurder,0.595662116277458,1,Brysbaert2014a,3.53,NA,core,FALSE,
bloedplaatje,0.595662116277458,1,Brysbaert2014a,3.53,NA,core,FALSE,
blooper,0.595662116277458,1,Brysbaert2014a,3.53,NA,core,FALSE,
bouwbedrijf,0.595662116277458,1,Brysbaert2014a,3.53,NA,core,FALSE,
bouwer,0.595662116277458,1,Brysbaert2014a,3.53,NA,core,FALSE,
bovendrijven,0.595662116277458,1,Brysbaert2014a,3.53,NA,core,FALSE,
braderie,0.595662116277458,1,Brysbaert2014a,3.53,NA,core,FALSE,
breuklijn,0.595662116277458,1,Brysbaert2014a,3.53,NA,core,FALSE,
bridge,0.595662116277458,1,Brysbaert2014a,3.53,NA,core,FALSE,
brigadier,0.595662116277458,1,Brysbaert2014a,3.53,NA,core,FALSE,
broedplaats,0.595662116277458,1,Brysbaert2014a,3.53,NA,core,FALSE,
buurman,0.595662116277458,1,Brysbaert2014a,3.53,NA,core,FALSE,
cardioloog,0.595662116277458,1,Brysbaert2014a,3.53,NA,core,FALSE,
commandant,0.595662116277458,1,Brysbaert2014a,3.53,NA,core,FALSE,
console,0.595662116277458,1,Brysbaert2014a,3.53,NA,core,FALSE,
crew,0.595662116277458,1,Brysbaert2014a,3.53,NA,core,FALSE,
cupido,0.595662116277458,1,Brysbaert2014a,3.53,NA,core,FALSE,
dienstbode,0.595662116277458,1,Brysbaert2014a,3.53,NA,core,FALSE,
doping,0.595662116277458,1,Brysbaert2014a,3.53,NA,core,FALSE,
druiper,0.595662116277458,1,Brysbaert2014a,3.53,NA,core,FALSE,
duivenmelker,0.595662116277458,1,Brysbaert2014a,3.53,NA,core,FALSE,
edelsmid,0.595662116277458,1,Brysbaert2014a,3.53,NA,core,FALSE,
elektrocutie,0.595662116277458,1,Brysbaert2014a,3.53,NA,core,FALSE,
enquête,0.595662116277458,1,Brysbaert2014a,3.53,NA,core,FALSE,
formulier,0.595662116277458,1,Brysbaert2014a,3.53,NA,core,FALSE,
gasbedrijf,0.595662116277458,1,Brysbaert2014a,3.53,NA,core,FALSE,
gastarbeider,0.595662116277458,1,Brysbaert2014a,3.53,NA,core,FALSE,
gekriebel,0.595662116277458,1,Brysbaert2014a,3.53,NA,core,FALSE,
gelaatsuitdrukking,0.595662116277458,1,Brysbaert2014a,3.53,NA,core,FALSE,
genitaal,0.595662116277458,1,Brysbaert2014a,3.53,NA,core,FALSE,
geritsel,0.595662116277458,1,Brysbaert2014a,3.53,NA,core,FALSE,
geroezemoes,0.595662116277458,1,Brysbaert2014a,3.53,NA,core,FALSE,
geruis,0.595662116277458,1,Brysbaert2014a,3.53,NA,core,FALSE,
grimas,0.595662116277458,1,Brysbaert2014a,3.53,NA,core,FALSE,
groep,0.595662116277458,1,Brysbaert2014a,3.53,NA,core,FALSE,
happen,0.595662116277458,1,Brysbaert2014a,3.53,NA,core,FALSE,
herbergier,0.595662116277458,1,Brysbaert2014a,3.53,NA,core,FALSE,
hitparade,0.595662116277458,1,Brysbaert2014a,3.53,NA,core,FALSE,
hofdame,0.595662116277458,1,Brysbaert2014a,3.53,NA,core,FALSE,
hotelmanager,0.595662116277458,1,Brysbaert2014a,3.53,NA,core,FALSE,
inhoudstafel,0.595662116277458,1,Brysbaert2014a,3.53,NA,core,FALSE,
inladen,0.595662116277458,1,Brysbaert2014a,3.53,NA,core,FALSE,
inlijsten,0.595662116277458,1,Brysbaert2014a,3.53,NA,core,FALSE,
inspecteur,0.595662116277458,1,Brysbaert2014a,3.53,NA,core,FALSE,
irrigatie,0.595662116277458,1,Brysbaert2014a,3.53,NA,core,FALSE,
jaloezieën,0.595662116277458,1,Brysbaert2014a,3.53,NA,core,FALSE,
kamermuziek,0.595662116277458,1,Brysbaert2014a,3.53,NA,core,FALSE,
kapitein,0.595662116277458,1,Brysbaert2014a,3.53,NA,core,FALSE,
ketenen,0.595662116277458,1,Brysbaert2014a,3.53,NA,core,FALSE,
kindertehuis,0.595662116277458,1,Brysbaert2014a,3.53,NA,core,FALSE,
kinkhoest,0.595662116277458,1,Brysbaert2014a,3.53,NA,core,FALSE,
knechten,0.595662116277458,1,Brysbaert2014a,3.53,NA,core,FALSE,
knokken,0.595662116277458,1,Brysbaert2014a,3.53,NA,core,FALSE,
kooplui,0.595662116277458,1,Brysbaert2014a,3.53,NA,core,FALSE,
koppeling,0.595662116277458,1,Brysbaert2014a,3.53,NA,core,FALSE,
kortsluiting,0.595662116277458,1,Brysbaert2014a,3.53,NA,core,FALSE,
kostschool,0.595662116277458,1,Brysbaert2014a,3.53,NA,core,FALSE,
krachtsport,0.595662116277458,1,Brysbaert2014a,3.53,NA,core,FALSE,
kwab,0.595662116277458,1,Brysbaert2014a,3.53,NA,core,FALSE,
laden,0.595662116277458,1,Brysbaert2014a,3.53,NA,core,FALSE,
legerbasis,0.595662116277458,1,Brysbaert2014a,3.53,NA,core,FALSE,
lichaamsdeel,0.595662116277458,1,Brysbaert2014a,3.53,NA,core,FALSE,
lifter,0.595662116277458,1,Brysbaert2014a,3.53,NA,core,FALSE,
lithium,0.595662116277458,1,Brysbaert2014a,3.53,NA,core,FALSE,
lokaal,0.595662116277458,1,Brysbaert2014a,3.53,NA,core,FALSE,
lokaas,0.595662116277458,1,Brysbaert2014a,3.53,NA,core,FALSE,
looppas,0.595662116277458,1,Brysbaert2014a,3.53,NA,core,FALSE,
magazijn,0.595662116277458,1,Brysbaert2014a,3.53,NA,core,FALSE,
magnesium,0.595662116277458,1,Brysbaert2014a,3.53,NA,core,FALSE,
mailen,0.595662116277458,1,Brysbaert2014a,3.53,NA,core,FALSE,
medestudent,0.595662116277458,1,Brysbaert2014a,3.53,NA,core,FALSE,
middenveld,0.595662116277458,1,Brysbaert2014a,3.53,NA,core,FALSE,
minister,0.595662116277458,1,Brysbaert2014a,3.53,NA,core,FALSE,
minnares,0.595662116277458,1,Brysbaert2014a,3.53,NA,core,FALSE,
monitrice,0.595662116277458,1,Brysbaert2014a,3.53,NA,core,FALSE,
moord,0.595662116277458,1,Brysbaert2014a,3.53,NA,core,FALSE,
noorden,0.595662116277458,1,Brysbaert2014a,3.53,NA,core,FALSE,
notities,0.595662116277458,1,Brysbaert2014a,3.53,NA,core,FALSE,
overval,0.595662116277458,1,Brysbaert2014a,3.53,NA,core,FALSE,
panne,0.595662116277458,1,Brysbaert2014a,3.53,NA,core,FALSE,
paragraaf,0.595662116277458,1,Brysbaert2014a,3.53,NA,core,FALSE,
pastorij,0.595662116277458,1,Brysbaert2014a,3.53,NA,core,FALSE,
penalty,0.595662116277458,1,Brysbaert2014a,3.53,NA,core,FALSE,
persbureau,0.595662116277458,1,Brysbaert2014a,3.53,NA,core,FALSE,
pijplijn,0.595662116277458,1,Brysbaert2014a,3.53,NA,core,FALSE,
ploegbaas,0.595662116277458,1,Brysbaert2014a,3.53,NA,core,FALSE,
pluizen,0.595662116277458,1,Brysbaert2014a,3.53,NA,core,FALSE,
pornografie,0.595662116277458,1,Brysbaert2014a,3.53,NA,core,FALSE,
prins,0.595662116277458,1,Brysbaert2014a,3.53,NA,core,FALSE,
proef,0.595662116277458,1,Brysbaert2014a,3.53,NA,core,FALSE,
radiozender,0.595662116277458,1,Brysbaert2014a,3.53,NA,core,FALSE,
receptionist,0.595662116277458,1,Brysbaert2014a,3.53,NA,core,FALSE,
resten,0.595662116277458,1,Brysbaert2014a,3.53,NA,core,FALSE,
ronding,0.595662116277458,1,Brysbaert2014a,3.53,NA,core,FALSE,
roofmoord,0.595662116277458,1,Brysbaert2014a,3.53,NA,core,FALSE,
route,0.595662116277458,1,Brysbaert2014a,3.53,NA,core,FALSE,
ruiker,0.595662116277458,1,Brysbaert2014a,3.53,NA,core,FALSE,
schiften,0.595662116277458,1,Brysbaert2014a,3.53,NA,core,FALSE,
schittering,0.595662116277458,1,Brysbaert2014a,3.53,NA,core,FALSE,
schoenmaker,0.595662116277458,1,Brysbaert2014a,3.53,NA,core,FALSE,
schreeuwer,0.595662116277458,1,Brysbaert2014a,3.53,NA,core,FALSE,
scouts,0.595662116277458,1,Brysbaert2014a,3.53,NA,core,FALSE,
secretaire,0.595662116277458,1,Brysbaert2014a,3.53,NA,core,FALSE,
serenade,0.595662116277458,1,Brysbaert2014a,3.53,NA,core,FALSE,
serveerster,0.595662116277458,1,Brysbaert2014a,3.53,NA,core,FALSE,
serveuse,0.595662116277458,1,Brysbaert2014a,3.53,NA,core,FALSE,
site,0.595662116277458,1,Brysbaert2014a,3.53,NA,core,FALSE,
souschef,0.595662116277458,1,Brysbaert2014a,3.53,NA,core,FALSE,
speelkwartier,0.595662116277458,1,Brysbaert2014a,3.53,NA,core,FALSE,
spijbelaar,0.595662116277458,1,Brysbaert2014a,3.53,NA,core,FALSE,
spotvogel,0.595662116277458,1,Brysbaert2014a,3.53,NA,core,FALSE,
spreker,0.595662116277458,1,Brysbaert2014a,3.53,NA,core,FALSE,
stap,0.595662116277458,1,Brysbaert2014a,3.53,NA,core,FALSE,
stikstof,0.595662116277458,1,Brysbaert2014a,3.53,NA,core,FALSE,
stoelendans,0.595662116277458,1,Brysbaert2014a,3.53,NA,core,FALSE,
stomerij,0.595662116277458,1,Brysbaert2014a,3.53,NA,core,FALSE,
strafpleiter,0.595662116277458,1,Brysbaert2014a,3.53,NA,core,FALSE,
struikrover,0.595662116277458,1,Brysbaert2014a,3.53,NA,core,FALSE,
tegenwind,0.595662116277458,1,Brysbaert2014a,3.53,NA,core,FALSE,
telefonie,0.595662116277458,1,Brysbaert2014a,3.53,NA,core,FALSE,
telefoonlijn,0.595662116277458,1,Brysbaert2014a,3.53,NA,core,FALSE,
telefoontje,0.595662116277458,1,Brysbaert2014a,3.53,NA,core,FALSE,
timer,0.595662116277458,1,Brysbaert2014a,3.53,NA,core,FALSE,
toerist,0.595662116277458,1,Brysbaert2014a,3.53,NA,core,FALSE,
toespraak,0.595662116277458,1,Brysbaert2014a,3.53,NA,core,FALSE,
transportmiddel,0.595662116277458,1,Brysbaert2014a,3.53,NA,core,FALSE,
trip,0.595662116277458,1,Brysbaert2014a,3.53,NA,core,FALSE,
turbulentie,0.595662116277458,1,Brysbaert2014a,3.53,NA,core,FALSE,
veiling,0.595662116277458,1,Brysbaert2014a,3.53,NA,core,FALSE,
verdrinking,0.595662116277458,1,Brysbaert2014a,3.53,NA,core,FALSE,
verkaveling,0.595662116277458,1,Brysbaert2014a,3.53,NA,core,FALSE,
verpleegster,0.595662116277458,1,Brysbaert2014a,3.53,NA,core,FALSE,
versnapering,0.595662116277458,1,Brysbaert2014a,3.53,NA,core,FALSE,
verstuiving,0.595662116277458,1,Brysbaert2014a,3.53,NA,core,FALSE,
verzamelaar,0.595662116277458,1,Brysbaert2014a,3.53,NA,core,FALSE,
vleeseter,0.595662116277458,1,Brysbaert2014a,3.53,NA,core,FALSE,
vluchtauto,0.595662116277458,1,Brysbaert2014a,3.53,NA,core,FALSE,
vriendin,0.595662116277458,1,Brysbaert2014a,3.53,NA,core,FALSE,
vuiltje,0.595662116277458,1,Brysbaert2014a,3.53,NA,core,FALSE,
waarzegster,0.595662116277458,1,Brysbaert2014a,3.53,NA,core,FALSE,
wachtkamer,0.595662116277458,1,Brysbaert2014a,3.53,NA,core,FALSE,
wetenschapper,0.595662116277458,1,Brysbaert2014a,3.53,NA,core,FALSE,
zangnoot,0.595662116277458,1,Brysbaert2014a,3.53,NA,core,FALSE,
zenuwstelsel,0.595662116277458,1,Brysbaert2014a,3.53,NA,core,FALSE,
zenuwtrek,0.595662116277458,1,Brysbaert2014a,3.53,NA,core,FALSE,
verwonding,0.595339017780569,2,Brysbaert2014a;Jasmin2012,5.565,NA,core,FALSE,
klif,0.593211292942886,2,Brysbaert2014a;Jasmin2012,5.45,NA,core,FALSE,
schrijver,0.589923120750853,2,Brysbaert2014a;Jasmin2012,5.565,NA,core,FALSE,
obesitas,0.589890087523151,2,Brysbaert2014a;Jasmin2012,5.6,NA,core,FALSE,
familie,0.589841562208398,2,Brysbaert2014a;Jasmin2012,5.6,NA,core,FALSE,
penthouse,0.589605734767025,1,Jasmin2012,7.67,NA,core,FALSE,
aanbouw,0.586480493382302,1,Brysbaert2014a,3.5,NA,core,FALSE,
aceton,0.586480493382302,1,Brysbaert2014a,3.5,NA,core,FALSE,
apezuur,0.586480493382302,1,Brysbaert2014a,3.5,NA,core,FALSE,
aplomb,0.586480493382302,1,Brysbaert2014a,3.5,NA,core,FALSE,
arterie,0.586480493382302,1,Brysbaert2014a,3.5,NA,core,FALSE,
artrose,0.586480493382302,1,Brysbaert2014a,3.5,NA,core,FALSE,
baboe,0.586480493382302,1,Brysbaert2014a,3.5,NA,core,FALSE,
baliekluiver,0.586480493382302,1,Brysbaert2014a,3.5,NA,core,FALSE,
banket,0.586480493382302,1,Brysbaert2014a,3.5,NA,core,FALSE,
barrels,0.586480493382302,1,Brysbaert2014a,3.5,NA,core,FALSE,
bètablokker,0.586480493382302,1,Brysbaert2014a,3.5,NA,core,FALSE,
biels,0.586480493382302,1,Brysbaert2014a,3.5,NA,core,FALSE,
bommenmaker,0.586480493382302,1,Brysbaert2014a,3.5,NA,core,FALSE,
breidel,0.586480493382302,1,Brysbaert2014a,3.5,NA,core,FALSE,
breister,0.586480493382302,1,Brysbaert2014a,3.5,NA,core,FALSE,
bres,0.586480493382302,1,Brysbaert2014a,3.5,NA,core,FALSE,
bunder,0.586480493382302,1,Brysbaert2014a,3.5,NA,core,FALSE,
burggraaf,0.586480493382302,1,Brysbaert2014a,3.5,NA,core,FALSE,
buut,0.586480493382302,1,Brysbaert2014a,3.5,NA,core,FALSE,
cantate,0.586480493382302,1,Brysbaert2014a,3.5,NA,core,FALSE,
centaur,0.586480493382302,1,Brysbaert2014a,3.5,NA,core,FALSE,
centurion,0.586480493382302,1,Brysbaert2014a,3.5,NA,core,FALSE,
cisterciënzer,0.586480493382302,1,Brysbaert2014a,3.5,NA,core,FALSE,
codex,0.586480493382302,1,Brysbaert2014a,3.5,NA,core,FALSE,
codicil,0.586480493382302,1,Brysbaert2014a,3.5,NA,core,FALSE,
colportage,0.586480493382302,1,Brysbaert2014a,3.5,NA,core,FALSE,
condor,0.586480493382302,1,Brysbaert2014a,3.5,NA,core,FALSE,
consistorie,0.586480493382302,1,Brysbaert2014a,3.5,NA,core,FALSE,
corrosie,0.586480493382302,1,Brysbaert2014a,3.5,NA,core,FALSE,
dijkgraaf,0.586480493382302,1,Brysbaert2014a,3.5,NA,core,FALSE,
dikoor,0.586480493382302,1,Brysbaert2014a,3.5,NA,core,FALSE,
diode,0.586480493382302,1,Brysbaert2014a,3.5,NA,core,FALSE,
doodenkel,0.586480493382302,1,Brysbaert2014a,3.5,NA,core,FALSE,
duimstok,0.586480493382302,1,Brysbaert2014a,3.5,NA,core,FALSE,
etaleur,0.586480493382302,1,Brysbaert2014a,3.5,NA,core,FALSE,
frenetiek,0.586480493382302,1,Brysbaert2014a,3.5,NA,core,FALSE,
gevoeg,0.586480493382302,1,Brysbaert2014a,3.5,NA,core,FALSE,
handenbinder,0.586480493382302,1,Brysbaert2014a,3.5,NA,core,FALSE,
havenhoofd,0.586480493382302,1,Brysbaert2014a,3.5,NA,core,FALSE,
heertje,0.586480493382302,1,Brysbaert2014a,3.5,NA,core,FALSE,
hoppe,0.586480493382302,1,Brysbaert2014a,3.5,NA,core,FALSE,
hospes,0.586480493382302,1,Brysbaert2014a,3.5,NA,core,FALSE,
jujube,0.586480493382302,1,Brysbaert2014a,3.5,NA,core,FALSE,
kaartspeler,0.586480493382302,1,Brysbaert2014a,3.5,NA,core,FALSE,
karkiet,0.586480493382302,1,Brysbaert2014a,3.5,NA,core,FALSE,
karren,0.586480493382302,1,Brysbaert2014a,3.5,NA,core,FALSE,
kastie,0.586480493382302,1,Brysbaert2014a,3.5,NA,core,FALSE,
kazak,0.586480493382302,1,Brysbaert2014a,3.5,NA,core,FALSE,
kleedster,0.586480493382302,1,Brysbaert2014a,3.5,NA,core,FALSE,
kluwen,0.586480493382302,1,Brysbaert2014a,3.5,NA,core,FALSE,
knallen,0.586480493382302,1,Brysbaert2014a,3.5,NA,core,FALSE,
koelie,0.586480493382302,1,Brysbaert2014a,3.5,NA,core,FALSE,
komfoor,0.586480493382302,1,Brysbaert2014a,3.5,NA,core,FALSE,
koter,0.586480493382302,1,Brysbaert2014a,3.5,NA,core,FALSE,
lachkramp,0.586480493382302,1,Brysbaert2014a,3.5,NA,core,FALSE,
lambiek,0.586480493382302,1,Brysbaert2014a,3.5,NA,core,FALSE,
larynx,0.586480493382302,1,Brysbaert2014a,3.5,NA,core,FALSE,
lichtkogel,0.586480493382302,1,Brysbaert2014a,3.5,NA,core,FALSE,
magiër,0.586480493382302,1,Brysbaert2014a,3.5,NA,core,FALSE,
menie,0.586480493382302,1,Brysbaert2014a,3.5,NA,core,FALSE,
moederschip,0.586480493382302,1,Brysbaert2014a,3.5,NA,core,FALSE,
nachtbraker,0.586480493382302,1,Brysbaert2014a,3.5,NA,core,FALSE,
napalm,0.586480493382302,1,Brysbaert2014a,3.5,NA,core,FALSE,
odium,0.586480493382302,1,Brysbaert2014a,3.5,NA,core,FALSE,
omroep,0.586480493382302,1,Brysbaert2014a,3.5,NA,core,FALSE,
paddock,0.586480493382302,1,Brysbaert2014a,3.5,NA,core,FALSE,
papenvreter,0.586480493382302,1,Brysbaert2014a,3.5,NA,core,FALSE,
parvenu,0.586480493382302,1,Brysbaert2014a,3.5,NA,core,FALSE,
paukenist,0.586480493382302,1,Brysbaert2014a,3.5,NA,core,FALSE,
perspex,0.586480493382302,1,Brysbaert2014a,3.5,NA,core,FALSE,
plissé,0.586480493382302,1,Brysbaert2014a,3.5,NA,core,FALSE,
pluvier,0.586480493382302,1,Brysbaert2014a,3.5,NA,core,FALSE,
polyether,0.586480493382302,1,Brysbaert2014a,3.5,NA,core,FALSE,
potsenmaker,0.586480493382302,1,Brysbaert2014a,3.5,NA,core,FALSE,
proefschrift,0.586480493382302,1,Brysbaert2014a,3.5,NA,core,FALSE,
reidans,0.586480493382302,1,Brysbaert2014a,3.5,NA,core,FALSE,
ribosoom,0.586480493382302,1,Brysbaert2014a,3.5,NA,core,FALSE,
roerdomp,0.586480493382302,1,Brysbaert2014a,3.5,NA,core,FALSE,
sanatorium,0.586480493382302,1,Brysbaert2014a,3.5,NA,core,FALSE,
schapulier,0.586480493382302,1,Brysbaert2014a,3.5,NA,core,FALSE,
schopstoel,0.586480493382302,1,Brysbaert2014a,3.5,NA,core,FALSE,
sirocco,0.586480493382302,1,Brysbaert2014a,3.5,NA,core,FALSE,
sonoor,0.586480493382302,1,Brysbaert2014a,3.5,NA,core,FALSE,
sound,0.586480493382302,1,Brysbaert2014a,3.5,NA,core,FALSE,
spikkel,0.586480493382302,1,Brysbaert2014a,3.5,NA,core,FALSE,
spuitgast,0.586480493382302,1,Brysbaert2014a,3.5,NA,core,FALSE,
stee,0.586480493382302,1,Brysbaert2014a,3.5,NA,core,FALSE,
steenezel,0.586480493382302,1,Brysbaert2014a,3.5,NA,core,FALSE,
stuc,0.586480493382302,1,Brysbaert2014a,3.5,NA,core,FALSE,
stuip,0.586480493382302,1,Brysbaert2014a,3.5,NA,core,FALSE,
sumo,0.586480493382302,1,Brysbaert2014a,3.5,NA,core,FALSE,
suppletie,0.586480493382302,1,Brysbaert2014a,3.5,NA,core,FALSE,
taaitaai,0.586480493382302,1,Brysbaert2014a,3.5,NA,core,FALSE,
tinctuur,0.586480493382302,1,Brysbaert2014a,3.5,NA,core,FALSE,
triptrap,0.586480493382302,1,Brysbaert2014a,3.5,NA,core,FALSE,
tsaar,0.586480493382302,1,Brysbaert2014a,3.5,NA,core,FALSE,
tycoon,0.586480493382302,1,Brysbaert2014a,3.5,NA,core,FALSE,
visboer,0.586480493382302,1,Brysbaert2014a,3.5,NA,core,FALSE,
vuurvreter,0.586480493382302,1,Brysbaert2014a,3.5,NA,core,FALSE,
wisselslag,0.586480493382302,1,Brysbaert2014a,3.5,NA,core,FALSE,
syfilis,0.585511508354302,2,Brysbaert2014a;Jasmin2012,5.55,NA,core,FALSE,
stamper,0.584121101302975,2,Brysbaert2014a;Jasmin2012,5.395,NA,core,FALSE,
accessoires,0.577783937357079,1,Brysbaert2014a,3.47,NA,core,FALSE,
aerobics,0.577783937357079,1,Brysbaert2014a,3.47,NA,core,FALSE,
afdaling,0.577783937357079,1,Brysbaert2014a,3.47,NA,core,FALSE,
afvalstof,0.577783937357079,1,Brysbaert2014a,3.47,NA,core,FALSE,
amazone,0.577783937357079,1,Brysbaert2014a,3.47,NA,core,FALSE,
antigif,0.577783937357079,1,Brysbaert2014a,3.47,NA,core,FALSE,
armenhuis,0.577783937357079,1,Brysbaert2014a,3.47,NA,core,FALSE,
asblond,0.577783937357079,1,Brysbaert2014a,3.47,NA,core,FALSE,
auditie,0.577783937357079,1,Brysbaert2014a,3.47,NA,core,FALSE,
autodief,0.577783937357079,1,Brysbaert2014a,3.47,NA,core,FALSE,
badgast,0.577783937357079,1,Brysbaert2014a,3.47,NA,core,FALSE,
barones,0.577783937357079,1,Brysbaert2014a,3.47,NA,core,FALSE,
beschutting,0.577783937357079,1,Brysbaert2014a,3.47,NA,core,FALSE,
bezetter,0.577783937357079,1,Brysbaert2014a,3.47,NA,core,FALSE,
biografie,0.577783937357079,1,Brysbaert2014a,3.47,NA,core,FALSE,
bloedsomloop,0.577783937357079,1,Brysbaert2014a,3.47,NA,core,FALSE,
brouwsel,0.577783937357079,1,Brysbaert2014a,3.47,NA,core,FALSE,
bruidsjonker,0.577783937357079,1,Brysbaert2014a,3.47,NA,core,FALSE,
building,0.577783937357079,1,Brysbaert2014a,3.47,NA,core,FALSE,
buren,0.577783937357079,1,Brysbaert2014a,3.47,NA,core,FALSE,
carnivoor,0.577783937357079,1,Brysbaert2014a,3.47,NA,core,FALSE,
commandeur,0.577783937357079,1,Brysbaert2014a,3.47,NA,core,FALSE,
controlepost,0.577783937357079,1,Brysbaert2014a,3.47,NA,core,FALSE,
cursus,0.577783937357079,1,Brysbaert2014a,3.47,NA,core,FALSE,
daling,0.577783937357079,1,Brysbaert2014a,3.47,NA,core,FALSE,
detector,0.577783937357079,1,Brysbaert2014a,3.47,NA,core,FALSE,
droogte,0.577783937357079,1,Brysbaert2014a,3.47,NA,core,FALSE,
drukker,0.577783937357079,1,Brysbaert2014a,3.47,NA,core,FALSE,
duik,0.577783937357079,1,Brysbaert2014a,3.47,NA,core,FALSE,
emailen,0.577783937357079,1,Brysbaert2014a,3.47,NA,core,FALSE,
florist,0.577783937357079,1,Brysbaert2014a,3.47,NA,core,FALSE,
gasthuis,0.577783937357079,1,Brysbaert2014a,3.47,NA,core,FALSE,
gekkenhuis,0.577783937357079,1,Brysbaert2014a,3.47,NA,core,FALSE,
gemekker,0.577783937357079,1,Brysbaert2014a,3.47,NA,core,FALSE,
getier,0.577783937357079,1,Brysbaert2014a,3.47,NA,core,FALSE,
getrippel,0.577783937357079,1,Brysbaert2014a,3.47,NA,core,FALSE,
gladiator,0.577783937357079,1,Brysbaert2014a,3.47,NA,core,FALSE,
goederen,0.577783937357079,1,Brysbaert2014a,3.47,NA,core,FALSE,
harem,0.577783937357079,1,Brysbaert2014a,3.47,NA,core,FALSE,
hartaanval,0.577783937357079,1,Brysbaert2014a,3.47,NA,core,FALSE,
hogeschool,0.577783937357079,1,Brysbaert2014a,3.47,NA,core,FALSE,
honger,0.577783937357079,1,Brysbaert2014a,3.47,NA,core,FALSE,
hoofdgebouw,0.577783937357079,1,Brysbaert2014a,3.47,NA,core,FALSE,
hoofdstraat,0.577783937357079,1,Brysbaert2014a,3.47,NA,core,FALSE,
huiswerk,0.577783937357079,1,Brysbaert2014a,3.47,NA,core,FALSE,
hulpdienst,0.577783937357079,1,Brysbaert2014a,3.47,NA,core,FALSE,
inklappen,0.577783937357079,1,Brysbaert2014a,3.47,NA,core,FALSE,
inscriptie,0.577783937357079,1,Brysbaert2014a,3.47,NA,core,FALSE,
instrument,0.577783937357079,1,Brysbaert2014a,3.47,NA,core,FALSE,
kabaal,0.577783937357079,1,Brysbaert2014a,3.47,NA,core,FALSE,
kamermeisje,0.577783937357079,1,Brysbaert2014a,3.47,NA,core,FALSE,
kappen,0.577783937357079,1,Brysbaert2014a,3.47,NA,core,FALSE,
kerstlied,0.577783937357079,1,Brysbaert2014a,3.47,NA,core,FALSE,
kleinkind,0.577783937357079,1,Brysbaert2014a,3.47,NA,core,FALSE,
kleurtje,0.577783937357079,1,Brysbaert2014a,3.47,NA,core,FALSE,
kleuterklas,0.577783937357079,1,Brysbaert2014a,3.47,NA,core,FALSE,
koelte,0.577783937357079,1,Brysbaert2014a,3.47,NA,core,FALSE,
kookpunt,0.577783937357079,1,Brysbaert2014a,3.47,NA,core,FALSE,
kruidenier,0.577783937357079,1,Brysbaert2014a,3.47,NA,core,FALSE,
kurkdroog,0.577783937357079,1,Brysbaert2014a,3.47,NA,core,FALSE,
lettertype,0.577783937357079,1,Brysbaert2014a,3.47,NA,core,FALSE,
lezeres,0.577783937357079,1,Brysbaert2014a,3.47,NA,core,FALSE,
logo,0.577783937357079,1,Brysbaert2014a,3.47,NA,core,FALSE,
loop,0.577783937357079,1,Brysbaert2014a,3.47,NA,core,FALSE,
luidop,0.577783937357079,1,Brysbaert2014a,3.47,NA,core,FALSE,
makelaar,0.577783937357079,1,Brysbaert2014a,3.47,NA,core,FALSE,
marsmannetje,0.577783937357079,1,Brysbaert2014a,3.47,NA,core,FALSE,
mascotte,0.577783937357079,1,Brysbaert2014a,3.47,NA,core,FALSE,
melkzuur,0.577783937357079,1,Brysbaert2014a,3.47,NA,core,FALSE,
middenschip,0.577783937357079,1,Brysbaert2014a,3.47,NA,core,FALSE,
monster,0.577783937357079,1,Brysbaert2014a,3.47,NA,core,FALSE,
moordaanslag,0.577783937357079,1,Brysbaert2014a,3.47,NA,core,FALSE,
moordwapen,0.577783937357079,1,Brysbaert2014a,3.47,NA,core,FALSE,
noodlanding,0.577783937357079,1,Brysbaert2014a,3.47,NA,core,FALSE,
notitie,0.577783937357079,1,Brysbaert2014a,3.47,NA,core,FALSE,
nummer,0.577783937357079,1,Brysbaert2014a,3.47,NA,core,FALSE,
opvoeder,0.577783937357079,1,Brysbaert2014a,3.47,NA,core,FALSE,
opzichter,0.577783937357079,1,Brysbaert2014a,3.47,NA,core,FALSE,
ovenvers,0.577783937357079,1,Brysbaert2014a,3.47,NA,core,FALSE,
paring,0.577783937357079,1,Brysbaert2014a,3.47,NA,core,FALSE,
perceel,0.577783937357079,1,Brysbaert2014a,3.47,NA,core,FALSE,
personen,0.577783937357079,1,Brysbaert2014a,3.47,NA,core,FALSE,
petitie,0.577783937357079,1,Brysbaert2014a,3.47,NA,core,FALSE,
planteneter,0.577783937357079,1,Brysbaert2014a,3.47,NA,core,FALSE,
poederen,0.577783937357079,1,Brysbaert2014a,3.47,NA,core,FALSE,
postduif,0.577783937357079,1,Brysbaert2014a,3.47,NA,core,FALSE,
prater,0.577783937357079,1,Brysbaert2014a,3.47,NA,core,FALSE,
proefwerk,0.577783937357079,1,Brysbaert2014a,3.47,NA,core,FALSE,
proppen,0.577783937357079,1,Brysbaert2014a,3.47,NA,core,FALSE,
radiocontact,0.577783937357079,1,Brysbaert2014a,3.47,NA,core,FALSE,
rattenvanger,0.577783937357079,1,Brysbaert2014a,3.47,NA,core,FALSE,
ravage,0.577783937357079,1,Brysbaert2014a,3.47,NA,core,FALSE,
receptie,0.577783937357079,1,Brysbaert2014a,3.47,NA,core,FALSE,
redder,0.577783937357079,1,Brysbaert2014a,3.47,NA,core,FALSE,
rijm,0.577783937357079,1,Brysbaert2014a,3.47,NA,core,FALSE,
roep,0.577783937357079,1,Brysbaert2014a,3.47,NA,core,FALSE,
schildknaap,0.577783937357079,1,Brysbaert2014a,3.47,NA,core,FALSE,
schokgolf,0.577783937357079,1,Brysbaert2014a,3.47,NA,core,FALSE,
schuilen,0.577783937357079,1,Brysbaert2014a,3.47,NA,core,FALSE,
seinen,0.577783937357079,1,Brysbaert2014a,3.47,NA,core,FALSE,
slank,0.577783937357079,1,Brysbaert2014a,3.47,NA,core,FALSE,
slotenmaker,0.577783937357079,1,Brysbaert2014a,3.47,NA,core,FALSE,
spookschip,0.577783937357079,1,Brysbaert2014a,3.47,NA,core,FALSE,
spreekkamer,0.577783937357079,1,Brysbaert2014a,3.47,NA,core,FALSE,
stadsjongen,0.577783937357079,1,Brysbaert2014a,3.47,NA,core,FALSE,
stalker,0.577783937357079,1,Brysbaert2014a,3.47,NA,core,FALSE,
stamcafé,0.577783937357079,1,Brysbaert2014a,3.47,NA,core,FALSE,
steenworp,0.577783937357079,1,Brysbaert2014a,3.47,NA,core,FALSE,
strijdbijl,0.577783937357079,1,Brysbaert2014a,3.47,NA,core,FALSE,
stroombron,0.577783937357079,1,Brysbaert2014a,3.47,NA,core,FALSE,
studente,0.577783937357079,1,Brysbaert2014a,3.47,NA,core,FALSE,
terrein,0.577783937357079,1,Brysbaert2014a,3.47,NA,core,FALSE,
tientonner,0.577783937357079,1,Brysbaert2014a,3.47,NA,core,FALSE,
toernooi,0.577783937357079,1,Brysbaert2014a,3.47,NA,core,FALSE,
toon,0.577783937357079,1,Brysbaert2014a,3.47,NA,core,FALSE,
transpiratie,0.577783937357079,1,Brysbaert2014a,3.47,NA,core,FALSE,
transporteur,0.577783937357079,1,Brysbaert2014a,3.47,NA,core,FALSE,
troebel,0.577783937357079,1,Brysbaert2014a,3.47,NA,core,FALSE,
uitslag,0.577783937357079,1,Brysbaert2014a,3.47,NA,core,FALSE,
uurrooster,0.577783937357079,1,Brysbaert2014a,3.47,NA,core,FALSE,
vanger,0.577783937357079,1,Brysbaert2014a,3.47,NA,core,FALSE,
vapeur,0.577783937357079,1,Brysbaert2014a,3.47,NA,core,FALSE,
verdediger,0.577783937357079,1,Brysbaert2014a,3.47,NA,core,FALSE,
verdoving,0.577783937357079,1,Brysbaert2014a,3.47,NA,core,FALSE,
verhuizer,0.577783937357079,1,Brysbaert2014a,3.47,NA,core,FALSE,
vering,0.577783937357079,1,Brysbaert2014a,3.47,NA,core,FALSE,
verkeer,0.577783937357079,1,Brysbaert2014a,3.47,NA,core,FALSE,
verkeersleider,0.577783937357079,1,Brysbaert2014a,3.47,NA,core,FALSE,
verkeersregelaar,0.577783937357079,1,Brysbaert2014a,3.47,NA,core,FALSE,
verkoop,0.577783937357079,1,Brysbaert2014a,3.47,NA,core,FALSE,
vernieling,0.577783937357079,1,Brysbaert2014a,3.47,NA,core,FALSE,
versiersel,0.577783937357079,1,Brysbaert2014a,3.47,NA,core,FALSE,
verzorger,0.577783937357079,1,Brysbaert2014a,3.47,NA,core,FALSE,
vieruurtje,0.577783937357079,1,Brysbaert2014a,3.47,NA,core,FALSE,
voedster,0.577783937357079,1,Brysbaert2014a,3.47,NA,core,FALSE,
volslank,0.577783937357079,1,Brysbaert2014a,3.47,NA,core,FALSE,
webbrowser,0.577783937357079,1,Brysbaert2014a,3.47,NA,core,FALSE,
wereldleider,0.577783937357079,1,Brysbaert2014a,3.47,NA,core,FALSE,
werkplaats,0.577783937357079,1,Brysbaert2014a,3.47,NA,core,FALSE,
wildernis,0.577783937357079,1,Brysbaert2014a,3.47,NA,core,FALSE,
winkelier,0.577783937357079,1,Brysbaert2014a,3.47,NA,core,FALSE,
zangles,0.577783937357079,1,Brysbaert2014a,3.47,NA,core,FALSE,
zeevaart,0.577783937357079,1,Brysbaert2014a,3.47,NA,core,FALSE,
zoekmachine,0.577783937357079,1,Brysbaert2014a,3.47,NA,core,FALSE,
zuivel,0.577783937357079,1,Brysbaert2014a,3.47,NA,core,FALSE,
kolom,0.577772667562289,2,Brysbaert2014a;Jasmin2012,5.5,NA,core,FALSE,
persoon,0.577380460075867,2,Brysbaert2014a;Jasmin2012,5.565,NA,core,FALSE,
sluipmoordenaar,0.57258064516129,1,Jasmin2012,7.6,NA,core,FALSE,
beeldband,0.571824544383619,1,Brysbaert2014a,3.46,NA,core,FALSE,
biograaf,0.571824544383619,1,Brysbaert2014a,3.46,NA,core,FALSE,
boreling,0.571824544383619,1,Brysbaert2014a,3.46,NA,core,FALSE,
cataloog,0.571824544383619,1,Brysbaert2014a,3.46,NA,core,FALSE,
cerebellum,0.571824544383619,1,Brysbaert2014a,3.46,NA,core,FALSE,
draf,0.571824544383619,1,Brysbaert2014a,3.46,NA,core,FALSE,
effectbal,0.571824544383619,1,Brysbaert2014a,3.46,NA,core,FALSE,
knak,0.571824544383619,1,Brysbaert2014a,3.46,NA,core,FALSE,
kolos,0.571824544383619,1,Brysbaert2014a,3.46,NA,core,FALSE,
mam,0.571824544383619,1,Brysbaert2014a,3.46,NA,core,FALSE,
mokerslag,0.571824544383619,1,Brysbaert2014a,3.46,NA,core,FALSE,
natje,0.571824544383619,1,Brysbaert2014a,3.46,NA,core,FALSE,
nomade,0.571824544383619,1,Brysbaert2014a,3.46,NA,core,FALSE,
orgelist,0.571824544383619,1,Brysbaert2014a,3.46,NA,core,FALSE,
ovatie,0.571824544383619,1,Brysbaert2014a,3.46,NA,core,FALSE,
schimmenspel,0.571824544383619,1,Brysbaert2014a,3.46,NA,core,FALSE,
slik,0.571824544383619,1,Brysbaert2014a,3.46,NA,core,FALSE,
toespijs,0.571824544383619,1,Brysbaert2014a,3.46,NA,core,FALSE,
travestie,0.571824544383619,1,Brysbaert2014a,3.46,NA,core,FALSE,
troubadour,0.571824544383619,1,Brysbaert2014a,3.46,NA,core,FALSE,
tuner,0.571824544383619,1,Brysbaert2014a,3.46,NA,core,FALSE,
agrariër,0.570646524842353,1,Brysbaert2014a,3.45,NA,core,FALSE,
arduinen,0.570646524842353,1,Brysbaert2014a,3.45,NA,core,FALSE,
corvee,0.570646524842353,1,Brysbaert2014a,3.45,NA,core,FALSE,
etser,0.570646524842353,1,Brysbaert2014a,3.45,NA,core,FALSE,
ganzenmars,0.570646524842353,1,Brysbaert2014a,3.45,NA,core,FALSE,
kramer,0.570646524842353,1,Brysbaert2014a,3.45,NA,core,FALSE,
lazer,0.570646524842353,1,Brysbaert2014a,3.45,NA,core,FALSE,
orangist,0.570646524842353,1,Brysbaert2014a,3.45,NA,core,FALSE,
snater,0.570646524842353,1,Brysbaert2014a,3.45,NA,core,FALSE,
standin,0.570646524842353,1,Brysbaert2014a,3.45,NA,core,FALSE,
tempelier,0.570646524842353,1,Brysbaert2014a,3.45,NA,core,FALSE,
vlinderen,0.570646524842353,1,Brysbaert2014a,3.45,NA,core,FALSE,
wrong,0.570646524842353,1,Brysbaert2014a,3.45,NA,core,FALSE,
chianti,0.569780334003188,1,Brysbaert2014a,3.44,NA,core,FALSE,
duinafslag,0.569780334003188,1,Brysbaert2014a,3.44,NA,core,FALSE,
geseling,0.569780334003188,1,Brysbaert2014a,3.44,NA,core,FALSE,
hospitant,0.569780334003188,1,Brysbaert2014a,3.44,NA,core,FALSE,
kursaal,0.569780334003188,1,Brysbaert2014a,3.44,NA,core,FALSE,
melanoom,0.569780334003188,1,Brysbaert2014a,3.44,NA,core,FALSE,
mokkel,0.569780334003188,1,Brysbaert2014a,3.44,NA,core,FALSE,
page,0.569780334003188,1,Brysbaert2014a,3.44,NA,core,FALSE,
plebejer,0.569780334003188,1,Brysbaert2014a,3.44,NA,core,FALSE,
spiering,0.569780334003188,1,Brysbaert2014a,3.44,NA,core,FALSE,
stamhuis,0.569780334003188,1,Brysbaert2014a,3.44,NA,core,FALSE,
woelwater,0.569780334003188,1,Brysbaert2014a,3.44,NA,core,FALSE,
vet,0.569447207562175,2,Brysbaert2014a;Jasmin2012,5.365,NA,core,FALSE,
vaandel,0.569214702071332,2,Brysbaert2014a;Jasmin2012,5.465,NA,core,FALSE,
afvaart,0.568359781026956,1,Brysbaert2014a,3.43,NA,core,FALSE,
bonk,0.568359781026956,1,Brysbaert2014a,3.43,NA,core,FALSE,
brandbrief,0.568359781026956,1,Brysbaert2014a,3.43,NA,core,FALSE,
cateraar,0.568359781026956,1,Brysbaert2014a,3.43,NA,core,FALSE,
dras,0.568359781026956,1,Brysbaert2014a,3.43,NA,core,FALSE,
emulsie,0.568359781026956,1,Brysbaert2014a,3.43,NA,core,FALSE,
fleemtong,0.568359781026956,1,Brysbaert2014a,3.43,NA,core,FALSE,
fuik,0.568359781026956,1,Brysbaert2014a,3.43,NA,core,FALSE,
grondsoort,0.568359781026956,1,Brysbaert2014a,3.43,NA,core,FALSE,
hunebed,0.568359781026956,1,Brysbaert2014a,3.43,NA,core,FALSE,
kamenierster,0.568359781026956,1,Brysbaert2014a,3.43,NA,core,FALSE,
kazuifel,0.568359781026956,1,Brysbaert2014a,3.43,NA,core,FALSE,
kisten,0.568359781026956,1,Brysbaert2014a,3.43,NA,core,FALSE,
limerick,0.568359781026956,1,Brysbaert2014a,3.43,NA,core,FALSE,
logé,0.568359781026956,1,Brysbaert2014a,3.43,NA,core,FALSE,
medicijnman,0.568359781026956,1,Brysbaert2014a,3.43,NA,core,FALSE,
minnedrank,0.568359781026956,1,Brysbaert2014a,3.43,NA,core,FALSE,
noodgang,0.568359781026956,1,Brysbaert2014a,3.43,NA,core,FALSE,
platbodem,0.568359781026956,1,Brysbaert2014a,3.43,NA,core,FALSE,
portable,0.568359781026956,1,Brysbaert2014a,3.43,NA,core,FALSE,
puf,0.568359781026956,1,Brysbaert2014a,3.43,NA,core,FALSE,
rondzingen,0.568359781026956,1,Brysbaert2014a,3.43,NA,core,FALSE,
rotor,0.568359781026956,1,Brysbaert2014a,3.43,NA,core,FALSE,
rotting,0.568359781026956,1,Brysbaert2014a,3.43,NA,core,FALSE,
schuiver,0.568359781026956,1,Brysbaert2014a,3.43,NA,core,FALSE,
segment,0.568359781026956,1,Brysbaert2014a,3.43,NA,core,FALSE,
slatje,0.568359781026956,1,Brysbaert2014a,3.43,NA,core,FALSE,
veerdienst,0.568359781026956,1,Brysbaert2014a,3.43,NA,core,FALSE,
vrijschop,0.568359781026956,1,Brysbaert2014a,3.43,NA,core,FALSE,
ace,0.566939228050724,1,Brysbaert2014a,3.42,NA,core,FALSE,
bulk,0.566939228050724,1,Brysbaert2014a,3.42,NA,core,FALSE,
cascade,0.566939228050724,1,Brysbaert2014a,3.42,NA,core,FALSE,
colofon,0.566939228050724,1,Brysbaert2014a,3.42,NA,core,FALSE,
dinar,0.566939228050724,1,Brysbaert2014a,3.42,NA,core,FALSE,
hoogwerker,0.566939228050724,1,Brysbaert2014a,3.42,NA,core,FALSE,
klapper,0.566939228050724,1,Brysbaert2014a,3.42,NA,core,FALSE,
medaillist,0.566939228050724,1,Brysbaert2014a,3.42,NA,core,FALSE,
novellist,0.566939228050724,1,Brysbaert2014a,3.42,NA,core,FALSE,
re,0.566939228050724,1,Brysbaert2014a,3.42,NA,core,FALSE,
slagbal,0.566939228050724,1,Brysbaert2014a,3.42,NA,core,FALSE,
tuinder,0.566939228050724,1,Brysbaert2014a,3.42,NA,core,FALSE,
rel,0.566345406108763,2,Brysbaert2014a;Jasmin2012,5.485,NA,core,FALSE,
shotgun,0.566308243727599,1,Jasmin2012,7.57,NA,core,FALSE,
slib,0.565862978171494,2,Brysbaert2014a;Jasmin2012,5.33,NA,core,FALSE,
lente,0.562560338419209,2,Brysbaert2014a;Jasmin2012,5.5,NA,core,FALSE,
leider,0.560803399143967,2,Brysbaert2014a;Jasmin2012,5.5,NA,core,FALSE,
afranseling,0.559905758436699,1,Brysbaert2014a,3.4,NA,core,FALSE,
aquaplaning,0.559905758436699,1,Brysbaert2014a,3.4,NA,core,FALSE,
artiest,0.559905758436699,1,Brysbaert2014a,3.4,NA,core,FALSE,
autodiefstal,0.559905758436699,1,Brysbaert2014a,3.4,NA,core,FALSE,
balspel,0.559905758436699,1,Brysbaert2014a,3.4,NA,core,FALSE,
baren,0.559905758436699,1,Brysbaert2014a,3.4,NA,core,FALSE,
barrière,0.559905758436699,1,Brysbaert2014a,3.4,NA,core,FALSE,
bediende,0.559905758436699,1,Brysbaert2014a,3.4,NA,core,FALSE,
beeldverslag,0.559905758436699,1,Brysbaert2014a,3.4,NA,core,FALSE,
bestuiving,0.559905758436699,1,Brysbaert2014a,3.4,NA,core,FALSE,
bestuurster,0.559905758436699,1,Brysbaert2014a,3.4,NA,core,FALSE,
bevriezing,0.559905758436699,1,Brysbaert2014a,3.4,NA,core,FALSE,
bewapening,0.559905758436699,1,Brysbaert2014a,3.4,NA,core,FALSE,
bibliothecaris,0.559905758436699,1,Brysbaert2014a,3.4,NA,core,FALSE,
bink,0.559905758436699,1,Brysbaert2014a,3.4,NA,core,FALSE,
boezelaar,0.559905758436699,1,Brysbaert2014a,3.4,NA,core,FALSE,
bonzen,0.559905758436699,1,Brysbaert2014a,3.4,NA,core,FALSE,
buikgriep,0.559905758436699,1,Brysbaert2014a,3.4,NA,core,FALSE,
buts,0.559905758436699,1,Brysbaert2014a,3.4,NA,core,FALSE,
buur,0.559905758436699,1,Brysbaert2014a,3.4,NA,core,FALSE,
carpoolen,0.559905758436699,1,Brysbaert2014a,3.4,NA,core,FALSE,
ceremonie,0.559905758436699,1,Brysbaert2014a,3.4,NA,core,FALSE,
cessionaris,0.559905758436699,1,Brysbaert2014a,3.4,NA,core,FALSE,
chatten,0.559905758436699,1,Brysbaert2014a,3.4,NA,core,FALSE,
componist,0.559905758436699,1,Brysbaert2014a,3.4,NA,core,FALSE,
diefstal,0.559905758436699,1,Brysbaert2014a,3.4,NA,core,FALSE,
dienstingang,0.559905758436699,1,Brysbaert2014a,3.4,NA,core,FALSE,
douanier,0.559905758436699,1,Brysbaert2014a,3.4,NA,core,FALSE,
drager,0.559905758436699,1,Brysbaert2014a,3.4,NA,core,FALSE,
drietal,0.559905758436699,1,Brysbaert2014a,3.4,NA,core,FALSE,
droedel,0.559905758436699,1,Brysbaert2014a,3.4,NA,core,FALSE,
duizeling,0.559905758436699,1,Brysbaert2014a,3.4,NA,core,FALSE,
effen,0.559905758436699,1,Brysbaert2014a,3.4,NA,core,FALSE,
epilepsie,0.559905758436699,1,Brysbaert2014a,3.4,NA,core,FALSE,
feesten,0.559905758436699,1,Brysbaert2014a,3.4,NA,core,FALSE,
foerage,0.559905758436699,1,Brysbaert2014a,3.4,NA,core,FALSE,
fosfor,0.559905758436699,1,Brysbaert2014a,3.4,NA,core,FALSE,
galabal,0.559905758436699,1,Brysbaert2014a,3.4,NA,core,FALSE,
gaslek,0.559905758436699,1,Brysbaert2014a,3.4,NA,core,FALSE,
gastvrouw,0.559905758436699,1,Brysbaert2014a,3.4,NA,core,FALSE,
gegrinnik,0.559905758436699,1,Brysbaert2014a,3.4,NA,core,FALSE,
gendarmerie,0.559905758436699,1,Brysbaert2014a,3.4,NA,core,FALSE,
geoloog,0.559905758436699,1,Brysbaert2014a,3.4,NA,core,FALSE,
getto,0.559905758436699,1,Brysbaert2014a,3.4,NA,core,FALSE,
gids,0.559905758436699,1,Brysbaert2014a,3.4,NA,core,FALSE,
gijzelnemer,0.559905758436699,1,Brysbaert2014a,3.4,NA,core,FALSE,
groothandel,0.559905758436699,1,Brysbaert2014a,3.4,NA,core,FALSE,
halfvol,0.559905758436699,1,Brysbaert2014a,3.4,NA,core,FALSE,
handreiking,0.559905758436699,1,Brysbaert2014a,3.4,NA,core,FALSE,
hogepriester,0.559905758436699,1,Brysbaert2014a,3.4,NA,core,FALSE,
holbewoner,0.559905758436699,1,Brysbaert2014a,3.4,NA,core,FALSE,
huisgenoot,0.559905758436699,1,Brysbaert2014a,3.4,NA,core,FALSE,
huisgenote,0.559905758436699,1,Brysbaert2014a,3.4,NA,core,FALSE,
huistaak,0.559905758436699,1,Brysbaert2014a,3.4,NA,core,FALSE,
hyperbool,0.559905758436699,1,Brysbaert2014a,3.4,NA,core,FALSE,
inbraak,0.559905758436699,1,Brysbaert2014a,3.4,NA,core,FALSE,
inspuiting,0.559905758436699,1,Brysbaert2014a,3.4,NA,core,FALSE,
internet,0.559905758436699,1,Brysbaert2014a,3.4,NA,core,FALSE,
jodium,0.559905758436699,1,Brysbaert2014a,3.4,NA,core,FALSE,
journalist,0.559905758436699,1,Brysbaert2014a,3.4,NA,core,FALSE,
jury,0.559905758436699,1,Brysbaert2014a,3.4,NA,core,FALSE,
kernafval,0.559905758436699,1,Brysbaert2014a,3.4,NA,core,FALSE,
keukenhulp,0.559905758436699,1,Brysbaert2014a,3.4,NA,core,FALSE,
kiekje,0.559905758436699,1,Brysbaert2014a,3.4,NA,core,FALSE,
klank,0.559905758436699,1,Brysbaert2014a,3.4,NA,core,FALSE,
klasgenote,0.559905758436699,1,Brysbaert2014a,3.4,NA,core,FALSE,
kleden,0.559905758436699,1,Brysbaert2014a,3.4,NA,core,FALSE,
klokslag,0.559905758436699,1,Brysbaert2014a,3.4,NA,core,FALSE,
kloon,0.559905758436699,1,Brysbaert2014a,3.4,NA,core,FALSE,
klussen,0.559905758436699,1,Brysbaert2014a,3.4,NA,core,FALSE,
klusser,0.559905758436699,1,Brysbaert2014a,3.4,NA,core,FALSE,
knerpen,0.559905758436699,1,Brysbaert2014a,3.4,NA,core,FALSE,
koers,0.559905758436699,1,Brysbaert2014a,3.4,NA,core,FALSE,
konvooi,0.559905758436699,1,Brysbaert2014a,3.4,NA,core,FALSE,
kooiker,0.559905758436699,1,Brysbaert2014a,3.4,NA,core,FALSE,
koopwaren,0.559905758436699,1,Brysbaert2014a,3.4,NA,core,FALSE,
kornuit,0.559905758436699,1,Brysbaert2014a,3.4,NA,core,FALSE,
korps,0.559905758436699,1,Brysbaert2014a,3.4,NA,core,FALSE,
kotbaas,0.559905758436699,1,Brysbaert2014a,3.4,NA,core,FALSE,
kraambed,0.559905758436699,1,Brysbaert2014a,3.4,NA,core,FALSE,
kuier,0.559905758436699,1,Brysbaert2014a,3.4,NA,core,FALSE,
kuisvrouw,0.559905758436699,1,Brysbaert2014a,3.4,NA,core,FALSE,
kunstschilder,0.559905758436699,1,Brysbaert2014a,3.4,NA,core,FALSE,
kustgebied,0.559905758436699,1,Brysbaert2014a,3.4,NA,core,FALSE,
lading,0.559905758436699,1,Brysbaert2014a,3.4,NA,core,FALSE,
landschap,0.559905758436699,1,Brysbaert2014a,3.4,NA,core,FALSE,
lector,0.559905758436699,1,Brysbaert2014a,3.4,NA,core,FALSE,
lichtpunt,0.559905758436699,1,Brysbaert2014a,3.4,NA,core,FALSE,
longkanker,0.559905758436699,1,Brysbaert2014a,3.4,NA,core,FALSE,
lotto,0.559905758436699,1,Brysbaert2014a,3.4,NA,core,FALSE,
maas,0.559905758436699,1,Brysbaert2014a,3.4,NA,core,FALSE,
medewerkster,0.559905758436699,1,Brysbaert2014a,3.4,NA,core,FALSE,
meid,0.559905758436699,1,Brysbaert2014a,3.4,NA,core,FALSE,
microbe,0.559905758436699,1,Brysbaert2014a,3.4,NA,core,FALSE,
middelpunt,0.559905758436699,1,Brysbaert2014a,3.4,NA,core,FALSE,
middenvelder,0.559905758436699,1,Brysbaert2014a,3.4,NA,core,FALSE,
misser,0.559905758436699,1,Brysbaert2014a,3.4,NA,core,FALSE,
moorden,0.559905758436699,1,Brysbaert2014a,3.4,NA,core,FALSE,
moratorium,0.559905758436699,1,Brysbaert2014a,3.4,NA,core,FALSE,
morfine,0.559905758436699,1,Brysbaert2014a,3.4,NA,core,FALSE,
munitie,0.559905758436699,1,Brysbaert2014a,3.4,NA,core,FALSE,
nachtvlucht,0.559905758436699,1,Brysbaert2014a,3.4,NA,core,FALSE,
nudisme,0.559905758436699,1,Brysbaert2014a,3.4,NA,core,FALSE,
observator,0.559905758436699,1,Brysbaert2014a,3.4,NA,core,FALSE,
omlijsten,0.559905758436699,1,Brysbaert2014a,3.4,NA,core,FALSE,
omringen,0.559905758436699,1,Brysbaert2014a,3.4,NA,core,FALSE,
omtrek,0.559905758436699,1,Brysbaert2014a,3.4,NA,core,FALSE,
opa,0.559905758436699,1,Brysbaert2014a,3.4,NA,core,FALSE,
operatie,0.559905758436699,1,Brysbaert2014a,3.4,NA,core,FALSE,
oppervlak,0.559905758436699,1,Brysbaert2014a,3.4,NA,core,FALSE,
orgie,0.559905758436699,1,Brysbaert2014a,3.4,NA,core,FALSE,
orthopedist,0.559905758436699,1,Brysbaert2014a,3.4,NA,core,FALSE,
pa,0.559905758436699,1,Brysbaert2014a,3.4,NA,core,FALSE,
panorama,0.559905758436699,1,Brysbaert2014a,3.4,NA,core,FALSE,
patience,0.559905758436699,1,Brysbaert2014a,3.4,NA,core,FALSE,
patiënte,0.559905758436699,1,Brysbaert2014a,3.4,NA,core,FALSE,
pendel,0.559905758436699,1,Brysbaert2014a,3.4,NA,core,FALSE,
pikken,0.559905758436699,1,Brysbaert2014a,3.4,NA,core,FALSE,
pincode,0.559905758436699,1,Brysbaert2014a,3.4,NA,core,FALSE,
platform,0.559905758436699,1,Brysbaert2014a,3.4,NA,core,FALSE,
pleuritis,0.559905758436699,1,Brysbaert2014a,3.4,NA,core,FALSE,
plukker,0.559905758436699,1,Brysbaert2014a,3.4,NA,core,FALSE,
poen,0.559905758436699,1,Brysbaert2014a,3.4,NA,core,FALSE,
poetsvrouw,0.559905758436699,1,Brysbaert2014a,3.4,NA,core,FALSE,
pootgoed,0.559905758436699,1,Brysbaert2014a,3.4,NA,core,FALSE,
popster,0.559905758436699,1,Brysbaert2014a,3.4,NA,core,FALSE,
pornoster,0.559905758436699,1,Brysbaert2014a,3.4,NA,core,FALSE,
postuur,0.559905758436699,1,Brysbaert2014a,3.4,NA,core,FALSE,
prikkel,0.559905758436699,1,Brysbaert2014a,3.4,NA,core,FALSE,
producer,0.559905758436699,1,Brysbaert2014a,3.4,NA,core,FALSE,
projectie,0.559905758436699,1,Brysbaert2014a,3.4,NA,core,FALSE,
prooidier,0.559905758436699,1,Brysbaert2014a,3.4,NA,core,FALSE,
publiek,0.559905758436699,1,Brysbaert2014a,3.4,NA,core,FALSE,
puzzeltocht,0.559905758436699,1,Brysbaert2014a,3.4,NA,core,FALSE,
rataplan,0.559905758436699,1,Brysbaert2014a,3.4,NA,core,FALSE,
redactrice,0.559905758436699,1,Brysbaert2014a,3.4,NA,core,FALSE,
reiniging,0.559905758436699,1,Brysbaert2014a,3.4,NA,core,FALSE,
reliëf,0.559905758436699,1,Brysbaert2014a,3.4,NA,core,FALSE,
retabel,0.559905758436699,1,Brysbaert2014a,3.4,NA,core,FALSE,
reuma,0.559905758436699,1,Brysbaert2014a,3.4,NA,core,FALSE,
rollenspel,0.559905758436699,1,Brysbaert2014a,3.4,NA,core,FALSE,
scheepvaart,0.559905758436699,1,Brysbaert2014a,3.4,NA,core,FALSE,
schoonmoeder,0.559905758436699,1,Brysbaert2014a,3.4,NA,core,FALSE,
schraapsel,0.559905758436699,1,Brysbaert2014a,3.4,NA,core,FALSE,
secretariaat,0.559905758436699,1,Brysbaert2014a,3.4,NA,core,FALSE,
security,0.559905758436699,1,Brysbaert2014a,3.4,NA,core,FALSE,
souterrain,0.559905758436699,1,Brysbaert2014a,3.4,NA,core,FALSE,
spelletje,0.559905758436699,1,Brysbaert2014a,3.4,NA,core,FALSE,
sport,0.559905758436699,1,Brysbaert2014a,3.4,NA,core,FALSE,
stelling,0.559905758436699,1,Brysbaert2014a,3.4,NA,core,FALSE,
sterrenstelsel,0.559905758436699,1,Brysbaert2014a,3.4,NA,core,FALSE,
stortvloed,0.559905758436699,1,Brysbaert2014a,3.4,NA,core,FALSE,
strandjutter,0.559905758436699,1,Brysbaert2014a,3.4,NA,core,FALSE,
stroom,0.559905758436699,1,Brysbaert2014a,3.4,NA,core,FALSE,
teamgenoot,0.559905758436699,1,Brysbaert2014a,3.4,NA,core,FALSE,
teamleider,0.559905758436699,1,Brysbaert2014a,3.4,NA,core,FALSE,
tegenligger,0.559905758436699,1,Brysbaert2014a,3.4,NA,core,FALSE,
textuur,0.559905758436699,1,Brysbaert2014a,3.4,NA,core,FALSE,
thuiswedstrijd,0.559905758436699,1,Brysbaert2014a,3.4,NA,core,FALSE,
tic,0.559905758436699,1,Brysbaert2014a,3.4,NA,core,FALSE,
tiener,0.559905758436699,1,Brysbaert2014a,3.4,NA,core,FALSE,
toneel,0.559905758436699,1,Brysbaert2014a,3.4,NA,core,FALSE,
toonkunst,0.559905758436699,1,Brysbaert2014a,3.4,NA,core,FALSE,
transplantatie,0.559905758436699,1,Brysbaert2014a,3.4,NA,core,FALSE,
traverse,0.559905758436699,1,Brysbaert2014a,3.4,NA,core,FALSE,
trouwerij,0.559905758436699,1,Brysbaert2014a,3.4,NA,core,FALSE,
uitdroging,0.559905758436699,1,Brysbaert2014a,3.4,NA,core,FALSE,
uitje,0.559905758436699,1,Brysbaert2014a,3.4,NA,core,FALSE,
verdeler,0.559905758436699,1,Brysbaert2014a,3.4,NA,core,FALSE,
verduistering,0.559905758436699,1,Brysbaert2014a,3.4,NA,core,FALSE,
verkoudheid,0.559905758436699,1,Brysbaert2014a,3.4,NA,core,FALSE,
verstoppertje,0.559905758436699,1,Brysbaert2014a,3.4,NA,core,FALSE,
verstopping,0.559905758436699,1,Brysbaert2014a,3.4,NA,core,FALSE,
vitamine,0.559905758436699,1,Brysbaert2014a,3.4,NA,core,FALSE,
volkslied,0.559905758436699,1,Brysbaert2014a,3.4,NA,core,FALSE,
volladen,0.559905758436699,1,Brysbaert2014a,3.4,NA,core,FALSE,
voorraadkamer,0.559905758436699,1,Brysbaert2014a,3.4,NA,core,FALSE,
vroedvrouw,0.559905758436699,1,Brysbaert2014a,3.4,NA,core,FALSE,
wagenziek,0.559905758436699,1,Brysbaert2014a,3.4,NA,core,FALSE,
wijd,0.559905758436699,1,Brysbaert2014a,3.4,NA,core,FALSE,
wisselstuk,0.559905758436699,1,Brysbaert2014a,3.4,NA,core,FALSE,
zaaigoed,0.559905758436699,1,Brysbaert2014a,3.4,NA,core,FALSE,
zeemonster,0.559905758436699,1,Brysbaert2014a,3.4,NA,core,FALSE,
zoetje,0.559905758436699,1,Brysbaert2014a,3.4,NA,core,FALSE,
zuidpool,0.559905758436699,1,Brysbaert2014a,3.4,NA,core,FALSE,
echtscheiding,0.558423858037593,2,Brysbaert2014a;Jasmin2012,5.485,NA,core,FALSE,
aarde,0.558181759250359,2,Brysbaert2014a;Jasmin2012,5.435,NA,core,FALSE,
overstroming,0.555912494483078,2,Brysbaert2014a;Jasmin2012,5.35,NA,core,FALSE,
verkrachting,0.55366859451564,2,Brysbaert2014a;Jasmin2012,5.425,NA,core,FALSE,
nachtmerrie,0.552505818691293,2,Brysbaert2014a;Jasmin2012,5.465,NA,core,FALSE,
aalmoes,0.552040745617074,1,Brysbaert2014a,3.38,NA,core,FALSE,
afleggertje,0.552040745617074,1,Brysbaert2014a,3.38,NA,core,FALSE,
brenger,0.552040745617074,1,Brysbaert2014a,3.38,NA,core,FALSE,
brillantine,0.552040745617074,1,Brysbaert2014a,3.38,NA,core,FALSE,
coryfee,0.552040745617074,1,Brysbaert2014a,3.38,NA,core,FALSE,
couturier,0.552040745617074,1,Brysbaert2014a,3.38,NA,core,FALSE,
cursiefje,0.552040745617074,1,Brysbaert2014a,3.38,NA,core,FALSE,
desperado,0.552040745617074,1,Brysbaert2014a,3.38,NA,core,FALSE,
dilatatie,0.552040745617074,1,Brysbaert2014a,3.38,NA,core,FALSE,
donzen,0.552040745617074,1,Brysbaert2014a,3.38,NA,core,FALSE,
dor,0.552040745617074,1,Brysbaert2014a,3.38,NA,core,FALSE,
gamel,0.552040745617074,1,Brysbaert2014a,3.38,NA,core,FALSE,
gedruis,0.552040745617074,1,Brysbaert2014a,3.38,NA,core,FALSE,
geeltje,0.552040745617074,1,Brysbaert2014a,3.38,NA,core,FALSE,
gejubel,0.552040745617074,1,Brysbaert2014a,3.38,NA,core,FALSE,
glooiing,0.552040745617074,1,Brysbaert2014a,3.38,NA,core,FALSE,
kaap,0.552040745617074,1,Brysbaert2014a,3.38,NA,core,FALSE,
kaffer,0.552040745617074,1,Brysbaert2014a,3.38,NA,core,FALSE,
keepen,0.552040745617074,1,Brysbaert2014a,3.38,NA,core,FALSE,
kruisproef,0.552040745617074,1,Brysbaert2014a,3.38,NA,core,FALSE,
lachstuip,0.552040745617074,1,Brysbaert2014a,3.38,NA,core,FALSE,
magister,0.552040745617074,1,Brysbaert2014a,3.38,NA,core,FALSE,
markiezin,0.552040745617074,1,Brysbaert2014a,3.38,NA,core,FALSE,
overgooier,0.552040745617074,1,Brysbaert2014a,3.38,NA,core,FALSE,
parabool,0.552040745617074,1,Brysbaert2014a,3.38,NA,core,FALSE,
plenzen,0.552040745617074,1,Brysbaert2014a,3.38,NA,core,FALSE,
poeieren,0.552040745617074,1,Brysbaert2014a,3.38,NA,core,FALSE,
raadhuis,0.552040745617074,1,Brysbaert2014a,3.38,NA,core,FALSE,
serafijn,0.552040745617074,1,Brysbaert2014a,3.38,NA,core,FALSE,
singel,0.552040745617074,1,Brysbaert2014a,3.38,NA,core,FALSE,
souffleur,0.552040745617074,1,Brysbaert2014a,3.38,NA,core,FALSE,
tab,0.552040745617074,1,Brysbaert2014a,3.38,NA,core,FALSE,
tierlantijn,0.552040745617074,1,Brysbaert2014a,3.38,NA,core,FALSE,
vaantje,0.552040745617074,1,Brysbaert2014a,3.38,NA,core,FALSE,
vluchtnummer,0.552040745617074,1,Brysbaert2014a,3.38,NA,core,FALSE,
volksmenner,0.552040745617074,1,Brysbaert2014a,3.38,NA,core,FALSE,
kerstmis,0.551075268817204,1,Jasmin2012,7.5,NA,core,FALSE,
echtgenoot,0.550620627288576,2,Brysbaert2014a;Jasmin2012,5.465,NA,core,FALSE,
aasgier,0.549442173099577,1,Brysbaert2014a,3.36,NA,core,FALSE,
bebouwing,0.549442173099577,1,Brysbaert2014a,3.36,NA,core,FALSE,
bons,0.549442173099577,1,Brysbaert2014a,3.36,NA,core,FALSE,
boomgrens,0.549442173099577,1,Brysbaert2014a,3.36,NA,core,FALSE,
centime,0.549442173099577,1,Brysbaert2014a,3.36,NA,core,FALSE,
curie,0.549442173099577,1,Brysbaert2014a,3.36,NA,core,FALSE,
diplomaat,0.549442173099577,1,Brysbaert2014a,3.36,NA,core,FALSE,
drenkeling,0.549442173099577,1,Brysbaert2014a,3.36,NA,core,FALSE,
financier,0.549442173099577,1,Brysbaert2014a,3.36,NA,core,FALSE,
fruiten,0.549442173099577,1,Brysbaert2014a,3.36,NA,core,FALSE,
funk,0.549442173099577,1,Brysbaert2014a,3.36,NA,core,FALSE,
hangplek,0.549442173099577,1,Brysbaert2014a,3.36,NA,core,FALSE,
hologram,0.549442173099577,1,Brysbaert2014a,3.36,NA,core,FALSE,
hondsdraf,0.549442173099577,1,Brysbaert2014a,3.36,NA,core,FALSE,
jetlag,0.549442173099577,1,Brysbaert2014a,3.36,NA,core,FALSE,
kaper,0.549442173099577,1,Brysbaert2014a,3.36,NA,core,FALSE,
kasplantje,0.549442173099577,1,Brysbaert2014a,3.36,NA,core,FALSE,
katern,0.549442173099577,1,Brysbaert2014a,3.36,NA,core,FALSE,
kerkfabriek,0.549442173099577,1,Brysbaert2014a,3.36,NA,core,FALSE,
kromme,0.549442173099577,1,Brysbaert2014a,3.36,NA,core,FALSE,
kroonprins,0.549442173099577,1,Brysbaert2014a,3.36,NA,core,FALSE,
lappen,0.549442173099577,1,Brysbaert2014a,3.36,NA,core,FALSE,
pinup,0.549442173099577,1,Brysbaert2014a,3.36,NA,core,FALSE,
poken,0.549442173099577,1,Brysbaert2014a,3.36,NA,core,FALSE,
rammel,0.549442173099577,1,Brysbaert2014a,3.36,NA,core,FALSE,
recital,0.549442173099577,1,Brysbaert2014a,3.36,NA,core,FALSE,
rijdier,0.549442173099577,1,Brysbaert2014a,3.36,NA,core,FALSE,
rijksweg,0.549442173099577,1,Brysbaert2014a,3.36,NA,core,FALSE,
schutterij,0.549442173099577,1,Brysbaert2014a,3.36,NA,core,FALSE,
siamees,0.549442173099577,1,Brysbaert2014a,3.36,NA,core,FALSE,
spekslager,0.549442173099577,1,Brysbaert2014a,3.36,NA,core,FALSE,
spetter,0.549442173099577,1,Brysbaert2014a,3.36,NA,core,FALSE,
staartstuk,0.549442173099577,1,Brysbaert2014a,3.36,NA,core,FALSE,
tienkamp,0.549442173099577,1,Brysbaert2014a,3.36,NA,core,FALSE,
touroperator,0.549442173099577,1,Brysbaert2014a,3.36,NA,core,FALSE,
uitroep,0.549442173099577,1,Brysbaert2014a,3.36,NA,core,FALSE,
verschuiving,0.549442173099577,1,Brysbaert2014a,3.36,NA,core,FALSE,
zilverling,0.549442173099577,1,Brysbaert2014a,3.36,NA,core,FALSE,
zoldering,0.549442173099577,1,Brysbaert2014a,3.36,NA,core,FALSE,
feestje,0.546055863658706,2,Brysbaert2014a;Jasmin2012,5.28,NA,core,FALSE,
kabinet,0.541799172132672,2,Brysbaert2014a;Jasmin2012,5.435,NA,core,FALSE,
aandrijving,0.540918855242187,1,Brysbaert2014a,3.33,NA,core,FALSE,
aanvoerster,0.540918855242187,1,Brysbaert2014a,3.33,NA,core,FALSE,
aaseter,0.540918855242187,1,Brysbaert2014a,3.33,NA,core,FALSE,
achtervolger,0.540918855242187,1,Brysbaert2014a,3.33,NA,core,FALSE,
akkerbouw,0.540918855242187,1,Brysbaert2014a,3.33,NA,core,FALSE,
ambassade,0.540918855242187,1,Brysbaert2014a,3.33,NA,core,FALSE,
antivries,0.540918855242187,1,Brysbaert2014a,3.33,NA,core,FALSE,
arboretum,0.540918855242187,1,Brysbaert2014a,3.33,NA,core,FALSE,
architect,0.540918855242187,1,Brysbaert2014a,3.33,NA,core,FALSE,
assistente,0.540918855242187,1,Brysbaert2014a,3.33,NA,core,FALSE,
bagger,0.540918855242187,1,Brysbaert2014a,3.33,NA,core,FALSE,
baklucht,0.540918855242187,1,Brysbaert2014a,3.33,NA,core,FALSE,
bendeleider,0.540918855242187,1,Brysbaert2014a,3.33,NA,core,FALSE,
bepakking,0.540918855242187,1,Brysbaert2014a,3.33,NA,core,FALSE,
binnenkomst,0.540918855242187,1,Brysbaert2014a,3.33,NA,core,FALSE,
binnenstad,0.540918855242187,1,Brysbaert2014a,3.33,NA,core,FALSE,
bisschop,0.540918855242187,1,Brysbaert2014a,3.33,NA,core,FALSE,
blindheid,0.540918855242187,1,Brysbaert2014a,3.33,NA,core,FALSE,
blues,0.540918855242187,1,Brysbaert2014a,3.33,NA,core,FALSE,
bombarie,0.540918855242187,1,Brysbaert2014a,3.33,NA,core,FALSE,
boodschap,0.540918855242187,1,Brysbaert2014a,3.33,NA,core,FALSE,
bottelier,0.540918855242187,1,Brysbaert2014a,3.33,NA,core,FALSE,
bouwsel,0.540918855242187,1,Brysbaert2014a,3.33,NA,core,FALSE,
bouwval,0.540918855242187,1,Brysbaert2014a,3.33,NA,core,FALSE,
bron,0.540918855242187,1,Brysbaert2014a,3.33,NA,core,FALSE,
buitenplaats,0.540918855242187,1,Brysbaert2014a,3.33,NA,core,FALSE,
buurthuis,0.540918855242187,1,Brysbaert2014a,3.33,NA,core,FALSE,
campus,0.540918855242187,1,Brysbaert2014a,3.33,NA,core,FALSE,
cast,0.540918855242187,1,Brysbaert2014a,3.33,NA,core,FALSE,
chansonnier,0.540918855242187,1,Brysbaert2014a,3.33,NA,core,FALSE,
chemicaliën,0.540918855242187,1,Brysbaert2014a,3.33,NA,core,FALSE,
chipknip,0.540918855242187,1,Brysbaert2014a,3.33,NA,core,FALSE,
choreograaf,0.540918855242187,1,Brysbaert2014a,3.33,NA,core,FALSE,
chromosoom,0.540918855242187,1,Brysbaert2014a,3.33,NA,core,FALSE,
clan,0.540918855242187,1,Brysbaert2014a,3.33,NA,core,FALSE,
clement,0.540918855242187,1,Brysbaert2014a,3.33,NA,core,FALSE,
collectie,0.540918855242187,1,Brysbaert2014a,3.33,NA,core,FALSE,
concessionaris,0.540918855242187,1,Brysbaert2014a,3.33,NA,core,FALSE,
contour,0.540918855242187,1,Brysbaert2014a,3.33,NA,core,FALSE,
corridor,0.540918855242187,1,Brysbaert2014a,3.33,NA,core,FALSE,
dagopvang,0.540918855242187,1,Brysbaert2014a,3.33,NA,core,FALSE,
deciliter,0.540918855242187,1,Brysbaert2014a,3.33,NA,core,FALSE,
defilé,0.540918855242187,1,Brysbaert2014a,3.33,NA,core,FALSE,
diëtist,0.540918855242187,1,Brysbaert2014a,3.33,NA,core,FALSE,
discipel,0.540918855242187,1,Brysbaert2014a,3.33,NA,core,FALSE,
documentatie,0.540918855242187,1,Brysbaert2014a,3.33,NA,core,FALSE,
dorpsbewoner,0.540918855242187,1,Brysbaert2014a,3.33,NA,core,FALSE,
dozijn,0.540918855242187,1,Brysbaert2014a,3.33,NA,core,FALSE,
energiebron,0.540918855242187,1,Brysbaert2014a,3.33,NA,core,FALSE,
enquêteur,0.540918855242187,1,Brysbaert2014a,3.33,NA,core,FALSE,
evenement,0.540918855242187,1,Brysbaert2014a,3.33,NA,core,FALSE,
fabrikant,0.540918855242187,1,Brysbaert2014a,3.33,NA,core,FALSE,
firma,0.540918855242187,1,Brysbaert2014a,3.33,NA,core,FALSE,
geboortedag,0.540918855242187,1,Brysbaert2014a,3.33,NA,core,FALSE,
geboorteregister,0.540918855242187,1,Brysbaert2014a,3.33,NA,core,FALSE,
gejammer,0.540918855242187,1,Brysbaert2014a,3.33,NA,core,FALSE,
gekwetter,0.540918855242187,1,Brysbaert2014a,3.33,NA,core,FALSE,
geluidshinder,0.540918855242187,1,Brysbaert2014a,3.33,NA,core,FALSE,
geraas,0.540918855242187,1,Brysbaert2014a,3.33,NA,core,FALSE,
gewoel,0.540918855242187,1,Brysbaert2014a,3.33,NA,core,FALSE,
gifgas,0.540918855242187,1,Brysbaert2014a,3.33,NA,core,FALSE,
handwerk,0.540918855242187,1,Brysbaert2014a,3.33,NA,core,FALSE,
hoofding,0.540918855242187,1,Brysbaert2014a,3.33,NA,core,FALSE,
hoofdkantoor,0.540918855242187,1,Brysbaert2014a,3.33,NA,core,FALSE,
hoogspanning,0.540918855242187,1,Brysbaert2014a,3.33,NA,core,FALSE,
huisadres,0.540918855242187,1,Brysbaert2014a,3.33,NA,core,FALSE,
hulpstuk,0.540918855242187,1,Brysbaert2014a,3.33,NA,core,FALSE,
hulpverlener,0.540918855242187,1,Brysbaert2014a,3.33,NA,core,FALSE,
huwelijksdag,0.540918855242187,1,Brysbaert2014a,3.33,NA,core,FALSE,
inname,0.540918855242187,1,Brysbaert2014a,3.33,NA,core,FALSE,
installateur,0.540918855242187,1,Brysbaert2014a,3.33,NA,core,FALSE,
instructeur,0.540918855242187,1,Brysbaert2014a,3.33,NA,core,FALSE,
interieur,0.540918855242187,1,Brysbaert2014a,3.33,NA,core,FALSE,
interviewen,0.540918855242187,1,Brysbaert2014a,3.33,NA,core,FALSE,
jurylid,0.540918855242187,1,Brysbaert2014a,3.33,NA,core,FALSE,
kameraad,0.540918855242187,1,Brysbaert2014a,3.33,NA,core,FALSE,
kansspel,0.540918855242187,1,Brysbaert2014a,3.33,NA,core,FALSE,
karekiet,0.540918855242187,1,Brysbaert2014a,3.33,NA,core,FALSE,
keper,0.540918855242187,1,Brysbaert2014a,3.33,NA,core,FALSE,
kettingroker,0.540918855242187,1,Brysbaert2014a,3.33,NA,core,FALSE,
kilogram,0.540918855242187,1,Brysbaert2014a,3.33,NA,core,FALSE,
kilometer,0.540918855242187,1,Brysbaert2014a,3.33,NA,core,FALSE,
kling,0.540918855242187,1,Brysbaert2014a,3.33,NA,core,FALSE,
knaap,0.540918855242187,1,Brysbaert2014a,3.33,NA,core,FALSE,
koploper,0.540918855242187,1,Brysbaert2014a,3.33,NA,core,FALSE,
kriebels,0.540918855242187,1,Brysbaert2014a,3.33,NA,core,FALSE,
kroning,0.540918855242187,1,Brysbaert2014a,3.33,NA,core,FALSE,
kustvaarder,0.540918855242187,1,Brysbaert2014a,3.33,NA,core,FALSE,
land,0.540918855242187,1,Brysbaert2014a,3.33,NA,core,FALSE,
las,0.540918855242187,1,Brysbaert2014a,3.33,NA,core,FALSE,
les,0.540918855242187,1,Brysbaert2014a,3.33,NA,core,FALSE,
lesbienne,0.540918855242187,1,Brysbaert2014a,3.33,NA,core,FALSE,
lezer,0.540918855242187,1,Brysbaert2014a,3.33,NA,core,FALSE,
lichtbeeld,0.540918855242187,1,Brysbaert2014a,3.33,NA,core,FALSE,
lobotomie,0.540918855242187,1,Brysbaert2014a,3.33,NA,core,FALSE,
logboek,0.540918855242187,1,Brysbaert2014a,3.33,NA,core,FALSE,
luchtstroom,0.540918855242187,1,Brysbaert2014a,3.33,NA,core,FALSE,
luisteraar,0.540918855242187,1,Brysbaert2014a,3.33,NA,core,FALSE,
majoor,0.540918855242187,1,Brysbaert2014a,3.33,NA,core,FALSE,
manwijf,0.540918855242187,1,Brysbaert2014a,3.33,NA,core,FALSE,
meter,0.540918855242187,1,Brysbaert2014a,3.33,NA,core,FALSE,
migraine,0.540918855242187,1,Brysbaert2014a,3.33,NA,core,FALSE,
millibar,0.540918855242187,1,Brysbaert2014a,3.33,NA,core,FALSE,
mimiek,0.540918855242187,1,Brysbaert2014a,3.33,NA,core,FALSE,
mineraal,0.540918855242187,1,Brysbaert2014a,3.33,NA,core,FALSE,
minuut,0.540918855242187,1,Brysbaert2014a,3.33,NA,core,FALSE,
misdaadplek,0.540918855242187,1,Brysbaert2014a,3.33,NA,core,FALSE,
nasmaak,0.540918855242187,1,Brysbaert2014a,3.33,NA,core,FALSE,
neuker,0.540918855242187,1,Brysbaert2014a,3.33,NA,core,FALSE,
ontsnapping,0.540918855242187,1,Brysbaert2014a,3.33,NA,core,FALSE,
ontsteking,0.540918855242187,1,Brysbaert2014a,3.33,NA,core,FALSE,
ontwerper,0.540918855242187,1,Brysbaert2014a,3.33,NA,core,FALSE,
opstap,0.540918855242187,1,Brysbaert2014a,3.33,NA,core,FALSE,
opwarming,0.540918855242187,1,Brysbaert2014a,3.33,NA,core,FALSE,
paranoot,0.540918855242187,1,Brysbaert2014a,3.33,NA,core,FALSE,
pelerine,0.540918855242187,1,Brysbaert2014a,3.33,NA,core,FALSE,
pension,0.540918855242187,1,Brysbaert2014a,3.33,NA,core,FALSE,
pers,0.540918855242187,1,Brysbaert2014a,3.33,NA,core,FALSE,
pijler,0.540918855242187,1,Brysbaert2014a,3.33,NA,core,FALSE,
plankgas,0.540918855242187,1,Brysbaert2014a,3.33,NA,core,FALSE,
plooiing,0.540918855242187,1,Brysbaert2014a,3.33,NA,core,FALSE,
pocket,0.540918855242187,1,Brysbaert2014a,3.33,NA,core,FALSE,
polsen,0.540918855242187,1,Brysbaert2014a,3.33,NA,core,FALSE,
posten,0.540918855242187,1,Brysbaert2014a,3.33,NA,core,FALSE,
product,0.540918855242187,1,Brysbaert2014a,3.33,NA,core,FALSE,
proosten,0.540918855242187,1,Brysbaert2014a,3.33,NA,core,FALSE,
prostitutie,0.540918855242187,1,Brysbaert2014a,3.33,NA,core,FALSE,
putter,0.540918855242187,1,Brysbaert2014a,3.33,NA,core,FALSE,
reclame,0.540918855242187,1,Brysbaert2014a,3.33,NA,core,FALSE,
rector,0.540918855242187,1,Brysbaert2014a,3.33,NA,core,FALSE,
regisseur,0.540918855242187,1,Brysbaert2014a,3.33,NA,core,FALSE,
ritme,0.540918855242187,1,Brysbaert2014a,3.33,NA,core,FALSE,
rommel,0.540918855242187,1,Brysbaert2014a,3.33,NA,core,FALSE,
roofoverval,0.540918855242187,1,Brysbaert2014a,3.33,NA,core,FALSE,
ruimteveer,0.540918855242187,1,Brysbaert2014a,3.33,NA,core,FALSE,
ruwbouw,0.540918855242187,1,Brysbaert2014a,3.33,NA,core,FALSE,
salesmanager,0.540918855242187,1,Brysbaert2014a,3.33,NA,core,FALSE,
samenkomst,0.540918855242187,1,Brysbaert2014a,3.33,NA,core,FALSE,
schier,0.540918855242187,1,Brysbaert2014a,3.33,NA,core,FALSE,
schok,0.540918855242187,1,Brysbaert2014a,3.33,NA,core,FALSE,
seigneur,0.540918855242187,1,Brysbaert2014a,3.33,NA,core,FALSE,
sergeant,0.540918855242187,1,Brysbaert2014a,3.33,NA,core,FALSE,
shag,0.540918855242187,1,Brysbaert2014a,3.33,NA,core,FALSE,
sjabloon,0.540918855242187,1,Brysbaert2014a,3.33,NA,core,FALSE,
smeerpoes,0.540918855242187,1,Brysbaert2014a,3.33,NA,core,FALSE,
sokkel,0.540918855242187,1,Brysbaert2014a,3.33,NA,core,FALSE,
sommelier,0.540918855242187,1,Brysbaert2014a,3.33,NA,core,FALSE,
spierkracht,0.540918855242187,1,Brysbaert2014a,3.33,NA,core,FALSE,
spion,0.540918855242187,1,Brysbaert2014a,3.33,NA,core,FALSE,
spionne,0.540918855242187,1,Brysbaert2014a,3.33,NA,core,FALSE,
sportclub,0.540918855242187,1,Brysbaert2014a,3.33,NA,core,FALSE,
spreekbuis,0.540918855242187,1,Brysbaert2014a,3.33,NA,core,FALSE,
spul,0.540918855242187,1,Brysbaert2014a,3.33,NA,core,FALSE,
squadron,0.540918855242187,1,Brysbaert2014a,3.33,NA,core,FALSE,
stamcel,0.540918855242187,1,Brysbaert2014a,3.33,NA,core,FALSE,
stelletje,0.540918855242187,1,Brysbaert2014a,3.33,NA,core,FALSE,
stijging,0.540918855242187,1,Brysbaert2014a,3.33,NA,core,FALSE,
stoppen,0.540918855242187,1,Brysbaert2014a,3.33,NA,core,FALSE,
supporter,0.540918855242187,1,Brysbaert2014a,3.33,NA,core,FALSE,
taakstraf,0.540918855242187,1,Brysbaert2014a,3.33,NA,core,FALSE,
taalles,0.540918855242187,1,Brysbaert2014a,3.33,NA,core,FALSE,
tekst,0.540918855242187,1,Brysbaert2014a,3.33,NA,core,FALSE,
tijdrit,0.540918855242187,1,Brysbaert2014a,3.33,NA,core,FALSE,
tikje,0.540918855242187,1,Brysbaert2014a,3.33,NA,core,FALSE,
toneelspeler,0.540918855242187,1,Brysbaert2014a,3.33,NA,core,FALSE,
tremor,0.540918855242187,1,Brysbaert2014a,3.33,NA,core,FALSE,
triatlon,0.540918855242187,1,Brysbaert2014a,3.33,NA,core,FALSE,
troostprijs,0.540918855242187,1,Brysbaert2014a,3.33,NA,core,FALSE,
uitbater,0.540918855242187,1,Brysbaert2014a,3.33,NA,core,FALSE,
vaklui,0.540918855242187,1,Brysbaert2014a,3.33,NA,core,FALSE,
vegetariër,0.540918855242187,1,Brysbaert2014a,3.33,NA,core,FALSE,
veldslag,0.540918855242187,1,Brysbaert2014a,3.33,NA,core,FALSE,
verbinding,0.540918855242187,1,Brysbaert2014a,3.33,NA,core,FALSE,
verkoeling,0.540918855242187,1,Brysbaert2014a,3.33,NA,core,FALSE,
verleidster,0.540918855242187,1,Brysbaert2014a,3.33,NA,core,FALSE,
verminking,0.540918855242187,1,Brysbaert2014a,3.33,NA,core,FALSE,
verslaggever,0.540918855242187,1,Brysbaert2014a,3.33,NA,core,FALSE,
versnelling,0.540918855242187,1,Brysbaert2014a,3.33,NA,core,FALSE,
verstikking,0.540918855242187,1,Brysbaert2014a,3.33,NA,core,FALSE,
vertaler,0.540918855242187,1,Brysbaert2014a,3.33,NA,core,FALSE,
verwoesting,0.540918855242187,1,Brysbaert2014a,3.33,NA,core,FALSE,
verzakking,0.540918855242187,1,Brysbaert2014a,3.33,NA,core,FALSE,
voddenboer,0.540918855242187,1,Brysbaert2014a,3.33,NA,core,FALSE,
voedingsstof,0.540918855242187,1,Brysbaert2014a,3.33,NA,core,FALSE,
voetval,0.540918855242187,1,Brysbaert2014a,3.33,NA,core,FALSE,
voorsprong,0.540918855242187,1,Brysbaert2014a,3.33,NA,core,FALSE,
voorzitter,0.540918855242187,1,Brysbaert2014a,3.33,NA,core,FALSE,
vrederechter,0.540918855242187,1,Brysbaert2014a,3.33,NA,core,FALSE,
wachtvuur,0.540918855242187,1,Brysbaert2014a,3.33,NA,core,FALSE,
waterstand,0.540918855242187,1,Brysbaert2014a,3.33,NA,core,FALSE,
waterzuivering,0.540918855242187,1,Brysbaert2014a,3.33,NA,core,FALSE,
weerspiegeling,0.540918855242187,1,Brysbaert2014a,3.33,NA,core,FALSE,
werker,0.540918855242187,1,Brysbaert2014a,3.33,NA,core,FALSE,
wijwater,0.540918855242187,1,Brysbaert2014a,3.33,NA,core,FALSE,
wijzer,0.540918855242187,1,Brysbaert2014a,3.33,NA,core,FALSE,
zeeklimaat,0.540918855242187,1,Brysbaert2014a,3.33,NA,core,FALSE,
zenuwen,0.540918855242187,1,Brysbaert2014a,3.33,NA,core,FALSE,
zuiderling,0.540918855242187,1,Brysbaert2014a,3.33,NA,core,FALSE,
zuster,0.540918855242187,1,Brysbaert2014a,3.33,NA,core,FALSE,
mensen,0.538796501408631,2,Brysbaert2014a;Jasmin2012,5.33,NA,core,FALSE,
gil,0.538439376203508,2,Brysbaert2014a;Jasmin2012,5.23,NA,core,FALSE,
karkas,0.537106777300659,2,Brysbaert2014a;Jasmin2012,5.1,NA,core,FALSE,
grijns,0.536500226389376,2,Brysbaert2014a;Jasmin2012,5.29,NA,core,FALSE,
vampier,0.535755767961693,2,Brysbaert2014a;Jasmin2012,5.36,NA,core,FALSE,
boobytrap,0.533157785323262,1,Brysbaert2014a,3.31,NA,core,FALSE,
brits,0.533157785323262,1,Brysbaert2014a,3.31,NA,core,FALSE,
deserteur,0.533157785323262,1,Brysbaert2014a,3.31,NA,core,FALSE,
follikel,0.533157785323262,1,Brysbaert2014a,3.31,NA,core,FALSE,
groottante,0.533157785323262,1,Brysbaert2014a,3.31,NA,core,FALSE,
juk,0.533157785323262,1,Brysbaert2014a,3.31,NA,core,FALSE,
klapstuk,0.533157785323262,1,Brysbaert2014a,3.31,NA,core,FALSE,
mahjong,0.533157785323262,1,Brysbaert2014a,3.31,NA,core,FALSE,
mutilatie,0.533157785323262,1,Brysbaert2014a,3.31,NA,core,FALSE,
pakjesavond,0.533157785323262,1,Brysbaert2014a,3.31,NA,core,FALSE,
presidium,0.533157785323262,1,Brysbaert2014a,3.31,NA,core,FALSE,
puilen,0.533157785323262,1,Brysbaert2014a,3.31,NA,core,FALSE,
rolprent,0.533157785323262,1,Brysbaert2014a,3.31,NA,core,FALSE,
rondweg,0.533157785323262,1,Brysbaert2014a,3.31,NA,core,FALSE,
sloperij,0.533157785323262,1,Brysbaert2014a,3.31,NA,core,FALSE,
stabilisator,0.533157785323262,1,Brysbaert2014a,3.31,NA,core,FALSE,
wasvrouw,0.533157785323262,1,Brysbaert2014a,3.31,NA,core,FALSE,
apparaat,0.532969800178777,2,Brysbaert2014a;Jasmin2012,5.25,NA,core,FALSE,
vuilnis,0.532405348005054,2,Brysbaert2014a;Jasmin2012,5.185,NA,core,FALSE,
abscis,0.532187651583397,1,Brysbaert2014a,3.3,NA,core,FALSE,
attaché,0.532187651583397,1,Brysbaert2014a,3.3,NA,core,FALSE,
kwitantie,0.532187651583397,1,Brysbaert2014a,3.3,NA,core,FALSE,
leurder,0.532187651583397,1,Brysbaert2014a,3.3,NA,core,FALSE,
orator,0.532187651583397,1,Brysbaert2014a,3.3,NA,core,FALSE,
ordner,0.532187651583397,1,Brysbaert2014a,3.3,NA,core,FALSE,
permafrost,0.532187651583397,1,Brysbaert2014a,3.3,NA,core,FALSE,
pulver,0.532187651583397,1,Brysbaert2014a,3.3,NA,core,FALSE,
steunbeer,0.532187651583397,1,Brysbaert2014a,3.3,NA,core,FALSE,
stoplap,0.532187651583397,1,Brysbaert2014a,3.3,NA,core,FALSE,
tabernakel,0.532187651583397,1,Brysbaert2014a,3.3,NA,core,FALSE,
armslag,0.530074145935833,1,Brysbaert2014a,3.29,NA,core,FALSE,
balsamiek,0.530074145935833,1,Brysbaert2014a,3.29,NA,core,FALSE,
bestrating,0.530074145935833,1,Brysbaert2014a,3.29,NA,core,FALSE,
boef,0.530074145935833,1,Brysbaert2014a,3.29,NA,core,FALSE,
bof,0.530074145935833,1,Brysbaert2014a,3.29,NA,core,FALSE,
cabaret,0.530074145935833,1,Brysbaert2014a,3.29,NA,core,FALSE,
celstof,0.530074145935833,1,Brysbaert2014a,3.29,NA,core,FALSE,
coaster,0.530074145935833,1,Brysbaert2014a,3.29,NA,core,FALSE,
conversatie,0.530074145935833,1,Brysbaert2014a,3.29,NA,core,FALSE,
corso,0.530074145935833,1,Brysbaert2014a,3.29,NA,core,FALSE,
cycloop,0.530074145935833,1,Brysbaert2014a,3.29,NA,core,FALSE,
delfstof,0.530074145935833,1,Brysbaert2014a,3.29,NA,core,FALSE,
flou,0.530074145935833,1,Brysbaert2014a,3.29,NA,core,FALSE,
gebuur,0.530074145935833,1,Brysbaert2014a,3.29,NA,core,FALSE,
gemalin,0.530074145935833,1,Brysbaert2014a,3.29,NA,core,FALSE,
giek,0.530074145935833,1,Brysbaert2014a,3.29,NA,core,FALSE,
hijger,0.530074145935833,1,Brysbaert2014a,3.29,NA,core,FALSE,
hypofyse,0.530074145935833,1,Brysbaert2014a,3.29,NA,core,FALSE,
junk,0.530074145935833,1,Brysbaert2014a,3.29,NA,core,FALSE,
kook,0.530074145935833,1,Brysbaert2014a,3.29,NA,core,FALSE,
kopman,0.530074145935833,1,Brysbaert2014a,3.29,NA,core,FALSE,
kraker,0.530074145935833,1,Brysbaert2014a,3.29,NA,core,FALSE,
lijfstraf,0.530074145935833,1,Brysbaert2014a,3.29,NA,core,FALSE,
linker,0.530074145935833,1,Brysbaert2014a,3.29,NA,core,FALSE,
lor,0.530074145935833,1,Brysbaert2014a,3.29,NA,core,FALSE,
meizoentje,0.530074145935833,1,Brysbaert2014a,3.29,NA,core,FALSE,
mijnramp,0.530074145935833,1,Brysbaert2014a,3.29,NA,core,FALSE,
mikpunt,0.530074145935833,1,Brysbaert2014a,3.29,NA,core,FALSE,
morene,0.530074145935833,1,Brysbaert2014a,3.29,NA,core,FALSE,
natrium,0.530074145935833,1,Brysbaert2014a,3.29,NA,core,FALSE,
ongezouten,0.530074145935833,1,Brysbaert2014a,3.29,NA,core,FALSE,
ornitholoog,0.530074145935833,1,Brysbaert2014a,3.29,NA,core,FALSE,
paratroepen,0.530074145935833,1,Brysbaert2014a,3.29,NA,core,FALSE,
piëdestal,0.530074145935833,1,Brysbaert2014a,3.29,NA,core,FALSE,
pleegzoon,0.530074145935833,1,Brysbaert2014a,3.29,NA,core,FALSE,
raddraaier,0.530074145935833,1,Brysbaert2014a,3.29,NA,core,FALSE,
register,0.530074145935833,1,Brysbaert2014a,3.29,NA,core,FALSE,
rondeel,0.530074145935833,1,Brysbaert2014a,3.29,NA,core,FALSE,
schijnsel,0.530074145935833,1,Brysbaert2014a,3.29,NA,core,FALSE,
schoenlapper,0.530074145935833,1,Brysbaert2014a,3.29,NA,core,FALSE,
slijterij,0.530074145935833,1,Brysbaert2014a,3.29,NA,core,FALSE,
spookstad,0.530074145935833,1,Brysbaert2014a,3.29,NA,core,FALSE,
springlading,0.530074145935833,1,Brysbaert2014a,3.29,NA,core,FALSE,
stapvoets,0.530074145935833,1,Brysbaert2014a,3.29,NA,core,FALSE,
taalschrift,0.530074145935833,1,Brysbaert2014a,3.29,NA,core,FALSE,
taaltaak,0.530074145935833,1,Brysbaert2014a,3.29,NA,core,FALSE,
tornooi,0.530074145935833,1,Brysbaert2014a,3.29,NA,core,FALSE,
vehikel,0.530074145935833,1,Brysbaert2014a,3.29,NA,core,FALSE,
vervoerder,0.530074145935833,1,Brysbaert2014a,3.29,NA,core,FALSE,
abortus,0.528993363301674,2,Brysbaert2014a;Jasmin2012,5.375,NA,core,FALSE,
rechtszaak,0.527166073186234,2,Brysbaert2014a;Jasmin2012,5.35,NA,core,FALSE,
saffier,0.52445725537591,2,Brysbaert2014a;Jasmin2012,5.2,NA,core,FALSE,
spray,0.523444774528351,2,Brysbaert2014a;Jasmin2012,5.155,NA,core,FALSE,
herfst,0.52338395489201,2,Brysbaert2014a;Jasmin2012,5.365,NA,core,FALSE,
kleur,0.522842849510798,2,Brysbaert2014a;Jasmin2012,5.35,NA,core,FALSE,
aanvaller,0.522174485482642,1,Brysbaert2014a,3.27,NA,core,FALSE,
achtervolging,0.522174485482642,1,Brysbaert2014a,3.27,NA,core,FALSE,
adrenaline,0.522174485482642,1,Brysbaert2014a,3.27,NA,core,FALSE,
adres,0.522174485482642,1,Brysbaert2014a,3.27,NA,core,FALSE,
adverteerder,0.522174485482642,1,Brysbaert2014a,3.27,NA,core,FALSE,
afbakening,0.522174485482642,1,Brysbaert2014a,3.27,NA,core,FALSE,
alfabet,0.522174485482642,1,Brysbaert2014a,3.27,NA,core,FALSE,
anagram,0.522174485482642,1,Brysbaert2014a,3.27,NA,core,FALSE,
antiquair,0.522174485482642,1,Brysbaert2014a,3.27,NA,core,FALSE,
artieste,0.522174485482642,1,Brysbaert2014a,3.27,NA,core,FALSE,
avonturier,0.522174485482642,1,Brysbaert2014a,3.27,NA,core,FALSE,
bacterie,0.522174485482642,1,Brysbaert2014a,3.27,NA,core,FALSE,
bedrijf,0.522174485482642,1,Brysbaert2014a,3.27,NA,core,FALSE,
berichten,0.522174485482642,1,Brysbaert2014a,3.27,NA,core,FALSE,
biljoen,0.522174485482642,1,Brysbaert2014a,3.27,NA,core,FALSE,
bloedproef,0.522174485482642,1,Brysbaert2014a,3.27,NA,core,FALSE,
boekenclub,0.522174485482642,1,Brysbaert2014a,3.27,NA,core,FALSE,
bommelding,0.522174485482642,1,Brysbaert2014a,3.27,NA,core,FALSE,
bonenstaak,0.522174485482642,1,Brysbaert2014a,3.27,NA,core,FALSE,
bovenleiding,0.522174485482642,1,Brysbaert2014a,3.27,NA,core,FALSE,
breedte,0.522174485482642,1,Brysbaert2014a,3.27,NA,core,FALSE,
buitenspel,0.522174485482642,1,Brysbaert2014a,3.27,NA,core,FALSE,
castratie,0.522174485482642,1,Brysbaert2014a,3.27,NA,core,FALSE,
chatbox,0.522174485482642,1,Brysbaert2014a,3.27,NA,core,FALSE,
cijfer,0.522174485482642,1,Brysbaert2014a,3.27,NA,core,FALSE,
club,0.522174485482642,1,Brysbaert2014a,3.27,NA,core,FALSE,
columnist,0.522174485482642,1,Brysbaert2014a,3.27,NA,core,FALSE,
coma,0.522174485482642,1,Brysbaert2014a,3.27,NA,core,FALSE,
commanderen,0.522174485482642,1,Brysbaert2014a,3.27,NA,core,FALSE,
commando,0.522174485482642,1,Brysbaert2014a,3.27,NA,core,FALSE,
commandopost,0.522174485482642,1,Brysbaert2014a,3.27,NA,core,FALSE,
conciërge,0.522174485482642,1,Brysbaert2014a,3.27,NA,core,FALSE,
deurwaarder,0.522174485482642,1,Brysbaert2014a,3.27,NA,core,FALSE,
dichteres,0.522174485482642,1,Brysbaert2014a,3.27,NA,core,FALSE,
dierenriem,0.522174485482642,1,Brysbaert2014a,3.27,NA,core,FALSE,
document,0.522174485482642,1,Brysbaert2014a,3.27,NA,core,FALSE,
donkerte,0.522174485482642,1,Brysbaert2014a,3.27,NA,core,FALSE,
dropping,0.522174485482642,1,Brysbaert2014a,3.27,NA,core,FALSE,
duel,0.522174485482642,1,Brysbaert2014a,3.27,NA,core,FALSE,
erosie,0.522174485482642,1,Brysbaert2014a,3.27,NA,core,FALSE,
farmacie,0.522174485482642,1,Brysbaert2014a,3.27,NA,core,FALSE,
fokker,0.522174485482642,1,Brysbaert2014a,3.27,NA,core,FALSE,
frontlinie,0.522174485482642,1,Brysbaert2014a,3.27,NA,core,FALSE,
gebabbel,0.522174485482642,1,Brysbaert2014a,3.27,NA,core,FALSE,
gebroeders,0.522174485482642,1,Brysbaert2014a,3.27,NA,core,FALSE,
gerief,0.522174485482642,1,Brysbaert2014a,3.27,NA,core,FALSE,
gerommel,0.522174485482642,1,Brysbaert2014a,3.27,NA,core,FALSE,
gevloek,0.522174485482642,1,Brysbaert2014a,3.27,NA,core,FALSE,
goudzoeker,0.522174485482642,1,Brysbaert2014a,3.27,NA,core,FALSE,
grondstof,0.522174485482642,1,Brysbaert2014a,3.27,NA,core,FALSE,
grootmoeder,0.522174485482642,1,Brysbaert2014a,3.27,NA,core,FALSE,
grootouder,0.522174485482642,1,Brysbaert2014a,3.27,NA,core,FALSE,
grootvader,0.522174485482642,1,Brysbaert2014a,3.27,NA,core,FALSE,
hartkwaal,0.522174485482642,1,Brysbaert2014a,3.27,NA,core,FALSE,
hemellichaam,0.522174485482642,1,Brysbaert2014a,3.27,NA,core,FALSE,
hersenletsel,0.522174485482642,1,Brysbaert2014a,3.27,NA,core,FALSE,
hoogvlakte,0.522174485482642,1,Brysbaert2014a,3.27,NA,core,FALSE,
intersectie,0.522174485482642,1,Brysbaert2014a,3.27,NA,core,FALSE,
jazz,0.522174485482642,1,Brysbaert2014a,3.27,NA,core,FALSE,
jonk,0.522174485482642,1,Brysbaert2014a,3.27,NA,core,FALSE,
kaalplukken,0.522174485482642,1,Brysbaert2014a,3.27,NA,core,FALSE,
kampioenschap,0.522174485482642,1,Brysbaert2014a,3.27,NA,core,FALSE,
kaping,0.522174485482642,1,Brysbaert2014a,3.27,NA,core,FALSE,
keizerin,0.522174485482642,1,Brysbaert2014a,3.27,NA,core,FALSE,
kemphaan,0.522174485482642,1,Brysbaert2014a,3.27,NA,core,FALSE,
kerkdienst,0.522174485482642,1,Brysbaert2014a,3.27,NA,core,FALSE,
kernoorlog,0.522174485482642,1,Brysbaert2014a,3.27,NA,core,FALSE,
kettingbrief,0.522174485482642,1,Brysbaert2014a,3.27,NA,core,FALSE,
kiem,0.522174485482642,1,Brysbaert2014a,3.27,NA,core,FALSE,
klam,0.522174485482642,1,Brysbaert2014a,3.27,NA,core,FALSE,
kleinkinderen,0.522174485482642,1,Brysbaert2014a,3.27,NA,core,FALSE,
kleintje,0.522174485482642,1,Brysbaert2014a,3.27,NA,core,FALSE,
knauwen,0.522174485482642,1,Brysbaert2014a,3.27,NA,core,FALSE,
knecht,0.522174485482642,1,Brysbaert2014a,3.27,NA,core,FALSE,
koopwaar,0.522174485482642,1,Brysbaert2014a,3.27,NA,core,FALSE,
koppel,0.522174485482642,1,Brysbaert2014a,3.27,NA,core,FALSE,
kotmadam,0.522174485482642,1,Brysbaert2014a,3.27,NA,core,FALSE,
kraak,0.522174485482642,1,Brysbaert2014a,3.27,NA,core,FALSE,
kraamhulp,0.522174485482642,1,Brysbaert2014a,3.27,NA,core,FALSE,
kruim,0.522174485482642,1,Brysbaert2014a,3.27,NA,core,FALSE,
kunststuk,0.522174485482642,1,Brysbaert2014a,3.27,NA,core,FALSE,
kwartet,0.522174485482642,1,Brysbaert2014a,3.27,NA,core,FALSE,
lancering,0.522174485482642,1,Brysbaert2014a,3.27,NA,core,FALSE,
leermeester,0.522174485482642,1,Brysbaert2014a,3.27,NA,core,FALSE,
linksaf,0.522174485482642,1,Brysbaert2014a,3.27,NA,core,FALSE,
logement,0.522174485482642,1,Brysbaert2014a,3.27,NA,core,FALSE,
lokvogel,0.522174485482642,1,Brysbaert2014a,3.27,NA,core,FALSE,
magnetisme,0.522174485482642,1,Brysbaert2014a,3.27,NA,core,FALSE,
match,0.522174485482642,1,Brysbaert2014a,3.27,NA,core,FALSE,
medewerker,0.522174485482642,1,Brysbaert2014a,3.27,NA,core,FALSE,
melatonine,0.522174485482642,1,Brysbaert2014a,3.27,NA,core,FALSE,
mengeling,0.522174485482642,1,Brysbaert2014a,3.27,NA,core,FALSE,
menigte,0.522174485482642,1,Brysbaert2014a,3.27,NA,core,FALSE,
mijl,0.522174485482642,1,Brysbaert2014a,3.27,NA,core,FALSE,
milligram,0.522174485482642,1,Brysbaert2014a,3.27,NA,core,FALSE,
model,0.522174485482642,1,Brysbaert2014a,3.27,NA,core,FALSE,
monteur,0.522174485482642,1,Brysbaert2014a,3.27,NA,core,FALSE,
muziekschool,0.522174485482642,1,Brysbaert2014a,3.27,NA,core,FALSE,
nattigheid,0.522174485482642,1,Brysbaert2014a,3.27,NA,core,FALSE,
nestwarmte,0.522174485482642,1,Brysbaert2014a,3.27,NA,core,FALSE,
officier,0.522174485482642,1,Brysbaert2014a,3.27,NA,core,FALSE,
ondervrager,0.522174485482642,1,Brysbaert2014a,3.27,NA,core,FALSE,
ondervraging,0.522174485482642,1,Brysbaert2014a,3.27,NA,core,FALSE,
oorlogsbuit,0.522174485482642,1,Brysbaert2014a,3.27,NA,core,FALSE,
oppas,0.522174485482642,1,Brysbaert2014a,3.27,NA,core,FALSE,
opstopping,0.522174485482642,1,Brysbaert2014a,3.27,NA,core,FALSE,
paashaas,0.522174485482642,1,Brysbaert2014a,3.27,NA,core,FALSE,
pleegouders,0.522174485482642,1,Brysbaert2014a,3.27,NA,core,FALSE,
plunderaar,0.522174485482642,1,Brysbaert2014a,3.27,NA,core,FALSE,
predikant,0.522174485482642,1,Brysbaert2014a,3.27,NA,core,FALSE,
proeven,0.522174485482642,1,Brysbaert2014a,3.27,NA,core,FALSE,
proteïne,0.522174485482642,1,Brysbaert2014a,3.27,NA,core,FALSE,
psychologe,0.522174485482642,1,Brysbaert2014a,3.27,NA,core,FALSE,
radiografie,0.522174485482642,1,Brysbaert2014a,3.27,NA,core,FALSE,
radium,0.522174485482642,1,Brysbaert2014a,3.27,NA,core,FALSE,
raffinaderij,0.522174485482642,1,Brysbaert2014a,3.27,NA,core,FALSE,
rapport,0.522174485482642,1,Brysbaert2014a,3.27,NA,core,FALSE,
relaxed,0.522174485482642,1,Brysbaert2014a,3.27,NA,core,FALSE,
restauratie,0.522174485482642,1,Brysbaert2014a,3.27,NA,core,FALSE,
reukzin,0.522174485482642,1,Brysbaert2014a,3.27,NA,core,FALSE,
ruimtevaart,0.522174485482642,1,Brysbaert2014a,3.27,NA,core,FALSE,
schaamrood,0.522174485482642,1,Brysbaert2014a,3.27,NA,core,FALSE,
scriptie,0.522174485482642,1,Brysbaert2014a,3.27,NA,core,FALSE,
sedativum,0.522174485482642,1,Brysbaert2014a,3.27,NA,core,FALSE,
slagzij,0.522174485482642,1,Brysbaert2014a,3.27,NA,core,FALSE,
slap,0.522174485482642,1,Brysbaert2014a,3.27,NA,core,FALSE,
slijtage,0.522174485482642,1,Brysbaert2014a,3.27,NA,core,FALSE,
smaakstof,0.522174485482642,1,Brysbaert2014a,3.27,NA,core,FALSE,
spaarrekening,0.522174485482642,1,Brysbaert2014a,3.27,NA,core,FALSE,
speelruimte,0.522174485482642,1,Brysbaert2014a,3.27,NA,core,FALSE,
spijsvertering,0.522174485482642,1,Brysbaert2014a,3.27,NA,core,FALSE,
spookhuis,0.522174485482642,1,Brysbaert2014a,3.27,NA,core,FALSE,
spookrijder,0.522174485482642,1,Brysbaert2014a,3.27,NA,core,FALSE,
sportdag,0.522174485482642,1,Brysbaert2014a,3.27,NA,core,FALSE,
sportieveling,0.522174485482642,1,Brysbaert2014a,3.27,NA,core,FALSE,
standje,0.522174485482642,1,Brysbaert2014a,3.27,NA,core,FALSE,
steekspel,0.522174485482642,1,Brysbaert2014a,3.27,NA,core,FALSE,
sterilisatie,0.522174485482642,1,Brysbaert2014a,3.27,NA,core,FALSE,
stiefbroer,0.522174485482642,1,Brysbaert2014a,3.27,NA,core,FALSE,
stormloop,0.522174485482642,1,Brysbaert2014a,3.27,NA,core,FALSE,
strafkamp,0.522174485482642,1,Brysbaert2014a,3.27,NA,core,FALSE,
strafwerk,0.522174485482642,1,Brysbaert2014a,3.27,NA,core,FALSE,
stripheld,0.522174485482642,1,Brysbaert2014a,3.27,NA,core,FALSE,
stroper,0.522174485482642,1,Brysbaert2014a,3.27,NA,core,FALSE,
struis,0.522174485482642,1,Brysbaert2014a,3.27,NA,core,FALSE,
student,0.522174485482642,1,Brysbaert2014a,3.27,NA,core,FALSE,
supplement,0.522174485482642,1,Brysbaert2014a,3.27,NA,core,FALSE,
symfonie,0.522174485482642,1,Brysbaert2014a,3.27,NA,core,FALSE,
talkshow,0.522174485482642,1,Brysbaert2014a,3.27,NA,core,FALSE,
team,0.522174485482642,1,Brysbaert2014a,3.27,NA,core,FALSE,
tegenspeler,0.522174485482642,1,Brysbaert2014a,3.27,NA,core,FALSE,
tochtje,0.522174485482642,1,Brysbaert2014a,3.27,NA,core,FALSE,
toonhoogte,0.522174485482642,1,Brysbaert2014a,3.27,NA,core,FALSE,
trilogie,0.522174485482642,1,Brysbaert2014a,3.27,NA,core,FALSE,
trouwdag,0.522174485482642,1,Brysbaert2014a,3.27,NA,core,FALSE,
tweesprong,0.522174485482642,1,Brysbaert2014a,3.27,NA,core,FALSE,
tweetal,0.522174485482642,1,Brysbaert2014a,3.27,NA,core,FALSE,
typograaf,0.522174485482642,1,Brysbaert2014a,3.27,NA,core,FALSE,
uiterlijk,0.522174485482642,1,Brysbaert2014a,3.27,NA,core,FALSE,
uitrusting,0.522174485482642,1,Brysbaert2014a,3.27,NA,core,FALSE,
vergadering,0.522174485482642,1,Brysbaert2014a,3.27,NA,core,FALSE,
verslag,0.522174485482642,1,Brysbaert2014a,3.27,NA,core,FALSE,
verzekeraar,0.522174485482642,1,Brysbaert2014a,3.27,NA,core,FALSE,
vochtigheid,0.522174485482642,1,Brysbaert2014a,3.27,NA,core,FALSE,
voorbijganger,0.522174485482642,1,Brysbaert2014a,3.27,NA,core,FALSE,
weduwnaar,0.522174485482642,1,Brysbaert2014a,3.27,NA,core,FALSE,
werkneemster,0.522174485482642,1,Brysbaert2014a,3.27,NA,core,FALSE,
winterslaap,0.522174485482642,1,Brysbaert2014a,3.27,NA,core,FALSE,
wisselaar,0.522174485482642,1,Brysbaert2014a,3.27,NA,core,FALSE,
woedeaanval,0.522174485482642,1,Brysbaert2014a,3.27,NA,core,FALSE,
workshop,0.522174485482642,1,Brysbaert2014a,3.27,NA,core,FALSE,
zombie,0.522174485482642,1,Brysbaert2014a,3.27,NA,core,FALSE,
zomervakantie,0.522174485482642,1,Brysbaert2014a,3.27,NA,core,FALSE,
pastei,0.52168858036351,2,Brysbaert2014a;Jasmin2012,5.05,NA,core,FALSE,
arm,0.519174143228598,2,Brysbaert2014a;Jasmin2012,5.135,NA,core,FALSE,
klap,0.519174143228598,2,Brysbaert2014a;Jasmin2012,5.135,NA,core,FALSE,
geweld,0.515531112208907,2,Brysbaert2014a;Jasmin2012,5.275,NA,core,FALSE,
arabesk,0.51489848243365,1,Brysbaert2014a,3.25,NA,core,FALSE,
baljuw,0.51489848243365,1,Brysbaert2014a,3.25,NA,core,FALSE,
bijrijder,0.51489848243365,1,Brysbaert2014a,3.25,NA,core,FALSE,
brocante,0.51489848243365,1,Brysbaert2014a,3.25,NA,core,FALSE,
causeur,0.51489848243365,1,Brysbaert2014a,3.25,NA,core,FALSE,
dragline,0.51489848243365,1,Brysbaert2014a,3.25,NA,core,FALSE,
farizeeër,0.51489848243365,1,Brysbaert2014a,3.25,NA,core,FALSE,
filatelist,0.51489848243365,1,Brysbaert2014a,3.25,NA,core,FALSE,
gaine,0.51489848243365,1,Brysbaert2014a,3.25,NA,core,FALSE,
geriater,0.51489848243365,1,Brysbaert2014a,3.25,NA,core,FALSE,
kalief,0.51489848243365,1,Brysbaert2014a,3.25,NA,core,FALSE,
keurslijf,0.51489848243365,1,Brysbaert2014a,3.25,NA,core,FALSE,
koliek,0.51489848243365,1,Brysbaert2014a,3.25,NA,core,FALSE,
kosteres,0.51489848243365,1,Brysbaert2014a,3.25,NA,core,FALSE,
landerij,0.51489848243365,1,Brysbaert2014a,3.25,NA,core,FALSE,
lyceum,0.51489848243365,1,Brysbaert2014a,3.25,NA,core,FALSE,
opperrechter,0.51489848243365,1,Brysbaert2014a,3.25,NA,core,FALSE,
ouvreuse,0.51489848243365,1,Brysbaert2014a,3.25,NA,core,FALSE,
plutonium,0.51489848243365,1,Brysbaert2014a,3.25,NA,core,FALSE,
puls,0.51489848243365,1,Brysbaert2014a,3.25,NA,core,FALSE,
resuscitatie,0.51489848243365,1,Brysbaert2014a,3.25,NA,core,FALSE,
rijksdaalder,0.51489848243365,1,Brysbaert2014a,3.25,NA,core,FALSE,
risee,0.51489848243365,1,Brysbaert2014a,3.25,NA,core,FALSE,
rite,0.51489848243365,1,Brysbaert2014a,3.25,NA,core,FALSE,
roepzaal,0.51489848243365,1,Brysbaert2014a,3.25,NA,core,FALSE,
rugwering,0.51489848243365,1,Brysbaert2014a,3.25,NA,core,FALSE,
run,0.51489848243365,1,Brysbaert2014a,3.25,NA,core,FALSE,
schuimer,0.51489848243365,1,Brysbaert2014a,3.25,NA,core,FALSE,
scrambler,0.51489848243365,1,Brysbaert2014a,3.25,NA,core,FALSE,
serotonine,0.51489848243365,1,Brysbaert2014a,3.25,NA,core,FALSE,
slobkous,0.51489848243365,1,Brysbaert2014a,3.25,NA,core,FALSE,
vitriool,0.51489848243365,1,Brysbaert2014a,3.25,NA,core,FALSE,
boete,0.51446942302873,2,Brysbaert2014a;Jasmin2012,5.335,NA,core,FALSE,
afrastering,0.513166100755318,1,Brysbaert2014a,3.23,NA,core,FALSE,
bikkel,0.513166100755318,1,Brysbaert2014a,3.23,NA,core,FALSE,
chaperon,0.513166100755318,1,Brysbaert2014a,3.23,NA,core,FALSE,
conservator,0.513166100755318,1,Brysbaert2014a,3.23,NA,core,FALSE,
geklieder,0.513166100755318,1,Brysbaert2014a,3.23,NA,core,FALSE,
gesabbel,0.513166100755318,1,Brysbaert2014a,3.23,NA,core,FALSE,
glazenier,0.513166100755318,1,Brysbaert2014a,3.23,NA,core,FALSE,
glycerine,0.513166100755318,1,Brysbaert2014a,3.23,NA,core,FALSE,
grief,0.513166100755318,1,Brysbaert2014a,3.23,NA,core,FALSE,
honderdje,0.513166100755318,1,Brysbaert2014a,3.23,NA,core,FALSE,
jonkie,0.513166100755318,1,Brysbaert2014a,3.23,NA,core,FALSE,
luchtafweer,0.513166100755318,1,Brysbaert2014a,3.23,NA,core,FALSE,
scheuring,0.513166100755318,1,Brysbaert2014a,3.23,NA,core,FALSE,
schutkleur,0.513166100755318,1,Brysbaert2014a,3.23,NA,core,FALSE,
sloerie,0.513166100755318,1,Brysbaert2014a,3.23,NA,core,FALSE,
steendruk,0.513166100755318,1,Brysbaert2014a,3.23,NA,core,FALSE,
tingeling,0.513166100755318,1,Brysbaert2014a,3.23,NA,core,FALSE,
wijnmaand,0.513166100755318,1,Brysbaert2014a,3.23,NA,core,FALSE,
pesten,0.512479760938779,2,Brysbaert2014a;Jasmin2012,5.27,NA,core,FALSE,
boterbriefje,0.512403852816853,1,Brysbaert2014a,3.22,NA,core,FALSE,
emulgator,0.512403852816853,1,Brysbaert2014a,3.22,NA,core,FALSE,
ferment,0.512403852816853,1,Brysbaert2014a,3.22,NA,core,FALSE,
kapiteel,0.512403852816853,1,Brysbaert2014a,3.22,NA,core,FALSE,
beslag,0.511260480909154,1,Brysbaert2014a,3.21,NA,core,FALSE,
biopsie,0.511260480909154,1,Brysbaert2014a,3.21,NA,core,FALSE,
braak,0.511260480909154,1,Brysbaert2014a,3.21,NA,core,FALSE,
buurten,0.511260480909154,1,Brysbaert2014a,3.21,NA,core,FALSE,
computervirus,0.511260480909154,1,Brysbaert2014a,3.21,NA,core,FALSE,
do,0.511260480909154,1,Brysbaert2014a,3.21,NA,core,FALSE,
getuigenbank,0.511260480909154,1,Brysbaert2014a,3.21,NA,core,FALSE,
gezusters,0.511260480909154,1,Brysbaert2014a,3.21,NA,core,FALSE,
guerrilla,0.511260480909154,1,Brysbaert2014a,3.21,NA,core,FALSE,
hofmeester,0.511260480909154,1,Brysbaert2014a,3.21,NA,core,FALSE,
interlinie,0.511260480909154,1,Brysbaert2014a,3.21,NA,core,FALSE,
kil,0.511260480909154,1,Brysbaert2014a,3.21,NA,core,FALSE,
koeienletter,0.511260480909154,1,Brysbaert2014a,3.21,NA,core,FALSE,
meute,0.511260480909154,1,Brysbaert2014a,3.21,NA,core,FALSE,
middagdutje,0.511260480909154,1,Brysbaert2014a,3.21,NA,core,FALSE,
ontsluiting,0.511260480909154,1,Brysbaert2014a,3.21,NA,core,FALSE,
organogram,0.511260480909154,1,Brysbaert2014a,3.21,NA,core,FALSE,
peettante,0.511260480909154,1,Brysbaert2014a,3.21,NA,core,FALSE,
placebo,0.511260480909154,1,Brysbaert2014a,3.21,NA,core,FALSE,
prijs,0.511260480909154,1,Brysbaert2014a,3.21,NA,core,FALSE,
prul,0.511260480909154,1,Brysbaert2014a,3.21,NA,core,FALSE,
pulken,0.511260480909154,1,Brysbaert2014a,3.21,NA,core,FALSE,
recensent,0.511260480909154,1,Brysbaert2014a,3.21,NA,core,FALSE,
server,0.511260480909154,1,Brysbaert2014a,3.21,NA,core,FALSE,
silicium,0.511260480909154,1,Brysbaert2014a,3.21,NA,core,FALSE,
stock,0.511260480909154,1,Brysbaert2014a,3.21,NA,core,FALSE,
tierelantijn,0.511260480909154,1,Brysbaert2014a,3.21,NA,core,FALSE,
trombose,0.511260480909154,1,Brysbaert2014a,3.21,NA,core,FALSE,
tune,0.511260480909154,1,Brysbaert2014a,3.21,NA,core,FALSE,
muziek,0.508328223117845,2,Brysbaert2014a;Jasmin2012,5.1,NA,core,FALSE,
academie,0.503256877555263,1,Brysbaert2014a,3.2,NA,core,FALSE,
acrobatiek,0.503256877555263,1,Brysbaert2014a,3.2,NA,core,FALSE,
acteur,0.503256877555263,1,Brysbaert2014a,3.2,NA,core,FALSE,
ademnood,0.503256877555263,1,Brysbaert2014a,3.2,NA,core,FALSE,
afkorting,0.503256877555263,1,Brysbaert2014a,3.2,NA,core,FALSE,
aftreksel,0.503256877555263,1,Brysbaert2014a,3.2,NA,core,FALSE,
arrestatie,0.503256877555263,1,Brysbaert2014a,3.2,NA,core,FALSE,
assisenhof,0.503256877555263,1,Brysbaert2014a,3.2,NA,core,FALSE,
attaque,0.503256877555263,1,Brysbaert2014a,3.2,NA,core,FALSE,
attest,0.503256877555263,1,Brysbaert2014a,3.2,NA,core,FALSE,
babbel,0.503256877555263,1,Brysbaert2014a,3.2,NA,core,FALSE,
babbelaar,0.503256877555263,1,Brysbaert2014a,3.2,NA,core,FALSE,
bakboord,0.503256877555263,1,Brysbaert2014a,3.2,NA,core,FALSE,
baksel,0.503256877555263,1,Brysbaert2014a,3.2,NA,core,FALSE,
bakvis,0.503256877555263,1,Brysbaert2014a,3.2,NA,core,FALSE,
baron,0.503256877555263,1,Brysbaert2014a,3.2,NA,core,FALSE,
begroeting,0.503256877555263,1,Brysbaert2014a,3.2,NA,core,FALSE,
bekeuring,0.503256877555263,1,Brysbaert2014a,3.2,NA,core,FALSE,
bergop,0.503256877555263,1,Brysbaert2014a,3.2,NA,core,FALSE,
bericht,0.503256877555263,1,Brysbaert2014a,3.2,NA,core,FALSE,
bewegingsruimte,0.503256877555263,1,Brysbaert2014a,3.2,NA,core,FALSE,
bijeenkomst,0.503256877555263,1,Brysbaert2014a,3.2,NA,core,FALSE,
bindweefsel,0.503256877555263,1,Brysbaert2014a,3.2,NA,core,FALSE,
binnendringen,0.503256877555263,1,Brysbaert2014a,3.2,NA,core,FALSE,
bioloog,0.503256877555263,1,Brysbaert2014a,3.2,NA,core,FALSE,
bloedsuiker,0.503256877555263,1,Brysbaert2014a,3.2,NA,core,FALSE,
bomvol,0.503256877555263,1,Brysbaert2014a,3.2,NA,core,FALSE,
boodschapper,0.503256877555263,1,Brysbaert2014a,3.2,NA,core,FALSE,
bosbouw,0.503256877555263,1,Brysbaert2014a,3.2,NA,core,FALSE,
campagne,0.503256877555263,1,Brysbaert2014a,3.2,NA,core,FALSE,
centiliter,0.503256877555263,1,Brysbaert2014a,3.2,NA,core,FALSE,
centimeter,0.503256877555263,1,Brysbaert2014a,3.2,NA,core,FALSE,
chirurgie,0.503256877555263,1,Brysbaert2014a,3.2,NA,core,FALSE,
clignoteur,0.503256877555263,1,Brysbaert2014a,3.2,NA,core,FALSE,
collega,0.503256877555263,1,Brysbaert2014a,3.2,NA,core,FALSE,
column,0.503256877555263,1,Brysbaert2014a,3.2,NA,core,FALSE,
commercial,0.503256877555263,1,Brysbaert2014a,3.2,NA,core,FALSE,
communicatiemiddel,0.503256877555263,1,Brysbaert2014a,3.2,NA,core,FALSE,
constructie,0.503256877555263,1,Brysbaert2014a,3.2,NA,core,FALSE,
contract,0.503256877555263,1,Brysbaert2014a,3.2,NA,core,FALSE,
copywriter,0.503256877555263,1,Brysbaert2014a,3.2,NA,core,FALSE,
countertenor,0.503256877555263,1,Brysbaert2014a,3.2,NA,core,FALSE,
dagtocht,0.503256877555263,1,Brysbaert2014a,3.2,NA,core,FALSE,
demonstratie,0.503256877555263,1,Brysbaert2014a,3.2,NA,core,FALSE,
dichtklappen,0.503256877555263,1,Brysbaert2014a,3.2,NA,core,FALSE,
diëten,0.503256877555263,1,Brysbaert2014a,3.2,NA,core,FALSE,
directeur,0.503256877555263,1,Brysbaert2014a,3.2,NA,core,FALSE,
doop,0.503256877555263,1,Brysbaert2014a,3.2,NA,core,FALSE,
dossier,0.503256877555263,1,Brysbaert2014a,3.2,NA,core,FALSE,
dronkenlap,0.503256877555263,1,Brysbaert2014a,3.2,NA,core,FALSE,
dronkenschap,0.503256877555263,1,Brysbaert2014a,3.2,NA,core,FALSE,
eindproduct,0.503256877555263,1,Brysbaert2014a,3.2,NA,core,FALSE,
entertainer,0.503256877555263,1,Brysbaert2014a,3.2,NA,core,FALSE,
etappe,0.503256877555263,1,Brysbaert2014a,3.2,NA,core,FALSE,
gebarentaal,0.503256877555263,1,Brysbaert2014a,3.2,NA,core,FALSE,
gezichtsuitdrukking,0.503256877555263,1,Brysbaert2014a,3.2,NA,core,FALSE,
grootstad,0.503256877555263,1,Brysbaert2014a,3.2,NA,core,FALSE,
grossier,0.503256877555263,1,Brysbaert2014a,3.2,NA,core,FALSE,
handjevol,0.503256877555263,1,Brysbaert2014a,3.2,NA,core,FALSE,
hartziekte,0.503256877555263,1,Brysbaert2014a,3.2,NA,core,FALSE,
haspel,0.503256877555263,1,Brysbaert2014a,3.2,NA,core,FALSE,
hectare,0.503256877555263,1,Brysbaert2014a,3.2,NA,core,FALSE,
hemoglobine,0.503256877555263,1,Brysbaert2014a,3.2,NA,core,FALSE,
hoerenloper,0.503256877555263,1,Brysbaert2014a,3.2,NA,core,FALSE,
hoofdartikel,0.503256877555263,1,Brysbaert2014a,3.2,NA,core,FALSE,
hoofdprijs,0.503256877555263,1,Brysbaert2014a,3.2,NA,core,FALSE,
huisbezoek,0.503256877555263,1,Brysbaert2014a,3.2,NA,core,FALSE,
huiseigenaar,0.503256877555263,1,Brysbaert2014a,3.2,NA,core,FALSE,
huisman,0.503256877555263,1,Brysbaert2014a,3.2,NA,core,FALSE,
huiszoeking,0.503256877555263,1,Brysbaert2014a,3.2,NA,core,FALSE,
huurder,0.503256877555263,1,Brysbaert2014a,3.2,NA,core,FALSE,
ijsbreker,0.503256877555263,1,Brysbaert2014a,3.2,NA,core,FALSE,
ingenieur,0.503256877555263,1,Brysbaert2014a,3.2,NA,core,FALSE,
installatie,0.503256877555263,1,Brysbaert2014a,3.2,NA,core,FALSE,
invitatie,0.503256877555263,1,Brysbaert2014a,3.2,NA,core,FALSE,
isolatie,0.503256877555263,1,Brysbaert2014a,3.2,NA,core,FALSE,
jatten,0.503256877555263,1,Brysbaert2014a,3.2,NA,core,FALSE,
jobstudent,0.503256877555263,1,Brysbaert2014a,3.2,NA,core,FALSE,
kardinaal,0.503256877555263,1,Brysbaert2014a,3.2,NA,core,FALSE,
keurtroepen,0.503256877555263,1,Brysbaert2014a,3.2,NA,core,FALSE,
kidnapper,0.503256877555263,1,Brysbaert2014a,3.2,NA,core,FALSE,
kilo,0.503256877555263,1,Brysbaert2014a,3.2,NA,core,FALSE,
kloosterling,0.503256877555263,1,Brysbaert2014a,3.2,NA,core,FALSE,
kluizenaar,0.503256877555263,1,Brysbaert2014a,3.2,NA,core,FALSE,
koffiepauze,0.503256877555263,1,Brysbaert2014a,3.2,NA,core,FALSE,
kunstje,0.503256877555263,1,Brysbaert2014a,3.2,NA,core,FALSE,
kuur,0.503256877555263,1,Brysbaert2014a,3.2,NA,core,FALSE,
landeigenaar,0.503256877555263,1,Brysbaert2014a,3.2,NA,core,FALSE,
lapwerk,0.503256877555263,1,Brysbaert2014a,3.2,NA,core,FALSE,
leerschool,0.503256877555263,1,Brysbaert2014a,3.2,NA,core,FALSE,
lekkers,0.503256877555263,1,Brysbaert2014a,3.2,NA,core,FALSE,
levering,0.503256877555263,1,Brysbaert2014a,3.2,NA,core,FALSE,
logies,0.503256877555263,1,Brysbaert2014a,3.2,NA,core,FALSE,
luchtpost,0.503256877555263,1,Brysbaert2014a,3.2,NA,core,FALSE,
lunchtijd,0.503256877555263,1,Brysbaert2014a,3.2,NA,core,FALSE,
ma,0.503256877555263,1,Brysbaert2014a,3.2,NA,core,FALSE,
maffioso,0.503256877555263,1,Brysbaert2014a,3.2,NA,core,FALSE,
meeting,0.503256877555263,1,Brysbaert2014a,3.2,NA,core,FALSE,
mensenoffer,0.503256877555263,1,Brysbaert2014a,3.2,NA,core,FALSE,
mevrouw,0.503256877555263,1,Brysbaert2014a,3.2,NA,core,FALSE,
middenstuk,0.503256877555263,1,Brysbaert2014a,3.2,NA,core,FALSE,
miljoen,0.503256877555263,1,Brysbaert2014a,3.2,NA,core,FALSE,
milliliter,0.503256877555263,1,Brysbaert2014a,3.2,NA,core,FALSE,
miskraam,0.503256877555263,1,Brysbaert2014a,3.2,NA,core,FALSE,
monitoren,0.503256877555263,1,Brysbaert2014a,3.2,NA,core,FALSE,
mop,0.503256877555263,1,Brysbaert2014a,3.2,NA,core,FALSE,
obstructie,0.503256877555263,1,Brysbaert2014a,3.2,NA,core,FALSE,
onzevader,0.503256877555263,1,Brysbaert2014a,3.2,NA,core,FALSE,
ophanging,0.503256877555263,1,Brysbaert2014a,3.2,NA,core,FALSE,
oppasser,0.503256877555263,1,Brysbaert2014a,3.2,NA,core,FALSE,
ordenen,0.503256877555263,1,Brysbaert2014a,3.2,NA,core,FALSE,
overhoring,0.503256877555263,1,Brysbaert2014a,3.2,NA,core,FALSE,
pijnbank,0.503256877555263,1,Brysbaert2014a,3.2,NA,core,FALSE,
pincher,0.503256877555263,1,Brysbaert2014a,3.2,NA,core,FALSE,
pokeraar,0.503256877555263,1,Brysbaert2014a,3.2,NA,core,FALSE,
politiekorps,0.503256877555263,1,Brysbaert2014a,3.2,NA,core,FALSE,
pond,0.503256877555263,1,Brysbaert2014a,3.2,NA,core,FALSE,
portfolio,0.503256877555263,1,Brysbaert2014a,3.2,NA,core,FALSE,
pose,0.503256877555263,1,Brysbaert2014a,3.2,NA,core,FALSE,
proclamatie,0.503256877555263,1,Brysbaert2014a,3.2,NA,core,FALSE,
prullaria,0.503256877555263,1,Brysbaert2014a,3.2,NA,core,FALSE,
rafel,0.503256877555263,1,Brysbaert2014a,3.2,NA,core,FALSE,
raid,0.503256877555263,1,Brysbaert2014a,3.2,NA,core,FALSE,
rappel,0.503256877555263,1,Brysbaert2014a,3.2,NA,core,FALSE,
rechtop,0.503256877555263,1,Brysbaert2014a,3.2,NA,core,FALSE,
reflex,0.503256877555263,1,Brysbaert2014a,3.2,NA,core,FALSE,
regelneef,0.503256877555263,1,Brysbaert2014a,3.2,NA,core,FALSE,
reggae,0.503256877555263,1,Brysbaert2014a,3.2,NA,core,FALSE,
reisgenoot,0.503256877555263,1,Brysbaert2014a,3.2,NA,core,FALSE,
reiziger,0.503256877555263,1,Brysbaert2014a,3.2,NA,core,FALSE,
rekentaak,0.503256877555263,1,Brysbaert2014a,3.2,NA,core,FALSE,
reparatie,0.503256877555263,1,Brysbaert2014a,3.2,NA,core,FALSE,
reporter,0.503256877555263,1,Brysbaert2014a,3.2,NA,core,FALSE,
residentie,0.503256877555263,1,Brysbaert2014a,3.2,NA,core,FALSE,
restaurateur,0.503256877555263,1,Brysbaert2014a,3.2,NA,core,FALSE,
restje,0.503256877555263,1,Brysbaert2014a,3.2,NA,core,FALSE,
richtsnoer,0.503256877555263,1,Brysbaert2014a,3.2,NA,core,FALSE,
rock,0.503256877555263,1,Brysbaert2014a,3.2,NA,core,FALSE,
rocker,0.503256877555263,1,Brysbaert2014a,3.2,NA,core,FALSE,
rondrit,0.503256877555263,1,Brysbaert2014a,3.2,NA,core,FALSE,
rooftocht,0.503256877555263,1,Brysbaert2014a,3.2,NA,core,FALSE,
rukker,0.503256877555263,1,Brysbaert2014a,3.2,NA,core,FALSE,
sandwichman,0.503256877555263,1,Brysbaert2014a,3.2,NA,core,FALSE,
scheikundige,0.503256877555263,1,Brysbaert2014a,3.2,NA,core,FALSE,
schooier,0.503256877555263,1,Brysbaert2014a,3.2,NA,core,FALSE,
schrijfster,0.503256877555263,1,Brysbaert2014a,3.2,NA,core,FALSE,
score,0.503256877555263,1,Brysbaert2014a,3.2,NA,core,FALSE,
smeerboel,0.503256877555263,1,Brysbaert2014a,3.2,NA,core,FALSE,
speler,0.503256877555263,1,Brysbaert2014a,3.2,NA,core,FALSE,
spullen,0.503256877555263,1,Brysbaert2014a,3.2,NA,core,FALSE,
staartdeling,0.503256877555263,1,Brysbaert2014a,3.2,NA,core,FALSE,
staatsman,0.503256877555263,1,Brysbaert2014a,3.2,NA,core,FALSE,
stadium,0.503256877555263,1,Brysbaert2014a,3.2,NA,core,FALSE,
stadsdeel,0.503256877555263,1,Brysbaert2014a,3.2,NA,core,FALSE,
staking,0.503256877555263,1,Brysbaert2014a,3.2,NA,core,FALSE,
stempelaar,0.503256877555263,1,Brysbaert2014a,3.2,NA,core,FALSE,
strafschop,0.503256877555263,1,Brysbaert2014a,3.2,NA,core,FALSE,
stralen,0.503256877555263,1,Brysbaert2014a,3.2,NA,core,FALSE,
stroman,0.503256877555263,1,Brysbaert2014a,3.2,NA,core,FALSE,
stroomuitval,0.503256877555263,1,Brysbaert2014a,3.2,NA,core,FALSE,
studiegenoot,0.503256877555263,1,Brysbaert2014a,3.2,NA,core,FALSE,
studiegroep,0.503256877555263,1,Brysbaert2014a,3.2,NA,core,FALSE,
suikeroom,0.503256877555263,1,Brysbaert2014a,3.2,NA,core,FALSE,
swing,0.503256877555263,1,Brysbaert2014a,3.2,NA,core,FALSE,
tegenstander,0.503256877555263,1,Brysbaert2014a,3.2,NA,core,FALSE,
tekstverwerker,0.503256877555263,1,Brysbaert2014a,3.2,NA,core,FALSE,
telefonist,0.503256877555263,1,Brysbaert2014a,3.2,NA,core,FALSE,
temperatuur,0.503256877555263,1,Brysbaert2014a,3.2,NA,core,FALSE,
tijdlijn,0.503256877555263,1,Brysbaert2014a,3.2,NA,core,FALSE,
trefpunt,0.503256877555263,1,Brysbaert2014a,3.2,NA,core,FALSE,
troep,0.503256877555263,1,Brysbaert2014a,3.2,NA,core,FALSE,
tussengerecht,0.503256877555263,1,Brysbaert2014a,3.2,NA,core,FALSE,
veehouder,0.503256877555263,1,Brysbaert2014a,3.2,NA,core,FALSE,
vergroting,0.503256877555263,1,Brysbaert2014a,3.2,NA,core,FALSE,
verstrengeling,0.503256877555263,1,Brysbaert2014a,3.2,NA,core,FALSE,
verstuiking,0.503256877555263,1,Brysbaert2014a,3.2,NA,core,FALSE,
vervuiling,0.503256877555263,1,Brysbaert2014a,3.2,NA,core,FALSE,
visiteur,0.503256877555263,1,Brysbaert2014a,3.2,NA,core,FALSE,
voetstuk,0.503256877555263,1,Brysbaert2014a,3.2,NA,core,FALSE,
volger,0.503256877555263,1,Brysbaert2014a,3.2,NA,core,FALSE,
volk,0.503256877555263,1,Brysbaert2014a,3.2,NA,core,FALSE,
voordringen,0.503256877555263,1,Brysbaert2014a,3.2,NA,core,FALSE,
voorkamer,0.503256877555263,1,Brysbaert2014a,3.2,NA,core,FALSE,
vreetbui,0.503256877555263,1,Brysbaert2014a,3.2,NA,core,FALSE,
wapenhandel,0.503256877555263,1,Brysbaert2014a,3.2,NA,core,FALSE,
waterdruk,0.503256877555263,1,Brysbaert2014a,3.2,NA,core,FALSE,
werk,0.503256877555263,1,Brysbaert2014a,3.2,NA,core,FALSE,
werkplek,0.503256877555263,1,Brysbaert2014a,3.2,NA,core,FALSE,
wetsdokter,0.503256877555263,1,Brysbaert2014a,3.2,NA,core,FALSE,
worsteling,0.503256877555263,1,Brysbaert2014a,3.2,NA,core,FALSE,
zelfdoding,0.503256877555263,1,Brysbaert2014a,3.2,NA,core,FALSE,
zelfverdediging,0.503256877555263,1,Brysbaert2014a,3.2,NA,core,FALSE,
zending,0.503256877555263,1,Brysbaert2014a,3.2,NA,core,FALSE,
zirkonium,0.503256877555263,1,Brysbaert2014a,3.2,NA,core,FALSE,
zomerdag,0.503256877555263,1,Brysbaert2014a,3.2,NA,core,FALSE,
zomerkamp,0.503256877555263,1,Brysbaert2014a,3.2,NA,core,FALSE,
zonnestelsel,0.503256877555263,1,Brysbaert2014a,3.2,NA,core,FALSE,
stank,0.503005558026838,2,Brysbaert2014a;Jasmin2012,5.15,NA,core,FALSE,
jacht,0.499012852906017,2,Brysbaert2014a;Jasmin2012,5.005,NA,core,FALSE,
melodie,0.496350728680715,2,Brysbaert2014a;Jasmin2012,5.2,NA,core,FALSE,
ademtocht,0.495599750537038,1,Brysbaert2014a,3.18,NA,core,FALSE,
arsenicum,0.495599750537038,1,Brysbaert2014a,3.18,NA,core,FALSE,
bronchiën,0.495599750537038,1,Brysbaert2014a,3.18,NA,core,FALSE,
expediteur,0.495599750537038,1,Brysbaert2014a,3.18,NA,core,FALSE,
grafstem,0.495599750537038,1,Brysbaert2014a,3.18,NA,core,FALSE,
jicht,0.495599750537038,1,Brysbaert2014a,3.18,NA,core,FALSE,
kiepen,0.495599750537038,1,Brysbaert2014a,3.18,NA,core,FALSE,
kink,0.495599750537038,1,Brysbaert2014a,3.18,NA,core,FALSE,
looierij,0.495599750537038,1,Brysbaert2014a,3.18,NA,core,FALSE,
pastor,0.495599750537038,1,Brysbaert2014a,3.18,NA,core,FALSE,
plantsel,0.495599750537038,1,Brysbaert2014a,3.18,NA,core,FALSE,
postmerk,0.495599750537038,1,Brysbaert2014a,3.18,NA,core,FALSE,
ragebol,0.495599750537038,1,Brysbaert2014a,3.18,NA,core,FALSE,
relikwie,0.495599750537038,1,Brysbaert2014a,3.18,NA,core,FALSE,
schulp,0.495599750537038,1,Brysbaert2014a,3.18,NA,core,FALSE,
sonate,0.495599750537038,1,Brysbaert2014a,3.18,NA,core,FALSE,
tachograaf,0.495599750537038,1,Brysbaert2014a,3.18,NA,core,FALSE,
transistor,0.495599750537038,1,Brysbaert2014a,3.18,NA,core,FALSE,
voorwerk,0.495599750537038,1,Brysbaert2014a,3.18,NA,core,FALSE,
apocrief,0.494075254660107,1,Brysbaert2014a,3.17,NA,core,FALSE,
avatar,0.494075254660107,1,Brysbaert2014a,3.17,NA,core,FALSE,
bacchanaal,0.494075254660107,1,Brysbaert2014a,3.17,NA,core,FALSE,
diender,0.494075254660107,1,Brysbaert2014a,3.17,NA,core,FALSE,
epigram,0.494075254660107,1,Brysbaert2014a,3.17,NA,core,FALSE,
epistel,0.494075254660107,1,Brysbaert2014a,3.17,NA,core,FALSE,
excretie,0.494075254660107,1,Brysbaert2014a,3.17,NA,core,FALSE,
infanterie,0.494075254660107,1,Brysbaert2014a,3.17,NA,core,FALSE,
investituur,0.494075254660107,1,Brysbaert2014a,3.17,NA,core,FALSE,
kamenier,0.494075254660107,1,Brysbaert2014a,3.17,NA,core,FALSE,
knaak,0.494075254660107,1,Brysbaert2014a,3.17,NA,core,FALSE,
miltvuur,0.494075254660107,1,Brysbaert2014a,3.17,NA,core,FALSE,
punter,0.494075254660107,1,Brysbaert2014a,3.17,NA,core,FALSE,
relais,0.494075254660107,1,Brysbaert2014a,3.17,NA,core,FALSE,
seminar,0.494075254660107,1,Brysbaert2014a,3.17,NA,core,FALSE,
stag,0.494075254660107,1,Brysbaert2014a,3.17,NA,core,FALSE,
stuw,0.494075254660107,1,Brysbaert2014a,3.17,NA,core,FALSE,
sulky,0.494075254660107,1,Brysbaert2014a,3.17,NA,core,FALSE,
trainee,0.494075254660107,1,Brysbaert2014a,3.17,NA,core,FALSE,
triptiek,0.494075254660107,1,Brysbaert2014a,3.17,NA,core,FALSE,
ureter,0.494075254660107,1,Brysbaert2014a,3.17,NA,core,FALSE,
valsemunter,0.494075254660107,1,Brysbaert2014a,3.17,NA,core,FALSE,
vasectomie,0.494075254660107,1,Brysbaert2014a,3.17,NA,core,FALSE,
vesper,0.494075254660107,1,Brysbaert2014a,3.17,NA,core,FALSE,
voorletter,0.494075254660107,1,Brysbaert2014a,3.17,NA,core,FALSE,
arsenaal,0.492481463516042,1,Brysbaert2014a,3.15,NA,core,FALSE,
azuur,0.492481463516042,1,Brysbaert2014a,3.15,NA,core,FALSE,
bandbreuk,0.492481463516042,1,Brysbaert2014a,3.15,NA,core,FALSE,
cargo,0.492481463516042,1,Brysbaert2014a,3.15,NA,core,FALSE,
censor,0.492481463516042,1,Brysbaert2014a,3.15,NA,core,FALSE,
charter,0.492481463516042,1,Brysbaert2014a,3.15,NA,core,FALSE,
dizzy,0.492481463516042,1,Brysbaert2014a,3.15,NA,core,FALSE,
eruptie,0.492481463516042,1,Brysbaert2014a,3.15,NA,core,FALSE,
fa,0.492481463516042,1,Brysbaert2014a,3.15,NA,core,FALSE,
fok,0.492481463516042,1,Brysbaert2014a,3.15,NA,core,FALSE,
geweldenaar,0.492481463516042,1,Brysbaert2014a,3.15,NA,core,FALSE,
glaucoom,0.492481463516042,1,Brysbaert2014a,3.15,NA,core,FALSE,
grafoloog,0.492481463516042,1,Brysbaert2014a,3.15,NA,core,FALSE,
karaat,0.492481463516042,1,Brysbaert2014a,3.15,NA,core,FALSE,
meldkamer,0.492481463516042,1,Brysbaert2014a,3.15,NA,core,FALSE,
moederschoot,0.492481463516042,1,Brysbaert2014a,3.15,NA,core,FALSE,
netnummer,0.492481463516042,1,Brysbaert2014a,3.15,NA,core,FALSE,
planter,0.492481463516042,1,Brysbaert2014a,3.15,NA,core,FALSE,
staar,0.492481463516042,1,Brysbaert2014a,3.15,NA,core,FALSE,
synaps,0.492481463516042,1,Brysbaert2014a,3.15,NA,core,FALSE,
venter,0.492481463516042,1,Brysbaert2014a,3.15,NA,core,FALSE,
arrestant,0.490506548402744,1,Brysbaert2014a,3.14,NA,core,FALSE,
artritis,0.490506548402744,1,Brysbaert2014a,3.14,NA,core,FALSE,
biechtvader,0.490506548402744,1,Brysbaert2014a,3.14,NA,core,FALSE,
bloedarm,0.490506548402744,1,Brysbaert2014a,3.14,NA,core,FALSE,
bouwproject,0.490506548402744,1,Brysbaert2014a,3.14,NA,core,FALSE,
broekventje,0.490506548402744,1,Brysbaert2014a,3.14,NA,core,FALSE,
decigram,0.490506548402744,1,Brysbaert2014a,3.14,NA,core,FALSE,
dopamine,0.490506548402744,1,Brysbaert2014a,3.14,NA,core,FALSE,
dummy,0.490506548402744,1,Brysbaert2014a,3.14,NA,core,FALSE,
ebbe,0.490506548402744,1,Brysbaert2014a,3.14,NA,core,FALSE,
fitting,0.490506548402744,1,Brysbaert2014a,3.14,NA,core,FALSE,
foelie,0.490506548402744,1,Brysbaert2014a,3.14,NA,core,FALSE,
geboomte,0.490506548402744,1,Brysbaert2014a,3.14,NA,core,FALSE,
gefrutsel,0.490506548402744,1,Brysbaert2014a,3.14,NA,core,FALSE,
geluidsgolf,0.490506548402744,1,Brysbaert2014a,3.14,NA,core,FALSE,
gotiek,0.490506548402744,1,Brysbaert2014a,3.14,NA,core,FALSE,
griffioen,0.490506548402744,1,Brysbaert2014a,3.14,NA,core,FALSE,
hangijzer,0.490506548402744,1,Brysbaert2014a,3.14,NA,core,FALSE,
hoorspel,0.490506548402744,1,Brysbaert2014a,3.14,NA,core,FALSE,
houtvester,0.490506548402744,1,Brysbaert2014a,3.14,NA,core,FALSE,
inschepen,0.490506548402744,1,Brysbaert2014a,3.14,NA,core,FALSE,
kirsch,0.490506548402744,1,Brysbaert2014a,3.14,NA,core,FALSE,
kwebbel,0.490506548402744,1,Brysbaert2014a,3.14,NA,core,FALSE,
lapmiddel,0.490506548402744,1,Brysbaert2014a,3.14,NA,core,FALSE,
militie,0.490506548402744,1,Brysbaert2014a,3.14,NA,core,FALSE,
opsteller,0.490506548402744,1,Brysbaert2014a,3.14,NA,core,FALSE,
ordonnans,0.490506548402744,1,Brysbaert2014a,3.14,NA,core,FALSE,
paardendief,0.490506548402744,1,Brysbaert2014a,3.14,NA,core,FALSE,
palpabel,0.490506548402744,1,Brysbaert2014a,3.14,NA,core,FALSE,
smoelwerk,0.490506548402744,1,Brysbaert2014a,3.14,NA,core,FALSE,
speleoloog,0.490506548402744,1,Brysbaert2014a,3.14,NA,core,FALSE,
staminee,0.490506548402744,1,Brysbaert2014a,3.14,NA,core,FALSE,
stokerij,0.490506548402744,1,Brysbaert2014a,3.14,NA,core,FALSE,
strijdkrachten,0.490506548402744,1,Brysbaert2014a,3.14,NA,core,FALSE,
tegenvoeter,0.490506548402744,1,Brysbaert2014a,3.14,NA,core,FALSE,
vakgenoot,0.490506548402744,1,Brysbaert2014a,3.14,NA,core,FALSE,
voeden,0.48911666913795,2,Brysbaert2014a;Jasmin2012,5.065,NA,core,FALSE,
feestdag,0.486430639287337,2,Brysbaert2014a;Jasmin2012,5.2,NA,core,FALSE,
made,0.483360970719893,2,Brysbaert2014a;Jasmin2012,5.05,NA,core,FALSE,
aflevering,0.483161250086619,1,Brysbaert2014a,3.13,NA,core,FALSE,
afscheiding,0.483161250086619,1,Brysbaert2014a,3.13,NA,core,FALSE,
aftelling,0.483161250086619,1,Brysbaert2014a,3.13,NA,core,FALSE,
antwoorden,0.483161250086619,1,Brysbaert2014a,3.13,NA,core,FALSE,
atoomenergie,0.483161250086619,1,Brysbaert2014a,3.13,NA,core,FALSE,
avondschool,0.483161250086619,1,Brysbaert2014a,3.13,NA,core,FALSE,
babysit,0.483161250086619,1,Brysbaert2014a,3.13,NA,core,FALSE,
barrage,0.483161250086619,1,Brysbaert2014a,3.13,NA,core,FALSE,
beschadiging,0.483161250086619,1,Brysbaert2014a,3.13,NA,core,FALSE,
bevelhebber,0.483161250086619,1,Brysbaert2014a,3.13,NA,core,FALSE,
bibliografie,0.483161250086619,1,Brysbaert2014a,3.13,NA,core,FALSE,
biotoop,0.483161250086619,1,Brysbaert2014a,3.13,NA,core,FALSE,
bloeddruk,0.483161250086619,1,Brysbaert2014a,3.13,NA,core,FALSE,
boerenmeid,0.483161250086619,1,Brysbaert2014a,3.13,NA,core,FALSE,
broeden,0.483161250086619,1,Brysbaert2014a,3.13,NA,core,FALSE,
browser,0.483161250086619,1,Brysbaert2014a,3.13,NA,core,FALSE,
brugklas,0.483161250086619,1,Brysbaert2014a,3.13,NA,core,FALSE,
buitenlucht,0.483161250086619,1,Brysbaert2014a,3.13,NA,core,FALSE,
calcium,0.483161250086619,1,Brysbaert2014a,3.13,NA,core,FALSE,
catering,0.483161250086619,1,Brysbaert2014a,3.13,NA,core,FALSE,
cellulose,0.483161250086619,1,Brysbaert2014a,3.13,NA,core,FALSE,
centiem,0.483161250086619,1,Brysbaert2014a,3.13,NA,core,FALSE,
cholesterol,0.483161250086619,1,Brysbaert2014a,3.13,NA,core,FALSE,
clublid,0.483161250086619,1,Brysbaert2014a,3.13,NA,core,FALSE,
cluster,0.483161250086619,1,Brysbaert2014a,3.13,NA,core,FALSE,
coassistent,0.483161250086619,1,Brysbaert2014a,3.13,NA,core,FALSE,
comazuipen,0.483161250086619,1,Brysbaert2014a,3.13,NA,core,FALSE,
congres,0.483161250086619,1,Brysbaert2014a,3.13,NA,core,FALSE,
conservatorium,0.483161250086619,1,Brysbaert2014a,3.13,NA,core,FALSE,
conserven,0.483161250086619,1,Brysbaert2014a,3.13,NA,core,FALSE,
dekking,0.483161250086619,1,Brysbaert2014a,3.13,NA,core,FALSE,
derrie,0.483161250086619,1,Brysbaert2014a,3.13,NA,core,FALSE,
dis,0.483161250086619,1,Brysbaert2014a,3.13,NA,core,FALSE,
doder,0.483161250086619,1,Brysbaert2014a,3.13,NA,core,FALSE,
donateur,0.483161250086619,1,Brysbaert2014a,3.13,NA,core,FALSE,
dressuur,0.483161250086619,1,Brysbaert2014a,3.13,NA,core,FALSE,
entree,0.483161250086619,1,Brysbaert2014a,3.13,NA,core,FALSE,
fluor,0.483161250086619,1,Brysbaert2014a,3.13,NA,core,FALSE,
frank,0.483161250086619,1,Brysbaert2014a,3.13,NA,core,FALSE,
gastenkamer,0.483161250086619,1,Brysbaert2014a,3.13,NA,core,FALSE,
gebaar,0.483161250086619,1,Brysbaert2014a,3.13,NA,core,FALSE,
gebrabbel,0.483161250086619,1,Brysbaert2014a,3.13,NA,core,FALSE,
gebruiksvoorwerp,0.483161250086619,1,Brysbaert2014a,3.13,NA,core,FALSE,
gegoochel,0.483161250086619,1,Brysbaert2014a,3.13,NA,core,FALSE,
gekibbel,0.483161250086619,1,Brysbaert2014a,3.13,NA,core,FALSE,
gisting,0.483161250086619,1,Brysbaert2014a,3.13,NA,core,FALSE,
glimmer,0.483161250086619,1,Brysbaert2014a,3.13,NA,core,FALSE,
graaf,0.483161250086619,1,Brysbaert2014a,3.13,NA,core,FALSE,
grappenmaker,0.483161250086619,1,Brysbaert2014a,3.13,NA,core,FALSE,
gynaecoloog,0.483161250086619,1,Brysbaert2014a,3.13,NA,core,FALSE,
hacker,0.483161250086619,1,Brysbaert2014a,3.13,NA,core,FALSE,
homofiel,0.483161250086619,1,Brysbaert2014a,3.13,NA,core,FALSE,
hongerstaking,0.483161250086619,1,Brysbaert2014a,3.13,NA,core,FALSE,
hoogmis,0.483161250086619,1,Brysbaert2014a,3.13,NA,core,FALSE,
huurwoning,0.483161250086619,1,Brysbaert2014a,3.13,NA,core,FALSE,
hyperlink,0.483161250086619,1,Brysbaert2014a,3.13,NA,core,FALSE,
illustrator,0.483161250086619,1,Brysbaert2014a,3.13,NA,core,FALSE,
imam,0.483161250086619,1,Brysbaert2014a,3.13,NA,core,FALSE,
inboedel,0.483161250086619,1,Brysbaert2014a,3.13,NA,core,FALSE,
inhoudsopgave,0.483161250086619,1,Brysbaert2014a,3.13,NA,core,FALSE,
instorting,0.483161250086619,1,Brysbaert2014a,3.13,NA,core,FALSE,
insuline,0.483161250086619,1,Brysbaert2014a,3.13,NA,core,FALSE,
invasie,0.483161250086619,1,Brysbaert2014a,3.13,NA,core,FALSE,
jonkvrouw,0.483161250086619,1,Brysbaert2014a,3.13,NA,core,FALSE,
kamergenote,0.483161250086619,1,Brysbaert2014a,3.13,NA,core,FALSE,
kapen,0.483161250086619,1,Brysbaert2014a,3.13,NA,core,FALSE,
keizer,0.483161250086619,1,Brysbaert2014a,3.13,NA,core,FALSE,
kicken,0.483161250086619,1,Brysbaert2014a,3.13,NA,core,FALSE,
kiezer,0.483161250086619,1,Brysbaert2014a,3.13,NA,core,FALSE,
klamp,0.483161250086619,1,Brysbaert2014a,3.13,NA,core,FALSE,
kogelvrij,0.483161250086619,1,Brysbaert2014a,3.13,NA,core,FALSE,
koopman,0.483161250086619,1,Brysbaert2014a,3.13,NA,core,FALSE,
krap,0.483161250086619,1,Brysbaert2014a,3.13,NA,core,FALSE,
kriskras,0.483161250086619,1,Brysbaert2014a,3.13,NA,core,FALSE,
kruising,0.483161250086619,1,Brysbaert2014a,3.13,NA,core,FALSE,
kweker,0.483161250086619,1,Brysbaert2014a,3.13,NA,core,FALSE,
landbouw,0.483161250086619,1,Brysbaert2014a,3.13,NA,core,FALSE,
landengte,0.483161250086619,1,Brysbaert2014a,3.13,NA,core,FALSE,
lastdier,0.483161250086619,1,Brysbaert2014a,3.13,NA,core,FALSE,
leraar,0.483161250086619,1,Brysbaert2014a,3.13,NA,core,FALSE,
lesstof,0.483161250086619,1,Brysbaert2014a,3.13,NA,core,FALSE,
liefdeslied,0.483161250086619,1,Brysbaert2014a,3.13,NA,core,FALSE,
luchtruim,0.483161250086619,1,Brysbaert2014a,3.13,NA,core,FALSE,
meditatie,0.483161250086619,1,Brysbaert2014a,3.13,NA,core,FALSE,
middagpauze,0.483161250086619,1,Brysbaert2014a,3.13,NA,core,FALSE,
middenschool,0.483161250086619,1,Brysbaert2014a,3.13,NA,core,FALSE,
missionaris,0.483161250086619,1,Brysbaert2014a,3.13,NA,core,FALSE,
montage,0.483161250086619,1,Brysbaert2014a,3.13,NA,core,FALSE,
muisstil,0.483161250086619,1,Brysbaert2014a,3.13,NA,core,FALSE,
noodoproep,0.483161250086619,1,Brysbaert2014a,3.13,NA,core,FALSE,
omstanders,0.483161250086619,1,Brysbaert2014a,3.13,NA,core,FALSE,
onderkoeling,0.483161250086619,1,Brysbaert2014a,3.13,NA,core,FALSE,
ontwerpster,0.483161250086619,1,Brysbaert2014a,3.13,NA,core,FALSE,
opener,0.483161250086619,1,Brysbaert2014a,3.13,NA,core,FALSE,
opklaring,0.483161250086619,1,Brysbaert2014a,3.13,NA,core,FALSE,
opvangtehuis,0.483161250086619,1,Brysbaert2014a,3.13,NA,core,FALSE,
opvoedster,0.483161250086619,1,Brysbaert2014a,3.13,NA,core,FALSE,
overschrijving,0.483161250086619,1,Brysbaert2014a,3.13,NA,core,FALSE,
ozon,0.483161250086619,1,Brysbaert2014a,3.13,NA,core,FALSE,
paartje,0.483161250086619,1,Brysbaert2014a,3.13,NA,core,FALSE,
paniekaanval,0.483161250086619,1,Brysbaert2014a,3.13,NA,core,FALSE,
pepmiddel,0.483161250086619,1,Brysbaert2014a,3.13,NA,core,FALSE,
peulenschil,0.483161250086619,1,Brysbaert2014a,3.13,NA,core,FALSE,
pieken,0.483161250086619,1,Brysbaert2014a,3.13,NA,core,FALSE,
pijnigen,0.483161250086619,1,Brysbaert2014a,3.13,NA,core,FALSE,
plaatsbewijs,0.483161250086619,1,Brysbaert2014a,3.13,NA,core,FALSE,
pleegouder,0.483161250086619,1,Brysbaert2014a,3.13,NA,core,FALSE,
praatshow,0.483161250086619,1,Brysbaert2014a,3.13,NA,core,FALSE,
preparaat,0.483161250086619,1,Brysbaert2014a,3.13,NA,core,FALSE,
psychiater,0.483161250086619,1,Brysbaert2014a,3.13,NA,core,FALSE,
ramkraak,0.483161250086619,1,Brysbaert2014a,3.13,NA,core,FALSE,
rebel,0.483161250086619,1,Brysbaert2014a,3.13,NA,core,FALSE,
redactie,0.483161250086619,1,Brysbaert2014a,3.13,NA,core,FALSE,
reflectie,0.483161250086619,1,Brysbaert2014a,3.13,NA,core,FALSE,
relschopper,0.483161250086619,1,Brysbaert2014a,3.13,NA,core,FALSE,
rijkspolitie,0.483161250086619,1,Brysbaert2014a,3.13,NA,core,FALSE,
ronde,0.483161250086619,1,Brysbaert2014a,3.13,NA,core,FALSE,
rotweer,0.483161250086619,1,Brysbaert2014a,3.13,NA,core,FALSE,
rumoer,0.483161250086619,1,Brysbaert2014a,3.13,NA,core,FALSE,
schillenboer,0.483161250086619,1,Brysbaert2014a,3.13,NA,core,FALSE,
schor,0.483161250086619,1,Brysbaert2014a,3.13,NA,core,FALSE,
slenteraar,0.483161250086619,1,Brysbaert2014a,3.13,NA,core,FALSE,
smurrie,0.483161250086619,1,Brysbaert2014a,3.13,NA,core,FALSE,
souteneur,0.483161250086619,1,Brysbaert2014a,3.13,NA,core,FALSE,
spaander,0.483161250086619,1,Brysbaert2014a,3.13,NA,core,FALSE,
spaarbank,0.483161250086619,1,Brysbaert2014a,3.13,NA,core,FALSE,
staatsgrens,0.483161250086619,1,Brysbaert2014a,3.13,NA,core,FALSE,
stagiaire,0.483161250086619,1,Brysbaert2014a,3.13,NA,core,FALSE,
staker,0.483161250086619,1,Brysbaert2014a,3.13,NA,core,FALSE,
stilstand,0.483161250086619,1,Brysbaert2014a,3.13,NA,core,FALSE,
stoeipoes,0.483161250086619,1,Brysbaert2014a,3.13,NA,core,FALSE,
stressen,0.483161250086619,1,Brysbaert2014a,3.13,NA,core,FALSE,
strever,0.483161250086619,1,Brysbaert2014a,3.13,NA,core,FALSE,
strijder,0.483161250086619,1,Brysbaert2014a,3.13,NA,core,FALSE,
tante,0.483161250086619,1,Brysbaert2014a,3.13,NA,core,FALSE,
titularis,0.483161250086619,1,Brysbaert2014a,3.13,NA,core,FALSE,
toevoer,0.483161250086619,1,Brysbaert2014a,3.13,NA,core,FALSE,
tournee,0.483161250086619,1,Brysbaert2014a,3.13,NA,core,FALSE,
truc,0.483161250086619,1,Brysbaert2014a,3.13,NA,core,FALSE,
tussenstand,0.483161250086619,1,Brysbaert2014a,3.13,NA,core,FALSE,
uitbarsting,0.483161250086619,1,Brysbaert2014a,3.13,NA,core,FALSE,
uitnodiging,0.483161250086619,1,Brysbaert2014a,3.13,NA,core,FALSE,
uittreksel,0.483161250086619,1,Brysbaert2014a,3.13,NA,core,FALSE,
uitzicht,0.483161250086619,1,Brysbaert2014a,3.13,NA,core,FALSE,
vasotomie,0.483161250086619,1,Brysbaert2014a,3.13,NA,core,FALSE,
veldheer,0.483161250086619,1,Brysbaert2014a,3.13,NA,core,FALSE,
verhuurder,0.483161250086619,1,Brysbaert2014a,3.13,NA,core,FALSE,
verkrachter,0.483161250086619,1,Brysbaert2014a,3.13,NA,core,FALSE,
vluchteling,0.483161250086619,1,Brysbaert2014a,3.13,NA,core,FALSE,
voetenwerk,0.483161250086619,1,Brysbaert2014a,3.13,NA,core,FALSE,
vorser,0.483161250086619,1,Brysbaert2014a,3.13,NA,core,FALSE,
vreetzak,0.483161250086619,1,Brysbaert2014a,3.13,NA,core,FALSE,
vrijgezel,0.483161250086619,1,Brysbaert2014a,3.13,NA,core,FALSE,
vrijlating,0.483161250086619,1,Brysbaert2014a,3.13,NA,core,FALSE,
wegloper,0.483161250086619,1,Brysbaert2014a,3.13,NA,core,FALSE,
wegroepen,0.483161250086619,1,Brysbaert2014a,3.13,NA,core,FALSE,
werkgever,0.483161250086619,1,Brysbaert2014a,3.13,NA,core,FALSE,
werkje,0.483161250086619,1,Brysbaert2014a,3.13,NA,core,FALSE,
werknemer,0.483161250086619,1,Brysbaert2014a,3.13,NA,core,FALSE,
werknemers,0.483161250086619,1,Brysbaert2014a,3.13,NA,core,FALSE,
werkster,0.483161250086619,1,Brysbaert2014a,3.13,NA,core,FALSE,
winkeldiefstal,0.483161250086619,1,Brysbaert2014a,3.13,NA,core,FALSE,
woordvoerder,0.483161250086619,1,Brysbaert2014a,3.13,NA,core,FALSE,
zaak,0.483161250086619,1,Brysbaert2014a,3.13,NA,core,FALSE,
zakenpartner,0.483161250086619,1,Brysbaert2014a,3.13,NA,core,FALSE,
zakenvrouw,0.483161250086619,1,Brysbaert2014a,3.13,NA,core,FALSE,
zenuwcentrum,0.483161250086619,1,Brysbaert2014a,3.13,NA,core,FALSE,
ziekenhuisopname,0.483161250086619,1,Brysbaert2014a,3.13,NA,core,FALSE,
zomers,0.483161250086619,1,Brysbaert2014a,3.13,NA,core,FALSE,
pijn,0.481434922430282,2,Brysbaert2014a;Jasmin2012,5.145,NA,core,FALSE,
sterfgeval,0.479075157795755,2,Brysbaert2014a;Jasmin2012,5.185,NA,core,FALSE,
combine,0.476820733143926,1,Brysbaert2014a,3.11,NA,core,FALSE,
difterie,0.476820733143926,1,Brysbaert2014a,3.11,NA,core,FALSE,
gazeuse,0.476820733143926,1,Brysbaert2014a,3.11,NA,core,FALSE,
gouw,0.476820733143926,1,Brysbaert2014a,3.11,NA,core,FALSE,
homofoon,0.476820733143926,1,Brysbaert2014a,3.11,NA,core,FALSE,
kanunnik,0.476820733143926,1,Brysbaert2014a,3.11,NA,core,FALSE,
tranche,0.476820733143926,1,Brysbaert2014a,3.11,NA,core,FALSE,
banbliksem,0.476197075739727,1,Brysbaert2014a,3.1,NA,core,FALSE,
border,0.476197075739727,1,Brysbaert2014a,3.1,NA,core,FALSE,
embolie,0.476197075739727,1,Brysbaert2014a,3.1,NA,core,FALSE,
jaap,0.476197075739727,1,Brysbaert2014a,3.1,NA,core,FALSE,
pallieter,0.476197075739727,1,Brysbaert2014a,3.1,NA,core,FALSE,
pappa,0.476197075739727,1,Brysbaert2014a,3.1,NA,core,FALSE,
pingping,0.476197075739727,1,Brysbaert2014a,3.1,NA,core,FALSE,
reder,0.476197075739727,1,Brysbaert2014a,3.1,NA,core,FALSE,
scoop,0.476197075739727,1,Brysbaert2014a,3.1,NA,core,FALSE,
seance,0.476197075739727,1,Brysbaert2014a,3.1,NA,core,FALSE,
zegsman,0.476197075739727,1,Brysbaert2014a,3.1,NA,core,FALSE,
blokker,0.475330884900561,1,Brysbaert2014a,3.09,NA,core,FALSE,
boekerij,0.475330884900561,1,Brysbaert2014a,3.09,NA,core,FALSE,
hattrick,0.475330884900561,1,Brysbaert2014a,3.09,NA,core,FALSE,
huichelaar,0.475330884900561,1,Brysbaert2014a,3.09,NA,core,FALSE,
loensen,0.475330884900561,1,Brysbaert2014a,3.09,NA,core,FALSE,
lovertje,0.475330884900561,1,Brysbaert2014a,3.09,NA,core,FALSE,
oorkonde,0.475330884900561,1,Brysbaert2014a,3.09,NA,core,FALSE,
pachter,0.475330884900561,1,Brysbaert2014a,3.09,NA,core,FALSE,
pandoering,0.475330884900561,1,Brysbaert2014a,3.09,NA,core,FALSE,
postwissel,0.475330884900561,1,Brysbaert2014a,3.09,NA,core,FALSE,
recidivist,0.475330884900561,1,Brysbaert2014a,3.09,NA,core,FALSE,
sediment,0.475330884900561,1,Brysbaert2014a,3.09,NA,core,FALSE,
toemaatje,0.475330884900561,1,Brysbaert2014a,3.09,NA,core,FALSE,
zitpenning,0.475330884900561,1,Brysbaert2014a,3.09,NA,core,FALSE,
kanker,0.474781893767623,2,Brysbaert2014a;Jasmin2012,5.145,NA,core,FALSE,
opstand,0.474781893767623,2,Brysbaert2014a;Jasmin2012,5.145,NA,core,FALSE,
allergie,0.474455752736604,2,Brysbaert2014a;Jasmin2012,5.135,NA,core,FALSE,
aderlating,0.47349456032153,1,Brysbaert2014a,3.08,NA,core,FALSE,
bataljon,0.47349456032153,1,Brysbaert2014a,3.08,NA,core,FALSE,
bondage,0.47349456032153,1,Brysbaert2014a,3.08,NA,core,FALSE,
botanicus,0.47349456032153,1,Brysbaert2014a,3.08,NA,core,FALSE,
boud,0.47349456032153,1,Brysbaert2014a,3.08,NA,core,FALSE,
brousse,0.47349456032153,1,Brysbaert2014a,3.08,NA,core,FALSE,
buiteling,0.47349456032153,1,Brysbaert2014a,3.08,NA,core,FALSE,
cadet,0.47349456032153,1,Brysbaert2014a,3.08,NA,core,FALSE,
chaperonne,0.47349456032153,1,Brysbaert2014a,3.08,NA,core,FALSE,
corpus,0.47349456032153,1,Brysbaert2014a,3.08,NA,core,FALSE,
derby,0.47349456032153,1,Brysbaert2014a,3.08,NA,core,FALSE,
dichtstuk,0.47349456032153,1,Brysbaert2014a,3.08,NA,core,FALSE,
drinkebroer,0.47349456032153,1,Brysbaert2014a,3.08,NA,core,FALSE,
gaper,0.47349456032153,1,Brysbaert2014a,3.08,NA,core,FALSE,
gejengel,0.47349456032153,1,Brysbaert2014a,3.08,NA,core,FALSE,
globetrotter,0.47349456032153,1,Brysbaert2014a,3.08,NA,core,FALSE,
kram,0.47349456032153,1,Brysbaert2014a,3.08,NA,core,FALSE,
krimp,0.47349456032153,1,Brysbaert2014a,3.08,NA,core,FALSE,
kunstrijden,0.47349456032153,1,Brysbaert2014a,3.08,NA,core,FALSE,
kwezel,0.47349456032153,1,Brysbaert2014a,3.08,NA,core,FALSE,
log,0.47349456032153,1,Brysbaert2014a,3.08,NA,core,FALSE,
manche,0.47349456032153,1,Brysbaert2014a,3.08,NA,core,FALSE,
mandataris,0.47349456032153,1,Brysbaert2014a,3.08,NA,core,FALSE,
meningitis,0.47349456032153,1,Brysbaert2014a,3.08,NA,core,FALSE,
odeur,0.47349456032153,1,Brysbaert2014a,3.08,NA,core,FALSE,
oploop,0.47349456032153,1,Brysbaert2014a,3.08,NA,core,FALSE,
pappen,0.47349456032153,1,Brysbaert2014a,3.08,NA,core,FALSE,
pollutie,0.47349456032153,1,Brysbaert2014a,3.08,NA,core,FALSE,
pree,0.47349456032153,1,Brysbaert2014a,3.08,NA,core,FALSE,
primaat,0.47349456032153,1,Brysbaert2014a,3.08,NA,core,FALSE,
rederij,0.47349456032153,1,Brysbaert2014a,3.08,NA,core,FALSE,
slijter,0.47349456032153,1,Brysbaert2014a,3.08,NA,core,FALSE,
snok,0.47349456032153,1,Brysbaert2014a,3.08,NA,core,FALSE,
snotlap,0.47349456032153,1,Brysbaert2014a,3.08,NA,core,FALSE,
stadhouder,0.47349456032153,1,Brysbaert2014a,3.08,NA,core,FALSE,
stembuiging,0.47349456032153,1,Brysbaert2014a,3.08,NA,core,FALSE,
vereffenaar,0.47349456032153,1,Brysbaert2014a,3.08,NA,core,FALSE,
vogelaar,0.47349456032153,1,Brysbaert2014a,3.08,NA,core,FALSE,
ziener,0.47349456032153,1,Brysbaert2014a,3.08,NA,core,FALSE,
kruisigen,0.473031753624776,2,Brysbaert2014a;Jasmin2012,5.05,NA,core,FALSE,
rotzooi,0.471412628727135,2,Brysbaert2014a;Jasmin2012,5.165,NA,core,FALSE,
grap,0.470431721932747,2,Brysbaert2014a;Jasmin2012,5.17,NA,core,FALSE,
straf,0.470404929004639,2,Brysbaert2014a;Jasmin2012,5.13,NA,core,FALSE,
aroma,0.468488101456219,2,Brysbaert2014a;Jasmin2012,5.065,NA,core,FALSE,
slachting,0.465799929413208,2,Brysbaert2014a;Jasmin2012,5.04,NA,core,FALSE,
aankomst,0.465040537731273,1,Brysbaert2014a,3.07,NA,core,FALSE,
aannemer,0.465040537731273,1,Brysbaert2014a,3.07,NA,core,FALSE,
aanplanten,0.465040537731273,1,Brysbaert2014a,3.07,NA,core,FALSE,
aanrander,0.465040537731273,1,Brysbaert2014a,3.07,NA,core,FALSE,
abonnement,0.465040537731273,1,Brysbaert2014a,3.07,NA,core,FALSE,
acteerwerk,0.465040537731273,1,Brysbaert2014a,3.07,NA,core,FALSE,
adempauze,0.465040537731273,1,Brysbaert2014a,3.07,NA,core,FALSE,
ambachtsman,0.465040537731273,1,Brysbaert2014a,3.07,NA,core,FALSE,
aminozuur,0.465040537731273,1,Brysbaert2014a,3.07,NA,core,FALSE,
annonce,0.465040537731273,1,Brysbaert2014a,3.07,NA,core,FALSE,
anticonceptie,0.465040537731273,1,Brysbaert2014a,3.07,NA,core,FALSE,
apparatuur,0.465040537731273,1,Brysbaert2014a,3.07,NA,core,FALSE,
architectuur,0.465040537731273,1,Brysbaert2014a,3.07,NA,core,FALSE,
auteur,0.465040537731273,1,Brysbaert2014a,3.07,NA,core,FALSE,
bankrekening,0.465040537731273,1,Brysbaert2014a,3.07,NA,core,FALSE,
barok,0.465040537731273,1,Brysbaert2014a,3.07,NA,core,FALSE,
begeleider,0.465040537731273,1,Brysbaert2014a,3.07,NA,core,FALSE,
bestorming,0.465040537731273,1,Brysbaert2014a,3.07,NA,core,FALSE,
beurs,0.465040537731273,1,Brysbaert2014a,3.07,NA,core,FALSE,
bezoekuur,0.465040537731273,1,Brysbaert2014a,3.07,NA,core,FALSE,
bieder,0.465040537731273,1,Brysbaert2014a,3.07,NA,core,FALSE,
bindmiddel,0.465040537731273,1,Brysbaert2014a,3.07,NA,core,FALSE,
bladvulling,0.465040537731273,1,Brysbaert2014a,3.07,NA,core,FALSE,
blijspel,0.465040537731273,1,Brysbaert2014a,3.07,NA,core,FALSE,
bloedbank,0.465040537731273,1,Brysbaert2014a,3.07,NA,core,FALSE,
blokkering,0.465040537731273,1,Brysbaert2014a,3.07,NA,core,FALSE,
bovenkamer,0.465040537731273,1,Brysbaert2014a,3.07,NA,core,FALSE,
breedtegraad,0.465040537731273,1,Brysbaert2014a,3.07,NA,core,FALSE,
buitenland,0.465040537731273,1,Brysbaert2014a,3.07,NA,core,FALSE,
burger,0.465040537731273,1,Brysbaert2014a,3.07,NA,core,FALSE,
cataract,0.465040537731273,1,Brysbaert2014a,3.07,NA,core,FALSE,
celstraf,0.465040537731273,1,Brysbaert2014a,3.07,NA,core,FALSE,
chiropractor,0.465040537731273,1,Brysbaert2014a,3.07,NA,core,FALSE,
clericus,0.465040537731273,1,Brysbaert2014a,3.07,NA,core,FALSE,
college,0.465040537731273,1,Brysbaert2014a,3.07,NA,core,FALSE,
compartiment,0.465040537731273,1,Brysbaert2014a,3.07,NA,core,FALSE,
congreslid,0.465040537731273,1,Brysbaert2014a,3.07,NA,core,FALSE,
contraceptie,0.465040537731273,1,Brysbaert2014a,3.07,NA,core,FALSE,
crescendo,0.465040537731273,1,Brysbaert2014a,3.07,NA,core,FALSE,
crimineel,0.465040537731273,1,Brysbaert2014a,3.07,NA,core,FALSE,
cursist,0.465040537731273,1,Brysbaert2014a,3.07,NA,core,FALSE,
dankgebed,0.465040537731273,1,Brysbaert2014a,3.07,NA,core,FALSE,
dealer,0.465040537731273,1,Brysbaert2014a,3.07,NA,core,FALSE,
deelneemster,0.465040537731273,1,Brysbaert2014a,3.07,NA,core,FALSE,
defect,0.465040537731273,1,Brysbaert2014a,3.07,NA,core,FALSE,
dichtregel,0.465040537731273,1,Brysbaert2014a,3.07,NA,core,FALSE,
dienares,0.465040537731273,1,Brysbaert2014a,3.07,NA,core,FALSE,
dierenbeul,0.465040537731273,1,Brysbaert2014a,3.07,NA,core,FALSE,
dissectie,0.465040537731273,1,Brysbaert2014a,3.07,NA,core,FALSE,
distributeur,0.465040537731273,1,Brysbaert2014a,3.07,NA,core,FALSE,
douane,0.465040537731273,1,Brysbaert2014a,3.07,NA,core,FALSE,
dubbelganger,0.465040537731273,1,Brysbaert2014a,3.07,NA,core,FALSE,
duizeligheid,0.465040537731273,1,Brysbaert2014a,3.07,NA,core,FALSE,
eisprong,0.465040537731273,1,Brysbaert2014a,3.07,NA,core,FALSE,
elasticiteit,0.465040537731273,1,Brysbaert2014a,3.07,NA,core,FALSE,
expeditie,0.465040537731273,1,Brysbaert2014a,3.07,NA,core,FALSE,
experiment,0.465040537731273,1,Brysbaert2014a,3.07,NA,core,FALSE,
festiviteit,0.465040537731273,1,Brysbaert2014a,3.07,NA,core,FALSE,
flikker,0.465040537731273,1,Brysbaert2014a,3.07,NA,core,FALSE,
flirten,0.465040537731273,1,Brysbaert2014a,3.07,NA,core,FALSE,
furie,0.465040537731273,1,Brysbaert2014a,3.07,NA,core,FALSE,
gehoor,0.465040537731273,1,Brysbaert2014a,3.07,NA,core,FALSE,
gejoel,0.465040537731273,1,Brysbaert2014a,3.07,NA,core,FALSE,
geklungel,0.465040537731273,1,Brysbaert2014a,3.07,NA,core,FALSE,
gemopper,0.465040537731273,1,Brysbaert2014a,3.07,NA,core,FALSE,
generaal,0.465040537731273,1,Brysbaert2014a,3.07,NA,core,FALSE,
gevangenschap,0.465040537731273,1,Brysbaert2014a,3.07,NA,core,FALSE,
gijzelhouder,0.465040537731273,1,Brysbaert2014a,3.07,NA,core,FALSE,
gokker,0.465040537731273,1,Brysbaert2014a,3.07,NA,core,FALSE,
gravin,0.465040537731273,1,Brysbaert2014a,3.07,NA,core,FALSE,
groei,0.465040537731273,1,Brysbaert2014a,3.07,NA,core,FALSE,
groepsleider,0.465040537731273,1,Brysbaert2014a,3.07,NA,core,FALSE,
halfuur,0.465040537731273,1,Brysbaert2014a,3.07,NA,core,FALSE,
handelaar,0.465040537731273,1,Brysbaert2014a,3.07,NA,core,FALSE,
hartprobleem,0.465040537731273,1,Brysbaert2014a,3.07,NA,core,FALSE,
herladen,0.465040537731273,1,Brysbaert2014a,3.07,NA,core,FALSE,
hoofdkwartier,0.465040537731273,1,Brysbaert2014a,3.07,NA,core,FALSE,
hoofdrol,0.465040537731273,1,Brysbaert2014a,3.07,NA,core,FALSE,
hoofdvogel,0.465040537731273,1,Brysbaert2014a,3.07,NA,core,FALSE,
huismiddel,0.465040537731273,1,Brysbaert2014a,3.07,NA,core,FALSE,
huismoeder,0.465040537731273,1,Brysbaert2014a,3.07,NA,core,FALSE,
hulpje,0.465040537731273,1,Brysbaert2014a,3.07,NA,core,FALSE,
hulptroepen,0.465040537731273,1,Brysbaert2014a,3.07,NA,core,FALSE,
huwen,0.465040537731273,1,Brysbaert2014a,3.07,NA,core,FALSE,
imitator,0.465040537731273,1,Brysbaert2014a,3.07,NA,core,FALSE,
incontinentie,0.465040537731273,1,Brysbaert2014a,3.07,NA,core,FALSE,
initiaal,0.465040537731273,1,Brysbaert2014a,3.07,NA,core,FALSE,
inkoper,0.465040537731273,1,Brysbaert2014a,3.07,NA,core,FALSE,
inrichter,0.465040537731273,1,Brysbaert2014a,3.07,NA,core,FALSE,
inslag,0.465040537731273,1,Brysbaert2014a,3.07,NA,core,FALSE,
jeugdjournaal,0.465040537731273,1,Brysbaert2014a,3.07,NA,core,FALSE,
kandidaat,0.465040537731273,1,Brysbaert2014a,3.07,NA,core,FALSE,
kanten,0.465040537731273,1,Brysbaert2014a,3.07,NA,core,FALSE,
karweitje,0.465040537731273,1,Brysbaert2014a,3.07,NA,core,FALSE,
kerkganger,0.465040537731273,1,Brysbaert2014a,3.07,NA,core,FALSE,
kernaanval,0.465040537731273,1,Brysbaert2014a,3.07,NA,core,FALSE,
kerst,0.465040537731273,1,Brysbaert2014a,3.07,NA,core,FALSE,
kidnapping,0.465040537731273,1,Brysbaert2014a,3.07,NA,core,FALSE,
kindergeld,0.465040537731273,1,Brysbaert2014a,3.07,NA,core,FALSE,
klampen,0.465040537731273,1,Brysbaert2014a,3.07,NA,core,FALSE,
klassebak,0.465040537731273,1,Brysbaert2014a,3.07,NA,core,FALSE,
kneuzen,0.465040537731273,1,Brysbaert2014a,3.07,NA,core,FALSE,
komiek,0.465040537731273,1,Brysbaert2014a,3.07,NA,core,FALSE,
koolstof,0.465040537731273,1,Brysbaert2014a,3.07,NA,core,FALSE,
korporaal,0.465040537731273,1,Brysbaert2014a,3.07,NA,core,FALSE,
kunstenaar,0.465040537731273,1,Brysbaert2014a,3.07,NA,core,FALSE,
lachfilm,0.465040537731273,1,Brysbaert2014a,3.07,NA,core,FALSE,
landloper,0.465040537731273,1,Brysbaert2014a,3.07,NA,core,FALSE,
leesvoer,0.465040537731273,1,Brysbaert2014a,3.07,NA,core,FALSE,
lessen,0.465040537731273,1,Brysbaert2014a,3.07,NA,core,FALSE,
letterwoord,0.465040537731273,1,Brysbaert2014a,3.07,NA,core,FALSE,
levensgezel,0.465040537731273,1,Brysbaert2014a,3.07,NA,core,FALSE,
linie,0.465040537731273,1,Brysbaert2014a,3.07,NA,core,FALSE,
lokmiddel,0.465040537731273,1,Brysbaert2014a,3.07,NA,core,FALSE,
lokroep,0.465040537731273,1,Brysbaert2014a,3.07,NA,core,FALSE,
loon,0.465040537731273,1,Brysbaert2014a,3.07,NA,core,FALSE,
luchtdruk,0.465040537731273,1,Brysbaert2014a,3.07,NA,core,FALSE,
lunchpauze,0.465040537731273,1,Brysbaert2014a,3.07,NA,core,FALSE,
maaksel,0.465040537731273,1,Brysbaert2014a,3.07,NA,core,FALSE,
madame,0.465040537731273,1,Brysbaert2014a,3.07,NA,core,FALSE,
meteoroloog,0.465040537731273,1,Brysbaert2014a,3.07,NA,core,FALSE,
metropolis,0.465040537731273,1,Brysbaert2014a,3.07,NA,core,FALSE,
mix,0.465040537731273,1,Brysbaert2014a,3.07,NA,core,FALSE,
moordenares,0.465040537731273,1,Brysbaert2014a,3.07,NA,core,FALSE,
moordpartij,0.465040537731273,1,Brysbaert2014a,3.07,NA,core,FALSE,
muf,0.465040537731273,1,Brysbaert2014a,3.07,NA,core,FALSE,
musicoloog,0.465040537731273,1,Brysbaert2014a,3.07,NA,core,FALSE,
muurvast,0.465040537731273,1,Brysbaert2014a,3.07,NA,core,FALSE,
nachtrust,0.465040537731273,1,Brysbaert2014a,3.07,NA,core,FALSE,
nachtwerk,0.465040537731273,1,Brysbaert2014a,3.07,NA,core,FALSE,
natrappen,0.465040537731273,1,Brysbaert2014a,3.07,NA,core,FALSE,
onderzoeker,0.465040537731273,1,Brysbaert2014a,3.07,NA,core,FALSE,
ontmoeting,0.465040537731273,1,Brysbaert2014a,3.07,NA,core,FALSE,
ontwrichting,0.465040537731273,1,Brysbaert2014a,3.07,NA,core,FALSE,
oom,0.465040537731273,1,Brysbaert2014a,3.07,NA,core,FALSE,
opperpriester,0.465040537731273,1,Brysbaert2014a,3.07,NA,core,FALSE,
ouders,0.465040537731273,1,Brysbaert2014a,3.07,NA,core,FALSE,
panel,0.465040537731273,1,Brysbaert2014a,3.07,NA,core,FALSE,
paracommando,0.465040537731273,1,Brysbaert2014a,3.07,NA,core,FALSE,
partner,0.465040537731273,1,Brysbaert2014a,3.07,NA,core,FALSE,
persbericht,0.465040537731273,1,Brysbaert2014a,3.07,NA,core,FALSE,
playboy,0.465040537731273,1,Brysbaert2014a,3.07,NA,core,FALSE,
plek,0.465040537731273,1,Brysbaert2014a,3.07,NA,core,FALSE,
politicus,0.465040537731273,1,Brysbaert2014a,3.07,NA,core,FALSE,
presentatie,0.465040537731273,1,Brysbaert2014a,3.07,NA,core,FALSE,
promotor,0.465040537731273,1,Brysbaert2014a,3.07,NA,core,FALSE,
pronker,0.465040537731273,1,Brysbaert2014a,3.07,NA,core,FALSE,
proper,0.465040537731273,1,Brysbaert2014a,3.07,NA,core,FALSE,
provincie,0.465040537731273,1,Brysbaert2014a,3.07,NA,core,FALSE,
psycholoog,0.465040537731273,1,Brysbaert2014a,3.07,NA,core,FALSE,
raadsman,0.465040537731273,1,Brysbaert2014a,3.07,NA,core,FALSE,
reanimatie,0.465040537731273,1,Brysbaert2014a,3.07,NA,core,FALSE,
refrein,0.465040537731273,1,Brysbaert2014a,3.07,NA,core,FALSE,
regenseizoen,0.465040537731273,1,Brysbaert2014a,3.07,NA,core,FALSE,
roestvrij,0.465040537731273,1,Brysbaert2014a,3.07,NA,core,FALSE,
rondreis,0.465040537731273,1,Brysbaert2014a,3.07,NA,core,FALSE,
rotatie,0.465040537731273,1,Brysbaert2014a,3.07,NA,core,FALSE,
scenarist,0.465040537731273,1,Brysbaert2014a,3.07,NA,core,FALSE,
schoonouders,0.465040537731273,1,Brysbaert2014a,3.07,NA,core,FALSE,
schoonzuster,0.465040537731273,1,Brysbaert2014a,3.07,NA,core,FALSE,
senior,0.465040537731273,1,Brysbaert2014a,3.07,NA,core,FALSE,
signaal,0.465040537731273,1,Brysbaert2014a,3.07,NA,core,FALSE,
simulator,0.465040537731273,1,Brysbaert2014a,3.07,NA,core,FALSE,
solden,0.465040537731273,1,Brysbaert2014a,3.07,NA,core,FALSE,
solist,0.465040537731273,1,Brysbaert2014a,3.07,NA,core,FALSE,
spoorzoeker,0.465040537731273,1,Brysbaert2014a,3.07,NA,core,FALSE,
stampvol,0.465040537731273,1,Brysbaert2014a,3.07,NA,core,FALSE,
starter,0.465040537731273,1,Brysbaert2014a,3.07,NA,core,FALSE,
steuntje,0.465040537731273,1,Brysbaert2014a,3.07,NA,core,FALSE,
stiefvader,0.465040537731273,1,Brysbaert2014a,3.07,NA,core,FALSE,
storing,0.465040537731273,1,Brysbaert2014a,3.07,NA,core,FALSE,
stranden,0.465040537731273,1,Brysbaert2014a,3.07,NA,core,FALSE,
surveillance,0.465040537731273,1,Brysbaert2014a,3.07,NA,core,FALSE,
teamlid,0.465040537731273,1,Brysbaert2014a,3.07,NA,core,FALSE,
teenager,0.465040537731273,1,Brysbaert2014a,3.07,NA,core,FALSE,
toestel,0.465040537731273,1,Brysbaert2014a,3.07,NA,core,FALSE,
trapsgewijs,0.465040537731273,1,Brysbaert2014a,3.07,NA,core,FALSE,
vaart,0.465040537731273,1,Brysbaert2014a,3.07,NA,core,FALSE,
vakantieoord,0.465040537731273,1,Brysbaert2014a,3.07,NA,core,FALSE,
vechtersbaas,0.465040537731273,1,Brysbaert2014a,3.07,NA,core,FALSE,
verblijfplaats,0.465040537731273,1,Brysbaert2014a,3.07,NA,core,FALSE,
versperring,0.465040537731273,1,Brysbaert2014a,3.07,NA,core,FALSE,
visite,0.465040537731273,1,Brysbaert2014a,3.07,NA,core,FALSE,
vluchtplan,0.465040537731273,1,Brysbaert2014a,3.07,NA,core,FALSE,
voorstelling,0.465040537731273,1,Brysbaert2014a,3.07,NA,core,FALSE,
voortplanten,0.465040537731273,1,Brysbaert2014a,3.07,NA,core,FALSE,
vuurlinie,0.465040537731273,1,Brysbaert2014a,3.07,NA,core,FALSE,
wachter,0.465040537731273,1,Brysbaert2014a,3.07,NA,core,FALSE,
wachtmeester,0.465040537731273,1,Brysbaert2014a,3.07,NA,core,FALSE,
wachtwoord,0.465040537731273,1,Brysbaert2014a,3.07,NA,core,FALSE,
wakker,0.465040537731273,1,Brysbaert2014a,3.07,NA,core,FALSE,
welving,0.465040537731273,1,Brysbaert2014a,3.07,NA,core,FALSE,
western,0.465040537731273,1,Brysbaert2014a,3.07,NA,core,FALSE,
windsnelheid,0.465040537731273,1,Brysbaert2014a,3.07,NA,core,FALSE,
zager,0.465040537731273,1,Brysbaert2014a,3.07,NA,core,FALSE,
zakkenroller,0.465040537731273,1,Brysbaert2014a,3.07,NA,core,FALSE,
zoekactie,0.465040537731273,1,Brysbaert2014a,3.07,NA,core,FALSE,
zondvloed,0.465040537731273,1,Brysbaert2014a,3.07,NA,core,FALSE,
zonnewarmte,0.465040537731273,1,Brysbaert2014a,3.07,NA,core,FALSE,
zoon,0.465040537731273,1,Brysbaert2014a,3.07,NA,core,FALSE,
ruzie,0.464092664164586,2,Brysbaert2014a;Jasmin2012,5.015,NA,core,FALSE,
antwoord,0.46191917712988,2,Brysbaert2014a;Jasmin2012,5.135,NA,core,FALSE,
ongeval,0.461338891360172,2,Brysbaert2014a;Jasmin2012,4.92,NA,core,FALSE,
handicap,0.460913495414715,2,Brysbaert2014a;Jasmin2012,4.965,NA,core,FALSE,
doorgang,0.460486950757392,2,Brysbaert2014a;Jasmin2012,4.985,NA,core,FALSE,
zeeziek,0.457978474505675,2,Brysbaert2014a;Jasmin2012,5.065,NA,core,FALSE,
slaaf,0.45472392542041,2,Brysbaert2014a;Jasmin2012,5.065,NA,core,FALSE,
vriend,0.452689091012503,2,Brysbaert2014a;Jasmin2012,5.13,NA,core,FALSE,
plaat,0.450416100693226,2,Brysbaert2014a;Jasmin2012,4.6,NA,core,FALSE,
indringer,0.450140316706692,2,Brysbaert2014a;Jasmin2012,5.065,NA,core,FALSE,
lepra,0.447915199730568,2,Brysbaert2014a;Jasmin2012,4.97,NA,core,FALSE,
aanhouding,0.445083500796896,1,Brysbaert2014a,3,NA,core,FALSE,
aankoop,0.445083500796896,1,Brysbaert2014a,3,NA,core,FALSE,
aanslag,0.445083500796896,1,Brysbaert2014a,3,NA,core,FALSE,
abject,0.445083500796896,1,Brysbaert2014a,3,NA,core,FALSE,
admiraal,0.445083500796896,1,Brysbaert2014a,3,NA,core,FALSE,
adonis,0.445083500796896,1,Brysbaert2014a,3,NA,core,FALSE,
adviseur,0.445083500796896,1,Brysbaert2014a,3,NA,core,FALSE,
affix,0.445083500796896,1,Brysbaert2014a,3,NA,core,FALSE,
afnemer,0.445083500796896,1,Brysbaert2014a,3,NA,core,FALSE,
afslag,0.445083500796896,1,Brysbaert2014a,3,NA,core,FALSE,
agricultuur,0.445083500796896,1,Brysbaert2014a,3,NA,core,FALSE,
akte,0.445083500796896,1,Brysbaert2014a,3,NA,core,FALSE,
alleseter,0.445083500796896,1,Brysbaert2014a,3,NA,core,FALSE,
antiek,0.445083500796896,1,Brysbaert2014a,3,NA,core,FALSE,
antilichaam,0.445083500796896,1,Brysbaert2014a,3,NA,core,FALSE,
arbeider,0.445083500796896,1,Brysbaert2014a,3,NA,core,FALSE,
archeoloog,0.445083500796896,1,Brysbaert2014a,3,NA,core,FALSE,
are,0.445083500796896,1,Brysbaert2014a,3,NA,core,FALSE,
assessor,0.445083500796896,1,Brysbaert2014a,3,NA,core,FALSE,
avond,0.445083500796896,1,Brysbaert2014a,3,NA,core,FALSE,
babbeltje,0.445083500796896,1,Brysbaert2014a,3,NA,core,FALSE,
bacil,0.445083500796896,1,Brysbaert2014a,3,NA,core,FALSE,
baggeraar,0.445083500796896,1,Brysbaert2014a,3,NA,core,FALSE,
balatum,0.445083500796896,1,Brysbaert2014a,3,NA,core,FALSE,
ballade,0.445083500796896,1,Brysbaert2014a,3,NA,core,FALSE,
ballistiek,0.445083500796896,1,Brysbaert2014a,3,NA,core,FALSE,
barenswee,0.445083500796896,1,Brysbaert2014a,3,NA,core,FALSE,
bastion,0.445083500796896,1,Brysbaert2014a,3,NA,core,FALSE,
bats,0.445083500796896,1,Brysbaert2014a,3,NA,core,FALSE,
beambte,0.445083500796896,1,Brysbaert2014a,3,NA,core,FALSE,
behuizing,0.445083500796896,1,Brysbaert2014a,3,NA,core,FALSE,
belager,0.445083500796896,1,Brysbaert2014a,3,NA,core,FALSE,
bewoner,0.445083500796896,1,Brysbaert2014a,3,NA,core,FALSE,
biogas,0.445083500796896,1,Brysbaert2014a,3,NA,core,FALSE,
blanketsel,0.445083500796896,1,Brysbaert2014a,3,NA,core,FALSE,
boerenkinkel,0.445083500796896,1,Brysbaert2014a,3,NA,core,FALSE,
boerenzoon,0.445083500796896,1,Brysbaert2014a,3,NA,core,FALSE,
bokking,0.445083500796896,1,Brysbaert2014a,3,NA,core,FALSE,
bolide,0.445083500796896,1,Brysbaert2014a,3,NA,core,FALSE,
boogiewoogie,0.445083500796896,1,Brysbaert2014a,3,NA,core,FALSE,
borrelpraat,0.445083500796896,1,Brysbaert2014a,3,NA,core,FALSE,
botanist,0.445083500796896,1,Brysbaert2014a,3,NA,core,FALSE,
bouwstof,0.445083500796896,1,Brysbaert2014a,3,NA,core,FALSE,
bovist,0.445083500796896,1,Brysbaert2014a,3,NA,core,FALSE,
broeikas,0.445083500796896,1,Brysbaert2014a,3,NA,core,FALSE,
cabaretier,0.445083500796896,1,Brysbaert2014a,3,NA,core,FALSE,
canaille,0.445083500796896,1,Brysbaert2014a,3,NA,core,FALSE,
cavalier,0.445083500796896,1,Brysbaert2014a,3,NA,core,FALSE,
certificaat,0.445083500796896,1,Brysbaert2014a,3,NA,core,FALSE,
charge,0.445083500796896,1,Brysbaert2014a,3,NA,core,FALSE,
charmeur,0.445083500796896,1,Brysbaert2014a,3,NA,core,FALSE,
chemicus,0.445083500796896,1,Brysbaert2014a,3,NA,core,FALSE,
chippen,0.445083500796896,1,Brysbaert2014a,3,NA,core,FALSE,
chroniqueur,0.445083500796896,1,Brysbaert2014a,3,NA,core,FALSE,
cis,0.445083500796896,1,Brysbaert2014a,3,NA,core,FALSE,
cliënte,0.445083500796896,1,Brysbaert2014a,3,NA,core,FALSE,
clientèle,0.445083500796896,1,Brysbaert2014a,3,NA,core,FALSE,
collector,0.445083500796896,1,Brysbaert2014a,3,NA,core,FALSE,
compressie,0.445083500796896,1,Brysbaert2014a,3,NA,core,FALSE,
confectie,0.445083500796896,1,Brysbaert2014a,3,NA,core,FALSE,
congestie,0.445083500796896,1,Brysbaert2014a,3,NA,core,FALSE,
constipatie,0.445083500796896,1,Brysbaert2014a,3,NA,core,FALSE,
convector,0.445083500796896,1,Brysbaert2014a,3,NA,core,FALSE,
coulance,0.445083500796896,1,Brysbaert2014a,3,NA,core,FALSE,
country,0.445083500796896,1,Brysbaert2014a,3,NA,core,FALSE,
coupure,0.445083500796896,1,Brysbaert2014a,3,NA,core,FALSE,
cryptogram,0.445083500796896,1,Brysbaert2014a,3,NA,core,FALSE,
dag,0.445083500796896,1,Brysbaert2014a,3,NA,core,FALSE,
dagdromer,0.445083500796896,1,Brysbaert2014a,3,NA,core,FALSE,
dampkring,0.445083500796896,1,Brysbaert2014a,3,NA,core,FALSE,
dandy,0.445083500796896,1,Brysbaert2014a,3,NA,core,FALSE,
debat,0.445083500796896,1,Brysbaert2014a,3,NA,core,FALSE,
debiteur,0.445083500796896,1,Brysbaert2014a,3,NA,core,FALSE,
demarcatie,0.445083500796896,1,Brysbaert2014a,3,NA,core,FALSE,
derailleur,0.445083500796896,1,Brysbaert2014a,3,NA,core,FALSE,
diaconie,0.445083500796896,1,Brysbaert2014a,3,NA,core,FALSE,
diggels,0.445083500796896,1,Brysbaert2014a,3,NA,core,FALSE,
dodemansknop,0.445083500796896,1,Brysbaert2014a,3,NA,core,FALSE,
doema,0.445083500796896,1,Brysbaert2014a,3,NA,core,FALSE,
donor,0.445083500796896,1,Brysbaert2014a,3,NA,core,FALSE,
doodslag,0.445083500796896,1,Brysbaert2014a,3,NA,core,FALSE,
dope,0.445083500796896,1,Brysbaert2014a,3,NA,core,FALSE,
doppen,0.445083500796896,1,Brysbaert2014a,3,NA,core,FALSE,
dreumes,0.445083500796896,1,Brysbaert2014a,3,NA,core,FALSE,
drugshandel,0.445083500796896,1,Brysbaert2014a,3,NA,core,FALSE,
echtpaar,0.445083500796896,1,Brysbaert2014a,3,NA,core,FALSE,
eenling,0.445083500796896,1,Brysbaert2014a,3,NA,core,FALSE,
embleem,0.445083500796896,1,Brysbaert2014a,3,NA,core,FALSE,
endorfine,0.445083500796896,1,Brysbaert2014a,3,NA,core,FALSE,
epicentrum,0.445083500796896,1,Brysbaert2014a,3,NA,core,FALSE,
eskader,0.445083500796896,1,Brysbaert2014a,3,NA,core,FALSE,
facie,0.445083500796896,1,Brysbaert2014a,3,NA,core,FALSE,
finale,0.445083500796896,1,Brysbaert2014a,3,NA,core,FALSE,
flambouw,0.445083500796896,1,Brysbaert2014a,3,NA,core,FALSE,
flank,0.445083500796896,1,Brysbaert2014a,3,NA,core,FALSE,
flatulentie,0.445083500796896,1,Brysbaert2014a,3,NA,core,FALSE,
foerier,0.445083500796896,1,Brysbaert2014a,3,NA,core,FALSE,
fokken,0.445083500796896,1,Brysbaert2014a,3,NA,core,FALSE,
fotografie,0.445083500796896,1,Brysbaert2014a,3,NA,core,FALSE,
frater,0.445083500796896,1,Brysbaert2014a,3,NA,core,FALSE,
frictie,0.445083500796896,1,Brysbaert2014a,3,NA,core,FALSE,
gaffel,0.445083500796896,1,Brysbaert2014a,3,NA,core,FALSE,
ganzerik,0.445083500796896,1,Brysbaert2014a,3,NA,core,FALSE,
gay,0.445083500796896,1,Brysbaert2014a,3,NA,core,FALSE,
geboortedatum,0.445083500796896,1,Brysbaert2014a,3,NA,core,FALSE,
gegevens,0.445083500796896,1,Brysbaert2014a,3,NA,core,FALSE,
genen,0.445083500796896,1,Brysbaert2014a,3,NA,core,FALSE,
geneticus,0.445083500796896,1,Brysbaert2014a,3,NA,core,FALSE,
genezer,0.445083500796896,1,Brysbaert2014a,3,NA,core,FALSE,
geroddel,0.445083500796896,1,Brysbaert2014a,3,NA,core,FALSE,
gesar,0.445083500796896,1,Brysbaert2014a,3,NA,core,FALSE,
geschal,0.445083500796896,1,Brysbaert2014a,3,NA,core,FALSE,
geselaar,0.445083500796896,1,Brysbaert2014a,3,NA,core,FALSE,
gestalte,0.445083500796896,1,Brysbaert2014a,3,NA,core,FALSE,
gezagvoerder,0.445083500796896,1,Brysbaert2014a,3,NA,core,FALSE,
gezichtshoek,0.445083500796896,1,Brysbaert2014a,3,NA,core,FALSE,
gifstof,0.445083500796896,1,Brysbaert2014a,3,NA,core,FALSE,
gluten,0.445083500796896,1,Brysbaert2014a,3,NA,core,FALSE,
goederenvervoer,0.445083500796896,1,Brysbaert2014a,3,NA,core,FALSE,
grens,0.445083500796896,1,Brysbaert2014a,3,NA,core,FALSE,
griffie,0.445083500796896,1,Brysbaert2014a,3,NA,core,FALSE,
hamel,0.445083500796896,1,Brysbaert2014a,3,NA,core,FALSE,
handenvol,0.445083500796896,1,Brysbaert2014a,3,NA,core,FALSE,
hangop,0.445083500796896,1,Brysbaert2014a,3,NA,core,FALSE,
hansworst,0.445083500796896,1,Brysbaert2014a,3,NA,core,FALSE,
herrieschopper,0.445083500796896,1,Brysbaert2014a,3,NA,core,FALSE,
herstelling,0.445083500796896,1,Brysbaert2014a,3,NA,core,FALSE,
hoofdman,0.445083500796896,1,Brysbaert2014a,3,NA,core,FALSE,
hor,0.445083500796896,1,Brysbaert2014a,3,NA,core,FALSE,
houwen,0.445083500796896,1,Brysbaert2014a,3,NA,core,FALSE,
huisarrest,0.445083500796896,1,Brysbaert2014a,3,NA,core,FALSE,
huisgezin,0.445083500796896,1,Brysbaert2014a,3,NA,core,FALSE,
huisvrouw,0.445083500796896,1,Brysbaert2014a,3,NA,core,FALSE,
huurcontract,0.445083500796896,1,Brysbaert2014a,3,NA,core,FALSE,
hymne,0.445083500796896,1,Brysbaert2014a,3,NA,core,FALSE,
insprong,0.445083500796896,1,Brysbaert2014a,3,NA,core,FALSE,
interview,0.445083500796896,1,Brysbaert2014a,3,NA,core,FALSE,
intrappen,0.445083500796896,1,Brysbaert2014a,3,NA,core,FALSE,
invoegen,0.445083500796896,1,Brysbaert2014a,3,NA,core,FALSE,
inwijkeling,0.445083500796896,1,Brysbaert2014a,3,NA,core,FALSE,
jaarbeurs,0.445083500796896,1,Brysbaert2014a,3,NA,core,FALSE,
jandoedel,0.445083500796896,1,Brysbaert2014a,3,NA,core,FALSE,
jopper,0.445083500796896,1,Brysbaert2014a,3,NA,core,FALSE,
junta,0.445083500796896,1,Brysbaert2014a,3,NA,core,FALSE,
kaag,0.445083500796896,1,Brysbaert2014a,3,NA,core,FALSE,
kadetje,0.445083500796896,1,Brysbaert2014a,3,NA,core,FALSE,
kamerheer,0.445083500796896,1,Brysbaert2014a,3,NA,core,FALSE,
kamfer,0.445083500796896,1,Brysbaert2014a,3,NA,core,FALSE,
kanttekening,0.445083500796896,1,Brysbaert2014a,3,NA,core,FALSE,
kenau,0.445083500796896,1,Brysbaert2014a,3,NA,core,FALSE,
kerkvorst,0.445083500796896,1,Brysbaert2014a,3,NA,core,FALSE,
kidnappen,0.445083500796896,1,Brysbaert2014a,3,NA,core,FALSE,
kienen,0.445083500796896,1,Brysbaert2014a,3,NA,core,FALSE,
kieskauwen,0.445083500796896,1,Brysbaert2014a,3,NA,core,FALSE,
klad,0.445083500796896,1,Brysbaert2014a,3,NA,core,FALSE,
klederdracht,0.445083500796896,1,Brysbaert2014a,3,NA,core,FALSE,
klessebessen,0.445083500796896,1,Brysbaert2014a,3,NA,core,FALSE,
kliek,0.445083500796896,1,Brysbaert2014a,3,NA,core,FALSE,
kluiven,0.445083500796896,1,Brysbaert2014a,3,NA,core,FALSE,
knoeper,0.445083500796896,1,Brysbaert2014a,3,NA,core,FALSE,
koehandel,0.445083500796896,1,Brysbaert2014a,3,NA,core,FALSE,
kolonist,0.445083500796896,1,Brysbaert2014a,3,NA,core,FALSE,
kongsi,0.445083500796896,1,Brysbaert2014a,3,NA,core,FALSE,
koopjes,0.445083500796896,1,Brysbaert2014a,3,NA,core,FALSE,
koster,0.445083500796896,1,Brysbaert2014a,3,NA,core,FALSE,
koterij,0.445083500796896,1,Brysbaert2014a,3,NA,core,FALSE,
koudvuur,0.445083500796896,1,Brysbaert2014a,3,NA,core,FALSE,
krachtvoer,0.445083500796896,1,Brysbaert2014a,3,NA,core,FALSE,
krijger,0.445083500796896,1,Brysbaert2014a,3,NA,core,FALSE,
kruien,0.445083500796896,1,Brysbaert2014a,3,NA,core,FALSE,
kruistocht,0.445083500796896,1,Brysbaert2014a,3,NA,core,FALSE,
kuiperij,0.445083500796896,1,Brysbaert2014a,3,NA,core,FALSE,
kwartslag,0.445083500796896,1,Brysbaert2014a,3,NA,core,FALSE,
lady,0.445083500796896,1,Brysbaert2014a,3,NA,core,FALSE,
lafenis,0.445083500796896,1,Brysbaert2014a,3,NA,core,FALSE,
lastigvallen,0.445083500796896,1,Brysbaert2014a,3,NA,core,FALSE,
leentjebuur,0.445083500796896,1,Brysbaert2014a,3,NA,core,FALSE,
legerdienst,0.445083500796896,1,Brysbaert2014a,3,NA,core,FALSE,
legerstede,0.445083500796896,1,Brysbaert2014a,3,NA,core,FALSE,
levenslied,0.445083500796896,1,Brysbaert2014a,3,NA,core,FALSE,
lezing,0.445083500796896,1,Brysbaert2014a,3,NA,core,FALSE,
librium,0.445083500796896,1,Brysbaert2014a,3,NA,core,FALSE,
lieden,0.445083500796896,1,Brysbaert2014a,3,NA,core,FALSE,
lijfeigene,0.445083500796896,1,Brysbaert2014a,3,NA,core,FALSE,
lijndienst,0.445083500796896,1,Brysbaert2014a,3,NA,core,FALSE,
loopjongen,0.445083500796896,1,Brysbaert2014a,3,NA,core,FALSE,
luchtdicht,0.445083500796896,1,Brysbaert2014a,3,NA,core,FALSE,
luchtvaart,0.445083500796896,1,Brysbaert2014a,3,NA,core,FALSE,
maarschalk,0.445083500796896,1,Brysbaert2014a,3,NA,core,FALSE,
maffia,0.445083500796896,1,Brysbaert2014a,3,NA,core,FALSE,
mafketel,0.445083500796896,1,Brysbaert2014a,3,NA,core,FALSE,
maggi,0.445083500796896,1,Brysbaert2014a,3,NA,core,FALSE,
manager,0.445083500796896,1,Brysbaert2014a,3,NA,core,FALSE,
maraboe,0.445083500796896,1,Brysbaert2014a,3,NA,core,FALSE,
marskramer,0.445083500796896,1,Brysbaert2014a,3,NA,core,FALSE,
massamoord,0.445083500796896,1,Brysbaert2014a,3,NA,core,FALSE,
media,0.445083500796896,1,Brysbaert2014a,3,NA,core,FALSE,
melding,0.445083500796896,1,Brysbaert2014a,3,NA,core,FALSE,
menist,0.445083500796896,1,Brysbaert2014a,3,NA,core,FALSE,
middernacht,0.445083500796896,1,Brysbaert2014a,3,NA,core,FALSE,
mijnbouw,0.445083500796896,1,Brysbaert2014a,3,NA,core,FALSE,
mijnheer,0.445083500796896,1,Brysbaert2014a,3,NA,core,FALSE,
mimicry,0.445083500796896,1,Brysbaert2014a,3,NA,core,FALSE,
misvorming,0.445083500796896,1,Brysbaert2014a,3,NA,core,FALSE,
musicus,0.445083500796896,1,Brysbaert2014a,3,NA,core,FALSE,
muurbloempje,0.445083500796896,1,Brysbaert2014a,3,NA,core,FALSE,
mycelium,0.445083500796896,1,Brysbaert2014a,3,NA,core,FALSE,
nachtploeg,0.445083500796896,1,Brysbaert2014a,3,NA,core,FALSE,
nocturne,0.445083500796896,1,Brysbaert2014a,3,NA,core,FALSE,
ommetje,0.445083500796896,1,Brysbaert2014a,3,NA,core,FALSE,
onderbreking,0.445083500796896,1,Brysbaert2014a,3,NA,core,FALSE,
ontdekker,0.445083500796896,1,Brysbaert2014a,3,NA,core,FALSE,
opdruk,0.445083500796896,1,Brysbaert2014a,3,NA,core,FALSE,
opium,0.445083500796896,1,Brysbaert2014a,3,NA,core,FALSE,
opsluiting,0.445083500796896,1,Brysbaert2014a,3,NA,core,FALSE,
optater,0.445083500796896,1,Brysbaert2014a,3,NA,core,FALSE,
optelling,0.445083500796896,1,Brysbaert2014a,3,NA,core,FALSE,
opus,0.445083500796896,1,Brysbaert2014a,3,NA,core,FALSE,
ordedienst,0.445083500796896,1,Brysbaert2014a,3,NA,core,FALSE,
overnachting,0.445083500796896,1,Brysbaert2014a,3,NA,core,FALSE,
ovulatie,0.445083500796896,1,Brysbaert2014a,3,NA,core,FALSE,
paleontoloog,0.445083500796896,1,Brysbaert2014a,3,NA,core,FALSE,
pandjeshuis,0.445083500796896,1,Brysbaert2014a,3,NA,core,FALSE,
papa,0.445083500796896,1,Brysbaert2014a,3,NA,core,FALSE,
parlevinker,0.445083500796896,1,Brysbaert2014a,3,NA,core,FALSE,
parochie,0.445083500796896,1,Brysbaert2014a,3,NA,core,FALSE,
parool,0.445083500796896,1,Brysbaert2014a,3,NA,core,FALSE,
partizaan,0.445083500796896,1,Brysbaert2014a,3,NA,core,FALSE,
paskwil,0.445083500796896,1,Brysbaert2014a,3,NA,core,FALSE,
paswoord,0.445083500796896,1,Brysbaert2014a,3,NA,core,FALSE,
patser,0.445083500796896,1,Brysbaert2014a,3,NA,core,FALSE,
peetvader,0.445083500796896,1,Brysbaert2014a,3,NA,core,FALSE,
pendelen,0.445083500796896,1,Brysbaert2014a,3,NA,core,FALSE,
periferie,0.445083500796896,1,Brysbaert2014a,3,NA,core,FALSE,
peut,0.445083500796896,1,Brysbaert2014a,3,NA,core,FALSE,
pias,0.445083500796896,1,Brysbaert2014a,3,NA,core,FALSE,
piepzak,0.445083500796896,1,Brysbaert2014a,3,NA,core,FALSE,
pinakel,0.445083500796896,1,Brysbaert2014a,3,NA,core,FALSE,
plaatwerk,0.445083500796896,1,Brysbaert2014a,3,NA,core,FALSE,
planning,0.445083500796896,1,Brysbaert2014a,3,NA,core,FALSE,
politici,0.445083500796896,1,Brysbaert2014a,3,NA,core,FALSE,
politieker,0.445083500796896,1,Brysbaert2014a,3,NA,core,FALSE,
politiezaak,0.445083500796896,1,Brysbaert2014a,3,NA,core,FALSE,
poll,0.445083500796896,1,Brysbaert2014a,3,NA,core,FALSE,
polyfoon,0.445083500796896,1,Brysbaert2014a,3,NA,core,FALSE,
pomerans,0.445083500796896,1,Brysbaert2014a,3,NA,core,FALSE,
poon,0.445083500796896,1,Brysbaert2014a,3,NA,core,FALSE,
postcheck,0.445083500796896,1,Brysbaert2014a,3,NA,core,FALSE,
postcode,0.445083500796896,1,Brysbaert2014a,3,NA,core,FALSE,
premier,0.445083500796896,1,Brysbaert2014a,3,NA,core,FALSE,
prevelement,0.445083500796896,1,Brysbaert2014a,3,NA,core,FALSE,
priesteres,0.445083500796896,1,Brysbaert2014a,3,NA,core,FALSE,
prijzengeld,0.445083500796896,1,Brysbaert2014a,3,NA,core,FALSE,
prikactie,0.445083500796896,1,Brysbaert2014a,3,NA,core,FALSE,
primula,0.445083500796896,1,Brysbaert2014a,3,NA,core,FALSE,
processie,0.445083500796896,1,Brysbaert2014a,3,NA,core,FALSE,
proefdier,0.445083500796896,1,Brysbaert2014a,3,NA,core,FALSE,
programmeur,0.445083500796896,1,Brysbaert2014a,3,NA,core,FALSE,
projectiel,0.445083500796896,1,Brysbaert2014a,3,NA,core,FALSE,
puinhoop,0.445083500796896,1,Brysbaert2014a,3,NA,core,FALSE,
punk,0.445083500796896,1,Brysbaert2014a,3,NA,core,FALSE,
pyromaan,0.445083500796896,1,Brysbaert2014a,3,NA,core,FALSE,
quiz,0.445083500796896,1,Brysbaert2014a,3,NA,core,FALSE,
ra,0.445083500796896,1,Brysbaert2014a,3,NA,core,FALSE,
rabiës,0.445083500796896,1,Brysbaert2014a,3,NA,core,FALSE,
rampgebied,0.445083500796896,1,Brysbaert2014a,3,NA,core,FALSE,
randfiguur,0.445083500796896,1,Brysbaert2014a,3,NA,core,FALSE,
receptor,0.445083500796896,1,Brysbaert2014a,3,NA,core,FALSE,
rechter,0.445083500796896,1,Brysbaert2014a,3,NA,core,FALSE,
regentesk,0.445083500796896,1,Brysbaert2014a,3,NA,core,FALSE,
reistijd,0.445083500796896,1,Brysbaert2014a,3,NA,core,FALSE,
rekenwerk,0.445083500796896,1,Brysbaert2014a,3,NA,core,FALSE,
rellen,0.445083500796896,1,Brysbaert2014a,3,NA,core,FALSE,
repetitie,0.445083500796896,1,Brysbaert2014a,3,NA,core,FALSE,
revers,0.445083500796896,1,Brysbaert2014a,3,NA,core,FALSE,
rijksgenoot,0.445083500796896,1,Brysbaert2014a,3,NA,core,FALSE,
rijmelarij,0.445083500796896,1,Brysbaert2014a,3,NA,core,FALSE,
rijs,0.445083500796896,1,Brysbaert2014a,3,NA,core,FALSE,
rist,0.445083500796896,1,Brysbaert2014a,3,NA,core,FALSE,
roerganger,0.445083500796896,1,Brysbaert2014a,3,NA,core,FALSE,
ronden,0.445083500796896,1,Brysbaert2014a,3,NA,core,FALSE,
rondleiding,0.445083500796896,1,Brysbaert2014a,3,NA,core,FALSE,
rondo,0.445083500796896,1,Brysbaert2014a,3,NA,core,FALSE,
rubriek,0.445083500796896,1,Brysbaert2014a,3,NA,core,FALSE,
rugdekking,0.445083500796896,1,Brysbaert2014a,3,NA,core,FALSE,
rut,0.445083500796896,1,Brysbaert2014a,3,NA,core,FALSE,
ruwheid,0.445083500796896,1,Brysbaert2014a,3,NA,core,FALSE,
saboteur,0.445083500796896,1,Brysbaert2014a,3,NA,core,FALSE,
schakering,0.445083500796896,1,Brysbaert2014a,3,NA,core,FALSE,
scheiding,0.445083500796896,1,Brysbaert2014a,3,NA,core,FALSE,
schepeling,0.445083500796896,1,Brysbaert2014a,3,NA,core,FALSE,
schooljaar,0.445083500796896,1,Brysbaert2014a,3,NA,core,FALSE,
scouting,0.445083500796896,1,Brysbaert2014a,3,NA,core,FALSE,
secans,0.445083500796896,1,Brysbaert2014a,3,NA,core,FALSE,
seksmaniak,0.445083500796896,1,Brysbaert2014a,3,NA,core,FALSE,
sering,0.445083500796896,1,Brysbaert2014a,3,NA,core,FALSE,
sightseeing,0.445083500796896,1,Brysbaert2014a,3,NA,core,FALSE,
signalement,0.445083500796896,1,Brysbaert2014a,3,NA,core,FALSE,
slapjanus,0.445083500796896,1,Brysbaert2014a,3,NA,core,FALSE,
slipover,0.445083500796896,1,Brysbaert2014a,3,NA,core,FALSE,
snip,0.445083500796896,1,Brysbaert2014a,3,NA,core,FALSE,
sonatine,0.445083500796896,1,Brysbaert2014a,3,NA,core,FALSE,
soutane,0.445083500796896,1,Brysbaert2014a,3,NA,core,FALSE,
spaargeld,0.445083500796896,1,Brysbaert2014a,3,NA,core,FALSE,
spasme,0.445083500796896,1,Brysbaert2014a,3,NA,core,FALSE,
speeltijd,0.445083500796896,1,Brysbaert2014a,3,NA,core,FALSE,
spinzen,0.445083500796896,1,Brysbaert2014a,3,NA,core,FALSE,
splijtstof,0.445083500796896,1,Brysbaert2014a,3,NA,core,FALSE,
spoedgeval,0.445083500796896,1,Brysbaert2014a,3,NA,core,FALSE,
spot,0.445083500796896,1,Brysbaert2014a,3,NA,core,FALSE,
staccato,0.445083500796896,1,Brysbaert2014a,3,NA,core,FALSE,
stafdrager,0.445083500796896,1,Brysbaert2014a,3,NA,core,FALSE,
stalles,0.445083500796896,1,Brysbaert2014a,3,NA,core,FALSE,
stamhouder,0.445083500796896,1,Brysbaert2014a,3,NA,core,FALSE,
steno,0.445083500796896,1,Brysbaert2014a,3,NA,core,FALSE,
strafblad,0.445083500796896,1,Brysbaert2014a,3,NA,core,FALSE,
stratosfeer,0.445083500796896,1,Brysbaert2014a,3,NA,core,FALSE,
streber,0.445083500796896,1,Brysbaert2014a,3,NA,core,FALSE,
strooptocht,0.445083500796896,1,Brysbaert2014a,3,NA,core,FALSE,
stukloon,0.445083500796896,1,Brysbaert2014a,3,NA,core,FALSE,
stylist,0.445083500796896,1,Brysbaert2014a,3,NA,core,FALSE,
symmetrie,0.445083500796896,1,Brysbaert2014a,3,NA,core,FALSE,
tactiel,0.445083500796896,1,Brysbaert2014a,3,NA,core,FALSE,
tenger,0.445083500796896,1,Brysbaert2014a,3,NA,core,FALSE,
tijdmachine,0.445083500796896,1,Brysbaert2014a,3,NA,core,FALSE,
toegang,0.445083500796896,1,Brysbaert2014a,3,NA,core,FALSE,
toehoorder,0.445083500796896,1,Brysbaert2014a,3,NA,core,FALSE,
tonsuur,0.445083500796896,1,Brysbaert2014a,3,NA,core,FALSE,
toontje,0.445083500796896,1,Brysbaert2014a,3,NA,core,FALSE,
topscorer,0.445083500796896,1,Brysbaert2014a,3,NA,core,FALSE,
trafiek,0.445083500796896,1,Brysbaert2014a,3,NA,core,FALSE,
transfer,0.445083500796896,1,Brysbaert2014a,3,NA,core,FALSE,
uitbuiter,0.445083500796896,1,Brysbaert2014a,3,NA,core,FALSE,
uitgeverij,0.445083500796896,1,Brysbaert2014a,3,NA,core,FALSE,
uk,0.445083500796896,1,Brysbaert2014a,3,NA,core,FALSE,
ukkepuk,0.445083500796896,1,Brysbaert2014a,3,NA,core,FALSE,
vadem,0.445083500796896,1,Brysbaert2014a,3,NA,core,FALSE,
valavond,0.445083500796896,1,Brysbaert2014a,3,NA,core,FALSE,
verhuizing,0.445083500796896,1,Brysbaert2014a,3,NA,core,FALSE,
verontreiniging,0.445083500796896,1,Brysbaert2014a,3,NA,core,FALSE,
vertaling,0.445083500796896,1,Brysbaert2014a,3,NA,core,FALSE,
vervoer,0.445083500796896,1,Brysbaert2014a,3,NA,core,FALSE,
vleugellam,0.445083500796896,1,Brysbaert2014a,3,NA,core,FALSE,
volksstam,0.445083500796896,1,Brysbaert2014a,3,NA,core,FALSE,
volume,0.445083500796896,1,Brysbaert2014a,3,NA,core,FALSE,
vondeling,0.445083500796896,1,Brysbaert2014a,3,NA,core,FALSE,
voordracht,0.445083500796896,1,Brysbaert2014a,3,NA,core,FALSE,
voorman,0.445083500796896,1,Brysbaert2014a,3,NA,core,FALSE,
vorm,0.445083500796896,1,Brysbaert2014a,3,NA,core,FALSE,
wereldwonder,0.445083500796896,1,Brysbaert2014a,3,NA,core,FALSE,
werkmakker,0.445083500796896,1,Brysbaert2014a,3,NA,core,FALSE,
werktijd,0.445083500796896,1,Brysbaert2014a,3,NA,core,FALSE,
windenergie,0.445083500796896,1,Brysbaert2014a,3,NA,core,FALSE,
winnaar,0.445083500796896,1,Brysbaert2014a,3,NA,core,FALSE,
witz,0.445083500796896,1,Brysbaert2014a,3,NA,core,FALSE,
woongroep,0.445083500796896,1,Brysbaert2014a,3,NA,core,FALSE,
wulp,0.445083500796896,1,Brysbaert2014a,3,NA,core,FALSE,
zaakvoerder,0.445083500796896,1,Brysbaert2014a,3,NA,core,FALSE,
zitting,0.445083500796896,1,Brysbaert2014a,3,NA,core,FALSE,
zomermaand,0.445083500796896,1,Brysbaert2014a,3,NA,core,FALSE,
zuiging,0.445083500796896,1,Brysbaert2014a,3,NA,core,FALSE,
malaria,0.442109454730694,2,Brysbaert2014a;Jasmin2012,4.855,NA,core,FALSE,
miljonair,0.440737551254282,2,Brysbaert2014a;Jasmin2012,5.05,NA,core,FALSE,
verlamming,0.438939599860813,2,Brysbaert2014a;Jasmin2012,5,NA,core,FALSE,
vies,0.438939599860813,2,Brysbaert2014a;Jasmin2012,5,NA,core,FALSE,
oorlog,0.436064405107583,2,Brysbaert2014a;Jasmin2012,5.005,NA,core,FALSE,
kids,0.432795698924731,1,Jasmin2012,7,NA,core,FALSE,
chantage,0.428656859026851,2,Brysbaert2014a;Jasmin2012,5.02,NA,core,FALSE,
aanval,0.428408582032557,2,Brysbaert2014a;Jasmin2012,4.9,NA,core,FALSE,
absorptie,0.425576883098884,1,Brysbaert2014a,2.93,NA,core,FALSE,
actiegroep,0.425576883098884,1,Brysbaert2014a,2.93,NA,core,FALSE,
activist,0.425576883098884,1,Brysbaert2014a,2.93,NA,core,FALSE,
actor,0.425576883098884,1,Brysbaert2014a,2.93,NA,core,FALSE,
afbeelden,0.425576883098884,1,Brysbaert2014a,2.93,NA,core,FALSE,
afname,0.425576883098884,1,Brysbaert2014a,2.93,NA,core,FALSE,
afperser,0.425576883098884,1,Brysbaert2014a,2.93,NA,core,FALSE,
aftakeling,0.425576883098884,1,Brysbaert2014a,2.93,NA,core,FALSE,
afzender,0.425576883098884,1,Brysbaert2014a,2.93,NA,core,FALSE,
anesthesie,0.425576883098884,1,Brysbaert2014a,2.93,NA,core,FALSE,
anesthesist,0.425576883098884,1,Brysbaert2014a,2.93,NA,core,FALSE,
atheneum,0.425576883098884,1,Brysbaert2014a,2.93,NA,core,FALSE,
auditeur,0.425576883098884,1,Brysbaert2014a,2.93,NA,core,FALSE,
avondklok,0.425576883098884,1,Brysbaert2014a,2.93,NA,core,FALSE,
azen,0.425576883098884,1,Brysbaert2014a,2.93,NA,core,FALSE,
banen,0.425576883098884,1,Brysbaert2014a,2.93,NA,core,FALSE,
bedrijven,0.425576883098884,1,Brysbaert2014a,2.93,NA,core,FALSE,
beroep,0.425576883098884,1,Brysbaert2014a,2.93,NA,core,FALSE,
betaling,0.425576883098884,1,Brysbaert2014a,2.93,NA,core,FALSE,
bewijsstuk,0.425576883098884,1,Brysbaert2014a,2.93,NA,core,FALSE,
bezoeking,0.425576883098884,1,Brysbaert2014a,2.93,NA,core,FALSE,
bijsmaak,0.425576883098884,1,Brysbaert2014a,2.93,NA,core,FALSE,
boekenwurm,0.425576883098884,1,Brysbaert2014a,2.93,NA,core,FALSE,
bolwassing,0.425576883098884,1,Brysbaert2014a,2.93,NA,core,FALSE,
boulimie,0.425576883098884,1,Brysbaert2014a,2.93,NA,core,FALSE,
bovenhalen,0.425576883098884,1,Brysbaert2014a,2.93,NA,core,FALSE,
burgeroorlog,0.425576883098884,1,Brysbaert2014a,2.93,NA,core,FALSE,
cafeïnevrij,0.425576883098884,1,Brysbaert2014a,2.93,NA,core,FALSE,
chef,0.425576883098884,1,Brysbaert2014a,2.93,NA,core,FALSE,
chillen,0.425576883098884,1,Brysbaert2014a,2.93,NA,core,FALSE,
clean,0.425576883098884,1,Brysbaert2014a,2.93,NA,core,FALSE,
collegegeld,0.425576883098884,1,Brysbaert2014a,2.93,NA,core,FALSE,
comfortabel,0.425576883098884,1,Brysbaert2014a,2.93,NA,core,FALSE,
contanten,0.425576883098884,1,Brysbaert2014a,2.93,NA,core,FALSE,
controlepunt,0.425576883098884,1,Brysbaert2014a,2.93,NA,core,FALSE,
creatie,0.425576883098884,1,Brysbaert2014a,2.93,NA,core,FALSE,
dagprijs,0.425576883098884,1,Brysbaert2014a,2.93,NA,core,FALSE,
deelnemer,0.425576883098884,1,Brysbaert2014a,2.93,NA,core,FALSE,
deinen,0.425576883098884,1,Brysbaert2014a,2.93,NA,core,FALSE,
directrice,0.425576883098884,1,Brysbaert2014a,2.93,NA,core,FALSE,
dorpeling,0.425576883098884,1,Brysbaert2014a,2.93,NA,core,FALSE,
draagmoeder,0.425576883098884,1,Brysbaert2014a,2.93,NA,core,FALSE,
drooglegging,0.425576883098884,1,Brysbaert2014a,2.93,NA,core,FALSE,
eigenaar,0.425576883098884,1,Brysbaert2014a,2.93,NA,core,FALSE,
erfenis,0.425576883098884,1,Brysbaert2014a,2.93,NA,core,FALSE,
exhibitie,0.425576883098884,1,Brysbaert2014a,2.93,NA,core,FALSE,
exporteur,0.425576883098884,1,Brysbaert2014a,2.93,NA,core,FALSE,
familielid,0.425576883098884,1,Brysbaert2014a,2.93,NA,core,FALSE,
fanclub,0.425576883098884,1,Brysbaert2014a,2.93,NA,core,FALSE,
festijn,0.425576883098884,1,Brysbaert2014a,2.93,NA,core,FALSE,
figuur,0.425576883098884,1,Brysbaert2014a,2.93,NA,core,FALSE,
filosoof,0.425576883098884,1,Brysbaert2014a,2.93,NA,core,FALSE,
finalist,0.425576883098884,1,Brysbaert2014a,2.93,NA,core,FALSE,
fragment,0.425576883098884,1,Brysbaert2014a,2.93,NA,core,FALSE,
gebed,0.425576883098884,1,Brysbaert2014a,2.93,NA,core,FALSE,
gedaante,0.425576883098884,1,Brysbaert2014a,2.93,NA,core,FALSE,
geleider,0.425576883098884,1,Brysbaert2014a,2.93,NA,core,FALSE,
getal,0.425576883098884,1,Brysbaert2014a,2.93,NA,core,FALSE,
getater,0.425576883098884,1,Brysbaert2014a,2.93,NA,core,FALSE,
gouverneur,0.425576883098884,1,Brysbaert2014a,2.93,NA,core,FALSE,
gozer,0.425576883098884,1,Brysbaert2014a,2.93,NA,core,FALSE,
gril,0.425576883098884,1,Brysbaert2014a,2.93,NA,core,FALSE,
grootoom,0.425576883098884,1,Brysbaert2014a,2.93,NA,core,FALSE,
handvest,0.425576883098884,1,Brysbaert2014a,2.93,NA,core,FALSE,
handvol,0.425576883098884,1,Brysbaert2014a,2.93,NA,core,FALSE,
heelmeester,0.425576883098884,1,Brysbaert2014a,2.93,NA,core,FALSE,
heer,0.425576883098884,1,Brysbaert2014a,2.93,NA,core,FALSE,
hersenschudding,0.425576883098884,1,Brysbaert2014a,2.93,NA,core,FALSE,
hoogte,0.425576883098884,1,Brysbaert2014a,2.93,NA,core,FALSE,
humorist,0.425576883098884,1,Brysbaert2014a,2.93,NA,core,FALSE,
implosie,0.425576883098884,1,Brysbaert2014a,2.93,NA,core,FALSE,
jeugdvriend,0.425576883098884,1,Brysbaert2014a,2.93,NA,core,FALSE,
jongelui,0.425576883098884,1,Brysbaert2014a,2.93,NA,core,FALSE,
junkie,0.425576883098884,1,Brysbaert2014a,2.93,NA,core,FALSE,
kantoorbaan,0.425576883098884,1,Brysbaert2014a,2.93,NA,core,FALSE,
karikatuur,0.425576883098884,1,Brysbaert2014a,2.93,NA,core,FALSE,
karwei,0.425576883098884,1,Brysbaert2014a,2.93,NA,core,FALSE,
kijkcijfers,0.425576883098884,1,Brysbaert2014a,2.93,NA,core,FALSE,
kleindochter,0.425576883098884,1,Brysbaert2014a,2.93,NA,core,FALSE,
knel,0.425576883098884,1,Brysbaert2014a,2.93,NA,core,FALSE,
knoeier,0.425576883098884,1,Brysbaert2014a,2.93,NA,core,FALSE,
koningshuis,0.425576883098884,1,Brysbaert2014a,2.93,NA,core,FALSE,
kraakvers,0.425576883098884,1,Brysbaert2014a,2.93,NA,core,FALSE,
kunstenares,0.425576883098884,1,Brysbaert2014a,2.93,NA,core,FALSE,
landklimaat,0.425576883098884,1,Brysbaert2014a,2.93,NA,core,FALSE,
leerjaar,0.425576883098884,1,Brysbaert2014a,2.93,NA,core,FALSE,
lening,0.425576883098884,1,Brysbaert2014a,2.93,NA,core,FALSE,
lesuur,0.425576883098884,1,Brysbaert2014a,2.93,NA,core,FALSE,
lettergreep,0.425576883098884,1,Brysbaert2014a,2.93,NA,core,FALSE,
lichtgewicht,0.425576883098884,1,Brysbaert2014a,2.93,NA,core,FALSE,
lievelingsdier,0.425576883098884,1,Brysbaert2014a,2.93,NA,core,FALSE,
liquidatie,0.425576883098884,1,Brysbaert2014a,2.93,NA,core,FALSE,
losjes,0.425576883098884,1,Brysbaert2014a,2.93,NA,core,FALSE,
luchten,0.425576883098884,1,Brysbaert2014a,2.93,NA,core,FALSE,
luchtje,0.425576883098884,1,Brysbaert2014a,2.93,NA,core,FALSE,
massa,0.425576883098884,1,Brysbaert2014a,2.93,NA,core,FALSE,
mejuffrouw,0.425576883098884,1,Brysbaert2014a,2.93,NA,core,FALSE,
menopauze,0.425576883098884,1,Brysbaert2014a,2.93,NA,core,FALSE,
mode,0.425576883098884,1,Brysbaert2014a,2.93,NA,core,FALSE,
mondvoorraad,0.425576883098884,1,Brysbaert2014a,2.93,NA,core,FALSE,
mopje,0.425576883098884,1,Brysbaert2014a,2.93,NA,core,FALSE,
nakomeling,0.425576883098884,1,Brysbaert2014a,2.93,NA,core,FALSE,
naslagwerk,0.425576883098884,1,Brysbaert2014a,2.93,NA,core,FALSE,
nederzetting,0.425576883098884,1,Brysbaert2014a,2.93,NA,core,FALSE,
neutron,0.425576883098884,1,Brysbaert2014a,2.93,NA,core,FALSE,
notaris,0.425576883098884,1,Brysbaert2014a,2.93,NA,core,FALSE,
nummertje,0.425576883098884,1,Brysbaert2014a,2.93,NA,core,FALSE,
occasie,0.425576883098884,1,Brysbaert2014a,2.93,NA,core,FALSE,
oefenschool,0.425576883098884,1,Brysbaert2014a,2.93,NA,core,FALSE,
oliebaron,0.425576883098884,1,Brysbaert2014a,2.93,NA,core,FALSE,
onderbouw,0.425576883098884,1,Brysbaert2014a,2.93,NA,core,FALSE,
onderdeel,0.425576883098884,1,Brysbaert2014a,2.93,NA,core,FALSE,
oneffenheid,0.425576883098884,1,Brysbaert2014a,2.93,NA,core,FALSE,
ontdekkingsreis,0.425576883098884,1,Brysbaert2014a,2.93,NA,core,FALSE,
ontvanger,0.425576883098884,1,Brysbaert2014a,2.93,NA,core,FALSE,
oprisping,0.425576883098884,1,Brysbaert2014a,2.93,NA,core,FALSE,
opsomming,0.425576883098884,1,Brysbaert2014a,2.93,NA,core,FALSE,
organist,0.425576883098884,1,Brysbaert2014a,2.93,NA,core,FALSE,
overblijfsel,0.425576883098884,1,Brysbaert2014a,2.93,NA,core,FALSE,
overwelving,0.425576883098884,1,Brysbaert2014a,2.93,NA,core,FALSE,
papierwerk,0.425576883098884,1,Brysbaert2014a,2.93,NA,core,FALSE,
patron,0.425576883098884,1,Brysbaert2014a,2.93,NA,core,FALSE,
pendelaar,0.425576883098884,1,Brysbaert2014a,2.93,NA,core,FALSE,
peptalk,0.425576883098884,1,Brysbaert2014a,2.93,NA,core,FALSE,
plan,0.425576883098884,1,Brysbaert2014a,2.93,NA,core,FALSE,
planner,0.425576883098884,1,Brysbaert2014a,2.93,NA,core,FALSE,
poëzie,0.425576883098884,1,Brysbaert2014a,2.93,NA,core,FALSE,
presentje,0.425576883098884,1,Brysbaert2014a,2.93,NA,core,FALSE,
president,0.425576883098884,1,Brysbaert2014a,2.93,NA,core,FALSE,
prooi,0.425576883098884,1,Brysbaert2014a,2.93,NA,core,FALSE,
protest,0.425576883098884,1,Brysbaert2014a,2.93,NA,core,FALSE,
prutser,0.425576883098884,1,Brysbaert2014a,2.93,NA,core,FALSE,
psychopaat,0.425576883098884,1,Brysbaert2014a,2.93,NA,core,FALSE,
punctie,0.425576883098884,1,Brysbaert2014a,2.93,NA,core,FALSE,
redenaar,0.425576883098884,1,Brysbaert2014a,2.93,NA,core,FALSE,
regelaar,0.425576883098884,1,Brysbaert2014a,2.93,NA,core,FALSE,
retourtje,0.425576883098884,1,Brysbaert2014a,2.93,NA,core,FALSE,
reünie,0.425576883098884,1,Brysbaert2014a,2.93,NA,core,FALSE,
rijkelui,0.425576883098884,1,Brysbaert2014a,2.93,NA,core,FALSE,
slungel,0.425576883098884,1,Brysbaert2014a,2.93,NA,core,FALSE,
smartlap,0.425576883098884,1,Brysbaert2014a,2.93,NA,core,FALSE,
snoeper,0.425576883098884,1,Brysbaert2014a,2.93,NA,core,FALSE,
spanwijdte,0.425576883098884,1,Brysbaert2014a,2.93,NA,core,FALSE,
speurtocht,0.425576883098884,1,Brysbaert2014a,2.93,NA,core,FALSE,
sponsor,0.425576883098884,1,Brysbaert2014a,2.93,NA,core,FALSE,
spookverhaal,0.425576883098884,1,Brysbaert2014a,2.93,NA,core,FALSE,
spreuk,0.425576883098884,1,Brysbaert2014a,2.93,NA,core,FALSE,
staatsburger,0.425576883098884,1,Brysbaert2014a,2.93,NA,core,FALSE,
staflid,0.425576883098884,1,Brysbaert2014a,2.93,NA,core,FALSE,
statiegeld,0.425576883098884,1,Brysbaert2014a,2.93,NA,core,FALSE,
stiefdochter,0.425576883098884,1,Brysbaert2014a,2.93,NA,core,FALSE,
stilte,0.425576883098884,1,Brysbaert2014a,2.93,NA,core,FALSE,
straling,0.425576883098884,1,Brysbaert2014a,2.93,NA,core,FALSE,
strijd,0.425576883098884,1,Brysbaert2014a,2.93,NA,core,FALSE,
strofe,0.425576883098884,1,Brysbaert2014a,2.93,NA,core,FALSE,
studiebeurs,0.425576883098884,1,Brysbaert2014a,2.93,NA,core,FALSE,
survival,0.425576883098884,1,Brysbaert2014a,2.93,NA,core,FALSE,
teamspeler,0.425576883098884,1,Brysbaert2014a,2.93,NA,core,FALSE,
toeschouwer,0.425576883098884,1,Brysbaert2014a,2.93,NA,core,FALSE,
tolk,0.425576883098884,1,Brysbaert2014a,2.93,NA,core,FALSE,
tuig,0.425576883098884,1,Brysbaert2014a,2.93,NA,core,FALSE,
universiteit,0.425576883098884,1,Brysbaert2014a,2.93,NA,core,FALSE,
uurregeling,0.425576883098884,1,Brysbaert2014a,2.93,NA,core,FALSE,
valstrik,0.425576883098884,1,Brysbaert2014a,2.93,NA,core,FALSE,
vandalisme,0.425576883098884,1,Brysbaert2014a,2.93,NA,core,FALSE,
vergiftiging,0.425576883098884,1,Brysbaert2014a,2.93,NA,core,FALSE,
verhuis,0.425576883098884,1,Brysbaert2014a,2.93,NA,core,FALSE,
vestiging,0.425576883098884,1,Brysbaert2014a,2.93,NA,core,FALSE,
vindplaats,0.425576883098884,1,Brysbaert2014a,2.93,NA,core,FALSE,
viroloog,0.425576883098884,1,Brysbaert2014a,2.93,NA,core,FALSE,
virus,0.425576883098884,1,Brysbaert2014a,2.93,NA,core,FALSE,
vluchten,0.425576883098884,1,Brysbaert2014a,2.93,NA,core,FALSE,
voorraad,0.425576883098884,1,Brysbaert2014a,2.93,NA,core,FALSE,
voorwerp,0.425576883098884,1,Brysbaert2014a,2.93,NA,core,FALSE,
voorzitster,0.425576883098884,1,Brysbaert2014a,2.93,NA,core,FALSE,
vraagprijs,0.425576883098884,1,Brysbaert2014a,2.93,NA,core,FALSE,
vraagstuk,0.425576883098884,1,Brysbaert2014a,2.93,NA,core,FALSE,
vrijster,0.425576883098884,1,Brysbaert2014a,2.93,NA,core,FALSE,
wegligging,0.425576883098884,1,Brysbaert2014a,2.93,NA,core,FALSE,
woonomgeving,0.425576883098884,1,Brysbaert2014a,2.93,NA,core,FALSE,
zachtheid,0.425576883098884,1,Brysbaert2014a,2.93,NA,core,FALSE,
zakenreis,0.425576883098884,1,Brysbaert2014a,2.93,NA,core,FALSE,
ziekenfonds,0.425576883098884,1,Brysbaert2014a,2.93,NA,core,FALSE,
zuurkijker,0.425576883098884,1,Brysbaert2014a,2.93,NA,core,FALSE,
hoer,0.424169680017306,2,Brysbaert2014a;Jasmin2012,4.835,NA,core,FALSE,
scheurbuik,0.423223420856485,2,Brysbaert2014a;Jasmin2012,4.85,NA,core,FALSE,
bloedbad,0.421588369224059,2,Brysbaert2014a;Jasmin2012,4.885,NA,core,FALSE,
schade,0.420185854128744,2,Brysbaert2014a;Jasmin2012,4.77,NA,core,FALSE,
aborteur,0.417989051347793,1,Brysbaert2014a,2.92,NA,core,FALSE,
acceleratie,0.417989051347793,1,Brysbaert2014a,2.92,NA,core,FALSE,
base,0.417989051347793,1,Brysbaert2014a,2.92,NA,core,FALSE,
curator,0.417989051347793,1,Brysbaert2014a,2.92,NA,core,FALSE,
dracht,0.417989051347793,1,Brysbaert2014a,2.92,NA,core,FALSE,
drijver,0.417989051347793,1,Brysbaert2014a,2.92,NA,core,FALSE,
emissie,0.417989051347793,1,Brysbaert2014a,2.92,NA,core,FALSE,
hoofdstel,0.417989051347793,1,Brysbaert2014a,2.92,NA,core,FALSE,
huisraad,0.417989051347793,1,Brysbaert2014a,2.92,NA,core,FALSE,
jobhoppen,0.417989051347793,1,Brysbaert2014a,2.92,NA,core,FALSE,
jouwen,0.417989051347793,1,Brysbaert2014a,2.92,NA,core,FALSE,
kortwieken,0.417989051347793,1,Brysbaert2014a,2.92,NA,core,FALSE,
kruiper,0.417989051347793,1,Brysbaert2014a,2.92,NA,core,FALSE,
malaise,0.417989051347793,1,Brysbaert2014a,2.92,NA,core,FALSE,
mamma,0.417989051347793,1,Brysbaert2014a,2.92,NA,core,FALSE,
oasis,0.417989051347793,1,Brysbaert2014a,2.92,NA,core,FALSE,
pluimage,0.417989051347793,1,Brysbaert2014a,2.92,NA,core,FALSE,
prefab,0.417989051347793,1,Brysbaert2014a,2.92,NA,core,FALSE,
receiver,0.417989051347793,1,Brysbaert2014a,2.92,NA,core,FALSE,
romancier,0.417989051347793,1,Brysbaert2014a,2.92,NA,core,FALSE,
seismologie,0.417989051347793,1,Brysbaert2014a,2.92,NA,core,FALSE,
smeltkroes,0.417989051347793,1,Brysbaert2014a,2.92,NA,core,FALSE,
steenslag,0.417989051347793,1,Brysbaert2014a,2.92,NA,core,FALSE,
strateeg,0.417989051347793,1,Brysbaert2014a,2.92,NA,core,FALSE,
symposium,0.417989051347793,1,Brysbaert2014a,2.92,NA,core,FALSE,
til,0.417989051347793,1,Brysbaert2014a,2.92,NA,core,FALSE,
verstaander,0.417989051347793,1,Brysbaert2014a,2.92,NA,core,FALSE,
reis,0.417028169395385,2,Brysbaert2014a;Jasmin2012,4.735,NA,core,FALSE,
anabolica,0.416533850737995,1,Brysbaert2014a,2.91,NA,core,FALSE,
autoluw,0.416533850737995,1,Brysbaert2014a,2.91,NA,core,FALSE,
buslichting,0.416533850737995,1,Brysbaert2014a,2.91,NA,core,FALSE,
frase,0.416533850737995,1,Brysbaert2014a,2.91,NA,core,FALSE,
hoogrood,0.416533850737995,1,Brysbaert2014a,2.91,NA,core,FALSE,
infanterist,0.416533850737995,1,Brysbaert2014a,2.91,NA,core,FALSE,
kadaster,0.416533850737995,1,Brysbaert2014a,2.91,NA,core,FALSE,
keurkorps,0.416533850737995,1,Brysbaert2014a,2.91,NA,core,FALSE,
klaploper,0.416533850737995,1,Brysbaert2014a,2.91,NA,core,FALSE,
klatergoud,0.416533850737995,1,Brysbaert2014a,2.91,NA,core,FALSE,
pats,0.416533850737995,1,Brysbaert2014a,2.91,NA,core,FALSE,
ritmeester,0.416533850737995,1,Brysbaert2014a,2.91,NA,core,FALSE,
specie,0.416533850737995,1,Brysbaert2014a,2.91,NA,core,FALSE,
statenbijbel,0.416533850737995,1,Brysbaert2014a,2.91,NA,core,FALSE,
webstek,0.416533850737995,1,Brysbaert2014a,2.91,NA,core,FALSE,
bromtol,0.415633012265262,1,Brysbaert2014a,2.9,NA,core,FALSE,
concaaf,0.415633012265262,1,Brysbaert2014a,2.9,NA,core,FALSE,
enten,0.415633012265262,1,Brysbaert2014a,2.9,NA,core,FALSE,
kielhalen,0.415633012265262,1,Brysbaert2014a,2.9,NA,core,FALSE,
klissen,0.415633012265262,1,Brysbaert2014a,2.9,NA,core,FALSE,
lellebel,0.415633012265262,1,Brysbaert2014a,2.9,NA,core,FALSE,
peda,0.415633012265262,1,Brysbaert2014a,2.9,NA,core,FALSE,
replicator,0.415633012265262,1,Brysbaert2014a,2.9,NA,core,FALSE,
stoeterij,0.415633012265262,1,Brysbaert2014a,2.9,NA,core,FALSE,
stoottroepen,0.415633012265262,1,Brysbaert2014a,2.9,NA,core,FALSE,
wouw,0.415633012265262,1,Brysbaert2014a,2.9,NA,core,FALSE,
hoofdmoot,0.414801469059663,1,Brysbaert2014a,2.89,NA,core,FALSE,
kaalslag,0.414801469059663,1,Brysbaert2014a,2.89,NA,core,FALSE,
klis,0.414801469059663,1,Brysbaert2014a,2.89,NA,core,FALSE,
knar,0.414801469059663,1,Brysbaert2014a,2.89,NA,core,FALSE,
kostganger,0.414801469059663,1,Brysbaert2014a,2.89,NA,core,FALSE,
kregel,0.414801469059663,1,Brysbaert2014a,2.89,NA,core,FALSE,
leurhandel,0.414801469059663,1,Brysbaert2014a,2.89,NA,core,FALSE,
narcotiseur,0.414801469059663,1,Brysbaert2014a,2.89,NA,core,FALSE,
pee,0.414801469059663,1,Brysbaert2014a,2.89,NA,core,FALSE,
praatvaar,0.414801469059663,1,Brysbaert2014a,2.89,NA,core,FALSE,
revisor,0.414801469059663,1,Brysbaert2014a,2.89,NA,core,FALSE,
sim,0.414801469059663,1,Brysbaert2014a,2.89,NA,core,FALSE,
triade,0.414801469059663,1,Brysbaert2014a,2.89,NA,core,FALSE,
booster,0.413935278220498,1,Brysbaert2014a,2.88,NA,core,FALSE,
colloquium,0.413935278220498,1,Brysbaert2014a,2.88,NA,core,FALSE,
engerling,0.413935278220498,1,Brysbaert2014a,2.88,NA,core,FALSE,
geboefte,0.413935278220498,1,Brysbaert2014a,2.88,NA,core,FALSE,
insertie,0.413935278220498,1,Brysbaert2014a,2.88,NA,core,FALSE,
kastelein,0.413935278220498,1,Brysbaert2014a,2.88,NA,core,FALSE,
leidsel,0.413935278220498,1,Brysbaert2014a,2.88,NA,core,FALSE,
mensa,0.413935278220498,1,Brysbaert2014a,2.88,NA,core,FALSE,
opstal,0.413935278220498,1,Brysbaert2014a,2.88,NA,core,FALSE,
plopper,0.413935278220498,1,Brysbaert2014a,2.88,NA,core,FALSE,
stoethaspel,0.413935278220498,1,Brysbaert2014a,2.88,NA,core,FALSE,
swagger,0.413935278220498,1,Brysbaert2014a,2.88,NA,core,FALSE,
rouwdienst,0.413082437275986,1,Jasmin2012,6.88,NA,core,FALSE,
kampioen,0.410182064000513,2,Brysbaert2014a;Jasmin2012,4.9,NA,core,FALSE,
aalmoezenier,0.407075046774305,1,Brysbaert2014a,2.87,NA,core,FALSE,
aanloop,0.407075046774305,1,Brysbaert2014a,2.87,NA,core,FALSE,
adel,0.407075046774305,1,Brysbaert2014a,2.87,NA,core,FALSE,
affectie,0.407075046774305,1,Brysbaert2014a,2.87,NA,core,FALSE,
afmeting,0.407075046774305,1,Brysbaert2014a,2.87,NA,core,FALSE,
afzetting,0.407075046774305,1,Brysbaert2014a,2.87,NA,core,FALSE,
agentschap,0.407075046774305,1,Brysbaert2014a,2.87,NA,core,FALSE,
ambiance,0.407075046774305,1,Brysbaert2014a,2.87,NA,core,FALSE,
ambtenaar,0.407075046774305,1,Brysbaert2014a,2.87,NA,core,FALSE,
amokmaker,0.407075046774305,1,Brysbaert2014a,2.87,NA,core,FALSE,
apostel,0.407075046774305,1,Brysbaert2014a,2.87,NA,core,FALSE,
arbitrage,0.407075046774305,1,Brysbaert2014a,2.87,NA,core,FALSE,
baas,0.407075046774305,1,Brysbaert2014a,2.87,NA,core,FALSE,
babbelkous,0.407075046774305,1,Brysbaert2014a,2.87,NA,core,FALSE,
bazin,0.407075046774305,1,Brysbaert2014a,2.87,NA,core,FALSE,
bediening,0.407075046774305,1,Brysbaert2014a,2.87,NA,core,FALSE,
bedrag,0.407075046774305,1,Brysbaert2014a,2.87,NA,core,FALSE,
belegering,0.407075046774305,1,Brysbaert2014a,2.87,NA,core,FALSE,
beroerte,0.407075046774305,1,Brysbaert2014a,2.87,NA,core,FALSE,
bevruchting,0.407075046774305,1,Brysbaert2014a,2.87,NA,core,FALSE,
bezoek,0.407075046774305,1,Brysbaert2014a,2.87,NA,core,FALSE,
bezorger,0.407075046774305,1,Brysbaert2014a,2.87,NA,core,FALSE,
bezorging,0.407075046774305,1,Brysbaert2014a,2.87,NA,core,FALSE,
binding,0.407075046774305,1,Brysbaert2014a,2.87,NA,core,FALSE,
bloedarmoede,0.407075046774305,1,Brysbaert2014a,2.87,NA,core,FALSE,
bloeimaand,0.407075046774305,1,Brysbaert2014a,2.87,NA,core,FALSE,
boekhouder,0.407075046774305,1,Brysbaert2014a,2.87,NA,core,FALSE,
boerenpummel,0.407075046774305,1,Brysbaert2014a,2.87,NA,core,FALSE,
bond,0.407075046774305,1,Brysbaert2014a,2.87,NA,core,FALSE,
bouwjaar,0.407075046774305,1,Brysbaert2014a,2.87,NA,core,FALSE,
bouwkunst,0.407075046774305,1,Brysbaert2014a,2.87,NA,core,FALSE,
bouwmeester,0.407075046774305,1,Brysbaert2014a,2.87,NA,core,FALSE,
brigade,0.407075046774305,1,Brysbaert2014a,2.87,NA,core,FALSE,
broeder,0.407075046774305,1,Brysbaert2014a,2.87,NA,core,FALSE,
commentaar,0.407075046774305,1,Brysbaert2014a,2.87,NA,core,FALSE,
compilatie,0.407075046774305,1,Brysbaert2014a,2.87,NA,core,FALSE,
consulent,0.407075046774305,1,Brysbaert2014a,2.87,NA,core,FALSE,
datum,0.407075046774305,1,Brysbaert2014a,2.87,NA,core,FALSE,
deler,0.407075046774305,1,Brysbaert2014a,2.87,NA,core,FALSE,
dialoog,0.407075046774305,1,Brysbaert2014a,2.87,NA,core,FALSE,
dienstregeling,0.407075046774305,1,Brysbaert2014a,2.87,NA,core,FALSE,
doopnaam,0.407075046774305,1,Brysbaert2014a,2.87,NA,core,FALSE,
doopsel,0.407075046774305,1,Brysbaert2014a,2.87,NA,core,FALSE,
eigenares,0.407075046774305,1,Brysbaert2014a,2.87,NA,core,FALSE,
eindwerk,0.407075046774305,1,Brysbaert2014a,2.87,NA,core,FALSE,
expositie,0.407075046774305,1,Brysbaert2014a,2.87,NA,core,FALSE,
gebruiker,0.407075046774305,1,Brysbaert2014a,2.87,NA,core,FALSE,
grapjas,0.407075046774305,1,Brysbaert2014a,2.87,NA,core,FALSE,
grappen,0.407075046774305,1,Brysbaert2014a,2.87,NA,core,FALSE,
haasten,0.407075046774305,1,Brysbaert2014a,2.87,NA,core,FALSE,
herdruk,0.407075046774305,1,Brysbaert2014a,2.87,NA,core,FALSE,
herfstmaand,0.407075046774305,1,Brysbaert2014a,2.87,NA,core,FALSE,
hondenweer,0.407075046774305,1,Brysbaert2014a,2.87,NA,core,FALSE,
hoofdbureau,0.407075046774305,1,Brysbaert2014a,2.87,NA,core,FALSE,
hoogteligging,0.407075046774305,1,Brysbaert2014a,2.87,NA,core,FALSE,
huishouding,0.407075046774305,1,Brysbaert2014a,2.87,NA,core,FALSE,
huisvesting,0.407075046774305,1,Brysbaert2014a,2.87,NA,core,FALSE,
ijkpunt,0.407075046774305,1,Brysbaert2014a,2.87,NA,core,FALSE,
infrastructuur,0.407075046774305,1,Brysbaert2014a,2.87,NA,core,FALSE,
inseminatie,0.407075046774305,1,Brysbaert2014a,2.87,NA,core,FALSE,
inspectrice,0.407075046774305,1,Brysbaert2014a,2.87,NA,core,FALSE,
inspringen,0.407075046774305,1,Brysbaert2014a,2.87,NA,core,FALSE,
inzending,0.407075046774305,1,Brysbaert2014a,2.87,NA,core,FALSE,
kannibalisme,0.407075046774305,1,Brysbaert2014a,2.87,NA,core,FALSE,
kilte,0.407075046774305,1,Brysbaert2014a,2.87,NA,core,FALSE,
kinderspel,0.407075046774305,1,Brysbaert2014a,2.87,NA,core,FALSE,
kinesitherapie,0.407075046774305,1,Brysbaert2014a,2.87,NA,core,FALSE,
kleurenblind,0.407075046774305,1,Brysbaert2014a,2.87,NA,core,FALSE,
knoeiwerk,0.407075046774305,1,Brysbaert2014a,2.87,NA,core,FALSE,
knokploeg,0.407075046774305,1,Brysbaert2014a,2.87,NA,core,FALSE,
kosten,0.407075046774305,1,Brysbaert2014a,2.87,NA,core,FALSE,
kuddedier,0.407075046774305,1,Brysbaert2014a,2.87,NA,core,FALSE,
landmacht,0.407075046774305,1,Brysbaert2014a,2.87,NA,core,FALSE,
lectuur,0.407075046774305,1,Brysbaert2014a,2.87,NA,core,FALSE,
leden,0.407075046774305,1,Brysbaert2014a,2.87,NA,core,FALSE,
leerstof,0.407075046774305,1,Brysbaert2014a,2.87,NA,core,FALSE,
leidster,0.407075046774305,1,Brysbaert2014a,2.87,NA,core,FALSE,
lengte,0.407075046774305,1,Brysbaert2014a,2.87,NA,core,FALSE,
locatie,0.407075046774305,1,Brysbaert2014a,2.87,NA,core,FALSE,
loodvrij,0.407075046774305,1,Brysbaert2014a,2.87,NA,core,FALSE,
luilak,0.407075046774305,1,Brysbaert2014a,2.87,NA,core,FALSE,
maatwerk,0.407075046774305,1,Brysbaert2014a,2.87,NA,core,FALSE,
mailbox,0.407075046774305,1,Brysbaert2014a,2.87,NA,core,FALSE,
maitresse,0.407075046774305,1,Brysbaert2014a,2.87,NA,core,FALSE,
maîtresse,0.407075046774305,1,Brysbaert2014a,2.87,NA,core,FALSE,
manschappen,0.407075046774305,1,Brysbaert2014a,2.87,NA,core,FALSE,
marine,0.407075046774305,1,Brysbaert2014a,2.87,NA,core,FALSE,
meesteres,0.407075046774305,1,Brysbaert2014a,2.87,NA,core,FALSE,
metgezel,0.407075046774305,1,Brysbaert2014a,2.87,NA,core,FALSE,
millimeter,0.407075046774305,1,Brysbaert2014a,2.87,NA,core,FALSE,
misdadiger,0.407075046774305,1,Brysbaert2014a,2.87,NA,core,FALSE,
mopperaar,0.407075046774305,1,Brysbaert2014a,2.87,NA,core,FALSE,
offerte,0.407075046774305,1,Brysbaert2014a,2.87,NA,core,FALSE,
omwenteling,0.407075046774305,1,Brysbaert2014a,2.87,NA,core,FALSE,
ondernemer,0.407075046774305,1,Brysbaert2014a,2.87,NA,core,FALSE,
ontbinding,0.407075046774305,1,Brysbaert2014a,2.87,NA,core,FALSE,
oogstmaand,0.407075046774305,1,Brysbaert2014a,2.87,NA,core,FALSE,
opname,0.407075046774305,1,Brysbaert2014a,2.87,NA,core,FALSE,
opruiming,0.407075046774305,1,Brysbaert2014a,2.87,NA,core,FALSE,
overtreder,0.407075046774305,1,Brysbaert2014a,2.87,NA,core,FALSE,
ozonlaag,0.407075046774305,1,Brysbaert2014a,2.87,NA,core,FALSE,
personeel,0.407075046774305,1,Brysbaert2014a,2.87,NA,core,FALSE,
petekind,0.407075046774305,1,Brysbaert2014a,2.87,NA,core,FALSE,
pool,0.407075046774305,1,Brysbaert2014a,2.87,NA,core,FALSE,
poreus,0.407075046774305,1,Brysbaert2014a,2.87,NA,core,FALSE,
praatgroep,0.407075046774305,1,Brysbaert2014a,2.87,NA,core,FALSE,
prematuur,0.407075046774305,1,Brysbaert2014a,2.87,NA,core,FALSE,
prijskamp,0.407075046774305,1,Brysbaert2014a,2.87,NA,core,FALSE,
prijzen,0.407075046774305,1,Brysbaert2014a,2.87,NA,core,FALSE,
procureur,0.407075046774305,1,Brysbaert2014a,2.87,NA,core,FALSE,
raadslid,0.407075046774305,1,Brysbaert2014a,2.87,NA,core,FALSE,
radiosignaal,0.407075046774305,1,Brysbaert2014a,2.87,NA,core,FALSE,
rampspoed,0.407075046774305,1,Brysbaert2014a,2.87,NA,core,FALSE,
reserve,0.407075046774305,1,Brysbaert2014a,2.87,NA,core,FALSE,
rijmwoord,0.407075046774305,1,Brysbaert2014a,2.87,NA,core,FALSE,
rivaal,0.407075046774305,1,Brysbaert2014a,2.87,NA,core,FALSE,
romanticus,0.407075046774305,1,Brysbaert2014a,2.87,NA,core,FALSE,
schandpaal,0.407075046774305,1,Brysbaert2014a,2.87,NA,core,FALSE,
schel,0.407075046774305,1,Brysbaert2014a,2.87,NA,core,FALSE,
scheldwoord,0.407075046774305,1,Brysbaert2014a,2.87,NA,core,FALSE,
schommeling,0.407075046774305,1,Brysbaert2014a,2.87,NA,core,FALSE,
seconde,0.407075046774305,1,Brysbaert2014a,2.87,NA,core,FALSE,
senator,0.407075046774305,1,Brysbaert2014a,2.87,NA,core,FALSE,
sinusitis,0.407075046774305,1,Brysbaert2014a,2.87,NA,core,FALSE,
slakkengang,0.407075046774305,1,Brysbaert2014a,2.87,NA,core,FALSE,
slapjes,0.407075046774305,1,Brysbaert2014a,2.87,NA,core,FALSE,
smokkelaar,0.407075046774305,1,Brysbaert2014a,2.87,NA,core,FALSE,
socioloog,0.407075046774305,1,Brysbaert2014a,2.87,NA,core,FALSE,
spam,0.407075046774305,1,Brysbaert2014a,2.87,NA,core,FALSE,
spionnetje,0.407075046774305,1,Brysbaert2014a,2.87,NA,core,FALSE,
spraak,0.407075046774305,1,Brysbaert2014a,2.87,NA,core,FALSE,
spreekuur,0.407075046774305,1,Brysbaert2014a,2.87,NA,core,FALSE,
stageplaats,0.407075046774305,1,Brysbaert2014a,2.87,NA,core,FALSE,
steekpenning,0.407075046774305,1,Brysbaert2014a,2.87,NA,core,FALSE,
sterfdag,0.407075046774305,1,Brysbaert2014a,2.87,NA,core,FALSE,
stiefmoeder,0.407075046774305,1,Brysbaert2014a,2.87,NA,core,FALSE,
stiefzuster,0.407075046774305,1,Brysbaert2014a,2.87,NA,core,FALSE,
stijfkop,0.407075046774305,1,Brysbaert2014a,2.87,NA,core,FALSE,
storting,0.407075046774305,1,Brysbaert2014a,2.87,NA,core,FALSE,
strafbank,0.407075046774305,1,Brysbaert2014a,2.87,NA,core,FALSE,
straffen,0.407075046774305,1,Brysbaert2014a,2.87,NA,core,FALSE,
stroming,0.407075046774305,1,Brysbaert2014a,2.87,NA,core,FALSE,
stunten,0.407075046774305,1,Brysbaert2014a,2.87,NA,core,FALSE,
suikerziekte,0.407075046774305,1,Brysbaert2014a,2.87,NA,core,FALSE,
supervisor,0.407075046774305,1,Brysbaert2014a,2.87,NA,core,FALSE,
synchroon,0.407075046774305,1,Brysbaert2014a,2.87,NA,core,FALSE,
tegengif,0.407075046774305,1,Brysbaert2014a,2.87,NA,core,FALSE,
teken,0.407075046774305,1,Brysbaert2014a,2.87,NA,core,FALSE,
test,0.407075046774305,1,Brysbaert2014a,2.87,NA,core,FALSE,
toeloop,0.407075046774305,1,Brysbaert2014a,2.87,NA,core,FALSE,
treffer,0.407075046774305,1,Brysbaert2014a,2.87,NA,core,FALSE,
tuchtschool,0.407075046774305,1,Brysbaert2014a,2.87,NA,core,FALSE,
tuinbouw,0.407075046774305,1,Brysbaert2014a,2.87,NA,core,FALSE,
tussendoortje,0.407075046774305,1,Brysbaert2014a,2.87,NA,core,FALSE,
uitbetaling,0.407075046774305,1,Brysbaert2014a,2.87,NA,core,FALSE,
uitloop,0.407075046774305,1,Brysbaert2014a,2.87,NA,core,FALSE,
uitstap,0.407075046774305,1,Brysbaert2014a,2.87,NA,core,FALSE,
uitval,0.407075046774305,1,Brysbaert2014a,2.87,NA,core,FALSE,
uitzaaiing,0.407075046774305,1,Brysbaert2014a,2.87,NA,core,FALSE,
vaderschap,0.407075046774305,1,Brysbaert2014a,2.87,NA,core,FALSE,
vechter,0.407075046774305,1,Brysbaert2014a,2.87,NA,core,FALSE,
verbetering,0.407075046774305,1,Brysbaert2014a,2.87,NA,core,FALSE,
verhaal,0.407075046774305,1,Brysbaert2014a,2.87,NA,core,FALSE,
verkenning,0.407075046774305,1,Brysbaert2014a,2.87,NA,core,FALSE,
verkiezingen,0.407075046774305,1,Brysbaert2014a,2.87,NA,core,FALSE,
verloving,0.407075046774305,1,Brysbaert2014a,2.87,NA,core,FALSE,
verplaatsing,0.407075046774305,1,Brysbaert2014a,2.87,NA,core,FALSE,
vervalser,0.407075046774305,1,Brysbaert2014a,2.87,NA,core,FALSE,
vervanging,0.407075046774305,1,Brysbaert2014a,2.87,NA,core,FALSE,
vervangster,0.407075046774305,1,Brysbaert2014a,2.87,NA,core,FALSE,
verzending,0.407075046774305,1,Brysbaert2014a,2.87,NA,core,FALSE,
vluchtroute,0.407075046774305,1,Brysbaert2014a,2.87,NA,core,FALSE,
vluggertje,0.407075046774305,1,Brysbaert2014a,2.87,NA,core,FALSE,
voorouders,0.407075046774305,1,Brysbaert2014a,2.87,NA,core,FALSE,
wereldrecord,0.407075046774305,1,Brysbaert2014a,2.87,NA,core,FALSE,
westerling,0.407075046774305,1,Brysbaert2014a,2.87,NA,core,FALSE,
wetboek,0.407075046774305,1,Brysbaert2014a,2.87,NA,core,FALSE,
winnares,0.407075046774305,1,Brysbaert2014a,2.87,NA,core,FALSE,
winter,0.407075046774305,1,Brysbaert2014a,2.87,NA,core,FALSE,
verblinding,0.405913978494624,1,Jasmin2012,6.86,NA,core,FALSE,
kwart,0.401520155608856,2,Brysbaert2014a;Jasmin2012,4.865,NA,core,FALSE,
redding,0.401520155608856,2,Brysbaert2014a;Jasmin2012,4.865,NA,core,FALSE,
maanden,0.399641577060932,1,Jasmin2012,6.83,NA,extended,FALSE,
aanstoker,0.399244681588247,1,Brysbaert2014a,2.86,NA,extended,FALSE,
antiquiteit,0.399244681588247,1,Brysbaert2014a,2.86,NA,extended,FALSE,
arbeiden,0.399244681588247,1,Brysbaert2014a,2.86,NA,extended,FALSE,
avances,0.399244681588247,1,Brysbaert2014a,2.86,NA,extended,FALSE,
averij,0.399244681588247,1,Brysbaert2014a,2.86,NA,extended,FALSE,
boem,0.399244681588247,1,Brysbaert2014a,2.86,NA,extended,FALSE,
commotie,0.399244681588247,1,Brysbaert2014a,2.86,NA,extended,FALSE,
dagloner,0.399244681588247,1,Brysbaert2014a,2.86,NA,extended,FALSE,
fagottist,0.399244681588247,1,Brysbaert2014a,2.86,NA,extended,FALSE,
fiscus,0.399244681588247,1,Brysbaert2014a,2.86,NA,extended,FALSE,
folk,0.399244681588247,1,Brysbaert2014a,2.86,NA,extended,FALSE,
grafrede,0.399244681588247,1,Brysbaert2014a,2.86,NA,extended,FALSE,
halfgeleider,0.399244681588247,1,Brysbaert2014a,2.86,NA,extended,FALSE,
headline,0.399244681588247,1,Brysbaert2014a,2.86,NA,extended,FALSE,
heitje,0.399244681588247,1,Brysbaert2014a,2.86,NA,extended,FALSE,
huurling,0.399244681588247,1,Brysbaert2014a,2.86,NA,extended,FALSE,
iel,0.399244681588247,1,Brysbaert2014a,2.86,NA,extended,FALSE,
kanselier,0.399244681588247,1,Brysbaert2014a,2.86,NA,extended,FALSE,
karnen,0.399244681588247,1,Brysbaert2014a,2.86,NA,extended,FALSE,
kordon,0.399244681588247,1,Brysbaert2014a,2.86,NA,extended,FALSE,
ladenlichter,0.399244681588247,1,Brysbaert2014a,2.86,NA,extended,FALSE,
lorrie,0.399244681588247,1,Brysbaert2014a,2.86,NA,extended,FALSE,
luister,0.399244681588247,1,Brysbaert2014a,2.86,NA,extended,FALSE,
ouderling,0.399244681588247,1,Brysbaert2014a,2.86,NA,extended,FALSE,
overkapping,0.399244681588247,1,Brysbaert2014a,2.86,NA,extended,FALSE,
overwerk,0.399244681588247,1,Brysbaert2014a,2.86,NA,extended,FALSE,
pensionaat,0.399244681588247,1,Brysbaert2014a,2.86,NA,extended,FALSE,
petemoei,0.399244681588247,1,Brysbaert2014a,2.86,NA,extended,FALSE,
poffen,0.399244681588247,1,Brysbaert2014a,2.86,NA,extended,FALSE,
publicist,0.399244681588247,1,Brysbaert2014a,2.86,NA,extended,FALSE,
rijmelaar,0.399244681588247,1,Brysbaert2014a,2.86,NA,extended,FALSE,
ruziën,0.399244681588247,1,Brysbaert2014a,2.86,NA,extended,FALSE,
samensteller,0.399244681588247,1,Brysbaert2014a,2.86,NA,extended,FALSE,
schelling,0.399244681588247,1,Brysbaert2014a,2.86,NA,extended,FALSE,
schol,0.399244681588247,1,Brysbaert2014a,2.86,NA,extended,FALSE,
sluitstuk,0.399244681588247,1,Brysbaert2014a,2.86,NA,extended,FALSE,
smulpaap,0.399244681588247,1,Brysbaert2014a,2.86,NA,extended,FALSE,
stroomlijn,0.399244681588247,1,Brysbaert2014a,2.86,NA,extended,FALSE,
traverso,0.399244681588247,1,Brysbaert2014a,2.86,NA,extended,FALSE,
volgeling,0.399244681588247,1,Brysbaert2014a,2.86,NA,extended,FALSE,
viezerik,0.39772679856611,2,Brysbaert2014a;Jasmin2012,4.87,NA,extended,FALSE,
afstap,0.397235118841383,1,Brysbaert2014a,2.85,NA,extended,FALSE,
aureool,0.397235118841383,1,Brysbaert2014a,2.85,NA,extended,FALSE,
beeltenis,0.397235118841383,1,Brysbaert2014a,2.85,NA,extended,FALSE,
entrepreneur,0.397235118841383,1,Brysbaert2014a,2.85,NA,extended,FALSE,
geschil,0.397235118841383,1,Brysbaert2014a,2.85,NA,extended,FALSE,
hypertensie,0.397235118841383,1,Brysbaert2014a,2.85,NA,extended,FALSE,
kik,0.397235118841383,1,Brysbaert2014a,2.85,NA,extended,FALSE,
lijntrekker,0.397235118841383,1,Brysbaert2014a,2.85,NA,extended,FALSE,
mal,0.397235118841383,1,Brysbaert2014a,2.85,NA,extended,FALSE,
pol,0.397235118841383,1,Brysbaert2014a,2.85,NA,extended,FALSE,
retraite,0.397235118841383,1,Brysbaert2014a,2.85,NA,extended,FALSE,
schrokop,0.397235118841383,1,Brysbaert2014a,2.85,NA,extended,FALSE,
sjofel,0.397235118841383,1,Brysbaert2014a,2.85,NA,extended,FALSE,
slop,0.397235118841383,1,Brysbaert2014a,2.85,NA,extended,FALSE,
spervuur,0.397235118841383,1,Brysbaert2014a,2.85,NA,extended,FALSE,
voorligger,0.397235118841383,1,Brysbaert2014a,2.85,NA,extended,FALSE,
voortstuwing,0.397235118841383,1,Brysbaert2014a,2.85,NA,extended,FALSE,
zendeling,0.397235118841383,1,Brysbaert2014a,2.85,NA,extended,FALSE,
anglist,0.395606680063752,1,Brysbaert2014a,2.83,NA,extended,FALSE,
boetekleed,0.395606680063752,1,Brysbaert2014a,2.83,NA,extended,FALSE,
broei,0.395606680063752,1,Brysbaert2014a,2.83,NA,extended,FALSE,
cerebraal,0.395606680063752,1,Brysbaert2014a,2.83,NA,extended,FALSE,
conrector,0.395606680063752,1,Brysbaert2014a,2.83,NA,extended,FALSE,
deerne,0.395606680063752,1,Brysbaert2014a,2.83,NA,extended,FALSE,
digestie,0.395606680063752,1,Brysbaert2014a,2.83,NA,extended,FALSE,
doodklap,0.395606680063752,1,Brysbaert2014a,2.83,NA,extended,FALSE,
eilander,0.395606680063752,1,Brysbaert2014a,2.83,NA,extended,FALSE,
freule,0.395606680063752,1,Brysbaert2014a,2.83,NA,extended,FALSE,
hippen,0.395606680063752,1,Brysbaert2014a,2.83,NA,extended,FALSE,
hum,0.395606680063752,1,Brysbaert2014a,2.83,NA,extended,FALSE,
kabbalist,0.395606680063752,1,Brysbaert2014a,2.83,NA,extended,FALSE,
keuterboer,0.395606680063752,1,Brysbaert2014a,2.83,NA,extended,FALSE,
kneusje,0.395606680063752,1,Brysbaert2014a,2.83,NA,extended,FALSE,
kwatrijn,0.395606680063752,1,Brysbaert2014a,2.83,NA,extended,FALSE,
laesie,0.395606680063752,1,Brysbaert2014a,2.83,NA,extended,FALSE,
maskerade,0.395606680063752,1,Brysbaert2014a,2.83,NA,extended,FALSE,
oenoloog,0.395606680063752,1,Brysbaert2014a,2.83,NA,extended,FALSE,
permeabel,0.395606680063752,1,Brysbaert2014a,2.83,NA,extended,FALSE,
pieterman,0.395606680063752,1,Brysbaert2014a,2.83,NA,extended,FALSE,
pneumonie,0.395606680063752,1,Brysbaert2014a,2.83,NA,extended,FALSE,
reveil,0.395606680063752,1,Brysbaert2014a,2.83,NA,extended,FALSE,
sclerose,0.395606680063752,1,Brysbaert2014a,2.83,NA,extended,FALSE,
springvloed,0.395606680063752,1,Brysbaert2014a,2.83,NA,extended,FALSE,
tater,0.395606680063752,1,Brysbaert2014a,2.83,NA,extended,FALSE,
tensie,0.395606680063752,1,Brysbaert2014a,2.83,NA,extended,FALSE,
vector,0.395606680063752,1,Brysbaert2014a,2.83,NA,extended,FALSE,
wijting,0.395606680063752,1,Brysbaert2014a,2.83,NA,extended,FALSE,
paradijs,0.395293795788586,2,Brysbaert2014a;Jasmin2012,4.79,NA,extended,FALSE,
foltering,0.394806431494922,2,Brysbaert2014a;Jasmin2012,4.71,NA,extended,FALSE,
slachtoffer,0.394806431494922,2,Brysbaert2014a;Jasmin2012,4.71,NA,extended,FALSE,
cohort,0.39418612708752,1,Brysbaert2014a,2.82,NA,extended,FALSE,
conglomeraat,0.39418612708752,1,Brysbaert2014a,2.82,NA,extended,FALSE,
equator,0.39418612708752,1,Brysbaert2014a,2.82,NA,extended,FALSE,
jodin,0.39418612708752,1,Brysbaert2014a,2.82,NA,extended,FALSE,
klauwzeer,0.39418612708752,1,Brysbaert2014a,2.82,NA,extended,FALSE,
lithografie,0.39418612708752,1,Brysbaert2014a,2.82,NA,extended,FALSE,
muiten,0.39418612708752,1,Brysbaert2014a,2.82,NA,extended,FALSE,
pensionaris,0.39418612708752,1,Brysbaert2014a,2.82,NA,extended,FALSE,
reliek,0.39418612708752,1,Brysbaert2014a,2.82,NA,extended,FALSE,
sodomie,0.39418612708752,1,Brysbaert2014a,2.82,NA,extended,FALSE,
spertijd,0.39418612708752,1,Brysbaert2014a,2.82,NA,extended,FALSE,
uitvreter,0.39418612708752,1,Brysbaert2014a,2.82,NA,extended,FALSE,
ontvoering,0.3920267040116,2,Brysbaert2014a;Jasmin2012,4.835,NA,extended,FALSE,
retinie,0.390681003584229,1,Jasmin2012,6.75,NA,extended,FALSE,
atmosfeer,0.389124716330262,2,Brysbaert2014a;Jasmin2012,4.775,NA,extended,FALSE,
aanbieding,0.387568429076294,1,Brysbaert2014a,2.8,NA,extended,FALSE,
aanvoerder,0.387568429076294,1,Brysbaert2014a,2.8,NA,extended,FALSE,
aarding,0.387568429076294,1,Brysbaert2014a,2.8,NA,extended,FALSE,
agressiviteit,0.387568429076294,1,Brysbaert2014a,2.8,NA,extended,FALSE,
amateur,0.387568429076294,1,Brysbaert2014a,2.8,NA,extended,FALSE,
ambassadeur,0.387568429076294,1,Brysbaert2014a,2.8,NA,extended,FALSE,
ampersand,0.387568429076294,1,Brysbaert2014a,2.8,NA,extended,FALSE,
appetijt,0.387568429076294,1,Brysbaert2014a,2.8,NA,extended,FALSE,
assortiment,0.387568429076294,1,Brysbaert2014a,2.8,NA,extended,FALSE,
autobiografie,0.387568429076294,1,Brysbaert2014a,2.8,NA,extended,FALSE,
bespreking,0.387568429076294,1,Brysbaert2014a,2.8,NA,extended,FALSE,
bevel,0.387568429076294,1,Brysbaert2014a,2.8,NA,extended,FALSE,
bevolking,0.387568429076294,1,Brysbaert2014a,2.8,NA,extended,FALSE,
bie,0.387568429076294,1,Brysbaert2014a,2.8,NA,extended,FALSE,
bijltjesdag,0.387568429076294,1,Brysbaert2014a,2.8,NA,extended,FALSE,
blaaskaak,0.387568429076294,1,Brysbaert2014a,2.8,NA,extended,FALSE,
boel,0.387568429076294,1,Brysbaert2014a,2.8,NA,extended,FALSE,
boeman,0.387568429076294,1,Brysbaert2014a,2.8,NA,extended,FALSE,
bonje,0.387568429076294,1,Brysbaert2014a,2.8,NA,extended,FALSE,
brocanterie,0.387568429076294,1,Brysbaert2014a,2.8,NA,extended,FALSE,
buddy,0.387568429076294,1,Brysbaert2014a,2.8,NA,extended,FALSE,
centrale,0.387568429076294,1,Brysbaert2014a,2.8,NA,extended,FALSE,
centrum,0.387568429076294,1,Brysbaert2014a,2.8,NA,extended,FALSE,
cholera,0.387568429076294,1,Brysbaert2014a,2.8,NA,extended,FALSE,
crediteur,0.387568429076294,1,Brysbaert2014a,2.8,NA,extended,FALSE,
curare,0.387568429076294,1,Brysbaert2014a,2.8,NA,extended,FALSE,
databank,0.387568429076294,1,Brysbaert2014a,2.8,NA,extended,FALSE,
diabetes,0.387568429076294,1,Brysbaert2014a,2.8,NA,extended,FALSE,
directie,0.387568429076294,1,Brysbaert2014a,2.8,NA,extended,FALSE,
doelen,0.387568429076294,1,Brysbaert2014a,2.8,NA,extended,FALSE,
dommerik,0.387568429076294,1,Brysbaert2014a,2.8,NA,extended,FALSE,
droogkomiek,0.387568429076294,1,Brysbaert2014a,2.8,NA,extended,FALSE,
druktemaker,0.387568429076294,1,Brysbaert2014a,2.8,NA,extended,FALSE,
duimbreed,0.387568429076294,1,Brysbaert2014a,2.8,NA,extended,FALSE,
ecosysteem,0.387568429076294,1,Brysbaert2014a,2.8,NA,extended,FALSE,
encefalogram,0.387568429076294,1,Brysbaert2014a,2.8,NA,extended,FALSE,
essay,0.387568429076294,1,Brysbaert2014a,2.8,NA,extended,FALSE,
export,0.387568429076294,1,Brysbaert2014a,2.8,NA,extended,FALSE,
fysicus,0.387568429076294,1,Brysbaert2014a,2.8,NA,extended,FALSE,
geldschieter,0.387568429076294,1,Brysbaert2014a,2.8,NA,extended,FALSE,
genotmiddel,0.387568429076294,1,Brysbaert2014a,2.8,NA,extended,FALSE,
geruzie,0.387568429076294,1,Brysbaert2014a,2.8,NA,extended,FALSE,
gezeur,0.387568429076294,1,Brysbaert2014a,2.8,NA,extended,FALSE,
grein,0.387568429076294,1,Brysbaert2014a,2.8,NA,extended,FALSE,
grondtoon,0.387568429076294,1,Brysbaert2014a,2.8,NA,extended,FALSE,
halfzuster,0.387568429076294,1,Brysbaert2014a,2.8,NA,extended,FALSE,
handel,0.387568429076294,1,Brysbaert2014a,2.8,NA,extended,FALSE,
handlanger,0.387568429076294,1,Brysbaert2014a,2.8,NA,extended,FALSE,
helderheid,0.387568429076294,1,Brysbaert2014a,2.8,NA,extended,FALSE,
herfstvakantie,0.387568429076294,1,Brysbaert2014a,2.8,NA,extended,FALSE,
hifi,0.387568429076294,1,Brysbaert2014a,2.8,NA,extended,FALSE,
homo,0.387568429076294,1,Brysbaert2014a,2.8,NA,extended,FALSE,
huur,0.387568429076294,1,Brysbaert2014a,2.8,NA,extended,FALSE,
hypnotiseur,0.387568429076294,1,Brysbaert2014a,2.8,NA,extended,FALSE,
impotentie,0.387568429076294,1,Brysbaert2014a,2.8,NA,extended,FALSE,
informateur,0.387568429076294,1,Brysbaert2014a,2.8,NA,extended,FALSE,
initiator,0.387568429076294,1,Brysbaert2014a,2.8,NA,extended,FALSE,
inplanting,0.387568429076294,1,Brysbaert2014a,2.8,NA,extended,FALSE,
inspectie,0.387568429076294,1,Brysbaert2014a,2.8,NA,extended,FALSE,
inventaris,0.387568429076294,1,Brysbaert2014a,2.8,NA,extended,FALSE,
jaarverslag,0.387568429076294,1,Brysbaert2014a,2.8,NA,extended,FALSE,
job,0.387568429076294,1,Brysbaert2014a,2.8,NA,extended,FALSE,
jurist,0.387568429076294,1,Brysbaert2014a,2.8,NA,extended,FALSE,
kaderlid,0.387568429076294,1,Brysbaert2014a,2.8,NA,extended,FALSE,
kamerlid,0.387568429076294,1,Brysbaert2014a,2.8,NA,extended,FALSE,
kernenergie,0.387568429076294,1,Brysbaert2014a,2.8,NA,extended,FALSE,
kerstdag,0.387568429076294,1,Brysbaert2014a,2.8,NA,extended,FALSE,
kinderlokker,0.387568429076294,1,Brysbaert2014a,2.8,NA,extended,FALSE,
klaas,0.387568429076294,1,Brysbaert2014a,2.8,NA,extended,FALSE,
klemtoon,0.387568429076294,1,Brysbaert2014a,2.8,NA,extended,FALSE,
knaller,0.387568429076294,1,Brysbaert2014a,2.8,NA,extended,FALSE,
koningschap,0.387568429076294,1,Brysbaert2014a,2.8,NA,extended,FALSE,
krachtproef,0.387568429076294,1,Brysbaert2014a,2.8,NA,extended,FALSE,
leeftijd,0.387568429076294,1,Brysbaert2014a,2.8,NA,extended,FALSE,
loonwerker,0.387568429076294,1,Brysbaert2014a,2.8,NA,extended,FALSE,
macho,0.387568429076294,1,Brysbaert2014a,2.8,NA,extended,FALSE,
maker,0.387568429076294,1,Brysbaert2014a,2.8,NA,extended,FALSE,
matrix,0.387568429076294,1,Brysbaert2014a,2.8,NA,extended,FALSE,
middelen,0.387568429076294,1,Brysbaert2014a,2.8,NA,extended,FALSE,
mille,0.387568429076294,1,Brysbaert2014a,2.8,NA,extended,FALSE,
modewereld,0.387568429076294,1,Brysbaert2014a,2.8,NA,extended,FALSE,
mombakkes,0.387568429076294,1,Brysbaert2014a,2.8,NA,extended,FALSE,
moordpoging,0.387568429076294,1,Brysbaert2014a,2.8,NA,extended,FALSE,
nazomer,0.387568429076294,1,Brysbaert2014a,2.8,NA,extended,FALSE,
nederlaag,0.387568429076294,1,Brysbaert2014a,2.8,NA,extended,FALSE,
noord,0.387568429076294,1,Brysbaert2014a,2.8,NA,extended,FALSE,
oefeningen,0.387568429076294,1,Brysbaert2014a,2.8,NA,extended,FALSE,
oersterk,0.387568429076294,1,Brysbaert2014a,2.8,NA,extended,FALSE,
offer,0.387568429076294,1,Brysbaert2014a,2.8,NA,extended,FALSE,
ontwikkelaar,0.387568429076294,1,Brysbaert2014a,2.8,NA,extended,FALSE,
opdracht,0.387568429076294,1,Brysbaert2014a,2.8,NA,extended,FALSE,
operateur,0.387568429076294,1,Brysbaert2014a,2.8,NA,extended,FALSE,
opmars,0.387568429076294,1,Brysbaert2014a,2.8,NA,extended,FALSE,
oppervlakte,0.387568429076294,1,Brysbaert2014a,2.8,NA,extended,FALSE,
opsporing,0.387568429076294,1,Brysbaert2014a,2.8,NA,extended,FALSE,
orthopeed,0.387568429076294,1,Brysbaert2014a,2.8,NA,extended,FALSE,
paasvakantie,0.387568429076294,1,Brysbaert2014a,2.8,NA,extended,FALSE,
parafernalia,0.387568429076294,1,Brysbaert2014a,2.8,NA,extended,FALSE,
partijlid,0.387568429076294,1,Brysbaert2014a,2.8,NA,extended,FALSE,
partus,0.387568429076294,1,Brysbaert2014a,2.8,NA,extended,FALSE,
pastiche,0.387568429076294,1,Brysbaert2014a,2.8,NA,extended,FALSE,
pelgrim,0.387568429076294,1,Brysbaert2014a,2.8,NA,extended,FALSE,
performance,0.387568429076294,1,Brysbaert2014a,2.8,NA,extended,FALSE,
personage,0.387568429076294,1,Brysbaert2014a,2.8,NA,extended,FALSE,
plaats,0.387568429076294,1,Brysbaert2014a,2.8,NA,extended,FALSE,
plaatsen,0.387568429076294,1,Brysbaert2014a,2.8,NA,extended,FALSE,
plaatsing,0.387568429076294,1,Brysbaert2014a,2.8,NA,extended,FALSE,
pleeggezin,0.387568429076294,1,Brysbaert2014a,2.8,NA,extended,FALSE,
populatie,0.387568429076294,1,Brysbaert2014a,2.8,NA,extended,FALSE,
potdoof,0.387568429076294,1,Brysbaert2014a,2.8,NA,extended,FALSE,
praatje,0.387568429076294,1,Brysbaert2014a,2.8,NA,extended,FALSE,
prachtmeid,0.387568429076294,1,Brysbaert2014a,2.8,NA,extended,FALSE,
prachtvrouw,0.387568429076294,1,Brysbaert2014a,2.8,NA,extended,FALSE,
practicum,0.387568429076294,1,Brysbaert2014a,2.8,NA,extended,FALSE,
prelaat,0.387568429076294,1,Brysbaert2014a,2.8,NA,extended,FALSE,
preview,0.387568429076294,1,Brysbaert2014a,2.8,NA,extended,FALSE,
proefpersoon,0.387568429076294,1,Brysbaert2014a,2.8,NA,extended,FALSE,
profiel,0.387568429076294,1,Brysbaert2014a,2.8,NA,extended,FALSE,
promillage,0.387568429076294,1,Brysbaert2014a,2.8,NA,extended,FALSE,
prutswerk,0.387568429076294,1,Brysbaert2014a,2.8,NA,extended,FALSE,
publicatie,0.387568429076294,1,Brysbaert2014a,2.8,NA,extended,FALSE,
raaklijn,0.387568429076294,1,Brysbaert2014a,2.8,NA,extended,FALSE,
reconstructie,0.387568429076294,1,Brysbaert2014a,2.8,NA,extended,FALSE,
redacteur,0.387568429076294,1,Brysbaert2014a,2.8,NA,extended,FALSE,
reisplan,0.387568429076294,1,Brysbaert2014a,2.8,NA,extended,FALSE,
replica,0.387568429076294,1,Brysbaert2014a,2.8,NA,extended,FALSE,
rijping,0.387568429076294,1,Brysbaert2014a,2.8,NA,extended,FALSE,
roffel,0.387568429076294,1,Brysbaert2014a,2.8,NA,extended,FALSE,
schenking,0.387568429076294,1,Brysbaert2014a,2.8,NA,extended,FALSE,
schoonbroer,0.387568429076294,1,Brysbaert2014a,2.8,NA,extended,FALSE,
serum,0.387568429076294,1,Brysbaert2014a,2.8,NA,extended,FALSE,
shock,0.387568429076294,1,Brysbaert2014a,2.8,NA,extended,FALSE,
slavenhandel,0.387568429076294,1,Brysbaert2014a,2.8,NA,extended,FALSE,
spectrum,0.387568429076294,1,Brysbaert2014a,2.8,NA,extended,FALSE,
speurneus,0.387568429076294,1,Brysbaert2014a,2.8,NA,extended,FALSE,
spoed,0.387568429076294,1,Brysbaert2014a,2.8,NA,extended,FALSE,
stadsmens,0.387568429076294,1,Brysbaert2014a,2.8,NA,extended,FALSE,
stimulatie,0.387568429076294,1,Brysbaert2014a,2.8,NA,extended,FALSE,
stoker,0.387568429076294,1,Brysbaert2014a,2.8,NA,extended,FALSE,
strakjes,0.387568429076294,1,Brysbaert2014a,2.8,NA,extended,FALSE,
struikelblok,0.387568429076294,1,Brysbaert2014a,2.8,NA,extended,FALSE,
struma,0.387568429076294,1,Brysbaert2014a,2.8,NA,extended,FALSE,
studiejaar,0.387568429076294,1,Brysbaert2014a,2.8,NA,extended,FALSE,
telling,0.387568429076294,1,Brysbaert2014a,2.8,NA,extended,FALSE,
testosteron,0.387568429076294,1,Brysbaert2014a,2.8,NA,extended,FALSE,
toegangsprijs,0.387568429076294,1,Brysbaert2014a,2.8,NA,extended,FALSE,
tovenares,0.387568429076294,1,Brysbaert2014a,2.8,NA,extended,FALSE,
toverdrank,0.387568429076294,1,Brysbaert2014a,2.8,NA,extended,FALSE,
traktatie,0.387568429076294,1,Brysbaert2014a,2.8,NA,extended,FALSE,
tussenstop,0.387568429076294,1,Brysbaert2014a,2.8,NA,extended,FALSE,
uitleg,0.387568429076294,1,Brysbaert2014a,2.8,NA,extended,FALSE,
uurloon,0.387568429076294,1,Brysbaert2014a,2.8,NA,extended,FALSE,
verassing,0.387568429076294,1,Brysbaert2014a,2.8,NA,extended,FALSE,
vergunning,0.387568429076294,1,Brysbaert2014a,2.8,NA,extended,FALSE,
verleider,0.387568429076294,1,Brysbaert2014a,2.8,NA,extended,FALSE,
verrassing,0.387568429076294,1,Brysbaert2014a,2.8,NA,extended,FALSE,
verschoning,0.387568429076294,1,Brysbaert2014a,2.8,NA,extended,FALSE,
vervormer,0.387568429076294,1,Brysbaert2014a,2.8,NA,extended,FALSE,
viering,0.387568429076294,1,Brysbaert2014a,2.8,NA,extended,FALSE,
vitesse,0.387568429076294,1,Brysbaert2014a,2.8,NA,extended,FALSE,
voortplanting,0.387568429076294,1,Brysbaert2014a,2.8,NA,extended,FALSE,
vraaggesprek,0.387568429076294,1,Brysbaert2014a,2.8,NA,extended,FALSE,
waterenergie,0.387568429076294,1,Brysbaert2014a,2.8,NA,extended,FALSE,
werkslaaf,0.387568429076294,1,Brysbaert2014a,2.8,NA,extended,FALSE,
werkterrein,0.387568429076294,1,Brysbaert2014a,2.8,NA,extended,FALSE,
windrichting,0.387568429076294,1,Brysbaert2014a,2.8,NA,extended,FALSE,
wisselstroom,0.387568429076294,1,Brysbaert2014a,2.8,NA,extended,FALSE,
zakcentje,0.387568429076294,1,Brysbaert2014a,2.8,NA,extended,FALSE,
zedenpolitie,0.387568429076294,1,Brysbaert2014a,2.8,NA,extended,FALSE,
zorg,0.387568429076294,1,Brysbaert2014a,2.8,NA,extended,FALSE,
zuurstofgebrek,0.387568429076294,1,Brysbaert2014a,2.8,NA,extended,FALSE,
ramp,0.385239617569604,2,Brysbaert2014a;Jasmin2012,4.555,NA,extended,FALSE,
vlakte,0.385239617569604,2,Brysbaert2014a;Jasmin2012,4.555,NA,extended,FALSE,
naam,0.381597766308045,2,Brysbaert2014a;Jasmin2012,4.8,NA,extended,FALSE,
greep,0.381034276568588,2,Brysbaert2014a;Jasmin2012,4.135,NA,extended,FALSE,
bliksemactie,0.380881435797935,1,Brysbaert2014a,2.79,NA,extended,FALSE,
bloedlijn,0.380881435797935,1,Brysbaert2014a,2.79,NA,extended,FALSE,
bourgogne,0.380881435797935,1,Brysbaert2014a,2.79,NA,extended,FALSE,
cineast,0.380881435797935,1,Brysbaert2014a,2.79,NA,extended,FALSE,
expresbrief,0.380881435797935,1,Brysbaert2014a,2.79,NA,extended,FALSE,
fabricage,0.380881435797935,1,Brysbaert2014a,2.79,NA,extended,FALSE,
flodder,0.380881435797935,1,Brysbaert2014a,2.79,NA,extended,FALSE,
gezel,0.380881435797935,1,Brysbaert2014a,2.79,NA,extended,FALSE,
peil,0.380881435797935,1,Brysbaert2014a,2.79,NA,extended,FALSE,
rentmeester,0.380881435797935,1,Brysbaert2014a,2.79,NA,extended,FALSE,
tel,0.380881435797935,1,Brysbaert2014a,2.79,NA,extended,FALSE,
vraatzucht,0.380881435797935,1,Brysbaert2014a,2.79,NA,extended,FALSE,
wonderolie,0.380881435797935,1,Brysbaert2014a,2.79,NA,extended,FALSE,
zenuwlijder,0.380881435797935,1,Brysbaert2014a,2.79,NA,extended,FALSE,
beschoeiing,0.380015244958769,1,Brysbaert2014a,2.78,NA,extended,FALSE,
blitskikker,0.380015244958769,1,Brysbaert2014a,2.78,NA,extended,FALSE,
choke,0.380015244958769,1,Brysbaert2014a,2.78,NA,extended,FALSE,
criticaster,0.380015244958769,1,Brysbaert2014a,2.78,NA,extended,FALSE,
epicurist,0.380015244958769,1,Brysbaert2014a,2.78,NA,extended,FALSE,
grissen,0.380015244958769,1,Brysbaert2014a,2.78,NA,extended,FALSE,
hummel,0.380015244958769,1,Brysbaert2014a,2.78,NA,extended,FALSE,
legio,0.380015244958769,1,Brysbaert2014a,2.78,NA,extended,FALSE,
metier,0.380015244958769,1,Brysbaert2014a,2.78,NA,extended,FALSE,
rococo,0.380015244958769,1,Brysbaert2014a,2.78,NA,extended,FALSE,
stumper,0.380015244958769,1,Brysbaert2014a,2.78,NA,extended,FALSE,
ruimte,0.379903136889944,2,Brysbaert2014a;Jasmin2012,4.68,NA,extended,FALSE,
ballast,0.378871873051071,1,Brysbaert2014a,2.77,NA,extended,FALSE,
baptist,0.378871873051071,1,Brysbaert2014a,2.77,NA,extended,FALSE,
carnavalesk,0.378871873051071,1,Brysbaert2014a,2.77,NA,extended,FALSE,
classicus,0.378871873051071,1,Brysbaert2014a,2.77,NA,extended,FALSE,
delirium,0.378871873051071,1,Brysbaert2014a,2.77,NA,extended,FALSE,
dodensprong,0.378871873051071,1,Brysbaert2014a,2.77,NA,extended,FALSE,
duikeling,0.378871873051071,1,Brysbaert2014a,2.77,NA,extended,FALSE,
francofoon,0.378871873051071,1,Brysbaert2014a,2.77,NA,extended,FALSE,
gammel,0.378871873051071,1,Brysbaert2014a,2.77,NA,extended,FALSE,
gemor,0.378871873051071,1,Brysbaert2014a,2.77,NA,extended,FALSE,
koopwoede,0.378871873051071,1,Brysbaert2014a,2.77,NA,extended,FALSE,
macaber,0.378871873051071,1,Brysbaert2014a,2.77,NA,extended,FALSE,
papkind,0.378871873051071,1,Brysbaert2014a,2.77,NA,extended,FALSE,
patriarch,0.378871873051071,1,Brysbaert2014a,2.77,NA,extended,FALSE,
psalm,0.378871873051071,1,Brysbaert2014a,2.77,NA,extended,FALSE,
rentenier,0.378871873051071,1,Brysbaert2014a,2.77,NA,extended,FALSE,
resumé,0.378871873051071,1,Brysbaert2014a,2.77,NA,extended,FALSE,
satanist,0.378871873051071,1,Brysbaert2014a,2.77,NA,extended,FALSE,
suspensie,0.378871873051071,1,Brysbaert2014a,2.77,NA,extended,FALSE,
tred,0.378871873051071,1,Brysbaert2014a,2.77,NA,extended,FALSE,
weerwerk,0.378871873051071,1,Brysbaert2014a,2.77,NA,extended,FALSE,
womanizer,0.378871873051071,1,Brysbaert2014a,2.77,NA,extended,FALSE,
idool,0.378319839384002,2,Brysbaert2014a;Jasmin2012,4.85,NA,extended,FALSE,
schemering,0.377126669264618,2,Brysbaert2014a;Jasmin2012,4.55,NA,extended,FALSE,
abdis,0.376966253204906,1,Brysbaert2014a,2.75,NA,extended,FALSE,
addendum,0.376966253204906,1,Brysbaert2014a,2.75,NA,extended,FALSE,
auspiciën,0.376966253204906,1,Brysbaert2014a,2.75,NA,extended,FALSE,
commies,0.376966253204906,1,Brysbaert2014a,2.75,NA,extended,FALSE,
compendium,0.376966253204906,1,Brysbaert2014a,2.75,NA,extended,FALSE,
consortium,0.376966253204906,1,Brysbaert2014a,2.75,NA,extended,FALSE,
curvatuur,0.376966253204906,1,Brysbaert2014a,2.75,NA,extended,FALSE,
gemier,0.376966253204906,1,Brysbaert2014a,2.75,NA,extended,FALSE,
gewauwel,0.376966253204906,1,Brysbaert2014a,2.75,NA,extended,FALSE,
haptonomie,0.376966253204906,1,Brysbaert2014a,2.75,NA,extended,FALSE,
hokkeling,0.376966253204906,1,Brysbaert2014a,2.75,NA,extended,FALSE,
hooiopper,0.376966253204906,1,Brysbaert2014a,2.75,NA,extended,FALSE,
jakobsladder,0.376966253204906,1,Brysbaert2014a,2.75,NA,extended,FALSE,
jeremiade,0.376966253204906,1,Brysbaert2014a,2.75,NA,extended,FALSE,
kampong,0.376966253204906,1,Brysbaert2014a,2.75,NA,extended,FALSE,
kapok,0.376966253204906,1,Brysbaert2014a,2.75,NA,extended,FALSE,
kastijden,0.376966253204906,1,Brysbaert2014a,2.75,NA,extended,FALSE,
leertje,0.376966253204906,1,Brysbaert2014a,2.75,NA,extended,FALSE,
madrigaal,0.376966253204906,1,Brysbaert2014a,2.75,NA,extended,FALSE,
mediamiek,0.376966253204906,1,Brysbaert2014a,2.75,NA,extended,FALSE,
meers,0.376966253204906,1,Brysbaert2014a,2.75,NA,extended,FALSE,
melkmuil,0.376966253204906,1,Brysbaert2014a,2.75,NA,extended,FALSE,
misslag,0.376966253204906,1,Brysbaert2014a,2.75,NA,extended,FALSE,
nikker,0.376966253204906,1,Brysbaert2014a,2.75,NA,extended,FALSE,
obstipatie,0.376966253204906,1,Brysbaert2014a,2.75,NA,extended,FALSE,
occultist,0.376966253204906,1,Brysbaert2014a,2.75,NA,extended,FALSE,
promovendus,0.376966253204906,1,Brysbaert2014a,2.75,NA,extended,FALSE,
sommatie,0.376966253204906,1,Brysbaert2014a,2.75,NA,extended,FALSE,
stram,0.376966253204906,1,Brysbaert2014a,2.75,NA,extended,FALSE,
subrogatie,0.376966253204906,1,Brysbaert2014a,2.75,NA,extended,FALSE,
synode,0.376966253204906,1,Brysbaert2014a,2.75,NA,extended,FALSE,
tiercé,0.376966253204906,1,Brysbaert2014a,2.75,NA,extended,FALSE,
toevloed,0.376966253204906,1,Brysbaert2014a,2.75,NA,extended,FALSE,
inwoner,0.372753243776031,2,Brysbaert2014a;Jasmin2012,4.605,NA,extended,FALSE,
aandeelhouder,0.37024461229298,1,Brysbaert2014a,2.73,NA,extended,FALSE,
aandringen,0.37024461229298,1,Brysbaert2014a,2.73,NA,extended,FALSE,
aanklager,0.37024461229298,1,Brysbaert2014a,2.73,NA,extended,FALSE,
aansluiting,0.37024461229298,1,Brysbaert2014a,2.73,NA,extended,FALSE,
adelbrief,0.37024461229298,1,Brysbaert2014a,2.73,NA,extended,FALSE,
administrateur,0.37024461229298,1,Brysbaert2014a,2.73,NA,extended,FALSE,
analfabeet,0.37024461229298,1,Brysbaert2014a,2.73,NA,extended,FALSE,
applicatie,0.37024461229298,1,Brysbaert2014a,2.73,NA,extended,FALSE,
archeologie,0.37024461229298,1,Brysbaert2014a,2.73,NA,extended,FALSE,
asielzoeker,0.37024461229298,1,Brysbaert2014a,2.73,NA,extended,FALSE,
autogram,0.37024461229298,1,Brysbaert2014a,2.73,NA,extended,FALSE,
beauty,0.37024461229298,1,Brysbaert2014a,2.73,NA,extended,FALSE,
bestraling,0.37024461229298,1,Brysbaert2014a,2.73,NA,extended,FALSE,
bibliofiel,0.37024461229298,1,Brysbaert2014a,2.73,NA,extended,FALSE,
bijbaantje,0.37024461229298,1,Brysbaert2014a,2.73,NA,extended,FALSE,
bijnaam,0.37024461229298,1,Brysbaert2014a,2.73,NA,extended,FALSE,
bissectrice,0.37024461229298,1,Brysbaert2014a,2.73,NA,extended,FALSE,
boekhouding,0.37024461229298,1,Brysbaert2014a,2.73,NA,extended,FALSE,
borgsom,0.37024461229298,1,Brysbaert2014a,2.73,NA,extended,FALSE,
borgtocht,0.37024461229298,1,Brysbaert2014a,2.73,NA,extended,FALSE,
buffer,0.37024461229298,1,Brysbaert2014a,2.73,NA,extended,FALSE,
buitenlander,0.37024461229298,1,Brysbaert2014a,2.73,NA,extended,FALSE,
bullebak,0.37024461229298,1,Brysbaert2014a,2.73,NA,extended,FALSE,
centraal,0.37024461229298,1,Brysbaert2014a,2.73,NA,extended,FALSE,
checken,0.37024461229298,1,Brysbaert2014a,2.73,NA,extended,FALSE,
communie,0.37024461229298,1,Brysbaert2014a,2.73,NA,extended,FALSE,
controleren,0.37024461229298,1,Brysbaert2014a,2.73,NA,extended,FALSE,
dementie,0.37024461229298,1,Brysbaert2014a,2.73,NA,extended,FALSE,
dertiger,0.37024461229298,1,Brysbaert2014a,2.73,NA,extended,FALSE,
detaillist,0.37024461229298,1,Brysbaert2014a,2.73,NA,extended,FALSE,
diabeticus,0.37024461229298,1,Brysbaert2014a,2.73,NA,extended,FALSE,
dreigement,0.37024461229298,1,Brysbaert2014a,2.73,NA,extended,FALSE,
elan,0.37024461229298,1,Brysbaert2014a,2.73,NA,extended,FALSE,
entertainen,0.37024461229298,1,Brysbaert2014a,2.73,NA,extended,FALSE,
etablissement,0.37024461229298,1,Brysbaert2014a,2.73,NA,extended,FALSE,
evacuatie,0.37024461229298,1,Brysbaert2014a,2.73,NA,extended,FALSE,
feestvarken,0.37024461229298,1,Brysbaert2014a,2.73,NA,extended,FALSE,
filiaal,0.37024461229298,1,Brysbaert2014a,2.73,NA,extended,FALSE,
foppen,0.37024461229298,1,Brysbaert2014a,2.73,NA,extended,FALSE,
fraudeur,0.37024461229298,1,Brysbaert2014a,2.73,NA,extended,FALSE,
freelancer,0.37024461229298,1,Brysbaert2014a,2.73,NA,extended,FALSE,
geil,0.37024461229298,1,Brysbaert2014a,2.73,NA,extended,FALSE,
geograaf,0.37024461229298,1,Brysbaert2014a,2.73,NA,extended,FALSE,
getouwtrek,0.37024461229298,1,Brysbaert2014a,2.73,NA,extended,FALSE,
glunder,0.37024461229298,1,Brysbaert2014a,2.73,NA,extended,FALSE,
grafschennis,0.37024461229298,1,Brysbaert2014a,2.73,NA,extended,FALSE,
groepering,0.37024461229298,1,Brysbaert2014a,2.73,NA,extended,FALSE,
grondgebied,0.37024461229298,1,Brysbaert2014a,2.73,NA,extended,FALSE,
groupie,0.37024461229298,1,Brysbaert2014a,2.73,NA,extended,FALSE,
hapering,0.37024461229298,1,Brysbaert2014a,2.73,NA,extended,FALSE,
herrie,0.37024461229298,1,Brysbaert2014a,2.73,NA,extended,FALSE,
hoofdlijn,0.37024461229298,1,Brysbaert2014a,2.73,NA,extended,FALSE,
houder,0.37024461229298,1,Brysbaert2014a,2.73,NA,extended,FALSE,
huidvetter,0.37024461229298,1,Brysbaert2014a,2.73,NA,extended,FALSE,
huisvesten,0.37024461229298,1,Brysbaert2014a,2.73,NA,extended,FALSE,
hulpverlening,0.37024461229298,1,Brysbaert2014a,2.73,NA,extended,FALSE,
illusionist,0.37024461229298,1,Brysbaert2014a,2.73,NA,extended,FALSE,
inrichting,0.37024461229298,1,Brysbaert2014a,2.73,NA,extended,FALSE,
instuif,0.37024461229298,1,Brysbaert2014a,2.73,NA,extended,FALSE,
jachtseizoen,0.37024461229298,1,Brysbaert2014a,2.73,NA,extended,FALSE,
jongeling,0.37024461229298,1,Brysbaert2014a,2.73,NA,extended,FALSE,
jood,0.37024461229298,1,Brysbaert2014a,2.73,NA,extended,FALSE,
juffrouw,0.37024461229298,1,Brysbaert2014a,2.73,NA,extended,FALSE,
kakofonie,0.37024461229298,1,Brysbaert2014a,2.73,NA,extended,FALSE,
kanjer,0.37024461229298,1,Brysbaert2014a,2.73,NA,extended,FALSE,
kankeren,0.37024461229298,1,Brysbaert2014a,2.73,NA,extended,FALSE,
kapoen,0.37024461229298,1,Brysbaert2014a,2.73,NA,extended,FALSE,
kerstvakantie,0.37024461229298,1,Brysbaert2014a,2.73,NA,extended,FALSE,
klus,0.37024461229298,1,Brysbaert2014a,2.73,NA,extended,FALSE,
krijgskunst,0.37024461229298,1,Brysbaert2014a,2.73,NA,extended,FALSE,
leegloop,0.37024461229298,1,Brysbaert2014a,2.73,NA,extended,FALSE,
leugenaar,0.37024461229298,1,Brysbaert2014a,2.73,NA,extended,FALSE,
lijnvlucht,0.37024461229298,1,Brysbaert2014a,2.73,NA,extended,FALSE,
machthebber,0.37024461229298,1,Brysbaert2014a,2.73,NA,extended,FALSE,
magnetiseur,0.37024461229298,1,Brysbaert2014a,2.73,NA,extended,FALSE,
meesterwerk,0.37024461229298,1,Brysbaert2014a,2.73,NA,extended,FALSE,
misbaksel,0.37024461229298,1,Brysbaert2014a,2.73,NA,extended,FALSE,
mispakken,0.37024461229298,1,Brysbaert2014a,2.73,NA,extended,FALSE,
moederdag,0.37024461229298,1,Brysbaert2014a,2.73,NA,extended,FALSE,
monseigneur,0.37024461229298,1,Brysbaert2014a,2.73,NA,extended,FALSE,
mouwvegen,0.37024461229298,1,Brysbaert2014a,2.73,NA,extended,FALSE,
nakomertje,0.37024461229298,1,Brysbaert2014a,2.73,NA,extended,FALSE,
ochtend,0.37024461229298,1,Brysbaert2014a,2.73,NA,extended,FALSE,
ontwapening,0.37024461229298,1,Brysbaert2014a,2.73,NA,extended,FALSE,
ontwerp,0.37024461229298,1,Brysbaert2014a,2.73,NA,extended,FALSE,
oogsttijd,0.37024461229298,1,Brysbaert2014a,2.73,NA,extended,FALSE,
oord,0.37024461229298,1,Brysbaert2014a,2.73,NA,extended,FALSE,
opbrengst,0.37024461229298,1,Brysbaert2014a,2.73,NA,extended,FALSE,
opstanding,0.37024461229298,1,Brysbaert2014a,2.73,NA,extended,FALSE,
paartijd,0.37024461229298,1,Brysbaert2014a,2.73,NA,extended,FALSE,
passiespel,0.37024461229298,1,Brysbaert2014a,2.73,NA,extended,FALSE,
pedofiel,0.37024461229298,1,Brysbaert2014a,2.73,NA,extended,FALSE,
pedofilie,0.37024461229298,1,Brysbaert2014a,2.73,NA,extended,FALSE,
peiling,0.37024461229298,1,Brysbaert2014a,2.73,NA,extended,FALSE,
pi,0.37024461229298,1,Brysbaert2014a,2.73,NA,extended,FALSE,
piepklein,0.37024461229298,1,Brysbaert2014a,2.73,NA,extended,FALSE,
pionier,0.37024461229298,1,Brysbaert2014a,2.73,NA,extended,FALSE,
pleegdochter,0.37024461229298,1,Brysbaert2014a,2.73,NA,extended,FALSE,
poëet,0.37024461229298,1,Brysbaert2014a,2.73,NA,extended,FALSE,
pokerface,0.37024461229298,1,Brysbaert2014a,2.73,NA,extended,FALSE,
poule,0.37024461229298,1,Brysbaert2014a,2.73,NA,extended,FALSE,
proefkonijn,0.37024461229298,1,Brysbaert2014a,2.73,NA,extended,FALSE,
proost,0.37024461229298,1,Brysbaert2014a,2.73,NA,extended,FALSE,
proton,0.37024461229298,1,Brysbaert2014a,2.73,NA,extended,FALSE,
raadgever,0.37024461229298,1,Brysbaert2014a,2.73,NA,extended,FALSE,
record,0.37024461229298,1,Brysbaert2014a,2.73,NA,extended,FALSE,
renovatie,0.37024461229298,1,Brysbaert2014a,2.73,NA,extended,FALSE,
repatriëring,0.37024461229298,1,Brysbaert2014a,2.73,NA,extended,FALSE,
rest,0.37024461229298,1,Brysbaert2014a,2.73,NA,extended,FALSE,
retouche,0.37024461229298,1,Brysbaert2014a,2.73,NA,extended,FALSE,
roddelpers,0.37024461229298,1,Brysbaert2014a,2.73,NA,extended,FALSE,
roepnaam,0.37024461229298,1,Brysbaert2014a,2.73,NA,extended,FALSE,
salaris,0.37024461229298,1,Brysbaert2014a,2.73,NA,extended,FALSE,
samenvatting,0.37024461229298,1,Brysbaert2014a,2.73,NA,extended,FALSE,
scène,0.37024461229298,1,Brysbaert2014a,2.73,NA,extended,FALSE,
serie,0.37024461229298,1,Brysbaert2014a,2.73,NA,extended,FALSE,
shortlist,0.37024461229298,1,Brysbaert2014a,2.73,NA,extended,FALSE,
showbizz,0.37024461229298,1,Brysbaert2014a,2.73,NA,extended,FALSE,
slappeling,0.37024461229298,1,Brysbaert2014a,2.73,NA,extended,FALSE,
sleutelkind,0.37024461229298,1,Brysbaert2014a,2.73,NA,extended,FALSE,
slons,0.37024461229298,1,Brysbaert2014a,2.73,NA,extended,FALSE,
slotsom,0.37024461229298,1,Brysbaert2014a,2.73,NA,extended,FALSE,
snertweer,0.37024461229298,1,Brysbaert2014a,2.73,NA,extended,FALSE,
speurwerk,0.37024461229298,1,Brysbaert2014a,2.73,NA,extended,FALSE,
staatshoofd,0.37024461229298,1,Brysbaert2014a,2.73,NA,extended,FALSE,
stimulator,0.37024461229298,1,Brysbaert2014a,2.73,NA,extended,FALSE,
substantie,0.37024461229298,1,Brysbaert2014a,2.73,NA,extended,FALSE,
superster,0.37024461229298,1,Brysbaert2014a,2.73,NA,extended,FALSE,
symbool,0.37024461229298,1,Brysbaert2014a,2.73,NA,extended,FALSE,
tegenpartij,0.37024461229298,1,Brysbaert2014a,2.73,NA,extended,FALSE,
thriller,0.37024461229298,1,Brysbaert2014a,2.73,NA,extended,FALSE,
tiental,0.37024461229298,1,Brysbaert2014a,2.73,NA,extended,FALSE,
training,0.37024461229298,1,Brysbaert2014a,2.73,NA,extended,FALSE,
transcriptie,0.37024461229298,1,Brysbaert2014a,2.73,NA,extended,FALSE,
trendvolger,0.37024461229298,1,Brysbaert2014a,2.73,NA,extended,FALSE,
uroloog,0.37024461229298,1,Brysbaert2014a,2.73,NA,extended,FALSE,
vaatziekte,0.37024461229298,1,Brysbaert2014a,2.73,NA,extended,FALSE,
valserik,0.37024461229298,1,Brysbaert2014a,2.73,NA,extended,FALSE,
veganist,0.37024461229298,1,Brysbaert2014a,2.73,NA,extended,FALSE,
vergeetboek,0.37024461229298,1,Brysbaert2014a,2.73,NA,extended,FALSE,
verhuur,0.37024461229298,1,Brysbaert2014a,2.73,NA,extended,FALSE,
veroudering,0.37024461229298,1,Brysbaert2014a,2.73,NA,extended,FALSE,
versnippering,0.37024461229298,1,Brysbaert2014a,2.73,NA,extended,FALSE,
verstekeling,0.37024461229298,1,Brysbaert2014a,2.73,NA,extended,FALSE,
vervorming,0.37024461229298,1,Brysbaert2014a,2.73,NA,extended,FALSE,
verzorging,0.37024461229298,1,Brysbaert2014a,2.73,NA,extended,FALSE,
vijand,0.37024461229298,1,Brysbaert2014a,2.73,NA,extended,FALSE,
vreugdevuur,0.37024461229298,1,Brysbaert2014a,2.73,NA,extended,FALSE,
waarnemer,0.37024461229298,1,Brysbaert2014a,2.73,NA,extended,FALSE,
wapensysteem,0.37024461229298,1,Brysbaert2014a,2.73,NA,extended,FALSE,
wrijving,0.37024461229298,1,Brysbaert2014a,2.73,NA,extended,FALSE,
zeemacht,0.37024461229298,1,Brysbaert2014a,2.73,NA,extended,FALSE,
ziekte,0.369025735864821,2,Brysbaert2014a;Jasmin2012,4.48,NA,extended,FALSE,
beloning,0.367385126950668,2,Brysbaert2014a;Jasmin2012,4.69,NA,extended,FALSE,
ambassadrice,0.363176495045388,1,Brysbaert2014a,2.71,NA,extended,FALSE,
banderol,0.363176495045388,1,Brysbaert2014a,2.71,NA,extended,FALSE,
bluffer,0.363176495045388,1,Brysbaert2014a,2.71,NA,extended,FALSE,
compagnie,0.363176495045388,1,Brysbaert2014a,2.71,NA,extended,FALSE,
conto,0.363176495045388,1,Brysbaert2014a,2.71,NA,extended,FALSE,
enkeltje,0.363176495045388,1,Brysbaert2014a,2.71,NA,extended,FALSE,
grondvest,0.363176495045388,1,Brysbaert2014a,2.71,NA,extended,FALSE,
huiskring,0.363176495045388,1,Brysbaert2014a,2.71,NA,extended,FALSE,
kamikaze,0.363176495045388,1,Brysbaert2014a,2.71,NA,extended,FALSE,
kilobyte,0.363176495045388,1,Brysbaert2014a,2.71,NA,extended,FALSE,
kloek,0.363176495045388,1,Brysbaert2014a,2.71,NA,extended,FALSE,
kostgeld,0.363176495045388,1,Brysbaert2014a,2.71,NA,extended,FALSE,
krakeel,0.363176495045388,1,Brysbaert2014a,2.71,NA,extended,FALSE,
kubiek,0.363176495045388,1,Brysbaert2014a,2.71,NA,extended,FALSE,
leermiddel,0.363176495045388,1,Brysbaert2014a,2.71,NA,extended,FALSE,
loom,0.363176495045388,1,Brysbaert2014a,2.71,NA,extended,FALSE,
loops,0.363176495045388,1,Brysbaert2014a,2.71,NA,extended,FALSE,
metabolisme,0.363176495045388,1,Brysbaert2014a,2.71,NA,extended,FALSE,
noodsprong,0.363176495045388,1,Brysbaert2014a,2.71,NA,extended,FALSE,
onderkoning,0.363176495045388,1,Brysbaert2014a,2.71,NA,extended,FALSE,
organisme,0.363176495045388,1,Brysbaert2014a,2.71,NA,extended,FALSE,
part,0.363176495045388,1,Brysbaert2014a,2.71,NA,extended,FALSE,
pediater,0.363176495045388,1,Brysbaert2014a,2.71,NA,extended,FALSE,
plomp,0.363176495045388,1,Brysbaert2014a,2.71,NA,extended,FALSE,
postvatten,0.363176495045388,1,Brysbaert2014a,2.71,NA,extended,FALSE,
provoost,0.363176495045388,1,Brysbaert2014a,2.71,NA,extended,FALSE,
rank,0.363176495045388,1,Brysbaert2014a,2.71,NA,extended,FALSE,
reppen,0.363176495045388,1,Brysbaert2014a,2.71,NA,extended,FALSE,
ridderslag,0.363176495045388,1,Brysbaert2014a,2.71,NA,extended,FALSE,
schermutseling,0.363176495045388,1,Brysbaert2014a,2.71,NA,extended,FALSE,
showbink,0.363176495045388,1,Brysbaert2014a,2.71,NA,extended,FALSE,
spilfiguur,0.363176495045388,1,Brysbaert2014a,2.71,NA,extended,FALSE,
stokstil,0.363176495045388,1,Brysbaert2014a,2.71,NA,extended,FALSE,
transfusie,0.363176495045388,1,Brysbaert2014a,2.71,NA,extended,FALSE,
uitreiking,0.363176495045388,1,Brysbaert2014a,2.71,NA,extended,FALSE,
uitzending,0.363176495045388,1,Brysbaert2014a,2.71,NA,extended,FALSE,
vaktaal,0.363176495045388,1,Brysbaert2014a,2.71,NA,extended,FALSE,
vechtjas,0.363176495045388,1,Brysbaert2014a,2.71,NA,extended,FALSE,
verwering,0.363176495045388,1,Brysbaert2014a,2.71,NA,extended,FALSE,
veste,0.363176495045388,1,Brysbaert2014a,2.71,NA,extended,FALSE,
voorvechter,0.363176495045388,1,Brysbaert2014a,2.71,NA,extended,FALSE,
vraagal,0.363176495045388,1,Brysbaert2014a,2.71,NA,extended,FALSE,
vrijerij,0.363176495045388,1,Brysbaert2014a,2.71,NA,extended,FALSE,
woede,0.361893694354224,2,Brysbaert2014a;Jasmin2012,4.47,NA,extended,FALSE,
duivel,0.3617452931997,2,Brysbaert2014a;Jasmin2012,4.705,NA,extended,FALSE,
vernietiging,0.361652309631123,2,Brysbaert2014a;Jasmin2012,4.505,NA,extended,FALSE,
dauwtrappen,0.36140946573349,1,Brysbaert2014a,2.7,NA,extended,FALSE,
griffen,0.36140946573349,1,Brysbaert2014a,2.7,NA,extended,FALSE,
narcolepsie,0.36140946573349,1,Brysbaert2014a,2.7,NA,extended,FALSE,
opruien,0.36140946573349,1,Brysbaert2014a,2.7,NA,extended,FALSE,
paria,0.36140946573349,1,Brysbaert2014a,2.7,NA,extended,FALSE,
pauper,0.36140946573349,1,Brysbaert2014a,2.7,NA,extended,FALSE,
rekel,0.36140946573349,1,Brysbaert2014a,2.7,NA,extended,FALSE,
supernova,0.36140946573349,1,Brysbaert2014a,2.7,NA,extended,FALSE,
confrater,0.360508627260758,1,Brysbaert2014a,2.69,NA,extended,FALSE,
copieus,0.360508627260758,1,Brysbaert2014a,2.69,NA,extended,FALSE,
engte,0.360508627260758,1,Brysbaert2014a,2.69,NA,extended,FALSE,
gebazel,0.360508627260758,1,Brysbaert2014a,2.69,NA,extended,FALSE,
geluidswal,0.360508627260758,1,Brysbaert2014a,2.69,NA,extended,FALSE,
gever,0.360508627260758,1,Brysbaert2014a,2.69,NA,extended,FALSE,
knersen,0.360508627260758,1,Brysbaert2014a,2.69,NA,extended,FALSE,
kweekschool,0.360508627260758,1,Brysbaert2014a,2.69,NA,extended,FALSE,
losprijs,0.360508627260758,1,Brysbaert2014a,2.69,NA,extended,FALSE,
magnaat,0.360508627260758,1,Brysbaert2014a,2.69,NA,extended,FALSE,
manshoog,0.360508627260758,1,Brysbaert2014a,2.69,NA,extended,FALSE,
novice,0.360508627260758,1,Brysbaert2014a,2.69,NA,extended,FALSE,
odyssee,0.360508627260758,1,Brysbaert2014a,2.69,NA,extended,FALSE,
overslag,0.360508627260758,1,Brysbaert2014a,2.69,NA,extended,FALSE,
pips,0.360508627260758,1,Brysbaert2014a,2.69,NA,extended,FALSE,
provisie,0.360508627260758,1,Brysbaert2014a,2.69,NA,extended,FALSE,
razen,0.360508627260758,1,Brysbaert2014a,2.69,NA,extended,FALSE,
spieden,0.360508627260758,1,Brysbaert2014a,2.69,NA,extended,FALSE,
verrader,0.357053674524353,2,Brysbaert2014a;Jasmin2012,4.55,NA,extended,FALSE,
heroine,0.353942652329749,1,Jasmin2012,6.57,NA,extended,FALSE,
schansspringen,0.353942652329749,1,Jasmin2012,6.57,NA,extended,FALSE,
trauma,0.353232748396833,2,Brysbaert2014a;Jasmin2012,4.665,NA,extended,FALSE,
aangifte,0.351257709098469,1,Brysbaert2014a,2.67,NA,extended,FALSE,
aanhangsel,0.351257709098469,1,Brysbaert2014a,2.67,NA,extended,FALSE,
aanvrager,0.351257709098469,1,Brysbaert2014a,2.67,NA,extended,FALSE,
aanvulling,0.351257709098469,1,Brysbaert2014a,2.67,NA,extended,FALSE,
aartsvijand,0.351257709098469,1,Brysbaert2014a,2.67,NA,extended,FALSE,
afdeling,0.351257709098469,1,Brysbaert2014a,2.67,NA,extended,FALSE,
afdingen,0.351257709098469,1,Brysbaert2014a,2.67,NA,extended,FALSE,
afloop,0.351257709098469,1,Brysbaert2014a,2.67,NA,extended,FALSE,
afscheid,0.351257709098469,1,Brysbaert2014a,2.67,NA,extended,FALSE,
aftakking,0.351257709098469,1,Brysbaert2014a,2.67,NA,extended,FALSE,
ampel,0.351257709098469,1,Brysbaert2014a,2.67,NA,extended,FALSE,
antidotum,0.351257709098469,1,Brysbaert2014a,2.67,NA,extended,FALSE,
arbeid,0.351257709098469,1,Brysbaert2014a,2.67,NA,extended,FALSE,
assisenzaak,0.351257709098469,1,Brysbaert2014a,2.67,NA,extended,FALSE,
astronoom,0.351257709098469,1,Brysbaert2014a,2.67,NA,extended,FALSE,
bedeling,0.351257709098469,1,Brysbaert2014a,2.67,NA,extended,FALSE,
berekening,0.351257709098469,1,Brysbaert2014a,2.67,NA,extended,FALSE,
beroemdheid,0.351257709098469,1,Brysbaert2014a,2.67,NA,extended,FALSE,
bestanddeel,0.351257709098469,1,Brysbaert2014a,2.67,NA,extended,FALSE,
bestelling,0.351257709098469,1,Brysbaert2014a,2.67,NA,extended,FALSE,
beurtrol,0.351257709098469,1,Brysbaert2014a,2.67,NA,extended,FALSE,
beveiliging,0.351257709098469,1,Brysbaert2014a,2.67,NA,extended,FALSE,
bifocaal,0.351257709098469,1,Brysbaert2014a,2.67,NA,extended,FALSE,
bijscholing,0.351257709098469,1,Brysbaert2014a,2.67,NA,extended,FALSE,
blaker,0.351257709098469,1,Brysbaert2014a,2.67,NA,extended,FALSE,
blindganger,0.351257709098469,1,Brysbaert2014a,2.67,NA,extended,FALSE,
boedel,0.351257709098469,1,Brysbaert2014a,2.67,NA,extended,FALSE,
boeking,0.351257709098469,1,Brysbaert2014a,2.67,NA,extended,FALSE,
boerenlul,0.351257709098469,1,Brysbaert2014a,2.67,NA,extended,FALSE,
boosheid,0.351257709098469,1,Brysbaert2014a,2.67,NA,extended,FALSE,
botterik,0.351257709098469,1,Brysbaert2014a,2.67,NA,extended,FALSE,
bouwstijl,0.351257709098469,1,Brysbaert2014a,2.67,NA,extended,FALSE,
branie,0.351257709098469,1,Brysbaert2014a,2.67,NA,extended,FALSE,
broekie,0.351257709098469,1,Brysbaert2014a,2.67,NA,extended,FALSE,
budget,0.351257709098469,1,Brysbaert2014a,2.67,NA,extended,FALSE,
catechismus,0.351257709098469,1,Brysbaert2014a,2.67,NA,extended,FALSE,
chanteur,0.351257709098469,1,Brysbaert2014a,2.67,NA,extended,FALSE,
citaat,0.351257709098469,1,Brysbaert2014a,2.67,NA,extended,FALSE,
coachen,0.351257709098469,1,Brysbaert2014a,2.67,NA,extended,FALSE,
coderen,0.351257709098469,1,Brysbaert2014a,2.67,NA,extended,FALSE,
comité,0.351257709098469,1,Brysbaert2014a,2.67,NA,extended,FALSE,
concurrent,0.351257709098469,1,Brysbaert2014a,2.67,NA,extended,FALSE,
conflict,0.351257709098469,1,Brysbaert2014a,2.67,NA,extended,FALSE,
consigne,0.351257709098469,1,Brysbaert2014a,2.67,NA,extended,FALSE,
consumptie,0.351257709098469,1,Brysbaert2014a,2.67,NA,extended,FALSE,
coördinaat,0.351257709098469,1,Brysbaert2014a,2.67,NA,extended,FALSE,
coördinator,0.351257709098469,1,Brysbaert2014a,2.67,NA,extended,FALSE,
correctie,0.351257709098469,1,Brysbaert2014a,2.67,NA,extended,FALSE,
deel,0.351257709098469,1,Brysbaert2014a,2.67,NA,extended,FALSE,
defensie,0.351257709098469,1,Brysbaert2014a,2.67,NA,extended,FALSE,
dialect,0.351257709098469,1,Brysbaert2014a,2.67,NA,extended,FALSE,
dodental,0.351257709098469,1,Brysbaert2014a,2.67,NA,extended,FALSE,
doodstraf,0.351257709098469,1,Brysbaert2014a,2.67,NA,extended,FALSE,
doorzetter,0.351257709098469,1,Brysbaert2014a,2.67,NA,extended,FALSE,
douceurtje,0.351257709098469,1,Brysbaert2014a,2.67,NA,extended,FALSE,
dramaturg,0.351257709098469,1,Brysbaert2014a,2.67,NA,extended,FALSE,
dranger,0.351257709098469,1,Brysbaert2014a,2.67,NA,extended,FALSE,
droom,0.351257709098469,1,Brysbaert2014a,2.67,NA,extended,FALSE,
droomhuis,0.351257709098469,1,Brysbaert2014a,2.67,NA,extended,FALSE,
dwangarbeid,0.351257709098469,1,Brysbaert2014a,2.67,NA,extended,FALSE,
eind,0.351257709098469,1,Brysbaert2014a,2.67,NA,extended,FALSE,
elektron,0.351257709098469,1,Brysbaert2014a,2.67,NA,extended,FALSE,
emoties,0.351257709098469,1,Brysbaert2014a,2.67,NA,extended,FALSE,
erfstuk,0.351257709098469,1,Brysbaert2014a,2.67,NA,extended,FALSE,
extratje,0.351257709098469,1,Brysbaert2014a,2.67,NA,extended,FALSE,
faculteit,0.351257709098469,1,Brysbaert2014a,2.67,NA,extended,FALSE,
felicitatie,0.351257709098469,1,Brysbaert2014a,2.67,NA,extended,FALSE,
floepen,0.351257709098469,1,Brysbaert2014a,2.67,NA,extended,FALSE,
fuifnummer,0.351257709098469,1,Brysbaert2014a,2.67,NA,extended,FALSE,
gebied,0.351257709098469,1,Brysbaert2014a,2.67,NA,extended,FALSE,
gebieden,0.351257709098469,1,Brysbaert2014a,2.67,NA,extended,FALSE,
gelukwensen,0.351257709098469,1,Brysbaert2014a,2.67,NA,extended,FALSE,
gepruts,0.351257709098469,1,Brysbaert2014a,2.67,NA,extended,FALSE,
gerechtshof,0.351257709098469,1,Brysbaert2014a,2.67,NA,extended,FALSE,
getreiter,0.351257709098469,1,Brysbaert2014a,2.67,NA,extended,FALSE,
grensgebied,0.351257709098469,1,Brysbaert2014a,2.67,NA,extended,FALSE,
grootje,0.351257709098469,1,Brysbaert2014a,2.67,NA,extended,FALSE,
halsmisdaad,0.351257709098469,1,Brysbaert2014a,2.67,NA,extended,FALSE,
handbereik,0.351257709098469,1,Brysbaert2014a,2.67,NA,extended,FALSE,
heerser,0.351257709098469,1,Brysbaert2014a,2.67,NA,extended,FALSE,
hinderen,0.351257709098469,1,Brysbaert2014a,2.67,NA,extended,FALSE,
hinderlaag,0.351257709098469,1,Brysbaert2014a,2.67,NA,extended,FALSE,
holebi,0.351257709098469,1,Brysbaert2014a,2.67,NA,extended,FALSE,
hongerdood,0.351257709098469,1,Brysbaert2014a,2.67,NA,extended,FALSE,
hongerloon,0.351257709098469,1,Brysbaert2014a,2.67,NA,extended,FALSE,
hongerwinter,0.351257709098469,1,Brysbaert2014a,2.67,NA,extended,FALSE,
hoogheid,0.351257709098469,1,Brysbaert2014a,2.67,NA,extended,FALSE,
hoogtevrees,0.351257709098469,1,Brysbaert2014a,2.67,NA,extended,FALSE,
hoveling,0.351257709098469,1,Brysbaert2014a,2.67,NA,extended,FALSE,
identiek,0.351257709098469,1,Brysbaert2014a,2.67,NA,extended,FALSE,
imitatie,0.351257709098469,1,Brysbaert2014a,2.67,NA,extended,FALSE,
importeur,0.351257709098469,1,Brysbaert2014a,2.67,NA,extended,FALSE,
inschrijving,0.351257709098469,1,Brysbaert2014a,2.67,NA,extended,FALSE,
insider,0.351257709098469,1,Brysbaert2014a,2.67,NA,extended,FALSE,
instroom,0.351257709098469,1,Brysbaert2014a,2.67,NA,extended,FALSE,
interactie,0.351257709098469,1,Brysbaert2014a,2.67,NA,extended,FALSE,
interludium,0.351257709098469,1,Brysbaert2014a,2.67,NA,extended,FALSE,
invaller,0.351257709098469,1,Brysbaert2014a,2.67,NA,extended,FALSE,
jaknikker,0.351257709098469,1,Brysbaert2014a,2.67,NA,extended,FALSE,
joch,0.351257709098469,1,Brysbaert2014a,2.67,NA,extended,FALSE,
jochie,0.351257709098469,1,Brysbaert2014a,2.67,NA,extended,FALSE,
jofel,0.351257709098469,1,Brysbaert2014a,2.67,NA,extended,FALSE,
judaspenning,0.351257709098469,1,Brysbaert2014a,2.67,NA,extended,FALSE,
kaliber,0.351257709098469,1,Brysbaert2014a,2.67,NA,extended,FALSE,
kandidate,0.351257709098469,1,Brysbaert2014a,2.67,NA,extended,FALSE,
keerzijde,0.351257709098469,1,Brysbaert2014a,2.67,NA,extended,FALSE,
kerkvader,0.351257709098469,1,Brysbaert2014a,2.67,NA,extended,FALSE,
klassement,0.351257709098469,1,Brysbaert2014a,2.67,NA,extended,FALSE,
kletsmajoor,0.351257709098469,1,Brysbaert2014a,2.67,NA,extended,FALSE,
klonen,0.351257709098469,1,Brysbaert2014a,2.67,NA,extended,FALSE,
klotefilm,0.351257709098469,1,Brysbaert2014a,2.67,NA,extended,FALSE,
kluns,0.351257709098469,1,Brysbaert2014a,2.67,NA,extended,FALSE,
klysma,0.351257709098469,1,Brysbaert2014a,2.67,NA,extended,FALSE,
kneus,0.351257709098469,1,Brysbaert2014a,2.67,NA,extended,FALSE,
kolder,0.351257709098469,1,Brysbaert2014a,2.67,NA,extended,FALSE,
kolonie,0.351257709098469,1,Brysbaert2014a,2.67,NA,extended,FALSE,
koppelbaas,0.351257709098469,1,Brysbaert2014a,2.67,NA,extended,FALSE,
kout,0.351257709098469,1,Brysbaert2014a,2.67,NA,extended,FALSE,
krachtbron,0.351257709098469,1,Brysbaert2014a,2.67,NA,extended,FALSE,
kruiselings,0.351257709098469,1,Brysbaert2014a,2.67,NA,extended,FALSE,
kwaad,0.351257709098469,1,Brysbaert2014a,2.67,NA,extended,FALSE,
leefloon,0.351257709098469,1,Brysbaert2014a,2.67,NA,extended,FALSE,
leiding,0.351257709098469,1,Brysbaert2014a,2.67,NA,extended,FALSE,
lidgeld,0.351257709098469,1,Brysbaert2014a,2.67,NA,extended,FALSE,
lijstduwer,0.351257709098469,1,Brysbaert2014a,2.67,NA,extended,FALSE,
link,0.351257709098469,1,Brysbaert2014a,2.67,NA,extended,FALSE,
literatuur,0.351257709098469,1,Brysbaert2014a,2.67,NA,extended,FALSE,
lofzang,0.351257709098469,1,Brysbaert2014a,2.67,NA,extended,FALSE,
losbol,0.351257709098469,1,Brysbaert2014a,2.67,NA,extended,FALSE,
lotgenoot,0.351257709098469,1,Brysbaert2014a,2.67,NA,extended,FALSE,
luchtbrug,0.351257709098469,1,Brysbaert2014a,2.67,NA,extended,FALSE,
luchtmacht,0.351257709098469,1,Brysbaert2014a,2.67,NA,extended,FALSE,
lustrum,0.351257709098469,1,Brysbaert2014a,2.67,NA,extended,FALSE,
maal,0.351257709098469,1,Brysbaert2014a,2.67,NA,extended,FALSE,
maand,0.351257709098469,1,Brysbaert2014a,2.67,NA,extended,FALSE,
maat,0.351257709098469,1,Brysbaert2014a,2.67,NA,extended,FALSE,
mankement,0.351257709098469,1,Brysbaert2014a,2.67,NA,extended,FALSE,
manoeuvre,0.351257709098469,1,Brysbaert2014a,2.67,NA,extended,FALSE,
medeburger,0.351257709098469,1,Brysbaert2014a,2.67,NA,extended,FALSE,
mensenhandel,0.351257709098469,1,Brysbaert2014a,2.67,NA,extended,FALSE,
milicien,0.351257709098469,1,Brysbaert2014a,2.67,NA,extended,FALSE,
minuterie,0.351257709098469,1,Brysbaert2014a,2.67,NA,extended,FALSE,
misdrijf,0.351257709098469,1,Brysbaert2014a,2.67,NA,extended,FALSE,
mishandeling,0.351257709098469,1,Brysbaert2014a,2.67,NA,extended,FALSE,
moderator,0.351257709098469,1,Brysbaert2014a,2.67,NA,extended,FALSE,
moeheid,0.351257709098469,1,Brysbaert2014a,2.67,NA,extended,FALSE,
nazorg,0.351257709098469,1,Brysbaert2014a,2.67,NA,extended,FALSE,
nieuwkomer,0.351257709098469,1,Brysbaert2014a,2.67,NA,extended,FALSE,
ochtendpauze,0.351257709098469,1,Brysbaert2014a,2.67,NA,extended,FALSE,
ontslag,0.351257709098469,1,Brysbaert2014a,2.67,NA,extended,FALSE,
oogopslag,0.351257709098469,1,Brysbaert2014a,2.67,NA,extended,FALSE,
oorlogstijd,0.351257709098469,1,Brysbaert2014a,2.67,NA,extended,FALSE,
oplichtster,0.351257709098469,1,Brysbaert2014a,2.67,NA,extended,FALSE,
oprichter,0.351257709098469,1,Brysbaert2014a,2.67,NA,extended,FALSE,
opstelling,0.351257709098469,1,Brysbaert2014a,2.67,NA,extended,FALSE,
opvang,0.351257709098469,1,Brysbaert2014a,2.67,NA,extended,FALSE,
oudbakken,0.351257709098469,1,Brysbaert2014a,2.67,NA,extended,FALSE,
overschot,0.351257709098469,1,Brysbaert2014a,2.67,NA,extended,FALSE,
pappenheimer,0.351257709098469,1,Brysbaert2014a,2.67,NA,extended,FALSE,
parlement,0.351257709098469,1,Brysbaert2014a,2.67,NA,extended,FALSE,
partikel,0.351257709098469,1,Brysbaert2014a,2.67,NA,extended,FALSE,
patriciër,0.351257709098469,1,Brysbaert2014a,2.67,NA,extended,FALSE,
peppel,0.351257709098469,1,Brysbaert2014a,2.67,NA,extended,FALSE,
piekuur,0.351257709098469,1,Brysbaert2014a,2.67,NA,extended,FALSE,
plaag,0.351257709098469,1,Brysbaert2014a,2.67,NA,extended,FALSE,
pleegvader,0.351257709098469,1,Brysbaert2014a,2.67,NA,extended,FALSE,
pleitbezorger,0.351257709098469,1,Brysbaert2014a,2.67,NA,extended,FALSE,
plundering,0.351257709098469,1,Brysbaert2014a,2.67,NA,extended,FALSE,
politica,0.351257709098469,1,Brysbaert2014a,2.67,NA,extended,FALSE,
poujadisme,0.351257709098469,1,Brysbaert2014a,2.67,NA,extended,FALSE,
prikkeling,0.351257709098469,1,Brysbaert2014a,2.67,NA,extended,FALSE,
proefstuk,0.351257709098469,1,Brysbaert2014a,2.67,NA,extended,FALSE,
purser,0.351257709098469,1,Brysbaert2014a,2.67,NA,extended,FALSE,
pushen,0.351257709098469,1,Brysbaert2014a,2.67,NA,extended,FALSE,
raadsel,0.351257709098469,1,Brysbaert2014a,2.67,NA,extended,FALSE,
rap,0.351257709098469,1,Brysbaert2014a,2.67,NA,extended,FALSE,
recherche,0.351257709098469,1,Brysbaert2014a,2.67,NA,extended,FALSE,
redmiddel,0.351257709098469,1,Brysbaert2014a,2.67,NA,extended,FALSE,
regio,0.351257709098469,1,Brysbaert2014a,2.67,NA,extended,FALSE,
remonte,0.351257709098469,1,Brysbaert2014a,2.67,NA,extended,FALSE,
respons,0.351257709098469,1,Brysbaert2014a,2.67,NA,extended,FALSE,
revier,0.351257709098469,1,Brysbaert2014a,2.67,NA,extended,FALSE,
richting,0.351257709098469,1,Brysbaert2014a,2.67,NA,extended,FALSE,
rijstijl,0.351257709098469,1,Brysbaert2014a,2.67,NA,extended,FALSE,
rokade,0.351257709098469,1,Brysbaert2014a,2.67,NA,extended,FALSE,
rustpunt,0.351257709098469,1,Brysbaert2014a,2.67,NA,extended,FALSE,
sanctuarium,0.351257709098469,1,Brysbaert2014a,2.67,NA,extended,FALSE,
schare,0.351257709098469,1,Brysbaert2014a,2.67,NA,extended,FALSE,
scheldnaam,0.351257709098469,1,Brysbaert2014a,2.67,NA,extended,FALSE,
schepper,0.351257709098469,1,Brysbaert2014a,2.67,NA,extended,FALSE,
scherts,0.351257709098469,1,Brysbaert2014a,2.67,NA,extended,FALSE,
schoondochter,0.351257709098469,1,Brysbaert2014a,2.67,NA,extended,FALSE,
schrijn,0.351257709098469,1,Brysbaert2014a,2.67,NA,extended,FALSE,
schurken,0.351257709098469,1,Brysbaert2014a,2.67,NA,extended,FALSE,
sjoemelaar,0.351257709098469,1,Brysbaert2014a,2.67,NA,extended,FALSE,
sluiting,0.351257709098469,1,Brysbaert2014a,2.67,NA,extended,FALSE,
smeerlap,0.351257709098469,1,Brysbaert2014a,2.67,NA,extended,FALSE,
smoes,0.351257709098469,1,Brysbaert2014a,2.67,NA,extended,FALSE,
snelheid,0.351257709098469,1,Brysbaert2014a,2.67,NA,extended,FALSE,
speelvogel,0.351257709098469,1,Brysbaert2014a,2.67,NA,extended,FALSE,
spektakel,0.351257709098469,1,Brysbaert2014a,2.67,NA,extended,FALSE,
stoornis,0.351257709098469,1,Brysbaert2014a,2.67,NA,extended,FALSE,
stoppage,0.351257709098469,1,Brysbaert2014a,2.67,NA,extended,FALSE,
stroken,0.351257709098469,1,Brysbaert2014a,2.67,NA,extended,FALSE,
stuwkracht,0.351257709098469,1,Brysbaert2014a,2.67,NA,extended,FALSE,
supersnel,0.351257709098469,1,Brysbaert2014a,2.67,NA,extended,FALSE,
tempo,0.351257709098469,1,Brysbaert2014a,2.67,NA,extended,FALSE,
terugslag,0.351257709098469,1,Brysbaert2014a,2.67,NA,extended,FALSE,
thuisland,0.351257709098469,1,Brysbaert2014a,2.67,NA,extended,FALSE,
titel,0.351257709098469,1,Brysbaert2014a,2.67,NA,extended,FALSE,
transparantie,0.351257709098469,1,Brysbaert2014a,2.67,NA,extended,FALSE,
transport,0.351257709098469,1,Brysbaert2014a,2.67,NA,extended,FALSE,
trekpleister,0.351257709098469,1,Brysbaert2014a,2.67,NA,extended,FALSE,
trouw,0.351257709098469,1,Brysbaert2014a,2.67,NA,extended,FALSE,
tweeklank,0.351257709098469,1,Brysbaert2014a,2.67,NA,extended,FALSE,
twist,0.351257709098469,1,Brysbaert2014a,2.67,NA,extended,FALSE,
vakwerk,0.351257709098469,1,Brysbaert2014a,2.67,NA,extended,FALSE,
verdediging,0.351257709098469,1,Brysbaert2014a,2.67,NA,extended,FALSE,
verhoging,0.351257709098469,1,Brysbaert2014a,2.67,NA,extended,FALSE,
veroveraar,0.351257709098469,1,Brysbaert2014a,2.67,NA,extended,FALSE,
verpleging,0.351257709098469,1,Brysbaert2014a,2.67,NA,extended,FALSE,
versneller,0.351257709098469,1,Brysbaert2014a,2.67,NA,extended,FALSE,
vervanger,0.351257709098469,1,Brysbaert2014a,2.67,NA,extended,FALSE,
voorrang,0.351257709098469,1,Brysbaert2014a,2.67,NA,extended,FALSE,
wederopbouw,0.351257709098469,1,Brysbaert2014a,2.67,NA,extended,FALSE,
weken,0.351257709098469,1,Brysbaert2014a,2.67,NA,extended,FALSE,
werkgroep,0.351257709098469,1,Brysbaert2014a,2.67,NA,extended,FALSE,
werkkring,0.351257709098469,1,Brysbaert2014a,2.67,NA,extended,FALSE,
werkweek,0.351257709098469,1,Brysbaert2014a,2.67,NA,extended,FALSE,
wethouder,0.351257709098469,1,Brysbaert2014a,2.67,NA,extended,FALSE,
wetsdienaar,0.351257709098469,1,Brysbaert2014a,2.67,NA,extended,FALSE,
winters,0.351257709098469,1,Brysbaert2014a,2.67,NA,extended,FALSE,
wintertijd,0.351257709098469,1,Brysbaert2014a,2.67,NA,extended,FALSE,
wissel,0.351257709098469,1,Brysbaert2014a,2.67,NA,extended,FALSE,
woord,0.351257709098469,1,Brysbaert2014a,2.67,NA,extended,FALSE,
zelfstudie,0.351257709098469,1,Brysbaert2014a,2.67,NA,extended,FALSE,
ziektekosten,0.351257709098469,1,Brysbaert2014a,2.67,NA,extended,FALSE,
zonnegod,0.351257709098469,1,Brysbaert2014a,2.67,NA,extended,FALSE,
zuiders,0.351257709098469,1,Brysbaert2014a,2.67,NA,extended,FALSE,
zuiplap,0.351257709098469,1,Brysbaert2014a,2.67,NA,extended,FALSE,
zwerveling,0.351257709098469,1,Brysbaert2014a,2.67,NA,extended,FALSE,
aanmoediging,0.347223836628087,2,Brysbaert2014a;Jasmin2012,4.585,NA,extended,FALSE,
verfrissing,0.34630098635231,2,Brysbaert2014a;Jasmin2012,4.515,NA,extended,FALSE,
avontuur,0.344783972625637,2,Brysbaert2014a;Jasmin2012,4.71,NA,extended,FALSE,
huwelijk,0.342595800706812,1,Brysbaert2014a,2.655,NA,extended,FALSE,
afschrijving,0.340932714295614,1,Brysbaert2014a,2.64,NA,extended,FALSE,
afslachting,0.340932714295614,1,Brysbaert2014a,2.64,NA,extended,FALSE,
afspiegeling,0.340932714295614,1,Brysbaert2014a,2.64,NA,extended,FALSE,
bolwerk,0.340932714295614,1,Brysbaert2014a,2.64,NA,extended,FALSE,
boventoon,0.340932714295614,1,Brysbaert2014a,2.64,NA,extended,FALSE,
buitenmodel,0.340932714295614,1,Brysbaert2014a,2.64,NA,extended,FALSE,
burgervader,0.340932714295614,1,Brysbaert2014a,2.64,NA,extended,FALSE,
conclaaf,0.340932714295614,1,Brysbaert2014a,2.64,NA,extended,FALSE,
conferencier,0.340932714295614,1,Brysbaert2014a,2.64,NA,extended,FALSE,
dagdroom,0.340932714295614,1,Brysbaert2014a,2.64,NA,extended,FALSE,
dijenkletser,0.340932714295614,1,Brysbaert2014a,2.64,NA,extended,FALSE,
drankorgel,0.340932714295614,1,Brysbaert2014a,2.64,NA,extended,FALSE,
dwaling,0.340932714295614,1,Brysbaert2014a,2.64,NA,extended,FALSE,
formateur,0.340932714295614,1,Brysbaert2014a,2.64,NA,extended,FALSE,
fotosfeer,0.340932714295614,1,Brysbaert2014a,2.64,NA,extended,FALSE,
frutsel,0.340932714295614,1,Brysbaert2014a,2.64,NA,extended,FALSE,
hectometer,0.340932714295614,1,Brysbaert2014a,2.64,NA,extended,FALSE,
hoofdpunt,0.340932714295614,1,Brysbaert2014a,2.64,NA,extended,FALSE,
kaaskop,0.340932714295614,1,Brysbaert2014a,2.64,NA,extended,FALSE,
kaduuk,0.340932714295614,1,Brysbaert2014a,2.64,NA,extended,FALSE,
kick,0.340932714295614,1,Brysbaert2014a,2.64,NA,extended,FALSE,
kontlikker,0.340932714295614,1,Brysbaert2014a,2.64,NA,extended,FALSE,
kopstuk,0.340932714295614,1,Brysbaert2014a,2.64,NA,extended,FALSE,
kwelduivel,0.340932714295614,1,Brysbaert2014a,2.64,NA,extended,FALSE,
labeur,0.340932714295614,1,Brysbaert2014a,2.64,NA,extended,FALSE,
leergang,0.340932714295614,1,Brysbaert2014a,2.64,NA,extended,FALSE,
legering,0.340932714295614,1,Brysbaert2014a,2.64,NA,extended,FALSE,
mechaniek,0.340932714295614,1,Brysbaert2014a,2.64,NA,extended,FALSE,
misval,0.340932714295614,1,Brysbaert2014a,2.64,NA,extended,FALSE,
napluizen,0.340932714295614,1,Brysbaert2014a,2.64,NA,extended,FALSE,
oeuvre,0.340932714295614,1,Brysbaert2014a,2.64,NA,extended,FALSE,
oprichting,0.340932714295614,1,Brysbaert2014a,2.64,NA,extended,FALSE,
overdruk,0.340932714295614,1,Brysbaert2014a,2.64,NA,extended,FALSE,
parenthese,0.340932714295614,1,Brysbaert2014a,2.64,NA,extended,FALSE,
pijlsnel,0.340932714295614,1,Brysbaert2014a,2.64,NA,extended,FALSE,
polygoon,0.340932714295614,1,Brysbaert2014a,2.64,NA,extended,FALSE,
prinsjesdag,0.340932714295614,1,Brysbaert2014a,2.64,NA,extended,FALSE,
rakker,0.340932714295614,1,Brysbaert2014a,2.64,NA,extended,FALSE,
rampetampen,0.340932714295614,1,Brysbaert2014a,2.64,NA,extended,FALSE,
rechtszitting,0.340932714295614,1,Brysbaert2014a,2.64,NA,extended,FALSE,
schots,0.340932714295614,1,Brysbaert2014a,2.64,NA,extended,FALSE,
stopwerk,0.340932714295614,1,Brysbaert2014a,2.64,NA,extended,FALSE,
treurspel,0.340932714295614,1,Brysbaert2014a,2.64,NA,extended,FALSE,
uitzingen,0.340932714295614,1,Brysbaert2014a,2.64,NA,extended,FALSE,
vertolking,0.340932714295614,1,Brysbaert2014a,2.64,NA,extended,FALSE,
vredesmissie,0.340932714295614,1,Brysbaert2014a,2.64,NA,extended,FALSE,
wichelaar,0.340932714295614,1,Brysbaert2014a,2.64,NA,extended,FALSE,
maniak,0.340924642266288,2,Brysbaert2014a;Jasmin2012,4.465,NA,extended,FALSE,
analgeticum,0.339061742083016,1,Brysbaert2014a,2.63,NA,extended,FALSE,
barbituraat,0.339061742083016,1,Brysbaert2014a,2.63,NA,extended,FALSE,
cesuur,0.339061742083016,1,Brysbaert2014a,2.63,NA,extended,FALSE,
connaisseur,0.339061742083016,1,Brysbaert2014a,2.63,NA,extended,FALSE,
hibernatie,0.339061742083016,1,Brysbaert2014a,2.63,NA,extended,FALSE,
kenwijsje,0.339061742083016,1,Brysbaert2014a,2.63,NA,extended,FALSE,
kledder,0.339061742083016,1,Brysbaert2014a,2.63,NA,extended,FALSE,
aanmaak,0.338160903610283,1,Brysbaert2014a,2.62,NA,extended,FALSE,
adjudant,0.338160903610283,1,Brysbaert2014a,2.62,NA,extended,FALSE,
apekool,0.338160903610283,1,Brysbaert2014a,2.62,NA,extended,FALSE,
catechese,0.338160903610283,1,Brysbaert2014a,2.62,NA,extended,FALSE,
delegatie,0.338160903610283,1,Brysbaert2014a,2.62,NA,extended,FALSE,
gesel,0.338160903610283,1,Brysbaert2014a,2.62,NA,extended,FALSE,
haal,0.338160903610283,1,Brysbaert2014a,2.62,NA,extended,FALSE,
klepper,0.338160903610283,1,Brysbaert2014a,2.62,NA,extended,FALSE,
markies,0.338160903610283,1,Brysbaert2014a,2.62,NA,extended,FALSE,
patronaat,0.338160903610283,1,Brysbaert2014a,2.62,NA,extended,FALSE,
pelgrimage,0.338160903610283,1,Brysbaert2014a,2.62,NA,extended,FALSE,
popart,0.338160903610283,1,Brysbaert2014a,2.62,NA,extended,FALSE,
repetitor,0.338160903610283,1,Brysbaert2014a,2.62,NA,extended,FALSE,
snoes,0.338160903610283,1,Brysbaert2014a,2.62,NA,extended,FALSE,
spionkop,0.338160903610283,1,Brysbaert2014a,2.62,NA,extended,FALSE,
toverkol,0.338160903610283,1,Brysbaert2014a,2.62,NA,extended,FALSE,
troonrede,0.338160903610283,1,Brysbaert2014a,2.62,NA,extended,FALSE,
voyeurisme,0.338160903610283,1,Brysbaert2014a,2.62,NA,extended,FALSE,
zielenknijper,0.338160903610283,1,Brysbaert2014a,2.62,NA,extended,FALSE,
paar,0.338049447513057,2,Brysbaert2014a;Jasmin2012,4.485,NA,extended,FALSE,
vuiligheid,0.331377542720284,2,Brysbaert2014a;Jasmin2012,4.245,NA,extended,FALSE,
aanbidder,0.330399833691359,1,Brysbaert2014a,2.6,NA,extended,FALSE,
aanduiding,0.330399833691359,1,Brysbaert2014a,2.6,NA,extended,FALSE,
aanvoer,0.330399833691359,1,Brysbaert2014a,2.6,NA,extended,FALSE,
aanwezigheid,0.330399833691359,1,Brysbaert2014a,2.6,NA,extended,FALSE,
aanwijzing,0.330399833691359,1,Brysbaert2014a,2.6,NA,extended,FALSE,
aanzicht,0.330399833691359,1,Brysbaert2014a,2.6,NA,extended,FALSE,
aanzoek,0.330399833691359,1,Brysbaert2014a,2.6,NA,extended,FALSE,
activering,0.330399833691359,1,Brysbaert2014a,2.6,NA,extended,FALSE,
afstammeling,0.330399833691359,1,Brysbaert2014a,2.6,NA,extended,FALSE,
afwerking,0.330399833691359,1,Brysbaert2014a,2.6,NA,extended,FALSE,
arbeidsloon,0.330399833691359,1,Brysbaert2014a,2.6,NA,extended,FALSE,
arrest,0.330399833691359,1,Brysbaert2014a,2.6,NA,extended,FALSE,
astroloog,0.330399833691359,1,Brysbaert2014a,2.6,NA,extended,FALSE,
atoom,0.330399833691359,1,Brysbaert2014a,2.6,NA,extended,FALSE,
automutilatie,0.330399833691359,1,Brysbaert2014a,2.6,NA,extended,FALSE,
beeldenstorm,0.330399833691359,1,Brysbaert2014a,2.6,NA,extended,FALSE,
beestenboel,0.330399833691359,1,Brysbaert2014a,2.6,NA,extended,FALSE,
besmetting,0.330399833691359,1,Brysbaert2014a,2.6,NA,extended,FALSE,
bestuur,0.330399833691359,1,Brysbaert2014a,2.6,NA,extended,FALSE,
bevoorrading,0.330399833691359,1,Brysbaert2014a,2.6,NA,extended,FALSE,
bewaarder,0.330399833691359,1,Brysbaert2014a,2.6,NA,extended,FALSE,
bewerking,0.330399833691359,1,Brysbaert2014a,2.6,NA,extended,FALSE,
bezienswaardigheid,0.330399833691359,1,Brysbaert2014a,2.6,NA,extended,FALSE,
bezingen,0.330399833691359,1,Brysbaert2014a,2.6,NA,extended,FALSE,
bezitter,0.330399833691359,1,Brysbaert2014a,2.6,NA,extended,FALSE,
bijziendheid,0.330399833691359,1,Brysbaert2014a,2.6,NA,extended,FALSE,
binnenwerk,0.330399833691359,1,Brysbaert2014a,2.6,NA,extended,FALSE,
bloedziekte,0.330399833691359,1,Brysbaert2014a,2.6,NA,extended,FALSE,
bolsjewiek,0.330399833691359,1,Brysbaert2014a,2.6,NA,extended,FALSE,
bondgenote,0.330399833691359,1,Brysbaert2014a,2.6,NA,extended,FALSE,
breedtecirkel,0.330399833691359,1,Brysbaert2014a,2.6,NA,extended,FALSE,
brol,0.330399833691359,1,Brysbaert2014a,2.6,NA,extended,FALSE,
carcinoom,0.330399833691359,1,Brysbaert2014a,2.6,NA,extended,FALSE,
catastrofe,0.330399833691359,1,Brysbaert2014a,2.6,NA,extended,FALSE,
chapiter,0.330399833691359,1,Brysbaert2014a,2.6,NA,extended,FALSE,
charade,0.330399833691359,1,Brysbaert2014a,2.6,NA,extended,FALSE,
chique,0.330399833691359,1,Brysbaert2014a,2.6,NA,extended,FALSE,
choreografie,0.330399833691359,1,Brysbaert2014a,2.6,NA,extended,FALSE,
collecte,0.330399833691359,1,Brysbaert2014a,2.6,NA,extended,FALSE,
collusie,0.330399833691359,1,Brysbaert2014a,2.6,NA,extended,FALSE,
comateus,0.330399833691359,1,Brysbaert2014a,2.6,NA,extended,FALSE,
concentraat,0.330399833691359,1,Brysbaert2014a,2.6,NA,extended,FALSE,
consument,0.330399833691359,1,Brysbaert2014a,2.6,NA,extended,FALSE,
dader,0.330399833691359,1,Brysbaert2014a,2.6,NA,extended,FALSE,
dagloon,0.330399833691359,1,Brysbaert2014a,2.6,NA,extended,FALSE,
dankbetuiging,0.330399833691359,1,Brysbaert2014a,2.6,NA,extended,FALSE,
discussie,0.330399833691359,1,Brysbaert2014a,2.6,NA,extended,FALSE,
dissertatie,0.330399833691359,1,Brysbaert2014a,2.6,NA,extended,FALSE,
dromenland,0.330399833691359,1,Brysbaert2014a,2.6,NA,extended,FALSE,
droomvrouw,0.330399833691359,1,Brysbaert2014a,2.6,NA,extended,FALSE,
dubbelspel,0.330399833691359,1,Brysbaert2014a,2.6,NA,extended,FALSE,
duppie,0.330399833691359,1,Brysbaert2014a,2.6,NA,extended,FALSE,
dwingen,0.330399833691359,1,Brysbaert2014a,2.6,NA,extended,FALSE,
eliminatie,0.330399833691359,1,Brysbaert2014a,2.6,NA,extended,FALSE,
episode,0.330399833691359,1,Brysbaert2014a,2.6,NA,extended,FALSE,
eucharistie,0.330399833691359,1,Brysbaert2014a,2.6,NA,extended,FALSE,
excellentie,0.330399833691359,1,Brysbaert2014a,2.6,NA,extended,FALSE,
excursie,0.330399833691359,1,Brysbaert2014a,2.6,NA,extended,FALSE,
flauwerik,0.330399833691359,1,Brysbaert2014a,2.6,NA,extended,FALSE,
flauwte,0.330399833691359,1,Brysbaert2014a,2.6,NA,extended,FALSE,
formaat,0.330399833691359,1,Brysbaert2014a,2.6,NA,extended,FALSE,
fortuin,0.330399833691359,1,Brysbaert2014a,2.6,NA,extended,FALSE,
fotosynthese,0.330399833691359,1,Brysbaert2014a,2.6,NA,extended,FALSE,
functionaris,0.330399833691359,1,Brysbaert2014a,2.6,NA,extended,FALSE,
gebakkelei,0.330399833691359,1,Brysbaert2014a,2.6,NA,extended,FALSE,
gedeelte,0.330399833691359,1,Brysbaert2014a,2.6,NA,extended,FALSE,
geintje,0.330399833691359,1,Brysbaert2014a,2.6,NA,extended,FALSE,
gelederen,0.330399833691359,1,Brysbaert2014a,2.6,NA,extended,FALSE,
gelijkspel,0.330399833691359,1,Brysbaert2014a,2.6,NA,extended,FALSE,
getij,0.330399833691359,1,Brysbaert2014a,2.6,NA,extended,FALSE,
getreuzel,0.330399833691359,1,Brysbaert2014a,2.6,NA,extended,FALSE,
grafeem,0.330399833691359,1,Brysbaert2014a,2.6,NA,extended,FALSE,
griezel,0.330399833691359,1,Brysbaert2014a,2.6,NA,extended,FALSE,
hinder,0.330399833691359,1,Brysbaert2014a,2.6,NA,extended,FALSE,
hoofdstuk,0.330399833691359,1,Brysbaert2014a,2.6,NA,extended,FALSE,
inbeslagname,0.330399833691359,1,Brysbaert2014a,2.6,NA,extended,FALSE,
indicator,0.330399833691359,1,Brysbaert2014a,2.6,NA,extended,FALSE,
indolentie,0.330399833691359,1,Brysbaert2014a,2.6,NA,extended,FALSE,
inkomsten,0.330399833691359,1,Brysbaert2014a,2.6,NA,extended,FALSE,
inzameling,0.330399833691359,1,Brysbaert2014a,2.6,NA,extended,FALSE,
jaarrekening,0.330399833691359,1,Brysbaert2014a,2.6,NA,extended,FALSE,
jaartal,0.330399833691359,1,Brysbaert2014a,2.6,NA,extended,FALSE,
katalysator,0.330399833691359,1,Brysbaert2014a,2.6,NA,extended,FALSE,
kern,0.330399833691359,1,Brysbaert2014a,2.6,NA,extended,FALSE,
keurmerk,0.330399833691359,1,Brysbaert2014a,2.6,NA,extended,FALSE,
kijkcijfer,0.330399833691359,1,Brysbaert2014a,2.6,NA,extended,FALSE,
kinderloos,0.330399833691359,1,Brysbaert2014a,2.6,NA,extended,FALSE,
kletstante,0.330399833691359,1,Brysbaert2014a,2.6,NA,extended,FALSE,
koosnaam,0.330399833691359,1,Brysbaert2014a,2.6,NA,extended,FALSE,
kwajongen,0.330399833691359,1,Brysbaert2014a,2.6,NA,extended,FALSE,
lanterfanten,0.330399833691359,1,Brysbaert2014a,2.6,NA,extended,FALSE,
leerstoel,0.330399833691359,1,Brysbaert2014a,2.6,NA,extended,FALSE,
lentemaand,0.330399833691359,1,Brysbaert2014a,2.6,NA,extended,FALSE,
lichaamstaal,0.330399833691359,1,Brysbaert2014a,2.6,NA,extended,FALSE,
lidmaatschap,0.330399833691359,1,Brysbaert2014a,2.6,NA,extended,FALSE,
loebas,0.330399833691359,1,Brysbaert2014a,2.6,NA,extended,FALSE,
mankracht,0.330399833691359,1,Brysbaert2014a,2.6,NA,extended,FALSE,
materieel,0.330399833691359,1,Brysbaert2014a,2.6,NA,extended,FALSE,
mededeling,0.330399833691359,1,Brysbaert2014a,2.6,NA,extended,FALSE,
mensenschuw,0.330399833691359,1,Brysbaert2014a,2.6,NA,extended,FALSE,
metropool,0.330399833691359,1,Brysbaert2014a,2.6,NA,extended,FALSE,
nachtdienst,0.330399833691359,1,Brysbaert2014a,2.6,NA,extended,FALSE,
nieuweling,0.330399833691359,1,Brysbaert2014a,2.6,NA,extended,FALSE,
noodsituatie,0.330399833691359,1,Brysbaert2014a,2.6,NA,extended,FALSE,
noorderzon,0.330399833691359,1,Brysbaert2014a,2.6,NA,extended,FALSE,
omgeving,0.330399833691359,1,Brysbaert2014a,2.6,NA,extended,FALSE,
omkadering,0.330399833691359,1,Brysbaert2014a,2.6,NA,extended,FALSE,
onderdrukker,0.330399833691359,1,Brysbaert2014a,2.6,NA,extended,FALSE,
onderhandelaar,0.330399833691359,1,Brysbaert2014a,2.6,NA,extended,FALSE,
ophaling,0.330399833691359,1,Brysbaert2014a,2.6,NA,extended,FALSE,
opmaak,0.330399833691359,1,Brysbaert2014a,2.6,NA,extended,FALSE,
opmerking,0.330399833691359,1,Brysbaert2014a,2.6,NA,extended,FALSE,
oproep,0.330399833691359,1,Brysbaert2014a,2.6,NA,extended,FALSE,
oproer,0.330399833691359,1,Brysbaert2014a,2.6,NA,extended,FALSE,
opschudding,0.330399833691359,1,Brysbaert2014a,2.6,NA,extended,FALSE,
opstootje,0.330399833691359,1,Brysbaert2014a,2.6,NA,extended,FALSE,
opvoering,0.330399833691359,1,Brysbaert2014a,2.6,NA,extended,FALSE,
opvolger,0.330399833691359,1,Brysbaert2014a,2.6,NA,extended,FALSE,
orgelpunt,0.330399833691359,1,Brysbaert2014a,2.6,NA,extended,FALSE,
oudtante,0.330399833691359,1,Brysbaert2014a,2.6,NA,extended,FALSE,
outsider,0.330399833691359,1,Brysbaert2014a,2.6,NA,extended,FALSE,
paljas,0.330399833691359,1,Brysbaert2014a,2.6,NA,extended,FALSE,
pantheïst,0.330399833691359,1,Brysbaert2014a,2.6,NA,extended,FALSE,
partij,0.330399833691359,1,Brysbaert2014a,2.6,NA,extended,FALSE,
pesterij,0.330399833691359,1,Brysbaert2014a,2.6,NA,extended,FALSE,
pestkop,0.330399833691359,1,Brysbaert2014a,2.6,NA,extended,FALSE,
pijnpunt,0.330399833691359,1,Brysbaert2014a,2.6,NA,extended,FALSE,
polyandrie,0.330399833691359,1,Brysbaert2014a,2.6,NA,extended,FALSE,
poorter,0.330399833691359,1,Brysbaert2014a,2.6,NA,extended,FALSE,
preek,0.330399833691359,1,Brysbaert2014a,2.6,NA,extended,FALSE,
première,0.330399833691359,1,Brysbaert2014a,2.6,NA,extended,FALSE,
project,0.330399833691359,1,Brysbaert2014a,2.6,NA,extended,FALSE,
pronkstuk,0.330399833691359,1,Brysbaert2014a,2.6,NA,extended,FALSE,
quote,0.330399833691359,1,Brysbaert2014a,2.6,NA,extended,FALSE,
razendsnel,0.330399833691359,1,Brysbaert2014a,2.6,NA,extended,FALSE,
repertoire,0.330399833691359,1,Brysbaert2014a,2.6,NA,extended,FALSE,
reservering,0.330399833691359,1,Brysbaert2014a,2.6,NA,extended,FALSE,
revalidatie,0.330399833691359,1,Brysbaert2014a,2.6,NA,extended,FALSE,
ritmiek,0.330399833691359,1,Brysbaert2014a,2.6,NA,extended,FALSE,
rothumeur,0.330399833691359,1,Brysbaert2014a,2.6,NA,extended,FALSE,
ruil,0.330399833691359,1,Brysbaert2014a,2.6,NA,extended,FALSE,
ruilhandel,0.330399833691359,1,Brysbaert2014a,2.6,NA,extended,FALSE,
scharrel,0.330399833691359,1,Brysbaert2014a,2.6,NA,extended,FALSE,
schepsel,0.330399833691359,1,Brysbaert2014a,2.6,NA,extended,FALSE,
schools,0.330399833691359,1,Brysbaert2014a,2.6,NA,extended,FALSE,
schooltijd,0.330399833691359,1,Brysbaert2014a,2.6,NA,extended,FALSE,
schuldeiser,0.330399833691359,1,Brysbaert2014a,2.6,NA,extended,FALSE,
schuw,0.330399833691359,1,Brysbaert2014a,2.6,NA,extended,FALSE,
sectie,0.330399833691359,1,Brysbaert2014a,2.6,NA,extended,FALSE,
sip,0.330399833691359,1,Brysbaert2014a,2.6,NA,extended,FALSE,
smerigheid,0.330399833691359,1,Brysbaert2014a,2.6,NA,extended,FALSE,
speelman,0.330399833691359,1,Brysbaert2014a,2.6,NA,extended,FALSE,
spinsel,0.330399833691359,1,Brysbaert2014a,2.6,NA,extended,FALSE,
spoeden,0.330399833691359,1,Brysbaert2014a,2.6,NA,extended,FALSE,
sponsoring,0.330399833691359,1,Brysbaert2014a,2.6,NA,extended,FALSE,
staatssecretaris,0.330399833691359,1,Brysbaert2014a,2.6,NA,extended,FALSE,
stamgast,0.330399833691359,1,Brysbaert2014a,2.6,NA,extended,FALSE,
stamvader,0.330399833691359,1,Brysbaert2014a,2.6,NA,extended,FALSE,
stilletjes,0.330399833691359,1,Brysbaert2014a,2.6,NA,extended,FALSE,
stoorzender,0.330399833691359,1,Brysbaert2014a,2.6,NA,extended,FALSE,
stopwoord,0.330399833691359,1,Brysbaert2014a,2.6,NA,extended,FALSE,
tandenfee,0.330399833691359,1,Brysbaert2014a,2.6,NA,extended,FALSE,
terechtstelling,0.330399833691359,1,Brysbaert2014a,2.6,NA,extended,FALSE,
terugkeer,0.330399833691359,1,Brysbaert2014a,2.6,NA,extended,FALSE,
terugreis,0.330399833691359,1,Brysbaert2014a,2.6,NA,extended,FALSE,
thuiskomst,0.330399833691359,1,Brysbaert2014a,2.6,NA,extended,FALSE,
tipsy,0.330399833691359,1,Brysbaert2014a,2.6,NA,extended,FALSE,
toerisme,0.330399833691359,1,Brysbaert2014a,2.6,NA,extended,FALSE,
toverkunst,0.330399833691359,1,Brysbaert2014a,2.6,NA,extended,FALSE,
transactie,0.330399833691359,1,Brysbaert2014a,2.6,NA,extended,FALSE,
tweeluik,0.330399833691359,1,Brysbaert2014a,2.6,NA,extended,FALSE,
uitschieter,0.330399833691359,1,Brysbaert2014a,2.6,NA,extended,FALSE,
vakantiedag,0.330399833691359,1,Brysbaert2014a,2.6,NA,extended,FALSE,
vakman,0.330399833691359,1,Brysbaert2014a,2.6,NA,extended,FALSE,
veldwerk,0.330399833691359,1,Brysbaert2014a,2.6,NA,extended,FALSE,
verbazing,0.330399833691359,1,Brysbaert2014a,2.6,NA,extended,FALSE,
verdeling,0.330399833691359,1,Brysbaert2014a,2.6,NA,extended,FALSE,
vertegenwoordiger,0.330399833691359,1,Brysbaert2014a,2.6,NA,extended,FALSE,
vertelsel,0.330399833691359,1,Brysbaert2014a,2.6,NA,extended,FALSE,
vertraging,0.330399833691359,1,Brysbaert2014a,2.6,NA,extended,FALSE,
verwijdering,0.330399833691359,1,Brysbaert2014a,2.6,NA,extended,FALSE,
verzadiging,0.330399833691359,1,Brysbaert2014a,2.6,NA,extended,FALSE,
viezigheid,0.330399833691359,1,Brysbaert2014a,2.6,NA,extended,FALSE,
vlijen,0.330399833691359,1,Brysbaert2014a,2.6,NA,extended,FALSE,
vlotter,0.330399833691359,1,Brysbaert2014a,2.6,NA,extended,FALSE,
vluchtoord,0.330399833691359,1,Brysbaert2014a,2.6,NA,extended,FALSE,
voetvolk,0.330399833691359,1,Brysbaert2014a,2.6,NA,extended,FALSE,
volbloed,0.330399833691359,1,Brysbaert2014a,2.6,NA,extended,FALSE,
wachttijd,0.330399833691359,1,Brysbaert2014a,2.6,NA,extended,FALSE,
wagenwijd,0.330399833691359,1,Brysbaert2014a,2.6,NA,extended,FALSE,
waggelgang,0.330399833691359,1,Brysbaert2014a,2.6,NA,extended,FALSE,
wapenstilstand,0.330399833691359,1,Brysbaert2014a,2.6,NA,extended,FALSE,
week,0.330399833691359,1,Brysbaert2014a,2.6,NA,extended,FALSE,
wereldoorlog,0.330399833691359,1,Brysbaert2014a,2.6,NA,extended,FALSE,
werkdruk,0.330399833691359,1,Brysbaert2014a,2.6,NA,extended,FALSE,
westen,0.330399833691359,1,Brysbaert2014a,2.6,NA,extended,FALSE,
wijsneus,0.330399833691359,1,Brysbaert2014a,2.6,NA,extended,FALSE,
zooi,0.330399833691359,1,Brysbaert2014a,2.6,NA,extended,FALSE,
lol,0.33018067809517,2,Brysbaert2014a;Jasmin2012,4.635,NA,extended,FALSE,
buitenshuis,0.329842273788829,2,Brysbaert2014a;Jasmin2012,4.28,NA,extended,FALSE,
industrie,0.326345004990998,2,Brysbaert2014a;Jasmin2012,4.555,NA,extended,FALSE,
afreis,0.322985240108101,1,Brysbaert2014a,2.58,NA,extended,FALSE,
blokuur,0.322985240108101,1,Brysbaert2014a,2.58,NA,extended,FALSE,
couplet,0.322985240108101,1,Brysbaert2014a,2.58,NA,extended,FALSE,
exposé,0.322985240108101,1,Brysbaert2014a,2.58,NA,extended,FALSE,
hazewind,0.322985240108101,1,Brysbaert2014a,2.58,NA,extended,FALSE,
kommer,0.322985240108101,1,Brysbaert2014a,2.58,NA,extended,FALSE,
lichtnet,0.322985240108101,1,Brysbaert2014a,2.58,NA,extended,FALSE,
secretarie,0.322985240108101,1,Brysbaert2014a,2.58,NA,extended,FALSE,
seminarist,0.322985240108101,1,Brysbaert2014a,2.58,NA,extended,FALSE,
overwinning,0.321920415254993,2,Brysbaert2014a;Jasmin2012,4.4,NA,extended,FALSE,
snob,0.321920415254993,2,Brysbaert2014a;Jasmin2012,4.4,NA,extended,FALSE,
aanhanger,0.320975677361236,1,Brysbaert2014a,2.57,NA,extended,FALSE,
beroepshof,0.320975677361236,1,Brysbaert2014a,2.57,NA,extended,FALSE,
bestemmeling,0.320975677361236,1,Brysbaert2014a,2.57,NA,extended,FALSE,
boekenweek,0.320975677361236,1,Brysbaert2014a,2.57,NA,extended,FALSE,
casual,0.320975677361236,1,Brysbaert2014a,2.57,NA,extended,FALSE,
clerus,0.320975677361236,1,Brysbaert2014a,2.57,NA,extended,FALSE,
concours,0.320975677361236,1,Brysbaert2014a,2.57,NA,extended,FALSE,
consul,0.320975677361236,1,Brysbaert2014a,2.57,NA,extended,FALSE,
cosinus,0.320975677361236,1,Brysbaert2014a,2.57,NA,extended,FALSE,
dichtheid,0.320975677361236,1,Brysbaert2014a,2.57,NA,extended,FALSE,
dispuut,0.320975677361236,1,Brysbaert2014a,2.57,NA,extended,FALSE,
dwangbevel,0.320975677361236,1,Brysbaert2014a,2.57,NA,extended,FALSE,
eruditie,0.320975677361236,1,Brysbaert2014a,2.57,NA,extended,FALSE,
flater,0.320975677361236,1,Brysbaert2014a,2.57,NA,extended,FALSE,
flierefluiter,0.320975677361236,1,Brysbaert2014a,2.57,NA,extended,FALSE,
gestuntel,0.320975677361236,1,Brysbaert2014a,2.57,NA,extended,FALSE,
gimmick,0.320975677361236,1,Brysbaert2014a,2.57,NA,extended,FALSE,
gissing,0.320975677361236,1,Brysbaert2014a,2.57,NA,extended,FALSE,
groeistuip,0.320975677361236,1,Brysbaert2014a,2.57,NA,extended,FALSE,
histamine,0.320975677361236,1,Brysbaert2014a,2.57,NA,extended,FALSE,
ijl,0.320975677361236,1,Brysbaert2014a,2.57,NA,extended,FALSE,
intercity,0.320975677361236,1,Brysbaert2014a,2.57,NA,extended,FALSE,
joekel,0.320975677361236,1,Brysbaert2014a,2.57,NA,extended,FALSE,
kieskauwer,0.320975677361236,1,Brysbaert2014a,2.57,NA,extended,FALSE,
kluister,0.320975677361236,1,Brysbaert2014a,2.57,NA,extended,FALSE,
krijgsmacht,0.320975677361236,1,Brysbaert2014a,2.57,NA,extended,FALSE,
lammeling,0.320975677361236,1,Brysbaert2014a,2.57,NA,extended,FALSE,
lemma,0.320975677361236,1,Brysbaert2014a,2.57,NA,extended,FALSE,
malloot,0.320975677361236,1,Brysbaert2014a,2.57,NA,extended,FALSE,
marconist,0.320975677361236,1,Brysbaert2014a,2.57,NA,extended,FALSE,
nuk,0.320975677361236,1,Brysbaert2014a,2.57,NA,extended,FALSE,
omhaling,0.320975677361236,1,Brysbaert2014a,2.57,NA,extended,FALSE,
order,0.320975677361236,1,Brysbaert2014a,2.57,NA,extended,FALSE,
ouverture,0.320975677361236,1,Brysbaert2014a,2.57,NA,extended,FALSE,
paramedicus,0.320975677361236,1,Brysbaert2014a,2.57,NA,extended,FALSE,
parodontose,0.320975677361236,1,Brysbaert2014a,2.57,NA,extended,FALSE,
patholoog,0.320975677361236,1,Brysbaert2014a,2.57,NA,extended,FALSE,
pectoraal,0.320975677361236,1,Brysbaert2014a,2.57,NA,extended,FALSE,
peetoom,0.320975677361236,1,Brysbaert2014a,2.57,NA,extended,FALSE,
pimpen,0.320975677361236,1,Brysbaert2014a,2.57,NA,extended,FALSE,
prescriptie,0.320975677361236,1,Brysbaert2014a,2.57,NA,extended,FALSE,
schaper,0.320975677361236,1,Brysbaert2014a,2.57,NA,extended,FALSE,
schrijverij,0.320975677361236,1,Brysbaert2014a,2.57,NA,extended,FALSE,
slokop,0.320975677361236,1,Brysbaert2014a,2.57,NA,extended,FALSE,
snoezepoes,0.320975677361236,1,Brysbaert2014a,2.57,NA,extended,FALSE,
visitatie,0.320975677361236,1,Brysbaert2014a,2.57,NA,extended,FALSE,
vlaag,0.320975677361236,1,Brysbaert2014a,2.57,NA,extended,FALSE,
vleier,0.320975677361236,1,Brysbaert2014a,2.57,NA,extended,FALSE,
wisselkoers,0.320975677361236,1,Brysbaert2014a,2.57,NA,extended,FALSE,
prestatie,0.319180054437766,2,Brysbaert2014a;Jasmin2012,4.6,NA,extended,FALSE,
amorf,0.318758228812972,1,Brysbaert2014a,2.56,NA,extended,FALSE,
androgynie,0.318758228812972,1,Brysbaert2014a,2.56,NA,extended,FALSE,
antiquariaat,0.318758228812972,1,Brysbaert2014a,2.56,NA,extended,FALSE,
cadans,0.318758228812972,1,Brysbaert2014a,2.56,NA,extended,FALSE,
directoire,0.318758228812972,1,Brysbaert2014a,2.56,NA,extended,FALSE,
grol,0.318758228812972,1,Brysbaert2014a,2.56,NA,extended,FALSE,
kapittelen,0.318758228812972,1,Brysbaert2014a,2.56,NA,extended,FALSE,
knakker,0.318758228812972,1,Brysbaert2014a,2.56,NA,extended,FALSE,
kniesoor,0.318758228812972,1,Brysbaert2014a,2.56,NA,extended,FALSE,
kwiek,0.318758228812972,1,Brysbaert2014a,2.56,NA,extended,FALSE,
panache,0.318758228812972,1,Brysbaert2014a,2.56,NA,extended,FALSE,
positron,0.318758228812972,1,Brysbaert2014a,2.56,NA,extended,FALSE,
slier,0.318758228812972,1,Brysbaert2014a,2.56,NA,extended,FALSE,
tractie,0.318758228812972,1,Brysbaert2014a,2.56,NA,extended,FALSE,
winding,0.318758228812972,1,Brysbaert2014a,2.56,NA,extended,FALSE,
wringer,0.318425723297292,2,Brysbaert2014a;Jasmin2012,4.445,NA,extended,FALSE,
natuur,0.318075179900697,2,Brysbaert2014a;Jasmin2012,4.32,NA,extended,FALSE,
communiqué,0.317892037973806,1,Brysbaert2014a,2.55,NA,extended,FALSE,
cotangens,0.317892037973806,1,Brysbaert2014a,2.55,NA,extended,FALSE,
internist,0.317892037973806,1,Brysbaert2014a,2.55,NA,extended,FALSE,
klasbak,0.317892037973806,1,Brysbaert2014a,2.55,NA,extended,FALSE,
lacune,0.317892037973806,1,Brysbaert2014a,2.55,NA,extended,FALSE,
planoloog,0.317892037973806,1,Brysbaert2014a,2.55,NA,extended,FALSE,
pressie,0.317892037973806,1,Brysbaert2014a,2.55,NA,extended,FALSE,
promiscuïteit,0.317892037973806,1,Brysbaert2014a,2.55,NA,extended,FALSE,
roofbouw,0.317892037973806,1,Brysbaert2014a,2.55,NA,extended,FALSE,
rotgans,0.317892037973806,1,Brysbaert2014a,2.55,NA,extended,FALSE,
aangever,0.317095142401774,1,Brysbaert2014a,2.54,NA,extended,FALSE,
bouwvak,0.317095142401774,1,Brysbaert2014a,2.54,NA,extended,FALSE,
check,0.317095142401774,1,Brysbaert2014a,2.54,NA,extended,FALSE,
leader,0.317095142401774,1,Brysbaert2014a,2.54,NA,extended,FALSE,
monochroom,0.317095142401774,1,Brysbaert2014a,2.54,NA,extended,FALSE,
muiterij,0.317095142401774,1,Brysbaert2014a,2.54,NA,extended,FALSE,
pachten,0.317095142401774,1,Brysbaert2014a,2.54,NA,extended,FALSE,
raming,0.317095142401774,1,Brysbaert2014a,2.54,NA,extended,FALSE,
reumatiek,0.317095142401774,1,Brysbaert2014a,2.54,NA,extended,FALSE,
schouwing,0.317095142401774,1,Brysbaert2014a,2.54,NA,extended,FALSE,
vermissing,0.317095142401774,1,Brysbaert2014a,2.54,NA,extended,FALSE,
zageman,0.317095142401774,1,Brysbaert2014a,2.54,NA,extended,FALSE,
zonnewende,0.317095142401774,1,Brysbaert2014a,2.54,NA,extended,FALSE,
aandelen,0.310408149123415,1,Brysbaert2014a,2.53,NA,extended,FALSE,
aanhouder,0.310408149123415,1,Brysbaert2014a,2.53,NA,extended,FALSE,
aanranding,0.310408149123415,1,Brysbaert2014a,2.53,NA,extended,FALSE,
aarzeling,0.310408149123415,1,Brysbaert2014a,2.53,NA,extended,FALSE,
afwezigheid,0.310408149123415,1,Brysbaert2014a,2.53,NA,extended,FALSE,
agressie,0.310408149123415,1,Brysbaert2014a,2.53,NA,extended,FALSE,
animatie,0.310408149123415,1,Brysbaert2014a,2.53,NA,extended,FALSE,
autist,0.310408149123415,1,Brysbaert2014a,2.53,NA,extended,FALSE,
banneling,0.310408149123415,1,Brysbaert2014a,2.53,NA,extended,FALSE,
bedenker,0.310408149123415,1,Brysbaert2014a,2.53,NA,extended,FALSE,
beginneling,0.310408149123415,1,Brysbaert2014a,2.53,NA,extended,FALSE,
bendeoorlog,0.310408149123415,1,Brysbaert2014a,2.53,NA,extended,FALSE,
beoordelaar,0.310408149123415,1,Brysbaert2014a,2.53,NA,extended,FALSE,
bisdom,0.310408149123415,1,Brysbaert2014a,2.53,NA,extended,FALSE,
bloedgroep,0.310408149123415,1,Brysbaert2014a,2.53,NA,extended,FALSE,
boeten,0.310408149123415,1,Brysbaert2014a,2.53,NA,extended,FALSE,
bonus,0.310408149123415,1,Brysbaert2014a,2.53,NA,extended,FALSE,
borg,0.310408149123415,1,Brysbaert2014a,2.53,NA,extended,FALSE,
boycot,0.310408149123415,1,Brysbaert2014a,2.53,NA,extended,FALSE,
brandschoon,0.310408149123415,1,Brysbaert2014a,2.53,NA,extended,FALSE,
cardiologie,0.310408149123415,1,Brysbaert2014a,2.53,NA,extended,FALSE,
casting,0.310408149123415,1,Brysbaert2014a,2.53,NA,extended,FALSE,
competitie,0.310408149123415,1,Brysbaert2014a,2.53,NA,extended,FALSE,
conceptie,0.310408149123415,1,Brysbaert2014a,2.53,NA,extended,FALSE,
conferentie,0.310408149123415,1,Brysbaert2014a,2.53,NA,extended,FALSE,
contrast,0.310408149123415,1,Brysbaert2014a,2.53,NA,extended,FALSE,
correspondent,0.310408149123415,1,Brysbaert2014a,2.53,NA,extended,FALSE,
coup,0.310408149123415,1,Brysbaert2014a,2.53,NA,extended,FALSE,
crapuul,0.310408149123415,1,Brysbaert2014a,2.53,NA,extended,FALSE,
detail,0.310408149123415,1,Brysbaert2014a,2.53,NA,extended,FALSE,
detailhandel,0.310408149123415,1,Brysbaert2014a,2.53,NA,extended,FALSE,
distributie,0.310408149123415,1,Brysbaert2014a,2.53,NA,extended,FALSE,
duivelin,0.310408149123415,1,Brysbaert2014a,2.53,NA,extended,FALSE,
eed,0.310408149123415,1,Brysbaert2014a,2.53,NA,extended,FALSE,
eigendom,0.310408149123415,1,Brysbaert2014a,2.53,NA,extended,FALSE,
einde,0.310408149123415,1,Brysbaert2014a,2.53,NA,extended,FALSE,
employé,0.310408149123415,1,Brysbaert2014a,2.53,NA,extended,FALSE,
enthousiasme,0.310408149123415,1,Brysbaert2014a,2.53,NA,extended,FALSE,
ergotherapie,0.310408149123415,1,Brysbaert2014a,2.53,NA,extended,FALSE,
erotiek,0.310408149123415,1,Brysbaert2014a,2.53,NA,extended,FALSE,
fabel,0.310408149123415,1,Brysbaert2014a,2.53,NA,extended,FALSE,
folklore,0.310408149123415,1,Brysbaert2014a,2.53,NA,extended,FALSE,
gabber,0.310408149123415,1,Brysbaert2014a,2.53,NA,extended,FALSE,
garantie,0.310408149123415,1,Brysbaert2014a,2.53,NA,extended,FALSE,
gastronoom,0.310408149123415,1,Brysbaert2014a,2.53,NA,extended,FALSE,
geflikker,0.310408149123415,1,Brysbaert2014a,2.53,NA,extended,FALSE,
gefrunnik,0.310408149123415,1,Brysbaert2014a,2.53,NA,extended,FALSE,
geldwolf,0.310408149123415,1,Brysbaert2014a,2.53,NA,extended,FALSE,
geldzaak,0.310408149123415,1,Brysbaert2014a,2.53,NA,extended,FALSE,
genadeklap,0.310408149123415,1,Brysbaert2014a,2.53,NA,extended,FALSE,
getuige,0.310408149123415,1,Brysbaert2014a,2.53,NA,extended,FALSE,
grenzen,0.310408149123415,1,Brysbaert2014a,2.53,NA,extended,FALSE,
halfbroer,0.310408149123415,1,Brysbaert2014a,2.53,NA,extended,FALSE,
halfpension,0.310408149123415,1,Brysbaert2014a,2.53,NA,extended,FALSE,
handeltje,0.310408149123415,1,Brysbaert2014a,2.53,NA,extended,FALSE,
herhaling,0.310408149123415,1,Brysbaert2014a,2.53,NA,extended,FALSE,
hersendood,0.310408149123415,1,Brysbaert2014a,2.53,NA,extended,FALSE,
homofilie,0.310408149123415,1,Brysbaert2014a,2.53,NA,extended,FALSE,
hospitalisatie,0.310408149123415,1,Brysbaert2014a,2.53,NA,extended,FALSE,
ijking,0.310408149123415,1,Brysbaert2014a,2.53,NA,extended,FALSE,
imbeciel,0.310408149123415,1,Brysbaert2014a,2.53,NA,extended,FALSE,
immobiliteit,0.310408149123415,1,Brysbaert2014a,2.53,NA,extended,FALSE,
inboorling,0.310408149123415,1,Brysbaert2014a,2.53,NA,extended,FALSE,
kandidatuur,0.310408149123415,1,Brysbaert2014a,2.53,NA,extended,FALSE,
keerkring,0.310408149123415,1,Brysbaert2014a,2.53,NA,extended,FALSE,
keuring,0.310408149123415,1,Brysbaert2014a,2.53,NA,extended,FALSE,
klaagzang,0.310408149123415,1,Brysbaert2014a,2.53,NA,extended,FALSE,
klaarwakker,0.310408149123415,1,Brysbaert2014a,2.53,NA,extended,FALSE,
klootzak,0.310408149123415,1,Brysbaert2014a,2.53,NA,extended,FALSE,
klunzen,0.310408149123415,1,Brysbaert2014a,2.53,NA,extended,FALSE,
komedie,0.310408149123415,1,Brysbaert2014a,2.53,NA,extended,FALSE,
kookkunst,0.310408149123415,1,Brysbaert2014a,2.53,NA,extended,FALSE,
kracht,0.310408149123415,1,Brysbaert2014a,2.53,NA,extended,FALSE,
kreng,0.310408149123415,1,Brysbaert2014a,2.53,NA,extended,FALSE,
kwaadheid,0.310408149123415,1,Brysbaert2014a,2.53,NA,extended,FALSE,
leukemie,0.310408149123415,1,Brysbaert2014a,2.53,NA,extended,FALSE,
liefkozing,0.310408149123415,1,Brysbaert2014a,2.53,NA,extended,FALSE,
lomperik,0.310408149123415,1,Brysbaert2014a,2.53,NA,extended,FALSE,
luierik,0.310408149123415,1,Brysbaert2014a,2.53,NA,extended,FALSE,
machinaal,0.310408149123415,1,Brysbaert2014a,2.53,NA,extended,FALSE,
medewerking,0.310408149123415,1,Brysbaert2014a,2.53,NA,extended,FALSE,
medium,0.310408149123415,1,Brysbaert2014a,2.53,NA,extended,FALSE,
meisjesnaam,0.310408149123415,1,Brysbaert2014a,2.53,NA,extended,FALSE,
melodieus,0.310408149123415,1,Brysbaert2014a,2.53,NA,extended,FALSE,
memoires,0.310408149123415,1,Brysbaert2014a,2.53,NA,extended,FALSE,
mengelmoes,0.310408149123415,1,Brysbaert2014a,2.53,NA,extended,FALSE,
mentor,0.310408149123415,1,Brysbaert2014a,2.53,NA,extended,FALSE,
merknaam,0.310408149123415,1,Brysbaert2014a,2.53,NA,extended,FALSE,
meting,0.310408149123415,1,Brysbaert2014a,2.53,NA,extended,FALSE,
middaguur,0.310408149123415,1,Brysbaert2014a,2.53,NA,extended,FALSE,
milieu,0.310408149123415,1,Brysbaert2014a,2.53,NA,extended,FALSE,
minuscuul,0.310408149123415,1,Brysbaert2014a,2.53,NA,extended,FALSE,
monogamie,0.310408149123415,1,Brysbaert2014a,2.53,NA,extended,FALSE,
mutatie,0.310408149123415,1,Brysbaert2014a,2.53,NA,extended,FALSE,
muze,0.310408149123415,1,Brysbaert2014a,2.53,NA,extended,FALSE,
nationaliteit,0.310408149123415,1,Brysbaert2014a,2.53,NA,extended,FALSE,
nuttiging,0.310408149123415,1,Brysbaert2014a,2.53,NA,extended,FALSE,
omvang,0.310408149123415,1,Brysbaert2014a,2.53,NA,extended,FALSE,
onderduiker,0.310408149123415,1,Brysbaert2014a,2.53,NA,extended,FALSE,
onderhandeling,0.310408149123415,1,Brysbaert2014a,2.53,NA,extended,FALSE,
onderneming,0.310408149123415,1,Brysbaert2014a,2.53,NA,extended,FALSE,
ontwikkelingshulp,0.310408149123415,1,Brysbaert2014a,2.53,NA,extended,FALSE,
oplawaai,0.310408149123415,1,Brysbaert2014a,2.53,NA,extended,FALSE,
opslag,0.310408149123415,1,Brysbaert2014a,2.53,NA,extended,FALSE,
organisator,0.310408149123415,1,Brysbaert2014a,2.53,NA,extended,FALSE,
overuur,0.310408149123415,1,Brysbaert2014a,2.53,NA,extended,FALSE,
paarsgewijs,0.310408149123415,1,Brysbaert2014a,2.53,NA,extended,FALSE,
padvinderij,0.310408149123415,1,Brysbaert2014a,2.53,NA,extended,FALSE,
papzak,0.310408149123415,1,Brysbaert2014a,2.53,NA,extended,FALSE,
pleegmoeder,0.310408149123415,1,Brysbaert2014a,2.53,NA,extended,FALSE,
ploegendienst,0.310408149123415,1,Brysbaert2014a,2.53,NA,extended,FALSE,
polygamie,0.310408149123415,1,Brysbaert2014a,2.53,NA,extended,FALSE,
potdicht,0.310408149123415,1,Brysbaert2014a,2.53,NA,extended,FALSE,
pottenkijker,0.310408149123415,1,Brysbaert2014a,2.53,NA,extended,FALSE,
programma,0.310408149123415,1,Brysbaert2014a,2.53,NA,extended,FALSE,
protectie,0.310408149123415,1,Brysbaert2014a,2.53,NA,extended,FALSE,
quarantaine,0.310408149123415,1,Brysbaert2014a,2.53,NA,extended,FALSE,
rapportage,0.310408149123415,1,Brysbaert2014a,2.53,NA,extended,FALSE,
reactie,0.310408149123415,1,Brysbaert2014a,2.53,NA,extended,FALSE,
recensie,0.310408149123415,1,Brysbaert2014a,2.53,NA,extended,FALSE,
recycling,0.310408149123415,1,Brysbaert2014a,2.53,NA,extended,FALSE,
regering,0.310408149123415,1,Brysbaert2014a,2.53,NA,extended,FALSE,
rokkenjager,0.310408149123415,1,Brysbaert2014a,2.53,NA,extended,FALSE,
saldo,0.310408149123415,1,Brysbaert2014a,2.53,NA,extended,FALSE,
samenstelling,0.310408149123415,1,Brysbaert2014a,2.53,NA,extended,FALSE,
samenvoeging,0.310408149123415,1,Brysbaert2014a,2.53,NA,extended,FALSE,
schaars,0.310408149123415,1,Brysbaert2014a,2.53,NA,extended,FALSE,
schietgebed,0.310408149123415,1,Brysbaert2014a,2.53,NA,extended,FALSE,
schrijfstijl,0.310408149123415,1,Brysbaert2014a,2.53,NA,extended,FALSE,
schulden,0.310408149123415,1,Brysbaert2014a,2.53,NA,extended,FALSE,
sekse,0.310408149123415,1,Brysbaert2014a,2.53,NA,extended,FALSE,
slaafs,0.310408149123415,1,Brysbaert2014a,2.53,NA,extended,FALSE,
slaapkop,0.310408149123415,1,Brysbaert2014a,2.53,NA,extended,FALSE,
sollicitatie,0.310408149123415,1,Brysbaert2014a,2.53,NA,extended,FALSE,
soortgenoot,0.310408149123415,1,Brysbaert2014a,2.53,NA,extended,FALSE,
stadsbestuur,0.310408149123415,1,Brysbaert2014a,2.53,NA,extended,FALSE,
stand,0.310408149123415,1,Brysbaert2014a,2.53,NA,extended,FALSE,
stoefer,0.310408149123415,1,Brysbaert2014a,2.53,NA,extended,FALSE,
subsidie,0.310408149123415,1,Brysbaert2014a,2.53,NA,extended,FALSE,
sukkel,0.310408149123415,1,Brysbaert2014a,2.53,NA,extended,FALSE,
tafereel,0.310408149123415,1,Brysbaert2014a,2.53,NA,extended,FALSE,
tam,0.310408149123415,1,Brysbaert2014a,2.53,NA,extended,FALSE,
tastzin,0.310408149123415,1,Brysbaert2014a,2.53,NA,extended,FALSE,
teamwerk,0.310408149123415,1,Brysbaert2014a,2.53,NA,extended,FALSE,
titelgevecht,0.310408149123415,1,Brysbaert2014a,2.53,NA,extended,FALSE,
toeslag,0.310408149123415,1,Brysbaert2014a,2.53,NA,extended,FALSE,
toezicht,0.310408149123415,1,Brysbaert2014a,2.53,NA,extended,FALSE,
transformatie,0.310408149123415,1,Brysbaert2014a,2.53,NA,extended,FALSE,
tunnelvisie,0.310408149123415,1,Brysbaert2014a,2.53,NA,extended,FALSE,
tussenkomst,0.310408149123415,1,Brysbaert2014a,2.53,NA,extended,FALSE,
twijfelaar,0.310408149123415,1,Brysbaert2014a,2.53,NA,extended,FALSE,
twisten,0.310408149123415,1,Brysbaert2014a,2.53,NA,extended,FALSE,
uitbreiding,0.310408149123415,1,Brysbaert2014a,2.53,NA,extended,FALSE,
uitspraak,0.310408149123415,1,Brysbaert2014a,2.53,NA,extended,FALSE,
uitstapje,0.310408149123415,1,Brysbaert2014a,2.53,NA,extended,FALSE,
uitvloeisel,0.310408149123415,1,Brysbaert2014a,2.53,NA,extended,FALSE,
uitvoer,0.310408149123415,1,Brysbaert2014a,2.53,NA,extended,FALSE,
verdwijning,0.310408149123415,1,Brysbaert2014a,2.53,NA,extended,FALSE,
verliezer,0.310408149123415,1,Brysbaert2014a,2.53,NA,extended,FALSE,
vermoeidheid,0.310408149123415,1,Brysbaert2014a,2.53,NA,extended,FALSE,
verspreiding,0.310408149123415,1,Brysbaert2014a,2.53,NA,extended,FALSE,
versterking,0.310408149123415,1,Brysbaert2014a,2.53,NA,extended,FALSE,
vertoning,0.310408149123415,1,Brysbaert2014a,2.53,NA,extended,FALSE,
verwondering,0.310408149123415,1,Brysbaert2014a,2.53,NA,extended,FALSE,
vliegangst,0.310408149123415,1,Brysbaert2014a,2.53,NA,extended,FALSE,
volhouder,0.310408149123415,1,Brysbaert2014a,2.53,NA,extended,FALSE,
volkstelling,0.310408149123415,1,Brysbaert2014a,2.53,NA,extended,FALSE,
weerklank,0.310408149123415,1,Brysbaert2014a,2.53,NA,extended,FALSE,
wending,0.310408149123415,1,Brysbaert2014a,2.53,NA,extended,FALSE,
wereldhandel,0.310408149123415,1,Brysbaert2014a,2.53,NA,extended,FALSE,
zege,0.310408149123415,1,Brysbaert2014a,2.53,NA,extended,FALSE,
zender,0.310408149123415,1,Brysbaert2014a,2.53,NA,extended,FALSE,
zendtijd,0.310408149123415,1,Brysbaert2014a,2.53,NA,extended,FALSE,
zoenoffer,0.310408149123415,1,Brysbaert2014a,2.53,NA,extended,FALSE,
zomer,0.310408149123415,1,Brysbaert2014a,2.53,NA,extended,FALSE,
armoede,0.308941678718827,2,Brysbaert2014a;Jasmin2012,4.565,NA,extended,FALSE,
vakantie,0.30842988101332,2,Brysbaert2014a;Jasmin2012,4.41,NA,extended,FALSE,
paniek,0.307434134103479,2,Brysbaert2014a;Jasmin2012,4.31,NA,extended,FALSE,
vriendelijkheid,0.306451612903226,1,Jasmin2012,6.29,NA,extended,FALSE,
materiaal,0.304572972262769,2,Brysbaert2014a;Jasmin2012,3.65,NA,extended,FALSE,
vreemdeling,0.30376505526608,2,Brysbaert2014a;Jasmin2012,4.335,NA,extended,FALSE,
aanwas,0.301330469128959,1,Brysbaert2014a,2.5,NA,extended,FALSE,
accumulatie,0.301330469128959,1,Brysbaert2014a,2.5,NA,extended,FALSE,
aftrek,0.301330469128959,1,Brysbaert2014a,2.5,NA,extended,FALSE,
agens,0.301330469128959,1,Brysbaert2014a,2.5,NA,extended,FALSE,
amendement,0.301330469128959,1,Brysbaert2014a,2.5,NA,extended,FALSE,
analist,0.301330469128959,1,Brysbaert2014a,2.5,NA,extended,FALSE,
automatiek,0.301330469128959,1,Brysbaert2014a,2.5,NA,extended,FALSE,
bandbreedte,0.301330469128959,1,Brysbaert2014a,2.5,NA,extended,FALSE,
bargoens,0.301330469128959,1,Brysbaert2014a,2.5,NA,extended,FALSE,
bias,0.301330469128959,1,Brysbaert2014a,2.5,NA,extended,FALSE,
coda,0.301330469128959,1,Brysbaert2014a,2.5,NA,extended,FALSE,
collocatie,0.301330469128959,1,Brysbaert2014a,2.5,NA,extended,FALSE,
concubine,0.301330469128959,1,Brysbaert2014a,2.5,NA,extended,FALSE,
consecratie,0.301330469128959,1,Brysbaert2014a,2.5,NA,extended,FALSE,
consulaat,0.301330469128959,1,Brysbaert2014a,2.5,NA,extended,FALSE,
contractie,0.301330469128959,1,Brysbaert2014a,2.5,NA,extended,FALSE,
degradatie,0.301330469128959,1,Brysbaert2014a,2.5,NA,extended,FALSE,
dehydratie,0.301330469128959,1,Brysbaert2014a,2.5,NA,extended,FALSE,
delta,0.301330469128959,1,Brysbaert2014a,2.5,NA,extended,FALSE,
diacones,0.301330469128959,1,Brysbaert2014a,2.5,NA,extended,FALSE,
diligence,0.301330469128959,1,Brysbaert2014a,2.5,NA,extended,FALSE,
doctorandus,0.301330469128959,1,Brysbaert2014a,2.5,NA,extended,FALSE,
dysenterie,0.301330469128959,1,Brysbaert2014a,2.5,NA,extended,FALSE,
einder,0.301330469128959,1,Brysbaert2014a,2.5,NA,extended,FALSE,
evacué,0.301330469128959,1,Brysbaert2014a,2.5,NA,extended,FALSE,
frêle,0.301330469128959,1,Brysbaert2014a,2.5,NA,extended,FALSE,
gezant,0.301330469128959,1,Brysbaert2014a,2.5,NA,extended,FALSE,
grootmeester,0.301330469128959,1,Brysbaert2014a,2.5,NA,extended,FALSE,
haarkloverij,0.301330469128959,1,Brysbaert2014a,2.5,NA,extended,FALSE,
hartenvreter,0.301330469128959,1,Brysbaert2014a,2.5,NA,extended,FALSE,
heling,0.301330469128959,1,Brysbaert2014a,2.5,NA,extended,FALSE,
huzarenstuk,0.301330469128959,1,Brysbaert2014a,2.5,NA,extended,FALSE,
ijveraar,0.301330469128959,1,Brysbaert2014a,2.5,NA,extended,FALSE,
inlander,0.301330469128959,1,Brysbaert2014a,2.5,NA,extended,FALSE,
intonatie,0.301330469128959,1,Brysbaert2014a,2.5,NA,extended,FALSE,
kielzog,0.301330469128959,1,Brysbaert2014a,2.5,NA,extended,FALSE,
kikkerland,0.301330469128959,1,Brysbaert2014a,2.5,NA,extended,FALSE,
klerelijer,0.301330469128959,1,Brysbaert2014a,2.5,NA,extended,FALSE,
korten,0.301330469128959,1,Brysbaert2014a,2.5,NA,extended,FALSE,
krijgsraad,0.301330469128959,1,Brysbaert2014a,2.5,NA,extended,FALSE,
kwansuis,0.301330469128959,1,Brysbaert2014a,2.5,NA,extended,FALSE,
leuze,0.301330469128959,1,Brysbaert2014a,2.5,NA,extended,FALSE,
lijsttrekker,0.301330469128959,1,Brysbaert2014a,2.5,NA,extended,FALSE,
mangelen,0.301330469128959,1,Brysbaert2014a,2.5,NA,extended,FALSE,
mecenas,0.301330469128959,1,Brysbaert2014a,2.5,NA,extended,FALSE,
menarche,0.301330469128959,1,Brysbaert2014a,2.5,NA,extended,FALSE,
mercantiel,0.301330469128959,1,Brysbaert2014a,2.5,NA,extended,FALSE,
middenkader,0.301330469128959,1,Brysbaert2014a,2.5,NA,extended,FALSE,
mui,0.301330469128959,1,Brysbaert2014a,2.5,NA,extended,FALSE,
muiter,0.301330469128959,1,Brysbaert2014a,2.5,NA,extended,FALSE,
nawoord,0.301330469128959,1,Brysbaert2014a,2.5,NA,extended,FALSE,
nesteling,0.301330469128959,1,Brysbaert2014a,2.5,NA,extended,FALSE,
oosterlengte,0.301330469128959,1,Brysbaert2014a,2.5,NA,extended,FALSE,
palindroom,0.301330469128959,1,Brysbaert2014a,2.5,NA,extended,FALSE,
panacee,0.301330469128959,1,Brysbaert2014a,2.5,NA,extended,FALSE,
pantomime,0.301330469128959,1,Brysbaert2014a,2.5,NA,extended,FALSE,
persklaar,0.301330469128959,1,Brysbaert2014a,2.5,NA,extended,FALSE,
postiljon,0.301330469128959,1,Brysbaert2014a,2.5,NA,extended,FALSE,
praam,0.301330469128959,1,Brysbaert2014a,2.5,NA,extended,FALSE,
pummel,0.301330469128959,1,Brysbaert2014a,2.5,NA,extended,FALSE,
rapsodie,0.301330469128959,1,Brysbaert2014a,2.5,NA,extended,FALSE,
reclamatie,0.301330469128959,1,Brysbaert2014a,2.5,NA,extended,FALSE,
repartitie,0.301330469128959,1,Brysbaert2014a,2.5,NA,extended,FALSE,
routier,0.301330469128959,1,Brysbaert2014a,2.5,NA,extended,FALSE,
saampjes,0.301330469128959,1,Brysbaert2014a,2.5,NA,extended,FALSE,
sanering,0.301330469128959,1,Brysbaert2014a,2.5,NA,extended,FALSE,
sleets,0.301330469128959,1,Brysbaert2014a,2.5,NA,extended,FALSE,
solipsisme,0.301330469128959,1,Brysbaert2014a,2.5,NA,extended,FALSE,
stedeling,0.301330469128959,1,Brysbaert2014a,2.5,NA,extended,FALSE,
stennis,0.301330469128959,1,Brysbaert2014a,2.5,NA,extended,FALSE,
stenografie,0.301330469128959,1,Brysbaert2014a,2.5,NA,extended,FALSE,
subtractie,0.301330469128959,1,Brysbaert2014a,2.5,NA,extended,FALSE,
tahin,0.301330469128959,1,Brysbaert2014a,2.5,NA,extended,FALSE,
tarief,0.301330469128959,1,Brysbaert2014a,2.5,NA,extended,FALSE,
thermiek,0.301330469128959,1,Brysbaert2014a,2.5,NA,extended,FALSE,
tongval,0.301330469128959,1,Brysbaert2014a,2.5,NA,extended,FALSE,
toverklank,0.301330469128959,1,Brysbaert2014a,2.5,NA,extended,FALSE,
trekking,0.301330469128959,1,Brysbaert2014a,2.5,NA,extended,FALSE,
wilsuiting,0.301330469128959,1,Brysbaert2014a,2.5,NA,extended,FALSE,
woekeraar,0.301330469128959,1,Brysbaert2014a,2.5,NA,extended,FALSE,
zatladder,0.301330469128959,1,Brysbaert2014a,2.5,NA,extended,FALSE,
zuiverheid,0.301330469128959,1,Brysbaert2014a,2.5,NA,extended,FALSE,
schoonheid,0.300810878810526,2,Brysbaert2014a;Jasmin2012,4.5,NA,extended,FALSE,
huivering,0.296279458871024,2,Brysbaert2014a;Jasmin2012,4.185,NA,extended,FALSE,
gezondheid,0.295500818503774,2,Brysbaert2014a;Jasmin2012,4.495,NA,extended,FALSE,
vreugde,0.293336117562525,2,Brysbaert2014a;Jasmin2012,4.3,NA,extended,FALSE,
aanvaring,0.291005474326104,1,Brysbaert2014a,2.47,NA,extended,FALSE,
aflossing,0.291005474326104,1,Brysbaert2014a,2.47,NA,extended,FALSE,
afspraak,0.291005474326104,1,Brysbaert2014a,2.47,NA,extended,FALSE,
afstand,0.291005474326104,1,Brysbaert2014a,2.47,NA,extended,FALSE,
alcoholisme,0.291005474326104,1,Brysbaert2014a,2.47,NA,extended,FALSE,
angstaanval,0.291005474326104,1,Brysbaert2014a,2.47,NA,extended,FALSE,
armoedzaaier,0.291005474326104,1,Brysbaert2014a,2.47,NA,extended,FALSE,
behandeling,0.291005474326104,1,Brysbaert2014a,2.47,NA,extended,FALSE,
benodigdheden,0.291005474326104,1,Brysbaert2014a,2.47,NA,extended,FALSE,
berisping,0.291005474326104,1,Brysbaert2014a,2.47,NA,extended,FALSE,
beroving,0.291005474326104,1,Brysbaert2014a,2.47,NA,extended,FALSE,
beschrijving,0.291005474326104,1,Brysbaert2014a,2.47,NA,extended,FALSE,
besturing,0.291005474326104,1,Brysbaert2014a,2.47,NA,extended,FALSE,
beterweter,0.291005474326104,1,Brysbaert2014a,2.47,NA,extended,FALSE,
bevolkingsgroep,0.291005474326104,1,Brysbaert2014a,2.47,NA,extended,FALSE,
bezuiniging,0.291005474326104,1,Brysbaert2014a,2.47,NA,extended,FALSE,
bijles,0.291005474326104,1,Brysbaert2014a,2.47,NA,extended,FALSE,
blunder,0.291005474326104,1,Brysbaert2014a,2.47,NA,extended,FALSE,
bod,0.291005474326104,1,Brysbaert2014a,2.47,NA,extended,FALSE,
boekentaal,0.291005474326104,1,Brysbaert2014a,2.47,NA,extended,FALSE,
boezemvriend,0.291005474326104,1,Brysbaert2014a,2.47,NA,extended,FALSE,
bouwkunde,0.291005474326104,1,Brysbaert2014a,2.47,NA,extended,FALSE,
calorie,0.291005474326104,1,Brysbaert2014a,2.47,NA,extended,FALSE,
chemie,0.291005474326104,1,Brysbaert2014a,2.47,NA,extended,FALSE,
collaboratie,0.291005474326104,1,Brysbaert2014a,2.47,NA,extended,FALSE,
complicatie,0.291005474326104,1,Brysbaert2014a,2.47,NA,extended,FALSE,
compositie,0.291005474326104,1,Brysbaert2014a,2.47,NA,extended,FALSE,
consultatie,0.291005474326104,1,Brysbaert2014a,2.47,NA,extended,FALSE,
dagtaak,0.291005474326104,1,Brysbaert2014a,2.47,NA,extended,FALSE,
debutant,0.291005474326104,1,Brysbaert2014a,2.47,NA,extended,FALSE,
deling,0.291005474326104,1,Brysbaert2014a,2.47,NA,extended,FALSE,
denker,0.291005474326104,1,Brysbaert2014a,2.47,NA,extended,FALSE,
departement,0.291005474326104,1,Brysbaert2014a,2.47,NA,extended,FALSE,
dialyse,0.291005474326104,1,Brysbaert2014a,2.47,NA,extended,FALSE,
dienaar,0.291005474326104,1,Brysbaert2014a,2.47,NA,extended,FALSE,
donatie,0.291005474326104,1,Brysbaert2014a,2.47,NA,extended,FALSE,
doodrijder,0.291005474326104,1,Brysbaert2014a,2.47,NA,extended,FALSE,
doodsstrijd,0.291005474326104,1,Brysbaert2014a,2.47,NA,extended,FALSE,
doodziek,0.291005474326104,1,Brysbaert2014a,2.47,NA,extended,FALSE,
dosis,0.291005474326104,1,Brysbaert2014a,2.47,NA,extended,FALSE,
dreiging,0.291005474326104,1,Brysbaert2014a,2.47,NA,extended,FALSE,
eeuweling,0.291005474326104,1,Brysbaert2014a,2.47,NA,extended,FALSE,
elektrotechniek,0.291005474326104,1,Brysbaert2014a,2.47,NA,extended,FALSE,
energie,0.291005474326104,1,Brysbaert2014a,2.47,NA,extended,FALSE,
epidemie,0.291005474326104,1,Brysbaert2014a,2.47,NA,extended,FALSE,
etenstijd,0.291005474326104,1,Brysbaert2014a,2.47,NA,extended,FALSE,
exterieur,0.291005474326104,1,Brysbaert2014a,2.47,NA,extended,FALSE,
fabricaat,0.291005474326104,1,Brysbaert2014a,2.47,NA,extended,FALSE,
falsificatie,0.291005474326104,1,Brysbaert2014a,2.47,NA,extended,FALSE,
fetisjist,0.291005474326104,1,Brysbaert2014a,2.47,NA,extended,FALSE,
freak,0.291005474326104,1,Brysbaert2014a,2.47,NA,extended,FALSE,
frequentie,0.291005474326104,1,Brysbaert2014a,2.47,NA,extended,FALSE,
gemeenteraad,0.291005474326104,1,Brysbaert2014a,2.47,NA,extended,FALSE,
genadeslag,0.291005474326104,1,Brysbaert2014a,2.47,NA,extended,FALSE,
gezelschap,0.291005474326104,1,Brysbaert2014a,2.47,NA,extended,FALSE,
grapje,0.291005474326104,1,Brysbaert2014a,2.47,NA,extended,FALSE,
grootte,0.291005474326104,1,Brysbaert2014a,2.47,NA,extended,FALSE,
handeling,0.291005474326104,1,Brysbaert2014a,2.47,NA,extended,FALSE,
handvaardigheid,0.291005474326104,1,Brysbaert2014a,2.47,NA,extended,FALSE,
herkenning,0.291005474326104,1,Brysbaert2014a,2.47,NA,extended,FALSE,
herriemaker,0.291005474326104,1,Brysbaert2014a,2.47,NA,extended,FALSE,
hertz,0.291005474326104,1,Brysbaert2014a,2.47,NA,extended,FALSE,
hoofdpersoon,0.291005474326104,1,Brysbaert2014a,2.47,NA,extended,FALSE,
hoofdzin,0.291005474326104,1,Brysbaert2014a,2.47,NA,extended,FALSE,
hoogtepunt,0.291005474326104,1,Brysbaert2014a,2.47,NA,extended,FALSE,
hoorzitting,0.291005474326104,1,Brysbaert2014a,2.47,NA,extended,FALSE,
hormoon,0.291005474326104,1,Brysbaert2014a,2.47,NA,extended,FALSE,
houding,0.291005474326104,1,Brysbaert2014a,2.47,NA,extended,FALSE,
huiver,0.291005474326104,1,Brysbaert2014a,2.47,NA,extended,FALSE,
hulp,0.291005474326104,1,Brysbaert2014a,2.47,NA,extended,FALSE,
hulplijn,0.291005474326104,1,Brysbaert2014a,2.47,NA,extended,FALSE,
huurmoord,0.291005474326104,1,Brysbaert2014a,2.47,NA,extended,FALSE,
ijstijd,0.291005474326104,1,Brysbaert2014a,2.47,NA,extended,FALSE,
ijzersterk,0.291005474326104,1,Brysbaert2014a,2.47,NA,extended,FALSE,
instelling,0.291005474326104,1,Brysbaert2014a,2.47,NA,extended,FALSE,
invaliditeit,0.291005474326104,1,Brysbaert2014a,2.47,NA,extended,FALSE,
investeerder,0.291005474326104,1,Brysbaert2014a,2.47,NA,extended,FALSE,
invoer,0.291005474326104,1,Brysbaert2014a,2.47,NA,extended,FALSE,
isolement,0.291005474326104,1,Brysbaert2014a,2.47,NA,extended,FALSE,
kerfstok,0.291005474326104,1,Brysbaert2014a,2.47,NA,extended,FALSE,
kerngezond,0.291005474326104,1,Brysbaert2014a,2.47,NA,extended,FALSE,
kerstnacht,0.291005474326104,1,Brysbaert2014a,2.47,NA,extended,FALSE,
kinderziekte,0.291005474326104,1,Brysbaert2014a,2.47,NA,extended,FALSE,
klef,0.291005474326104,1,Brysbaert2014a,2.47,NA,extended,FALSE,
kletskous,0.291005474326104,1,Brysbaert2014a,2.47,NA,extended,FALSE,
klucht,0.291005474326104,1,Brysbaert2014a,2.47,NA,extended,FALSE,
koninkrijk,0.291005474326104,1,Brysbaert2014a,2.47,NA,extended,FALSE,
kruisverhoor,0.291005474326104,1,Brysbaert2014a,2.47,NA,extended,FALSE,
kwijtschelden,0.291005474326104,1,Brysbaert2014a,2.47,NA,extended,FALSE,
lachertje,0.291005474326104,1,Brysbaert2014a,2.47,NA,extended,FALSE,
landgenoot,0.291005474326104,1,Brysbaert2014a,2.47,NA,extended,FALSE,
leesniveau,0.291005474326104,1,Brysbaert2014a,2.47,NA,extended,FALSE,
levenspartner,0.291005474326104,1,Brysbaert2014a,2.47,NA,extended,FALSE,
lichtjes,0.291005474326104,1,Brysbaert2014a,2.47,NA,extended,FALSE,
liefjes,0.291005474326104,1,Brysbaert2014a,2.47,NA,extended,FALSE,
mechanisme,0.291005474326104,1,Brysbaert2014a,2.47,NA,extended,FALSE,
meneer,0.291005474326104,1,Brysbaert2014a,2.47,NA,extended,FALSE,
middel,0.291005474326104,1,Brysbaert2014a,2.47,NA,extended,FALSE,
middelmaat,0.291005474326104,1,Brysbaert2014a,2.47,NA,extended,FALSE,
millennium,0.291005474326104,1,Brysbaert2014a,2.47,NA,extended,FALSE,
misrekening,0.291005474326104,1,Brysbaert2014a,2.47,NA,extended,FALSE,
muggenziften,0.291005474326104,1,Brysbaert2014a,2.47,NA,extended,FALSE,
mutualiteit,0.291005474326104,1,Brysbaert2014a,2.47,NA,extended,FALSE,
nazicht,0.291005474326104,1,Brysbaert2014a,2.47,NA,extended,FALSE,
nuchterheid,0.291005474326104,1,Brysbaert2014a,2.47,NA,extended,FALSE,
ommekeer,0.291005474326104,1,Brysbaert2014a,2.47,NA,extended,FALSE,
ondervoeding,0.291005474326104,1,Brysbaert2014a,2.47,NA,extended,FALSE,
oosters,0.291005474326104,1,Brysbaert2014a,2.47,NA,extended,FALSE,
opbouw,0.291005474326104,1,Brysbaert2014a,2.47,NA,extended,FALSE,
openingszin,0.291005474326104,1,Brysbaert2014a,2.47,NA,extended,FALSE,
operator,0.291005474326104,1,Brysbaert2014a,2.47,NA,extended,FALSE,
oplage,0.291005474326104,1,Brysbaert2014a,2.47,NA,extended,FALSE,
opstandeling,0.291005474326104,1,Brysbaert2014a,2.47,NA,extended,FALSE,
opstoker,0.291005474326104,1,Brysbaert2014a,2.47,NA,extended,FALSE,
optiek,0.291005474326104,1,Brysbaert2014a,2.47,NA,extended,FALSE,
oudejaar,0.291005474326104,1,Brysbaert2014a,2.47,NA,extended,FALSE,
oudejaarsavond,0.291005474326104,1,Brysbaert2014a,2.47,NA,extended,FALSE,
overleving,0.291005474326104,1,Brysbaert2014a,2.47,NA,extended,FALSE,
overplaatsing,0.291005474326104,1,Brysbaert2014a,2.47,NA,extended,FALSE,
overwicht,0.291005474326104,1,Brysbaert2014a,2.47,NA,extended,FALSE,
parttime,0.291005474326104,1,Brysbaert2014a,2.47,NA,extended,FALSE,
patent,0.291005474326104,1,Brysbaert2014a,2.47,NA,extended,FALSE,
percentage,0.291005474326104,1,Brysbaert2014a,2.47,NA,extended,FALSE,
pijngrens,0.291005474326104,1,Brysbaert2014a,2.47,NA,extended,FALSE,
platvloers,0.291005474326104,1,Brysbaert2014a,2.47,NA,extended,FALSE,
pleegkind,0.291005474326104,1,Brysbaert2014a,2.47,NA,extended,FALSE,
premiejager,0.291005474326104,1,Brysbaert2014a,2.47,NA,extended,FALSE,
pril,0.291005474326104,1,Brysbaert2014a,2.47,NA,extended,FALSE,
recordtijd,0.291005474326104,1,Brysbaert2014a,2.47,NA,extended,FALSE,
recuperatie,0.291005474326104,1,Brysbaert2014a,2.47,NA,extended,FALSE,
redevoering,0.291005474326104,1,Brysbaert2014a,2.47,NA,extended,FALSE,
release,0.291005474326104,1,Brysbaert2014a,2.47,NA,extended,FALSE,
research,0.291005474326104,1,Brysbaert2014a,2.47,NA,extended,FALSE,
resident,0.291005474326104,1,Brysbaert2014a,2.47,NA,extended,FALSE,
revisie,0.291005474326104,1,Brysbaert2014a,2.47,NA,extended,FALSE,
roes,0.291005474326104,1,Brysbaert2014a,2.47,NA,extended,FALSE,
rolverdeling,0.291005474326104,1,Brysbaert2014a,2.47,NA,extended,FALSE,
rondvraag,0.291005474326104,1,Brysbaert2014a,2.47,NA,extended,FALSE,
rothond,0.291005474326104,1,Brysbaert2014a,2.47,NA,extended,FALSE,
rotjong,0.291005474326104,1,Brysbaert2014a,2.47,NA,extended,FALSE,
rotkind,0.291005474326104,1,Brysbaert2014a,2.47,NA,extended,FALSE,
rouw,0.291005474326104,1,Brysbaert2014a,2.47,NA,extended,FALSE,
rust,0.291005474326104,1,Brysbaert2014a,2.47,NA,extended,FALSE,
rustpauze,0.291005474326104,1,Brysbaert2014a,2.47,NA,extended,FALSE,
sabotage,0.291005474326104,1,Brysbaert2014a,2.47,NA,extended,FALSE,
samenwerking,0.291005474326104,1,Brysbaert2014a,2.47,NA,extended,FALSE,
samenzwering,0.291005474326104,1,Brysbaert2014a,2.47,NA,extended,FALSE,
scenario,0.291005474326104,1,Brysbaert2014a,2.47,NA,extended,FALSE,
schoonvader,0.291005474326104,1,Brysbaert2014a,2.47,NA,extended,FALSE,
schuldenaar,0.291005474326104,1,Brysbaert2014a,2.47,NA,extended,FALSE,
seksuoloog,0.291005474326104,1,Brysbaert2014a,2.47,NA,extended,FALSE,
semester,0.291005474326104,1,Brysbaert2014a,2.47,NA,extended,FALSE,
single,0.291005474326104,1,Brysbaert2014a,2.47,NA,extended,FALSE,
spelbreker,0.291005474326104,1,Brysbaert2014a,2.47,NA,extended,FALSE,
speling,0.291005474326104,1,Brysbaert2014a,2.47,NA,extended,FALSE,
spotnaam,0.291005474326104,1,Brysbaert2014a,2.47,NA,extended,FALSE,
spotprijs,0.291005474326104,1,Brysbaert2014a,2.47,NA,extended,FALSE,
statisticus,0.291005474326104,1,Brysbaert2014a,2.47,NA,extended,FALSE,
sterveling,0.291005474326104,1,Brysbaert2014a,2.47,NA,extended,FALSE,
stijfjes,0.291005474326104,1,Brysbaert2014a,2.47,NA,extended,FALSE,
stijl,0.291005474326104,1,Brysbaert2014a,2.47,NA,extended,FALSE,
stroomlijnen,0.291005474326104,1,Brysbaert2014a,2.47,NA,extended,FALSE,
structuur,0.291005474326104,1,Brysbaert2014a,2.47,NA,extended,FALSE,
studietijd,0.291005474326104,1,Brysbaert2014a,2.47,NA,extended,FALSE,
suikertante,0.291005474326104,1,Brysbaert2014a,2.47,NA,extended,FALSE,
taak,0.291005474326104,1,Brysbaert2014a,2.47,NA,extended,FALSE,
taakverdeling,0.291005474326104,1,Brysbaert2014a,2.47,NA,extended,FALSE,
tegenaanval,0.291005474326104,1,Brysbaert2014a,2.47,NA,extended,FALSE,
tegenstand,0.291005474326104,1,Brysbaert2014a,2.47,NA,extended,FALSE,
tegenwicht,0.291005474326104,1,Brysbaert2014a,2.47,NA,extended,FALSE,
terreur,0.291005474326104,1,Brysbaert2014a,2.47,NA,extended,FALSE,
theoreticus,0.291005474326104,1,Brysbaert2014a,2.47,NA,extended,FALSE,
tip,0.291005474326104,1,Brysbaert2014a,2.47,NA,extended,FALSE,
titelhouder,0.291005474326104,1,Brysbaert2014a,2.47,NA,extended,FALSE,
toverspreuk,0.291005474326104,1,Brysbaert2014a,2.47,NA,extended,FALSE,
treurigheid,0.291005474326104,1,Brysbaert2014a,2.47,NA,extended,FALSE,
uitbuiting,0.291005474326104,1,Brysbaert2014a,2.47,NA,extended,FALSE,
uitdager,0.291005474326104,1,Brysbaert2014a,2.47,NA,extended,FALSE,
uitkering,0.291005474326104,1,Brysbaert2014a,2.47,NA,extended,FALSE,
uitstraling,0.291005474326104,1,Brysbaert2014a,2.47,NA,extended,FALSE,
verbod,0.291005474326104,1,Brysbaert2014a,2.47,NA,extended,FALSE,
vereffening,0.291005474326104,1,Brysbaert2014a,2.47,NA,extended,FALSE,
vereniging,0.291005474326104,1,Brysbaert2014a,2.47,NA,extended,FALSE,
verering,0.291005474326104,1,Brysbaert2014a,2.47,NA,extended,FALSE,
verhalen,0.291005474326104,1,Brysbaert2014a,2.47,NA,extended,FALSE,
verlenging,0.291005474326104,1,Brysbaert2014a,2.47,NA,extended,FALSE,
verloedering,0.291005474326104,1,Brysbaert2014a,2.47,NA,extended,FALSE,
verschil,0.291005474326104,1,Brysbaert2014a,2.47,NA,extended,FALSE,
verslaving,0.291005474326104,1,Brysbaert2014a,2.47,NA,extended,FALSE,
verspilling,0.291005474326104,1,Brysbaert2014a,2.47,NA,extended,FALSE,
verspreking,0.291005474326104,1,Brysbaert2014a,2.47,NA,extended,FALSE,
verstoring,0.291005474326104,1,Brysbaert2014a,2.47,NA,extended,FALSE,
vliegensvlug,0.291005474326104,1,Brysbaert2014a,2.47,NA,extended,FALSE,
vonnis,0.291005474326104,1,Brysbaert2014a,2.47,NA,extended,FALSE,
voormiddag,0.291005474326104,1,Brysbaert2014a,2.47,NA,extended,FALSE,
voorouder,0.291005474326104,1,Brysbaert2014a,2.47,NA,extended,FALSE,
vormsel,0.291005474326104,1,Brysbaert2014a,2.47,NA,extended,FALSE,
vraag,0.291005474326104,1,Brysbaert2014a,2.47,NA,extended,FALSE,
vraagzin,0.291005474326104,1,Brysbaert2014a,2.47,NA,extended,FALSE,
waarschuwing,0.291005474326104,1,Brysbaert2014a,2.47,NA,extended,FALSE,
wachtdienst,0.291005474326104,1,Brysbaert2014a,2.47,NA,extended,FALSE,
walging,0.291005474326104,1,Brysbaert2014a,2.47,NA,extended,FALSE,
weekeinde,0.291005474326104,1,Brysbaert2014a,2.47,NA,extended,FALSE,
wereldstad,0.291005474326104,1,Brysbaert2014a,2.47,NA,extended,FALSE,
werkdag,0.291005474326104,1,Brysbaert2014a,2.47,NA,extended,FALSE,
wisseling,0.291005474326104,1,Brysbaert2014a,2.47,NA,extended,FALSE,
wonderschoon,0.291005474326104,1,Brysbaert2014a,2.47,NA,extended,FALSE,
zin,0.291005474326104,1,Brysbaert2014a,2.47,NA,extended,FALSE,
zoethouder,0.291005474326104,1,Brysbaert2014a,2.47,NA,extended,FALSE,
zone,0.291005474326104,1,Brysbaert2014a,2.47,NA,extended,FALSE,
fout,0.284233817878626,2,Brysbaert2014a;Jasmin2012,4.4,NA,extended,FALSE,
hel,0.284233817878626,2,Brysbaert2014a;Jasmin2012,4.4,NA,extended,FALSE,
agitatie,0.282897928071513,1,Brysbaert2014a,2.46,NA,extended,FALSE,
clownesk,0.282897928071513,1,Brysbaert2014a,2.46,NA,extended,FALSE,
delinquentie,0.282897928071513,1,Brysbaert2014a,2.46,NA,extended,FALSE,
echoscopie,0.282897928071513,1,Brysbaert2014a,2.46,NA,extended,FALSE,
gangmaker,0.282897928071513,1,Brysbaert2014a,2.46,NA,extended,FALSE,
hofhouding,0.282897928071513,1,Brysbaert2014a,2.46,NA,extended,FALSE,
jonker,0.282897928071513,1,Brysbaert2014a,2.46,NA,extended,FALSE,
kampen,0.282897928071513,1,Brysbaert2014a,2.46,NA,extended,FALSE,
merchandising,0.282897928071513,1,Brysbaert2014a,2.46,NA,extended,FALSE,
purist,0.282897928071513,1,Brysbaert2014a,2.46,NA,extended,FALSE,
randstad,0.282897928071513,1,Brysbaert2014a,2.46,NA,extended,FALSE,
slachtmaand,0.282897928071513,1,Brysbaert2014a,2.46,NA,extended,FALSE,
sluikreclame,0.282897928071513,1,Brysbaert2014a,2.46,NA,extended,FALSE,
snuiter,0.282897928071513,1,Brysbaert2014a,2.46,NA,extended,FALSE,
solutie,0.282897928071513,1,Brysbaert2014a,2.46,NA,extended,FALSE,
syndicalist,0.282897928071513,1,Brysbaert2014a,2.46,NA,extended,FALSE,
vrek,0.282897928071513,1,Brysbaert2014a,2.46,NA,extended,FALSE,
zwendel,0.282897928071513,1,Brysbaert2014a,2.46,NA,extended,FALSE,
deining,0.281823851430947,1,Brysbaert2014a,2.45,NA,extended,FALSE,
gaanderij,0.281823851430947,1,Brysbaert2014a,2.45,NA,extended,FALSE,
hommeles,0.281823851430947,1,Brysbaert2014a,2.45,NA,extended,FALSE,
kengetal,0.281823851430947,1,Brysbaert2014a,2.45,NA,extended,FALSE,
kikken,0.281823851430947,1,Brysbaert2014a,2.45,NA,extended,FALSE,
monografie,0.281823851430947,1,Brysbaert2014a,2.45,NA,extended,FALSE,
respiratoir,0.281823851430947,1,Brysbaert2014a,2.45,NA,extended,FALSE,
sage,0.281823851430947,1,Brysbaert2014a,2.45,NA,extended,FALSE,
sjouw,0.281823851430947,1,Brysbaert2014a,2.45,NA,extended,FALSE,
stereometrie,0.281823851430947,1,Brysbaert2014a,2.45,NA,extended,FALSE,
tonaliteit,0.281823851430947,1,Brysbaert2014a,2.45,NA,extended,FALSE,
uitspanning,0.281823851430947,1,Brysbaert2014a,2.45,NA,extended,FALSE,
zifterij,0.281823851430947,1,Brysbaert2014a,2.45,NA,extended,FALSE,
cherubijn,0.281096251126048,1,Brysbaert2014a,2.44,NA,extended,FALSE,
jol,0.281096251126048,1,Brysbaert2014a,2.44,NA,extended,FALSE,
pezewever,0.281096251126048,1,Brysbaert2014a,2.44,NA,extended,FALSE,
ritselaar,0.281096251126048,1,Brysbaert2014a,2.44,NA,extended,FALSE,
schorremorrie,0.281096251126048,1,Brysbaert2014a,2.44,NA,extended,FALSE,
stilering,0.281096251126048,1,Brysbaert2014a,2.44,NA,extended,FALSE,
struinen,0.281096251126048,1,Brysbaert2014a,2.44,NA,extended,FALSE,
uppie,0.281096251126048,1,Brysbaert2014a,2.44,NA,extended,FALSE,
onafhankelijkheid,0.280465949820789,1,Jasmin2012,6.14,NA,extended,FALSE,
aanmaning,0.27912133601275,1,Brysbaert2014a,2.43,NA,extended,FALSE,
adagio,0.27912133601275,1,Brysbaert2014a,2.43,NA,extended,FALSE,
aggregatie,0.27912133601275,1,Brysbaert2014a,2.43,NA,extended,FALSE,
atonaal,0.27912133601275,1,Brysbaert2014a,2.43,NA,extended,FALSE,
audiëntie,0.27912133601275,1,Brysbaert2014a,2.43,NA,extended,FALSE,
beunhaas,0.27912133601275,1,Brysbaert2014a,2.43,NA,extended,FALSE,
bode,0.27912133601275,1,Brysbaert2014a,2.43,NA,extended,FALSE,
bravoure,0.27912133601275,1,Brysbaert2014a,2.43,NA,extended,FALSE,
bronsttijd,0.27912133601275,1,Brysbaert2014a,2.43,NA,extended,FALSE,
convulsie,0.27912133601275,1,Brysbaert2014a,2.43,NA,extended,FALSE,
cordon,0.27912133601275,1,Brysbaert2014a,2.43,NA,extended,FALSE,
doodsvijand,0.27912133601275,1,Brysbaert2014a,2.43,NA,extended,FALSE,
golflengte,0.27912133601275,1,Brysbaert2014a,2.43,NA,extended,FALSE,
halszaak,0.27912133601275,1,Brysbaert2014a,2.43,NA,extended,FALSE,
hazenpad,0.27912133601275,1,Brysbaert2014a,2.43,NA,extended,FALSE,
hobbyist,0.27912133601275,1,Brysbaert2014a,2.43,NA,extended,FALSE,
honds,0.27912133601275,1,Brysbaert2014a,2.43,NA,extended,FALSE,
hugenoot,0.27912133601275,1,Brysbaert2014a,2.43,NA,extended,FALSE,
interpunctie,0.27912133601275,1,Brysbaert2014a,2.43,NA,extended,FALSE,
jonggezel,0.27912133601275,1,Brysbaert2014a,2.43,NA,extended,FALSE,
klassieken,0.27912133601275,1,Brysbaert2014a,2.43,NA,extended,FALSE,
klavecinist,0.27912133601275,1,Brysbaert2014a,2.43,NA,extended,FALSE,
laudatie,0.27912133601275,1,Brysbaert2014a,2.43,NA,extended,FALSE,
leedvermaak,0.27912133601275,1,Brysbaert2014a,2.43,NA,extended,FALSE,
lichtend,0.27912133601275,1,Brysbaert2014a,2.43,NA,extended,FALSE,
lijder,0.27912133601275,1,Brysbaert2014a,2.43,NA,extended,FALSE,
manipulator,0.27912133601275,1,Brysbaert2014a,2.43,NA,extended,FALSE,
marge,0.27912133601275,1,Brysbaert2014a,2.43,NA,extended,FALSE,
nestor,0.27912133601275,1,Brysbaert2014a,2.43,NA,extended,FALSE,
netwerk,0.27912133601275,1,Brysbaert2014a,2.43,NA,extended,FALSE,
omhaal,0.27912133601275,1,Brysbaert2014a,2.43,NA,extended,FALSE,
pogen,0.27912133601275,1,Brysbaert2014a,2.43,NA,extended,FALSE,
redetwisten,0.27912133601275,1,Brysbaert2014a,2.43,NA,extended,FALSE,
resistentie,0.27912133601275,1,Brysbaert2014a,2.43,NA,extended,FALSE,
riddertijd,0.27912133601275,1,Brysbaert2014a,2.43,NA,extended,FALSE,
robuust,0.27912133601275,1,Brysbaert2014a,2.43,NA,extended,FALSE,
schriftuur,0.27912133601275,1,Brysbaert2014a,2.43,NA,extended,FALSE,
slaags,0.27912133601275,1,Brysbaert2014a,2.43,NA,extended,FALSE,
spankracht,0.27912133601275,1,Brysbaert2014a,2.43,NA,extended,FALSE,
stads,0.27912133601275,1,Brysbaert2014a,2.43,NA,extended,FALSE,
stoomcursus,0.27912133601275,1,Brysbaert2014a,2.43,NA,extended,FALSE,
substituut,0.27912133601275,1,Brysbaert2014a,2.43,NA,extended,FALSE,
supervisie,0.27912133601275,1,Brysbaert2014a,2.43,NA,extended,FALSE,
synchronisatie,0.27912133601275,1,Brysbaert2014a,2.43,NA,extended,FALSE,
vennootschap,0.27912133601275,1,Brysbaert2014a,2.43,NA,extended,FALSE,
weekend,0.27912133601275,1,Brysbaert2014a,2.43,NA,extended,FALSE,
woesteling,0.27912133601275,1,Brysbaert2014a,2.43,NA,extended,FALSE,
boekwaarde,0.276696001663086,1,Brysbaert2014a,2.42,NA,extended,FALSE,
bombast,0.276696001663086,1,Brysbaert2014a,2.42,NA,extended,FALSE,
diametraal,0.276696001663086,1,Brysbaert2014a,2.42,NA,extended,FALSE,
doodgraver,0.276696001663086,1,Brysbaert2014a,2.42,NA,extended,FALSE,
expulsie,0.276696001663086,1,Brysbaert2014a,2.42,NA,extended,FALSE,
fertilisatie,0.276696001663086,1,Brysbaert2014a,2.42,NA,extended,FALSE,
flemerij,0.276696001663086,1,Brysbaert2014a,2.42,NA,extended,FALSE,
gelobby,0.276696001663086,1,Brysbaert2014a,2.42,NA,extended,FALSE,
jubilaris,0.276696001663086,1,Brysbaert2014a,2.42,NA,extended,FALSE,
kapucijner,0.276696001663086,1,Brysbaert2014a,2.42,NA,extended,FALSE,
koppensneller,0.276696001663086,1,Brysbaert2014a,2.42,NA,extended,FALSE,
koukleum,0.276696001663086,1,Brysbaert2014a,2.42,NA,extended,FALSE,
leeftocht,0.276696001663086,1,Brysbaert2014a,2.42,NA,extended,FALSE,
lustoord,0.276696001663086,1,Brysbaert2014a,2.42,NA,extended,FALSE,
mantra,0.276696001663086,1,Brysbaert2014a,2.42,NA,extended,FALSE,
pandemie,0.276696001663086,1,Brysbaert2014a,2.42,NA,extended,FALSE,
proletariër,0.276696001663086,1,Brysbaert2014a,2.42,NA,extended,FALSE,
rotstad,0.276696001663086,1,Brysbaert2014a,2.42,NA,extended,FALSE,
snol,0.276696001663086,1,Brysbaert2014a,2.42,NA,extended,FALSE,
strooplikker,0.276696001663086,1,Brysbaert2014a,2.42,NA,extended,FALSE,
uitspansel,0.276696001663086,1,Brysbaert2014a,2.42,NA,extended,FALSE,
glamour,0.273638937879898,2,Brysbaert2014a;Jasmin2012,4.235,NA,extended,FALSE,
dromen,0.27338395489201,2,Brysbaert2014a;Jasmin2012,4.08,NA,extended,FALSE,
gevaar,0.269351696827494,2,Brysbaert2014a;Jasmin2012,4.065,NA,extended,FALSE,
aanmelding,0.269177465179128,1,Brysbaert2014a,2.4,NA,extended,FALSE,
aanwinst,0.269177465179128,1,Brysbaert2014a,2.4,NA,extended,FALSE,
accommodatie,0.269177465179128,1,Brysbaert2014a,2.4,NA,extended,FALSE,
afdwingen,0.269177465179128,1,Brysbaert2014a,2.4,NA,extended,FALSE,
afstraffing,0.269177465179128,1,Brysbaert2014a,2.4,NA,extended,FALSE,
akoestiek,0.269177465179128,1,Brysbaert2014a,2.4,NA,extended,FALSE,
animositeit,0.269177465179128,1,Brysbaert2014a,2.4,NA,extended,FALSE,
antistof,0.269177465179128,1,Brysbaert2014a,2.4,NA,extended,FALSE,
bedroefdheid,0.269177465179128,1,Brysbaert2014a,2.4,NA,extended,FALSE,
beeldschoon,0.269177465179128,1,Brysbaert2014a,2.4,NA,extended,FALSE,
begeleiding,0.269177465179128,1,Brysbaert2014a,2.4,NA,extended,FALSE,
bemiddelaar,0.269177465179128,1,Brysbaert2014a,2.4,NA,extended,FALSE,
bereik,0.269177465179128,1,Brysbaert2014a,2.4,NA,extended,FALSE,
beroering,0.269177465179128,1,Brysbaert2014a,2.4,NA,extended,FALSE,
beschermeling,0.269177465179128,1,Brysbaert2014a,2.4,NA,extended,FALSE,
beschermer,0.269177465179128,1,Brysbaert2014a,2.4,NA,extended,FALSE,
bescherming,0.269177465179128,1,Brysbaert2014a,2.4,NA,extended,FALSE,
betoog,0.269177465179128,1,Brysbaert2014a,2.4,NA,extended,FALSE,
bevrediging,0.269177465179128,1,Brysbaert2014a,2.4,NA,extended,FALSE,
bewijsmiddel,0.269177465179128,1,Brysbaert2014a,2.4,NA,extended,FALSE,
bezitting,0.269177465179128,1,Brysbaert2014a,2.4,NA,extended,FALSE,
bijwerking,0.269177465179128,1,Brysbaert2014a,2.4,NA,extended,FALSE,
blijheid,0.269177465179128,1,Brysbaert2014a,2.4,NA,extended,FALSE,
bloedbroeder,0.269177465179128,1,Brysbaert2014a,2.4,NA,extended,FALSE,
boordevol,0.269177465179128,1,Brysbaert2014a,2.4,NA,extended,FALSE,
briefing,0.269177465179128,1,Brysbaert2014a,2.4,NA,extended,FALSE,
broederschap,0.269177465179128,1,Brysbaert2014a,2.4,NA,extended,FALSE,
brulboei,0.269177465179128,1,Brysbaert2014a,2.4,NA,extended,FALSE,
bufferstaat,0.269177465179128,1,Brysbaert2014a,2.4,NA,extended,FALSE,
calculatie,0.269177465179128,1,Brysbaert2014a,2.4,NA,extended,FALSE,
chic,0.269177465179128,1,Brysbaert2014a,2.4,NA,extended,FALSE,
classificatie,0.269177465179128,1,Brysbaert2014a,2.4,NA,extended,FALSE,
collaborateur,0.269177465179128,1,Brysbaert2014a,2.4,NA,extended,FALSE,
commissie,0.269177465179128,1,Brysbaert2014a,2.4,NA,extended,FALSE,
compliment,0.269177465179128,1,Brysbaert2014a,2.4,NA,extended,FALSE,
confrontatie,0.269177465179128,1,Brysbaert2014a,2.4,NA,extended,FALSE,
contact,0.269177465179128,1,Brysbaert2014a,2.4,NA,extended,FALSE,
dageraad,0.269177465179128,1,Brysbaert2014a,2.4,NA,extended,FALSE,
dekmantel,0.269177465179128,1,Brysbaert2014a,2.4,NA,extended,FALSE,
demarche,0.269177465179128,1,Brysbaert2014a,2.4,NA,extended,FALSE,
detectie,0.269177465179128,1,Brysbaert2014a,2.4,NA,extended,FALSE,
dienstverlening,0.269177465179128,1,Brysbaert2014a,2.4,NA,extended,FALSE,
domiciliëring,0.269177465179128,1,Brysbaert2014a,2.4,NA,extended,FALSE,
doodop,0.269177465179128,1,Brysbaert2014a,2.4,NA,extended,FALSE,
doodvonnis,0.269177465179128,1,Brysbaert2014a,2.4,NA,extended,FALSE,
eindresultaat,0.269177465179128,1,Brysbaert2014a,2.4,NA,extended,FALSE,
elegantie,0.269177465179128,1,Brysbaert2014a,2.4,NA,extended,FALSE,
elite,0.269177465179128,1,Brysbaert2014a,2.4,NA,extended,FALSE,
ellendeling,0.269177465179128,1,Brysbaert2014a,2.4,NA,extended,FALSE,
emplacement,0.269177465179128,1,Brysbaert2014a,2.4,NA,extended,FALSE,
erelid,0.269177465179128,1,Brysbaert2014a,2.4,NA,extended,FALSE,
erfgename,0.269177465179128,1,Brysbaert2014a,2.4,NA,extended,FALSE,
euthanasie,0.269177465179128,1,Brysbaert2014a,2.4,NA,extended,FALSE,
ex,0.269177465179128,1,Brysbaert2014a,2.4,NA,extended,FALSE,
familiezaak,0.269177465179128,1,Brysbaert2014a,2.4,NA,extended,FALSE,
folklorist,0.269177465179128,1,Brysbaert2014a,2.4,NA,extended,FALSE,
formule,0.269177465179128,1,Brysbaert2014a,2.4,NA,extended,FALSE,
gehannes,0.269177465179128,1,Brysbaert2014a,2.4,NA,extended,FALSE,
genezing,0.269177465179128,1,Brysbaert2014a,2.4,NA,extended,FALSE,
geometrie,0.269177465179128,1,Brysbaert2014a,2.4,NA,extended,FALSE,
gepalaver,0.269177465179128,1,Brysbaert2014a,2.4,NA,extended,FALSE,
getuigenis,0.269177465179128,1,Brysbaert2014a,2.4,NA,extended,FALSE,
gij,0.269177465179128,1,Brysbaert2014a,2.4,NA,extended,FALSE,
glimp,0.269177465179128,1,Brysbaert2014a,2.4,NA,extended,FALSE,
groggy,0.269177465179128,1,Brysbaert2014a,2.4,NA,extended,FALSE,
happening,0.269177465179128,1,Brysbaert2014a,2.4,NA,extended,FALSE,
herstel,0.269177465179128,1,Brysbaert2014a,2.4,NA,extended,FALSE,
hervormer,0.269177465179128,1,Brysbaert2014a,2.4,NA,extended,FALSE,
hoerenjong,0.269177465179128,1,Brysbaert2014a,2.4,NA,extended,FALSE,
hoofdvak,0.269177465179128,1,Brysbaert2014a,2.4,NA,extended,FALSE,
horror,0.269177465179128,1,Brysbaert2014a,2.4,NA,extended,FALSE,
huisregels,0.269177465179128,1,Brysbaert2014a,2.4,NA,extended,FALSE,
hygiëne,0.269177465179128,1,Brysbaert2014a,2.4,NA,extended,FALSE,
hypertrofie,0.269177465179128,1,Brysbaert2014a,2.4,NA,extended,FALSE,
hypotheek,0.269177465179128,1,Brysbaert2014a,2.4,NA,extended,FALSE,
inclinatie,0.269177465179128,1,Brysbaert2014a,2.4,NA,extended,FALSE,
inkoop,0.269177465179128,1,Brysbaert2014a,2.4,NA,extended,FALSE,
inspanning,0.269177465179128,1,Brysbaert2014a,2.4,NA,extended,FALSE,
invallen,0.269177465179128,1,Brysbaert2014a,2.4,NA,extended,FALSE,
inwijding,0.269177465179128,1,Brysbaert2014a,2.4,NA,extended,FALSE,
kattenkwaad,0.269177465179128,1,Brysbaert2014a,2.4,NA,extended,FALSE,
kenner,0.269177465179128,1,Brysbaert2014a,2.4,NA,extended,FALSE,
kerks,0.269177465179128,1,Brysbaert2014a,2.4,NA,extended,FALSE,
keuzevak,0.269177465179128,1,Brysbaert2014a,2.4,NA,extended,FALSE,
kim,0.269177465179128,1,Brysbaert2014a,2.4,NA,extended,FALSE,
klassikaal,0.269177465179128,1,Brysbaert2014a,2.4,NA,extended,FALSE,
koffieklets,0.269177465179128,1,Brysbaert2014a,2.4,NA,extended,FALSE,
kolonisatie,0.269177465179128,1,Brysbaert2014a,2.4,NA,extended,FALSE,
kosmos,0.269177465179128,1,Brysbaert2014a,2.4,NA,extended,FALSE,
krols,0.269177465179128,1,Brysbaert2014a,2.4,NA,extended,FALSE,
kwartaal,0.269177465179128,1,Brysbaert2014a,2.4,NA,extended,FALSE,
kwartier,0.269177465179128,1,Brysbaert2014a,2.4,NA,extended,FALSE,
landgenote,0.269177465179128,1,Brysbaert2014a,2.4,NA,extended,FALSE,
lengtegraad,0.269177465179128,1,Brysbaert2014a,2.4,NA,extended,FALSE,
levitatie,0.269177465179128,1,Brysbaert2014a,2.4,NA,extended,FALSE,
lid,0.269177465179128,1,Brysbaert2014a,2.4,NA,extended,FALSE,
loondienst,0.269177465179128,1,Brysbaert2014a,2.4,NA,extended,FALSE,
loopbaan,0.269177465179128,1,Brysbaert2014a,2.4,NA,extended,FALSE,
martelaar,0.269177465179128,1,Brysbaert2014a,2.4,NA,extended,FALSE,
mietje,0.269177465179128,1,Brysbaert2014a,2.4,NA,extended,FALSE,
mik,0.269177465179128,1,Brysbaert2014a,2.4,NA,extended,FALSE,
molest,0.269177465179128,1,Brysbaert2014a,2.4,NA,extended,FALSE,
mormel,0.269177465179128,1,Brysbaert2014a,2.4,NA,extended,FALSE,
motivering,0.269177465179128,1,Brysbaert2014a,2.4,NA,extended,FALSE,
nervositeit,0.269177465179128,1,Brysbaert2014a,2.4,NA,extended,FALSE,
notatie,0.269177465179128,1,Brysbaert2014a,2.4,NA,extended,FALSE,
observatie,0.269177465179128,1,Brysbaert2014a,2.4,NA,extended,FALSE,
ondergang,0.269177465179128,1,Brysbaert2014a,2.4,NA,extended,FALSE,
onderhoud,0.269177465179128,1,Brysbaert2014a,2.4,NA,extended,FALSE,
ondersteuning,0.269177465179128,1,Brysbaert2014a,2.4,NA,extended,FALSE,
onderwerpen,0.269177465179128,1,Brysbaert2014a,2.4,NA,extended,FALSE,
ondier,0.269177465179128,1,Brysbaert2014a,2.4,NA,extended,FALSE,
ontleding,0.269177465179128,1,Brysbaert2014a,2.4,NA,extended,FALSE,
opdringen,0.269177465179128,1,Brysbaert2014a,2.4,NA,extended,FALSE,
opkomst,0.269177465179128,1,Brysbaert2014a,2.4,NA,extended,FALSE,
opleiding,0.269177465179128,1,Brysbaert2014a,2.4,NA,extended,FALSE,
opschepperij,0.269177465179128,1,Brysbaert2014a,2.4,NA,extended,FALSE,
orkestraal,0.269177465179128,1,Brysbaert2014a,2.4,NA,extended,FALSE,
overtreding,0.269177465179128,1,Brysbaert2014a,2.4,NA,extended,FALSE,
parastataal,0.269177465179128,1,Brysbaert2014a,2.4,NA,extended,FALSE,
pedagoog,0.269177465179128,1,Brysbaert2014a,2.4,NA,extended,FALSE,
peinzen,0.269177465179128,1,Brysbaert2014a,2.4,NA,extended,FALSE,
plannen,0.269177465179128,1,Brysbaert2014a,2.4,NA,extended,FALSE,
politiemacht,0.269177465179128,1,Brysbaert2014a,2.4,NA,extended,FALSE,
postaal,0.269177465179128,1,Brysbaert2014a,2.4,NA,extended,FALSE,
prospect,0.269177465179128,1,Brysbaert2014a,2.4,NA,extended,FALSE,
provocateur,0.269177465179128,1,Brysbaert2014a,2.4,NA,extended,FALSE,
provocatie,0.269177465179128,1,Brysbaert2014a,2.4,NA,extended,FALSE,
raadplegen,0.269177465179128,1,Brysbaert2014a,2.4,NA,extended,FALSE,
raadpleging,0.269177465179128,1,Brysbaert2014a,2.4,NA,extended,FALSE,
radiostilte,0.269177465179128,1,Brysbaert2014a,2.4,NA,extended,FALSE,
rang,0.269177465179128,1,Brysbaert2014a,2.4,NA,extended,FALSE,
regels,0.269177465179128,1,Brysbaert2014a,2.4,NA,extended,FALSE,
registratie,0.269177465179128,1,Brysbaert2014a,2.4,NA,extended,FALSE,
repulsie,0.269177465179128,1,Brysbaert2014a,2.4,NA,extended,FALSE,
rikketik,0.269177465179128,1,Brysbaert2014a,2.4,NA,extended,FALSE,
rolmodel,0.269177465179128,1,Brysbaert2014a,2.4,NA,extended,FALSE,
rottigheid,0.269177465179128,1,Brysbaert2014a,2.4,NA,extended,FALSE,
schorsing,0.269177465179128,1,Brysbaert2014a,2.4,NA,extended,FALSE,
seizoen,0.269177465179128,1,Brysbaert2014a,2.4,NA,extended,FALSE,
senaat,0.269177465179128,1,Brysbaert2014a,2.4,NA,extended,FALSE,
sjiek,0.269177465179128,1,Brysbaert2014a,2.4,NA,extended,FALSE,
slampamper,0.269177465179128,1,Brysbaert2014a,2.4,NA,extended,FALSE,
slimmerik,0.269177465179128,1,Brysbaert2014a,2.4,NA,extended,FALSE,
snoever,0.269177465179128,1,Brysbaert2014a,2.4,NA,extended,FALSE,
spitsuur,0.269177465179128,1,Brysbaert2014a,2.4,NA,extended,FALSE,
spreekwoord,0.269177465179128,1,Brysbaert2014a,2.4,NA,extended,FALSE,
steekproef,0.269177465179128,1,Brysbaert2014a,2.4,NA,extended,FALSE,
studie,0.269177465179128,1,Brysbaert2014a,2.4,NA,extended,FALSE,
sul,0.269177465179128,1,Brysbaert2014a,2.4,NA,extended,FALSE,
surprise,0.269177465179128,1,Brysbaert2014a,2.4,NA,extended,FALSE,
synthese,0.269177465179128,1,Brysbaert2014a,2.4,NA,extended,FALSE,
tachycardie,0.269177465179128,1,Brysbaert2014a,2.4,NA,extended,FALSE,
taxfree,0.269177465179128,1,Brysbaert2014a,2.4,NA,extended,FALSE,
toelating,0.269177465179128,1,Brysbaert2014a,2.4,NA,extended,FALSE,
toenadering,0.269177465179128,1,Brysbaert2014a,2.4,NA,extended,FALSE,
toename,0.269177465179128,1,Brysbaert2014a,2.4,NA,extended,FALSE,
toverij,0.269177465179128,1,Brysbaert2014a,2.4,NA,extended,FALSE,
trance,0.269177465179128,1,Brysbaert2014a,2.4,NA,extended,FALSE,
troetelkind,0.269177465179128,1,Brysbaert2014a,2.4,NA,extended,FALSE,
twaalfuurtje,0.269177465179128,1,Brysbaert2014a,2.4,NA,extended,FALSE,
uitkomst,0.269177465179128,1,Brysbaert2014a,2.4,NA,extended,FALSE,
uitzetting,0.269177465179128,1,Brysbaert2014a,2.4,NA,extended,FALSE,
vakbond,0.269177465179128,1,Brysbaert2014a,2.4,NA,extended,FALSE,
verbintenis,0.269177465179128,1,Brysbaert2014a,2.4,NA,extended,FALSE,
verbruik,0.269177465179128,1,Brysbaert2014a,2.4,NA,extended,FALSE,
vergrijzing,0.269177465179128,1,Brysbaert2014a,2.4,NA,extended,FALSE,
verhandeling,0.269177465179128,1,Brysbaert2014a,2.4,NA,extended,FALSE,
verkwister,0.269177465179128,1,Brysbaert2014a,2.4,NA,extended,FALSE,
verstrooiing,0.269177465179128,1,Brysbaert2014a,2.4,NA,extended,FALSE,
verval,0.269177465179128,1,Brysbaert2014a,2.4,NA,extended,FALSE,
verzameling,0.269177465179128,1,Brysbaert2014a,2.4,NA,extended,FALSE,
verzoek,0.269177465179128,1,Brysbaert2014a,2.4,NA,extended,FALSE,
verzoeken,0.269177465179128,1,Brysbaert2014a,2.4,NA,extended,FALSE,
vijandigheid,0.269177465179128,1,Brysbaert2014a,2.4,NA,extended,FALSE,
volmacht,0.269177465179128,1,Brysbaert2014a,2.4,NA,extended,FALSE,
volzin,0.269177465179128,1,Brysbaert2014a,2.4,NA,extended,FALSE,
voorbereiding,0.269177465179128,1,Brysbaert2014a,2.4,NA,extended,FALSE,
voorjaar,0.269177465179128,1,Brysbaert2014a,2.4,NA,extended,FALSE,
voorloper,0.269177465179128,1,Brysbaert2014a,2.4,NA,extended,FALSE,
vrolijkheid,0.269177465179128,1,Brysbaert2014a,2.4,NA,extended,FALSE,
waarneming,0.269177465179128,1,Brysbaert2014a,2.4,NA,extended,FALSE,
weekdag,0.269177465179128,1,Brysbaert2014a,2.4,NA,extended,FALSE,
welomlijnd,0.269177465179128,1,Brysbaert2014a,2.4,NA,extended,FALSE,
wereldbevolking,0.269177465179128,1,Brysbaert2014a,2.4,NA,extended,FALSE,
werkwijze,0.269177465179128,1,Brysbaert2014a,2.4,NA,extended,FALSE,
woekering,0.269177465179128,1,Brysbaert2014a,2.4,NA,extended,FALSE,
zonneklaar,0.269177465179128,1,Brysbaert2014a,2.4,NA,extended,FALSE,
zuivering,0.269177465179128,1,Brysbaert2014a,2.4,NA,extended,FALSE,
lui,0.264553962012782,2,Brysbaert2014a;Jasmin2012,4.335,NA,extended,FALSE,
onderwijs,0.264138811335315,2,Brysbaert2014a;Jasmin2012,4.315,NA,extended,FALSE,
aberratie,0.261589633428037,1,Brysbaert2014a,2.38,NA,extended,FALSE,
chaoot,0.261589633428037,1,Brysbaert2014a,2.38,NA,extended,FALSE,
diffusie,0.261589633428037,1,Brysbaert2014a,2.38,NA,extended,FALSE,
entropie,0.261589633428037,1,Brysbaert2014a,2.38,NA,extended,FALSE,
gein,0.261589633428037,1,Brysbaert2014a,2.38,NA,extended,FALSE,
hellevuur,0.261589633428037,1,Brysbaert2014a,2.38,NA,extended,FALSE,
hooimaand,0.261589633428037,1,Brysbaert2014a,2.38,NA,extended,FALSE,
lamentabel,0.261589633428037,1,Brysbaert2014a,2.38,NA,extended,FALSE,
lapzwans,0.261589633428037,1,Brysbaert2014a,2.38,NA,extended,FALSE,
mazzelaar,0.261589633428037,1,Brysbaert2014a,2.38,NA,extended,FALSE,
monotonie,0.261589633428037,1,Brysbaert2014a,2.38,NA,extended,FALSE,
nieuwsgaring,0.261589633428037,1,Brysbaert2014a,2.38,NA,extended,FALSE,
oogpunt,0.261589633428037,1,Brysbaert2014a,2.38,NA,extended,FALSE,
plebs,0.261589633428037,1,Brysbaert2014a,2.38,NA,extended,FALSE,
pointe,0.261589633428037,1,Brysbaert2014a,2.38,NA,extended,FALSE,
postscriptum,0.261589633428037,1,Brysbaert2014a,2.38,NA,extended,FALSE,
potentaat,0.261589633428037,1,Brysbaert2014a,2.38,NA,extended,FALSE,
proza,0.261589633428037,1,Brysbaert2014a,2.38,NA,extended,FALSE,
regiment,0.261589633428037,1,Brysbaert2014a,2.38,NA,extended,FALSE,
stelregel,0.261589633428037,1,Brysbaert2014a,2.38,NA,extended,FALSE,
uithoek,0.261589633428037,1,Brysbaert2014a,2.38,NA,extended,FALSE,
zondares,0.261589633428037,1,Brysbaert2014a,2.38,NA,extended,FALSE,
hondsdolheid,0.25983145230213,2,Brysbaert2014a;Jasmin2012,3.8,NA,extended,FALSE,
aanstichter,0.258956413276973,1,Brysbaert2014a,2.36,NA,extended,FALSE,
aardrijkskunde,0.258956413276973,1,Brysbaert2014a,2.36,NA,extended,FALSE,
anemie,0.258956413276973,1,Brysbaert2014a,2.36,NA,extended,FALSE,
apartje,0.258956413276973,1,Brysbaert2014a,2.36,NA,extended,FALSE,
aristocraat,0.258956413276973,1,Brysbaert2014a,2.36,NA,extended,FALSE,
artisanaal,0.258956413276973,1,Brysbaert2014a,2.36,NA,extended,FALSE,
ballingschap,0.258956413276973,1,Brysbaert2014a,2.36,NA,extended,FALSE,
bekeerling,0.258956413276973,1,Brysbaert2014a,2.36,NA,extended,FALSE,
branche,0.258956413276973,1,Brysbaert2014a,2.36,NA,extended,FALSE,
charlatan,0.258956413276973,1,Brysbaert2014a,2.36,NA,extended,FALSE,
combo,0.258956413276973,1,Brysbaert2014a,2.36,NA,extended,FALSE,
conference,0.258956413276973,1,Brysbaert2014a,2.36,NA,extended,FALSE,
curriculum,0.258956413276973,1,Brysbaert2014a,2.36,NA,extended,FALSE,
droogstoppel,0.258956413276973,1,Brysbaert2014a,2.36,NA,extended,FALSE,
gelag,0.258956413276973,1,Brysbaert2014a,2.36,NA,extended,FALSE,
geleding,0.258956413276973,1,Brysbaert2014a,2.36,NA,extended,FALSE,
gespuis,0.258956413276973,1,Brysbaert2014a,2.36,NA,extended,FALSE,
hergebruik,0.258956413276973,1,Brysbaert2014a,2.36,NA,extended,FALSE,
heterofilie,0.258956413276973,1,Brysbaert2014a,2.36,NA,extended,FALSE,
huisvlijt,0.258956413276973,1,Brysbaert2014a,2.36,NA,extended,FALSE,
hutsekluts,0.258956413276973,1,Brysbaert2014a,2.36,NA,extended,FALSE,
inmaak,0.258956413276973,1,Brysbaert2014a,2.36,NA,extended,FALSE,
inquisiteur,0.258956413276973,1,Brysbaert2014a,2.36,NA,extended,FALSE,
kakelvers,0.258956413276973,1,Brysbaert2014a,2.36,NA,extended,FALSE,
kinderrijk,0.258956413276973,1,Brysbaert2014a,2.36,NA,extended,FALSE,
kubisme,0.258956413276973,1,Brysbaert2014a,2.36,NA,extended,FALSE,
kwakkel,0.258956413276973,1,Brysbaert2014a,2.36,NA,extended,FALSE,
kwezelaar,0.258956413276973,1,Brysbaert2014a,2.36,NA,extended,FALSE,
lummel,0.258956413276973,1,Brysbaert2014a,2.36,NA,extended,FALSE,
magnitude,0.258956413276973,1,Brysbaert2014a,2.36,NA,extended,FALSE,
manufacturen,0.258956413276973,1,Brysbaert2014a,2.36,NA,extended,FALSE,
orthopedie,0.258956413276973,1,Brysbaert2014a,2.36,NA,extended,FALSE,
paaien,0.258956413276973,1,Brysbaert2014a,2.36,NA,extended,FALSE,
polyfonie,0.258956413276973,1,Brysbaert2014a,2.36,NA,extended,FALSE,
rariteit,0.258956413276973,1,Brysbaert2014a,2.36,NA,extended,FALSE,
slaapstad,0.258956413276973,1,Brysbaert2014a,2.36,NA,extended,FALSE,
smetvrij,0.258956413276973,1,Brysbaert2014a,2.36,NA,extended,FALSE,
smoor,0.258956413276973,1,Brysbaert2014a,2.36,NA,extended,FALSE,
spreiding,0.258956413276973,1,Brysbaert2014a,2.36,NA,extended,FALSE,
stationair,0.258956413276973,1,Brysbaert2014a,2.36,NA,extended,FALSE,
strijdmacht,0.258956413276973,1,Brysbaert2014a,2.36,NA,extended,FALSE,
strubbeling,0.258956413276973,1,Brysbaert2014a,2.36,NA,extended,FALSE,
telegrafie,0.258956413276973,1,Brysbaert2014a,2.36,NA,extended,FALSE,
tirade,0.258956413276973,1,Brysbaert2014a,2.36,NA,extended,FALSE,
verkiezing,0.258956413276973,1,Brysbaert2014a,2.36,NA,extended,FALSE,
verkwisting,0.258956413276973,1,Brysbaert2014a,2.36,NA,extended,FALSE,
viscositeit,0.258956413276973,1,Brysbaert2014a,2.36,NA,extended,FALSE,
vitterij,0.258956413276973,1,Brysbaert2014a,2.36,NA,extended,FALSE,
vrijbuiter,0.258956413276973,1,Brysbaert2014a,2.36,NA,extended,FALSE,
wanklank,0.258956413276973,1,Brysbaert2014a,2.36,NA,extended,FALSE,
wapenbroeder,0.258956413276973,1,Brysbaert2014a,2.36,NA,extended,FALSE,
zotje,0.258956413276973,1,Brysbaert2014a,2.36,NA,extended,FALSE,
rijkdom,0.258064050435033,2,Brysbaert2014a;Jasmin2012,4.365,NA,extended,FALSE,
oefening,0.256060200201229,2,Brysbaert2014a;Jasmin2012,3.9,NA,extended,FALSE,
energiek,0.253461565591199,2,Brysbaert2014a;Jasmin2012,4.015,NA,extended,FALSE,
angst,0.252763738656005,2,Brysbaert2014a;Jasmin2012,4.165,NA,extended,FALSE,
aandeel,0.249255075878318,1,Brysbaert2014a,2.33,NA,extended,FALSE,
aanpak,0.249255075878318,1,Brysbaert2014a,2.33,NA,extended,FALSE,
aanpassing,0.249255075878318,1,Brysbaert2014a,2.33,NA,extended,FALSE,
aardigheid,0.249255075878318,1,Brysbaert2014a,2.33,NA,extended,FALSE,
actie,0.249255075878318,1,Brysbaert2014a,2.33,NA,extended,FALSE,
afbetaling,0.249255075878318,1,Brysbaert2014a,2.33,NA,extended,FALSE,
afpersing,0.249255075878318,1,Brysbaert2014a,2.33,NA,extended,FALSE,
afsluiter,0.249255075878318,1,Brysbaert2014a,2.33,NA,extended,FALSE,
afweer,0.249255075878318,1,Brysbaert2014a,2.33,NA,extended,FALSE,
afzakkertje,0.249255075878318,1,Brysbaert2014a,2.33,NA,extended,FALSE,
afzetter,0.249255075878318,1,Brysbaert2014a,2.33,NA,extended,FALSE,
ambtenarij,0.249255075878318,1,Brysbaert2014a,2.33,NA,extended,FALSE,
ameublement,0.249255075878318,1,Brysbaert2014a,2.33,NA,extended,FALSE,
anekdote,0.249255075878318,1,Brysbaert2014a,2.33,NA,extended,FALSE,
angsthaas,0.249255075878318,1,Brysbaert2014a,2.33,NA,extended,FALSE,
articulatie,0.249255075878318,1,Brysbaert2014a,2.33,NA,extended,FALSE,
automatisering,0.249255075878318,1,Brysbaert2014a,2.33,NA,extended,FALSE,
avontuurtje,0.249255075878318,1,Brysbaert2014a,2.33,NA,extended,FALSE,
balans,0.249255075878318,1,Brysbaert2014a,2.33,NA,extended,FALSE,
barbaars,0.249255075878318,1,Brysbaert2014a,2.33,NA,extended,FALSE,
bedrieger,0.249255075878318,1,Brysbaert2014a,2.33,NA,extended,FALSE,
beheer,0.249255075878318,1,Brysbaert2014a,2.33,NA,extended,FALSE,
bekendmaking,0.249255075878318,1,Brysbaert2014a,2.33,NA,extended,FALSE,
belevenis,0.249255075878318,1,Brysbaert2014a,2.33,NA,extended,FALSE,
bermtoerisme,0.249255075878318,1,Brysbaert2014a,2.33,NA,extended,FALSE,
beschuldiging,0.249255075878318,1,Brysbaert2014a,2.33,NA,extended,FALSE,
bestand,0.249255075878318,1,Brysbaert2014a,2.33,NA,extended,FALSE,
betrekking,0.249255075878318,1,Brysbaert2014a,2.33,NA,extended,FALSE,
betweter,0.249255075878318,1,Brysbaert2014a,2.33,NA,extended,FALSE,
bijdragen,0.249255075878318,1,Brysbaert2014a,2.33,NA,extended,FALSE,
bijspringen,0.249255075878318,1,Brysbaert2014a,2.33,NA,extended,FALSE,
binnenland,0.249255075878318,1,Brysbaert2014a,2.33,NA,extended,FALSE,
bloeiwijze,0.249255075878318,1,Brysbaert2014a,2.33,NA,extended,FALSE,
boeddhist,0.249255075878318,1,Brysbaert2014a,2.33,NA,extended,FALSE,
boosdoener,0.249255075878318,1,Brysbaert2014a,2.33,NA,extended,FALSE,
brink,0.249255075878318,1,Brysbaert2014a,2.33,NA,extended,FALSE,
broodwinning,0.249255075878318,1,Brysbaert2014a,2.33,NA,extended,FALSE,
bul,0.249255075878318,1,Brysbaert2014a,2.33,NA,extended,FALSE,
causerie,0.249255075878318,1,Brysbaert2014a,2.33,NA,extended,FALSE,
codenaam,0.249255075878318,1,Brysbaert2014a,2.33,NA,extended,FALSE,
combinatie,0.249255075878318,1,Brysbaert2014a,2.33,NA,extended,FALSE,
commune,0.249255075878318,1,Brysbaert2014a,2.33,NA,extended,FALSE,
competentie,0.249255075878318,1,Brysbaert2014a,2.33,NA,extended,FALSE,
conformist,0.249255075878318,1,Brysbaert2014a,2.33,NA,extended,FALSE,
connectie,0.249255075878318,1,Brysbaert2014a,2.33,NA,extended,FALSE,
contramine,0.249255075878318,1,Brysbaert2014a,2.33,NA,extended,FALSE,
controle,0.249255075878318,1,Brysbaert2014a,2.33,NA,extended,FALSE,
dagindeling,0.249255075878318,1,Brysbaert2014a,2.33,NA,extended,FALSE,
del,0.249255075878318,1,Brysbaert2014a,2.33,NA,extended,FALSE,
dictator,0.249255075878318,1,Brysbaert2014a,2.33,NA,extended,FALSE,
dienstjaar,0.249255075878318,1,Brysbaert2014a,2.33,NA,extended,FALSE,
dikmaker,0.249255075878318,1,Brysbaert2014a,2.33,NA,extended,FALSE,
dividend,0.249255075878318,1,Brysbaert2014a,2.33,NA,extended,FALSE,
doodeng,0.249255075878318,1,Brysbaert2014a,2.33,NA,extended,FALSE,
dorpsgek,0.249255075878318,1,Brysbaert2014a,2.33,NA,extended,FALSE,
dosering,0.249255075878318,1,Brysbaert2014a,2.33,NA,extended,FALSE,
dromer,0.249255075878318,1,Brysbaert2014a,2.33,NA,extended,FALSE,
eeuw,0.249255075878318,1,Brysbaert2014a,2.33,NA,extended,FALSE,
eindpunt,0.249255075878318,1,Brysbaert2014a,2.33,NA,extended,FALSE,
eisen,0.249255075878318,1,Brysbaert2014a,2.33,NA,extended,FALSE,
element,0.249255075878318,1,Brysbaert2014a,2.33,NA,extended,FALSE,
evangelie,0.249255075878318,1,Brysbaert2014a,2.33,NA,extended,FALSE,
evenwicht,0.249255075878318,1,Brysbaert2014a,2.33,NA,extended,FALSE,
excentriekeling,0.249255075878318,1,Brysbaert2014a,2.33,NA,extended,FALSE,
exploratie,0.249255075878318,1,Brysbaert2014a,2.33,NA,extended,FALSE,
expressiviteit,0.249255075878318,1,Brysbaert2014a,2.33,NA,extended,FALSE,
familienaam,0.249255075878318,1,Brysbaert2014a,2.33,NA,extended,FALSE,
feedback,0.249255075878318,1,Brysbaert2014a,2.33,NA,extended,FALSE,
floers,0.249255075878318,1,Brysbaert2014a,2.33,NA,extended,FALSE,
flop,0.249255075878318,1,Brysbaert2014a,2.33,NA,extended,FALSE,
futloosheid,0.249255075878318,1,Brysbaert2014a,2.33,NA,extended,FALSE,
gajes,0.249255075878318,1,Brysbaert2014a,2.33,NA,extended,FALSE,
geheim,0.249255075878318,1,Brysbaert2014a,2.33,NA,extended,FALSE,
gestel,0.249255075878318,1,Brysbaert2014a,2.33,NA,extended,FALSE,
gevoel,0.249255075878318,1,Brysbaert2014a,2.33,NA,extended,FALSE,
gezever,0.249255075878318,1,Brysbaert2014a,2.33,NA,extended,FALSE,
godin,0.249255075878318,1,Brysbaert2014a,2.33,NA,extended,FALSE,
hansop,0.249255075878318,1,Brysbaert2014a,2.33,NA,extended,FALSE,
hartstocht,0.249255075878318,1,Brysbaert2014a,2.33,NA,extended,FALSE,
hondsdol,0.249255075878318,1,Brysbaert2014a,2.33,NA,extended,FALSE,
hoofdstad,0.249255075878318,1,Brysbaert2014a,2.33,NA,extended,FALSE,
hoofs,0.249255075878318,1,Brysbaert2014a,2.33,NA,extended,FALSE,
horoscoop,0.249255075878318,1,Brysbaert2014a,2.33,NA,extended,FALSE,
hulpmiddel,0.249255075878318,1,Brysbaert2014a,2.33,NA,extended,FALSE,
identificatie,0.249255075878318,1,Brysbaert2014a,2.33,NA,extended,FALSE,
index,0.249255075878318,1,Brysbaert2014a,2.33,NA,extended,FALSE,
ingreep,0.249255075878318,1,Brysbaert2014a,2.33,NA,extended,FALSE,
instructie,0.249255075878318,1,Brysbaert2014a,2.33,NA,extended,FALSE,
interventie,0.249255075878318,1,Brysbaert2014a,2.33,NA,extended,FALSE,
invulling,0.249255075878318,1,Brysbaert2014a,2.33,NA,extended,FALSE,
jijzelf,0.249255075878318,1,Brysbaert2014a,2.33,NA,extended,FALSE,
jolijt,0.249255075878318,1,Brysbaert2014a,2.33,NA,extended,FALSE,
kalmte,0.249255075878318,1,Brysbaert2014a,2.33,NA,extended,FALSE,
kersvers,0.249255075878318,1,Brysbaert2014a,2.33,NA,extended,FALSE,
kinkel,0.249255075878318,1,Brysbaert2014a,2.33,NA,extended,FALSE,
klunen,0.249255075878318,1,Brysbaert2014a,2.33,NA,extended,FALSE,
knelpunt,0.249255075878318,1,Brysbaert2014a,2.33,NA,extended,FALSE,
knoeiboel,0.249255075878318,1,Brysbaert2014a,2.33,NA,extended,FALSE,
kostwinner,0.249255075878318,1,Brysbaert2014a,2.33,NA,extended,FALSE,
krach,0.249255075878318,1,Brysbaert2014a,2.33,NA,extended,FALSE,
krats,0.249255075878318,1,Brysbaert2014a,2.33,NA,extended,FALSE,
kroep,0.249255075878318,1,Brysbaert2014a,2.33,NA,extended,FALSE,
kunstgreep,0.249255075878318,1,Brysbaert2014a,2.33,NA,extended,FALSE,
kunstwereld,0.249255075878318,1,Brysbaert2014a,2.33,NA,extended,FALSE,
laster,0.249255075878318,1,Brysbaert2014a,2.33,NA,extended,FALSE,
leegloper,0.249255075878318,1,Brysbaert2014a,2.33,NA,extended,FALSE,
leenman,0.249255075878318,1,Brysbaert2014a,2.33,NA,extended,FALSE,
levensgevaar,0.249255075878318,1,Brysbaert2014a,2.33,NA,extended,FALSE,
lidwoord,0.249255075878318,1,Brysbaert2014a,2.33,NA,extended,FALSE,
list,0.249255075878318,1,Brysbaert2014a,2.33,NA,extended,FALSE,
lolbroek,0.249255075878318,1,Brysbaert2014a,2.33,NA,extended,FALSE,
lomp,0.249255075878318,1,Brysbaert2014a,2.33,NA,extended,FALSE,
maatstaf,0.249255075878318,1,Brysbaert2014a,2.33,NA,extended,FALSE,
makker,0.249255075878318,1,Brysbaert2014a,2.33,NA,extended,FALSE,
mallemolen,0.249255075878318,1,Brysbaert2014a,2.33,NA,extended,FALSE,
medeklinker,0.249255075878318,1,Brysbaert2014a,2.33,NA,extended,FALSE,
medestander,0.249255075878318,1,Brysbaert2014a,2.33,NA,extended,FALSE,
middelgroot,0.249255075878318,1,Brysbaert2014a,2.33,NA,extended,FALSE,
middenmoot,0.249255075878318,1,Brysbaert2014a,2.33,NA,extended,FALSE,
migratie,0.249255075878318,1,Brysbaert2014a,2.33,NA,extended,FALSE,
moederschap,0.249255075878318,1,Brysbaert2014a,2.33,NA,extended,FALSE,
monopolie,0.249255075878318,1,Brysbaert2014a,2.33,NA,extended,FALSE,
moordzaak,0.249255075878318,1,Brysbaert2014a,2.33,NA,extended,FALSE,
myeline,0.249255075878318,1,Brysbaert2014a,2.33,NA,extended,FALSE,
namiddag,0.249255075878318,1,Brysbaert2014a,2.33,NA,extended,FALSE,
netheid,0.249255075878318,1,Brysbaert2014a,2.33,NA,extended,FALSE,
noodtoestand,0.249255075878318,1,Brysbaert2014a,2.33,NA,extended,FALSE,
onderzoek,0.249255075878318,1,Brysbaert2014a,2.33,NA,extended,FALSE,
onthulling,0.249255075878318,1,Brysbaert2014a,2.33,NA,extended,FALSE,
ontroering,0.249255075878318,1,Brysbaert2014a,2.33,NA,extended,FALSE,
opduvel,0.249255075878318,1,Brysbaert2014a,2.33,NA,extended,FALSE,
opkamer,0.249255075878318,1,Brysbaert2014a,2.33,NA,extended,FALSE,
oplichter,0.249255075878318,1,Brysbaert2014a,2.33,NA,extended,FALSE,
oplossing,0.249255075878318,1,Brysbaert2014a,2.33,NA,extended,FALSE,
oscillatie,0.249255075878318,1,Brysbaert2014a,2.33,NA,extended,FALSE,
oudjaar,0.249255075878318,1,Brysbaert2014a,2.33,NA,extended,FALSE,
overboeking,0.249255075878318,1,Brysbaert2014a,2.33,NA,extended,FALSE,
overgang,0.249255075878318,1,Brysbaert2014a,2.33,NA,extended,FALSE,
overstuur,0.249255075878318,1,Brysbaert2014a,2.33,NA,extended,FALSE,
paniekzaaier,0.249255075878318,1,Brysbaert2014a,2.33,NA,extended,FALSE,
paraatheid,0.249255075878318,1,Brysbaert2014a,2.33,NA,extended,FALSE,
parabel,0.249255075878318,1,Brysbaert2014a,2.33,NA,extended,FALSE,
passioneel,0.249255075878318,1,Brysbaert2014a,2.33,NA,extended,FALSE,
peinzend,0.249255075878318,1,Brysbaert2014a,2.33,NA,extended,FALSE,
pensioen,0.249255075878318,1,Brysbaert2014a,2.33,NA,extended,FALSE,
pensionering,0.249255075878318,1,Brysbaert2014a,2.33,NA,extended,FALSE,
peter,0.249255075878318,1,Brysbaert2014a,2.33,NA,extended,FALSE,
pogrom,0.249255075878318,1,Brysbaert2014a,2.33,NA,extended,FALSE,
politiewerk,0.249255075878318,1,Brysbaert2014a,2.33,NA,extended,FALSE,
pontificaat,0.249255075878318,1,Brysbaert2014a,2.33,NA,extended,FALSE,
prelude,0.249255075878318,1,Brysbaert2014a,2.33,NA,extended,FALSE,
premie,0.249255075878318,1,Brysbaert2014a,2.33,NA,extended,FALSE,
priemgetal,0.249255075878318,1,Brysbaert2014a,2.33,NA,extended,FALSE,
privaat,0.249255075878318,1,Brysbaert2014a,2.33,NA,extended,FALSE,
procent,0.249255075878318,1,Brysbaert2014a,2.33,NA,extended,FALSE,
prototype,0.249255075878318,1,Brysbaert2014a,2.33,NA,extended,FALSE,
raad,0.249255075878318,1,Brysbaert2014a,2.33,NA,extended,FALSE,
reglement,0.249255075878318,1,Brysbaert2014a,2.33,NA,extended,FALSE,
remedie,0.249255075878318,1,Brysbaert2014a,2.33,NA,extended,FALSE,
repliek,0.249255075878318,1,Brysbaert2014a,2.33,NA,extended,FALSE,
resorptie,0.249255075878318,1,Brysbaert2014a,2.33,NA,extended,FALSE,
retro,0.249255075878318,1,Brysbaert2014a,2.33,NA,extended,FALSE,
romanist,0.249255075878318,1,Brysbaert2014a,2.33,NA,extended,FALSE,
sadist,0.249255075878318,1,Brysbaert2014a,2.33,NA,extended,FALSE,
sanctie,0.249255075878318,1,Brysbaert2014a,2.33,NA,extended,FALSE,
schalm,0.249255075878318,1,Brysbaert2014a,2.33,NA,extended,FALSE,
schizofrenie,0.249255075878318,1,Brysbaert2014a,2.33,NA,extended,FALSE,
schrander,0.249255075878318,1,Brysbaert2014a,2.33,NA,extended,FALSE,
schrap,0.249255075878318,1,Brysbaert2014a,2.33,NA,extended,FALSE,
schuiladres,0.249255075878318,1,Brysbaert2014a,2.33,NA,extended,FALSE,
selectie,0.249255075878318,1,Brysbaert2014a,2.33,NA,extended,FALSE,
sessie,0.249255075878318,1,Brysbaert2014a,2.33,NA,extended,FALSE,
sfeer,0.249255075878318,1,Brysbaert2014a,2.33,NA,extended,FALSE,
simulatie,0.249255075878318,1,Brysbaert2014a,2.33,NA,extended,FALSE,
snul,0.249255075878318,1,Brysbaert2014a,2.33,NA,extended,FALSE,
sober,0.249255075878318,1,Brysbaert2014a,2.33,NA,extended,FALSE,
staatsie,0.249255075878318,1,Brysbaert2014a,2.33,NA,extended,FALSE,
standby,0.249255075878318,1,Brysbaert2014a,2.33,NA,extended,FALSE,
steun,0.249255075878318,1,Brysbaert2014a,2.33,NA,extended,FALSE,
stichter,0.249255075878318,1,Brysbaert2014a,2.33,NA,extended,FALSE,
stoer,0.249255075878318,1,Brysbaert2014a,2.33,NA,extended,FALSE,
stokregel,0.249255075878318,1,Brysbaert2014a,2.33,NA,extended,FALSE,
stomkop,0.249255075878318,1,Brysbaert2014a,2.33,NA,extended,FALSE,
strafzaak,0.249255075878318,1,Brysbaert2014a,2.33,NA,extended,FALSE,
sukkelaar,0.249255075878318,1,Brysbaert2014a,2.33,NA,extended,FALSE,
tijdstip,0.249255075878318,1,Brysbaert2014a,2.33,NA,extended,FALSE,
titelrol,0.249255075878318,1,Brysbaert2014a,2.33,NA,extended,FALSE,
toelichting,0.249255075878318,1,Brysbaert2014a,2.33,NA,extended,FALSE,
topkwaliteit,0.249255075878318,1,Brysbaert2014a,2.33,NA,extended,FALSE,
transmissie,0.249255075878318,1,Brysbaert2014a,2.33,NA,extended,FALSE,
triestheid,0.249255075878318,1,Brysbaert2014a,2.33,NA,extended,FALSE,
trimester,0.249255075878318,1,Brysbaert2014a,2.33,NA,extended,FALSE,
uitroeiing,0.249255075878318,1,Brysbaert2014a,2.33,NA,extended,FALSE,
uitspatting,0.249255075878318,1,Brysbaert2014a,2.33,NA,extended,FALSE,
uitwisseling,0.249255075878318,1,Brysbaert2014a,2.33,NA,extended,FALSE,
usurpator,0.249255075878318,1,Brysbaert2014a,2.33,NA,extended,FALSE,
vak,0.249255075878318,1,Brysbaert2014a,2.33,NA,extended,FALSE,
vermelding,0.249255075878318,1,Brysbaert2014a,2.33,NA,extended,FALSE,
vermindering,0.249255075878318,1,Brysbaert2014a,2.33,NA,extended,FALSE,
verovering,0.249255075878318,1,Brysbaert2014a,2.33,NA,extended,FALSE,
verspieder,0.249255075878318,1,Brysbaert2014a,2.33,NA,extended,FALSE,
vertelling,0.249255075878318,1,Brysbaert2014a,2.33,NA,extended,FALSE,
vertering,0.249255075878318,1,Brysbaert2014a,2.33,NA,extended,FALSE,
verwikkeling,0.249255075878318,1,Brysbaert2014a,2.33,NA,extended,FALSE,
verzetje,0.249255075878318,1,Brysbaert2014a,2.33,NA,extended,FALSE,
vijandschap,0.249255075878318,1,Brysbaert2014a,2.33,NA,extended,FALSE,
vleierij,0.249255075878318,1,Brysbaert2014a,2.33,NA,extended,FALSE,
voorganger,0.249255075878318,1,Brysbaert2014a,2.33,NA,extended,FALSE,
voorstander,0.249255075878318,1,Brysbaert2014a,2.33,NA,extended,FALSE,
voorval,0.249255075878318,1,Brysbaert2014a,2.33,NA,extended,FALSE,
vraagbaak,0.249255075878318,1,Brysbaert2014a,2.33,NA,extended,FALSE,
vrees,0.249255075878318,1,Brysbaert2014a,2.33,NA,extended,FALSE,
vrijdenker,0.249255075878318,1,Brysbaert2014a,2.33,NA,extended,FALSE,
weddenschap,0.249255075878318,1,Brysbaert2014a,2.33,NA,extended,FALSE,
weekeind,0.249255075878318,1,Brysbaert2014a,2.33,NA,extended,FALSE,
weerstand,0.249255075878318,1,Brysbaert2014a,2.33,NA,extended,FALSE,
westers,0.249255075878318,1,Brysbaert2014a,2.33,NA,extended,FALSE,
wetering,0.249255075878318,1,Brysbaert2014a,2.33,NA,extended,FALSE,
wijziging,0.249255075878318,1,Brysbaert2014a,2.33,NA,extended,FALSE,
wirwar,0.249255075878318,1,Brysbaert2014a,2.33,NA,extended,FALSE,
wrevel,0.249255075878318,1,Brysbaert2014a,2.33,NA,extended,FALSE,
zeveraar,0.249255075878318,1,Brysbaert2014a,2.33,NA,extended,FALSE,
zondebok,0.249255075878318,1,Brysbaert2014a,2.33,NA,extended,FALSE,
verstand,0.245769635708075,2,Brysbaert2014a;Jasmin2012,4.21,NA,extended,FALSE,
kunst,0.242459079157797,2,Brysbaert2014a;Jasmin2012,4.095,NA,extended,FALSE,
amnesie,0.240593167486661,1,Brysbaert2014a,2.31,NA,extended,FALSE,
cijferaar,0.240593167486661,1,Brysbaert2014a,2.31,NA,extended,FALSE,
contreien,0.240593167486661,1,Brysbaert2014a,2.31,NA,extended,FALSE,
eersteling,0.240593167486661,1,Brysbaert2014a,2.31,NA,extended,FALSE,
hoererij,0.240593167486661,1,Brysbaert2014a,2.31,NA,extended,FALSE,
hydrofiel,0.240593167486661,1,Brysbaert2014a,2.31,NA,extended,FALSE,
inquisitie,0.240593167486661,1,Brysbaert2014a,2.31,NA,extended,FALSE,
interland,0.240593167486661,1,Brysbaert2014a,2.31,NA,extended,FALSE,
kankeraar,0.240593167486661,1,Brysbaert2014a,2.31,NA,extended,FALSE,
keikop,0.240593167486661,1,Brysbaert2014a,2.31,NA,extended,FALSE,
minnekozen,0.240593167486661,1,Brysbaert2014a,2.31,NA,extended,FALSE,
orthografie,0.240593167486661,1,Brysbaert2014a,2.31,NA,extended,FALSE,
paralyse,0.240593167486661,1,Brysbaert2014a,2.31,NA,extended,FALSE,
pennenlikker,0.240593167486661,1,Brysbaert2014a,2.31,NA,extended,FALSE,
pronk,0.240593167486661,1,Brysbaert2014a,2.31,NA,extended,FALSE,
regulator,0.240593167486661,1,Brysbaert2014a,2.31,NA,extended,FALSE,
rentree,0.240593167486661,1,Brysbaert2014a,2.31,NA,extended,FALSE,
rotvaart,0.240593167486661,1,Brysbaert2014a,2.31,NA,extended,FALSE,
sadomasochisme,0.240593167486661,1,Brysbaert2014a,2.31,NA,extended,FALSE,
scharrelaar,0.240593167486661,1,Brysbaert2014a,2.31,NA,extended,FALSE,
uitwijkeling,0.240593167486661,1,Brysbaert2014a,2.31,NA,extended,FALSE,
urologie,0.240593167486661,1,Brysbaert2014a,2.31,NA,extended,FALSE,
veinzerij,0.240593167486661,1,Brysbaert2014a,2.31,NA,extended,FALSE,
anabool,0.239380500311829,1,Brysbaert2014a,2.3,NA,extended,FALSE,
burlesk,0.239380500311829,1,Brysbaert2014a,2.3,NA,extended,FALSE,
cue,0.239380500311829,1,Brysbaert2014a,2.3,NA,extended,FALSE,
hoon,0.239380500311829,1,Brysbaert2014a,2.3,NA,extended,FALSE,
klandizie,0.239380500311829,1,Brysbaert2014a,2.3,NA,extended,FALSE,
kul,0.239380500311829,1,Brysbaert2014a,2.3,NA,extended,FALSE,
loteling,0.239380500311829,1,Brysbaert2014a,2.3,NA,extended,FALSE,
persecutie,0.239380500311829,1,Brysbaert2014a,2.3,NA,extended,FALSE,
poulain,0.239380500311829,1,Brysbaert2014a,2.3,NA,extended,FALSE,
ragfijn,0.239380500311829,1,Brysbaert2014a,2.3,NA,extended,FALSE,
reconciliatie,0.239380500311829,1,Brysbaert2014a,2.3,NA,extended,FALSE,
sloor,0.239380500311829,1,Brysbaert2014a,2.3,NA,extended,FALSE,
acclamatie,0.236920518328598,1,Brysbaert2014a,2.29,NA,extended,FALSE,
afstel,0.236920518328598,1,Brysbaert2014a,2.29,NA,extended,FALSE,
afwisseling,0.236920518328598,1,Brysbaert2014a,2.29,NA,extended,FALSE,
agglomeratie,0.236920518328598,1,Brysbaert2014a,2.29,NA,extended,FALSE,
amalgaam,0.236920518328598,1,Brysbaert2014a,2.29,NA,extended,FALSE,
areaal,0.236920518328598,1,Brysbaert2014a,2.29,NA,extended,FALSE,
belegger,0.236920518328598,1,Brysbaert2014a,2.29,NA,extended,FALSE,
bewaring,0.236920518328598,1,Brysbaert2014a,2.29,NA,extended,FALSE,
bewindsman,0.236920518328598,1,Brysbaert2014a,2.29,NA,extended,FALSE,
bilateraal,0.236920518328598,1,Brysbaert2014a,2.29,NA,extended,FALSE,
bloemlezing,0.236920518328598,1,Brysbaert2014a,2.29,NA,extended,FALSE,
burengerucht,0.236920518328598,1,Brysbaert2014a,2.29,NA,extended,FALSE,
communist,0.236920518328598,1,Brysbaert2014a,2.29,NA,extended,FALSE,
dispersie,0.236920518328598,1,Brysbaert2014a,2.29,NA,extended,FALSE,
druiloor,0.236920518328598,1,Brysbaert2014a,2.29,NA,extended,FALSE,
eiser,0.236920518328598,1,Brysbaert2014a,2.29,NA,extended,FALSE,
eredivisie,0.236920518328598,1,Brysbaert2014a,2.29,NA,extended,FALSE,
fertiliteit,0.236920518328598,1,Brysbaert2014a,2.29,NA,extended,FALSE,
fragmentatie,0.236920518328598,1,Brysbaert2014a,2.29,NA,extended,FALSE,
fysiotherapie,0.236920518328598,1,Brysbaert2014a,2.29,NA,extended,FALSE,
generiek,0.236920518328598,1,Brysbaert2014a,2.29,NA,extended,FALSE,
grootscheeps,0.236920518328598,1,Brysbaert2014a,2.29,NA,extended,FALSE,
instabiel,0.236920518328598,1,Brysbaert2014a,2.29,NA,extended,FALSE,
kadee,0.236920518328598,1,Brysbaert2014a,2.29,NA,extended,FALSE,
katzwijm,0.236920518328598,1,Brysbaert2014a,2.29,NA,extended,FALSE,
krachtmeting,0.236920518328598,1,Brysbaert2014a,2.29,NA,extended,FALSE,
kynoloog,0.236920518328598,1,Brysbaert2014a,2.29,NA,extended,FALSE,
lobbes,0.236920518328598,1,Brysbaert2014a,2.29,NA,extended,FALSE,
logaritme,0.236920518328598,1,Brysbaert2014a,2.29,NA,extended,FALSE,
matsen,0.236920518328598,1,Brysbaert2014a,2.29,NA,extended,FALSE,
mededinger,0.236920518328598,1,Brysbaert2014a,2.29,NA,extended,FALSE,
middeleeuwen,0.236920518328598,1,Brysbaert2014a,2.29,NA,extended,FALSE,
mimesis,0.236920518328598,1,Brysbaert2014a,2.29,NA,extended,FALSE,
nakaarten,0.236920518328598,1,Brysbaert2014a,2.29,NA,extended,FALSE,
occlusie,0.236920518328598,1,Brysbaert2014a,2.29,NA,extended,FALSE,
pact,0.236920518328598,1,Brysbaert2014a,2.29,NA,extended,FALSE,
patriottisme,0.236920518328598,1,Brysbaert2014a,2.29,NA,extended,FALSE,
pesthaard,0.236920518328598,1,Brysbaert2014a,2.29,NA,extended,FALSE,
plompen,0.236920518328598,1,Brysbaert2014a,2.29,NA,extended,FALSE,
polemist,0.236920518328598,1,Brysbaert2014a,2.29,NA,extended,FALSE,
polis,0.236920518328598,1,Brysbaert2014a,2.29,NA,extended,FALSE,
referte,0.236920518328598,1,Brysbaert2014a,2.29,NA,extended,FALSE,
revanche,0.236920518328598,1,Brysbaert2014a,2.29,NA,extended,FALSE,
rush,0.236920518328598,1,Brysbaert2014a,2.29,NA,extended,FALSE,
schikking,0.236920518328598,1,Brysbaert2014a,2.29,NA,extended,FALSE,
schuins,0.236920518328598,1,Brysbaert2014a,2.29,NA,extended,FALSE,
seniel,0.236920518328598,1,Brysbaert2014a,2.29,NA,extended,FALSE,
seniliteit,0.236920518328598,1,Brysbaert2014a,2.29,NA,extended,FALSE,
sier,0.236920518328598,1,Brysbaert2014a,2.29,NA,extended,FALSE,
sonoriteit,0.236920518328598,1,Brysbaert2014a,2.29,NA,extended,FALSE,
souplesse,0.236920518328598,1,Brysbaert2014a,2.29,NA,extended,FALSE,
teamwork,0.236920518328598,1,Brysbaert2014a,2.29,NA,extended,FALSE,
tijdsspanne,0.236920518328598,1,Brysbaert2014a,2.29,NA,extended,FALSE,
vertier,0.236920518328598,1,Brysbaert2014a,2.29,NA,extended,FALSE,
vlijt,0.236920518328598,1,Brysbaert2014a,2.29,NA,extended,FALSE,
vragenvuur,0.236920518328598,1,Brysbaert2014a,2.29,NA,extended,FALSE,
wijl,0.236920518328598,1,Brysbaert2014a,2.29,NA,extended,FALSE,
xenofoob,0.236920518328598,1,Brysbaert2014a,2.29,NA,extended,FALSE,
alimentatie,0.235886832880927,2,Brysbaert2014a;Jasmin2012,4,NA,extended,FALSE,
geschiedenis,0.233405739436384,2,Brysbaert2014a;Jasmin2012,4.23,NA,extended,FALSE,
schuld,0.233124429214388,2,Brysbaert2014a;Jasmin2012,4.165,NA,extended,FALSE,
inhoud,0.232713035135184,2,Brysbaert2014a;Jasmin2012,3.89,NA,extended,FALSE,
sexy,0.232078853046595,1,Jasmin2012,5.83,NA,extended,FALSE,
werkgelegenheid,0.232078387352595,2,Brysbaert2014a;Jasmin2012,4.22,NA,extended,FALSE,
wonder,0.232078387352595,2,Brysbaert2014a;Jasmin2012,4.22,NA,extended,FALSE,
bedreiging,0.231847868822817,2,Brysbaert2014a;Jasmin2012,4.16,NA,extended,FALSE,
pest,0.231632438778625,2,Brysbaert2014a;Jasmin2012,3.765,NA,extended,FALSE,
aanklacht,0.227565657265609,1,Brysbaert2014a,2.27,NA,extended,FALSE,
aanrader,0.227565657265609,1,Brysbaert2014a,2.27,NA,extended,FALSE,
aantijging,0.227565657265609,1,Brysbaert2014a,2.27,NA,extended,FALSE,
aarden,0.227565657265609,1,Brysbaert2014a,2.27,NA,extended,FALSE,
aartsrivaal,0.227565657265609,1,Brysbaert2014a,2.27,NA,extended,FALSE,
afkeer,0.227565657265609,1,Brysbaert2014a,2.27,NA,extended,FALSE,
alliteratie,0.227565657265609,1,Brysbaert2014a,2.27,NA,extended,FALSE,
ambras,0.227565657265609,1,Brysbaert2014a,2.27,NA,extended,FALSE,
argument,0.227565657265609,1,Brysbaert2014a,2.27,NA,extended,FALSE,
arme,0.227565657265609,1,Brysbaert2014a,2.27,NA,extended,FALSE,
arrangement,0.227565657265609,1,Brysbaert2014a,2.27,NA,extended,FALSE,
bachelor,0.227565657265609,1,Brysbaert2014a,2.27,NA,extended,FALSE,
bangerik,0.227565657265609,1,Brysbaert2014a,2.27,NA,extended,FALSE,
bedwang,0.227565657265609,1,Brysbaert2014a,2.27,NA,extended,FALSE,
beeldvorming,0.227565657265609,1,Brysbaert2014a,2.27,NA,extended,FALSE,
bewijs,0.227565657265609,1,Brysbaert2014a,2.27,NA,extended,FALSE,
bezetting,0.227565657265609,1,Brysbaert2014a,2.27,NA,extended,FALSE,
bezigheid,0.227565657265609,1,Brysbaert2014a,2.27,NA,extended,FALSE,
bijrol,0.227565657265609,1,Brysbaert2014a,2.27,NA,extended,FALSE,
binnenpretje,0.227565657265609,1,Brysbaert2014a,2.27,NA,extended,FALSE,
biologie,0.227565657265609,1,Brysbaert2014a,2.27,NA,extended,FALSE,
bitterheid,0.227565657265609,1,Brysbaert2014a,2.27,NA,extended,FALSE,
blijdschap,0.227565657265609,1,Brysbaert2014a,2.27,NA,extended,FALSE,
blikvanger,0.227565657265609,1,Brysbaert2014a,2.27,NA,extended,FALSE,
boffen,0.227565657265609,1,Brysbaert2014a,2.27,NA,extended,FALSE,
brandgevaar,0.227565657265609,1,Brysbaert2014a,2.27,NA,extended,FALSE,
burgerij,0.227565657265609,1,Brysbaert2014a,2.27,NA,extended,FALSE,
catechist,0.227565657265609,1,Brysbaert2014a,2.27,NA,extended,FALSE,
chaos,0.227565657265609,1,Brysbaert2014a,2.27,NA,extended,FALSE,
chronologie,0.227565657265609,1,Brysbaert2014a,2.27,NA,extended,FALSE,
ciao,0.227565657265609,1,Brysbaert2014a,2.27,NA,extended,FALSE,
circulatie,0.227565657265609,1,Brysbaert2014a,2.27,NA,extended,FALSE,
codering,0.227565657265609,1,Brysbaert2014a,2.27,NA,extended,FALSE,
communisme,0.227565657265609,1,Brysbaert2014a,2.27,NA,extended,FALSE,
coöperatie,0.227565657265609,1,Brysbaert2014a,2.27,NA,extended,FALSE,
copyright,0.227565657265609,1,Brysbaert2014a,2.27,NA,extended,FALSE,
crazy,0.227565657265609,1,Brysbaert2014a,2.27,NA,extended,FALSE,
dagvaarding,0.227565657265609,1,Brysbaert2014a,2.27,NA,extended,FALSE,
database,0.227565657265609,1,Brysbaert2014a,2.27,NA,extended,FALSE,
datering,0.227565657265609,1,Brysbaert2014a,2.27,NA,extended,FALSE,
deelneming,0.227565657265609,1,Brysbaert2014a,2.27,NA,extended,FALSE,
detaillering,0.227565657265609,1,Brysbaert2014a,2.27,NA,extended,FALSE,
dictatuur,0.227565657265609,1,Brysbaert2014a,2.27,NA,extended,FALSE,
dienstplicht,0.227565657265609,1,Brysbaert2014a,2.27,NA,extended,FALSE,
doorzetting,0.227565657265609,1,Brysbaert2014a,2.27,NA,extended,FALSE,
drama,0.227565657265609,1,Brysbaert2014a,2.27,NA,extended,FALSE,
driftkikker,0.227565657265609,1,Brysbaert2014a,2.27,NA,extended,FALSE,
dubbelslag,0.227565657265609,1,Brysbaert2014a,2.27,NA,extended,FALSE,
duivels,0.227565657265609,1,Brysbaert2014a,2.27,NA,extended,FALSE,
dulden,0.227565657265609,1,Brysbaert2014a,2.27,NA,extended,FALSE,
dwarsligger,0.227565657265609,1,Brysbaert2014a,2.27,NA,extended,FALSE,
eetlust,0.227565657265609,1,Brysbaert2014a,2.27,NA,extended,FALSE,
entertainment,0.227565657265609,1,Brysbaert2014a,2.27,NA,extended,FALSE,
euvel,0.227565657265609,1,Brysbaert2014a,2.27,NA,extended,FALSE,
extractie,0.227565657265609,1,Brysbaert2014a,2.27,NA,extended,FALSE,
fabeltje,0.227565657265609,1,Brysbaert2014a,2.27,NA,extended,FALSE,
frustratie,0.227565657265609,1,Brysbaert2014a,2.27,NA,extended,FALSE,
gastvrij,0.227565657265609,1,Brysbaert2014a,2.27,NA,extended,FALSE,
gedrag,0.227565657265609,1,Brysbaert2014a,2.27,NA,extended,FALSE,
geldstroom,0.227565657265609,1,Brysbaert2014a,2.27,NA,extended,FALSE,
gelijkstroom,0.227565657265609,1,Brysbaert2014a,2.27,NA,extended,FALSE,
gelukwens,0.227565657265609,1,Brysbaert2014a,2.27,NA,extended,FALSE,
gemeente,0.227565657265609,1,Brysbaert2014a,2.27,NA,extended,FALSE,
gezichtsbedrog,0.227565657265609,1,Brysbaert2014a,2.27,NA,extended,FALSE,
groentje,0.227565657265609,1,Brysbaert2014a,2.27,NA,extended,FALSE,
grootbrengen,0.227565657265609,1,Brysbaert2014a,2.27,NA,extended,FALSE,
heldendaad,0.227565657265609,1,Brysbaert2014a,2.27,NA,extended,FALSE,
herdenking,0.227565657265609,1,Brysbaert2014a,2.27,NA,extended,FALSE,
herziening,0.227565657265609,1,Brysbaert2014a,2.27,NA,extended,FALSE,
historie,0.227565657265609,1,Brysbaert2014a,2.27,NA,extended,FALSE,
homofobie,0.227565657265609,1,Brysbaert2014a,2.27,NA,extended,FALSE,
hongersnood,0.227565657265609,1,Brysbaert2014a,2.27,NA,extended,FALSE,
hoofddoel,0.227565657265609,1,Brysbaert2014a,2.27,NA,extended,FALSE,
hoofdzaak,0.227565657265609,1,Brysbaert2014a,2.27,NA,extended,FALSE,
hoogvlieger,0.227565657265609,1,Brysbaert2014a,2.27,NA,extended,FALSE,
hufter,0.227565657265609,1,Brysbaert2014a,2.27,NA,extended,FALSE,
hysterie,0.227565657265609,1,Brysbaert2014a,2.27,NA,extended,FALSE,
illusie,0.227565657265609,1,Brysbaert2014a,2.27,NA,extended,FALSE,
inkomen,0.227565657265609,1,Brysbaert2014a,2.27,NA,extended,FALSE,
instemming,0.227565657265609,1,Brysbaert2014a,2.27,NA,extended,FALSE,
instituut,0.227565657265609,1,Brysbaert2014a,2.27,NA,extended,FALSE,
intimiteit,0.227565657265609,1,Brysbaert2014a,2.27,NA,extended,FALSE,
inversie,0.227565657265609,1,Brysbaert2014a,2.27,NA,extended,FALSE,
investering,0.227565657265609,1,Brysbaert2014a,2.27,NA,extended,FALSE,
irritatie,0.227565657265609,1,Brysbaert2014a,2.27,NA,extended,FALSE,
jubileum,0.227565657265609,1,Brysbaert2014a,2.27,NA,extended,FALSE,
kanton,0.227565657265609,1,Brysbaert2014a,2.27,NA,extended,FALSE,
kantooruren,0.227565657265609,1,Brysbaert2014a,2.27,NA,extended,FALSE,
karikaturaal,0.227565657265609,1,Brysbaert2014a,2.27,NA,extended,FALSE,
kartel,0.227565657265609,1,Brysbaert2014a,2.27,NA,extended,FALSE,
ketter,0.227565657265609,1,Brysbaert2014a,2.27,NA,extended,FALSE,
klaarheid,0.227565657265609,1,Brysbaert2014a,2.27,NA,extended,FALSE,
klimaat,0.227565657265609,1,Brysbaert2014a,2.27,NA,extended,FALSE,
klungel,0.227565657265609,1,Brysbaert2014a,2.27,NA,extended,FALSE,
koppigaard,0.227565657265609,1,Brysbaert2014a,2.27,NA,extended,FALSE,
kringloop,0.227565657265609,1,Brysbaert2014a,2.27,NA,extended,FALSE,
kwakzalver,0.227565657265609,1,Brysbaert2014a,2.27,NA,extended,FALSE,
lactatie,0.227565657265609,1,Brysbaert2014a,2.27,NA,extended,FALSE,
leidraad,0.227565657265609,1,Brysbaert2014a,2.27,NA,extended,FALSE,
lelijkheid,0.227565657265609,1,Brysbaert2014a,2.27,NA,extended,FALSE,
lieveling,0.227565657265609,1,Brysbaert2014a,2.27,NA,extended,FALSE,
liturgie,0.227565657265609,1,Brysbaert2014a,2.27,NA,extended,FALSE,
lolletje,0.227565657265609,1,Brysbaert2014a,2.27,NA,extended,FALSE,
luchtledige,0.227565657265609,1,Brysbaert2014a,2.27,NA,extended,FALSE,
luistervink,0.227565657265609,1,Brysbaert2014a,2.27,NA,extended,FALSE,
maandenlang,0.227565657265609,1,Brysbaert2014a,2.27,NA,extended,FALSE,
maritiem,0.227565657265609,1,Brysbaert2014a,2.27,NA,extended,FALSE,
martiaal,0.227565657265609,1,Brysbaert2014a,2.27,NA,extended,FALSE,
medicinaal,0.227565657265609,1,Brysbaert2014a,2.27,NA,extended,FALSE,
miljard,0.227565657265609,1,Brysbaert2014a,2.27,NA,extended,FALSE,
misdaad,0.227565657265609,1,Brysbaert2014a,2.27,NA,extended,FALSE,
morfeem,0.227565657265609,1,Brysbaert2014a,2.27,NA,extended,FALSE,
motto,0.227565657265609,1,Brysbaert2014a,2.27,NA,extended,FALSE,
namaak,0.227565657265609,1,Brysbaert2014a,2.27,NA,extended,FALSE,
nieuwtje,0.227565657265609,1,Brysbaert2014a,2.27,NA,extended,FALSE,
noblesse,0.227565657265609,1,Brysbaert2014a,2.27,NA,extended,FALSE,
ongeluk,0.227565657265609,1,Brysbaert2014a,2.27,NA,extended,FALSE,
ontdekking,0.227565657265609,1,Brysbaert2014a,2.27,NA,extended,FALSE,
ontknoping,0.227565657265609,1,Brysbaert2014a,2.27,NA,extended,FALSE,
ordening,0.227565657265609,1,Brysbaert2014a,2.27,NA,extended,FALSE,
overleg,0.227565657265609,1,Brysbaert2014a,2.27,NA,extended,FALSE,
paardrift,0.227565657265609,1,Brysbaert2014a,2.27,NA,extended,FALSE,
passage,0.227565657265609,1,Brysbaert2014a,2.27,NA,extended,FALSE,
pedagogiek,0.227565657265609,1,Brysbaert2014a,2.27,NA,extended,FALSE,
perfectionist,0.227565657265609,1,Brysbaert2014a,2.27,NA,extended,FALSE,
pessimist,0.227565657265609,1,Brysbaert2014a,2.27,NA,extended,FALSE,
pienter,0.227565657265609,1,Brysbaert2014a,2.27,NA,extended,FALSE,
pittoresk,0.227565657265609,1,Brysbaert2014a,2.27,NA,extended,FALSE,
plagerij,0.227565657265609,1,Brysbaert2014a,2.27,NA,extended,FALSE,
pleidooi,0.227565657265609,1,Brysbaert2014a,2.27,NA,extended,FALSE,
pochen,0.227565657265609,1,Brysbaert2014a,2.27,NA,extended,FALSE,
politicoloog,0.227565657265609,1,Brysbaert2014a,2.27,NA,extended,FALSE,
positie,0.227565657265609,1,Brysbaert2014a,2.27,NA,extended,FALSE,
power,0.227565657265609,1,Brysbaert2014a,2.27,NA,extended,FALSE,
profiteur,0.227565657265609,1,Brysbaert2014a,2.27,NA,extended,FALSE,
provider,0.227565657265609,1,Brysbaert2014a,2.27,NA,extended,FALSE,
ramkoers,0.227565657265609,1,Brysbaert2014a,2.27,NA,extended,FALSE,
rangtelwoord,0.227565657265609,1,Brysbaert2014a,2.27,NA,extended,FALSE,
recreatie,0.227565657265609,1,Brysbaert2014a,2.27,NA,extended,FALSE,
refugié,0.227565657265609,1,Brysbaert2014a,2.27,NA,extended,FALSE,
regie,0.227565657265609,1,Brysbaert2014a,2.27,NA,extended,FALSE,
regionaal,0.227565657265609,1,Brysbaert2014a,2.27,NA,extended,FALSE,
reproductie,0.227565657265609,1,Brysbaert2014a,2.27,NA,extended,FALSE,
rotgevoel,0.227565657265609,1,Brysbaert2014a,2.27,NA,extended,FALSE,
rotopmerking,0.227565657265609,1,Brysbaert2014a,2.27,NA,extended,FALSE,
rotzak,0.227565657265609,1,Brysbaert2014a,2.27,NA,extended,FALSE,
roulatie,0.227565657265609,1,Brysbaert2014a,2.27,NA,extended,FALSE,
samenspraak,0.227565657265609,1,Brysbaert2014a,2.27,NA,extended,FALSE,
scharminkel,0.227565657265609,1,Brysbaert2014a,2.27,NA,extended,FALSE,
schijn,0.227565657265609,1,Brysbaert2014a,2.27,NA,extended,FALSE,
scholing,0.227565657265609,1,Brysbaert2014a,2.27,NA,extended,FALSE,
schuldige,0.227565657265609,1,Brysbaert2014a,2.27,NA,extended,FALSE,
seksist,0.227565657265609,1,Brysbaert2014a,2.27,NA,extended,FALSE,
setting,0.227565657265609,1,Brysbaert2014a,2.27,NA,extended,FALSE,
situatie,0.227565657265609,1,Brysbaert2014a,2.27,NA,extended,FALSE,
sixties,0.227565657265609,1,Brysbaert2014a,2.27,NA,extended,FALSE,
slippertje,0.227565657265609,1,Brysbaert2014a,2.27,NA,extended,FALSE,
spionage,0.227565657265609,1,Brysbaert2014a,2.27,NA,extended,FALSE,
spotgoedkoop,0.227565657265609,1,Brysbaert2014a,2.27,NA,extended,FALSE,
stabiliteit,0.227565657265609,1,Brysbaert2014a,2.27,NA,extended,FALSE,
standpunt,0.227565657265609,1,Brysbaert2014a,2.27,NA,extended,FALSE,
statistiek,0.227565657265609,1,Brysbaert2014a,2.27,NA,extended,FALSE,
sterallures,0.227565657265609,1,Brysbaert2014a,2.27,NA,extended,FALSE,
stille,0.227565657265609,1,Brysbaert2014a,2.27,NA,extended,FALSE,
stofwisseling,0.227565657265609,1,Brysbaert2014a,2.27,NA,extended,FALSE,
stout,0.227565657265609,1,Brysbaert2014a,2.27,NA,extended,FALSE,
strategie,0.227565657265609,1,Brysbaert2014a,2.27,NA,extended,FALSE,
sufkop,0.227565657265609,1,Brysbaert2014a,2.27,NA,extended,FALSE,
tegenvaller,0.227565657265609,1,Brysbaert2014a,2.27,NA,extended,FALSE,
terugkomst,0.227565657265609,1,Brysbaert2014a,2.27,NA,extended,FALSE,
thema,0.227565657265609,1,Brysbaert2014a,2.27,NA,extended,FALSE,
toetsing,0.227565657265609,1,Brysbaert2014a,2.27,NA,extended,FALSE,
topografie,0.227565657265609,1,Brysbaert2014a,2.27,NA,extended,FALSE,
trendsetter,0.227565657265609,1,Brysbaert2014a,2.27,NA,extended,FALSE,
trust,0.227565657265609,1,Brysbaert2014a,2.27,NA,extended,FALSE,
uitblinker,0.227565657265609,1,Brysbaert2014a,2.27,NA,extended,FALSE,
uitgangspunt,0.227565657265609,1,Brysbaert2014a,2.27,NA,extended,FALSE,
uitsluitsel,0.227565657265609,1,Brysbaert2014a,2.27,NA,extended,FALSE,
uitwerking,0.227565657265609,1,Brysbaert2014a,2.27,NA,extended,FALSE,
vaderdag,0.227565657265609,1,Brysbaert2014a,2.27,NA,extended,FALSE,
variété,0.227565657265609,1,Brysbaert2014a,2.27,NA,extended,FALSE,
verademing,0.227565657265609,1,Brysbaert2014a,2.27,NA,extended,FALSE,
verbanning,0.227565657265609,1,Brysbaert2014a,2.27,NA,extended,FALSE,
verlof,0.227565657265609,1,Brysbaert2014a,2.27,NA,extended,FALSE,
verloning,0.227565657265609,1,Brysbaert2014a,2.27,NA,extended,FALSE,
vernieuwing,0.227565657265609,1,Brysbaert2014a,2.27,NA,extended,FALSE,
verontschuldiging,0.227565657265609,1,Brysbaert2014a,2.27,NA,extended,FALSE,
verrijking,0.227565657265609,1,Brysbaert2014a,2.27,NA,extended,FALSE,
verschijning,0.227565657265609,1,Brysbaert2014a,2.27,NA,extended,FALSE,
vervalsing,0.227565657265609,1,Brysbaert2014a,2.27,NA,extended,FALSE,
verwerking,0.227565657265609,1,Brysbaert2014a,2.27,NA,extended,FALSE,
veto,0.227565657265609,1,Brysbaert2014a,2.27,NA,extended,FALSE,
victorie,0.227565657265609,1,Brysbaert2014a,2.27,NA,extended,FALSE,
vleug,0.227565657265609,1,Brysbaert2014a,2.27,NA,extended,FALSE,
vriendschap,0.227565657265609,1,Brysbaert2014a,2.27,NA,extended,FALSE,
wapenwedloop,0.227565657265609,1,Brysbaert2014a,2.27,NA,extended,FALSE,
wederdienst,0.227565657265609,1,Brysbaert2014a,2.27,NA,extended,FALSE,
werklust,0.227565657265609,1,Brysbaert2014a,2.27,NA,extended,FALSE,
winst,0.227565657265609,1,Brysbaert2014a,2.27,NA,extended,FALSE,
wintermaand,0.227565657265609,1,Brysbaert2014a,2.27,NA,extended,FALSE,
wonderdokter,0.227565657265609,1,Brysbaert2014a,2.27,NA,extended,FALSE,
zaken,0.227565657265609,1,Brysbaert2014a,2.27,NA,extended,FALSE,
ziekenkas,0.227565657265609,1,Brysbaert2014a,2.27,NA,extended,FALSE,
zondaar,0.227565657265609,1,Brysbaert2014a,2.27,NA,extended,FALSE,
zwakkeling,0.227565657265609,1,Brysbaert2014a,2.27,NA,extended,FALSE,
macht,0.226411015563121,2,Brysbaert2014a;Jasmin2012,4.215,NA,extended,FALSE,
loser,0.225938957078909,2,Brysbaert2014a;Jasmin2012,3.505,NA,extended,FALSE,
jeugd,0.225789997091586,2,Brysbaert2014a;Jasmin2012,4.035,NA,extended,FALSE,
poÃ©zie,0.224014336917563,1,Jasmin2012,5.8,NA,extended,FALSE,
fier,0.222850381335084,2,Brysbaert2014a;Jasmin2012,3.915,NA,extended,FALSE,
dwaas,0.222671865301922,2,Brysbaert2014a;Jasmin2012,3.67,NA,extended,FALSE,
besognes,0.218695863072552,1,Brysbaert2014a,2.25,NA,extended,FALSE,
bijvrouw,0.218695863072552,1,Brysbaert2014a,2.25,NA,extended,FALSE,
concern,0.218695863072552,1,Brysbaert2014a,2.25,NA,extended,FALSE,
dagsluiting,0.218695863072552,1,Brysbaert2014a,2.25,NA,extended,FALSE,
desertie,0.218695863072552,1,Brysbaert2014a,2.25,NA,extended,FALSE,
diathese,0.218695863072552,1,Brysbaert2014a,2.25,NA,extended,FALSE,
distorsie,0.218695863072552,1,Brysbaert2014a,2.25,NA,extended,FALSE,
doordouwer,0.218695863072552,1,Brysbaert2014a,2.25,NA,extended,FALSE,
eminentie,0.218695863072552,1,Brysbaert2014a,2.25,NA,extended,FALSE,
facsimile,0.218695863072552,1,Brysbaert2014a,2.25,NA,extended,FALSE,
fiducie,0.218695863072552,1,Brysbaert2014a,2.25,NA,extended,FALSE,
formica,0.218695863072552,1,Brysbaert2014a,2.25,NA,extended,FALSE,
gedwee,0.218695863072552,1,Brysbaert2014a,2.25,NA,extended,FALSE,
goniometrie,0.218695863072552,1,Brysbaert2014a,2.25,NA,extended,FALSE,
harakiri,0.218695863072552,1,Brysbaert2014a,2.25,NA,extended,FALSE,
hausse,0.218695863072552,1,Brysbaert2014a,2.25,NA,extended,FALSE,
kerkenraad,0.218695863072552,1,Brysbaert2014a,2.25,NA,extended,FALSE,
klerikaal,0.218695863072552,1,Brysbaert2014a,2.25,NA,extended,FALSE,
lering,0.218695863072552,1,Brysbaert2014a,2.25,NA,extended,FALSE,
louwmaand,0.218695863072552,1,Brysbaert2014a,2.25,NA,extended,FALSE,
massificatie,0.218695863072552,1,Brysbaert2014a,2.25,NA,extended,FALSE,
monstrans,0.218695863072552,1,Brysbaert2014a,2.25,NA,extended,FALSE,
oppressie,0.218695863072552,1,Brysbaert2014a,2.25,NA,extended,FALSE,
opsmuk,0.218695863072552,1,Brysbaert2014a,2.25,NA,extended,FALSE,
organiek,0.218695863072552,1,Brysbaert2014a,2.25,NA,extended,FALSE,
persiflage,0.218695863072552,1,Brysbaert2014a,2.25,NA,extended,FALSE,
pleonasme,0.218695863072552,1,Brysbaert2014a,2.25,NA,extended,FALSE,
poedelen,0.218695863072552,1,Brysbaert2014a,2.25,NA,extended,FALSE,
proeve,0.218695863072552,1,Brysbaert2014a,2.25,NA,extended,FALSE,
prolongatie,0.218695863072552,1,Brysbaert2014a,2.25,NA,extended,FALSE,
puntdicht,0.218695863072552,1,Brysbaert2014a,2.25,NA,extended,FALSE,
quaestor,0.218695863072552,1,Brysbaert2014a,2.25,NA,extended,FALSE,
robotica,0.218695863072552,1,Brysbaert2014a,2.25,NA,extended,FALSE,
routinier,0.218695863072552,1,Brysbaert2014a,2.25,NA,extended,FALSE,
ruif,0.218695863072552,1,Brysbaert2014a,2.25,NA,extended,FALSE,
salariëring,0.218695863072552,1,Brysbaert2014a,2.25,NA,extended,FALSE,
schalks,0.218695863072552,1,Brysbaert2014a,2.25,NA,extended,FALSE,
serviel,0.218695863072552,1,Brysbaert2014a,2.25,NA,extended,FALSE,
setter,0.218695863072552,1,Brysbaert2014a,2.25,NA,extended,FALSE,
struif,0.218695863072552,1,Brysbaert2014a,2.25,NA,extended,FALSE,
sukkelgang,0.218695863072552,1,Brysbaert2014a,2.25,NA,extended,FALSE,
typografie,0.218695863072552,1,Brysbaert2014a,2.25,NA,extended,FALSE,
vrank,0.218695863072552,1,Brysbaert2014a,2.25,NA,extended,FALSE,
winstbejag,0.218695863072552,1,Brysbaert2014a,2.25,NA,extended,FALSE,
kolossaal,0.21748006022479,2,Brysbaert2014a;Jasmin2012,3.765,NA,extended,FALSE,
godslastering,0.216845878136201,1,Jasmin2012,5.75,NA,extended,FALSE,
beding,0.216443766890721,1,Brysbaert2014a,2.23,NA,extended,FALSE,
bonjouren,0.216443766890721,1,Brysbaert2014a,2.23,NA,extended,FALSE,
congruent,0.216443766890721,1,Brysbaert2014a,2.23,NA,extended,FALSE,
decompressie,0.216443766890721,1,Brysbaert2014a,2.23,NA,extended,FALSE,
dorsten,0.216443766890721,1,Brysbaert2014a,2.23,NA,extended,FALSE,
escapade,0.216443766890721,1,Brysbaert2014a,2.23,NA,extended,FALSE,
extensie,0.216443766890721,1,Brysbaert2014a,2.23,NA,extended,FALSE,
finesses,0.216443766890721,1,Brysbaert2014a,2.23,NA,extended,FALSE,
flapdrol,0.216443766890721,1,Brysbaert2014a,2.23,NA,extended,FALSE,
grondvorm,0.216443766890721,1,Brysbaert2014a,2.23,NA,extended,FALSE,
honorarium,0.216443766890721,1,Brysbaert2014a,2.23,NA,extended,FALSE,
kiemvrij,0.216443766890721,1,Brysbaert2014a,2.23,NA,extended,FALSE,
klaren,0.216443766890721,1,Brysbaert2014a,2.23,NA,extended,FALSE,
kwijtschelding,0.216443766890721,1,Brysbaert2014a,2.23,NA,extended,FALSE,
opentop,0.216443766890721,1,Brysbaert2014a,2.23,NA,extended,FALSE,
pietzak,0.216443766890721,1,Brysbaert2014a,2.23,NA,extended,FALSE,
sjacheraar,0.216443766890721,1,Brysbaert2014a,2.23,NA,extended,FALSE,
tumultueus,0.216443766890721,1,Brysbaert2014a,2.23,NA,extended,FALSE,
vinding,0.216443766890721,1,Brysbaert2014a,2.23,NA,extended,FALSE,
voertaal,0.216443766890721,1,Brysbaert2014a,2.23,NA,extended,FALSE,
abstinentie,0.215231099715889,1,Brysbaert2014a,2.22,NA,extended,FALSE,
botulisme,0.215231099715889,1,Brysbaert2014a,2.22,NA,extended,FALSE,
consignatie,0.215231099715889,1,Brysbaert2014a,2.22,NA,extended,FALSE,
dystrofie,0.215231099715889,1,Brysbaert2014a,2.22,NA,extended,FALSE,
janboel,0.215231099715889,1,Brysbaert2014a,2.22,NA,extended,FALSE,
jokkebrok,0.215231099715889,1,Brysbaert2014a,2.22,NA,extended,FALSE,
loeier,0.215231099715889,1,Brysbaert2014a,2.22,NA,extended,FALSE,
mans,0.215231099715889,1,Brysbaert2014a,2.22,NA,extended,FALSE,
muizenis,0.215231099715889,1,Brysbaert2014a,2.22,NA,extended,FALSE,
ordinatie,0.215231099715889,1,Brysbaert2014a,2.22,NA,extended,FALSE,
polyamide,0.215231099715889,1,Brysbaert2014a,2.22,NA,extended,FALSE,
tracé,0.215231099715889,1,Brysbaert2014a,2.22,NA,extended,FALSE,
traktement,0.215231099715889,1,Brysbaert2014a,2.22,NA,extended,FALSE,
tuk,0.215231099715889,1,Brysbaert2014a,2.22,NA,extended,FALSE,
voetstoots,0.215231099715889,1,Brysbaert2014a,2.22,NA,extended,FALSE,
alfanumeriek,0.213741251472524,1,Brysbaert2014a,2.21,NA,extended,FALSE,
braverik,0.213741251472524,1,Brysbaert2014a,2.21,NA,extended,FALSE,
celibaat,0.213741251472524,1,Brysbaert2014a,2.21,NA,extended,FALSE,
deelgenoot,0.213741251472524,1,Brysbaert2014a,2.21,NA,extended,FALSE,
demping,0.213741251472524,1,Brysbaert2014a,2.21,NA,extended,FALSE,
detachering,0.213741251472524,1,Brysbaert2014a,2.21,NA,extended,FALSE,
domicilie,0.213741251472524,1,Brysbaert2014a,2.21,NA,extended,FALSE,
dorps,0.213741251472524,1,Brysbaert2014a,2.21,NA,extended,FALSE,
fopperij,0.213741251472524,1,Brysbaert2014a,2.21,NA,extended,FALSE,
gedeputeerde,0.213741251472524,1,Brysbaert2014a,2.21,NA,extended,FALSE,
geriatrie,0.213741251472524,1,Brysbaert2014a,2.21,NA,extended,FALSE,
intrek,0.213741251472524,1,Brysbaert2014a,2.21,NA,extended,FALSE,
jeugdzonde,0.213741251472524,1,Brysbaert2014a,2.21,NA,extended,FALSE,
onguur,0.213741251472524,1,Brysbaert2014a,2.21,NA,extended,FALSE,
opgang,0.213741251472524,1,Brysbaert2014a,2.21,NA,extended,FALSE,
palmares,0.213741251472524,1,Brysbaert2014a,2.21,NA,extended,FALSE,
pantoffelheld,0.213741251472524,1,Brysbaert2014a,2.21,NA,extended,FALSE,
potent,0.213741251472524,1,Brysbaert2014a,2.21,NA,extended,FALSE,
rein,0.213741251472524,1,Brysbaert2014a,2.21,NA,extended,FALSE,
sluimer,0.213741251472524,1,Brysbaert2014a,2.21,NA,extended,FALSE,
uitbouw,0.213741251472524,1,Brysbaert2014a,2.21,NA,extended,FALSE,
uitlating,0.213741251472524,1,Brysbaert2014a,2.21,NA,extended,FALSE,
vrijplaats,0.213741251472524,1,Brysbaert2014a,2.21,NA,extended,FALSE,
wedloop,0.213741251472524,1,Brysbaert2014a,2.21,NA,extended,FALSE,
wreker,0.213741251472524,1,Brysbaert2014a,2.21,NA,extended,FALSE,
zegening,0.213741251472524,1,Brysbaert2014a,2.21,NA,extended,FALSE,
zielknijper,0.213741251472524,1,Brysbaert2014a,2.21,NA,extended,FALSE,
zuidwester,0.213741251472524,1,Brysbaert2014a,2.21,NA,extended,FALSE,
nieuws,0.21370759731949,2,Brysbaert2014a;Jasmin2012,3.88,NA,extended,FALSE,
lust,0.211238549826402,2,Brysbaert2014a;Jasmin2012,4.035,NA,extended,FALSE,
verwaarlozing,0.207778722826134,2,Brysbaert2014a;Jasmin2012,3.735,NA,extended,FALSE,
smaak,0.207523739838246,2,Brysbaert2014a;Jasmin2012,3.435,NA,extended,FALSE,
star,0.207225074753201,2,Brysbaert2014a;Jasmin2012,3.3,NA,extended,FALSE,
aanbeveling,0.2055644099508,1,Brysbaert2014a,2.2,NA,extended,FALSE,
aandoening,0.2055644099508,1,Brysbaert2014a,2.2,NA,extended,FALSE,
aankondiging,0.2055644099508,1,Brysbaert2014a,2.2,NA,extended,FALSE,
achterstand,0.2055644099508,1,Brysbaert2014a,2.2,NA,extended,FALSE,
activiteit,0.2055644099508,1,Brysbaert2014a,2.2,NA,extended,FALSE,
adelborst,0.2055644099508,1,Brysbaert2014a,2.2,NA,extended,FALSE,
administratie,0.2055644099508,1,Brysbaert2014a,2.2,NA,extended,FALSE,
adoptie,0.2055644099508,1,Brysbaert2014a,2.2,NA,extended,FALSE,
afdankertje,0.2055644099508,1,Brysbaert2014a,2.2,NA,extended,FALSE,
afkeuring,0.2055644099508,1,Brysbaert2014a,2.2,NA,extended,FALSE,
afzondering,0.2055644099508,1,Brysbaert2014a,2.2,NA,extended,FALSE,
alledrie,0.2055644099508,1,Brysbaert2014a,2.2,NA,extended,FALSE,
alliantie,0.2055644099508,1,Brysbaert2014a,2.2,NA,extended,FALSE,
assistentie,0.2055644099508,1,Brysbaert2014a,2.2,NA,extended,FALSE,
attentie,0.2055644099508,1,Brysbaert2014a,2.2,NA,extended,FALSE,
bedriegster,0.2055644099508,1,Brysbaert2014a,2.2,NA,extended,FALSE,
begin,0.2055644099508,1,Brysbaert2014a,2.2,NA,extended,FALSE,
belasting,0.2055644099508,1,Brysbaert2014a,2.2,NA,extended,FALSE,
bengel,0.2055644099508,1,Brysbaert2014a,2.2,NA,extended,FALSE,
benoeming,0.2055644099508,1,Brysbaert2014a,2.2,NA,extended,FALSE,
besparing,0.2055644099508,1,Brysbaert2014a,2.2,NA,extended,FALSE,
beurt,0.2055644099508,1,Brysbaert2014a,2.2,NA,extended,FALSE,
bevordering,0.2055644099508,1,Brysbaert2014a,2.2,NA,extended,FALSE,
bondgenoot,0.2055644099508,1,Brysbaert2014a,2.2,NA,extended,FALSE,
bruusk,0.2055644099508,1,Brysbaert2014a,2.2,NA,extended,FALSE,
buitenlands,0.2055644099508,1,Brysbaert2014a,2.2,NA,extended,FALSE,
calamiteit,0.2055644099508,1,Brysbaert2014a,2.2,NA,extended,FALSE,
claimen,0.2055644099508,1,Brysbaert2014a,2.2,NA,extended,FALSE,
conditie,0.2055644099508,1,Brysbaert2014a,2.2,NA,extended,FALSE,
continuïteit,0.2055644099508,1,Brysbaert2014a,2.2,NA,extended,FALSE,
coronaal,0.2055644099508,1,Brysbaert2014a,2.2,NA,extended,FALSE,
curiositeit,0.2055644099508,1,Brysbaert2014a,2.2,NA,extended,FALSE,
dagen,0.2055644099508,1,Brysbaert2014a,2.2,NA,extended,FALSE,
deadline,0.2055644099508,1,Brysbaert2014a,2.2,NA,extended,FALSE,
depressie,0.2055644099508,1,Brysbaert2014a,2.2,NA,extended,FALSE,
details,0.2055644099508,1,Brysbaert2014a,2.2,NA,extended,FALSE,
dienst,0.2055644099508,1,Brysbaert2014a,2.2,NA,extended,FALSE,
discipline,0.2055644099508,1,Brysbaert2014a,2.2,NA,extended,FALSE,
droomprins,0.2055644099508,1,Brysbaert2014a,2.2,NA,extended,FALSE,
dwazerik,0.2055644099508,1,Brysbaert2014a,2.2,NA,extended,FALSE,
elaboratie,0.2055644099508,1,Brysbaert2014a,2.2,NA,extended,FALSE,
emotie,0.2055644099508,1,Brysbaert2014a,2.2,NA,extended,FALSE,
ereloon,0.2055644099508,1,Brysbaert2014a,2.2,NA,extended,FALSE,
faciliteiten,0.2055644099508,1,Brysbaert2014a,2.2,NA,extended,FALSE,
faillissement,0.2055644099508,1,Brysbaert2014a,2.2,NA,extended,FALSE,
forum,0.2055644099508,1,Brysbaert2014a,2.2,NA,extended,FALSE,
fotogeniek,0.2055644099508,1,Brysbaert2014a,2.2,NA,extended,FALSE,
fusie,0.2055644099508,1,Brysbaert2014a,2.2,NA,extended,FALSE,
gebrek,0.2055644099508,1,Brysbaert2014a,2.2,NA,extended,FALSE,
gedragsregel,0.2055644099508,1,Brysbaert2014a,2.2,NA,extended,FALSE,
gedrang,0.2055644099508,1,Brysbaert2014a,2.2,NA,extended,FALSE,
geheugensteuntje,0.2055644099508,1,Brysbaert2014a,2.2,NA,extended,FALSE,
gelijkenis,0.2055644099508,1,Brysbaert2014a,2.2,NA,extended,FALSE,
gemenerik,0.2055644099508,1,Brysbaert2014a,2.2,NA,extended,FALSE,
geneeswijze,0.2055644099508,1,Brysbaert2014a,2.2,NA,extended,FALSE,
geologie,0.2055644099508,1,Brysbaert2014a,2.2,NA,extended,FALSE,
gezagdrager,0.2055644099508,1,Brysbaert2014a,2.2,NA,extended,FALSE,
giswerk,0.2055644099508,1,Brysbaert2014a,2.2,NA,extended,FALSE,
goesting,0.2055644099508,1,Brysbaert2014a,2.2,NA,extended,FALSE,
graafschap,0.2055644099508,1,Brysbaert2014a,2.2,NA,extended,FALSE,
gynaecologie,0.2055644099508,1,Brysbaert2014a,2.2,NA,extended,FALSE,
halfdood,0.2055644099508,1,Brysbaert2014a,2.2,NA,extended,FALSE,
hallucinatie,0.2055644099508,1,Brysbaert2014a,2.2,NA,extended,FALSE,
hebbeding,0.2055644099508,1,Brysbaert2014a,2.2,NA,extended,FALSE,
hilariteit,0.2055644099508,1,Brysbaert2014a,2.2,NA,extended,FALSE,
hobby,0.2055644099508,1,Brysbaert2014a,2.2,NA,extended,FALSE,
hoerenzoon,0.2055644099508,1,Brysbaert2014a,2.2,NA,extended,FALSE,
honnepon,0.2055644099508,1,Brysbaert2014a,2.2,NA,extended,FALSE,
horendol,0.2055644099508,1,Brysbaert2014a,2.2,NA,extended,FALSE,
immigratie,0.2055644099508,1,Brysbaert2014a,2.2,NA,extended,FALSE,
improvisatie,0.2055644099508,1,Brysbaert2014a,2.2,NA,extended,FALSE,
impulsiviteit,0.2055644099508,1,Brysbaert2014a,2.2,NA,extended,FALSE,
inburgering,0.2055644099508,1,Brysbaert2014a,2.2,NA,extended,FALSE,
informatie,0.2055644099508,1,Brysbaert2014a,2.2,NA,extended,FALSE,
inleiding,0.2055644099508,1,Brysbaert2014a,2.2,NA,extended,FALSE,
inlichting,0.2055644099508,1,Brysbaert2014a,2.2,NA,extended,FALSE,
inprenting,0.2055644099508,1,Brysbaert2014a,2.2,NA,extended,FALSE,
inval,0.2055644099508,1,Brysbaert2014a,2.2,NA,extended,FALSE,
invalshoek,0.2055644099508,1,Brysbaert2014a,2.2,NA,extended,FALSE,
jaartelling,0.2055644099508,1,Brysbaert2014a,2.2,NA,extended,FALSE,
kanen,0.2055644099508,1,Brysbaert2014a,2.2,NA,extended,FALSE,
kennismaking,0.2055644099508,1,Brysbaert2014a,2.2,NA,extended,FALSE,
kiplekker,0.2055644099508,1,Brysbaert2014a,2.2,NA,extended,FALSE,
kloterij,0.2055644099508,1,Brysbaert2014a,2.2,NA,extended,FALSE,
kooplust,0.2055644099508,1,Brysbaert2014a,2.2,NA,extended,FALSE,
koopzucht,0.2055644099508,1,Brysbaert2014a,2.2,NA,extended,FALSE,
kroongetuige,0.2055644099508,1,Brysbaert2014a,2.2,NA,extended,FALSE,
landverrader,0.2055644099508,1,Brysbaert2014a,2.2,NA,extended,FALSE,
lastpak,0.2055644099508,1,Brysbaert2014a,2.2,NA,extended,FALSE,
ligging,0.2055644099508,1,Brysbaert2014a,2.2,NA,extended,FALSE,
lijfblad,0.2055644099508,1,Brysbaert2014a,2.2,NA,extended,FALSE,
manifestatie,0.2055644099508,1,Brysbaert2014a,2.2,NA,extended,FALSE,
mensheid,0.2055644099508,1,Brysbaert2014a,2.2,NA,extended,FALSE,
metamorfose,0.2055644099508,1,Brysbaert2014a,2.2,NA,extended,FALSE,
middeleeuws,0.2055644099508,1,Brysbaert2014a,2.2,NA,extended,FALSE,
minimumloon,0.2055644099508,1,Brysbaert2014a,2.2,NA,extended,FALSE,
miskoop,0.2055644099508,1,Brysbaert2014a,2.2,NA,extended,FALSE,
mobilisatie,0.2055644099508,1,Brysbaert2014a,2.2,NA,extended,FALSE,
moeial,0.2055644099508,1,Brysbaert2014a,2.2,NA,extended,FALSE,
muggenzifter,0.2055644099508,1,Brysbaert2014a,2.2,NA,extended,FALSE,
munteenheid,0.2055644099508,1,Brysbaert2014a,2.2,NA,extended,FALSE,
najaar,0.2055644099508,1,Brysbaert2014a,2.2,NA,extended,FALSE,
navigatie,0.2055644099508,1,Brysbaert2014a,2.2,NA,extended,FALSE,
navolging,0.2055644099508,1,Brysbaert2014a,2.2,NA,extended,FALSE,
neveneffect,0.2055644099508,1,Brysbaert2014a,2.2,NA,extended,FALSE,
oerknal,0.2055644099508,1,Brysbaert2014a,2.2,NA,extended,FALSE,
omgangstaal,0.2055644099508,1,Brysbaert2014a,2.2,NA,extended,FALSE,
omkoping,0.2055644099508,1,Brysbaert2014a,2.2,NA,extended,FALSE,
online,0.2055644099508,1,Brysbaert2014a,2.2,NA,extended,FALSE,
onteigening,0.2055644099508,1,Brysbaert2014a,2.2,NA,extended,FALSE,
ontlading,0.2055644099508,1,Brysbaert2014a,2.2,NA,extended,FALSE,
oogappel,0.2055644099508,1,Brysbaert2014a,2.2,NA,extended,FALSE,
opdondertje,0.2055644099508,1,Brysbaert2014a,2.2,NA,extended,FALSE,
opluchting,0.2055644099508,1,Brysbaert2014a,2.2,NA,extended,FALSE,
orakel,0.2055644099508,1,Brysbaert2014a,2.2,NA,extended,FALSE,
ouderschap,0.2055644099508,1,Brysbaert2014a,2.2,NA,extended,FALSE,
oudheid,0.2055644099508,1,Brysbaert2014a,2.2,NA,extended,FALSE,
overdrijving,0.2055644099508,1,Brysbaert2014a,2.2,NA,extended,FALSE,
paaps,0.2055644099508,1,Brysbaert2014a,2.2,NA,extended,FALSE,
pacht,0.2055644099508,1,Brysbaert2014a,2.2,NA,extended,FALSE,
pacifist,0.2055644099508,1,Brysbaert2014a,2.2,NA,extended,FALSE,
paragnost,0.2055644099508,1,Brysbaert2014a,2.2,NA,extended,FALSE,
pauze,0.2055644099508,1,Brysbaert2014a,2.2,NA,extended,FALSE,
pechvogel,0.2055644099508,1,Brysbaert2014a,2.2,NA,extended,FALSE,
peperduur,0.2055644099508,1,Brysbaert2014a,2.2,NA,extended,FALSE,
plechtigheid,0.2055644099508,1,Brysbaert2014a,2.2,NA,extended,FALSE,
pleiten,0.2055644099508,1,Brysbaert2014a,2.2,NA,extended,FALSE,
pleziertje,0.2055644099508,1,Brysbaert2014a,2.2,NA,extended,FALSE,
postmodern,0.2055644099508,1,Brysbaert2014a,2.2,NA,extended,FALSE,
precisie,0.2055644099508,1,Brysbaert2014a,2.2,NA,extended,FALSE,
pretje,0.2055644099508,1,Brysbaert2014a,2.2,NA,extended,FALSE,
procedure,0.2055644099508,1,Brysbaert2014a,2.2,NA,extended,FALSE,
protagonist,0.2055644099508,1,Brysbaert2014a,2.2,NA,extended,FALSE,
psychiatrie,0.2055644099508,1,Brysbaert2014a,2.2,NA,extended,FALSE,
publiciteit,0.2055644099508,1,Brysbaert2014a,2.2,NA,extended,FALSE,
rage,0.2055644099508,1,Brysbaert2014a,2.2,NA,extended,FALSE,
ras,0.2055644099508,1,Brysbaert2014a,2.2,NA,extended,FALSE,
reclassering,0.2055644099508,1,Brysbaert2014a,2.2,NA,extended,FALSE,
recyclage,0.2055644099508,1,Brysbaert2014a,2.2,NA,extended,FALSE,
reeks,0.2055644099508,1,Brysbaert2014a,2.2,NA,extended,FALSE,
referentie,0.2055644099508,1,Brysbaert2014a,2.2,NA,extended,FALSE,
rente,0.2055644099508,1,Brysbaert2014a,2.2,NA,extended,FALSE,
reservatie,0.2055644099508,1,Brysbaert2014a,2.2,NA,extended,FALSE,
retour,0.2055644099508,1,Brysbaert2014a,2.2,NA,extended,FALSE,
reuze,0.2055644099508,1,Brysbaert2014a,2.2,NA,extended,FALSE,
revolutie,0.2055644099508,1,Brysbaert2014a,2.2,NA,extended,FALSE,
richtlijn,0.2055644099508,1,Brysbaert2014a,2.2,NA,extended,FALSE,
rondbazuinen,0.2055644099508,1,Brysbaert2014a,2.2,NA,extended,FALSE,
rotdag,0.2055644099508,1,Brysbaert2014a,2.2,NA,extended,FALSE,
schelms,0.2055644099508,1,Brysbaert2014a,2.2,NA,extended,FALSE,
schifting,0.2055644099508,1,Brysbaert2014a,2.2,NA,extended,FALSE,
schuchter,0.2055644099508,1,Brysbaert2014a,2.2,NA,extended,FALSE,
schuilnaam,0.2055644099508,1,Brysbaert2014a,2.2,NA,extended,FALSE,
sector,0.2055644099508,1,Brysbaert2014a,2.2,NA,extended,FALSE,
seksualiteit,0.2055644099508,1,Brysbaert2014a,2.2,NA,extended,FALSE,
service,0.2055644099508,1,Brysbaert2014a,2.2,NA,extended,FALSE,
slapeloosheid,0.2055644099508,1,Brysbaert2014a,2.2,NA,extended,FALSE,
sleutelwoord,0.2055644099508,1,Brysbaert2014a,2.2,NA,extended,FALSE,
softie,0.2055644099508,1,Brysbaert2014a,2.2,NA,extended,FALSE,
stage,0.2055644099508,1,Brysbaert2014a,2.2,NA,extended,FALSE,
stagnatie,0.2055644099508,1,Brysbaert2014a,2.2,NA,extended,FALSE,
steentijd,0.2055644099508,1,Brysbaert2014a,2.2,NA,extended,FALSE,
stipendium,0.2055644099508,1,Brysbaert2014a,2.2,NA,extended,FALSE,
stouterik,0.2055644099508,1,Brysbaert2014a,2.2,NA,extended,FALSE,
substitutie,0.2055644099508,1,Brysbaert2014a,2.2,NA,extended,FALSE,
supersterk,0.2055644099508,1,Brysbaert2014a,2.2,NA,extended,FALSE,
symptoom,0.2055644099508,1,Brysbaert2014a,2.2,NA,extended,FALSE,
tegenpool,0.2055644099508,1,Brysbaert2014a,2.2,NA,extended,FALSE,
theoloog,0.2055644099508,1,Brysbaert2014a,2.2,NA,extended,FALSE,
tipgever,0.2055644099508,1,Brysbaert2014a,2.2,NA,extended,FALSE,
toevoeging,0.2055644099508,1,Brysbaert2014a,2.2,NA,extended,FALSE,
toezegging,0.2055644099508,1,Brysbaert2014a,2.2,NA,extended,FALSE,
topic,0.2055644099508,1,Brysbaert2014a,2.2,NA,extended,FALSE,
troost,0.2055644099508,1,Brysbaert2014a,2.2,NA,extended,FALSE,
uitdaging,0.2055644099508,1,Brysbaert2014a,2.2,NA,extended,FALSE,
uitdrijving,0.2055644099508,1,Brysbaert2014a,2.2,NA,extended,FALSE,
uitputting,0.2055644099508,1,Brysbaert2014a,2.2,NA,extended,FALSE,
uitvinding,0.2055644099508,1,Brysbaert2014a,2.2,NA,extended,FALSE,
vaderland,0.2055644099508,1,Brysbaert2014a,2.2,NA,extended,FALSE,
variëteit,0.2055644099508,1,Brysbaert2014a,2.2,NA,extended,FALSE,
verloop,0.2055644099508,1,Brysbaert2014a,2.2,NA,extended,FALSE,
verraadster,0.2055644099508,1,Brysbaert2014a,2.2,NA,extended,FALSE,
verrichting,0.2055644099508,1,Brysbaert2014a,2.2,NA,extended,FALSE,
verschijnsel,0.2055644099508,1,Brysbaert2014a,2.2,NA,extended,FALSE,
verzuchting,0.2055644099508,1,Brysbaert2014a,2.2,NA,extended,FALSE,
vindicatie,0.2055644099508,1,Brysbaert2014a,2.2,NA,extended,FALSE,
voltreffer,0.2055644099508,1,Brysbaert2014a,2.2,NA,extended,FALSE,
voorspelling,0.2055644099508,1,Brysbaert2014a,2.2,NA,extended,FALSE,
voortgang,0.2055644099508,1,Brysbaert2014a,2.2,NA,extended,FALSE,
votum,0.2055644099508,1,Brysbaert2014a,2.2,NA,extended,FALSE,
vrijpleiten,0.2055644099508,1,Brysbaert2014a,2.2,NA,extended,FALSE,
wansmaak,0.2055644099508,1,Brysbaert2014a,2.2,NA,extended,FALSE,
welzijnswerk,0.2055644099508,1,Brysbaert2014a,2.2,NA,extended,FALSE,
wereldburger,0.2055644099508,1,Brysbaert2014a,2.2,NA,extended,FALSE,
wichelarij,0.2055644099508,1,Brysbaert2014a,2.2,NA,extended,FALSE,
winzucht,0.2055644099508,1,Brysbaert2014a,2.2,NA,extended,FALSE,
wondermiddel,0.2055644099508,1,Brysbaert2014a,2.2,NA,extended,FALSE,
woordkeuze,0.2055644099508,1,Brysbaert2014a,2.2,NA,extended,FALSE,
zedenzaak,0.2055644099508,1,Brysbaert2014a,2.2,NA,extended,FALSE,
zinspeling,0.2055644099508,1,Brysbaert2014a,2.2,NA,extended,FALSE,
doodsbang,0.204550997715243,2,Brysbaert2014a;Jasmin2012,3.965,NA,extended,FALSE,
schaden,0.203298436087783,2,Brysbaert2014a;Jasmin2012,3.68,NA,extended,FALSE,
promotie,0.203174033697369,2,Brysbaert2014a;Jasmin2012,3.975,NA,extended,FALSE,
gedachte,0.201762422045929,2,Brysbaert2014a;Jasmin2012,4,NA,extended,FALSE,
behendigheid,0.200162235370937,2,Brysbaert2014a;Jasmin2012,3.65,NA,extended,FALSE,
ontbering,0.199791232484628,2,Brysbaert2014a;Jasmin2012,3.76,NA,extended,FALSE,
vrijheid,0.199526314691416,2,Brysbaert2014a;Jasmin2012,4.07,NA,extended,FALSE,
excuus,0.199497721079844,2,Brysbaert2014a;Jasmin2012,4.045,NA,extended,FALSE,
deputatie,0.197941930566142,1,Brysbaert2014a,2.18,NA,extended,FALSE,
epiek,0.197941930566142,1,Brysbaert2014a,2.18,NA,extended,FALSE,
genealogie,0.197941930566142,1,Brysbaert2014a,2.18,NA,extended,FALSE,
hoofdbrekens,0.197941930566142,1,Brysbaert2014a,2.18,NA,extended,FALSE,
inleider,0.197941930566142,1,Brysbaert2014a,2.18,NA,extended,FALSE,
nozem,0.197941930566142,1,Brysbaert2014a,2.18,NA,extended,FALSE,
pleite,0.197941930566142,1,Brysbaert2014a,2.18,NA,extended,FALSE,
polychroom,0.197941930566142,1,Brysbaert2014a,2.18,NA,extended,FALSE,
prefectuur,0.197941930566142,1,Brysbaert2014a,2.18,NA,extended,FALSE,
romanesk,0.197941930566142,1,Brysbaert2014a,2.18,NA,extended,FALSE,
spotziek,0.197941930566142,1,Brysbaert2014a,2.18,NA,extended,FALSE,
wulps,0.197941930566142,1,Brysbaert2014a,2.18,NA,extended,FALSE,
hemel,0.197906010035644,2,Brysbaert2014a;Jasmin2012,3.465,NA,extended,FALSE,
bevestiging,0.197491511329776,1,Brysbaert2014a,2.18,NA,extended,FALSE,
aanfluiting,0.196556025223477,1,Brysbaert2014a,2.17,NA,extended,FALSE,
beuzelarij,0.196556025223477,1,Brysbaert2014a,2.17,NA,extended,FALSE,
crime,0.196556025223477,1,Brysbaert2014a,2.17,NA,extended,FALSE,
decorum,0.196556025223477,1,Brysbaert2014a,2.17,NA,extended,FALSE,
filantroop,0.196556025223477,1,Brysbaert2014a,2.17,NA,extended,FALSE,
filatelie,0.196556025223477,1,Brysbaert2014a,2.17,NA,extended,FALSE,
flegmatiek,0.196556025223477,1,Brysbaert2014a,2.17,NA,extended,FALSE,
granulatie,0.196556025223477,1,Brysbaert2014a,2.17,NA,extended,FALSE,
irregulier,0.196556025223477,1,Brysbaert2014a,2.17,NA,extended,FALSE,
kemel,0.196556025223477,1,Brysbaert2014a,2.17,NA,extended,FALSE,
keur,0.196556025223477,1,Brysbaert2014a,2.17,NA,extended,FALSE,
luwte,0.196556025223477,1,Brysbaert2014a,2.17,NA,extended,FALSE,
mak,0.196556025223477,1,Brysbaert2014a,2.17,NA,extended,FALSE,
mastiek,0.196556025223477,1,Brysbaert2014a,2.17,NA,extended,FALSE,
mispunt,0.196556025223477,1,Brysbaert2014a,2.17,NA,extended,FALSE,
myoom,0.196556025223477,1,Brysbaert2014a,2.17,NA,extended,FALSE,
ordinaal,0.196556025223477,1,Brysbaert2014a,2.17,NA,extended,FALSE,
pennenstrijd,0.196556025223477,1,Brysbaert2014a,2.17,NA,extended,FALSE,
pierewaaier,0.196556025223477,1,Brysbaert2014a,2.17,NA,extended,FALSE,
solide,0.196556025223477,1,Brysbaert2014a,2.17,NA,extended,FALSE,
somberte,0.196556025223477,1,Brysbaert2014a,2.17,NA,extended,FALSE,
sublimatie,0.196556025223477,1,Brysbaert2014a,2.17,NA,extended,FALSE,
suffix,0.196556025223477,1,Brysbaert2014a,2.17,NA,extended,FALSE,
tippel,0.196556025223477,1,Brysbaert2014a,2.17,NA,extended,FALSE,
weerschijn,0.196556025223477,1,Brysbaert2014a,2.17,NA,extended,FALSE,
xenofiel,0.196556025223477,1,Brysbaert2014a,2.17,NA,extended,FALSE,
belediging,0.196220104618467,2,Brysbaert2014a;Jasmin2012,3.825,NA,extended,FALSE,
animo,0.195720570188282,2,Brysbaert2014a;Jasmin2012,4.015,NA,extended,FALSE,
grof,0.195109517568337,2,Brysbaert2014a;Jasmin2012,3.935,NA,extended,FALSE,
azijnpisser,0.194892938812279,1,Brysbaert2014a,2.15,NA,extended,FALSE,
capitulatie,0.194892938812279,1,Brysbaert2014a,2.15,NA,extended,FALSE,
casus,0.194892938812279,1,Brysbaert2014a,2.15,NA,extended,FALSE,
deformatie,0.194892938812279,1,Brysbaert2014a,2.15,NA,extended,FALSE,
dictie,0.194892938812279,1,Brysbaert2014a,2.15,NA,extended,FALSE,
discours,0.194892938812279,1,Brysbaert2014a,2.15,NA,extended,FALSE,
drommel,0.194892938812279,1,Brysbaert2014a,2.15,NA,extended,FALSE,
faling,0.194892938812279,1,Brysbaert2014a,2.15,NA,extended,FALSE,
hels,0.194892938812279,1,Brysbaert2014a,2.15,NA,extended,FALSE,
hotline,0.194892938812279,1,Brysbaert2014a,2.15,NA,extended,FALSE,
imperialist,0.194892938812279,1,Brysbaert2014a,2.15,NA,extended,FALSE,
kapsones,0.194892938812279,1,Brysbaert2014a,2.15,NA,extended,FALSE,
krachttoer,0.194892938812279,1,Brysbaert2014a,2.15,NA,extended,FALSE,
looneis,0.194892938812279,1,Brysbaert2014a,2.15,NA,extended,FALSE,
luitjes,0.194892938812279,1,Brysbaert2014a,2.15,NA,extended,FALSE,
martelgang,0.194892938812279,1,Brysbaert2014a,2.15,NA,extended,FALSE,
prefix,0.194892938812279,1,Brysbaert2014a,2.15,NA,extended,FALSE,
procedé,0.194892938812279,1,Brysbaert2014a,2.15,NA,extended,FALSE,
starheid,0.194892938812279,1,Brysbaert2014a,2.15,NA,extended,FALSE,
stukgoed,0.194892938812279,1,Brysbaert2014a,2.15,NA,extended,FALSE,
stuurs,0.194892938812279,1,Brysbaert2014a,2.15,NA,extended,FALSE,
synergie,0.194892938812279,1,Brysbaert2014a,2.15,NA,extended,FALSE,
octrooi,0.192876080192755,2,Brysbaert2014a;Jasmin2012,3.615,NA,extended,FALSE,
amethist,0.192675490264015,1,Brysbaert2014a,2.14,NA,extended,FALSE,
assimilatie,0.192675490264015,1,Brysbaert2014a,2.14,NA,extended,FALSE,
conventie,0.192675490264015,1,Brysbaert2014a,2.14,NA,extended,FALSE,
donderpreek,0.192675490264015,1,Brysbaert2014a,2.14,NA,extended,FALSE,
flansen,0.192675490264015,1,Brysbaert2014a,2.14,NA,extended,FALSE,
fratsen,0.192675490264015,1,Brysbaert2014a,2.14,NA,extended,FALSE,
fysiologie,0.192675490264015,1,Brysbaert2014a,2.14,NA,extended,FALSE,
geleuter,0.192675490264015,1,Brysbaert2014a,2.14,NA,extended,FALSE,
gezwets,0.192675490264015,1,Brysbaert2014a,2.14,NA,extended,FALSE,
giraal,0.192675490264015,1,Brysbaert2014a,2.14,NA,extended,FALSE,
interbellum,0.192675490264015,1,Brysbaert2014a,2.14,NA,extended,FALSE,
ionisatie,0.192675490264015,1,Brysbaert2014a,2.14,NA,extended,FALSE,
janplezier,0.192675490264015,1,Brysbaert2014a,2.14,NA,extended,FALSE,
kaste,0.192675490264015,1,Brysbaert2014a,2.14,NA,extended,FALSE,
kuis,0.192675490264015,1,Brysbaert2014a,2.14,NA,extended,FALSE,
leenwoord,0.192675490264015,1,Brysbaert2014a,2.14,NA,extended,FALSE,
liquiditeit,0.192675490264015,1,Brysbaert2014a,2.14,NA,extended,FALSE,
lulkoek,0.192675490264015,1,Brysbaert2014a,2.14,NA,extended,FALSE,
machismo,0.192675490264015,1,Brysbaert2014a,2.14,NA,extended,FALSE,
makken,0.192675490264015,1,Brysbaert2014a,2.14,NA,extended,FALSE,
masochisme,0.192675490264015,1,Brysbaert2014a,2.14,NA,extended,FALSE,
meedingen,0.192675490264015,1,Brysbaert2014a,2.14,NA,extended,FALSE,
merites,0.192675490264015,1,Brysbaert2014a,2.14,NA,extended,FALSE,
metastase,0.192675490264015,1,Brysbaert2014a,2.14,NA,extended,FALSE,
obligatie,0.192675490264015,1,Brysbaert2014a,2.14,NA,extended,FALSE,
opleg,0.192675490264015,1,Brysbaert2014a,2.14,NA,extended,FALSE,
overzitter,0.192675490264015,1,Brysbaert2014a,2.14,NA,extended,FALSE,
perikel,0.192675490264015,1,Brysbaert2014a,2.14,NA,extended,FALSE,
polemologie,0.192675490264015,1,Brysbaert2014a,2.14,NA,extended,FALSE,
protoplasma,0.192675490264015,1,Brysbaert2014a,2.14,NA,extended,FALSE,
pruts,0.192675490264015,1,Brysbaert2014a,2.14,NA,extended,FALSE,
puntsgewijs,0.192675490264015,1,Brysbaert2014a,2.14,NA,extended,FALSE,
recovery,0.192675490264015,1,Brysbaert2014a,2.14,NA,extended,FALSE,
regime,0.192675490264015,1,Brysbaert2014a,2.14,NA,extended,FALSE,
retardatie,0.192675490264015,1,Brysbaert2014a,2.14,NA,extended,FALSE,
schadeclaim,0.192675490264015,1,Brysbaert2014a,2.14,NA,extended,FALSE,
schalk,0.192675490264015,1,Brysbaert2014a,2.14,NA,extended,FALSE,
scrupule,0.192675490264015,1,Brysbaert2014a,2.14,NA,extended,FALSE,
spiritus,0.192675490264015,1,Brysbaert2014a,2.14,NA,extended,FALSE,
tribunaal,0.192675490264015,1,Brysbaert2014a,2.14,NA,extended,FALSE,
verdrukking,0.192675490264015,1,Brysbaert2014a,2.14,NA,extended,FALSE,
vlieden,0.192675490264015,1,Brysbaert2014a,2.14,NA,extended,FALSE,
uitvoering,0.191291789206281,2,Brysbaert2014a;Jasmin2012,3.76,NA,extended,FALSE,
stress,0.188513489851224,2,Brysbaert2014a;Jasmin2012,3.52,NA,extended,FALSE,
haat,0.18810939164468,2,Brysbaert2014a;Jasmin2012,3.985,NA,extended,FALSE,
plezier,0.187525908109508,2,Brysbaert2014a;Jasmin2012,3.845,NA,extended,FALSE,
verlegenheid,0.186903523602241,2,Brysbaert2014a;Jasmin2012,3.665,NA,extended,FALSE,
verandering,0.186652483490216,2,Brysbaert2014a;Jasmin2012,3.91,NA,extended,FALSE,
kans,0.186504889538625,2,Brysbaert2014a;Jasmin2012,3.97,NA,extended,FALSE,
problemen,0.185633389787865,2,Brysbaert2014a;Jasmin2012,3.9,NA,extended,FALSE,
herinneringen,0.185483870967742,1,Jasmin2012,5.5,NA,extended,FALSE,
aanbesteding,0.185087658512924,1,Brysbaert2014a,2.13,NA,extended,FALSE,
aanbod,0.185087658512924,1,Brysbaert2014a,2.13,NA,extended,FALSE,
aansteller,0.185087658512924,1,Brysbaert2014a,2.13,NA,extended,FALSE,
afrekening,0.185087658512924,1,Brysbaert2014a,2.13,NA,extended,FALSE,
afwijking,0.185087658512924,1,Brysbaert2014a,2.13,NA,extended,FALSE,
alarmfase,0.185087658512924,1,Brysbaert2014a,2.13,NA,extended,FALSE,
annulering,0.185087658512924,1,Brysbaert2014a,2.13,NA,extended,FALSE,
antropoloog,0.185087658512924,1,Brysbaert2014a,2.13,NA,extended,FALSE,
artefact,0.185087658512924,1,Brysbaert2014a,2.13,NA,extended,FALSE,
aspiratie,0.185087658512924,1,Brysbaert2014a,2.13,NA,extended,FALSE,
astronomie,0.185087658512924,1,Brysbaert2014a,2.13,NA,extended,FALSE,
autisme,0.185087658512924,1,Brysbaert2014a,2.13,NA,extended,FALSE,
autochtoon,0.185087658512924,1,Brysbaert2014a,2.13,NA,extended,FALSE,
babbelziek,0.185087658512924,1,Brysbaert2014a,2.13,NA,extended,FALSE,
bedrijvigheid,0.185087658512924,1,Brysbaert2014a,2.13,NA,extended,FALSE,
beproeving,0.185087658512924,1,Brysbaert2014a,2.13,NA,extended,FALSE,
beslissing,0.185087658512924,1,Brysbaert2014a,2.13,NA,extended,FALSE,
bestrijding,0.185087658512924,1,Brysbaert2014a,2.13,NA,extended,FALSE,
bewondering,0.185087658512924,1,Brysbaert2014a,2.13,NA,extended,FALSE,
biochemie,0.185087658512924,1,Brysbaert2014a,2.13,NA,extended,FALSE,
boers,0.185087658512924,1,Brysbaert2014a,2.13,NA,extended,FALSE,
brutaliteit,0.185087658512924,1,Brysbaert2014a,2.13,NA,extended,FALSE,
communicatie,0.185087658512924,1,Brysbaert2014a,2.13,NA,extended,FALSE,
component,0.185087658512924,1,Brysbaert2014a,2.13,NA,extended,FALSE,
concentratie,0.185087658512924,1,Brysbaert2014a,2.13,NA,extended,FALSE,
consolideren,0.185087658512924,1,Brysbaert2014a,2.13,NA,extended,FALSE,
correspondentie,0.185087658512924,1,Brysbaert2014a,2.13,NA,extended,FALSE,
creatuur,0.185087658512924,1,Brysbaert2014a,2.13,NA,extended,FALSE,
debiel,0.185087658512924,1,Brysbaert2014a,2.13,NA,extended,FALSE,
debuut,0.185087658512924,1,Brysbaert2014a,2.13,NA,extended,FALSE,
destructie,0.185087658512924,1,Brysbaert2014a,2.13,NA,extended,FALSE,
dingen,0.185087658512924,1,Brysbaert2014a,2.13,NA,extended,FALSE,
doel,0.185087658512924,1,Brysbaert2014a,2.13,NA,extended,FALSE,
doelgroep,0.185087658512924,1,Brysbaert2014a,2.13,NA,extended,FALSE,
donderdag,0.185087658512924,1,Brysbaert2014a,2.13,NA,extended,FALSE,
doorsnee,0.185087658512924,1,Brysbaert2014a,2.13,NA,extended,FALSE,
doublure,0.185087658512924,1,Brysbaert2014a,2.13,NA,extended,FALSE,
einddoel,0.185087658512924,1,Brysbaert2014a,2.13,NA,extended,FALSE,
engineering,0.185087658512924,1,Brysbaert2014a,2.13,NA,extended,FALSE,
enkeling,0.185087658512924,1,Brysbaert2014a,2.13,NA,extended,FALSE,
erkenning,0.185087658512924,1,Brysbaert2014a,2.13,NA,extended,FALSE,
euforie,0.185087658512924,1,Brysbaert2014a,2.13,NA,extended,FALSE,
evaluatie,0.185087658512924,1,Brysbaert2014a,2.13,NA,extended,FALSE,
evenknie,0.185087658512924,1,Brysbaert2014a,2.13,NA,extended,FALSE,
excentriek,0.185087658512924,1,Brysbaert2014a,2.13,NA,extended,FALSE,
expansie,0.185087658512924,1,Brysbaert2014a,2.13,NA,extended,FALSE,
expressionist,0.185087658512924,1,Brysbaert2014a,2.13,NA,extended,FALSE,
extremist,0.185087658512924,1,Brysbaert2014a,2.13,NA,extended,FALSE,
fanatiekeling,0.185087658512924,1,Brysbaert2014a,2.13,NA,extended,FALSE,
fascist,0.185087658512924,1,Brysbaert2014a,2.13,NA,extended,FALSE,
fatalist,0.185087658512924,1,Brysbaert2014a,2.13,NA,extended,FALSE,
fijntjes,0.185087658512924,1,Brysbaert2014a,2.13,NA,extended,FALSE,
formatie,0.185087658512924,1,Brysbaert2014a,2.13,NA,extended,FALSE,
fractie,0.185087658512924,1,Brysbaert2014a,2.13,NA,extended,FALSE,
functionaliteit,0.185087658512924,1,Brysbaert2014a,2.13,NA,extended,FALSE,
geluksvogel,0.185087658512924,1,Brysbaert2014a,2.13,NA,extended,FALSE,
geografie,0.185087658512924,1,Brysbaert2014a,2.13,NA,extended,FALSE,
gevoelsmens,0.185087658512924,1,Brysbaert2014a,2.13,NA,extended,FALSE,
graad,0.185087658512924,1,Brysbaert2014a,2.13,NA,extended,FALSE,
grondlegger,0.185087658512924,1,Brysbaert2014a,2.13,NA,extended,FALSE,
hartenbreker,0.185087658512924,1,Brysbaert2014a,2.13,NA,extended,FALSE,
hofmakerij,0.185087658512924,1,Brysbaert2014a,2.13,NA,extended,FALSE,
inbreuk,0.185087658512924,1,Brysbaert2014a,2.13,NA,extended,FALSE,
inprenten,0.185087658512924,1,Brysbaert2014a,2.13,NA,extended,FALSE,
inspraak,0.185087658512924,1,Brysbaert2014a,2.13,NA,extended,FALSE,
karakter,0.185087658512924,1,Brysbaert2014a,2.13,NA,extended,FALSE,
kernvraag,0.185087658512924,1,Brysbaert2014a,2.13,NA,extended,FALSE,
kien,0.185087658512924,1,Brysbaert2014a,2.13,NA,extended,FALSE,
kinderjaren,0.185087658512924,1,Brysbaert2014a,2.13,NA,extended,FALSE,
kinky,0.185087658512924,1,Brysbaert2014a,2.13,NA,extended,FALSE,
klacht,0.185087658512924,1,Brysbaert2014a,2.13,NA,extended,FALSE,
kleinigheid,0.185087658512924,1,Brysbaert2014a,2.13,NA,extended,FALSE,
knotsgek,0.185087658512924,1,Brysbaert2014a,2.13,NA,extended,FALSE,
kostprijs,0.185087658512924,1,Brysbaert2014a,2.13,NA,extended,FALSE,
kwalificatie,0.185087658512924,1,Brysbaert2014a,2.13,NA,extended,FALSE,
lafbek,0.185087658512924,1,Brysbaert2014a,2.13,NA,extended,FALSE,
lamzak,0.185087658512924,1,Brysbaert2014a,2.13,NA,extended,FALSE,
last,0.185087658512924,1,Brysbaert2014a,2.13,NA,extended,FALSE,
latrelatie,0.185087658512924,1,Brysbaert2014a,2.13,NA,extended,FALSE,
lefgozer,0.185087658512924,1,Brysbaert2014a,2.13,NA,extended,FALSE,
levenslang,0.185087658512924,1,Brysbaert2014a,2.13,NA,extended,FALSE,
licentie,0.185087658512924,1,Brysbaert2014a,2.13,NA,extended,FALSE,
lichting,0.185087658512924,1,Brysbaert2014a,2.13,NA,extended,FALSE,
logger,0.185087658512924,1,Brysbaert2014a,2.13,NA,extended,FALSE,
logopedie,0.185087658512924,1,Brysbaert2014a,2.13,NA,extended,FALSE,
lonen,0.185087658512924,1,Brysbaert2014a,2.13,NA,extended,FALSE,
maandag,0.185087658512924,1,Brysbaert2014a,2.13,NA,extended,FALSE,
maatregel,0.185087658512924,1,Brysbaert2014a,2.13,NA,extended,FALSE,
magistraal,0.185087658512924,1,Brysbaert2014a,2.13,NA,extended,FALSE,
majestueus,0.185087658512924,1,Brysbaert2014a,2.13,NA,extended,FALSE,
mantelzorg,0.185087658512924,1,Brysbaert2014a,2.13,NA,extended,FALSE,
marginaal,0.185087658512924,1,Brysbaert2014a,2.13,NA,extended,FALSE,
matriarchaat,0.185087658512924,1,Brysbaert2014a,2.13,NA,extended,FALSE,
middag,0.185087658512924,1,Brysbaert2014a,2.13,NA,extended,FALSE,
ministerie,0.185087658512924,1,Brysbaert2014a,2.13,NA,extended,FALSE,
mislukkeling,0.185087658512924,1,Brysbaert2014a,2.13,NA,extended,FALSE,
missie,0.185087658512924,1,Brysbaert2014a,2.13,NA,extended,FALSE,
monarchist,0.185087658512924,1,Brysbaert2014a,2.13,NA,extended,FALSE,
motoriek,0.185087658512924,1,Brysbaert2014a,2.13,NA,extended,FALSE,
naamwoord,0.185087658512924,1,Brysbaert2014a,2.13,NA,extended,FALSE,
nood,0.185087658512924,1,Brysbaert2014a,2.13,NA,extended,FALSE,
ondertoon,0.185087658512924,1,Brysbaert2014a,2.13,NA,extended,FALSE,
ontgoocheling,0.185087658512924,1,Brysbaert2014a,2.13,NA,extended,FALSE,
openbaarheid,0.185087658512924,1,Brysbaert2014a,2.13,NA,extended,FALSE,
opoffering,0.185087658512924,1,Brysbaert2014a,2.13,NA,extended,FALSE,
opvoeding,0.185087658512924,1,Brysbaert2014a,2.13,NA,extended,FALSE,
overname,0.185087658512924,1,Brysbaert2014a,2.13,NA,extended,FALSE,
overzicht,0.185087658512924,1,Brysbaert2014a,2.13,NA,extended,FALSE,
pech,0.185087658512924,1,Brysbaert2014a,2.13,NA,extended,FALSE,
picobello,0.185087658512924,1,Brysbaert2014a,2.13,NA,extended,FALSE,
plantkunde,0.185087658512924,1,Brysbaert2014a,2.13,NA,extended,FALSE,
prijsvraag,0.185087658512924,1,Brysbaert2014a,2.13,NA,extended,FALSE,
prior,0.185087658512924,1,Brysbaert2014a,2.13,NA,extended,FALSE,
productie,0.185087658512924,1,Brysbaert2014a,2.13,NA,extended,FALSE,
professional,0.185087658512924,1,Brysbaert2014a,2.13,NA,extended,FALSE,
professioneel,0.185087658512924,1,Brysbaert2014a,2.13,NA,extended,FALSE,
profijt,0.185087658512924,1,Brysbaert2014a,2.13,NA,extended,FALSE,
puberteit,0.185087658512924,1,Brysbaert2014a,2.13,NA,extended,FALSE,
rehabilitatie,0.185087658512924,1,Brysbaert2014a,2.13,NA,extended,FALSE,
rekrutering,0.185087658512924,1,Brysbaert2014a,2.13,NA,extended,FALSE,
reprise,0.185087658512924,1,Brysbaert2014a,2.13,NA,extended,FALSE,
resonantie,0.185087658512924,1,Brysbaert2014a,2.13,NA,extended,FALSE,
romantiek,0.185087658512924,1,Brysbaert2014a,2.13,NA,extended,FALSE,
rotstreek,0.185087658512924,1,Brysbaert2014a,2.13,NA,extended,FALSE,
rustdag,0.185087658512924,1,Brysbaert2014a,2.13,NA,extended,FALSE,
saaiheid,0.185087658512924,1,Brysbaert2014a,2.13,NA,extended,FALSE,
sequentie,0.185087658512924,1,Brysbaert2014a,2.13,NA,extended,FALSE,
sluw,0.185087658512924,1,Brysbaert2014a,2.13,NA,extended,FALSE,
speels,0.185087658512924,1,Brysbaert2014a,2.13,NA,extended,FALSE,
staatsvijand,0.185087658512924,1,Brysbaert2014a,2.13,NA,extended,FALSE,
stakker,0.185087658512924,1,Brysbaert2014a,2.13,NA,extended,FALSE,
stommiteit,0.185087658512924,1,Brysbaert2014a,2.13,NA,extended,FALSE,
strikvraag,0.185087658512924,1,Brysbaert2014a,2.13,NA,extended,FALSE,
suggestie,0.185087658512924,1,Brysbaert2014a,2.13,NA,extended,FALSE,
superkracht,0.185087658512924,1,Brysbaert2014a,2.13,NA,extended,FALSE,
systole,0.185087658512924,1,Brysbaert2014a,2.13,NA,extended,FALSE,
tanen,0.185087658512924,1,Brysbaert2014a,2.13,NA,extended,FALSE,
techniek,0.185087658512924,1,Brysbaert2014a,2.13,NA,extended,FALSE,
tegenslag,0.185087658512924,1,Brysbaert2014a,2.13,NA,extended,FALSE,
tegenspel,0.185087658512924,1,Brysbaert2014a,2.13,NA,extended,FALSE,
telwoord,0.185087658512924,1,Brysbaert2014a,2.13,NA,extended,FALSE,
termijn,0.185087658512924,1,Brysbaert2014a,2.13,NA,extended,FALSE,
uitlevering,0.185087658512924,1,Brysbaert2014a,2.13,NA,extended,FALSE,
vakgebied,0.185087658512924,1,Brysbaert2014a,2.13,NA,extended,FALSE,
vakmanschap,0.185087658512924,1,Brysbaert2014a,2.13,NA,extended,FALSE,
veganisme,0.185087658512924,1,Brysbaert2014a,2.13,NA,extended,FALSE,
verdenking,0.185087658512924,1,Brysbaert2014a,2.13,NA,extended,FALSE,
verkering,0.185087658512924,1,Brysbaert2014a,2.13,NA,extended,FALSE,
verliefdheid,0.185087658512924,1,Brysbaert2014a,2.13,NA,extended,FALSE,
verrijzenis,0.185087658512924,1,Brysbaert2014a,2.13,NA,extended,FALSE,
vertrouweling,0.185087658512924,1,Brysbaert2014a,2.13,NA,extended,FALSE,
verwantschap,0.185087658512924,1,Brysbaert2014a,2.13,NA,extended,FALSE,
verzekering,0.185087658512924,1,Brysbaert2014a,2.13,NA,extended,FALSE,
verzoening,0.185087658512924,1,Brysbaert2014a,2.13,NA,extended,FALSE,
vloek,0.185087658512924,1,Brysbaert2014a,2.13,NA,extended,FALSE,
volatiliteit,0.185087658512924,1,Brysbaert2014a,2.13,NA,extended,FALSE,
voorbeeld,0.185087658512924,1,Brysbaert2014a,2.13,NA,extended,FALSE,
voorvader,0.185087658512924,1,Brysbaert2014a,2.13,NA,extended,FALSE,
wrang,0.185087658512924,1,Brysbaert2014a,2.13,NA,extended,FALSE,
zenuwinzinking,0.185087658512924,1,Brysbaert2014a,2.13,NA,extended,FALSE,
zenuwziek,0.185087658512924,1,Brysbaert2014a,2.13,NA,extended,FALSE,
zwakheid,0.185087658512924,1,Brysbaert2014a,2.13,NA,extended,FALSE,
misbruik,0.184323423613393,2,Brysbaert2014a;Jasmin2012,3.765,NA,extended,FALSE,
ontrouw,0.183629104906328,2,Brysbaert2014a;Jasmin2012,3.98,NA,extended,FALSE,
beleefdheid,0.182172196751865,2,Brysbaert2014a;Jasmin2012,3.895,NA,extended,FALSE,
extase,0.180987129708073,2,Brysbaert2014a;Jasmin2012,3.7,NA,extended,FALSE,
mislukking,0.180772600005613,2,Brysbaert2014a;Jasmin2012,3.835,NA,extended,FALSE,
verlosser,0.180091072360403,2,Brysbaert2014a;Jasmin2012,3.685,NA,extended,FALSE,
gunst,0.178912959680338,2,Brysbaert2014a;Jasmin2012,3.855,NA,extended,FALSE,
bakerpraatje,0.178677846303097,1,Brysbaert2014a,2.11,NA,extended,FALSE,
declamatie,0.178677846303097,1,Brysbaert2014a,2.11,NA,extended,FALSE,
fysionomie,0.178677846303097,1,Brysbaert2014a,2.11,NA,extended,FALSE,
insolventie,0.178677846303097,1,Brysbaert2014a,2.11,NA,extended,FALSE,
patstelling,0.178677846303097,1,Brysbaert2014a,2.11,NA,extended,FALSE,
perinataal,0.178677846303097,1,Brysbaert2014a,2.11,NA,extended,FALSE,
planologie,0.178677846303097,1,Brysbaert2014a,2.11,NA,extended,FALSE,
postulaat,0.178677846303097,1,Brysbaert2014a,2.11,NA,extended,FALSE,
antoniem,0.177950245998198,1,Brysbaert2014a,2.1,NA,extended,FALSE,
deletie,0.177950245998198,1,Brysbaert2014a,2.1,NA,extended,FALSE,
genus,0.177950245998198,1,Brysbaert2014a,2.1,NA,extended,FALSE,
intrusie,0.177950245998198,1,Brysbaert2014a,2.1,NA,extended,FALSE,
intuinen,0.177950245998198,1,Brysbaert2014a,2.1,NA,extended,FALSE,
kenspreuk,0.177950245998198,1,Brysbaert2014a,2.1,NA,extended,FALSE,
krankjorum,0.177950245998198,1,Brysbaert2014a,2.1,NA,extended,FALSE,
lulhannes,0.177950245998198,1,Brysbaert2014a,2.1,NA,extended,FALSE,
micron,0.177950245998198,1,Brysbaert2014a,2.1,NA,extended,FALSE,
mijmerij,0.177950245998198,1,Brysbaert2014a,2.1,NA,extended,FALSE,
oligarchie,0.177950245998198,1,Brysbaert2014a,2.1,NA,extended,FALSE,
retentie,0.177950245998198,1,Brysbaert2014a,2.1,NA,extended,FALSE,
spotlust,0.177950245998198,1,Brysbaert2014a,2.1,NA,extended,FALSE,
agonie,0.176876169357633,1,Brysbaert2014a,2.09,NA,extended,FALSE,
bonificatie,0.176876169357633,1,Brysbaert2014a,2.09,NA,extended,FALSE,
choleriek,0.176876169357633,1,Brysbaert2014a,2.09,NA,extended,FALSE,
concilie,0.176876169357633,1,Brysbaert2014a,2.09,NA,extended,FALSE,
genius,0.176876169357633,1,Brysbaert2014a,2.09,NA,extended,FALSE,
hedonist,0.176876169357633,1,Brysbaert2014a,2.09,NA,extended,FALSE,
hemofilie,0.176876169357633,1,Brysbaert2014a,2.09,NA,extended,FALSE,
jaarkring,0.176876169357633,1,Brysbaert2014a,2.09,NA,extended,FALSE,
metriek,0.176876169357633,1,Brysbaert2014a,2.09,NA,extended,FALSE,
misantroop,0.176876169357633,1,Brysbaert2014a,2.09,NA,extended,FALSE,
nivellering,0.176876169357633,1,Brysbaert2014a,2.09,NA,extended,FALSE,
ondertrouw,0.176876169357633,1,Brysbaert2014a,2.09,NA,extended,FALSE,
pacificatie,0.176876169357633,1,Brysbaert2014a,2.09,NA,extended,FALSE,
patrimonium,0.176876169357633,1,Brysbaert2014a,2.09,NA,extended,FALSE,
sculpturaal,0.176876169357633,1,Brysbaert2014a,2.09,NA,extended,FALSE,
sedimentatie,0.176876169357633,1,Brysbaert2014a,2.09,NA,extended,FALSE,
subordinatie,0.176876169357633,1,Brysbaert2014a,2.09,NA,extended,FALSE,
suprematie,0.176876169357633,1,Brysbaert2014a,2.09,NA,extended,FALSE,
onnozel,0.176773219937465,2,Brysbaert2014a;Jasmin2012,3.765,NA,extended,FALSE,
luxe,0.176523297491039,1,Jasmin2012,5.43,NA,extended,FALSE,
uitmuntendheid,0.176523297491039,1,Jasmin2012,5.43,NA,extended,FALSE,
allitteratie,0.174970549511468,1,Brysbaert2014a,2.08,NA,extended,FALSE,
anamnese,0.174970549511468,1,Brysbaert2014a,2.08,NA,extended,FALSE,
blamage,0.174970549511468,1,Brysbaert2014a,2.08,NA,extended,FALSE,
confuus,0.174970549511468,1,Brysbaert2014a,2.08,NA,extended,FALSE,
cumulatie,0.174970549511468,1,Brysbaert2014a,2.08,NA,extended,FALSE,
destinatie,0.174970549511468,1,Brysbaert2014a,2.08,NA,extended,FALSE,
detentie,0.174970549511468,1,Brysbaert2014a,2.08,NA,extended,FALSE,
dispositie,0.174970549511468,1,Brysbaert2014a,2.08,NA,extended,FALSE,
doorvoer,0.174970549511468,1,Brysbaert2014a,2.08,NA,extended,FALSE,
electoraat,0.174970549511468,1,Brysbaert2014a,2.08,NA,extended,FALSE,
fluctuatie,0.174970549511468,1,Brysbaert2014a,2.08,NA,extended,FALSE,
grootspraak,0.174970549511468,1,Brysbaert2014a,2.08,NA,extended,FALSE,
gruwen,0.174970549511468,1,Brysbaert2014a,2.08,NA,extended,FALSE,
inclusie,0.174970549511468,1,Brysbaert2014a,2.08,NA,extended,FALSE,
inleg,0.174970549511468,1,Brysbaert2014a,2.08,NA,extended,FALSE,
interferentie,0.174970549511468,1,Brysbaert2014a,2.08,NA,extended,FALSE,
judas,0.174970549511468,1,Brysbaert2014a,2.08,NA,extended,FALSE,
kafkaiaans,0.174970549511468,1,Brysbaert2014a,2.08,NA,extended,FALSE,
kleinkunst,0.174970549511468,1,Brysbaert2014a,2.08,NA,extended,FALSE,
lariekoek,0.174970549511468,1,Brysbaert2014a,2.08,NA,extended,FALSE,
leep,0.174970549511468,1,Brysbaert2014a,2.08,NA,extended,FALSE,
masochist,0.174970549511468,1,Brysbaert2014a,2.08,NA,extended,FALSE,
matinee,0.174970549511468,1,Brysbaert2014a,2.08,NA,extended,FALSE,
onding,0.174970549511468,1,Brysbaert2014a,2.08,NA,extended,FALSE,
overpeinzing,0.174970549511468,1,Brysbaert2014a,2.08,NA,extended,FALSE,
picturaal,0.174970549511468,1,Brysbaert2014a,2.08,NA,extended,FALSE,
polemiek,0.174970549511468,1,Brysbaert2014a,2.08,NA,extended,FALSE,
presto,0.174970549511468,1,Brysbaert2014a,2.08,NA,extended,FALSE,
professie,0.174970549511468,1,Brysbaert2014a,2.08,NA,extended,FALSE,
relaas,0.174970549511468,1,Brysbaert2014a,2.08,NA,extended,FALSE,
retributie,0.174970549511468,1,Brysbaert2014a,2.08,NA,extended,FALSE,
schering,0.174970549511468,1,Brysbaert2014a,2.08,NA,extended,FALSE,
tegengas,0.174970549511468,1,Brysbaert2014a,2.08,NA,extended,FALSE,
tering,0.174970549511468,1,Brysbaert2014a,2.08,NA,extended,FALSE,
triangulatie,0.174970549511468,1,Brysbaert2014a,2.08,NA,extended,FALSE,
vakbeweging,0.174970549511468,1,Brysbaert2014a,2.08,NA,extended,FALSE,
weetal,0.174970549511468,1,Brysbaert2014a,2.08,NA,extended,FALSE,
kwelling,0.174911313234725,2,Brysbaert2014a;Jasmin2012,3.45,NA,extended,FALSE,
ongemak,0.166916589113093,2,Brysbaert2014a;Jasmin2012,3.665,NA,extended,FALSE,
vreugdevol,0.166916589113093,2,Brysbaert2014a;Jasmin2012,3.665,NA,extended,FALSE,
somberheid,0.166368156812954,2,Brysbaert2014a;Jasmin2012,3.75,NA,extended,FALSE,
aanbidding,0.166204698219112,1,Brysbaert2014a,2.07,NA,extended,FALSE,
aanhang,0.166204698219112,1,Brysbaert2014a,2.07,NA,extended,FALSE,
aanschaf,0.166204698219112,1,Brysbaert2014a,2.07,NA,extended,FALSE,
aansporing,0.166204698219112,1,Brysbaert2014a,2.07,NA,extended,FALSE,
aards,0.166204698219112,1,Brysbaert2014a,2.07,NA,extended,FALSE,
afleiding,0.166204698219112,1,Brysbaert2014a,2.07,NA,extended,FALSE,
afwijzing,0.166204698219112,1,Brysbaert2014a,2.07,NA,extended,FALSE,
afzet,0.166204698219112,1,Brysbaert2014a,2.07,NA,extended,FALSE,
agressor,0.166204698219112,1,Brysbaert2014a,2.07,NA,extended,FALSE,
analoog,0.166204698219112,1,Brysbaert2014a,2.07,NA,extended,FALSE,
antagonist,0.166204698219112,1,Brysbaert2014a,2.07,NA,extended,FALSE,
arbeidsmarkt,0.166204698219112,1,Brysbaert2014a,2.07,NA,extended,FALSE,
artistiek,0.166204698219112,1,Brysbaert2014a,2.07,NA,extended,FALSE,
bangmakerij,0.166204698219112,1,Brysbaert2014a,2.07,NA,extended,FALSE,
basis,0.166204698219112,1,Brysbaert2014a,2.07,NA,extended,FALSE,
benaming,0.166204698219112,1,Brysbaert2014a,2.07,NA,extended,FALSE,
beperking,0.166204698219112,1,Brysbaert2014a,2.07,NA,extended,FALSE,
beschaving,0.166204698219112,1,Brysbaert2014a,2.07,NA,extended,FALSE,
bespiegeling,0.166204698219112,1,Brysbaert2014a,2.07,NA,extended,FALSE,
bestemming,0.166204698219112,1,Brysbaert2014a,2.07,NA,extended,FALSE,
bestseller,0.166204698219112,1,Brysbaert2014a,2.07,NA,extended,FALSE,
betovering,0.166204698219112,1,Brysbaert2014a,2.07,NA,extended,FALSE,
bezieler,0.166204698219112,1,Brysbaert2014a,2.07,NA,extended,FALSE,
bezwaar,0.166204698219112,1,Brysbaert2014a,2.07,NA,extended,FALSE,
bijzaak,0.166204698219112,1,Brysbaert2014a,2.07,NA,extended,FALSE,
bloedmooi,0.166204698219112,1,Brysbaert2014a,2.07,NA,extended,FALSE,
boetedoening,0.166204698219112,1,Brysbaert2014a,2.07,NA,extended,FALSE,
buitenbeentje,0.166204698219112,1,Brysbaert2014a,2.07,NA,extended,FALSE,
buitenwereld,0.166204698219112,1,Brysbaert2014a,2.07,NA,extended,FALSE,
carrière,0.166204698219112,1,Brysbaert2014a,2.07,NA,extended,FALSE,
christen,0.166204698219112,1,Brysbaert2014a,2.07,NA,extended,FALSE,
concluderen,0.166204698219112,1,Brysbaert2014a,2.07,NA,extended,FALSE,
concurrentie,0.166204698219112,1,Brysbaert2014a,2.07,NA,extended,FALSE,
dagjesmensen,0.166204698219112,1,Brysbaert2014a,2.07,NA,extended,FALSE,
decennium,0.166204698219112,1,Brysbaert2014a,2.07,NA,extended,FALSE,
declaratie,0.166204698219112,1,Brysbaert2014a,2.07,NA,extended,FALSE,
deelname,0.166204698219112,1,Brysbaert2014a,2.07,NA,extended,FALSE,
degeneratie,0.166204698219112,1,Brysbaert2014a,2.07,NA,extended,FALSE,
deliberatie,0.166204698219112,1,Brysbaert2014a,2.07,NA,extended,FALSE,
dermatologie,0.166204698219112,1,Brysbaert2014a,2.07,NA,extended,FALSE,
diensttijd,0.166204698219112,1,Brysbaert2014a,2.07,NA,extended,FALSE,
diversiteit,0.166204698219112,1,Brysbaert2014a,2.07,NA,extended,FALSE,
dolleman,0.166204698219112,1,Brysbaert2014a,2.07,NA,extended,FALSE,
domkop,0.166204698219112,1,Brysbaert2014a,2.07,NA,extended,FALSE,
domoor,0.166204698219112,1,Brysbaert2014a,2.07,NA,extended,FALSE,
dooddoener,0.166204698219112,1,Brysbaert2014a,2.07,NA,extended,FALSE,
doodsvonnis,0.166204698219112,1,Brysbaert2014a,2.07,NA,extended,FALSE,
droefenis,0.166204698219112,1,Brysbaert2014a,2.07,NA,extended,FALSE,
droefheid,0.166204698219112,1,Brysbaert2014a,2.07,NA,extended,FALSE,
dwang,0.166204698219112,1,Brysbaert2014a,2.07,NA,extended,FALSE,
editie,0.166204698219112,1,Brysbaert2014a,2.07,NA,extended,FALSE,
educatie,0.166204698219112,1,Brysbaert2014a,2.07,NA,extended,FALSE,
effect,0.166204698219112,1,Brysbaert2014a,2.07,NA,extended,FALSE,
eigenschap,0.166204698219112,1,Brysbaert2014a,2.07,NA,extended,FALSE,
exclusie,0.166204698219112,1,Brysbaert2014a,2.07,NA,extended,FALSE,
excuses,0.166204698219112,1,Brysbaert2014a,2.07,NA,extended,FALSE,
expressie,0.166204698219112,1,Brysbaert2014a,2.07,NA,extended,FALSE,
faam,0.166204698219112,1,Brysbaert2014a,2.07,NA,extended,FALSE,
fiasco,0.166204698219112,1,Brysbaert2014a,2.07,NA,extended,FALSE,
financiering,0.166204698219112,1,Brysbaert2014a,2.07,NA,extended,FALSE,
finesse,0.166204698219112,1,Brysbaert2014a,2.07,NA,extended,FALSE,
flauwiteit,0.166204698219112,1,Brysbaert2014a,2.07,NA,extended,FALSE,
geboortegolf,0.166204698219112,1,Brysbaert2014a,2.07,NA,extended,FALSE,
gehalte,0.166204698219112,1,Brysbaert2014a,2.07,NA,extended,FALSE,
gelegenheid,0.166204698219112,1,Brysbaert2014a,2.07,NA,extended,FALSE,
gelofte,0.166204698219112,1,Brysbaert2014a,2.07,NA,extended,FALSE,
gelukzak,0.166204698219112,1,Brysbaert2014a,2.07,NA,extended,FALSE,
generatie,0.166204698219112,1,Brysbaert2014a,2.07,NA,extended,FALSE,
gewenning,0.166204698219112,1,Brysbaert2014a,2.07,NA,extended,FALSE,
gewirwar,0.166204698219112,1,Brysbaert2014a,2.07,NA,extended,FALSE,
gezeik,0.166204698219112,1,Brysbaert2014a,2.07,NA,extended,FALSE,
gezichtsverlies,0.166204698219112,1,Brysbaert2014a,2.07,NA,extended,FALSE,
glansrol,0.166204698219112,1,Brysbaert2014a,2.07,NA,extended,FALSE,
grondslag,0.166204698219112,1,Brysbaert2014a,2.07,NA,extended,FALSE,
haarfijn,0.166204698219112,1,Brysbaert2014a,2.07,NA,extended,FALSE,
harmonisatie,0.166204698219112,1,Brysbaert2014a,2.07,NA,extended,FALSE,
hechtenis,0.166204698219112,1,Brysbaert2014a,2.07,NA,extended,FALSE,
herscholing,0.166204698219112,1,Brysbaert2014a,2.07,NA,extended,FALSE,
hondenwerk,0.166204698219112,1,Brysbaert2014a,2.07,NA,extended,FALSE,
hoogseizoen,0.166204698219112,1,Brysbaert2014a,2.07,NA,extended,FALSE,
humeur,0.166204698219112,1,Brysbaert2014a,2.07,NA,extended,FALSE,
hypocrisie,0.166204698219112,1,Brysbaert2014a,2.07,NA,extended,FALSE,
indeling,0.166204698219112,1,Brysbaert2014a,2.07,NA,extended,FALSE,
indigestie,0.166204698219112,1,Brysbaert2014a,2.07,NA,extended,FALSE,
infiltratie,0.166204698219112,1,Brysbaert2014a,2.07,NA,extended,FALSE,
inning,0.166204698219112,1,Brysbaert2014a,2.07,NA,extended,FALSE,
interruptie,0.166204698219112,1,Brysbaert2014a,2.07,NA,extended,FALSE,
intimidatie,0.166204698219112,1,Brysbaert2014a,2.07,NA,extended,FALSE,
inzet,0.166204698219112,1,Brysbaert2014a,2.07,NA,extended,FALSE,
inzinking,0.166204698219112,1,Brysbaert2014a,2.07,NA,extended,FALSE,
jaar,0.166204698219112,1,Brysbaert2014a,2.07,NA,extended,FALSE,
jargon,0.166204698219112,1,Brysbaert2014a,2.07,NA,extended,FALSE,
jawoord,0.166204698219112,1,Brysbaert2014a,2.07,NA,extended,FALSE,
jongerenwerk,0.166204698219112,1,Brysbaert2014a,2.07,NA,extended,FALSE,
kalverliefde,0.166204698219112,1,Brysbaert2014a,2.07,NA,extended,FALSE,
kansarm,0.166204698219112,1,Brysbaert2014a,2.07,NA,extended,FALSE,
kansarmoede,0.166204698219112,1,Brysbaert2014a,2.07,NA,extended,FALSE,
kletskoek,0.166204698219112,1,Brysbaert2014a,2.07,NA,extended,FALSE,
knettergek,0.166204698219112,1,Brysbaert2014a,2.07,NA,extended,FALSE,
levensles,0.166204698219112,1,Brysbaert2014a,2.07,NA,extended,FALSE,
loyalist,0.166204698219112,1,Brysbaert2014a,2.07,NA,extended,FALSE,
luiheid,0.166204698219112,1,Brysbaert2014a,2.07,NA,extended,FALSE,
manieren,0.166204698219112,1,Brysbaert2014a,2.07,NA,extended,FALSE,
manipulatie,0.166204698219112,1,Brysbaert2014a,2.07,NA,extended,FALSE,
massamedia,0.166204698219112,1,Brysbaert2014a,2.07,NA,extended,FALSE,
materniteit,0.166204698219112,1,Brysbaert2014a,2.07,NA,extended,FALSE,
matigen,0.166204698219112,1,Brysbaert2014a,2.07,NA,extended,FALSE,
maturiteit,0.166204698219112,1,Brysbaert2014a,2.07,NA,extended,FALSE,
meningsverschil,0.166204698219112,1,Brysbaert2014a,2.07,NA,extended,FALSE,
meteorologie,0.166204698219112,1,Brysbaert2014a,2.07,NA,extended,FALSE,
milliseconde,0.166204698219112,1,Brysbaert2014a,2.07,NA,extended,FALSE,
minimum,0.166204698219112,1,Brysbaert2014a,2.07,NA,extended,FALSE,
monnikenwerk,0.166204698219112,1,Brysbaert2014a,2.07,NA,extended,FALSE,
nalatenschap,0.166204698219112,1,Brysbaert2014a,2.07,NA,extended,FALSE,
navorming,0.166204698219112,1,Brysbaert2014a,2.07,NA,extended,FALSE,
neergang,0.166204698219112,1,Brysbaert2014a,2.07,NA,extended,FALSE,
niveau,0.166204698219112,1,Brysbaert2014a,2.07,NA,extended,FALSE,
notificatie,0.166204698219112,1,Brysbaert2014a,2.07,NA,extended,FALSE,
ommegang,0.166204698219112,1,Brysbaert2014a,2.07,NA,extended,FALSE,
opdoffer,0.166204698219112,1,Brysbaert2014a,2.07,NA,extended,FALSE,
opperbevel,0.166204698219112,1,Brysbaert2014a,2.07,NA,extended,FALSE,
opsteker,0.166204698219112,1,Brysbaert2014a,2.07,NA,extended,FALSE,
opzeg,0.166204698219112,1,Brysbaert2014a,2.07,NA,extended,FALSE,
opzegtermijn,0.166204698219112,1,Brysbaert2014a,2.07,NA,extended,FALSE,
orde,0.166204698219112,1,Brysbaert2014a,2.07,NA,extended,FALSE,
oriëntatie,0.166204698219112,1,Brysbaert2014a,2.07,NA,extended,FALSE,
overhalen,0.166204698219112,1,Brysbaert2014a,2.07,NA,extended,FALSE,
parafrase,0.166204698219112,1,Brysbaert2014a,2.07,NA,extended,FALSE,
parodie,0.166204698219112,1,Brysbaert2014a,2.07,NA,extended,FALSE,
participatie,0.166204698219112,1,Brysbaert2014a,2.07,NA,extended,FALSE,
partnerschap,0.166204698219112,1,Brysbaert2014a,2.07,NA,extended,FALSE,
passiviteit,0.166204698219112,1,Brysbaert2014a,2.07,NA,extended,FALSE,
percent,0.166204698219112,1,Brysbaert2014a,2.07,NA,extended,FALSE,
periode,0.166204698219112,1,Brysbaert2014a,2.07,NA,extended,FALSE,
poeslief,0.166204698219112,1,Brysbaert2014a,2.07,NA,extended,FALSE,
pompaf,0.166204698219112,1,Brysbaert2014a,2.07,NA,extended,FALSE,
pover,0.166204698219112,1,Brysbaert2014a,2.07,NA,extended,FALSE,
preuts,0.166204698219112,1,Brysbaert2014a,2.07,NA,extended,FALSE,
proloog,0.166204698219112,1,Brysbaert2014a,2.07,NA,extended,FALSE,
protocol,0.166204698219112,1,Brysbaert2014a,2.07,NA,extended,FALSE,
racist,0.166204698219112,1,Brysbaert2014a,2.07,NA,extended,FALSE,
reductie,0.166204698219112,1,Brysbaert2014a,2.07,NA,extended,FALSE,
regulering,0.166204698219112,1,Brysbaert2014a,2.07,NA,extended,FALSE,
remming,0.166204698219112,1,Brysbaert2014a,2.07,NA,extended,FALSE,
republikein,0.166204698219112,1,Brysbaert2014a,2.07,NA,extended,FALSE,
resultaat,0.166204698219112,1,Brysbaert2014a,2.07,NA,extended,FALSE,
richtprijs,0.166204698219112,1,Brysbaert2014a,2.07,NA,extended,FALSE,
romance,0.166204698219112,1,Brysbaert2014a,2.07,NA,extended,FALSE,
rompslomp,0.166204698219112,1,Brysbaert2014a,2.07,NA,extended,FALSE,
rotfilm,0.166204698219112,1,Brysbaert2014a,2.07,NA,extended,FALSE,
rotzorg,0.166204698219112,1,Brysbaert2014a,2.07,NA,extended,FALSE,
rustiek,0.166204698219112,1,Brysbaert2014a,2.07,NA,extended,FALSE,
schamel,0.166204698219112,1,Brysbaert2014a,2.07,NA,extended,FALSE,
seminarie,0.166204698219112,1,Brysbaert2014a,2.07,NA,extended,FALSE,
sensationeel,0.166204698219112,1,Brysbaert2014a,2.07,NA,extended,FALSE,
separatie,0.166204698219112,1,Brysbaert2014a,2.07,NA,extended,FALSE,
shit,0.166204698219112,1,Brysbaert2014a,2.07,NA,extended,FALSE,
sleur,0.166204698219112,1,Brysbaert2014a,2.07,NA,extended,FALSE,
slijmbal,0.166204698219112,1,Brysbaert2014a,2.07,NA,extended,FALSE,
snotaap,0.166204698219112,1,Brysbaert2014a,2.07,NA,extended,FALSE,
spaarzaam,0.166204698219112,1,Brysbaert2014a,2.07,NA,extended,FALSE,
specialiteit,0.166204698219112,1,Brysbaert2014a,2.07,NA,extended,FALSE,
spelling,0.166204698219112,1,Brysbaert2014a,2.07,NA,extended,FALSE,
spelregel,0.166204698219112,1,Brysbaert2014a,2.07,NA,extended,FALSE,
sportiviteit,0.166204698219112,1,Brysbaert2014a,2.07,NA,extended,FALSE,
spraakkunst,0.166204698219112,1,Brysbaert2014a,2.07,NA,extended,FALSE,
sprankel,0.166204698219112,1,Brysbaert2014a,2.07,NA,extended,FALSE,
staatsgeheim,0.166204698219112,1,Brysbaert2014a,2.07,NA,extended,FALSE,
steengoed,0.166204698219112,1,Brysbaert2014a,2.07,NA,extended,FALSE,
tactvol,0.166204698219112,1,Brysbaert2014a,2.07,NA,extended,FALSE,
tarten,0.166204698219112,1,Brysbaert2014a,2.07,NA,extended,FALSE,
tegenspraak,0.166204698219112,1,Brysbaert2014a,2.07,NA,extended,FALSE,
tekort,0.166204698219112,1,Brysbaert2014a,2.07,NA,extended,FALSE,
tijdsduur,0.166204698219112,1,Brysbaert2014a,2.07,NA,extended,FALSE,
traagheid,0.166204698219112,1,Brysbaert2014a,2.07,NA,extended,FALSE,
trefwoord,0.166204698219112,1,Brysbaert2014a,2.07,NA,extended,FALSE,
troetelnaam,0.166204698219112,1,Brysbaert2014a,2.07,NA,extended,FALSE,
tweestrijd,0.166204698219112,1,Brysbaert2014a,2.07,NA,extended,FALSE,
uitbating,0.166204698219112,1,Brysbaert2014a,2.07,NA,extended,FALSE,
uitlokking,0.166204698219112,1,Brysbaert2014a,2.07,NA,extended,FALSE,
unie,0.166204698219112,1,Brysbaert2014a,2.07,NA,extended,FALSE,
uniformiteit,0.166204698219112,1,Brysbaert2014a,2.07,NA,extended,FALSE,
universum,0.166204698219112,1,Brysbaert2014a,2.07,NA,extended,FALSE,
variatie,0.166204698219112,1,Brysbaert2014a,2.07,NA,extended,FALSE,
verbittering,0.166204698219112,1,Brysbaert2014a,2.07,NA,extended,FALSE,
verleiding,0.166204698219112,1,Brysbaert2014a,2.07,NA,extended,FALSE,
veronderstelling,0.166204698219112,1,Brysbaert2014a,2.07,NA,extended,FALSE,
veroordeling,0.166204698219112,1,Brysbaert2014a,2.07,NA,extended,FALSE,
verplichting,0.166204698219112,1,Brysbaert2014a,2.07,NA,extended,FALSE,
verstek,0.166204698219112,1,Brysbaert2014a,2.07,NA,extended,FALSE,
vervolging,0.166204698219112,1,Brysbaert2014a,2.07,NA,extended,FALSE,
verwarring,0.166204698219112,1,Brysbaert2014a,2.07,NA,extended,FALSE,
vlegel,0.166204698219112,1,Brysbaert2014a,2.07,NA,extended,FALSE,
voorkeur,0.166204698219112,1,Brysbaert2014a,2.07,NA,extended,FALSE,
vrijwaren,0.166204698219112,1,Brysbaert2014a,2.07,NA,extended,FALSE,
waakzaamheid,0.166204698219112,1,Brysbaert2014a,2.07,NA,extended,FALSE,
waanzin,0.166204698219112,1,Brysbaert2014a,2.07,NA,extended,FALSE,
wanbetaling,0.166204698219112,1,Brysbaert2014a,2.07,NA,extended,FALSE,
weemoed,0.166204698219112,1,Brysbaert2014a,2.07,NA,extended,FALSE,
weerslag,0.166204698219112,1,Brysbaert2014a,2.07,NA,extended,FALSE,
wereldklasse,0.166204698219112,1,Brysbaert2014a,2.07,NA,extended,FALSE,
wereldmacht,0.166204698219112,1,Brysbaert2014a,2.07,NA,extended,FALSE,
wetsvoorstel,0.166204698219112,1,Brysbaert2014a,2.07,NA,extended,FALSE,
woekerprijs,0.166204698219112,1,Brysbaert2014a,2.07,NA,extended,FALSE,
wraakgevoel,0.166204698219112,1,Brysbaert2014a,2.07,NA,extended,FALSE,
zakenrelatie,0.166204698219112,1,Brysbaert2014a,2.07,NA,extended,FALSE,
zinsbouw,0.166204698219112,1,Brysbaert2014a,2.07,NA,extended,FALSE,
zottebol,0.166204698219112,1,Brysbaert2014a,2.07,NA,extended,FALSE,
leven,0.162851453052208,2,Brysbaert2014a;Jasmin2012,3.68,NA,extended,FALSE,
liefde,0.160393799538975,2,Brysbaert2014a;Jasmin2012,3.79,NA,extended,FALSE,
bourgeoisie,0.158686161735153,1,Brysbaert2014a,2.01,NA,extended,FALSE,
inbeelden,0.158279083087012,2,Brysbaert2014a;Jasmin2012,3.8,NA,extended,FALSE,
vooruitgang,0.157082591017098,2,Brysbaert2014a;Jasmin2012,3.715,NA,extended,FALSE,
vergissing,0.15699016628132,2,Brysbaert2014a;Jasmin2012,3.27,NA,extended,FALSE,
opwinding,0.154819814919544,2,Brysbaert2014a;Jasmin2012,3.565,NA,extended,FALSE,
identiteit,0.154786936923176,2,Brysbaert2014a;Jasmin2012,3.62,NA,extended,FALSE,
tragedie,0.152957908216804,2,Brysbaert2014a;Jasmin2012,3.2,NA,extended,FALSE,
tijd,0.152410407304665,2,Brysbaert2014a;Jasmin2012,3.765,NA,extended,FALSE,
wijs,0.151679267725369,2,Brysbaert2014a;Jasmin2012,3.8,NA,extended,FALSE,
minachtend,0.151558652979485,2,Brysbaert2014a;Jasmin2012,3.755,NA,extended,FALSE,
triomf,0.151166352354263,2,Brysbaert2014a;Jasmin2012,3.31,NA,extended,FALSE,
perfectie,0.150192958756401,2,Brysbaert2014a;Jasmin2012,3.735,NA,extended,FALSE,
roddel,0.149269115000091,2,Brysbaert2014a;Jasmin2012,3.25,NA,extended,FALSE,
verrukking,0.147998981185714,2,Brysbaert2014a;Jasmin2012,3.6,NA,extended,FALSE,
aanbetaling,0.147252442658166,1,Brysbaert2014a,2,NA,extended,FALSE,
aandachtspunt,0.147252442658166,1,Brysbaert2014a,2,NA,extended,FALSE,
aangelegenheid,0.147252442658166,1,Brysbaert2014a,2,NA,extended,FALSE,
aanstellerij,0.147252442658166,1,Brysbaert2014a,2,NA,extended,FALSE,
aardrijk,0.147252442658166,1,Brysbaert2014a,2,NA,extended,FALSE,
aardstralen,0.147252442658166,1,Brysbaert2014a,2,NA,extended,FALSE,
accuratesse,0.147252442658166,1,Brysbaert2014a,2,NA,extended,FALSE,
activatie,0.147252442658166,1,Brysbaert2014a,2,NA,extended,FALSE,
adagium,0.147252442658166,1,Brysbaert2014a,2,NA,extended,FALSE,
adelstand,0.147252442658166,1,Brysbaert2014a,2,NA,extended,FALSE,
agnost,0.147252442658166,1,Brysbaert2014a,2,NA,extended,FALSE,
alternatief,0.147252442658166,1,Brysbaert2014a,2,NA,extended,FALSE,
ambtstermijn,0.147252442658166,1,Brysbaert2014a,2,NA,extended,FALSE,
amusement,0.147252442658166,1,Brysbaert2014a,2,NA,extended,FALSE,
analyse,0.147252442658166,1,Brysbaert2014a,2,NA,extended,FALSE,
andragogie,0.147252442658166,1,Brysbaert2014a,2,NA,extended,FALSE,
antipathiek,0.147252442658166,1,Brysbaert2014a,2,NA,extended,FALSE,
autorisatie,0.147252442658166,1,Brysbaert2014a,2,NA,extended,FALSE,
autoriteit,0.147252442658166,1,Brysbaert2014a,2,NA,extended,FALSE,
bah,0.147252442658166,1,Brysbaert2014a,2,NA,extended,FALSE,
baker,0.147252442658166,1,Brysbaert2014a,2,NA,extended,FALSE,
balling,0.147252442658166,1,Brysbaert2014a,2,NA,extended,FALSE,
bekoring,0.147252442658166,1,Brysbaert2014a,2,NA,extended,FALSE,
beletsel,0.147252442658166,1,Brysbaert2014a,2,NA,extended,FALSE,
beoordeling,0.147252442658166,1,Brysbaert2014a,2,NA,extended,FALSE,
beschikking,0.147252442658166,1,Brysbaert2014a,2,NA,extended,FALSE,
bestel,0.147252442658166,1,Brysbaert2014a,2,NA,extended,FALSE,
bevlieging,0.147252442658166,1,Brysbaert2014a,2,NA,extended,FALSE,
bevlogenheid,0.147252442658166,1,Brysbaert2014a,2,NA,extended,FALSE,
bevrijding,0.147252442658166,1,Brysbaert2014a,2,NA,extended,FALSE,
bewoording,0.147252442658166,1,Brysbaert2014a,2,NA,extended,FALSE,
bezwering,0.147252442658166,1,Brysbaert2014a,2,NA,extended,FALSE,
bijdrage,0.147252442658166,1,Brysbaert2014a,2,NA,extended,FALSE,
blijver,0.147252442658166,1,Brysbaert2014a,2,NA,extended,FALSE,
boeteling,0.147252442658166,1,Brysbaert2014a,2,NA,extended,FALSE,
booswicht,0.147252442658166,1,Brysbaert2014a,2,NA,extended,FALSE,
botweg,0.147252442658166,1,Brysbaert2014a,2,NA,extended,FALSE,
bourgeois,0.147252442658166,1,Brysbaert2014a,2,NA,extended,FALSE,
boutade,0.147252442658166,1,Brysbaert2014a,2,NA,extended,FALSE,
buikgevoel,0.147252442658166,1,Brysbaert2014a,2,NA,extended,FALSE,
business,0.147252442658166,1,Brysbaert2014a,2,NA,extended,FALSE,
capabel,0.147252442658166,1,Brysbaert2014a,2,NA,extended,FALSE,
categorie,0.147252442658166,1,Brysbaert2014a,2,NA,extended,FALSE,
censuur,0.147252442658166,1,Brysbaert2014a,2,NA,extended,FALSE,
centaurus,0.147252442658166,1,Brysbaert2014a,2,NA,extended,FALSE,
cinefiel,0.147252442658166,1,Brysbaert2014a,2,NA,extended,FALSE,
claustrofobie,0.147252442658166,1,Brysbaert2014a,2,NA,extended,FALSE,
coalitie,0.147252442658166,1,Brysbaert2014a,2,NA,extended,FALSE,
cohesie,0.147252442658166,1,Brysbaert2014a,2,NA,extended,FALSE,
compassie,0.147252442658166,1,Brysbaert2014a,2,NA,extended,FALSE,
complement,0.147252442658166,1,Brysbaert2014a,2,NA,extended,FALSE,
condoleance,0.147252442658166,1,Brysbaert2014a,2,NA,extended,FALSE,
confederatie,0.147252442658166,1,Brysbaert2014a,2,NA,extended,FALSE,
contaminatie,0.147252442658166,1,Brysbaert2014a,2,NA,extended,FALSE,
convocatie,0.147252442658166,1,Brysbaert2014a,2,NA,extended,FALSE,
credo,0.147252442658166,1,Brysbaert2014a,2,NA,extended,FALSE,
curiosum,0.147252442658166,1,Brysbaert2014a,2,NA,extended,FALSE,
cynicus,0.147252442658166,1,Brysbaert2014a,2,NA,extended,FALSE,
dapper,0.147252442658166,1,Brysbaert2014a,2,NA,extended,FALSE,
devaluatie,0.147252442658166,1,Brysbaert2014a,2,NA,extended,FALSE,
devies,0.147252442658166,1,Brysbaert2014a,2,NA,extended,FALSE,
dichtkunst,0.147252442658166,1,Brysbaert2014a,2,NA,extended,FALSE,
dienstbetoon,0.147252442658166,1,Brysbaert2014a,2,NA,extended,FALSE,
dignitaris,0.147252442658166,1,Brysbaert2014a,2,NA,extended,FALSE,
disponibel,0.147252442658166,1,Brysbaert2014a,2,NA,extended,FALSE,
dissonantie,0.147252442658166,1,Brysbaert2014a,2,NA,extended,FALSE,
dociel,0.147252442658166,1,Brysbaert2014a,2,NA,extended,FALSE,
doetje,0.147252442658166,1,Brysbaert2014a,2,NA,extended,FALSE,
doodleuk,0.147252442658166,1,Brysbaert2014a,2,NA,extended,FALSE,
down,0.147252442658166,1,Brysbaert2014a,2,NA,extended,FALSE,
dramatiek,0.147252442658166,1,Brysbaert2014a,2,NA,extended,FALSE,
dwingeland,0.147252442658166,1,Brysbaert2014a,2,NA,extended,FALSE,
emotioneel,0.147252442658166,1,Brysbaert2014a,2,NA,extended,FALSE,
encycliek,0.147252442658166,1,Brysbaert2014a,2,NA,extended,FALSE,
enscenering,0.147252442658166,1,Brysbaert2014a,2,NA,extended,FALSE,
erecode,0.147252442658166,1,Brysbaert2014a,2,NA,extended,FALSE,
ergernis,0.147252442658166,1,Brysbaert2014a,2,NA,extended,FALSE,
ervaring,0.147252442658166,1,Brysbaert2014a,2,NA,extended,FALSE,
evenaren,0.147252442658166,1,Brysbaert2014a,2,NA,extended,FALSE,
extrapolatie,0.147252442658166,1,Brysbaert2014a,2,NA,extended,FALSE,
facet,0.147252442658166,1,Brysbaert2014a,2,NA,extended,FALSE,
feeëriek,0.147252442658166,1,Brysbaert2014a,2,NA,extended,FALSE,
financiën,0.147252442658166,1,Brysbaert2014a,2,NA,extended,FALSE,
floppen,0.147252442658166,1,Brysbaert2014a,2,NA,extended,FALSE,
fust,0.147252442658166,1,Brysbaert2014a,2,NA,extended,FALSE,
gamma,0.147252442658166,1,Brysbaert2014a,2,NA,extended,FALSE,
gastvrijheid,0.147252442658166,1,Brysbaert2014a,2,NA,extended,FALSE,
geestigheid,0.147252442658166,1,Brysbaert2014a,2,NA,extended,FALSE,
gehakketak,0.147252442658166,1,Brysbaert2014a,2,NA,extended,FALSE,
gelazer,0.147252442658166,1,Brysbaert2014a,2,NA,extended,FALSE,
geldprobleem,0.147252442658166,1,Brysbaert2014a,2,NA,extended,FALSE,
gelul,0.147252442658166,1,Brysbaert2014a,2,NA,extended,FALSE,
geneuzel,0.147252442658166,1,Brysbaert2014a,2,NA,extended,FALSE,
gevlei,0.147252442658166,1,Brysbaert2014a,2,NA,extended,FALSE,
goedemorgen,0.147252442658166,1,Brysbaert2014a,2,NA,extended,FALSE,
guur,0.147252442658166,1,Brysbaert2014a,2,NA,extended,FALSE,
halfbloed,0.147252442658166,1,Brysbaert2014a,2,NA,extended,FALSE,
hecht,0.147252442658166,1,Brysbaert2014a,2,NA,extended,FALSE,
heffing,0.147252442658166,1,Brysbaert2014a,2,NA,extended,FALSE,
heikneuter,0.147252442658166,1,Brysbaert2014a,2,NA,extended,FALSE,
hereniging,0.147252442658166,1,Brysbaert2014a,2,NA,extended,FALSE,
heroverwegen,0.147252442658166,1,Brysbaert2014a,2,NA,extended,FALSE,
hoera,0.147252442658166,1,Brysbaert2014a,2,NA,extended,FALSE,
holding,0.147252442658166,1,Brysbaert2014a,2,NA,extended,FALSE,
homoloog,0.147252442658166,1,Brysbaert2014a,2,NA,extended,FALSE,
hondenstiel,0.147252442658166,1,Brysbaert2014a,2,NA,extended,FALSE,
hup,0.147252442658166,1,Brysbaert2014a,2,NA,extended,FALSE,
impuls,0.147252442658166,1,Brysbaert2014a,2,NA,extended,FALSE,
inborst,0.147252442658166,1,Brysbaert2014a,2,NA,extended,FALSE,
inbreng,0.147252442658166,1,Brysbaert2014a,2,NA,extended,FALSE,
inductie,0.147252442658166,1,Brysbaert2014a,2,NA,extended,FALSE,
infaam,0.147252442658166,1,Brysbaert2014a,2,NA,extended,FALSE,
infertiliteit,0.147252442658166,1,Brysbaert2014a,2,NA,extended,FALSE,
initiatie,0.147252442658166,1,Brysbaert2014a,2,NA,extended,FALSE,
inluizen,0.147252442658166,1,Brysbaert2014a,2,NA,extended,FALSE,
inmenging,0.147252442658166,1,Brysbaert2014a,2,NA,extended,FALSE,
inschatting,0.147252442658166,1,Brysbaert2014a,2,NA,extended,FALSE,
inventarisatie,0.147252442658166,1,Brysbaert2014a,2,NA,extended,FALSE,
inzage,0.147252442658166,1,Brysbaert2014a,2,NA,extended,FALSE,
iteratie,0.147252442658166,1,Brysbaert2014a,2,NA,extended,FALSE,
jaargang,0.147252442658166,1,Brysbaert2014a,2,NA,extended,FALSE,
jaargetijde,0.147252442658166,1,Brysbaert2014a,2,NA,extended,FALSE,
jaloers,0.147252442658166,1,Brysbaert2014a,2,NA,extended,FALSE,
jaloersheid,0.147252442658166,1,Brysbaert2014a,2,NA,extended,FALSE,
jijen,0.147252442658166,1,Brysbaert2014a,2,NA,extended,FALSE,
junior,0.147252442658166,1,Brysbaert2014a,2,NA,extended,FALSE,
juxtapositie,0.147252442658166,1,Brysbaert2014a,2,NA,extended,FALSE,
kapitaal,0.147252442658166,1,Brysbaert2014a,2,NA,extended,FALSE,
kapitalist,0.147252442658166,1,Brysbaert2014a,2,NA,extended,FALSE,
karaktertrek,0.147252442658166,1,Brysbaert2014a,2,NA,extended,FALSE,
kastaar,0.147252442658166,1,Brysbaert2014a,2,NA,extended,FALSE,
kerstenen,0.147252442658166,1,Brysbaert2014a,2,NA,extended,FALSE,
ketelbink,0.147252442658166,1,Brysbaert2014a,2,NA,extended,FALSE,
keuze,0.147252442658166,1,Brysbaert2014a,2,NA,extended,FALSE,
kiesrecht,0.147252442658166,1,Brysbaert2014a,2,NA,extended,FALSE,
kiften,0.147252442658166,1,Brysbaert2014a,2,NA,extended,FALSE,
kindertijd,0.147252442658166,1,Brysbaert2014a,2,NA,extended,FALSE,
kissebissen,0.147252442658166,1,Brysbaert2014a,2,NA,extended,FALSE,
klasse,0.147252442658166,1,Brysbaert2014a,2,NA,extended,FALSE,
klassieker,0.147252442658166,1,Brysbaert2014a,2,NA,extended,FALSE,
klimaatgebied,0.147252442658166,1,Brysbaert2014a,2,NA,extended,FALSE,
koest,0.147252442658166,1,Brysbaert2014a,2,NA,extended,FALSE,
kolderiek,0.147252442658166,1,Brysbaert2014a,2,NA,extended,FALSE,
koloniaal,0.147252442658166,1,Brysbaert2014a,2,NA,extended,FALSE,
kommaneuker,0.147252442658166,1,Brysbaert2014a,2,NA,extended,FALSE,
komst,0.147252442658166,1,Brysbaert2014a,2,NA,extended,FALSE,
kopschuw,0.147252442658166,1,Brysbaert2014a,2,NA,extended,FALSE,
korting,0.147252442658166,1,Brysbaert2014a,2,NA,extended,FALSE,
kroniek,0.147252442658166,1,Brysbaert2014a,2,NA,extended,FALSE,
kuisheid,0.147252442658166,1,Brysbaert2014a,2,NA,extended,FALSE,
kummel,0.147252442658166,1,Brysbaert2014a,2,NA,extended,FALSE,
kwatong,0.147252442658166,1,Brysbaert2014a,2,NA,extended,FALSE,
leemte,0.147252442658166,1,Brysbaert2014a,2,NA,extended,FALSE,
leergierigheid,0.147252442658166,1,Brysbaert2014a,2,NA,extended,FALSE,
lef,0.147252442658166,1,Brysbaert2014a,2,NA,extended,FALSE,
lethargie,0.147252442658166,1,Brysbaert2014a,2,NA,extended,FALSE,
levenslijn,0.147252442658166,1,Brysbaert2014a,2,NA,extended,FALSE,
litanie,0.147252442658166,1,Brysbaert2014a,2,NA,extended,FALSE,
loeder,0.147252442658166,1,Brysbaert2014a,2,NA,extended,FALSE,
lofrede,0.147252442658166,1,Brysbaert2014a,2,NA,extended,FALSE,
lokaliteit,0.147252442658166,1,Brysbaert2014a,2,NA,extended,FALSE,
lot,0.147252442658166,1,Brysbaert2014a,2,NA,extended,FALSE,
luguber,0.147252442658166,1,Brysbaert2014a,2,NA,extended,FALSE,
maatschappij,0.147252442658166,1,Brysbaert2014a,2,NA,extended,FALSE,
majoraan,0.147252442658166,1,Brysbaert2014a,2,NA,extended,FALSE,
marechaussee,0.147252442658166,1,Brysbaert2014a,2,NA,extended,FALSE,
master,0.147252442658166,1,Brysbaert2014a,2,NA,extended,FALSE,
materie,0.147252442658166,1,Brysbaert2014a,2,NA,extended,FALSE,
meineed,0.147252442658166,1,Brysbaert2014a,2,NA,extended,FALSE,
melomanie,0.147252442658166,1,Brysbaert2014a,2,NA,extended,FALSE,
meug,0.147252442658166,1,Brysbaert2014a,2,NA,extended,FALSE,
minachten,0.147252442658166,1,Brysbaert2014a,2,NA,extended,FALSE,
minkukel,0.147252442658166,1,Brysbaert2014a,2,NA,extended,FALSE,
misstand,0.147252442658166,1,Brysbaert2014a,2,NA,extended,FALSE,
misvatting,0.147252442658166,1,Brysbaert2014a,2,NA,extended,FALSE,
misverstand,0.147252442658166,1,Brysbaert2014a,2,NA,extended,FALSE,
mogelijkheid,0.147252442658166,1,Brysbaert2014a,2,NA,extended,FALSE,
monter,0.147252442658166,1,Brysbaert2014a,2,NA,extended,FALSE,
moraalridder,0.147252442658166,1,Brysbaert2014a,2,NA,extended,FALSE,
myriade,0.147252442658166,1,Brysbaert2014a,2,NA,extended,FALSE,
naasten,0.147252442658166,1,Brysbaert2014a,2,NA,extended,FALSE,
nachtschade,0.147252442658166,1,Brysbaert2014a,2,NA,extended,FALSE,
navraag,0.147252442658166,1,Brysbaert2014a,2,NA,extended,FALSE,
nieuwigheid,0.147252442658166,1,Brysbaert2014a,2,NA,extended,FALSE,
nijverheid,0.147252442658166,1,Brysbaert2014a,2,NA,extended,FALSE,
notie,0.147252442658166,1,Brysbaert2014a,2,NA,extended,FALSE,
object,0.147252442658166,1,Brysbaert2014a,2,NA,extended,FALSE,
oecumene,0.147252442658166,1,Brysbaert2014a,2,NA,extended,FALSE,
oké,0.147252442658166,1,Brysbaert2014a,2,NA,extended,FALSE,
omlooptijd,0.147252442658166,1,Brysbaert2014a,2,NA,extended,FALSE,
ommezwaai,0.147252442658166,1,Brysbaert2014a,2,NA,extended,FALSE,
omschrijving,0.147252442658166,1,Brysbaert2014a,2,NA,extended,FALSE,
oncologie,0.147252442658166,1,Brysbaert2014a,2,NA,extended,FALSE,
onderkruipsel,0.147252442658166,1,Brysbaert2014a,2,NA,extended,FALSE,
ongeduld,0.147252442658166,1,Brysbaert2014a,2,NA,extended,FALSE,
ongestoord,0.147252442658166,1,Brysbaert2014a,2,NA,extended,FALSE,
ontwikkeling,0.147252442658166,1,Brysbaert2014a,2,NA,extended,FALSE,
ontzetting,0.147252442658166,1,Brysbaert2014a,2,NA,extended,FALSE,
ootmoed,0.147252442658166,1,Brysbaert2014a,2,NA,extended,FALSE,
opheffing,0.147252442658166,1,Brysbaert2014a,2,NA,extended,FALSE,
oplichting,0.147252442658166,1,Brysbaert2014a,2,NA,extended,FALSE,
opschik,0.147252442658166,1,Brysbaert2014a,2,NA,extended,FALSE,
opwachting,0.147252442658166,1,Brysbaert2014a,2,NA,extended,FALSE,
opwelling,0.147252442658166,1,Brysbaert2014a,2,NA,extended,FALSE,
opzet,0.147252442658166,1,Brysbaert2014a,2,NA,extended,FALSE,
oratie,0.147252442658166,1,Brysbaert2014a,2,NA,extended,FALSE,
ostracisme,0.147252442658166,1,Brysbaert2014a,2,NA,extended,FALSE,
paf,0.147252442658166,1,Brysbaert2014a,2,NA,extended,FALSE,
parameter,0.147252442658166,1,Brysbaert2014a,2,NA,extended,FALSE,
partitie,0.147252442658166,1,Brysbaert2014a,2,NA,extended,FALSE,
patriarchaat,0.147252442658166,1,Brysbaert2014a,2,NA,extended,FALSE,
peilen,0.147252442658166,1,Brysbaert2014a,2,NA,extended,FALSE,
peppen,0.147252442658166,1,Brysbaert2014a,2,NA,extended,FALSE,
permutatie,0.147252442658166,1,Brysbaert2014a,2,NA,extended,FALSE,
persuasief,0.147252442658166,1,Brysbaert2014a,2,NA,extended,FALSE,
piepjong,0.147252442658166,1,Brysbaert2014a,2,NA,extended,FALSE,
pierlala,0.147252442658166,1,Brysbaert2014a,2,NA,extended,FALSE,
platitude,0.147252442658166,1,Brysbaert2014a,2,NA,extended,FALSE,
pluspunt,0.147252442658166,1,Brysbaert2014a,2,NA,extended,FALSE,
poging,0.147252442658166,1,Brysbaert2014a,2,NA,extended,FALSE,
polymorf,0.147252442658166,1,Brysbaert2014a,2,NA,extended,FALSE,
polynoom,0.147252442658166,1,Brysbaert2014a,2,NA,extended,FALSE,
preambule,0.147252442658166,1,Brysbaert2014a,2,NA,extended,FALSE,
predicaat,0.147252442658166,1,Brysbaert2014a,2,NA,extended,FALSE,
profiler,0.147252442658166,1,Brysbaert2014a,2,NA,extended,FALSE,
proletariaat,0.147252442658166,1,Brysbaert2014a,2,NA,extended,FALSE,
promesse,0.147252442658166,1,Brysbaert2014a,2,NA,extended,FALSE,
promoten,0.147252442658166,1,Brysbaert2014a,2,NA,extended,FALSE,
propaganda,0.147252442658166,1,Brysbaert2014a,2,NA,extended,FALSE,
puberaal,0.147252442658166,1,Brysbaert2014a,2,NA,extended,FALSE,
radiologie,0.147252442658166,1,Brysbaert2014a,2,NA,extended,FALSE,
rancune,0.147252442658166,1,Brysbaert2014a,2,NA,extended,FALSE,
rebels,0.147252442658166,1,Brysbaert2014a,2,NA,extended,FALSE,
reces,0.147252442658166,1,Brysbaert2014a,2,NA,extended,FALSE,
rechten,0.147252442658166,1,Brysbaert2014a,2,NA,extended,FALSE,
rechtsgang,0.147252442658166,1,Brysbaert2014a,2,NA,extended,FALSE,
rederijker,0.147252442658166,1,Brysbaert2014a,2,NA,extended,FALSE,
refractie,0.147252442658166,1,Brysbaert2014a,2,NA,extended,FALSE,
regelmaat,0.147252442658166,1,Brysbaert2014a,2,NA,extended,FALSE,
regularisatie,0.147252442658166,1,Brysbaert2014a,2,NA,extended,FALSE,
reinheid,0.147252442658166,1,Brysbaert2014a,2,NA,extended,FALSE,
remissie,0.147252442658166,1,Brysbaert2014a,2,NA,extended,FALSE,
remuneratie,0.147252442658166,1,Brysbaert2014a,2,NA,extended,FALSE,
rendement,0.147252442658166,1,Brysbaert2014a,2,NA,extended,FALSE,
reservist,0.147252442658166,1,Brysbaert2014a,2,NA,extended,FALSE,
residentieel,0.147252442658166,1,Brysbaert2014a,2,NA,extended,FALSE,
resolutie,0.147252442658166,1,Brysbaert2014a,2,NA,extended,FALSE,
revival,0.147252442658166,1,Brysbaert2014a,2,NA,extended,FALSE,
revue,0.147252442658166,1,Brysbaert2014a,2,NA,extended,FALSE,
roemer,0.147252442658166,1,Brysbaert2014a,2,NA,extended,FALSE,
romaans,0.147252442658166,1,Brysbaert2014a,2,NA,extended,FALSE,
rotding,0.147252442658166,1,Brysbaert2014a,2,NA,extended,FALSE,
routineus,0.147252442658166,1,Brysbaert2014a,2,NA,extended,FALSE,
sadisme,0.147252442658166,1,Brysbaert2014a,2,NA,extended,FALSE,
scepticus,0.147252442658166,1,Brysbaert2014a,2,NA,extended,FALSE,
schending,0.147252442658166,1,Brysbaert2014a,2,NA,extended,FALSE,
schijntje,0.147252442658166,1,Brysbaert2014a,2,NA,extended,FALSE,
segmentatie,0.147252442658166,1,Brysbaert2014a,2,NA,extended,FALSE,
select,0.147252442658166,1,Brysbaert2014a,2,NA,extended,FALSE,
shabby,0.147252442658166,1,Brysbaert2014a,2,NA,extended,FALSE,
slagzin,0.147252442658166,1,Brysbaert2014a,2,NA,extended,FALSE,
sleutelrol,0.147252442658166,1,Brysbaert2014a,2,NA,extended,FALSE,
slim,0.147252442658166,1,Brysbaert2014a,2,NA,extended,FALSE,
somnambulisme,0.147252442658166,1,Brysbaert2014a,2,NA,extended,FALSE,
sprank,0.147252442658166,1,Brysbaert2014a,2,NA,extended,FALSE,
staatsgreep,0.147252442658166,1,Brysbaert2014a,2,NA,extended,FALSE,
standing,0.147252442658166,1,Brysbaert2014a,2,NA,extended,FALSE,
stapelgek,0.147252442658166,1,Brysbaert2014a,2,NA,extended,FALSE,
statuesk,0.147252442658166,1,Brysbaert2014a,2,NA,extended,FALSE,
status,0.147252442658166,1,Brysbaert2014a,2,NA,extended,FALSE,
stijlvol,0.147252442658166,1,Brysbaert2014a,2,NA,extended,FALSE,
stommerik,0.147252442658166,1,Brysbaert2014a,2,NA,extended,FALSE,
stormenderhand,0.147252442658166,1,Brysbaert2014a,2,NA,extended,FALSE,
supermacht,0.147252442658166,1,Brysbaert2014a,2,NA,extended,FALSE,
superpositie,0.147252442658166,1,Brysbaert2014a,2,NA,extended,FALSE,
suspense,0.147252442658166,1,Brysbaert2014a,2,NA,extended,FALSE,
synoniem,0.147252442658166,1,Brysbaert2014a,2,NA,extended,FALSE,
tarifering,0.147252442658166,1,Brysbaert2014a,2,NA,extended,FALSE,
tegenhanger,0.147252442658166,1,Brysbaert2014a,2,NA,extended,FALSE,
temptatie,0.147252442658166,1,Brysbaert2014a,2,NA,extended,FALSE,
terminatie,0.147252442658166,1,Brysbaert2014a,2,NA,extended,FALSE,
therapie,0.147252442658166,1,Brysbaert2014a,2,NA,extended,FALSE,
tijdverdrijf,0.147252442658166,1,Brysbaert2014a,2,NA,extended,FALSE,
tijdverlies,0.147252442658166,1,Brysbaert2014a,2,NA,extended,FALSE,
timing,0.147252442658166,1,Brysbaert2014a,2,NA,extended,FALSE,
toegeving,0.147252442658166,1,Brysbaert2014a,2,NA,extended,FALSE,
toestemming,0.147252442658166,1,Brysbaert2014a,2,NA,extended,FALSE,
tribaal,0.147252442658166,1,Brysbaert2014a,2,NA,extended,FALSE,
tussenwerpsel,0.147252442658166,1,Brysbaert2014a,2,NA,extended,FALSE,
twijfel,0.147252442658166,1,Brysbaert2014a,2,NA,extended,FALSE,
uithouding,0.147252442658166,1,Brysbaert2014a,2,NA,extended,FALSE,
uiting,0.147252442658166,1,Brysbaert2014a,2,NA,extended,FALSE,
variabiliteit,0.147252442658166,1,Brysbaert2014a,2,NA,extended,FALSE,
vaststelling,0.147252442658166,1,Brysbaert2014a,2,NA,extended,FALSE,
vergelijking,0.147252442658166,1,Brysbaert2014a,2,NA,extended,FALSE,
vergoeding,0.147252442658166,1,Brysbaert2014a,2,NA,extended,FALSE,
verificatie,0.147252442658166,1,Brysbaert2014a,2,NA,extended,FALSE,
verkondiging,0.147252442658166,1,Brysbaert2014a,2,NA,extended,FALSE,
verlossing,0.147252442658166,1,Brysbaert2014a,2,NA,extended,FALSE,
vernedering,0.147252442658166,1,Brysbaert2014a,2,NA,extended,FALSE,
versie,0.147252442658166,1,Brysbaert2014a,2,NA,extended,FALSE,
vervoering,0.147252442658166,1,Brysbaert2014a,2,NA,extended,FALSE,
verwensing,0.147252442658166,1,Brysbaert2014a,2,NA,extended,FALSE,
verzuiling,0.147252442658166,1,Brysbaert2014a,2,NA,extended,FALSE,
vitaliteit,0.147252442658166,1,Brysbaert2014a,2,NA,extended,FALSE,
volharding,0.147252442658166,1,Brysbaert2014a,2,NA,extended,FALSE,
voluntarisme,0.147252442658166,1,Brysbaert2014a,2,NA,extended,FALSE,
voorstel,0.147252442658166,1,Brysbaert2014a,2,NA,extended,FALSE,
voorvoegsel,0.147252442658166,1,Brysbaert2014a,2,NA,extended,FALSE,
vrijstelling,0.147252442658166,1,Brysbaert2014a,2,NA,extended,FALSE,
vuistregel,0.147252442658166,1,Brysbaert2014a,2,NA,extended,FALSE,
waanvoorstelling,0.147252442658166,1,Brysbaert2014a,2,NA,extended,FALSE,
wanbestuur,0.147252442658166,1,Brysbaert2014a,2,NA,extended,FALSE,
weddeschaal,0.147252442658166,1,Brysbaert2014a,2,NA,extended,FALSE,
weerwraak,0.147252442658166,1,Brysbaert2014a,2,NA,extended,FALSE,
welstand,0.147252442658166,1,Brysbaert2014a,2,NA,extended,FALSE,
wipwap,0.147252442658166,1,Brysbaert2014a,2,NA,extended,FALSE,
wraakactie,0.147252442658166,1,Brysbaert2014a,2,NA,extended,FALSE,
wraaklust,0.147252442658166,1,Brysbaert2014a,2,NA,extended,FALSE,
zelfcontrole,0.147252442658166,1,Brysbaert2014a,2,NA,extended,FALSE,
zielzorg,0.147252442658166,1,Brysbaert2014a,2,NA,extended,FALSE,
zonaal,0.147252442658166,1,Brysbaert2014a,2,NA,extended,FALSE,
humor,0.145859241442842,2,Brysbaert2014a;Jasmin2012,3.465,NA,extended,FALSE,
mobiliteit,0.144089759475879,2,Brysbaert2014a;Jasmin2012,3.61,NA,extended,FALSE,
stimulans,0.139072527556045,2,Brysbaert2014a;Jasmin2012,3.3,NA,extended,FALSE,
gelukzaligheid,0.137992831541219,1,Jasmin2012,5.14,NA,extended,FALSE,
overeenstemming,0.137992831541219,1,Jasmin2012,5.14,NA,extended,FALSE,
minachting,0.137794725313809,2,Brysbaert2014a;Jasmin2012,3.365,NA,extended,FALSE,
bekendheid,0.135550235467305,2,Brysbaert2014a;Jasmin2012,3.7,NA,extended,FALSE,
aandrang,0.128681311066454,1,Brysbaert2014a,1.93,NA,extended,FALSE,
aanstelling,0.128681311066454,1,Brysbaert2014a,1.93,NA,extended,FALSE,
aantrekking,0.128681311066454,1,Brysbaert2014a,1.93,NA,extended,FALSE,
aanvang,0.128681311066454,1,Brysbaert2014a,1.93,NA,extended,FALSE,
aanvechting,0.128681311066454,1,Brysbaert2014a,1.93,NA,extended,FALSE,
aartsengel,0.128681311066454,1,Brysbaert2014a,1.93,NA,extended,FALSE,
additioneel,0.128681311066454,1,Brysbaert2014a,1.93,NA,extended,FALSE,
adoratie,0.128681311066454,1,Brysbaert2014a,1.93,NA,extended,FALSE,
affaire,0.128681311066454,1,Brysbaert2014a,1.93,NA,extended,FALSE,
afschaffing,0.128681311066454,1,Brysbaert2014a,1.93,NA,extended,FALSE,
akkefietje,0.128681311066454,1,Brysbaert2014a,1.93,NA,extended,FALSE,
alibi,0.128681311066454,1,Brysbaert2014a,1.93,NA,extended,FALSE,
anatomie,0.128681311066454,1,Brysbaert2014a,1.93,NA,extended,FALSE,
antecedenten,0.128681311066454,1,Brysbaert2014a,1.93,NA,extended,FALSE,
appreciatie,0.128681311066454,1,Brysbaert2014a,1.93,NA,extended,FALSE,
aristocratie,0.128681311066454,1,Brysbaert2014a,1.93,NA,extended,FALSE,
aswoensdag,0.128681311066454,1,Brysbaert2014a,1.93,NA,extended,FALSE,
auteursrecht,0.128681311066454,1,Brysbaert2014a,1.93,NA,extended,FALSE,
avance,0.128681311066454,1,Brysbaert2014a,1.93,NA,extended,FALSE,
ban,0.128681311066454,1,Brysbaert2014a,1.93,NA,extended,FALSE,
basaal,0.128681311066454,1,Brysbaert2014a,1.93,NA,extended,FALSE,
bedrijfstak,0.128681311066454,1,Brysbaert2014a,1.93,NA,extended,FALSE,
beginsel,0.128681311066454,1,Brysbaert2014a,1.93,NA,extended,FALSE,
belofte,0.128681311066454,1,Brysbaert2014a,1.93,NA,extended,FALSE,
bevinding,0.128681311066454,1,Brysbaert2014a,1.93,NA,extended,FALSE,
bijbels,0.128681311066454,1,Brysbaert2014a,1.93,NA,extended,FALSE,
bioritme,0.128681311066454,1,Brysbaert2014a,1.93,NA,extended,FALSE,
boerenbedrog,0.128681311066454,1,Brysbaert2014a,1.93,NA,extended,FALSE,
boezemen,0.128681311066454,1,Brysbaert2014a,1.93,NA,extended,FALSE,
burgerrecht,0.128681311066454,1,Brysbaert2014a,1.93,NA,extended,FALSE,
ceremonieel,0.128681311066454,1,Brysbaert2014a,1.93,NA,extended,FALSE,
chauvinist,0.128681311066454,1,Brysbaert2014a,1.93,NA,extended,FALSE,
compatibel,0.128681311066454,1,Brysbaert2014a,1.93,NA,extended,FALSE,
compensatie,0.128681311066454,1,Brysbaert2014a,1.93,NA,extended,FALSE,
conclusie,0.128681311066454,1,Brysbaert2014a,1.93,NA,extended,FALSE,
constatering,0.128681311066454,1,Brysbaert2014a,1.93,NA,extended,FALSE,
contractueel,0.128681311066454,1,Brysbaert2014a,1.93,NA,extended,FALSE,
crisis,0.128681311066454,1,Brysbaert2014a,1.93,NA,extended,FALSE,
dank,0.128681311066454,1,Brysbaert2014a,1.93,NA,extended,FALSE,
dement,0.128681311066454,1,Brysbaert2014a,1.93,NA,extended,FALSE,
deportatie,0.128681311066454,1,Brysbaert2014a,1.93,NA,extended,FALSE,
desillusie,0.128681311066454,1,Brysbaert2014a,1.93,NA,extended,FALSE,
diagnostiek,0.128681311066454,1,Brysbaert2014a,1.93,NA,extended,FALSE,
dikkenek,0.128681311066454,1,Brysbaert2014a,1.93,NA,extended,FALSE,
doei,0.128681311066454,1,Brysbaert2014a,1.93,NA,extended,FALSE,
domper,0.128681311066454,1,Brysbaert2014a,1.93,NA,extended,FALSE,
duidelijkheid,0.128681311066454,1,Brysbaert2014a,1.93,NA,extended,FALSE,
eendracht,0.128681311066454,1,Brysbaert2014a,1.93,NA,extended,FALSE,
emigratie,0.128681311066454,1,Brysbaert2014a,1.93,NA,extended,FALSE,
erewoord,0.128681311066454,1,Brysbaert2014a,1.93,NA,extended,FALSE,
erfelijkheid,0.128681311066454,1,Brysbaert2014a,1.93,NA,extended,FALSE,
ergonomie,0.128681311066454,1,Brysbaert2014a,1.93,NA,extended,FALSE,
escalatie,0.128681311066454,1,Brysbaert2014a,1.93,NA,extended,FALSE,
faalangst,0.128681311066454,1,Brysbaert2014a,1.93,NA,extended,FALSE,
fascinatie,0.128681311066454,1,Brysbaert2014a,1.93,NA,extended,FALSE,
feminist,0.128681311066454,1,Brysbaert2014a,1.93,NA,extended,FALSE,
fictie,0.128681311066454,1,Brysbaert2014a,1.93,NA,extended,FALSE,
foei,0.128681311066454,1,Brysbaert2014a,1.93,NA,extended,FALSE,
gebod,0.128681311066454,1,Brysbaert2014a,1.93,NA,extended,FALSE,
geestesziek,0.128681311066454,1,Brysbaert2014a,1.93,NA,extended,FALSE,
gemak,0.128681311066454,1,Brysbaert2014a,1.93,NA,extended,FALSE,
gêne,0.128681311066454,1,Brysbaert2014a,1.93,NA,extended,FALSE,
genie,0.128681311066454,1,Brysbaert2014a,1.93,NA,extended,FALSE,
genootschap,0.128681311066454,1,Brysbaert2014a,1.93,NA,extended,FALSE,
gepeupel,0.128681311066454,1,Brysbaert2014a,1.93,NA,extended,FALSE,
ginder,0.128681311066454,1,Brysbaert2014a,1.93,NA,extended,FALSE,
goedkeuring,0.128681311066454,1,Brysbaert2014a,1.93,NA,extended,FALSE,
gracieus,0.128681311066454,1,Brysbaert2014a,1.93,NA,extended,FALSE,
gradatie,0.128681311066454,1,Brysbaert2014a,1.93,NA,extended,FALSE,
grensgeval,0.128681311066454,1,Brysbaert2014a,1.93,NA,extended,FALSE,
grootsheid,0.128681311066454,1,Brysbaert2014a,1.93,NA,extended,FALSE,
hallo,0.128681311066454,1,Brysbaert2014a,1.93,NA,extended,FALSE,
handigheid,0.128681311066454,1,Brysbaert2014a,1.93,NA,extended,FALSE,
hervorming,0.128681311066454,1,Brysbaert2014a,1.93,NA,extended,FALSE,
hoeveelheid,0.128681311066454,1,Brysbaert2014a,1.93,NA,extended,FALSE,
homofoob,0.128681311066454,1,Brysbaert2014a,1.93,NA,extended,FALSE,
hoogdag,0.128681311066454,1,Brysbaert2014a,1.93,NA,extended,FALSE,
incubatie,0.128681311066454,1,Brysbaert2014a,1.93,NA,extended,FALSE,
introductie,0.128681311066454,1,Brysbaert2014a,1.93,NA,extended,FALSE,
justitie,0.128681311066454,1,Brysbaert2014a,1.93,NA,extended,FALSE,
karakteristiek,0.128681311066454,1,Brysbaert2014a,1.93,NA,extended,FALSE,
keus,0.128681311066454,1,Brysbaert2014a,1.93,NA,extended,FALSE,
klankkleur,0.128681311066454,1,Brysbaert2014a,1.93,NA,extended,FALSE,
kofschip,0.128681311066454,1,Brysbaert2014a,1.93,NA,extended,FALSE,
kwantiteit,0.128681311066454,1,Brysbaert2014a,1.93,NA,extended,FALSE,
legaliteit,0.128681311066454,1,Brysbaert2014a,1.93,NA,extended,FALSE,
legitimatie,0.128681311066454,1,Brysbaert2014a,1.93,NA,extended,FALSE,
leiderschap,0.128681311066454,1,Brysbaert2014a,1.93,NA,extended,FALSE,
levensduur,0.128681311066454,1,Brysbaert2014a,1.93,NA,extended,FALSE,
liefdevol,0.128681311066454,1,Brysbaert2014a,1.93,NA,extended,FALSE,
longitudinaal,0.128681311066454,1,Brysbaert2014a,1.93,NA,extended,FALSE,
luiwammes,0.128681311066454,1,Brysbaert2014a,1.93,NA,extended,FALSE,
maagdelijkheid,0.128681311066454,1,Brysbaert2014a,1.93,NA,extended,FALSE,
maatgevend,0.128681311066454,1,Brysbaert2014a,1.93,NA,extended,FALSE,
machtigen,0.128681311066454,1,Brysbaert2014a,1.93,NA,extended,FALSE,
maf,0.128681311066454,1,Brysbaert2014a,1.93,NA,extended,FALSE,
makelij,0.128681311066454,1,Brysbaert2014a,1.93,NA,extended,FALSE,
malheur,0.128681311066454,1,Brysbaert2014a,1.93,NA,extended,FALSE,
mandaat,0.128681311066454,1,Brysbaert2014a,1.93,NA,extended,FALSE,
mannenwerk,0.128681311066454,1,Brysbaert2014a,1.93,NA,extended,FALSE,
mediageniek,0.128681311066454,1,Brysbaert2014a,1.93,NA,extended,FALSE,
meerderheid,0.128681311066454,1,Brysbaert2014a,1.93,NA,extended,FALSE,
mierenneuker,0.128681311066454,1,Brysbaert2014a,1.93,NA,extended,FALSE,
minpunt,0.128681311066454,1,Brysbaert2014a,1.93,NA,extended,FALSE,
minst,0.128681311066454,1,Brysbaert2014a,1.93,NA,extended,FALSE,
misleiding,0.128681311066454,1,Brysbaert2014a,1.93,NA,extended,FALSE,
nadruk,0.128681311066454,1,Brysbaert2014a,1.93,NA,extended,FALSE,
naïeveling,0.128681311066454,1,Brysbaert2014a,1.93,NA,extended,FALSE,
natie,0.128681311066454,1,Brysbaert2014a,1.93,NA,extended,FALSE,
nonchalance,0.128681311066454,1,Brysbaert2014a,1.93,NA,extended,FALSE,
noodzaak,0.128681311066454,1,Brysbaert2014a,1.93,NA,extended,FALSE,
onbehagen,0.128681311066454,1,Brysbaert2014a,1.93,NA,extended,FALSE,
onderscheiding,0.128681311066454,1,Brysbaert2014a,1.93,NA,extended,FALSE,
onderwerping,0.128681311066454,1,Brysbaert2014a,1.93,NA,extended,FALSE,
ongenoegen,0.128681311066454,1,Brysbaert2014a,1.93,NA,extended,FALSE,
onthechting,0.128681311066454,1,Brysbaert2014a,1.93,NA,extended,FALSE,
onthouding,0.128681311066454,1,Brysbaert2014a,1.93,NA,extended,FALSE,
ontreddering,0.128681311066454,1,Brysbaert2014a,1.93,NA,extended,FALSE,
ontspanning,0.128681311066454,1,Brysbaert2014a,1.93,NA,extended,FALSE,
operationeel,0.128681311066454,1,Brysbaert2014a,1.93,NA,extended,FALSE,
opkikker,0.128681311066454,1,Brysbaert2014a,1.93,NA,extended,FALSE,
opportunisme,0.128681311066454,1,Brysbaert2014a,1.93,NA,extended,FALSE,
origine,0.128681311066454,1,Brysbaert2014a,1.93,NA,extended,FALSE,
overeenkomst,0.128681311066454,1,Brysbaert2014a,1.93,NA,extended,FALSE,
overheersing,0.128681311066454,1,Brysbaert2014a,1.93,NA,extended,FALSE,
overmacht,0.128681311066454,1,Brysbaert2014a,1.93,NA,extended,FALSE,
paranoïde,0.128681311066454,1,Brysbaert2014a,1.93,NA,extended,FALSE,
parodiëren,0.128681311066454,1,Brysbaert2014a,1.93,NA,extended,FALSE,
particulier,0.128681311066454,1,Brysbaert2014a,1.93,NA,extended,FALSE,
paternaal,0.128681311066454,1,Brysbaert2014a,1.93,NA,extended,FALSE,
piraterij,0.128681311066454,1,Brysbaert2014a,1.93,NA,extended,FALSE,
presidentieel,0.128681311066454,1,Brysbaert2014a,1.93,NA,extended,FALSE,
prioriteit,0.128681311066454,1,Brysbaert2014a,1.93,NA,extended,FALSE,
proces,0.128681311066454,1,Brysbaert2014a,1.93,NA,extended,FALSE,
proeftijd,0.128681311066454,1,Brysbaert2014a,1.93,NA,extended,FALSE,
progressie,0.128681311066454,1,Brysbaert2014a,1.93,NA,extended,FALSE,
propositie,0.128681311066454,1,Brysbaert2014a,1.93,NA,extended,FALSE,
puik,0.128681311066454,1,Brysbaert2014a,1.93,NA,extended,FALSE,
rebellie,0.128681311066454,1,Brysbaert2014a,1.93,NA,extended,FALSE,
regeling,0.128681311066454,1,Brysbaert2014a,1.93,NA,extended,FALSE,
religie,0.128681311066454,1,Brysbaert2014a,1.93,NA,extended,FALSE,
representatie,0.128681311066454,1,Brysbaert2014a,1.93,NA,extended,FALSE,
rivaliteit,0.128681311066454,1,Brysbaert2014a,1.93,NA,extended,FALSE,
sarcasme,0.128681311066454,1,Brysbaert2014a,1.93,NA,extended,FALSE,
schatting,0.128681311066454,1,Brysbaert2014a,1.93,NA,extended,FALSE,
secretie,0.128681311066454,1,Brysbaert2014a,1.93,NA,extended,FALSE,
sensatie,0.128681311066454,1,Brysbaert2014a,1.93,NA,extended,FALSE,
sloeber,0.128681311066454,1,Brysbaert2014a,1.93,NA,extended,FALSE,
snugger,0.128681311066454,1,Brysbaert2014a,1.93,NA,extended,FALSE,
snuisterij,0.128681311066454,1,Brysbaert2014a,1.93,NA,extended,FALSE,
socialist,0.128681311066454,1,Brysbaert2014a,1.93,NA,extended,FALSE,
statement,0.128681311066454,1,Brysbaert2014a,1.93,NA,extended,FALSE,
stelsel,0.128681311066454,1,Brysbaert2014a,1.93,NA,extended,FALSE,
stemming,0.128681311066454,1,Brysbaert2014a,1.93,NA,extended,FALSE,
stiptheid,0.128681311066454,1,Brysbaert2014a,1.93,NA,extended,FALSE,
stomheid,0.128681311066454,1,Brysbaert2014a,1.93,NA,extended,FALSE,
stommeling,0.128681311066454,1,Brysbaert2014a,1.93,NA,extended,FALSE,
subcultuur,0.128681311066454,1,Brysbaert2014a,1.93,NA,extended,FALSE,
sympathie,0.128681311066454,1,Brysbaert2014a,1.93,NA,extended,FALSE,
syndicaal,0.128681311066454,1,Brysbaert2014a,1.93,NA,extended,FALSE,
synopsis,0.128681311066454,1,Brysbaert2014a,1.93,NA,extended,FALSE,
technologie,0.128681311066454,1,Brysbaert2014a,1.93,NA,extended,FALSE,
tederheid,0.128681311066454,1,Brysbaert2014a,1.93,NA,extended,FALSE,
tegenzin,0.128681311066454,1,Brysbaert2014a,1.93,NA,extended,FALSE,
telepathie,0.128681311066454,1,Brysbaert2014a,1.93,NA,extended,FALSE,
tevredenheid,0.128681311066454,1,Brysbaert2014a,1.93,NA,extended,FALSE,
tiranniek,0.128681311066454,1,Brysbaert2014a,1.93,NA,extended,FALSE,
toevlucht,0.128681311066454,1,Brysbaert2014a,1.93,NA,extended,FALSE,
topvorm,0.128681311066454,1,Brysbaert2014a,1.93,NA,extended,FALSE,
toverslag,0.128681311066454,1,Brysbaert2014a,1.93,NA,extended,FALSE,
traditie,0.128681311066454,1,Brysbaert2014a,1.93,NA,extended,FALSE,
trendy,0.128681311066454,1,Brysbaert2014a,1.93,NA,extended,FALSE,
tureluurs,0.128681311066454,1,Brysbaert2014a,1.93,NA,extended,FALSE,
uiteenzetting,0.128681311066454,1,Brysbaert2014a,1.93,NA,extended,FALSE,
uitsluiting,0.128681311066454,1,Brysbaert2014a,1.93,NA,extended,FALSE,
urbanisatie,0.128681311066454,1,Brysbaert2014a,1.93,NA,extended,FALSE,
vagevuur,0.128681311066454,1,Brysbaert2014a,1.93,NA,extended,FALSE,
variantie,0.128681311066454,1,Brysbaert2014a,1.93,NA,extended,FALSE,
vastberadenheid,0.128681311066454,1,Brysbaert2014a,1.93,NA,extended,FALSE,
veiligheid,0.128681311066454,1,Brysbaert2014a,1.93,NA,extended,FALSE,
verbijstering,0.128681311066454,1,Brysbaert2014a,1.93,NA,extended,FALSE,
vergeetal,0.128681311066454,1,Brysbaert2014a,1.93,NA,extended,FALSE,
verjaring,0.128681311066454,1,Brysbaert2014a,1.93,NA,extended,FALSE,
vermaning,0.128681311066454,1,Brysbaert2014a,1.93,NA,extended,FALSE,
vermoeienis,0.128681311066454,1,Brysbaert2014a,1.93,NA,extended,FALSE,
vervloeking,0.128681311066454,1,Brysbaert2014a,1.93,NA,extended,FALSE,
vervoeging,0.128681311066454,1,Brysbaert2014a,1.93,NA,extended,FALSE,
verzinsel,0.128681311066454,1,Brysbaert2014a,1.93,NA,extended,FALSE,
visionair,0.128681311066454,1,Brysbaert2014a,1.93,NA,extended,FALSE,
voorbehoud,0.128681311066454,1,Brysbaert2014a,1.93,NA,extended,FALSE,
vordering,0.128681311066454,1,Brysbaert2014a,1.93,NA,extended,FALSE,
vormgeving,0.128681311066454,1,Brysbaert2014a,1.93,NA,extended,FALSE,
vorming,0.128681311066454,1,Brysbaert2014a,1.93,NA,extended,FALSE,
wanbeleid,0.128681311066454,1,Brysbaert2014a,1.93,NA,extended,FALSE,
werking,0.128681311066454,1,Brysbaert2014a,1.93,NA,extended,FALSE,
werkzaamheid,0.128681311066454,1,Brysbaert2014a,1.93,NA,extended,FALSE,
westerlengte,0.128681311066454,1,Brysbaert2014a,1.93,NA,extended,FALSE,
wraak,0.128681311066454,1,Brysbaert2014a,1.93,NA,extended,FALSE,
zonde,0.128681311066454,1,Brysbaert2014a,1.93,NA,extended,FALSE,
blasé,0.12278879175133,2,Brysbaert2014a;Jasmin2012,3.025,NA,extended,FALSE,
glorie,0.122436789180202,2,Brysbaert2014a;Jasmin2012,3.51,NA,extended,FALSE,
teder,0.12115138060264,2,Brysbaert2014a;Jasmin2012,3.1,NA,extended,FALSE,
aanwensel,0.120123345575497,1,Brysbaert2014a,1.92,NA,extended,FALSE,
abdominaal,0.120123345575497,1,Brysbaert2014a,1.92,NA,extended,FALSE,
adhesie,0.120123345575497,1,Brysbaert2014a,1.92,NA,extended,FALSE,
alchemie,0.120123345575497,1,Brysbaert2014a,1.92,NA,extended,FALSE,
allegaartje,0.120123345575497,1,Brysbaert2014a,1.92,NA,extended,FALSE,
amicaal,0.120123345575497,1,Brysbaert2014a,1.92,NA,extended,FALSE,
anglofiel,0.120123345575497,1,Brysbaert2014a,1.92,NA,extended,FALSE,
annex,0.120123345575497,1,Brysbaert2014a,1.92,NA,extended,FALSE,
bezoldiging,0.120123345575497,1,Brysbaert2014a,1.92,NA,extended,FALSE,
chagrijn,0.120123345575497,1,Brysbaert2014a,1.92,NA,extended,FALSE,
cohabitatie,0.120123345575497,1,Brysbaert2014a,1.92,NA,extended,FALSE,
condoleantie,0.120123345575497,1,Brysbaert2014a,1.92,NA,extended,FALSE,
confessie,0.120123345575497,1,Brysbaert2014a,1.92,NA,extended,FALSE,
congruentie,0.120123345575497,1,Brysbaert2014a,1.92,NA,extended,FALSE,
conjunctie,0.120123345575497,1,Brysbaert2014a,1.92,NA,extended,FALSE,
detachement,0.120123345575497,1,Brysbaert2014a,1.92,NA,extended,FALSE,
diffractie,0.120123345575497,1,Brysbaert2014a,1.92,NA,extended,FALSE,
dikdoenerij,0.120123345575497,1,Brysbaert2014a,1.92,NA,extended,FALSE,
expresse,0.120123345575497,1,Brysbaert2014a,1.92,NA,extended,FALSE,
gemeenplaats,0.120123345575497,1,Brysbaert2014a,1.92,NA,extended,FALSE,
gister,0.120123345575497,1,Brysbaert2014a,1.92,NA,extended,FALSE,
grandeur,0.120123345575497,1,Brysbaert2014a,1.92,NA,extended,FALSE,
grif,0.120123345575497,1,Brysbaert2014a,1.92,NA,extended,FALSE,
hoofsheid,0.120123345575497,1,Brysbaert2014a,1.92,NA,extended,FALSE,
inhibitie,0.120123345575497,1,Brysbaert2014a,1.92,NA,extended,FALSE,
naijver,0.120123345575497,1,Brysbaert2014a,1.92,NA,extended,FALSE,
necrologie,0.120123345575497,1,Brysbaert2014a,1.92,NA,extended,FALSE,
ontboezeming,0.120123345575497,1,Brysbaert2014a,1.92,NA,extended,FALSE,
oogmerk,0.120123345575497,1,Brysbaert2014a,1.92,NA,extended,FALSE,
personalia,0.120123345575497,1,Brysbaert2014a,1.92,NA,extended,FALSE,
pretendent,0.120123345575497,1,Brysbaert2014a,1.92,NA,extended,FALSE,
probatie,0.120123345575497,1,Brysbaert2014a,1.92,NA,extended,FALSE,
raffinement,0.120123345575497,1,Brysbaert2014a,1.92,NA,extended,FALSE,
schwung,0.120123345575497,1,Brysbaert2014a,1.92,NA,extended,FALSE,
summum,0.120123345575497,1,Brysbaert2014a,1.92,NA,extended,FALSE,
suppressie,0.120123345575497,1,Brysbaert2014a,1.92,NA,extended,FALSE,
uniciteit,0.120123345575497,1,Brysbaert2014a,1.92,NA,extended,FALSE,
verordening,0.120123345575497,1,Brysbaert2014a,1.92,NA,extended,FALSE,
waagstuk,0.120123345575497,1,Brysbaert2014a,1.92,NA,extended,FALSE,
woordbreuk,0.120123345575497,1,Brysbaert2014a,1.92,NA,extended,FALSE,
allocatie,0.118252373362899,1,Brysbaert2014a,1.91,NA,extended,FALSE,
geharrewar,0.118252373362899,1,Brysbaert2014a,1.91,NA,extended,FALSE,
hakketakken,0.118252373362899,1,Brysbaert2014a,1.91,NA,extended,FALSE,
jokken,0.118252373362899,1,Brysbaert2014a,1.91,NA,extended,FALSE,
kwijting,0.118252373362899,1,Brysbaert2014a,1.91,NA,extended,FALSE,
kwinkslag,0.118252373362899,1,Brysbaert2014a,1.91,NA,extended,FALSE,
memorandum,0.118252373362899,1,Brysbaert2014a,1.91,NA,extended,FALSE,
mikmak,0.118252373362899,1,Brysbaert2014a,1.91,NA,extended,FALSE,
pep,0.118252373362899,1,Brysbaert2014a,1.91,NA,extended,FALSE,
sacherijn,0.118252373362899,1,Brysbaert2014a,1.91,NA,extended,FALSE,
schamper,0.118252373362899,1,Brysbaert2014a,1.91,NA,extended,FALSE,
telekinese,0.118252373362899,1,Brysbaert2014a,1.91,NA,extended,FALSE,
tijding,0.118252373362899,1,Brysbaert2014a,1.91,NA,extended,FALSE,
zakencijfer,0.118252373362899,1,Brysbaert2014a,1.91,NA,extended,FALSE,
bedrog,0.117383046850803,2,Brysbaert2014a;Jasmin2012,3.435,NA,extended,FALSE,
bagatel,0.117247591989467,1,Brysbaert2014a,1.9,NA,extended,FALSE,
broodnijd,0.117247591989467,1,Brysbaert2014a,1.9,NA,extended,FALSE,
concipiëren,0.117247591989467,1,Brysbaert2014a,1.9,NA,extended,FALSE,
etiologie,0.117247591989467,1,Brysbaert2014a,1.9,NA,extended,FALSE,
klaarover,0.117247591989467,1,Brysbaert2014a,1.9,NA,extended,FALSE,
letaal,0.117247591989467,1,Brysbaert2014a,1.9,NA,extended,FALSE,
naarling,0.117247591989467,1,Brysbaert2014a,1.9,NA,extended,FALSE,
paleografie,0.117247591989467,1,Brysbaert2014a,1.9,NA,extended,FALSE,
snood,0.117247591989467,1,Brysbaert2014a,1.9,NA,extended,FALSE,
solaas,0.117247591989467,1,Brysbaert2014a,1.9,NA,extended,FALSE,
stoïcijns,0.117247591989467,1,Brysbaert2014a,1.9,NA,extended,FALSE,
summier,0.117247591989467,1,Brysbaert2014a,1.9,NA,extended,FALSE,
suppositie,0.117247591989467,1,Brysbaert2014a,1.9,NA,extended,FALSE,
unitarist,0.117247591989467,1,Brysbaert2014a,1.9,NA,extended,FALSE,
coöptatie,0.116346753516735,1,Brysbaert2014a,1.89,NA,extended,FALSE,
disconto,0.116346753516735,1,Brysbaert2014a,1.89,NA,extended,FALSE,
emulatie,0.116346753516735,1,Brysbaert2014a,1.89,NA,extended,FALSE,
fortificatie,0.116346753516735,1,Brysbaert2014a,1.89,NA,extended,FALSE,
procuratie,0.116346753516735,1,Brysbaert2014a,1.89,NA,extended,FALSE,
promiscue,0.116346753516735,1,Brysbaert2014a,1.89,NA,extended,FALSE,
ratificatie,0.116346753516735,1,Brysbaert2014a,1.89,NA,extended,FALSE,
rembours,0.116346753516735,1,Brysbaert2014a,1.89,NA,extended,FALSE,
resignatie,0.116346753516735,1,Brysbaert2014a,1.89,NA,extended,FALSE,
resusfactor,0.116346753516735,1,Brysbaert2014a,1.89,NA,extended,FALSE,
tres,0.116346753516735,1,Brysbaert2014a,1.89,NA,extended,FALSE,
ascese,0.115688448478969,1,Brysbaert2014a,1.88,NA,extended,FALSE,
bonafide,0.115688448478969,1,Brysbaert2014a,1.88,NA,extended,FALSE,
dweepziek,0.115688448478969,1,Brysbaert2014a,1.88,NA,extended,FALSE,
isochroon,0.115688448478969,1,Brysbaert2014a,1.88,NA,extended,FALSE,
malversatie,0.115688448478969,1,Brysbaert2014a,1.88,NA,extended,FALSE,
misantropie,0.115688448478969,1,Brysbaert2014a,1.88,NA,extended,FALSE,
penitentie,0.115688448478969,1,Brysbaert2014a,1.88,NA,extended,FALSE,
titulatuur,0.115688448478969,1,Brysbaert2014a,1.88,NA,extended,FALSE,
eenzaamheid,0.113504809315072,2,Brysbaert2014a;Jasmin2012,3.57,NA,extended,FALSE,
jaloezie,0.113494067306816,2,Brysbaert2014a;Jasmin2012,3.55,NA,extended,FALSE,
aandacht,0.110214122375442,1,Brysbaert2014a,1.87,NA,extended,FALSE,
aanleiding,0.110214122375442,1,Brysbaert2014a,1.87,NA,extended,FALSE,
acceptatie,0.110214122375442,1,Brysbaert2014a,1.87,NA,extended,FALSE,
actualiteit,0.110214122375442,1,Brysbaert2014a,1.87,NA,extended,FALSE,
advies,0.110214122375442,1,Brysbaert2014a,1.87,NA,extended,FALSE,
afzetterij,0.110214122375442,1,Brysbaert2014a,1.87,NA,extended,FALSE,
analfabetisme,0.110214122375442,1,Brysbaert2014a,1.87,NA,extended,FALSE,
apocalyps,0.110214122375442,1,Brysbaert2014a,1.87,NA,extended,FALSE,
arrogantie,0.110214122375442,1,Brysbaert2014a,1.87,NA,extended,FALSE,
attributie,0.110214122375442,1,Brysbaert2014a,1.87,NA,extended,FALSE,
automatisme,0.110214122375442,1,Brysbaert2014a,1.87,NA,extended,FALSE,
autonomie,0.110214122375442,1,Brysbaert2014a,1.87,NA,extended,FALSE,
bedingen,0.110214122375442,1,Brysbaert2014a,1.87,NA,extended,FALSE,
beheersing,0.110214122375442,1,Brysbaert2014a,1.87,NA,extended,FALSE,
bekering,0.110214122375442,1,Brysbaert2014a,1.87,NA,extended,FALSE,
belegging,0.110214122375442,1,Brysbaert2014a,1.87,NA,extended,FALSE,
belemmering,0.110214122375442,1,Brysbaert2014a,1.87,NA,extended,FALSE,
benadering,0.110214122375442,1,Brysbaert2014a,1.87,NA,extended,FALSE,
bewonderaar,0.110214122375442,1,Brysbaert2014a,1.87,NA,extended,FALSE,
bipolariteit,0.110214122375442,1,Brysbaert2014a,1.87,NA,extended,FALSE,
braaf,0.110214122375442,1,Brysbaert2014a,1.87,NA,extended,FALSE,
bravo,0.110214122375442,1,Brysbaert2014a,1.87,NA,extended,FALSE,
burgerschap,0.110214122375442,1,Brysbaert2014a,1.87,NA,extended,FALSE,
capaciteit,0.110214122375442,1,Brysbaert2014a,1.87,NA,extended,FALSE,
charme,0.110214122375442,1,Brysbaert2014a,1.87,NA,extended,FALSE,
content,0.110214122375442,1,Brysbaert2014a,1.87,NA,extended,FALSE,
coördinatie,0.110214122375442,1,Brysbaert2014a,1.87,NA,extended,FALSE,
curieus,0.110214122375442,1,Brysbaert2014a,1.87,NA,extended,FALSE,
densiteit,0.110214122375442,1,Brysbaert2014a,1.87,NA,extended,FALSE,
dinges,0.110214122375442,1,Brysbaert2014a,1.87,NA,extended,FALSE,
discretie,0.110214122375442,1,Brysbaert2014a,1.87,NA,extended,FALSE,
discriminatie,0.110214122375442,1,Brysbaert2014a,1.87,NA,extended,FALSE,
distinctie,0.110214122375442,1,Brysbaert2014a,1.87,NA,extended,FALSE,
divisie,0.110214122375442,1,Brysbaert2014a,1.87,NA,extended,FALSE,
doelstelling,0.110214122375442,1,Brysbaert2014a,1.87,NA,extended,FALSE,
dwaasheid,0.110214122375442,1,Brysbaert2014a,1.87,NA,extended,FALSE,
eerbied,0.110214122375442,1,Brysbaert2014a,1.87,NA,extended,FALSE,
exploitatie,0.110214122375442,1,Brysbaert2014a,1.87,NA,extended,FALSE,
familieband,0.110214122375442,1,Brysbaert2014a,1.87,NA,extended,FALSE,
flauwekul,0.110214122375442,1,Brysbaert2014a,1.87,NA,extended,FALSE,
gelijkheid,0.110214122375442,1,Brysbaert2014a,1.87,NA,extended,FALSE,
gesjoemel,0.110214122375442,1,Brysbaert2014a,1.87,NA,extended,FALSE,
gevolg,0.110214122375442,1,Brysbaert2014a,1.87,NA,extended,FALSE,
gewetensvol,0.110214122375442,1,Brysbaert2014a,1.87,NA,extended,FALSE,
grammatica,0.110214122375442,1,Brysbaert2014a,1.87,NA,extended,FALSE,
gregoriaans,0.110214122375442,1,Brysbaert2014a,1.87,NA,extended,FALSE,
handelsmerk,0.110214122375442,1,Brysbaert2014a,1.87,NA,extended,FALSE,
handomdraai,0.110214122375442,1,Brysbaert2014a,1.87,NA,extended,FALSE,
harmonie,0.110214122375442,1,Brysbaert2014a,1.87,NA,extended,FALSE,
hartendief,0.110214122375442,1,Brysbaert2014a,1.87,NA,extended,FALSE,
herinnering,0.110214122375442,1,Brysbaert2014a,1.87,NA,extended,FALSE,
herkansing,0.110214122375442,1,Brysbaert2014a,1.87,NA,extended,FALSE,
hersenspinsel,0.110214122375442,1,Brysbaert2014a,1.87,NA,extended,FALSE,
hielenlikker,0.110214122375442,1,Brysbaert2014a,1.87,NA,extended,FALSE,
homeopathie,0.110214122375442,1,Brysbaert2014a,1.87,NA,extended,FALSE,
homogeniteit,0.110214122375442,1,Brysbaert2014a,1.87,NA,extended,FALSE,
hoogachten,0.110214122375442,1,Brysbaert2014a,1.87,NA,extended,FALSE,
hoorndol,0.110214122375442,1,Brysbaert2014a,1.87,NA,extended,FALSE,
humanist,0.110214122375442,1,Brysbaert2014a,1.87,NA,extended,FALSE,
inbeelding,0.110214122375442,1,Brysbaert2014a,1.87,NA,extended,FALSE,
industrialisatie,0.110214122375442,1,Brysbaert2014a,1.87,NA,extended,FALSE,
innovatie,0.110214122375442,1,Brysbaert2014a,1.87,NA,extended,FALSE,
interval,0.110214122375442,1,Brysbaert2014a,1.87,NA,extended,FALSE,
inventiviteit,0.110214122375442,1,Brysbaert2014a,1.87,NA,extended,FALSE,
karaktermoord,0.110214122375442,1,Brysbaert2014a,1.87,NA,extended,FALSE,
kennisgeving,0.110214122375442,1,Brysbaert2014a,1.87,NA,extended,FALSE,
koopziek,0.110214122375442,1,Brysbaert2014a,1.87,NA,extended,FALSE,
koosjer,0.110214122375442,1,Brysbaert2014a,1.87,NA,extended,FALSE,
kortaf,0.110214122375442,1,Brysbaert2014a,1.87,NA,extended,FALSE,
laf,0.110214122375442,1,Brysbaert2014a,1.87,NA,extended,FALSE,
leeuwendeel,0.110214122375442,1,Brysbaert2014a,1.87,NA,extended,FALSE,
legitimiteit,0.110214122375442,1,Brysbaert2014a,1.87,NA,extended,FALSE,
levensloop,0.110214122375442,1,Brysbaert2014a,1.87,NA,extended,FALSE,
levensvorm,0.110214122375442,1,Brysbaert2014a,1.87,NA,extended,FALSE,
liefhebberij,0.110214122375442,1,Brysbaert2014a,1.87,NA,extended,FALSE,
logistiek,0.110214122375442,1,Brysbaert2014a,1.87,NA,extended,FALSE,
machtiging,0.110214122375442,1,Brysbaert2014a,1.87,NA,extended,FALSE,
magie,0.110214122375442,1,Brysbaert2014a,1.87,NA,extended,FALSE,
magnifiek,0.110214122375442,1,Brysbaert2014a,1.87,NA,extended,FALSE,
management,0.110214122375442,1,Brysbaert2014a,1.87,NA,extended,FALSE,
mediageil,0.110214122375442,1,Brysbaert2014a,1.87,NA,extended,FALSE,
militarisme,0.110214122375442,1,Brysbaert2014a,1.87,NA,extended,FALSE,
minderheid,0.110214122375442,1,Brysbaert2014a,1.87,NA,extended,FALSE,
miserie,0.110214122375442,1,Brysbaert2014a,1.87,NA,extended,FALSE,
modernisering,0.110214122375442,1,Brysbaert2014a,1.87,NA,extended,FALSE,
modificatie,0.110214122375442,1,Brysbaert2014a,1.87,NA,extended,FALSE,
moeite,0.110214122375442,1,Brysbaert2014a,1.87,NA,extended,FALSE,
numeriek,0.110214122375442,1,Brysbaert2014a,1.87,NA,extended,FALSE,
ondervinding,0.110214122375442,1,Brysbaert2014a,1.87,NA,extended,FALSE,
ongerustheid,0.110214122375442,1,Brysbaert2014a,1.87,NA,extended,FALSE,
ontkenning,0.110214122375442,1,Brysbaert2014a,1.87,NA,extended,FALSE,
openheid,0.110214122375442,1,Brysbaert2014a,1.87,NA,extended,FALSE,
opheldering,0.110214122375442,1,Brysbaert2014a,1.87,NA,extended,FALSE,
opvatting,0.110214122375442,1,Brysbaert2014a,1.87,NA,extended,FALSE,
paranoia,0.110214122375442,1,Brysbaert2014a,1.87,NA,extended,FALSE,
periodiek,0.110214122375442,1,Brysbaert2014a,1.87,NA,extended,FALSE,
piekfijn,0.110214122375442,1,Brysbaert2014a,1.87,NA,extended,FALSE,
plasticiteit,0.110214122375442,1,Brysbaert2014a,1.87,NA,extended,FALSE,
postnataal,0.110214122375442,1,Brysbaert2014a,1.87,NA,extended,FALSE,
preventie,0.110214122375442,1,Brysbaert2014a,1.87,NA,extended,FALSE,
problematiek,0.110214122375442,1,Brysbaert2014a,1.87,NA,extended,FALSE,
procederen,0.110214122375442,1,Brysbaert2014a,1.87,NA,extended,FALSE,
productiviteit,0.110214122375442,1,Brysbaert2014a,1.87,NA,extended,FALSE,
proportioneel,0.110214122375442,1,Brysbaert2014a,1.87,NA,extended,FALSE,
realiteit,0.110214122375442,1,Brysbaert2014a,1.87,NA,extended,FALSE,
rechtspraak,0.110214122375442,1,Brysbaert2014a,1.87,NA,extended,FALSE,
referendum,0.110214122375442,1,Brysbaert2014a,1.87,NA,extended,FALSE,
regel,0.110214122375442,1,Brysbaert2014a,1.87,NA,extended,FALSE,
republiek,0.110214122375442,1,Brysbaert2014a,1.87,NA,extended,FALSE,
rotkop,0.110214122375442,1,Brysbaert2014a,1.87,NA,extended,FALSE,
routine,0.110214122375442,1,Brysbaert2014a,1.87,NA,extended,FALSE,
samenhang,0.110214122375442,1,Brysbaert2014a,1.87,NA,extended,FALSE,
schuldgevoel,0.110214122375442,1,Brysbaert2014a,1.87,NA,extended,FALSE,
socialisatie,0.110214122375442,1,Brysbaert2014a,1.87,NA,extended,FALSE,
stichting,0.110214122375442,1,Brysbaert2014a,1.87,NA,extended,FALSE,
stikjaloers,0.110214122375442,1,Brysbaert2014a,1.87,NA,extended,FALSE,
talentvol,0.110214122375442,1,Brysbaert2014a,1.87,NA,extended,FALSE,
teleurstelling,0.110214122375442,1,Brysbaert2014a,1.87,NA,extended,FALSE,
terrorisme,0.110214122375442,1,Brysbaert2014a,1.87,NA,extended,FALSE,
theologie,0.110214122375442,1,Brysbaert2014a,1.87,NA,extended,FALSE,
tijdperk,0.110214122375442,1,Brysbaert2014a,1.87,NA,extended,FALSE,
treurnis,0.110214122375442,1,Brysbaert2014a,1.87,NA,extended,FALSE,
tucht,0.110214122375442,1,Brysbaert2014a,1.87,NA,extended,FALSE,
uitstel,0.110214122375442,1,Brysbaert2014a,1.87,NA,extended,FALSE,
understatement,0.110214122375442,1,Brysbaert2014a,1.87,NA,extended,FALSE,
vergeving,0.110214122375442,1,Brysbaert2014a,1.87,NA,extended,FALSE,
verhouding,0.110214122375442,1,Brysbaert2014a,1.87,NA,extended,FALSE,
vertwijfeling,0.110214122375442,1,Brysbaert2014a,1.87,NA,extended,FALSE,
vervreemding,0.110214122375442,1,Brysbaert2014a,1.87,NA,extended,FALSE,
voorarrest,0.110214122375442,1,Brysbaert2014a,1.87,NA,extended,FALSE,
voorziening,0.110214122375442,1,Brysbaert2014a,1.87,NA,extended,FALSE,
vrijspraak,0.110214122375442,1,Brysbaert2014a,1.87,NA,extended,FALSE,
weetje,0.110214122375442,1,Brysbaert2014a,1.87,NA,extended,FALSE,
weigering,0.110214122375442,1,Brysbaert2014a,1.87,NA,extended,FALSE,
wereldorde,0.110214122375442,1,Brysbaert2014a,1.87,NA,extended,FALSE,
wetgeving,0.110214122375442,1,Brysbaert2014a,1.87,NA,extended,FALSE,
wetmatigheid,0.110214122375442,1,Brysbaert2014a,1.87,NA,extended,FALSE,
woordspeling,0.110214122375442,1,Brysbaert2014a,1.87,NA,extended,FALSE,
zelfbeheersing,0.110214122375442,1,Brysbaert2014a,1.87,NA,extended,FALSE,
zelfrespect,0.110214122375442,1,Brysbaert2014a,1.87,NA,extended,FALSE,
zonderling,0.110214122375442,1,Brysbaert2014a,1.87,NA,extended,FALSE,
haten,0.109591551590575,2,Brysbaert2014a;Jasmin2012,3.265,NA,extended,FALSE,
verveling,0.108224832840691,2,Brysbaert2014a;Jasmin2012,2.98,NA,extended,FALSE,
gebruik,0.105559293526059,2,Brysbaert2014a;Jasmin2012,3.245,NA,extended,FALSE,
visie,0.104540199823707,2,Brysbaert2014a;Jasmin2012,3.15,NA,extended,FALSE,
abolitie,0.103908253066316,1,Brysbaert2014a,1.86,NA,extended,FALSE,
akkevietje,0.103908253066316,1,Brysbaert2014a,1.86,NA,extended,FALSE,
anarchist,0.103908253066316,1,Brysbaert2014a,1.86,NA,extended,FALSE,
atrofie,0.103908253066316,1,Brysbaert2014a,1.86,NA,extended,FALSE,
aversie,0.103908253066316,1,Brysbaert2014a,1.86,NA,extended,FALSE,
bursaal,0.103908253066316,1,Brysbaert2014a,1.86,NA,extended,FALSE,
conceptueel,0.103908253066316,1,Brysbaert2014a,1.86,NA,extended,FALSE,
consistentie,0.103908253066316,1,Brysbaert2014a,1.86,NA,extended,FALSE,
constituent,0.103908253066316,1,Brysbaert2014a,1.86,NA,extended,FALSE,
correlatie,0.103908253066316,1,Brysbaert2014a,1.86,NA,extended,FALSE,
donders,0.103908253066316,1,Brysbaert2014a,1.86,NA,extended,FALSE,
dotatie,0.103908253066316,1,Brysbaert2014a,1.86,NA,extended,FALSE,
euvelmoed,0.103908253066316,1,Brysbaert2014a,1.86,NA,extended,FALSE,
foetsie,0.103908253066316,1,Brysbaert2014a,1.86,NA,extended,FALSE,
jongstleden,0.103908253066316,1,Brysbaert2014a,1.86,NA,extended,FALSE,
jurisprudentie,0.103908253066316,1,Brysbaert2014a,1.86,NA,extended,FALSE,
koeterwaals,0.103908253066316,1,Brysbaert2014a,1.86,NA,extended,FALSE,
nabuur,0.103908253066316,1,Brysbaert2014a,1.86,NA,extended,FALSE,
obscuur,0.103908253066316,1,Brysbaert2014a,1.86,NA,extended,FALSE,
ontaarding,0.103908253066316,1,Brysbaert2014a,1.86,NA,extended,FALSE,
orkestratie,0.103908253066316,1,Brysbaert2014a,1.86,NA,extended,FALSE,
perversie,0.103908253066316,1,Brysbaert2014a,1.86,NA,extended,FALSE,
precedent,0.103908253066316,1,Brysbaert2014a,1.86,NA,extended,FALSE,
predictie,0.103908253066316,1,Brysbaert2014a,1.86,NA,extended,FALSE,
respectabel,0.103908253066316,1,Brysbaert2014a,1.86,NA,extended,FALSE,
royalist,0.103908253066316,1,Brysbaert2014a,1.86,NA,extended,FALSE,
sensibilisatie,0.103908253066316,1,Brysbaert2014a,1.86,NA,extended,FALSE,
tijdvak,0.103908253066316,1,Brysbaert2014a,1.86,NA,extended,FALSE,
tiptop,0.103908253066316,1,Brysbaert2014a,1.86,NA,extended,FALSE,
verzoeking,0.103908253066316,1,Brysbaert2014a,1.86,NA,extended,FALSE,
zondagskind,0.103908253066316,1,Brysbaert2014a,1.86,NA,extended,FALSE,
optie,0.10374454610234,2,Brysbaert2014a;Jasmin2012,2.92,NA,extended,FALSE,
connotatie,0.102210519021551,1,Brysbaert2014a,1.85,NA,extended,FALSE,
etnografie,0.102210519021551,1,Brysbaert2014a,1.85,NA,extended,FALSE,
extinctie,0.102210519021551,1,Brysbaert2014a,1.85,NA,extended,FALSE,
gunsteling,0.102210519021551,1,Brysbaert2014a,1.85,NA,extended,FALSE,
hamvraag,0.102210519021551,1,Brysbaert2014a,1.85,NA,extended,FALSE,
manie,0.102210519021551,1,Brysbaert2014a,1.85,NA,extended,FALSE,
matriarchaal,0.102210519021551,1,Brysbaert2014a,1.85,NA,extended,FALSE,
motie,0.102210519021551,1,Brysbaert2014a,1.85,NA,extended,FALSE,
naamdag,0.102210519021551,1,Brysbaert2014a,1.85,NA,extended,FALSE,
pastorale,0.102210519021551,1,Brysbaert2014a,1.85,NA,extended,FALSE,
perifeer,0.102210519021551,1,Brysbaert2014a,1.85,NA,extended,FALSE,
polygaam,0.102210519021551,1,Brysbaert2014a,1.85,NA,extended,FALSE,
quotum,0.102210519021551,1,Brysbaert2014a,1.85,NA,extended,FALSE,
rentabiliteit,0.102210519021551,1,Brysbaert2014a,1.85,NA,extended,FALSE,
rigiditeit,0.102210519021551,1,Brysbaert2014a,1.85,NA,extended,FALSE,
rotsmoes,0.102210519021551,1,Brysbaert2014a,1.85,NA,extended,FALSE,
stofnaam,0.102210519021551,1,Brysbaert2014a,1.85,NA,extended,FALSE,
adios,0.100755318411752,1,Brysbaert2014a,1.83,NA,extended,FALSE,
antipode,0.100755318411752,1,Brysbaert2014a,1.83,NA,extended,FALSE,
coherentie,0.100755318411752,1,Brysbaert2014a,1.83,NA,extended,FALSE,
decretaal,0.100755318411752,1,Brysbaert2014a,1.83,NA,extended,FALSE,
deeltal,0.100755318411752,1,Brysbaert2014a,1.83,NA,extended,FALSE,
dispensatie,0.100755318411752,1,Brysbaert2014a,1.83,NA,extended,FALSE,
excentriciteit,0.100755318411752,1,Brysbaert2014a,1.83,NA,extended,FALSE,
franchise,0.100755318411752,1,Brysbaert2014a,1.83,NA,extended,FALSE,
illuminatie,0.100755318411752,1,Brysbaert2014a,1.83,NA,extended,FALSE,
jobstijding,0.100755318411752,1,Brysbaert2014a,1.83,NA,extended,FALSE,
kentering,0.100755318411752,1,Brysbaert2014a,1.83,NA,extended,FALSE,
kindsdeel,0.100755318411752,1,Brysbaert2014a,1.83,NA,extended,FALSE,
manna,0.100755318411752,1,Brysbaert2014a,1.83,NA,extended,FALSE,
metterdaad,0.100755318411752,1,Brysbaert2014a,1.83,NA,extended,FALSE,
ordinaat,0.100755318411752,1,Brysbaert2014a,1.83,NA,extended,FALSE,
piskous,0.100755318411752,1,Brysbaert2014a,1.83,NA,extended,FALSE,
plaagziek,0.100755318411752,1,Brysbaert2014a,1.83,NA,extended,FALSE,
polemoloog,0.100755318411752,1,Brysbaert2014a,1.83,NA,extended,FALSE,
prepositie,0.100755318411752,1,Brysbaert2014a,1.83,NA,extended,FALSE,
requisitoir,0.100755318411752,1,Brysbaert2014a,1.83,NA,extended,FALSE,
solvabel,0.100755318411752,1,Brysbaert2014a,1.83,NA,extended,FALSE,
spilzucht,0.100755318411752,1,Brysbaert2014a,1.83,NA,extended,FALSE,
stoïcisme,0.100755318411752,1,Brysbaert2014a,1.83,NA,extended,FALSE,
tangens,0.100755318411752,1,Brysbaert2014a,1.83,NA,extended,FALSE,
viriliteit,0.100755318411752,1,Brysbaert2014a,1.83,NA,extended,FALSE,
activa,0.0995772988704871,1,Brysbaert2014a,1.82,NA,extended,FALSE,
allusie,0.0995772988704871,1,Brysbaert2014a,1.82,NA,extended,FALSE,
exces,0.0995772988704871,1,Brysbaert2014a,1.82,NA,extended,FALSE,
gading,0.0995772988704871,1,Brysbaert2014a,1.82,NA,extended,FALSE,
inertie,0.0995772988704871,1,Brysbaert2014a,1.82,NA,extended,FALSE,
insubordinatie,0.0995772988704871,1,Brysbaert2014a,1.82,NA,extended,FALSE,
interceptie,0.0995772988704871,1,Brysbaert2014a,1.82,NA,extended,FALSE,
interpellatie,0.0995772988704871,1,Brysbaert2014a,1.82,NA,extended,FALSE,
virginiteit,0.0995772988704871,1,Brysbaert2014a,1.82,NA,extended,FALSE,
respectvol,0.0955789433291384,2,Brysbaert2014a;Jasmin2012,3.31,NA,extended,FALSE,
respect,0.0955550687500947,2,Brysbaert2014a;Jasmin2012,3.255,NA,extended,FALSE,
waarheid,0.0937868286337979,2,Brysbaert2014a;Jasmin2012,3.295,NA,extended,FALSE,
aanleg,0.0925438292564618,1,Brysbaert2014a,1.8,NA,extended,FALSE,
aanzien,0.0925438292564618,1,Brysbaert2014a,1.8,NA,extended,FALSE,
abdicatie,0.0925438292564618,1,Brysbaert2014a,1.8,NA,extended,FALSE,
afknapper,0.0925438292564618,1,Brysbaert2014a,1.8,NA,extended,FALSE,
afkomst,0.0925438292564618,1,Brysbaert2014a,1.8,NA,extended,FALSE,
agitator,0.0925438292564618,1,Brysbaert2014a,1.8,NA,extended,FALSE,
anti,0.0925438292564618,1,Brysbaert2014a,1.8,NA,extended,FALSE,
argwaan,0.0925438292564618,1,Brysbaert2014a,1.8,NA,extended,FALSE,
arrondissement,0.0925438292564618,1,Brysbaert2014a,1.8,NA,extended,FALSE,
atheïst,0.0925438292564618,1,Brysbaert2014a,1.8,NA,extended,FALSE,
baaldag,0.0925438292564618,1,Brysbaert2014a,1.8,NA,extended,FALSE,
baten,0.0925438292564618,1,Brysbaert2014a,1.8,NA,extended,FALSE,
bedenking,0.0925438292564618,1,Brysbaert2014a,1.8,NA,extended,FALSE,
bedoening,0.0925438292564618,1,Brysbaert2014a,1.8,NA,extended,FALSE,
beetje,0.0925438292564618,1,Brysbaert2014a,1.8,NA,extended,FALSE,
begroting,0.0925438292564618,1,Brysbaert2014a,1.8,NA,extended,FALSE,
behoefte,0.0925438292564618,1,Brysbaert2014a,1.8,NA,extended,FALSE,
belangstelling,0.0925438292564618,1,Brysbaert2014a,1.8,NA,extended,FALSE,
belichaming,0.0925438292564618,1,Brysbaert2014a,1.8,NA,extended,FALSE,
beraad,0.0925438292564618,1,Brysbaert2014a,1.8,NA,extended,FALSE,
bescheid,0.0925438292564618,1,Brysbaert2014a,1.8,NA,extended,FALSE,
beterschap,0.0925438292564618,1,Brysbaert2014a,1.8,NA,extended,FALSE,
bijstand,0.0925438292564618,1,Brysbaert2014a,1.8,NA,extended,FALSE,
bullshit,0.0925438292564618,1,Brysbaert2014a,1.8,NA,extended,FALSE,
chance,0.0925438292564618,1,Brysbaert2014a,1.8,NA,extended,FALSE,
civiel,0.0925438292564618,1,Brysbaert2014a,1.8,NA,extended,FALSE,
claim,0.0925438292564618,1,Brysbaert2014a,1.8,NA,extended,FALSE,
climax,0.0925438292564618,1,Brysbaert2014a,1.8,NA,extended,FALSE,
comfort,0.0925438292564618,1,Brysbaert2014a,1.8,NA,extended,FALSE,
commercieel,0.0925438292564618,1,Brysbaert2014a,1.8,NA,extended,FALSE,
compromis,0.0925438292564618,1,Brysbaert2014a,1.8,NA,extended,FALSE,
concordaat,0.0925438292564618,1,Brysbaert2014a,1.8,NA,extended,FALSE,
congé,0.0925438292564618,1,Brysbaert2014a,1.8,NA,extended,FALSE,
consequent,0.0925438292564618,1,Brysbaert2014a,1.8,NA,extended,FALSE,
constatatie,0.0925438292564618,1,Brysbaert2014a,1.8,NA,extended,FALSE,
consternatie,0.0925438292564618,1,Brysbaert2014a,1.8,NA,extended,FALSE,
coproductie,0.0925438292564618,1,Brysbaert2014a,1.8,NA,extended,FALSE,
creativiteit,0.0925438292564618,1,Brysbaert2014a,1.8,NA,extended,FALSE,
criminaliteit,0.0925438292564618,1,Brysbaert2014a,1.8,NA,extended,FALSE,
criterium,0.0925438292564618,1,Brysbaert2014a,1.8,NA,extended,FALSE,
diaspora,0.0925438292564618,1,Brysbaert2014a,1.8,NA,extended,FALSE,
didactiek,0.0925438292564618,1,Brysbaert2014a,1.8,NA,extended,FALSE,
differentiatie,0.0925438292564618,1,Brysbaert2014a,1.8,NA,extended,FALSE,
ding,0.0925438292564618,1,Brysbaert2014a,1.8,NA,extended,FALSE,
diplomatiek,0.0925438292564618,1,Brysbaert2014a,1.8,NA,extended,FALSE,
dissident,0.0925438292564618,1,Brysbaert2014a,1.8,NA,extended,FALSE,
doeleinde,0.0925438292564618,1,Brysbaert2014a,1.8,NA,extended,FALSE,
dominantie,0.0925438292564618,1,Brysbaert2014a,1.8,NA,extended,FALSE,
doodbraaf,0.0925438292564618,1,Brysbaert2014a,1.8,NA,extended,FALSE,
doordenkertje,0.0925438292564618,1,Brysbaert2014a,1.8,NA,extended,FALSE,
droes,0.0925438292564618,1,Brysbaert2014a,1.8,NA,extended,FALSE,
eis,0.0925438292564618,1,Brysbaert2014a,1.8,NA,extended,FALSE,
ellenlang,0.0925438292564618,1,Brysbaert2014a,1.8,NA,extended,FALSE,
explicatie,0.0925438292564618,1,Brysbaert2014a,1.8,NA,extended,FALSE,
expres,0.0925438292564618,1,Brysbaert2014a,1.8,NA,extended,FALSE,
extern,0.0925438292564618,1,Brysbaert2014a,1.8,NA,extended,FALSE,
faciliteit,0.0925438292564618,1,Brysbaert2014a,1.8,NA,extended,FALSE,
feitenrelaas,0.0925438292564618,1,Brysbaert2014a,1.8,NA,extended,FALSE,
feminisme,0.0925438292564618,1,Brysbaert2014a,1.8,NA,extended,FALSE,
fobie,0.0925438292564618,1,Brysbaert2014a,1.8,NA,extended,FALSE,
formulering,0.0925438292564618,1,Brysbaert2014a,1.8,NA,extended,FALSE,
futiliteit,0.0925438292564618,1,Brysbaert2014a,1.8,NA,extended,FALSE,
gastronomie,0.0925438292564618,1,Brysbaert2014a,1.8,NA,extended,FALSE,
geluksnummer,0.0925438292564618,1,Brysbaert2014a,1.8,NA,extended,FALSE,
gespreksstof,0.0925438292564618,1,Brysbaert2014a,1.8,NA,extended,FALSE,
gevoelens,0.0925438292564618,1,Brysbaert2014a,1.8,NA,extended,FALSE,
gezag,0.0925438292564618,1,Brysbaert2014a,1.8,NA,extended,FALSE,
godsdienst,0.0925438292564618,1,Brysbaert2014a,1.8,NA,extended,FALSE,
godsgeschenk,0.0925438292564618,1,Brysbaert2014a,1.8,NA,extended,FALSE,
harmonieus,0.0925438292564618,1,Brysbaert2014a,1.8,NA,extended,FALSE,
hartenlust,0.0925438292564618,1,Brysbaert2014a,1.8,NA,extended,FALSE,
heiligheid,0.0925438292564618,1,Brysbaert2014a,1.8,NA,extended,FALSE,
historiek,0.0925438292564618,1,Brysbaert2014a,1.8,NA,extended,FALSE,
hoogverraad,0.0925438292564618,1,Brysbaert2014a,1.8,NA,extended,FALSE,
houvast,0.0925438292564618,1,Brysbaert2014a,1.8,NA,extended,FALSE,
hypothese,0.0925438292564618,1,Brysbaert2014a,1.8,NA,extended,FALSE,
idealist,0.0925438292564618,1,Brysbaert2014a,1.8,NA,extended,FALSE,
ideoloog,0.0925438292564618,1,Brysbaert2014a,1.8,NA,extended,FALSE,
ijdel,0.0925438292564618,1,Brysbaert2014a,1.8,NA,extended,FALSE,
ijver,0.0925438292564618,1,Brysbaert2014a,1.8,NA,extended,FALSE,
imperium,0.0925438292564618,1,Brysbaert2014a,1.8,NA,extended,FALSE,
impressie,0.0925438292564618,1,Brysbaert2014a,1.8,NA,extended,FALSE,
ingetogenheid,0.0925438292564618,1,Brysbaert2014a,1.8,NA,extended,FALSE,
islam,0.0925438292564618,1,Brysbaert2014a,1.8,NA,extended,FALSE,
kerntaak,0.0925438292564618,1,Brysbaert2014a,1.8,NA,extended,FALSE,
ketters,0.0925438292564618,1,Brysbaert2014a,1.8,NA,extended,FALSE,
klassiek,0.0925438292564618,1,Brysbaert2014a,1.8,NA,extended,FALSE,
klerezooi,0.0925438292564618,1,Brysbaert2014a,1.8,NA,extended,FALSE,
kluts,0.0925438292564618,1,Brysbaert2014a,1.8,NA,extended,FALSE,
koopkracht,0.0925438292564618,1,Brysbaert2014a,1.8,NA,extended,FALSE,
koppigheid,0.0925438292564618,1,Brysbaert2014a,1.8,NA,extended,FALSE,
kopzorg,0.0925438292564618,1,Brysbaert2014a,1.8,NA,extended,FALSE,
kunstvorm,0.0925438292564618,1,Brysbaert2014a,1.8,NA,extended,FALSE,
kutwijf,0.0925438292564618,1,Brysbaert2014a,1.8,NA,extended,FALSE,
levensdoel,0.0925438292564618,1,Brysbaert2014a,1.8,NA,extended,FALSE,
levenswerk,0.0925438292564618,1,Brysbaert2014a,1.8,NA,extended,FALSE,
lichtjaar,0.0925438292564618,1,Brysbaert2014a,1.8,NA,extended,FALSE,
liefdadigheid,0.0925438292564618,1,Brysbaert2014a,1.8,NA,extended,FALSE,
lijfspreuk,0.0925438292564618,1,Brysbaert2014a,1.8,NA,extended,FALSE,
logischerwijze,0.0925438292564618,1,Brysbaert2014a,1.8,NA,extended,FALSE,
maatschap,0.0925438292564618,1,Brysbaert2014a,1.8,NA,extended,FALSE,
maling,0.0925438292564618,1,Brysbaert2014a,1.8,NA,extended,FALSE,
maniakaal,0.0925438292564618,1,Brysbaert2014a,1.8,NA,extended,FALSE,
mannenwereld,0.0925438292564618,1,Brysbaert2014a,1.8,NA,extended,FALSE,
mechanisatie,0.0925438292564618,1,Brysbaert2014a,1.8,NA,extended,FALSE,
memorabel,0.0925438292564618,1,Brysbaert2014a,1.8,NA,extended,FALSE,
middenstand,0.0925438292564618,1,Brysbaert2014a,1.8,NA,extended,FALSE,
mijlpaal,0.0925438292564618,1,Brysbaert2014a,1.8,NA,extended,FALSE,
mythe,0.0925438292564618,1,Brysbaert2014a,1.8,NA,extended,FALSE,
nadeel,0.0925438292564618,1,Brysbaert2014a,1.8,NA,extended,FALSE,
naïviteit,0.0925438292564618,1,Brysbaert2014a,1.8,NA,extended,FALSE,
nawerking,0.0925438292564618,1,Brysbaert2014a,1.8,NA,extended,FALSE,
negatie,0.0925438292564618,1,Brysbaert2014a,1.8,NA,extended,FALSE,
neiging,0.0925438292564618,1,Brysbaert2014a,1.8,NA,extended,FALSE,
nominatie,0.0925438292564618,1,Brysbaert2014a,1.8,NA,extended,FALSE,
onderscheid,0.0925438292564618,1,Brysbaert2014a,1.8,NA,extended,FALSE,
ontgroening,0.0925438292564618,1,Brysbaert2014a,1.8,NA,extended,FALSE,
oordeel,0.0925438292564618,1,Brysbaert2014a,1.8,NA,extended,FALSE,
opperbest,0.0925438292564618,1,Brysbaert2014a,1.8,NA,extended,FALSE,
opzicht,0.0925438292564618,1,Brysbaert2014a,1.8,NA,extended,FALSE,
ordinantie,0.0925438292564618,1,Brysbaert2014a,1.8,NA,extended,FALSE,
overlevering,0.0925438292564618,1,Brysbaert2014a,1.8,NA,extended,FALSE,
pariteit,0.0925438292564618,1,Brysbaert2014a,1.8,NA,extended,FALSE,
partieel,0.0925438292564618,1,Brysbaert2014a,1.8,NA,extended,FALSE,
pervers,0.0925438292564618,1,Brysbaert2014a,1.8,NA,extended,FALSE,
perversiteit,0.0925438292564618,1,Brysbaert2014a,1.8,NA,extended,FALSE,
pretentie,0.0925438292564618,1,Brysbaert2014a,1.8,NA,extended,FALSE,
primeur,0.0925438292564618,1,Brysbaert2014a,1.8,NA,extended,FALSE,
principieel,0.0925438292564618,1,Brysbaert2014a,1.8,NA,extended,FALSE,
pronostiek,0.0925438292564618,1,Brysbaert2014a,1.8,NA,extended,FALSE,
proportie,0.0925438292564618,1,Brysbaert2014a,1.8,NA,extended,FALSE,
puurheid,0.0925438292564618,1,Brysbaert2014a,1.8,NA,extended,FALSE,
realist,0.0925438292564618,1,Brysbaert2014a,1.8,NA,extended,FALSE,
recollectie,0.0925438292564618,1,Brysbaert2014a,1.8,NA,extended,FALSE,
reïteratie,0.0925438292564618,1,Brysbaert2014a,1.8,NA,extended,FALSE,
relatie,0.0925438292564618,1,Brysbaert2014a,1.8,NA,extended,FALSE,
reminiscentie,0.0925438292564618,1,Brysbaert2014a,1.8,NA,extended,FALSE,
republikeins,0.0925438292564618,1,Brysbaert2014a,1.8,NA,extended,FALSE,
responsief,0.0925438292564618,1,Brysbaert2014a,1.8,NA,extended,FALSE,
ridicuul,0.0925438292564618,1,Brysbaert2014a,1.8,NA,extended,FALSE,
ruraal,0.0925438292564618,1,Brysbaert2014a,1.8,NA,extended,FALSE,
ruwweg,0.0925438292564618,1,Brysbaert2014a,1.8,NA,extended,FALSE,
seksisme,0.0925438292564618,1,Brysbaert2014a,1.8,NA,extended,FALSE,
sensibiliteit,0.0925438292564618,1,Brysbaert2014a,1.8,NA,extended,FALSE,
soortnaam,0.0925438292564618,1,Brysbaert2014a,1.8,NA,extended,FALSE,
spanning,0.0925438292564618,1,Brysbaert2014a,1.8,NA,extended,FALSE,
specialisatie,0.0925438292564618,1,Brysbaert2014a,1.8,NA,extended,FALSE,
spilziek,0.0925438292564618,1,Brysbaert2014a,1.8,NA,extended,FALSE,
spontaniteit,0.0925438292564618,1,Brysbaert2014a,1.8,NA,extended,FALSE,
steels,0.0925438292564618,1,Brysbaert2014a,1.8,NA,extended,FALSE,
superioriteit,0.0925438292564618,1,Brysbaert2014a,1.8,NA,extended,FALSE,
syndroom,0.0925438292564618,1,Brysbaert2014a,1.8,NA,extended,FALSE,
tegenstelling,0.0925438292564618,1,Brysbaert2014a,1.8,NA,extended,FALSE,
tekortkoming,0.0925438292564618,1,Brysbaert2014a,1.8,NA,extended,FALSE,
thematiek,0.0925438292564618,1,Brysbaert2014a,1.8,NA,extended,FALSE,
toepassing,0.0925438292564618,1,Brysbaert2014a,1.8,NA,extended,FALSE,
totaliteit,0.0925438292564618,1,Brysbaert2014a,1.8,NA,extended,FALSE,
trefzeker,0.0925438292564618,1,Brysbaert2014a,1.8,NA,extended,FALSE,
ultimatum,0.0925438292564618,1,Brysbaert2014a,1.8,NA,extended,FALSE,
verklaring,0.0925438292564618,1,Brysbaert2014a,1.8,NA,extended,FALSE,
vervulling,0.0925438292564618,1,Brysbaert2014a,1.8,NA,extended,FALSE,
verwachting,0.0925438292564618,1,Brysbaert2014a,1.8,NA,extended,FALSE,
verwijzing,0.0925438292564618,1,Brysbaert2014a,1.8,NA,extended,FALSE,
verzuim,0.0925438292564618,1,Brysbaert2014a,1.8,NA,extended,FALSE,
vitaal,0.0925438292564618,1,Brysbaert2014a,1.8,NA,extended,FALSE,
vooroordeel,0.0925438292564618,1,Brysbaert2014a,1.8,NA,extended,FALSE,
voortzetting,0.0925438292564618,1,Brysbaert2014a,1.8,NA,extended,FALSE,
voorzorg,0.0925438292564618,1,Brysbaert2014a,1.8,NA,extended,FALSE,
vrijgevigheid,0.0925438292564618,1,Brysbaert2014a,1.8,NA,extended,FALSE,
waardigheid,0.0925438292564618,1,Brysbaert2014a,1.8,NA,extended,FALSE,
weerlegging,0.0925438292564618,1,Brysbaert2014a,1.8,NA,extended,FALSE,
werkelijkheid,0.0925438292564618,1,Brysbaert2014a,1.8,NA,extended,FALSE,
werkloosheid,0.0925438292564618,1,Brysbaert2014a,1.8,NA,extended,FALSE,
wetsontwerp,0.0925438292564618,1,Brysbaert2014a,1.8,NA,extended,FALSE,
wijze,0.0925438292564618,1,Brysbaert2014a,1.8,NA,extended,FALSE,
wonderkind,0.0925438292564618,1,Brysbaert2014a,1.8,NA,extended,FALSE,
wraakzucht,0.0925438292564618,1,Brysbaert2014a,1.8,NA,extended,FALSE,
wroeging,0.0925438292564618,1,Brysbaert2014a,1.8,NA,extended,FALSE,
wrok,0.0925438292564618,1,Brysbaert2014a,1.8,NA,extended,FALSE,
xenofobie,0.0925438292564618,1,Brysbaert2014a,1.8,NA,extended,FALSE,
zeden,0.0925438292564618,1,Brysbaert2014a,1.8,NA,extended,FALSE,
zelfvertrouwen,0.0925438292564618,1,Brysbaert2014a,1.8,NA,extended,FALSE,
privacy,0.0893065418954466,2,Brysbaert2014a;Jasmin2012,3.255,NA,extended,FALSE,
ellende,0.0892826673164029,2,Brysbaert2014a;Jasmin2012,3.185,NA,extended,FALSE,
verschrikking,0.0860215053763441,1,Jasmin2012,4.57,NA,extended,FALSE,
gewoonte,0.0849499745296429,2,Brysbaert2014a;Jasmin2012,3.03,NA,extended,FALSE,
affect,0.0848867022382371,1,Brysbaert2014a,1.79,NA,extended,FALSE,
anachronisme,0.0848867022382371,1,Brysbaert2014a,1.79,NA,extended,FALSE,
autodidact,0.0848867022382371,1,Brysbaert2014a,1.79,NA,extended,FALSE,
bèta,0.0848867022382371,1,Brysbaert2014a,1.79,NA,extended,FALSE,
bewaarheid,0.0848867022382371,1,Brysbaert2014a,1.79,NA,extended,FALSE,
bijkomstigheid,0.0848867022382371,1,Brysbaert2014a,1.79,NA,extended,FALSE,
bis,0.0848867022382371,1,Brysbaert2014a,1.79,NA,extended,FALSE,
bloedhekel,0.0848867022382371,1,Brysbaert2014a,1.79,NA,extended,FALSE,
categoriek,0.0848867022382371,1,Brysbaert2014a,1.79,NA,extended,FALSE,
consistent,0.0848867022382371,1,Brysbaert2014a,1.79,NA,extended,FALSE,
deductie,0.0848867022382371,1,Brysbaert2014a,1.79,NA,extended,FALSE,
deelwoord,0.0848867022382371,1,Brysbaert2014a,1.79,NA,extended,FALSE,
desinteresse,0.0848867022382371,1,Brysbaert2014a,1.79,NA,extended,FALSE,
fetisjisme,0.0848867022382371,1,Brysbaert2014a,1.79,NA,extended,FALSE,
ledigheid,0.0848867022382371,1,Brysbaert2014a,1.79,NA,extended,FALSE,
liberalisering,0.0848867022382371,1,Brysbaert2014a,1.79,NA,extended,FALSE,
megalomanie,0.0848867022382371,1,Brysbaert2014a,1.79,NA,extended,FALSE,
ministerieel,0.0848867022382371,1,Brysbaert2014a,1.79,NA,extended,FALSE,
opportunist,0.0848867022382371,1,Brysbaert2014a,1.79,NA,extended,FALSE,
persistent,0.0848867022382371,1,Brysbaert2014a,1.79,NA,extended,FALSE,
protectionisme,0.0848867022382371,1,Brysbaert2014a,1.79,NA,extended,FALSE,
punctualiteit,0.0848867022382371,1,Brysbaert2014a,1.79,NA,extended,FALSE,
regulier,0.0848867022382371,1,Brysbaert2014a,1.79,NA,extended,FALSE,
rendabiliteit,0.0848867022382371,1,Brysbaert2014a,1.79,NA,extended,FALSE,
sisser,0.0848867022382371,1,Brysbaert2014a,1.79,NA,extended,FALSE,
stijlfiguur,0.0848867022382371,1,Brysbaert2014a,1.79,NA,extended,FALSE,
stug,0.0848867022382371,1,Brysbaert2014a,1.79,NA,extended,FALSE,
aanzegger,0.0836740350634052,1,Brysbaert2014a,1.78,NA,extended,FALSE,
abuis,0.0836740350634052,1,Brysbaert2014a,1.78,NA,extended,FALSE,
concordantie,0.0836740350634052,1,Brysbaert2014a,1.78,NA,extended,FALSE,
excitatie,0.0836740350634052,1,Brysbaert2014a,1.78,NA,extended,FALSE,
infernaal,0.0836740350634052,1,Brysbaert2014a,1.78,NA,extended,FALSE,
malicieus,0.0836740350634052,1,Brysbaert2014a,1.78,NA,extended,FALSE,
pacifiek,0.0836740350634052,1,Brysbaert2014a,1.78,NA,extended,FALSE,
weltschmerz,0.0836740350634052,1,Brysbaert2014a,1.78,NA,extended,FALSE,
antecedent,0.0828424918578061,1,Brysbaert2014a,1.77,NA,extended,FALSE,
buurtschap,0.0828424918578061,1,Brysbaert2014a,1.77,NA,extended,FALSE,
clou,0.0828424918578061,1,Brysbaert2014a,1.77,NA,extended,FALSE,
eerzucht,0.0828424918578061,1,Brysbaert2014a,1.77,NA,extended,FALSE,
galgenhumor,0.0828424918578061,1,Brysbaert2014a,1.77,NA,extended,FALSE,
handzaam,0.0828424918578061,1,Brysbaert2014a,1.77,NA,extended,FALSE,
incidentie,0.0828424918578061,1,Brysbaert2014a,1.77,NA,extended,FALSE,
insolvabel,0.0828424918578061,1,Brysbaert2014a,1.77,NA,extended,FALSE,
liefdewerk,0.0828424918578061,1,Brysbaert2014a,1.77,NA,extended,FALSE,
naturisme,0.0828424918578061,1,Brysbaert2014a,1.77,NA,extended,FALSE,
percipiëren,0.0828424918578061,1,Brysbaert2014a,1.77,NA,extended,FALSE,
populist,0.0828424918578061,1,Brysbaert2014a,1.77,NA,extended,FALSE,
revelatie,0.0828424918578061,1,Brysbaert2014a,1.77,NA,extended,FALSE,
satisfactie,0.0828424918578061,1,Brysbaert2014a,1.77,NA,extended,FALSE,
spiritisme,0.0828424918578061,1,Brysbaert2014a,1.77,NA,extended,FALSE,
stoemelings,0.0828424918578061,1,Brysbaert2014a,1.77,NA,extended,FALSE,
gebeurtenis,0.0827098311604672,2,Brysbaert2014a;Jasmin2012,2.965,NA,extended,FALSE,
optimisme,0.0819887816178284,2,Brysbaert2014a;Jasmin2012,3.035,NA,extended,FALSE,
bekomst,0.081456586515141,1,Brysbaert2014a,1.75,NA,extended,FALSE,
benedictie,0.081456586515141,1,Brysbaert2014a,1.75,NA,extended,FALSE,
cognitie,0.081456586515141,1,Brysbaert2014a,1.75,NA,extended,FALSE,
contemporain,0.081456586515141,1,Brysbaert2014a,1.75,NA,extended,FALSE,
contrapunt,0.081456586515141,1,Brysbaert2014a,1.75,NA,extended,FALSE,
conveniëren,0.081456586515141,1,Brysbaert2014a,1.75,NA,extended,FALSE,
depletie,0.081456586515141,1,Brysbaert2014a,1.75,NA,extended,FALSE,
deviatie,0.081456586515141,1,Brysbaert2014a,1.75,NA,extended,FALSE,
dichotomie,0.081456586515141,1,Brysbaert2014a,1.75,NA,extended,FALSE,
fenotype,0.081456586515141,1,Brysbaert2014a,1.75,NA,extended,FALSE,
gauwigheid,0.081456586515141,1,Brysbaert2014a,1.75,NA,extended,FALSE,
geestesoog,0.081456586515141,1,Brysbaert2014a,1.75,NA,extended,FALSE,
gezindte,0.081456586515141,1,Brysbaert2014a,1.75,NA,extended,FALSE,
hermeneutiek,0.081456586515141,1,Brysbaert2014a,1.75,NA,extended,FALSE,
hoofdsoort,0.081456586515141,1,Brysbaert2014a,1.75,NA,extended,FALSE,
ontheffing,0.081456586515141,1,Brysbaert2014a,1.75,NA,extended,FALSE,
pacifisme,0.081456586515141,1,Brysbaert2014a,1.75,NA,extended,FALSE,
politioneel,0.081456586515141,1,Brysbaert2014a,1.75,NA,extended,FALSE,
predispositie,0.081456586515141,1,Brysbaert2014a,1.75,NA,extended,FALSE,
remise,0.081456586515141,1,Brysbaert2014a,1.75,NA,extended,FALSE,
ruggespraak,0.081456586515141,1,Brysbaert2014a,1.75,NA,extended,FALSE,
schijtlaars,0.081456586515141,1,Brysbaert2014a,1.75,NA,extended,FALSE,
segregatie,0.081456586515141,1,Brysbaert2014a,1.75,NA,extended,FALSE,
tureluur,0.081456586515141,1,Brysbaert2014a,1.75,NA,extended,FALSE,
theorie,0.0810048012430428,2,Brysbaert2014a;Jasmin2012,3.29,NA,extended,FALSE,
mening,0.0803220938397004,2,Brysbaert2014a;Jasmin2012,3.09,NA,extended,FALSE,
voordeel,0.0797486382486528,2,Brysbaert2014a;Jasmin2012,3.02,NA,extended,FALSE,
moment,0.0771415901003639,2,Brysbaert2014a;Jasmin2012,3.25,NA,extended,FALSE,
aanspraak,0.0755664888088144,1,Brysbaert2014a,1.73,NA,extended,FALSE,
aardigheidje,0.0755664888088144,1,Brysbaert2014a,1.73,NA,extended,FALSE,
adolescentie,0.0755664888088144,1,Brysbaert2014a,1.73,NA,extended,FALSE,
afkeur,0.0755664888088144,1,Brysbaert2014a,1.73,NA,extended,FALSE,
agogiek,0.0755664888088144,1,Brysbaert2014a,1.73,NA,extended,FALSE,
antropologie,0.0755664888088144,1,Brysbaert2014a,1.73,NA,extended,FALSE,
antropomorf,0.0755664888088144,1,Brysbaert2014a,1.73,NA,extended,FALSE,
apartheid,0.0755664888088144,1,Brysbaert2014a,1.73,NA,extended,FALSE,
assertiviteit,0.0755664888088144,1,Brysbaert2014a,1.73,NA,extended,FALSE,
basisregel,0.0755664888088144,1,Brysbaert2014a,1.73,NA,extended,FALSE,
beeldspraak,0.0755664888088144,1,Brysbaert2014a,1.73,NA,extended,FALSE,
bekwaamheid,0.0755664888088144,1,Brysbaert2014a,1.73,NA,extended,FALSE,
beleid,0.0755664888088144,1,Brysbaert2014a,1.73,NA,extended,FALSE,
bemiddeling,0.0755664888088144,1,Brysbaert2014a,1.73,NA,extended,FALSE,
bemoeienis,0.0755664888088144,1,Brysbaert2014a,1.73,NA,extended,FALSE,
berouw,0.0755664888088144,1,Brysbaert2014a,1.73,NA,extended,FALSE,
bezorgdheid,0.0755664888088144,1,Brysbaert2014a,1.73,NA,extended,FALSE,
billijkheid,0.0755664888088144,1,Brysbaert2014a,1.73,NA,extended,FALSE,
bloedwraak,0.0755664888088144,1,Brysbaert2014a,1.73,NA,extended,FALSE,
catastrofaal,0.0755664888088144,1,Brysbaert2014a,1.73,NA,extended,FALSE,
causaliteit,0.0755664888088144,1,Brysbaert2014a,1.73,NA,extended,FALSE,
collegialiteit,0.0755664888088144,1,Brysbaert2014a,1.73,NA,extended,FALSE,
configuratie,0.0755664888088144,1,Brysbaert2014a,1.73,NA,extended,FALSE,
continuüm,0.0755664888088144,1,Brysbaert2014a,1.73,NA,extended,FALSE,
corporatie,0.0755664888088144,1,Brysbaert2014a,1.73,NA,extended,FALSE,
criminologie,0.0755664888088144,1,Brysbaert2014a,1.73,NA,extended,FALSE,
cumul,0.0755664888088144,1,Brysbaert2014a,1.73,NA,extended,FALSE,
cursorisch,0.0755664888088144,1,Brysbaert2014a,1.73,NA,extended,FALSE,
dagvaarden,0.0755664888088144,1,Brysbaert2014a,1.73,NA,extended,FALSE,
degressie,0.0755664888088144,1,Brysbaert2014a,1.73,NA,extended,FALSE,
diepgang,0.0755664888088144,1,Brysbaert2014a,1.73,NA,extended,FALSE,
disjunctie,0.0755664888088144,1,Brysbaert2014a,1.73,NA,extended,FALSE,
divers,0.0755664888088144,1,Brysbaert2014a,1.73,NA,extended,FALSE,
dynastie,0.0755664888088144,1,Brysbaert2014a,1.73,NA,extended,FALSE,
ecologie,0.0755664888088144,1,Brysbaert2014a,1.73,NA,extended,FALSE,
esthetiek,0.0755664888088144,1,Brysbaert2014a,1.73,NA,extended,FALSE,
etniciteit,0.0755664888088144,1,Brysbaert2014a,1.73,NA,extended,FALSE,
evolutie,0.0755664888088144,1,Brysbaert2014a,1.73,NA,extended,FALSE,
extrinsiek,0.0755664888088144,1,Brysbaert2014a,1.73,NA,extended,FALSE,
factor,0.0755664888088144,1,Brysbaert2014a,1.73,NA,extended,FALSE,
fiscaliteit,0.0755664888088144,1,Brysbaert2014a,1.73,NA,extended,FALSE,
formaliteit,0.0755664888088144,1,Brysbaert2014a,1.73,NA,extended,FALSE,
functie,0.0755664888088144,1,Brysbaert2014a,1.73,NA,extended,FALSE,
gemeenschap,0.0755664888088144,1,Brysbaert2014a,1.73,NA,extended,FALSE,
gemis,0.0755664888088144,1,Brysbaert2014a,1.73,NA,extended,FALSE,
genre,0.0755664888088144,1,Brysbaert2014a,1.73,NA,extended,FALSE,
geval,0.0755664888088144,1,Brysbaert2014a,1.73,NA,extended,FALSE,
grammaticaal,0.0755664888088144,1,Brysbaert2014a,1.73,NA,extended,FALSE,
grondwet,0.0755664888088144,1,Brysbaert2014a,1.73,NA,extended,FALSE,
halsoverkop,0.0755664888088144,1,Brysbaert2014a,1.73,NA,extended,FALSE,
heerschap,0.0755664888088144,1,Brysbaert2014a,1.73,NA,extended,FALSE,
herkomst,0.0755664888088144,1,Brysbaert2014a,1.73,NA,extended,FALSE,
hoelang,0.0755664888088144,1,Brysbaert2014a,1.73,NA,extended,FALSE,
hoogachting,0.0755664888088144,1,Brysbaert2014a,1.73,NA,extended,FALSE,
hormonaal,0.0755664888088144,1,Brysbaert2014a,1.73,NA,extended,FALSE,
humanisme,0.0755664888088144,1,Brysbaert2014a,1.73,NA,extended,FALSE,
ietsje,0.0755664888088144,1,Brysbaert2014a,1.73,NA,extended,FALSE,
immuniteit,0.0755664888088144,1,Brysbaert2014a,1.73,NA,extended,FALSE,
implementatie,0.0755664888088144,1,Brysbaert2014a,1.73,NA,extended,FALSE,
indicatie,0.0755664888088144,1,Brysbaert2014a,1.73,NA,extended,FALSE,
ingeving,0.0755664888088144,1,Brysbaert2014a,1.73,NA,extended,FALSE,
initiatief,0.0755664888088144,1,Brysbaert2014a,1.73,NA,extended,FALSE,
initieel,0.0755664888088144,1,Brysbaert2014a,1.73,NA,extended,FALSE,
invloed,0.0755664888088144,1,Brysbaert2014a,1.73,NA,extended,FALSE,
karma,0.0755664888088144,1,Brysbaert2014a,1.73,NA,extended,FALSE,
kenmerk,0.0755664888088144,1,Brysbaert2014a,1.73,NA,extended,FALSE,
ketterij,0.0755664888088144,1,Brysbaert2014a,1.73,NA,extended,FALSE,
kolonialisme,0.0755664888088144,1,Brysbaert2014a,1.73,NA,extended,FALSE,
levensmoe,0.0755664888088144,1,Brysbaert2014a,1.73,NA,extended,FALSE,
levenswijze,0.0755664888088144,1,Brysbaert2014a,1.73,NA,extended,FALSE,
lof,0.0755664888088144,1,Brysbaert2014a,1.73,NA,extended,FALSE,
louche,0.0755664888088144,1,Brysbaert2014a,1.73,NA,extended,FALSE,
manziek,0.0755664888088144,1,Brysbaert2014a,1.73,NA,extended,FALSE,
marketing,0.0755664888088144,1,Brysbaert2014a,1.73,NA,extended,FALSE,
materialist,0.0755664888088144,1,Brysbaert2014a,1.73,NA,extended,FALSE,
mededeelzaam,0.0755664888088144,1,Brysbaert2014a,1.73,NA,extended,FALSE,
megasucces,0.0755664888088144,1,Brysbaert2014a,1.73,NA,extended,FALSE,
meligheid,0.0755664888088144,1,Brysbaert2014a,1.73,NA,extended,FALSE,
menselijkheid,0.0755664888088144,1,Brysbaert2014a,1.73,NA,extended,FALSE,
moed,0.0755664888088144,1,Brysbaert2014a,1.73,NA,extended,FALSE,
mysterieus,0.0755664888088144,1,Brysbaert2014a,1.73,NA,extended,FALSE,
nabijheid,0.0755664888088144,1,Brysbaert2014a,1.73,NA,extended,FALSE,
narigheid,0.0755664888088144,1,Brysbaert2014a,1.73,NA,extended,FALSE,
naturalisatie,0.0755664888088144,1,Brysbaert2014a,1.73,NA,extended,FALSE,
neutraliteit,0.0755664888088144,1,Brysbaert2014a,1.73,NA,extended,FALSE,
niemandsland,0.0755664888088144,1,Brysbaert2014a,1.73,NA,extended,FALSE,
obsceniteit,0.0755664888088144,1,Brysbaert2014a,1.73,NA,extended,FALSE,
omgang,0.0755664888088144,1,Brysbaert2014a,1.73,NA,extended,FALSE,
onenigheid,0.0755664888088144,1,Brysbaert2014a,1.73,NA,extended,FALSE,
ongedwongen,0.0755664888088144,1,Brysbaert2014a,1.73,NA,extended,FALSE,
onzekerheid,0.0755664888088144,1,Brysbaert2014a,1.73,NA,extended,FALSE,
organisatie,0.0755664888088144,1,Brysbaert2014a,1.73,NA,extended,FALSE,
overheid,0.0755664888088144,1,Brysbaert2014a,1.73,NA,extended,FALSE,
paraat,0.0755664888088144,1,Brysbaert2014a,1.73,NA,extended,FALSE,
penarie,0.0755664888088144,1,Brysbaert2014a,1.73,NA,extended,FALSE,
penibel,0.0755664888088144,1,Brysbaert2014a,1.73,NA,extended,FALSE,
perfect,0.0755664888088144,1,Brysbaert2014a,1.73,NA,extended,FALSE,
permanentie,0.0755664888088144,1,Brysbaert2014a,1.73,NA,extended,FALSE,
populariteit,0.0755664888088144,1,Brysbaert2014a,1.73,NA,extended,FALSE,
privatisering,0.0755664888088144,1,Brysbaert2014a,1.73,NA,extended,FALSE,
racisme,0.0755664888088144,1,Brysbaert2014a,1.73,NA,extended,FALSE,
recapitulatie,0.0755664888088144,1,Brysbaert2014a,1.73,NA,extended,FALSE,
recessie,0.0755664888088144,1,Brysbaert2014a,1.73,NA,extended,FALSE,
reden,0.0755664888088144,1,Brysbaert2014a,1.73,NA,extended,FALSE,
regelrecht,0.0755664888088144,1,Brysbaert2014a,1.73,NA,extended,FALSE,
repercussie,0.0755664888088144,1,Brysbaert2014a,1.73,NA,extended,FALSE,
scepticisme,0.0755664888088144,1,Brysbaert2014a,1.73,NA,extended,FALSE,
schaamte,0.0755664888088144,1,Brysbaert2014a,1.73,NA,extended,FALSE,
schandaleus,0.0755664888088144,1,Brysbaert2014a,1.73,NA,extended,FALSE,
schik,0.0755664888088144,1,Brysbaert2014a,1.73,NA,extended,FALSE,
seculier,0.0755664888088144,1,Brysbaert2014a,1.73,NA,extended,FALSE,
selectiviteit,0.0755664888088144,1,Brysbaert2014a,1.73,NA,extended,FALSE,
sluwheid,0.0755664888088144,1,Brysbaert2014a,1.73,NA,extended,FALSE,
smaad,0.0755664888088144,1,Brysbaert2014a,1.73,NA,extended,FALSE,
socialisme,0.0755664888088144,1,Brysbaert2014a,1.73,NA,extended,FALSE,
sorry,0.0755664888088144,1,Brysbaert2014a,1.73,NA,extended,FALSE,
specificatie,0.0755664888088144,1,Brysbaert2014a,1.73,NA,extended,FALSE,
superstitie,0.0755664888088144,1,Brysbaert2014a,1.73,NA,extended,FALSE,
surrealisme,0.0755664888088144,1,Brysbaert2014a,1.73,NA,extended,FALSE,
systematiek,0.0755664888088144,1,Brysbaert2014a,1.73,NA,extended,FALSE,
taal,0.0755664888088144,1,Brysbaert2014a,1.73,NA,extended,FALSE,
taalrol,0.0755664888088144,1,Brysbaert2014a,1.73,NA,extended,FALSE,
tegenspoed,0.0755664888088144,1,Brysbaert2014a,1.73,NA,extended,FALSE,
tegoed,0.0755664888088144,1,Brysbaert2014a,1.73,NA,extended,FALSE,
tirannie,0.0755664888088144,1,Brysbaert2014a,1.73,NA,extended,FALSE,
tof,0.0755664888088144,1,Brysbaert2014a,1.73,NA,extended,FALSE,
type,0.0755664888088144,1,Brysbaert2014a,1.73,NA,extended,FALSE,
uitzondering,0.0755664888088144,1,Brysbaert2014a,1.73,NA,extended,FALSE,
vaardigheid,0.0755664888088144,1,Brysbaert2014a,1.73,NA,extended,FALSE,
verachting,0.0755664888088144,1,Brysbaert2014a,1.73,NA,extended,FALSE,
voorlichting,0.0755664888088144,1,Brysbaert2014a,1.73,NA,extended,FALSE,
vruchtgebruik,0.0755664888088144,1,Brysbaert2014a,1.73,NA,extended,FALSE,
waarde,0.0755664888088144,1,Brysbaert2014a,1.73,NA,extended,FALSE,
weerkunde,0.0755664888088144,1,Brysbaert2014a,1.73,NA,extended,FALSE,
wekenlang,0.0755664888088144,1,Brysbaert2014a,1.73,NA,extended,FALSE,
werkwoord,0.0755664888088144,1,Brysbaert2014a,1.73,NA,extended,FALSE,
wetenschap,0.0755664888088144,1,Brysbaert2014a,1.73,NA,extended,FALSE,
wreedheid,0.0755664888088144,1,Brysbaert2014a,1.73,NA,extended,FALSE,
zegswijze,0.0755664888088144,1,Brysbaert2014a,1.73,NA,extended,FALSE,
kwaliteit,0.075393778427514,2,Brysbaert2014a;Jasmin2012,3.045,NA,extended,FALSE,
onwetendheid,0.0750663644995627,2,Brysbaert2014a;Jasmin2012,3.19,NA,extended,FALSE,
ijdelheid,0.0740735669850524,2,Brysbaert2014a;Jasmin2012,3.065,NA,extended,FALSE,
kwaadwilligheid,0.0725806451612903,1,Jasmin2012,4.4,NA,extended,FALSE,
obsessie,0.0693817930783715,2,Brysbaert2014a;Jasmin2012,3.05,NA,extended,FALSE,
absentie,0.0691220289654217,1,Brysbaert2014a,1.71,NA,extended,FALSE,
adaptatie,0.0691220289654217,1,Brysbaert2014a,1.71,NA,extended,FALSE,
affiniteit,0.0691220289654217,1,Brysbaert2014a,1.71,NA,extended,FALSE,
afzetgebied,0.0691220289654217,1,Brysbaert2014a,1.71,NA,extended,FALSE,
allure,0.0691220289654217,1,Brysbaert2014a,1.71,NA,extended,FALSE,
berechting,0.0691220289654217,1,Brysbaert2014a,1.71,NA,extended,FALSE,
berusting,0.0691220289654217,1,Brysbaert2014a,1.71,NA,extended,FALSE,
bonjour,0.0691220289654217,1,Brysbaert2014a,1.71,NA,extended,FALSE,
coherent,0.0691220289654217,1,Brysbaert2014a,1.71,NA,extended,FALSE,
contributie,0.0691220289654217,1,Brysbaert2014a,1.71,NA,extended,FALSE,
conventioneel,0.0691220289654217,1,Brysbaert2014a,1.71,NA,extended,FALSE,
conversie,0.0691220289654217,1,Brysbaert2014a,1.71,NA,extended,FALSE,
dialectiek,0.0691220289654217,1,Brysbaert2014a,1.71,NA,extended,FALSE,
drommels,0.0691220289654217,1,Brysbaert2014a,1.71,NA,extended,FALSE,
dynamisme,0.0691220289654217,1,Brysbaert2014a,1.71,NA,extended,FALSE,
efficiency,0.0691220289654217,1,Brysbaert2014a,1.71,NA,extended,FALSE,
fysiognomie,0.0691220289654217,1,Brysbaert2014a,1.71,NA,extended,FALSE,
geneugte,0.0691220289654217,1,Brysbaert2014a,1.71,NA,extended,FALSE,
homologatie,0.0691220289654217,1,Brysbaert2014a,1.71,NA,extended,FALSE,
inflatie,0.0691220289654217,1,Brysbaert2014a,1.71,NA,extended,FALSE,
kleptomanie,0.0691220289654217,1,Brysbaert2014a,1.71,NA,extended,FALSE,
loer,0.0691220289654217,1,Brysbaert2014a,1.71,NA,extended,FALSE,
marxisme,0.0691220289654217,1,Brysbaert2014a,1.71,NA,extended,FALSE,
melancholie,0.0691220289654217,1,Brysbaert2014a,1.71,NA,extended,FALSE,
memorie,0.0691220289654217,1,Brysbaert2014a,1.71,NA,extended,FALSE,
monastiek,0.0691220289654217,1,Brysbaert2014a,1.71,NA,extended,FALSE,
mortaliteit,0.0691220289654217,1,Brysbaert2014a,1.71,NA,extended,FALSE,
noppes,0.0691220289654217,1,Brysbaert2014a,1.71,NA,extended,FALSE,
opportuun,0.0691220289654217,1,Brysbaert2014a,1.71,NA,extended,FALSE,
puritein,0.0691220289654217,1,Brysbaert2014a,1.71,NA,extended,FALSE,
regressie,0.0691220289654217,1,Brysbaert2014a,1.71,NA,extended,FALSE,
schoffie,0.0691220289654217,1,Brysbaert2014a,1.71,NA,extended,FALSE,
teloorgang,0.0691220289654217,1,Brysbaert2014a,1.71,NA,extended,FALSE,
tweespraak,0.0691220289654217,1,Brysbaert2014a,1.71,NA,extended,FALSE,
typering,0.0691220289654217,1,Brysbaert2014a,1.71,NA,extended,FALSE,
vastigheid,0.0691220289654217,1,Brysbaert2014a,1.71,NA,extended,FALSE,
vergelding,0.0691220289654217,1,Brysbaert2014a,1.71,NA,extended,FALSE,
wilskracht,0.0691220289654217,1,Brysbaert2014a,1.71,NA,extended,FALSE,
wording,0.0691220289654217,1,Brysbaert2014a,1.71,NA,extended,FALSE,
zingeving,0.0691220289654217,1,Brysbaert2014a,1.71,NA,extended,FALSE,
fase,0.0686972228990308,2,Brysbaert2014a;Jasmin2012,3.015,NA,extended,FALSE,
passie,0.0685479214027746,2,Brysbaert2014a;Jasmin2012,2.835,NA,extended,FALSE,
accreditatie,0.0675628854549234,1,Brysbaert2014a,1.7,NA,extended,FALSE,
congregatie,0.0675628854549234,1,Brysbaert2014a,1.7,NA,extended,FALSE,
doodseskader,0.0675628854549234,1,Brysbaert2014a,1.7,NA,extended,FALSE,
gramschap,0.0675628854549234,1,Brysbaert2014a,1.7,NA,extended,FALSE,
ha,0.0675628854549234,1,Brysbaert2014a,1.7,NA,extended,FALSE,
acquisitie,0.0666966946157577,1,Brysbaert2014a,1.69,NA,extended,FALSE,
arbeidzaam,0.0666966946157577,1,Brysbaert2014a,1.69,NA,extended,FALSE,
banvloek,0.0666966946157577,1,Brysbaert2014a,1.69,NA,extended,FALSE,
bejegening,0.0666966946157577,1,Brysbaert2014a,1.69,NA,extended,FALSE,
bigamie,0.0666966946157577,1,Brysbaert2014a,1.69,NA,extended,FALSE,
bijgeval,0.0666966946157577,1,Brysbaert2014a,1.69,NA,extended,FALSE,
constellatie,0.0666966946157577,1,Brysbaert2014a,1.69,NA,extended,FALSE,
demagogie,0.0666966946157577,1,Brysbaert2014a,1.69,NA,extended,FALSE,
farce,0.0666966946157577,1,Brysbaert2014a,1.69,NA,extended,FALSE,
gewin,0.0666966946157577,1,Brysbaert2014a,1.69,NA,extended,FALSE,
hostiliteit,0.0666966946157577,1,Brysbaert2014a,1.69,NA,extended,FALSE,
hypochonder,0.0666966946157577,1,Brysbaert2014a,1.69,NA,extended,FALSE,
incongruentie,0.0666966946157577,1,Brysbaert2014a,1.69,NA,extended,FALSE,
menselijkerwijs,0.0666966946157577,1,Brysbaert2014a,1.69,NA,extended,FALSE,
puriteins,0.0666966946157577,1,Brysbaert2014a,1.69,NA,extended,FALSE,
singulier,0.0666966946157577,1,Brysbaert2014a,1.69,NA,extended,FALSE,
sinister,0.0666966946157577,1,Brysbaert2014a,1.69,NA,extended,FALSE,
teneur,0.0666966946157577,1,Brysbaert2014a,1.69,NA,extended,FALSE,
translatie,0.0666966946157577,1,Brysbaert2014a,1.69,NA,extended,FALSE,
twistappel,0.0666966946157577,1,Brysbaert2014a,1.69,NA,extended,FALSE,
aanvaarding,0.066307778033599,2,Brysbaert2014a;Jasmin2012,2.79,NA,extended,FALSE,
idee,0.0655155394015621,2,Brysbaert2014a;Jasmin2012,3.135,NA,extended,FALSE,
god,0.0646649648345147,2,Brysbaert2014a;Jasmin2012,2.965,NA,extended,FALSE,
vrede,0.064641090255471,2,Brysbaert2014a;Jasmin2012,2.9,NA,extended,FALSE,
aanname,0.0608065969094311,1,Brysbaert2014a,1.67,NA,extended,FALSE,
adorabel,0.0608065969094311,1,Brysbaert2014a,1.67,NA,extended,FALSE,
adverbium,0.0608065969094311,1,Brysbaert2014a,1.67,NA,extended,FALSE,
advocatuur,0.0608065969094311,1,Brysbaert2014a,1.67,NA,extended,FALSE,
agorafobie,0.0608065969094311,1,Brysbaert2014a,1.67,NA,extended,FALSE,
aimabel,0.0608065969094311,1,Brysbaert2014a,1.67,NA,extended,FALSE,
amateurisme,0.0608065969094311,1,Brysbaert2014a,1.67,NA,extended,FALSE,
amblyopie,0.0608065969094311,1,Brysbaert2014a,1.67,NA,extended,FALSE,
analogie,0.0608065969094311,1,Brysbaert2014a,1.67,NA,extended,FALSE,
anomalie,0.0608065969094311,1,Brysbaert2014a,1.67,NA,extended,FALSE,
anticlimax,0.0608065969094311,1,Brysbaert2014a,1.67,NA,extended,FALSE,
apathie,0.0608065969094311,1,Brysbaert2014a,1.67,NA,extended,FALSE,
bevoegdheid,0.0608065969094311,1,Brysbaert2014a,1.67,NA,extended,FALSE,
bezieling,0.0608065969094311,1,Brysbaert2014a,1.67,NA,extended,FALSE,
bureaucratie,0.0608065969094311,1,Brysbaert2014a,1.67,NA,extended,FALSE,
calvinist,0.0608065969094311,1,Brysbaert2014a,1.67,NA,extended,FALSE,
charisma,0.0608065969094311,1,Brysbaert2014a,1.67,NA,extended,FALSE,
cherub,0.0608065969094311,1,Brysbaert2014a,1.67,NA,extended,FALSE,
christendom,0.0608065969094311,1,Brysbaert2014a,1.67,NA,extended,FALSE,
clausule,0.0608065969094311,1,Brysbaert2014a,1.67,NA,extended,FALSE,
cliché,0.0608065969094311,1,Brysbaert2014a,1.67,NA,extended,FALSE,
collegiaal,0.0608065969094311,1,Brysbaert2014a,1.67,NA,extended,FALSE,
consolidatie,0.0608065969094311,1,Brysbaert2014a,1.67,NA,extended,FALSE,
context,0.0608065969094311,1,Brysbaert2014a,1.67,NA,extended,FALSE,
convenabel,0.0608065969094311,1,Brysbaert2014a,1.67,NA,extended,FALSE,
deficiëntie,0.0608065969094311,1,Brysbaert2014a,1.67,NA,extended,FALSE,
democratie,0.0608065969094311,1,Brysbaert2014a,1.67,NA,extended,FALSE,
denktank,0.0608065969094311,1,Brysbaert2014a,1.67,NA,extended,FALSE,
discrepantie,0.0608065969094311,1,Brysbaert2014a,1.67,NA,extended,FALSE,
dissociatie,0.0608065969094311,1,Brysbaert2014a,1.67,NA,extended,FALSE,
duiding,0.0608065969094311,1,Brysbaert2014a,1.67,NA,extended,FALSE,
dynamiek,0.0608065969094311,1,Brysbaert2014a,1.67,NA,extended,FALSE,
eloquentie,0.0608065969094311,1,Brysbaert2014a,1.67,NA,extended,FALSE,
emancipatie,0.0608065969094311,1,Brysbaert2014a,1.67,NA,extended,FALSE,
endocrinologie,0.0608065969094311,1,Brysbaert2014a,1.67,NA,extended,FALSE,
enne,0.0608065969094311,1,Brysbaert2014a,1.67,NA,extended,FALSE,
epidemiologie,0.0608065969094311,1,Brysbaert2014a,1.67,NA,extended,FALSE,
ernst,0.0608065969094311,1,Brysbaert2014a,1.67,NA,extended,FALSE,
extreem,0.0608065969094311,1,Brysbaert2014a,1.67,NA,extended,FALSE,
extremisme,0.0608065969094311,1,Brysbaert2014a,1.67,NA,extended,FALSE,
federatie,0.0608065969094311,1,Brysbaert2014a,1.67,NA,extended,FALSE,
feeling,0.0608065969094311,1,Brysbaert2014a,1.67,NA,extended,FALSE,
feit,0.0608065969094311,1,Brysbaert2014a,1.67,NA,extended,FALSE,
gekkenwerk,0.0608065969094311,1,Brysbaert2014a,1.67,NA,extended,FALSE,
genereus,0.0608065969094311,1,Brysbaert2014a,1.67,NA,extended,FALSE,
geniep,0.0608065969094311,1,Brysbaert2014a,1.67,NA,extended,FALSE,
gerontologie,0.0608065969094311,1,Brysbaert2014a,1.67,NA,extended,FALSE,
gesodemieter,0.0608065969094311,1,Brysbaert2014a,1.67,NA,extended,FALSE,
gevolgen,0.0608065969094311,1,Brysbaert2014a,1.67,NA,extended,FALSE,
gierigheid,0.0608065969094311,1,Brysbaert2014a,1.67,NA,extended,FALSE,
gratie,0.0608065969094311,1,Brysbaert2014a,1.67,NA,extended,FALSE,
grutter,0.0608065969094311,1,Brysbaert2014a,1.67,NA,extended,FALSE,
habbekrats,0.0608065969094311,1,Brysbaert2014a,1.67,NA,extended,FALSE,
hatelijkheid,0.0608065969094311,1,Brysbaert2014a,1.67,NA,extended,FALSE,
hemels,0.0608065969094311,1,Brysbaert2014a,1.67,NA,extended,FALSE,
honneurs,0.0608065969094311,1,Brysbaert2014a,1.67,NA,extended,FALSE,
hoop,0.0608065969094311,1,Brysbaert2014a,1.67,NA,extended,FALSE,
huichelarij,0.0608065969094311,1,Brysbaert2014a,1.67,NA,extended,FALSE,
illuster,0.0608065969094311,1,Brysbaert2014a,1.67,NA,extended,FALSE,
imaginatie,0.0608065969094311,1,Brysbaert2014a,1.67,NA,extended,FALSE,
imperfect,0.0608065969094311,1,Brysbaert2014a,1.67,NA,extended,FALSE,
indiscretie,0.0608065969094311,1,Brysbaert2014a,1.67,NA,extended,FALSE,
inspiratie,0.0608065969094311,1,Brysbaert2014a,1.67,NA,extended,FALSE,
institutie,0.0608065969094311,1,Brysbaert2014a,1.67,NA,extended,FALSE,
integriteit,0.0608065969094311,1,Brysbaert2014a,1.67,NA,extended,FALSE,
intelligentie,0.0608065969094311,1,Brysbaert2014a,1.67,NA,extended,FALSE,
intensiteit,0.0608065969094311,1,Brysbaert2014a,1.67,NA,extended,FALSE,
interesse,0.0608065969094311,1,Brysbaert2014a,1.67,NA,extended,FALSE,
interpretatie,0.0608065969094311,1,Brysbaert2014a,1.67,NA,extended,FALSE,
judicium,0.0608065969094311,1,Brysbaert2014a,1.67,NA,extended,FALSE,
juistheid,0.0608065969094311,1,Brysbaert2014a,1.67,NA,extended,FALSE,
jumelage,0.0608065969094311,1,Brysbaert2014a,1.67,NA,extended,FALSE,
klote,0.0608065969094311,1,Brysbaert2014a,1.67,NA,extended,FALSE,
kosmologie,0.0608065969094311,1,Brysbaert2014a,1.67,NA,extended,FALSE,
kwelder,0.0608065969094311,1,Brysbaert2014a,1.67,NA,extended,FALSE,
landverraad,0.0608065969094311,1,Brysbaert2014a,1.67,NA,extended,FALSE,
levenskracht,0.0608065969094311,1,Brysbaert2014a,1.67,NA,extended,FALSE,
levenslust,0.0608065969094311,1,Brysbaert2014a,1.67,NA,extended,FALSE,
loyaliteit,0.0608065969094311,1,Brysbaert2014a,1.67,NA,extended,FALSE,
marktpositie,0.0608065969094311,1,Brysbaert2014a,1.67,NA,extended,FALSE,
methodiek,0.0608065969094311,1,Brysbaert2014a,1.67,NA,extended,FALSE,
metrum,0.0608065969094311,1,Brysbaert2014a,1.67,NA,extended,FALSE,
middenklasse,0.0608065969094311,1,Brysbaert2014a,1.67,NA,extended,FALSE,
minoriteit,0.0608065969094311,1,Brysbaert2014a,1.67,NA,extended,FALSE,
modernisme,0.0608065969094311,1,Brysbaert2014a,1.67,NA,extended,FALSE,
moeilijkheid,0.0608065969094311,1,Brysbaert2014a,1.67,NA,extended,FALSE,
muizenissen,0.0608065969094311,1,Brysbaert2014a,1.67,NA,extended,FALSE,
nuancering,0.0608065969094311,1,Brysbaert2014a,1.67,NA,extended,FALSE,
onderwerp,0.0608065969094311,1,Brysbaert2014a,1.67,NA,extended,FALSE,
ongehoord,0.0608065969094311,1,Brysbaert2014a,1.67,NA,extended,FALSE,
onraad,0.0608065969094311,1,Brysbaert2014a,1.67,NA,extended,FALSE,
oorsprong,0.0608065969094311,1,Brysbaert2014a,1.67,NA,extended,FALSE,
opinie,0.0608065969094311,1,Brysbaert2014a,1.67,NA,extended,FALSE,
opportuniteit,0.0608065969094311,1,Brysbaert2014a,1.67,NA,extended,FALSE,
oppositie,0.0608065969094311,1,Brysbaert2014a,1.67,NA,extended,FALSE,
opvolging,0.0608065969094311,1,Brysbaert2014a,1.67,NA,extended,FALSE,
paasbest,0.0608065969094311,1,Brysbaert2014a,1.67,NA,extended,FALSE,
pandemonium,0.0608065969094311,1,Brysbaert2014a,1.67,NA,extended,FALSE,
participium,0.0608065969094311,1,Brysbaert2014a,1.67,NA,extended,FALSE,
perplex,0.0608065969094311,1,Brysbaert2014a,1.67,NA,extended,FALSE,
pontificaal,0.0608065969094311,1,Brysbaert2014a,1.67,NA,extended,FALSE,
potjeslatijn,0.0608065969094311,1,Brysbaert2014a,1.67,NA,extended,FALSE,
probleem,0.0608065969094311,1,Brysbaert2014a,1.67,NA,extended,FALSE,
proficiat,0.0608065969094311,1,Brysbaert2014a,1.67,NA,extended,FALSE,
profilering,0.0608065969094311,1,Brysbaert2014a,1.67,NA,extended,FALSE,
protegé,0.0608065969094311,1,Brysbaert2014a,1.67,NA,extended,FALSE,
psychoanalyse,0.0608065969094311,1,Brysbaert2014a,1.67,NA,extended,FALSE,
psychologie,0.0608065969094311,1,Brysbaert2014a,1.67,NA,extended,FALSE,
rede,0.0608065969094311,1,Brysbaert2014a,1.67,NA,extended,FALSE,
redundantie,0.0608065969094311,1,Brysbaert2014a,1.67,NA,extended,FALSE,
reïncarnatie,0.0608065969094311,1,Brysbaert2014a,1.67,NA,extended,FALSE,
ressentiment,0.0608065969094311,1,Brysbaert2014a,1.67,NA,extended,FALSE,
retorica,0.0608065969094311,1,Brysbaert2014a,1.67,NA,extended,FALSE,
risicovol,0.0608065969094311,1,Brysbaert2014a,1.67,NA,extended,FALSE,
roeping,0.0608065969094311,1,Brysbaert2014a,1.67,NA,extended,FALSE,
rul,0.0608065969094311,1,Brysbaert2014a,1.67,NA,extended,FALSE,
satire,0.0608065969094311,1,Brysbaert2014a,1.67,NA,extended,FALSE,
schepping,0.0608065969094311,1,Brysbaert2014a,1.67,NA,extended,FALSE,
sensitiviteit,0.0608065969094311,1,Brysbaert2014a,1.67,NA,extended,FALSE,
separatist,0.0608065969094311,1,Brysbaert2014a,1.67,NA,extended,FALSE,
situering,0.0608065969094311,1,Brysbaert2014a,1.67,NA,extended,FALSE,
slaapwel,0.0608065969094311,1,Brysbaert2014a,1.67,NA,extended,FALSE,
snobisme,0.0608065969094311,1,Brysbaert2014a,1.67,NA,extended,FALSE,
soort,0.0608065969094311,1,Brysbaert2014a,1.67,NA,extended,FALSE,
spijt,0.0608065969094311,1,Brysbaert2014a,1.67,NA,extended,FALSE,
spiritual,0.0608065969094311,1,Brysbaert2014a,1.67,NA,extended,FALSE,
staatszaak,0.0608065969094311,1,Brysbaert2014a,1.67,NA,extended,FALSE,
stamtijd,0.0608065969094311,1,Brysbaert2014a,1.67,NA,extended,FALSE,
standaardisatie,0.0608065969094311,1,Brysbaert2014a,1.67,NA,extended,FALSE,
strekking,0.0608065969094311,1,Brysbaert2014a,1.67,NA,extended,FALSE,
subtiliteit,0.0608065969094311,1,Brysbaert2014a,1.67,NA,extended,FALSE,
superieur,0.0608065969094311,1,Brysbaert2014a,1.67,NA,extended,FALSE,
taalgebruik,0.0608065969094311,1,Brysbaert2014a,1.67,NA,extended,FALSE,
tal,0.0608065969094311,1,Brysbaert2014a,1.67,NA,extended,FALSE,
verantwoording,0.0608065969094311,1,Brysbaert2014a,1.67,NA,extended,FALSE,
voeling,0.0608065969094311,1,Brysbaert2014a,1.67,NA,extended,FALSE,
voorwaarde,0.0608065969094311,1,Brysbaert2014a,1.67,NA,extended,FALSE,
wanprestatie,0.0608065969094311,1,Brysbaert2014a,1.67,NA,extended,FALSE,
weerzin,0.0608065969094311,1,Brysbaert2014a,1.67,NA,extended,FALSE,
welvaart,0.0608065969094311,1,Brysbaert2014a,1.67,NA,extended,FALSE,
wereldwijd,0.0608065969094311,1,Brysbaert2014a,1.67,NA,extended,FALSE,
wijzelf,0.0608065969094311,1,Brysbaert2014a,1.67,NA,extended,FALSE,
zakenwereld,0.0608065969094311,1,Brysbaert2014a,1.67,NA,extended,FALSE,
zeggenschap,0.0608065969094311,1,Brysbaert2014a,1.67,NA,extended,FALSE,
succes,0.0572850188848231,2,Brysbaert2014a;Jasmin2012,2.935,NA,extended,FALSE,
gerechtigheid,0.0566159097462676,2,Brysbaert2014a;Jasmin2012,3.05,NA,extended,FALSE,
methode,0.0561285454526037,2,Brysbaert2014a;Jasmin2012,2.735,NA,extended,FALSE,
ambitie,0.0556362137562779,2,Brysbaert2014a;Jasmin2012,3.04,NA,extended,FALSE,
acclimatisatie,0.0541888988982053,1,Brysbaert2014a,1.64,NA,extended,FALSE,
activisme,0.0541888988982053,1,Brysbaert2014a,1.64,NA,extended,FALSE,
amnestie,0.0541888988982053,1,Brysbaert2014a,1.64,NA,extended,FALSE,
anno,0.0541888988982053,1,Brysbaert2014a,1.64,NA,extended,FALSE,
antimaterie,0.0541888988982053,1,Brysbaert2014a,1.64,NA,extended,FALSE,
archetype,0.0541888988982053,1,Brysbaert2014a,1.64,NA,extended,FALSE,
barema,0.0541888988982053,1,Brysbaert2014a,1.64,NA,extended,FALSE,
belijdenis,0.0541888988982053,1,Brysbaert2014a,1.64,NA,extended,FALSE,
coïncidentie,0.0541888988982053,1,Brysbaert2014a,1.64,NA,extended,FALSE,
collateraal,0.0541888988982053,1,Brysbaert2014a,1.64,NA,extended,FALSE,
commercie,0.0541888988982053,1,Brysbaert2014a,1.64,NA,extended,FALSE,
cynisme,0.0541888988982053,1,Brysbaert2014a,1.64,NA,extended,FALSE,
decentralisatie,0.0541888988982053,1,Brysbaert2014a,1.64,NA,extended,FALSE,
etnocentrisme,0.0541888988982053,1,Brysbaert2014a,1.64,NA,extended,FALSE,
herenakkoord,0.0541888988982053,1,Brysbaert2014a,1.64,NA,extended,FALSE,
hoedanigheid,0.0541888988982053,1,Brysbaert2014a,1.64,NA,extended,FALSE,
hypochondrie,0.0541888988982053,1,Brysbaert2014a,1.64,NA,extended,FALSE,
idioterie,0.0541888988982053,1,Brysbaert2014a,1.64,NA,extended,FALSE,
ignorantie,0.0541888988982053,1,Brysbaert2014a,1.64,NA,extended,FALSE,
inauguratie,0.0541888988982053,1,Brysbaert2014a,1.64,NA,extended,FALSE,
legislatuur,0.0541888988982053,1,Brysbaert2014a,1.64,NA,extended,FALSE,
mazzel,0.0541888988982053,1,Brysbaert2014a,1.64,NA,extended,FALSE,
mieters,0.0541888988982053,1,Brysbaert2014a,1.64,NA,extended,FALSE,
modaliteit,0.0541888988982053,1,Brysbaert2014a,1.64,NA,extended,FALSE,
patronage,0.0541888988982053,1,Brysbaert2014a,1.64,NA,extended,FALSE,
pedologie,0.0541888988982053,1,Brysbaert2014a,1.64,NA,extended,FALSE,
permissie,0.0541888988982053,1,Brysbaert2014a,1.64,NA,extended,FALSE,
restitutie,0.0541888988982053,1,Brysbaert2014a,1.64,NA,extended,FALSE,
restrictie,0.0541888988982053,1,Brysbaert2014a,1.64,NA,extended,FALSE,
rigoureus,0.0541888988982053,1,Brysbaert2014a,1.64,NA,extended,FALSE,
saamhorigheid,0.0541888988982053,1,Brysbaert2014a,1.64,NA,extended,FALSE,
secuur,0.0541888988982053,1,Brysbaert2014a,1.64,NA,extended,FALSE,
sinologie,0.0541888988982053,1,Brysbaert2014a,1.64,NA,extended,FALSE,
stelligheid,0.0541888988982053,1,Brysbaert2014a,1.64,NA,extended,FALSE,
stereotypering,0.0541888988982053,1,Brysbaert2014a,1.64,NA,extended,FALSE,
stigmatisering,0.0541888988982053,1,Brysbaert2014a,1.64,NA,extended,FALSE,
tegenwerping,0.0541888988982053,1,Brysbaert2014a,1.64,NA,extended,FALSE,
tijdverspilling,0.0541888988982053,1,Brysbaert2014a,1.64,NA,extended,FALSE,
urgentie,0.0541888988982053,1,Brysbaert2014a,1.64,NA,extended,FALSE,
verhaallijn,0.0541888988982053,1,Brysbaert2014a,1.64,NA,extended,FALSE,
wellust,0.0541888988982053,1,Brysbaert2014a,1.64,NA,extended,FALSE,
sentiment,0.0534403734095929,2,Brysbaert2014a;Jasmin2012,2.6,NA,extended,FALSE,
boudweg,0.0524911648534405,1,Brysbaert2014a,1.63,NA,extended,FALSE,
corticaal,0.0524911648534405,1,Brysbaert2014a,1.63,NA,extended,FALSE,
diligent,0.0524911648534405,1,Brysbaert2014a,1.63,NA,extended,FALSE,
lippendienst,0.0524911648534405,1,Brysbaert2014a,1.63,NA,extended,FALSE,
pathos,0.0524911648534405,1,Brysbaert2014a,1.63,NA,extended,FALSE,
perseveratie,0.0524911648534405,1,Brysbaert2014a,1.63,NA,extended,FALSE,
pompeus,0.0524911648534405,1,Brysbaert2014a,1.63,NA,extended,FALSE,
rimram,0.0524911648534405,1,Brysbaert2014a,1.63,NA,extended,FALSE,
kennis,0.0516768523258249,2,Brysbaert2014a;Jasmin2012,2.95,NA,extended,FALSE,
allegorie,0.0516249740142748,1,Brysbaert2014a,1.62,NA,extended,FALSE,
confessioneel,0.0516249740142748,1,Brysbaert2014a,1.62,NA,extended,FALSE,
diversificatie,0.0516249740142748,1,Brysbaert2014a,1.62,NA,extended,FALSE,
escapisme,0.0516249740142748,1,Brysbaert2014a,1.62,NA,extended,FALSE,
fantasme,0.0516249740142748,1,Brysbaert2014a,1.62,NA,extended,FALSE,
genoegzaam,0.0516249740142748,1,Brysbaert2014a,1.62,NA,extended,FALSE,
indoctrinatie,0.0516249740142748,1,Brysbaert2014a,1.62,NA,extended,FALSE,
majeur,0.0516249740142748,1,Brysbaert2014a,1.62,NA,extended,FALSE,
must,0.0516249740142748,1,Brysbaert2014a,1.62,NA,extended,FALSE,
pakkans,0.0516249740142748,1,Brysbaert2014a,1.62,NA,extended,FALSE,
posterieur,0.0516249740142748,1,Brysbaert2014a,1.62,NA,extended,FALSE,
potentiaal,0.0516249740142748,1,Brysbaert2014a,1.62,NA,extended,FALSE,
punctuatie,0.0516249740142748,1,Brysbaert2014a,1.62,NA,extended,FALSE,
secularisatie,0.0516249740142748,1,Brysbaert2014a,1.62,NA,extended,FALSE,
sinecure,0.0516249740142748,1,Brysbaert2014a,1.62,NA,extended,FALSE,
tuchtzaak,0.0516249740142748,1,Brysbaert2014a,1.62,NA,extended,FALSE,
zondeval,0.0516249740142748,1,Brysbaert2014a,1.62,NA,extended,FALSE,
aanschijn,0.0470861340170466,1,Brysbaert2014a,1.6,NA,extended,FALSE,
affectiviteit,0.0470861340170466,1,Brysbaert2014a,1.6,NA,extended,FALSE,
alias,0.0470861340170466,1,Brysbaert2014a,1.6,NA,extended,FALSE,
anarchie,0.0470861340170466,1,Brysbaert2014a,1.6,NA,extended,FALSE,
anonimiteit,0.0470861340170466,1,Brysbaert2014a,1.6,NA,extended,FALSE,
arbitrair,0.0470861340170466,1,Brysbaert2014a,1.6,NA,extended,FALSE,
artificieel,0.0470861340170466,1,Brysbaert2014a,1.6,NA,extended,FALSE,
atheïsme,0.0470861340170466,1,Brysbaert2014a,1.6,NA,extended,FALSE,
auditoraat,0.0470861340170466,1,Brysbaert2014a,1.6,NA,extended,FALSE,
authentiek,0.0470861340170466,1,Brysbaert2014a,1.6,NA,extended,FALSE,
banaliteit,0.0470861340170466,1,Brysbaert2014a,1.6,NA,extended,FALSE,
begripvol,0.0470861340170466,1,Brysbaert2014a,1.6,NA,extended,FALSE,
betekenis,0.0470861340170466,1,Brysbaert2014a,1.6,NA,extended,FALSE,
bezinning,0.0470861340170466,1,Brysbaert2014a,1.6,NA,extended,FALSE,
bizar,0.0470861340170466,1,Brysbaert2014a,1.6,NA,extended,FALSE,
buitenkans,0.0470861340170466,1,Brysbaert2014a,1.6,NA,extended,FALSE,
chakra,0.0470861340170466,1,Brysbaert2014a,1.6,NA,extended,FALSE,
competent,0.0470861340170466,1,Brysbaert2014a,1.6,NA,extended,FALSE,
concreet,0.0470861340170466,1,Brysbaert2014a,1.6,NA,extended,FALSE,
consensus,0.0470861340170466,1,Brysbaert2014a,1.6,NA,extended,FALSE,
contingent,0.0470861340170466,1,Brysbaert2014a,1.6,NA,extended,FALSE,
contra,0.0470861340170466,1,Brysbaert2014a,1.6,NA,extended,FALSE,
corruptie,0.0470861340170466,1,Brysbaert2014a,1.6,NA,extended,FALSE,
crux,0.0470861340170466,1,Brysbaert2014a,1.6,NA,extended,FALSE,
decisie,0.0470861340170466,1,Brysbaert2014a,1.6,NA,extended,FALSE,
democratisering,0.0470861340170466,1,Brysbaert2014a,1.6,NA,extended,FALSE,
depolarisatie,0.0470861340170466,1,Brysbaert2014a,1.6,NA,extended,FALSE,
deugd,0.0470861340170466,1,Brysbaert2014a,1.6,NA,extended,FALSE,
diplomatie,0.0470861340170466,1,Brysbaert2014a,1.6,NA,extended,FALSE,
eerlijkheid,0.0470861340170466,1,Brysbaert2014a,1.6,NA,extended,FALSE,
egoïsme,0.0470861340170466,1,Brysbaert2014a,1.6,NA,extended,FALSE,
emanatie,0.0470861340170466,1,Brysbaert2014a,1.6,NA,extended,FALSE,
erfzonde,0.0470861340170466,1,Brysbaert2014a,1.6,NA,extended,FALSE,
evidentie,0.0470861340170466,1,Brysbaert2014a,1.6,NA,extended,FALSE,
familieziek,0.0470861340170466,1,Brysbaert2014a,1.6,NA,extended,FALSE,
filibuster,0.0470861340170466,1,Brysbaert2014a,1.6,NA,extended,FALSE,
gemoed,0.0470861340170466,1,Brysbaert2014a,1.6,NA,extended,FALSE,
godheid,0.0470861340170466,1,Brysbaert2014a,1.6,NA,extended,FALSE,
gretigheid,0.0470861340170466,1,Brysbaert2014a,1.6,NA,extended,FALSE,
hemeltje,0.0470861340170466,1,Brysbaert2014a,1.6,NA,extended,FALSE,
heterogeniteit,0.0470861340170466,1,Brysbaert2014a,1.6,NA,extended,FALSE,
hoogstaand,0.0470861340170466,1,Brysbaert2014a,1.6,NA,extended,FALSE,
hopeloosheid,0.0470861340170466,1,Brysbaert2014a,1.6,NA,extended,FALSE,
ideëel,0.0470861340170466,1,Brysbaert2014a,1.6,NA,extended,FALSE,
imperialisme,0.0470861340170466,1,Brysbaert2014a,1.6,NA,extended,FALSE,
insinuatie,0.0470861340170466,1,Brysbaert2014a,1.6,NA,extended,FALSE,
integratie,0.0470861340170466,1,Brysbaert2014a,1.6,NA,extended,FALSE,
intolerantie,0.0470861340170466,1,Brysbaert2014a,1.6,NA,extended,FALSE,
intuïtie,0.0470861340170466,1,Brysbaert2014a,1.6,NA,extended,FALSE,
irradiatie,0.0470861340170466,1,Brysbaert2014a,1.6,NA,extended,FALSE,
karakterisering,0.0470861340170466,1,Brysbaert2014a,1.6,NA,extended,FALSE,
keer,0.0470861340170466,1,Brysbaert2014a,1.6,NA,extended,FALSE,
krachtterm,0.0470861340170466,1,Brysbaert2014a,1.6,NA,extended,FALSE,
labiliteit,0.0470861340170466,1,Brysbaert2014a,1.6,NA,extended,FALSE,
makkie,0.0470861340170466,1,Brysbaert2014a,1.6,NA,extended,FALSE,
mensenkennis,0.0470861340170466,1,Brysbaert2014a,1.6,NA,extended,FALSE,
moedwil,0.0470861340170466,1,Brysbaert2014a,1.6,NA,extended,FALSE,
monarchie,0.0470861340170466,1,Brysbaert2014a,1.6,NA,extended,FALSE,
motivatie,0.0470861340170466,1,Brysbaert2014a,1.6,NA,extended,FALSE,
mysterie,0.0470861340170466,1,Brysbaert2014a,1.6,NA,extended,FALSE,
mythologie,0.0470861340170466,1,Brysbaert2014a,1.6,NA,extended,FALSE,
nazisme,0.0470861340170466,1,Brysbaert2014a,1.6,NA,extended,FALSE,
nederigheid,0.0470861340170466,1,Brysbaert2014a,1.6,NA,extended,FALSE,
neurologie,0.0470861340170466,1,Brysbaert2014a,1.6,NA,extended,FALSE,
noviteit,0.0470861340170466,1,Brysbaert2014a,1.6,NA,extended,FALSE,
objectie,0.0470861340170466,1,Brysbaert2014a,1.6,NA,extended,FALSE,
objectiviteit,0.0470861340170466,1,Brysbaert2014a,1.6,NA,extended,FALSE,
occultisme,0.0470861340170466,1,Brysbaert2014a,1.6,NA,extended,FALSE,
ogenblik,0.0470861340170466,1,Brysbaert2014a,1.6,NA,extended,FALSE,
omstandigheid,0.0470861340170466,1,Brysbaert2014a,1.6,NA,extended,FALSE,
onbegrip,0.0470861340170466,1,Brysbaert2014a,1.6,NA,extended,FALSE,
ongelegen,0.0470861340170466,1,Brysbaert2014a,1.6,NA,extended,FALSE,
onwaarheid,0.0470861340170466,1,Brysbaert2014a,1.6,NA,extended,FALSE,
onwil,0.0470861340170466,1,Brysbaert2014a,1.6,NA,extended,FALSE,
openbaring,0.0470861340170466,1,Brysbaert2014a,1.6,NA,extended,FALSE,
oplichterij,0.0470861340170466,1,Brysbaert2014a,1.6,NA,extended,FALSE,
originaliteit,0.0470861340170466,1,Brysbaert2014a,1.6,NA,extended,FALSE,
overtuiging,0.0470861340170466,1,Brysbaert2014a,1.6,NA,extended,FALSE,
persoonlijkheid,0.0470861340170466,1,Brysbaert2014a,1.6,NA,extended,FALSE,
persoonsvorm,0.0470861340170466,1,Brysbaert2014a,1.6,NA,extended,FALSE,
populisme,0.0470861340170466,1,Brysbaert2014a,1.6,NA,extended,FALSE,
preferentie,0.0470861340170466,1,Brysbaert2014a,1.6,NA,extended,FALSE,
privé,0.0470861340170466,1,Brysbaert2014a,1.6,NA,extended,FALSE,
ratio,0.0470861340170466,1,Brysbaert2014a,1.6,NA,extended,FALSE,
realisatie,0.0470861340170466,1,Brysbaert2014a,1.6,NA,extended,FALSE,
realisme,0.0470861340170466,1,Brysbaert2014a,1.6,NA,extended,FALSE,
reputatie,0.0470861340170466,1,Brysbaert2014a,1.6,NA,extended,FALSE,
rogatoir,0.0470861340170466,1,Brysbaert2014a,1.6,NA,extended,FALSE,
separatisme,0.0470861340170466,1,Brysbaert2014a,1.6,NA,extended,FALSE,
speculatie,0.0470861340170466,1,Brysbaert2014a,1.6,NA,extended,FALSE,
spoorslags,0.0470861340170466,1,Brysbaert2014a,1.6,NA,extended,FALSE,
sterkte,0.0470861340170466,1,Brysbaert2014a,1.6,NA,extended,FALSE,
subsidiariteit,0.0470861340170466,1,Brysbaert2014a,1.6,NA,extended,FALSE,
systeem,0.0470861340170466,1,Brysbaert2014a,1.6,NA,extended,FALSE,
terloops,0.0470861340170466,1,Brysbaert2014a,1.6,NA,extended,FALSE,
toeval,0.0470861340170466,1,Brysbaert2014a,1.6,NA,extended,FALSE,
toewijding,0.0470861340170466,1,Brysbaert2014a,1.6,NA,extended,FALSE,
tolerantie,0.0470861340170466,1,Brysbaert2014a,1.6,NA,extended,FALSE,
usurpatie,0.0470861340170466,1,Brysbaert2014a,1.6,NA,extended,FALSE,
verbeelding,0.0470861340170466,1,Brysbaert2014a,1.6,NA,extended,FALSE,
versus,0.0470861340170466,1,Brysbaert2014a,1.6,NA,extended,FALSE,
virtuositeit,0.0470861340170466,1,Brysbaert2014a,1.6,NA,extended,FALSE,
visceraal,0.0470861340170466,1,Brysbaert2014a,1.6,NA,extended,FALSE,
voldoening,0.0470861340170466,1,Brysbaert2014a,1.6,NA,extended,FALSE,
welzijn,0.0470861340170466,1,Brysbaert2014a,1.6,NA,extended,FALSE,
wens,0.0470861340170466,1,Brysbaert2014a,1.6,NA,extended,FALSE,
wereldvreemd,0.0470861340170466,1,Brysbaert2014a,1.6,NA,extended,FALSE,
woordblind,0.0470861340170466,1,Brysbaert2014a,1.6,NA,extended,FALSE,
zaligheid,0.0470861340170466,1,Brysbaert2014a,1.6,NA,extended,FALSE,
conjunctuur,0.0428937703554847,1,Brysbaert2014a,1.58,NA,extended,FALSE,
geding,0.0428937703554847,1,Brysbaert2014a,1.58,NA,extended,FALSE,
impasse,0.0428937703554847,1,Brysbaert2014a,1.58,NA,extended,FALSE,
klinkklaar,0.0428937703554847,1,Brysbaert2014a,1.58,NA,extended,FALSE,
prospectie,0.0428937703554847,1,Brysbaert2014a,1.58,NA,extended,FALSE,
scepsis,0.0428937703554847,1,Brysbaert2014a,1.58,NA,extended,FALSE,
sjans,0.0428937703554847,1,Brysbaert2014a,1.58,NA,extended,FALSE,
afgoderij,0.0410920934100201,1,Brysbaert2014a,1.57,NA,extended,FALSE,
anarchisme,0.0410920934100201,1,Brysbaert2014a,1.57,NA,extended,FALSE,
catechisatie,0.0410920934100201,1,Brysbaert2014a,1.57,NA,extended,FALSE,
census,0.0410920934100201,1,Brysbaert2014a,1.57,NA,extended,FALSE,
clementie,0.0410920934100201,1,Brysbaert2014a,1.57,NA,extended,FALSE,
desintegratie,0.0410920934100201,1,Brysbaert2014a,1.57,NA,extended,FALSE,
discutabel,0.0410920934100201,1,Brysbaert2014a,1.57,NA,extended,FALSE,
distaal,0.0410920934100201,1,Brysbaert2014a,1.57,NA,extended,FALSE,
doctoraal,0.0410920934100201,1,Brysbaert2014a,1.57,NA,extended,FALSE,
dualisme,0.0410920934100201,1,Brysbaert2014a,1.57,NA,extended,FALSE,
dweperij,0.0410920934100201,1,Brysbaert2014a,1.57,NA,extended,FALSE,
eensklaps,0.0410920934100201,1,Brysbaert2014a,1.57,NA,extended,FALSE,
empathie,0.0410920934100201,1,Brysbaert2014a,1.57,NA,extended,FALSE,
heil,0.0410920934100201,1,Brysbaert2014a,1.57,NA,extended,FALSE,
instigatie,0.0410920934100201,1,Brysbaert2014a,1.57,NA,extended,FALSE,
institutioneel,0.0410920934100201,1,Brysbaert2014a,1.57,NA,extended,FALSE,
justitieel,0.0410920934100201,1,Brysbaert2014a,1.57,NA,extended,FALSE,
katholicisme,0.0410920934100201,1,Brysbaert2014a,1.57,NA,extended,FALSE,
koudweg,0.0410920934100201,1,Brysbaert2014a,1.57,NA,extended,FALSE,
laconiek,0.0410920934100201,1,Brysbaert2014a,1.57,NA,extended,FALSE,
marxist,0.0410920934100201,1,Brysbaert2014a,1.57,NA,extended,FALSE,
matineus,0.0410920934100201,1,Brysbaert2014a,1.57,NA,extended,FALSE,
matuur,0.0410920934100201,1,Brysbaert2014a,1.57,NA,extended,FALSE,
mediocriteit,0.0410920934100201,1,Brysbaert2014a,1.57,NA,extended,FALSE,
mythomaan,0.0410920934100201,1,Brysbaert2014a,1.57,NA,extended,FALSE,
occupatie,0.0410920934100201,1,Brysbaert2014a,1.57,NA,extended,FALSE,
ontzuiling,0.0410920934100201,1,Brysbaert2014a,1.57,NA,extended,FALSE,
paganisme,0.0410920934100201,1,Brysbaert2014a,1.57,NA,extended,FALSE,
pluralisme,0.0410920934100201,1,Brysbaert2014a,1.57,NA,extended,FALSE,
poespas,0.0410920934100201,1,Brysbaert2014a,1.57,NA,extended,FALSE,
preoccupatie,0.0410920934100201,1,Brysbaert2014a,1.57,NA,extended,FALSE,
quorum,0.0410920934100201,1,Brysbaert2014a,1.57,NA,extended,FALSE,
reactionair,0.0410920934100201,1,Brysbaert2014a,1.57,NA,extended,FALSE,
regelneverij,0.0410920934100201,1,Brysbaert2014a,1.57,NA,extended,FALSE,
rekenschap,0.0410920934100201,1,Brysbaert2014a,1.57,NA,extended,FALSE,
schisma,0.0410920934100201,1,Brysbaert2014a,1.57,NA,extended,FALSE,
secularisering,0.0410920934100201,1,Brysbaert2014a,1.57,NA,extended,FALSE,
tautologie,0.0410920934100201,1,Brysbaert2014a,1.57,NA,extended,FALSE,
transcendentie,0.0410920934100201,1,Brysbaert2014a,1.57,NA,extended,FALSE,
transitie,0.0410920934100201,1,Brysbaert2014a,1.57,NA,extended,FALSE,
utopie,0.0410920934100201,1,Brysbaert2014a,1.57,NA,extended,FALSE,
valentie,0.0410920934100201,1,Brysbaert2014a,1.57,NA,extended,FALSE,
verdoemenis,0.0410920934100201,1,Brysbaert2014a,1.57,NA,extended,FALSE,
voorwendsel,0.0410920934100201,1,Brysbaert2014a,1.57,NA,extended,FALSE,
mirakel,0.039363871931418,2,Brysbaert2014a;Jasmin2012,2.62,NA,extended,FALSE,
cybernetica,0.0392211211974222,1,Brysbaert2014a,1.56,NA,extended,FALSE,
demissie,0.0392211211974222,1,Brysbaert2014a,1.56,NA,extended,FALSE,
deprivatie,0.0392211211974222,1,Brysbaert2014a,1.56,NA,extended,FALSE,
exquise,0.0392211211974222,1,Brysbaert2014a,1.56,NA,extended,FALSE,
jobsgeduld,0.0392211211974222,1,Brysbaert2014a,1.56,NA,extended,FALSE,
merite,0.0392211211974222,1,Brysbaert2014a,1.56,NA,extended,FALSE,
node,0.0392211211974222,1,Brysbaert2014a,1.56,NA,extended,FALSE,
oedipaal,0.0392211211974222,1,Brysbaert2014a,1.56,NA,extended,FALSE,
procreatie,0.0392211211974222,1,Brysbaert2014a,1.56,NA,extended,FALSE,
genegenheid,0.0386793017520774,2,Brysbaert2014a;Jasmin2012,2.265,NA,extended,FALSE,
benauwenis,0.0385974637932229,1,Brysbaert2014a,1.55,NA,extended,FALSE,
curiosa,0.0385974637932229,1,Brysbaert2014a,1.55,NA,extended,FALSE,
deceptie,0.0385974637932229,1,Brysbaert2014a,1.55,NA,extended,FALSE,
ditjes,0.0385974637932229,1,Brysbaert2014a,1.55,NA,extended,FALSE,
divergentie,0.0385974637932229,1,Brysbaert2014a,1.55,NA,extended,FALSE,
ontologie,0.0385974637932229,1,Brysbaert2014a,1.55,NA,extended,FALSE,
scrupules,0.0385974637932229,1,Brysbaert2014a,1.55,NA,extended,FALSE,
transgressie,0.0385974637932229,1,Brysbaert2014a,1.55,NA,extended,FALSE,
voorzeker,0.0385974637932229,1,Brysbaert2014a,1.55,NA,extended,FALSE,
aanstonds,0.0377659205876239,1,Brysbaert2014a,1.54,NA,extended,FALSE,
assumptie,0.0377659205876239,1,Brysbaert2014a,1.54,NA,extended,FALSE,
benevens,0.0377659205876239,1,Brysbaert2014a,1.54,NA,extended,FALSE,
concessie,0.0377659205876239,1,Brysbaert2014a,1.54,NA,extended,FALSE,
convergent,0.0377659205876239,1,Brysbaert2014a,1.54,NA,extended,FALSE,
doctrine,0.0377659205876239,1,Brysbaert2014a,1.54,NA,extended,FALSE,
etymologie,0.0377659205876239,1,Brysbaert2014a,1.54,NA,extended,FALSE,
fasering,0.0377659205876239,1,Brysbaert2014a,1.54,NA,extended,FALSE,
gewis,0.0377659205876239,1,Brysbaert2014a,1.54,NA,extended,FALSE,
hardleers,0.0377659205876239,1,Brysbaert2014a,1.54,NA,extended,FALSE,
pervasief,0.0377659205876239,1,Brysbaert2014a,1.54,NA,extended,FALSE,
respectief,0.0377659205876239,1,Brysbaert2014a,1.54,NA,extended,FALSE,
schennis,0.0377659205876239,1,Brysbaert2014a,1.54,NA,extended,FALSE,
seffens,0.0377659205876239,1,Brysbaert2014a,1.54,NA,extended,FALSE,
weerwoord,0.0377659205876239,1,Brysbaert2014a,1.54,NA,extended,FALSE,
manier,0.034578866086027,2,Brysbaert2014a;Jasmin2012,2.81,NA,extended,FALSE,
afgang,0.0343358048645278,1,Brysbaert2014a,1.53,NA,extended,FALSE,
anciënniteit,0.0343358048645278,1,Brysbaert2014a,1.53,NA,extended,FALSE,
anticipatie,0.0343358048645278,1,Brysbaert2014a,1.53,NA,extended,FALSE,
associatie,0.0343358048645278,1,Brysbaert2014a,1.53,NA,extended,FALSE,
astrologie,0.0343358048645278,1,Brysbaert2014a,1.53,NA,extended,FALSE,
bedoeling,0.0343358048645278,1,Brysbaert2014a,1.53,NA,extended,FALSE,
begrip,0.0343358048645278,1,Brysbaert2014a,1.53,NA,extended,FALSE,
beleving,0.0343358048645278,1,Brysbaert2014a,1.53,NA,extended,FALSE,
bepaling,0.0343358048645278,1,Brysbaert2014a,1.53,NA,extended,FALSE,
bereidheid,0.0343358048645278,1,Brysbaert2014a,1.53,NA,extended,FALSE,
bewustwording,0.0343358048645278,1,Brysbaert2014a,1.53,NA,extended,FALSE,
bezetenheid,0.0343358048645278,1,Brysbaert2014a,1.53,NA,extended,FALSE,
bijbedoeling,0.0343358048645278,1,Brysbaert2014a,1.53,NA,extended,FALSE,
boeddhisme,0.0343358048645278,1,Brysbaert2014a,1.53,NA,extended,FALSE,
civilisatie,0.0343358048645278,1,Brysbaert2014a,1.53,NA,extended,FALSE,
complex,0.0343358048645278,1,Brysbaert2014a,1.53,NA,extended,FALSE,
concept,0.0343358048645278,1,Brysbaert2014a,1.53,NA,extended,FALSE,
confidentieel,0.0343358048645278,1,Brysbaert2014a,1.53,NA,extended,FALSE,
consequentie,0.0343358048645278,1,Brysbaert2014a,1.53,NA,extended,FALSE,
contradictie,0.0343358048645278,1,Brysbaert2014a,1.53,NA,extended,FALSE,
controversieel,0.0343358048645278,1,Brysbaert2014a,1.53,NA,extended,FALSE,
decadentie,0.0343358048645278,1,Brysbaert2014a,1.53,NA,extended,FALSE,
denkwerk,0.0343358048645278,1,Brysbaert2014a,1.53,NA,extended,FALSE,
dilemma,0.0343358048645278,1,Brysbaert2014a,1.53,NA,extended,FALSE,
doodsimpel,0.0343358048645278,1,Brysbaert2014a,1.53,NA,extended,FALSE,
economie,0.0343358048645278,1,Brysbaert2014a,1.53,NA,extended,FALSE,
engagement,0.0343358048645278,1,Brysbaert2014a,1.53,NA,extended,FALSE,
essentie,0.0343358048645278,1,Brysbaert2014a,1.53,NA,extended,FALSE,
ethiek,0.0343358048645278,1,Brysbaert2014a,1.53,NA,extended,FALSE,
fascisme,0.0343358048645278,1,Brysbaert2014a,1.53,NA,extended,FALSE,
gewaarwording,0.0343358048645278,1,Brysbaert2014a,1.53,NA,extended,FALSE,
goedleers,0.0343358048645278,1,Brysbaert2014a,1.53,NA,extended,FALSE,
gulheid,0.0343358048645278,1,Brysbaert2014a,1.53,NA,extended,FALSE,
heldenmoed,0.0343358048645278,1,Brysbaert2014a,1.53,NA,extended,FALSE,
idealiter,0.0343358048645278,1,Brysbaert2014a,1.53,NA,extended,FALSE,
idem,0.0343358048645278,1,Brysbaert2014a,1.53,NA,extended,FALSE,
illegaliteit,0.0343358048645278,1,Brysbaert2014a,1.53,NA,extended,FALSE,
inachtneming,0.0343358048645278,1,Brysbaert2014a,1.53,NA,extended,FALSE,
inzicht,0.0343358048645278,1,Brysbaert2014a,1.53,NA,extended,FALSE,
knowhow,0.0343358048645278,1,Brysbaert2014a,1.53,NA,extended,FALSE,
kritiek,0.0343358048645278,1,Brysbaert2014a,1.53,NA,extended,FALSE,
kwestie,0.0343358048645278,1,Brysbaert2014a,1.53,NA,extended,FALSE,
levensbehoefte,0.0343358048645278,1,Brysbaert2014a,1.53,NA,extended,FALSE,
mate,0.0343358048645278,1,Brysbaert2014a,1.53,NA,extended,FALSE,
medeleven,0.0343358048645278,1,Brysbaert2014a,1.53,NA,extended,FALSE,
naamval,0.0343358048645278,1,Brysbaert2014a,1.53,NA,extended,FALSE,
nationalist,0.0343358048645278,1,Brysbaert2014a,1.53,NA,extended,FALSE,
oorzaak,0.0343358048645278,1,Brysbaert2014a,1.53,NA,extended,FALSE,
patriarchaal,0.0343358048645278,1,Brysbaert2014a,1.53,NA,extended,FALSE,
perceptie,0.0343358048645278,1,Brysbaert2014a,1.53,NA,extended,FALSE,
persvrijheid,0.0343358048645278,1,Brysbaert2014a,1.53,NA,extended,FALSE,
plichtsbesef,0.0343358048645278,1,Brysbaert2014a,1.53,NA,extended,FALSE,
polariteit,0.0343358048645278,1,Brysbaert2014a,1.53,NA,extended,FALSE,
potverdorie,0.0343358048645278,1,Brysbaert2014a,1.53,NA,extended,FALSE,
pro,0.0343358048645278,1,Brysbaert2014a,1.53,NA,extended,FALSE,
professionalisme,0.0343358048645278,1,Brysbaert2014a,1.53,NA,extended,FALSE,
psyche,0.0343358048645278,1,Brysbaert2014a,1.53,NA,extended,FALSE,
rationalisme,0.0343358048645278,1,Brysbaert2014a,1.53,NA,extended,FALSE,
redactioneel,0.0343358048645278,1,Brysbaert2014a,1.53,NA,extended,FALSE,
relationeel,0.0343358048645278,1,Brysbaert2014a,1.53,NA,extended,FALSE,
repressie,0.0343358048645278,1,Brysbaert2014a,1.53,NA,extended,FALSE,
risico,0.0343358048645278,1,Brysbaert2014a,1.53,NA,extended,FALSE,
roem,0.0343358048645278,1,Brysbaert2014a,1.53,NA,extended,FALSE,
samenleving,0.0343358048645278,1,Brysbaert2014a,1.53,NA,extended,FALSE,
sensibel,0.0343358048645278,1,Brysbaert2014a,1.53,NA,extended,FALSE,
simplisme,0.0343358048645278,1,Brysbaert2014a,1.53,NA,extended,FALSE,
slimheid,0.0343358048645278,1,Brysbaert2014a,1.53,NA,extended,FALSE,
stalinisme,0.0343358048645278,1,Brysbaert2014a,1.53,NA,extended,FALSE,
subject,0.0343358048645278,1,Brysbaert2014a,1.53,NA,extended,FALSE,
taalkunde,0.0343358048645278,1,Brysbaert2014a,1.53,NA,extended,FALSE,
tactiek,0.0343358048645278,1,Brysbaert2014a,1.53,NA,extended,FALSE,
tevoorschijn,0.0343358048645278,1,Brysbaert2014a,1.53,NA,extended,FALSE,
toespeling,0.0343358048645278,1,Brysbaert2014a,1.53,NA,extended,FALSE,
toevalstreffer,0.0343358048645278,1,Brysbaert2014a,1.53,NA,extended,FALSE,
traditioneel,0.0343358048645278,1,Brysbaert2014a,1.53,NA,extended,FALSE,
uitdrukking,0.0343358048645278,1,Brysbaert2014a,1.53,NA,extended,FALSE,
unanimiteit,0.0343358048645278,1,Brysbaert2014a,1.53,NA,extended,FALSE,
voorrecht,0.0343358048645278,1,Brysbaert2014a,1.53,NA,extended,FALSE,
voorspoed,0.0343358048645278,1,Brysbaert2014a,1.53,NA,extended,FALSE,
vroom,0.0343358048645278,1,Brysbaert2014a,1.53,NA,extended,FALSE,
welletjes,0.0343358048645278,1,Brysbaert2014a,1.53,NA,extended,FALSE,
wereldvrede,0.0343358048645278,1,Brysbaert2014a,1.53,NA,extended,FALSE,
wet,0.0343358048645278,1,Brysbaert2014a,1.53,NA,extended,FALSE,
eenheid,0.0330914704977263,2,Brysbaert2014a;Jasmin2012,2.335,NA,extended,FALSE,
onzin,0.0298154684422151,2,Brysbaert2014a;Jasmin2012,2.49,NA,extended,FALSE,
ai,0.0296583743330331,1,Brysbaert2014a,1.5,NA,extended,FALSE,
antipathie,0.0296583743330331,1,Brysbaert2014a,1.5,NA,extended,FALSE,
antisemitisme,0.0296583743330331,1,Brysbaert2014a,1.5,NA,extended,FALSE,
apologie,0.0296583743330331,1,Brysbaert2014a,1.5,NA,extended,FALSE,
assurantie,0.0296583743330331,1,Brysbaert2014a,1.5,NA,extended,FALSE,
baronie,0.0296583743330331,1,Brysbaert2014a,1.5,NA,extended,FALSE,
boezeroen,0.0296583743330331,1,Brysbaert2014a,1.5,NA,extended,FALSE,
bups,0.0296583743330331,1,Brysbaert2014a,1.5,NA,extended,FALSE,
capricieus,0.0296583743330331,1,Brysbaert2014a,1.5,NA,extended,FALSE,
classicisme,0.0296583743330331,1,Brysbaert2014a,1.5,NA,extended,FALSE,
commensaal,0.0296583743330331,1,Brysbaert2014a,1.5,NA,extended,FALSE,
congenitaal,0.0296583743330331,1,Brysbaert2014a,1.5,NA,extended,FALSE,
contemplatie,0.0296583743330331,1,Brysbaert2014a,1.5,NA,extended,FALSE,
coping,0.0296583743330331,1,Brysbaert2014a,1.5,NA,extended,FALSE,
descriptie,0.0296583743330331,1,Brysbaert2014a,1.5,NA,extended,FALSE,
deugdzaam,0.0296583743330331,1,Brysbaert2014a,1.5,NA,extended,FALSE,
factotum,0.0296583743330331,1,Brysbaert2014a,1.5,NA,extended,FALSE,
feodalisme,0.0296583743330331,1,Brysbaert2014a,1.5,NA,extended,FALSE,
gewetenszaak,0.0296583743330331,1,Brysbaert2014a,1.5,NA,extended,FALSE,
homeostase,0.0296583743330331,1,Brysbaert2014a,1.5,NA,extended,FALSE,
kolchoz,0.0296583743330331,1,Brysbaert2014a,1.5,NA,extended,FALSE,
latentie,0.0296583743330331,1,Brysbaert2014a,1.5,NA,extended,FALSE,
meritocratie,0.0296583743330331,1,Brysbaert2014a,1.5,NA,extended,FALSE,
minima,0.0296583743330331,1,Brysbaert2014a,1.5,NA,extended,FALSE,
morfologie,0.0296583743330331,1,Brysbaert2014a,1.5,NA,extended,FALSE,
naturalisme,0.0296583743330331,1,Brysbaert2014a,1.5,NA,extended,FALSE,
nepotisme,0.0296583743330331,1,Brysbaert2014a,1.5,NA,extended,FALSE,
numismatiek,0.0296583743330331,1,Brysbaert2014a,1.5,NA,extended,FALSE,
ordonnantie,0.0296583743330331,1,Brysbaert2014a,1.5,NA,extended,FALSE,
ovationeel,0.0296583743330331,1,Brysbaert2014a,1.5,NA,extended,FALSE,
pantheïsme,0.0296583743330331,1,Brysbaert2014a,1.5,NA,extended,FALSE,
paternalisme,0.0296583743330331,1,Brysbaert2014a,1.5,NA,extended,FALSE,
patronaal,0.0296583743330331,1,Brysbaert2014a,1.5,NA,extended,FALSE,
plausibel,0.0296583743330331,1,Brysbaert2014a,1.5,NA,extended,FALSE,
polarisatie,0.0296583743330331,1,Brysbaert2014a,1.5,NA,extended,FALSE,
proliferatie,0.0296583743330331,1,Brysbaert2014a,1.5,NA,extended,FALSE,
protuberans,0.0296583743330331,1,Brysbaert2014a,1.5,NA,extended,FALSE,
psalterium,0.0296583743330331,1,Brysbaert2014a,1.5,NA,extended,FALSE,
rectificatie,0.0296583743330331,1,Brysbaert2014a,1.5,NA,extended,FALSE,
reformatie,0.0296583743330331,1,Brysbaert2014a,1.5,NA,extended,FALSE,
roemrucht,0.0296583743330331,1,Brysbaert2014a,1.5,NA,extended,FALSE,
samovar,0.0296583743330331,1,Brysbaert2014a,1.5,NA,extended,FALSE,
scatologie,0.0296583743330331,1,Brysbaert2014a,1.5,NA,extended,FALSE,
scha,0.0296583743330331,1,Brysbaert2014a,1.5,NA,extended,FALSE,
secularisme,0.0296583743330331,1,Brysbaert2014a,1.5,NA,extended,FALSE,
spiritualiën,0.0296583743330331,1,Brysbaert2014a,1.5,NA,extended,FALSE,
technocratie,0.0296583743330331,1,Brysbaert2014a,1.5,NA,extended,FALSE,
theocratie,0.0296583743330331,1,Brysbaert2014a,1.5,NA,extended,FALSE,
tijdsbestek,0.0296583743330331,1,Brysbaert2014a,1.5,NA,extended,FALSE,
tragiek,0.0296583743330331,1,Brysbaert2014a,1.5,NA,extended,FALSE,
wedijver,0.0296583743330331,1,Brysbaert2014a,1.5,NA,extended,FALSE,
fantasie,0.0289194110945448,2,Brysbaert2014a;Jasmin2012,2.465,NA,extended,FALSE,
aantal,0.0253967154043379,1,Brysbaert2014a,1.47,NA,extended,FALSE,
absurditeit,0.0253967154043379,1,Brysbaert2014a,1.47,NA,extended,FALSE,
antagonisme,0.0253967154043379,1,Brysbaert2014a,1.47,NA,extended,FALSE,
aspect,0.0253967154043379,1,Brysbaert2014a,1.47,NA,extended,FALSE,
beschouwing,0.0253967154043379,1,Brysbaert2014a,1.47,NA,extended,FALSE,
bewering,0.0253967154043379,1,Brysbaert2014a,1.47,NA,extended,FALSE,
bijster,0.0253967154043379,1,Brysbaert2014a,1.47,NA,extended,FALSE,
bijzijn,0.0253967154043379,1,Brysbaert2014a,1.47,NA,extended,FALSE,
bye,0.0253967154043379,1,Brysbaert2014a,1.47,NA,extended,FALSE,
conditioneel,0.0253967154043379,1,Brysbaert2014a,1.47,NA,extended,FALSE,
constante,0.0253967154043379,1,Brysbaert2014a,1.47,NA,extended,FALSE,
dimensie,0.0253967154043379,1,Brysbaert2014a,1.47,NA,extended,FALSE,
domheid,0.0253967154043379,1,Brysbaert2014a,1.47,NA,extended,FALSE,
effectiviteit,0.0253967154043379,1,Brysbaert2014a,1.47,NA,extended,FALSE,
entiteit,0.0253967154043379,1,Brysbaert2014a,1.47,NA,extended,FALSE,
expertise,0.0253967154043379,1,Brysbaert2014a,1.47,NA,extended,FALSE,
fanatisme,0.0253967154043379,1,Brysbaert2014a,1.47,NA,extended,FALSE,
gedachtegang,0.0253967154043379,1,Brysbaert2014a,1.47,NA,extended,FALSE,
gedoe,0.0253967154043379,1,Brysbaert2014a,1.47,NA,extended,FALSE,
geluk,0.0253967154043379,1,Brysbaert2014a,1.47,NA,extended,FALSE,
genetica,0.0253967154043379,1,Brysbaert2014a,1.47,NA,extended,FALSE,
gering,0.0253967154043379,1,Brysbaert2014a,1.47,NA,extended,FALSE,
hoogmoed,0.0253967154043379,1,Brysbaert2014a,1.47,NA,extended,FALSE,
impressionisme,0.0253967154043379,1,Brysbaert2014a,1.47,NA,extended,FALSE,
incarnatie,0.0253967154043379,1,Brysbaert2014a,1.47,NA,extended,FALSE,
instantie,0.0253967154043379,1,Brysbaert2014a,1.47,NA,extended,FALSE,
intentie,0.0253967154043379,1,Brysbaert2014a,1.47,NA,extended,FALSE,
jawel,0.0253967154043379,1,Brysbaert2014a,1.47,NA,extended,FALSE,
kapitalisme,0.0253967154043379,1,Brysbaert2014a,1.47,NA,extended,FALSE,
lafheid,0.0253967154043379,1,Brysbaert2014a,1.47,NA,extended,FALSE,
leerzaam,0.0253967154043379,1,Brysbaert2014a,1.47,NA,extended,FALSE,
liberalisme,0.0253967154043379,1,Brysbaert2014a,1.47,NA,extended,FALSE,
linguïstiek,0.0253967154043379,1,Brysbaert2014a,1.47,NA,extended,FALSE,
melancholiek,0.0253967154043379,1,Brysbaert2014a,1.47,NA,extended,FALSE,
mensdom,0.0253967154043379,1,Brysbaert2014a,1.47,NA,extended,FALSE,
mentaliteit,0.0253967154043379,1,Brysbaert2014a,1.47,NA,extended,FALSE,
misnoegen,0.0253967154043379,1,Brysbaert2014a,1.47,NA,extended,FALSE,
moralist,0.0253967154043379,1,Brysbaert2014a,1.47,NA,extended,FALSE,
nalatigheid,0.0253967154043379,1,Brysbaert2014a,1.47,NA,extended,FALSE,
narcisme,0.0253967154043379,1,Brysbaert2014a,1.47,NA,extended,FALSE,
normering,0.0253967154043379,1,Brysbaert2014a,1.47,NA,extended,FALSE,
nostalgie,0.0253967154043379,1,Brysbaert2014a,1.47,NA,extended,FALSE,
onrecht,0.0253967154043379,1,Brysbaert2014a,1.47,NA,extended,FALSE,
oprechtheid,0.0253967154043379,1,Brysbaert2014a,1.47,NA,extended,FALSE,
orthodox,0.0253967154043379,1,Brysbaert2014a,1.47,NA,extended,FALSE,
passé,0.0253967154043379,1,Brysbaert2014a,1.47,NA,extended,FALSE,
pessimisme,0.0253967154043379,1,Brysbaert2014a,1.47,NA,extended,FALSE,
potentieel,0.0253967154043379,1,Brysbaert2014a,1.47,NA,extended,FALSE,
prehistorie,0.0253967154043379,1,Brysbaert2014a,1.47,NA,extended,FALSE,
rationeel,0.0253967154043379,1,Brysbaert2014a,1.47,NA,extended,FALSE,
redenering,0.0253967154043379,1,Brysbaert2014a,1.47,NA,extended,FALSE,
relevantie,0.0253967154043379,1,Brysbaert2014a,1.47,NA,extended,FALSE,
slechtheid,0.0253967154043379,1,Brysbaert2014a,1.47,NA,extended,FALSE,
sociëteit,0.0253967154043379,1,Brysbaert2014a,1.47,NA,extended,FALSE,
sociologie,0.0253967154043379,1,Brysbaert2014a,1.47,NA,extended,FALSE,
solidariteit,0.0253967154043379,1,Brysbaert2014a,1.47,NA,extended,FALSE,
stomweg,0.0253967154043379,1,Brysbaert2014a,1.47,NA,extended,FALSE,
symboliek,0.0253967154043379,1,Brysbaert2014a,1.47,NA,extended,FALSE,
terminologie,0.0253967154043379,1,Brysbaert2014a,1.47,NA,extended,FALSE,
toestand,0.0253967154043379,1,Brysbaert2014a,1.47,NA,extended,FALSE,
utiliteit,0.0253967154043379,1,Brysbaert2014a,1.47,NA,extended,FALSE,
vaarwel,0.0253967154043379,1,Brysbaert2014a,1.47,NA,extended,FALSE,
verdommenis,0.0253967154043379,1,Brysbaert2014a,1.47,NA,extended,FALSE,
vervolg,0.0253967154043379,1,Brysbaert2014a,1.47,NA,extended,FALSE,
waardering,0.0253967154043379,1,Brysbaert2014a,1.47,NA,extended,FALSE,
zedelijkheid,0.0253967154043379,1,Brysbaert2014a,1.47,NA,extended,FALSE,
zelfbeschikking,0.0253967154043379,1,Brysbaert2014a,1.47,NA,extended,FALSE,
zienswijze,0.0253967154043379,1,Brysbaert2014a,1.47,NA,extended,FALSE,
zoölogie,0.0253967154043379,1,Brysbaert2014a,1.47,NA,extended,FALSE,
mystiek,0.0232342187480208,2,Brysbaert2014a;Jasmin2012,2.285,NA,extended,FALSE,
catharsis,0.0221744854826415,1,Brysbaert2014a,1.46,NA,extended,FALSE,
contingentie,0.0221744854826415,1,Brysbaert2014a,1.46,NA,extended,FALSE,
corporatisme,0.0221744854826415,1,Brysbaert2014a,1.46,NA,extended,FALSE,
fatalisme,0.0221744854826415,1,Brysbaert2014a,1.46,NA,extended,FALSE,
filantropie,0.0221744854826415,1,Brysbaert2014a,1.46,NA,extended,FALSE,
gemeenzaam,0.0221744854826415,1,Brysbaert2014a,1.46,NA,extended,FALSE,
humiliatie,0.0221744854826415,1,Brysbaert2014a,1.46,NA,extended,FALSE,
idiotie,0.0221744854826415,1,Brysbaert2014a,1.46,NA,extended,FALSE,
immunologie,0.0221744854826415,1,Brysbaert2014a,1.46,NA,extended,FALSE,
implicatie,0.0221744854826415,1,Brysbaert2014a,1.46,NA,extended,FALSE,
kits,0.0221744854826415,1,Brysbaert2014a,1.46,NA,extended,FALSE,
larie,0.0221744854826415,1,Brysbaert2014a,1.46,NA,extended,FALSE,
persistentie,0.0221744854826415,1,Brysbaert2014a,1.46,NA,extended,FALSE,
pertinent,0.0221744854826415,1,Brysbaert2014a,1.46,NA,extended,FALSE,
prudent,0.0221744854826415,1,Brysbaert2014a,1.46,NA,extended,FALSE,
revaluatie,0.0221744854826415,1,Brysbaert2014a,1.46,NA,extended,FALSE,
reversibel,0.0221744854826415,1,Brysbaert2014a,1.46,NA,extended,FALSE,
volgaarne,0.0221744854826415,1,Brysbaert2014a,1.46,NA,extended,FALSE,
voorspraak,0.0221744854826415,1,Brysbaert2014a,1.46,NA,extended,FALSE,
wiedes,0.0221744854826415,1,Brysbaert2014a,1.46,NA,extended,FALSE,
wonderwel,0.0221744854826415,1,Brysbaert2014a,1.46,NA,extended,FALSE,
holisme,0.0211350564756427,1,Brysbaert2014a,1.45,NA,extended,FALSE,
idylle,0.0211350564756427,1,Brysbaert2014a,1.45,NA,extended,FALSE,
luttel,0.0211350564756427,1,Brysbaert2014a,1.45,NA,extended,FALSE,
medicamenteus,0.0211350564756427,1,Brysbaert2014a,1.45,NA,extended,FALSE,
mores,0.0211350564756427,1,Brysbaert2014a,1.45,NA,extended,FALSE,
onbruik,0.0211350564756427,1,Brysbaert2014a,1.45,NA,extended,FALSE,
positivo,0.0211350564756427,1,Brysbaert2014a,1.45,NA,extended,FALSE,
solvabiliteit,0.0211350564756427,1,Brysbaert2014a,1.45,NA,extended,FALSE,
tobberij,0.0211350564756427,1,Brysbaert2014a,1.45,NA,extended,FALSE,
deemoed,0.0206846372392766,1,Brysbaert2014a,1.44,NA,extended,FALSE,
dispariteit,0.0206846372392766,1,Brysbaert2014a,1.44,NA,extended,FALSE,
heuristiek,0.0206846372392766,1,Brysbaert2014a,1.44,NA,extended,FALSE,
oligopolie,0.0206846372392766,1,Brysbaert2014a,1.44,NA,extended,FALSE,
aanmerking,0.0200263322015106,1,Brysbaert2014a,1.43,NA,extended,FALSE,
centralisatie,0.0200263322015106,1,Brysbaert2014a,1.43,NA,extended,FALSE,
devotie,0.0200263322015106,1,Brysbaert2014a,1.43,NA,extended,FALSE,
disseminatie,0.0200263322015106,1,Brysbaert2014a,1.43,NA,extended,FALSE,
geouwehoer,0.0200263322015106,1,Brysbaert2014a,1.43,NA,extended,FALSE,
magistratuur,0.0200263322015106,1,Brysbaert2014a,1.43,NA,extended,FALSE,
mediëvist,0.0200263322015106,1,Brysbaert2014a,1.43,NA,extended,FALSE,
morbiditeit,0.0200263322015106,1,Brysbaert2014a,1.43,NA,extended,FALSE,
ondank,0.0200263322015106,1,Brysbaert2014a,1.43,NA,extended,FALSE,
pluraliteit,0.0200263322015106,1,Brysbaert2014a,1.43,NA,extended,FALSE,
prevalentie,0.0200263322015106,1,Brysbaert2014a,1.43,NA,extended,FALSE,
retoriek,0.0200263322015106,1,Brysbaert2014a,1.43,NA,extended,FALSE,
transcendent,0.0200263322015106,1,Brysbaert2014a,1.43,NA,extended,FALSE,
vrijwaring,0.0200263322015106,1,Brysbaert2014a,1.43,NA,extended,FALSE,
antithese,0.0190908460952117,1,Brysbaert2014a,1.42,NA,extended,FALSE,
depositie,0.0190908460952117,1,Brysbaert2014a,1.42,NA,extended,FALSE,
empirie,0.0190908460952117,1,Brysbaert2014a,1.42,NA,extended,FALSE,
fonetiek,0.0190908460952117,1,Brysbaert2014a,1.42,NA,extended,FALSE,
jota,0.0190908460952117,1,Brysbaert2014a,1.42,NA,extended,FALSE,
premisse,0.0190908460952117,1,Brysbaert2014a,1.42,NA,extended,FALSE,
respijt,0.0190908460952117,1,Brysbaert2014a,1.42,NA,extended,FALSE,
scholastiek,0.0190908460952117,1,Brysbaert2014a,1.42,NA,extended,FALSE,
semantiek,0.0190908460952117,1,Brysbaert2014a,1.42,NA,extended,FALSE,
stigma,0.0190908460952117,1,Brysbaert2014a,1.42,NA,extended,FALSE,
stratificatie,0.0190908460952117,1,Brysbaert2014a,1.42,NA,extended,FALSE,
tewerk,0.0190908460952117,1,Brysbaert2014a,1.42,NA,extended,FALSE,
autonoom,0.016457625944148,1,Brysbaert2014a,1.4,NA,extended,FALSE,
bedenksel,0.016457625944148,1,Brysbaert2014a,1.4,NA,extended,FALSE,
bijwoord,0.016457625944148,1,Brysbaert2014a,1.4,NA,extended,FALSE,
blijk,0.016457625944148,1,Brysbaert2014a,1.4,NA,extended,FALSE,
canoniek,0.016457625944148,1,Brysbaert2014a,1.4,NA,extended,FALSE,
chauvinisme,0.016457625944148,1,Brysbaert2014a,1.4,NA,extended,FALSE,
compatibiliteit,0.016457625944148,1,Brysbaert2014a,1.4,NA,extended,FALSE,
consideratie,0.016457625944148,1,Brysbaert2014a,1.4,NA,extended,FALSE,
cultuur,0.016457625944148,1,Brysbaert2014a,1.4,NA,extended,FALSE,
definitie,0.016457625944148,1,Brysbaert2014a,1.4,NA,extended,FALSE,
drang,0.016457625944148,1,Brysbaert2014a,1.4,NA,extended,FALSE,
echtheid,0.016457625944148,1,Brysbaert2014a,1.4,NA,extended,FALSE,
efficiëntie,0.016457625944148,1,Brysbaert2014a,1.4,NA,extended,FALSE,
eschatologie,0.016457625944148,1,Brysbaert2014a,1.4,NA,extended,FALSE,
eufemisme,0.016457625944148,1,Brysbaert2014a,1.4,NA,extended,FALSE,
eventjes,0.016457625944148,1,Brysbaert2014a,1.4,NA,extended,FALSE,
federalisme,0.016457625944148,1,Brysbaert2014a,1.4,NA,extended,FALSE,
godzijdank,0.016457625944148,1,Brysbaert2014a,1.4,NA,extended,FALSE,
grootheid,0.016457625944148,1,Brysbaert2014a,1.4,NA,extended,FALSE,
hapsnap,0.016457625944148,1,Brysbaert2014a,1.4,NA,extended,FALSE,
introversie,0.016457625944148,1,Brysbaert2014a,1.4,NA,extended,FALSE,
ironie,0.016457625944148,1,Brysbaert2014a,1.4,NA,extended,FALSE,
jazeker,0.016457625944148,1,Brysbaert2014a,1.4,NA,extended,FALSE,
joepie,0.016457625944148,1,Brysbaert2014a,1.4,NA,extended,FALSE,
materialisme,0.016457625944148,1,Brysbaert2014a,1.4,NA,extended,FALSE,
merci,0.016457625944148,1,Brysbaert2014a,1.4,NA,extended,FALSE,
naarheid,0.016457625944148,1,Brysbaert2014a,1.4,NA,extended,FALSE,
negotie,0.016457625944148,1,Brysbaert2014a,1.4,NA,extended,FALSE,
omissie,0.016457625944148,1,Brysbaert2014a,1.4,NA,extended,FALSE,
oneindigheid,0.016457625944148,1,Brysbaert2014a,1.4,NA,extended,FALSE,
onmacht,0.016457625944148,1,Brysbaert2014a,1.4,NA,extended,FALSE,
overweging,0.016457625944148,1,Brysbaert2014a,1.4,NA,extended,FALSE,
pakweg,0.016457625944148,1,Brysbaert2014a,1.4,NA,extended,FALSE,
paradigma,0.016457625944148,1,Brysbaert2014a,1.4,NA,extended,FALSE,
pardon,0.016457625944148,1,Brysbaert2014a,1.4,NA,extended,FALSE,
perceptueel,0.016457625944148,1,Brysbaert2014a,1.4,NA,extended,FALSE,
perfectum,0.016457625944148,1,Brysbaert2014a,1.4,NA,extended,FALSE,
politiek,0.016457625944148,1,Brysbaert2014a,1.4,NA,extended,FALSE,
positivisme,0.016457625944148,1,Brysbaert2014a,1.4,NA,extended,FALSE,
principe,0.016457625944148,1,Brysbaert2014a,1.4,NA,extended,FALSE,
prominentie,0.016457625944148,1,Brysbaert2014a,1.4,NA,extended,FALSE,
purisme,0.016457625944148,1,Brysbaert2014a,1.4,NA,extended,FALSE,
raadzaam,0.016457625944148,1,Brysbaert2014a,1.4,NA,extended,FALSE,
radicalisering,0.016457625944148,1,Brysbaert2014a,1.4,NA,extended,FALSE,
rationalisatie,0.016457625944148,1,Brysbaert2014a,1.4,NA,extended,FALSE,
redelijkheid,0.016457625944148,1,Brysbaert2014a,1.4,NA,extended,FALSE,
reëel,0.016457625944148,1,Brysbaert2014a,1.4,NA,extended,FALSE,
sacraal,0.016457625944148,1,Brysbaert2014a,1.4,NA,extended,FALSE,
sereniteit,0.016457625944148,1,Brysbaert2014a,1.4,NA,extended,FALSE,
stagflatie,0.016457625944148,1,Brysbaert2014a,1.4,NA,extended,FALSE,
successie,0.016457625944148,1,Brysbaert2014a,1.4,NA,extended,FALSE,
typologie,0.016457625944148,1,Brysbaert2014a,1.4,NA,extended,FALSE,
vergiffenis,0.016457625944148,1,Brysbaert2014a,1.4,NA,extended,FALSE,
wijsheid,0.016457625944148,1,Brysbaert2014a,1.4,NA,extended,FALSE,
willekeur,0.016457625944148,1,Brysbaert2014a,1.4,NA,extended,FALSE,
zaliger,0.016457625944148,1,Brysbaert2014a,1.4,NA,extended,FALSE,
zekerheid,0.016457625944148,1,Brysbaert2014a,1.4,NA,extended,FALSE,
zodra,0.016457625944148,1,Brysbaert2014a,1.4,NA,extended,FALSE,
belang,0.0162933291011063,2,Brysbaert2014a;Jasmin2012,2.415,NA,extended,FALSE,
embargo,0.014136234495184,1,Brysbaert2014a,1.38,NA,extended,FALSE,
genese,0.014136234495184,1,Brysbaert2014a,1.38,NA,extended,FALSE,
leenstelsel,0.014136234495184,1,Brysbaert2014a,1.38,NA,extended,FALSE,
revisionisme,0.014136234495184,1,Brysbaert2014a,1.38,NA,extended,FALSE,
wanbegrip,0.014136234495184,1,Brysbaert2014a,1.38,NA,extended,FALSE,
abominabel,0.0133739865567182,1,Brysbaert2014a,1.36,NA,extended,FALSE,
absolutie,0.0133739865567182,1,Brysbaert2014a,1.36,NA,extended,FALSE,
absolutisme,0.0133739865567182,1,Brysbaert2014a,1.36,NA,extended,FALSE,
acculturatie,0.0133739865567182,1,Brysbaert2014a,1.36,NA,extended,FALSE,
achting,0.0133739865567182,1,Brysbaert2014a,1.36,NA,extended,FALSE,
ambivalentie,0.0133739865567182,1,Brysbaert2014a,1.36,NA,extended,FALSE,
constitutie,0.0133739865567182,1,Brysbaert2014a,1.36,NA,extended,FALSE,
deflatie,0.0133739865567182,1,Brysbaert2014a,1.36,NA,extended,FALSE,
deontologie,0.0133739865567182,1,Brysbaert2014a,1.36,NA,extended,FALSE,
graagte,0.0133739865567182,1,Brysbaert2014a,1.36,NA,extended,FALSE,
intrinsiek,0.0133739865567182,1,Brysbaert2014a,1.36,NA,extended,FALSE,
lyriek,0.0133739865567182,1,Brysbaert2014a,1.36,NA,extended,FALSE,
pluralis,0.0133739865567182,1,Brysbaert2014a,1.36,NA,extended,FALSE,
pragmatiek,0.0133739865567182,1,Brysbaert2014a,1.36,NA,extended,FALSE,
radicalisme,0.0133739865567182,1,Brysbaert2014a,1.36,NA,extended,FALSE,
relevatie,0.0133739865567182,1,Brysbaert2014a,1.36,NA,extended,FALSE,
significantie,0.0133739865567182,1,Brysbaert2014a,1.36,NA,extended,FALSE,
inferieur,0.0127090997104253,2,Brysbaert2014a;Jasmin2012,2.3,NA,extended,FALSE,
lukraak,0.0109169850150848,2,Brysbaert2014a;Jasmin2012,2.2,NA,extended,FALSE,
aard,0.0109140045734876,1,Brysbaert2014a,1.33,NA,extended,FALSE,
bijgevolg,0.0109140045734876,1,Brysbaert2014a,1.33,NA,extended,FALSE,
causaal,0.0109140045734876,1,Brysbaert2014a,1.33,NA,extended,FALSE,
conform,0.0109140045734876,1,Brysbaert2014a,1.33,NA,extended,FALSE,
conservatisme,0.0109140045734876,1,Brysbaert2014a,1.33,NA,extended,FALSE,
controverse,0.0109140045734876,1,Brysbaert2014a,1.33,NA,extended,FALSE,
eenduidigheid,0.0109140045734876,1,Brysbaert2014a,1.33,NA,extended,FALSE,
eeuwigheid,0.0109140045734876,1,Brysbaert2014a,1.33,NA,extended,FALSE,
egocentrisme,0.0109140045734876,1,Brysbaert2014a,1.33,NA,extended,FALSE,
exceptioneel,0.0109140045734876,1,Brysbaert2014a,1.33,NA,extended,FALSE,
geenszins,0.0109140045734876,1,Brysbaert2014a,1.33,NA,extended,FALSE,
genade,0.0109140045734876,1,Brysbaert2014a,1.33,NA,extended,FALSE,
getrouw,0.0109140045734876,1,Brysbaert2014a,1.33,NA,extended,FALSE,
globalisering,0.0109140045734876,1,Brysbaert2014a,1.33,NA,extended,FALSE,
gratificatie,0.0109140045734876,1,Brysbaert2014a,1.33,NA,extended,FALSE,
heerlijkheid,0.0109140045734876,1,Brysbaert2014a,1.33,NA,extended,FALSE,
ideologie,0.0109140045734876,1,Brysbaert2014a,1.33,NA,extended,FALSE,
idolatrie,0.0109140045734876,1,Brysbaert2014a,1.33,NA,extended,FALSE,
individualisme,0.0109140045734876,1,Brysbaert2014a,1.33,NA,extended,FALSE,
indruk,0.0109140045734876,1,Brysbaert2014a,1.33,NA,extended,FALSE,
jetje,0.0109140045734876,1,Brysbaert2014a,1.33,NA,extended,FALSE,
krachtens,0.0109140045734876,1,Brysbaert2014a,1.33,NA,extended,FALSE,
kwintessens,0.0109140045734876,1,Brysbaert2014a,1.33,NA,extended,FALSE,
levensstijl,0.0109140045734876,1,Brysbaert2014a,1.33,NA,extended,FALSE,
logica,0.0109140045734876,1,Brysbaert2014a,1.33,NA,extended,FALSE,
maniërisme,0.0109140045734876,1,Brysbaert2014a,1.33,NA,extended,FALSE,
methodologie,0.0109140045734876,1,Brysbaert2014a,1.33,NA,extended,FALSE,
ofschoon,0.0109140045734876,1,Brysbaert2014a,1.33,NA,extended,FALSE,
optioneel,0.0109140045734876,1,Brysbaert2014a,1.33,NA,extended,FALSE,
pedagogie,0.0109140045734876,1,Brysbaert2014a,1.33,NA,extended,FALSE,
perse,0.0109140045734876,1,Brysbaert2014a,1.33,NA,extended,FALSE,
piëteit,0.0109140045734876,1,Brysbaert2014a,1.33,NA,extended,FALSE,
potentie,0.0109140045734876,1,Brysbaert2014a,1.33,NA,extended,FALSE,
principaal,0.0109140045734876,1,Brysbaert2014a,1.33,NA,extended,FALSE,
profetie,0.0109140045734876,1,Brysbaert2014a,1.33,NA,extended,FALSE,
prolegomena,0.0109140045734876,1,Brysbaert2014a,1.33,NA,extended,FALSE,
pseudoniem,0.0109140045734876,1,Brysbaert2014a,1.33,NA,extended,FALSE,
recalcitrantie,0.0109140045734876,1,Brysbaert2014a,1.33,NA,extended,FALSE,
redelijkerwijs,0.0109140045734876,1,Brysbaert2014a,1.33,NA,extended,FALSE,
remonstrants,0.0109140045734876,1,Brysbaert2014a,1.33,NA,extended,FALSE,
semiotiek,0.0109140045734876,1,Brysbaert2014a,1.33,NA,extended,FALSE,
spiritualiteit,0.0109140045734876,1,Brysbaert2014a,1.33,NA,extended,FALSE,
subliminaal,0.0109140045734876,1,Brysbaert2014a,1.33,NA,extended,FALSE,
surseance,0.0109140045734876,1,Brysbaert2014a,1.33,NA,extended,FALSE,
toekomst,0.0109140045734876,1,Brysbaert2014a,1.33,NA,extended,FALSE,
transpositie,0.0109140045734876,1,Brysbaert2014a,1.33,NA,extended,FALSE,
trepanatie,0.0109140045734876,1,Brysbaert2014a,1.33,NA,extended,FALSE,
validiteit,0.0109140045734876,1,Brysbaert2014a,1.33,NA,extended,FALSE,
valorisatie,0.0109140045734876,1,Brysbaert2014a,1.33,NA,extended,FALSE,
verdorie,0.0109140045734876,1,Brysbaert2014a,1.33,NA,extended,FALSE,
baat,0.00880049892592336,1,Brysbaert2014a,1.31,NA,extended,FALSE,
convergentie,0.00880049892592336,1,Brysbaert2014a,1.31,NA,extended,FALSE,
cultus,0.00880049892592336,1,Brysbaert2014a,1.31,NA,extended,FALSE,
fenomenologie,0.00880049892592336,1,Brysbaert2014a,1.31,NA,extended,FALSE,
jurisdictie,0.00880049892592336,1,Brysbaert2014a,1.31,NA,extended,FALSE,
obligatoir,0.00880049892592336,1,Brysbaert2014a,1.31,NA,extended,FALSE,
ongaarne,0.00880049892592336,1,Brysbaert2014a,1.31,NA,extended,FALSE,
antroposofie,0.00848867022382371,1,Brysbaert2014a,1.3,NA,extended,FALSE,
dissimilatie,0.00848867022382371,1,Brysbaert2014a,1.3,NA,extended,FALSE,
ambiguïteit,0.00789966045319105,1,Brysbaert2014a,1.29,NA,extended,FALSE,
astraal,0.00789966045319105,1,Brysbaert2014a,1.29,NA,extended,FALSE,
cassatie,0.00789966045319105,1,Brysbaert2014a,1.29,NA,extended,FALSE,
deernis,0.00789966045319105,1,Brysbaert2014a,1.29,NA,extended,FALSE,
extraversie,0.00789966045319105,1,Brysbaert2014a,1.29,NA,extended,FALSE,
finaliteit,0.00789966045319105,1,Brysbaert2014a,1.29,NA,extended,FALSE,
geeneens,0.00789966045319105,1,Brysbaert2014a,1.29,NA,extended,FALSE,
insolentie,0.00789966045319105,1,Brysbaert2014a,1.29,NA,extended,FALSE,
introspectie,0.00789966045319105,1,Brysbaert2014a,1.29,NA,extended,FALSE,
mondialisering,0.00789966045319105,1,Brysbaert2014a,1.29,NA,extended,FALSE,
pardoes,0.00789966045319105,1,Brysbaert2014a,1.29,NA,extended,FALSE,
plotsklaps,0.00789966045319105,1,Brysbaert2014a,1.29,NA,extended,FALSE,
specialisme,0.00789966045319105,1,Brysbaert2014a,1.29,NA,extended,FALSE,
totalitarisme,0.00789966045319105,1,Brysbaert2014a,1.29,NA,extended,FALSE,
verbatim,0.00789966045319105,1,Brysbaert2014a,1.29,NA,extended,FALSE,
anglicisme,0.00647910747695932,1,Brysbaert2014a,1.27,NA,extended,FALSE,
authenticiteit,0.00647910747695932,1,Brysbaert2014a,1.27,NA,extended,FALSE,
barmhartigheid,0.00647910747695932,1,Brysbaert2014a,1.27,NA,extended,FALSE,
bijgaand,0.00647910747695932,1,Brysbaert2014a,1.27,NA,extended,FALSE,
burgerplicht,0.00647910747695932,1,Brysbaert2014a,1.27,NA,extended,FALSE,
casuïstiek,0.00647910747695932,1,Brysbaert2014a,1.27,NA,extended,FALSE,
constitutioneel,0.00647910747695932,1,Brysbaert2014a,1.27,NA,extended,FALSE,
dogma,0.00647910747695932,1,Brysbaert2014a,1.27,NA,extended,FALSE,
eigenheid,0.00647910747695932,1,Brysbaert2014a,1.27,NA,extended,FALSE,
evident,0.00647910747695932,1,Brysbaert2014a,1.27,NA,extended,FALSE,
frasering,0.00647910747695932,1,Brysbaert2014a,1.27,NA,extended,FALSE,
generalisatie,0.00647910747695932,1,Brysbaert2014a,1.27,NA,extended,FALSE,
goddank,0.00647910747695932,1,Brysbaert2014a,1.27,NA,extended,FALSE,
goedheid,0.00647910747695932,1,Brysbaert2014a,1.27,NA,extended,FALSE,
machiavellisme,0.00647910747695932,1,Brysbaert2014a,1.27,NA,extended,FALSE,
moraal,0.00647910747695932,1,Brysbaert2014a,1.27,NA,extended,FALSE,
naargelang,0.00647910747695932,1,Brysbaert2014a,1.27,NA,extended,FALSE,
nationalisme,0.00647910747695932,1,Brysbaert2014a,1.27,NA,extended,FALSE,
pluriform,0.00647910747695932,1,Brysbaert2014a,1.27,NA,extended,FALSE,
serendipiteit,0.00647910747695932,1,Brysbaert2014a,1.27,NA,extended,FALSE,
soevereiniteit,0.00647910747695932,1,Brysbaert2014a,1.27,NA,extended,FALSE,
spirit,0.00647910747695932,1,Brysbaert2014a,1.27,NA,extended,FALSE,
statuut,0.00647910747695932,1,Brysbaert2014a,1.27,NA,extended,FALSE,
super,0.00647910747695932,1,Brysbaert2014a,1.27,NA,extended,FALSE,
affiliatie,0.00523179266856074,1,Brysbaert2014a,1.25,NA,extended,FALSE,
atavisme,0.00523179266856074,1,Brysbaert2014a,1.25,NA,extended,FALSE,
comorbiditeit,0.00523179266856074,1,Brysbaert2014a,1.25,NA,extended,FALSE,
esoterie,0.00523179266856074,1,Brysbaert2014a,1.25,NA,extended,FALSE,
hegemonie,0.00523179266856074,1,Brysbaert2014a,1.25,NA,extended,FALSE,
inciviek,0.00523179266856074,1,Brysbaert2014a,1.25,NA,extended,FALSE,
loutering,0.00523179266856074,1,Brysbaert2014a,1.25,NA,extended,FALSE,
prosodie,0.00523179266856074,1,Brysbaert2014a,1.25,NA,extended,FALSE,
schepel,0.00523179266856074,1,Brysbaert2014a,1.25,NA,extended,FALSE,
wederik,0.00523179266856074,1,Brysbaert2014a,1.25,NA,extended,FALSE,
agnosticisme,0.00453883999722819,1,Brysbaert2014a,1.23,NA,extended,FALSE,
archaïsme,0.00453883999722819,1,Brysbaert2014a,1.23,NA,extended,FALSE,
inferioriteit,0.00453883999722819,1,Brysbaert2014a,1.23,NA,extended,FALSE,
menskunde,0.00453883999722819,1,Brysbaert2014a,1.23,NA,extended,FALSE,
mogendheid,0.00453883999722819,1,Brysbaert2014a,1.23,NA,extended,FALSE,
mum,0.00453883999722819,1,Brysbaert2014a,1.23,NA,extended,FALSE,
postuum,0.00453883999722819,1,Brysbaert2014a,1.23,NA,extended,FALSE,
reciprociteit,0.00453883999722819,1,Brysbaert2014a,1.23,NA,extended,FALSE,
reductionisme,0.00453883999722819,1,Brysbaert2014a,1.23,NA,extended,FALSE,
weerwil,0.00453883999722819,1,Brysbaert2014a,1.23,NA,extended,FALSE,
aliënatie,0.00401912549372878,1,Brysbaert2014a,1.22,NA,extended,FALSE,
blasfemie,0.00401912549372878,1,Brysbaert2014a,1.22,NA,extended,FALSE,
loyauteit,0.00401912549372878,1,Brysbaert2014a,1.22,NA,extended,FALSE,
manjaar,0.00401912549372878,1,Brysbaert2014a,1.22,NA,extended,FALSE,
soortement,0.00401912549372878,1,Brysbaert2014a,1.22,NA,extended,FALSE,
calvinisme,0.0036726491580625,1,Brysbaert2014a,1.21,NA,extended,FALSE,
eclecticisme,0.0036726491580625,1,Brysbaert2014a,1.21,NA,extended,FALSE,
issue,0.0036726491580625,1,Brysbaert2014a,1.21,NA,extended,FALSE,
pathologie,0.0036726491580625,1,Brysbaert2014a,1.21,NA,extended,FALSE,
relativiteit,0.0036726491580625,1,Brysbaert2014a,1.21,NA,extended,FALSE,
elkander,0.00304899175386321,1,Brysbaert2014a,1.2,NA,extended,FALSE,
epicurisme,0.00304899175386321,1,Brysbaert2014a,1.2,NA,extended,FALSE,
filosofie,0.00304899175386321,1,Brysbaert2014a,1.2,NA,extended,FALSE,
frenologie,0.00304899175386321,1,Brysbaert2014a,1.2,NA,extended,FALSE,
incivisme,0.00304899175386321,1,Brysbaert2014a,1.2,NA,extended,FALSE,
kiskassen,0.00304899175386321,1,Brysbaert2014a,1.2,NA,extended,FALSE,
misogamie,0.00304899175386321,1,Brysbaert2014a,1.2,NA,extended,FALSE,
paradox,0.00304899175386321,1,Brysbaert2014a,1.2,NA,extended,FALSE,
privilege,0.00304899175386321,1,Brysbaert2014a,1.2,NA,extended,FALSE,
relativisme,0.00304899175386321,1,Brysbaert2014a,1.2,NA,extended,FALSE,
singularis,0.00304899175386321,1,Brysbaert2014a,1.2,NA,extended,FALSE,
these,0.00304899175386321,1,Brysbaert2014a,1.2,NA,extended,FALSE,
zelfzucht,0.00304899175386321,1,Brysbaert2014a,1.2,NA,extended,FALSE,
annotatie,0.0025292772503638,1,Brysbaert2014a,1.18,NA,extended,FALSE,
defaitisme,0.0025292772503638,1,Brysbaert2014a,1.18,NA,extended,FALSE,
foneem,0.00239068671609729,1,Brysbaert2014a,1.17,NA,extended,FALSE,
syllogisme,0.00239068671609729,1,Brysbaert2014a,1.17,NA,extended,FALSE,
creationisme,0.00218280091469753,1,Brysbaert2014a,1.14,NA,extended,FALSE,
empirisme,0.00218280091469753,1,Brysbaert2014a,1.14,NA,extended,FALSE,
pragmatisme,0.00218280091469753,1,Brysbaert2014a,1.14,NA,extended,FALSE,
reformisme,0.00218280091469753,1,Brysbaert2014a,1.14,NA,extended,FALSE,
abstractie,0.00173238167833137,1,Brysbaert2014a,1.13,NA,extended,FALSE,
afasie,0.00173238167833137,1,Brysbaert2014a,1.13,NA,extended,FALSE,
aforisme,0.00173238167833137,1,Brysbaert2014a,1.13,NA,extended,FALSE,
doening,0.00173238167833137,1,Brysbaert2014a,1.13,NA,extended,FALSE,
idealisme,0.00173238167833137,1,Brysbaert2014a,1.13,NA,extended,FALSE,
luciditeit,0.00173238167833137,1,Brysbaert2014a,1.13,NA,extended,FALSE,
moraliteit,0.00173238167833137,1,Brysbaert2014a,1.13,NA,extended,FALSE,
surreëel,0.00173238167833137,1,Brysbaert2014a,1.13,NA,extended,FALSE,
utopisme,0.00173238167833137,1,Brysbaert2014a,1.13,NA,extended,FALSE,
tribalisme,0.0013859053426651,1,Brysbaert2014a,1.11,NA,extended,FALSE,
reconversie,0.00131661007553184,1,Brysbaert2014a,1.1,NA,extended,FALSE,
conformisme,0.00110872427413208,1,Brysbaert2014a,1.07,NA,extended,FALSE,
futurisme,0.00110872427413208,1,Brysbaert2014a,1.07,NA,extended,FALSE,
nihilisme,0.00110872427413208,1,Brysbaert2014a,1.07,NA,extended,FALSE,
rechtvaardigheid,0.00110872427413208,1,Brysbaert2014a,1.07,NA,extended,FALSE,
utilitarisme,0.00110872427413208,1,Brysbaert2014a,1.07,NA,extended,FALSE,
anomie,0.000485066869932784,1,Brysbaert2014a,1,NA,extended,FALSE,
determinisme,0.000485066869932784,1,Brysbaert2014a,1,NA,extended,FALSE,
kassiewijlen,0.000485066869932784,1,Brysbaert2014a,1,NA,extended,FALSE,
lysol,0.000485066869932784,1,Brysbaert2014a,1,NA,extended,FALSE,
mammon,0.000485066869932784,1,Brysbaert2014a,1,NA,extended,FALSE,
palfrenier,0.000485066869932784,1,Brysbaert2014a,1,NA,extended,FALSE,
paranimf,0.000485066869932784,1,Brysbaert2014a,1,NA,extended,FALSE,
propedeuse,0.000485066869932784,1,Brysbaert2014a,1,NA,extended,FALSE,
rins,0.000485066869932784,1,Brysbaert2014a,1,NA,extended,FALSE,
seraf,0.000485066869932784,1,Brysbaert2014a,1,NA,extended,FALSE,
snep,0.000485066869932784,1,Brysbaert2014a,1,NA,extended,FALSE,
veem,0.000485066869932784,1,Brysbaert2014a,1,NA,extended,FALSE,
zionisme,0.000485066869932784,1,Brysbaert2014a,1,NA,extended,FALSE,
