word,mean_percentile,n_sources,sources,mean_raw_concreteness,gloss_english,tier,selected,gloss_source
豬,1,1,Su2023,6.9474,pig,core,TRUE,hack_llm_translation
糞,0.999641962047977,1,Su2023,6.8889,feces,core,TRUE,hack_llm_translation
貓,0.999283924095954,1,Su2023,6.8421,cat,core,TRUE,hack_llm_translation
眼,0.998925886143931,1,Su2023,6.8333,eye,core,TRUE,hack_llm_translation
蛋,0.998388829215897,1,Su2023,6.7895,egg,core,TRUE,hack_llm_translation
龜,0.998388829215897,1,Su2023,6.7895,turtle,core,TRUE,hack_llm_translation
兔,0.996777658431794,1,Su2023,6.7368,rabbit,core,TRUE,hack_llm_translation
手,0.996777658431794,1,Su2023,6.7368,hand,core,TRUE,hack_llm_translation
橙,0.996777658431794,1,Su2023,6.7368,orange,core,TRUE,hack_llm_translation
水,0.996777658431794,1,Su2023,6.7368,water,core,TRUE,hack_llm_translation
粥,0.996777658431794,1,Su2023,6.7368,porridge,core,TRUE,hack_llm_translation
蛇,0.996777658431794,1,Su2023,6.7368,snake,core,TRUE,hack_llm_translation
鹿,0.996777658431794,1,Su2023,6.7368,deer,core,TRUE,hack_llm_translation
狗,0.994271392767633,1,Su2023,6.6842,dog,core,TRUE,hack_llm_translation
船,0.994271392767633,1,Su2023,6.6842,boat,core,TRUE,hack_llm_translation
蟹,0.994271392767633,1,Su2023,6.6842,crab,core,TRUE,hack_llm_translation
裙,0.994271392767633,1,Su2023,6.6842,skirt,core,TRUE,hack_llm_translation
雨,0.994271392767633,1,Su2023,6.6842,rain,core,TRUE,hack_llm_translation
驢,0.994271392767633,1,Su2023,6.6842,donkey,core,TRUE,hack_llm_translation
鴨,0.994271392767633,1,Su2023,6.6842,duck,core,TRUE,hack_llm_translation
唇,0.992839240959542,1,Su2023,6.65,lip,core,TRUE,hack_llm_translation
杯,0.991765127103473,1,Su2023,6.6316,cup,core,TRUE,hack_llm_translation
猴,0.991765127103473,1,Su2023,6.6316,monkey,core,TRUE,hack_llm_translation
羊,0.991765127103473,1,Su2023,6.6316,sheep,core,TRUE,hack_llm_translation
雞,0.991765127103473,1,Su2023,6.6316,chicken,core,TRUE,hack_llm_translation
鼠,0.991765127103473,1,Su2023,6.6316,mouse,core,TRUE,hack_llm_translation
草,0.99015395631937,1,Su2023,6.5789,grass,core,TRUE,hack_llm_translation
鞋,0.99015395631937,1,Su2023,6.5789,shoe,core,TRUE,hack_llm_translation
飯,0.99015395631937,1,Su2023,6.5789,rice,core,TRUE,hack_llm_translation
魚,0.99015395631937,1,Su2023,6.5789,fish,core,TRUE,hack_llm_translation
床,0.988542785535267,1,Su2023,6.5263,bed,core,TRUE,hack_llm_translation
狼,0.988542785535267,1,Su2023,6.5263,wolf,core,TRUE,hack_llm_translation
蚊,0.988542785535267,1,Su2023,6.5263,mosquito,core,TRUE,hack_llm_translation
頭,0.988542785535267,1,Su2023,6.5263,head,core,TRUE,hack_llm_translation
鼻,0.988542785535267,1,Su2023,6.5263,nose,core,TRUE,hack_llm_translation
刀,0.986573576799141,1,Su2023,6.4737,knife,core,TRUE,hack_llm_translation
熊,0.986573576799141,1,Su2023,6.4737,bear,core,TRUE,hack_llm_translation
腳,0.986573576799141,1,Su2023,6.4737,foot,core,TRUE,hack_llm_translation
蝦,0.986573576799141,1,Su2023,6.4737,shrimp,core,TRUE,hack_llm_translation
車,0.986573576799141,1,Su2023,6.4737,car,core,TRUE,hack_llm_translation
齒,0.986573576799141,1,Su2023,6.4737,tooth,core,TRUE,hack_llm_translation
錢,0.98532044396706,1,Su2023,6.45,money,core,TRUE,hack_llm_translation
劍,0.982993197278912,1,Su2023,6.4211,sword,core,TRUE,hack_llm_translation
嘴,0.982993197278912,1,Su2023,6.4211,mouth,core,TRUE,hack_llm_translation
屎,0.982993197278912,1,Su2023,6.4211,poop,core,TRUE,hack_llm_translation
書,0.982993197278912,1,Su2023,6.4211,book,core,TRUE,hack_llm_translation
碗,0.982993197278912,1,Su2023,6.4211,bowl,core,TRUE,hack_llm_translation
肝,0.982993197278912,1,Su2023,6.4211,liver,core,TRUE,hack_llm_translation
胃,0.982993197278912,1,Su2023,6.4211,stomach,core,TRUE,hack_llm_translation
腿,0.982993197278912,1,Su2023,6.4211,leg,core,TRUE,hack_llm_translation
茶,0.982993197278912,1,Su2023,6.4211,tea,core,TRUE,hack_llm_translation
蕉,0.982993197278912,1,Su2023,6.4211,banana,core,TRUE,hack_llm_translation
藥,0.982993197278912,1,Su2023,6.4211,medicine,core,TRUE,hack_llm_translation
鯨,0.982993197278912,1,Su2023,6.4211,whale,core,TRUE,hack_llm_translation
火,0.979949874686717,1,Su2023,6.4,fire,core,TRUE,hack_llm_translation
蔥,0.979949874686717,1,Su2023,6.4,onion,core,TRUE,hack_llm_translation
酒,0.979949874686717,1,Su2023,6.4,alcohol,core,TRUE,hack_llm_translation
鵝,0.979949874686717,1,Su2023,6.4,goose,core,TRUE,hack_llm_translation
麵,0.979949874686717,1,Su2023,6.4,noodle,core,TRUE,hack_llm_translation
山,0.978338703902614,1,Su2023,6.3684,mountain,core,TRUE,hack_llm_translation
沙,0.978338703902614,1,Su2023,6.3684,sand,core,TRUE,hack_llm_translation
窗,0.978338703902614,1,Su2023,6.3684,window,core,TRUE,hack_llm_translation
鷹,0.978338703902614,1,Su2023,6.3684,eagle,core,TRUE,hack_llm_translation
筆,0.977443609022556,1,Su2023,6.35,pen,core,TRUE,hack_llm_translation
燈,0.975832438238453,1,Su2023,6.3158,lamp,core,TRUE,hack_llm_translation
肺,0.975832438238453,1,Su2023,6.3158,lung,core,TRUE,hack_llm_translation
腎,0.975832438238453,1,Su2023,6.3158,kidney,core,TRUE,hack_llm_translation
腦,0.975832438238453,1,Su2023,6.3158,brain,core,TRUE,hack_llm_translation
菜,0.975832438238453,1,Su2023,6.3158,vegetable,core,TRUE,hack_llm_translation
葱,0.975832438238453,1,Su2023,6.3158,onion,core,TRUE,hack_llm_translation
血,0.975832438238453,1,Su2023,6.3158,blood,core,TRUE,hack_llm_translation
頸,0.975832438238453,1,Su2023,6.3158,neck,core,TRUE,hack_llm_translation
傘,0.973684210526316,1,Su2023,6.3,umbrella,core,TRUE,hack_llm_translation
桃,0.973684210526316,1,Su2023,6.3,peach,core,TRUE,hack_llm_translation
河,0.973684210526316,1,Su2023,6.3,river,core,TRUE,hack_llm_translation
蟲,0.973684210526316,1,Su2023,6.3,insect,core,TRUE,hack_llm_translation
島,0.97171500179019,1,Su2023,6.2632,island,core,TRUE,hack_llm_translation
槍,0.97171500179019,1,Su2023,6.2632,gun,core,TRUE,hack_llm_translation
狐,0.97171500179019,1,Su2023,6.2632,fox,core,TRUE,hack_llm_translation
笑,0.97171500179019,1,Su2023,6.2632,smile,core,TRUE,hack_llm_translation
箭,0.97171500179019,1,Su2023,6.2632,arrow,core,TRUE,hack_llm_translation
蟬,0.97171500179019,1,Su2023,6.2632,cicada,core,TRUE,hack_llm_translation
餅,0.97171500179019,1,Su2023,6.2632,cake,core,TRUE,hack_llm_translation
湖,0.970103831006087,1,Su2023,6.25,lake,core,TRUE,hack_llm_translation
肉,0.970103831006087,1,Su2023,6.25,meat,core,TRUE,hack_llm_translation
女,0.969029717150018,1,Su2023,6.2105,woman,core,TRUE,hack_llm_translation
腰,0.969029717150018,1,Su2023,6.2105,waist,core,TRUE,hack_llm_translation
蛙,0.969029717150018,1,Su2023,6.2105,frog,core,TRUE,hack_llm_translation
霧,0.969029717150018,1,Su2023,6.2105,fog,core,TRUE,hack_llm_translation
人,0.967418546365915,1,Su2023,6.2,person,core,TRUE,hack_llm_translation
墓,0.967418546365915,1,Su2023,6.2,grave,core,TRUE,hack_llm_translation
弓,0.967418546365915,1,Su2023,6.2,bow,core,TRUE,hack_llm_translation
拳,0.967418546365915,1,Su2023,6.2,fist,core,TRUE,hack_llm_translation
淚,0.967418546365915,1,Su2023,6.2,tear,core,TRUE,hack_llm_translation
犬,0.965986394557823,1,Su2023,6.1579,dog,core,TRUE,hack_llm_translation
莓,0.965986394557823,1,Su2023,6.1579,berry,core,TRUE,hack_llm_translation
醋,0.965986394557823,1,Su2023,6.1579,vinegar,core,TRUE,hack_llm_translation
月,0.96437522377372,1,Su2023,6.15,moon,core,TRUE,hack_llm_translation
爪,0.96437522377372,1,Su2023,6.15,claw,core,TRUE,hack_llm_translation
籠,0.96437522377372,1,Su2023,6.15,cage,core,TRUE,hack_llm_translation
脖,0.96437522377372,1,Su2023,6.15,neck,core,TRUE,hack_llm_translation
鍋,0.96437522377372,1,Su2023,6.15,pot,core,TRUE,hack_llm_translation
鯊,0.96437522377372,1,Su2023,6.15,shark,core,TRUE,hack_llm_translation
桌,0.962047977085571,1,Su2023,6.1053,table,core,TRUE,hack_llm_translation
肚,0.962047977085571,1,Su2023,6.1053,belly,core,TRUE,hack_llm_translation
腸,0.962047977085571,1,Su2023,6.1053,intestine,core,TRUE,hack_llm_translation
膝,0.962047977085571,1,Su2023,6.1053,knee,core,TRUE,hack_llm_translation
舌,0.962047977085571,1,Su2023,6.1053,tongue,core,TRUE,hack_llm_translation
賊,0.962047977085571,1,Su2023,6.1053,thief,core,TRUE,hack_llm_translation
鹽,0.962047977085571,1,Su2023,6.1053,salt,core,TRUE,hack_llm_translation
媽,0.959183673469388,1,Su2023,6.1,mom,core,TRUE,hack_llm_translation
心,0.959183673469388,1,Su2023,6.1,heart,core,TRUE,hack_llm_translation
斧,0.959183673469388,1,Su2023,6.1,axe,core,TRUE,hack_llm_translation
橋,0.959183673469388,1,Su2023,6.1,bridge,core,TRUE,hack_llm_translation
盾,0.959183673469388,1,Su2023,6.1,shield,core,TRUE,hack_llm_translation
薑,0.959183673469388,1,Su2023,6.1,ginger,core,TRUE,hack_llm_translation
蟻,0.959183673469388,1,Su2023,6.1,ant,core,TRUE,hack_llm_translation
針,0.959183673469388,1,Su2023,6.1,needle,core,TRUE,hack_llm_translation
髮,0.959183673469388,1,Su2023,6.1,hair,core,TRUE,hack_llm_translation
廟,0.956140350877193,1,Su2023,6.0526,temple,core,TRUE,hack_llm_translation
炭,0.956140350877193,1,Su2023,6.0526,charcoal,core,TRUE,hack_llm_translation
疤,0.956140350877193,1,Su2023,6.0526,scar,core,TRUE,hack_llm_translation
紙,0.956140350877193,1,Su2023,6.0526,paper,core,TRUE,hack_llm_translation
腹,0.956140350877193,1,Su2023,6.0526,abdomen,core,TRUE,hack_llm_translation
蜆,0.956140350877193,1,Su2023,6.0526,clam,core,TRUE,hack_llm_translation
袋,0.956140350877193,1,Su2023,6.0526,bag,core,TRUE,hack_llm_translation
襪,0.956140350877193,1,Su2023,6.0526,sock,core,TRUE,hack_llm_translation
扇,0.95327604726101,1,Su2023,6.05,fan,core,TRUE,hack_llm_translation
桔,0.95327604726101,1,Su2023,6.05,tangerine,core,TRUE,hack_llm_translation
椅,0.95327604726101,1,Su2023,6.05,chair,core,TRUE,hack_llm_translation
櫈,0.95327604726101,1,Su2023,6.05,stool,core,TRUE,hack_llm_translation
牆,0.95327604726101,1,Su2023,6.05,wall,core,TRUE,hack_llm_translation
罐,0.95327604726101,1,Su2023,6.05,jar,core,TRUE,hack_llm_translation
胸,0.95327604726101,1,Su2023,6.05,chest,core,TRUE,hack_llm_translation
骨,0.95327604726101,1,Su2023,6.05,bone,core,TRUE,hack_llm_translation
奶,0.950232724668815,1,Su2023,6,milk,core,TRUE,hack_llm_translation
桶,0.950232724668815,1,Su2023,6,bucket,core,TRUE,hack_llm_translation
棍,0.950232724668815,1,Su2023,6,stick,core,TRUE,hack_llm_translation
洞,0.950232724668815,1,Su2023,6,hole,core,TRUE,hack_llm_translation
猩,0.950232724668815,1,Su2023,6,orangutan,core,TRUE,hack_llm_translation
碟,0.950232724668815,1,Su2023,6,plate,core,TRUE,hack_llm_translation
肩,0.950232724668815,1,Su2023,6,shoulder,core,TRUE,hack_llm_translation
蠔,0.950232724668815,1,Su2023,6,oyster,core,TRUE,hack_llm_translation
鞭,0.950232724668815,1,Su2023,6,whip,core,TRUE,hack_llm_translation
天,0.947010383100609,1,Su2023,5.95,sky,core,TRUE,hack_llm_translation
崖,0.947010383100609,1,Su2023,5.95,cliff,core,TRUE,hack_llm_translation
櫃,0.947010383100609,1,Su2023,5.95,cabinet,core,TRUE,hack_llm_translation
泥,0.947010383100609,1,Su2023,5.95,mud,core,TRUE,hack_llm_translation
瓜,0.947010383100609,1,Su2023,5.95,melon,core,TRUE,hack_llm_translation
磚,0.947010383100609,1,Su2023,5.95,brick,core,TRUE,hack_llm_translation
蝶,0.947010383100609,1,Su2023,5.95,butterfly,core,TRUE,hack_llm_translation
靴,0.947010383100609,1,Su2023,5.95,boot,core,TRUE,hack_llm_translation
黑,0.947010383100609,1,Su2023,5.95,black,core,TRUE,hack_llm_translation
橘,0.945041174364483,1,Su2023,5.9474,tangerine,core,TRUE,hack_llm_translation
牀,0.945041174364483,1,Su2023,5.9474,bed,core,TRUE,hack_llm_translation
凳,0.942892946652345,1,Su2023,5.9,stool,core,TRUE,hack_llm_translation
梯,0.942892946652345,1,Su2023,5.9,ladder,core,TRUE,hack_llm_translation
油,0.942892946652345,1,Su2023,5.9,oil,core,TRUE,hack_llm_translation
男,0.942892946652345,1,Su2023,5.9,man,core,TRUE,hack_llm_translation
糕,0.942892946652345,1,Su2023,5.9,cake,core,TRUE,hack_llm_translation
臂,0.942892946652345,1,Su2023,5.9,arm,core,TRUE,hack_llm_translation
舟,0.942892946652345,1,Su2023,5.9,boat,core,TRUE,hack_llm_translation
蒜,0.942892946652345,1,Su2023,5.9,garlic,core,TRUE,hack_llm_translation
錶,0.942892946652345,1,Su2023,5.9,watch,core,TRUE,hack_llm_translation
雀,0.942892946652345,1,Su2023,5.9,sparrow,core,TRUE,hack_llm_translation
凹,0.940028643036162,1,Su2023,5.8947,dent,core,TRUE,hack_llm_translation
簿,0.940028643036162,1,Su2023,5.8947,notebook,core,TRUE,hack_llm_translation
舞,0.940028643036162,1,Su2023,5.8947,dance,core,TRUE,hack_llm_translation
蠶,0.940028643036162,1,Su2023,5.8947,silkworm,core,TRUE,hack_llm_translation
釘,0.940028643036162,1,Su2023,5.8947,nail,core,TRUE,hack_llm_translation
錘,0.940028643036162,1,Su2023,5.8947,hammer,core,TRUE,hack_llm_translation
尿,0.938059434300036,1,Su2023,5.85,urine,core,TRUE,hack_llm_translation
煙,0.938059434300036,1,Su2023,5.85,smoke,core,TRUE,hack_llm_translation
笛,0.938059434300036,1,Su2023,5.85,flute,core,TRUE,hack_llm_translation
鎖,0.938059434300036,1,Su2023,5.85,lock,core,TRUE,hack_llm_translation
鱷,0.938059434300036,1,Su2023,5.85,crocodile,core,TRUE,hack_llm_translation
翅,0.936627282491944,1,Su2023,5.8421,wing,core,TRUE,hack_llm_translation
芽,0.936627282491944,1,Su2023,5.8421,sprout,core,TRUE,hack_llm_translation
鬍,0.936627282491944,1,Su2023,5.8421,beard,core,TRUE,hack_llm_translation
柑,0.935553168635875,1,Su2023,5.8,mandarin orange,core,TRUE,hack_llm_translation
母,0.935553168635875,1,Su2023,5.8,mother,core,TRUE,hack_llm_translation
跑,0.935553168635875,1,Su2023,5.8,run,core,TRUE,hack_llm_translation
杖,0.934300035803795,1,Su2023,5.7895,cane,core,TRUE,hack_llm_translation
柱,0.934300035803795,1,Su2023,5.7895,pillar,core,TRUE,hack_llm_translation
痣,0.934300035803795,1,Su2023,5.7895,mole,core,TRUE,hack_llm_translation
肥,0.934300035803795,1,Su2023,5.7895,fat,core,TRUE,hack_llm_translation
壺,0.930898675259577,1,Su2023,5.75,kettle,core,TRUE,hack_llm_translation
寺,0.930898675259577,1,Su2023,5.75,temple,core,TRUE,hack_llm_translation
弦,0.930898675259577,1,Su2023,5.75,string,core,TRUE,hack_llm_translation
枕,0.930898675259577,1,Su2023,5.75,pillow,core,TRUE,hack_llm_translation
棗,0.930898675259577,1,Su2023,5.75,jujube,core,TRUE,hack_llm_translation
櫻,0.930898675259577,1,Su2023,5.75,cherry blossom,core,TRUE,hack_llm_translation
煎,0.930898675259577,1,Su2023,5.75,fry,core,TRUE,hack_llm_translation
球,0.930898675259577,1,Su2023,5.75,ball,core,TRUE,hack_llm_translation
痘,0.930898675259577,1,Su2023,5.75,pimple,core,TRUE,hack_llm_translation
禿,0.930898675259577,1,Su2023,5.75,bald,core,TRUE,hack_llm_translation
簾,0.930898675259577,1,Su2023,5.75,curtain,core,TRUE,hack_llm_translation
蠅,0.930898675259577,1,Su2023,5.75,fly,core,TRUE,hack_llm_translation
衫,0.930898675259577,1,Su2023,5.75,shirt,core,TRUE,hack_llm_translation
跪,0.930898675259577,1,Su2023,5.75,kneel,core,TRUE,hack_llm_translation
鼓,0.930898675259577,1,Su2023,5.75,drum,core,TRUE,hack_llm_translation
尾,0.92749731471536,1,Su2023,5.7368,tail,core,TRUE,hack_llm_translation
閘,0.92749731471536,1,Su2023,5.7368,gate,core,TRUE,hack_llm_translation
鰻,0.92749731471536,1,Su2023,5.7368,eel,core,TRUE,hack_llm_translation
鱗,0.92749731471536,1,Su2023,5.7368,scale,core,TRUE,hack_llm_translation
棋,0.926065162907268,1,Su2023,5.7,chess,core,TRUE,hack_llm_translation
票,0.926065162907268,1,Su2023,5.7,ticket,core,TRUE,hack_llm_translation
艇,0.926065162907268,1,Su2023,5.7,boat,core,TRUE,hack_llm_translation
釵,0.926065162907268,1,Su2023,5.7,hairpin,core,TRUE,hack_llm_translation
塔,0.924274973147154,1,Su2023,5.6842,tower,core,TRUE,hack_llm_translation
灘,0.924274973147154,1,Su2023,5.6842,beach,core,TRUE,hack_llm_translation
炸,0.924274973147154,1,Su2023,5.6842,fry,core,TRUE,hack_llm_translation
蠍,0.924274973147154,1,Su2023,5.6842,scorpion,core,TRUE,hack_llm_translation
釣,0.924274973147154,1,Su2023,5.6842,angling,core,TRUE,hack_llm_translation
魷,0.924274973147154,1,Su2023,5.6842,squid,core,TRUE,hack_llm_translation
吻,0.921589688506982,1,Su2023,5.65,kiss,core,TRUE,hack_llm_translation
槌,0.921589688506982,1,Su2023,5.65,mallet,core,TRUE,hack_llm_translation
猿,0.921589688506982,1,Su2023,5.65,ape,core,TRUE,hack_llm_translation
稻,0.921589688506982,1,Su2023,5.65,rice plant,core,TRUE,hack_llm_translation
綠,0.921589688506982,1,Su2023,5.65,green,core,TRUE,hack_llm_translation
缸,0.921589688506982,1,Su2023,5.65,tank,core,TRUE,hack_llm_translation
電,0.921589688506982,1,Su2023,5.65,electricity,core,TRUE,hack_llm_translation
餃,0.921589688506982,1,Su2023,5.65,dumpling,core,TRUE,hack_llm_translation
鬼,0.921589688506982,1,Su2023,5.65,ghost,core,TRUE,hack_llm_translation
光,0.919083422842821,1,Su2023,5.6316,light,core,TRUE,hack_llm_translation
城,0.919083422842821,1,Su2023,5.6316,city,core,TRUE,hack_llm_translation
嬰,0.919083422842821,1,Su2023,5.6316,infant,core,TRUE,hack_llm_translation
軌,0.919083422842821,1,Su2023,5.6316,rail,core,TRUE,hack_llm_translation
餸,0.919083422842821,1,Su2023,5.6316,dish,core,TRUE,hack_llm_translation
幣,0.916040100250627,1,Su2023,5.6,currency,core,TRUE,hack_llm_translation
枱,0.916040100250627,1,Su2023,5.6,table,core,TRUE,hack_llm_translation
樽,0.916040100250627,1,Su2023,5.6,bottle,core,TRUE,hack_llm_translation
爹,0.916040100250627,1,Su2023,5.6,dad,core,TRUE,hack_llm_translation
璧,0.916040100250627,1,Su2023,5.6,jade disc,core,TRUE,hack_llm_translation
腫,0.916040100250627,1,Su2023,5.6,swelling,core,TRUE,hack_llm_translation
臀,0.916040100250627,1,Su2023,5.6,buttocks,core,TRUE,hack_llm_translation
蠟,0.916040100250627,1,Su2023,5.6,wax,core,TRUE,hack_llm_translation
角,0.916040100250627,1,Su2023,5.6,horn,core,TRUE,hack_llm_translation
醬,0.916040100250627,1,Su2023,5.6,sauce,core,TRUE,hack_llm_translation
鵰,0.916040100250627,1,Su2023,5.6,eagle,core,TRUE,hack_llm_translation
鷗,0.916040100250627,1,Su2023,5.6,seagull,core,TRUE,hack_llm_translation
喉,0.912996777658432,1,Su2023,5.5789,throat,core,TRUE,hack_llm_translation
屁,0.912996777658432,1,Su2023,5.5789,fart,core,TRUE,hack_llm_translation
瓶,0.912996777658432,1,Su2023,5.5789,bottle,core,TRUE,hack_llm_translation
窿,0.912996777658432,1,Su2023,5.5789,hole,core,TRUE,hack_llm_translation
鑊,0.912996777658432,1,Su2023,5.5789,wok,core,TRUE,hack_llm_translation
叉,0.909953455066237,1,Su2023,5.55,fork,core,TRUE,hack_llm_translation
家,0.909953455066237,1,Su2023,5.55,home,core,TRUE,hack_llm_translation
廁,0.909953455066237,1,Su2023,5.55,toilet,core,TRUE,hack_llm_translation
椒,0.909953455066237,1,Su2023,5.55,pepper,core,TRUE,hack_llm_translation
牢,0.909953455066237,1,Su2023,5.55,prison,core,TRUE,hack_llm_translation
盒,0.909953455066237,1,Su2023,5.55,box,core,TRUE,hack_llm_translation
胖,0.909953455066237,1,Su2023,5.55,fat,core,TRUE,hack_llm_translation
膚,0.909953455066237,1,Su2023,5.55,skin,core,TRUE,hack_llm_translation
蔗,0.909953455066237,1,Su2023,5.55,sugarcane,core,TRUE,hack_llm_translation
足,0.909953455066237,1,Su2023,5.55,foot,core,TRUE,hack_llm_translation
鎚,0.909953455066237,1,Su2023,5.55,hammer,core,TRUE,hack_llm_translation
鏟,0.909953455066237,1,Su2023,5.55,shovel,core,TRUE,hack_llm_translation
卷,0.906910132474042,1,Su2023,5.5263,roll,core,TRUE,hack_llm_translation
宴,0.906910132474042,1,Su2023,5.5263,banquet,core,TRUE,hack_llm_translation
瘡,0.906910132474042,1,Su2023,5.5263,sore,core,TRUE,hack_llm_translation
盆,0.906910132474042,1,Su2023,5.5263,basin,core,TRUE,hack_llm_translation
銀,0.906910132474042,1,Su2023,5.5263,silver,core,TRUE,hack_llm_translation
孕,0.904582885785893,1,Su2023,5.5,pregnancy,core,TRUE,hack_llm_translation
巷,0.904582885785893,1,Su2023,5.5,alley,core,TRUE,hack_llm_translation
渠,0.904582885785893,1,Su2023,5.5,drain,core,TRUE,hack_llm_translation
爸,0.904582885785893,1,Su2023,5.5,dad,core,TRUE,hack_llm_translation
筷,0.904582885785893,1,Su2023,5.5,chopsticks,core,TRUE,hack_llm_translation
蹄,0.904582885785893,1,Su2023,5.5,hoof,core,TRUE,hack_llm_translation
蹲,0.904582885785893,1,Su2023,5.5,squat,core,TRUE,hack_llm_translation
鸚,0.904582885785893,1,Su2023,5.5,parrot,core,TRUE,hack_llm_translation
浪,0.902792696025779,1,Su2023,5.4737,wave,core,TRUE,hack_llm_translation
骸,0.902792696025779,1,Su2023,5.4737,skeleton,core,TRUE,hack_llm_translation
丸,0.899391335481561,1,Su2023,5.45,pill,core,TRUE,hack_llm_translation
佛,0.899391335481561,1,Su2023,5.45,buddha,core,TRUE,hack_llm_translation
兵,0.899391335481561,1,Su2023,5.45,soldier,core,TRUE,hack_llm_translation
吹,0.899391335481561,1,Su2023,5.45,blow,core,TRUE,hack_llm_translation
姐,0.899391335481561,1,Su2023,5.45,sister,core,TRUE,hack_llm_translation
嬸,0.899391335481561,1,Su2023,5.45,aunt,core,TRUE,hack_llm_translation
尺,0.899391335481561,1,Su2023,5.45,ruler,core,TRUE,hack_llm_translation
樓,0.899391335481561,1,Su2023,5.45,building,core,TRUE,hack_llm_translation
父,0.899391335481561,1,Su2023,5.45,father,core,TRUE,hack_llm_translation
紅,0.899391335481561,1,Su2023,5.45,red,core,TRUE,hack_llm_translation
腕,0.899391335481561,1,Su2023,5.45,wrist,core,TRUE,hack_llm_translation
艦,0.899391335481561,1,Su2023,5.45,warship,core,TRUE,hack_llm_translation
鈴,0.899391335481561,1,Su2023,5.45,bell,core,TRUE,hack_llm_translation
鋼,0.899391335481561,1,Su2023,5.45,steel,core,TRUE,hack_llm_translation
食,0.899391335481561,1,Su2023,5.45,food,core,TRUE,hack_llm_translation
鬚,0.899391335481561,1,Su2023,5.45,beard,core,TRUE,hack_llm_translation
鴉,0.899391335481561,1,Su2023,5.45,crow,core,TRUE,hack_llm_translation
摺,0.895094880057286,1,Su2023,5.4211,fold,core,TRUE,hack_llm_translation
燭,0.895094880057286,1,Su2023,5.4211,candle,core,TRUE,hack_llm_translation
獎,0.895094880057286,1,Su2023,5.4211,prize,core,TRUE,hack_llm_translation
脊,0.895094880057286,1,Su2023,5.4211,spine,core,TRUE,hack_llm_translation
腮,0.895094880057286,1,Su2023,5.4211,cheek,core,TRUE,hack_llm_translation
蛾,0.895094880057286,1,Su2023,5.4211,moth,core,TRUE,hack_llm_translation
頰,0.895094880057286,1,Su2023,5.4211,cheek,core,TRUE,hack_llm_translation
卵,0.890977443609023,1,Su2023,5.4,egg,core,TRUE,hack_llm_translation
姊,0.890977443609023,1,Su2023,5.4,sister,core,TRUE,hack_llm_translation
巾,0.890977443609023,1,Su2023,5.4,towel,core,TRUE,hack_llm_translation
弟,0.890977443609023,1,Su2023,5.4,NA,core,TRUE,
房,0.890977443609023,1,Su2023,5.4,NA,core,TRUE,
棺,0.890977443609023,1,Su2023,5.4,NA,core,TRUE,
煲,0.890977443609023,1,Su2023,5.4,NA,core,TRUE,
紫,0.890977443609023,1,Su2023,5.4,NA,core,TRUE,
線,0.890977443609023,1,Su2023,5.4,NA,core,TRUE,
聾,0.890977443609023,1,Su2023,5.4,NA,core,TRUE,
背,0.890977443609023,1,Su2023,5.4,NA,core,TRUE,
藍,0.890977443609023,1,Su2023,5.4,NA,core,TRUE,
蛹,0.890977443609023,1,Su2023,5.4,NA,core,TRUE,
街,0.890977443609023,1,Su2023,5.4,NA,core,TRUE,
鈎,0.890977443609023,1,Su2023,5.4,NA,core,TRUE,
墨,0.890977443609023,1,Su2023,5.4,NA,core,TRUE,
斬,0.887218045112782,1,Su2023,5.3684,NA,core,TRUE,
箏,0.887218045112782,1,Su2023,5.3684,NA,core,TRUE,
罵,0.887218045112782,1,Su2023,5.3684,NA,core,TRUE,
餡,0.887218045112782,1,Su2023,5.3684,NA,core,TRUE,
鰭,0.887218045112782,1,Su2023,5.3684,NA,core,TRUE,
剃,0.88327962764053,1,Su2023,5.35,NA,core,TRUE,
咳,0.88327962764053,1,Su2023,5.35,NA,core,TRUE,
夜,0.88327962764053,1,Su2023,5.35,NA,core,TRUE,
婦,0.88327962764053,1,Su2023,5.35,NA,core,TRUE,
射,0.88327962764053,1,Su2023,5.35,NA,core,TRUE,
廳,0.88327962764053,1,Su2023,5.35,NA,core,TRUE,
板,0.88327962764053,1,Su2023,5.35,NA,core,TRUE,
欄,0.88327962764053,1,Su2023,5.35,NA,core,TRUE,
汗,0.88327962764053,1,Su2023,5.35,NA,core,TRUE,
燒,0.88327962764053,1,Su2023,5.35,NA,core,TRUE,
疹,0.88327962764053,1,Su2023,5.35,NA,core,TRUE,
痰,0.88327962764053,1,Su2023,5.35,NA,core,TRUE,
盔,0.88327962764053,1,Su2023,5.35,NA,core,TRUE,
瞳,0.88327962764053,1,Su2023,5.35,NA,core,TRUE,
膏,0.88327962764053,1,Su2023,5.35,NA,core,TRUE,
茄,0.88327962764053,1,Su2023,5.35,NA,core,TRUE,
雁,0.88327962764053,1,Su2023,5.35,NA,core,TRUE,
抬,0.879520229144289,1,Su2023,5.3158,NA,core,TRUE,
焗,0.879520229144289,1,Su2023,5.3158,NA,core,TRUE,
獄,0.879520229144289,1,Su2023,5.3158,NA,core,TRUE,
銹,0.879520229144289,1,Su2023,5.3158,NA,core,TRUE,
咬,0.876118868600072,1,Su2023,5.3,NA,core,TRUE,
妻,0.876118868600072,1,Su2023,5.3,NA,core,TRUE,
姨,0.876118868600072,1,Su2023,5.3,NA,core,TRUE,
柄,0.876118868600072,1,Su2023,5.3,NA,core,TRUE,
氈,0.876118868600072,1,Su2023,5.3,NA,core,TRUE,
瀑,0.876118868600072,1,Su2023,5.3,NA,core,TRUE,
蒸,0.876118868600072,1,Su2023,5.3,NA,core,TRUE,
神,0.876118868600072,1,Su2023,5.3,NA,core,TRUE,
秤,0.876118868600072,1,Su2023,5.3,NA,core,TRUE,
網,0.876118868600072,1,Su2023,5.3,NA,core,TRUE,
肋,0.876118868600072,1,Su2023,5.3,NA,core,TRUE,
薯,0.876118868600072,1,Su2023,5.3,NA,core,TRUE,
身,0.876118868600072,1,Su2023,5.3,NA,core,TRUE,
轎,0.876118868600072,1,Su2023,5.3,NA,core,TRUE,
鑽,0.876118868600072,1,Su2023,5.3,NA,core,TRUE,
墊,0.872538489079842,1,Su2023,5.2632,NA,core,TRUE,
游,0.872538489079842,1,Su2023,5.2632,NA,core,TRUE,
肢,0.872538489079842,1,Su2023,5.2632,NA,core,TRUE,
銅,0.872538489079842,1,Su2023,5.2632,NA,core,TRUE,
餵,0.872538489079842,1,Su2023,5.2632,NA,core,TRUE,
壩,0.869316147511636,1,Su2023,5.25,NA,core,TRUE,
姦,0.869316147511636,1,Su2023,5.25,NA,core,TRUE,
晴,0.869316147511636,1,Su2023,5.25,NA,core,TRUE,
枝,0.869316147511636,1,Su2023,5.25,NA,core,TRUE,
瓣,0.869316147511636,1,Su2023,5.25,NA,core,TRUE,
肌,0.869316147511636,1,Su2023,5.25,NA,core,TRUE,
胎,0.869316147511636,1,Su2023,5.25,NA,core,TRUE,
舔,0.869316147511636,1,Su2023,5.25,NA,core,TRUE,
虱,0.869316147511636,1,Su2023,5.25,NA,core,TRUE,
袖,0.869316147511636,1,Su2023,5.25,NA,core,TRUE,
豚,0.869316147511636,1,Su2023,5.25,NA,core,TRUE,
餌,0.869316147511636,1,Su2023,5.25,NA,core,TRUE,
髻,0.869316147511636,1,Su2023,5.25,NA,core,TRUE,
褥,0.866809881847476,1,Su2023,5.2105,NA,core,TRUE,
切,0.863766559255281,1,Su2023,5.2,NA,core,TRUE,
妝,0.863766559255281,1,Su2023,5.2,NA,core,TRUE,
妹,0.863766559255281,1,Su2023,5.2,NA,core,TRUE,
宅,0.863766559255281,1,Su2023,5.2,NA,core,TRUE,
峯,0.863766559255281,1,Su2023,5.2,NA,core,TRUE,
杆,0.863766559255281,1,Su2023,5.2,NA,core,TRUE,
框,0.863766559255281,1,Su2023,5.2,NA,core,TRUE,
棉,0.863766559255281,1,Su2023,5.2,NA,core,TRUE,
滾,0.863766559255281,1,Su2023,5.2,NA,core,TRUE,
璽,0.863766559255281,1,Su2023,5.2,NA,core,TRUE,
病,0.863766559255281,1,Su2023,5.2,NA,core,TRUE,
穴,0.863766559255281,1,Su2023,5.2,NA,core,TRUE,
辣,0.863766559255281,1,Su2023,5.2,NA,core,TRUE,
鏈,0.863766559255281,1,Su2023,5.2,NA,core,TRUE,
鯉,0.863766559255281,1,Su2023,5.2,NA,core,TRUE,
鵲,0.863766559255281,1,Su2023,5.2,NA,core,TRUE,
劈,0.859649122807018,1,Su2023,5.1579,NA,core,TRUE,
扔,0.859649122807018,1,Su2023,5.1579,NA,core,TRUE,
扭,0.859649122807018,1,Su2023,5.1579,NA,core,TRUE,
抹,0.859649122807018,1,Su2023,5.1579,NA,core,TRUE,
灑,0.859649122807018,1,Su2023,5.1579,NA,core,TRUE,
胯,0.859649122807018,1,Su2023,5.1579,NA,core,TRUE,
踏,0.859649122807018,1,Su2023,5.1579,NA,core,TRUE,
吠,0.854636591478697,1,Su2023,5.15,NA,core,TRUE,
字,0.854636591478697,1,Su2023,5.15,NA,core,TRUE,
弩,0.854636591478697,1,Su2023,5.15,NA,core,TRUE,
影,0.854636591478697,1,Su2023,5.15,NA,core,TRUE,
揉,0.854636591478697,1,Su2023,5.15,NA,core,TRUE,
棚,0.854636591478697,1,Su2023,5.15,NA,core,TRUE,
涕,0.854636591478697,1,Su2023,5.15,NA,core,TRUE,
濕,0.854636591478697,1,Su2023,5.15,NA,core,TRUE,
燙,0.854636591478697,1,Su2023,5.15,NA,core,TRUE,
爺,0.854636591478697,1,Su2023,5.15,NA,core,TRUE,
癬,0.854636591478697,1,Su2023,5.15,NA,core,TRUE,
盃,0.854636591478697,1,Su2023,5.15,NA,core,TRUE,
盯,0.854636591478697,1,Su2023,5.15,NA,core,TRUE,
禽,0.854636591478697,1,Su2023,5.15,NA,core,TRUE,
籤,0.854636591478697,1,Su2023,5.15,NA,core,TRUE,
繭,0.854636591478697,1,Su2023,5.15,NA,core,TRUE,
菇,0.854636591478697,1,Su2023,5.15,NA,core,TRUE,
鋸,0.854636591478697,1,Su2023,5.15,NA,core,TRUE,
鏽,0.854636591478697,1,Su2023,5.15,NA,core,TRUE,
靶,0.854636591478697,1,Su2023,5.15,NA,core,TRUE,
鴕,0.854636591478697,1,Su2023,5.15,NA,core,TRUE,
牽,0.850698174006445,1,Su2023,5.1053,NA,core,TRUE,
刃,0.84640171858217,1,Su2023,5.1,NA,core,TRUE,
吞,0.84640171858217,1,Su2023,5.1,NA,core,TRUE,
嫂,0.84640171858217,1,Su2023,5.1,NA,core,TRUE,
彎,0.84640171858217,1,Su2023,5.1,NA,core,TRUE,
掣,0.84640171858217,1,Su2023,5.1,NA,core,TRUE,
晚,0.84640171858217,1,Su2023,5.1,NA,core,TRUE,
果,0.84640171858217,1,Su2023,5.1,NA,core,TRUE,
瓷,0.84640171858217,1,Su2023,5.1,NA,core,TRUE,
盲,0.84640171858217,1,Su2023,5.1,NA,core,TRUE,
睫,0.84640171858217,1,Su2023,5.1,NA,core,TRUE,
碳,0.84640171858217,1,Su2023,5.1,NA,core,TRUE,
穀,0.84640171858217,1,Su2023,5.1,NA,core,TRUE,
筋,0.84640171858217,1,Su2023,5.1,NA,core,TRUE,
羮,0.84640171858217,1,Su2023,5.1,NA,core,TRUE,
臍,0.84640171858217,1,Su2023,5.1,NA,core,TRUE,
莖,0.84640171858217,1,Su2023,5.1,NA,core,TRUE,
裂,0.84640171858217,1,Su2023,5.1,NA,core,TRUE,
財,0.84640171858217,1,Su2023,5.1,NA,core,TRUE,
躺,0.84640171858217,1,Su2023,5.1,NA,core,TRUE,
鉗,0.84640171858217,1,Su2023,5.1,NA,core,TRUE,
飄,0.84640171858217,1,Su2023,5.1,NA,core,TRUE,
魔,0.84640171858217,1,Su2023,5.1,NA,core,TRUE,
鶯,0.84640171858217,1,Su2023,5.1,NA,core,TRUE,
插,0.841926244181883,1,Su2023,5.0526,NA,core,TRUE,
綑,0.841926244181883,1,Su2023,5.0526,NA,core,TRUE,
凸,0.836913712853563,1,Su2023,5.05,NA,core,TRUE,
嘔,0.836913712853563,1,Su2023,5.05,NA,core,TRUE,
婆,0.836913712853563,1,Su2023,5.05,NA,core,TRUE,
扒,0.836913712853563,1,Su2023,5.05,NA,core,TRUE,
抱,0.836913712853563,1,Su2023,5.05,NA,core,TRUE,
拋,0.836913712853563,1,Su2023,5.05,NA,core,TRUE,
柚,0.836913712853563,1,Su2023,5.05,NA,core,TRUE,
椰,0.836913712853563,1,Su2023,5.05,NA,core,TRUE,
汁,0.836913712853563,1,Su2023,5.05,NA,core,TRUE,
液,0.836913712853563,1,Su2023,5.05,NA,core,TRUE,
漁,0.836913712853563,1,Su2023,5.05,NA,core,TRUE,
焰,0.836913712853563,1,Su2023,5.05,NA,core,TRUE,
皇,0.836913712853563,1,Su2023,5.05,NA,core,TRUE,
瞪,0.836913712853563,1,Su2023,5.05,NA,core,TRUE,
礦,0.836913712853563,1,Su2023,5.05,NA,core,TRUE,
紋,0.836913712853563,1,Su2023,5.05,NA,core,TRUE,
罩,0.836913712853563,1,Su2023,5.05,NA,core,TRUE,
羹,0.836913712853563,1,Su2023,5.05,NA,core,TRUE,
脾,0.836913712853563,1,Su2023,5.05,NA,core,TRUE,
芒,0.836913712853563,1,Su2023,5.05,NA,core,TRUE,
菌,0.836913712853563,1,Su2023,5.05,NA,core,TRUE,
蛛,0.836913712853563,1,Su2023,5.05,NA,core,TRUE,
蝸,0.836913712853563,1,Su2023,5.05,NA,core,TRUE,
路,0.836913712853563,1,Su2023,5.05,NA,core,TRUE,
醫,0.836913712853563,1,Su2023,5.05,NA,core,TRUE,
駝,0.836913712853563,1,Su2023,5.05,NA,core,TRUE,
偷,0.826172574292875,1,Su2023,5,NA,core,TRUE,
冊,0.826172574292875,1,Su2023,5,NA,core,TRUE,
划,0.826172574292875,1,Su2023,5,NA,core,TRUE,
卧,0.826172574292875,1,Su2023,5,NA,core,TRUE,
囍,0.826172574292875,1,Su2023,5,NA,core,TRUE,
囚,0.826172574292875,1,Su2023,5,NA,core,TRUE,
囡,0.826172574292875,1,Su2023,5,NA,core,TRUE,
嫲,0.826172574292875,1,Su2023,5,NA,core,TRUE,
官,0.826172574292875,1,Su2023,5,NA,core,TRUE,
宮,0.826172574292875,1,Su2023,5,NA,core,TRUE,
層,0.826172574292875,1,Su2023,5,NA,core,TRUE,
帝,0.826172574292875,1,Su2023,5,NA,core,TRUE,
拍,0.826172574292875,1,Su2023,5,NA,core,TRUE,
搖,0.826172574292875,1,Su2023,5,NA,core,TRUE,
搬,0.826172574292875,1,Su2023,5,NA,core,TRUE,
撐,0.826172574292875,1,Su2023,5,NA,core,TRUE,
撕,0.826172574292875,1,Su2023,5,NA,core,TRUE,
敲,0.826172574292875,1,Su2023,5,NA,core,TRUE,
柿,0.826172574292875,1,Su2023,5,NA,core,TRUE,
漿,0.826172574292875,1,Su2023,5,NA,core,TRUE,
灰,0.826172574292875,1,Su2023,5,NA,core,TRUE,
烹,0.826172574292875,1,Su2023,5,NA,core,TRUE,
瘀,0.826172574292875,1,Su2023,5,NA,core,TRUE,
矛,0.826172574292875,1,Su2023,5,NA,core,TRUE,
筒,0.826172574292875,1,Su2023,5,NA,core,TRUE,
葬,0.826172574292875,1,Su2023,5,NA,core,TRUE,
蓆,0.826172574292875,1,Su2023,5,NA,core,TRUE,
蓋,0.826172574292875,1,Su2023,5,NA,core,TRUE,
蕊,0.826172574292875,1,Su2023,5,NA,core,TRUE,
藕,0.826172574292875,1,Su2023,5,NA,core,TRUE,
褸,0.826172574292875,1,Su2023,5,NA,core,TRUE,
鐲,0.826172574292875,1,Su2023,5,NA,core,TRUE,
雹,0.826172574292875,1,Su2023,5,NA,core,TRUE,
餓,0.826172574292875,1,Su2023,5,NA,core,TRUE,
乳,0.814357321876119,1,Su2023,4.95,NA,core,TRUE,
僧,0.814357321876119,1,Su2023,4.95,NA,core,TRUE,
凍,0.814357321876119,1,Su2023,4.95,NA,core,TRUE,
券,0.814357321876119,1,Su2023,4.95,NA,core,TRUE,
匕,0.814357321876119,1,Su2023,4.95,NA,core,TRUE,
北,0.814357321876119,1,Su2023,4.95,NA,core,TRUE,
啄,0.814357321876119,1,Su2023,4.95,NA,core,TRUE,
妓,0.814357321876119,1,Su2023,4.95,NA,core,TRUE,
帳,0.814357321876119,1,Su2023,4.95,NA,core,TRUE,
廚,0.814357321876119,1,Su2023,4.95,NA,core,TRUE,
扶,0.814357321876119,1,Su2023,4.95,NA,core,TRUE,
掃,0.814357321876119,1,Su2023,4.95,NA,core,TRUE,
握,0.814357321876119,1,Su2023,4.95,NA,core,TRUE,
撬,0.814357321876119,1,Su2023,4.95,NA,core,TRUE,
擲,0.814357321876119,1,Su2023,4.95,NA,core,TRUE,
淹,0.814357321876119,1,Su2023,4.95,NA,core,TRUE,
癌,0.814357321876119,1,Su2023,4.95,NA,core,TRUE,
皺,0.814357321876119,1,Su2023,4.95,NA,core,TRUE,
盅,0.814357321876119,1,Su2023,4.95,NA,core,TRUE,
瞎,0.814357321876119,1,Su2023,4.95,NA,core,TRUE,
窟,0.814357321876119,1,Su2023,4.95,NA,core,TRUE,
糯,0.814357321876119,1,Su2023,4.95,NA,core,TRUE,
腋,0.814357321876119,1,Su2023,4.95,NA,core,TRUE,
膳,0.814357321876119,1,Su2023,4.95,NA,core,TRUE,
臥,0.814357321876119,1,Su2023,4.95,NA,core,TRUE,
鈔,0.814357321876119,1,Su2023,4.95,NA,core,TRUE,
鈕,0.814357321876119,1,Su2023,4.95,NA,core,TRUE,
震,0.814357321876119,1,Su2023,4.95,NA,core,TRUE,
駡,0.814357321876119,1,Su2023,4.95,NA,core,TRUE,
鮑,0.814357321876119,1,Su2023,4.95,NA,core,TRUE,
鱔,0.814357321876119,1,Su2023,4.95,NA,core,TRUE,
黏,0.814357321876119,1,Su2023,4.95,NA,core,TRUE,
削,0.808270676691729,1,Su2023,4.9474,NA,core,TRUE,
摟,0.808270676691729,1,Su2023,4.9474,NA,core,TRUE,
勺,0.803616183315431,1,Su2023,4.9,NA,core,TRUE,
叔,0.803616183315431,1,Su2023,4.9,NA,core,TRUE,
嚐,0.803616183315431,1,Su2023,4.9,NA,core,TRUE,
嚼,0.803616183315431,1,Su2023,4.9,NA,core,TRUE,
夢,0.803616183315431,1,Su2023,4.9,NA,core,TRUE,
孩,0.803616183315431,1,Su2023,4.9,NA,core,TRUE,
左,0.803616183315431,1,Su2023,4.9,NA,core,TRUE,
戲,0.803616183315431,1,Su2023,4.9,NA,core,TRUE,
推,0.803616183315431,1,Su2023,4.9,NA,core,TRUE,
旱,0.803616183315431,1,Su2023,4.9,NA,core,TRUE,
檻,0.803616183315431,1,Su2023,4.9,NA,core,TRUE,
毯,0.803616183315431,1,Su2023,4.9,NA,core,TRUE,
灶,0.803616183315431,1,Su2023,4.9,NA,core,TRUE,
炒,0.803616183315431,1,Su2023,4.9,NA,core,TRUE,
熨,0.803616183315431,1,Su2023,4.9,NA,core,TRUE,
痛,0.803616183315431,1,Su2023,4.9,NA,core,TRUE,
砍,0.803616183315431,1,Su2023,4.9,NA,core,TRUE,
簽,0.803616183315431,1,Su2023,4.9,NA,core,TRUE,
脷,0.803616183315431,1,Su2023,4.9,NA,core,TRUE,
賭,0.803616183315431,1,Su2023,4.9,NA,core,TRUE,
輪,0.803616183315431,1,Su2023,4.9,NA,core,TRUE,
醜,0.803616183315431,1,Su2023,4.9,NA,core,TRUE,
霾,0.803616183315431,1,Su2023,4.9,NA,core,TRUE,
面,0.803616183315431,1,Su2023,4.9,NA,core,TRUE,
匠,0.795202291442893,1,Su2023,4.85,NA,core,TRUE,
咭,0.795202291442893,1,Su2023,4.85,NA,core,TRUE,
妃,0.795202291442893,1,Su2023,4.85,NA,core,TRUE,
師,0.795202291442893,1,Su2023,4.85,NA,core,TRUE,
捆,0.795202291442893,1,Su2023,4.85,NA,core,TRUE,
橇,0.795202291442893,1,Su2023,4.85,NA,core,TRUE,
災,0.795202291442893,1,Su2023,4.85,NA,core,TRUE,
熱,0.795202291442893,1,Su2023,4.85,NA,core,TRUE,
瞓,0.795202291442893,1,Su2023,4.85,NA,core,TRUE,
籮,0.795202291442893,1,Su2023,4.85,NA,core,TRUE,
膽,0.795202291442893,1,Su2023,4.85,NA,core,TRUE,
膿,0.795202291442893,1,Su2023,4.85,NA,core,TRUE,
葵,0.795202291442893,1,Su2023,4.85,NA,core,TRUE,
蛀,0.795202291442893,1,Su2023,4.85,NA,core,TRUE,
蝨,0.795202291442893,1,Su2023,4.85,NA,core,TRUE,
袱,0.795202291442893,1,Su2023,4.85,NA,core,TRUE,
軍,0.795202291442893,1,Su2023,4.85,NA,core,TRUE,
酸,0.795202291442893,1,Su2023,4.85,NA,core,TRUE,
鋤,0.795202291442893,1,Su2023,4.85,NA,core,TRUE,
鍊,0.795202291442893,1,Su2023,4.85,NA,core,TRUE,
鏢,0.795202291442893,1,Su2023,4.85,NA,core,TRUE,
雕,0.795202291442893,1,Su2023,4.85,NA,core,TRUE,
鹹,0.795202291442893,1,Su2023,4.85,NA,core,TRUE,
勾,0.786430361618332,1,Su2023,4.8,NA,core,TRUE,
國,0.786430361618332,1,Su2023,4.8,NA,core,TRUE,
孵,0.786430361618332,1,Su2023,4.8,NA,core,TRUE,
室,0.786430361618332,1,Su2023,4.8,NA,core,TRUE,
捧,0.786430361618332,1,Su2023,4.8,NA,core,TRUE,
斷,0.786430361618332,1,Su2023,4.8,NA,core,TRUE,
桿,0.786430361618332,1,Su2023,4.8,NA,core,TRUE,
毒,0.786430361618332,1,Su2023,4.8,NA,core,TRUE,
浴,0.786430361618332,1,Su2023,4.8,NA,core,TRUE,
痕,0.786430361618332,1,Su2023,4.8,NA,core,TRUE,
瘤,0.786430361618332,1,Su2023,4.8,NA,core,TRUE,
睛,0.786430361618332,1,Su2023,4.8,NA,core,TRUE,
磁,0.786430361618332,1,Su2023,4.8,NA,core,TRUE,
繪,0.786430361618332,1,Su2023,4.8,NA,core,TRUE,
肛,0.786430361618332,1,Su2023,4.8,NA,core,TRUE,
膊,0.786430361618332,1,Su2023,4.8,NA,core,TRUE,
膜,0.786430361618332,1,Su2023,4.8,NA,core,TRUE,
臟,0.786430361618332,1,Su2023,4.8,NA,core,TRUE,
荊,0.786430361618332,1,Su2023,4.8,NA,core,TRUE,
蘋,0.786430361618332,1,Su2023,4.8,NA,core,TRUE,
蜓,0.786430361618332,1,Su2023,4.8,NA,core,TRUE,
裸,0.786430361618332,1,Su2023,4.8,NA,core,TRUE,
趴,0.786430361618332,1,Su2023,4.8,NA,core,TRUE,
踩,0.786430361618332,1,Su2023,4.8,NA,core,TRUE,
軚,0.786430361618332,1,Su2023,4.8,NA,core,TRUE,
鵪,0.786430361618332,1,Su2023,4.8,NA,core,TRUE,
兜,0.776942355889724,1,Su2023,4.75,NA,core,TRUE,
刊,0.776942355889724,1,Su2023,4.75,NA,core,TRUE,
右,0.776942355889724,1,Su2023,4.75,NA,core,TRUE,
問,0.776942355889724,1,Su2023,4.75,NA,core,TRUE,
噴,0.776942355889724,1,Su2023,4.75,NA,core,TRUE,
壓,0.776942355889724,1,Su2023,4.75,NA,core,TRUE,
幢,0.776942355889724,1,Su2023,4.75,NA,core,TRUE,
庭,0.776942355889724,1,Su2023,4.75,NA,core,TRUE,
搓,0.776942355889724,1,Su2023,4.75,NA,core,TRUE,
搔,0.776942355889724,1,Su2023,4.75,NA,core,TRUE,
摘,0.776942355889724,1,Su2023,4.75,NA,core,TRUE,
植,0.776942355889724,1,Su2023,4.75,NA,core,TRUE,
樑,0.776942355889724,1,Su2023,4.75,NA,core,TRUE,
流,0.776942355889724,1,Su2023,4.75,NA,core,TRUE,
灸,0.776942355889724,1,Su2023,4.75,NA,core,TRUE,
片,0.776942355889724,1,Su2023,4.75,NA,core,TRUE,
獵,0.776942355889724,1,Su2023,4.75,NA,core,TRUE,
腩,0.776942355889724,1,Su2023,4.75,NA,core,TRUE,
臭,0.776942355889724,1,Su2023,4.75,NA,core,TRUE,
裳,0.776942355889724,1,Su2023,4.75,NA,core,TRUE,
躲,0.776942355889724,1,Su2023,4.75,NA,core,TRUE,
軸,0.776942355889724,1,Su2023,4.75,NA,core,TRUE,
逛,0.776942355889724,1,Su2023,4.75,NA,core,TRUE,
遮,0.776942355889724,1,Su2023,4.75,NA,core,TRUE,
鉛,0.776942355889724,1,Su2023,4.75,NA,core,TRUE,
飽,0.776942355889724,1,Su2023,4.75,NA,core,TRUE,
鵡,0.776942355889724,1,Su2023,4.75,NA,core,TRUE,
剷,0.765664160401002,1,Su2023,4.7,NA,core,TRUE,
劇,0.765664160401002,1,Su2023,4.7,NA,core,TRUE,
吵,0.765664160401002,1,Su2023,4.7,NA,core,TRUE,
吸,0.765664160401002,1,Su2023,4.7,NA,core,TRUE,
妞,0.765664160401002,1,Su2023,4.7,NA,core,TRUE,
岸,0.765664160401002,1,Su2023,4.7,NA,core,TRUE,
帆,0.765664160401002,1,Su2023,4.7,NA,core,TRUE,
帥,0.765664160401002,1,Su2023,4.7,NA,core,TRUE,
幕,0.765664160401002,1,Su2023,4.7,NA,core,TRUE,
幟,0.765664160401002,1,Su2023,4.7,NA,core,TRUE,
敷,0.765664160401002,1,Su2023,4.7,NA,core,TRUE,
斑,0.765664160401002,1,Su2023,4.7,NA,core,TRUE,
棕,0.765664160401002,1,Su2023,4.7,NA,core,TRUE,
泣,0.765664160401002,1,Su2023,4.7,NA,core,TRUE,
澆,0.765664160401002,1,Su2023,4.7,NA,core,TRUE,
畜,0.765664160401002,1,Su2023,4.7,NA,core,TRUE,
癱,0.765664160401002,1,Su2023,4.7,NA,core,TRUE,
砂,0.765664160401002,1,Su2023,4.7,NA,core,TRUE,
窪,0.765664160401002,1,Su2023,4.7,NA,core,TRUE,
縣,0.765664160401002,1,Su2023,4.7,NA,core,TRUE,
芹,0.765664160401002,1,Su2023,4.7,NA,core,TRUE,
蔬,0.765664160401002,1,Su2023,4.7,NA,core,TRUE,
蜜,0.765664160401002,1,Su2023,4.7,NA,core,TRUE,
蜥,0.765664160401002,1,Su2023,4.7,NA,core,TRUE,
蝗,0.765664160401002,1,Su2023,4.7,NA,core,TRUE,
蠢,0.765664160401002,1,Su2023,4.7,NA,core,TRUE,
蹦,0.765664160401002,1,Su2023,4.7,NA,core,TRUE,
辮,0.765664160401002,1,Su2023,4.7,NA,core,TRUE,
遞,0.765664160401002,1,Su2023,4.7,NA,core,TRUE,
鋁,0.765664160401002,1,Su2023,4.7,NA,core,TRUE,
顱,0.765664160401002,1,Su2023,4.7,NA,core,TRUE,
館,0.765664160401002,1,Su2023,4.7,NA,core,TRUE,
騎,0.765664160401002,1,Su2023,4.7,NA,core,TRUE,
骼,0.765664160401002,1,Su2023,4.7,NA,core,TRUE,
鷺,0.765664160401002,1,Su2023,4.7,NA,core,TRUE,
鼎,0.765664160401002,1,Su2023,4.7,NA,core,TRUE,
丐,0.754385964912281,1,Su2023,4.65,NA,core,TRUE,
剖,0.754385964912281,1,Su2023,4.65,NA,core,TRUE,
塗,0.754385964912281,1,Su2023,4.65,NA,core,TRUE,
墜,0.754385964912281,1,Su2023,4.65,NA,core,TRUE,
寢,0.754385964912281,1,Su2023,4.65,NA,core,TRUE,
屏,0.754385964912281,1,Su2023,4.65,NA,core,TRUE,
帖,0.754385964912281,1,Su2023,4.65,NA,core,TRUE,
弧,0.754385964912281,1,Su2023,4.65,NA,core,TRUE,
戰,0.754385964912281,1,Su2023,4.65,NA,core,TRUE,
拐,0.754385964912281,1,Su2023,4.65,NA,core,TRUE,
捏,0.754385964912281,1,Su2023,4.65,NA,core,TRUE,
晨,0.754385964912281,1,Su2023,4.65,NA,core,TRUE,
曬,0.754385964912281,1,Su2023,4.65,NA,core,TRUE,
檸,0.754385964912281,1,Su2023,4.65,NA,core,TRUE,
歪,0.754385964912281,1,Su2023,4.65,NA,core,TRUE,
渴,0.754385964912281,1,Su2023,4.65,NA,core,TRUE,
漲,0.754385964912281,1,Su2023,4.65,NA,core,TRUE,
灌,0.754385964912281,1,Su2023,4.65,NA,core,TRUE,
狸,0.754385964912281,1,Su2023,4.65,NA,core,TRUE,
痔,0.754385964912281,1,Su2023,4.65,NA,core,TRUE,
絨,0.754385964912281,1,Su2023,4.65,NA,core,TRUE,
芋,0.754385964912281,1,Su2023,4.65,NA,core,TRUE,
藻,0.754385964912281,1,Su2023,4.65,NA,core,TRUE,
褶,0.754385964912281,1,Su2023,4.65,NA,core,TRUE,
貂,0.754385964912281,1,Su2023,4.65,NA,core,TRUE,
顎,0.754385964912281,1,Su2023,4.65,NA,core,TRUE,
鬈,0.754385964912281,1,Su2023,4.65,NA,core,TRUE,
刮,0.742928750447547,1,Su2023,4.6,NA,core,TRUE,
剝,0.742928750447547,1,Su2023,4.6,NA,core,TRUE,
咽,0.742928750447547,1,Su2023,4.6,NA,core,TRUE,
嗽,0.742928750447547,1,Su2023,4.6,NA,core,TRUE,
困,0.742928750447547,1,Su2023,4.6,NA,core,TRUE,
壇,0.742928750447547,1,Su2023,4.6,NA,core,TRUE,
寄,0.742928750447547,1,Su2023,4.6,NA,core,TRUE,
寒,0.742928750447547,1,Su2023,4.6,NA,core,TRUE,
巫,0.742928750447547,1,Su2023,4.6,NA,core,TRUE,
戳,0.742928750447547,1,Su2023,4.6,NA,core,TRUE,
披,0.742928750447547,1,Su2023,4.6,NA,core,TRUE,
捉,0.742928750447547,1,Su2023,4.6,NA,core,TRUE,
核,0.742928750447547,1,Su2023,4.6,NA,core,TRUE,
槽,0.742928750447547,1,Su2023,4.6,NA,core,TRUE,
橫,0.742928750447547,1,Su2023,4.6,NA,core,TRUE,
殭,0.742928750447547,1,Su2023,4.6,NA,core,TRUE,
泳,0.742928750447547,1,Su2023,4.6,NA,core,TRUE,
浮,0.742928750447547,1,Su2023,4.6,NA,core,TRUE,
淋,0.742928750447547,1,Su2023,4.6,NA,core,TRUE,
烘,0.742928750447547,1,Su2023,4.6,NA,core,TRUE,
眨,0.742928750447547,1,Su2023,4.6,NA,core,TRUE,
磨,0.742928750447547,1,Su2023,4.6,NA,core,TRUE,
空,0.742928750447547,1,Su2023,4.6,NA,core,TRUE,
箍,0.742928750447547,1,Su2023,4.6,NA,core,TRUE,
簷,0.742928750447547,1,Su2023,4.6,NA,core,TRUE,
粒,0.742928750447547,1,Su2023,4.6,NA,core,TRUE,
紗,0.742928750447547,1,Su2023,4.6,NA,core,TRUE,
脂,0.742928750447547,1,Su2023,4.6,NA,core,TRUE,
舅,0.742928750447547,1,Su2023,4.6,NA,core,TRUE,
苦,0.742928750447547,1,Su2023,4.6,NA,core,TRUE,
蝠,0.742928750447547,1,Su2023,4.6,NA,core,TRUE,
詞,0.742928750447547,1,Su2023,4.6,NA,core,TRUE,
販,0.742928750447547,1,Su2023,4.6,NA,core,TRUE,
踝,0.742928750447547,1,Su2023,4.6,NA,core,TRUE,
顫,0.742928750447547,1,Su2023,4.6,NA,core,TRUE,
饅,0.742928750447547,1,Su2023,4.6,NA,core,TRUE,
髀,0.742928750447547,1,Su2023,4.6,NA,core,TRUE,
亂,0.730218403150734,1,Su2023,4.55,NA,core,TRUE,
企,0.730218403150734,1,Su2023,4.55,NA,core,TRUE,
劏,0.730218403150734,1,Su2023,4.55,NA,core,TRUE,
卒,0.730218403150734,1,Su2023,4.55,NA,core,TRUE,
婚,0.730218403150734,1,Su2023,4.55,NA,core,TRUE,
忙,0.730218403150734,1,Su2023,4.55,NA,core,TRUE,
扑,0.730218403150734,1,Su2023,4.55,NA,core,TRUE,
扯,0.730218403150734,1,Su2023,4.55,NA,core,TRUE,
拷,0.730218403150734,1,Su2023,4.55,NA,core,TRUE,
捅,0.730218403150734,1,Su2023,4.55,NA,core,TRUE,
搜,0.730218403150734,1,Su2023,4.55,NA,core,TRUE,
昏,0.730218403150734,1,Su2023,4.55,NA,core,TRUE,
晾,0.730218403150734,1,Su2023,4.55,NA,core,TRUE,
杏,0.730218403150734,1,Su2023,4.55,NA,core,TRUE,
殘,0.730218403150734,1,Su2023,4.55,NA,core,TRUE,
溶,0.730218403150734,1,Su2023,4.55,NA,core,TRUE,
燉,0.730218403150734,1,Su2023,4.55,NA,core,TRUE,
癢,0.730218403150734,1,Su2023,4.55,NA,core,TRUE,
皂,0.730218403150734,1,Su2023,4.55,NA,core,TRUE,
睇,0.730218403150734,1,Su2023,4.55,NA,core,TRUE,
砸,0.730218403150734,1,Su2023,4.55,NA,core,TRUE,
磅,0.730218403150734,1,Su2023,4.55,NA,core,TRUE,
籬,0.730218403150734,1,Su2023,4.55,NA,core,TRUE,
綿,0.730218403150734,1,Su2023,4.55,NA,core,TRUE,
脫,0.730218403150734,1,Su2023,4.55,NA,core,TRUE,
蟒,0.730218403150734,1,Su2023,4.55,NA,core,TRUE,
貼,0.730218403150734,1,Su2023,4.55,NA,core,TRUE,
跛,0.730218403150734,1,Su2023,4.55,NA,core,TRUE,
軀,0.730218403150734,1,Su2023,4.55,NA,core,TRUE,
鋪,0.730218403150734,1,Su2023,4.55,NA,core,TRUE,
鑰,0.730218403150734,1,Su2023,4.55,NA,core,TRUE,
鑿,0.730218403150734,1,Su2023,4.55,NA,core,TRUE,
靚,0.730218403150734,1,Su2023,4.55,NA,core,TRUE,
髏,0.730218403150734,1,Su2023,4.55,NA,core,TRUE,
仰,0.718224131757966,1,Su2023,4.5,NA,core,TRUE,
吮,0.718224131757966,1,Su2023,4.5,NA,core,TRUE,
坡,0.718224131757966,1,Su2023,4.5,NA,core,TRUE,
套,0.718224131757966,1,Su2023,4.5,NA,core,TRUE,
嬲,0.718224131757966,1,Su2023,4.5,NA,core,TRUE,
捲,0.718224131757966,1,Su2023,4.5,NA,core,TRUE,
攀,0.718224131757966,1,Su2023,4.5,NA,core,TRUE,
攞,0.718224131757966,1,Su2023,4.5,NA,core,TRUE,
械,0.718224131757966,1,Su2023,4.5,NA,core,TRUE,
榕,0.718224131757966,1,Su2023,4.5,NA,core,TRUE,
步,0.718224131757966,1,Su2023,4.5,NA,core,TRUE,
沸,0.718224131757966,1,Su2023,4.5,NA,core,TRUE,
濺,0.718224131757966,1,Su2023,4.5,NA,core,TRUE,
眠,0.718224131757966,1,Su2023,4.5,NA,core,TRUE,
泵,0.718224131757966,1,Su2023,4.5,NA,core,TRUE,
窖,0.718224131757966,1,Su2023,4.5,NA,core,TRUE,
篷,0.718224131757966,1,Su2023,4.5,NA,core,TRUE,
罰,0.718224131757966,1,Su2023,4.5,NA,core,TRUE,
航,0.718224131757966,1,Su2023,4.5,NA,core,TRUE,
蜘,0.718224131757966,1,Su2023,4.5,NA,core,TRUE,
蜷,0.718224131757966,1,Su2023,4.5,NA,core,TRUE,
詩,0.718224131757966,1,Su2023,4.5,NA,core,TRUE,
豺,0.718224131757966,1,Su2023,4.5,NA,core,TRUE,
贏,0.718224131757966,1,Su2023,4.5,NA,core,TRUE,
轆,0.718224131757966,1,Su2023,4.5,NA,core,TRUE,
鄉,0.718224131757966,1,Su2023,4.5,NA,core,TRUE,
酥,0.718224131757966,1,Su2023,4.5,NA,core,TRUE,
錐,0.718224131757966,1,Su2023,4.5,NA,core,TRUE,
閣,0.718224131757966,1,Su2023,4.5,NA,core,TRUE,
霉,0.718224131757966,1,Su2023,4.5,NA,core,TRUE,
鬥,0.718224131757966,1,Su2023,4.5,NA,core,TRUE,
黐,0.718224131757966,1,Su2023,4.5,NA,core,TRUE,
鼾,0.718224131757966,1,Su2023,4.5,NA,core,TRUE,
丟,0.705871822413176,1,Su2023,4.45,NA,core,TRUE,
乞,0.705871822413176,1,Su2023,4.45,NA,core,TRUE,
兒,0.705871822413176,1,Su2023,4.45,NA,core,TRUE,
刨,0.705871822413176,1,Su2023,4.45,NA,core,TRUE,
匾,0.705871822413176,1,Su2023,4.45,NA,core,TRUE,
啜,0.705871822413176,1,Su2023,4.45,NA,core,TRUE,
嚇,0.705871822413176,1,Su2023,4.45,NA,core,TRUE,
囊,0.705871822413176,1,Su2023,4.45,NA,core,TRUE,
團,0.705871822413176,1,Su2023,4.45,NA,core,TRUE,
塌,0.705871822413176,1,Su2023,4.45,NA,core,TRUE,
孖,0.705871822413176,1,Su2023,4.45,NA,core,TRUE,
廊,0.705871822413176,1,Su2023,4.45,NA,core,TRUE,
彩,0.705871822413176,1,Su2023,4.45,NA,core,TRUE,
掘,0.705871822413176,1,Su2023,4.45,NA,core,TRUE,
搽,0.705871822413176,1,Su2023,4.45,NA,core,TRUE,
擺,0.705871822413176,1,Su2023,4.45,NA,core,TRUE,
攪,0.705871822413176,1,Su2023,4.45,NA,core,TRUE,
榨,0.705871822413176,1,Su2023,4.45,NA,core,TRUE,
櫥,0.705871822413176,1,Su2023,4.45,NA,core,TRUE,
沫,0.705871822413176,1,Su2023,4.45,NA,core,TRUE,
涼,0.705871822413176,1,Su2023,4.45,NA,core,TRUE,
滷,0.705871822413176,1,Su2023,4.45,NA,core,TRUE,
漬,0.705871822413176,1,Su2023,4.45,NA,core,TRUE,
瀉,0.705871822413176,1,Su2023,4.45,NA,core,TRUE,
熟,0.705871822413176,1,Su2023,4.45,NA,core,TRUE,
睜,0.705871822413176,1,Su2023,4.45,NA,core,TRUE,
祭,0.705871822413176,1,Su2023,4.45,NA,core,TRUE,
蘸,0.705871822413176,1,Su2023,4.45,NA,core,TRUE,
蝌,0.705871822413176,1,Su2023,4.45,NA,core,TRUE,
蝕,0.705871822413176,1,Su2023,4.45,NA,core,TRUE,
蠱,0.705871822413176,1,Su2023,4.45,NA,core,TRUE,
讚,0.705871822413176,1,Su2023,4.45,NA,core,TRUE,
賣,0.705871822413176,1,Su2023,4.45,NA,core,TRUE,
銬,0.705871822413176,1,Su2023,4.45,NA,core,TRUE,
閃,0.705871822413176,1,Su2023,4.45,NA,core,TRUE,
龕,0.705871822413176,1,Su2023,4.45,NA,core,TRUE,
傷,0.69405656999642,1,Su2023,4.4,NA,core,TRUE,
公,0.69405656999642,1,Su2023,4.4,NA,core,TRUE,
冠,0.69405656999642,1,Su2023,4.4,NA,core,TRUE,
售,0.69405656999642,1,Su2023,4.4,NA,core,TRUE,
垂,0.69405656999642,1,Su2023,4.4,NA,core,TRUE,
墮,0.69405656999642,1,Su2023,4.4,NA,core,TRUE,
市,0.69405656999642,1,Su2023,4.4,NA,core,TRUE,
廂,0.69405656999642,1,Su2023,4.4,NA,core,TRUE,
扛,0.69405656999642,1,Su2023,4.4,NA,core,TRUE,
抽,0.69405656999642,1,Su2023,4.4,NA,core,TRUE,
揹,0.69405656999642,1,Su2023,4.4,NA,core,TRUE,
教,0.69405656999642,1,Su2023,4.4,NA,core,TRUE,
敵,0.69405656999642,1,Su2023,4.4,NA,core,TRUE,
曲,0.69405656999642,1,Su2023,4.4,NA,core,TRUE,
望,0.69405656999642,1,Su2023,4.4,NA,core,TRUE,
污,0.69405656999642,1,Su2023,4.4,NA,core,TRUE,
照,0.69405656999642,1,Su2023,4.4,NA,core,TRUE,
牒,0.69405656999642,1,Su2023,4.4,NA,core,TRUE,
疼,0.69405656999642,1,Su2023,4.4,NA,core,TRUE,
瞄,0.69405656999642,1,Su2023,4.4,NA,core,TRUE,
礁,0.69405656999642,1,Su2023,4.4,NA,core,TRUE,
籽,0.69405656999642,1,Su2023,4.4,NA,core,TRUE,
腐,0.69405656999642,1,Su2023,4.4,NA,core,TRUE,
膛,0.69405656999642,1,Su2023,4.4,NA,core,TRUE,
蜢,0.69405656999642,1,Su2023,4.4,NA,core,TRUE,
蝙,0.69405656999642,1,Su2023,4.4,NA,core,TRUE,
警,0.69405656999642,1,Su2023,4.4,NA,core,TRUE,
醃,0.69405656999642,1,Su2023,4.4,NA,core,TRUE,
飼,0.69405656999642,1,Su2023,4.4,NA,core,TRUE,
餐,0.69405656999642,1,Su2023,4.4,NA,core,TRUE,
叩,0.684926602219835,1,Su2023,4.35,NA,core,TRUE,
啞,0.684926602219835,1,Su2023,4.35,NA,core,TRUE,
嚥,0.684926602219835,1,Su2023,4.35,NA,core,TRUE,
屙,0.684926602219835,1,Su2023,4.35,NA,core,TRUE,
枯,0.684926602219835,1,Su2023,4.35,NA,core,TRUE,
殉,0.684926602219835,1,Su2023,4.35,NA,core,TRUE,
狩,0.684926602219835,1,Su2023,4.35,NA,core,TRUE,
瑚,0.684926602219835,1,Su2023,4.35,NA,core,TRUE,
碑,0.684926602219835,1,Su2023,4.35,NA,core,TRUE,
纜,0.684926602219835,1,Su2023,4.35,NA,core,TRUE,
荔,0.684926602219835,1,Su2023,4.35,NA,core,TRUE,
螂,0.684926602219835,1,Su2023,4.35,NA,core,TRUE,
螢,0.684926602219835,1,Su2023,4.35,NA,core,TRUE,
遊,0.684926602219835,1,Su2023,4.35,NA,core,TRUE,
郊,0.684926602219835,1,Su2023,4.35,NA,core,TRUE,
釀,0.684926602219835,1,Su2023,4.35,NA,core,TRUE,
鈣,0.684926602219835,1,Su2023,4.35,NA,core,TRUE,
隙,0.684926602219835,1,Su2023,4.35,NA,core,TRUE,
鞦,0.684926602219835,1,Su2023,4.35,NA,core,TRUE,
音,0.684926602219835,1,Su2023,4.35,NA,core,TRUE,
颱,0.684926602219835,1,Su2023,4.35,NA,core,TRUE,
咀,0.677049767275331,1,Su2023,4.3,NA,core,TRUE,
喘,0.677049767275331,1,Su2023,4.3,NA,core,TRUE,
屜,0.677049767275331,1,Su2023,4.3,NA,core,TRUE,
岔,0.677049767275331,1,Su2023,4.3,NA,core,TRUE,
攜,0.677049767275331,1,Su2023,4.3,NA,core,TRUE,
旋,0.677049767275331,1,Su2023,4.3,NA,core,TRUE,
柵,0.677049767275331,1,Su2023,4.3,NA,core,TRUE,
棵,0.677049767275331,1,Su2023,4.3,NA,core,TRUE,
氣,0.677049767275331,1,Su2023,4.3,NA,core,TRUE,
沉,0.677049767275331,1,Su2023,4.3,NA,core,TRUE,
滴,0.677049767275331,1,Su2023,4.3,NA,core,TRUE,
漆,0.677049767275331,1,Su2023,4.3,NA,core,TRUE,
熔,0.677049767275331,1,Su2023,4.3,NA,core,TRUE,
碰,0.677049767275331,1,Su2023,4.3,NA,core,TRUE,
移,0.677049767275331,1,Su2023,4.3,NA,core,TRUE,
羚,0.677049767275331,1,Su2023,4.3,NA,core,TRUE,
聲,0.677049767275331,1,Su2023,4.3,NA,core,TRUE,
葫,0.677049767275331,1,Su2023,4.3,NA,core,TRUE,
衝,0.677049767275331,1,Su2023,4.3,NA,core,TRUE,
閹,0.677049767275331,1,Su2023,4.3,NA,core,TRUE,
闊,0.677049767275331,1,Su2023,4.3,NA,core,TRUE,
韁,0.677049767275331,1,Su2023,4.3,NA,core,TRUE,
餚,0.677049767275331,1,Su2023,4.3,NA,core,TRUE,
亡,0.667203723594701,1,Su2023,4.25,NA,core,TRUE,
伸,0.667203723594701,1,Su2023,4.25,NA,core,TRUE,
侄,0.667203723594701,1,Su2023,4.25,NA,core,TRUE,
刑,0.667203723594701,1,Su2023,4.25,NA,core,TRUE,
劃,0.667203723594701,1,Su2023,4.25,NA,core,TRUE,
叢,0.667203723594701,1,Su2023,4.25,NA,core,TRUE,
吼,0.667203723594701,1,Su2023,4.25,NA,core,TRUE,
啃,0.667203723594701,1,Su2023,4.25,NA,core,TRUE,
嘯,0.667203723594701,1,Su2023,4.25,NA,core,TRUE,
奪,0.667203723594701,1,Su2023,4.25,NA,core,TRUE,
子,0.667203723594701,1,Su2023,4.25,NA,core,TRUE,
弒,0.667203723594701,1,Su2023,4.25,NA,core,TRUE,
採,0.667203723594701,1,Su2023,4.25,NA,core,TRUE,
揀,0.667203723594701,1,Su2023,4.25,NA,core,TRUE,
晝,0.667203723594701,1,Su2023,4.25,NA,core,TRUE,
暑,0.667203723594701,1,Su2023,4.25,NA,core,TRUE,
暮,0.667203723594701,1,Su2023,4.25,NA,core,TRUE,
棟,0.667203723594701,1,Su2023,4.25,NA,core,TRUE,
槓,0.667203723594701,1,Su2023,4.25,NA,core,TRUE,
毆,0.667203723594701,1,Su2023,4.25,NA,core,TRUE,
汽,0.667203723594701,1,Su2023,4.25,NA,core,TRUE,
璃,0.667203723594701,1,Su2023,4.25,NA,core,TRUE,
痺,0.667203723594701,1,Su2023,4.25,NA,core,TRUE,
稿,0.667203723594701,1,Su2023,4.25,NA,core,TRUE,
答,0.667203723594701,1,Su2023,4.25,NA,core,TRUE,
箔,0.667203723594701,1,Su2023,4.25,NA,core,TRUE,
管,0.667203723594701,1,Su2023,4.25,NA,core,TRUE,
篩,0.667203723594701,1,Su2023,4.25,NA,core,TRUE,
繃,0.667203723594701,1,Su2023,4.25,NA,core,TRUE,
織,0.667203723594701,1,Su2023,4.25,NA,core,TRUE,
群,0.667203723594701,1,Su2023,4.25,NA,core,TRUE,
鶉,0.667203723594701,1,Su2023,4.25,NA,core,TRUE,
冼,0.655209452201933,1,Su2023,4.2,NA,core,TRUE,
嚨,0.655209452201933,1,Su2023,4.2,NA,core,TRUE,
囪,0.655209452201933,1,Su2023,4.2,NA,core,TRUE,
夕,0.655209452201933,1,Su2023,4.2,NA,core,TRUE,
媳,0.655209452201933,1,Su2023,4.2,NA,core,TRUE,
巒,0.655209452201933,1,Su2023,4.2,NA,core,TRUE,
掏,0.655209452201933,1,Su2023,4.2,NA,core,TRUE,
搵,0.655209452201933,1,Su2023,4.2,NA,core,TRUE,
攔,0.655209452201933,1,Su2023,4.2,NA,core,TRUE,
朵,0.655209452201933,1,Su2023,4.2,NA,core,TRUE,
條,0.655209452201933,1,Su2023,4.2,NA,core,TRUE,
棧,0.655209452201933,1,Su2023,4.2,NA,core,TRUE,
檔,0.655209452201933,1,Su2023,4.2,NA,core,TRUE,
炙,0.655209452201933,1,Su2023,4.2,NA,core,TRUE,
玻,0.655209452201933,1,Su2023,4.2,NA,core,TRUE,
琶,0.655209452201933,1,Su2023,4.2,NA,core,TRUE,
癲,0.655209452201933,1,Su2023,4.2,NA,core,TRUE,
皿,0.655209452201933,1,Su2023,4.2,NA,core,TRUE,
眺,0.655209452201933,1,Su2023,4.2,NA,core,TRUE,
砌,0.655209452201933,1,Su2023,4.2,NA,core,TRUE,
紮,0.655209452201933,1,Su2023,4.2,NA,core,TRUE,
綢,0.655209452201933,1,Su2023,4.2,NA,core,TRUE,
芯,0.655209452201933,1,Su2023,4.2,NA,core,TRUE,
茅,0.655209452201933,1,Su2023,4.2,NA,core,TRUE,
蜈,0.655209452201933,1,Su2023,4.2,NA,core,TRUE,
蜻,0.655209452201933,1,Su2023,4.2,NA,core,TRUE,
談,0.655209452201933,1,Su2023,4.2,NA,core,TRUE,
譜,0.655209452201933,1,Su2023,4.2,NA,core,TRUE,
躬,0.655209452201933,1,Su2023,4.2,NA,core,TRUE,
酵,0.655209452201933,1,Su2023,4.2,NA,core,TRUE,
隱,0.655209452201933,1,Su2023,4.2,NA,core,TRUE,
霓,0.655209452201933,1,Su2023,4.2,NA,core,TRUE,
響,0.655209452201933,1,Su2023,4.2,NA,core,TRUE,
鴛,0.655209452201933,1,Su2023,4.2,NA,core,TRUE,
鹵,0.655209452201933,1,Su2023,4.2,NA,core,TRUE,
傭,0.64249910490512,1,Su2023,4.15,NA,core,TRUE,
剔,0.64249910490512,1,Su2023,4.15,NA,core,TRUE,
劫,0.64249910490512,1,Su2023,4.15,NA,core,TRUE,
噬,0.64249910490512,1,Su2023,4.15,NA,core,TRUE,
垢,0.64249910490512,1,Su2023,4.15,NA,core,TRUE,
崩,0.64249910490512,1,Su2023,4.15,NA,core,TRUE,
帚,0.64249910490512,1,Su2023,4.15,NA,core,TRUE,
抖,0.64249910490512,1,Su2023,4.15,NA,core,TRUE,
拎,0.64249910490512,1,Su2023,4.15,NA,core,TRUE,
揭,0.64249910490512,1,Su2023,4.15,NA,core,TRUE,
擰,0.64249910490512,1,Su2023,4.15,NA,core,TRUE,
斤,0.64249910490512,1,Su2023,4.15,NA,core,TRUE,
棘,0.64249910490512,1,Su2023,4.15,NA,core,TRUE,
榻,0.64249910490512,1,Su2023,4.15,NA,core,TRUE,
溺,0.64249910490512,1,Su2023,4.15,NA,core,TRUE,
漂,0.64249910490512,1,Su2023,4.15,NA,core,TRUE,
漱,0.64249910490512,1,Su2023,4.15,NA,core,TRUE,
環,0.64249910490512,1,Su2023,4.15,NA,core,TRUE,
眶,0.64249910490512,1,Su2023,4.15,NA,core,TRUE,
窒,0.64249910490512,1,Su2023,4.15,NA,core,TRUE,
竊,0.64249910490512,1,Su2023,4.15,NA,core,TRUE,
紡,0.64249910490512,1,Su2023,4.15,NA,core,TRUE,
纏,0.64249910490512,1,Su2023,4.15,NA,core,TRUE,
聞,0.64249910490512,1,Su2023,4.15,NA,core,TRUE,
膨,0.64249910490512,1,Su2023,4.15,NA,core,TRUE,
艘,0.64249910490512,1,Su2023,4.15,NA,core,TRUE,
螞,0.64249910490512,1,Su2023,4.15,NA,core,TRUE,
螳,0.64249910490512,1,Su2023,4.15,NA,core,TRUE,
蟑,0.64249910490512,1,Su2023,4.15,NA,core,TRUE,
裁,0.64249910490512,1,Su2023,4.15,NA,core,TRUE,
觸,0.64249910490512,1,Su2023,4.15,NA,core,TRUE,
診,0.64249910490512,1,Su2023,4.15,NA,core,TRUE,
豉,0.64249910490512,1,Su2023,4.15,NA,core,TRUE,
輸,0.64249910490512,1,Su2023,4.15,NA,core,TRUE,
雌,0.64249910490512,1,Su2023,4.15,NA,core,TRUE,
養,0.64249910490512,1,Su2023,4.15,NA,core,TRUE,
僕,0.629609738632295,1,Su2023,4.1,NA,core,TRUE,
僵,0.629609738632295,1,Su2023,4.1,NA,core,TRUE,
刪,0.629609738632295,1,Su2023,4.1,NA,core,TRUE,
匪,0.629609738632295,1,Su2023,4.1,NA,core,TRUE,
唾,0.629609738632295,1,Su2023,4.1,NA,core,TRUE,
嗅,0.629609738632295,1,Su2023,4.1,NA,core,TRUE,
囝,0.629609738632295,1,Su2023,4.1,NA,core,TRUE,
奠,0.629609738632295,1,Su2023,4.1,NA,core,TRUE,
守,0.629609738632295,1,Su2023,4.1,NA,core,TRUE,
寸,0.629609738632295,1,Su2023,4.1,NA,core,TRUE,
尋,0.629609738632295,1,Su2023,4.1,NA,core,TRUE,
席,0.629609738632295,1,Su2023,4.1,NA,core,TRUE,
年,0.629609738632295,1,Su2023,4.1,NA,core,TRUE,
憎,0.629609738632295,1,Su2023,4.1,NA,core,TRUE,
戟,0.629609738632295,1,Su2023,4.1,NA,core,TRUE,
挽,0.629609738632295,1,Su2023,4.1,NA,core,TRUE,
擄,0.629609738632295,1,Su2023,4.1,NA,core,TRUE,
擒,0.629609738632295,1,Su2023,4.1,NA,core,TRUE,
擾,0.629609738632295,1,Su2023,4.1,NA,core,TRUE,
朋,0.629609738632295,1,Su2023,4.1,NA,core,TRUE,
材,0.629609738632295,1,Su2023,4.1,NA,core,TRUE,
渦,0.629609738632295,1,Su2023,4.1,NA,core,TRUE,
湧,0.629609738632295,1,Su2023,4.1,NA,core,TRUE,
澡,0.629609738632295,1,Su2023,4.1,NA,core,TRUE,
熄,0.629609738632295,1,Su2023,4.1,NA,core,TRUE,
瞇,0.629609738632295,1,Su2023,4.1,NA,core,TRUE,
縛,0.629609738632295,1,Su2023,4.1,NA,core,TRUE,
舵,0.629609738632295,1,Su2023,4.1,NA,core,TRUE,
舶,0.629609738632295,1,Su2023,4.1,NA,core,TRUE,
蚪,0.629609738632295,1,Su2023,4.1,NA,core,TRUE,
蜴,0.629609738632295,1,Su2023,4.1,NA,core,TRUE,
蝴,0.629609738632295,1,Su2023,4.1,NA,core,TRUE,
護,0.629609738632295,1,Su2023,4.1,NA,core,TRUE,
貨,0.629609738632295,1,Su2023,4.1,NA,core,TRUE,
購,0.629609738632295,1,Su2023,4.1,NA,core,TRUE,
露,0.629609738632295,1,Su2023,4.1,NA,core,TRUE,
俠,0.618152524167562,1,Su2023,4.05,NA,core,TRUE,
俯,0.618152524167562,1,Su2023,4.05,NA,core,TRUE,
咆,0.618152524167562,1,Su2023,4.05,NA,core,TRUE,
巔,0.618152524167562,1,Su2023,4.05,NA,core,TRUE,
州,0.618152524167562,1,Su2023,4.05,NA,core,TRUE,
廈,0.618152524167562,1,Su2023,4.05,NA,core,TRUE,
拱,0.618152524167562,1,Su2023,4.05,NA,core,TRUE,
撫,0.618152524167562,1,Su2023,4.05,NA,core,TRUE,
攙,0.618152524167562,1,Su2023,4.05,NA,core,TRUE,
散,0.618152524167562,1,Su2023,4.05,NA,core,TRUE,
方,0.618152524167562,1,Su2023,4.05,NA,core,TRUE,
榴,0.618152524167562,1,Su2023,4.05,NA,core,TRUE,
毁,0.618152524167562,1,Su2023,4.05,NA,core,TRUE,
炊,0.618152524167562,1,Su2023,4.05,NA,core,TRUE,
燃,0.618152524167562,1,Su2023,4.05,NA,core,TRUE,
琵,0.618152524167562,1,Su2023,4.05,NA,core,TRUE,
碧,0.618152524167562,1,Su2023,4.05,NA,core,TRUE,
秧,0.618152524167562,1,Su2023,4.05,NA,core,TRUE,
等,0.618152524167562,1,Su2023,4.05,NA,core,TRUE,
筐,0.618152524167562,1,Su2023,4.05,NA,core,TRUE,
腔,0.618152524167562,1,Su2023,4.05,NA,core,TRUE,
蘑,0.618152524167562,1,Su2023,4.05,NA,core,TRUE,
蛟,0.618152524167562,1,Su2023,4.05,NA,core,TRUE,
蠕,0.618152524167562,1,Su2023,4.05,NA,core,TRUE,
賞,0.618152524167562,1,Su2023,4.05,NA,core,TRUE,
鑄,0.618152524167562,1,Su2023,4.05,NA,core,TRUE,
餬,0.618152524167562,1,Su2023,4.05,NA,core,TRUE,
骷,0.618152524167562,1,Su2023,4.05,NA,core,TRUE,
劑,0.607590404582886,1,Su2023,4,NA,core,TRUE,
叻,0.607590404582886,1,Su2023,4,NA,core,TRUE,
呔,0.607590404582886,1,Su2023,4,NA,core,TRUE,
味,0.607590404582886,1,Su2023,4,NA,core,TRUE,
塑,0.607590404582886,1,Su2023,4,NA,core,TRUE,
掟,0.607590404582886,1,Su2023,4,NA,core,TRUE,
攻,0.607590404582886,1,Su2023,4,NA,core,TRUE,
栽,0.607590404582886,1,Su2023,4,NA,core,TRUE,
樁,0.607590404582886,1,Su2023,4,NA,core,TRUE,
機,0.607590404582886,1,Su2023,4,NA,core,TRUE,
漏,0.607590404582886,1,Su2023,4,NA,core,TRUE,
漩,0.607590404582886,1,Su2023,4,NA,core,TRUE,
灼,0.607590404582886,1,Su2023,4,NA,core,TRUE,
烙,0.607590404582886,1,Su2023,4,NA,core,TRUE,
燄,0.607590404582886,1,Su2023,4,NA,core,TRUE,
燼,0.607590404582886,1,Su2023,4,NA,core,TRUE,
猜,0.607590404582886,1,Su2023,4,NA,core,TRUE,
疲,0.607590404582886,1,Su2023,4,NA,core,TRUE,
窺,0.607590404582886,1,Su2023,4,NA,core,TRUE,
糊,0.607590404582886,1,Su2023,4,NA,core,TRUE,
胞,0.607590404582886,1,Su2023,4,NA,core,TRUE,
脈,0.607590404582886,1,Su2023,4,NA,core,TRUE,
舨,0.607590404582886,1,Su2023,4,NA,core,TRUE,
舺,0.607590404582886,1,Su2023,4,NA,core,TRUE,
蕃,0.607590404582886,1,Su2023,4,NA,core,TRUE,
謎,0.607590404582886,1,Su2023,4,NA,core,TRUE,
賺,0.607590404582886,1,Su2023,4,NA,core,TRUE,
蹂,0.607590404582886,1,Su2023,4,NA,core,TRUE,
轟,0.607590404582886,1,Su2023,4,NA,core,TRUE,
閉,0.607590404582886,1,Su2023,4,NA,core,TRUE,
鶩,0.607590404582886,1,Su2023,4,NA,core,TRUE,
俬,0.595059076262084,1,Su2023,3.95,NA,core,TRUE,
凋,0.595059076262084,1,Su2023,3.95,NA,core,TRUE,
凶,0.595059076262084,1,Su2023,3.95,NA,core,TRUE,
午,0.595059076262084,1,Su2023,3.95,NA,core,TRUE,
南,0.595059076262084,1,Su2023,3.95,NA,core,TRUE,
哀,0.595059076262084,1,Su2023,3.95,NA,core,TRUE,
哄,0.595059076262084,1,Su2023,3.95,NA,core,TRUE,
啼,0.595059076262084,1,Su2023,3.95,NA,core,TRUE,
妾,0.595059076262084,1,Su2023,3.95,NA,core,TRUE,
性,0.595059076262084,1,Su2023,3.95,NA,core,TRUE,
愁,0.595059076262084,1,Su2023,3.95,NA,core,TRUE,
押,0.595059076262084,1,Su2023,3.95,NA,core,TRUE,
掀,0.595059076262084,1,Su2023,3.95,NA,core,TRUE,
揑,0.595059076262084,1,Su2023,3.95,NA,core,TRUE,
揸,0.595059076262084,1,Su2023,3.95,NA,core,TRUE,
染,0.595059076262084,1,Su2023,3.95,NA,core,TRUE,
氧,0.595059076262084,1,Su2023,3.95,NA,core,TRUE,
滲,0.595059076262084,1,Su2023,3.95,NA,core,TRUE,
烽,0.595059076262084,1,Su2023,3.95,NA,core,TRUE,
狠,0.595059076262084,1,Su2023,3.95,NA,core,TRUE,
瑕,0.595059076262084,1,Su2023,3.95,NA,core,TRUE,
缺,0.595059076262084,1,Su2023,3.95,NA,core,TRUE,
胚,0.595059076262084,1,Su2023,3.95,NA,core,TRUE,
胭,0.595059076262084,1,Su2023,3.95,NA,core,TRUE,
胰,0.595059076262084,1,Su2023,3.95,NA,core,TRUE,
艷,0.595059076262084,1,Su2023,3.95,NA,core,TRUE,
荼,0.595059076262084,1,Su2023,3.95,NA,core,TRUE,
萌,0.595059076262084,1,Su2023,3.95,NA,core,TRUE,
蚣,0.595059076262084,1,Su2023,3.95,NA,core,TRUE,
輾,0.595059076262084,1,Su2023,3.95,NA,core,TRUE,
辯,0.595059076262084,1,Su2023,3.95,NA,core,TRUE,
闖,0.595059076262084,1,Su2023,3.95,NA,core,TRUE,
隻,0.595059076262084,1,Su2023,3.95,NA,core,TRUE,
題,0.595059076262084,1,Su2023,3.95,NA,core,TRUE,
颳,0.595059076262084,1,Su2023,3.95,NA,core,TRUE,
飢,0.595059076262084,1,Su2023,3.95,NA,core,TRUE,
髓,0.595059076262084,1,Su2023,3.95,NA,core,TRUE,
鵠,0.595059076262084,1,Su2023,3.95,NA,core,TRUE,
黨,0.595059076262084,1,Su2023,3.95,NA,core,TRUE,
倦,0.581811672037236,1,Su2023,3.9,NA,core,TRUE,
儲,0.581811672037236,1,Su2023,3.9,NA,core,TRUE,
力,0.581811672037236,1,Su2023,3.9,NA,core,TRUE,
叼,0.581811672037236,1,Su2023,3.9,NA,core,TRUE,
名,0.581811672037236,1,Su2023,3.9,NA,core,TRUE,
啡,0.581811672037236,1,Su2023,3.9,NA,core,TRUE,
喵,0.581811672037236,1,Su2023,3.9,NA,core,TRUE,
嘆,0.581811672037236,1,Su2023,3.9,NA,core,TRUE,
壘,0.581811672037236,1,Su2023,3.9,NA,core,TRUE,
外,0.581811672037236,1,Su2023,3.9,NA,core,TRUE,
嶽,0.581811672037236,1,Su2023,3.9,NA,core,TRUE,
怒,0.581811672037236,1,Su2023,3.9,NA,core,TRUE,
挑,0.581811672037236,1,Su2023,3.9,NA,core,TRUE,
損,0.581811672037236,1,Su2023,3.9,NA,core,TRUE,
擔,0.581811672037236,1,Su2023,3.9,NA,core,TRUE,
模,0.581811672037236,1,Su2023,3.9,NA,core,TRUE,
殮,0.581811672037236,1,Su2023,3.9,NA,core,TRUE,
淵,0.581811672037236,1,Su2023,3.9,NA,core,TRUE,
獨,0.581811672037236,1,Su2023,3.9,NA,core,TRUE,
琢,0.581811672037236,1,Su2023,3.9,NA,core,TRUE,
瓢,0.581811672037236,1,Su2023,3.9,NA,core,TRUE,
禾,0.581811672037236,1,Su2023,3.9,NA,core,TRUE,
稅,0.581811672037236,1,Su2023,3.9,NA,core,TRUE,
考,0.581811672037236,1,Su2023,3.9,NA,core,TRUE,
耆,0.581811672037236,1,Su2023,3.9,NA,core,TRUE,
胳,0.581811672037236,1,Su2023,3.9,NA,core,TRUE,
衙,0.581811672037236,1,Su2023,3.9,NA,core,TRUE,
襬,0.581811672037236,1,Su2023,3.9,NA,core,TRUE,
西,0.581811672037236,1,Su2023,3.9,NA,core,TRUE,
邸,0.581811672037236,1,Su2023,3.9,NA,core,TRUE,
酪,0.581811672037236,1,Su2023,3.9,NA,core,TRUE,
駒,0.581811672037236,1,Su2023,3.9,NA,core,TRUE,
駱,0.581811672037236,1,Su2023,3.9,NA,core,TRUE,
體,0.581811672037236,1,Su2023,3.9,NA,core,TRUE,
魂,0.581811672037236,1,Su2023,3.9,NA,core,TRUE,
丑,0.567669172932331,1,Su2023,3.85,NA,core,TRUE,
側,0.567669172932331,1,Su2023,3.85,NA,core,TRUE,
催,0.567669172932331,1,Su2023,3.85,NA,core,TRUE,
呎,0.567669172932331,1,Su2023,3.85,NA,core,TRUE,
咸,0.567669172932331,1,Su2023,3.85,NA,core,TRUE,
噁,0.567669172932331,1,Su2023,3.85,NA,core,TRUE,
嚏,0.567669172932331,1,Su2023,3.85,NA,core,TRUE,
圾,0.567669172932331,1,Su2023,3.85,NA,core,TRUE,
塚,0.567669172932331,1,Su2023,3.85,NA,core,TRUE,
寡,0.567669172932331,1,Su2023,3.85,NA,core,TRUE,
履,0.567669172932331,1,Su2023,3.85,NA,core,TRUE,
帕,0.567669172932331,1,Su2023,3.85,NA,core,TRUE,
悶,0.567669172932331,1,Su2023,3.85,NA,core,TRUE,
拼,0.567669172932331,1,Su2023,3.85,NA,core,TRUE,
描,0.567669172932331,1,Su2023,3.85,NA,core,TRUE,
沾,0.567669172932331,1,Su2023,3.85,NA,core,TRUE,
演,0.567669172932331,1,Su2023,3.85,NA,core,TRUE,
焊,0.567669172932331,1,Su2023,3.85,NA,core,TRUE,
熬,0.567669172932331,1,Su2023,3.85,NA,core,TRUE,
畝,0.567669172932331,1,Su2023,3.85,NA,core,TRUE,
盞,0.567669172932331,1,Su2023,3.85,NA,core,TRUE,
睥,0.567669172932331,1,Su2023,3.85,NA,core,TRUE,
瞌,0.567669172932331,1,Su2023,3.85,NA,core,TRUE,
稠,0.567669172932331,1,Su2023,3.85,NA,core,TRUE,
箝,0.567669172932331,1,Su2023,3.85,NA,core,TRUE,
篇,0.567669172932331,1,Su2023,3.85,NA,core,TRUE,
籌,0.567669172932331,1,Su2023,3.85,NA,core,TRUE,
糙,0.567669172932331,1,Su2023,3.85,NA,core,TRUE,
組,0.567669172932331,1,Su2023,3.85,NA,core,TRUE,
繳,0.567669172932331,1,Su2023,3.85,NA,core,TRUE,
翡,0.567669172932331,1,Su2023,3.85,NA,core,TRUE,
腑,0.567669172932331,1,Su2023,3.85,NA,core,TRUE,
褪,0.567669172932331,1,Su2023,3.85,NA,core,TRUE,
襟,0.567669172932331,1,Su2023,3.85,NA,core,TRUE,
贊,0.567669172932331,1,Su2023,3.85,NA,core,TRUE,
跤,0.567669172932331,1,Su2023,3.85,NA,core,TRUE,
踱,0.567669172932331,1,Su2023,3.85,NA,core,TRUE,
躉,0.567669172932331,1,Su2023,3.85,NA,core,TRUE,
迹,0.567669172932331,1,Su2023,3.85,NA,core,TRUE,
速,0.567669172932331,1,Su2023,3.85,NA,core,TRUE,
酬,0.567669172932331,1,Su2023,3.85,NA,core,TRUE,
鈍,0.567669172932331,1,Su2023,3.85,NA,core,TRUE,
防,0.567669172932331,1,Su2023,3.85,NA,core,TRUE,
頹,0.567669172932331,1,Su2023,3.85,NA,core,TRUE,
倆,0.554600787683494,1,Su2023,3.8,NA,core,TRUE,
債,0.554600787683494,1,Su2023,3.8,NA,core,TRUE,
后,0.554600787683494,1,Su2023,3.8,NA,core,TRUE,
吱,0.554600787683494,1,Su2023,3.8,NA,core,TRUE,
哨,0.554600787683494,1,Su2023,3.8,NA,core,TRUE,
嗣,0.554600787683494,1,Su2023,3.8,NA,core,TRUE,
帛,0.554600787683494,1,Su2023,3.8,NA,core,TRUE,
廬,0.554600787683494,1,Su2023,3.8,NA,core,TRUE,
捱,0.554600787683494,1,Su2023,3.8,NA,core,TRUE,
揪,0.554600787683494,1,Su2023,3.8,NA,core,TRUE,
搐,0.554600787683494,1,Su2023,3.8,NA,core,TRUE,
架,0.554600787683494,1,Su2023,3.8,NA,core,TRUE,
潤,0.554600787683494,1,Su2023,3.8,NA,core,TRUE,
炬,0.554600787683494,1,Su2023,3.8,NA,core,TRUE,
營,0.554600787683494,1,Su2023,3.8,NA,core,TRUE,
症,0.554600787683494,1,Su2023,3.8,NA,core,TRUE,
癒,0.554600787683494,1,Su2023,3.8,NA,core,TRUE,
瞧,0.554600787683494,1,Su2023,3.8,NA,core,TRUE,
筵,0.554600787683494,1,Su2023,3.8,NA,core,TRUE,
篆,0.554600787683494,1,Su2023,3.8,NA,core,TRUE,
耘,0.554600787683494,1,Su2023,3.8,NA,core,TRUE,
股,0.554600787683494,1,Su2023,3.8,NA,core,TRUE,
芝,0.554600787683494,1,Su2023,3.8,NA,core,TRUE,
菠,0.554600787683494,1,Su2023,3.8,NA,core,TRUE,
萄,0.554600787683494,1,Su2023,3.8,NA,core,TRUE,
諗,0.554600787683494,1,Su2023,3.8,NA,core,TRUE,
豔,0.554600787683494,1,Su2023,3.8,NA,core,TRUE,
貯,0.554600787683494,1,Su2023,3.8,NA,core,TRUE,
阱,0.554600787683494,1,Su2023,3.8,NA,core,TRUE,
乖,0.541532402434658,1,Su2023,3.75,NA,core,TRUE,
仆,0.541532402434658,1,Su2023,3.75,NA,core,TRUE,
俑,0.541532402434658,1,Su2023,3.75,NA,core,TRUE,
喙,0.541532402434658,1,Su2023,3.75,NA,core,TRUE,
壞,0.541532402434658,1,Su2023,3.75,NA,core,TRUE,
姪,0.541532402434658,1,Su2023,3.75,NA,core,TRUE,
嫖,0.541532402434658,1,Su2023,3.75,NA,core,TRUE,
寐,0.541532402434658,1,Su2023,3.75,NA,core,TRUE,
寓,0.541532402434658,1,Su2023,3.75,NA,core,TRUE,
幼,0.541532402434658,1,Su2023,3.75,NA,core,TRUE,
折,0.541532402434658,1,Su2023,3.75,NA,core,TRUE,
拘,0.541532402434658,1,Su2023,3.75,NA,core,TRUE,
擎,0.541532402434658,1,Su2023,3.75,NA,core,TRUE,
曙,0.541532402434658,1,Su2023,3.75,NA,core,TRUE,
檀,0.541532402434658,1,Su2023,3.75,NA,core,TRUE,
檬,0.541532402434658,1,Su2023,3.75,NA,core,TRUE,
淤,0.541532402434658,1,Su2023,3.75,NA,core,TRUE,
濾,0.541532402434658,1,Su2023,3.75,NA,core,TRUE,
熒,0.541532402434658,1,Su2023,3.75,NA,core,TRUE,
畔,0.541532402434658,1,Su2023,3.75,NA,core,TRUE,
疾,0.541532402434658,1,Su2023,3.75,NA,core,TRUE,
痙,0.541532402434658,1,Su2023,3.75,NA,core,TRUE,
痴,0.541532402434658,1,Su2023,3.75,NA,core,TRUE,
盟,0.541532402434658,1,Su2023,3.75,NA,core,TRUE,
監,0.541532402434658,1,Su2023,3.75,NA,core,TRUE,
矇,0.541532402434658,1,Su2023,3.75,NA,core,TRUE,
碘,0.541532402434658,1,Su2023,3.75,NA,core,TRUE,
磐,0.541532402434658,1,Su2023,3.75,NA,core,TRUE,
禦,0.541532402434658,1,Su2023,3.75,NA,core,TRUE,
租,0.541532402434658,1,Su2023,3.75,NA,core,TRUE,
笠,0.541532402434658,1,Su2023,3.75,NA,core,TRUE,
絆,0.541532402434658,1,Su2023,3.75,NA,core,TRUE,
荒,0.541532402434658,1,Su2023,3.75,NA,core,TRUE,
蔔,0.541532402434658,1,Su2023,3.75,NA,core,TRUE,
蘿,0.541532402434658,1,Su2023,3.75,NA,core,TRUE,
蛻,0.541532402434658,1,Su2023,3.75,NA,core,TRUE,
蟀,0.541532402434658,1,Su2023,3.75,NA,core,TRUE,
誌,0.541532402434658,1,Su2023,3.75,NA,core,TRUE,
貴,0.541532402434658,1,Su2023,3.75,NA,core,TRUE,
趕,0.541532402434658,1,Su2023,3.75,NA,core,TRUE,
鐳,0.541532402434658,1,Su2023,3.75,NA,core,TRUE,
閒,0.541532402434658,1,Su2023,3.75,NA,core,TRUE,
領,0.541532402434658,1,Su2023,3.75,NA,core,TRUE,
馳,0.541532402434658,1,Su2023,3.75,NA,core,TRUE,
卦,0.527568922305764,1,Su2023,3.7,NA,core,TRUE,
句,0.527568922305764,1,Su2023,3.7,NA,core,TRUE,
員,0.527568922305764,1,Su2023,3.7,NA,core,TRUE,
商,0.527568922305764,1,Su2023,3.7,NA,core,TRUE,
嗌,0.527568922305764,1,Su2023,3.7,NA,core,TRUE,
場,0.527568922305764,1,Su2023,3.7,NA,core,TRUE,
塊,0.527568922305764,1,Su2023,3.7,NA,core,TRUE,
姓,0.527568922305764,1,Su2023,3.7,NA,core,TRUE,
嫩,0.527568922305764,1,Su2023,3.7,NA,core,TRUE,
峭,0.527568922305764,1,Su2023,3.7,NA,core,TRUE,
忘,0.527568922305764,1,Su2023,3.7,NA,core,TRUE,
戀,0.527568922305764,1,Su2023,3.7,NA,core,TRUE,
拭,0.527568922305764,1,Su2023,3.7,NA,core,TRUE,
拯,0.527568922305764,1,Su2023,3.7,NA,core,TRUE,
探,0.527568922305764,1,Su2023,3.7,NA,core,TRUE,
撇,0.527568922305764,1,Su2023,3.7,NA,core,TRUE,
杞,0.527568922305764,1,Su2023,3.7,NA,core,TRUE,
槤,0.527568922305764,1,Su2023,3.7,NA,core,TRUE,
歎,0.527568922305764,1,Su2023,3.7,NA,core,TRUE,
渣,0.527568922305764,1,Su2023,3.7,NA,core,TRUE,
澀,0.527568922305764,1,Su2023,3.7,NA,core,TRUE,
爵,0.527568922305764,1,Su2023,3.7,NA,core,TRUE,
眾,0.527568922305764,1,Su2023,3.7,NA,core,TRUE,
瞞,0.527568922305764,1,Su2023,3.7,NA,core,TRUE,
禪,0.527568922305764,1,Su2023,3.7,NA,core,TRUE,
繫,0.527568922305764,1,Su2023,3.7,NA,core,TRUE,
纖,0.527568922305764,1,Su2023,3.7,NA,core,TRUE,
薰,0.527568922305764,1,Su2023,3.7,NA,core,TRUE,
虐,0.527568922305764,1,Su2023,3.7,NA,core,TRUE,
貌,0.527568922305764,1,Su2023,3.7,NA,core,TRUE,
跡,0.527568922305764,1,Su2023,3.7,NA,core,TRUE,
鎧,0.527568922305764,1,Su2023,3.7,NA,core,TRUE,
霄,0.527568922305764,1,Su2023,3.7,NA,core,TRUE,
飪,0.527568922305764,1,Su2023,3.7,NA,core,TRUE,
內,0.513068385248836,1,Su2023,3.65,NA,core,TRUE,
冲,0.513068385248836,1,Su2023,3.65,NA,core,TRUE,
動,0.513068385248836,1,Su2023,3.65,NA,core,TRUE,
嗓,0.513068385248836,1,Su2023,3.65,NA,core,TRUE,
嚎,0.513068385248836,1,Su2023,3.65,NA,core,TRUE,
墅,0.513068385248836,1,Su2023,3.65,NA,core,TRUE,
娛,0.513068385248836,1,Su2023,3.65,NA,core,TRUE,
屑,0.513068385248836,1,Su2023,3.65,NA,core,TRUE,
展,0.513068385248836,1,Su2023,3.65,NA,core,TRUE,
崗,0.513068385248836,1,Su2023,3.65,NA,core,TRUE,
廄,0.513068385248836,1,Su2023,3.65,NA,core,TRUE,
戒,0.513068385248836,1,Su2023,3.65,NA,core,TRUE,
拂,0.513068385248836,1,Su2023,3.65,NA,core,TRUE,
拇,0.513068385248836,1,Su2023,3.65,NA,core,TRUE,
撤,0.513068385248836,1,Su2023,3.65,NA,core,TRUE,
東,0.513068385248836,1,Su2023,3.65,NA,core,TRUE,
淘,0.513068385248836,1,Su2023,3.65,NA,core,TRUE,
溢,0.513068385248836,1,Su2023,3.65,NA,core,TRUE,
狹,0.513068385248836,1,Su2023,3.65,NA,core,TRUE,
獒,0.513068385248836,1,Su2023,3.65,NA,core,TRUE,
甥,0.513068385248836,1,Su2023,3.65,NA,core,TRUE,
疏,0.513068385248836,1,Su2023,3.65,NA,core,TRUE,
癡,0.513068385248836,1,Su2023,3.65,NA,core,TRUE,
睬,0.513068385248836,1,Su2023,3.65,NA,core,TRUE,
睾,0.513068385248836,1,Su2023,3.65,NA,core,TRUE,
砵,0.513068385248836,1,Su2023,3.65,NA,core,TRUE,
禱,0.513068385248836,1,Su2023,3.65,NA,core,TRUE,
耍,0.513068385248836,1,Su2023,3.65,NA,core,TRUE,
職,0.513068385248836,1,Su2023,3.65,NA,core,TRUE,
芥,0.513068385248836,1,Su2023,3.65,NA,core,TRUE,
衆,0.513068385248836,1,Su2023,3.65,NA,core,TRUE,
訪,0.513068385248836,1,Su2023,3.65,NA,core,TRUE,
証,0.513068385248836,1,Su2023,3.65,NA,core,TRUE,
誘,0.513068385248836,1,Su2023,3.65,NA,core,TRUE,
貪,0.513068385248836,1,Su2023,3.65,NA,core,TRUE,
賑,0.513068385248836,1,Su2023,3.65,NA,core,TRUE,
赤,0.513068385248836,1,Su2023,3.65,NA,core,TRUE,
輛,0.513068385248836,1,Su2023,3.65,NA,core,TRUE,
陪,0.513068385248836,1,Su2023,3.65,NA,core,TRUE,
隕,0.513068385248836,1,Su2023,3.65,NA,core,TRUE,
集,0.513068385248836,1,Su2023,3.65,NA,core,TRUE,
饑,0.513068385248836,1,Su2023,3.65,NA,core,TRUE,
騮,0.513068385248836,1,Su2023,3.65,NA,core,TRUE,
驗,0.513068385248836,1,Su2023,3.65,NA,core,TRUE,
鹼,0.513068385248836,1,Su2023,3.65,NA,core,TRUE,
黝,0.513068385248836,1,Su2023,3.65,NA,core,TRUE,
黯,0.513068385248836,1,Su2023,3.65,NA,core,TRUE,
云,0.499104905119943,1,Su2023,3.6,NA,core,TRUE,
價,0.499104905119943,1,Su2023,3.6,NA,core,TRUE,
呼,0.499104905119943,1,Su2023,3.6,NA,core,TRUE,
啤,0.499104905119943,1,Su2023,3.6,NA,core,TRUE,
域,0.499104905119943,1,Su2023,3.6,NA,core,TRUE,
境,0.499104905119943,1,Su2023,3.6,NA,core,TRUE,
姿,0.499104905119943,1,Su2023,3.6,NA,core,TRUE,
慌,0.499104905119943,1,Su2023,3.6,NA,core,TRUE,
懸,0.499104905119943,1,Su2023,3.6,NA,core,TRUE,
批,0.499104905119943,1,Su2023,3.6,NA,core,TRUE,
拗,0.499104905119943,1,Su2023,3.6,NA,core,TRUE,
挾,0.499104905119943,1,Su2023,3.6,NA,core,TRUE,
掠,0.499104905119943,1,Su2023,3.6,NA,core,TRUE,
撻,0.499104905119943,1,Su2023,3.6,NA,core,TRUE,
擴,0.499104905119943,1,Su2023,3.6,NA,core,TRUE,
橄,0.499104905119943,1,Su2023,3.6,NA,core,TRUE,
涎,0.499104905119943,1,Su2023,3.6,NA,core,TRUE,
涯,0.499104905119943,1,Su2023,3.6,NA,core,TRUE,
添,0.499104905119943,1,Su2023,3.6,NA,core,TRUE,
測,0.499104905119943,1,Su2023,3.6,NA,core,TRUE,
澈,0.499104905119943,1,Su2023,3.6,NA,core,TRUE,
箕,0.499104905119943,1,Su2023,3.6,NA,core,TRUE,
胱,0.499104905119943,1,Su2023,3.6,NA,core,TRUE,
舫,0.499104905119943,1,Su2023,3.6,NA,core,TRUE,
茸,0.499104905119943,1,Su2023,3.6,NA,core,TRUE,
費,0.499104905119943,1,Su2023,3.6,NA,core,TRUE,
蹈,0.499104905119943,1,Su2023,3.6,NA,core,TRUE,
蹋,0.499104905119943,1,Su2023,3.6,NA,core,TRUE,
途,0.499104905119943,1,Su2023,3.6,NA,core,TRUE,
邊,0.499104905119943,1,Su2023,3.6,NA,core,TRUE,
鎂,0.499104905119943,1,Su2023,3.6,NA,core,TRUE,
侶,0.487826709631221,1,Su2023,3.55,NA,core,TRUE,
倚,0.487826709631221,1,Su2023,3.55,NA,core,TRUE,
友,0.487826709631221,1,Su2023,3.55,NA,core,TRUE,
嘮,0.487826709631221,1,Su2023,3.55,NA,core,TRUE,
垃,0.487826709631221,1,Su2023,3.55,NA,core,TRUE,
執,0.487826709631221,1,Su2023,3.55,NA,core,TRUE,
堤,0.487826709631221,1,Su2023,3.55,NA,core,TRUE,
愉,0.487826709631221,1,Su2023,3.55,NA,core,TRUE,
挨,0.487826709631221,1,Su2023,3.55,NA,core,TRUE,
旨,0.487826709631221,1,Su2023,3.55,NA,core,TRUE,
曝,0.487826709631221,1,Su2023,3.55,NA,core,TRUE,
案,0.487826709631221,1,Su2023,3.55,NA,core,TRUE,
漣,0.487826709631221,1,Su2023,3.55,NA,core,TRUE,
煽,0.487826709631221,1,Su2023,3.55,NA,core,TRUE,
癦,0.487826709631221,1,Su2023,3.55,NA,core,TRUE,
瞥,0.487826709631221,1,Su2023,3.55,NA,core,TRUE,
砥,0.487826709631221,1,Su2023,3.55,NA,core,TRUE,
箴,0.487826709631221,1,Su2023,3.55,NA,core,TRUE,
絞,0.487826709631221,1,Su2023,3.55,NA,core,TRUE,
編,0.487826709631221,1,Su2023,3.55,NA,core,TRUE,
練,0.487826709631221,1,Su2023,3.55,NA,core,TRUE,
肪,0.487826709631221,1,Su2023,3.55,NA,core,TRUE,
腺,0.487826709631221,1,Su2023,3.55,NA,core,TRUE,
萎,0.487826709631221,1,Su2023,3.55,NA,core,TRUE,
蛔,0.487826709631221,1,Su2023,3.55,NA,core,TRUE,
融,0.487826709631221,1,Su2023,3.55,NA,core,TRUE,
誇,0.487826709631221,1,Su2023,3.55,NA,core,TRUE,
鉢,0.487826709631221,1,Su2023,3.55,NA,core,TRUE,
障,0.487826709631221,1,Su2023,3.55,NA,core,TRUE,
颶,0.487826709631221,1,Su2023,3.55,NA,core,TRUE,
饞,0.487826709631221,1,Su2023,3.55,NA,core,TRUE,
鰲,0.487826709631221,1,Su2023,3.55,NA,core,TRUE,
仇,0.474758324382385,1,Su2023,3.5,NA,core,TRUE,
伴,0.474758324382385,1,Su2023,3.5,NA,core,TRUE,
傢,0.474758324382385,1,Su2023,3.5,NA,core,TRUE,
前,0.474758324382385,1,Su2023,3.5,NA,core,TRUE,
叮,0.474758324382385,1,Su2023,3.5,NA,core,TRUE,
吟,0.474758324382385,1,Su2023,3.5,NA,core,TRUE,
告,0.474758324382385,1,Su2023,3.5,NA,core,TRUE,
哮,0.474758324382385,1,Su2023,3.5,NA,core,TRUE,
哺,0.474758324382385,1,Su2023,3.5,NA,core,TRUE,
嗲,0.474758324382385,1,Su2023,3.5,NA,core,TRUE,
噩,0.474758324382385,1,Su2023,3.5,NA,core,TRUE,
嚷,0.474758324382385,1,Su2023,3.5,NA,core,TRUE,
宰,0.474758324382385,1,Su2023,3.5,NA,core,TRUE,
屹,0.474758324382385,1,Su2023,3.5,NA,core,TRUE,
嶇,0.474758324382385,1,Su2023,3.5,NA,core,TRUE,
怪,0.474758324382385,1,Su2023,3.5,NA,core,TRUE,
捂,0.474758324382385,1,Su2023,3.5,NA,core,TRUE,
捍,0.474758324382385,1,Su2023,3.5,NA,core,TRUE,
撓,0.474758324382385,1,Su2023,3.5,NA,core,TRUE,
族,0.474758324382385,1,Su2023,3.5,NA,core,TRUE,
棱,0.474758324382385,1,Su2023,3.5,NA,core,TRUE,
椎,0.474758324382385,1,Su2023,3.5,NA,core,TRUE,
殲,0.474758324382385,1,Su2023,3.5,NA,core,TRUE,
氮,0.474758324382385,1,Su2023,3.5,NA,core,TRUE,
湊,0.474758324382385,1,Su2023,3.5,NA,core,TRUE,
漠,0.474758324382385,1,Su2023,3.5,NA,core,TRUE,
盼,0.474758324382385,1,Su2023,3.5,NA,core,TRUE,
矢,0.474758324382385,1,Su2023,3.5,NA,core,TRUE,
矩,0.474758324382385,1,Su2023,3.5,NA,core,TRUE,
簧,0.474758324382385,1,Su2023,3.5,NA,core,TRUE,
紉,0.474758324382385,1,Su2023,3.5,NA,core,TRUE,
羣,0.474758324382385,1,Su2023,3.5,NA,core,TRUE,
色,0.474758324382385,1,Su2023,3.5,NA,core,TRUE,
菩,0.474758324382385,1,Su2023,3.5,NA,core,TRUE,
藝,0.474758324382385,1,Su2023,3.5,NA,core,TRUE,
誡,0.474758324382385,1,Su2023,3.5,NA,core,TRUE,
賤,0.474758324382385,1,Su2023,3.5,NA,core,TRUE,
跣,0.474758324382385,1,Su2023,3.5,NA,core,TRUE,
階,0.474758324382385,1,Su2023,3.5,NA,core,TRUE,
驛,0.474758324382385,1,Su2023,3.5,NA,core,TRUE,
鳩,0.474758324382385,1,Su2023,3.5,NA,core,TRUE,
偵,0.461152882205514,1,Su2023,3.45,NA,core,TRUE,
判,0.461152882205514,1,Su2023,3.45,NA,core,TRUE,
匹,0.461152882205514,1,Su2023,3.45,NA,core,TRUE,
吏,0.461152882205514,1,Su2023,3.45,NA,core,TRUE,
呻,0.461152882205514,1,Su2023,3.45,NA,core,TRUE,
喧,0.461152882205514,1,Su2023,3.45,NA,core,TRUE,
噸,0.461152882205514,1,Su2023,3.45,NA,core,TRUE,
契,0.461152882205514,1,Su2023,3.45,NA,core,TRUE,
季,0.461152882205514,1,Su2023,3.45,NA,core,TRUE,
幗,0.461152882205514,1,Su2023,3.45,NA,core,TRUE,
恤,0.461152882205514,1,Su2023,3.45,NA,core,TRUE,
憩,0.461152882205514,1,Su2023,3.45,NA,core,TRUE,
扮,0.461152882205514,1,Su2023,3.45,NA,core,TRUE,
拚,0.461152882205514,1,Su2023,3.45,NA,core,TRUE,
排,0.461152882205514,1,Su2023,3.45,NA,core,TRUE,
擂,0.461152882205514,1,Su2023,3.45,NA,core,TRUE,
晒,0.461152882205514,1,Su2023,3.45,NA,core,TRUE,
橡,0.461152882205514,1,Su2023,3.45,NA,core,TRUE,
檳,0.461152882205514,1,Su2023,3.45,NA,core,TRUE,
溜,0.461152882205514,1,Su2023,3.45,NA,core,TRUE,
瞅,0.461152882205514,1,Su2023,3.45,NA,core,TRUE,
翹,0.461152882205514,1,Su2023,3.45,NA,core,TRUE,
耗,0.461152882205514,1,Su2023,3.45,NA,core,TRUE,
襯,0.461152882205514,1,Su2023,3.45,NA,core,TRUE,
議,0.461152882205514,1,Su2023,3.45,NA,core,TRUE,
豎,0.461152882205514,1,Su2023,3.45,NA,core,TRUE,
贓,0.461152882205514,1,Su2023,3.45,NA,core,TRUE,
輯,0.461152882205514,1,Su2023,3.45,NA,core,TRUE,
郁,0.461152882205514,1,Su2023,3.45,NA,core,TRUE,
錮,0.461152882205514,1,Su2023,3.45,NA,core,TRUE,
鍛,0.461152882205514,1,Su2023,3.45,NA,core,TRUE,
雛,0.461152882205514,1,Su2023,3.45,NA,core,TRUE,
首,0.461152882205514,1,Su2023,3.45,NA,core,TRUE,
馴,0.461152882205514,1,Su2023,3.45,NA,core,TRUE,
鴦,0.461152882205514,1,Su2023,3.45,NA,core,TRUE,
佣,0.448263515932689,1,Su2023,3.4,NA,core,TRUE,
俘,0.448263515932689,1,Su2023,3.4,NA,core,TRUE,
冇,0.448263515932689,1,Su2023,3.4,NA,core,TRUE,
哽,0.448263515932689,1,Su2023,3.4,NA,core,TRUE,
嗆,0.448263515932689,1,Su2023,3.4,NA,core,TRUE,
噪,0.448263515932689,1,Su2023,3.4,NA,core,TRUE,
娼,0.448263515932689,1,Su2023,3.4,NA,core,TRUE,
嬉,0.448263515932689,1,Su2023,3.4,NA,core,TRUE,
宵,0.448263515932689,1,Su2023,3.4,NA,core,TRUE,
帑,0.448263515932689,1,Su2023,3.4,NA,core,TRUE,
幪,0.448263515932689,1,Su2023,3.4,NA,core,TRUE,
引,0.448263515932689,1,Su2023,3.4,NA,core,TRUE,
形,0.448263515932689,1,Su2023,3.4,NA,core,TRUE,
懺,0.448263515932689,1,Su2023,3.4,NA,core,TRUE,
扼,0.448263515932689,1,Su2023,3.4,NA,core,TRUE,
抑,0.448263515932689,1,Su2023,3.4,NA,core,TRUE,
掂,0.448263515932689,1,Su2023,3.4,NA,core,TRUE,
晃,0.448263515932689,1,Su2023,3.4,NA,core,TRUE,
曉,0.448263515932689,1,Su2023,3.4,NA,core,TRUE,
曠,0.448263515932689,1,Su2023,3.4,NA,core,TRUE,
氹,0.448263515932689,1,Su2023,3.4,NA,core,TRUE,
玫,0.448263515932689,1,Su2023,3.4,NA,core,TRUE,
瑰,0.448263515932689,1,Su2023,3.4,NA,core,TRUE,
畸,0.448263515932689,1,Su2023,3.4,NA,core,TRUE,
瘓,0.448263515932689,1,Su2023,3.4,NA,core,TRUE,
眩,0.448263515932689,1,Su2023,3.4,NA,core,TRUE,
禍,0.448263515932689,1,Su2023,3.4,NA,core,TRUE,
紳,0.448263515932689,1,Su2023,3.4,NA,core,TRUE,
薦,0.448263515932689,1,Su2023,3.4,NA,core,TRUE,
覽,0.448263515932689,1,Su2023,3.4,NA,core,TRUE,
詛,0.448263515932689,1,Su2023,3.4,NA,core,TRUE,
諫,0.448263515932689,1,Su2023,3.4,NA,core,TRUE,
週,0.448263515932689,1,Su2023,3.4,NA,core,TRUE,
酗,0.448263515932689,1,Su2023,3.4,NA,core,TRUE,
鎗,0.448263515932689,1,Su2023,3.4,NA,core,TRUE,
騷,0.448263515932689,1,Su2023,3.4,NA,core,TRUE,
魘,0.448263515932689,1,Su2023,3.4,NA,core,TRUE,
仨,0.435911206587898,1,Su2023,3.35,NA,core,TRUE,
伺,0.435911206587898,1,Su2023,3.35,NA,core,TRUE,
助,0.435911206587898,1,Su2023,3.35,NA,core,TRUE,
啪,0.435911206587898,1,Su2023,3.35,NA,core,TRUE,
噓,0.435911206587898,1,Su2023,3.35,NA,core,TRUE,
囑,0.435911206587898,1,Su2023,3.35,NA,core,TRUE,
嫉,0.435911206587898,1,Su2023,3.35,NA,core,TRUE,
孢,0.435911206587898,1,Su2023,3.35,NA,core,TRUE,
害,0.435911206587898,1,Su2023,3.35,NA,core,TRUE,
徽,0.435911206587898,1,Su2023,3.35,NA,core,TRUE,
愕,0.435911206587898,1,Su2023,3.35,NA,core,TRUE,
慾,0.435911206587898,1,Su2023,3.35,NA,core,TRUE,
憋,0.435911206587898,1,Su2023,3.35,NA,core,TRUE,
戮,0.435911206587898,1,Su2023,3.35,NA,core,TRUE,
挪,0.435911206587898,1,Su2023,3.35,NA,core,TRUE,
搗,0.435911206587898,1,Su2023,3.35,NA,core,TRUE,
撮,0.435911206587898,1,Su2023,3.35,NA,core,TRUE,
斟,0.435911206587898,1,Su2023,3.35,NA,core,TRUE,
旁,0.435911206587898,1,Su2023,3.35,NA,core,TRUE,
氓,0.435911206587898,1,Su2023,3.35,NA,core,TRUE,
氫,0.435911206587898,1,Su2023,3.35,NA,core,TRUE,
準,0.435911206587898,1,Su2023,3.35,NA,core,TRUE,
瀨,0.435911206587898,1,Su2023,3.35,NA,core,TRUE,
癮,0.435911206587898,1,Su2023,3.35,NA,core,TRUE,
矽,0.435911206587898,1,Su2023,3.35,NA,core,TRUE,
襖,0.435911206587898,1,Su2023,3.35,NA,core,TRUE,
蹟,0.435911206587898,1,Su2023,3.35,NA,core,TRUE,
遇,0.435911206587898,1,Su2023,3.35,NA,core,TRUE,
遵,0.435911206587898,1,Su2023,3.35,NA,core,TRUE,
鈉,0.435911206587898,1,Su2023,3.35,NA,core,TRUE,
饉,0.435911206587898,1,Su2023,3.35,NA,core,TRUE,
鯽,0.435911206587898,1,Su2023,3.35,NA,core,TRUE,
仗,0.424633011099177,1,Su2023,3.3,NA,core,TRUE,
冧,0.424633011099177,1,Su2023,3.3,NA,core,TRUE,
失,0.424633011099177,1,Su2023,3.3,NA,core,TRUE,
孱,0.424633011099177,1,Su2023,3.3,NA,core,TRUE,
尷,0.424633011099177,1,Su2023,3.3,NA,core,TRUE,
憂,0.424633011099177,1,Su2023,3.3,NA,core,TRUE,
抨,0.424633011099177,1,Su2023,3.3,NA,core,TRUE,
敬,0.424633011099177,1,Su2023,3.3,NA,core,TRUE,
栓,0.424633011099177,1,Su2023,3.3,NA,core,TRUE,
樟,0.424633011099177,1,Su2023,3.3,NA,core,TRUE,
毫,0.424633011099177,1,Su2023,3.3,NA,core,TRUE,
洶,0.424633011099177,1,Su2023,3.3,NA,core,TRUE,
爍,0.424633011099177,1,Su2023,3.3,NA,core,TRUE,
狙,0.424633011099177,1,Su2023,3.3,NA,core,TRUE,
珮,0.424633011099177,1,Su2023,3.3,NA,core,TRUE,
甦,0.424633011099177,1,Su2023,3.3,NA,core,TRUE,
痊,0.424633011099177,1,Su2023,3.3,NA,core,TRUE,
療,0.424633011099177,1,Su2023,3.3,NA,core,TRUE,
稀,0.424633011099177,1,Su2023,3.3,NA,core,TRUE,
竄,0.424633011099177,1,Su2023,3.3,NA,core,TRUE,
簸,0.424633011099177,1,Su2023,3.3,NA,core,TRUE,
緣,0.424633011099177,1,Su2023,3.3,NA,core,TRUE,
繽,0.424633011099177,1,Su2023,3.3,NA,core,TRUE,
蒼,0.424633011099177,1,Su2023,3.3,NA,core,TRUE,
薪,0.424633011099177,1,Su2023,3.3,NA,core,TRUE,
規,0.424633011099177,1,Su2023,3.3,NA,core,TRUE,
討,0.424633011099177,1,Su2023,3.3,NA,core,TRUE,
識,0.424633011099177,1,Su2023,3.3,NA,core,TRUE,
貶,0.424633011099177,1,Su2023,3.3,NA,core,TRUE,
逗,0.424633011099177,1,Su2023,3.3,NA,core,TRUE,
遁,0.424633011099177,1,Su2023,3.3,NA,core,TRUE,
乓,0.411743644826352,1,Su2023,3.25,NA,core,TRUE,
伙,0.411743644826352,1,Su2023,3.25,NA,core,TRUE,
吋,0.411743644826352,1,Su2023,3.25,NA,core,TRUE,
圃,0.411743644826352,1,Su2023,3.25,NA,core,TRUE,
壟,0.411743644826352,1,Su2023,3.25,NA,core,TRUE,
婿,0.411743644826352,1,Su2023,3.25,NA,core,TRUE,
嫦,0.411743644826352,1,Su2023,3.25,NA,core,TRUE,
寮,0.411743644826352,1,Su2023,3.25,NA,core,TRUE,
巍,0.411743644826352,1,Su2023,3.25,NA,core,TRUE,
帷,0.411743644826352,1,Su2023,3.25,NA,core,TRUE,
徙,0.411743644826352,1,Su2023,3.25,NA,core,TRUE,
悠,0.411743644826352,1,Su2023,3.25,NA,core,TRUE,
慈,0.411743644826352,1,Su2023,3.25,NA,core,TRUE,
慳,0.411743644826352,1,Su2023,3.25,NA,core,TRUE,
掙,0.411743644826352,1,Su2023,3.25,NA,core,TRUE,
攝,0.411743644826352,1,Su2023,3.25,NA,core,TRUE,
曦,0.411743644826352,1,Su2023,3.25,NA,core,TRUE,
欠,0.411743644826352,1,Su2023,3.25,NA,core,TRUE,
涸,0.411743644826352,1,Su2023,3.25,NA,core,TRUE,
渺,0.411743644826352,1,Su2023,3.25,NA,core,TRUE,
滔,0.411743644826352,1,Su2023,3.25,NA,core,TRUE,
澎,0.411743644826352,1,Su2023,3.25,NA,core,TRUE,
炷,0.411743644826352,1,Su2023,3.25,NA,core,TRUE,
版,0.411743644826352,1,Su2023,3.25,NA,core,TRUE,
異,0.411743644826352,1,Su2023,3.25,NA,core,TRUE,
瘁,0.411743644826352,1,Su2023,3.25,NA,core,TRUE,
癆,0.411743644826352,1,Su2023,3.25,NA,core,TRUE,
睪,0.411743644826352,1,Su2023,3.25,NA,core,TRUE,
礙,0.411743644826352,1,Su2023,3.25,NA,core,TRUE,
祈,0.411743644826352,1,Su2023,3.25,NA,core,TRUE,
翱,0.411743644826352,1,Su2023,3.25,NA,core,TRUE,
葦,0.411743644826352,1,Su2023,3.25,NA,core,TRUE,
蔓,0.411743644826352,1,Su2023,3.25,NA,core,TRUE,
負,0.411743644826352,1,Su2023,3.25,NA,core,TRUE,
蹺,0.411743644826352,1,Su2023,3.25,NA,core,TRUE,
躋,0.411743644826352,1,Su2023,3.25,NA,core,TRUE,
辭,0.411743644826352,1,Su2023,3.25,NA,core,TRUE,
遺,0.411743644826352,1,Su2023,3.25,NA,core,TRUE,
鋅,0.411743644826352,1,Su2023,3.25,NA,core,TRUE,
陶,0.411743644826352,1,Su2023,3.25,NA,core,TRUE,
騁,0.411743644826352,1,Su2023,3.25,NA,core,TRUE,
丈,0.396706050841389,1,Su2023,3.2,NA,extended,FALSE,
併,0.396706050841389,1,Su2023,3.2,NA,extended,FALSE,
俾,0.396706050841389,1,Su2023,3.2,NA,extended,FALSE,
匆,0.396706050841389,1,Su2023,3.2,NA,extended,FALSE,
咖,0.396706050841389,1,Su2023,3.2,NA,extended,FALSE,
响,0.396706050841389,1,Su2023,3.2,NA,extended,FALSE,
啖,0.396706050841389,1,Su2023,3.2,NA,extended,FALSE,
嘻,0.396706050841389,1,Su2023,3.2,NA,extended,FALSE,
墩,0.396706050841389,1,Su2023,3.2,NA,extended,FALSE,
奮,0.396706050841389,1,Su2023,3.2,NA,extended,FALSE,
姣,0.396706050841389,1,Su2023,3.2,NA,extended,FALSE,
廓,0.396706050841389,1,Su2023,3.2,NA,extended,FALSE,
恐,0.396706050841389,1,Su2023,3.2,NA,extended,FALSE,
悄,0.396706050841389,1,Su2023,3.2,NA,extended,FALSE,
戎,0.396706050841389,1,Su2023,3.2,NA,extended,FALSE,
撰,0.396706050841389,1,Su2023,3.2,NA,extended,FALSE,
朦,0.396706050841389,1,Su2023,3.2,NA,extended,FALSE,
枚,0.396706050841389,1,Su2023,3.2,NA,extended,FALSE,
溉,0.396706050841389,1,Su2023,3.2,NA,extended,FALSE,
濛,0.396706050841389,1,Su2023,3.2,NA,extended,FALSE,
炫,0.396706050841389,1,Su2023,3.2,NA,extended,FALSE,
獷,0.396706050841389,1,Su2023,3.2,NA,extended,FALSE,
疵,0.396706050841389,1,Su2023,3.2,NA,extended,FALSE,
瘉,0.396706050841389,1,Su2023,3.2,NA,extended,FALSE,
瘧,0.396706050841389,1,Su2023,3.2,NA,extended,FALSE,
皎,0.396706050841389,1,Su2023,3.2,NA,extended,FALSE,
瞬,0.396706050841389,1,Su2023,3.2,NA,extended,FALSE,
砰,0.396706050841389,1,Su2023,3.2,NA,extended,FALSE,
積,0.396706050841389,1,Su2023,3.2,NA,extended,FALSE,
穫,0.396706050841389,1,Su2023,3.2,NA,extended,FALSE,
縊,0.396706050841389,1,Su2023,3.2,NA,extended,FALSE,
翌,0.396706050841389,1,Su2023,3.2,NA,extended,FALSE,
蓬,0.396706050841389,1,Su2023,3.2,NA,extended,FALSE,
蕾,0.396706050841389,1,Su2023,3.2,NA,extended,FALSE,
裡,0.396706050841389,1,Su2023,3.2,NA,extended,FALSE,
譯,0.396706050841389,1,Su2023,3.2,NA,extended,FALSE,
變,0.396706050841389,1,Su2023,3.2,NA,extended,FALSE,
辨,0.396706050841389,1,Su2023,3.2,NA,extended,FALSE,
迷,0.396706050841389,1,Su2023,3.2,NA,extended,FALSE,
邁,0.396706050841389,1,Su2023,3.2,NA,extended,FALSE,
錦,0.396706050841389,1,Su2023,3.2,NA,extended,FALSE,
陋,0.396706050841389,1,Su2023,3.2,NA,extended,FALSE,
靂,0.396706050841389,1,Su2023,3.2,NA,extended,FALSE,
両,0.382563551736484,1,Su2023,3.15,NA,extended,FALSE,
估,0.382563551736484,1,Su2023,3.15,NA,extended,FALSE,
侍,0.382563551736484,1,Su2023,3.15,NA,extended,FALSE,
嘲,0.382563551736484,1,Su2023,3.15,NA,extended,FALSE,
孿,0.382563551736484,1,Su2023,3.15,NA,extended,FALSE,
幽,0.382563551736484,1,Su2023,3.15,NA,extended,FALSE,
弊,0.382563551736484,1,Su2023,3.15,NA,extended,FALSE,
情,0.382563551736484,1,Su2023,3.15,NA,extended,FALSE,
慰,0.382563551736484,1,Su2023,3.15,NA,extended,FALSE,
拈,0.382563551736484,1,Su2023,3.15,NA,extended,FALSE,
振,0.382563551736484,1,Su2023,3.15,NA,extended,FALSE,
撩,0.382563551736484,1,Su2023,3.15,NA,extended,FALSE,
晌,0.382563551736484,1,Su2023,3.15,NA,extended,FALSE,
暴,0.382563551736484,1,Su2023,3.15,NA,extended,FALSE,
株,0.382563551736484,1,Su2023,3.15,NA,extended,FALSE,
櫚,0.382563551736484,1,Su2023,3.15,NA,extended,FALSE,
歲,0.382563551736484,1,Su2023,3.15,NA,extended,FALSE,
氟,0.382563551736484,1,Su2023,3.15,NA,extended,FALSE,
沐,0.382563551736484,1,Su2023,3.15,NA,extended,FALSE,
泄,0.382563551736484,1,Su2023,3.15,NA,extended,FALSE,
泊,0.382563551736484,1,Su2023,3.15,NA,extended,FALSE,
涂,0.382563551736484,1,Su2023,3.15,NA,extended,FALSE,
涵,0.382563551736484,1,Su2023,3.15,NA,extended,FALSE,
燎,0.382563551736484,1,Su2023,3.15,NA,extended,FALSE,
燦,0.382563551736484,1,Su2023,3.15,NA,extended,FALSE,
狽,0.382563551736484,1,Su2023,3.15,NA,extended,FALSE,
癇,0.382563551736484,1,Su2023,3.15,NA,extended,FALSE,
碼,0.382563551736484,1,Su2023,3.15,NA,extended,FALSE,
突,0.382563551736484,1,Su2023,3.15,NA,extended,FALSE,
褒,0.382563551736484,1,Su2023,3.15,NA,extended,FALSE,
覦,0.382563551736484,1,Su2023,3.15,NA,extended,FALSE,
譏,0.382563551736484,1,Su2023,3.15,NA,extended,FALSE,
鉀,0.382563551736484,1,Su2023,3.15,NA,extended,FALSE,
閂,0.382563551736484,1,Su2023,3.15,NA,extended,FALSE,
鞠,0.382563551736484,1,Su2023,3.15,NA,extended,FALSE,
骯,0.382563551736484,1,Su2023,3.15,NA,extended,FALSE,
佩,0.370032223415682,1,Su2023,3.1,NA,extended,FALSE,
健,0.370032223415682,1,Su2023,3.1,NA,extended,FALSE,
僭,0.370032223415682,1,Su2023,3.1,NA,extended,FALSE,
募,0.370032223415682,1,Su2023,3.1,NA,extended,FALSE,
咱,0.370032223415682,1,Su2023,3.1,NA,extended,FALSE,
嗚,0.370032223415682,1,Su2023,3.1,NA,extended,FALSE,
壆,0.370032223415682,1,Su2023,3.1,NA,extended,FALSE,
宙,0.370032223415682,1,Su2023,3.1,NA,extended,FALSE,
寇,0.370032223415682,1,Su2023,3.1,NA,extended,FALSE,
尊,0.370032223415682,1,Su2023,3.1,NA,extended,FALSE,
役,0.370032223415682,1,Su2023,3.1,NA,extended,FALSE,
憶,0.370032223415682,1,Su2023,3.1,NA,extended,FALSE,
擘,0.370032223415682,1,Su2023,3.1,NA,extended,FALSE,
敘,0.370032223415682,1,Su2023,3.1,NA,extended,FALSE,
歷,0.370032223415682,1,Su2023,3.1,NA,extended,FALSE,
汐,0.370032223415682,1,Su2023,3.1,NA,extended,FALSE,
淒,0.370032223415682,1,Su2023,3.1,NA,extended,FALSE,
澗,0.370032223415682,1,Su2023,3.1,NA,extended,FALSE,
瀕,0.370032223415682,1,Su2023,3.1,NA,extended,FALSE,
犀,0.370032223415682,1,Su2023,3.1,NA,extended,FALSE,
疫,0.370032223415682,1,Su2023,3.1,NA,extended,FALSE,
硫,0.370032223415682,1,Su2023,3.1,NA,extended,FALSE,
磷,0.370032223415682,1,Su2023,3.1,NA,extended,FALSE,
稜,0.370032223415682,1,Su2023,3.1,NA,extended,FALSE,
舀,0.370032223415682,1,Su2023,3.1,NA,extended,FALSE,
託,0.370032223415682,1,Su2023,3.1,NA,extended,FALSE,
貸,0.370032223415682,1,Su2023,3.1,NA,extended,FALSE,
酶,0.370032223415682,1,Su2023,3.1,NA,extended,FALSE,
鍍,0.370032223415682,1,Su2023,3.1,NA,extended,FALSE,
鎊,0.370032223415682,1,Su2023,3.1,NA,extended,FALSE,
餘,0.370032223415682,1,Su2023,3.1,NA,extended,FALSE,
驕,0.370032223415682,1,Su2023,3.1,NA,extended,FALSE,
骹,0.370032223415682,1,Su2023,3.1,NA,extended,FALSE,
魅,0.370032223415682,1,Su2023,3.1,NA,extended,FALSE,
倔,0.358216970998926,1,Su2023,3.05,NA,extended,FALSE,
卅,0.358216970998926,1,Su2023,3.05,NA,extended,FALSE,
孝,0.358216970998926,1,Su2023,3.05,NA,extended,FALSE,
峻,0.358216970998926,1,Su2023,3.05,NA,extended,FALSE,
庶,0.358216970998926,1,Su2023,3.05,NA,extended,FALSE,
弄,0.358216970998926,1,Su2023,3.05,NA,extended,FALSE,
徊,0.358216970998926,1,Su2023,3.05,NA,extended,FALSE,
扳,0.358216970998926,1,Su2023,3.05,NA,extended,FALSE,
摻,0.358216970998926,1,Su2023,3.05,NA,extended,FALSE,
擅,0.358216970998926,1,Su2023,3.05,NA,extended,FALSE,
暉,0.358216970998926,1,Su2023,3.05,NA,extended,FALSE,
標,0.358216970998926,1,Su2023,3.05,NA,extended,FALSE,
止,0.358216970998926,1,Su2023,3.05,NA,extended,FALSE,
猝,0.358216970998926,1,Su2023,3.05,NA,extended,FALSE,
疚,0.358216970998926,1,Su2023,3.05,NA,extended,FALSE,
瘴,0.358216970998926,1,Su2023,3.05,NA,extended,FALSE,
祟,0.358216970998926,1,Su2023,3.05,NA,extended,FALSE,
科,0.358216970998926,1,Su2023,3.05,NA,extended,FALSE,
精,0.358216970998926,1,Su2023,3.05,NA,extended,FALSE,
級,0.358216970998926,1,Su2023,3.05,NA,extended,FALSE,
臼,0.358216970998926,1,Su2023,3.05,NA,extended,FALSE,
蓄,0.358216970998926,1,Su2023,3.05,NA,extended,FALSE,
藐,0.358216970998926,1,Su2023,3.05,NA,extended,FALSE,
術,0.358216970998926,1,Su2023,3.05,NA,extended,FALSE,
詐,0.358216970998926,1,Su2023,3.05,NA,extended,FALSE,
諷,0.358216970998926,1,Su2023,3.05,NA,extended,FALSE,
郡,0.358216970998926,1,Su2023,3.05,NA,extended,FALSE,
酌,0.358216970998926,1,Su2023,3.05,NA,extended,FALSE,
鈦,0.358216970998926,1,Su2023,3.05,NA,extended,FALSE,
銷,0.358216970998926,1,Su2023,3.05,NA,extended,FALSE,
陣,0.358216970998926,1,Su2023,3.05,NA,extended,FALSE,
馭,0.358216970998926,1,Su2023,3.05,NA,extended,FALSE,
乒,0.346580737558181,1,Su2023,3,NA,extended,FALSE,
僻,0.346580737558181,1,Su2023,3,NA,extended,FALSE,
古,0.346580737558181,1,Su2023,3,NA,extended,FALSE,
吓,0.346580737558181,1,Su2023,3,NA,extended,FALSE,
姻,0.346580737558181,1,Su2023,3,NA,extended,FALSE,
娩,0.346580737558181,1,Su2023,3,NA,extended,FALSE,
存,0.346580737558181,1,Su2023,3,NA,extended,FALSE,
悴,0.346580737558181,1,Su2023,3,NA,extended,FALSE,
惑,0.346580737558181,1,Su2023,3,NA,extended,FALSE,
惱,0.346580737558181,1,Su2023,3,NA,extended,FALSE,
揣,0.346580737558181,1,Su2023,3,NA,extended,FALSE,
攘,0.346580737558181,1,Su2023,3,NA,extended,FALSE,
朧,0.346580737558181,1,Su2023,3,NA,extended,FALSE,
氨,0.346580737558181,1,Su2023,3,NA,extended,FALSE,
激,0.346580737558181,1,Su2023,3,NA,extended,FALSE,
烊,0.346580737558181,1,Su2023,3,NA,extended,FALSE,
璨,0.346580737558181,1,Su2023,3,NA,extended,FALSE,
疑,0.346580737558181,1,Su2023,3,NA,extended,FALSE,
痞,0.346580737558181,1,Su2023,3,NA,extended,FALSE,
盎,0.346580737558181,1,Su2023,3,NA,extended,FALSE,
硝,0.346580737558181,1,Su2023,3,NA,extended,FALSE,
碉,0.346580737558181,1,Su2023,3,NA,extended,FALSE,
碌,0.346580737558181,1,Su2023,3,NA,extended,FALSE,
笙,0.346580737558181,1,Su2023,3,NA,extended,FALSE,
綾,0.346580737558181,1,Su2023,3,NA,extended,FALSE,
緘,0.346580737558181,1,Su2023,3,NA,extended,FALSE,
茁,0.346580737558181,1,Su2023,3,NA,extended,FALSE,
覓,0.346580737558181,1,Su2023,3,NA,extended,FALSE,
認,0.346580737558181,1,Su2023,3,NA,extended,FALSE,
譽,0.346580737558181,1,Su2023,3,NA,extended,FALSE,
賂,0.346580737558181,1,Su2023,3,NA,extended,FALSE,
餾,0.346580737558181,1,Su2023,3,NA,extended,FALSE,
騰,0.346580737558181,1,Su2023,3,NA,extended,FALSE,
佈,0.33172216254923,1,Su2023,2.95,NA,extended,FALSE,
偎,0.33172216254923,1,Su2023,2.95,NA,extended,FALSE,
初,0.33172216254923,1,Su2023,2.95,NA,extended,FALSE,
剋,0.33172216254923,1,Su2023,2.95,NA,extended,FALSE,
卉,0.33172216254923,1,Su2023,2.95,NA,extended,FALSE,
叭,0.33172216254923,1,Su2023,2.95,NA,extended,FALSE,
噹,0.33172216254923,1,Su2023,2.95,NA,extended,FALSE,
埠,0.33172216254923,1,Su2023,2.95,NA,extended,FALSE,
寃,0.33172216254923,1,Su2023,2.95,NA,extended,FALSE,
巖,0.33172216254923,1,Su2023,2.95,NA,extended,FALSE,
巧,0.33172216254923,1,Su2023,2.95,NA,extended,FALSE,
序,0.33172216254923,1,Su2023,2.95,NA,extended,FALSE,
弛,0.33172216254923,1,Su2023,2.95,NA,extended,FALSE,
怖,0.33172216254923,1,Su2023,2.95,NA,extended,FALSE,
恥,0.33172216254923,1,Su2023,2.95,NA,extended,FALSE,
憔,0.33172216254923,1,Su2023,2.95,NA,extended,FALSE,
揩,0.33172216254923,1,Su2023,2.95,NA,extended,FALSE,
揶,0.33172216254923,1,Su2023,2.95,NA,extended,FALSE,
摒,0.33172216254923,1,Su2023,2.95,NA,extended,FALSE,
撼,0.33172216254923,1,Su2023,2.95,NA,extended,FALSE,
攏,0.33172216254923,1,Su2023,2.95,NA,extended,FALSE,
敗,0.33172216254923,1,Su2023,2.95,NA,extended,FALSE,
料,0.33172216254923,1,Su2023,2.95,NA,extended,FALSE,
曳,0.33172216254923,1,Su2023,2.95,NA,extended,FALSE,
楣,0.33172216254923,1,Su2023,2.95,NA,extended,FALSE,
湍,0.33172216254923,1,Su2023,2.95,NA,extended,FALSE,
滌,0.33172216254923,1,Su2023,2.95,NA,extended,FALSE,
滯,0.33172216254923,1,Su2023,2.95,NA,extended,FALSE,
熾,0.33172216254923,1,Su2023,2.95,NA,extended,FALSE,
生,0.33172216254923,1,Su2023,2.95,NA,extended,FALSE,
町,0.33172216254923,1,Su2023,2.95,NA,extended,FALSE,
研,0.33172216254923,1,Su2023,2.95,NA,extended,FALSE,
私,0.33172216254923,1,Su2023,2.95,NA,extended,FALSE,
署,0.33172216254923,1,Su2023,2.95,NA,extended,FALSE,
聆,0.33172216254923,1,Su2023,2.95,NA,extended,FALSE,
舢,0.33172216254923,1,Su2023,2.95,NA,extended,FALSE,
苓,0.33172216254923,1,Su2023,2.95,NA,extended,FALSE,
茉,0.33172216254923,1,Su2023,2.95,NA,extended,FALSE,
諜,0.33172216254923,1,Su2023,2.95,NA,extended,FALSE,
豁,0.33172216254923,1,Su2023,2.95,NA,extended,FALSE,
賦,0.33172216254923,1,Su2023,2.95,NA,extended,FALSE,
趣,0.33172216254923,1,Su2023,2.95,NA,extended,FALSE,
跆,0.33172216254923,1,Su2023,2.95,NA,extended,FALSE,
踴,0.33172216254923,1,Su2023,2.95,NA,extended,FALSE,
輻,0.33172216254923,1,Su2023,2.95,NA,extended,FALSE,
辱,0.33172216254923,1,Su2023,2.95,NA,extended,FALSE,
逮,0.33172216254923,1,Su2023,2.95,NA,extended,FALSE,
遼,0.33172216254923,1,Su2023,2.95,NA,extended,FALSE,
鈾,0.33172216254923,1,Su2023,2.95,NA,extended,FALSE,
鏹,0.33172216254923,1,Su2023,2.95,NA,extended,FALSE,
伕,0.318474758324382,1,Su2023,2.9,NA,extended,FALSE,
型,0.318474758324382,1,Su2023,2.9,NA,extended,FALSE,
慫,0.318474758324382,1,Su2023,2.9,NA,extended,FALSE,
懦,0.318474758324382,1,Su2023,2.9,NA,extended,FALSE,
技,0.318474758324382,1,Su2023,2.9,NA,extended,FALSE,
溏,0.318474758324382,1,Su2023,2.9,NA,extended,FALSE,
熠,0.318474758324382,1,Su2023,2.9,NA,extended,FALSE,
眷,0.318474758324382,1,Su2023,2.9,NA,extended,FALSE,
矯,0.318474758324382,1,Su2023,2.9,NA,extended,FALSE,
簇,0.318474758324382,1,Su2023,2.9,NA,extended,FALSE,
縱,0.318474758324382,1,Su2023,2.9,NA,extended,FALSE,
聰,0.318474758324382,1,Su2023,2.9,NA,extended,FALSE,
脅,0.318474758324382,1,Su2023,2.9,NA,extended,FALSE,
藹,0.318474758324382,1,Su2023,2.9,NA,extended,FALSE,
褐,0.318474758324382,1,Su2023,2.9,NA,extended,FALSE,
註,0.318474758324382,1,Su2023,2.9,NA,extended,FALSE,
蹉,0.318474758324382,1,Su2023,2.9,NA,extended,FALSE,
輟,0.318474758324382,1,Su2023,2.9,NA,extended,FALSE,
釋,0.318474758324382,1,Su2023,2.9,NA,extended,FALSE,
閥,0.318474758324382,1,Su2023,2.9,NA,extended,FALSE,
靈,0.318474758324382,1,Su2023,2.9,NA,extended,FALSE,
驟,0.318474758324382,1,Su2023,2.9,NA,extended,FALSE,
魁,0.318474758324382,1,Su2023,2.9,NA,extended,FALSE,
齡,0.318474758324382,1,Su2023,2.9,NA,extended,FALSE,
匿,0.308807733619764,1,Su2023,2.85,NA,extended,FALSE,
厄,0.308807733619764,1,Su2023,2.85,NA,extended,FALSE,
嫌,0.308807733619764,1,Su2023,2.85,NA,extended,FALSE,
尬,0.308807733619764,1,Su2023,2.85,NA,extended,FALSE,
崛,0.308807733619764,1,Su2023,2.85,NA,extended,FALSE,
徵,0.308807733619764,1,Su2023,2.85,NA,extended,FALSE,
怯,0.308807733619764,1,Su2023,2.85,NA,extended,FALSE,
慄,0.308807733619764,1,Su2023,2.85,NA,extended,FALSE,
憫,0.308807733619764,1,Su2023,2.85,NA,extended,FALSE,
曇,0.308807733619764,1,Su2023,2.85,NA,extended,FALSE,
棲,0.308807733619764,1,Su2023,2.85,NA,extended,FALSE,
沱,0.308807733619764,1,Su2023,2.85,NA,extended,FALSE,
滄,0.308807733619764,1,Su2023,2.85,NA,extended,FALSE,
瀏,0.308807733619764,1,Su2023,2.85,NA,extended,FALSE,
磋,0.308807733619764,1,Su2023,2.85,NA,extended,FALSE,
糾,0.308807733619764,1,Su2023,2.85,NA,extended,FALSE,
縴,0.308807733619764,1,Su2023,2.85,NA,extended,FALSE,
舂,0.308807733619764,1,Su2023,2.85,NA,extended,FALSE,
茗,0.308807733619764,1,Su2023,2.85,NA,extended,FALSE,
裔,0.308807733619764,1,Su2023,2.85,NA,extended,FALSE,
謠,0.308807733619764,1,Su2023,2.85,NA,extended,FALSE,
贖,0.308807733619764,1,Su2023,2.85,NA,extended,FALSE,
踵,0.308807733619764,1,Su2023,2.85,NA,extended,FALSE,
蹭,0.308807733619764,1,Su2023,2.85,NA,extended,FALSE,
醮,0.308807733619764,1,Su2023,2.85,NA,extended,FALSE,
釁,0.308807733619764,1,Su2023,2.85,NA,extended,FALSE,
錕,0.308807733619764,1,Su2023,2.85,NA,extended,FALSE,
閨,0.308807733619764,1,Su2023,2.85,NA,extended,FALSE,
限,0.308807733619764,1,Su2023,2.85,NA,extended,FALSE,
陡,0.308807733619764,1,Su2023,2.85,NA,extended,FALSE,
份,0.296455424274973,1,Su2023,2.8,NA,extended,FALSE,
勿,0.296455424274973,1,Su2023,2.8,NA,extended,FALSE,
呃,0.296455424274973,1,Su2023,2.8,NA,extended,FALSE,
呱,0.296455424274973,1,Su2023,2.8,NA,extended,FALSE,
士,0.296455424274973,1,Su2023,2.8,NA,extended,FALSE,
奢,0.296455424274973,1,Su2023,2.8,NA,extended,FALSE,
寂,0.296455424274973,1,Su2023,2.8,NA,extended,FALSE,
御,0.296455424274973,1,Su2023,2.8,NA,extended,FALSE,
息,0.296455424274973,1,Su2023,2.8,NA,extended,FALSE,
惰,0.296455424274973,1,Su2023,2.8,NA,extended,FALSE,
惶,0.296455424274973,1,Su2023,2.8,NA,extended,FALSE,
意,0.296455424274973,1,Su2023,2.8,NA,extended,FALSE,
慚,0.296455424274973,1,Su2023,2.8,NA,extended,FALSE,
懾,0.296455424274973,1,Su2023,2.8,NA,extended,FALSE,
抉,0.296455424274973,1,Su2023,2.8,NA,extended,FALSE,
拙,0.296455424274973,1,Su2023,2.8,NA,extended,FALSE,
暢,0.296455424274973,1,Su2023,2.8,NA,extended,FALSE,
檢,0.296455424274973,1,Su2023,2.8,NA,extended,FALSE,
殤,0.296455424274973,1,Su2023,2.8,NA,extended,FALSE,
沮,0.296455424274973,1,Su2023,2.8,NA,extended,FALSE,
滘,0.296455424274973,1,Su2023,2.8,NA,extended,FALSE,
瀆,0.296455424274973,1,Su2023,2.8,NA,extended,FALSE,
瀝,0.296455424274973,1,Su2023,2.8,NA,extended,FALSE,
猥,0.296455424274973,1,Su2023,2.8,NA,extended,FALSE,
礫,0.296455424274973,1,Su2023,2.8,NA,extended,FALSE,
篙,0.296455424274973,1,Su2023,2.8,NA,extended,FALSE,
翩,0.296455424274973,1,Su2023,2.8,NA,extended,FALSE,
脯,0.296455424274973,1,Su2023,2.8,NA,extended,FALSE,
臃,0.296455424274973,1,Su2023,2.8,NA,extended,FALSE,
艋,0.296455424274973,1,Su2023,2.8,NA,extended,FALSE,
艱,0.296455424274973,1,Su2023,2.8,NA,extended,FALSE,
蠻,0.296455424274973,1,Su2023,2.8,NA,extended,FALSE,
表,0.296455424274973,1,Su2023,2.8,NA,extended,FALSE,
訣,0.296455424274973,1,Su2023,2.8,NA,extended,FALSE,
詢,0.296455424274973,1,Su2023,2.8,NA,extended,FALSE,
誹,0.296455424274973,1,Su2023,2.8,NA,extended,FALSE,
趟,0.296455424274973,1,Su2023,2.8,NA,extended,FALSE,
銜,0.296455424274973,1,Su2023,2.8,NA,extended,FALSE,
陝,0.296455424274973,1,Su2023,2.8,NA,extended,FALSE,
殖,0.289294665234515,1,Su2023,2.7895,NA,extended,FALSE,
互,0.282670963122091,1,Su2023,2.75,NA,extended,FALSE,
今,0.282670963122091,1,Su2023,2.75,NA,extended,FALSE,
係,0.282670963122091,1,Su2023,2.75,NA,extended,FALSE,
候,0.282670963122091,1,Su2023,2.75,NA,extended,FALSE,
址,0.282670963122091,1,Su2023,2.75,NA,extended,FALSE,
央,0.282670963122091,1,Su2023,2.75,NA,extended,FALSE,
奄,0.282670963122091,1,Su2023,2.75,NA,extended,FALSE,
孃,0.282670963122091,1,Su2023,2.75,NA,extended,FALSE,
孻,0.282670963122091,1,Su2023,2.75,NA,extended,FALSE,
彙,0.282670963122091,1,Su2023,2.75,NA,extended,FALSE,
悸,0.282670963122091,1,Su2023,2.75,NA,extended,FALSE,
悽,0.282670963122091,1,Su2023,2.75,NA,extended,FALSE,
懊,0.282670963122091,1,Su2023,2.75,NA,extended,FALSE,
摧,0.282670963122091,1,Su2023,2.75,NA,extended,FALSE,
梟,0.282670963122091,1,Su2023,2.75,NA,extended,FALSE,
槐,0.282670963122091,1,Su2023,2.75,NA,extended,FALSE,
毋,0.282670963122091,1,Su2023,2.75,NA,extended,FALSE,
氰,0.282670963122091,1,Su2023,2.75,NA,extended,FALSE,
汝,0.282670963122091,1,Su2023,2.75,NA,extended,FALSE,
沽,0.282670963122091,1,Su2023,2.75,NA,extended,FALSE,
涉,0.282670963122091,1,Su2023,2.75,NA,extended,FALSE,
理,0.282670963122091,1,Su2023,2.75,NA,extended,FALSE,
痢,0.282670963122091,1,Su2023,2.75,NA,extended,FALSE,
睽,0.282670963122091,1,Su2023,2.75,NA,extended,FALSE,
端,0.282670963122091,1,Su2023,2.75,NA,extended,FALSE,
羨,0.282670963122091,1,Su2023,2.75,NA,extended,FALSE,
虜,0.282670963122091,1,Su2023,2.75,NA,extended,FALSE,
訊,0.282670963122091,1,Su2023,2.75,NA,extended,FALSE,
詫,0.282670963122091,1,Su2023,2.75,NA,extended,FALSE,
豪,0.282670963122091,1,Su2023,2.75,NA,extended,FALSE,
輩,0.282670963122091,1,Su2023,2.75,NA,extended,FALSE,
鄙,0.282670963122091,1,Su2023,2.75,NA,extended,FALSE,
鉅,0.282670963122091,1,Su2023,2.75,NA,extended,FALSE,
鉑,0.282670963122091,1,Su2023,2.75,NA,extended,FALSE,
鋰,0.282670963122091,1,Su2023,2.75,NA,extended,FALSE,
預,0.282670963122091,1,Su2023,2.75,NA,extended,FALSE,
壤,0.276047261009667,1,Su2023,2.7368,NA,extended,FALSE,
佢,0.269781596849266,1,Su2023,2.7,NA,extended,FALSE,
俸,0.269781596849266,1,Su2023,2.7,NA,extended,FALSE,
償,0.269781596849266,1,Su2023,2.7,NA,extended,FALSE,
務,0.269781596849266,1,Su2023,2.7,NA,extended,FALSE,
卑,0.269781596849266,1,Su2023,2.7,NA,extended,FALSE,
協,0.269781596849266,1,Su2023,2.7,NA,extended,FALSE,
唆,0.269781596849266,1,Su2023,2.7,NA,extended,FALSE,
嘶,0.269781596849266,1,Su2023,2.7,NA,extended,FALSE,
循,0.269781596849266,1,Su2023,2.7,NA,extended,FALSE,
念,0.269781596849266,1,Su2023,2.7,NA,extended,FALSE,
暱,0.269781596849266,1,Su2023,2.7,NA,extended,FALSE,
栩,0.269781596849266,1,Su2023,2.7,NA,extended,FALSE,
決,0.269781596849266,1,Su2023,2.7,NA,extended,FALSE,
泌,0.269781596849266,1,Su2023,2.7,NA,extended,FALSE,
澇,0.269781596849266,1,Su2023,2.7,NA,extended,FALSE,
煞,0.269781596849266,1,Su2023,2.7,NA,extended,FALSE,
狀,0.269781596849266,1,Su2023,2.7,NA,extended,FALSE,
現,0.269781596849266,1,Su2023,2.7,NA,extended,FALSE,
瘍,0.269781596849266,1,Su2023,2.7,NA,extended,FALSE,
瞻,0.269781596849266,1,Su2023,2.7,NA,extended,FALSE,
罹,0.269781596849266,1,Su2023,2.7,NA,extended,FALSE,
耷,0.269781596849266,1,Su2023,2.7,NA,extended,FALSE,
芙,0.269781596849266,1,Su2023,2.7,NA,extended,FALSE,
菁,0.269781596849266,1,Su2023,2.7,NA,extended,FALSE,
蔚,0.269781596849266,1,Su2023,2.7,NA,extended,FALSE,
蔴,0.269781596849266,1,Su2023,2.7,NA,extended,FALSE,
覷,0.269781596849266,1,Su2023,2.7,NA,extended,FALSE,
資,0.269781596849266,1,Su2023,2.7,NA,extended,FALSE,
踐,0.269781596849266,1,Su2023,2.7,NA,extended,FALSE,
醇,0.269781596849266,1,Su2023,2.7,NA,extended,FALSE,
醣,0.269781596849266,1,Su2023,2.7,NA,extended,FALSE,
閑,0.269781596849266,1,Su2023,2.7,NA,extended,FALSE,
霆,0.269781596849266,1,Su2023,2.7,NA,extended,FALSE,
馨,0.269781596849266,1,Su2023,2.7,NA,extended,FALSE,
剎,0.263336913712854,1,Su2023,2.6842,NA,extended,FALSE,
愿,0.263336913712854,1,Su2023,2.6842,NA,extended,FALSE,
厘,0.257608306480487,1,Su2023,2.65,NA,extended,FALSE,
呷,0.257608306480487,1,Su2023,2.65,NA,extended,FALSE,
咨,0.257608306480487,1,Su2023,2.65,NA,extended,FALSE,
坳,0.257608306480487,1,Su2023,2.65,NA,extended,FALSE,
幻,0.257608306480487,1,Su2023,2.65,NA,extended,FALSE,
徬,0.257608306480487,1,Su2023,2.65,NA,extended,FALSE,
憾,0.257608306480487,1,Su2023,2.65,NA,extended,FALSE,
擬,0.257608306480487,1,Su2023,2.65,NA,extended,FALSE,
敍,0.257608306480487,1,Su2023,2.65,NA,extended,FALSE,
晏,0.257608306480487,1,Su2023,2.65,NA,extended,FALSE,
晰,0.257608306480487,1,Su2023,2.65,NA,extended,FALSE,
歹,0.257608306480487,1,Su2023,2.65,NA,extended,FALSE,
牡,0.257608306480487,1,Su2023,2.65,NA,extended,FALSE,
牲,0.257608306480487,1,Su2023,2.65,NA,extended,FALSE,
矚,0.257608306480487,1,Su2023,2.65,NA,extended,FALSE,
籍,0.257608306480487,1,Su2023,2.65,NA,extended,FALSE,
綻,0.257608306480487,1,Su2023,2.65,NA,extended,FALSE,
縷,0.257608306480487,1,Su2023,2.65,NA,extended,FALSE,
罄,0.257608306480487,1,Su2023,2.65,NA,extended,FALSE,
羈,0.257608306480487,1,Su2023,2.65,NA,extended,FALSE,
虧,0.257608306480487,1,Su2023,2.65,NA,extended,FALSE,
褻,0.257608306480487,1,Su2023,2.65,NA,extended,FALSE,
訃,0.257608306480487,1,Su2023,2.65,NA,extended,FALSE,
誣,0.257608306480487,1,Su2023,2.65,NA,extended,FALSE,
諮,0.257608306480487,1,Su2023,2.65,NA,extended,FALSE,
譴,0.257608306480487,1,Su2023,2.65,NA,extended,FALSE,
辰,0.257608306480487,1,Su2023,2.65,NA,extended,FALSE,
鍥,0.257608306480487,1,Su2023,2.65,NA,extended,FALSE,
頻,0.257608306480487,1,Su2023,2.65,NA,extended,FALSE,
鰂,0.257608306480487,1,Su2023,2.65,NA,extended,FALSE,
惕,0.251521661296097,1,Su2023,2.6316,NA,extended,FALSE,
狡,0.251521661296097,1,Su2023,2.6316,NA,extended,FALSE,
邂,0.251521661296097,1,Su2023,2.6316,NA,extended,FALSE,
霹,0.251521661296097,1,Su2023,2.6316,NA,extended,FALSE,
例,0.245435016111708,1,Su2023,2.6,NA,extended,FALSE,
僑,0.245435016111708,1,Su2023,2.6,NA,extended,FALSE,
勘,0.245435016111708,1,Su2023,2.6,NA,extended,FALSE,
卿,0.245435016111708,1,Su2023,2.6,NA,extended,FALSE,
唉,0.245435016111708,1,Su2023,2.6,NA,extended,FALSE,
嘟,0.245435016111708,1,Su2023,2.6,NA,extended,FALSE,
坍,0.245435016111708,1,Su2023,2.6,NA,extended,FALSE,
媾,0.245435016111708,1,Su2023,2.6,NA,extended,FALSE,
忱,0.245435016111708,1,Su2023,2.6,NA,extended,FALSE,
恭,0.245435016111708,1,Su2023,2.6,NA,extended,FALSE,
恿,0.245435016111708,1,Su2023,2.6,NA,extended,FALSE,
悵,0.245435016111708,1,Su2023,2.6,NA,extended,FALSE,
捩,0.245435016111708,1,Su2023,2.6,NA,extended,FALSE,
摯,0.245435016111708,1,Su2023,2.6,NA,extended,FALSE,
擇,0.245435016111708,1,Su2023,2.6,NA,extended,FALSE,
暄,0.245435016111708,1,Su2023,2.6,NA,extended,FALSE,
梢,0.245435016111708,1,Su2023,2.6,NA,extended,FALSE,
梭,0.245435016111708,1,Su2023,2.6,NA,extended,FALSE,
款,0.245435016111708,1,Su2023,2.6,NA,extended,FALSE,
瀚,0.245435016111708,1,Su2023,2.6,NA,extended,FALSE,
瀟,0.245435016111708,1,Su2023,2.6,NA,extended,FALSE,
皚,0.245435016111708,1,Su2023,2.6,NA,extended,FALSE,
穢,0.245435016111708,1,Su2023,2.6,NA,extended,FALSE,
糟,0.245435016111708,1,Su2023,2.6,NA,extended,FALSE,
耐,0.245435016111708,1,Su2023,2.6,NA,extended,FALSE,
茫,0.245435016111708,1,Su2023,2.6,NA,extended,FALSE,
蒐,0.245435016111708,1,Su2023,2.6,NA,extended,FALSE,
諺,0.245435016111708,1,Su2023,2.6,NA,extended,FALSE,
霎,0.245435016111708,1,Su2023,2.6,NA,extended,FALSE,
頑,0.245435016111708,1,Su2023,2.6,NA,extended,FALSE,
嚮,0.239348370927318,1,Su2023,2.5789,NA,extended,FALSE,
幹,0.239348370927318,1,Su2023,2.5789,NA,extended,FALSE,
焱,0.239348370927318,1,Su2023,2.5789,NA,extended,FALSE,
痠,0.239348370927318,1,Su2023,2.5789,NA,extended,FALSE,
喋,0.234872896527032,1,Su2023,2.55,NA,extended,FALSE,
嬋,0.234872896527032,1,Su2023,2.55,NA,extended,FALSE,
徒,0.234872896527032,1,Su2023,2.55,NA,extended,FALSE,
悚,0.234872896527032,1,Su2023,2.55,NA,extended,FALSE,
惜,0.234872896527032,1,Su2023,2.55,NA,extended,FALSE,
態,0.234872896527032,1,Su2023,2.55,NA,extended,FALSE,
慮,0.234872896527032,1,Su2023,2.55,NA,extended,FALSE,
拮,0.234872896527032,1,Su2023,2.55,NA,extended,FALSE,
構,0.234872896527032,1,Su2023,2.55,NA,extended,FALSE,
氯,0.234872896527032,1,Su2023,2.55,NA,extended,FALSE,
犧,0.234872896527032,1,Su2023,2.55,NA,extended,FALSE,
矜,0.234872896527032,1,Su2023,2.55,NA,extended,FALSE,
籟,0.234872896527032,1,Su2023,2.55,NA,extended,FALSE,
綴,0.234872896527032,1,Su2023,2.55,NA,extended,FALSE,
胺,0.234872896527032,1,Su2023,2.55,NA,extended,FALSE,
蔑,0.234872896527032,1,Su2023,2.55,NA,extended,FALSE,
褫,0.234872896527032,1,Su2023,2.55,NA,extended,FALSE,
諧,0.234872896527032,1,Su2023,2.55,NA,extended,FALSE,
謬,0.234872896527032,1,Su2023,2.55,NA,extended,FALSE,
闡,0.234872896527032,1,Su2023,2.55,NA,extended,FALSE,
饒,0.234872896527032,1,Su2023,2.55,NA,extended,FALSE,
滂,0.230755460078768,1,Su2023,2.5263,NA,extended,FALSE,
餉,0.230755460078768,1,Su2023,2.5263,NA,extended,FALSE,
事,0.225384890798425,1,Su2023,2.5,NA,extended,FALSE,
俗,0.225384890798425,1,Su2023,2.5,NA,extended,FALSE,
值,0.225384890798425,1,Su2023,2.5,NA,extended,FALSE,
兢,0.225384890798425,1,Su2023,2.5,NA,extended,FALSE,
勛,0.225384890798425,1,Su2023,2.5,NA,extended,FALSE,
勢,0.225384890798425,1,Su2023,2.5,NA,extended,FALSE,
夭,0.225384890798425,1,Su2023,2.5,NA,extended,FALSE,
奀,0.225384890798425,1,Su2023,2.5,NA,extended,FALSE,
屢,0.225384890798425,1,Su2023,2.5,NA,extended,FALSE,
幔,0.225384890798425,1,Su2023,2.5,NA,extended,FALSE,
式,0.225384890798425,1,Su2023,2.5,NA,extended,FALSE,
弔,0.225384890798425,1,Su2023,2.5,NA,extended,FALSE,
徨,0.225384890798425,1,Su2023,2.5,NA,extended,FALSE,
忿,0.225384890798425,1,Su2023,2.5,NA,extended,FALSE,
惺,0.225384890798425,1,Su2023,2.5,NA,extended,FALSE,
惻,0.225384890798425,1,Su2023,2.5,NA,extended,FALSE,
戾,0.225384890798425,1,Su2023,2.5,NA,extended,FALSE,
曰,0.225384890798425,1,Su2023,2.5,NA,extended,FALSE,
楔,0.225384890798425,1,Su2023,2.5,NA,extended,FALSE,
歧,0.225384890798425,1,Su2023,2.5,NA,extended,FALSE,
氾,0.225384890798425,1,Su2023,2.5,NA,extended,FALSE,
注,0.225384890798425,1,Su2023,2.5,NA,extended,FALSE,
瞭,0.225384890798425,1,Su2023,2.5,NA,extended,FALSE,
範,0.225384890798425,1,Su2023,2.5,NA,extended,FALSE,
紓,0.225384890798425,1,Su2023,2.5,NA,extended,FALSE,
絢,0.225384890798425,1,Su2023,2.5,NA,extended,FALSE,
茹,0.225384890798425,1,Su2023,2.5,NA,extended,FALSE,
魄,0.225384890798425,1,Su2023,2.5,NA,extended,FALSE,
庇,0.219835302542069,1,Su2023,2.4737,NA,extended,FALSE,
斂,0.219835302542069,1,Su2023,2.4737,NA,extended,FALSE,
瀾,0.219835302542069,1,Su2023,2.4737,NA,extended,FALSE,
世,0.21500179018976,1,Su2023,2.45,NA,extended,FALSE,
伍,0.21500179018976,1,Su2023,2.45,NA,extended,FALSE,
侮,0.21500179018976,1,Su2023,2.45,NA,extended,FALSE,
儆,0.21500179018976,1,Su2023,2.45,NA,extended,FALSE,
叙,0.21500179018976,1,Su2023,2.45,NA,extended,FALSE,
吶,0.21500179018976,1,Su2023,2.45,NA,extended,FALSE,
咪,0.21500179018976,1,Su2023,2.45,NA,extended,FALSE,
嘭,0.21500179018976,1,Su2023,2.45,NA,extended,FALSE,
囂,0.21500179018976,1,Su2023,2.45,NA,extended,FALSE,
埗,0.21500179018976,1,Su2023,2.45,NA,extended,FALSE,
娥,0.21500179018976,1,Su2023,2.45,NA,extended,FALSE,
效,0.21500179018976,1,Su2023,2.45,NA,extended,FALSE,
渤,0.21500179018976,1,Su2023,2.45,NA,extended,FALSE,
猖,0.21500179018976,1,Su2023,2.45,NA,extended,FALSE,
痍,0.21500179018976,1,Su2023,2.45,NA,extended,FALSE,
碩,0.21500179018976,1,Su2023,2.45,NA,extended,FALSE,
確,0.21500179018976,1,Su2023,2.45,NA,extended,FALSE,
禧,0.21500179018976,1,Su2023,2.45,NA,extended,FALSE,
詆,0.21500179018976,1,Su2023,2.45,NA,extended,FALSE,
跋,0.21500179018976,1,Su2023,2.45,NA,extended,FALSE,
躇,0.21500179018976,1,Su2023,2.45,NA,extended,FALSE,
轍,0.21500179018976,1,Su2023,2.45,NA,extended,FALSE,
餽,0.21500179018976,1,Su2023,2.45,NA,extended,FALSE,
饋,0.21500179018976,1,Su2023,2.45,NA,extended,FALSE,
僚,0.209810239885428,1,Su2023,2.4211,NA,extended,FALSE,
兌,0.209810239885428,1,Su2023,2.4211,NA,extended,FALSE,
冥,0.209810239885428,1,Su2023,2.4211,NA,extended,FALSE,
彪,0.209810239885428,1,Su2023,2.4211,NA,extended,FALSE,
訟,0.209810239885428,1,Su2023,2.4211,NA,extended,FALSE,
亢,0.205513784461153,1,Su2023,2.4,NA,extended,FALSE,
俱,0.205513784461153,1,Su2023,2.4,NA,extended,FALSE,
勵,0.205513784461153,1,Su2023,2.4,NA,extended,FALSE,
妄,0.205513784461153,1,Su2023,2.4,NA,extended,FALSE,
孭,0.205513784461153,1,Su2023,2.4,NA,extended,FALSE,
彰,0.205513784461153,1,Su2023,2.4,NA,extended,FALSE,
斡,0.205513784461153,1,Su2023,2.4,NA,extended,FALSE,
晦,0.205513784461153,1,Su2023,2.4,NA,extended,FALSE,
淌,0.205513784461153,1,Su2023,2.4,NA,extended,FALSE,
瓏,0.205513784461153,1,Su2023,2.4,NA,extended,FALSE,
硤,0.205513784461153,1,Su2023,2.4,NA,extended,FALSE,
紛,0.205513784461153,1,Su2023,2.4,NA,extended,FALSE,
締,0.205513784461153,1,Su2023,2.4,NA,extended,FALSE,
衊,0.205513784461153,1,Su2023,2.4,NA,extended,FALSE,
衞,0.205513784461153,1,Su2023,2.4,NA,extended,FALSE,
贅,0.205513784461153,1,Su2023,2.4,NA,extended,FALSE,
際,0.205513784461153,1,Su2023,2.4,NA,extended,FALSE,
隸,0.205513784461153,1,Su2023,2.4,NA,extended,FALSE,
類,0.205513784461153,1,Su2023,2.4,NA,extended,FALSE,
丞,0.200143215180809,1,Su2023,2.3684,NA,extended,FALSE,
儉,0.200143215180809,1,Su2023,2.3684,NA,extended,FALSE,
嗜,0.200143215180809,1,Su2023,2.3684,NA,extended,FALSE,
察,0.200143215180809,1,Su2023,2.3684,NA,extended,FALSE,
昔,0.200143215180809,1,Su2023,2.3684,NA,extended,FALSE,
棠,0.200143215180809,1,Su2023,2.3684,NA,extended,FALSE,
瀰,0.200143215180809,1,Su2023,2.3684,NA,extended,FALSE,
竅,0.200143215180809,1,Su2023,2.3684,NA,extended,FALSE,
誅,0.200143215180809,1,Su2023,2.3684,NA,extended,FALSE,
贍,0.200143215180809,1,Su2023,2.3684,NA,extended,FALSE,
陌,0.200143215180809,1,Su2023,2.3684,NA,extended,FALSE,
匝,0.194593626924454,1,Su2023,2.35,NA,extended,FALSE,
呵,0.194593626924454,1,Su2023,2.35,NA,extended,FALSE,
妊,0.194593626924454,1,Su2023,2.35,NA,extended,FALSE,
媛,0.194593626924454,1,Su2023,2.35,NA,extended,FALSE,
寞,0.194593626924454,1,Su2023,2.35,NA,extended,FALSE,
幡,0.194593626924454,1,Su2023,2.35,NA,extended,FALSE,
徘,0.194593626924454,1,Su2023,2.35,NA,extended,FALSE,
恕,0.194593626924454,1,Su2023,2.35,NA,extended,FALSE,
捺,0.194593626924454,1,Su2023,2.35,NA,extended,FALSE,
渲,0.194593626924454,1,Su2023,2.35,NA,extended,FALSE,
磊,0.194593626924454,1,Su2023,2.35,NA,extended,FALSE,
竭,0.194593626924454,1,Su2023,2.35,NA,extended,FALSE,
紐,0.194593626924454,1,Su2023,2.35,NA,extended,FALSE,
苯,0.194593626924454,1,Su2023,2.35,NA,extended,FALSE,
虔,0.194593626924454,1,Su2023,2.35,NA,extended,FALSE,
裘,0.194593626924454,1,Su2023,2.35,NA,extended,FALSE,
躊,0.194593626924454,1,Su2023,2.35,NA,extended,FALSE,
邢,0.194593626924454,1,Su2023,2.35,NA,extended,FALSE,
餒,0.194593626924454,1,Su2023,2.35,NA,extended,FALSE,
髹,0.194593626924454,1,Su2023,2.35,NA,extended,FALSE,
佯,0.189581095596133,1,Su2023,2.3158,NA,extended,FALSE,
懇,0.189581095596133,1,Su2023,2.3158,NA,extended,FALSE,
次,0.189581095596133,1,Su2023,2.3158,NA,extended,FALSE,
永,0.189581095596133,1,Su2023,2.3158,NA,extended,FALSE,
漉,0.189581095596133,1,Su2023,2.3158,NA,extended,FALSE,
終,0.189581095596133,1,Su2023,2.3158,NA,extended,FALSE,
訕,0.189581095596133,1,Su2023,2.3158,NA,extended,FALSE,
詭,0.189581095596133,1,Su2023,2.3158,NA,extended,FALSE,
仝,0.183673469387755,1,Su2023,2.3,NA,extended,FALSE,
倖,0.183673469387755,1,Su2023,2.3,NA,extended,FALSE,
倩,0.183673469387755,1,Su2023,2.3,NA,extended,FALSE,
啱,0.183673469387755,1,Su2023,2.3,NA,extended,FALSE,
委,0.183673469387755,1,Su2023,2.3,NA,extended,FALSE,
惆,0.183673469387755,1,Su2023,2.3,NA,extended,FALSE,
惚,0.183673469387755,1,Su2023,2.3,NA,extended,FALSE,
戚,0.183673469387755,1,Su2023,2.3,NA,extended,FALSE,
抒,0.183673469387755,1,Su2023,2.3,NA,extended,FALSE,
敝,0.183673469387755,1,Su2023,2.3,NA,extended,FALSE,
枉,0.183673469387755,1,Su2023,2.3,NA,extended,FALSE,
柙,0.183673469387755,1,Su2023,2.3,NA,extended,FALSE,
栢,0.183673469387755,1,Su2023,2.3,NA,extended,FALSE,
梗,0.183673469387755,1,Su2023,2.3,NA,extended,FALSE,
洱,0.183673469387755,1,Su2023,2.3,NA,extended,FALSE,
淆,0.183673469387755,1,Su2023,2.3,NA,extended,FALSE,
烷,0.183673469387755,1,Su2023,2.3,NA,extended,FALSE,
煇,0.183673469387755,1,Su2023,2.3,NA,extended,FALSE,
瑯,0.183673469387755,1,Su2023,2.3,NA,extended,FALSE,
畿,0.183673469387755,1,Su2023,2.3,NA,extended,FALSE,
紀,0.183673469387755,1,Su2023,2.3,NA,extended,FALSE,
續,0.183673469387755,1,Su2023,2.3,NA,extended,FALSE,
肆,0.183673469387755,1,Su2023,2.3,NA,extended,FALSE,
靄,0.183673469387755,1,Su2023,2.3,NA,extended,FALSE,
齣,0.183673469387755,1,Su2023,2.3,NA,extended,FALSE,
仕,0.177407805227354,1,Su2023,2.2632,NA,extended,FALSE,
咄,0.177407805227354,1,Su2023,2.2632,NA,extended,FALSE,
幅,0.177407805227354,1,Su2023,2.2632,NA,extended,FALSE,
笈,0.177407805227354,1,Su2023,2.2632,NA,extended,FALSE,
糜,0.177407805227354,1,Su2023,2.2632,NA,extended,FALSE,
翎,0.177407805227354,1,Su2023,2.2632,NA,extended,FALSE,
覬,0.177407805227354,1,Su2023,2.2632,NA,extended,FALSE,
酮,0.177407805227354,1,Su2023,2.2632,NA,extended,FALSE,
驃,0.177407805227354,1,Su2023,2.2632,NA,extended,FALSE,
麾,0.177407805227354,1,Su2023,2.2632,NA,extended,FALSE,
侃,0.17203723594701,1,Su2023,2.25,NA,extended,FALSE,
倍,0.17203723594701,1,Su2023,2.25,NA,extended,FALSE,
咚,0.17203723594701,1,Su2023,2.25,NA,extended,FALSE,
嗇,0.17203723594701,1,Su2023,2.25,NA,extended,FALSE,
噗,0.17203723594701,1,Su2023,2.25,NA,extended,FALSE,
屆,0.17203723594701,1,Su2023,2.25,NA,extended,FALSE,
恃,0.17203723594701,1,Su2023,2.25,NA,extended,FALSE,
惘,0.17203723594701,1,Su2023,2.25,NA,extended,FALSE,
愜,0.17203723594701,1,Su2023,2.25,NA,extended,FALSE,
慷,0.17203723594701,1,Su2023,2.25,NA,extended,FALSE,
憧,0.17203723594701,1,Su2023,2.25,NA,extended,FALSE,
杳,0.17203723594701,1,Su2023,2.25,NA,extended,FALSE,
玷,0.17203723594701,1,Su2023,2.25,NA,extended,FALSE,
稟,0.17203723594701,1,Su2023,2.25,NA,extended,FALSE,
竣,0.17203723594701,1,Su2023,2.25,NA,extended,FALSE,
緯,0.17203723594701,1,Su2023,2.25,NA,extended,FALSE,
蘊,0.17203723594701,1,Su2023,2.25,NA,extended,FALSE,
諦,0.17203723594701,1,Su2023,2.25,NA,extended,FALSE,
鋌,0.17203723594701,1,Su2023,2.25,NA,extended,FALSE,
鐧,0.17203723594701,1,Su2023,2.25,NA,extended,FALSE,
冗,0.166666666666667,1,Su2023,2.2105,NA,extended,FALSE,
嵩,0.166666666666667,1,Su2023,2.2105,NA,extended,FALSE,
掬,0.166666666666667,1,Su2023,2.2105,NA,extended,FALSE,
淑,0.166666666666667,1,Su2023,2.2105,NA,extended,FALSE,
癥,0.166666666666667,1,Su2023,2.2105,NA,extended,FALSE,
秩,0.166666666666667,1,Su2023,2.2105,NA,extended,FALSE,
絡,0.166666666666667,1,Su2023,2.2105,NA,extended,FALSE,
綵,0.166666666666667,1,Su2023,2.2105,NA,extended,FALSE,
躪,0.166666666666667,1,Su2023,2.2105,NA,extended,FALSE,
鏗,0.166666666666667,1,Su2023,2.2105,NA,extended,FALSE,
凄,0.162728249194415,1,Su2023,2.2,NA,extended,FALSE,
岐,0.162728249194415,1,Su2023,2.2,NA,extended,FALSE,
嶄,0.162728249194415,1,Su2023,2.2,NA,extended,FALSE,
慣,0.162728249194415,1,Su2023,2.2,NA,extended,FALSE,
旬,0.162728249194415,1,Su2023,2.2,NA,extended,FALSE,
沛,0.162728249194415,1,Su2023,2.2,NA,extended,FALSE,
獗,0.162728249194415,1,Su2023,2.2,NA,extended,FALSE,
絀,0.162728249194415,1,Su2023,2.2,NA,extended,FALSE,
膺,0.162728249194415,1,Su2023,2.2,NA,extended,FALSE,
鉸,0.162728249194415,1,Su2023,2.2,NA,extended,FALSE,
鎬,0.162728249194415,1,Su2023,2.2,NA,extended,FALSE,
險,0.162728249194415,1,Su2023,2.2,NA,extended,FALSE,
代,0.158610812746151,1,Su2023,2.1579,NA,extended,FALSE,
偕,0.158610812746151,1,Su2023,2.1579,NA,extended,FALSE,
啓,0.158610812746151,1,Su2023,2.1579,NA,extended,FALSE,
噱,0.158610812746151,1,Su2023,2.1579,NA,extended,FALSE,
墾,0.158610812746151,1,Su2023,2.1579,NA,extended,FALSE,
幀,0.158610812746151,1,Su2023,2.1579,NA,extended,FALSE,
析,0.158610812746151,1,Su2023,2.1579,NA,extended,FALSE,
絮,0.158610812746151,1,Su2023,2.1579,NA,extended,FALSE,
膾,0.158610812746151,1,Su2023,2.1579,NA,extended,FALSE,
誼,0.158610812746151,1,Su2023,2.1579,NA,extended,FALSE,
酣,0.158610812746151,1,Su2023,2.1579,NA,extended,FALSE,
壎,0.154493376297888,1,Su2023,2.15,NA,extended,FALSE,
奈,0.154493376297888,1,Su2023,2.15,NA,extended,FALSE,
寥,0.154493376297888,1,Su2023,2.15,NA,extended,FALSE,
忑,0.154493376297888,1,Su2023,2.15,NA,extended,FALSE,
恍,0.154493376297888,1,Su2023,2.15,NA,extended,FALSE,
梧,0.154493376297888,1,Su2023,2.15,NA,extended,FALSE,
珏,0.154493376297888,1,Su2023,2.15,NA,extended,FALSE,
笞,0.154493376297888,1,Su2023,2.15,NA,extended,FALSE,
纓,0.154493376297888,1,Su2023,2.15,NA,extended,FALSE,
訌,0.154493376297888,1,Su2023,2.15,NA,extended,FALSE,
譁,0.154493376297888,1,Su2023,2.15,NA,extended,FALSE,
逍,0.154493376297888,1,Su2023,2.15,NA,extended,FALSE,
曖,0.152166129609739,1,Su2023,2.1111,NA,extended,FALSE,
兆,0.148227712137487,1,Su2023,2.1053,NA,extended,FALSE,
冶,0.148227712137487,1,Su2023,2.1053,NA,extended,FALSE,
妥,0.148227712137487,1,Su2023,2.1053,NA,extended,FALSE,
媒,0.148227712137487,1,Su2023,2.1053,NA,extended,FALSE,
廝,0.148227712137487,1,Su2023,2.1053,NA,extended,FALSE,
忐,0.148227712137487,1,Su2023,2.1053,NA,extended,FALSE,
恙,0.148227712137487,1,Su2023,2.1053,NA,extended,FALSE,
慧,0.148227712137487,1,Su2023,2.1053,NA,extended,FALSE,
擢,0.148227712137487,1,Su2023,2.1053,NA,extended,FALSE,
汲,0.148227712137487,1,Su2023,2.1053,NA,extended,FALSE,
璀,0.148227712137487,1,Su2023,2.1053,NA,extended,FALSE,
示,0.148227712137487,1,Su2023,2.1053,NA,extended,FALSE,
筲,0.148227712137487,1,Su2023,2.1053,NA,extended,FALSE,
繕,0.148227712137487,1,Su2023,2.1053,NA,extended,FALSE,
詠,0.148227712137487,1,Su2023,2.1053,NA,extended,FALSE,
詼,0.148227712137487,1,Su2023,2.1053,NA,extended,FALSE,
賃,0.148227712137487,1,Su2023,2.1053,NA,extended,FALSE,
邏,0.148227712137487,1,Su2023,2.1053,NA,extended,FALSE,
駟,0.148227712137487,1,Su2023,2.1053,NA,extended,FALSE,
駭,0.148227712137487,1,Su2023,2.1053,NA,extended,FALSE,
髦,0.148227712137487,1,Su2023,2.1053,NA,extended,FALSE,
咩,0.142857142857143,1,Su2023,2.1,NA,extended,FALSE,
唧,0.142857142857143,1,Su2023,2.1,NA,extended,FALSE,
恒,0.142857142857143,1,Su2023,2.1,NA,extended,FALSE,
濘,0.142857142857143,1,Su2023,2.1,NA,extended,FALSE,
焯,0.142857142857143,1,Su2023,2.1,NA,extended,FALSE,
禤,0.142857142857143,1,Su2023,2.1,NA,extended,FALSE,
詬,0.142857142857143,1,Su2023,2.1,NA,extended,FALSE,
部,0.142857142857143,1,Su2023,2.1,NA,extended,FALSE,
鎯,0.142857142857143,1,Su2023,2.1,NA,extended,FALSE,
司,0.138739706408879,1,Su2023,2.0526,NA,extended,FALSE,
吩,0.138739706408879,1,Su2023,2.0526,NA,extended,FALSE,
婉,0.138739706408879,1,Su2023,2.0526,NA,extended,FALSE,
怠,0.138739706408879,1,Su2023,2.0526,NA,extended,FALSE,
恢,0.138739706408879,1,Su2023,2.0526,NA,extended,FALSE,
慟,0.138739706408879,1,Su2023,2.0526,NA,extended,FALSE,
挈,0.138739706408879,1,Su2023,2.0526,NA,extended,FALSE,
淙,0.138739706408879,1,Su2023,2.0526,NA,extended,FALSE,
稍,0.138739706408879,1,Su2023,2.0526,NA,extended,FALSE,
諳,0.138739706408879,1,Su2023,2.0526,NA,extended,FALSE,
謂,0.138739706408879,1,Su2023,2.0526,NA,extended,FALSE,
謔,0.138739706408879,1,Su2023,2.0526,NA,extended,FALSE,
鎢,0.138739706408879,1,Su2023,2.0526,NA,extended,FALSE,
颯,0.138739706408879,1,Su2023,2.0526,NA,extended,FALSE,
唏,0.13515932688865,1,Su2023,2.05,NA,extended,FALSE,
崑,0.13515932688865,1,Su2023,2.05,NA,extended,FALSE,
疇,0.13515932688865,1,Su2023,2.05,NA,extended,FALSE,
纍,0.13515932688865,1,Su2023,2.05,NA,extended,FALSE,
蜚,0.13515932688865,1,Su2023,2.05,NA,extended,FALSE,
轡,0.13515932688865,1,Su2023,2.05,NA,extended,FALSE,
佇,0.128535624776226,1,Su2023,2,NA,extended,FALSE,
佑,0.128535624776226,1,Su2023,2,NA,extended,FALSE,
几,0.128535624776226,1,Su2023,2,NA,extended,FALSE,
吝,0.128535624776226,1,Su2023,2,NA,extended,FALSE,
哼,0.128535624776226,1,Su2023,2,NA,extended,FALSE,
喂,0.128535624776226,1,Su2023,2,NA,extended,FALSE,
嘜,0.128535624776226,1,Su2023,2,NA,extended,FALSE,
娉,0.128535624776226,1,Su2023,2,NA,extended,FALSE,
恪,0.128535624776226,1,Su2023,2,NA,extended,FALSE,
憚,0.128535624776226,1,Su2023,2,NA,extended,FALSE,
懈,0.128535624776226,1,Su2023,2,NA,extended,FALSE,
据,0.128535624776226,1,Su2023,2,NA,extended,FALSE,
昨,0.128535624776226,1,Su2023,2,NA,extended,FALSE,
檜,0.128535624776226,1,Su2023,2,NA,extended,FALSE,
殷,0.128535624776226,1,Su2023,2,NA,extended,FALSE,
漳,0.128535624776226,1,Su2023,2,NA,extended,FALSE,
瀅,0.128535624776226,1,Su2023,2,NA,extended,FALSE,
瞼,0.128535624776226,1,Su2023,2,NA,extended,FALSE,
臻,0.128535624776226,1,Su2023,2,NA,extended,FALSE,
芭,0.128535624776226,1,Su2023,2,NA,extended,FALSE,
薈,0.128535624776226,1,Su2023,2,NA,extended,FALSE,
裨,0.128535624776226,1,Su2023,2,NA,extended,FALSE,
訛,0.128535624776226,1,Su2023,2,NA,extended,FALSE,
誨,0.128535624776226,1,Su2023,2,NA,extended,FALSE,
貫,0.128535624776226,1,Su2023,2,NA,extended,FALSE,
赳,0.128535624776226,1,Su2023,2,NA,extended,FALSE,
軼,0.128535624776226,1,Su2023,2,NA,extended,FALSE,
迂,0.128535624776226,1,Su2023,2,NA,extended,FALSE,
遴,0.128535624776226,1,Su2023,2,NA,extended,FALSE,
醞,0.128535624776226,1,Su2023,2,NA,extended,FALSE,
鏘,0.128535624776226,1,Su2023,2,NA,extended,FALSE,
厲,0.122448979591837,1,Su2023,1.95,NA,extended,FALSE,
吧,0.122448979591837,1,Su2023,1.95,NA,extended,FALSE,
娓,0.122448979591837,1,Su2023,1.95,NA,extended,FALSE,
侏,0.117257429287504,1,Su2023,1.9474,NA,extended,FALSE,
個,0.117257429287504,1,Su2023,1.9474,NA,extended,FALSE,
冀,0.117257429287504,1,Su2023,1.9474,NA,extended,FALSE,
匱,0.117257429287504,1,Su2023,1.9474,NA,extended,FALSE,
喆,0.117257429287504,1,Su2023,1.9474,NA,extended,FALSE,
嘖,0.117257429287504,1,Su2023,1.9474,NA,extended,FALSE,
妨,0.117257429287504,1,Su2023,1.9474,NA,extended,FALSE,
嫡,0.117257429287504,1,Su2023,1.9474,NA,extended,FALSE,
彤,0.117257429287504,1,Su2023,1.9474,NA,extended,FALSE,
戥,0.117257429287504,1,Su2023,1.9474,NA,extended,FALSE,
期,0.117257429287504,1,Su2023,1.9474,NA,extended,FALSE,
杧,0.117257429287504,1,Su2023,1.9474,NA,extended,FALSE,
榣,0.117257429287504,1,Su2023,1.9474,NA,extended,FALSE,
氛,0.117257429287504,1,Su2023,1.9474,NA,extended,FALSE,
炳,0.117257429287504,1,Su2023,1.9474,NA,extended,FALSE,
盂,0.117257429287504,1,Su2023,1.9474,NA,extended,FALSE,
究,0.117257429287504,1,Su2023,1.9474,NA,extended,FALSE,
竇,0.117257429287504,1,Su2023,1.9474,NA,extended,FALSE,
繾,0.117257429287504,1,Su2023,1.9474,NA,extended,FALSE,
耽,0.117257429287504,1,Su2023,1.9474,NA,extended,FALSE,
詣,0.117257429287504,1,Su2023,1.9474,NA,extended,FALSE,
鄒,0.117257429287504,1,Su2023,1.9474,NA,extended,FALSE,
酩,0.117257429287504,1,Su2023,1.9474,NA,extended,FALSE,
錳,0.117257429287504,1,Su2023,1.9474,NA,extended,FALSE,
鎔,0.117257429287504,1,Su2023,1.9474,NA,extended,FALSE,
闆,0.117257429287504,1,Su2023,1.9474,NA,extended,FALSE,
嚟,0.111886860007161,1,Su2023,1.9,NA,extended,FALSE,
曜,0.111886860007161,1,Su2023,1.9,NA,extended,FALSE,
猷,0.111886860007161,1,Su2023,1.9,NA,extended,FALSE,
詡,0.111886860007161,1,Su2023,1.9,NA,extended,FALSE,
丙,0.108306480486932,1,Su2023,1.8947,NA,extended,FALSE,
喳,0.108306480486932,1,Su2023,1.8947,NA,extended,FALSE,
妙,0.108306480486932,1,Su2023,1.8947,NA,extended,FALSE,
妍,0.108306480486932,1,Su2023,1.8947,NA,extended,FALSE,
娟,0.108306480486932,1,Su2023,1.8947,NA,extended,FALSE,
忡,0.108306480486932,1,Su2023,1.8947,NA,extended,FALSE,
惋,0.108306480486932,1,Su2023,1.8947,NA,extended,FALSE,
洽,0.108306480486932,1,Su2023,1.8947,NA,extended,FALSE,
漓,0.108306480486932,1,Su2023,1.8947,NA,extended,FALSE,
烯,0.108306480486932,1,Su2023,1.8947,NA,extended,FALSE,
猶,0.108306480486932,1,Su2023,1.8947,NA,extended,FALSE,
菀,0.108306480486932,1,Su2023,1.8947,NA,extended,FALSE,
葺,0.108306480486932,1,Su2023,1.8947,NA,extended,FALSE,
衍,0.108306480486932,1,Su2023,1.8947,NA,extended,FALSE,
諱,0.108306480486932,1,Su2023,1.8947,NA,extended,FALSE,
逞,0.108306480486932,1,Su2023,1.8947,NA,extended,FALSE,
伎,0.103472968134622,1,Su2023,1.85,NA,extended,FALSE,
偈,0.103472968134622,1,Su2023,1.85,NA,extended,FALSE,
劾,0.103472968134622,1,Su2023,1.85,NA,extended,FALSE,
圜,0.103472968134622,1,Su2023,1.85,NA,extended,FALSE,
汎,0.103472968134622,1,Su2023,1.85,NA,extended,FALSE,
萃,0.103472968134622,1,Su2023,1.85,NA,extended,FALSE,
袒,0.103472968134622,1,Su2023,1.85,NA,extended,FALSE,
輋,0.103472968134622,1,Su2023,1.85,NA,extended,FALSE,
迭,0.103472968134622,1,Su2023,1.85,NA,extended,FALSE,
閏,0.103472968134622,1,Su2023,1.85,NA,extended,FALSE,
韜,0.103472968134622,1,Su2023,1.85,NA,extended,FALSE,
乏,0.0972073039742213,1,Su2023,1.8421,NA,extended,FALSE,
凜,0.0972073039742213,1,Su2023,1.8421,NA,extended,FALSE,
卓,0.0972073039742213,1,Su2023,1.8421,NA,extended,FALSE,
喱,0.0972073039742213,1,Su2023,1.8421,NA,extended,FALSE,
岌,0.0972073039742213,1,Su2023,1.8421,NA,extended,FALSE,
彌,0.0972073039742213,1,Su2023,1.8421,NA,extended,FALSE,
樺,0.0972073039742213,1,Su2023,1.8421,NA,extended,FALSE,
璇,0.0972073039742213,1,Su2023,1.8421,NA,extended,FALSE,
箇,0.0972073039742213,1,Su2023,1.8421,NA,extended,FALSE,
簣,0.0972073039742213,1,Su2023,1.8421,NA,extended,FALSE,
茱,0.0972073039742213,1,Su2023,1.8421,NA,extended,FALSE,
蕎,0.0972073039742213,1,Su2023,1.8421,NA,extended,FALSE,
袂,0.0972073039742213,1,Su2023,1.8421,NA,extended,FALSE,
謾,0.0972073039742213,1,Su2023,1.8421,NA,extended,FALSE,
譬,0.0972073039742213,1,Su2023,1.8421,NA,extended,FALSE,
跎,0.0972073039742213,1,Su2023,1.8421,NA,extended,FALSE,
逕,0.0972073039742213,1,Su2023,1.8421,NA,extended,FALSE,
遐,0.0972073039742213,1,Su2023,1.8421,NA,extended,FALSE,
遨,0.0972073039742213,1,Su2023,1.8421,NA,extended,FALSE,
錚,0.0972073039742213,1,Su2023,1.8421,NA,extended,FALSE,
鑾,0.0972073039742213,1,Su2023,1.8421,NA,extended,FALSE,
隅,0.0972073039742213,1,Su2023,1.8421,NA,extended,FALSE,
頃,0.0972073039742213,1,Su2023,1.8421,NA,extended,FALSE,
骱,0.0972073039742213,1,Su2023,1.8421,NA,extended,FALSE,
咕,0.0918367346938776,1,Su2023,1.8,NA,extended,FALSE,
垣,0.0918367346938776,1,Su2023,1.8,NA,extended,FALSE,
徇,0.0918367346938776,1,Su2023,1.8,NA,extended,FALSE,
愫,0.0918367346938776,1,Su2023,1.8,NA,extended,FALSE,
綸,0.0918367346938776,1,Su2023,1.8,NA,extended,FALSE,
詮,0.0918367346938776,1,Su2023,1.8,NA,extended,FALSE,
丫,0.0882563551736484,1,Su2023,1.7895,NA,extended,FALSE,
僥,0.0882563551736484,1,Su2023,1.7895,NA,extended,FALSE,
刁,0.0882563551736484,1,Su2023,1.7895,NA,extended,FALSE,
媲,0.0882563551736484,1,Su2023,1.7895,NA,extended,FALSE,
嫣,0.0882563551736484,1,Su2023,1.7895,NA,extended,FALSE,
崢,0.0882563551736484,1,Su2023,1.7895,NA,extended,FALSE,
揄,0.0882563551736484,1,Su2023,1.7895,NA,extended,FALSE,
柢,0.0882563551736484,1,Su2023,1.7895,NA,extended,FALSE,
櫪,0.0882563551736484,1,Su2023,1.7895,NA,extended,FALSE,
汛,0.0882563551736484,1,Su2023,1.7895,NA,extended,FALSE,
莠,0.0882563551736484,1,Su2023,1.7895,NA,extended,FALSE,
迄,0.0882563551736484,1,Su2023,1.7895,NA,extended,FALSE,
逅,0.0882563551736484,1,Su2023,1.7895,NA,extended,FALSE,
驍,0.0882563551736484,1,Su2023,1.7895,NA,extended,FALSE,
瀛,0.0855710705334766,1,Su2023,1.7778,NA,extended,FALSE,
潼,0.0846759756534193,1,Su2023,1.75,NA,extended,FALSE,
璟,0.0846759756534193,1,Su2023,1.75,NA,extended,FALSE,
礎,0.0846759756534193,1,Su2023,1.75,NA,extended,FALSE,
頤,0.0846759756534193,1,Su2023,1.75,NA,extended,FALSE,
俐,0.0819906910132474,1,Su2023,1.7368,NA,extended,FALSE,
哉,0.0819906910132474,1,Su2023,1.7368,NA,extended,FALSE,
圯,0.0819906910132474,1,Su2023,1.7368,NA,extended,FALSE,
穎,0.0819906910132474,1,Su2023,1.7368,NA,extended,FALSE,
篠,0.0819906910132474,1,Su2023,1.7368,NA,extended,FALSE,
縈,0.0819906910132474,1,Su2023,1.7368,NA,extended,FALSE,
繆,0.0819906910132474,1,Su2023,1.7368,NA,extended,FALSE,
遏,0.0819906910132474,1,Su2023,1.7368,NA,extended,FALSE,
酞,0.0819906910132474,1,Su2023,1.7368,NA,extended,FALSE,
酯,0.0819906910132474,1,Su2023,1.7368,NA,extended,FALSE,
黛,0.0819906910132474,1,Su2023,1.7368,NA,extended,FALSE,
昆,0.0798424633011099,1,Su2023,1.7222,NA,extended,FALSE,
恫,0.0780522735409954,1,Su2023,1.7,NA,extended,FALSE,
晞,0.0780522735409954,1,Su2023,1.7,NA,extended,FALSE,
毗,0.0780522735409954,1,Su2023,1.7,NA,extended,FALSE,
湄,0.0780522735409954,1,Su2023,1.7,NA,extended,FALSE,
禎,0.0780522735409954,1,Su2023,1.7,NA,extended,FALSE,
筠,0.0780522735409954,1,Su2023,1.7,NA,extended,FALSE,
罔,0.0780522735409954,1,Su2023,1.7,NA,extended,FALSE,
耿,0.0780522735409954,1,Su2023,1.7,NA,extended,FALSE,
鈺,0.0780522735409954,1,Su2023,1.7,NA,extended,FALSE,
仵,0.0737558181167204,1,Su2023,1.6842,NA,extended,FALSE,
儘,0.0737558181167204,1,Su2023,1.6842,NA,extended,FALSE,
吁,0.0737558181167204,1,Su2023,1.6842,NA,extended,FALSE,
咤,0.0737558181167204,1,Su2023,1.6842,NA,extended,FALSE,
咫,0.0737558181167204,1,Su2023,1.6842,NA,extended,FALSE,
妲,0.0737558181167204,1,Su2023,1.6842,NA,extended,FALSE,
姍,0.0737558181167204,1,Su2023,1.6842,NA,extended,FALSE,
淥,0.0737558181167204,1,Su2023,1.6842,NA,extended,FALSE,
濡,0.0737558181167204,1,Su2023,1.6842,NA,extended,FALSE,
牴,0.0737558181167204,1,Su2023,1.6842,NA,extended,FALSE,
罷,0.0737558181167204,1,Su2023,1.6842,NA,extended,FALSE,
翳,0.0737558181167204,1,Su2023,1.6842,NA,extended,FALSE,
脗,0.0737558181167204,1,Su2023,1.6842,NA,extended,FALSE,
酚,0.0737558181167204,1,Su2023,1.6842,NA,extended,FALSE,
闌,0.0737558181167204,1,Su2023,1.6842,NA,extended,FALSE,
兀,0.0696383816684569,1,Su2023,1.65,NA,extended,FALSE,
効,0.0696383816684569,1,Su2023,1.65,NA,extended,FALSE,
堪,0.0696383816684569,1,Su2023,1.65,NA,extended,FALSE,
戊,0.0696383816684569,1,Su2023,1.65,NA,extended,FALSE,
揆,0.0696383816684569,1,Su2023,1.65,NA,extended,FALSE,
苟,0.0696383816684569,1,Su2023,1.65,NA,extended,FALSE,
鉦,0.0696383816684569,1,Su2023,1.65,NA,extended,FALSE,
閆,0.0696383816684569,1,Su2023,1.65,NA,extended,FALSE,
况,0.0648048693161475,1,Su2023,1.6316,NA,extended,FALSE,
咯,0.0648048693161475,1,Su2023,1.6316,NA,extended,FALSE,
唔,0.0648048693161475,1,Su2023,1.6316,NA,extended,FALSE,
彷,0.0648048693161475,1,Su2023,1.6316,NA,extended,FALSE,
彼,0.0648048693161475,1,Su2023,1.6316,NA,extended,FALSE,
愷,0.0648048693161475,1,Su2023,1.6316,NA,extended,FALSE,
昕,0.0648048693161475,1,Su2023,1.6316,NA,extended,FALSE,
晤,0.0648048693161475,1,Su2023,1.6316,NA,extended,FALSE,
況,0.0648048693161475,1,Su2023,1.6316,NA,extended,FALSE,
泓,0.0648048693161475,1,Su2023,1.6316,NA,extended,FALSE,
泯,0.0648048693161475,1,Su2023,1.6316,NA,extended,FALSE,
瑤,0.0648048693161475,1,Su2023,1.6316,NA,extended,FALSE,
甄,0.0648048693161475,1,Su2023,1.6316,NA,extended,FALSE,
繒,0.0648048693161475,1,Su2023,1.6316,NA,extended,FALSE,
荃,0.0648048693161475,1,Su2023,1.6316,NA,extended,FALSE,
莘,0.0648048693161475,1,Su2023,1.6316,NA,extended,FALSE,
譟,0.0648048693161475,1,Su2023,1.6316,NA,extended,FALSE,
閩,0.0648048693161475,1,Su2023,1.6316,NA,extended,FALSE,
靳,0.0648048693161475,1,Su2023,1.6316,NA,extended,FALSE,
叱,0.0610454708199069,1,Su2023,1.6111,NA,extended,FALSE,
弼,0.0610454708199069,1,Su2023,1.6111,NA,extended,FALSE,
啫,0.0596133190118153,1,Su2023,1.6,NA,extended,FALSE,
庚,0.0596133190118153,1,Su2023,1.6,NA,extended,FALSE,
梓,0.0596133190118153,1,Su2023,1.6,NA,extended,FALSE,
滇,0.0596133190118153,1,Su2023,1.6,NA,extended,FALSE,
祉,0.0596133190118153,1,Su2023,1.6,NA,extended,FALSE,
篪,0.0596133190118153,1,Su2023,1.6,NA,extended,FALSE,
哎,0.056390977443609,1,Su2023,1.5789,NA,extended,FALSE,
嗯,0.056390977443609,1,Su2023,1.5789,NA,extended,FALSE,
孌,0.056390977443609,1,Su2023,1.5789,NA,extended,FALSE,
恬,0.056390977443609,1,Su2023,1.5789,NA,extended,FALSE,
扽,0.056390977443609,1,Su2023,1.5789,NA,extended,FALSE,
搪,0.056390977443609,1,Su2023,1.5789,NA,extended,FALSE,
番,0.056390977443609,1,Su2023,1.5789,NA,extended,FALSE,
秉,0.056390977443609,1,Su2023,1.5789,NA,extended,FALSE,
稔,0.056390977443609,1,Su2023,1.5789,NA,extended,FALSE,
聶,0.056390977443609,1,Su2023,1.5789,NA,extended,FALSE,
馗,0.056390977443609,1,Su2023,1.5789,NA,extended,FALSE,
驊,0.056390977443609,1,Su2023,1.5789,NA,extended,FALSE,
偲,0.0538847117794486,1,Su2023,1.55,NA,extended,FALSE,
潢,0.0538847117794486,1,Su2023,1.55,NA,extended,FALSE,
倘,0.0497672753311851,1,Su2023,1.5263,NA,extended,FALSE,
偌,0.0497672753311851,1,Su2023,1.5263,NA,extended,FALSE,
啥,0.0497672753311851,1,Su2023,1.5263,NA,extended,FALSE,
喁,0.0497672753311851,1,Su2023,1.5263,NA,extended,FALSE,
喺,0.0497672753311851,1,Su2023,1.5263,NA,extended,FALSE,
奐,0.0497672753311851,1,Su2023,1.5263,NA,extended,FALSE,
孰,0.0497672753311851,1,Su2023,1.5263,NA,extended,FALSE,
憬,0.0497672753311851,1,Su2023,1.5263,NA,extended,FALSE,
斕,0.0497672753311851,1,Su2023,1.5263,NA,extended,FALSE,
昊,0.0497672753311851,1,Su2023,1.5263,NA,extended,FALSE,
椋,0.0497672753311851,1,Su2023,1.5263,NA,extended,FALSE,
榷,0.0497672753311851,1,Su2023,1.5263,NA,extended,FALSE,
珈,0.0497672753311851,1,Su2023,1.5263,NA,extended,FALSE,
着,0.0497672753311851,1,Su2023,1.5263,NA,extended,FALSE,
祺,0.0497672753311851,1,Su2023,1.5263,NA,extended,FALSE,
芸,0.0497672753311851,1,Su2023,1.5263,NA,extended,FALSE,
詹,0.0497672753311851,1,Su2023,1.5263,NA,extended,FALSE,
諉,0.0497672753311851,1,Su2023,1.5263,NA,extended,FALSE,
軒,0.0497672753311851,1,Su2023,1.5263,NA,extended,FALSE,
閔,0.0497672753311851,1,Su2023,1.5263,NA,extended,FALSE,
霽,0.0497672753311851,1,Su2023,1.5263,NA,extended,FALSE,
俞,0.0445757250268528,1,Su2023,1.5,NA,extended,FALSE,
倣,0.0445757250268528,1,Su2023,1.5,NA,extended,FALSE,
溥,0.0445757250268528,1,Su2023,1.5,NA,extended,FALSE,
琛,0.0445757250268528,1,Su2023,1.5,NA,extended,FALSE,
蕙,0.0445757250268528,1,Su2023,1.5,NA,extended,FALSE,
蕸,0.0445757250268528,1,Su2023,1.5,NA,extended,FALSE,
蘢,0.0445757250268528,1,Su2023,1.5,NA,extended,FALSE,
阮,0.0445757250268528,1,Su2023,1.5,NA,extended,FALSE,
別,0.0401002506265664,1,Su2023,1.4737,NA,extended,FALSE,
咧,0.0401002506265664,1,Su2023,1.4737,NA,extended,FALSE,
嘰,0.0401002506265664,1,Su2023,1.4737,NA,extended,FALSE,
嬅,0.0401002506265664,1,Su2023,1.4737,NA,extended,FALSE,
寅,0.0401002506265664,1,Su2023,1.4737,NA,extended,FALSE,
掄,0.0401002506265664,1,Su2023,1.4737,NA,extended,FALSE,
烜,0.0401002506265664,1,Su2023,1.4737,NA,extended,FALSE,
焜,0.0401002506265664,1,Su2023,1.4737,NA,extended,FALSE,
狎,0.0401002506265664,1,Su2023,1.4737,NA,extended,FALSE,
珺,0.0401002506265664,1,Su2023,1.4737,NA,extended,FALSE,
甯,0.0401002506265664,1,Su2023,1.4737,NA,extended,FALSE,
繙,0.0401002506265664,1,Su2023,1.4737,NA,extended,FALSE,
胤,0.0401002506265664,1,Su2023,1.4737,NA,extended,FALSE,
蓁,0.0401002506265664,1,Su2023,1.4737,NA,extended,FALSE,
遑,0.0401002506265664,1,Su2023,1.4737,NA,extended,FALSE,
韶,0.0401002506265664,1,Su2023,1.4737,NA,extended,FALSE,
龔,0.0401002506265664,1,Su2023,1.4737,NA,extended,FALSE,
毓,0.0358037952022914,1,Su2023,1.45,NA,extended,FALSE,
淦,0.0358037952022914,1,Su2023,1.45,NA,extended,FALSE,
煒,0.0358037952022914,1,Su2023,1.45,NA,extended,FALSE,
詎,0.0358037952022914,1,Su2023,1.45,NA,extended,FALSE,
錡,0.0358037952022914,1,Su2023,1.45,NA,extended,FALSE,
鑫,0.0358037952022914,1,Su2023,1.45,NA,extended,FALSE,
驀,0.0358037952022914,1,Su2023,1.45,NA,extended,FALSE,
嫺,0.0343716433941998,1,Su2023,1.4444,NA,extended,FALSE,
啦,0.0320443967060508,1,Su2023,1.4211,NA,extended,FALSE,
嘢,0.0320443967060508,1,Su2023,1.4211,NA,extended,FALSE,
嚕,0.0320443967060508,1,Su2023,1.4211,NA,extended,FALSE,
圻,0.0320443967060508,1,Su2023,1.4211,NA,extended,FALSE,
埼,0.0320443967060508,1,Su2023,1.4211,NA,extended,FALSE,
奎,0.0320443967060508,1,Su2023,1.4211,NA,extended,FALSE,
灝,0.0320443967060508,1,Su2023,1.4211,NA,extended,FALSE,
燊,0.0320443967060508,1,Su2023,1.4211,NA,extended,FALSE,
琍,0.0320443967060508,1,Su2023,1.4211,NA,extended,FALSE,
睩,0.0320443967060508,1,Su2023,1.4211,NA,extended,FALSE,
萱,0.0320443967060508,1,Su2023,1.4211,NA,extended,FALSE,
鉉,0.0320443967060508,1,Su2023,1.4211,NA,extended,FALSE,
佘,0.029359112065879,1,Su2023,1.4,NA,extended,FALSE,
宥,0.029359112065879,1,Su2023,1.4,NA,extended,FALSE,
朮,0.029359112065879,1,Su2023,1.4,NA,extended,FALSE,
廸,0.0286430361618332,1,Su2023,1.3889,NA,extended,FALSE,
亙,0.0263157894736842,1,Su2023,1.3684,NA,extended,FALSE,
余,0.0263157894736842,1,Su2023,1.3684,NA,extended,FALSE,
咁,0.0263157894736842,1,Su2023,1.3684,NA,extended,FALSE,
咋,0.0263157894736842,1,Su2023,1.3684,NA,extended,FALSE,
咦,0.0263157894736842,1,Su2023,1.3684,NA,extended,FALSE,
嘿,0.0263157894736842,1,Su2023,1.3684,NA,extended,FALSE,
姵,0.0263157894736842,1,Su2023,1.3684,NA,extended,FALSE,
熹,0.0263157894736842,1,Su2023,1.3684,NA,extended,FALSE,
艾,0.0263157894736842,1,Su2023,1.3684,NA,extended,FALSE,
芷,0.0263157894736842,1,Su2023,1.3684,NA,extended,FALSE,
葆,0.0263157894736842,1,Su2023,1.3684,NA,extended,FALSE,
雋,0.0263157894736842,1,Su2023,1.3684,NA,extended,FALSE,
沂,0.0234514858575009,1,Su2023,1.35,NA,extended,FALSE,
璐,0.0234514858575009,1,Su2023,1.35,NA,extended,FALSE,
鄔,0.0234514858575009,1,Su2023,1.35,NA,extended,FALSE,
驄,0.0234514858575009,1,Su2023,1.35,NA,extended,FALSE,
儼,0.0200501253132832,1,Su2023,1.3158,NA,extended,FALSE,
吖,0.0200501253132832,1,Su2023,1.3158,NA,extended,FALSE,
唁,0.0200501253132832,1,Su2023,1.3158,NA,extended,FALSE,
喔,0.0200501253132832,1,Su2023,1.3158,NA,extended,FALSE,
嘛,0.0200501253132832,1,Su2023,1.3158,NA,extended,FALSE,
噢,0.0200501253132832,1,Su2023,1.3158,NA,extended,FALSE,
孳,0.0200501253132832,1,Su2023,1.3158,NA,extended,FALSE,
峇,0.0200501253132832,1,Su2023,1.3158,NA,extended,FALSE,
徠,0.0200501253132832,1,Su2023,1.3158,NA,extended,FALSE,
忻,0.0200501253132832,1,Su2023,1.3158,NA,extended,FALSE,
淼,0.0200501253132832,1,Su2023,1.3158,NA,extended,FALSE,
澂,0.0200501253132832,1,Su2023,1.3158,NA,extended,FALSE,
玟,0.0200501253132832,1,Su2023,1.3158,NA,extended,FALSE,
瑄,0.0200501253132832,1,Su2023,1.3158,NA,extended,FALSE,
迺,0.0200501253132832,1,Su2023,1.3158,NA,extended,FALSE,
霏,0.0171858216970999,1,Su2023,1.2778,NA,extended,FALSE,
侖,0.0150375939849624,1,Su2023,1.2632,NA,extended,FALSE,
俍,0.0150375939849624,1,Su2023,1.2632,NA,extended,FALSE,
嗒,0.0150375939849624,1,Su2023,1.2632,NA,extended,FALSE,
嗱,0.0150375939849624,1,Su2023,1.2632,NA,extended,FALSE,
妤,0.0150375939849624,1,Su2023,1.2632,NA,extended,FALSE,
姝,0.0150375939849624,1,Su2023,1.2632,NA,extended,FALSE,
汕,0.0150375939849624,1,Su2023,1.2632,NA,extended,FALSE,
瞿,0.0150375939849624,1,Su2023,1.2632,NA,extended,FALSE,
禺,0.0150375939849624,1,Su2023,1.2632,NA,extended,FALSE,
鄺,0.0150375939849624,1,Su2023,1.2632,NA,extended,FALSE,
鏵,0.0150375939849624,1,Su2023,1.2632,NA,extended,FALSE,
瀋,0.0127103472968135,1,Su2023,1.25,NA,extended,FALSE,
琤,0.0127103472968135,1,Su2023,1.25,NA,extended,FALSE,
哦,0.0118152524167562,1,Su2023,1.2222,NA,extended,FALSE,
哩,0.0118152524167562,1,Su2023,1.2222,NA,extended,FALSE,
觔,0.0118152524167562,1,Su2023,1.2222,NA,extended,FALSE,
乍,0.00966702470461869,1,Su2023,1.2105,NA,extended,FALSE,
兮,0.00966702470461869,1,Su2023,1.2105,NA,extended,FALSE,
嘞,0.00966702470461869,1,Su2023,1.2105,NA,extended,FALSE,
囉,0.00966702470461869,1,Su2023,1.2105,NA,extended,FALSE,
堃,0.00966702470461869,1,Su2023,1.2105,NA,extended,FALSE,
沚,0.00966702470461869,1,Su2023,1.2105,NA,extended,FALSE,
淇,0.00966702470461869,1,Su2023,1.2105,NA,extended,FALSE,
焉,0.00966702470461869,1,Su2023,1.2105,NA,extended,FALSE,
燮,0.00966702470461869,1,Su2023,1.2105,NA,extended,FALSE,
晟,0.00769781596849266,1,Su2023,1.1667,NA,extended,FALSE,
絳,0.00769781596849266,1,Su2023,1.1667,NA,extended,FALSE,
亘,0.00608664518438955,1,Su2023,1.1579,NA,extended,FALSE,
喎,0.00608664518438955,1,Su2023,1.1579,NA,extended,FALSE,
噚,0.00608664518438955,1,Su2023,1.1579,NA,extended,FALSE,
姃,0.00608664518438955,1,Su2023,1.1579,NA,extended,FALSE,
濰,0.00608664518438955,1,Su2023,1.1579,NA,extended,FALSE,
珩,0.00608664518438955,1,Su2023,1.1579,NA,extended,FALSE,
鍀,0.00608664518438955,1,Su2023,1.1579,NA,extended,FALSE,
弢,0.00447547440028643,1,Su2023,1.15,NA,extended,FALSE,
舁,0.00447547440028643,1,Su2023,1.15,NA,extended,FALSE,
嗰,0.0037593984962406,1,Su2023,1.1111,NA,extended,FALSE,
忝,0.0037593984962406,1,Su2023,1.1111,NA,extended,FALSE,
咗,0.00268528464017186,1,Su2023,1.1053,NA,extended,FALSE,
哋,0.00268528464017186,1,Su2023,1.1053,NA,extended,FALSE,
啲,0.00268528464017186,1,Su2023,1.1053,NA,extended,FALSE,
麽,0.00268528464017186,1,Su2023,1.1053,NA,extended,FALSE,
祁,0.00161117078410311,1,Su2023,1.0526,NA,extended,FALSE,
郴,0.00161117078410311,1,Su2023,1.0526,NA,extended,FALSE,
嘅,0.000716075904045829,1,Su2023,1,NA,extended,FALSE,
洳,0.000716075904045829,1,Su2023,1,NA,extended,FALSE,
薛,0.000716075904045829,1,Su2023,1,NA,extended,FALSE,
