"word","mean_percentile","n_sources","sources","mean_raw_concreteness","gloss_english","tier","selected"
"altruizm",1,1,"Imbir2016",7.72,"altruism","core",TRUE
"samoświadomość",0.999646142958245,1,"Imbir2016",7.58,"self-conscious","core",TRUE
"nadzieja",0.999115357395612,1,"Imbir2016",7.52,"hope","core",TRUE
"niesprawiedliwość",0.999115357395612,1,"Imbir2016",7.52,"injustice","core",TRUE
"miłość",0.998407643312102,1,"Imbir2016",7.5,"love / affection","core",TRUE
"wielkoduszność",0.998407643312102,1,"Imbir2016",7.5,"magnanimity","core",TRUE
"wiara",0.997876857749469,1,"Imbir2016",7.48,"faith","core",TRUE
"dobro",0.996992215145081,1,"Imbir2016",7.44,"good","core",TRUE
"honor",0.996992215145081,1,"Imbir2016",7.44,"honor","core",TRUE
"nienawiść",0.996992215145081,1,"Imbir2016",7.44,"hatred","core",TRUE
"nostalgia",0.996992215145081,1,"Imbir2016",7.44,"nostalgia","core",TRUE
"fanatyzm",0.995930644019816,1,"Imbir2016",7.42,"fanaticism","core",TRUE
"sumienie",0.995930644019816,1,"Imbir2016",7.42,"conscience","core",TRUE
"błogosławieństwo",0.995046001415428,1,"Imbir2016",7.4,"blessing","core",TRUE
"błogostan",0.995046001415428,1,"Imbir2016",7.4,"bliss","core",TRUE
"melancholia",0.995046001415428,1,"Imbir2016",7.4,"melancholia","core",TRUE
"dusza",0.993807501769285,1,"Imbir2016",7.38,"soul","core",TRUE
"optymizm",0.993807501769285,1,"Imbir2016",7.38,"optimism","core",TRUE
"szczęście",0.993807501769285,1,"Imbir2016",7.38,"happiness","core",TRUE
"uczucie",0.993807501769285,1,"Imbir2016",7.38,"feeling","core",TRUE
"mistycyzm",0.992922859164897,1,"Imbir2016",7.36,"mysticism","core",TRUE
"zaufanie",0.992569002123142,1,"Imbir2016",7.34,"trust","core",TRUE
"los",0.992215145081387,1,"Imbir2016",7.3265306122449,"lot","core",TRUE
"dobroduszność",0.991684359518754,1,"Imbir2016",7.32,"bonhomie","core",TRUE
"tolerancja",0.991684359518754,1,"Imbir2016",7.32,"tolerance","core",TRUE
"błogość",0.990445859872611,1,"Imbir2016",7.3,"bliss","core",TRUE
"idea",0.990445859872611,1,"Imbir2016",7.3,"idea","core",TRUE
"niehonorowość",0.990445859872611,1,"Imbir2016",7.3,"niehonorowość","core",TRUE
"odpowiedzialność",0.990445859872611,1,"Imbir2016",7.3,"responsibility","core",TRUE
"wspaniałomyślność",0.990445859872611,1,"Imbir2016",7.3,"generosity","core",TRUE
"bezinteresowność",0.989384288747346,1,"Imbir2016",7.26,"selflessness","core",TRUE
"zakochanie",0.989030431705591,1,"Imbir2016",7.24,"infatuation","core",TRUE
"absurd",0.988499646142958,1,"Imbir2016",7.22,"absurd","core",TRUE
"bóg",0.988499646142958,1,"Imbir2016",7.22,"god","core",TRUE
"jaźń",0.987968860580326,1,"Imbir2016",7.20408163265306,"self","core",TRUE
"nietolerancja",0.987438075017693,1,"Imbir2016",7.2,"intolerance","core",TRUE
"przyszłość",0.987438075017693,1,"Imbir2016",7.2,"future","core",TRUE
"sprawiedliwość",0.986730360934183,1,"Imbir2016",7.18,"justice","core",TRUE
"szlachetność",0.986730360934183,1,"Imbir2016",7.18,"nobility","core",TRUE
"cierpliwość",0.98549186128804,1,"Imbir2016",7.16,"patience","core",TRUE
"etyczność",0.98549186128804,1,"Imbir2016",7.16,"ethicality","core",TRUE
"myśl",0.98549186128804,1,"Imbir2016",7.16,"thought","core",TRUE
"natchnienie",0.98549186128804,1,"Imbir2016",7.16,"muse","core",TRUE
"wolność",0.98549186128804,1,"Imbir2016",7.16,"freedom / liberty","core",TRUE
"egoizm",0.984253361641897,1,"Imbir2016",7.14,"selfishness","core",TRUE
"przyjacielskość",0.984253361641897,1,"Imbir2016",7.14,"friendliness","core",TRUE
"romantyzm",0.983368719037509,1,"Imbir2016",7.12,"romanticism","core",TRUE
"samorealizacja",0.983368719037509,1,"Imbir2016",7.12,"self-realization","core",TRUE
"szacunek",0.983368719037509,1,"Imbir2016",7.12,"respect","core",TRUE
"magia",0.982130219391366,1,"Imbir2016",7.1,"magic","core",TRUE
"nieetyczność",0.982130219391366,1,"Imbir2016",7.1,"unethical","core",TRUE
"nieprzyjazność",0.982130219391366,1,"Imbir2016",7.1,"nieprzyjazność","core",TRUE
"współczucie",0.982130219391366,1,"Imbir2016",7.1,"compassion","core",TRUE
"nieufność",0.981245576786978,1,"Imbir2016",7.08163265306122,"distrust","core",TRUE
"emocja",0.980007077140835,1,"Imbir2016",7.08,"emotion","core",TRUE
"fantazja",0.980007077140835,1,"Imbir2016",7.08,"fantasy","core",TRUE
"lojalność",0.980007077140835,1,"Imbir2016",7.08,"loyalty","core",TRUE
"piękno",0.980007077140835,1,"Imbir2016",7.08,"beauty","core",TRUE
"prawość",0.980007077140835,1,"Imbir2016",7.08,"righteousness","core",TRUE
"zbawienie",0.980007077140835,1,"Imbir2016",7.08,"salvation","core",TRUE
"perfekcja",0.978768577494692,1,"Imbir2016",7.06122448979592,"perfection","core",TRUE
"głupota",0.978414720452937,1,"Imbir2016",7.06,"stupidity","core",TRUE
"godność",0.977353149327672,1,"Imbir2016",7.04,"dignity","core",TRUE
"mądrość",0.977353149327672,1,"Imbir2016",7.04,"wisdom","core",TRUE
"marzenie",0.977353149327672,1,"Imbir2016",7.04,"dream","core",TRUE
"przekonanie",0.977353149327672,1,"Imbir2016",7.04,"conviction","core",TRUE
"zło",0.977353149327672,1,"Imbir2016",7.04,"evil","core",TRUE
"snobizm",0.976291578202406,1,"Imbir2016",7.02083333333334,"snobbery","core",TRUE
"człowieczeństwo",0.975583864118896,1,"Imbir2016",7.02,"humanity","core",TRUE
"dobrodziejstwo",0.975583864118896,1,"Imbir2016",7.02,"benefaction","core",TRUE
"intelekt",0.975583864118896,1,"Imbir2016",7.02,"intellect","core",TRUE
"chciwość",0.973991507430998,1,"Imbir2016",7,"greed","core",TRUE
"despotyzm",0.973991507430998,1,"Imbir2016",7,"despotism","core",TRUE
"duma",0.973991507430998,1,"Imbir2016",7,"pride","core",TRUE
"dwulicowość",0.973991507430998,1,"Imbir2016",7,"duplicity","core",TRUE
"serdeczność",0.973991507430998,1,"Imbir2016",7,"cordiality","core",TRUE
"żal",0.973991507430998,1,"Imbir2016",7,"grief","core",TRUE
"beznadziejność",0.972222222222222,1,"Imbir2016",6.98,"hopelessness","core",TRUE
"nieodpowiedzialność",0.972222222222222,1,"Imbir2016",6.98,"irresponsibility","core",TRUE
"nieszczerość",0.972222222222222,1,"Imbir2016",6.98,"insincerity","core",TRUE
"szczerość",0.972222222222222,1,"Imbir2016",6.98,"sincerity","core",TRUE
"osobowość",0.970983722576079,1,"Imbir2016",6.96,"self","core",TRUE
"sentyment",0.970983722576079,1,"Imbir2016",6.96,"sentiment","core",TRUE
"wrażliwość",0.970983722576079,1,"Imbir2016",6.96,"sensitivity","core",TRUE
"choleryczność",0.970276008492569,1,"Imbir2016",6.95918367346939,"choleric","core",TRUE
"dobry",0.969568294409059,1,"Imbir2016",6.94,"good","core",TRUE
"hipokryzja",0.969568294409059,1,"Imbir2016",6.94,"hypocrisy","core",TRUE
"próżność",0.969568294409059,1,"Imbir2016",6.94,"vanity","core",TRUE
"infantylność",0.968860580325548,1,"Imbir2016",6.93877551020408,"infantilism","core",TRUE
"psyche",0.968506723283793,1,"Imbir2016",6.93023255813954,"psyche","core",TRUE
"ambicja",0.967799009200283,1,"Imbir2016",6.92,"ambition","core",TRUE
"antypatia",0.967799009200283,1,"Imbir2016",6.92,"dislike","core",TRUE
"cnota",0.967799009200283,1,"Imbir2016",6.92,"virtue","core",TRUE
"błogosławiony",0.966914366595895,1,"Imbir2016",6.9,"blessed","core",TRUE
"namiętność",0.966914366595895,1,"Imbir2016",6.9,"passion","core",TRUE
"wizja",0.966206652512385,1,"Imbir2016",6.88,"vision","core",TRUE
"życzliwość",0.966206652512385,1,"Imbir2016",6.88,"kindness","core",TRUE
"sumienność",0.965675866949752,1,"Imbir2016",6.86,"conscientiousness","core",TRUE
"fascynacja",0.964437367303609,1,"Imbir2016",6.84,"fascination","core",TRUE
"fobia",0.964437367303609,1,"Imbir2016",6.84,"phobia","core",TRUE
"niewinność",0.964437367303609,1,"Imbir2016",6.84,"innocence","core",TRUE
"pech",0.964437367303609,1,"Imbir2016",6.84,"bad luck","core",TRUE
"rozwaga",0.964437367303609,1,"Imbir2016",6.84,"prudence","core",TRUE
"wyrozumiałość",0.964437367303609,1,"Imbir2016",6.84,"forbearance","core",TRUE
"apatia",0.962668082094834,1,"Imbir2016",6.82,"apathy","core",TRUE
"entuzjazm",0.962668082094834,1,"Imbir2016",6.82,"enthusiasm","core",TRUE
"pomysłowość",0.962668082094834,1,"Imbir2016",6.82,"ingenuity","core",TRUE
"wściekłość",0.962668082094834,1,"Imbir2016",6.82,"rage","core",TRUE
"bezwstydność",0.961252653927813,1,"Imbir2016",6.8,"shamelessness","core",TRUE
"nastrój",0.961252653927813,1,"Imbir2016",6.8,"mood","core",TRUE
"trwoga",0.961252653927813,1,"Imbir2016",6.8,"awe","core",TRUE
"uczciwość",0.961252653927813,1,"Imbir2016",6.8,"honesty","core",TRUE
"furia",0.960368011323425,1,"Imbir2016",6.79591836734694,"fury","core",TRUE
"frustrację",0.958952583156405,1,"Imbir2016",6.78,"frustration","core",TRUE
"haniebny",0.958952583156405,1,"Imbir2016",6.78,"dirty","core",TRUE
"inteligencja",0.958952583156405,1,"Imbir2016",6.78,"intelligence","core",TRUE
"obsesja",0.958952583156405,1,"Imbir2016",6.78,"obsession","core",TRUE
"satysfakcja",0.958952583156405,1,"Imbir2016",6.78,"satisfaction","core",TRUE
"tchórzliwość",0.958952583156405,1,"Imbir2016",6.78,"cowardice","core",TRUE
"trauma",0.958952583156405,1,"Imbir2016",6.78,"trauma","core",TRUE
"niezależność",0.957537154989384,1,"Imbir2016",6.77551020408163,"independence","core",TRUE
"fałsz",0.956121726822364,1,"Imbir2016",6.76,"false","core",TRUE
"fałszywość",0.956121726822364,1,"Imbir2016",6.76,"falsity","core",TRUE
"hańba",0.956121726822364,1,"Imbir2016",6.76,"disgrace","core",TRUE
"litość",0.956121726822364,1,"Imbir2016",6.76,"pity / mercy","core",TRUE
"nieprawdziwość",0.956121726822364,1,"Imbir2016",6.76,"falsehood","core",TRUE
"roztropność",0.956121726822364,1,"Imbir2016",6.76,"prudence","core",TRUE
"wspomnienia",0.956121726822364,1,"Imbir2016",6.76,"memories","core",TRUE
"czułość",0.953290870488323,1,"Imbir2016",6.74,"tenderness","core",TRUE
"doskonałość",0.953290870488323,1,"Imbir2016",6.74,"excellence / perfection","core",TRUE
"niefart",0.953290870488323,1,"Imbir2016",6.74,"bad luck","core",TRUE
"nierzetelność",0.953290870488323,1,"Imbir2016",6.74,"dishonesty","core",TRUE
"podłość",0.953290870488323,1,"Imbir2016",6.74,"meanness","core",TRUE
"religia",0.953290870488323,1,"Imbir2016",6.74,"religion","core",TRUE
"smutek",0.953290870488323,1,"Imbir2016",6.74,"sadness","core",TRUE
"tchórzostwo",0.953290870488323,1,"Imbir2016",6.74,"cowardice","core",TRUE
"zadowolenie",0.953290870488323,1,"Imbir2016",6.74,"satisfaction","core",TRUE
"charakter",0.950460014154282,1,"Imbir2016",6.72,"nature","core",TRUE
"pomyślność",0.950460014154282,1,"Imbir2016",6.72,"prosperity","core",TRUE
"rozpacz",0.950460014154282,1,"Imbir2016",6.72,"despair","core",TRUE
"spokój",0.950460014154282,1,"Imbir2016",6.72,"calm","core",TRUE
"wątpliwość",0.950460014154282,1,"Imbir2016",6.72,"doubt","core",TRUE
"zgrzeszenie",0.950460014154282,1,"Imbir2016",6.72,"sin","core",TRUE
"zuchwałość",0.950460014154282,1,"Imbir2016",6.72,"audacity","core",TRUE
"lol",0.949044585987261,1,"Imbir2016",6.70454545454546,"lol","core",TRUE
"kompromitacja",0.947806086341118,1,"Imbir2016",6.7,"discredit","core",TRUE
"niedojrzałość",0.947806086341118,1,"Imbir2016",6.7,"immaturity","core",TRUE
"niesłowność",0.947806086341118,1,"Imbir2016",6.7,"unreliability","core",TRUE
"niezdecydowanie",0.947806086341118,1,"Imbir2016",6.7,"indecision","core",TRUE
"prawdomówność",0.947806086341118,1,"Imbir2016",6.7,"truthfulness","core",TRUE
"zatrwożenie",0.947806086341118,1,"Imbir2016",6.7,"disquiet","core",TRUE
"nieczułość",0.946567586694975,1,"Imbir2016",6.69387755102041,"callousness","core",TRUE
"bluźnierstwo",0.9447983014862,1,"Imbir2016",6.68,"blasphemy","core",TRUE
"błyskotliwość",0.9447983014862,1,"Imbir2016",6.68,"brilliance","core",TRUE
"hojność",0.9447983014862,1,"Imbir2016",6.68,"generosity","core",TRUE
"kłamliwość",0.9447983014862,1,"Imbir2016",6.68,"mendacity","core",TRUE
"preferencja",0.9447983014862,1,"Imbir2016",6.68,"preference","core",TRUE
"przyjaźń",0.9447983014862,1,"Imbir2016",6.68,"friendship","core",TRUE
"samoopanowanie",0.9447983014862,1,"Imbir2016",6.68,"self-control","core",TRUE
"wartość",0.9447983014862,1,"Imbir2016",6.68,"value","core",TRUE
"zauroczenie",0.9447983014862,1,"Imbir2016",6.68,"infatuation","core",TRUE
"oryginalność",0.942675159235669,1,"Imbir2016",6.66,"originality","core",TRUE
"prestiż",0.942675159235669,1,"Imbir2016",6.66,"prestige","core",TRUE
"przyzwoitość",0.942675159235669,1,"Imbir2016",6.66,"decency","core",TRUE
"bezradność",0.941436659589526,1,"Imbir2016",6.64,"helplessness","core",TRUE
"dojrzałość",0.941436659589526,1,"Imbir2016",6.64,"maturity","core",TRUE
"tożsamość",0.941436659589526,1,"Imbir2016",6.64,"identity","core",TRUE
"zhańbienie",0.941436659589526,1,"Imbir2016",6.64,"disgrace","core",TRUE
"konformista",0.940552016985138,1,"Imbir2016",6.625,"conformist","core",TRUE
"dobrobyt",0.938428874734607,1,"Imbir2016",6.62,"prosperity","core",TRUE
"manipulacja",0.938428874734607,1,"Imbir2016",6.62,"manipulation","core",TRUE
"myślenie",0.938428874734607,1,"Imbir2016",6.62,"reflection","core",TRUE
"naturalność",0.938428874734607,1,"Imbir2016",6.62,"naturalness","core",TRUE
"niepewność",0.938428874734607,1,"Imbir2016",6.62,"uncertainty","core",TRUE
"nieprzychylność",0.938428874734607,1,"Imbir2016",6.62,"disapproval","core",TRUE
"nieżyczliwość",0.938428874734607,1,"Imbir2016",6.62,"malevolence","core",TRUE
"prawda",0.938428874734607,1,"Imbir2016",6.62,"truth","core",TRUE
"samolubstwo",0.938428874734607,1,"Imbir2016",6.62,"selfishness","core",TRUE
"śmiałość",0.938428874734607,1,"Imbir2016",6.62,"boldness","core",TRUE
"wola",0.938428874734607,1,"Imbir2016",6.62,"will","core",TRUE
"grzeczność",0.935774946921444,1,"Imbir2016",6.6,"courtesy / politeness","core",TRUE
"łagodność",0.935774946921444,1,"Imbir2016",6.6,"gentleness","core",TRUE
"niewierzący",0.935774946921444,1,"Imbir2016",6.6,"irreligious","core",TRUE
"obojętność",0.935774946921444,1,"Imbir2016",6.6,"indifference","core",TRUE
"radość",0.934890304317056,1,"Imbir2016",6.59,"joy","core",TRUE
"irytacja",0.934005661712668,1,"Imbir2016",6.58,"irritation","core",TRUE
"samodzielność",0.934005661712668,1,"Imbir2016",6.58,"independence","core",TRUE
"wiedza",0.934005661712668,1,"Imbir2016",6.58,"knowledge","core",TRUE
"złośliwość",0.934005661712668,1,"Imbir2016",6.58,"malice","core",TRUE
"nieroztropność",0.93170559094126,1,"Imbir2016",6.56,"rashness","core",TRUE
"niezawodność",0.93170559094126,1,"Imbir2016",6.56,"reliability","core",TRUE
"piekło",0.93170559094126,1,"Imbir2016",6.56,"hell","core",TRUE
"popularność",0.93170559094126,1,"Imbir2016",6.56,"popularity","core",TRUE
"samotność",0.93170559094126,1,"Imbir2016",6.56,"loneliness","core",TRUE
"upokorzenie",0.93170559094126,1,"Imbir2016",6.56,"humiliation","core",TRUE
"zachłanność",0.93170559094126,1,"Imbir2016",6.56,"greed","core",TRUE
"zasmucenie",0.93170559094126,1,"Imbir2016",6.56,"sadness","core",TRUE
"zdumienie",0.93170559094126,1,"Imbir2016",6.56,"astonishment","core",TRUE
"bezmyślność",0.929228591648974,1,"Imbir2016",6.54,"thoughtlessness","core",TRUE
"podziw",0.929228591648974,1,"Imbir2016",6.54,"admiration","core",TRUE
"pomysł",0.929228591648974,1,"Imbir2016",6.54,"idea","core",TRUE
"przerażenie",0.929228591648974,1,"Imbir2016",6.54,"horror","core",TRUE
"zazdrość",0.929228591648974,1,"Imbir2016",6.54,"jealousy","core",TRUE
"autorytet",0.92728237791932,1,"Imbir2016",6.52,"authority","core",TRUE
"pocieszenie",0.92728237791932,1,"Imbir2016",6.52,"consolation","core",TRUE
"towarzyskość",0.92728237791932,1,"Imbir2016",6.52,"sociability","core",TRUE
"wdzięczność",0.92728237791932,1,"Imbir2016",6.52,"gratitude","core",TRUE
"wesołość",0.92728237791932,1,"Imbir2016",6.52,"gaiety","core",TRUE
"zemsta",0.92728237791932,1,"Imbir2016",6.52,"revenge","core",TRUE
"awersja",0.926043878273178,1,"Imbir2016",6.51063829787234,"aversion","core",TRUE
"grubiaństwo",0.925690021231423,1,"Imbir2016",6.51020408163265,"rudeness","core",TRUE
"braterstwo",0.923920736022647,1,"Imbir2016",6.5,"brotherhood","core",TRUE
"ekscytacja",0.923920736022647,1,"Imbir2016",6.5,"excitement","core",TRUE
"epicki",0.923920736022647,1,"Imbir2016",6.5,"epic","core",TRUE
"nierozwaga",0.923920736022647,1,"Imbir2016",6.5,"hastiness","core",TRUE
"przebiegłość",0.923920736022647,1,"Imbir2016",6.5,"cunning","core",TRUE
"przyjemność",0.923920736022647,1,"Imbir2016",6.5,"pleasure / enjoyment","core",TRUE
"racja",0.923920736022647,1,"Imbir2016",6.5,"ration","core",TRUE
"wszechstronność",0.923920736022647,1,"Imbir2016",6.5,"versatility","core",TRUE
"żądza",0.923920736022647,1,"Imbir2016",6.5,"lust","core",TRUE
"akceptacja",0.920382165605096,1,"Imbir2016",6.48,"acceptance","core",TRUE
"cud",0.920382165605096,1,"Imbir2016",6.48,"miracle","core",TRUE
"frustracja",0.920382165605096,1,"Imbir2016",6.48,"frustration","core",TRUE
"otwartość",0.920382165605096,1,"Imbir2016",6.48,"openness","core",TRUE
"pojęcie",0.920382165605096,1,"Imbir2016",6.48,"notion","core",TRUE
"poniżenie",0.920382165605096,1,"Imbir2016",6.48,"humiliation","core",TRUE
"prywatność",0.920382165605096,1,"Imbir2016",6.48,"privacy","core",TRUE
"sprośność",0.920382165605096,1,"Imbir2016",6.48,"obscenity","core",TRUE
"szaleństwo",0.920382165605096,1,"Imbir2016",6.48,"craze","core",TRUE
"teoria",0.920382165605096,1,"Imbir2016",6.48,"theory","core",TRUE
"uprzejmość",0.920382165605096,1,"Imbir2016",6.48,"kindness","core",TRUE
"układność",0.918259023354565,1,"Imbir2016",6.47916666666667,"urbanity","core",TRUE
"chcenie",0.916489738145789,1,"Imbir2016",6.46,"to will","core",TRUE
"dyskryminacja",0.916489738145789,1,"Imbir2016",6.46,"discrimination","core",TRUE
"niepokój",0.916489738145789,1,"Imbir2016",6.46,"anxiety","core",TRUE
"przebaczenie",0.916489738145789,1,"Imbir2016",6.46,"forgiveness","core",TRUE
"stronniczość",0.916489738145789,1,"Imbir2016",6.46,"bias","core",TRUE
"uczynność",0.916489738145789,1,"Imbir2016",6.46,"helpfulness","core",TRUE
"zdolność",0.916489738145789,1,"Imbir2016",6.46,"talent","core",TRUE
"zniesławienie",0.916489738145789,1,"Imbir2016",6.46,"defamation","core",TRUE
"życzenie",0.916489738145789,1,"Imbir2016",6.46,"wish","core",TRUE
"perwersja",0.914720452937013,1,"Imbir2016",6.45833333333333,"perversion","core",TRUE
"cierpienie",0.914366595895258,1,"Imbir2016",6.45,"suffering","core",TRUE
"bezczelność",0.912420382165605,1,"Imbir2016",6.44,"insolence","core",TRUE
"fart",0.912420382165605,1,"Imbir2016",6.44,"to fluke","core",TRUE
"gruboskórność",0.912420382165605,1,"Imbir2016",6.44,"callousness","core",TRUE
"ignorancja",0.912420382165605,1,"Imbir2016",6.44,"ignorance","core",TRUE
"lekceważenie",0.912420382165605,1,"Imbir2016",6.44,"disregard","core",TRUE
"niecierpliwość",0.912420382165605,1,"Imbir2016",6.44,"impatience","core",TRUE
"nieudolność",0.912420382165605,1,"Imbir2016",6.44,"incompetence","core",TRUE
"spryt",0.912420382165605,1,"Imbir2016",6.44,"cleverness","core",TRUE
"szatan",0.912420382165605,1,"Imbir2016",6.44,"satan","core",TRUE
"wyzwolenie",0.912420382165605,1,"Imbir2016",6.44,"release","core",TRUE
"dogmat",0.910474168435952,1,"Imbir2016",6.42857142857143,"dogma","core",TRUE
"chaos",0.909943382873319,1,"Imbir2016",6.42,"chaos","core",TRUE
"desperacja",0.909943382873319,1,"Imbir2016",6.42,"desperation","core",TRUE
"kłótliwość",0.908527954706299,1,"Imbir2016",6.4,"puissance","core",TRUE
"podstępność",0.908527954706299,1,"Imbir2016",6.4,"craftiness","core",TRUE
"prostolinijność",0.908527954706299,1,"Imbir2016",6.4,"straightforwardness","core",TRUE
"respekt",0.908527954706299,1,"Imbir2016",6.4,"respect","core",TRUE
"rozkosz",0.908527954706299,1,"Imbir2016",6.4,"delight","core",TRUE
"zainteresowanie",0.908527954706299,1,"Imbir2016",6.4,"interest","core",TRUE
"nonsens",0.907289455060156,1,"Imbir2016",6.38775510204082,"nonsense","core",TRUE
"czas",0.905343241330502,1,"Imbir2016",6.38,"time","core",TRUE
"gniew",0.905343241330502,1,"Imbir2016",6.38,"anger","core",TRUE
"poszanowanie",0.905343241330502,1,"Imbir2016",6.38,"respect","core",TRUE
"święto",0.905343241330502,1,"Imbir2016",6.38,"holiday","core",TRUE
"świętoszkowaty",0.905343241330502,1,"Imbir2016",6.38,"prudish","core",TRUE
"systematyczność",0.905343241330502,1,"Imbir2016",6.38,"regularity","core",TRUE
"szansa",0.905343241330502,1,"Imbir2016",6.38,"chance","core",TRUE
"zaradność",0.905343241330502,1,"Imbir2016",6.38,"resourcefulness","core",TRUE
"złudzenie",0.905343241330502,1,"Imbir2016",6.38,"delusion","core",TRUE
"zrelaksowanie",0.905343241330502,1,"Imbir2016",6.38,"relax","core",TRUE
"swoboda",0.903397027600849,1,"Imbir2016",6.36734693877551,"freedom","core",TRUE
"marazm",0.903043170559094,1,"Imbir2016",6.36363636363636,"marasmus","core",TRUE
"kaprys",0.901450813871196,1,"Imbir2016",6.36,"fantasy","core",TRUE
"korzyść",0.901450813871196,1,"Imbir2016",6.36,"benefit","core",TRUE
"łatwowierność",0.901450813871196,1,"Imbir2016",6.36,"credulity","core",TRUE
"lekkomyślność",0.901450813871196,1,"Imbir2016",6.36,"recklessness","core",TRUE
"obowiązek",0.901450813871196,1,"Imbir2016",6.36,"duty","core",TRUE
"powinność",0.901450813871196,1,"Imbir2016",6.36,"should","core",TRUE
"zachwyt",0.901450813871196,1,"Imbir2016",6.36,"delight","core",TRUE
"zaciekłość",0.901450813871196,1,"Imbir2016",6.36,"obstinacy","core",TRUE
"agresywność",0.897735314932767,1,"Imbir2016",6.34,"aggressiveness","core",TRUE
"aura",0.897735314932767,1,"Imbir2016",6.34,"aura","core",TRUE
"brak",0.897735314932767,1,"Imbir2016",6.34,"lack","core",TRUE
"dobra",0.897735314932767,1,"Imbir2016",6.34,"goods","core",TRUE
"nieuprzejmość",0.897735314932767,1,"Imbir2016",6.34,"impoliteness","core",TRUE
"perfekcjonista",0.897735314932767,1,"Imbir2016",6.34,"perfectionist","core",TRUE
"pracowitość",0.897735314932767,1,"Imbir2016",6.34,"diligence","core",TRUE
"śmieszność",0.897735314932767,1,"Imbir2016",6.34,"ridicule","core",TRUE
"uspokojenie",0.897735314932767,1,"Imbir2016",6.34,"calm","core",TRUE
"wymagający",0.897735314932767,1,"Imbir2016",6.34,"demanding","core",TRUE
"wyniosłość",0.897735314932767,1,"Imbir2016",6.34,"haughtiness","core",TRUE
"wytrwałość",0.897735314932767,1,"Imbir2016",6.34,"perseverance","core",TRUE
"zaklęcie",0.897735314932767,1,"Imbir2016",6.34,"to spell","core",TRUE
"bezkarność",0.894373673036093,1,"Imbir2016",6.32,"impunity","core",TRUE
"łaskawy",0.894373673036093,1,"Imbir2016",6.32,"gracious","core",TRUE
"niewierność",0.894373673036093,1,"Imbir2016",6.32,"infidelity","core",TRUE
"obywatelski",0.894373673036093,1,"Imbir2016",6.32,"civic","core",TRUE
"pasywny",0.894373673036093,1,"Imbir2016",6.32,"passive","core",TRUE
"tendencja",0.894373673036093,1,"Imbir2016",6.32,"trend","core",TRUE
"ekstaza",0.89313517338995,1,"Imbir2016",6.30612244897959,"ecstasy","core",TRUE
"bystrość",0.89101203113942,1,"Imbir2016",6.3,"cuteness","core",TRUE
"maksyma",0.89101203113942,1,"Imbir2016",6.3,"maxim","core",TRUE
"niekompetencja",0.89101203113942,1,"Imbir2016",6.3,"incompetence","core",TRUE
"obrzydliwość",0.89101203113942,1,"Imbir2016",6.3,"disgust","core",TRUE
"przychylność",0.89101203113942,1,"Imbir2016",6.3,"favor","core",TRUE
"sukces",0.89101203113942,1,"Imbir2016",6.3,"success","core",TRUE
"tajemnica",0.89101203113942,1,"Imbir2016",6.3,"secret","core",TRUE
"zakłopotanie",0.89101203113942,1,"Imbir2016",6.3,"embarrassment","core",TRUE
"zawstydzenie",0.89101203113942,1,"Imbir2016",6.3,"abashment","core",TRUE
"zdziwienie",0.89101203113942,1,"Imbir2016",6.3,"astonishment","core",TRUE
"zmartwienie",0.89101203113942,1,"Imbir2016",6.3,"care","core",TRUE
"nuda",0.888181174805379,1,"Imbir2016",6.28,"ennui","core",TRUE
"opanowanie",0.888181174805379,1,"Imbir2016",6.28,"mastery","core",TRUE
"rozczarowanie",0.888181174805379,1,"Imbir2016",6.28,"disappointment","core",TRUE
"wstręt",0.888181174805379,1,"Imbir2016",6.28,"disgust","core",TRUE
"zażenowanie",0.888181174805379,1,"Imbir2016",6.28,"embarrassment","core",TRUE
"zapalczywość",0.887119603680113,1,"Imbir2016",6.26530612244898,"impetuosity","core",TRUE
"chamski",0.88517338995046,1,"Imbir2016",6.26,"boorish","core",TRUE
"groza",0.88517338995046,1,"Imbir2016",6.26,"terror","core",TRUE
"krnąbrność",0.88517338995046,1,"Imbir2016",6.26,"intractability","core",TRUE
"moc",0.88517338995046,1,"Imbir2016",6.26,"power","core",TRUE
"ośmieszenie",0.88517338995046,1,"Imbir2016",6.26,"ridicule","core",TRUE
"troska",0.88517338995046,1,"Imbir2016",6.26,"concern","core",TRUE
"udowadnianie",0.88517338995046,1,"Imbir2016",6.26,"proving","core",TRUE
"widowiskowość",0.88517338995046,1,"Imbir2016",6.26,"splendor","core",TRUE
"wymaganie",0.88517338995046,1,"Imbir2016",6.26,"requirement","core",TRUE
"zawiłość",0.88517338995046,1,"Imbir2016",6.26,"confused","core",TRUE
"oportunista",0.882519462137296,1,"Imbir2016",6.24,"opportunist","core",TRUE
"prymitywność",0.882519462137296,1,"Imbir2016",6.24,"primitiveness","core",TRUE
"taktowność",0.882519462137296,1,"Imbir2016",6.24,"tact","core",TRUE
"talent",0.882519462137296,1,"Imbir2016",6.24,"talent","core",TRUE
"zrozumienie",0.882519462137296,1,"Imbir2016",6.24,"understanding","core",TRUE
"splendor",0.881457891012031,1,"Imbir2016",6.22916666666667,"splendor","core",TRUE
"lęk",0.880042462845011,1,"Imbir2016",6.22,"anxiety","core",TRUE
"litościwy",0.880042462845011,1,"Imbir2016",6.22,"gracious","core",TRUE
"okrucieństwo",0.880042462845011,1,"Imbir2016",6.22,"cruelty","core",TRUE
"pożądanie",0.880042462845011,1,"Imbir2016",6.22,"desire","core",TRUE
"sztuczność",0.880042462845011,1,"Imbir2016",6.22,"artificiality","core",TRUE
"twórczość",0.880042462845011,1,"Imbir2016",6.22,"oeuvre","core",TRUE
"ukojenie",0.880042462845011,1,"Imbir2016",6.22,"relief","core",TRUE
"zawiedzenie",0.87862703467799,1,"Imbir2016",6.21,"disappointment","core",TRUE
"kłamstwo",0.877388535031847,1,"Imbir2016",6.2,"lie","core",TRUE
"obmyślanie",0.877388535031847,1,"Imbir2016",6.2,"conceiving","core",TRUE
"pasja",0.877388535031847,1,"Imbir2016",6.2,"passion","core",TRUE
"szok",0.877388535031847,1,"Imbir2016",6.2,"shock","core",TRUE
"zmartwiony",0.877388535031847,1,"Imbir2016",6.2,"troubled / upset","core",TRUE
"zrównoważenie",0.877388535031847,1,"Imbir2016",6.2,"balance","core",TRUE
"aspekt",0.876150035385704,1,"Imbir2016",6.18367346938776,"aspect","core",TRUE
"fuksem",0.874557678697806,1,"Imbir2016",6.18,"to fluke","core",TRUE
"gorliwość",0.874557678697806,1,"Imbir2016",6.18,"diligence","core",TRUE
"możliwość",0.874557678697806,1,"Imbir2016",6.18,"possibility","core",TRUE
"pogarda",0.874557678697806,1,"Imbir2016",6.18,"contempt / scorn","core",TRUE
"pomocność",0.874557678697806,1,"Imbir2016",6.18,"helpfulness","core",TRUE
"utrapienie",0.874557678697806,1,"Imbir2016",6.18,"nuisance","core",TRUE
"uzależnienie",0.874557678697806,1,"Imbir2016",6.18,"dependence","core",TRUE
"zjednoczenie",0.874557678697806,1,"Imbir2016",6.18,"union","core",TRUE
"afront",0.872965322009908,1,"Imbir2016",6.17073170731707,"affront","core",TRUE
"odraza",0.87137296532201,1,"Imbir2016",6.16,"loathing","core",TRUE
"ofiarność",0.87137296532201,1,"Imbir2016",6.16,"generosity","core",TRUE
"pamięć",0.87137296532201,1,"Imbir2016",6.16,"memory","core",TRUE
"pazerność",0.87137296532201,1,"Imbir2016",6.16,"greed","core",TRUE
"strach",0.87137296532201,1,"Imbir2016",6.16,"fear","core",TRUE
"tępota",0.87137296532201,1,"Imbir2016",6.16,"obtuseness","core",TRUE
"witalność",0.87137296532201,1,"Imbir2016",6.16,"vitality","core",TRUE
"wulgarność",0.87137296532201,1,"Imbir2016",6.16,"vulgarity","core",TRUE
"chęć",0.868719037508846,1,"Imbir2016",6.14,"desire","core",TRUE
"delikatność",0.868719037508846,1,"Imbir2016",6.14,"delicacy","core",TRUE
"niedbałość",0.868719037508846,1,"Imbir2016",6.14,"airiness","core",TRUE
"pogardzanie",0.868719037508846,1,"Imbir2016",6.14,"contempt","core",TRUE
"powierzchowny",0.868719037508846,1,"Imbir2016",6.14,"superficial","core",TRUE
"urok",0.868719037508846,1,"Imbir2016",6.14,"charm / glamour","core",TRUE
"zagniewanie",0.868719037508846,1,"Imbir2016",6.14,"wrath","core",TRUE
"zwycięstwo",0.867303609341826,1,"Imbir2016",6.13,"victory","core",TRUE
"chamstwo",0.865003538570418,1,"Imbir2016",6.12,"rabble","core",TRUE
"czar",0.865003538570418,1,"Imbir2016",6.12,"spell","core",TRUE
"depresja",0.865003538570418,1,"Imbir2016",6.12,"depression","core",TRUE
"niebezpieczeństwo",0.865003538570418,1,"Imbir2016",6.12,"danger","core",TRUE
"obowiązkowość",0.865003538570418,1,"Imbir2016",6.12,"duty","core",TRUE
"opieszałość",0.865003538570418,1,"Imbir2016",6.12,"tardiness","core",TRUE
"osiągnięcie",0.865003538570418,1,"Imbir2016",6.12,"achievement","core",TRUE
"ostrożność",0.865003538570418,1,"Imbir2016",6.12,"care","core",TRUE
"rozdrażnienie",0.865003538570418,1,"Imbir2016",6.12,"exasperation","core",TRUE
"samolubny",0.865003538570418,1,"Imbir2016",6.12,"selfish","core",TRUE
"wrogość",0.865003538570418,1,"Imbir2016",6.12,"hostility","core",TRUE
"zachcianki",0.865003538570418,1,"Imbir2016",6.12,"whims","core",TRUE
"atut",0.861818825194621,1,"Imbir2016",6.1,"trump","core",TRUE
"dzikość",0.861818825194621,1,"Imbir2016",6.1,"wildness","core",TRUE
"nerwowość",0.861818825194621,1,"Imbir2016",6.1,"nervousness","core",TRUE
"obrotność",0.861818825194621,1,"Imbir2016",6.1,"agility","core",TRUE
"raj",0.861818825194621,1,"Imbir2016",6.1,"paradise","core",TRUE
"trudność",0.861818825194621,1,"Imbir2016",6.1,"hitch","core",TRUE
"chwila",0.859695682944091,1,"Imbir2016",6.08,"moment","core",TRUE
"demon",0.859695682944091,1,"Imbir2016",6.08,"demon","core",TRUE
"niezadowolenie",0.859695682944091,1,"Imbir2016",6.08,"dissatisfaction","core",TRUE
"odprężenie",0.859695682944091,1,"Imbir2016",6.08,"relaxation","core",TRUE
"panika",0.859695682944091,1,"Imbir2016",6.08,"panic","core",TRUE
"zgodność",0.859695682944091,1,"Imbir2016",6.08,"compatibility","core",TRUE
"sława",0.858457183297948,1,"Imbir2016",6.06122448979592,"fame","core",TRUE
"fałszywy",0.856687898089172,1,"Imbir2016",6.06,"false","core",TRUE
"gburowaty",0.856687898089172,1,"Imbir2016",6.06,"surly","core",TRUE
"ładny",0.856687898089172,1,"Imbir2016",6.06,"cute / pretty","core",TRUE
"niebiosa",0.856687898089172,1,"Imbir2016",6.06,"heaven","core",TRUE
"opinia",0.856687898089172,1,"Imbir2016",6.06,"opinion","core",TRUE
"podejrzenie",0.856687898089172,1,"Imbir2016",6.06,"suspicion","core",TRUE
"porażka",0.856687898089172,1,"Imbir2016",6.06,"defeat","core",TRUE
"tabu",0.856687898089172,1,"Imbir2016",6.06,"taboo","core",TRUE
"triumf",0.856687898089172,1,"Imbir2016",6.06,"triumph","core",TRUE
"klęska",0.854033970276008,1,"Imbir2016",6.04,"defeat","core",TRUE
"moment",0.854033970276008,1,"Imbir2016",6.04,"moment","core",TRUE
"niedola",0.854033970276008,1,"Imbir2016",6.04,"distress","core",TRUE
"skąpy",0.854033970276008,1,"Imbir2016",6.04,"stingy","core",TRUE
"stan",0.854033970276008,1,"Imbir2016",6.04,"state","core",TRUE
"zaniepokojenie",0.854033970276008,1,"Imbir2016",6.04,"concern","core",TRUE
"obrzydzenie",0.852795470629865,1,"Imbir2016",6.02,"disgust","core",TRUE
"autonomia",0.851203113941967,1,"Imbir2016",6,"autonomy","core",TRUE
"frajda",0.851203113941967,1,"Imbir2016",6,"pleasure","core",TRUE
"gościnność",0.851203113941967,1,"Imbir2016",6,"hospitality","core",TRUE
"hardy",0.851203113941967,1,"Imbir2016",6,"proud","core",TRUE
"oszustwo",0.851203113941967,1,"Imbir2016",6,"deceit / fraud","core",TRUE
"przygnębienie",0.851203113941967,1,"Imbir2016",6,"depression","core",TRUE
"sadyzm",0.851203113941967,1,"Imbir2016",6,"sadism","core",TRUE
"zniechęcenie",0.851203113941967,1,"Imbir2016",6,"discouragement","core",TRUE
"energiczność",0.848372257607926,1,"Imbir2016",5.98,"vigor","core",TRUE
"komfort",0.848372257607926,1,"Imbir2016",5.98,"comfort","core",TRUE
"logiczność",0.848372257607926,1,"Imbir2016",5.98,"consistency","core",TRUE
"ponętność",0.848372257607926,1,"Imbir2016",5.98,"allureness","core",TRUE
"postęp",0.848372257607926,1,"Imbir2016",5.98,"progress","core",TRUE
"złość",0.848372257607926,1,"Imbir2016",5.98,"anger","core",TRUE
"zwycięski",0.848372257607926,1,"Imbir2016",5.98,"triumphant","core",TRUE
"zwyczaj",0.848372257607926,1,"Imbir2016",5.98,"custom","core",TRUE
"dokładność",0.846072186836518,1,"Imbir2016",5.96,"accuracy","core",TRUE
"marnotrastwo",0.846072186836518,1,"Imbir2016",5.96,"waste","core",TRUE
"prawo",0.846072186836518,1,"Imbir2016",5.96,"right","core",TRUE
"relaks",0.846072186836518,1,"Imbir2016",5.96,"relaxation","core",TRUE
"uporczywy",0.846072186836518,1,"Imbir2016",5.96,"persistent","core",TRUE
"chytry",0.84377211606511,1,"Imbir2016",5.94,"sly","core",TRUE
"konsekwencja",0.84377211606511,1,"Imbir2016",5.94,"consequence","core",TRUE
"napastliwość",0.84377211606511,1,"Imbir2016",5.94,"aggressiveness","core",TRUE
"oschłość",0.84377211606511,1,"Imbir2016",5.94,"coldness","core",TRUE
"plugawstwo",0.84377211606511,1,"Imbir2016",5.94,"filth","core",TRUE
"skąpstwo",0.84377211606511,1,"Imbir2016",5.94,"avarice","core",TRUE
"uwolnienie",0.84377211606511,1,"Imbir2016",5.94,"release","core",TRUE
"wytchnienie",0.84377211606511,1,"Imbir2016",5.94,"respite","core",TRUE
"pasywność",0.842179759377212,1,"Imbir2016",5.93877551020408,"passivity","core",TRUE
"tragedia",0.841825902335457,1,"Imbir2016",5.93,"tragedy","core",TRUE
"kontekst",0.840764331210191,1,"Imbir2016",5.92,"context","core",TRUE
"kryzys",0.840764331210191,1,"Imbir2016",5.92,"crisis","core",TRUE
"niepowodzenie",0.840764331210191,1,"Imbir2016",5.92,"failure","core",TRUE
"rezygnacja",0.840764331210191,1,"Imbir2016",5.92,"resignation","core",TRUE
"wyzwanie",0.840764331210191,1,"Imbir2016",5.92,"challenge","core",TRUE
"faza",0.839702760084926,1,"Imbir2016",5.91836734693878,"phase","core",TRUE
"fuks",0.838818117480538,1,"Imbir2016",5.9,"to fluke","core",TRUE
"humory",0.838818117480538,1,"Imbir2016",5.9,"whims","core",TRUE
"ułomność",0.838818117480538,1,"Imbir2016",5.9,"handicap","core",TRUE
"zbawca",0.838818117480538,1,"Imbir2016",5.9,"savior","core",TRUE
"gderliwość",0.83793347487615,1,"Imbir2016",5.89795918367347,"grumpiness","core",TRUE
"humor",0.835987261146497,1,"Imbir2016",5.88,"humor","core",TRUE
"łgarstwo",0.835987261146497,1,"Imbir2016",5.88,"lie","core",TRUE
"nieuctwo",0.835987261146497,1,"Imbir2016",5.88,"ignorance","core",TRUE
"niezręczność",0.835987261146497,1,"Imbir2016",5.88,"clumsiness","core",TRUE
"norma",0.835987261146497,1,"Imbir2016",5.88,"norm","core",TRUE
"priorytet",0.835987261146497,1,"Imbir2016",5.88,"priority","core",TRUE
"przekonywanie",0.835987261146497,1,"Imbir2016",5.88,"convincing","core",TRUE
"rozbawienie",0.835987261146497,1,"Imbir2016",5.88,"amusement","core",TRUE
"wrogi",0.835987261146497,1,"Imbir2016",5.88,"hostile","core",TRUE
"załamanie",0.835987261146497,1,"Imbir2016",5.88,"breakdown","core",TRUE
"bezład",0.833864118895966,1,"Imbir2016",5.87755102040816,"confused","core",TRUE
"powab",0.833864118895966,1,"Imbir2016",5.87755102040816,"loveliness","core",TRUE
"rygor",0.832625619249823,1,"Imbir2016",5.86,"rigor","core",TRUE
"ryzykowny",0.832625619249823,1,"Imbir2016",5.86,"adventurous","core",TRUE
"umysł",0.832625619249823,1,"Imbir2016",5.86,"mind","core",TRUE
"użyteczność",0.832625619249823,1,"Imbir2016",5.86,"utility","core",TRUE
"wygoda",0.832625619249823,1,"Imbir2016",5.86,"convenience","core",TRUE
"mrzonka",0.831564048124558,1,"Imbir2016",5.85714285714286,"daydream","core",TRUE
"animusz",0.831210191082803,1,"Imbir2016",5.84210526315789,"pep","core",TRUE
"bliskość",0.830148619957537,1,"Imbir2016",5.84,"proximity","core",TRUE
"budda",0.830148619957537,1,"Imbir2016",5.84,"buddha","core",TRUE
"sprzeciw",0.830148619957537,1,"Imbir2016",5.84,"objection","core",TRUE
"srogi",0.830148619957537,1,"Imbir2016",5.84,"stern","core",TRUE
"terror",0.830148619957537,1,"Imbir2016",5.84,"terror","core",TRUE
"trans",0.829087048832272,1,"Imbir2016",5.83333333333333,"trance","core",TRUE
"jakość",0.827671620665251,1,"Imbir2016",5.82,"quality","core",TRUE
"kpiny",0.827671620665251,1,"Imbir2016",5.82,"ridicule","core",TRUE
"łatwy",0.827671620665251,1,"Imbir2016",5.82,"easy","core",TRUE
"narzekanie",0.827671620665251,1,"Imbir2016",5.82,"complaint","core",TRUE
"podniecenie",0.827671620665251,1,"Imbir2016",5.82,"excitement","core",TRUE
"pretekst",0.827671620665251,1,"Imbir2016",5.82,"pretext","core",TRUE
"strapiony",0.827671620665251,1,"Imbir2016",5.82,"distressed","core",TRUE
"niezdarność",0.825371549893843,1,"Imbir2016",5.8,"clumsiness","core",TRUE
"pragnienie",0.825371549893843,1,"Imbir2016",5.8,"desire","core",TRUE
"sposób",0.825371549893843,1,"Imbir2016",5.8,"manner","core",TRUE
"święta",0.825371549893843,1,"Imbir2016",5.8,"holidays","core",TRUE
"władza",0.825371549893843,1,"Imbir2016",5.8,"authority","core",TRUE
"żałoba",0.825371549893843,1,"Imbir2016",5.8,"bereavement","core",TRUE
"takt",0.8241330502477,1,"Imbir2016",5.79591836734694,"tact","core",TRUE
"bunt",0.822540693559802,1,"Imbir2016",5.78,"revolt","core",TRUE
"passa",0.822540693559802,1,"Imbir2016",5.78,"streaks","core",TRUE
"punktualność",0.822540693559802,1,"Imbir2016",5.78,"punctuality","core",TRUE
"speszenie",0.822540693559802,1,"Imbir2016",5.78,"confused","core",TRUE
"stronnictwo",0.822540693559802,1,"Imbir2016",5.78,"party","core",TRUE
"styl",0.822540693559802,1,"Imbir2016",5.78,"style","core",TRUE
"wina",0.822540693559802,1,"Imbir2016",5.78,"fault","core",TRUE
"zręczność",0.822540693559802,1,"Imbir2016",5.78,"dexterity","core",TRUE
"niedoborem",0.820771408351026,1,"Imbir2016",5.77551020408163,"deficient","core",TRUE
"słabowitość",0.820771408351026,1,"Imbir2016",5.77551020408163,"valetudinarianism","core",TRUE
"awanturnictwo",0.819355980184006,1,"Imbir2016",5.76,"fussiness","core",TRUE
"historia",0.819355980184006,1,"Imbir2016",5.76,"history","core",TRUE
"kicz",0.819355980184006,1,"Imbir2016",5.76,"kitsch","core",TRUE
"rozpusta",0.819355980184006,1,"Imbir2016",5.76,"debauchery","core",TRUE
"trud",0.819355980184006,1,"Imbir2016",5.76,"to toil","core",TRUE
"wątek",0.819355980184006,1,"Imbir2016",5.76,"wire","core",TRUE
"otępienie",0.818117480537863,1,"Imbir2016",5.75510204081633,"stupor","core",TRUE
"dyscyplina",0.816702052370842,1,"Imbir2016",5.74,"discipline","core",TRUE
"groźba",0.816702052370842,1,"Imbir2016",5.74,"menace","core",TRUE
"integrowanie",0.816702052370842,1,"Imbir2016",5.74,"integration","core",TRUE
"nadużycie",0.816702052370842,1,"Imbir2016",5.74,"abuse","core",TRUE
"skandal",0.816702052370842,1,"Imbir2016",5.74,"scandal / outrage","core",TRUE
"wyzyskiwanie",0.816702052370842,1,"Imbir2016",5.74,"exploitation","core",TRUE
"zdrada",0.816702052370842,1,"Imbir2016",5.74,"betrayal","core",TRUE
"muza",0.815286624203822,1,"Imbir2016",5.73469387755102,"muse","core",TRUE
"brutalność",0.813340410474168,1,"Imbir2016",5.72,"brutality","core",TRUE
"flirt",0.813340410474168,1,"Imbir2016",5.72,"flirt","core",TRUE
"kochanie",0.813340410474168,1,"Imbir2016",5.72,"sweetheart","core",TRUE
"konflikt",0.813340410474168,1,"Imbir2016",5.72,"conflict","core",TRUE
"ochota",0.813340410474168,1,"Imbir2016",5.72,"desire","core",TRUE
"podziękowania",0.813340410474168,1,"Imbir2016",5.72,"thanks","core",TRUE
"powód",0.813340410474168,1,"Imbir2016",5.72,"reason","core",TRUE
"rodzaj",0.813340410474168,1,"Imbir2016",5.72,"kind","core",TRUE
"stres",0.813340410474168,1,"Imbir2016",5.72,"stress","core",TRUE
"wybuchowość",0.813340410474168,1,"Imbir2016",5.72,"explosiveness","core",TRUE
"fetysz",0.81104033970276,1,"Imbir2016",5.7,"fetish","core",TRUE
"krzywdzenie",0.81104033970276,1,"Imbir2016",5.7,"harming","core",TRUE
"legenda",0.81104033970276,1,"Imbir2016",5.7,"legend","core",TRUE
"błąd",0.809978768577495,1,"Imbir2016",5.68,"mistake","core",TRUE
"odzyskanie",0.809978768577495,1,"Imbir2016",5.68,"recapture","core",TRUE
"skrzywdzenie",0.809978768577495,1,"Imbir2016",5.68,"harm","core",TRUE
"przymus",0.809271054493984,1,"Imbir2016",5.6734693877551,"coercion","core",TRUE
"kiepski",0.807855626326964,1,"Imbir2016",5.66,"poor","core",TRUE
"nieład",0.807855626326964,1,"Imbir2016",5.66,"clutter","core",TRUE
"niewygoda",0.807855626326964,1,"Imbir2016",5.66,"discomfort","core",TRUE
"opcja",0.807855626326964,1,"Imbir2016",5.66,"option","core",TRUE
"przełom",0.807855626326964,1,"Imbir2016",5.66,"breakthrough","core",TRUE
"wyspanie",0.807855626326964,1,"Imbir2016",5.66,"to get a good sleep","core",TRUE
"życie",0.807855626326964,1,"Imbir2016",5.66,"life","core",TRUE
"blef",0.805732484076433,1,"Imbir2016",5.64,"bluff","core",TRUE
"ekstrawertyk",0.805732484076433,1,"Imbir2016",5.64,"extroverted","core",TRUE
"nawyk",0.805732484076433,1,"Imbir2016",5.64,"habit","core",TRUE
"zagubienie",0.805732484076433,1,"Imbir2016",5.64,"loss","core",TRUE
"zaślepienie",0.805732484076433,1,"Imbir2016",5.64,"infatuation","core",TRUE
"pikanteria",0.80378627034678,1,"Imbir2016",5.62,"zest","core",TRUE
"podnieta",0.80378627034678,1,"Imbir2016",5.62,"stimulant","core",TRUE
"roszczenie",0.80378627034678,1,"Imbir2016",5.62,"claim","core",TRUE
"ulżenie",0.80378627034678,1,"Imbir2016",5.62,"relieve","core",TRUE
"wybór",0.80378627034678,1,"Imbir2016",5.62,"choice","core",TRUE
"zarzut",0.80378627034678,1,"Imbir2016",5.62,"plea","core",TRUE
"atmosfera",0.802016985138004,1,"Imbir2016",5.6,"atmosphere","core",TRUE
"cel",0.802016985138004,1,"Imbir2016",5.6,"target","core",TRUE
"czystość",0.802016985138004,1,"Imbir2016",5.6,"purity","core",TRUE
"uwaga",0.802016985138004,1,"Imbir2016",5.6,"note","core",TRUE
"anioł",0.800070771408351,1,"Imbir2016",5.58,"angel","core",TRUE
"elastyczność",0.800070771408351,1,"Imbir2016",5.58,"flexible","core",TRUE
"energia",0.800070771408351,1,"Imbir2016",5.58,"energy","core",TRUE
"hipochondryk",0.800070771408351,1,"Imbir2016",5.58,"hypochondriac","core",TRUE
"oszacowanie",0.800070771408351,1,"Imbir2016",5.58,"to estimate","core",TRUE
"pomaganie",0.800070771408351,1,"Imbir2016",5.58,"help","core",TRUE
"strata",0.800070771408351,1,"Imbir2016",5.58,"loss","core",TRUE
"guru",0.797416843595187,1,"Imbir2016",5.56,"guru","core",TRUE
"milutki",0.797416843595187,1,"Imbir2016",5.56,"cute","core",TRUE
"naiwniaczek",0.797416843595187,1,"Imbir2016",5.56,"dupe","core",TRUE
"pożegnanie",0.797416843595187,1,"Imbir2016",5.56,"farewell","core",TRUE
"ubóstwo",0.797416843595187,1,"Imbir2016",5.56,"poverty","core",TRUE
"wydajność",0.797416843595187,1,"Imbir2016",5.56,"performance","core",TRUE
"zmęczenie",0.797416843595187,1,"Imbir2016",5.56,"fatigue","core",TRUE
"zmieszanie",0.797416843595187,1,"Imbir2016",5.56,"fuddle","core",TRUE
"farsa",0.79582448690729,1,"Imbir2016",5.54166666666667,"farce","core",TRUE
"tworzenie",0.795293701344657,1,"Imbir2016",5.54,"formation","core",TRUE
"zagadka",0.795293701344657,1,"Imbir2016",5.54,"puzzle","core",TRUE
"agresja",0.793878273177636,1,"Imbir2016",5.52,"aggression","core",TRUE
"męka",0.793878273177636,1,"Imbir2016",5.52,"torment","core",TRUE
"nędza",0.793878273177636,1,"Imbir2016",5.52,"misery / hardship","core",TRUE
"przygoda",0.793878273177636,1,"Imbir2016",5.52,"adventure","core",TRUE
"standard",0.793878273177636,1,"Imbir2016",5.52,"norm","core",TRUE
"wsparcie",0.793878273177636,1,"Imbir2016",5.52,"support","core",TRUE
"bieda",0.79140127388535,1,"Imbir2016",5.5,"poverty","core",TRUE
"bogactwo",0.79140127388535,1,"Imbir2016",5.5,"wealth","core",TRUE
"geniusz",0.79140127388535,1,"Imbir2016",5.5,"genius","core",TRUE
"gorycz",0.79140127388535,1,"Imbir2016",5.5,"bitterness","core",TRUE
"luksus",0.79140127388535,1,"Imbir2016",5.5,"luxury","core",TRUE
"niespodzianka",0.79140127388535,1,"Imbir2016",5.5,"surprise","core",TRUE
"spławienie",0.79140127388535,1,"Imbir2016",5.5,"brush-off","core",TRUE
"żwawy",0.79140127388535,1,"Imbir2016",5.5,"snappy","core",TRUE
"pośpiech",0.789808917197452,1,"Imbir2016",5.48979591836735,"rush","core",TRUE
"problem",0.788747346072187,1,"Imbir2016",5.48,"problem","core",TRUE
"tchórz",0.788747346072187,1,"Imbir2016",5.48,"coward","core",TRUE
"uczynek",0.788747346072187,1,"Imbir2016",5.48,"deed","core",TRUE
"zapominalski",0.788747346072187,1,"Imbir2016",5.48,"forgetful","core",TRUE
"zaszczucie",0.788747346072187,1,"Imbir2016",5.48,"hounded","core",TRUE
"duch",0.786978060863411,1,"Imbir2016",5.46,"spirit","core",TRUE
"kontrolowania",0.786978060863411,1,"Imbir2016",5.46,"controlling","core",TRUE
"kontrolowanie",0.786978060863411,1,"Imbir2016",5.46,"controlling","core",TRUE
"lesbijski",0.786978060863411,1,"Imbir2016",5.46,"lesbian","core",TRUE
"podstęp",0.786978060863411,1,"Imbir2016",5.46,"trick","core",TRUE
"błaganie",0.785562632696391,1,"Imbir2016",5.44,"entreaty","core",TRUE
"kłopot",0.785562632696391,1,"Imbir2016",5.44,"trouble","core",TRUE
"wspieranie",0.785562632696391,1,"Imbir2016",5.44,"support","core",TRUE
"edukacja",0.783793347487615,1,"Imbir2016",5.42,"education","core",TRUE
"groteska",0.783793347487615,1,"Imbir2016",5.42,"grotesque","core",TRUE
"heretyk",0.783793347487615,1,"Imbir2016",5.42,"heretic","core",TRUE
"koniec",0.783793347487615,1,"Imbir2016",5.42,"end","core",TRUE
"moda",0.783793347487615,1,"Imbir2016",5.42,"fashion","core",TRUE
"śmierć",0.783793347487615,1,"Imbir2016",5.42,"death","core",TRUE
"ustalanie",0.783793347487615,1,"Imbir2016",5.42,"setting","core",TRUE
"agonia",0.781847133757962,1,"Imbir2016",5.40816326530612,"agony","core",TRUE
"ciemnota",0.781847133757962,1,"Imbir2016",5.40816326530612,"ignorance","core",TRUE
"diabeł",0.781847133757962,1,"Imbir2016",5.40816326530612,"devil","core",TRUE
"niższość",0.781847133757962,1,"Imbir2016",5.40816326530612,"inferiority","core",TRUE
"bezrobocie",0.779723991507431,1,"Imbir2016",5.4,"unemployment","core",TRUE
"gwarancja",0.779723991507431,1,"Imbir2016",5.4,"guarantee","core",TRUE
"motyw",0.779723991507431,1,"Imbir2016",5.4,"motive","core",TRUE
"naiwniak",0.779723991507431,1,"Imbir2016",5.4,"sucker","core",TRUE
"pozdrowienie",0.779723991507431,1,"Imbir2016",5.4,"salute","core",TRUE
"rutyna",0.779723991507431,1,"Imbir2016",5.4,"routine","core",TRUE
"wymówka",0.779723991507431,1,"Imbir2016",5.4,"excuse","core",TRUE
"wyzdrowienie",0.779723991507431,1,"Imbir2016",5.4,"recovery","core",TRUE
"azyl",0.777777777777778,1,"Imbir2016",5.38775510204082,"asylum","core",TRUE
"mistyk",0.777777777777778,1,"Imbir2016",5.38775510204082,"mystic","core",TRUE
"słabeusz",0.777777777777778,1,"Imbir2016",5.38775510204082,"weakling","core",TRUE
"paszkwil",0.777070063694268,1,"Imbir2016",5.38461538461539,"pamphlet","core",TRUE
"pomyłka",0.775831564048125,1,"Imbir2016",5.38,"blunder","core",TRUE
"równowaga",0.775831564048125,1,"Imbir2016",5.38,"balance","core",TRUE
"usidlenie",0.775831564048125,1,"Imbir2016",5.38,"ensnare","core",TRUE
"wersja",0.775831564048125,1,"Imbir2016",5.38,"version","core",TRUE
"wyzysk",0.775831564048125,1,"Imbir2016",5.38,"exploitation","core",TRUE
"zasada",0.775831564048125,1,"Imbir2016",5.38,"rule","core",TRUE
"kanon",0.774062278839349,1,"Imbir2016",5.36,"canon","core",TRUE
"patriota",0.774062278839349,1,"Imbir2016",5.36,"patriot","core",TRUE
"produktywny",0.774062278839349,1,"Imbir2016",5.36,"productive","core",TRUE
"spór",0.774062278839349,1,"Imbir2016",5.36,"dispute","core",TRUE
"obfitość",0.771939136588818,1,"Imbir2016",5.34,"abundance","core",TRUE
"początek",0.771939136588818,1,"Imbir2016",5.34,"start","core",TRUE
"rzadki",0.771939136588818,1,"Imbir2016",5.34,"scarce","core",TRUE
"tandeta",0.771939136588818,1,"Imbir2016",5.34,"trash","core",TRUE
"ulepszenie",0.771939136588818,1,"Imbir2016",5.34,"improvement","core",TRUE
"utrudnienie",0.771939136588818,1,"Imbir2016",5.34,"handicap","core",TRUE
"zadatki",0.771939136588818,1,"Imbir2016",5.34,"smack","core",TRUE
"zmieszany",0.771939136588818,1,"Imbir2016",5.34,"confused","core",TRUE
"ból",0.769108280254777,1,"Imbir2016",5.32,"ache / pain","core",TRUE
"oczyszczenie",0.769108280254777,1,"Imbir2016",5.32,"purification","core",TRUE
"okazja",0.769108280254777,1,"Imbir2016",5.32,"chance","core",TRUE
"status",0.769108280254777,1,"Imbir2016",5.32,"status","core",TRUE
"sztuka",0.769108280254777,1,"Imbir2016",5.32,"art","core",TRUE
"wpływ",0.769108280254777,1,"Imbir2016",5.32,"influence","core",TRUE
"zagrożenie",0.769108280254777,1,"Imbir2016",5.32,"threat","core",TRUE
"zakres",0.769108280254777,1,"Imbir2016",5.32,"range","core",TRUE
"koszmar",0.767162066525124,1,"Imbir2016",5.3,"nightmare","core",TRUE
"wyczyn",0.767162066525124,1,"Imbir2016",5.3,"stunt","core",TRUE
"zwinność",0.767162066525124,1,"Imbir2016",5.3,"agility","core",TRUE
"odświeżenie",0.766454352441614,1,"Imbir2016",5.28571428571429,"refreshment","core",TRUE
"chorowitość",0.765923566878981,1,"Imbir2016",5.28,"sickliness","core",TRUE
"metoda",0.765923566878981,1,"Imbir2016",5.28,"method","core",TRUE
"graal",0.765392781316348,1,"Imbir2016",5.26530612244898,"grail","core",TRUE
"rozrywka",0.76450813871196,1,"Imbir2016",5.26,"entertainment","core",TRUE
"siła",0.76450813871196,1,"Imbir2016",5.26,"force","core",TRUE
"wdrażanie",0.76450813871196,1,"Imbir2016",5.26,"down","core",TRUE
"zdrowie",0.76450813871196,1,"Imbir2016",5.26,"health","core",TRUE
"dziki",0.76309271054494,1,"Imbir2016",5.24,"wild","core",TRUE
"sfera",0.76309271054494,1,"Imbir2016",5.24,"sphere","core",TRUE
"szaleniec",0.76309271054494,1,"Imbir2016",5.24,"madman","core",TRUE
"zwycięzca",0.76309271054494,1,"Imbir2016",5.24,"winner","core",TRUE
"bałaganiarstwo",0.761500353857042,1,"Imbir2016",5.22,"untidiness","core",TRUE
"chorobliwy",0.761500353857042,1,"Imbir2016",5.22,"morbid","core",TRUE
"głupiec",0.761500353857042,1,"Imbir2016",5.22,"sucker","core",TRUE
"system",0.761500353857042,1,"Imbir2016",5.22,"system","core",TRUE
"ukaranie",0.761500353857042,1,"Imbir2016",5.22,"punishment","core",TRUE
"idiota",0.759731068648266,1,"Imbir2016",5.2,"idiot","core",TRUE
"maniak",0.759731068648266,1,"Imbir2016",5.2,"maniac","core",TRUE
"obcy",0.759731068648266,1,"Imbir2016",5.2,"alien","core",TRUE
"paskudztwo",0.759731068648266,1,"Imbir2016",5.2,"eyesore","core",TRUE
"przekształcanie",0.759731068648266,1,"Imbir2016",5.2,"transformation","core",TRUE
"gafa",0.758669497523001,1,"Imbir2016",5.18367346938776,"blunder","core",TRUE
"dziedzina",0.757784854918613,1,"Imbir2016",5.18,"branch","core",TRUE
"masakra",0.757784854918613,1,"Imbir2016",5.18,"massacre","core",TRUE
"przestrzeń",0.757784854918613,1,"Imbir2016",5.18,"space","core",TRUE
"wpadka",0.757784854918613,1,"Imbir2016",5.18,"blunder","core",TRUE
"posuwisty",0.756900212314225,1,"Imbir2016",5.16326530612245,"swinging","core",TRUE
"nazwa",0.756192498230715,1,"Imbir2016",5.16,"name","core",TRUE
"rozmowny",0.756192498230715,1,"Imbir2016",5.16,"talkative","core",TRUE
"szantaż",0.756192498230715,1,"Imbir2016",5.16,"blackmail","core",TRUE
"aktywność",0.755307855626327,1,"Imbir2016",5.14,"activity","core",TRUE
"zatrudnienie",0.755307855626327,1,"Imbir2016",5.14,"employment","core",TRUE
"recesja",0.754777070063694,1,"Imbir2016",5.13333333333333,"recession","core",TRUE
"hop",0.754423213021939,1,"Imbir2016",5.12765957446809,"hop","core",TRUE
"przekleństwo",0.753892427459306,1,"Imbir2016",5.12244897959184,"curse","core",TRUE
"sabat",0.753892427459306,1,"Imbir2016",5.12244897959184,"sabbath","core",TRUE
"rozpiętość",0.753007784854919,1,"Imbir2016",5.12,"spread","core",TRUE
"sprawa",0.753007784854919,1,"Imbir2016",5.12,"deal","core",TRUE
"typ",0.753007784854919,1,"Imbir2016",5.12,"type","core",TRUE
"poryw",0.752300070771408,1,"Imbir2016",5.10204081632653,"gust","core",TRUE
"godzina",0.751061571125265,1,"Imbir2016",5.1,"hour","core",TRUE
"nimfa",0.751061571125265,1,"Imbir2016",5.1,"nymph","core",TRUE
"odpoczynek",0.751061571125265,1,"Imbir2016",5.1,"rest","core",TRUE
"poganin",0.751061571125265,1,"Imbir2016",5.1,"heathen","core",TRUE
"satyra",0.751061571125265,1,"Imbir2016",5.1,"satire","core",TRUE
"tępy",0.751061571125265,1,"Imbir2016",5.1,"blunt","core",TRUE
"czekanie",0.748938428874735,1,"Imbir2016",5.08,"waiting","core",TRUE
"kara",0.748938428874735,1,"Imbir2016",5.08,"penalty/ punishment","core",TRUE
"pieszczota",0.748938428874735,1,"Imbir2016",5.08,"caress","core",TRUE
"poezja",0.748938428874735,1,"Imbir2016",5.08,"poetry","core",TRUE
"szybkość",0.748938428874735,1,"Imbir2016",5.08,"to fast","core",TRUE
"wypoczynek",0.748938428874735,1,"Imbir2016",5.08,"rest","core",TRUE
"pomoc",0.747523000707714,1,"Imbir2016",5.06122448979592,"help","core",TRUE
"wigilia",0.747523000707714,1,"Imbir2016",5.06122448979592,"christmas eve","core",TRUE
"rada",0.746638358103326,1,"Imbir2016",5.06,"advice","core",TRUE
"rozmazany",0.746638358103326,1,"Imbir2016",5.06,"smeared","core",TRUE
"ubogi",0.746638358103326,1,"Imbir2016",5.06,"scanty","core",TRUE
"ofensywa",0.745930644019816,1,"Imbir2016",5.04081632653061,"offensive","core",TRUE
"awans",0.744692144373673,1,"Imbir2016",5.04,"promotion","core",TRUE
"degradacja",0.744692144373673,1,"Imbir2016",5.04,"degradation","core",TRUE
"elf",0.744692144373673,1,"Imbir2016",5.04,"elf","core",TRUE
"maminsynek",0.744692144373673,1,"Imbir2016",5.04,"sissy","core",TRUE
"plotka",0.744692144373673,1,"Imbir2016",5.04,"gossip","core",TRUE
"uwięzienie",0.744692144373673,1,"Imbir2016",5.04,"imprisonment","core",TRUE
"żargon",0.74345364472753,1,"Imbir2016",5.02083333333333,"jargon","core",TRUE
"krucjata",0.742922859164897,1,"Imbir2016",5.02040816326531,"crusade","core",TRUE
"laik",0.742922859164897,1,"Imbir2016",5.02040816326531,"layman","core",TRUE
"chorowity",0.741684359518754,1,"Imbir2016",5.02,"sickly","core",TRUE
"kazirodztwo",0.741684359518754,1,"Imbir2016",5.02,"incest","core",TRUE
"niepełnosprawność",0.741684359518754,1,"Imbir2016",5.02,"handicap","core",TRUE
"rytm",0.741684359518754,1,"Imbir2016",5.02,"rhythm","core",TRUE
"spowiedź",0.741684359518754,1,"Imbir2016",5.02,"confession","core",TRUE
"bojkot",0.739384288747346,1,"Imbir2016",5,"boycott","core",TRUE
"psota",0.739384288747346,1,"Imbir2016",5,"mischief","core",TRUE
"ruchliwość",0.739384288747346,1,"Imbir2016",5,"mobility","core",TRUE
"sen",0.739384288747346,1,"Imbir2016",5,"dream","core",TRUE
"słowo",0.739384288747346,1,"Imbir2016",5,"word","core",TRUE
"swada",0.739384288747346,1,"Imbir2016",5,"zest","core",TRUE
"szyk",0.739384288747346,1,"Imbir2016",5,"chic","core",TRUE
"żart",0.739384288747346,1,"Imbir2016",5,"joke","core",TRUE
"przestępstwo",0.737791932059448,1,"Imbir2016",4.98,"crime","core",TRUE
"czyn",0.737084217975938,1,"Imbir2016",4.96,"deed","core",TRUE
"luzak",0.737084217975938,1,"Imbir2016",4.96,"easygoing","core",TRUE
"wykonywanie",0.737084217975938,1,"Imbir2016",4.96,"implementing","core",TRUE
"aktualności",0.736376503892427,1,"Imbir2016",4.95918367346939,"news","core",TRUE
"kłótnia",0.734961075725407,1,"Imbir2016",4.94,"quarrel","core",TRUE
"opieka",0.734961075725407,1,"Imbir2016",4.94,"care","core",TRUE
"pakt",0.734961075725407,1,"Imbir2016",4.94,"pact","core",TRUE
"ratunek",0.734961075725407,1,"Imbir2016",4.94,"rescue","core",TRUE
"sekta",0.734961075725407,1,"Imbir2016",4.94,"sect","core",TRUE
"skarżypyta",0.734961075725407,1,"Imbir2016",4.94,"talebearer","core",TRUE
"uprowadzenie",0.734961075725407,1,"Imbir2016",4.94,"abduction","core",TRUE
"transgresja",0.733545647558386,1,"Imbir2016",4.92307692307692,"transgression","core",TRUE
"alkoholizm",0.732661004953999,1,"Imbir2016",4.92,"alcoholism","core",TRUE
"drogi",0.732661004953999,1,"Imbir2016",4.92,"dear","core",TRUE
"milczenie",0.732661004953999,1,"Imbir2016",4.92,"silence","core",TRUE
"pauza",0.732661004953999,1,"Imbir2016",4.92,"pause","core",TRUE
"kontrola",0.731776362349611,1,"Imbir2016",4.91836734693878,"control","core",TRUE
"chrzest",0.73036093418259,1,"Imbir2016",4.9,"baptism","core",TRUE
"minus",0.73036093418259,1,"Imbir2016",4.9,"minus","core",TRUE
"obrzęd",0.73036093418259,1,"Imbir2016",4.9,"rite","core",TRUE
"próba",0.73036093418259,1,"Imbir2016",4.9,"to attempt","core",TRUE
"rozprzestrzenienie",0.73036093418259,1,"Imbir2016",4.9,"spread","core",TRUE
"stary",0.73036093418259,1,"Imbir2016",4.9,"old","core",TRUE
"uratowanie",0.73036093418259,1,"Imbir2016",4.9,"rescue","core",TRUE
"kolor",0.728591648973815,1,"Imbir2016",4.88,"color","core",TRUE
"przemoc",0.728591648973815,1,"Imbir2016",4.88,"violence","core",TRUE
"zniżka",0.728591648973815,1,"Imbir2016",4.88,"discount","core",TRUE
"opisywanie",0.727530077848549,1,"Imbir2016",4.86,"describing","core",TRUE
"skarga",0.727530077848549,1,"Imbir2016",4.86,"complaint","core",TRUE
"wykonanie",0.727530077848549,1,"Imbir2016",4.86,"execution","core",TRUE
"formowanie",0.726114649681529,1,"Imbir2016",4.84,"formation","core",TRUE
"horror",0.726114649681529,1,"Imbir2016",4.84,"horror movie","core",TRUE
"kazanie",0.726114649681529,1,"Imbir2016",4.84,"sermon","core",TRUE
"spojrzenie",0.726114649681529,1,"Imbir2016",4.84,"glance","core",TRUE
"zwierzęcy",0.726114649681529,1,"Imbir2016",4.84,"animal","core",TRUE
"klocowaty",0.724699221514508,1,"Imbir2016",4.83673469387755,"log","core",TRUE
"obserwowanie",0.724699221514508,1,"Imbir2016",4.83673469387755,"observation","core",TRUE
"tonacja",0.724699221514508,1,"Imbir2016",4.83673469387755,"pitch","core",TRUE
"bohater",0.722576079263977,1,"Imbir2016",4.82,"hero","core",TRUE
"chłodny",0.722576079263977,1,"Imbir2016",4.82,"frigid","core",TRUE
"hulanka",0.722576079263977,1,"Imbir2016",4.82,"party","core",TRUE
"interes",0.722576079263977,1,"Imbir2016",4.82,"business","core",TRUE
"lizus",0.722576079263977,1,"Imbir2016",4.82,"toady","core",TRUE
"separowanie",0.722576079263977,1,"Imbir2016",4.82,"separation","core",TRUE
"snob",0.722576079263977,1,"Imbir2016",4.82,"snob","core",TRUE
"strefa",0.722576079263977,1,"Imbir2016",4.82,"zone","core",TRUE
"wzorzec",0.722576079263977,1,"Imbir2016",4.82,"pattern","core",TRUE
"krewki",0.720806794055202,1,"Imbir2016",4.81395348837209,"irascible","core",TRUE
"dowcip",0.719391365888181,1,"Imbir2016",4.8,"wit","core",TRUE
"muzyka",0.719391365888181,1,"Imbir2016",4.8,"music","core",TRUE
"odcień",0.719391365888181,1,"Imbir2016",4.8,"tint","core",TRUE
"protest",0.719391365888181,1,"Imbir2016",4.8,"protest","core",TRUE
"przemówienie",0.719391365888181,1,"Imbir2016",4.8,"speech","core",TRUE
"skrytobójca",0.719391365888181,1,"Imbir2016",4.8,"assassin","core",TRUE
"wróg",0.719391365888181,1,"Imbir2016",4.8,"enemy","core",TRUE
"data",0.717091295116773,1,"Imbir2016",4.78,"date","core",TRUE
"rozdzielenie",0.717091295116773,1,"Imbir2016",4.78,"separation","core",TRUE
"tytuł",0.717091295116773,1,"Imbir2016",4.78,"title","core",TRUE
"złośnica",0.717091295116773,1,"Imbir2016",4.78,"shrew","core",TRUE
"znacznik",0.717091295116773,1,"Imbir2016",4.78,"filling card","core",TRUE
"zombie",0.717091295116773,1,"Imbir2016",4.78,"zombie","core",TRUE
"bilans",0.713906581740977,1,"Imbir2016",4.76,"balance","core",TRUE
"brytyjski",0.713906581740977,1,"Imbir2016",4.76,"british","core",TRUE
"fakt",0.713906581740977,1,"Imbir2016",4.76,"fact","core",TRUE
"idol",0.713906581740977,1,"Imbir2016",4.76,"idol","core",TRUE
"istota",0.713906581740977,1,"Imbir2016",4.76,"being","core",TRUE
"ofiara",0.713906581740977,1,"Imbir2016",4.76,"victim","core",TRUE
"plus",0.713906581740977,1,"Imbir2016",4.76,"plus","core",TRUE
"prędkość",0.713906581740977,1,"Imbir2016",4.76,"speed","core",TRUE
"tempo",0.713906581740977,1,"Imbir2016",4.76,"pace","core",TRUE
"wykroczenie",0.713906581740977,1,"Imbir2016",4.76,"misdeed","core",TRUE
"zniszczenie",0.713906581740977,1,"Imbir2016",4.76,"destruction","core",TRUE
"zysk",0.713906581740977,1,"Imbir2016",4.76,"profit","core",TRUE
"szczegół",0.711606510969568,1,"Imbir2016",4.74,"detail","core",TRUE
"gamma",0.711252653927813,1,"Imbir2016",4.72916666666667,"gamma","core",TRUE
"orbitowanie",0.710898796886058,1,"Imbir2016",4.72340425531915,"orbit","core",TRUE
"rozwód",0.710368011323425,1,"Imbir2016",4.72,"divorce","core",TRUE
"sztuczka",0.710368011323425,1,"Imbir2016",4.72,"trick","core",TRUE
"krzepki",0.70930644019816,1,"Imbir2016",4.7,"burly","core",TRUE
"powitanie",0.70930644019816,1,"Imbir2016",4.7,"greeting","core",TRUE
"seria",0.70930644019816,1,"Imbir2016",4.7,"series","core",TRUE
"wskazówka",0.70930644019816,1,"Imbir2016",4.7,"tip","core",TRUE
"konfident",0.708244869072895,1,"Imbir2016",4.69387755102041,"confident","core",TRUE
"nisza",0.708244869072895,1,"Imbir2016",4.69387755102041,"niche","core",TRUE
"dystans",0.706652512384996,1,"Imbir2016",4.68,"distance","core",TRUE
"minuta",0.706652512384996,1,"Imbir2016",4.68,"minute","core",TRUE
"mówienie",0.706652512384996,1,"Imbir2016",4.68,"speech","core",TRUE
"północ",0.706652512384996,1,"Imbir2016",4.68,"north","core",TRUE
"promocja",0.706652512384996,1,"Imbir2016",4.68,"promotion","core",TRUE
"randka",0.706652512384996,1,"Imbir2016",4.68,"date","core",TRUE
"wiek",0.706652512384996,1,"Imbir2016",4.68,"century","core",TRUE
"akcent",0.70417551309271,1,"Imbir2016",4.66,"accent","core",TRUE
"orgazm",0.70417551309271,1,"Imbir2016",4.66,"orgasm","core",TRUE
"potwór",0.70417551309271,1,"Imbir2016",4.66,"monster","core",TRUE
"robienie",0.70417551309271,1,"Imbir2016",4.66,"making","core",TRUE
"rok",0.70417551309271,1,"Imbir2016",4.66,"year","core",TRUE
"skala",0.70417551309271,1,"Imbir2016",4.66,"scale","core",TRUE
"termin",0.70417551309271,1,"Imbir2016",4.66,"term","core",TRUE
"segmentowanie",0.70276008492569,1,"Imbir2016",4.64583333333334,"segmenting","core",TRUE
"kłamca",0.701875442321302,1,"Imbir2016",4.64,"liar","core",TRUE
"nieszczelność",0.701875442321302,1,"Imbir2016",4.64,"leak","core",TRUE
"podpowiedź",0.701875442321302,1,"Imbir2016",4.64,"prompt","core",TRUE
"zniewolenie",0.701875442321302,1,"Imbir2016",4.64,"enslavement","core",TRUE
"czarownica",0.700460014154282,1,"Imbir2016",4.62,"witch","core",TRUE
"patent",0.700460014154282,1,"Imbir2016",4.62,"patent","core",TRUE
"prędki",0.700460014154282,1,"Imbir2016",4.62,"swift","core",TRUE
"słodki",0.700460014154282,1,"Imbir2016",4.62,"sweet","core",TRUE
"bodziec",0.699044585987261,1,"Imbir2016",4.6,"incentive","core",TRUE
"frajer",0.699044585987261,1,"Imbir2016",4.6,"loser","core",TRUE
"granica",0.699044585987261,1,"Imbir2016",4.6,"border","core",TRUE
"średnia",0.699044585987261,1,"Imbir2016",4.6,"average","core",TRUE
"akwaforta",0.698159943382873,1,"Imbir2016",4.58823529411765,"etching","core",TRUE
"nabycie",0.69692144373673,1,"Imbir2016",4.58,"acquisition","core",TRUE
"nicpoń",0.69692144373673,1,"Imbir2016",4.58,"failure","core",TRUE
"premia",0.69692144373673,1,"Imbir2016",4.58,"bonus","core",TRUE
"wygląd",0.69692144373673,1,"Imbir2016",4.58,"appearance","core",TRUE
"wynik",0.69692144373673,1,"Imbir2016",4.58,"score","core",TRUE
"zobojętnienie",0.69692144373673,1,"Imbir2016",4.58,"neutralization","core",TRUE
"bogactwa",0.6947983014862,1,"Imbir2016",4.56,"riches","core",TRUE
"chuderlawy",0.6947983014862,1,"Imbir2016",4.56,"weak","core",TRUE
"giętkość",0.6947983014862,1,"Imbir2016",4.56,"flexible","core",TRUE
"kwartał",0.6947983014862,1,"Imbir2016",4.56,"quarter","core",TRUE
"obolałość",0.6947983014862,1,"Imbir2016",4.56,"ache","core",TRUE
"połączenie",0.6947983014862,1,"Imbir2016",4.56,"link","core",TRUE
"katastrofa",0.692321302193914,1,"Imbir2016",4.54,"disaster","core",TRUE
"powiększenie",0.692321302193914,1,"Imbir2016",4.54,"zoom","core",TRUE
"przyjaciel",0.692321302193914,1,"Imbir2016",4.54,"friend","core",TRUE
"rola",0.692321302193914,1,"Imbir2016",4.54,"role","core",TRUE
"rozszczepienie",0.692321302193914,1,"Imbir2016",4.54,"split","core",TRUE
"sezon",0.692321302193914,1,"Imbir2016",4.54,"season","core",TRUE
"smak",0.692321302193914,1,"Imbir2016",4.54,"taste","core",TRUE
"tortura",0.692321302193914,1,"Imbir2016",4.54,"torture","core",TRUE
"belgijski",0.690021231422505,1,"Imbir2016",4.52,"belgian","core",TRUE
"karma",0.690021231422505,1,"Imbir2016",4.52,"karma","core",TRUE
"wydarzenie",0.690021231422505,1,"Imbir2016",4.52,"event","core",TRUE
"wysiłek",0.690021231422505,1,"Imbir2016",4.52,"effort","core",TRUE
"zdanie",0.690021231422505,1,"Imbir2016",4.52,"sentence/sense","core",TRUE
"liczba",0.688075017692852,1,"Imbir2016",4.5,"number","core",TRUE
"melodia",0.688075017692852,1,"Imbir2016",4.5,"melody","core",TRUE
"poświata",0.688075017692852,1,"Imbir2016",4.5,"glow","core",TRUE
"ratrakowanie",0.688075017692852,1,"Imbir2016",4.5,"groomed","core",TRUE
"rzemiosło",0.688075017692852,1,"Imbir2016",4.5,"craft","core",TRUE
"tembr",0.688075017692852,1,"Imbir2016",4.5,"timbre","core",TRUE
"obrońca",0.686836518046709,1,"Imbir2016",4.48979591836735,"defender","core",TRUE
"odpowiedź",0.685951875442321,1,"Imbir2016",4.48,"answer","core",TRUE
"wakacje",0.685951875442321,1,"Imbir2016",4.48,"holiday","core",TRUE
"zabawa",0.685951875442321,1,"Imbir2016",4.48,"fun","core",TRUE
"zawartość",0.685951875442321,1,"Imbir2016",4.48,"contents","core",TRUE
"obława",0.684890304317056,1,"Imbir2016",4.46938775510204,"round-up","core",TRUE
"ochrona",0.684890304317056,1,"Imbir2016",4.46938775510204,"protection","core",TRUE
"doping",0.682590233545648,1,"Imbir2016",4.46,"doping","core",TRUE
"kontakt",0.682590233545648,1,"Imbir2016",4.46,"contact","core",TRUE
"marka",0.682590233545648,1,"Imbir2016",4.46,"brand","core",TRUE
"nagroda",0.682590233545648,1,"Imbir2016",4.46,"award","core",TRUE
"pytanie",0.682590233545648,1,"Imbir2016",4.46,"question","core",TRUE
"śmiech",0.682590233545648,1,"Imbir2016",4.46,"laughter","core",TRUE
"ton",0.682590233545648,1,"Imbir2016",4.46,"tone","core",TRUE
"urodziny",0.682590233545648,1,"Imbir2016",4.46,"birthday","core",TRUE
"wiotki",0.682590233545648,1,"Imbir2016",4.46,"flabby","core",TRUE
"wymiana",0.682590233545648,1,"Imbir2016",4.46,"exchange","core",TRUE
"wyrok",0.682590233545648,1,"Imbir2016",4.46,"judgment","core",TRUE
"jazgot",0.679405520169851,1,"Imbir2016",4.44,"clamor","core",TRUE
"plan",0.679405520169851,1,"Imbir2016",4.44,"plan","core",TRUE
"pozycja",0.679405520169851,1,"Imbir2016",4.44,"item","core",TRUE
"start",0.679405520169851,1,"Imbir2016",4.44,"start","core",TRUE
"szorstki",0.679405520169851,1,"Imbir2016",4.44,"rough","core",TRUE
"westchnienie",0.679405520169851,1,"Imbir2016",4.44,"sigh","core",TRUE
"zbrodnia",0.679405520169851,1,"Imbir2016",4.44,"crime","core",TRUE
"wolt",0.677990092002831,1,"Imbir2016",4.4375,"volt","core",TRUE
"czerwonawy",0.676751592356688,1,"Imbir2016",4.42,"reddish","core",TRUE
"dreszczyk",0.676751592356688,1,"Imbir2016",4.42,"thrill","core",TRUE
"komedia",0.676751592356688,1,"Imbir2016",4.42,"comedy","core",TRUE
"krzywy",0.676751592356688,1,"Imbir2016",4.42,"crooked","core",TRUE
"przemysł",0.676751592356688,1,"Imbir2016",4.42,"industry","core",TRUE
"wampir",0.676751592356688,1,"Imbir2016",4.42,"vampire","core",TRUE
"blady",0.674274593064402,1,"Imbir2016",4.4,"pale","core",TRUE
"łowiectwo",0.674274593064402,1,"Imbir2016",4.4,"hunting","core",TRUE
"modelowanie",0.674274593064402,1,"Imbir2016",4.4,"modeling","core",TRUE
"oszczędności",0.674274593064402,1,"Imbir2016",4.4,"savings","core",TRUE
"poniedziałek",0.674274593064402,1,"Imbir2016",4.4,"monday","core",TRUE
"programowanie",0.674274593064402,1,"Imbir2016",4.4,"programming","core",TRUE
"sadysta",0.674274593064402,1,"Imbir2016",4.4,"sadist","core",TRUE
"upadek",0.674274593064402,1,"Imbir2016",4.4,"fall","core",TRUE
"mrowienie",0.672505307855626,1,"Imbir2016",4.38775510204082,"tingle","core",TRUE
"urodzenie",0.672505307855626,1,"Imbir2016",4.38775510204082,"birth","core",TRUE
"jaskrawy",0.670559094125973,1,"Imbir2016",4.38,"stark","core",TRUE
"malarstwo",0.670559094125973,1,"Imbir2016",4.38,"genre","core",TRUE
"mistrz",0.670559094125973,1,"Imbir2016",4.38,"champion","core",TRUE
"niebo",0.670559094125973,1,"Imbir2016",4.38,"sky","core",TRUE
"obliczanie",0.670559094125973,1,"Imbir2016",4.38,"calculation","core",TRUE
"rozpisywanie",0.670559094125973,1,"Imbir2016",4.38,"writing in a long way","core",TRUE
"solo",0.670559094125973,1,"Imbir2016",4.38,"solo","core",TRUE
"unik",0.670559094125973,1,"Imbir2016",4.38,"to dodge","core",TRUE
"zwolnienie",0.670559094125973,1,"Imbir2016",4.38,"dismissal","core",TRUE
"ciśnienie",0.668435951875442,1,"Imbir2016",4.36,"pressure","core",TRUE
"donosiciel",0.668435951875442,1,"Imbir2016",4.36,"informer","core",TRUE
"suma",0.668435951875442,1,"Imbir2016",4.36,"sum","core",TRUE
"bajka",0.666843595187544,1,"Imbir2016",4.34,"fable","core",TRUE
"logowanie",0.666843595187544,1,"Imbir2016",4.34,"login","core",TRUE
"mutacja",0.666843595187544,1,"Imbir2016",4.34,"mutation","core",TRUE
"pilotowanie",0.666843595187544,1,"Imbir2016",4.34,"pilotage","core",TRUE
"serwowanie",0.666843595187544,1,"Imbir2016",4.34,"serving","core",TRUE
"sesja",0.666843595187544,1,"Imbir2016",4.34,"session","core",TRUE
"drań",0.664720452937013,1,"Imbir2016",4.32,"cad","core",TRUE
"kolaborant",0.664720452937013,1,"Imbir2016",4.32,"confident/ collaborator","core",TRUE
"pogoda",0.664720452937013,1,"Imbir2016",4.32,"wheather","core",TRUE
"promieniowanie",0.664720452937013,1,"Imbir2016",4.32,"radiation","core",TRUE
"wezwanie",0.664720452937013,1,"Imbir2016",4.32,"call","core",TRUE
"zadanie",0.664720452937013,1,"Imbir2016",4.32,"errand","core",TRUE
"medycyna",0.662420382165605,1,"Imbir2016",4.3,"medicine","core",TRUE
"nerwy",0.662420382165605,1,"Imbir2016",4.3,"nerves","core",TRUE
"orgia",0.662420382165605,1,"Imbir2016",4.3,"orgy","core",TRUE
"pieszczoch",0.662420382165605,1,"Imbir2016",4.3,"pet","core",TRUE
"struktura",0.662420382165605,1,"Imbir2016",4.3,"framework","core",TRUE
"umowa",0.662420382165605,1,"Imbir2016",4.3,"agreement","core",TRUE
"wróżka",0.662420382165605,1,"Imbir2016",4.3,"fairy","core",TRUE
"gibki",0.660828025477707,1,"Imbir2016",4.28571428571429,"limber","core",TRUE
"przetaczanie",0.660828025477707,1,"Imbir2016",4.28571428571429,"marshalling/ transfusion","core",TRUE
"brzęczenie",0.659589525831564,1,"Imbir2016",4.28,"to buzz","core",TRUE
"głód",0.659589525831564,1,"Imbir2016",4.28,"hunger","core",TRUE
"posiadacz",0.659589525831564,1,"Imbir2016",4.28,"possessor","core",TRUE
"ustawa",0.659589525831564,1,"Imbir2016",4.28,"deed","core",TRUE
"zapach",0.659589525831564,1,"Imbir2016",4.28,"fragrance","core",TRUE
"pomiot",0.658527954706299,1,"Imbir2016",4.26086956521739,"offspring","core",TRUE
"malutki",0.657820240622788,1,"Imbir2016",4.26,"tiny","core",TRUE
"tyran",0.657820240622788,1,"Imbir2016",4.26,"tyrant","core",TRUE
"wieczór",0.657820240622788,1,"Imbir2016",4.26,"evening","core",TRUE
"buntownik",0.655343241330502,1,"Imbir2016",4.24,"rebel","core",TRUE
"mrok",0.655343241330502,1,"Imbir2016",4.24,"gloom","core",TRUE
"południe",0.655343241330502,1,"Imbir2016",4.24,"south","core",TRUE
"przód",0.655343241330502,1,"Imbir2016",4.24,"front","core",TRUE
"skaza",0.655343241330502,1,"Imbir2016",4.24,"stain","core",TRUE
"walentynka",0.655343241330502,1,"Imbir2016",4.24,"valentine","core",TRUE
"wynajem",0.655343241330502,1,"Imbir2016",4.24,"rent","core",TRUE
"zdobycz",0.655343241330502,1,"Imbir2016",4.24,"prey","core",TRUE
"zdrajca",0.655343241330502,1,"Imbir2016",4.24,"traitor","core",TRUE
"znak",0.655343241330502,1,"Imbir2016",4.24,"sign","core",TRUE
"zryw",0.655343241330502,1,"Imbir2016",4.24,"spurt","core",TRUE
"lato",0.653220099079972,1,"Imbir2016",4.22448979591837,"summer","core",TRUE
"fundusz",0.652158527954706,1,"Imbir2016",4.22,"fund","core",TRUE
"oferta",0.652158527954706,1,"Imbir2016",4.22,"tender","core",TRUE
"plaga",0.652158527954706,1,"Imbir2016",4.22,"scourge","core",TRUE
"samobójstwo",0.652158527954706,1,"Imbir2016",4.22,"suicide","core",TRUE
"środowisko",0.652158527954706,1,"Imbir2016",4.22,"environment","core",TRUE
"dług",0.650212314225053,1,"Imbir2016",4.2,"debt","core",TRUE
"gładki",0.650212314225053,1,"Imbir2016",4.2,"smooth","core",TRUE
"grymas",0.650212314225053,1,"Imbir2016",4.2,"grimace","core",TRUE
"łajdak",0.650212314225053,1,"Imbir2016",4.2,"bastard","core",TRUE
"reszta",0.650212314225053,1,"Imbir2016",4.2,"rest","core",TRUE
"saga",0.650212314225053,1,"Imbir2016",4.2,"saga","core",TRUE
"furażerka",0.64897381457891,1,"Imbir2016",4.18181818181818,"forage cap","core",TRUE
"emerytura",0.646850672328379,1,"Imbir2016",4.18,"pension","core",TRUE
"hałas",0.646850672328379,1,"Imbir2016",4.18,"noise","core",TRUE
"krwisty",0.646850672328379,1,"Imbir2016",4.18,"sanguineous","core",TRUE
"miliard",0.646850672328379,1,"Imbir2016",4.18,"billion","core",TRUE
"młode",0.646850672328379,1,"Imbir2016",4.18,"cub","core",TRUE
"ruchomy",0.646850672328379,1,"Imbir2016",4.18,"mobile","core",TRUE
"smok",0.646850672328379,1,"Imbir2016",4.18,"dragon","core",TRUE
"staż",0.646850672328379,1,"Imbir2016",4.18,"internship","core",TRUE
"świat",0.646850672328379,1,"Imbir2016",4.18,"world","core",TRUE
"wpisywanie",0.646850672328379,1,"Imbir2016",4.18,"typing","core",TRUE
"ziemisty",0.646850672328379,1,"Imbir2016",4.18,"pale","core",TRUE
"dupek",0.642781316348195,1,"Imbir2016",4.16,"asshole","core",TRUE
"forma",0.642781316348195,1,"Imbir2016",4.16,"mold","core",TRUE
"nieczystości",0.642781316348195,1,"Imbir2016",4.16,"filth","core",TRUE
"poprawka",0.642781316348195,1,"Imbir2016",4.16,"amendment","core",TRUE
"poziom",0.642781316348195,1,"Imbir2016",4.16,"level","core",TRUE
"rozkład",0.642781316348195,1,"Imbir2016",4.16,"distribution","core",TRUE
"szturchanie",0.642781316348195,1,"Imbir2016",4.16,"poke","core",TRUE
"trafienie",0.642781316348195,1,"Imbir2016",4.16,"hit","core",TRUE
"transportowanie",0.642781316348195,1,"Imbir2016",4.16,"carriage","core",TRUE
"uszkodzenie",0.642781316348195,1,"Imbir2016",4.16,"damage","core",TRUE
"zdobienie",0.642781316348195,1,"Imbir2016",4.16,"ornament","core",TRUE
"zmierzch",0.642781316348195,1,"Imbir2016",4.16,"twilight","core",TRUE
"strofa",0.640481245576787,1,"Imbir2016",4.14285714285714,"strophe","core",TRUE
"atak",0.638711960368011,1,"Imbir2016",4.14,"assault /attack","core",TRUE
"atakowanie",0.638711960368011,1,"Imbir2016",4.14,"attacking","core",TRUE
"bestia",0.638711960368011,1,"Imbir2016",4.14,"beast","core",TRUE
"ferie",0.638711960368011,1,"Imbir2016",4.14,"holidays","core",TRUE
"impotencja",0.638711960368011,1,"Imbir2016",4.14,"impotence","core",TRUE
"interpretator",0.638711960368011,1,"Imbir2016",4.14,"interpreter","core",TRUE
"ogłaszanie",0.638711960368011,1,"Imbir2016",4.14,"publication","core",TRUE
"skinienie",0.638711960368011,1,"Imbir2016",4.14,"nod","core",TRUE
"widok",0.638711960368011,1,"Imbir2016",4.14,"view","core",TRUE
"impotent",0.636058032554848,1,"Imbir2016",4.12,"impotent","core",TRUE
"krzyk",0.636058032554848,1,"Imbir2016",4.12,"cry","core",TRUE
"pokaz",0.636058032554848,1,"Imbir2016",4.12,"show","core",TRUE
"region",0.636058032554848,1,"Imbir2016",4.12,"region","core",TRUE
"schemat",0.636058032554848,1,"Imbir2016",4.12,"diagram","core",TRUE
"szumowiny",0.636058032554848,1,"Imbir2016",4.12,"scum","core",TRUE
"kołowanie",0.634819532908705,1,"Imbir2016",4.10204081632653,"taxiing","core",TRUE
"elektryczność",0.633404104741684,1,"Imbir2016",4.1,"electricity","core",TRUE
"kruchy",0.633404104741684,1,"Imbir2016",4.1,"fragile","core",TRUE
"milion",0.633404104741684,1,"Imbir2016",4.1,"million","core",TRUE
"natura",0.633404104741684,1,"Imbir2016",4.1,"nature","core",TRUE
"praca",0.633404104741684,1,"Imbir2016",4.1,"labor","core",TRUE
"uderzenie",0.633404104741684,1,"Imbir2016",4.1,"stroke","core",TRUE
"wiosna",0.633404104741684,1,"Imbir2016",4.1,"spring","core",TRUE
"ekskrementy",0.631988676574664,1,"Imbir2016",4.09756097560976,"excrement","core",TRUE
"echo",0.630927105449398,1,"Imbir2016",4.08,"echo","core",TRUE
"handel",0.630927105449398,1,"Imbir2016",4.08,"trade","core",TRUE
"jednostka",0.630927105449398,1,"Imbir2016",4.08,"unit","core",TRUE
"ślub",0.630927105449398,1,"Imbir2016",4.08,"wedding","core",TRUE
"zamieszki",0.630927105449398,1,"Imbir2016",4.08,"riot","core",TRUE
"kwarta",0.629865534324133,1,"Imbir2016",4.06382978723404,"quart","core",TRUE
"dzień",0.628450106157112,1,"Imbir2016",4.06,"day","core",TRUE
"hasło",0.628450106157112,1,"Imbir2016",4.06,"slogan","core",TRUE
"lider",0.628450106157112,1,"Imbir2016",4.06,"leader","core",TRUE
"melodyjka",0.628450106157112,1,"Imbir2016",4.06,"tune","core",TRUE
"nałogowiec",0.628450106157112,1,"Imbir2016",4.06,"addict","core",TRUE
"podwładny",0.628450106157112,1,"Imbir2016",4.06,"subordinate","core",TRUE
"trop",0.628450106157112,1,"Imbir2016",4.06,"trail","core",TRUE
"klika",0.627034677990092,1,"Imbir2016",4.04255319148936,"clique","core",TRUE
"hazard",0.626150035385704,1,"Imbir2016",4.04,"gamble","core",TRUE
"podstawa",0.626150035385704,1,"Imbir2016",4.04,"base","core",TRUE
"rozbój",0.626150035385704,1,"Imbir2016",4.04,"robbery","core",TRUE
"uduszenie",0.626150035385704,1,"Imbir2016",4.04,"suffocation","core",TRUE
"gram",0.623319179051663,1,"Imbir2016",4.02,"gram","core",TRUE
"kłaść",0.623319179051663,1,"Imbir2016",4.02,"to lay","core",TRUE
"magazynowanie",0.623319179051663,1,"Imbir2016",4.02,"storage","core",TRUE
"majątek",0.623319179051663,1,"Imbir2016",4.02,"fortune","core",TRUE
"obywatel",0.623319179051663,1,"Imbir2016",4.02,"citizen","core",TRUE
"smród",0.623319179051663,1,"Imbir2016",4.02,"stench","core",TRUE
"soczysty",0.623319179051663,1,"Imbir2016",4.02,"luscious","core",TRUE
"spadek",0.623319179051663,1,"Imbir2016",4.02,"fall","core",TRUE
"środki",0.623319179051663,1,"Imbir2016",4.02,"means","core",TRUE
"stawka",0.623319179051663,1,"Imbir2016",4.02,"rate","core",TRUE
"swędzenie",0.623319179051663,1,"Imbir2016",4.02,"itch","core",TRUE
"test",0.623319179051663,1,"Imbir2016",4.02,"test","core",TRUE
"centrum",0.618542108987969,1,"Imbir2016",4,"hub","core",TRUE
"chłód",0.618542108987969,1,"Imbir2016",4,"chill","core",TRUE
"dezerter",0.618542108987969,1,"Imbir2016",4,"deserter","core",TRUE
"fetor",0.618542108987969,1,"Imbir2016",4,"stench","core",TRUE
"łasuch",0.618542108987969,1,"Imbir2016",4,"guzzler","core",TRUE
"partia",0.618542108987969,1,"Imbir2016",4,"party","core",TRUE
"pisanie",0.618542108987969,1,"Imbir2016",4,"writing","core",TRUE
"pojemność",0.618542108987969,1,"Imbir2016",4,"capacity","core",TRUE
"powieszenie",0.618542108987969,1,"Imbir2016",4,"hanging","core",TRUE
"promień",0.618542108987969,1,"Imbir2016",4,"ray","core",TRUE
"przemyt",0.618542108987969,1,"Imbir2016",4,"smuggling","core",TRUE
"rozmiar",0.618542108987969,1,"Imbir2016",4,"size","core",TRUE
"ruch",0.618542108987969,1,"Imbir2016",4,"traffic","core",TRUE
"wścieklizna",0.618542108987969,1,"Imbir2016",4,"rabies","core",TRUE
"zaznacz",0.618542108987969,1,"Imbir2016",4,"tick","core",TRUE
"miejsce",0.615003538570418,1,"Imbir2016",3.98,"place","core",TRUE
"otyłość",0.615003538570418,1,"Imbir2016",3.98,"obesity","core",TRUE
"podróż",0.615003538570418,1,"Imbir2016",3.98,"travel","core",TRUE
"rozdrabnianie",0.615003538570418,1,"Imbir2016",3.98,"shredding","core",TRUE
"wciskanie",0.615003538570418,1,"Imbir2016",3.98,"poke","core",TRUE
"lesbijka",0.612880396319887,1,"Imbir2016",3.96,"lesbian","core",TRUE
"pakowanie",0.612880396319887,1,"Imbir2016",3.96,"packaging","core",TRUE
"plakatowanie",0.612880396319887,1,"Imbir2016",3.96,"placarding","core",TRUE
"puchaty",0.612880396319887,1,"Imbir2016",3.96,"rested","core",TRUE
"reumatyzm",0.612880396319887,1,"Imbir2016",3.96,"rheumatism","core",TRUE
"stromy",0.612880396319887,1,"Imbir2016",3.96,"steep","core",TRUE
"wojna",0.612880396319887,1,"Imbir2016",3.96,"war","core",TRUE
"oprawianie",0.611464968152866,1,"Imbir2016",3.95918367346939,"binding","core",TRUE
"wole",0.611111111111111,1,"Imbir2016",3.95238095238095,"crop","core",TRUE
"długodystansowiec",0.610049539985846,1,"Imbir2016",3.94,"stayer","core",TRUE
"rodzina",0.610049539985846,1,"Imbir2016",3.94,"family","core",TRUE
"tęgi",0.610049539985846,1,"Imbir2016",3.94,"stout","core",TRUE
"wschód",0.610049539985846,1,"Imbir2016",3.94,"east","core",TRUE
"zboczeniec",0.610049539985846,1,"Imbir2016",3.94,"pervert","core",TRUE
"ochra",0.60898796886058,1,"Imbir2016",3.9375,"ocher","core",TRUE
"barbarzyńca",0.606510969568294,1,"Imbir2016",3.92,"barbarian","core",TRUE
"brawa",0.606510969568294,1,"Imbir2016",3.92,"applause","core",TRUE
"ćwiczenie",0.606510969568294,1,"Imbir2016",3.92,"exercise","core",TRUE
"część",0.606510969568294,1,"Imbir2016",3.92,"part","core",TRUE
"dzierżawa",0.606510969568294,1,"Imbir2016",3.92,"lease","core",TRUE
"goły",0.606510969568294,1,"Imbir2016",3.92,"nude","core",TRUE
"oszust",0.606510969568294,1,"Imbir2016",3.92,"crook","core",TRUE
"rysowanie",0.606510969568294,1,"Imbir2016",3.92,"drawing","core",TRUE
"tarot",0.606510969568294,1,"Imbir2016",3.92,"tarot","core",TRUE
"toast",0.606510969568294,1,"Imbir2016",3.92,"toast","core",TRUE
"uśmiech",0.606510969568294,1,"Imbir2016",3.92,"grin","core",TRUE
"wrzask",0.606510969568294,1,"Imbir2016",3.92,"shriek","core",TRUE
"zachód",0.606510969568294,1,"Imbir2016",3.92,"west","core",TRUE
"klimat",0.60244161358811,1,"Imbir2016",3.9,"climate","core",TRUE
"kradzież",0.60244161358811,1,"Imbir2016",3.9,"theft","core",TRUE
"marszczenie",0.60244161358811,1,"Imbir2016",3.9,"ruffle","core",TRUE
"miesiąc",0.60244161358811,1,"Imbir2016",3.9,"month","core",TRUE
"okrzyki",0.60244161358811,1,"Imbir2016",3.9,"cheers","core",TRUE
"piątka",0.60244161358811,1,"Imbir2016",3.9,"five / a grade","core",TRUE
"podrażnienie",0.60244161358811,1,"Imbir2016",3.9,"irritation","core",TRUE
"połysk",0.60244161358811,1,"Imbir2016",3.9,"shine","core",TRUE
"punk",0.60244161358811,1,"Imbir2016",3.9,"punk","core",TRUE
"szlachta",0.60244161358811,1,"Imbir2016",3.9,"nobility","core",TRUE
"kartel",0.600495399858457,1,"Imbir2016",3.8974358974359,"cartel","core",TRUE
"cena",0.598903043170559,1,"Imbir2016",3.88,"price","core",TRUE
"karykatura",0.598903043170559,1,"Imbir2016",3.88,"pamphlet / caricature","core",TRUE
"koszty",0.598903043170559,1,"Imbir2016",3.88,"costs","core",TRUE
"metr",0.598903043170559,1,"Imbir2016",3.88,"meter","core",TRUE
"powieść",0.598903043170559,1,"Imbir2016",3.88,"novel","core",TRUE
"przyjęcie",0.598903043170559,1,"Imbir2016",3.88,"party","core",TRUE
"stanowisko",0.598903043170559,1,"Imbir2016",3.88,"position","core",TRUE
"właściciel",0.598903043170559,1,"Imbir2016",3.88,"possessor","core",TRUE
"bufor",0.597310686482661,1,"Imbir2016",3.875,"buffer","core",TRUE
"awaria",0.596249115357396,1,"Imbir2016",3.86,"breakdown","core",TRUE
"jesień",0.596249115357396,1,"Imbir2016",3.86,"autumn","core",TRUE
"kac",0.596249115357396,1,"Imbir2016",3.86,"hangover","core",TRUE
"sygnał",0.596249115357396,1,"Imbir2016",3.86,"signal","core",TRUE
"włamanie",0.596249115357396,1,"Imbir2016",3.86,"burglary","core",TRUE
"oda",0.59518754423213,1,"Imbir2016",3.85714285714286,"ode","core",TRUE
"mimoza",0.594833687190375,1,"Imbir2016",3.85,"mimosa","core",TRUE
"detal",0.592887473460722,1,"Imbir2016",3.84,"detail","core",TRUE
"egzaminy",0.592887473460722,1,"Imbir2016",3.84,"exams","core",TRUE
"nudności",0.592887473460722,1,"Imbir2016",3.84,"nausea","core",TRUE
"odór",0.592887473460722,1,"Imbir2016",3.84,"smell","core",TRUE
"pop",0.592887473460722,1,"Imbir2016",3.84,"to pop","core",TRUE
"psalm",0.592887473460722,1,"Imbir2016",3.84,"psalm","core",TRUE
"tysiąc",0.592887473460722,1,"Imbir2016",3.84,"thousand","core",TRUE
"wierszyk",0.592887473460722,1,"Imbir2016",3.84,"rhyme","core",TRUE
"włókienniczy",0.592887473460722,1,"Imbir2016",3.84,"textile","core",TRUE
"zabójstwo",0.592887473460722,1,"Imbir2016",3.84,"murder","core",TRUE
"bielec",0.590941259731069,1,"Imbir2016",3.83333333333333,"termite","core",TRUE
"fracht",0.590587402689314,1,"Imbir2016",3.82608695652174,"freight","core",TRUE
"bas",0.58934890304317,1,"Imbir2016",3.82,"bass","core",TRUE
"bękart",0.58934890304317,1,"Imbir2016",3.82,"bastard","core",TRUE
"kurs",0.58934890304317,1,"Imbir2016",3.82,"course","core",TRUE
"paragraf",0.58934890304317,1,"Imbir2016",3.82,"deed","core",TRUE
"rozprawka",0.58934890304317,1,"Imbir2016",3.82,"essay","core",TRUE
"źródło",0.58934890304317,1,"Imbir2016",3.82,"source","core",TRUE
"gala",0.587579617834395,1,"Imbir2016",3.8,"gala","core",TRUE
"karnawał",0.587579617834395,1,"Imbir2016",3.8,"carnival","core",TRUE
"odsetki",0.587579617834395,1,"Imbir2016",3.8,"interest","core",TRUE
"ślepy",0.587579617834395,1,"Imbir2016",3.8,"blind","core",TRUE
"twist",0.586694975230007,1,"Imbir2016",3.79166666666667,"twist","core",TRUE
"atletyka",0.585279547062987,1,"Imbir2016",3.78,"athletics","core",TRUE
"dobytek",0.585279547062987,1,"Imbir2016",3.78,"goods","core",TRUE
"kochanek",0.585279547062987,1,"Imbir2016",3.78,"lover","core",TRUE
"kościół",0.585279547062987,1,"Imbir2016",3.78,"church","core",TRUE
"lekcja",0.585279547062987,1,"Imbir2016",3.78,"lesson","core",TRUE
"uraz",0.585279547062987,1,"Imbir2016",3.78,"trauma","core",TRUE
"władca",0.585279547062987,1,"Imbir2016",3.78,"lord","core",TRUE
"kilogram",0.583687190375088,1,"Imbir2016",3.77551020408163,"kilo","core",TRUE
"kraj",0.583687190375088,1,"Imbir2016",3.77551020408163,"country","core",TRUE
"paraliż",0.582625619249823,1,"Imbir2016",3.76,"paralysis","core",TRUE
"pościg",0.582625619249823,1,"Imbir2016",3.76,"chase","core",TRUE
"tańczenie",0.582625619249823,1,"Imbir2016",3.76,"dancing","core",TRUE
"woń",0.582625619249823,1,"Imbir2016",3.76,"odor","core",TRUE
"lany",0.581740976645435,1,"Imbir2016",3.75510204081633,"cast-iron","core",TRUE
"harem",0.58138711960368,1,"Imbir2016",3.75,"harem","core",TRUE
"gwałt",0.580325548478415,1,"Imbir2016",3.74,"rape","core",TRUE
"pompowanie",0.580325548478415,1,"Imbir2016",3.74,"pumping","core",TRUE
"przyroda",0.580325548478415,1,"Imbir2016",3.74,"nature","core",TRUE
"singiel",0.580325548478415,1,"Imbir2016",3.74,"single","core",TRUE
"suchy",0.580325548478415,1,"Imbir2016",3.74,"arid","core",TRUE
"błotnisty",0.577671620665251,1,"Imbir2016",3.72,"muddy","core",TRUE
"choroba",0.577671620665251,1,"Imbir2016",3.72,"illness / sickness / disease","core",TRUE
"głos",0.577671620665251,1,"Imbir2016",3.72,"voice","core",TRUE
"jeżdżenie",0.577671620665251,1,"Imbir2016",3.72,"riding","core",TRUE
"kumpel",0.577671620665251,1,"Imbir2016",3.72,"pal","core",TRUE
"najeźdźca",0.577671620665251,1,"Imbir2016",3.72,"invader","core",TRUE
"ochłap",0.577671620665251,1,"Imbir2016",3.72,"to sop","core",TRUE
"osoba",0.577671620665251,1,"Imbir2016",3.72,"person","core",TRUE
"sekcja",0.577671620665251,1,"Imbir2016",3.72,"section","core",TRUE
"skarb",0.577671620665251,1,"Imbir2016",3.72,"treasure","core",TRUE
"pochówek",0.57554847841472,1,"Imbir2016",3.7,"burial","core",TRUE
"śpiączka",0.57554847841472,1,"Imbir2016",3.7,"coma","core",TRUE
"łotr",0.575017692852088,1,"Imbir2016",3.69387755102041,"villain","core",TRUE
"gotowanie",0.573248407643312,1,"Imbir2016",3.68,"cooking","core",TRUE
"impreza",0.573248407643312,1,"Imbir2016",3.68,"show / entertainment","core",TRUE
"mafia",0.573248407643312,1,"Imbir2016",3.68,"mafia","core",TRUE
"martwica",0.573248407643312,1,"Imbir2016",3.68,"necrosis","core",TRUE
"maszerowanie",0.573248407643312,1,"Imbir2016",3.68,"marching","core",TRUE
"mielenie",0.573248407643312,1,"Imbir2016",3.68,"grinding","core",TRUE
"napad",0.573248407643312,1,"Imbir2016",3.68,"attack","core",TRUE
"płaszczyzna",0.573248407643312,1,"Imbir2016",3.68,"plate","core",TRUE
"szloch",0.573248407643312,1,"Imbir2016",3.68,"sob","core",TRUE
"bejcowanie",0.571479122434536,1,"Imbir2016",3.67567567567568,"varnishing / staining","core",TRUE
"człowiek",0.570417551309271,1,"Imbir2016",3.66,"man","core",TRUE
"koran",0.570417551309271,1,"Imbir2016",3.66,"koran","core",TRUE
"plemię",0.570417551309271,1,"Imbir2016",3.66,"tribe","core",TRUE
"powiew",0.570417551309271,1,"Imbir2016",3.66,"whiff","core",TRUE
"wrzenie",0.570417551309271,1,"Imbir2016",3.66,"boiling","core",TRUE
"kawałek",0.569355980184006,1,"Imbir2016",3.6530612244898,"chunk","core",TRUE
"chodzenie",0.567763623496108,1,"Imbir2016",3.64,"going","core",TRUE
"ikona",0.567763623496108,1,"Imbir2016",3.64,"icon","core",TRUE
"litr",0.567763623496108,1,"Imbir2016",3.64,"liter","core",TRUE
"pieczenie",0.567763623496108,1,"Imbir2016",3.64,"baking","core",TRUE
"powietrze",0.567763623496108,1,"Imbir2016",3.64,"air","core",TRUE
"rząd",0.567763623496108,1,"Imbir2016",3.64,"row","core",TRUE
"rzeź",0.567763623496108,1,"Imbir2016",3.64,"carnage","core",TRUE
"sprint",0.567763623496108,1,"Imbir2016",3.64,"sprint","core",TRUE
"werset",0.56617126680821,1,"Imbir2016",3.63265306122449,"strophe","core",TRUE
"galop",0.564225053078556,1,"Imbir2016",3.62,"gallop","core",TRUE
"gorączka",0.564225053078556,1,"Imbir2016",3.62,"fever","core",TRUE
"huk",0.564225053078556,1,"Imbir2016",3.62,"bang","core",TRUE
"joga",0.564225053078556,1,"Imbir2016",3.62,"yoga","core",TRUE
"luka",0.564225053078556,1,"Imbir2016",3.62,"gap","core",TRUE
"oklaski",0.564225053078556,1,"Imbir2016",3.62,"applause","core",TRUE
"pozew",0.564225053078556,1,"Imbir2016",3.62,"lawsuit","core",TRUE
"skakanie",0.564225053078556,1,"Imbir2016",3.62,"jumping","core",TRUE
"tona",0.564225053078556,1,"Imbir2016",3.62,"ton","core",TRUE
"zamówienie",0.564225053078556,1,"Imbir2016",3.62,"order","core",TRUE
"klan",0.560686482661005,1,"Imbir2016",3.6,"clan","core",TRUE
"lot",0.560686482661005,1,"Imbir2016",3.6,"flight","core",TRUE
"model",0.560686482661005,1,"Imbir2016",3.6,"model","core",TRUE
"podatek",0.560686482661005,1,"Imbir2016",3.6,"tax","core",TRUE
"punkt",0.560686482661005,1,"Imbir2016",3.6,"point","core",TRUE
"tenor",0.560686482661005,1,"Imbir2016",3.6,"tenor","core",TRUE
"wiatr",0.560686482661005,1,"Imbir2016",3.6,"wind","core",TRUE
"wypukłość",0.560686482661005,1,"Imbir2016",3.6,"knob","core",TRUE
"wzrost",0.560686482661005,1,"Imbir2016",3.6,"growth","core",TRUE
"zmuszanie",0.560686482661005,1,"Imbir2016",3.6,"forcing","core",TRUE
"oś",0.557501769285209,1,"Imbir2016",3.58,"axis","core",TRUE
"przystojniak",0.557501769285209,1,"Imbir2016",3.58,"chunk","core",TRUE
"sługa",0.557501769285209,1,"Imbir2016",3.58,"servant","core",TRUE
"syfilis",0.557501769285209,1,"Imbir2016",3.58,"syphilis","core",TRUE
"ubieranie",0.557501769285209,1,"Imbir2016",3.58,"getting dressed","core",TRUE
"wyścig",0.557501769285209,1,"Imbir2016",3.58,"race","core",TRUE
"zakażenie",0.557501769285209,1,"Imbir2016",3.58,"infection","core",TRUE
"złamanie",0.557501769285209,1,"Imbir2016",3.58,"fracture","core",TRUE
"trybula",0.555909412597311,1,"Imbir2016",3.57142857142857,"chervil","core",TRUE
"procesja",0.555555555555556,1,"Imbir2016",3.5625,"procession","core",TRUE
"aborcja",0.55449398443029,1,"Imbir2016",3.56,"abortion","core",TRUE
"alergia",0.55449398443029,1,"Imbir2016",3.56,"allergy","core",TRUE
"mrugnięcie",0.55449398443029,1,"Imbir2016",3.56,"wink","core",TRUE
"podarunek",0.55449398443029,1,"Imbir2016",3.56,"gift","core",TRUE
"zima",0.55449398443029,1,"Imbir2016",3.56,"winter","core",TRUE
"akt",0.551663128096249,1,"Imbir2016",3.54,"act","core",TRUE
"faul",0.551663128096249,1,"Imbir2016",3.54,"foul","core",TRUE
"intruz",0.551663128096249,1,"Imbir2016",3.54,"intruder","core",TRUE
"kod",0.551663128096249,1,"Imbir2016",3.54,"code","core",TRUE
"kryminał",0.551663128096249,1,"Imbir2016",3.54,"thriller / jail","core",TRUE
"pasmo",0.551663128096249,1,"Imbir2016",3.54,"band","core",TRUE
"przecinek",0.551663128096249,1,"Imbir2016",3.54,"comma","core",TRUE
"słodycz",0.551663128096249,1,"Imbir2016",3.54,"sweetness","core",TRUE
"wiadomość",0.551663128096249,1,"Imbir2016",3.54,"message","core",TRUE
"wilgoć",0.551663128096249,1,"Imbir2016",3.54,"moisture","core",TRUE
"wypadek",0.551663128096249,1,"Imbir2016",3.54,"accident","core",TRUE
"adres",0.549186128803963,1,"Imbir2016",3.52,"address","core",TRUE
"sierota",0.549186128803963,1,"Imbir2016",3.52,"orphan","core",TRUE
"tapetowanie",0.549186128803963,1,"Imbir2016",3.52,"paperhanging","core",TRUE
"salwa",0.548478414720453,1,"Imbir2016",3.51020408163265,"salvo","core",TRUE
"krąg",0.547593772116065,1,"Imbir2016",3.5,"circle","core",TRUE
"przejście",0.547593772116065,1,"Imbir2016",3.5,"passage","core",TRUE
"sport",0.547593772116065,1,"Imbir2016",3.5,"sport","core",TRUE
"ukłucie",0.547593772116065,1,"Imbir2016",3.5,"prick","core",TRUE
"szkorbut",0.546709129511677,1,"Imbir2016",3.48888888888889,"scurvy","core",TRUE
"aids",0.545470629865534,1,"Imbir2016",3.48,"aids","core",TRUE
"budżet",0.545470629865534,1,"Imbir2016",3.48,"budget","core",TRUE
"kiełkowanie",0.545470629865534,1,"Imbir2016",3.48,"germination","core",TRUE
"piosenka",0.545470629865534,1,"Imbir2016",3.48,"song","core",TRUE
"pobicie",0.545470629865534,1,"Imbir2016",3.48,"spanking","core",TRUE
"przestępca",0.545470629865534,1,"Imbir2016",3.48,"criminal","core",TRUE
"gałgan",0.544232130219391,1,"Imbir2016",3.47916666666667,"togs","core",TRUE
"bronowanie",0.543878273177636,1,"Imbir2016",3.47368421052632,"harrowing","core",TRUE
"fauna",0.54140127388535,1,"Imbir2016",3.46,"fauna","core",TRUE
"klasa",0.54140127388535,1,"Imbir2016",3.46,"class","core",TRUE
"loteria",0.54140127388535,1,"Imbir2016",3.46,"lottery","core",TRUE
"nagrywanie",0.54140127388535,1,"Imbir2016",3.46,"recording","core",TRUE
"nowotwór",0.54140127388535,1,"Imbir2016",3.46,"tumor","core",TRUE
"nurkowanie",0.54140127388535,1,"Imbir2016",3.46,"diving","core",TRUE
"płeć",0.54140127388535,1,"Imbir2016",3.46,"gender / sex","core",TRUE
"plusk",0.54140127388535,1,"Imbir2016",3.46,"splash","core",TRUE
"podróbka",0.54140127388535,1,"Imbir2016",3.46,"counterfeit","core",TRUE
"porno",0.54140127388535,1,"Imbir2016",3.46,"porn","core",TRUE
"smarkacz",0.54140127388535,1,"Imbir2016",3.46,"brat","core",TRUE
"świt",0.54140127388535,1,"Imbir2016",3.46,"dawn","core",TRUE
"walka",0.54140127388535,1,"Imbir2016",3.46,"fight","core",TRUE
"absolwent",0.537685774946921,1,"Imbir2016",3.44,"graduate","core",TRUE
"bankrut",0.537685774946921,1,"Imbir2016",3.44,"bankrupt","core",TRUE
"jazda",0.537685774946921,1,"Imbir2016",3.44,"ride","core",TRUE
"panna",0.537685774946921,1,"Imbir2016",3.44,"brill/chick","core",TRUE
"pierdnięcie",0.537685774946921,1,"Imbir2016",3.44,"fart","core",TRUE
"ślad",0.537685774946921,1,"Imbir2016",3.44,"trail","core",TRUE
"tik",0.537685774946921,1,"Imbir2016",3.44,"tic","core",TRUE
"wystawa",0.537685774946921,1,"Imbir2016",3.44,"exhibition","core",TRUE
"wiosłowanie",0.536093418259023,1,"Imbir2016",3.42857142857143,"rowing","core",TRUE
"alarm",0.535031847133758,1,"Imbir2016",3.42,"alert / alarm","core",TRUE
"alimenty",0.535031847133758,1,"Imbir2016",3.42,"alimony","core",TRUE
"parada",0.535031847133758,1,"Imbir2016",3.42,"parade","core",TRUE
"pchnięcie",0.535031847133758,1,"Imbir2016",3.42,"push","core",TRUE
"taniec",0.535031847133758,1,"Imbir2016",3.42,"dance","core",TRUE
"grzywna",0.533970276008493,1,"Imbir2016",3.40816326530612,"fine","core",TRUE
"masa",0.532554847841472,1,"Imbir2016",3.4,"mass","core",TRUE
"młodzież",0.532554847841472,1,"Imbir2016",3.4,"youth","core",TRUE
"nawias",0.532554847841472,1,"Imbir2016",3.4,"bracket","core",TRUE
"oddech",0.532554847841472,1,"Imbir2016",3.4,"breath","core",TRUE
"ryk",0.532554847841472,1,"Imbir2016",3.4,"growl","core",TRUE
"sadzenie",0.532554847841472,1,"Imbir2016",3.4,"planting","core",TRUE
"skórzany",0.532554847841472,1,"Imbir2016",3.4,"leather","core",TRUE
"dziewica",0.529370134465676,1,"Imbir2016",3.38,"virgin","core",TRUE
"dziwka",0.529370134465676,1,"Imbir2016",3.38,"slut / whore","core",TRUE
"gigant",0.529370134465676,1,"Imbir2016",3.38,"giant","core",TRUE
"kulawy",0.529370134465676,1,"Imbir2016",3.38,"lame","core",TRUE
"pogrzeb",0.529370134465676,1,"Imbir2016",3.38,"funeral","core",TRUE
"sąsiedztwo",0.529370134465676,1,"Imbir2016",3.38,"neighborhood","core",TRUE
"scenariusz",0.529370134465676,1,"Imbir2016",3.38,"script","core",TRUE
"slums",0.529370134465676,1,"Imbir2016",3.38,"slum","core",TRUE
"tango",0.529370134465676,1,"Imbir2016",3.38,"tango","core",TRUE
"ubój",0.529370134465676,1,"Imbir2016",3.38,"slaughter","core",TRUE
"żółtaczka",0.529370134465676,1,"Imbir2016",3.38,"jaundice","core",TRUE
"horda",0.527246992215145,1,"Imbir2016",3.37777777777778,"horde","core",TRUE
"cień",0.525477707006369,1,"Imbir2016",3.36,"shadow","core",TRUE
"komenda",0.525477707006369,1,"Imbir2016",3.36,"command","core",TRUE
"kopnięcie",0.525477707006369,1,"Imbir2016",3.36,"kick","core",TRUE
"morderca",0.525477707006369,1,"Imbir2016",3.36,"murderer","core",TRUE
"opiekun",0.525477707006369,1,"Imbir2016",3.36,"guardian","core",TRUE
"potomstwo",0.525477707006369,1,"Imbir2016",3.36,"offspring","core",TRUE
"prasowanie",0.525477707006369,1,"Imbir2016",3.36,"ironing","core",TRUE
"seks",0.525477707006369,1,"Imbir2016",3.36,"sex/ intercourse","core",TRUE
"wietrzyk",0.525477707006369,1,"Imbir2016",3.36,"breeze","core",TRUE
"dur",0.523708421797594,1,"Imbir2016",3.35714285714286,"major","core",TRUE
"pływanie",0.523000707714083,1,"Imbir2016",3.34,"swimming","core",TRUE
"przechowalnia",0.523000707714083,1,"Imbir2016",3.34,"store","core",TRUE
"zamachowiec",0.523000707714083,1,"Imbir2016",3.34,"assassin","core",TRUE
"puf",0.522292993630573,1,"Imbir2016",3.33333333333333,"pouf","core",TRUE
"dzielnica",0.520700636942675,1,"Imbir2016",3.32,"district","core",TRUE
"flora",0.520700636942675,1,"Imbir2016",3.32,"flora","core",TRUE
"grupa",0.520700636942675,1,"Imbir2016",3.32,"group","core",TRUE
"oaza",0.520700636942675,1,"Imbir2016",3.32,"oasis","core",TRUE
"rozrzutnik",0.520700636942675,1,"Imbir2016",3.32,"spendthrift","core",TRUE
"wycieczka",0.520700636942675,1,"Imbir2016",3.32,"trip","core",TRUE
"zestaw",0.520700636942675,1,"Imbir2016",3.32,"set","core",TRUE
"zgnilizna",0.520700636942675,1,"Imbir2016",3.32,"rot","core",TRUE
"totem",0.519108280254777,1,"Imbir2016",3.31818181818182,"totem","core",TRUE
"grono",0.518046709129512,1,"Imbir2016",3.3,"bunch","core",TRUE
"noc",0.518046709129512,1,"Imbir2016",3.3,"night","core",TRUE
"smuga",0.518046709129512,1,"Imbir2016",3.3,"streaks","core",TRUE
"szpieg",0.518046709129512,1,"Imbir2016",3.3,"spy","core",TRUE
"tuzin",0.518046709129512,1,"Imbir2016",3.3,"dozen","core",TRUE
"stypendysta",0.516985138004246,1,"Imbir2016",3.28571428571429,"fellow","core",TRUE
"dół",0.515215852795471,1,"Imbir2016",3.28,"pit","core",TRUE
"dyktator",0.515215852795471,1,"Imbir2016",3.28,"dictator","core",TRUE
"gość",0.515215852795471,1,"Imbir2016",3.28,"guest","core",TRUE
"hrabia",0.515215852795471,1,"Imbir2016",3.28,"count","core",TRUE
"plotkarz",0.515215852795471,1,"Imbir2016",3.28,"busybody","core",TRUE
"skok",0.515215852795471,1,"Imbir2016",3.28,"jump","core",TRUE
"szczyt",0.515215852795471,1,"Imbir2016",3.28,"peak","core",TRUE
"żeglowanie",0.515215852795471,1,"Imbir2016",3.28,"sailing","core",TRUE
"zespół",0.515215852795471,1,"Imbir2016",3.28,"team","core",TRUE
"kłus",0.513446567586695,1,"Imbir2016",3.27659574468085,"trot","core",TRUE
"kobierzec",0.51309271054494,1,"Imbir2016",3.27272727272727,"carpet/robe","core",TRUE
"konserwatorium",0.512738853503185,1,"Imbir2016",3.26530612244898,"conservatory","core",TRUE
"błazen",0.510792639773532,1,"Imbir2016",3.26,"clown","core",TRUE
"depozyt",0.510792639773532,1,"Imbir2016",3.26,"to deposit","core",TRUE
"duet",0.510792639773532,1,"Imbir2016",3.26,"duo","core",TRUE
"mróz",0.510792639773532,1,"Imbir2016",3.26,"frost","core",TRUE
"odparzenie",0.510792639773532,1,"Imbir2016",3.26,"blister","core",TRUE
"palenie",0.510792639773532,1,"Imbir2016",3.26,"smoke","core",TRUE
"płotka",0.510792639773532,1,"Imbir2016",3.26,"roach","core",TRUE
"przewodnik",0.510792639773532,1,"Imbir2016",3.26,"guide","core",TRUE
"sfinks",0.510792639773532,1,"Imbir2016",3.26,"sphinx","core",TRUE
"zarazki",0.510792639773532,1,"Imbir2016",3.26,"germs","core",TRUE
"zakrystian",0.508846426043878,1,"Imbir2016",3.25714285714286,"sexton","core",TRUE
"krucyfiks",0.508315640481246,1,"Imbir2016",3.24489795918367,"crucifix","core",TRUE
"olbrzym",0.508315640481246,1,"Imbir2016",3.24489795918367,"giant","core",TRUE
"alkoholik",0.50725406935598,1,"Imbir2016",3.24,"alcoholic","core",TRUE
"bieganie",0.50725406935598,1,"Imbir2016",3.24,"running","core",TRUE
"odpływ",0.50725406935598,1,"Imbir2016",3.24,"ebb","core",TRUE
"papa",0.50725406935598,1,"Imbir2016",3.24,"papa","core",TRUE
"mitra",0.506369426751592,1,"Imbir2016",3.23333333333333,"miter","core",TRUE
"czerstwy",0.50583864118896,1,"Imbir2016",3.22448979591837,"stale","core",TRUE
"kliknięcie",0.50583864118896,1,"Imbir2016",3.22448979591837,"click","core",TRUE
"biedak",0.504246284501062,1,"Imbir2016",3.22,"wretch","core",TRUE
"bitwa",0.504246284501062,1,"Imbir2016",3.22,"battle","core",TRUE
"grzmot",0.504246284501062,1,"Imbir2016",3.22,"thunder","core",TRUE
"odwilż",0.504246284501062,1,"Imbir2016",3.22,"thaw","core",TRUE
"rynek",0.504246284501062,1,"Imbir2016",3.22,"market","core",TRUE
"światło",0.504246284501062,1,"Imbir2016",3.22,"light","core",TRUE
"trapez",0.504246284501062,1,"Imbir2016",3.22,"trapezium","core",TRUE
"khaki",0.502830856334041,1,"Imbir2016",3.21276595744681,"khaki","core",TRUE
"chirurgia",0.501415428167021,1,"Imbir2016",3.2,"surgery","core",TRUE
"labirynt",0.501415428167021,1,"Imbir2016",3.2,"maze","core",TRUE
"obtarcie",0.501415428167021,1,"Imbir2016",3.2,"sore","core",TRUE
"pedofil",0.501415428167021,1,"Imbir2016",3.2,"pedophile","core",TRUE
"rumieniec",0.501415428167021,1,"Imbir2016",3.2,"blush","core",TRUE
"sąd",0.501415428167021,1,"Imbir2016",3.2,"court","core",TRUE
"stopień",0.501415428167021,1,"Imbir2016",3.2,"degree","core",TRUE
"wyłom",0.5,1,"Imbir2016",3.19565217391304,"breach","core",TRUE
"mini",0.499646142958245,1,"Imbir2016",3.18367346938775,"mini","core",TRUE
"brąz",0.498407643312102,1,"Imbir2016",3.18,"bronze","core",TRUE
"czkawka",0.498407643312102,1,"Imbir2016",3.18,"hiccup","core",TRUE
"gang",0.498407643312102,1,"Imbir2016",3.18,"gang","core",TRUE
"grypa",0.498407643312102,1,"Imbir2016",3.18,"flu","core",TRUE
"policja",0.498407643312102,1,"Imbir2016",3.18,"police","core",TRUE
"strona",0.498407643312102,1,"Imbir2016",3.18,"page","core",TRUE
"pancerzownica",0.497169143665959,1,"Imbir2016",3.16666666666667,"bazooka","core",TRUE
"stypendium",0.496815286624204,1,"Imbir2016",3.16326530612245,"scholarship","core",TRUE
"bok",0.495222929936306,1,"Imbir2016",3.16,"flank","core",TRUE
"margines",0.495222929936306,1,"Imbir2016",3.16,"margin","core",TRUE
"para",0.495222929936306,1,"Imbir2016",3.16,"couple","core",TRUE
"profesor",0.495222929936306,1,"Imbir2016",3.16,"prof","core",TRUE
"rabuś",0.495222929936306,1,"Imbir2016",3.16,"robber","core",TRUE
"siedzenie",0.495222929936306,1,"Imbir2016",3.16,"seat","core",TRUE
"sikanie",0.495222929936306,1,"Imbir2016",3.16,"piss","core",TRUE
"trucizna",0.495222929936306,1,"Imbir2016",3.16,"poison","core",TRUE
"zgorzel",0.493630573248408,1,"Imbir2016",3.14814814814815,"pus","core",TRUE
"buzdygan",0.492922859164897,1,"Imbir2016",3.14285714285714,"scepter","core",TRUE
"krok",0.492922859164897,1,"Imbir2016",3.14285714285714,"step","core",TRUE
"laur",0.492922859164897,1,"Imbir2016",3.14285714285714,"laurel","core",TRUE
"książę",0.491330502476999,1,"Imbir2016",3.14,"duke","core",TRUE
"marsz",0.491330502476999,1,"Imbir2016",3.14,"march","core",TRUE
"strzał",0.491330502476999,1,"Imbir2016",3.14,"shot","core",TRUE
"telewizja",0.491330502476999,1,"Imbir2016",3.14,"television","core",TRUE
"walc",0.491330502476999,1,"Imbir2016",3.14,"waltz","core",TRUE
"żyd",0.491330502476999,1,"Imbir2016",3.14,"jew","core",TRUE
"giez",0.490092002830856,1,"Imbir2016",3.13793103448276,"horsefly","core",TRUE
"bryza",0.488322717622081,1,"Imbir2016",3.12,"breeze","core",TRUE
"kopia",0.488322717622081,1,"Imbir2016",3.12,"copy","core",TRUE
"małżonkowie",0.488322717622081,1,"Imbir2016",3.12,"married couple","core",TRUE
"personel",0.488322717622081,1,"Imbir2016",3.12,"staff","core",TRUE
"poronienie",0.488322717622081,1,"Imbir2016",3.12,"abortion","core",TRUE
"szczypta",0.488322717622081,1,"Imbir2016",3.12,"pinch","core",TRUE
"więzienie",0.488322717622081,1,"Imbir2016",3.12,"jail / prison","core",TRUE
"wirus",0.488322717622081,1,"Imbir2016",3.12,"virus","core",TRUE
"zakładnik",0.488322717622081,1,"Imbir2016",3.12,"hostage","core",TRUE
"kurcz",0.486553432413305,1,"Imbir2016",3.11111111111111,"cramp","core",TRUE
"breja",0.48619957537155,1,"Imbir2016",3.1063829787234,"slush","core",TRUE
"bandyta",0.484607218683652,1,"Imbir2016",3.1,"bandit","core",TRUE
"bieg",0.484607218683652,1,"Imbir2016",3.1,"run","core",TRUE
"cios",0.484607218683652,1,"Imbir2016",3.1,"blow","core",TRUE
"huragan",0.484607218683652,1,"Imbir2016",3.1,"hurricane","core",TRUE
"niewolnik",0.484607218683652,1,"Imbir2016",3.1,"slave","core",TRUE
"plener",0.484607218683652,1,"Imbir2016",3.1,"outdoors","core",TRUE
"sułtan",0.484607218683652,1,"Imbir2016",3.1,"sultan","core",TRUE
"uczta",0.484607218683652,1,"Imbir2016",3.1,"feast","core",TRUE
"mydliny",0.483014861995754,1,"Imbir2016",3.08163265306123,"suds","core",TRUE
"arka",0.482484076433121,1,"Imbir2016",3.08163265306122,"ark","core",TRUE
"pocałunek",0.482484076433121,1,"Imbir2016",3.08163265306122,"kiss","core",TRUE
"agencja",0.48036093418259,1,"Imbir2016",3.08,"agency","core",TRUE
"bandzior",0.48036093418259,1,"Imbir2016",3.08,"bandit","core",TRUE
"etykieta",0.48036093418259,1,"Imbir2016",3.08,"label","core",TRUE
"klaps",0.48036093418259,1,"Imbir2016",3.08,"slap","core",TRUE
"nabłyszczacz",0.48036093418259,1,"Imbir2016",3.08,"polish","core",TRUE
"płomień",0.48036093418259,1,"Imbir2016",3.08,"flame","core",TRUE
"preria",0.48036093418259,1,"Imbir2016",3.08,"prairie","core",TRUE
"przyrząd",0.48036093418259,1,"Imbir2016",3.08,"instrument / utensil","core",TRUE
"świątynia",0.48036093418259,1,"Imbir2016",3.08,"shrine","core",TRUE
"tropiki",0.48036093418259,1,"Imbir2016",3.08,"tropics","core",TRUE
"rodnik",0.478414720452937,1,"Imbir2016",3.06976744186046,"radical","core",TRUE
"tandem",0.478060863411182,1,"Imbir2016",3.06666666666667,"tandem","core",TRUE
"burza",0.476822363765039,1,"Imbir2016",3.06,"storm","core",TRUE
"firma",0.476822363765039,1,"Imbir2016",3.06,"firm","core",TRUE
"nowożeńcy",0.476822363765039,1,"Imbir2016",3.06,"bridal couple","core",TRUE
"pani",0.476822363765039,1,"Imbir2016",3.06,"lady","core",TRUE
"rejs",0.476822363765039,1,"Imbir2016",3.06,"voyage","core",TRUE
"terrorysta",0.476822363765039,1,"Imbir2016",3.06,"terrorist","core",TRUE
"kręg",0.475583864118896,1,"Imbir2016",3.04081632653061,"vertebra","core",TRUE
"as",0.474168435951875,1,"Imbir2016",3.04,"ace","core",TRUE
"cesarz",0.474168435951875,1,"Imbir2016",3.04,"emperor","core",TRUE
"kreskówka",0.474168435951875,1,"Imbir2016",3.04,"cartoon","core",TRUE
"mgła",0.474168435951875,1,"Imbir2016",3.04,"fog","core",TRUE
"pastor",0.474168435951875,1,"Imbir2016",3.04,"pastor","core",TRUE
"rubryka",0.474168435951875,1,"Imbir2016",3.04,"section","core",TRUE
"trasa",0.474168435951875,1,"Imbir2016",3.04,"route","core",TRUE
"niecka",0.472753007784855,1,"Imbir2016",3.02272727272727,"hutch","core",TRUE
"szlam",0.4723991507431,1,"Imbir2016",3.02222222222222,"slime","core",TRUE
"kuksaniec",0.472045293701345,1,"Imbir2016",3.02127659574468,"blow","core",TRUE
"areszt",0.470629865534324,1,"Imbir2016",3.02,"arrest","core",TRUE
"królowa",0.470629865534324,1,"Imbir2016",3.02,"queen","core",TRUE
"oparzenie",0.470629865534324,1,"Imbir2016",3.02,"scalding","core",TRUE
"pęknięcie",0.470629865534324,1,"Imbir2016",3.02,"crack","core",TRUE
"psiarnia",0.470629865534324,1,"Imbir2016",3.02,"kennel","core",TRUE
"sieć",0.470629865534324,1,"Imbir2016",3.02,"web","core",TRUE
"wgniecenia",0.470629865534324,1,"Imbir2016",3.02,"to dent","core",TRUE
"biblia",0.467445152158528,1,"Imbir2016",3,"bible","core",TRUE
"dokument",0.467445152158528,1,"Imbir2016",3,"document","core",TRUE
"euro",0.467445152158528,1,"Imbir2016",3,"euro","core",TRUE
"graba",0.467445152158528,1,"Imbir2016",3,"mantel","core",TRUE
"kęs",0.467445152158528,1,"Imbir2016",3,"chunk","core",TRUE
"król",0.467445152158528,1,"Imbir2016",3,"king","core",TRUE
"łyk",0.467445152158528,1,"Imbir2016",3,"gulp","core",TRUE
"osłona",0.467445152158528,1,"Imbir2016",3,"sheath/vagina","core",TRUE
"powłoka",0.467445152158528,1,"Imbir2016",3,"shell","core",TRUE
"rzecz",0.467445152158528,1,"Imbir2016",3,"thing","core",TRUE
"suka",0.467445152158528,1,"Imbir2016",3,"bitch","core",TRUE
"burdel",0.463906581740977,1,"Imbir2016",2.98,"brothel","core",TRUE
"pisarz",0.463906581740977,1,"Imbir2016",2.98,"writer","core",TRUE
"siedziba",0.463906581740977,1,"Imbir2016",2.98,"seat","core",TRUE
"strzałka",0.463906581740977,1,"Imbir2016",2.98,"arrow","core",TRUE
"szef",0.463906581740977,1,"Imbir2016",2.98,"boss","core",TRUE
"tłum",0.463906581740977,1,"Imbir2016",2.98,"mob","core",TRUE
"wandal",0.463906581740977,1,"Imbir2016",2.98,"vandal","core",TRUE
"zaułek",0.463906581740977,1,"Imbir2016",2.98,"alley","core",TRUE
"żebrak",0.463906581740977,1,"Imbir2016",2.98,"beggar","core",TRUE
"koszary",0.461606510969568,1,"Imbir2016",2.96,"barracks","core",TRUE
"linia",0.461606510969568,1,"Imbir2016",2.96,"line","core",TRUE
"łup",0.461606510969568,1,"Imbir2016",2.96,"booty","core",TRUE
"wybuch",0.461606510969568,1,"Imbir2016",2.96,"explosion","core",TRUE
"człek",0.460544939844303,1,"Imbir2016",2.95833333333333,"fellow","core",TRUE
"kuternoga",0.460544939844303,1,"Imbir2016",2.95833333333333,"weakling","core",TRUE
"polder",0.46001415428167,1,"Imbir2016",2.95238095238095,"polder","core",TRUE
"sutener",0.459660297239915,1,"Imbir2016",2.95,"pimp","core",TRUE
"dziura",0.45859872611465,1,"Imbir2016",2.94,"hole","core",TRUE
"gospodarstwo",0.45859872611465,1,"Imbir2016",2.94,"farm","core",TRUE
"koszykówka",0.45859872611465,1,"Imbir2016",2.94,"basketball","core",TRUE
"odra",0.45859872611465,1,"Imbir2016",2.94,"measles","core",TRUE
"znaczek",0.45859872611465,1,"Imbir2016",2.94,"stamp","core",TRUE
"emir",0.457537154989384,1,"Imbir2016",2.92857142857143,"emir","core",TRUE
"baron",0.456298655343241,1,"Imbir2016",2.92,"baron","core",TRUE
"krzyż",0.456298655343241,1,"Imbir2016",2.92,"cross","core",TRUE
"oddział",0.456298655343241,1,"Imbir2016",2.92,"branch","core",TRUE
"ozdoba",0.456298655343241,1,"Imbir2016",2.92,"ornament","core",TRUE
"stado",0.456298655343241,1,"Imbir2016",2.92,"herd","core",TRUE
"urządzenie",0.456298655343241,1,"Imbir2016",2.92,"appliance","core",TRUE
"top",0.455060155697098,1,"Imbir2016",2.91666666666667,"top","core",TRUE
"walonia",0.454706298655343,1,"Imbir2016",2.90322580645161,"wallonia","core",TRUE
"bachor",0.452937013446568,1,"Imbir2016",2.9,"brat","core",TRUE
"malaria",0.452937013446568,1,"Imbir2016",2.9,"malaria","core",TRUE
"małżonek",0.452937013446568,1,"Imbir2016",2.9,"spouse","core",TRUE
"poker",0.452937013446568,1,"Imbir2016",2.9,"poker","core",TRUE
"rabin",0.452937013446568,1,"Imbir2016",2.9,"rabbi","core",TRUE
"składowisko",0.452937013446568,1,"Imbir2016",2.9,"dump","core",TRUE
"wojsko",0.452937013446568,1,"Imbir2016",2.9,"army","core",TRUE
"wrzód",0.452937013446568,1,"Imbir2016",2.9,"ulcer","core",TRUE
"zjazd",0.452937013446568,1,"Imbir2016",2.9,"reunion","core",TRUE
"audytorium",0.451167728237792,1,"Imbir2016",2.89583333333333,"auditorium","core",TRUE
"kil",0.450636942675159,1,"Imbir2016",2.88888888888889,"keel","core",TRUE
"szafot",0.450636942675159,1,"Imbir2016",2.88888888888889,"scaffold","core",TRUE
"brud",0.449398443029016,1,"Imbir2016",2.88,"dirt/filth / grime","core",TRUE
"lekarstwo",0.449398443029016,1,"Imbir2016",2.88,"cure","core",TRUE
"pieszy",0.449398443029016,1,"Imbir2016",2.88,"walking","core",TRUE
"powódź",0.449398443029016,1,"Imbir2016",2.88,"flood","core",TRUE
"stepy",0.449398443029016,1,"Imbir2016",2.88,"steppes","core",TRUE
"pochylnia",0.448336871903751,1,"Imbir2016",2.87755102040816,"to incline","core",TRUE
"gangrena",0.447629157820241,1,"Imbir2016",2.875,"gangrene","core",TRUE
"kostnina",0.447629157820241,1,"Imbir2016",2.875,"callus","core",TRUE
"słód",0.447629157820241,1,"Imbir2016",2.875,"malt","core",TRUE
"astronauta",0.44550601556971,1,"Imbir2016",2.86,"astronaut","core",TRUE
"dziedziniec",0.44550601556971,1,"Imbir2016",2.86,"courtyard","core",TRUE
"gangster",0.44550601556971,1,"Imbir2016",2.86,"gangster","core",TRUE
"kawaler",0.44550601556971,1,"Imbir2016",2.86,"single","core",TRUE
"klapa",0.44550601556971,1,"Imbir2016",2.86,"flap","core",TRUE
"klub",0.44550601556971,1,"Imbir2016",2.86,"club","core",TRUE
"krawędź",0.44550601556971,1,"Imbir2016",2.86,"edge","core",TRUE
"narkotyk",0.44550601556971,1,"Imbir2016",2.86,"drug","core",TRUE
"zarodek",0.44550601556971,1,"Imbir2016",2.86,"germ","core",TRUE
"ościeżnica",0.443736730360934,1,"Imbir2016",2.85714285714286,"cousin/window frame","core",TRUE
"film",0.441967445152159,1,"Imbir2016",2.84,"movie","core",TRUE
"język",0.441967445152159,1,"Imbir2016",2.84,"language","core",TRUE
"marszałek",0.441967445152159,1,"Imbir2016",2.84,"marshal","core",TRUE
"mecz",0.441967445152159,1,"Imbir2016",2.84,"match","core",TRUE
"niemcy",0.441967445152159,1,"Imbir2016",2.84,"germany","core",TRUE
"papież",0.441967445152159,1,"Imbir2016",2.84,"pope","core",TRUE
"raport",0.441967445152159,1,"Imbir2016",2.84,"report","core",TRUE
"trofeum",0.441967445152159,1,"Imbir2016",2.84,"trophy","core",TRUE
"wrzosowisko",0.441967445152159,1,"Imbir2016",2.84,"heathland","core",TRUE
"prasa",0.440198159943383,1,"Imbir2016",2.83673469387755,"press","core",TRUE
"hodowla",0.439136588818117,1,"Imbir2016",2.82,"breeding","core",TRUE
"łysy",0.439136588818117,1,"Imbir2016",2.82,"bald","core",TRUE
"mgiełka",0.439136588818117,1,"Imbir2016",2.82,"haze","core",TRUE
"ściernisko",0.439136588818117,1,"Imbir2016",2.82,"stubble","core",TRUE
"trąd",0.439136588818117,1,"Imbir2016",2.82,"leprosy","core",TRUE
"jeniec",0.437898089171975,1,"Imbir2016",2.81632653061224,"captive","core",TRUE
"tabela",0.437898089171975,1,"Imbir2016",2.81632653061224,"table","core",TRUE
"astma",0.435598018400566,1,"Imbir2016",2.8,"asthma","core",TRUE
"bratanek",0.435598018400566,1,"Imbir2016",2.8,"nephew","core",TRUE
"klient",0.435598018400566,1,"Imbir2016",2.8,"customer","core",TRUE
"komik",0.435598018400566,1,"Imbir2016",2.8,"comic","core",TRUE
"maluszek",0.435598018400566,1,"Imbir2016",2.8,"maluszek","core",TRUE
"ogień",0.435598018400566,1,"Imbir2016",2.8,"fire","core",TRUE
"ospa",0.435598018400566,1,"Imbir2016",2.8,"smallpox","core",TRUE
"sonda",0.435598018400566,1,"Imbir2016",2.8,"probe","core",TRUE
"student",0.435598018400566,1,"Imbir2016",2.8,"student","core",TRUE
"towary",0.435598018400566,1,"Imbir2016",2.8,"goods","core",TRUE
"zabójca",0.435598018400566,1,"Imbir2016",2.8,"killer / assassin","core",TRUE
"salsa",0.432944090587403,1,"Imbir2016",2.79591836734694,"salsa","core",TRUE
"sportowiec",0.432944090587403,1,"Imbir2016",2.79591836734694,"athlete","core",TRUE
"tusza",0.432944090587403,1,"Imbir2016",2.79591836734694,"carcass","core",TRUE
"wkręt",0.432944090587403,1,"Imbir2016",2.79591836734694,"screw","core",TRUE
"opat",0.432059447983015,1,"Imbir2016",2.78723404255319,"abbot","core",TRUE
"otoczak",0.43170559094126,1,"Imbir2016",2.78378378378378,"boulder","core",TRUE
"chór",0.429405520169851,1,"Imbir2016",2.78,"choir","core",TRUE
"folder",0.429405520169851,1,"Imbir2016",2.78,"folder","core",TRUE
"gen",0.429405520169851,1,"Imbir2016",2.78,"gene","core",TRUE
"mama",0.429405520169851,1,"Imbir2016",2.78,"mama","core",TRUE
"matryca",0.429405520169851,1,"Imbir2016",2.78,"matrix","core",TRUE
"mieszkaniec",0.429405520169851,1,"Imbir2016",2.78,"inhabitant","core",TRUE
"odpady",0.429405520169851,1,"Imbir2016",2.78,"waste","core",TRUE
"pieniądze",0.429405520169851,1,"Imbir2016",2.78,"money","core",TRUE
"składniki",0.429405520169851,1,"Imbir2016",2.78,"contents","core",TRUE
"szkodnik",0.429405520169851,1,"Imbir2016",2.78,"pest","core",TRUE
"trener",0.429405520169851,1,"Imbir2016",2.78,"coach","core",TRUE
"wyciąg",0.429405520169851,1,"Imbir2016",2.78,"lift","core",TRUE
"brzuchal",0.427105449398443,1,"Imbir2016",2.76595744680851,"paunch","core",TRUE
"dwór",0.42515923566879,1,"Imbir2016",2.76,"property","core",TRUE
"kaszel",0.42515923566879,1,"Imbir2016",2.76,"cough","core",TRUE
"kropka",0.42515923566879,1,"Imbir2016",2.76,"dot","core",TRUE
"miasto",0.42515923566879,1,"Imbir2016",2.76,"city","core",TRUE
"nauczyciel",0.42515923566879,1,"Imbir2016",2.76,"teacher","core",TRUE
"ocean",0.42515923566879,1,"Imbir2016",2.76,"ocean","core",TRUE
"piorun",0.42515923566879,1,"Imbir2016",2.76,"lightning","core",TRUE
"próg",0.42515923566879,1,"Imbir2016",2.76,"threshold","core",TRUE
"węgry",0.42515923566879,1,"Imbir2016",2.76,"eel","core",TRUE
"wieś",0.42515923566879,1,"Imbir2016",2.76,"village","core",TRUE
"satyna",0.423213021939137,1,"Imbir2016",2.75,"satin","core",TRUE
"cynk",0.421443736730361,1,"Imbir2016",2.74,"zinc","core",TRUE
"fala",0.421443736730361,1,"Imbir2016",2.74,"wave","core",TRUE
"gaz",0.421443736730361,1,"Imbir2016",2.74,"gas","core",TRUE
"lista",0.421443736730361,1,"Imbir2016",2.74,"list","core",TRUE
"łotwa",0.421443736730361,1,"Imbir2016",2.74,"latvia","core",TRUE
"mnich",0.421443736730361,1,"Imbir2016",2.74,"monk","core",TRUE
"potomek",0.421443736730361,1,"Imbir2016",2.74,"scion","core",TRUE
"równina",0.421443736730361,1,"Imbir2016",2.74,"plane","core",TRUE
"złodziej",0.421443736730361,1,"Imbir2016",2.74,"thief","core",TRUE
"przyłbica",0.419674451521585,1,"Imbir2016",2.73333333333333,"visor","core",TRUE
"blondynka",0.417551309271054,1,"Imbir2016",2.72,"blonde","core",TRUE
"drapieżnik",0.417551309271054,1,"Imbir2016",2.72,"predator","core",TRUE
"ikra",0.417551309271054,1,"Imbir2016",2.72,"roe","core",TRUE
"lawina",0.417551309271054,1,"Imbir2016",2.72,"avalanche","core",TRUE
"milioner",0.417551309271054,1,"Imbir2016",2.72,"millionaire","core",TRUE
"norwegia",0.417551309271054,1,"Imbir2016",2.72,"norway","core",TRUE
"ojciec",0.417551309271054,1,"Imbir2016",2.72,"father","core",TRUE
"pasożyt",0.417551309271054,1,"Imbir2016",2.72,"parasite","core",TRUE
"przedszkole",0.417551309271054,1,"Imbir2016",2.72,"kindergarten","core",TRUE
"szeryf",0.417551309271054,1,"Imbir2016",2.72,"sheriff","core",TRUE
"zatoczka",0.417551309271054,1,"Imbir2016",2.72,"creek","core",TRUE
"konsul",0.415251238499646,1,"Imbir2016",2.71428571428571,"consul","core",TRUE
"posag",0.415251238499646,1,"Imbir2016",2.71428571428571,"dowry","core",TRUE
"cyrk",0.413128096249115,1,"Imbir2016",2.7,"circus","core",TRUE
"fryza",0.413128096249115,1,"Imbir2016",2.7,"ruffle","core",TRUE
"jądro",0.413128096249115,1,"Imbir2016",2.7,"testicle","core",TRUE
"klin",0.413128096249115,1,"Imbir2016",2.7,"wedge","core",TRUE
"ksiądz",0.413128096249115,1,"Imbir2016",2.7,"priest","core",TRUE
"mieszkanie",0.413128096249115,1,"Imbir2016",2.7,"flat","core",TRUE
"obóz",0.413128096249115,1,"Imbir2016",2.7,"camp","core",TRUE
"pożar",0.413128096249115,1,"Imbir2016",2.7,"fire","core",TRUE
"prostytutka",0.413128096249115,1,"Imbir2016",2.7,"hooker / prostitute","core",TRUE
"rudera",0.413128096249115,1,"Imbir2016",2.7,"hovel","core",TRUE
"plewy",0.411181882519462,1,"Imbir2016",2.69565217391304,"chaff","core",TRUE
"platan",0.410828025477707,1,"Imbir2016",2.69230769230769,"plane","core",TRUE
"brat",0.409412597310686,1,"Imbir2016",2.68,"brother","core",TRUE
"figura",0.409412597310686,1,"Imbir2016",2.68,"figure","core",TRUE
"kłębek",0.409412597310686,1,"Imbir2016",2.68,"clew","core",TRUE
"prezent",0.409412597310686,1,"Imbir2016",2.68,"gift","core",TRUE
"scena",0.409412597310686,1,"Imbir2016",2.68,"scene","core",TRUE
"serce",0.409412597310686,1,"Imbir2016",2.68,"heart","core",TRUE
"żona",0.409412597310686,1,"Imbir2016",2.68,"wife","core",TRUE
"cipa",0.407997169143666,1,"Imbir2016",2.6734693877551,"cunt","core",TRUE
"sherry",0.407643312101911,1,"Imbir2016",2.66666666666667,"sherry","core",TRUE
"budowa",0.405697098372258,1,"Imbir2016",2.66,"construction","core",TRUE
"członek",0.405697098372258,1,"Imbir2016",2.66,"member","core",TRUE
"kąt",0.405697098372258,1,"Imbir2016",2.66,"angle","core",TRUE
"macedonia",0.405697098372258,1,"Imbir2016",2.66,"macedonia","core",TRUE
"miąższ",0.405697098372258,1,"Imbir2016",2.66,"squash","core",TRUE
"suchar",0.405697098372258,1,"Imbir2016",2.66,"rusk","core",TRUE
"szopka",0.405697098372258,1,"Imbir2016",2.66,"crib","core",TRUE
"topielec",0.405697098372258,1,"Imbir2016",2.66,"kelpie","core",TRUE
"wisielec",0.405697098372258,1,"Imbir2016",2.66,"hanging","core",TRUE
"żniwa",0.405697098372258,1,"Imbir2016",2.66,"harvest","core",TRUE
"plik",0.403750884642604,1,"Imbir2016",2.6530612244898,"file","core",TRUE
"ścieg",0.403397027600849,1,"Imbir2016",2.65217391304348,"stitch","core",TRUE
"czara",0.402866242038217,1,"Imbir2016",2.64583333333333,"bowl","core",TRUE
"świerzb",0.402866242038217,1,"Imbir2016",2.64583333333333,"scabies","core",TRUE
"car",0.399504600141543,1,"Imbir2016",2.64,"tsar","extended",FALSE
"czechy",0.399504600141543,1,"Imbir2016",2.64,"czech republic","extended",FALSE
"deszcz",0.399504600141543,1,"Imbir2016",2.64,"rain","extended",FALSE
"irlandia",0.399504600141543,1,"Imbir2016",2.64,"ireland","extended",FALSE
"kazachstan",0.399504600141543,1,"Imbir2016",2.64,"kazakhstan","extended",FALSE
"klasztor",0.399504600141543,1,"Imbir2016",2.64,"monastery","extended",FALSE
"kryształ",0.399504600141543,1,"Imbir2016",2.64,"crystal","extended",FALSE
"ludzie",0.399504600141543,1,"Imbir2016",2.64,"people","extended",FALSE
"lunch",0.399504600141543,1,"Imbir2016",2.64,"lunch","extended",FALSE
"rdzeń",0.399504600141543,1,"Imbir2016",2.64,"core","extended",FALSE
"rodzynek",0.399504600141543,1,"Imbir2016",2.64,"raisin","extended",FALSE
"rosja",0.399504600141543,1,"Imbir2016",2.64,"russia","extended",FALSE
"rzeźnik",0.399504600141543,1,"Imbir2016",2.64,"butcher","extended",FALSE
"siostra",0.399504600141543,1,"Imbir2016",2.64,"sister","extended",FALSE
"słońce",0.399504600141543,1,"Imbir2016",2.64,"sun","extended",FALSE
"stal",0.399504600141543,1,"Imbir2016",2.64,"steel","extended",FALSE
"wymioty",0.399504600141543,1,"Imbir2016",2.64,"vomiting","extended",FALSE
"margerytka",0.396319886765747,1,"Imbir2016",2.62857142857143,"marguerite","extended",FALSE
"wlew",0.395966029723992,1,"Imbir2016",2.625,"infusion","extended",FALSE
"mokka",0.395612172682236,1,"Imbir2016",2.62162162162162,"mocha","extended",FALSE
"apartament",0.394019815994338,1,"Imbir2016",2.62,"penthouse","extended",FALSE
"działka",0.394019815994338,1,"Imbir2016",2.62,"plot","extended",FALSE
"hitler",0.394019815994338,1,"Imbir2016",2.62,"hitler","extended",FALSE
"kat",0.394019815994338,1,"Imbir2016",2.62,"executioner","extended",FALSE
"pokój",0.394019815994338,1,"Imbir2016",2.62,"peace","extended",FALSE
"robot",0.394019815994338,1,"Imbir2016",2.62,"robot","extended",FALSE
"tancerz",0.394019815994338,1,"Imbir2016",2.62,"dancer","extended",FALSE
"teren",0.394019815994338,1,"Imbir2016",2.62,"field","extended",FALSE
"plwocina",0.39242745930644,1,"Imbir2016",2.61764705882353,"spit","extended",FALSE
"czarnogóra",0.392073602264685,1,"Imbir2016",2.61224489795918,"montenegro","extended",FALSE
"buczyna",0.39171974522293,1,"Imbir2016",2.60526315789474,"to beech","extended",FALSE
"dom",0.390127388535032,1,"Imbir2016",2.6,"home/ house","extended",FALSE
"estonia",0.390127388535032,1,"Imbir2016",2.6,"estonia","extended",FALSE
"kąpiel",0.390127388535032,1,"Imbir2016",2.6,"bath","extended",FALSE
"kobieta",0.390127388535032,1,"Imbir2016",2.6,"woman","extended",FALSE
"krykiet",0.390127388535032,1,"Imbir2016",2.6,"cricket","extended",FALSE
"pacjent",0.390127388535032,1,"Imbir2016",2.6,"patient","extended",FALSE
"pirat",0.390127388535032,1,"Imbir2016",2.6,"pirate","extended",FALSE
"szejk",0.390127388535032,1,"Imbir2016",2.6,"sheikh","extended",FALSE
"przylądek",0.388535031847134,1,"Imbir2016",2.59183673469388,"cape","extended",FALSE
"chmura",0.387119603680113,1,"Imbir2016",2.58,"cloud","extended",FALSE
"finlandia",0.387119603680113,1,"Imbir2016",2.58,"finland","extended",FALSE
"morze",0.387119603680113,1,"Imbir2016",2.58,"sea","extended",FALSE
"plamka",0.387119603680113,1,"Imbir2016",2.58,"fleck","extended",FALSE
"słowenia",0.387119603680113,1,"Imbir2016",2.58,"slovenia","extended",FALSE
"solanka",0.387119603680113,1,"Imbir2016",2.58,"brine","extended",FALSE
"tekst",0.387119603680113,1,"Imbir2016",2.58,"text","extended",FALSE
"perfumy",0.385704175513093,1,"Imbir2016",2.57142857142857,"perfume","extended",FALSE
"bankiet",0.383227176220807,1,"Imbir2016",2.56,"banquet","extended",FALSE
"chrom",0.383227176220807,1,"Imbir2016",2.56,"chrome","extended",FALSE
"córka",0.383227176220807,1,"Imbir2016",2.56,"daughter","extended",FALSE
"dania",0.383227176220807,1,"Imbir2016",2.56,"denmark","extended",FALSE
"hercegowina",0.383227176220807,1,"Imbir2016",2.56,"hercegovina","extended",FALSE
"kutas",0.383227176220807,1,"Imbir2016",2.56,"dick","extended",FALSE
"kuzyn",0.383227176220807,1,"Imbir2016",2.56,"nephew","extended",FALSE
"matka",0.383227176220807,1,"Imbir2016",2.56,"mother","extended",FALSE
"organ",0.383227176220807,1,"Imbir2016",2.56,"organ","extended",FALSE
"osłonka",0.383227176220807,1,"Imbir2016",2.56,"sheath/vagina","extended",FALSE
"przekąska",0.383227176220807,1,"Imbir2016",2.56,"snack","extended",FALSE
"serbia",0.383227176220807,1,"Imbir2016",2.56,"serbia","extended",FALSE
"sztangista",0.383227176220807,1,"Imbir2016",2.56,"weightlifter","extended",FALSE
"pastel",0.380750176928521,1,"Imbir2016",2.55102040816326,"pastel","extended",FALSE
"bułgaria",0.37862703467799,1,"Imbir2016",2.54,"bulgaria","extended",FALSE
"kaplica",0.37862703467799,1,"Imbir2016",2.54,"chapel","extended",FALSE
"kwas",0.37862703467799,1,"Imbir2016",2.54,"acid","extended",FALSE
"lekarz",0.37862703467799,1,"Imbir2016",2.54,"doctor","extended",FALSE
"mózg",0.37862703467799,1,"Imbir2016",2.54,"brain","extended",FALSE
"okruch",0.37862703467799,1,"Imbir2016",2.54,"crumb","extended",FALSE
"portugalia",0.37862703467799,1,"Imbir2016",2.54,"portugal","extended",FALSE
"przedmiot",0.37862703467799,1,"Imbir2016",2.54,"subject","extended",FALSE
"rumunia",0.37862703467799,1,"Imbir2016",2.54,"romania","extended",FALSE
"watykan",0.37862703467799,1,"Imbir2016",2.54,"vatican","extended",FALSE
"zacisk",0.37862703467799,1,"Imbir2016",2.54,"clip","extended",FALSE
"cyklon",0.376326963906582,1,"Imbir2016",2.53061224489796,"cyclone","extended",FALSE
"kolos",0.376326963906582,1,"Imbir2016",2.53061224489796,"colossus","extended",FALSE
"cera",0.374203821656051,1,"Imbir2016",2.52,"complexion","extended",FALSE
"ciotka",0.374203821656051,1,"Imbir2016",2.52,"aunt","extended",FALSE
"cmentarz",0.374203821656051,1,"Imbir2016",2.52,"cemetery","extended",FALSE
"dyskoteka",0.374203821656051,1,"Imbir2016",2.52,"disco","extended",FALSE
"kolumna",0.374203821656051,1,"Imbir2016",2.52,"column","extended",FALSE
"materiał",0.374203821656051,1,"Imbir2016",2.52,"cloth","extended",FALSE
"posiłek",0.374203821656051,1,"Imbir2016",2.52,"meal","extended",FALSE
"sąsiad",0.374203821656051,1,"Imbir2016",2.52,"neighbor","extended",FALSE
"transparent",0.374203821656051,1,"Imbir2016",2.52,"banner","extended",FALSE
"urwisko",0.374203821656051,1,"Imbir2016",2.52,"cliff","extended",FALSE
"fasada",0.37208067940552,1,"Imbir2016",2.51020408163265,"facade","extended",FALSE
"platforma",0.37208067940552,1,"Imbir2016",2.51020408163265,"platform","extended",FALSE
"babunia",0.369426751592357,1,"Imbir2016",2.5,"grany","extended",FALSE
"belgia",0.369426751592357,1,"Imbir2016",2.5,"belgium","extended",FALSE
"czasopismo",0.369426751592357,1,"Imbir2016",2.5,"magazine","extended",FALSE
"funt",0.369426751592357,1,"Imbir2016",2.5,"pound","extended",FALSE
"jedzenie",0.369426751592357,1,"Imbir2016",2.5,"food","extended",FALSE
"kapitan",0.369426751592357,1,"Imbir2016",2.5,"captain","extended",FALSE
"kolej",0.369426751592357,1,"Imbir2016",2.5,"turn","extended",FALSE
"niemowlak",0.369426751592357,1,"Imbir2016",2.5,"baby","extended",FALSE
"pielęgniarka",0.369426751592357,1,"Imbir2016",2.5,"nurse","extended",FALSE
"planeta",0.369426751592357,1,"Imbir2016",2.5,"planet","extended",FALSE
"rycerz",0.369426751592357,1,"Imbir2016",2.5,"knight","extended",FALSE
"schronisko",0.369426751592357,1,"Imbir2016",2.5,"shelter","extended",FALSE
"wiking",0.369426751592357,1,"Imbir2016",2.5,"viking","extended",FALSE
"lokaj",0.366772823779193,1,"Imbir2016",2.48979591836735,"butler","extended",FALSE
"wrak",0.366772823779193,1,"Imbir2016",2.48979591836735,"shipwreck","extended",FALSE
"chmury",0.365180467091295,1,"Imbir2016",2.48,"clouds","extended",FALSE
"leki",0.365180467091295,1,"Imbir2016",2.48,"drugs","extended",FALSE
"ołtarz",0.365180467091295,1,"Imbir2016",2.48,"altar","extended",FALSE
"rany",0.365180467091295,1,"Imbir2016",2.48,"wounds","extended",FALSE
"ratownik",0.365180467091295,1,"Imbir2016",2.48,"rescuer","extended",FALSE
"szwajcaria",0.365180467091295,1,"Imbir2016",2.48,"switzerland","extended",FALSE
"wujek",0.365180467091295,1,"Imbir2016",2.48,"uncle","extended",FALSE
"wok",0.363765038924275,1,"Imbir2016",2.47727272727273,"wok","extended",FALSE
"wciągarka",0.36341118188252,1,"Imbir2016",2.46938775510204,"winch","extended",FALSE
"silos",0.363057324840764,1,"Imbir2016",2.46341463414634,"silo","extended",FALSE
"bokser",0.360049539985846,1,"Imbir2016",2.46,"boxer","extended",FALSE
"dentysta",0.360049539985846,1,"Imbir2016",2.46,"dentist","extended",FALSE
"dziadek",0.360049539985846,1,"Imbir2016",2.46,"grandfather","extended",FALSE
"francja",0.360049539985846,1,"Imbir2016",2.46,"france","extended",FALSE
"grad",0.360049539985846,1,"Imbir2016",2.46,"hail","extended",FALSE
"hiszpania",0.360049539985846,1,"Imbir2016",2.46,"spain","extended",FALSE
"holandia",0.360049539985846,1,"Imbir2016",2.46,"netherland","extended",FALSE
"islandia",0.360049539985846,1,"Imbir2016",2.46,"iceland","extended",FALSE
"poczta",0.360049539985846,1,"Imbir2016",2.46,"mail","extended",FALSE
"pokład",0.360049539985846,1,"Imbir2016",2.46,"deck","extended",FALSE
"robactwo",0.360049539985846,1,"Imbir2016",2.46,"vermin","extended",FALSE
"rój",0.360049539985846,1,"Imbir2016",2.46,"swarm","extended",FALSE
"ruda",0.360049539985846,1,"Imbir2016",2.46,"ore","extended",FALSE
"ścieżka",0.360049539985846,1,"Imbir2016",2.46,"path","extended",FALSE
"szkic",0.360049539985846,1,"Imbir2016",2.46,"sketch","extended",FALSE
"turcja",0.360049539985846,1,"Imbir2016",2.46,"turkey","extended",FALSE
"krogulec",0.357041755130927,1,"Imbir2016",2.45238095238095,"sparrow-hawk","extended",FALSE
"babcia",0.354033970276008,1,"Imbir2016",2.44,"grandmother","extended",FALSE
"bydlę",0.354033970276008,1,"Imbir2016",2.44,"brute","extended",FALSE
"chłopak",0.354033970276008,1,"Imbir2016",2.44,"boy","extended",FALSE
"dziennik",0.354033970276008,1,"Imbir2016",2.44,"journal","extended",FALSE
"grecja",0.354033970276008,1,"Imbir2016",2.44,"greece","extended",FALSE
"hindus",0.354033970276008,1,"Imbir2016",2.44,"hindu","extended",FALSE
"iskra",0.354033970276008,1,"Imbir2016",2.44,"spark","extended",FALSE
"liechtenstein",0.354033970276008,1,"Imbir2016",2.44,"liechtenstein","extended",FALSE
"papka",0.354033970276008,1,"Imbir2016",2.44,"mush","extended",FALSE
"rzeczy",0.354033970276008,1,"Imbir2016",2.44,"stuff","extended",FALSE
"strych",0.354033970276008,1,"Imbir2016",2.44,"attic","extended",FALSE
"szczelina",0.354033970276008,1,"Imbir2016",2.44,"slot","extended",FALSE
"tankowiec",0.354033970276008,1,"Imbir2016",2.44,"tanker","extended",FALSE
"tsunami",0.354033970276008,1,"Imbir2016",2.44,"tsunami","extended",FALSE
"urzędnik",0.354033970276008,1,"Imbir2016",2.44,"clerk","extended",FALSE
"złoto",0.354033970276008,1,"Imbir2016",2.44,"gold","extended",FALSE
"rzutki",0.350849256900212,1,"Imbir2016",2.42857142857143,"darts","extended",FALSE
"strzęp",0.350849256900212,1,"Imbir2016",2.42857142857143,"shred","extended",FALSE
"kabura",0.35031847133758,1,"Imbir2016",2.42222222222222,"holster","extended",FALSE
"aksamit",0.346602972399151,1,"Imbir2016",2.42,"velvet","extended",FALSE
"arkusz",0.346602972399151,1,"Imbir2016",2.42,"sheet","extended",FALSE
"austria",0.346602972399151,1,"Imbir2016",2.42,"austria","extended",FALSE
"biegacz",0.346602972399151,1,"Imbir2016",2.42,"runner","extended",FALSE
"druk",0.346602972399151,1,"Imbir2016",2.42,"print","extended",FALSE
"gałka",0.346602972399151,1,"Imbir2016",2.42,"knob","extended",FALSE
"grób",0.346602972399151,1,"Imbir2016",2.42,"tomb","extended",FALSE
"jaskinia",0.346602972399151,1,"Imbir2016",2.42,"cave","extended",FALSE
"kostnica",0.346602972399151,1,"Imbir2016",2.42,"morgue","extended",FALSE
"litwa",0.346602972399151,1,"Imbir2016",2.42,"lithuania","extended",FALSE
"luksemburg",0.346602972399151,1,"Imbir2016",2.42,"luxembourg","extended",FALSE
"malarz",0.346602972399151,1,"Imbir2016",2.42,"painter","extended",FALSE
"marynarz",0.346602972399151,1,"Imbir2016",2.42,"sailor","extended",FALSE
"myśliwiec",0.346602972399151,1,"Imbir2016",2.42,"fighter","extended",FALSE
"przerębel",0.346602972399151,1,"Imbir2016",2.42,"ice hole","extended",FALSE
"rdza",0.346602972399151,1,"Imbir2016",2.42,"rust","extended",FALSE
"siostrzenica",0.346602972399151,1,"Imbir2016",2.42,"niece","extended",FALSE
"smark",0.346602972399151,1,"Imbir2016",2.42,"snot","extended",FALSE
"szwecja",0.346602972399151,1,"Imbir2016",2.42,"sweden","extended",FALSE
"trup",0.346602972399151,1,"Imbir2016",2.42,"corpse","extended",FALSE
"anglia",0.340587402689314,1,"Imbir2016",2.4,"england","extended",FALSE
"diesel",0.340587402689314,1,"Imbir2016",2.4,"diesel","extended",FALSE
"forsa",0.340587402689314,1,"Imbir2016",2.4,"moolah","extended",FALSE
"gabinet",0.340587402689314,1,"Imbir2016",2.4,"cabinet","extended",FALSE
"gimnastyk",0.340587402689314,1,"Imbir2016",2.4,"gymnast","extended",FALSE
"padlina",0.340587402689314,1,"Imbir2016",2.4,"bitch","extended",FALSE
"paleta",0.340587402689314,1,"Imbir2016",2.4,"palette","extended",FALSE
"przyprawy",0.340587402689314,1,"Imbir2016",2.4,"spices","extended",FALSE
"skorupa",0.340587402689314,1,"Imbir2016",2.4,"crust","extended",FALSE
"stacja",0.340587402689314,1,"Imbir2016",2.4,"station","extended",FALSE
"tenis",0.340587402689314,1,"Imbir2016",2.4,"tennis","extended",FALSE
"ubranie",0.340587402689314,1,"Imbir2016",2.4,"garment / clothes","extended",FALSE
"zakładka",0.340587402689314,1,"Imbir2016",2.4,"lap","extended",FALSE
"ziarno",0.340587402689314,1,"Imbir2016",2.4,"grain","extended",FALSE
"slup",0.33793347487615,1,"Imbir2016",2.39393939393939,"sloop","extended",FALSE
"karafka",0.337579617834395,1,"Imbir2016",2.38775510204082,"carafe","extended",FALSE
"blondyn",0.335102618542109,1,"Imbir2016",2.38,"blond","extended",FALSE
"gwiazda",0.335102618542109,1,"Imbir2016",2.38,"star","extended",FALSE
"jad",0.335102618542109,1,"Imbir2016",2.38,"venom","extended",FALSE
"kanał",0.335102618542109,1,"Imbir2016",2.38,"canal","extended",FALSE
"lawa",0.335102618542109,1,"Imbir2016",2.38,"lava","extended",FALSE
"orkiestra",0.335102618542109,1,"Imbir2016",2.38,"orchestra","extended",FALSE
"piętro",0.335102618542109,1,"Imbir2016",2.38,"floor","extended",FALSE
"piosenkarz",0.335102618542109,1,"Imbir2016",2.38,"singer","extended",FALSE
"rolnik",0.335102618542109,1,"Imbir2016",2.38,"farmer","extended",FALSE
"rubel",0.335102618542109,1,"Imbir2016",2.38,"ruble","extended",FALSE
"rysunek",0.335102618542109,1,"Imbir2016",2.38,"drawing","extended",FALSE
"step",0.335102618542109,1,"Imbir2016",2.38,"steppe","extended",FALSE
"zamek",0.335102618542109,1,"Imbir2016",2.38,"castle","extended",FALSE
"łupek",0.332625619249823,1,"Imbir2016",2.3695652173913,"slate","extended",FALSE
"pieczęć",0.33209483368719,1,"Imbir2016",2.36734693877551,"stamp","extended",FALSE
"skalp",0.33209483368719,1,"Imbir2016",2.36734693877551,"scalp","extended",FALSE
"chorwacja",0.329440905874027,1,"Imbir2016",2.36,"croatia","extended",FALSE
"dym",0.329440905874027,1,"Imbir2016",2.36,"smoke","extended",FALSE
"dziecko",0.329440905874027,1,"Imbir2016",2.36,"baby/child","extended",FALSE
"facet",0.329440905874027,1,"Imbir2016",2.36,"guy","extended",FALSE
"gleba",0.329440905874027,1,"Imbir2016",2.36,"soil","extended",FALSE
"obraz",0.329440905874027,1,"Imbir2016",2.36,"image","extended",FALSE
"sałatka",0.329440905874027,1,"Imbir2016",2.36,"salad","extended",FALSE
"sierżant",0.329440905874027,1,"Imbir2016",2.36,"sergeant","extended",FALSE
"słowacja",0.329440905874027,1,"Imbir2016",2.36,"slovakia","extended",FALSE
"szkoła",0.329440905874027,1,"Imbir2016",2.36,"school","extended",FALSE
"uchwyt",0.329440905874027,1,"Imbir2016",2.36,"grip","extended",FALSE
"zakonnica",0.329440905874027,1,"Imbir2016",2.36,"nun","extended",FALSE
"zatoka",0.329440905874027,1,"Imbir2016",2.36,"bay","extended",FALSE
"baner",0.325017692852088,1,"Imbir2016",2.34,"banner","extended",FALSE
"biuro",0.325017692852088,1,"Imbir2016",2.34,"office","extended",FALSE
"dżungla",0.325017692852088,1,"Imbir2016",2.34,"jungle","extended",FALSE
"farma",0.325017692852088,1,"Imbir2016",2.34,"farm","extended",FALSE
"góra",0.325017692852088,1,"Imbir2016",2.34,"mountain","extended",FALSE
"okładka",0.325017692852088,1,"Imbir2016",2.34,"cover","extended",FALSE
"pilot",0.325017692852088,1,"Imbir2016",2.34,"pilot","extended",FALSE
"plama",0.325017692852088,1,"Imbir2016",2.34,"stain","extended",FALSE
"podgardle",0.325017692852088,1,"Imbir2016",2.34,"crop","extended",FALSE
"śluz",0.325017692852088,1,"Imbir2016",2.34,"mucus","extended",FALSE
"śmieci",0.325017692852088,1,"Imbir2016",2.34,"garbage","extended",FALSE
"wymiociny",0.325017692852088,1,"Imbir2016",2.34,"vomit","extended",FALSE
"dok",0.322717622080679,1,"Imbir2016",2.33333333333333,"dock","extended",FALSE
"curry",0.322186836518047,1,"Imbir2016",2.3265306122449,"curry","extended",FALSE
"paka",0.322186836518047,1,"Imbir2016",2.3265306122449,"crate","extended",FALSE
"opal",0.321656050955414,1,"Imbir2016",2.32608695652174,"opal","extended",FALSE
"bilard",0.319532908704883,1,"Imbir2016",2.32,"billiards","extended",FALSE
"droga",0.319532908704883,1,"Imbir2016",2.32,"road","extended",FALSE
"filtr",0.319532908704883,1,"Imbir2016",2.32,"filter","extended",FALSE
"fryz",0.319532908704883,1,"Imbir2016",2.32,"frieze","extended",FALSE
"gnój",0.319532908704883,1,"Imbir2016",2.32,"dung / manure","extended",FALSE
"maskotka",0.319532908704883,1,"Imbir2016",2.32,"mascot","extended",FALSE
"pęcherz",0.319532908704883,1,"Imbir2016",2.32,"bladder","extended",FALSE
"piana",0.319532908704883,1,"Imbir2016",2.32,"foam","extended",FALSE
"pływak",0.319532908704883,1,"Imbir2016",2.32,"swimmer","extended",FALSE
"poddasze",0.319532908704883,1,"Imbir2016",2.32,"attic","extended",FALSE
"zwierzaczek",0.319532908704883,1,"Imbir2016",2.32,"pet","extended",FALSE
"lukrecja",0.317409766454352,1,"Imbir2016",2.31111111111111,"licorice","extended",FALSE
"dzieci",0.314401981599434,1,"Imbir2016",2.3,"kids","extended",FALSE
"kolacja",0.314401981599434,1,"Imbir2016",2.3,"supper / dinner","extended",FALSE
"kołek",0.314401981599434,1,"Imbir2016",2.3,"pin","extended",FALSE
"loch",0.314401981599434,1,"Imbir2016",2.3,"dungeon","extended",FALSE
"motel",0.314401981599434,1,"Imbir2016",2.3,"motel","extended",FALSE
"muzeum",0.314401981599434,1,"Imbir2016",2.3,"museum","extended",FALSE
"ostrokrzew",0.314401981599434,1,"Imbir2016",2.3,"holly","extended",FALSE
"pot",0.314401981599434,1,"Imbir2016",2.3,"sweat","extended",FALSE
"puch",0.314401981599434,1,"Imbir2016",2.3,"down","extended",FALSE
"ramię",0.314401981599434,1,"Imbir2016",2.3,"arm","extended",FALSE
"salon",0.314401981599434,1,"Imbir2016",2.3,"salon","extended",FALSE
"ścieki",0.314401981599434,1,"Imbir2016",2.3,"sludge","extended",FALSE
"szkło",0.314401981599434,1,"Imbir2016",2.3,"glass","extended",FALSE
"tor",0.314401981599434,1,"Imbir2016",2.3,"track","extended",FALSE
"torf",0.314401981599434,1,"Imbir2016",2.3,"peat","extended",FALSE
"zawias",0.314401981599434,1,"Imbir2016",2.3,"hinge","extended",FALSE
"fiord",0.311394196744515,1,"Imbir2016",2.29787234042553,"fjord","extended",FALSE
"skorek",0.31104033970276,1,"Imbir2016",2.29411764705882,"earwig","extended",FALSE
"fort",0.310686482661005,1,"Imbir2016",2.29166666666667,"fort","extended",FALSE
"czerep",0.310155697098372,1,"Imbir2016",2.28888888888889,"shard","extended",FALSE
"szalotka",0.310155697098372,1,"Imbir2016",2.28888888888889,"shallot","extended",FALSE
"albania",0.307501769285209,1,"Imbir2016",2.28,"albania","extended",FALSE
"aleja",0.307501769285209,1,"Imbir2016",2.28,"alley / avenue","extended",FALSE
"ambulans",0.307501769285209,1,"Imbir2016",2.28,"ambulance","extended",FALSE
"kostium",0.307501769285209,1,"Imbir2016",2.28,"costume","extended",FALSE
"lodowiec",0.307501769285209,1,"Imbir2016",2.28,"glacier","extended",FALSE
"mieszadło",0.307501769285209,1,"Imbir2016",2.28,"paddle","extended",FALSE
"murzyn",0.307501769285209,1,"Imbir2016",2.28,"negro","extended",FALSE
"naszywka",0.307501769285209,1,"Imbir2016",2.28,"stripe","extended",FALSE
"niemowlę",0.307501769285209,1,"Imbir2016",2.28,"infant","extended",FALSE
"palenisko",0.307501769285209,1,"Imbir2016",2.28,"hearth-fire","extended",FALSE
"potok",0.307501769285209,1,"Imbir2016",2.28,"brook","extended",FALSE
"stragan",0.307501769285209,1,"Imbir2016",2.28,"stall","extended",FALSE
"woreczek",0.307501769285209,1,"Imbir2016",2.28,"pouch","extended",FALSE
"chlor",0.304670912951168,1,"Imbir2016",2.26530612244898,"chlorine","extended",FALSE
"drozd",0.304670912951168,1,"Imbir2016",2.26530612244898,"thrush","extended",FALSE
"pole",0.304670912951168,1,"Imbir2016",2.26530612244898,"field","extended",FALSE
"flota",0.300424628450106,1,"Imbir2016",2.26,"fleet","extended",FALSE
"golfista",0.300424628450106,1,"Imbir2016",2.26,"golfer","extended",FALSE
"gotówka",0.300424628450106,1,"Imbir2016",2.26,"cash","extended",FALSE
"gruzy",0.300424628450106,1,"Imbir2016",2.26,"debris","extended",FALSE
"grzbiet",0.300424628450106,1,"Imbir2016",2.26,"ridge","extended",FALSE
"kępka",0.300424628450106,1,"Imbir2016",2.26,"tuft","extended",FALSE
"laboratorium",0.300424628450106,1,"Imbir2016",2.26,"lab","extended",FALSE
"menu",0.300424628450106,1,"Imbir2016",2.26,"menu","extended",FALSE
"nektar",0.300424628450106,1,"Imbir2016",2.26,"nectar","extended",FALSE
"odzież",0.300424628450106,1,"Imbir2016",2.26,"clothing","extended",FALSE
"ogród",0.300424628450106,1,"Imbir2016",2.26,"garden","extended",FALSE
"pierś",0.300424628450106,1,"Imbir2016",2.26,"breast","extended",FALSE
"pocisk",0.300424628450106,1,"Imbir2016",2.26,"bullet","extended",FALSE
"prawnik",0.300424628450106,1,"Imbir2016",2.26,"lawyer","extended",FALSE
"przełącznik",0.300424628450106,1,"Imbir2016",2.26,"switch","extended",FALSE
"syn",0.300424628450106,1,"Imbir2016",2.26,"son","extended",FALSE
"talon",0.300424628450106,1,"Imbir2016",2.26,"voucher","extended",FALSE
"tunel",0.300424628450106,1,"Imbir2016",2.26,"tunnel","extended",FALSE
"węzeł",0.300424628450106,1,"Imbir2016",2.26,"knot","extended",FALSE
"zbroja",0.300424628450106,1,"Imbir2016",2.26,"armor","extended",FALSE
"ziemia",0.300424628450106,1,"Imbir2016",2.26,"earth","extended",FALSE
"bazooka",0.2965322009908,1,"Imbir2016",2.25531914893617,"bazooka","extended",FALSE
"lanca",0.296178343949045,1,"Imbir2016",2.25,"lance","extended",FALSE
"broszura",0.295647558386412,1,"Imbir2016",2.24489795918367,"pamphlet","extended",FALSE
"cep",0.295647558386412,1,"Imbir2016",2.24489795918367,"brat","extended",FALSE
"dolar",0.291932059447983,1,"Imbir2016",2.24,"dollar","extended",FALSE
"garb",0.291932059447983,1,"Imbir2016",2.24,"hump","extended",FALSE
"lek",0.291932059447983,1,"Imbir2016",2.24,"drug","extended",FALSE
"malta",0.291932059447983,1,"Imbir2016",2.24,"malta","extended",FALSE
"modem",0.291932059447983,1,"Imbir2016",2.24,"modem","extended",FALSE
"nosze",0.291932059447983,1,"Imbir2016",2.24,"stretcher","extended",FALSE
"owoc",0.291932059447983,1,"Imbir2016",2.24,"fruit","extended",FALSE
"parkiet",0.291932059447983,1,"Imbir2016",2.24,"dancefloor","extended",FALSE
"pedał",0.291932059447983,1,"Imbir2016",2.24,"pedal","extended",FALSE
"poncz",0.291932059447983,1,"Imbir2016",2.24,"punch","extended",FALSE
"roślina",0.291932059447983,1,"Imbir2016",2.24,"plant","extended",FALSE
"stos",0.291932059447983,1,"Imbir2016",2.24,"pile","extended",FALSE
"stożek",0.291932059447983,1,"Imbir2016",2.24,"cone","extended",FALSE
"tektura",0.291932059447983,1,"Imbir2016",2.24,"cardboard","extended",FALSE
"trądzik",0.291932059447983,1,"Imbir2016",2.24,"acne","extended",FALSE
"zabawka",0.291932059447983,1,"Imbir2016",2.24,"toy","extended",FALSE
"zasłona",0.291932059447983,1,"Imbir2016",2.24,"veil","extended",FALSE
"zawór",0.291932059447983,1,"Imbir2016",2.24,"valve","extended",FALSE
"zbiornik",0.291932059447983,1,"Imbir2016",2.24,"tank","extended",FALSE
"nikiel",0.288393489030432,1,"Imbir2016",2.23404255319149,"nickel","extended",FALSE
"gruda",0.288039631988677,1,"Imbir2016",2.22448979591837,"clod","extended",FALSE
"bat",0.284677990092003,1,"Imbir2016",2.22,"whip","extended",FALSE
"flaga",0.284677990092003,1,"Imbir2016",2.22,"flag","extended",FALSE
"kielich",0.284677990092003,1,"Imbir2016",2.22,"chalice","extended",FALSE
"klatka",0.284677990092003,1,"Imbir2016",2.22,"birdcage","extended",FALSE
"obornik",0.284677990092003,1,"Imbir2016",2.22,"manure","extended",FALSE
"oszczep",0.284677990092003,1,"Imbir2016",2.22,"spear","extended",FALSE
"penisek",0.284677990092003,1,"Imbir2016",2.22,"willy","extended",FALSE
"pionek",0.284677990092003,1,"Imbir2016",2.22,"pawn","extended",FALSE
"podwórze",0.284677990092003,1,"Imbir2016",2.22,"yard","extended",FALSE
"pokojówka",0.284677990092003,1,"Imbir2016",2.22,"girl/maid","extended",FALSE
"reflektor",0.284677990092003,1,"Imbir2016",2.22,"headlight","extended",FALSE
"restauracja",0.284677990092003,1,"Imbir2016",2.22,"restaurant","extended",FALSE
"ruiny",0.284677990092003,1,"Imbir2016",2.22,"ruins","extended",FALSE
"śledź",0.284677990092003,1,"Imbir2016",2.22,"herring","extended",FALSE
"szkielet",0.284677990092003,1,"Imbir2016",2.22,"skeleton","extended",FALSE
"szorty",0.284677990092003,1,"Imbir2016",2.22,"shorts","extended",FALSE
"trumna",0.284677990092003,1,"Imbir2016",2.22,"coffin","extended",FALSE
"żywica",0.284677990092003,1,"Imbir2016",2.22,"resin","extended",FALSE
"magiel",0.281316348195329,1,"Imbir2016",2.20408163265306,"mangle","extended",FALSE
"chusta",0.278839348903043,1,"Imbir2016",2.2,"kerchief","extended",FALSE
"danie",0.278839348903043,1,"Imbir2016",2.2,"dish","extended",FALSE
"klop",0.278839348903043,1,"Imbir2016",2.2,"loo","extended",FALSE
"krew",0.278839348903043,1,"Imbir2016",2.2,"blood","extended",FALSE
"kwiaty",0.278839348903043,1,"Imbir2016",2.2,"flowers","extended",FALSE
"magazyn",0.278839348903043,1,"Imbir2016",2.2,"magazine","extended",FALSE
"mężczyzna",0.278839348903043,1,"Imbir2016",2.2,"male","extended",FALSE
"niedźwiedzie",0.278839348903043,1,"Imbir2016",2.2,"bears","extended",FALSE
"port",0.278839348903043,1,"Imbir2016",2.2,"port","extended",FALSE
"rak",0.278839348903043,1,"Imbir2016",2.2,"cancer","extended",FALSE
"rowek",0.278839348903043,1,"Imbir2016",2.2,"groove","extended",FALSE
"rubin",0.278839348903043,1,"Imbir2016",2.2,"ruby","extended",FALSE
"siateczka",0.278839348903043,1,"Imbir2016",2.2,"meshes","extended",FALSE
"imbir",0.27618542108988,1,"Imbir2016",2.18367346938775,"ginger","extended",FALSE
"kępa",0.27618542108988,1,"Imbir2016",2.18367346938775,"cluster","extended",FALSE
"blizna",0.272823779193206,1,"Imbir2016",2.18,"scar","extended",FALSE
"broń",0.272823779193206,1,"Imbir2016",2.18,"weapon","extended",FALSE
"cela",0.272823779193206,1,"Imbir2016",2.18,"cell","extended",FALSE
"ciało",0.272823779193206,1,"Imbir2016",2.18,"body","extended",FALSE
"filar",0.272823779193206,1,"Imbir2016",2.18,"pillar","extended",FALSE
"grudka",0.272823779193206,1,"Imbir2016",2.18,"to clot","extended",FALSE
"kawiarnia",0.272823779193206,1,"Imbir2016",2.18,"cafe","extended",FALSE
"kociak",0.272823779193206,1,"Imbir2016",2.18,"kitten","extended",FALSE
"korona",0.272823779193206,1,"Imbir2016",2.18,"crown","extended",FALSE
"kupon",0.272823779193206,1,"Imbir2016",2.18,"voucher","extended",FALSE
"piec",0.272823779193206,1,"Imbir2016",2.18,"bake","extended",FALSE
"pióropusz",0.272823779193206,1,"Imbir2016",2.18,"plume","extended",FALSE
"płaszcz",0.272823779193206,1,"Imbir2016",2.18,"coat","extended",FALSE
"plusz",0.272823779193206,1,"Imbir2016",2.18,"plush","extended",FALSE
"sęp",0.272823779193206,1,"Imbir2016",2.18,"vulture","extended",FALSE
"taksówka",0.272823779193206,1,"Imbir2016",2.18,"taxi","extended",FALSE
"złotówka",0.272823779193206,1,"Imbir2016",2.18,"pln","extended",FALSE
"wspornik",0.26963906581741,1,"Imbir2016",2.16326530612245,"bracket","extended",FALSE
"ćma",0.265569709837226,1,"Imbir2016",2.16,"moth","extended",FALSE
"drzazga",0.265569709837226,1,"Imbir2016",2.16,"splinter","extended",FALSE
"karzeł",0.265569709837226,1,"Imbir2016",2.16,"dwarf","extended",FALSE
"książka",0.265569709837226,1,"Imbir2016",2.16,"book","extended",FALSE
"kurtyna",0.265569709837226,1,"Imbir2016",2.16,"curtain","extended",FALSE
"marmur",0.265569709837226,1,"Imbir2016",2.16,"marble","extended",FALSE
"metal",0.265569709837226,1,"Imbir2016",2.16,"metal","extended",FALSE
"napój",0.265569709837226,1,"Imbir2016",2.16,"beverage","extended",FALSE
"nasienie",0.265569709837226,1,"Imbir2016",2.16,"seed","extended",FALSE
"ogier",0.265569709837226,1,"Imbir2016",2.16,"stallion","extended",FALSE
"pas",0.265569709837226,1,"Imbir2016",2.16,"belt","extended",FALSE
"paw",0.265569709837226,1,"Imbir2016",2.16,"peacock","extended",FALSE
"prosiaczek",0.265569709837226,1,"Imbir2016",2.16,"piglet","extended",FALSE
"puchar",0.265569709837226,1,"Imbir2016",2.16,"cup","extended",FALSE
"pudel",0.265569709837226,1,"Imbir2016",2.16,"poodle","extended",FALSE
"ręka",0.265569709837226,1,"Imbir2016",2.16,"hand","extended",FALSE
"rosa",0.265569709837226,1,"Imbir2016",2.16,"dew","extended",FALSE
"samolot",0.265569709837226,1,"Imbir2016",2.16,"plane","extended",FALSE
"skrzypce",0.265569709837226,1,"Imbir2016",2.16,"violin","extended",FALSE
"statek",0.265569709837226,1,"Imbir2016",2.16,"ship","extended",FALSE
"zabawki",0.265569709837226,1,"Imbir2016",2.16,"toys","extended",FALSE
"żeton",0.265569709837226,1,"Imbir2016",2.16,"token","extended",FALSE
"cierń",0.258846426043878,1,"Imbir2016",2.14,"thorn","extended",FALSE
"glina",0.258846426043878,1,"Imbir2016",2.14,"clay","extended",FALSE
"guz",0.258846426043878,1,"Imbir2016",2.14,"tumor","extended",FALSE
"klips",0.258846426043878,1,"Imbir2016",2.14,"clip","extended",FALSE
"komputer",0.258846426043878,1,"Imbir2016",2.14,"computer","extended",FALSE
"krokus",0.258846426043878,1,"Imbir2016",2.14,"crocus","extended",FALSE
"księżyc",0.258846426043878,1,"Imbir2016",2.14,"moon","extended",FALSE
"maska",0.258846426043878,1,"Imbir2016",2.14,"gas mask","extended",FALSE
"radar",0.258846426043878,1,"Imbir2016",2.14,"radar","extended",FALSE
"rzeka",0.258846426043878,1,"Imbir2016",2.14,"river","extended",FALSE
"ster",0.258846426043878,1,"Imbir2016",2.14,"rudder","extended",FALSE
"suwak",0.258846426043878,1,"Imbir2016",2.14,"slide","extended",FALSE
"szczeniak",0.258846426043878,1,"Imbir2016",2.14,"puppy","extended",FALSE
"tron",0.258846426043878,1,"Imbir2016",2.14,"throne","extended",FALSE
"tułów",0.258846426043878,1,"Imbir2016",2.14,"trunk / torso","extended",FALSE
"zdjęcie",0.258846426043878,1,"Imbir2016",2.14,"photo","extended",FALSE
"pleśń",0.255661712668082,1,"Imbir2016",2.12244897959184,"mildew / mold","extended",FALSE
"posąg",0.255661712668082,1,"Imbir2016",2.12244897959184,"statue","extended",FALSE
"butelka",0.249646142958245,1,"Imbir2016",2.12,"bottle","extended",FALSE
"cyna",0.249646142958245,1,"Imbir2016",2.12,"tin","extended",FALSE
"dąb",0.249646142958245,1,"Imbir2016",2.12,"oak","extended",FALSE
"delfin",0.249646142958245,1,"Imbir2016",2.12,"dolphin","extended",FALSE
"diament",0.249646142958245,1,"Imbir2016",2.12,"diamond","extended",FALSE
"dyplom",0.249646142958245,1,"Imbir2016",2.12,"diploma","extended",FALSE
"fajerwerk",0.249646142958245,1,"Imbir2016",2.12,"firework","extended",FALSE
"flaczki",0.249646142958245,1,"Imbir2016",2.12,"paunch","extended",FALSE
"głowa",0.249646142958245,1,"Imbir2016",2.12,"head","extended",FALSE
"hamulec",0.249646142958245,1,"Imbir2016",2.12,"brake","extended",FALSE
"kiełek",0.249646142958245,1,"Imbir2016",2.12,"sprout","extended",FALSE
"koncentrat",0.249646142958245,1,"Imbir2016",2.12,"concentrate","extended",FALSE
"korytarz",0.249646142958245,1,"Imbir2016",2.12,"corridor","extended",FALSE
"kuchnia",0.249646142958245,1,"Imbir2016",2.12,"cuisine","extended",FALSE
"łąka",0.249646142958245,1,"Imbir2016",2.12,"meadow","extended",FALSE
"łódź",0.249646142958245,1,"Imbir2016",2.12,"boat","extended",FALSE
"manekin",0.249646142958245,1,"Imbir2016",2.12,"dummy","extended",FALSE
"medal",0.249646142958245,1,"Imbir2016",2.12,"medal","extended",FALSE
"mrówka",0.249646142958245,1,"Imbir2016",2.12,"ant","extended",FALSE
"narząd",0.249646142958245,1,"Imbir2016",2.12,"organ","extended",FALSE
"narzędzie",0.249646142958245,1,"Imbir2016",2.12,"tool / utensil","extended",FALSE
"ogon",0.249646142958245,1,"Imbir2016",2.12,"tail","extended",FALSE
"orka",0.249646142958245,1,"Imbir2016",2.12,"orca","extended",FALSE
"piekarz",0.249646142958245,1,"Imbir2016",2.12,"baker","extended",FALSE
"plakat",0.249646142958245,1,"Imbir2016",2.12,"poster","extended",FALSE
"rzepa",0.249646142958245,1,"Imbir2016",2.12,"turnip","extended",FALSE
"sito",0.249646142958245,1,"Imbir2016",2.12,"sieve","extended",FALSE
"sprzedawca",0.249646142958245,1,"Imbir2016",2.12,"dealer","extended",FALSE
"szmata",0.249646142958245,1,"Imbir2016",2.12,"rag","extended",FALSE
"termit",0.249646142958245,1,"Imbir2016",2.12,"termite","extended",FALSE
"żołądek",0.249646142958245,1,"Imbir2016",2.12,"stomach","extended",FALSE
"zwrotnica",0.249646142958245,1,"Imbir2016",2.12,"switch","extended",FALSE
"żabot",0.243807501769285,1,"Imbir2016",2.11904761904762,"ruffle","extended",FALSE
"śmietniczka",0.24345364472753,1,"Imbir2016",2.10416666666667,"dustpan","extended",FALSE
"aerozol",0.239030431705591,1,"Imbir2016",2.1,"spray /aerosol","extended",FALSE
"album",0.239030431705591,1,"Imbir2016",2.1,"album","extended",FALSE
"atlas",0.239030431705591,1,"Imbir2016",2.1,"atlas","extended",FALSE
"bar",0.239030431705591,1,"Imbir2016",2.1,"bar","extended",FALSE
"bazar",0.239030431705591,1,"Imbir2016",2.1,"bazaar","extended",FALSE
"bomba",0.239030431705591,1,"Imbir2016",2.1,"bomb","extended",FALSE
"broszka",0.239030431705591,1,"Imbir2016",2.1,"brooch","extended",FALSE
"bukiet",0.239030431705591,1,"Imbir2016",2.1,"bouquet","extended",FALSE
"cent",0.239030431705591,1,"Imbir2016",2.1,"cent","extended",FALSE
"dupa",0.239030431705591,1,"Imbir2016",2.1,"ass","extended",FALSE
"golonka",0.239030431705591,1,"Imbir2016",2.1,"knuckle","extended",FALSE
"huśtawka",0.239030431705591,1,"Imbir2016",2.1,"swing","extended",FALSE
"pochodnia",0.239030431705591,1,"Imbir2016",2.1,"torch","extended",FALSE
"ptak",0.239030431705591,1,"Imbir2016",2.1,"bird","extended",FALSE
"pysk",0.239030431705591,1,"Imbir2016",2.1,"snout","extended",FALSE
"rtęć",0.239030431705591,1,"Imbir2016",2.1,"mercury","extended",FALSE
"schodek",0.239030431705591,1,"Imbir2016",2.1,"step","extended",FALSE
"silnik",0.239030431705591,1,"Imbir2016",2.1,"engine","extended",FALSE
"sól",0.239030431705591,1,"Imbir2016",2.1,"salt","extended",FALSE
"spodnie",0.239030431705591,1,"Imbir2016",2.1,"pants","extended",FALSE
"szachy",0.239030431705591,1,"Imbir2016",2.1,"chess","extended",FALSE
"wąsy",0.239030431705591,1,"Imbir2016",2.1,"mustache","extended",FALSE
"włącznik",0.239030431705591,1,"Imbir2016",2.1,"switch","extended",FALSE
"wodospad",0.239030431705591,1,"Imbir2016",2.1,"waterfall","extended",FALSE
"kędzior",0.234607218683652,1,"Imbir2016",2.08695652173913,"curl","extended",FALSE
"konfetti",0.234253361641897,1,"Imbir2016",2.08333333333333,"confetti","extended",FALSE
"koks",0.233368719037509,1,"Imbir2016",2.08163265306122,"coke","extended",FALSE
"mosiądz",0.233368719037509,1,"Imbir2016",2.08163265306122,"bronze","extended",FALSE
"pub",0.233368719037509,1,"Imbir2016",2.08163265306122,"pub","extended",FALSE
"właz",0.233368719037509,1,"Imbir2016",2.08163265306122,"hatch","extended",FALSE
"akademik",0.227707006369427,1,"Imbir2016",2.08,"dormitory","extended",FALSE
"akwarium",0.227707006369427,1,"Imbir2016",2.08,"aquarium","extended",FALSE
"bąbel",0.227707006369427,1,"Imbir2016",2.08,"blister","extended",FALSE
"balkon",0.227707006369427,1,"Imbir2016",2.08,"balcony","extended",FALSE
"baran",0.227707006369427,1,"Imbir2016",2.08,"ram","extended",FALSE
"brama",0.227707006369427,1,"Imbir2016",2.08,"gate","extended",FALSE
"delfinek",0.227707006369427,1,"Imbir2016",2.08,"delfinek","extended",FALSE
"garderoba",0.227707006369427,1,"Imbir2016",2.08,"garment","extended",FALSE
"granat",0.227707006369427,1,"Imbir2016",2.08,"grenade","extended",FALSE
"kaczka",0.227707006369427,1,"Imbir2016",2.08,"duck","extended",FALSE
"kelner",0.227707006369427,1,"Imbir2016",2.08,"waiter","extended",FALSE
"laska",0.227707006369427,1,"Imbir2016",2.08,"stick","extended",FALSE
"listwa",0.227707006369427,1,"Imbir2016",2.08,"slat","extended",FALSE
"łza",0.227707006369427,1,"Imbir2016",2.08,"tear","extended",FALSE
"mięso",0.227707006369427,1,"Imbir2016",2.08,"meat","extended",FALSE
"most",0.227707006369427,1,"Imbir2016",2.08,"bridge","extended",FALSE
"nawóz",0.227707006369427,1,"Imbir2016",2.08,"manure","extended",FALSE
"przycisk",0.227707006369427,1,"Imbir2016",2.08,"button","extended",FALSE
"ropa",0.227707006369427,1,"Imbir2016",2.08,"pus","extended",FALSE
"siarka",0.227707006369427,1,"Imbir2016",2.08,"sulfur","extended",FALSE
"sroka",0.227707006369427,1,"Imbir2016",2.08,"magpie","extended",FALSE
"sufit",0.227707006369427,1,"Imbir2016",2.08,"ceiling","extended",FALSE
"tapeta",0.227707006369427,1,"Imbir2016",2.08,"wallpaper","extended",FALSE
"tłuszcz",0.227707006369427,1,"Imbir2016",2.08,"fat","extended",FALSE
"topór",0.227707006369427,1,"Imbir2016",2.08,"ax","extended",FALSE
"wieniec",0.227707006369427,1,"Imbir2016",2.08,"wreath","extended",FALSE
"wodorost",0.227707006369427,1,"Imbir2016",2.08,"seaweed","extended",FALSE
"żołnierz",0.227707006369427,1,"Imbir2016",2.08,"soldier","extended",FALSE
"bawół",0.218860580325548,1,"Imbir2016",2.06,"buffalo","extended",FALSE
"chwast",0.218860580325548,1,"Imbir2016",2.06,"weed","extended",FALSE
"fabryka",0.218860580325548,1,"Imbir2016",2.06,"factory","extended",FALSE
"grzyb",0.218860580325548,1,"Imbir2016",2.06,"fungus/ mushroom","extended",FALSE
"jacht",0.218860580325548,1,"Imbir2016",2.06,"yacht","extended",FALSE
"kolba",0.218860580325548,1,"Imbir2016",2.06,"flask","extended",FALSE
"koniczyna",0.218860580325548,1,"Imbir2016",2.06,"clover","extended",FALSE
"kula",0.218860580325548,1,"Imbir2016",2.06,"bullet / sphere","extended",FALSE
"len",0.218860580325548,1,"Imbir2016",2.06,"flax","extended",FALSE
"list",0.218860580325548,1,"Imbir2016",2.06,"letter","extended",FALSE
"maść",0.218860580325548,1,"Imbir2016",2.06,"ointment","extended",FALSE
"nafta",0.218860580325548,1,"Imbir2016",2.06,"kerosene","extended",FALSE
"nagrobek",0.218860580325548,1,"Imbir2016",2.06,"tombstone","extended",FALSE
"nurek",0.218860580325548,1,"Imbir2016",2.06,"diver","extended",FALSE
"obiektyw",0.218860580325548,1,"Imbir2016",2.06,"lens","extended",FALSE
"pałac",0.218860580325548,1,"Imbir2016",2.06,"palace","extended",FALSE
"pięta",0.218860580325548,1,"Imbir2016",2.06,"heel","extended",FALSE
"plac",0.218860580325548,1,"Imbir2016",2.06,"square","extended",FALSE
"proszek",0.218860580325548,1,"Imbir2016",2.06,"powder","extended",FALSE
"pryszcz",0.218860580325548,1,"Imbir2016",2.06,"pimple","extended",FALSE
"ulica",0.218860580325548,1,"Imbir2016",2.06,"street","extended",FALSE
"wulkan",0.218860580325548,1,"Imbir2016",2.06,"volcano","extended",FALSE
"hol",0.214437367303609,1,"Imbir2016",2.04081632653061,"lounge","extended",FALSE
"pierścień",0.214437367303609,1,"Imbir2016",2.04081632653061,"ring","extended",FALSE
"toga",0.214437367303609,1,"Imbir2016",2.04081632653061,"carpet/robe","extended",FALSE
"bambus",0.21001415428167,1,"Imbir2016",2.04,"bamboo","extended",FALSE
"bawełna",0.21001415428167,1,"Imbir2016",2.04,"cotton","extended",FALSE
"blok",0.21001415428167,1,"Imbir2016",2.04,"block","extended",FALSE
"bulion",0.21001415428167,1,"Imbir2016",2.04,"broth","extended",FALSE
"fajerwerki",0.21001415428167,1,"Imbir2016",2.04,"fireworks","extended",FALSE
"gad",0.21001415428167,1,"Imbir2016",2.04,"reptile","extended",FALSE
"kowal",0.21001415428167,1,"Imbir2016",2.04,"smith","extended",FALSE
"kuchenka",0.21001415428167,1,"Imbir2016",2.04,"stove","extended",FALSE
"maszt",0.21001415428167,1,"Imbir2016",2.04,"mast","extended",FALSE
"miednica",0.21001415428167,1,"Imbir2016",2.04,"pelvis","extended",FALSE
"namiot",0.21001415428167,1,"Imbir2016",2.04,"tent","extended",FALSE
"półka",0.21001415428167,1,"Imbir2016",2.04,"shelf","extended",FALSE
"radiowóz",0.21001415428167,1,"Imbir2016",2.04,"police car","extended",FALSE
"schody",0.21001415428167,1,"Imbir2016",2.04,"stairs","extended",FALSE
"smoła",0.21001415428167,1,"Imbir2016",2.04,"pitch","extended",FALSE
"sos",0.21001415428167,1,"Imbir2016",2.04,"gravy","extended",FALSE
"staw",0.21001415428167,1,"Imbir2016",2.04,"pond","extended",FALSE
"tonik",0.21001415428167,1,"Imbir2016",2.04,"tonic","extended",FALSE
"trawka",0.21001415428167,1,"Imbir2016",2.04,"grass","extended",FALSE
"willa",0.21001415428167,1,"Imbir2016",2.04,"villa","extended",FALSE
"woda",0.21001415428167,1,"Imbir2016",2.04,"water","extended",FALSE
"wstążka",0.21001415428167,1,"Imbir2016",2.04,"ribbon","extended",FALSE
"omułek",0.205944798301486,1,"Imbir2016",2.03448275862069,"mussel","extended",FALSE
"lutnia",0.205060155697098,1,"Imbir2016",2.02040816326531,"lute","extended",FALSE
"talia",0.205060155697098,1,"Imbir2016",2.02040816326531,"waist","extended",FALSE
"trzonowiec",0.205060155697098,1,"Imbir2016",2.02040816326531,"molar","extended",FALSE
"zięba",0.205060155697098,1,"Imbir2016",2.02040816326531,"finch","extended",FALSE
"brodawka",0.200636942675159,1,"Imbir2016",2.02,"wart","extended",FALSE
"dziewczyna",0.200636942675159,1,"Imbir2016",2.02,"girl","extended",FALSE
"gniazdo",0.200636942675159,1,"Imbir2016",2.02,"nest","extended",FALSE
"klejnot",0.200636942675159,1,"Imbir2016",2.02,"jewel","extended",FALSE
"koszula",0.200636942675159,1,"Imbir2016",2.02,"shirt","extended",FALSE
"łuk",0.200636942675159,1,"Imbir2016",2.02,"arc","extended",FALSE
"mąka",0.200636942675159,1,"Imbir2016",2.02,"flour","extended",FALSE
"miedź",0.200636942675159,1,"Imbir2016",2.02,"copper","extended",FALSE
"mięśnie",0.200636942675159,1,"Imbir2016",2.02,"muscles","extended",FALSE
"narzuta",0.200636942675159,1,"Imbir2016",2.02,"cover","extended",FALSE
"pięść",0.200636942675159,1,"Imbir2016",2.02,"fist","extended",FALSE
"płot",0.200636942675159,1,"Imbir2016",2.02,"fence","extended",FALSE
"pociąg",0.200636942675159,1,"Imbir2016",2.02,"train","extended",FALSE
"podwiązka",0.200636942675159,1,"Imbir2016",2.02,"garter","extended",FALSE
"pszczoły",0.200636942675159,1,"Imbir2016",2.02,"bees","extended",FALSE
"sklep",0.200636942675159,1,"Imbir2016",2.02,"shop","extended",FALSE
"stołek",0.200636942675159,1,"Imbir2016",2.02,"stool","extended",FALSE
"szczypce",0.200636942675159,1,"Imbir2016",2.02,"pliers","extended",FALSE
"tynk",0.200636942675159,1,"Imbir2016",2.02,"plaster","extended",FALSE
"warkocz",0.200636942675159,1,"Imbir2016",2.02,"plait","extended",FALSE
"żagiel",0.200636942675159,1,"Imbir2016",2.02,"sail","extended",FALSE
"błoto",0.191436659589526,1,"Imbir2016",2,"mud","extended",FALSE
"broda",0.191436659589526,1,"Imbir2016",2,"beard","extended",FALSE
"deska",0.191436659589526,1,"Imbir2016",2,"board","extended",FALSE
"ekran",0.191436659589526,1,"Imbir2016",2,"screen","extended",FALSE
"gałązka",0.191436659589526,1,"Imbir2016",2,"twig","extended",FALSE
"gołębica",0.191436659589526,1,"Imbir2016",2,"dove","extended",FALSE
"heroina",0.191436659589526,1,"Imbir2016",2,"heroin","extended",FALSE
"hotel",0.191436659589526,1,"Imbir2016",2,"hotel","extended",FALSE
"klamka",0.191436659589526,1,"Imbir2016",2,"doorhandle","extended",FALSE
"kogut",0.191436659589526,1,"Imbir2016",2,"cock","extended",FALSE
"kopalnia",0.191436659589526,1,"Imbir2016",2,"mine","extended",FALSE
"krater",0.191436659589526,1,"Imbir2016",2,"crater","extended",FALSE
"łańcuch",0.191436659589526,1,"Imbir2016",2,"chain","extended",FALSE
"melon",0.191436659589526,1,"Imbir2016",2,"melon","extended",FALSE
"mleko",0.191436659589526,1,"Imbir2016",2,"milk","extended",FALSE
"pędzel",0.191436659589526,1,"Imbir2016",2,"paintbrush","extended",FALSE
"pług",0.191436659589526,1,"Imbir2016",2,"to plow","extended",FALSE
"pośladek",0.191436659589526,1,"Imbir2016",2,"buttock","extended",FALSE
"prysznic",0.191436659589526,1,"Imbir2016",2,"shower","extended",FALSE
"róg",0.191436659589526,1,"Imbir2016",2,"corner","extended",FALSE
"słodycze",0.191436659589526,1,"Imbir2016",2,"candy","extended",FALSE
"szczęka",0.191436659589526,1,"Imbir2016",2,"jaw","extended",FALSE
"szubienica",0.191436659589526,1,"Imbir2016",2,"gallows","extended",FALSE
"taras",0.191436659589526,1,"Imbir2016",2,"terrace","extended",FALSE
"tyłek",0.191436659589526,1,"Imbir2016",2,"ass","extended",FALSE
"wentylator",0.191436659589526,1,"Imbir2016",2,"fan","extended",FALSE
"wiertarka",0.191436659589526,1,"Imbir2016",2,"drill","extended",FALSE
"wiór",0.191436659589526,1,"Imbir2016",2,"chip","extended",FALSE
"wół",0.191436659589526,1,"Imbir2016",2,"ox","extended",FALSE
"żuraw",0.191436659589526,1,"Imbir2016",2,"crane","extended",FALSE
"żwir",0.191436659589526,1,"Imbir2016",2,"gravel","extended",FALSE
"bank",0.182236376503892,1,"Imbir2016",1.98,"bank","extended",FALSE
"gilotyna",0.182236376503892,1,"Imbir2016",1.98,"guillotine","extended",FALSE
"kokon",0.182236376503892,1,"Imbir2016",1.98,"cocoon","extended",FALSE
"kubek",0.182236376503892,1,"Imbir2016",1.98,"mug","extended",FALSE
"kurtka",0.182236376503892,1,"Imbir2016",1.98,"jacket","extended",FALSE
"kwiat",0.182236376503892,1,"Imbir2016",1.98,"blossom/ flower","extended",FALSE
"owad",0.182236376503892,1,"Imbir2016",1.98,"insect","extended",FALSE
"pantofel",0.182236376503892,1,"Imbir2016",1.98,"slipper","extended",FALSE
"park",0.182236376503892,1,"Imbir2016",1.98,"park","extended",FALSE
"pień",0.182236376503892,1,"Imbir2016",1.98,"trunk","extended",FALSE
"pieprz",0.182236376503892,1,"Imbir2016",1.98,"pepper","extended",FALSE
"pniak",0.182236376503892,1,"Imbir2016",1.98,"stub","extended",FALSE
"pojemnik",0.182236376503892,1,"Imbir2016",1.98,"container","extended",FALSE
"radio",0.182236376503892,1,"Imbir2016",1.98,"radio","extended",FALSE
"rurka",0.182236376503892,1,"Imbir2016",1.98,"tube","extended",FALSE
"soja",0.182236376503892,1,"Imbir2016",1.98,"soya","extended",FALSE
"sójka",0.182236376503892,1,"Imbir2016",1.98,"jay","extended",FALSE
"szampon",0.182236376503892,1,"Imbir2016",1.98,"shampoo","extended",FALSE
"szynka",0.182236376503892,1,"Imbir2016",1.98,"ham","extended",FALSE
"taxi",0.182236376503892,1,"Imbir2016",1.98,"taxi","extended",FALSE
"zad",0.182236376503892,1,"Imbir2016",1.98,"buttocks","extended",FALSE
"galaretka",0.177990092002831,1,"Imbir2016",1.97959183673469,"jelly","extended",FALSE
"hak",0.177990092002831,1,"Imbir2016",1.97959183673469,"hook","extended",FALSE
"talk",0.177990092002831,1,"Imbir2016",1.97959183673469,"talc","extended",FALSE
"gzyms",0.177105449398443,1,"Imbir2016",1.97916666666667,"mantel","extended",FALSE
"szpatułka",0.177105449398443,1,"Imbir2016",1.97916666666667,"spatula","extended",FALSE
"ciastko",0.172151450813871,1,"Imbir2016",1.96,"cake","extended",FALSE
"ciasto",0.172151450813871,1,"Imbir2016",1.96,"cake","extended",FALSE
"dzwon",0.172151450813871,1,"Imbir2016",1.96,"bell","extended",FALSE
"gąsienica",0.172151450813871,1,"Imbir2016",1.96,"caterpillar","extended",FALSE
"goździk",0.172151450813871,1,"Imbir2016",1.96,"carnation","extended",FALSE
"harfa",0.172151450813871,1,"Imbir2016",1.96,"harp","extended",FALSE
"kabina",0.172151450813871,1,"Imbir2016",1.96,"cabin","extended",FALSE
"kompas",0.172151450813871,1,"Imbir2016",1.96,"compass","extended",FALSE
"korek",0.172151450813871,1,"Imbir2016",1.96,"cork","extended",FALSE
"kruk",0.172151450813871,1,"Imbir2016",1.96,"raven","extended",FALSE
"lakier",0.172151450813871,1,"Imbir2016",1.96,"lacquer","extended",FALSE
"lejek",0.172151450813871,1,"Imbir2016",1.96,"funnel","extended",FALSE
"majtki",0.172151450813871,1,"Imbir2016",1.96,"briefs","extended",FALSE
"ości",0.172151450813871,1,"Imbir2016",1.96,"fish bone","extended",FALSE
"pająk",0.172151450813871,1,"Imbir2016",1.96,"spider","extended",FALSE
"piasek",0.172151450813871,1,"Imbir2016",1.96,"grit","extended",FALSE
"pojazd",0.172151450813871,1,"Imbir2016",1.96,"vehicle","extended",FALSE
"sałata",0.172151450813871,1,"Imbir2016",1.96,"lettuce","extended",FALSE
"skunks",0.172151450813871,1,"Imbir2016",1.96,"skunk","extended",FALSE
"śmietnik",0.172151450813871,1,"Imbir2016",1.96,"refuse heap","extended",FALSE
"tkanina",0.172151450813871,1,"Imbir2016",1.96,"fabric","extended",FALSE
"trąbka",0.172151450813871,1,"Imbir2016",1.96,"trumpet","extended",FALSE
"tulipan",0.172151450813871,1,"Imbir2016",1.96,"tulip","extended",FALSE
"uszczelka",0.172151450813871,1,"Imbir2016",1.96,"seal","extended",FALSE
"wątroba",0.172151450813871,1,"Imbir2016",1.96,"liver","extended",FALSE
"zegar",0.172151450813871,1,"Imbir2016",1.96,"clock","extended",FALSE
"suknia",0.167374380750177,1,"Imbir2016",1.95918367346939,"gown","extended",FALSE
"autostrada",0.161535739561217,1,"Imbir2016",1.94,"highway","extended",FALSE
"bon",0.161535739561217,1,"Imbir2016",1.94,"voucher","extended",FALSE
"figa",0.161535739561217,1,"Imbir2016",1.94,"fig","extended",FALSE
"hydrant",0.161535739561217,1,"Imbir2016",1.94,"hydrant","extended",FALSE
"jedwab",0.161535739561217,1,"Imbir2016",1.94,"silk","extended",FALSE
"kaptur",0.161535739561217,1,"Imbir2016",1.94,"hood","extended",FALSE
"koktajl",0.161535739561217,1,"Imbir2016",1.94,"cocktail","extended",FALSE
"kominek",0.161535739561217,1,"Imbir2016",1.94,"fireplace","extended",FALSE
"kran",0.161535739561217,1,"Imbir2016",1.94,"tap","extended",FALSE
"lada",0.161535739561217,1,"Imbir2016",1.94,"counter","extended",FALSE
"las",0.161535739561217,1,"Imbir2016",1.94,"forest","extended",FALSE
"młyn",0.161535739561217,1,"Imbir2016",1.94,"mill","extended",FALSE
"moneta",0.161535739561217,1,"Imbir2016",1.94,"coin","extended",FALSE
"oczy",0.161535739561217,1,"Imbir2016",1.94,"eyes","extended",FALSE
"okulary",0.161535739561217,1,"Imbir2016",1.94,"glasses","extended",FALSE
"palec",0.161535739561217,1,"Imbir2016",1.94,"finger","extended",FALSE
"piecyk",0.161535739561217,1,"Imbir2016",1.94,"stove","extended",FALSE
"policzek",0.161535739561217,1,"Imbir2016",1.94,"cheek","extended",FALSE
"pompa",0.161535739561217,1,"Imbir2016",1.94,"pump","extended",FALSE
"pręt",0.161535739561217,1,"Imbir2016",1.94,"rod","extended",FALSE
"sala",0.161535739561217,1,"Imbir2016",1.94,"hall","extended",FALSE
"skórka",0.161535739561217,1,"Imbir2016",1.94,"peel","extended",FALSE
"sperma",0.161535739561217,1,"Imbir2016",1.94,"sperm","extended",FALSE
"spódnica",0.161535739561217,1,"Imbir2016",1.94,"skirt","extended",FALSE
"szyja",0.161535739561217,1,"Imbir2016",1.94,"neck","extended",FALSE
"tarta",0.161535739561217,1,"Imbir2016",1.94,"flan","extended",FALSE
"twarz",0.161535739561217,1,"Imbir2016",1.94,"face","extended",FALSE
"ucho",0.161535739561217,1,"Imbir2016",1.94,"ear","extended",FALSE
"wiatrak",0.161535739561217,1,"Imbir2016",1.94,"windmill","extended",FALSE
"wzgórze",0.161535739561217,1,"Imbir2016",1.94,"hill","extended",FALSE
"zmarszczka",0.161535739561217,1,"Imbir2016",1.94,"wrinkle","extended",FALSE
"żywopłot",0.161535739561217,1,"Imbir2016",1.94,"hedge","extended",FALSE
"guzek",0.155166312809625,1,"Imbir2016",1.93877551020408,"lump","extended",FALSE
"peruka",0.155166312809625,1,"Imbir2016",1.93877551020408,"wig","extended",FALSE
"sutek",0.155166312809625,1,"Imbir2016",1.93877551020408,"nipple","extended",FALSE
"wafel",0.155166312809625,1,"Imbir2016",1.93877551020408,"waffle","extended",FALSE
"gejzer",0.154281670205237,1,"Imbir2016",1.9375,"geyser","extended",FALSE
"cukier",0.148796886058033,1,"Imbir2016",1.92,"sugar","extended",FALSE
"cycek",0.148796886058033,1,"Imbir2016",1.92,"tit","extended",FALSE
"dysk",0.148796886058033,1,"Imbir2016",1.92,"disk","extended",FALSE
"grosz",0.148796886058033,1,"Imbir2016",1.92,"farthing","extended",FALSE
"grzejnik",0.148796886058033,1,"Imbir2016",1.92,"radiator","extended",FALSE
"guma",0.148796886058033,1,"Imbir2016",1.92,"rubber","extended",FALSE
"kałuża",0.148796886058033,1,"Imbir2016",1.92,"puddle","extended",FALSE
"kawa",0.148796886058033,1,"Imbir2016",1.92,"coffee","extended",FALSE
"kciuk",0.148796886058033,1,"Imbir2016",1.92,"thumb","extended",FALSE
"kora",0.148796886058033,1,"Imbir2016",1.92,"bark","extended",FALSE
"krzesło",0.148796886058033,1,"Imbir2016",1.92,"chair / seat","extended",FALSE
"larwa",0.148796886058033,1,"Imbir2016",1.92,"maggot","extended",FALSE
"lew",0.148796886058033,1,"Imbir2016",1.92,"lion","extended",FALSE
"mapa",0.148796886058033,1,"Imbir2016",1.92,"map","extended",FALSE
"nakrętka",0.148796886058033,1,"Imbir2016",1.92,"nut","extended",FALSE
"olej",0.148796886058033,1,"Imbir2016",1.92,"oil","extended",FALSE
"penis",0.148796886058033,1,"Imbir2016",1.92,"penis","extended",FALSE
"plon",0.148796886058033,1,"Imbir2016",1.92,"crop","extended",FALSE
"podbródek",0.148796886058033,1,"Imbir2016",1.92,"chin","extended",FALSE
"ruszt",0.148796886058033,1,"Imbir2016",1.92,"grid","extended",FALSE
"rusztowanie",0.148796886058033,1,"Imbir2016",1.92,"scaffold","extended",FALSE
"ślimak",0.148796886058033,1,"Imbir2016",1.92,"snail","extended",FALSE
"stopa",0.148796886058033,1,"Imbir2016",1.92,"foot","extended",FALSE
"sukienka",0.148796886058033,1,"Imbir2016",1.92,"dress","extended",FALSE
"świstak",0.148796886058033,1,"Imbir2016",1.92,"marmot","extended",FALSE
"syrop",0.148796886058033,1,"Imbir2016",1.92,"syrup","extended",FALSE
"tama",0.148796886058033,1,"Imbir2016",1.92,"dam","extended",FALSE
"toaleta",0.148796886058033,1,"Imbir2016",1.92,"toilet","extended",FALSE
"wilk",0.148796886058033,1,"Imbir2016",1.92,"wolf","extended",FALSE
"wóz",0.148796886058033,1,"Imbir2016",1.92,"wagon","extended",FALSE
"kurczak",0.14313517338995,1,"Imbir2016",1.91836734693878,"chicken","extended",FALSE
"ściana",0.14313517338995,1,"Imbir2016",1.91836734693878,"wall","extended",FALSE
"pieniek",0.142604387827318,1,"Imbir2016",1.91666666666667,"stump","extended",FALSE
"armata",0.138711960368011,1,"Imbir2016",1.9,"cannon","extended",FALSE
"bielizna",0.138711960368011,1,"Imbir2016",1.9,"linen","extended",FALSE
"biust",0.138711960368011,1,"Imbir2016",1.9,"bust","extended",FALSE
"drewno",0.138711960368011,1,"Imbir2016",1.9,"wood","extended",FALSE
"fontanna",0.138711960368011,1,"Imbir2016",1.9,"fountain","extended",FALSE
"koza",0.138711960368011,1,"Imbir2016",1.9,"goat","extended",FALSE
"łydka",0.138711960368011,1,"Imbir2016",1.9,"calf","extended",FALSE
"osa",0.138711960368011,1,"Imbir2016",1.9,"wasp","extended",FALSE
"puma",0.138711960368011,1,"Imbir2016",1.9,"cougar","extended",FALSE
"rum",0.138711960368011,1,"Imbir2016",1.9,"rum","extended",FALSE
"skarpetka",0.138711960368011,1,"Imbir2016",1.9,"sock","extended",FALSE
"śledziona",0.138711960368011,1,"Imbir2016",1.9,"spleen","extended",FALSE
"ślina",0.138711960368011,1,"Imbir2016",1.9,"saliva","extended",FALSE
"śliwka",0.138711960368011,1,"Imbir2016",1.9,"plum","extended",FALSE
"stół",0.138711960368011,1,"Imbir2016",1.9,"table","extended",FALSE
"szczupak",0.138711960368011,1,"Imbir2016",1.9,"pike","extended",FALSE
"szpak",0.138711960368011,1,"Imbir2016",1.9,"starling","extended",FALSE
"trąba",0.138711960368011,1,"Imbir2016",1.9,"trunk","extended",FALSE
"trawa",0.138711960368011,1,"Imbir2016",1.9,"grass","extended",FALSE
"tyczka",0.138711960368011,1,"Imbir2016",1.9,"rod","extended",FALSE
"żelazo",0.138711960368011,1,"Imbir2016",1.9,"iron","extended",FALSE
"grzechotnik",0.134642604387827,1,"Imbir2016",1.89795918367347,"rattlesnake","extended",FALSE
"wąwóz",0.134642604387827,1,"Imbir2016",1.89795918367347,"gully","extended",FALSE
"dziób",0.1293347487615,1,"Imbir2016",1.88,"beak","extended",FALSE
"frytki",0.1293347487615,1,"Imbir2016",1.88,"french fries","extended",FALSE
"grzechotka",0.1293347487615,1,"Imbir2016",1.88,"rattle","extended",FALSE
"jagoda",0.1293347487615,1,"Imbir2016",1.88,"berry","extended",FALSE
"jezioro",0.1293347487615,1,"Imbir2016",1.88,"lake","extended",FALSE
"kabel",0.1293347487615,1,"Imbir2016",1.88,"cable","extended",FALSE
"kapusta",0.1293347487615,1,"Imbir2016",1.88,"cabbage","extended",FALSE
"klucz",0.1293347487615,1,"Imbir2016",1.88,"key","extended",FALSE
"kosa",0.1293347487615,1,"Imbir2016",1.88,"scythe","extended",FALSE
"kość",0.1293347487615,1,"Imbir2016",1.88,"bone","extended",FALSE
"lama",0.1293347487615,1,"Imbir2016",1.88,"lama","extended",FALSE
"łyżwa",0.1293347487615,1,"Imbir2016",1.88,"skate","extended",FALSE
"masło",0.1293347487615,1,"Imbir2016",1.88,"butter","extended",FALSE
"meduza",0.1293347487615,1,"Imbir2016",1.88,"jellyfish","extended",FALSE
"nos",0.1293347487615,1,"Imbir2016",1.88,"nose","extended",FALSE
"okoń",0.1293347487615,1,"Imbir2016",1.88,"perch","extended",FALSE
"owsianka",0.1293347487615,1,"Imbir2016",1.88,"porridge","extended",FALSE
"papieros",0.1293347487615,1,"Imbir2016",1.88,"cigarette","extended",FALSE
"parasol",0.1293347487615,1,"Imbir2016",1.88,"umbrella","extended",FALSE
"pasza",0.1293347487615,1,"Imbir2016",1.88,"feed","extended",FALSE
"ryż",0.1293347487615,1,"Imbir2016",1.88,"rice","extended",FALSE
"samochód",0.1293347487615,1,"Imbir2016",1.88,"car","extended",FALSE
"smoking",0.1293347487615,1,"Imbir2016",1.88,"tuxedo","extended",FALSE
"sokół",0.1293347487615,1,"Imbir2016",1.88,"falcon","extended",FALSE
"usta",0.1293347487615,1,"Imbir2016",1.88,"mouth","extended",FALSE
"walizka",0.1293347487615,1,"Imbir2016",1.88,"case","extended",FALSE
"warga",0.1293347487615,1,"Imbir2016",1.88,"lip","extended",FALSE
"zakreślacz",0.1293347487615,1,"Imbir2016",1.88,"highlighter","extended",FALSE
"czosnek",0.124026893135173,1,"Imbir2016",1.87755102040816,"garlic","extended",FALSE
"kukułka",0.124026893135173,1,"Imbir2016",1.87755102040816,"cuckoo","extended",FALSE
"świeczka",0.123496107572541,1,"Imbir2016",1.875,"candle","extended",FALSE
"basen",0.118365180467091,1,"Imbir2016",1.86,"pool","extended",FALSE
"beton",0.118365180467091,1,"Imbir2016",1.86,"concrete","extended",FALSE
"brzuch",0.118365180467091,1,"Imbir2016",1.86,"belly","extended",FALSE
"chata",0.118365180467091,1,"Imbir2016",1.86,"cottage","extended",FALSE
"chleb",0.118365180467091,1,"Imbir2016",1.86,"bread","extended",FALSE
"dachówka",0.118365180467091,1,"Imbir2016",1.86,"tile","extended",FALSE
"drut",0.118365180467091,1,"Imbir2016",1.86,"wire","extended",FALSE
"etui",0.118365180467091,1,"Imbir2016",1.86,"case","extended",FALSE
"jagnięcina",0.118365180467091,1,"Imbir2016",1.86,"lamb","extended",FALSE
"jeep",0.118365180467091,1,"Imbir2016",1.86,"jeep","extended",FALSE
"karetka",0.118365180467091,1,"Imbir2016",1.86,"chaise","extended",FALSE
"karp",0.118365180467091,1,"Imbir2016",1.86,"carp","extended",FALSE
"karuzela",0.118365180467091,1,"Imbir2016",1.86,"carousel","extended",FALSE
"lis",0.118365180467091,1,"Imbir2016",1.86,"fox","extended",FALSE
"malina",0.118365180467091,1,"Imbir2016",1.86,"raspberry","extended",FALSE
"maszyna",0.118365180467091,1,"Imbir2016",1.86,"machine","extended",FALSE
"palma",0.118365180467091,1,"Imbir2016",1.86,"palm","extended",FALSE
"placek",0.118365180467091,1,"Imbir2016",1.86,"pie","extended",FALSE
"plasterek",0.118365180467091,1,"Imbir2016",1.86,"hunk","extended",FALSE
"polędwica",0.118365180467091,1,"Imbir2016",1.86,"loin","extended",FALSE
"pomidor",0.118365180467091,1,"Imbir2016",1.86,"tomato","extended",FALSE
"rów",0.118365180467091,1,"Imbir2016",1.86,"ditch","extended",FALSE
"skalpel",0.118365180467091,1,"Imbir2016",1.86,"scalpel","extended",FALSE
"skóra",0.118365180467091,1,"Imbir2016",1.86,"skin","extended",FALSE
"śnieg",0.118365180467091,1,"Imbir2016",1.86,"snow","extended",FALSE
"sweter",0.118365180467091,1,"Imbir2016",1.86,"jersey","extended",FALSE
"tramwaj",0.118365180467091,1,"Imbir2016",1.86,"tram","extended",FALSE
"wiadro",0.118365180467091,1,"Imbir2016",1.86,"bucket","extended",FALSE
"mleczarnia",0.113234253361642,1,"Imbir2016",1.85714285714286,"dairy","extended",FALSE
"biżuteria",0.108103326256192,1,"Imbir2016",1.84,"jewelry","extended",FALSE
"cukierki",0.108103326256192,1,"Imbir2016",1.84,"candy","extended",FALSE
"czołg",0.108103326256192,1,"Imbir2016",1.84,"tank","extended",FALSE
"dzbanek",0.108103326256192,1,"Imbir2016",1.84,"jug","extended",FALSE
"flaki",0.108103326256192,1,"Imbir2016",1.84,"paunch","extended",FALSE
"gąbka",0.108103326256192,1,"Imbir2016",1.84,"sponge","extended",FALSE
"gondola",0.108103326256192,1,"Imbir2016",1.84,"gondola","extended",FALSE
"jaszczurka",0.108103326256192,1,"Imbir2016",1.84,"lizard","extended",FALSE
"knot",0.108103326256192,1,"Imbir2016",1.84,"wick","extended",FALSE
"komórka",0.108103326256192,1,"Imbir2016",1.84,"cell","extended",FALSE
"koronka",0.108103326256192,1,"Imbir2016",1.84,"lace","extended",FALSE
"korzeń",0.108103326256192,1,"Imbir2016",1.84,"root","extended",FALSE
"krewetka",0.108103326256192,1,"Imbir2016",1.84,"shrimp","extended",FALSE
"marker",0.108103326256192,1,"Imbir2016",1.84,"filling card","extended",FALSE
"mikroskop",0.108103326256192,1,"Imbir2016",1.84,"microscope","extended",FALSE
"młotek",0.108103326256192,1,"Imbir2016",1.84,"hammer","extended",FALSE
"naleśniki",0.108103326256192,1,"Imbir2016",1.84,"pancakes","extended",FALSE
"oko",0.108103326256192,1,"Imbir2016",1.84,"eye","extended",FALSE
"ołówek",0.108103326256192,1,"Imbir2016",1.84,"pencil","extended",FALSE
"pantera",0.108103326256192,1,"Imbir2016",1.84,"panther","extended",FALSE
"piwnica",0.108103326256192,1,"Imbir2016",1.84,"cellar","extended",FALSE
"podgrzewacz",0.108103326256192,1,"Imbir2016",1.84,"stove","extended",FALSE
"pstrąg",0.108103326256192,1,"Imbir2016",1.84,"trout","extended",FALSE
"ryba",0.108103326256192,1,"Imbir2016",1.84,"fish","extended",FALSE
"sanki",0.108103326256192,1,"Imbir2016",1.84,"sled","extended",FALSE
"szabla",0.108103326256192,1,"Imbir2016",1.84,"saber","extended",FALSE
"szalik",0.108103326256192,1,"Imbir2016",1.84,"scarf","extended",FALSE
"tytoń",0.108103326256192,1,"Imbir2016",1.84,"tobacco","extended",FALSE
"anchois",0.102972399150743,1,"Imbir2016",1.83783783783784,"anchovy","extended",FALSE
"beczka",0.102264685067233,1,"Imbir2016",1.83673469387755,"barrel","extended",FALSE
"brzytwa",0.102264685067233,1,"Imbir2016",1.83673469387755,"razor","extended",FALSE
"plandeka",0.102264685067233,1,"Imbir2016",1.83673469387755,"tilt","extended",FALSE
"atrament",0.0964260438782732,1,"Imbir2016",1.82,"ink","extended",FALSE
"bluzka",0.0964260438782732,1,"Imbir2016",1.82,"blouse","extended",FALSE
"boczek",0.0964260438782732,1,"Imbir2016",1.82,"bacon","extended",FALSE
"byk",0.0964260438782732,1,"Imbir2016",1.82,"bull","extended",FALSE
"drzewo",0.0964260438782732,1,"Imbir2016",1.82,"tree","extended",FALSE
"fotel",0.0964260438782732,1,"Imbir2016",1.82,"armchair","extended",FALSE
"gałąź",0.0964260438782732,1,"Imbir2016",1.82,"branch","extended",FALSE
"grzebień",0.0964260438782732,1,"Imbir2016",1.82,"comb","extended",FALSE
"indyk",0.0964260438782732,1,"Imbir2016",1.82,"turkey","extended",FALSE
"jelita",0.0964260438782732,1,"Imbir2016",1.82,"intestines","extended",FALSE
"kamień",0.0964260438782732,1,"Imbir2016",1.82,"stone","extended",FALSE
"krab",0.0964260438782732,1,"Imbir2016",1.82,"crab","extended",FALSE
"krzew",0.0964260438782732,1,"Imbir2016",1.82,"shrub","extended",FALSE
"łabędź",0.0964260438782732,1,"Imbir2016",1.82,"swan","extended",FALSE
"lampart",0.0964260438782732,1,"Imbir2016",1.82,"leopard","extended",FALSE
"likier",0.0964260438782732,1,"Imbir2016",1.82,"liqueur","extended",FALSE
"lilia",0.0964260438782732,1,"Imbir2016",1.82,"lily","extended",FALSE
"łóżko",0.0964260438782732,1,"Imbir2016",1.82,"bed","extended",FALSE
"miecz",0.0964260438782732,1,"Imbir2016",1.82,"sword","extended",FALSE
"miód",0.0964260438782732,1,"Imbir2016",1.82,"honey","extended",FALSE
"odbyt",0.0964260438782732,1,"Imbir2016",1.82,"anus","extended",FALSE
"rewolwer",0.0964260438782732,1,"Imbir2016",1.82,"revolver","extended",FALSE
"skorpion",0.0964260438782732,1,"Imbir2016",1.82,"scorpion","extended",FALSE
"szmaragd",0.0964260438782732,1,"Imbir2016",1.82,"emerald","extended",FALSE
"szosa",0.0964260438782732,1,"Imbir2016",1.82,"road","extended",FALSE
"talerz",0.0964260438782732,1,"Imbir2016",1.82,"plate","extended",FALSE
"wełna",0.0964260438782732,1,"Imbir2016",1.82,"wool","extended",FALSE
"wino",0.0964260438782732,1,"Imbir2016",1.82,"wine","extended",FALSE
"włosy",0.0964260438782732,1,"Imbir2016",1.82,"hair","extended",FALSE
"żaglówka",0.0964260438782732,1,"Imbir2016",1.82,"sailboat","extended",FALSE
"kitel",0.0909412597310686,1,"Imbir2016",1.81818181818182,"frock","extended",FALSE
"robak",0.0905874026893135,1,"Imbir2016",1.81632653061225,"worm","extended",FALSE
"słup",0.0902335456475584,1,"Imbir2016",1.81632653061224,"pole","extended",FALSE
"cielę",0.0865180467091295,1,"Imbir2016",1.8,"calf","extended",FALSE
"czajnik",0.0865180467091295,1,"Imbir2016",1.8,"kettle","extended",FALSE
"długopis",0.0865180467091295,1,"Imbir2016",1.8,"pen","extended",FALSE
"dywan",0.0865180467091295,1,"Imbir2016",1.8,"carpet","extended",FALSE
"fortepian",0.0865180467091295,1,"Imbir2016",1.8,"piano","extended",FALSE
"gaśnica",0.0865180467091295,1,"Imbir2016",1.8,"cover-up","extended",FALSE
"gwóźdź",0.0865180467091295,1,"Imbir2016",1.8,"nail","extended",FALSE
"jastrząb",0.0865180467091295,1,"Imbir2016",1.8,"hawk","extended",FALSE
"jogurt",0.0865180467091295,1,"Imbir2016",1.8,"yogurt","extended",FALSE
"kask",0.0865180467091295,1,"Imbir2016",1.8,"helmet","extended",FALSE
"mocz",0.0865180467091295,1,"Imbir2016",1.8,"urine","extended",FALSE
"pępek",0.0865180467091295,1,"Imbir2016",1.8,"navel","extended",FALSE
"pigułka",0.0865180467091295,1,"Imbir2016",1.8,"pill","extended",FALSE
"piwo",0.0865180467091295,1,"Imbir2016",1.8,"beer","extended",FALSE
"pszenica",0.0865180467091295,1,"Imbir2016",1.8,"wheat","extended",FALSE
"słoik",0.0865180467091295,1,"Imbir2016",1.8,"jar","extended",FALSE
"smoczek",0.0865180467091295,1,"Imbir2016",1.8,"soother / nipple","extended",FALSE
"strzykawka",0.0865180467091295,1,"Imbir2016",1.8,"syringe","extended",FALSE
"szafir",0.0865180467091295,1,"Imbir2016",1.8,"sapphire","extended",FALSE
"tort",0.0865180467091295,1,"Imbir2016",1.8,"cake","extended",FALSE
"karton",0.0828025477707006,1,"Imbir2016",1.79591836734694,"cardboard","extended",FALSE
"gin",0.0824486907289455,1,"Imbir2016",1.79166666666667,"gin","extended",FALSE
"bagażnik",0.0773177636234961,1,"Imbir2016",1.78,"boot","extended",FALSE
"bandaż",0.0773177636234961,1,"Imbir2016",1.78,"bandage","extended",FALSE
"but",0.0773177636234961,1,"Imbir2016",1.78,"shoe","extended",FALSE
"ciasteczko",0.0773177636234961,1,"Imbir2016",1.78,"cookie","extended",FALSE
"homar",0.0773177636234961,1,"Imbir2016",1.78,"lobster","extended",FALSE
"kibel",0.0773177636234961,1,"Imbir2016",1.78,"loo","extended",FALSE
"koryto",0.0773177636234961,1,"Imbir2016",1.78,"trough","extended",FALSE
"koszyk",0.0773177636234961,1,"Imbir2016",1.78,"basket","extended",FALSE
"krawat",0.0773177636234961,1,"Imbir2016",1.78,"tie","extended",FALSE
"lód",0.0773177636234961,1,"Imbir2016",1.78,"ice","extended",FALSE
"lupa",0.0773177636234961,1,"Imbir2016",1.78,"loupe","extended",FALSE
"mebel",0.0773177636234961,1,"Imbir2016",1.78,"piece of furniture","extended",FALSE
"metro",0.0773177636234961,1,"Imbir2016",1.78,"metro","extended",FALSE
"nerka",0.0773177636234961,1,"Imbir2016",1.78,"kidney","extended",FALSE
"pistolet",0.0773177636234961,1,"Imbir2016",1.78,"gun / pistol","extended",FALSE
"por",0.0773177636234961,1,"Imbir2016",1.78,"leek","extended",FALSE
"rekin",0.0773177636234961,1,"Imbir2016",1.78,"shark","extended",FALSE
"rondel",0.0773177636234961,1,"Imbir2016",1.78,"saucepan","extended",FALSE
"rower",0.0773177636234961,1,"Imbir2016",1.78,"bicycle","extended",FALSE
"rura",0.0773177636234961,1,"Imbir2016",1.78,"pipe","extended",FALSE
"sosna",0.0773177636234961,1,"Imbir2016",1.78,"pine","extended",FALSE
"szminka",0.0773177636234961,1,"Imbir2016",1.78,"lipstick","extended",FALSE
"sztylet",0.0773177636234961,1,"Imbir2016",1.78,"dagger","extended",FALSE
"termometr",0.0773177636234961,1,"Imbir2016",1.78,"thermometer","extended",FALSE
"wąż",0.0773177636234961,1,"Imbir2016",1.78,"snake","extended",FALSE
"wieprz",0.0773177636234961,1,"Imbir2016",1.78,"pig","extended",FALSE
"żmija",0.0773177636234961,1,"Imbir2016",1.78,"viper","extended",FALSE
"zupa",0.0773177636234961,1,"Imbir2016",1.78,"soup","extended",FALSE
"bażant",0.0718329794762916,1,"Imbir2016",1.77551020408163,"pheasant","extended",FALSE
"fryzjer",0.0718329794762916,1,"Imbir2016",1.77551020408163,"hairdresser","extended",FALSE
"łoś",0.0718329794762916,1,"Imbir2016",1.77551020408163,"moose","extended",FALSE
"gardło",0.0659943382873319,1,"Imbir2016",1.76,"throat","extended",FALSE
"jaśmin",0.0659943382873319,1,"Imbir2016",1.76,"jasmine","extended",FALSE
"kamizelka",0.0659943382873319,1,"Imbir2016",1.76,"vest","extended",FALSE
"kiosk",0.0659943382873319,1,"Imbir2016",1.76,"kiosk","extended",FALSE
"klacz",0.0659943382873319,1,"Imbir2016",1.76,"mare","extended",FALSE
"klamra",0.0659943382873319,1,"Imbir2016",1.76,"buckle","extended",FALSE
"kret",0.0659943382873319,1,"Imbir2016",1.76,"mole","extended",FALSE
"kuna",0.0659943382873319,1,"Imbir2016",1.76,"marten","extended",FALSE
"łasica",0.0659943382873319,1,"Imbir2016",1.76,"weasel","extended",FALSE
"łazienka",0.0659943382873319,1,"Imbir2016",1.76,"bathroom","extended",FALSE
"lina",0.0659943382873319,1,"Imbir2016",1.76,"rope","extended",FALSE
"lodówka",0.0659943382873319,1,"Imbir2016",1.76,"icebox","extended",FALSE
"łopatka",0.0659943382873319,1,"Imbir2016",1.76,"blade","extended",FALSE
"motyl",0.0659943382873319,1,"Imbir2016",1.76,"butterfly","extended",FALSE
"mydło",0.0659943382873319,1,"Imbir2016",1.76,"soap","extended",FALSE
"nadgarstek",0.0659943382873319,1,"Imbir2016",1.76,"wrist","extended",FALSE
"narta",0.0659943382873319,1,"Imbir2016",1.76,"ski","extended",FALSE
"papier",0.0659943382873319,1,"Imbir2016",1.76,"paper","extended",FALSE
"piesek",0.0659943382873319,1,"Imbir2016",1.76,"little dog","extended",FALSE
"pióro",0.0659943382873319,1,"Imbir2016",1.76,"pen","extended",FALSE
"rękaw",0.0659943382873319,1,"Imbir2016",1.76,"sleeve","extended",FALSE
"sierp",0.0659943382873319,1,"Imbir2016",1.76,"sickle","extended",FALSE
"storczyk",0.0659943382873319,1,"Imbir2016",1.76,"orchid","extended",FALSE
"szczur",0.0659943382873319,1,"Imbir2016",1.76,"rat","extended",FALSE
"szpon",0.0659943382873319,1,"Imbir2016",1.76,"claw","extended",FALSE
"truskawka",0.0659943382873319,1,"Imbir2016",1.76,"strawberry","extended",FALSE
"tymianek",0.0659943382873319,1,"Imbir2016",1.76,"thyme","extended",FALSE
"winda",0.0659943382873319,1,"Imbir2016",1.76,"elevator","extended",FALSE
"żłobek",0.0659943382873319,1,"Imbir2016",1.76,"nursery","extended",FALSE
"źrebię",0.0659943382873319,1,"Imbir2016",1.76,"foal","extended",FALSE
"gong",0.0601556970983723,1,"Imbir2016",1.75510204081633,"gong","extended",FALSE
"mata",0.0601556970983723,1,"Imbir2016",1.75510204081633,"mat","extended",FALSE
"tablica",0.0601556970983723,1,"Imbir2016",1.75510204081633,"blackboard","extended",FALSE
"cynamon",0.0562632696390658,1,"Imbir2016",1.74,"cinnamon","extended",FALSE
"flet",0.0562632696390658,1,"Imbir2016",1.74,"flute","extended",FALSE
"gaza",0.0562632696390658,1,"Imbir2016",1.74,"gauze","extended",FALSE
"jabłko",0.0562632696390658,1,"Imbir2016",1.74,"apple","extended",FALSE
"kobra",0.0562632696390658,1,"Imbir2016",1.74,"cobra","extended",FALSE
"kostka",0.0562632696390658,1,"Imbir2016",1.74,"ankle","extended",FALSE
"krata",0.0562632696390658,1,"Imbir2016",1.74,"grating","extended",FALSE
"lalka",0.0562632696390658,1,"Imbir2016",1.74,"doll","extended",FALSE
"łopata",0.0562632696390658,1,"Imbir2016",1.74,"shovel","extended",FALSE
"małpa",0.0562632696390658,1,"Imbir2016",1.74,"monkey","extended",FALSE
"ocet",0.0562632696390658,1,"Imbir2016",1.74,"vinegar","extended",FALSE
"plaster",0.0562632696390658,1,"Imbir2016",1.74,"slice","extended",FALSE
"skuter",0.0562632696390658,1,"Imbir2016",1.74,"scooter","extended",FALSE
"sok",0.0562632696390658,1,"Imbir2016",1.74,"juice","extended",FALSE
"stonoga",0.0562632696390658,1,"Imbir2016",1.74,"millepede","extended",FALSE
"tequila",0.0562632696390658,1,"Imbir2016",1.74,"tequila","extended",FALSE
"torba",0.0562632696390658,1,"Imbir2016",1.74,"bag","extended",FALSE
"trawnik",0.0562632696390658,1,"Imbir2016",1.74,"lawn","extended",FALSE
"widelec",0.0562632696390658,1,"Imbir2016",1.74,"fork","extended",FALSE
"kos",0.0527246992215145,1,"Imbir2016",1.72340425531915,"blackbird","extended",FALSE
"buldożer",0.0490092002830856,1,"Imbir2016",1.72,"buldozer","extended",FALSE
"czekolada",0.0490092002830856,1,"Imbir2016",1.72,"chocolate","extended",FALSE
"dach",0.0490092002830856,1,"Imbir2016",1.72,"roof","extended",FALSE
"fartuch",0.0490092002830856,1,"Imbir2016",1.72,"apron","extended",FALSE
"garnek",0.0490092002830856,1,"Imbir2016",1.72,"pot","extended",FALSE
"kierownica",0.0490092002830856,1,"Imbir2016",1.72,"steering wheel","extended",FALSE
"krem",0.0490092002830856,1,"Imbir2016",1.72,"cream","extended",FALSE
"kromka",0.0490092002830856,1,"Imbir2016",1.72,"hunk","extended",FALSE
"lampa",0.0490092002830856,1,"Imbir2016",1.72,"lamp","extended",FALSE
"mech",0.0490092002830856,1,"Imbir2016",1.72,"moss","extended",FALSE
"nożyczki",0.0490092002830856,1,"Imbir2016",1.72,"scissors","extended",FALSE
"owca",0.0490092002830856,1,"Imbir2016",1.72,"sheep","extended",FALSE
"pisklę",0.0490092002830856,1,"Imbir2016",1.72,"chick","extended",FALSE
"szafka",0.0490092002830856,1,"Imbir2016",1.72,"locker","extended",FALSE
"szałas",0.0490092002830856,1,"Imbir2016",1.72,"hut","extended",FALSE
"szew",0.0490092002830856,1,"Imbir2016",1.72,"seam","extended",FALSE
"wędka",0.0490092002830856,1,"Imbir2016",1.72,"fishing rod","extended",FALSE
"wierzba",0.0490092002830856,1,"Imbir2016",1.72,"willow","extended",FALSE
"wieża",0.0490092002830856,1,"Imbir2016",1.72,"tower","extended",FALSE
"wiolonczela",0.0490092002830856,1,"Imbir2016",1.72,"cello","extended",FALSE
"pyton",0.0452937013446568,1,"Imbir2016",1.71428571428571,"python","extended",FALSE
"balon",0.0414012738853503,1,"Imbir2016",1.7,"balloon","extended",FALSE
"bojler",0.0414012738853503,1,"Imbir2016",1.7,"boiler","extended",FALSE
"brzoskwinia",0.0414012738853503,1,"Imbir2016",1.7,"peach","extended",FALSE
"bunkier",0.0414012738853503,1,"Imbir2016",1.7,"bunker","extended",FALSE
"drabina",0.0414012738853503,1,"Imbir2016",1.7,"ladder","extended",FALSE
"dubeltówka",0.0414012738853503,1,"Imbir2016",1.7,"shotgun","extended",FALSE
"gazeta",0.0414012738853503,1,"Imbir2016",1.7,"newspaper","extended",FALSE
"gips",0.0414012738853503,1,"Imbir2016",1.7,"gypsum","extended",FALSE
"koń",0.0414012738853503,1,"Imbir2016",1.7,"horse","extended",FALSE
"krzak",0.0414012738853503,1,"Imbir2016",1.7,"bush","extended",FALSE
"ławka",0.0414012738853503,1,"Imbir2016",1.7,"bench","extended",FALSE
"makaron",0.0414012738853503,1,"Imbir2016",1.7,"pasta","extended",FALSE
"mango",0.0414012738853503,1,"Imbir2016",1.7,"mango","extended",FALSE
"mewa",0.0414012738853503,1,"Imbir2016",1.7,"seagull","extended",FALSE
"młot",0.0414012738853503,1,"Imbir2016",1.7,"hammer","extended",FALSE
"ptaszek",0.0414012738853503,1,"Imbir2016",1.7,"willy","extended",FALSE
"saksofon",0.0414012738853503,1,"Imbir2016",1.7,"sax","extended",FALSE
"sznur",0.0414012738853503,1,"Imbir2016",1.7,"cord","extended",FALSE
"szuflada",0.0414012738853503,1,"Imbir2016",1.7,"drawer","extended",FALSE
"węgorz",0.0414012738853503,1,"Imbir2016",1.7,"eel","extended",FALSE
"winogrono",0.0414012738853503,1,"Imbir2016",1.7,"grape","extended",FALSE
"szpital",0.0375088464260439,1,"Imbir2016",1.69387755102041,"hospital","extended",FALSE
"golarka",0.0353857041755131,1,"Imbir2016",1.68,"shaver","extended",FALSE
"hamburger",0.0353857041755131,1,"Imbir2016",1.68,"hamburger","extended",FALSE
"herbata",0.0353857041755131,1,"Imbir2016",1.68,"tea","extended",FALSE
"jęczmień",0.0353857041755131,1,"Imbir2016",1.68,"barley","extended",FALSE
"latarnia",0.0353857041755131,1,"Imbir2016",1.68,"lantern","extended",FALSE
"makrela",0.0353857041755131,1,"Imbir2016",1.68,"mackerel","extended",FALSE
"materac",0.0353857041755131,1,"Imbir2016",1.68,"mattress","extended",FALSE
"miska",0.0353857041755131,1,"Imbir2016",1.68,"bowl","extended",FALSE
"rzodkiewka",0.0353857041755131,1,"Imbir2016",1.68,"radish","extended",FALSE
"szpinak",0.0353857041755131,1,"Imbir2016",1.68,"spinach","extended",FALSE
"żarówka",0.0353857041755131,1,"Imbir2016",1.68,"lightbulb","extended",FALSE
"chodaki",0.0330856334041047,1,"Imbir2016",1.6734693877551,"clever clogs","extended",FALSE
"koper",0.0330856334041047,1,"Imbir2016",1.6734693877551,"fennel","extended",FALSE
"gitara",0.030962491153574,1,"Imbir2016",1.66,"guitar","extended",FALSE
"kiełbasa",0.030962491153574,1,"Imbir2016",1.66,"sausage","extended",FALSE
"koralik",0.030962491153574,1,"Imbir2016",1.66,"bead","extended",FALSE
"kosz",0.030962491153574,1,"Imbir2016",1.66,"container","extended",FALSE
"kot",0.030962491153574,1,"Imbir2016",1.66,"cat","extended",FALSE
"kotwica",0.030962491153574,1,"Imbir2016",1.66,"anchor","extended",FALSE
"kura",0.030962491153574,1,"Imbir2016",1.66,"hen","extended",FALSE
"latarka",0.030962491153574,1,"Imbir2016",1.66,"torch","extended",FALSE
"orzeł",0.030962491153574,1,"Imbir2016",1.66,"eagle","extended",FALSE
"zagłówek",0.030962491153574,1,"Imbir2016",1.66,"headrest","extended",FALSE
"płetwa",0.0290162774239207,1,"Imbir2016",1.6530612244898,"fin","extended",FALSE
"bułeczka",0.0267162066525124,1,"Imbir2016",1.64,"muffin","extended",FALSE
"cebula",0.0267162066525124,1,"Imbir2016",1.64,"onion","extended",FALSE
"grabie",0.0267162066525124,1,"Imbir2016",1.64,"rake","extended",FALSE
"jabłecznik",0.0267162066525124,1,"Imbir2016",1.64,"cider","extended",FALSE
"jamnik",0.0267162066525124,1,"Imbir2016",1.64,"dachshund","extended",FALSE
"kapelusz",0.0267162066525124,1,"Imbir2016",1.64,"hat","extended",FALSE
"lody",0.0267162066525124,1,"Imbir2016",1.64,"ice cream","extended",FALSE
"owies",0.0267162066525124,1,"Imbir2016",1.64,"oats","extended",FALSE
"piekarnik",0.0267162066525124,1,"Imbir2016",1.64,"oven","extended",FALSE
"szczotka",0.0267162066525124,1,"Imbir2016",1.64,"brush","extended",FALSE
"tarka",0.0267162066525124,1,"Imbir2016",1.64,"grater","extended",FALSE
"ząb",0.0267162066525124,1,"Imbir2016",1.64,"tooth","extended",FALSE
"budynek",0.0221160651096957,1,"Imbir2016",1.62,"building","extended",FALSE
"buk",0.0221160651096957,1,"Imbir2016",1.62,"beech","extended",FALSE
"cement",0.0221160651096957,1,"Imbir2016",1.62,"cement","extended",FALSE
"chomik",0.0221160651096957,1,"Imbir2016",1.62,"hamster","extended",FALSE
"chrząszcz",0.0221160651096957,1,"Imbir2016",1.62,"beetle","extended",FALSE
"ciężarówka",0.0221160651096957,1,"Imbir2016",1.62,"truck","extended",FALSE
"cytryna",0.0221160651096957,1,"Imbir2016",1.62,"lemon","extended",FALSE
"drzwi",0.0221160651096957,1,"Imbir2016",1.62,"door","extended",FALSE
"fasola",0.0221160651096957,1,"Imbir2016",1.62,"bean","extended",FALSE
"kij",0.0221160651096957,1,"Imbir2016",1.62,"stick","extended",FALSE
"koc",0.0221160651096957,1,"Imbir2016",1.62,"blanket","extended",FALSE
"kukurydza",0.0221160651096957,1,"Imbir2016",1.62,"corn","extended",FALSE
"skrzynia",0.0221160651096957,1,"Imbir2016",1.62,"chest","extended",FALSE
"tygrys",0.0221160651096957,1,"Imbir2016",1.62,"tiger","extended",FALSE
"panda",0.0194621372965322,1,"Imbir2016",1.61224489795918,"panda","extended",FALSE
"autobus",0.0180467091295117,1,"Imbir2016",1.6,"bus","extended",FALSE
"czapka",0.0180467091295117,1,"Imbir2016",1.6,"cap","extended",FALSE
"kołnierz",0.0180467091295117,1,"Imbir2016",1.6,"collar","extended",FALSE
"kroplówka",0.0180467091295117,1,"Imbir2016",1.6,"drip","extended",FALSE
"trzmiel",0.0180467091295117,1,"Imbir2016",1.6,"bumblebee","extended",FALSE
"ważka",0.0180467091295117,1,"Imbir2016",1.6,"dragonfly","extended",FALSE
"wrona",0.0180467091295117,1,"Imbir2016",1.6,"crow","extended",FALSE
"sofa",0.0166312809624912,1,"Imbir2016",1.59183673469388,"sofa","extended",FALSE
"budzik",0.0150389242745931,1,"Imbir2016",1.58,"alarm clock","extended",FALSE
"komin",0.0150389242745931,1,"Imbir2016",1.58,"chimney","extended",FALSE
"kreda",0.0150389242745931,1,"Imbir2016",1.58,"chalk","extended",FALSE
"okno",0.0150389242745931,1,"Imbir2016",1.58,"window","extended",FALSE
"ser",0.0150389242745931,1,"Imbir2016",1.58,"cheese","extended",FALSE
"wazon",0.0150389242745931,1,"Imbir2016",1.58,"vase","extended",FALSE
"wódka",0.0150389242745931,1,"Imbir2016",1.58,"vodka","extended",FALSE
"żyrafa",0.0150389242745931,1,"Imbir2016",1.58,"giraffe","extended",FALSE
"antylopa",0.0120311394196745,1,"Imbir2016",1.56,"antelope","extended",FALSE
"czapla",0.0120311394196745,1,"Imbir2016",1.56,"heron","extended",FALSE
"jeleń",0.0120311394196745,1,"Imbir2016",1.56,"deer","extended",FALSE
"noga",0.0120311394196745,1,"Imbir2016",1.56,"leg","extended",FALSE
"oset",0.0120311394196745,1,"Imbir2016",1.56,"thistle","extended",FALSE
"rakieta",0.0120311394196745,1,"Imbir2016",1.56,"racket","extended",FALSE
"wielbłąd",0.0120311394196745,1,"Imbir2016",1.56,"camel","extended",FALSE
"wróbel",0.0120311394196745,1,"Imbir2016",1.56,"sparrow","extended",FALSE
"ziemniaki",0.0120311394196745,1,"Imbir2016",1.56,"potato/fries","extended",FALSE
"groch",0.0100849256900212,1,"Imbir2016",1.55102040816327,"pea","extended",FALSE
"pies",0.0100849256900212,1,"Imbir2016",1.55102040816327,"dog","extended",FALSE
"karaluch",0.00866949752300071,1,"Imbir2016",1.54,"cockroach","extended",FALSE
"liść",0.00866949752300071,1,"Imbir2016",1.54,"leaf","extended",FALSE
"piłka",0.00866949752300071,1,"Imbir2016",1.54,"ball","extended",FALSE
"słoń",0.00866949752300071,1,"Imbir2016",1.54,"elephant","extended",FALSE
"telewizor",0.00866949752300071,1,"Imbir2016",1.54,"box","extended",FALSE
"wydra",0.00866949752300071,1,"Imbir2016",1.54,"otter","extended",FALSE
"karabin",0.00690021231422505,1,"Imbir2016",1.52,"rifle","extended",FALSE
"nóż",0.00690021231422505,1,"Imbir2016",1.52,"knife","extended",FALSE
"rzęsa",0.00690021231422505,1,"Imbir2016",1.52,"eyelash","extended",FALSE
"świnia",0.00690021231422505,1,"Imbir2016",1.52,"pig","extended",FALSE
"pudełko",0.00601556970983723,1,"Imbir2016",1.51020408163265,"box","extended",FALSE
"cukierek",0.00495399858457183,1,"Imbir2016",1.5,"candy","extended",FALSE
"czaszka",0.00495399858457183,1,"Imbir2016",1.5,"skull","extended",FALSE
"goryl",0.00495399858457183,1,"Imbir2016",1.5,"bodyguard","extended",FALSE
"pizza",0.00495399858457183,1,"Imbir2016",1.5,"pizza","extended",FALSE
"tuńczyk",0.00495399858457183,1,"Imbir2016",1.5,"tuna","extended",FALSE
"gołąb",0.00336164189667374,1,"Imbir2016",1.48,"dove","extended",FALSE
"komar",0.00336164189667374,1,"Imbir2016",1.48,"mosquito","extended",FALSE
"tratwa",0.00336164189667374,1,"Imbir2016",1.48,"raft","extended",FALSE
"żaba",0.00336164189667374,1,"Imbir2016",1.48,"frog","extended",FALSE
"bęben",0.00141542816702052,1,"Imbir2016",1.44,"drum","extended",FALSE
"belka",0.00141542816702052,1,"Imbir2016",1.44,"beam","extended",FALSE
"boa",0.00141542816702052,1,"Imbir2016",1.44,"boa","extended",FALSE
"ketchup",0.00141542816702052,1,"Imbir2016",1.44,"ketchup","extended",FALSE
"królik",0.00141542816702052,1,"Imbir2016",1.44,"bunny / rabbit","extended",FALSE
"łyżka",0.00141542816702052,1,"Imbir2016",1.44,"spoon","extended",FALSE
"śruba",0.00141542816702052,1,"Imbir2016",1.44,"bolt","extended",FALSE
