"word","mean_percentile","n_sources","sources","mean_raw_concreteness","gloss_english","tier","selected"
"姓名",1,1,"Yee2017",4.78,"full name","core",TRUE
"桃",0.999304589707928,1,"Liu2007",7,NA,"core",TRUE
"猫",0.999304589707928,1,"Liu2007",7,NA,"core",TRUE
"鼠",0.999304589707928,1,"Liu2007",7,NA,"core",TRUE
"美食",0.998405103668262,1,"Yao2017",8.09,"cuisine","core",TRUE
"猪",0.997913769123783,1,"Liu2007",6.97,NA,"core",TRUE
"伞",0.996175243393602,1,"Liu2007",6.95,NA,"core",TRUE
"唇",0.996175243393602,1,"Liu2007",6.95,NA,"core",TRUE
"窗",0.996175243393602,1,"Liu2007",6.95,NA,"core",TRUE
"纸",0.996175243393602,1,"Liu2007",6.95,NA,"core",TRUE
"爷",0.994089012517385,1,"Liu2007",6.94,NA,"core",TRUE
"鱼",0.994089012517385,1,"Liu2007",6.94,NA,"core",TRUE
"医生",0.993620414673046,1,"Yao2017",7.72,"doctor","core",TRUE
"凳",0.992350486787204,1,"Liu2007",6.92,NA,"core",TRUE
"弟",0.992350486787204,1,"Liu2007",6.92,NA,"core",TRUE
"蚕",0.992350486787204,1,"Liu2007",6.92,NA,"core",TRUE
"通讯",0.992025518341308,1,"Yao2017",7.71,"communication","core",TRUE
"事态",0.990430622009569,1,"Yao2017",7.61,"situation","core",TRUE
"成人",0.990291262135922,1,"Yee2017",4.7,"adult","core",TRUE
"花朵",0.98949796636921,2,"Liu2025;Yao2017",4.28905,"flowers","core",TRUE
"头",0.989221140472879,1,"Liu2007",6.9,NA,"core",TRUE
"床",0.989221140472879,1,"Liu2007",6.9,NA,"core",TRUE
"手",0.989221140472879,1,"Liu2007",6.9,NA,"core",TRUE
"狼",0.989221140472879,1,"Liu2007",6.9,NA,"core",TRUE
"鸟",0.989221140472879,1,"Liu2007",6.9,NA,"core",TRUE
"鸡",0.989221140472879,1,"Liu2007",6.9,NA,"core",TRUE
"绿茶",0.988835725677831,1,"Yao2017",7.6,"green tea","core",TRUE
"纪律",0.987240829346092,1,"Yao2017",7.56,"rules","core",TRUE
"城市",0.987024221453287,1,"Liu2025",1.2963,NA,"core",TRUE
"嘴",0.985048678720445,1,"Liu2007",6.89,NA,"core",TRUE
"屎",0.985048678720445,1,"Liu2007",6.89,NA,"core",TRUE
"岛",0.985048678720445,1,"Liu2007",6.89,NA,"core",TRUE
"舌",0.985048678720445,1,"Liu2007",6.89,NA,"core",TRUE
"鸭",0.985048678720445,1,"Liu2007",6.89,NA,"core",TRUE
"鼻",0.985048678720445,1,"Liu2007",6.89,NA,"core",TRUE
"牵手",0.984051036682616,1,"Yao2017",7.44,"hold hands","core",TRUE
"村民",0.98356401384083,1,"Liu2025",1.3214,NA,"core",TRUE
"老鼠",0.98356401384083,1,"Liu2025",1.3214,NA,"core",TRUE
"枣",0.982267037552156,1,"Liu2007",6.88,NA,"core",TRUE
"鞋",0.982267037552156,1,"Liu2007",6.88,NA,"core",TRUE
"蔬菜",0.981577291766693,2,"Liu2025;Yao2017",4.4502,"vegetables","core",TRUE
"女子",0.980861244019139,1,"Yao2017",7.42,"female","core",TRUE
"短发",0.980103806228374,1,"Liu2025",1.3333,NA,"core",TRUE
"火",0.979833101529903,1,"Liu2007",6.87,NA,"core",TRUE
"羊",0.979833101529903,1,"Liu2007",6.87,NA,"core",TRUE
"蝇",0.979833101529903,1,"Liu2007",6.87,NA,"core",TRUE
"驴",0.979833101529903,1,"Liu2007",6.87,NA,"core",TRUE
"鹰",0.979833101529903,1,"Liu2007",6.87,NA,"core",TRUE
"书",0.977051460361613,1,"Liu2007",6.86,NA,"core",TRUE
"兔",0.977051460361613,1,"Liu2007",6.86,NA,"core",TRUE
"箭",0.977051460361613,1,"Liu2007",6.86,NA,"core",TRUE
"佛像",0.976874003189793,1,"Yao2017",7.39,"buddha statue","core",TRUE
"国王",0.975778546712803,1,"Liu2025",1.4074,NA,"core",TRUE
"椅",0.974965229485396,1,"Liu2007",6.85,NA,"core",TRUE
"鹅",0.974965229485396,1,"Liu2007",6.85,NA,"core",TRUE
"鹿",0.974965229485396,1,"Liu2007",6.85,NA,"core",TRUE
"兄弟",0.974481658692185,1,"Yao2017",7.32,"brothers","core",TRUE
"心脏",0.97318339100346,1,"Liu2025",1.4286,NA,"core",TRUE
"幼儿",0.972089314194577,1,"Yao2017",7.3,"infant","core",TRUE
"风景",0.972089314194577,1,"Yao2017",7.3,"scenery","core",TRUE
"灯",0.971835883171071,1,"Liu2007",6.84,NA,"core",TRUE
"砖",0.971835883171071,1,"Liu2007",6.84,NA,"core",TRUE
"船",0.971835883171071,1,"Liu2007",6.84,NA,"core",TRUE
"茶",0.971835883171071,1,"Liu2007",6.84,NA,"core",TRUE
"蛙",0.971835883171071,1,"Liu2007",6.84,NA,"core",TRUE
"车",0.971835883171071,1,"Liu2007",6.84,NA,"core",TRUE
"疫苗",0.970873786407767,1,"Yee2017",4.66,"vaccine","core",TRUE
"武器",0.970588235294118,1,"Liu2025",1.4444,NA,"core",TRUE
"狗",0.968706536856745,1,"Liu2007",6.83,NA,"core",TRUE
"舟",0.968706536856745,1,"Liu2007",6.83,NA,"core",TRUE
"辫",0.968706536856745,1,"Liu2007",6.83,NA,"core",TRUE
"丝绸",0.967993079584775,1,"Liu2025",1.4643,NA,"core",TRUE
"激励",0.967304625199362,1,"Yao2017",7.23,"stimulate","core",TRUE
"刀",0.965924895688456,1,"Liu2007",6.82,NA,"core",TRUE
"墙",0.965924895688456,1,"Liu2007",6.82,NA,"core",TRUE
"腿",0.965924895688456,1,"Liu2007",6.82,NA,"core",TRUE
"酒",0.965924895688456,1,"Liu2007",6.82,NA,"core",TRUE
"镜",0.965924895688456,1,"Liu2007",6.82,NA,"core",TRUE
"奖品",0.964912280701754,1,"Yao2017",7.18,"rewards","core",TRUE
"明星",0.964532871972318,1,"Liu2025",1.4815,NA,"core",TRUE
"水",0.963143254520167,1,"Liu2007",6.81,NA,"core",TRUE
"湖",0.963143254520167,1,"Liu2007",6.81,NA,"core",TRUE
"葱",0.963143254520167,1,"Liu2007",6.81,NA,"core",TRUE
"烹饪",0.961722488038278,1,"Yao2017",7.14,"cook","core",TRUE
"外表",0.961165048543689,1,"Yee2017",4.65,"appearance","core",TRUE
"乐团",0.961072664359862,1,"Liu2025",1.5,NA,"core",TRUE
"军队",0.961072664359862,1,"Liu2025",1.5,NA,"core",TRUE
"铁路",0.960255900840494,2,"Liu2025;Yao2017",4.09,"rail road","core",TRUE
"亲人",0.960127591706539,1,"Yao2017",7.13,"relatives","core",TRUE
"匾",0.960013908205841,1,"Liu2007",6.79,NA,"core",TRUE
"筷",0.960013908205841,1,"Liu2007",6.79,NA,"core",TRUE
"肚",0.960013908205841,1,"Liu2007",6.79,NA,"core",TRUE
"蛋",0.960013908205841,1,"Liu2007",6.79,NA,"core",TRUE
"血",0.960013908205841,1,"Liu2007",6.79,NA,"core",TRUE
"铜",0.960013908205841,1,"Liu2007",6.79,NA,"core",TRUE
"情侣",0.959167342704039,2,"Liu2025;Yao2017",4.34425,"lovers","core",TRUE
"宾馆",0.957735247208931,1,"Yao2017",7.11,"hotel","core",TRUE
"餐厅",0.957735247208931,1,"Yao2017",7.11,"restaurant","core",TRUE
"弓",0.95653685674548,1,"Liu2007",6.78,NA,"core",TRUE
"熊",0.95653685674548,1,"Liu2007",6.78,NA,"core",TRUE
"针",0.95653685674548,1,"Liu2007",6.78,NA,"core",TRUE
"雁",0.95653685674548,1,"Liu2007",6.78,NA,"core",TRUE
"儿童",0.955017301038062,1,"Liu2025",1.5185,NA,"core",TRUE
"杆",0.954450625869263,1,"Liu2007",6.77,NA,"core",TRUE
"父",0.954450625869263,1,"Liu2007",6.77,NA,"core",TRUE
"花卉",0.953748006379585,1,"Yao2017",7.1,"flowers","core",TRUE
"僧",0.952364394993046,1,"Liu2007",6.76,NA,"core",TRUE
"爸",0.952364394993046,1,"Liu2007",6.76,NA,"core",TRUE
"肉",0.952364394993046,1,"Liu2007",6.76,NA,"core",TRUE
"骨",0.952364394993046,1,"Liu2007",6.76,NA,"core",TRUE
"案例",0.951456310679612,1,"Yee2017",4.59,"case","core",TRUE
"母爱",0.950558213716108,1,"Yao2017",7.09,"motherly love","core",TRUE
"犬",0.949930458970793,1,"Liu2007",6.75,NA,"core",TRUE
"肩",0.949930458970793,1,"Liu2007",6.75,NA,"core",TRUE
"蛇",0.949930458970793,1,"Liu2007",6.75,NA,"core",TRUE
"慈母",0.94896331738437,1,"Yao2017",7.08,"loving mother","core",TRUE
"国歌",0.948961937716263,1,"Liu2025",1.5357,NA,"core",TRUE
"妈",0.946453407510431,1,"Liu2007",6.74,NA,"core",TRUE
"宅",0.946453407510431,1,"Liu2007",6.74,NA,"core",TRUE
"爹",0.946453407510431,1,"Liu2007",6.74,NA,"core",TRUE
"虾",0.946453407510431,1,"Liu2007",6.74,NA,"core",TRUE
"蚁",0.946453407510431,1,"Liu2007",6.74,NA,"core",TRUE
"蝉",0.946453407510431,1,"Liu2007",6.74,NA,"core",TRUE
"鳖",0.946453407510431,1,"Liu2007",6.74,NA,"core",TRUE
"淑女",0.945773524720893,1,"Yao2017",7.06,"lady","core",TRUE
"校园",0.945401704166046,2,"Liu2025;Yao2017",4.05785,"campus","core",TRUE
"剑",0.943324061196106,1,"Liu2007",6.73,NA,"core",TRUE
"猴",0.943324061196106,1,"Liu2007",6.73,NA,"core",TRUE
"宠物",0.942906574394464,1,"Liu2025",1.5556,NA,"core",TRUE
"法庭",0.942906574394464,1,"Liu2025",1.5556,NA,"core",TRUE
"火灾",0.942906574394464,1,"Liu2025",1.5556,NA,"core",TRUE
"牲畜",0.942906574394464,1,"Liu2025",1.5556,NA,"core",TRUE
"妻子",0.941786283891547,1,"Yao2017",7,"wife","core",TRUE
"款待",0.941786283891547,1,"Yao2017",7,"warm welcome","core",TRUE
"行程",0.941747572815534,1,"Yee2017",4.58,"itinerary","core",TRUE
"粥",0.940890125173853,1,"Liu2007",6.72,NA,"core",TRUE
"肺",0.940890125173853,1,"Liu2007",6.72,NA,"core",TRUE
"草",0.940890125173853,1,"Liu2007",6.72,NA,"core",TRUE
"豆",0.940890125173853,1,"Liu2007",6.72,NA,"core",TRUE
"锅",0.940890125173853,1,"Liu2007",6.72,NA,"core",TRUE
"蝴蝶",0.93892761157376,2,"Liu2025;Yao2017",3.94645,"butterfly","core",TRUE
"哥哥",0.937799043062201,1,"Yao2017",6.97,"older brother","core",TRUE
"生日",0.937799043062201,1,"Yao2017",6.97,"birthday","core",TRUE
"房",0.937413073713491,1,"Liu2007",6.71,NA,"core",TRUE
"桌",0.937413073713491,1,"Liu2007",6.71,NA,"core",TRUE
"猿",0.937413073713491,1,"Liu2007",6.71,NA,"core",TRUE
"秸",0.937413073713491,1,"Liu2007",6.71,NA,"core",TRUE
"雀",0.937413073713491,1,"Liu2007",6.71,NA,"core",TRUE
"亲属",0.93598615916955,1,"Liu2025",1.5714,NA,"core",TRUE
"亲戚",0.93598615916955,1,"Liu2025",1.5714,NA,"core",TRUE
"官员",0.93598615916955,1,"Liu2025",1.5714,NA,"core",TRUE
"裙",0.935326842837274,1,"Liu2007",6.7,NA,"core",TRUE
"墓",0.932892906815021,1,"Liu2007",6.69,NA,"core",TRUE
"杏",0.932892906815021,1,"Liu2007",6.69,NA,"core",TRUE
"糖",0.932892906815021,1,"Liu2007",6.69,NA,"core",TRUE
"蟹",0.932892906815021,1,"Liu2007",6.69,NA,"core",TRUE
"袖",0.932892906815021,1,"Liu2007",6.69,NA,"core",TRUE
"饭",0.932892906815021,1,"Liu2007",6.69,NA,"core",TRUE
"熊猫",0.931419457735247,1,"Yao2017",6.95,"panda","core",TRUE
"房屋",0.930795847750865,1,"Liu2025",1.5926,NA,"core",TRUE
"游戏",0.930795847750865,1,"Liu2025",1.5926,NA,"core",TRUE
"笑容",0.929485163049177,2,"Liu2025;Yao2017",4.5239,"smile","core",TRUE
"兵",0.929415855354659,1,"Liu2007",6.68,NA,"core",TRUE
"稻",0.929415855354659,1,"Liu2007",6.68,NA,"core",TRUE
"颈",0.929415855354659,1,"Liu2007",6.68,NA,"core",TRUE
"龟",0.929415855354659,1,"Liu2007",6.68,NA,"core",TRUE
"天鹅",0.927432216905901,1,"Yao2017",6.93,"swan","core",TRUE
"少女",0.927432216905901,1,"Yao2017",6.93,"young lady","core",TRUE
"花蕾",0.927432216905901,1,"Yao2017",6.93,"bud","core",TRUE
"桶",0.926981919332406,1,"Liu2007",6.67,NA,"core",TRUE
"瓜",0.926981919332406,1,"Liu2007",6.67,NA,"core",TRUE
"袜",0.926981919332406,1,"Liu2007",6.67,NA,"core",TRUE
"法官",0.924740484429066,1,"Liu2025",1.6071,NA,"core",TRUE
"草原",0.924740484429066,1,"Liu2025",1.6071,NA,"core",TRUE
"塔",0.924547983310153,1,"Liu2007",6.66,NA,"core",TRUE
"洞",0.924547983310153,1,"Liu2007",6.66,NA,"core",TRUE
"膝",0.924547983310153,1,"Liu2007",6.66,NA,"core",TRUE
"雨",0.924547983310153,1,"Liu2007",6.66,NA,"core",TRUE
"勺",0.922461752433936,1,"Liu2007",6.65,NA,"core",TRUE
"脖",0.922461752433936,1,"Liu2007",6.65,NA,"core",TRUE
"保镖",0.921850079744817,1,"Yao2017",6.9,"body guard","core",TRUE
"微笑",0.921754192811377,2,"Liu2025;Yao2017",4.33685,"smile","core",TRUE
"桥",0.920723226703755,1,"Liu2007",6.64,NA,"core",TRUE
"脚",0.920723226703755,1,"Liu2007",6.64,NA,"core",TRUE
"虫",0.920723226703755,1,"Liu2007",6.64,NA,"core",TRUE
"棋",0.918636995827538,1,"Liu2007",6.63,NA,"core",TRUE
"缸",0.918636995827538,1,"Liu2007",6.63,NA,"core",TRUE
"舅",0.918636995827538,1,"Liu2007",6.63,NA,"core",TRUE
"公安",0.917065390749601,1,"Yao2017",6.89,"police force","core",TRUE
"宝石",0.917065390749601,1,"Yao2017",6.89,"jem","core",TRUE
"水晶",0.917065390749601,1,"Yao2017",6.89,"crystal","core",TRUE
"泥",0.916550764951321,1,"Liu2007",6.62,NA,"core",TRUE
"醋",0.916550764951321,1,"Liu2007",6.62,NA,"core",TRUE
"颊",0.916550764951321,1,"Liu2007",6.62,NA,"core",TRUE
"壶",0.91481223922114,1,"Liu2007",6.61,NA,"core",TRUE
"票",0.91481223922114,1,"Liu2007",6.61,NA,"core",TRUE
"礼服",0.913494809688581,1,"Liu2025",1.6667,NA,"core",TRUE
"衙门",0.913494809688581,1,"Liu2025",1.6667,NA,"core",TRUE
"炮",0.912726008344923,1,"Liu2007",6.59,NA,"core",TRUE
"盐",0.912726008344923,1,"Liu2007",6.59,NA,"core",TRUE
"脑",0.912726008344923,1,"Liu2007",6.59,NA,"core",TRUE
"齿",0.912726008344923,1,"Liu2007",6.59,NA,"core",TRUE
"同情",0.910685805422648,1,"Yao2017",6.87,"sympathize","core",TRUE
"花园",0.910685805422648,1,"Yao2017",6.87,"garden","core",TRUE
"农村",0.90916955017301,1,"Liu2025",1.6786,NA,"core",TRUE
"币",0.90855354659249,1,"Liu2007",6.58,NA,"core",TRUE
"拳",0.90855354659249,1,"Liu2007",6.58,NA,"core",TRUE
"梯",0.90855354659249,1,"Liu2007",6.58,NA,"core",TRUE
"棍",0.90855354659249,1,"Liu2007",6.58,NA,"core",TRUE
"碗",0.90855354659249,1,"Liu2007",6.58,NA,"core",TRUE
"蝶",0.90855354659249,1,"Liu2007",6.58,NA,"core",TRUE
"钢",0.90855354659249,1,"Liu2007",6.58,NA,"core",TRUE
"饼",0.90855354659249,1,"Liu2007",6.58,NA,"core",TRUE
"指令",0.907766990291262,1,"Yee2017",4.33,"command","core",TRUE
"乐器",0.906698564593301,1,"Yao2017",6.86,"instrument","core",TRUE
"玉佩",0.906698564593301,1,"Yao2017",6.86,"jade pandent","core",TRUE
"肾",0.905076495132128,1,"Liu2007",6.57,NA,"core",TRUE
"钱",0.905076495132128,1,"Liu2007",6.57,NA,"core",TRUE
"融合",0.904306220095694,1,"Yao2017",6.85,"combine","core",TRUE
"妹",0.903685674547983,1,"Liu2007",6.56,NA,"core",TRUE
"盆",0.903685674547983,1,"Liu2007",6.56,NA,"core",TRUE
"叔",0.902294853963839,1,"Liu2007",6.55,NA,"core",TRUE
"桔",0.902294853963839,1,"Liu2007",6.55,NA,"core",TRUE
"典礼",0.902262931629167,2,"Liu2025;Yao2017",4.80715,"ceremony","core",TRUE
"胸",0.900556328233658,1,"Liu2007",6.54,NA,"core",TRUE
"药",0.900556328233658,1,"Liu2007",6.54,NA,"core",TRUE
"表",0.900556328233658,1,"Liu2007",6.54,NA,"core",TRUE
"枢纽",0.900318979266348,1,"Yao2017",6.83,"hub","core",TRUE
"犯人",0.900318979266348,1,"Yao2017",6.83,"prisoner","core",TRUE
"坛",0.897774687065369,1,"Liu2007",6.53,NA,"core",TRUE
"尿",0.897774687065369,1,"Liu2007",6.53,NA,"core",TRUE
"汗",0.897774687065369,1,"Liu2007",6.53,NA,"core",TRUE
"瓢",0.897774687065369,1,"Liu2007",6.53,NA,"core",TRUE
"目",0.897774687065369,1,"Liu2007",6.53,NA,"core",TRUE
"人民",0.897058823529412,1,"Liu2025",1.7407,NA,"core",TRUE
"遗址",0.896681484302136,2,"Liu2025;Yao2017",4.37095,"historical remains","core",TRUE
"体操",0.894736842105263,1,"Yao2017",6.82,"gymnastics","core",TRUE
"奖状",0.894736842105263,1,"Yao2017",6.82,"award","core",TRUE
"欢送",0.894736842105263,1,"Yao2017",6.82,"farewell","core",TRUE
"妻",0.893602225312935,1,"Liu2007",6.51,NA,"core",TRUE
"枪",0.893602225312935,1,"Liu2007",6.51,NA,"core",TRUE
"棚",0.893602225312935,1,"Liu2007",6.51,NA,"core",TRUE
"秤",0.893602225312935,1,"Liu2007",6.51,NA,"core",TRUE
"笛",0.893602225312935,1,"Liu2007",6.51,NA,"core",TRUE
"芽",0.893602225312935,1,"Liu2007",6.51,NA,"core",TRUE
"蹄",0.893602225312935,1,"Liu2007",6.51,NA,"core",TRUE
"母校",0.889952153110048,1,"Yao2017",6.8,"one's old school","core",TRUE
"淋浴",0.889952153110048,1,"Yao2017",6.8,"shower","core",TRUE
"帆",0.889429763560501,1,"Liu2007",6.5,NA,"core",TRUE
"沙",0.889429763560501,1,"Liu2007",6.5,NA,"core",TRUE
"舰",0.889429763560501,1,"Liu2007",6.5,NA,"core",TRUE
"蟒",0.889429763560501,1,"Liu2007",6.5,NA,"core",TRUE
"面",0.889429763560501,1,"Liu2007",6.5,NA,"core",TRUE
"宾客",0.889273356401384,1,"Liu2025",1.7778,NA,"core",TRUE
"油画",0.889273356401384,1,"Liu2025",1.7778,NA,"core",TRUE
"警官",0.889273356401384,1,"Liu2025",1.7778,NA,"core",TRUE
"首领",0.889273356401384,1,"Liu2025",1.7778,NA,"core",TRUE
"歌女",0.886762360446571,1,"Yao2017",6.79,"female singer","core",TRUE
"学识",0.885167464114832,1,"Yao2017",6.77,"knowledge","core",TRUE
"土",0.884561891515994,1,"Liu2007",6.49,NA,"core",TRUE
"姐",0.884561891515994,1,"Liu2007",6.49,NA,"core",TRUE
"婶",0.884561891515994,1,"Liu2007",6.49,NA,"core",TRUE
"爪",0.884561891515994,1,"Liu2007",6.49,NA,"core",TRUE
"碟",0.884561891515994,1,"Liu2007",6.49,NA,"core",TRUE
"袄",0.884561891515994,1,"Liu2007",6.49,NA,"core",TRUE
"跪",0.884561891515994,1,"Liu2007",6.49,NA,"core",TRUE
"镰",0.884561891515994,1,"Liu2007",6.49,NA,"core",TRUE
"墨",0.884561891515994,1,"Liu2007",6.49,NA,"core",TRUE
"通告",0.883495145631068,1,"Yee2017",4.29,"notice","core",TRUE
"炸药",0.883217993079585,1,"Liu2025",1.7857,NA,"core",TRUE
"嫁妆",0.882775119617225,1,"Yao2017",6.76,"dowry","core",TRUE
"风光",0.882775119617225,1,"Yao2017",6.76,"passage of time","core",TRUE
"衫",0.880737134909597,1,"Liu2007",6.48,NA,"core",TRUE
"铃",0.880737134909597,1,"Liu2007",6.48,NA,"core",TRUE
"罪犯",0.879757785467128,1,"Liu2025",1.8148,NA,"core",TRUE
"手艺",0.879585326953748,1,"Yao2017",6.75,"skill","core",TRUE
"国旗",0.878138744943516,2,"Liu2025;Yao2017",3.8743,"national flag","core",TRUE
"店",0.877955493741307,1,"Liu2007",6.47,NA,"core",TRUE
"炭",0.877955493741307,1,"Liu2007",6.47,NA,"core",TRUE
"疤",0.877955493741307,1,"Liu2007",6.47,NA,"core",TRUE
"罐",0.877955493741307,1,"Liu2007",6.47,NA,"core",TRUE
"锄",0.877955493741307,1,"Liu2007",6.47,NA,"core",TRUE
"锤",0.877955493741307,1,"Liu2007",6.47,NA,"core",TRUE
"玫瑰",0.87719298245614,1,"Yao2017",6.74,"rose","core",TRUE
"客人",0.876297577854671,1,"Liu2025",1.8519,NA,"core",TRUE
"实力",0.874800637958533,1,"Yao2017",6.73,"power","core",TRUE
"音量",0.87378640776699,1,"Yee2017",4.28,"volume","core",TRUE
"泪",0.873783031988873,1,"Liu2007",6.46,NA,"core",TRUE
"肝",0.873783031988873,1,"Liu2007",6.46,NA,"core",TRUE
"腹",0.873783031988873,1,"Liu2007",6.46,NA,"core",TRUE
"蜡",0.873783031988873,1,"Liu2007",6.46,NA,"core",TRUE
"铅",0.873783031988873,1,"Liu2007",6.46,NA,"core",TRUE
"靴",0.873783031988873,1,"Liu2007",6.46,NA,"core",TRUE
"凯旋",0.871610845295056,1,"Yao2017",6.71,"triumphant return","core",TRUE
"头绪",0.871610845295056,1,"Yao2017",6.71,"clue","core",TRUE
"肠",0.87134909596662,1,"Liu2007",6.45,NA,"core",TRUE
"歌剧",0.870242214532872,1,"Liu2025",1.8889,NA,"core",TRUE
"消防",0.870242214532872,1,"Liu2025",1.8889,NA,"core",TRUE
"聊天",0.870242214532872,1,"Liu2025",1.8889,NA,"core",TRUE
"灶",0.86961057023644,1,"Liu2007",6.44,NA,"core",TRUE
"烟",0.86961057023644,1,"Liu2007",6.44,NA,"core",TRUE
"线",0.86961057023644,1,"Liu2007",6.44,NA,"core",TRUE
"肢",0.86961057023644,1,"Liu2007",6.44,NA,"core",TRUE
"拥抱",0.868999823402482,2,"Liu2025;Yao2017",4.5561,"hug","core",TRUE
"赝品",0.868421052631579,1,"Yao2017",6.7,"conterfeit","core",TRUE
"柜",0.86682892906815,1,"Liu2007",6.43,NA,"core",TRUE
"蚊",0.86682892906815,1,"Liu2007",6.43,NA,"core",TRUE
"雾",0.86682892906815,1,"Liu2007",6.43,NA,"core",TRUE
"风",0.86682892906815,1,"Liu2007",6.43,NA,"core",TRUE
"新闻",0.866782006920415,1,"Liu2025",1.9259,NA,"core",TRUE
"丑闻",0.865231259968102,1,"Yao2017",6.68,"scandle","core",TRUE
"国宝",0.865231259968102,1,"Yao2017",6.68,"national treasure","core",TRUE
"偶像",0.865051903114187,1,"Liu2025",1.9286,NA,"core",TRUE
"方位",0.864077669902913,1,"Yee2017",4.22,"direction","core",TRUE
"棺",0.863351877607789,1,"Liu2007",6.42,NA,"core",TRUE
"盾",0.863351877607789,1,"Liu2007",6.42,NA,"core",TRUE
"胃",0.863351877607789,1,"Liu2007",6.42,NA,"core",TRUE
"蝎",0.863351877607789,1,"Liu2007",6.42,NA,"core",TRUE
"褂",0.863351877607789,1,"Liu2007",6.42,NA,"core",TRUE
"馅",0.863351877607789,1,"Liu2007",6.42,NA,"core",TRUE
"政策",0.86307824100514,2,"Liu2025;Yee2017",3.4052,"policy","core",TRUE
"奖金",0.862277390550929,2,"Liu2025;Yao2017",3.89425,"reward","core",TRUE
"人生",0.862041467304625,1,"Yao2017",6.67,"life","core",TRUE
"暗算",0.862041467304625,1,"Yao2017",6.67,"back stabbing","core",TRUE
"对手",0.86159169550173,1,"Liu2025",1.963,NA,"core",TRUE
"河流",0.86159169550173,1,"Liu2025",1.963,NA,"core",TRUE
"草地",0.86159169550173,1,"Liu2025",1.963,NA,"core",TRUE
"吻",0.860570236439499,1,"Liu2007",6.41,NA,"core",TRUE
"帘",0.860570236439499,1,"Liu2007",6.41,NA,"core",TRUE
"名著",0.859816062647969,2,"Liu2025;Yao2017",4.35,"classic literature","core",TRUE
"恋爱",0.858851674641148,1,"Yao2017",6.64,"have a relationship","core",TRUE
"莲子",0.858851674641148,1,"Yao2017",6.64,"lotus seeds","core",TRUE
"炕",0.858484005563282,1,"Liu2007",6.39,NA,"core",TRUE
"肌",0.858484005563282,1,"Liu2007",6.39,NA,"core",TRUE
"雹",0.858484005563282,1,"Liu2007",6.39,NA,"core",TRUE
"靶",0.858484005563282,1,"Liu2007",6.39,NA,"core",TRUE
"领袖",0.858131487889273,1,"Liu2025",1.9643,NA,"core",TRUE
"腮",0.856745479833102,1,"Liu2007",6.38,NA,"core",TRUE
"情妇",0.856459330143541,1,"Yao2017",6.63,"mistress","core",TRUE
"枝",0.855006954102921,1,"Liu2007",6.37,NA,"core",TRUE
"框",0.855006954102921,1,"Liu2007",6.37,NA,"core",TRUE
"汁",0.855006954102921,1,"Liu2007",6.37,NA,"core",TRUE
"糕",0.855006954102921,1,"Liu2007",6.37,NA,"core",TRUE
"制度",0.854368932038835,1,"Yee2017",4.06,"system","core",TRUE
"崖",0.852573018080668,1,"Liu2007",6.36,NA,"core",TRUE
"盔",0.852573018080668,1,"Liu2007",6.36,NA,"core",TRUE
"躺",0.852573018080668,1,"Liu2007",6.36,NA,"core",TRUE
"投资",0.852472089314195,1,"Yao2017",6.61,"invest","core",TRUE
"风车",0.852472089314195,1,"Yao2017",6.61,"wind mill","core",TRUE
"高原",0.852472089314195,1,"Yao2017",6.61,"plateau","core",TRUE
"兵器",0.85121107266436,1,"Liu2025",2,NA,"core",TRUE
"国家",0.85121107266436,1,"Liu2025",2,NA,"core",TRUE
"晚会",0.85121107266436,1,"Liu2025",2,NA,"core",TRUE
"案件",0.85121107266436,1,"Liu2025",2,NA,"core",TRUE
"棉",0.851182197496523,1,"Liu2007",6.35,NA,"core",TRUE
"刃",0.84874826147427,1,"Liu2007",6.34,NA,"core",TRUE
"嫂",0.84874826147427,1,"Liu2007",6.34,NA,"core",TRUE
"杠",0.84874826147427,1,"Liu2007",6.34,NA,"core",TRUE
"痣",0.84874826147427,1,"Liu2007",6.34,NA,"core",TRUE
"跑",0.84874826147427,1,"Liu2007",6.34,NA,"core",TRUE
"铝",0.84874826147427,1,"Liu2007",6.34,NA,"core",TRUE
"冠军",0.847687400318979,1,"Yao2017",6.6,"champion","core",TRUE
"字",0.845966620305981,1,"Liu2007",6.33,NA,"core",TRUE
"肤",0.845966620305981,1,"Liu2007",6.33,NA,"core",TRUE
"聽力",0.844660194174757,1,"Yee2017",3.96,"hearing","core",TRUE
"庙",0.843880389429764,1,"Liu2007",6.32,NA,"core",TRUE
"翅",0.843880389429764,1,"Liu2007",6.32,NA,"core",TRUE
"胯",0.843880389429764,1,"Liu2007",6.32,NA,"core",TRUE
"臂",0.843880389429764,1,"Liu2007",6.32,NA,"core",TRUE
"公园",0.843700159489633,2,"Liu2025;Yao2017",3.54055,"park","core",TRUE
"平原",0.843700159489633,1,"Yao2017",6.59,"plain","core",TRUE
"教授",0.842560553633218,1,"Liu2025",2.037,NA,"core",TRUE
"海洋",0.841529251723205,2,"Liu2025;Yao2017",4.07285,"ocean","core",TRUE
"战争",0.84083044982699,1,"Liu2025",2.1071,NA,"core",TRUE
"光",0.840403337969402,1,"Liu2007",6.31,NA,"core",TRUE
"坝",0.840403337969402,1,"Liu2007",6.31,NA,"core",TRUE
"屁",0.840403337969402,1,"Liu2007",6.31,NA,"core",TRUE
"板",0.840403337969402,1,"Liu2007",6.31,NA,"core",TRUE
"禾",0.840403337969402,1,"Liu2007",6.31,NA,"core",TRUE
"钉",0.840403337969402,1,"Liu2007",6.31,NA,"core",TRUE
"老乡",0.839712918660287,1,"Yao2017",6.57,"village  people","core",TRUE
"战友",0.838927887507381,2,"Liu2025;Yao2017",3.9348,"comrade-in-arms","core",TRUE
"体罚",0.838235294117647,1,"Liu2025",2.1111,NA,"core",TRUE
"呼吸",0.838235294117647,1,"Liu2025",2.1111,NA,"core",TRUE
"瓷",0.837621696801113,1,"Liu2007",6.3,NA,"core",TRUE
"盒",0.837621696801113,1,"Liu2007",6.3,NA,"core",TRUE
"步伐",0.83732057416268,1,"Yao2017",6.56,"tempo","core",TRUE
"尾",0.835883171070932,1,"Liu2007",6.29,NA,"core",TRUE
"柱",0.835883171070932,1,"Liu2007",6.29,NA,"core",TRUE
"钩",0.835883171070932,1,"Liu2007",6.29,NA,"core",TRUE
"榕树",0.835725677830941,1,"Yao2017",6.55,"banyan tree","core",TRUE
"待遇",0.83495145631068,1,"Yee2017",3.93,"treatment","core",TRUE
"抢救",0.833910034602076,1,"Liu2025",2.1481,NA,"core",TRUE
"盗窃",0.833910034602076,1,"Liu2025",2.1481,NA,"core",TRUE
"锻炼",0.833910034602076,1,"Liu2025",2.1481,NA,"core",TRUE
"空军",0.83375206260382,2,"Liu2025;Yao2017",3.65165,"air force","core",TRUE
"同胞",0.833333333333333,1,"Yao2017",6.54,"country man","core",TRUE
"条理",0.833333333333333,1,"Yao2017",6.54,"organization","core",TRUE
"姨",0.832753824756606,1,"Liu2007",6.28,NA,"core",TRUE
"椰",0.832753824756606,1,"Liu2007",6.28,NA,"core",TRUE
"皂",0.832753824756606,1,"Liu2007",6.28,NA,"core",TRUE
"腋",0.832753824756606,1,"Liu2007",6.28,NA,"core",TRUE
"菜",0.832753824756606,1,"Liu2007",6.28,NA,"core",TRUE
"鲨",0.832753824756606,1,"Liu2007",6.28,NA,"core",TRUE
"粮草",0.830940988835726,1,"Yao2017",6.53,"grains","core",TRUE
"樱",0.829624478442281,1,"Liu2007",6.27,NA,"core",TRUE
"笑",0.829624478442281,1,"Liu2007",6.27,NA,"core",TRUE
"粪",0.829624478442281,1,"Liu2007",6.27,NA,"core",TRUE
"都市",0.828719723183391,1,"Liu2025",2.1852,NA,"core",TRUE
"奖赏",0.828187171294074,2,"Liu2025;Yao2017",4.76685,"awards","core",TRUE
"卧",0.826147426981919,1,"Liu2007",6.26,NA,"core",TRUE
"推",0.826147426981919,1,"Liu2007",6.26,NA,"core",TRUE
"果",0.826147426981919,1,"Liu2007",6.26,NA,"core",TRUE
"柄",0.826147426981919,1,"Liu2007",6.26,NA,"core",TRUE
"滩",0.826147426981919,1,"Liu2007",6.26,NA,"core",TRUE
"笼",0.826147426981919,1,"Liu2007",6.26,NA,"core",TRUE
"踩",0.826147426981919,1,"Liu2007",6.26,NA,"core",TRUE
"护照",0.826006605850897,2,"Liu2025;Yao2017",3.85855,"passport","core",TRUE
"丧失",0.825358851674641,1,"Yao2017",6.5,"lose","core",TRUE
"木板",0.825358851674641,1,"Yao2017",6.5,"wood plank","core",TRUE
"死刑",0.825358851674641,1,"Yao2017",6.5,"death penalty","core",TRUE
"水仙",0.825358851674641,1,"Yao2017",6.5,"narcissus","core",TRUE
"钞票",0.825358851674641,1,"Yao2017",6.5,"cash","core",TRUE
"名牌",0.825259515570934,1,"Liu2025",2.2143,NA,"core",TRUE
"颜色",0.825259515570934,1,"Liu2025",2.2143,NA,"core",TRUE
"公事",0.825242718446602,1,"Yee2017",3.91,"official business","core",TRUE
"漫画",0.823127928345557,2,"Liu2025;Yao2017",3.7928,"comic strip","core",TRUE
"口",0.821627260083449,1,"Liu2007",6.25,NA,"core",TRUE
"师",0.821627260083449,1,"Liu2007",6.25,NA,"core",TRUE
"殿",0.821627260083449,1,"Liu2007",6.25,NA,"core",TRUE
"油",0.821627260083449,1,"Liu2007",6.25,NA,"core",TRUE
"穴",0.821627260083449,1,"Liu2007",6.25,NA,"core",TRUE
"衣",0.821627260083449,1,"Liu2007",6.25,NA,"core",TRUE
"登录",0.820934256055363,1,"Liu2025",2.2222,NA,"core",TRUE
"欢呼",0.820827331777068,2,"Liu2025;Yao2017",4.87945,"cheer","core",TRUE
"汽车",0.819776714513557,1,"Yao2017",6.47,"mobile car","core",TRUE
"巷",0.818497913769124,1,"Liu2007",6.24,NA,"core",TRUE
"握",0.818497913769124,1,"Liu2007",6.24,NA,"core",TRUE
"瞅",0.818497913769124,1,"Liu2007",6.24,NA,"core",TRUE
"移民",0.817474048442907,1,"Liu2025",2.25,NA,"core",TRUE
"外交",0.81658692185008,1,"Yao2017",6.46,"diplomatic","core",TRUE
"师范",0.81658692185008,1,"Yao2017",6.46,"normal school","core",TRUE
"邮票",0.81658692185008,1,"Yao2017",6.46,"post stamp","core",TRUE
"成分",0.815533980582524,1,"Yee2017",3.89,"ingredient","core",TRUE
"卵",0.815368567454798,1,"Liu2007",6.23,NA,"core",TRUE
"咬",0.815368567454798,1,"Liu2007",6.23,NA,"core",TRUE
"哨",0.815368567454798,1,"Liu2007",6.23,NA,"core",TRUE
"唱",0.815368567454798,1,"Liu2007",6.23,NA,"core",TRUE
"湿",0.815368567454798,1,"Liu2007",6.23,NA,"core",TRUE
"锁",0.815368567454798,1,"Liu2007",6.23,NA,"core",TRUE
"渠",0.812586926286509,1,"Liu2007",6.22,NA,"core",TRUE
"贼",0.812586926286509,1,"Liu2007",6.22,NA,"core",TRUE
"求学",0.811802232854864,1,"Yao2017",6.44,"pursue studies","core",TRUE
"军事",0.811418685121107,1,"Liu2025",2.2857,NA,"core",TRUE
"军官",0.811200697560195,2,"Liu2025;Yao2017",3.4811,"army officer","core",TRUE
"室",0.810152990264256,1,"Liu2007",6.21,NA,"core",TRUE
"扔",0.810152990264256,1,"Liu2007",6.21,NA,"core",TRUE
"狱",0.810152990264256,1,"Liu2007",6.21,NA,"core",TRUE
"骡",0.810152990264256,1,"Liu2007",6.21,NA,"core",TRUE
"黑",0.810152990264256,1,"Liu2007",6.21,NA,"core",TRUE
"奖券",0.808612440191388,1,"Yao2017",6.41,"coupon","core",TRUE
"声",0.806675938803894,1,"Liu2007",6.19,NA,"core",TRUE
"妾",0.806675938803894,1,"Liu2007",6.19,NA,"core",TRUE
"廊",0.806675938803894,1,"Liu2007",6.19,NA,"core",TRUE
"稿",0.806675938803894,1,"Liu2007",6.19,NA,"core",TRUE
"鞭",0.806675938803894,1,"Liu2007",6.19,NA,"core",TRUE
"疾病",0.806228373702422,1,"Liu2025",2.2963,NA,"core",TRUE
"细菌",0.806228373702422,1,"Liu2025",2.2963,NA,"core",TRUE
"罚款",0.806228373702422,1,"Liu2025",2.2963,NA,"core",TRUE
"传统",0.80622009569378,1,"Yao2017",6.39,"tradition","core",TRUE
"士兵",0.80622009569378,1,"Yao2017",6.39,"soldier","core",TRUE
"领带",0.803827751196172,1,"Yao2017",6.37,"tie","core",TRUE
"漆",0.802851182197497,1,"Liu2007",6.18,NA,"core",TRUE
"痰",0.802851182197497,1,"Liu2007",6.18,NA,"core",TRUE
"绒",0.802851182197497,1,"Liu2007",6.18,NA,"core",TRUE
"蕊",0.802851182197497,1,"Liu2007",6.18,NA,"core",TRUE
"轨",0.802851182197497,1,"Liu2007",6.18,NA,"core",TRUE
"链",0.802851182197497,1,"Liu2007",6.18,NA,"core",TRUE
"福利",0.802767067713414,2,"Yao2017;Yee2017",5.165,"welfare","core",TRUE
"備份",0.800970873786408,1,"Yee2017",3.87,"backup","core",TRUE
"副本",0.800970873786408,1,"Yee2017",3.87,"copy","core",TRUE
"环",0.800069541029207,1,"Liu2007",6.17,NA,"core",TRUE
"砚",0.800069541029207,1,"Liu2007",6.17,NA,"core",TRUE
"皇冠",0.799840510366826,1,"Yao2017",6.36,"crown","core",TRUE
"蚂蚁",0.799840510366826,1,"Yao2017",6.36,"ant","core",TRUE
"马戏",0.799840510366826,1,"Yao2017",6.36,"circus","core",TRUE
"苍白",0.799105837099827,2,"Liu2025;Yao2017",5.175,"pale","core",TRUE
"誓言",0.799104999922578,2,"Yao2017;Yee2017",5.115,"oath","core",TRUE
"互动",0.798442906574394,1,"Liu2025",2.3333,NA,"core",TRUE
"光线",0.798442906574394,1,"Liu2025",2.3333,NA,"core",TRUE
"边境",0.798442906574394,1,"Liu2025",2.3333,NA,"core",TRUE
"嗓",0.797635605006954,1,"Liu2007",6.16,NA,"core",TRUE
"牌",0.797635605006954,1,"Liu2007",6.16,NA,"core",TRUE
"筒",0.797635605006954,1,"Liu2007",6.16,NA,"core",TRUE
"豺",0.797635605006954,1,"Liu2007",6.16,NA,"core",TRUE
"银",0.797635605006954,1,"Liu2007",6.16,NA,"core",TRUE
"卖",0.795549374130737,1,"Liu2007",6.15,NA,"core",TRUE
"元帅",0.794258373205742,1,"Yao2017",6.34,"general","core",TRUE
"柔情",0.794258373205742,1,"Yao2017",6.34,"tenderness","core",TRUE
"屉",0.793810848400556,1,"Liu2007",6.14,NA,"core",TRUE
"杈",0.793810848400556,1,"Liu2007",6.14,NA,"core",TRUE
"膏",0.793810848400556,1,"Liu2007",6.14,NA,"core",TRUE
"鼎",0.793810848400556,1,"Liu2007",6.14,NA,"core",TRUE
"贩毒",0.792387543252595,1,"Liu2025",2.4074,NA,"core",TRUE
"画",0.790681502086231,1,"Liu2007",6.13,NA,"core",TRUE
"砍",0.790681502086231,1,"Liu2007",6.13,NA,"core",TRUE
"纱",0.790681502086231,1,"Liu2007",6.13,NA,"core",TRUE
"诗",0.790681502086231,1,"Liu2007",6.13,NA,"core",TRUE
"蹲",0.790681502086231,1,"Liu2007",6.13,NA,"core",TRUE
"祖宗",0.790657439446367,1,"Liu2025",2.4444,NA,"core",TRUE
"热泪",0.790478082592452,2,"Liu2025;Yao2017",4.27785,"passionate cry","core",TRUE
"轻巧",0.790271132376396,1,"Yao2017",6.33,"compact","core",TRUE
"逃兵",0.790271132376396,1,"Yao2017",6.33,"army deserter","core",TRUE
"捶",0.787899860917942,1,"Liu2007",6.11,NA,"core",TRUE
"锹",0.787899860917942,1,"Liu2007",6.11,NA,"core",TRUE
"闸",0.787899860917942,1,"Liu2007",6.11,NA,"core",TRUE
"债务",0.786332179930796,1,"Liu2025",2.4815,NA,"core",TRUE
"埋葬",0.786332179930796,1,"Liu2025",2.4815,NA,"core",TRUE
"遇难",0.786332179930796,1,"Liu2025",2.4815,NA,"core",TRUE
"厅",0.785118219749652,1,"Liu2007",6.1,NA,"core",TRUE
"妞",0.785118219749652,1,"Liu2007",6.1,NA,"core",TRUE
"寺",0.785118219749652,1,"Liu2007",6.1,NA,"core",TRUE
"瞪",0.785118219749652,1,"Liu2007",6.1,NA,"core",TRUE
"腕",0.785118219749652,1,"Liu2007",6.1,NA,"core",TRUE
"款式",0.783396882453724,2,"Liu2025;Yee2017",3.835,"style","core",TRUE
"主权",0.783094098883573,1,"Yao2017",6.32,"sovereignty","core",TRUE
"勇士",0.783094098883573,1,"Yao2017",6.32,"worrior","core",TRUE
"护士",0.783094098883573,1,"Yao2017",6.32,"nurse","core",TRUE
"洋葱",0.783094098883573,1,"Yao2017",6.32,"onion","core",TRUE
"片刻",0.783094098883573,1,"Yao2017",6.32,"moment","core",TRUE
"闭幕",0.782006920415225,1,"Liu2025",2.5185,NA,"core",TRUE
"叹气",0.780276816608997,1,"Liu2025",2.5357,NA,"core",TRUE
"刷",0.780250347705146,1,"Liu2007",6.08,NA,"core",TRUE
"堤",0.780250347705146,1,"Liu2007",6.08,NA,"core",TRUE
"妇",0.780250347705146,1,"Liu2007",6.08,NA,"core",TRUE
"巾",0.780250347705146,1,"Liu2007",6.08,NA,"core",TRUE
"帖",0.780250347705146,1,"Liu2007",6.08,NA,"core",TRUE
"秧",0.780250347705146,1,"Liu2007",6.08,NA,"core",TRUE
"肋",0.780250347705146,1,"Liu2007",6.08,NA,"core",TRUE
"脊",0.780250347705146,1,"Liu2007",6.08,NA,"core",TRUE
"躯",0.780250347705146,1,"Liu2007",6.08,NA,"core",TRUE
"专家",0.778875073812244,2,"Liu2025;Yao2017",4.02,"specialist","core",TRUE
"演说",0.778546712802768,1,"Liu2025",2.5714,NA,"core",TRUE
"沙漠",0.776714513556619,1,"Yao2017",6.3,"desert","core",TRUE
"銷量",0.776699029126214,1,"Yee2017",3.77,"sales","core",TRUE
"奶",0.775730180806676,1,"Liu2007",6.06,NA,"core",TRUE
"岸",0.775730180806676,1,"Liu2007",6.06,NA,"core",TRUE
"酱",0.775730180806676,1,"Liu2007",6.06,NA,"core",TRUE
"鬓",0.775730180806676,1,"Liu2007",6.06,NA,"core",TRUE
"喜剧",0.775086505190311,1,"Liu2025",2.5926,NA,"core",TRUE
"话语",0.775086505190311,1,"Liu2025",2.5926,NA,"core",TRUE
"违章",0.775086505190311,1,"Liu2025",2.5926,NA,"core",TRUE
"列车",0.774322169059011,1,"Yao2017",6.29,"train","core",TRUE
"会谈",0.771626297577855,1,"Liu2025",2.6296,NA,"core",TRUE
"匣",0.77086230876217,1,"Liu2007",6.05,NA,"core",TRUE
"厕",0.77086230876217,1,"Liu2007",6.05,NA,"core",TRUE
"壁",0.77086230876217,1,"Liu2007",6.05,NA,"core",TRUE
"扫",0.77086230876217,1,"Liu2007",6.05,NA,"core",TRUE
"昼",0.77086230876217,1,"Liu2007",6.05,NA,"core",TRUE
"焰",0.77086230876217,1,"Liu2007",6.05,NA,"core",TRUE
"瓣",0.77086230876217,1,"Liu2007",6.05,NA,"core",TRUE
"碱",0.77086230876217,1,"Liu2007",6.05,NA,"core",TRUE
"网",0.77086230876217,1,"Liu2007",6.05,NA,"core",TRUE
"貂",0.77086230876217,1,"Liu2007",6.05,NA,"core",TRUE
"旅客",0.769537480063796,1,"Yao2017",6.27,"traveller","core",TRUE
"食品",0.769537480063796,1,"Yao2017",6.27,"food","core",TRUE
"难民",0.769306385655867,2,"Liu2025;Yao2017",3.74215,"refugee","core",TRUE
"历史",0.768364072338758,2,"Liu2025;Yao2017",4.8407,"history","core",TRUE
"废话",0.768166089965398,1,"Liu2025",2.6429,NA,"core",TRUE
"笑话",0.768166089965398,1,"Liu2025",2.6429,NA,"core",TRUE
"秩序",0.764941042093594,2,"Liu2025;Yee2017",3.78465,"order","core",TRUE
"养生",0.763955342902711,1,"Yao2017",6.26,"healthy lifestyle","core",TRUE
"礼炮",0.763955342902711,1,"Yao2017",6.26,"salute","core",TRUE
"跑车",0.763955342902711,1,"Yao2017",6.26,"race car","core",TRUE
"伴侣",0.762170742206255,2,"Liu2025;Yao2017",3.50575,"partner","core",TRUE
"原料",0.762135922330097,1,"Yee2017",3.72,"raw material","core",TRUE
"濃度",0.762135922330097,1,"Yee2017",3.72,"concentration","core",TRUE
"流程",0.762110726643599,1,"Liu2025",2.6667,NA,"core",TRUE
"侄",0.76182197496523,1,"Liu2007",6.03,NA,"core",TRUE
"剃",0.76182197496523,1,"Liu2007",6.03,NA,"core",TRUE
"厨",0.76182197496523,1,"Liu2007",6.03,NA,"core",TRUE
"右",0.76182197496523,1,"Liu2007",6.03,NA,"core",TRUE
"吸",0.76182197496523,1,"Liu2007",6.03,NA,"core",TRUE
"啃",0.76182197496523,1,"Liu2007",6.03,NA,"core",TRUE
"壤",0.76182197496523,1,"Liu2007",6.03,NA,"core",TRUE
"敲",0.76182197496523,1,"Liu2007",6.03,NA,"core",TRUE
"槐",0.76182197496523,1,"Liu2007",6.03,NA,"core",TRUE
"热",0.76182197496523,1,"Liu2007",6.03,NA,"core",TRUE
"砂",0.76182197496523,1,"Liu2007",6.03,NA,"core",TRUE
"筋",0.76182197496523,1,"Liu2007",6.03,NA,"core",TRUE
"缝",0.76182197496523,1,"Liu2007",6.03,NA,"core",TRUE
"锌",0.76182197496523,1,"Liu2007",6.03,NA,"core",TRUE
"锥",0.76182197496523,1,"Liu2007",6.03,NA,"core",TRUE
"闻",0.76182197496523,1,"Liu2007",6.03,NA,"core",TRUE
"日期",0.761001473485538,2,"Liu2025;Yao2017",3.53425,"date","core",TRUE
"考官",0.759170653907496,1,"Yao2017",6.24,"proctor","core",TRUE
"芭蕾",0.759170653907496,1,"Yao2017",6.24,"ballet","core",TRUE
"礼仪",0.756990778298373,2,"Liu2025;Yao2017",4.63295,"ritual","core",TRUE
"武装",0.756055363321799,1,"Liu2025",2.7037,NA,"core",TRUE
"脸色",0.756055363321799,1,"Liu2025",2.7037,NA,"core",TRUE
"吞",0.753129346314325,1,"Liu2007",6,NA,"core",TRUE
"嚼",0.753129346314325,1,"Liu2007",6,NA,"core",TRUE
"泵",0.753129346314325,1,"Liu2007",6,NA,"core",TRUE
"篱",0.753129346314325,1,"Liu2007",6,NA,"core",TRUE
"腰",0.753129346314325,1,"Liu2007",6,NA,"core",TRUE
"膛",0.753129346314325,1,"Liu2007",6,NA,"core",TRUE
"艇",0.753129346314325,1,"Liu2007",6,NA,"core",TRUE
"铲",0.753129346314325,1,"Liu2007",6,NA,"core",TRUE
"镯",0.753129346314325,1,"Liu2007",6,NA,"core",TRUE
"军人",0.752791068580542,1,"Yao2017",6.23,"military man","core",TRUE
"别墅",0.752791068580542,1,"Yao2017",6.23,"villa","core",TRUE
"布鞋",0.752791068580542,1,"Yao2017",6.23,"cloth shoes","core",TRUE
"算计",0.752791068580542,1,"Yao2017",6.23,"calculate","core",TRUE
"舞台",0.752791068580542,1,"Yao2017",6.23,"stage","core",TRUE
"倒闭",0.751730103806228,1,"Liu2025",2.7407,NA,"core",TRUE
"参观",0.751730103806228,1,"Liu2025",2.7407,NA,"core",TRUE
"矿",0.749652294853964,1,"Liu2007",5.98,NA,"core",TRUE
"包袱",0.747404844290657,1,"Liu2025",2.75,NA,"core",TRUE
"名称",0.747404844290657,1,"Liu2025",2.75,NA,"core",TRUE
"性命",0.747404844290657,1,"Liu2025",2.75,NA,"core",TRUE
"大雨",0.747208931419458,1,"Yao2017",6.22,"heavy rain","core",TRUE
"花车",0.747208931419458,1,"Yao2017",6.22,"decorated vehicle in parade","core",TRUE
"生活",0.74481658692185,1,"Yao2017",6.21,"life","core",TRUE
"冠",0.744436717663421,1,"Liu2007",5.97,NA,"core",TRUE
"婴",0.744436717663421,1,"Liu2007",5.97,NA,"core",TRUE
"孩",0.744436717663421,1,"Liu2007",5.97,NA,"core",TRUE
"客",0.744436717663421,1,"Liu2007",5.97,NA,"core",TRUE
"影",0.744436717663421,1,"Liu2007",5.97,NA,"core",TRUE
"戏",0.744436717663421,1,"Liu2007",5.97,NA,"core",TRUE
"抱",0.744436717663421,1,"Liu2007",5.97,NA,"core",TRUE
"汞",0.744436717663421,1,"Liu2007",5.97,NA,"core",TRUE
"男",0.744436717663421,1,"Liu2007",5.97,NA,"core",TRUE
"讲",0.744436717663421,1,"Liu2007",5.97,NA,"core",TRUE
"辣",0.744436717663421,1,"Liu2007",5.97,NA,"core",TRUE
"酸",0.744436717663421,1,"Liu2007",5.97,NA,"core",TRUE
"锈",0.744436717663421,1,"Liu2007",5.97,NA,"core",TRUE
"院",0.744436717663421,1,"Liu2007",5.97,NA,"core",TRUE
"谋杀",0.743944636678201,1,"Liu2025",2.7778,NA,"core",TRUE
"歌迷",0.743221690590112,1,"Yao2017",6.19,"fans for the singer","core",TRUE
"小事",0.742718446601942,1,"Yee2017",3.64,"small things","core",TRUE
"禁令",0.742718446601942,1,"Yee2017",3.64,"ban","core",TRUE
"谈判",0.742214532871972,1,"Liu2025",2.7857,NA,"core",TRUE
"条目",0.741626794258373,1,"Yao2017",6.18,"items","core",TRUE
"奖励",0.740484429065744,1,"Liu2025",2.8148,NA,"core",TRUE
"要闻",0.738754325259516,1,"Liu2025",2.8519,NA,"core",TRUE
"修女",0.738437001594896,1,"Yao2017",6.17,"nun","core",TRUE
"年糕",0.738437001594896,1,"Yao2017",6.17,"rice cake for the new year","core",TRUE
"服务",0.738437001594896,1,"Yao2017",6.17,"service","core",TRUE
"欢快",0.737139423740225,2,"Liu2025;Yao2017",5.56535,"merrily","core",TRUE
"吹",0.737134909596662,1,"Liu2007",5.95,NA,"core",TRUE
"夜",0.737134909596662,1,"Liu2007",5.95,NA,"core",TRUE
"攀",0.737134909596662,1,"Liu2007",5.95,NA,"core",TRUE
"汽",0.737134909596662,1,"Liu2007",5.95,NA,"core",TRUE
"背",0.737134909596662,1,"Liu2007",5.95,NA,"core",TRUE
"遮",0.737134909596662,1,"Liu2007",5.95,NA,"core",TRUE
"骂",0.737134909596662,1,"Liu2007",5.95,NA,"core",TRUE
"观光",0.737024221453287,1,"Liu2025",2.8571,NA,"core",TRUE
"标本",0.73444976076555,1,"Yao2017",6.14,"sample","core",TRUE
"骗局",0.73444976076555,1,"Yao2017",6.14,"fraud","core",TRUE
"残疾",0.734393194373162,2,"Liu2025;Yao2017",4.04465,"disabled","core",TRUE
"拣",0.734005563282337,1,"Liu2007",5.94,NA,"core",TRUE
"饵",0.734005563282337,1,"Liu2007",5.94,NA,"core",TRUE
"名声",0.732902462983505,2,"Liu2025;Yao2017",5.34645,"fame","core",TRUE
"骗子",0.732057416267943,1,"Yao2017",6.13,"lier","core",TRUE
"炖",0.73191933240612,1,"Liu2007",5.93,NA,"core",TRUE
"蹦",0.73191933240612,1,"Liu2007",5.93,NA,"core",TRUE
"轴",0.73191933240612,1,"Liu2007",5.93,NA,"core",TRUE
"颅",0.73191933240612,1,"Liu2007",5.93,NA,"core",TRUE
"冷笑",0.730968858131488,1,"Liu2025",2.8889,NA,"core",TRUE
"否认",0.730968858131488,1,"Liu2025",2.8889,NA,"core",TRUE
"标记",0.730968858131488,1,"Liu2025",2.8889,NA,"core",TRUE
"负债",0.730968858131488,1,"Liu2025",2.8889,NA,"core",TRUE
"处分",0.730504599813469,2,"Liu2025;Yao2017",4.97855,"split equal","core",TRUE
"友谊",0.72988167966314,2,"Liu2025;Yao2017",5.2948,"friendship","core",TRUE
"刮",0.72739916550765,1,"Liu2007",5.92,NA,"core",TRUE
"吮",0.72739916550765,1,"Liu2007",5.92,NA,"core",TRUE
"喘",0.72739916550765,1,"Liu2007",5.92,NA,"core",TRUE
"搂",0.72739916550765,1,"Liu2007",5.92,NA,"core",TRUE
"烧",0.72739916550765,1,"Liu2007",5.92,NA,"core",TRUE
"窖",0.72739916550765,1,"Liu2007",5.92,NA,"core",TRUE
"绿",0.72739916550765,1,"Liu2007",5.92,NA,"core",TRUE
"苇",0.72739916550765,1,"Liu2007",5.92,NA,"core",TRUE
"踹",0.72739916550765,1,"Liu2007",5.92,NA,"core",TRUE
"剪彩",0.727272727272727,1,"Yao2017",6.11,"cut the ribbon at an opening ceremony","core",TRUE
"硬币",0.727272727272727,1,"Yao2017",6.11,"coin","core",TRUE
"顾客",0.727272727272727,1,"Yao2017",6.11,"customer","core",TRUE
"契约",0.724048442906574,1,"Liu2025",2.8929,NA,"core",TRUE
"童话",0.724048442906574,1,"Liu2025",2.8929,NA,"core",TRUE
"難度",0.723300970873786,1,"Yee2017",3.61,"difficulty","core",TRUE
"需求",0.723300970873786,1,"Yee2017",3.61,"demand","core",TRUE
"券",0.723226703755216,1,"Liu2007",5.9,NA,"core",TRUE
"扛",0.723226703755216,1,"Liu2007",5.9,NA,"core",TRUE
"抛",0.723226703755216,1,"Liu2007",5.9,NA,"core",TRUE
"机场",0.721690590111643,1,"Yao2017",6.1,"airport","core",TRUE
"吼",0.720792767732962,1,"Liu2007",5.89,NA,"core",TRUE
"问",0.720792767732962,1,"Liu2007",5.89,NA,"core",TRUE
"题",0.720792767732962,1,"Liu2007",5.89,NA,"core",TRUE
"食",0.720792767732962,1,"Liu2007",5.89,NA,"core",TRUE
"回应",0.719723183391003,1,"Liu2025",2.9259,NA,"core",TRUE
"选拔",0.719723183391003,1,"Liu2025",2.9259,NA,"core",TRUE
"效率",0.719333085582447,2,"Yao2017;Yee2017",5.02,"efficiency","core",TRUE
"兜",0.718011126564673,1,"Liu2007",5.88,NA,"core",TRUE
"睁",0.718011126564673,1,"Liu2007",5.88,NA,"core",TRUE
"读",0.718011126564673,1,"Liu2007",5.88,NA,"core",TRUE
"货",0.718011126564673,1,"Liu2007",5.88,NA,"core",TRUE
"科研",0.717875117961623,2,"Liu2025;Yao2017",4.555,"research","core",TRUE
"全球",0.716905901116427,1,"Yao2017",6.09,"worldwide","core",TRUE
"口红",0.716905901116427,1,"Yao2017",6.09,"lipstick","core",TRUE
"寺院",0.716905901116427,1,"Yao2017",6.09,"temple","core",TRUE
"问题",0.716905901116427,1,"Yao2017",6.09,"problem","core",TRUE
"浆",0.715229485396384,1,"Liu2007",5.87,NA,"core",TRUE
"焊",0.715229485396384,1,"Liu2007",5.87,NA,"core",TRUE
"疮",0.715229485396384,1,"Liu2007",5.87,NA,"core",TRUE
"舷",0.715229485396384,1,"Liu2007",5.87,NA,"core",TRUE
"交流",0.714532871972318,1,"Liu2025",2.963,NA,"core",TRUE
"神态",0.714532871972318,1,"Liu2025",2.963,NA,"core",TRUE
"女神",0.712918660287081,1,"Yao2017",6.08,"goddess","core",TRUE
"剁",0.712447844228095,1,"Liu2007",5.86,NA,"core",TRUE
"扯",0.712447844228095,1,"Liu2007",5.86,NA,"core",TRUE
"拧",0.712447844228095,1,"Liu2007",5.86,NA,"core",TRUE
"掘",0.712447844228095,1,"Liu2007",5.86,NA,"core",TRUE
"恋人",0.710526315789474,1,"Yao2017",6.07,"lovers","core",TRUE
"矿产",0.710526315789474,1,"Yao2017",6.07,"miniing","core",TRUE
"拍",0.708970792767733,1,"Liu2007",5.85,NA,"core",TRUE
"揉",0.708970792767733,1,"Liu2007",5.85,NA,"core",TRUE
"瞧",0.708970792767733,1,"Liu2007",5.85,NA,"core",TRUE
"绢",0.708970792767733,1,"Liu2007",5.85,NA,"core",TRUE
"绸",0.708970792767733,1,"Liu2007",5.85,NA,"core",TRUE
"舔",0.708970792767733,1,"Liu2007",5.85,NA,"core",TRUE
"股份",0.70873786407767,1,"Yee2017",3.58,"share","core",TRUE
"兴奋",0.70856580740937,2,"Liu2025;Yao2017",5.55945,"excited","core",TRUE
"单独",0.708477508650519,1,"Liu2025",3,NA,"core",TRUE
"摇摆",0.708477508650519,1,"Liu2025",3,NA,"core",TRUE
"出轨",0.706539074960128,1,"Yao2017",6.04,"love affair","core",TRUE
"首饰",0.706539074960128,1,"Yao2017",6.04,"jewelry","core",TRUE
"架",0.705841446453408,1,"Liu2007",5.84,NA,"core",TRUE
"涮",0.705841446453408,1,"Liu2007",5.84,NA,"core",TRUE
"骑",0.705841446453408,1,"Liu2007",5.84,NA,"core",TRUE
"咽",0.702364394993046,1,"Liu2007",5.83,NA,"core",TRUE
"售",0.702364394993046,1,"Liu2007",5.83,NA,"core",TRUE
"竖",0.702364394993046,1,"Liu2007",5.83,NA,"core",TRUE
"缰",0.702364394993046,1,"Liu2007",5.83,NA,"core",TRUE
"菇",0.702364394993046,1,"Liu2007",5.83,NA,"core",TRUE
"钓",0.702364394993046,1,"Liu2007",5.83,NA,"core",TRUE
"钠",0.702364394993046,1,"Liu2007",5.83,NA,"core",TRUE
"侍候",0.699826989619377,1,"Liu2025",3.0357,NA,"core",TRUE
"减肥",0.699826989619377,1,"Liu2025",3.0357,NA,"core",TRUE
"开支",0.699826989619377,1,"Liu2025",3.0357,NA,"core",TRUE
"联欢",0.699826989619377,1,"Liu2025",3.0357,NA,"core",TRUE
"议论",0.699826989619377,1,"Liu2025",3.0357,NA,"core",TRUE
"強度",0.699029126213592,1,"Yee2017",3.56,"strength","core",TRUE
"削",0.698539638386648,1,"Liu2007",5.82,NA,"core",TRUE
"友",0.698539638386648,1,"Liu2007",5.82,NA,"core",TRUE
"婆",0.698539638386648,1,"Liu2007",5.82,NA,"core",TRUE
"瘸",0.698539638386648,1,"Liu2007",5.82,NA,"core",TRUE
"宴会",0.697767145135566,1,"Yao2017",6,"banquet","core",TRUE
"民警",0.697767145135566,1,"Yao2017",6,"policeman","core",TRUE
"生长",0.697767145135566,1,"Yao2017",6,"grow","core",TRUE
"黄金",0.697767145135566,1,"Yao2017",6,"gold","core",TRUE
"槽",0.696453407510431,1,"Liu2007",5.81,NA,"core",TRUE
"礁",0.696453407510431,1,"Liu2007",5.81,NA,"core",TRUE
"军",0.693671766342142,1,"Liu2007",5.8,NA,"core",TRUE
"嚷",0.693671766342142,1,"Liu2007",5.8,NA,"core",TRUE
"掀",0.693671766342142,1,"Liu2007",5.8,NA,"core",TRUE
"栓",0.693671766342142,1,"Liu2007",5.8,NA,"core",TRUE
"病",0.693671766342142,1,"Liu2007",5.8,NA,"core",TRUE
"绘",0.693671766342142,1,"Liu2007",5.8,NA,"core",TRUE
"瀑布",0.693630210316606,2,"Liu2025;Yao2017",3.39355,"waterfall","core",TRUE
"速度",0.691387559808612,1,"Yao2017",5.98,"speed","core",TRUE
"问号",0.691387559808612,1,"Yao2017",5.98,"period","core",TRUE
"举报",0.690311418685121,1,"Liu2025",3.037,NA,"core",TRUE
"储存",0.690311418685121,1,"Liu2025",3.037,NA,"core",TRUE
"洁白",0.690311418685121,1,"Liu2025",3.037,NA,"core",TRUE
"现代",0.690311418685121,1,"Liu2025",3.037,NA,"core",TRUE
"节奏",0.690311418685121,1,"Liu2025",3.037,NA,"core",TRUE
"偷",0.689151599443672,1,"Liu2007",5.79,NA,"core",TRUE
"捏",0.689151599443672,1,"Liu2007",5.79,NA,"core",TRUE
"晾",0.689151599443672,1,"Liu2007",5.79,NA,"core",TRUE
"栏",0.689151599443672,1,"Liu2007",5.79,NA,"core",TRUE
"磨",0.689151599443672,1,"Liu2007",5.79,NA,"core",TRUE
"胎",0.689151599443672,1,"Liu2007",5.79,NA,"core",TRUE
"邻",0.689151599443672,1,"Liu2007",5.79,NA,"core",TRUE
"掩盖",0.687400318979266,1,"Yao2017",5.97,"cover up","core",TRUE
"叛徒",0.685097643978726,3,"Liu2025;Yao2017;Yee2017",3.99223333333333,"traitor","core",TRUE
"叼",0.684631432545202,1,"Liu2007",5.78,NA,"core",TRUE
"拦",0.684631432545202,1,"Liu2007",5.78,NA,"core",TRUE
"摘",0.684631432545202,1,"Liu2007",5.78,NA,"core",TRUE
"沫",0.684631432545202,1,"Liu2007",5.78,NA,"core",TRUE
"移",0.684631432545202,1,"Liu2007",5.78,NA,"core",TRUE
"糠",0.684631432545202,1,"Liu2007",5.78,NA,"core",TRUE
"故障",0.684256055363322,1,"Liu2025",3.0714,NA,"core",TRUE
"命运",0.68421052631579,1,"Yao2017",5.96,"destimy","core",TRUE
"爽快",0.682661159031583,2,"Liu2025;Yao2017",5.9335,"readily","core",TRUE
"捉",0.68115438108484,1,"Liu2007",5.77,NA,"core",TRUE
"榕",0.68115438108484,1,"Liu2007",5.77,NA,"core",TRUE
"磷",0.68115438108484,1,"Liu2007",5.77,NA,"core",TRUE
"陶",0.68115438108484,1,"Liu2007",5.77,NA,"core",TRUE
"国法",0.681020733652313,1,"Yao2017",5.95,"french made","core",TRUE
"清单",0.681020733652313,1,"Yao2017",5.95,"list","core",TRUE
"盼望",0.681020733652313,1,"Yao2017",5.95,"expectation","core",TRUE
"搜寻",0.680795847750865,1,"Liu2025",3.0741,NA,"core",TRUE
"责罚",0.680795847750865,1,"Liu2025",3.0741,NA,"core",TRUE
"期限",0.679611650485437,1,"Yee2017",3.5,"deadline","core",TRUE
"壑",0.677677329624478,1,"Liu2007",5.76,NA,"core",TRUE
"抬",0.677677329624478,1,"Liu2007",5.76,NA,"core",TRUE
"搀",0.677677329624478,1,"Liu2007",5.76,NA,"core",TRUE
"煎",0.677677329624478,1,"Liu2007",5.76,NA,"core",TRUE
"箸",0.677677329624478,1,"Liu2007",5.76,NA,"core",TRUE
"红",0.677677329624478,1,"Liu2007",5.76,NA,"core",TRUE
"教练",0.677033492822967,1,"Yao2017",5.94,"coach","core",TRUE
"童年",0.677033492822967,1,"Yao2017",5.94,"childhood","core",TRUE
"货币",0.676720997996722,2,"Liu2025;Yao2017",3.5224,"currency","core",TRUE
"匕首",0.674641148325359,1,"Yao2017",5.93,"dagger","core",TRUE
"拜访",0.673875432525952,1,"Liu2025",3.1111,NA,"core",TRUE
"检查",0.673875432525952,1,"Liu2025",3.1111,NA,"core",TRUE
"约见",0.673875432525952,1,"Liu2025",3.1111,NA,"core",TRUE
"联络",0.673875432525952,1,"Liu2025",3.1111,NA,"core",TRUE
"进程",0.673875432525952,1,"Liu2025",3.1111,NA,"core",TRUE
"屑",0.673504867872045,1,"Liu2007",5.75,NA,"core",TRUE
"搜",0.673504867872045,1,"Liu2007",5.75,NA,"core",TRUE
"渔",0.673504867872045,1,"Liu2007",5.75,NA,"core",TRUE
"瓮",0.673504867872045,1,"Liu2007",5.75,NA,"core",TRUE
"碑",0.673504867872045,1,"Liu2007",5.75,NA,"core",TRUE
"趴",0.673504867872045,1,"Liu2007",5.75,NA,"core",TRUE
"世界",0.672248803827751,1,"Yao2017",5.91,"world","core",TRUE
"言行",0.669902912621359,1,"Yee2017",3.44,"words and deeds","core",TRUE
"习惯",0.669856459330144,1,"Yao2017",5.9,"habit","core",TRUE
"删",0.668984700973574,1,"Liu2007",5.74,NA,"core",TRUE
"劈",0.668984700973574,1,"Liu2007",5.74,NA,"core",TRUE
"县",0.668984700973574,1,"Liu2007",5.74,NA,"core",TRUE
"妃",0.668984700973574,1,"Liu2007",5.74,NA,"core",TRUE
"渴",0.668984700973574,1,"Liu2007",5.74,NA,"core",TRUE
"烹",0.668984700973574,1,"Liu2007",5.74,NA,"core",TRUE
"硫",0.668984700973574,1,"Liu2007",5.74,NA,"core",TRUE
"决斗",0.668261562998405,1,"Yao2017",5.89,"duel","core",TRUE
"化装",0.667820069204152,1,"Liu2025",3.1429,NA,"core",TRUE
"喜糖",0.665071770334928,1,"Yao2017",5.88,"candies for wedding","core",TRUE
"庄园",0.665071770334928,1,"Yao2017",5.88,"manor","core",TRUE
"视角",0.665071770334928,1,"Yao2017",5.88,"perspective","core",TRUE
"疼痛",0.663494809688581,1,"Liu2025",3.1481,NA,"core",TRUE
"障碍",0.663494809688581,1,"Liu2025",3.1481,NA,"core",TRUE
"人",0.663421418636996,1,"Liu2007",5.73,NA,"core",TRUE
"兽",0.663421418636996,1,"Liu2007",5.73,NA,"core",TRUE
"捻",0.663421418636996,1,"Liu2007",5.73,NA,"core",TRUE
"校",0.663421418636996,1,"Liu2007",5.73,NA,"core",TRUE
"瘤",0.663421418636996,1,"Liu2007",5.73,NA,"core",TRUE
"禽",0.663421418636996,1,"Liu2007",5.73,NA,"core",TRUE
"篓",0.663421418636996,1,"Liu2007",5.73,NA,"core",TRUE
"蔗",0.663421418636996,1,"Liu2007",5.73,NA,"core",TRUE
"词",0.663421418636996,1,"Liu2007",5.73,NA,"core",TRUE
"姿色",0.661881977671451,1,"Yao2017",5.87,"female charm","core",TRUE
"灭亡",0.661492911265266,2,"Liu2025;Yao2017",4.3215,"die out","core",TRUE
"导弹",0.65983386036655,2,"Liu2025;Yao2017",3.11715,"missile","core",TRUE
"仇敌",0.658692185007974,1,"Yao2017",5.86,"enemy","core",TRUE
"夫人",0.658692185007974,1,"Yao2017",5.86,"wife","core",TRUE
"温泉",0.658692185007974,1,"Yao2017",5.86,"hot spring","core",TRUE
"撕",0.658205841446453,1,"Liu2007",5.72,NA,"core",TRUE
"暮",0.658205841446453,1,"Liu2007",5.72,NA,"core",TRUE
"碰",0.658205841446453,1,"Liu2007",5.72,NA,"core",TRUE
"笆",0.658205841446453,1,"Liu2007",5.72,NA,"core",TRUE
"紫",0.658205841446453,1,"Liu2007",5.72,NA,"core",TRUE
"鳝",0.658205841446453,1,"Liu2007",5.72,NA,"core",TRUE
"系统",0.657439446366782,1,"Liu2025",3.1786,NA,"core",TRUE
"观测",0.657439446366782,1,"Liu2025",3.1786,NA,"core",TRUE
"迎接",0.657439446366782,1,"Liu2025",3.1786,NA,"core",TRUE
"钢琴",0.656191536563964,2,"Liu2025;Yao2017",2.98815,"piano","core",TRUE
"乳",0.655424200278164,1,"Liu2007",5.71,NA,"core",TRUE
"吟",0.655424200278164,1,"Liu2007",5.71,NA,"core",TRUE
"容貌",0.653907496012759,1,"Yao2017",5.83,"appearance","core",TRUE
"轮椅",0.653907496012759,1,"Yao2017",5.83,"wheel chair","core",TRUE
"告辞",0.653114186851211,1,"Liu2025",3.1852,NA,"core",TRUE
"处罚",0.653114186851211,1,"Liu2025",3.1852,NA,"core",TRUE
"弦",0.652294853963839,1,"Liu2007",5.7,NA,"core",TRUE
"捧",0.652294853963839,1,"Liu2007",5.7,NA,"core",TRUE
"梢",0.652294853963839,1,"Liu2007",5.7,NA,"core",TRUE
"毡",0.652294853963839,1,"Liu2007",5.7,NA,"core",TRUE
"脱",0.652294853963839,1,"Liu2007",5.7,NA,"core",TRUE
"舞",0.652294853963839,1,"Liu2007",5.7,NA,"core",TRUE
"角",0.652294853963839,1,"Liu2007",5.7,NA,"core",TRUE
"伤痕",0.651323377648273,2,"Liu2025;Yao2017",3.78285,"scar","core",TRUE
"预报",0.650519031141868,1,"Liu2025",3.2143,NA,"core",TRUE
"视觉",0.649929223026109,2,"Liu2025;Yao2017",4.45905,"sense of sight","core",TRUE
"时间",0.649122807017544,1,"Yao2017",5.82,"time","core",TRUE
"粉笔",0.649122807017544,1,"Yao2017",5.82,"chalk","core",TRUE
"阶梯",0.649122807017544,1,"Yao2017",5.82,"ladder","core",TRUE
"打扮",0.64878892733564,1,"Liu2025",3.2222,NA,"core",TRUE
"掏",0.648122392211405,1,"Liu2007",5.69,NA,"core",TRUE
"掷",0.648122392211405,1,"Liu2007",5.69,NA,"core",TRUE
"眨",0.648122392211405,1,"Liu2007",5.69,NA,"core",TRUE
"胖",0.648122392211405,1,"Liu2007",5.69,NA,"core",TRUE
"裸",0.648122392211405,1,"Liu2007",5.69,NA,"core",TRUE
"罪名",0.646983631617578,2,"Liu2025;Yao2017",4.21445,"accusation","core",TRUE
"经典",0.645933014354067,1,"Yao2017",5.81,"classic","core",TRUE
"气象",0.644463667820069,1,"Liu2025",3.25,NA,"core",TRUE
"财富",0.644463667820069,1,"Liu2025",3.25,NA,"core",TRUE
"喜报",0.644338118022329,1,"Yao2017",5.8,"good news","core",TRUE
"精彩",0.643598615916955,2,"Liu2025;Yao2017",6.5211,"spectacular","core",TRUE
"匪",0.642906815020862,1,"Liu2007",5.68,NA,"core",TRUE
"咸",0.642906815020862,1,"Liu2007",5.68,NA,"core",TRUE
"宴",0.642906815020862,1,"Liu2007",5.68,NA,"core",TRUE
"扶",0.642906815020862,1,"Liu2007",5.68,NA,"core",TRUE
"披",0.642906815020862,1,"Liu2007",5.68,NA,"core",TRUE
"摇",0.642906815020862,1,"Liu2007",5.68,NA,"core",TRUE
"淋",0.642906815020862,1,"Liu2007",5.68,NA,"core",TRUE
"盯",0.642906815020862,1,"Liu2007",5.68,NA,"core",TRUE
"簿",0.642906815020862,1,"Liu2007",5.68,NA,"core",TRUE
"餐",0.642906815020862,1,"Liu2007",5.68,NA,"core",TRUE
"彩票",0.64274322169059,1,"Yao2017",5.79,"lottery","core",TRUE
"疯子",0.640350877192982,1,"Yao2017",5.78,"crazy person","core",TRUE
"扭",0.638734353268428,1,"Liu2007",5.67,NA,"core",TRUE
"挠",0.638734353268428,1,"Liu2007",5.67,NA,"core",TRUE
"质量",0.636678200692042,1,"Liu2025",3.2593,NA,"core",TRUE
"阴影",0.636678200692042,1,"Liu2025",3.2593,NA,"core",TRUE
"高度",0.636678200692042,1,"Liu2025",3.2593,NA,"core",TRUE
"规范",0.636363636363636,1,"Yao2017",5.77,"regulation","core",TRUE
"生命",0.635973880123398,2,"Liu2025;Yao2017",4.41405,"life","core",TRUE
"丸",0.635952712100139,1,"Liu2007",5.65,NA,"core",TRUE
"刨",0.635952712100139,1,"Liu2007",5.65,NA,"core",TRUE
"扒",0.635952712100139,1,"Liu2007",5.65,NA,"core",TRUE
"插",0.635952712100139,1,"Liu2007",5.65,NA,"core",TRUE
"窟",0.635952712100139,1,"Liu2007",5.65,NA,"core",TRUE
"踏",0.635952712100139,1,"Liu2007",5.65,NA,"core",TRUE
"善事",0.635922330097087,1,"Yee2017",3.35,"good deed","core",TRUE
"路程",0.635922330097087,1,"Yee2017",3.35,"journey","core",TRUE
"枕",0.63317107093185,1,"Liu2007",5.64,NA,"core",TRUE
"谈",0.63317107093185,1,"Liu2007",5.64,NA,"core",TRUE
"失眠",0.63237639553429,1,"Yao2017",5.76,"insomnia","core",TRUE
"路灯",0.63237639553429,1,"Yao2017",5.76,"road light","core",TRUE
"划",0.630737134909597,1,"Liu2007",5.63,NA,"core",TRUE
"嗅",0.630737134909597,1,"Liu2007",5.63,NA,"core",TRUE
"擒",0.630737134909597,1,"Liu2007",5.63,NA,"core",TRUE
"籽",0.630737134909597,1,"Liu2007",5.63,NA,"core",TRUE
"课",0.630737134909597,1,"Liu2007",5.63,NA,"core",TRUE
"行径",0.630622837370242,1,"Liu2025",3.2857,NA,"core",TRUE
"贴",0.62865090403338,1,"Liu2007",5.62,NA,"core",TRUE
"花束",0.627591706539075,1,"Yao2017",5.74,"bouquet","core",TRUE
"叮",0.627260083449235,1,"Liu2007",5.61,NA,"core",TRUE
"心",0.627260083449235,1,"Liu2007",5.61,NA,"core",TRUE
"炸",0.627260083449235,1,"Liu2007",5.61,NA,"core",TRUE
"反攻",0.625432525951557,1,"Liu2025",3.2963,NA,"core",TRUE
"狂笑",0.625432525951557,1,"Liu2025",3.2963,NA,"core",TRUE
"进攻",0.625432525951557,1,"Liu2025",3.2963,NA,"core",TRUE
"堰",0.624826147426982,1,"Liu2007",5.6,NA,"core",TRUE
"盖",0.624826147426982,1,"Liu2007",5.6,NA,"core",TRUE
"箔",0.624826147426982,1,"Liu2007",5.6,NA,"core",TRUE
"身",0.624826147426982,1,"Liu2007",5.6,NA,"core",TRUE
"欢乐",0.623905233357064,2,"Liu2025;Yao2017",6.05815,"happy","core",TRUE
"炸弹",0.622851856757338,2,"Liu2025;Yao2017",3.645,"bomb","core",TRUE
"事业",0.62280701754386,1,"Yao2017",5.73,"carrer","core",TRUE
"插画",0.62280701754386,1,"Yao2017",5.73,"illustration","core",TRUE
"毒瘤",0.62280701754386,1,"Yao2017",5.73,"poisonous tumor","core",TRUE
"牢狱",0.62280701754386,1,"Yao2017",5.73,"prison","core",TRUE
"风俗",0.622126151333035,2,"Liu2025;Yao2017",4.50815,"ritual","core",TRUE
"仰",0.622044506258693,1,"Liu2007",5.59,NA,"core",TRUE
"捆",0.622044506258693,1,"Liu2007",5.59,NA,"core",TRUE
"溅",0.622044506258693,1,"Liu2007",5.59,NA,"core",TRUE
"脾",0.622044506258693,1,"Liu2007",5.59,NA,"core",TRUE
"错误",0.621107266435986,1,"Liu2025",3.3214,NA,"core",TRUE
"悬崖",0.620318786112813,2,"Liu2025;Yao2017",3.20685,"cliff","core",TRUE
"用途",0.619889474921893,2,"Liu2025;Yee2017",3.4322,"use","core",TRUE
"射",0.618219749652295,1,"Liu2007",5.58,NA,"core",TRUE
"尖",0.618219749652295,1,"Liu2007",5.58,NA,"core",TRUE
"搓",0.618219749652295,1,"Liu2007",5.58,NA,"core",TRUE
"樯",0.618219749652295,1,"Liu2007",5.58,NA,"core",TRUE
"漏",0.618219749652295,1,"Liu2007",5.58,NA,"core",TRUE
"秆",0.618219749652295,1,"Liu2007",5.58,NA,"core",TRUE
"膀",0.618219749652295,1,"Liu2007",5.58,NA,"core",TRUE
"取笑",0.61764705882353,1,"Liu2025",3.3333,NA,"core",TRUE
"地狱",0.61764705882353,1,"Liu2025",3.3333,NA,"core",TRUE
"审查",0.61764705882353,1,"Liu2025",3.3333,NA,"core",TRUE
"墓穴",0.617224880382775,1,"Yao2017",5.71,"tomb cave","core",TRUE
"概率",0.616504854368932,1,"Yee2017",3.32,"probability","core",TRUE
"文学",0.615103640668201,2,"Liu2025;Yao2017",4.7328,"literature","core",TRUE
"拎",0.614047287899861,1,"Liu2007",5.57,NA,"core",TRUE
"浇",0.614047287899861,1,"Liu2007",5.57,NA,"core",TRUE
"溢",0.614047287899861,1,"Liu2007",5.57,NA,"core",TRUE
"菌",0.614047287899861,1,"Liu2007",5.57,NA,"core",TRUE
"谱",0.614047287899861,1,"Liu2007",5.57,NA,"core",TRUE
"差异",0.614035087719298,1,"Yao2017",5.69,"difference","core",TRUE
"湖泊",0.614035087719298,1,"Yao2017",5.69,"lake","core",TRUE
"禅师",0.614035087719298,1,"Yao2017",5.69,"zen master","core",TRUE
"浪费",0.613321799307958,1,"Liu2025",3.3571,NA,"core",TRUE
"总统",0.610060263902916,2,"Liu2025;Yao2017",3.1248,"president","core",TRUE
"叩",0.609874826147427,1,"Liu2007",5.56,NA,"core",TRUE
"啼",0.609874826147427,1,"Liu2007",5.56,NA,"core",TRUE
"家",0.609874826147427,1,"Liu2007",5.56,NA,"core",TRUE
"挎",0.609874826147427,1,"Liu2007",5.56,NA,"core",TRUE
"签",0.609874826147427,1,"Liu2007",5.56,NA,"core",TRUE
"肿",0.609874826147427,1,"Liu2007",5.56,NA,"core",TRUE
"路",0.609874826147427,1,"Liu2007",5.56,NA,"core",TRUE
"将军",0.608452950558214,1,"Yao2017",5.68,"general","core",TRUE
"惊喜",0.608452950558214,1,"Yao2017",5.68,"nice surprise","core",TRUE
"打架",0.607903842651612,2,"Liu2025;Yao2017",3.29355,"fight","core",TRUE
"技术",0.607671368575575,2,"Liu2025;Yao2017",4.28555,"technique","core",TRUE
"嘲笑",0.607266435986159,1,"Liu2025",3.3704,NA,"core",TRUE
"完结",0.607266435986159,1,"Liu2025",3.3704,NA,"core",TRUE
"烦恼",0.607266435986159,1,"Liu2025",3.3704,NA,"core",TRUE
"确认",0.607266435986159,1,"Liu2025",3.3704,NA,"core",TRUE
"筹划",0.607266435986159,1,"Liu2025",3.3704,NA,"core",TRUE
"挑",0.606745479833102,1,"Liu2007",5.55,NA,"core",TRUE
"雕",0.606745479833102,1,"Liu2007",5.55,NA,"core",TRUE
"总理",0.606087509588693,2,"Liu2025;Yao2017",2.82285,"premier","core",TRUE
"伤口",0.605957130952578,2,"Liu2025;Yao2017",3.42785,"scar","core",TRUE
"屠杀",0.604465709728868,1,"Yao2017",5.67,"massacre","core",TRUE
"佣",0.603616133518776,1,"Liu2007",5.54,NA,"core",TRUE
"啄",0.603616133518776,1,"Liu2007",5.54,NA,"core",TRUE
"孕",0.603616133518776,1,"Liu2007",5.54,NA,"core",TRUE
"摆",0.603616133518776,1,"Liu2007",5.54,NA,"core",TRUE
"晕",0.603616133518776,1,"Liu2007",5.54,NA,"core",TRUE
"砸",0.603616133518776,1,"Liu2007",5.54,NA,"core",TRUE
"跺",0.603616133518776,1,"Liu2007",5.54,NA,"core",TRUE
"搜索",0.602076124567474,1,"Liu2025",3.3929,NA,"core",TRUE
"热心",0.600915823689453,2,"Liu2025;Yao2017",5.3307,"warm hearted","core",TRUE
"绳子",0.600478468899522,1,"Yao2017",5.66,"rope","core",TRUE
"领舞",0.600478468899522,1,"Yao2017",5.66,"leading dancer","core",TRUE
"风筝",0.600478468899522,1,"Yao2017",5.66,"kite","core",TRUE
"凿",0.598400556328234,1,"Liu2007",5.53,NA,"core",TRUE
"女",0.598400556328234,1,"Liu2007",5.53,NA,"core",TRUE
"念",0.598400556328234,1,"Liu2007",5.53,NA,"core",TRUE
"抽",0.598400556328234,1,"Liu2007",5.53,NA,"core",TRUE
"熄",0.598400556328234,1,"Liu2007",5.53,NA,"core",TRUE
"痒",0.598400556328234,1,"Liu2007",5.53,NA,"core",TRUE
"眯",0.598400556328234,1,"Liu2007",5.53,NA,"core",TRUE
"臭",0.598400556328234,1,"Liu2007",5.53,NA,"core",TRUE
"往事",0.597087378640777,1,"Yee2017",3.3,"past","core",TRUE
"传输",0.596020761245675,1,"Liu2025",3.4074,NA,"core",TRUE
"帮忙",0.596020761245675,1,"Liu2025",3.4074,NA,"core",TRUE
"挑战",0.596020761245675,1,"Liu2025",3.4074,NA,"core",TRUE
"深渊",0.596020761245675,1,"Liu2025",3.4074,NA,"core",TRUE
"贫困",0.596020761245675,1,"Liu2025",3.4074,NA,"core",TRUE
"遗留",0.596020761245675,1,"Liu2025",3.4074,NA,"core",TRUE
"乡亲",0.595063271579389,2,"Liu2025;Yao2017",3.36,"village people","core",TRUE
"战俘",0.594098883572568,1,"Yao2017",5.64,"war victim","core",TRUE
"生态",0.594098883572568,1,"Yao2017",5.64,"eco system","core",TRUE
"贫民",0.594098883572568,1,"Yao2017",5.64,"poor people","core",TRUE
"遗体",0.594098883572568,1,"Yao2017",5.64,"remains","core",TRUE
"平息",0.593976782945095,2,"Liu2025;Yao2017",4.97595,"calm down","core",TRUE
"挪",0.591794158553547,1,"Liu2007",5.51,NA,"core",TRUE
"掐",0.591794158553547,1,"Liu2007",5.51,NA,"core",TRUE
"掰",0.591794158553547,1,"Liu2007",5.51,NA,"core",TRUE
"撬",0.591794158553547,1,"Liu2007",5.51,NA,"core",TRUE
"泣",0.591794158553547,1,"Liu2007",5.51,NA,"core",TRUE
"燃",0.591794158553547,1,"Liu2007",5.51,NA,"core",TRUE
"癌",0.591794158553547,1,"Liu2007",5.51,NA,"core",TRUE
"瞟",0.591794158553547,1,"Liu2007",5.51,NA,"core",TRUE
"蘸",0.591794158553547,1,"Liu2007",5.51,NA,"core",TRUE
"裂",0.591794158553547,1,"Liu2007",5.51,NA,"core",TRUE
"蹬",0.591794158553547,1,"Liu2007",5.51,NA,"core",TRUE
"粮食",0.591543738238329,2,"Liu2025;Yao2017",2.94425,"grains","core",TRUE
"疑虑",0.589649453927363,2,"Liu2025;Yao2017",5.4576,"doubt","core",TRUE
"分手",0.589314194577352,1,"Yao2017",5.63,"breaking up","core",TRUE
"顺序",0.589314194577352,1,"Yao2017",5.63,"order","core",TRUE
"劝告",0.588235294117647,1,"Liu2025",3.4286,NA,"core",TRUE
"驯养",0.588235294117647,1,"Liu2025",3.4286,NA,"core",TRUE
"事物",0.586921850079745,1,"Yao2017",5.61,"matters","core",TRUE
"栽",0.585535465924896,1,"Liu2007",5.5,NA,"core",TRUE
"泻",0.585535465924896,1,"Liu2007",5.5,NA,"core",TRUE
"淌",0.585535465924896,1,"Liu2007",5.5,NA,"core",TRUE
"澡",0.585535465924896,1,"Liu2007",5.5,NA,"core",TRUE
"膜",0.585535465924896,1,"Liu2007",5.5,NA,"core",TRUE
"蜜",0.585535465924896,1,"Liu2007",5.5,NA,"core",TRUE
"驮",0.585535465924896,1,"Liu2007",5.5,NA,"core",TRUE
"酷吏",0.585326953748006,1,"Yao2017",5.59,"cruel ruler","core",TRUE
"忠告",0.58252427184466,1,"Yee2017",3.24,"advice","core",TRUE
"瓷器",0.58213716108453,1,"Yao2017",5.58,"porcelain","core",TRUE
"红娘",0.58213716108453,1,"Yao2017",5.58,"matchmaker","core",TRUE
"饥民",0.58213716108453,1,"Yao2017",5.58,"hungry people","core",TRUE
"咒骂",0.579584775086505,1,"Liu2025",3.4444,NA,"core",TRUE
"本领",0.579584775086505,1,"Liu2025",3.4444,NA,"core",TRUE
"模样",0.579584775086505,1,"Liu2025",3.4444,NA,"core",TRUE
"谣言",0.579584775086505,1,"Liu2025",3.4444,NA,"core",TRUE
"赞扬",0.579584775086505,1,"Liu2025",3.4444,NA,"core",TRUE
"呛",0.578929068150209,1,"Liu2007",5.49,NA,"core",TRUE
"喷",0.578929068150209,1,"Liu2007",5.49,NA,"core",TRUE
"寻",0.578929068150209,1,"Liu2007",5.49,NA,"core",TRUE
"拈",0.578929068150209,1,"Liu2007",5.49,NA,"core",TRUE
"捅",0.578929068150209,1,"Liu2007",5.49,NA,"core",TRUE
"搬",0.578929068150209,1,"Liu2007",5.49,NA,"core",TRUE
"棱",0.578929068150209,1,"Liu2007",5.49,NA,"core",TRUE
"泳",0.578929068150209,1,"Liu2007",5.49,NA,"core",TRUE
"烫",0.578929068150209,1,"Liu2007",5.49,NA,"core",TRUE
"秃",0.578929068150209,1,"Liu2007",5.49,NA,"core",TRUE
"税",0.578929068150209,1,"Liu2007",5.49,NA,"core",TRUE
"苔",0.578929068150209,1,"Liu2007",5.49,NA,"core",TRUE
"世俗",0.576555023923445,1,"Yao2017",5.57,"worldly","core",TRUE
"信息",0.576555023923445,1,"Yao2017",5.57,"information","core",TRUE
"傻子",0.576555023923445,1,"Yao2017",5.57,"fool","core",TRUE
"民工",0.576555023923445,1,"Yao2017",5.57,"civilian worker","core",TRUE
"病房",0.574330309100843,2,"Liu2025;Yao2017",3.07215,"ward","core",TRUE
"寄",0.572670375521558,1,"Liu2007",5.48,NA,"core",TRUE
"戳",0.572670375521558,1,"Liu2007",5.48,NA,"core",TRUE
"揪",0.572670375521558,1,"Liu2007",5.48,NA,"core",TRUE
"牵",0.572670375521558,1,"Liu2007",5.48,NA,"core",TRUE
"癣",0.572670375521558,1,"Liu2007",5.48,NA,"core",TRUE
"缆",0.572670375521558,1,"Liu2007",5.48,NA,"core",TRUE
"血迹",0.572255978101908,2,"Liu2025;Yao2017",2.9563,"blood stain","core",TRUE
"英雄",0.571246750881608,2,"Liu2025;Yao2017",3.76335,"hero","core",TRUE
"七夕",0.57097288676236,1,"Yao2017",5.56,"double seventh day","core",TRUE
"巫婆",0.57097288676236,1,"Yao2017",5.56,"witch","core",TRUE
"场面",0.570934256055363,1,"Liu2025",3.4643,NA,"core",TRUE
"辩护",0.570934256055363,1,"Liu2025",3.4643,NA,"core",TRUE
"激情",0.569853975927551,2,"Liu2025;Yao2017",5.62165,"passion","core",TRUE
"危害",0.567961165048544,1,"Yee2017",3.15,"harm","core",TRUE
"熱量",0.567961165048544,1,"Yee2017",3.15,"calorie","core",TRUE
"亲热",0.567107746560487,2,"Liu2025;Yao2017",4.63355,"making out","core",TRUE
"责令",0.566608996539792,1,"Liu2025",3.4815,NA,"core",TRUE
"闻名",0.566608996539792,1,"Liu2025",3.4815,NA,"core",TRUE
"仆",0.565716272600834,1,"Liu2007",5.46,NA,"core",TRUE
"伸",0.565716272600834,1,"Liu2007",5.46,NA,"core",TRUE
"借",0.565716272600834,1,"Liu2007",5.46,NA,"core",TRUE
"崽",0.565716272600834,1,"Liu2007",5.46,NA,"core",TRUE
"市",0.565716272600834,1,"Liu2007",5.46,NA,"core",TRUE
"掂",0.565716272600834,1,"Liu2007",5.46,NA,"core",TRUE
"摁",0.565716272600834,1,"Liu2007",5.46,NA,"core",TRUE
"斩",0.565716272600834,1,"Liu2007",5.46,NA,"core",TRUE
"望",0.565716272600834,1,"Liu2007",5.46,NA,"core",TRUE
"氧",0.565716272600834,1,"Liu2007",5.46,NA,"core",TRUE
"液",0.565716272600834,1,"Liu2007",5.46,NA,"core",TRUE
"皱",0.565716272600834,1,"Liu2007",5.46,NA,"core",TRUE
"蓝",0.565716272600834,1,"Liu2007",5.46,NA,"core",TRUE
"闭",0.565716272600834,1,"Liu2007",5.46,NA,"core",TRUE
"野蛮",0.564205614697328,2,"Liu2025;Yao2017",5.3093,"barbarous","core",TRUE
"廉价",0.563148788927336,1,"Liu2025",3.5,NA,"core",TRUE
"损坏",0.563148788927336,1,"Liu2025",3.5,NA,"core",TRUE
"咖啡",0.562998405103668,1,"Yao2017",5.54,"coffee","core",TRUE
"首创",0.562998405103668,1,"Yao2017",5.54,"innovate","core",TRUE
"敌人",0.562564499484004,2,"Liu2025;Yao2017",3.05535,"ennemy","core",TRUE
"支配",0.560553633217993,1,"Liu2025",3.5185,NA,"core",TRUE
"呼",0.558414464534075,1,"Liu2007",5.45,NA,"core",TRUE
"囚",0.558414464534075,1,"Liu2007",5.45,NA,"core",TRUE
"搅",0.558414464534075,1,"Liu2007",5.45,NA,"core",TRUE
"窃",0.558414464534075,1,"Liu2007",5.45,NA,"core",TRUE
"苦",0.558414464534075,1,"Liu2007",5.45,NA,"core",TRUE
"裁",0.558414464534075,1,"Liu2007",5.45,NA,"core",TRUE
"财",0.558414464534075,1,"Liu2007",5.45,NA,"core",TRUE
"危险",0.557958477508651,1,"Liu2025",3.5556,NA,"core",TRUE
"贵族",0.557839136217392,2,"Liu2025;Yao2017",3.58575,"nobility","core",TRUE
"关押",0.556618819776715,1,"Yao2017",5.51,"lock up","core",TRUE
"情杀",0.556618819776715,1,"Yao2017",5.51,"kill in the name of love","core",TRUE
"金鱼",0.556618819776715,1,"Yao2017",5.51,"gold fish","core",TRUE
"深度",0.556102134070628,2,"Liu2025;Yao2017",5.41465,"depth","core",TRUE
"表彰",0.555363321799308,1,"Liu2025",3.5714,NA,"core",TRUE
"晒",0.55528511821975,1,"Liu2007",5.44,NA,"core",TRUE
"镀",0.55528511821975,1,"Liu2007",5.44,NA,"core",TRUE
"核桃",0.553429027113238,1,"Yao2017",5.5,"walnut","core",TRUE
"質量",0.553398058252427,1,"Yee2017",3.14,"mass","core",TRUE
"俯",0.550417246175243,1,"Liu2007",5.43,NA,"core",TRUE
"吠",0.550417246175243,1,"Liu2007",5.43,NA,"core",TRUE
"帐",0.550417246175243,1,"Liu2007",5.43,NA,"core",TRUE
"揍",0.550417246175243,1,"Liu2007",5.43,NA,"core",TRUE
"染",0.550417246175243,1,"Liu2007",5.43,NA,"core",TRUE
"棂",0.550417246175243,1,"Liu2007",5.43,NA,"core",TRUE
"榨",0.550417246175243,1,"Liu2007",5.43,NA,"core",TRUE
"纺",0.550417246175243,1,"Liu2007",5.43,NA,"core",TRUE
"轿",0.550417246175243,1,"Liu2007",5.43,NA,"core",TRUE
"递",0.550417246175243,1,"Liu2007",5.43,NA,"core",TRUE
"锯",0.550417246175243,1,"Liu2007",5.43,NA,"core",TRUE
"露",0.550417246175243,1,"Liu2007",5.43,NA,"core",TRUE
"云彩",0.550239234449761,1,"Yao2017",5.48,"clouds","core",TRUE
"乌鸦",0.547049441786284,1,"Yao2017",5.47,"black crow","core",TRUE
"奸诈",0.547049441786284,1,"Yao2017",5.47,"tricky","core",TRUE
"收押",0.547049441786284,1,"Yao2017",5.47,"confiscate","core",TRUE
"冲突",0.546712802768166,1,"Liu2025",3.5926,NA,"core",TRUE
"合体",0.546712802768166,1,"Liu2025",3.5926,NA,"core",TRUE
"复仇",0.546712802768166,1,"Liu2025",3.5926,NA,"core",TRUE
"热点",0.546712802768166,1,"Liu2025",3.5926,NA,"core",TRUE
"界限",0.546712802768166,1,"Liu2025",3.5926,NA,"core",TRUE
"疑问",0.546712802768166,1,"Liu2025",3.5926,NA,"core",TRUE
"策略",0.546712802768166,1,"Liu2025",3.5926,NA,"core",TRUE
"近期",0.546712802768166,1,"Liu2025",3.5926,NA,"core",TRUE
"魔鬼",0.546712802768166,1,"Liu2025",3.5926,NA,"core",TRUE
"盗",0.545549374130737,1,"Liu2007",5.42,NA,"core",TRUE
"葬",0.545549374130737,1,"Liu2007",5.42,NA,"core",TRUE
"奖牌",0.541467304625199,1,"Yao2017",5.46,"medal","core",TRUE
"郊游",0.541467304625199,1,"Yao2017",5.46,"travel in the suburbs","core",TRUE
"倚",0.541029207232267,1,"Liu2007",5.41,NA,"core",TRUE
"咂",0.541029207232267,1,"Liu2007",5.41,NA,"core",TRUE
"拴",0.541029207232267,1,"Liu2007",5.41,NA,"core",TRUE
"曲",0.541029207232267,1,"Liu2007",5.41,NA,"core",TRUE
"流",0.541029207232267,1,"Liu2007",5.41,NA,"core",TRUE
"蒸",0.541029207232267,1,"Liu2007",5.41,NA,"core",TRUE
"睛",0.541029207232267,1,"Liu2007",5.41,NA,"core",TRUE
"瞥",0.541029207232267,1,"Liu2007",5.41,NA,"core",TRUE
"磕",0.541029207232267,1,"Liu2007",5.41,NA,"core",TRUE
"郡",0.541029207232267,1,"Liu2007",5.41,NA,"core",TRUE
"颤",0.541029207232267,1,"Liu2007",5.41,NA,"core",TRUE
"新型",0.538834951456311,1,"Yee2017",3.12,"new type","core",TRUE
"民事",0.538834951456311,1,"Yee2017",3.12,"civil","core",TRUE
"视线",0.537480063795853,1,"Yao2017",5.44,"eye sight","core",TRUE
"撵",0.536161335187761,1,"Liu2007",5.4,NA,"core",TRUE
"核",0.536161335187761,1,"Liu2007",5.4,NA,"core",TRUE
"话",0.536161335187761,1,"Liu2007",5.4,NA,"core",TRUE
"亢奋",0.534832480698443,2,"Liu2025;Yao2017",5.8278,"excited","core",TRUE
"争夺",0.533737024221453,1,"Liu2025",3.6071,NA,"core",TRUE
"寻觅",0.533737024221453,1,"Liu2025",3.6071,NA,"core",TRUE
"突击",0.533737024221453,1,"Liu2025",3.6071,NA,"core",TRUE
"责怪",0.533737024221453,1,"Liu2025",3.6071,NA,"core",TRUE
"隐私",0.533737024221453,1,"Liu2025",3.6071,NA,"core",TRUE
"俘虏",0.533492822966507,1,"Yao2017",5.43,"captivate","core",TRUE
"去年",0.533492822966507,1,"Yao2017",5.43,"last year","core",TRUE
"礼物",0.533492822966507,1,"Yao2017",5.43,"gift","core",TRUE
"蟒蛇",0.533492822966507,1,"Yao2017",5.43,"python","core",TRUE
"南",0.530945757997218,1,"Liu2007",5.38,NA,"core",TRUE
"坠",0.530945757997218,1,"Liu2007",5.38,NA,"core",TRUE
"幡",0.530945757997218,1,"Liu2007",5.38,NA,"core",TRUE
"抖",0.530945757997218,1,"Liu2007",5.38,NA,"core",TRUE
"捂",0.530945757997218,1,"Liu2007",5.38,NA,"core",TRUE
"斑",0.530945757997218,1,"Liu2007",5.38,NA,"core",TRUE
"沉",0.530945757997218,1,"Liu2007",5.38,NA,"core",TRUE
"漱",0.530945757997218,1,"Liu2007",5.38,NA,"core",TRUE
"疼",0.530945757997218,1,"Liu2007",5.38,NA,"core",TRUE
"绫",0.530945757997218,1,"Liu2007",5.38,NA,"core",TRUE
"转",0.530945757997218,1,"Liu2007",5.38,NA,"core",TRUE
"陪",0.530945757997218,1,"Liu2007",5.38,NA,"core",TRUE
"喝彩",0.528708133971292,1,"Yao2017",5.42,"applaud","core",TRUE
"伤势",0.527270519803756,2,"Liu2025;Yao2017",4.12965,"condition for the injury","core",TRUE
"粘",0.526425591098748,1,"Liu2007",5.37,NA,"core",TRUE
"支持",0.525951557093426,1,"Liu2025",3.6296,NA,"core",TRUE
"阻挠",0.525951557093426,1,"Liu2025",3.6296,NA,"core",TRUE
"手法",0.525518341307815,1,"Yao2017",5.41,"method","core",TRUE
"空姐",0.525518341307815,1,"Yao2017",5.41,"air hostess","core",TRUE
"亲友",0.525483159771086,2,"Liu2025;Yao2017",2.94035,"relatives","core",TRUE
"外界",0.524271844660194,1,"Yee2017",3.09,"outside world","core",TRUE
"剧",0.523296244784423,1,"Liu2007",5.36,NA,"core",TRUE
"抹",0.523296244784423,1,"Liu2007",5.36,NA,"core",TRUE
"漂",0.523296244784423,1,"Liu2007",5.36,NA,"core",TRUE
"盲",0.523296244784423,1,"Liu2007",5.36,NA,"core",TRUE
"胆",0.523296244784423,1,"Liu2007",5.36,NA,"core",TRUE
"购",0.523296244784423,1,"Liu2007",5.36,NA,"core",TRUE
"钻",0.523296244784423,1,"Liu2007",5.36,NA,"core",TRUE
"音",0.523296244784423,1,"Liu2007",5.36,NA,"core",TRUE
"金牌",0.523125996810207,1,"Yao2017",5.4,"gold medal","core",TRUE
"信念",0.523083414626593,2,"Yao2017;Yee2017",4.485,"belief","core",TRUE
"损失",0.521626297577855,1,"Liu2025",3.6429,NA,"core",TRUE
"垫",0.519471488178025,1,"Liu2007",5.35,NA,"core",TRUE
"缚",0.519471488178025,1,"Liu2007",5.35,NA,"core",TRUE
"罩",0.519471488178025,1,"Liu2007",5.35,NA,"core",TRUE
"寿星",0.519138755980861,1,"Yao2017",5.37,"the long-living people","core",TRUE
"病态",0.519138755980861,1,"Yao2017",5.37,"sick","core",TRUE
"鼓楼",0.519138755980861,1,"Yao2017",5.37,"drum tower","core",TRUE
"寒酸",0.515570934256055,1,"Liu2025",3.6667,NA,"core",TRUE
"形象",0.515570934256055,1,"Liu2025",3.6667,NA,"core",TRUE
"梳理",0.515570934256055,1,"Liu2025",3.6667,NA,"core",TRUE
"穷困",0.515570934256055,1,"Liu2025",3.6667,NA,"core",TRUE
"吵",0.512865090403338,1,"Liu2007",5.33,NA,"core",TRUE
"折",0.512865090403338,1,"Liu2007",5.33,NA,"core",TRUE
"抚",0.512865090403338,1,"Liu2007",5.33,NA,"core",TRUE
"拭",0.512865090403338,1,"Liu2007",5.33,NA,"core",TRUE
"拽",0.512865090403338,1,"Liu2007",5.33,NA,"core",TRUE
"敌",0.512865090403338,1,"Liu2007",5.33,NA,"core",TRUE
"泡",0.512865090403338,1,"Liu2007",5.33,NA,"core",TRUE
"炒",0.512865090403338,1,"Liu2007",5.33,NA,"core",TRUE
"狈",0.512865090403338,1,"Liu2007",5.33,NA,"core",TRUE
"筑",0.512865090403338,1,"Liu2007",5.33,NA,"core",TRUE
"绊",0.512865090403338,1,"Liu2007",5.33,NA,"core",TRUE
"聋",0.512865090403338,1,"Liu2007",5.33,NA,"core",TRUE
"触",0.512865090403338,1,"Liu2007",5.33,NA,"core",TRUE
"踱",0.512865090403338,1,"Liu2007",5.33,NA,"core",TRUE
"躲",0.512865090403338,1,"Liu2007",5.33,NA,"core",TRUE
"逮",0.512865090403338,1,"Liu2007",5.33,NA,"core",TRUE
"国情",0.512759170653908,1,"Yao2017",5.36,"national condition","core",TRUE
"贵人",0.512759170653908,1,"Yao2017",5.36,"honorable people","core",TRUE
"身份",0.512759170653908,1,"Yao2017",5.36,"identity","core",TRUE
"勾结",0.508771929824561,1,"Yao2017",5.34,"gang up with","core",TRUE
"捉弄",0.508650519031142,1,"Liu2025",3.6786,NA,"core",TRUE
"科学",0.508650519031142,1,"Liu2025",3.6786,NA,"core",TRUE
"妆",0.505563282336579,1,"Liu2007",5.32,NA,"core",TRUE
"巅",0.505563282336579,1,"Liu2007",5.32,NA,"core",TRUE
"织",0.505563282336579,1,"Liu2007",5.32,NA,"core",TRUE
"赃",0.505563282336579,1,"Liu2007",5.32,NA,"core",TRUE
"饱",0.505563282336579,1,"Liu2007",5.32,NA,"core",TRUE
"事宜",0.504854368932039,1,"Yee2017",3.08,"matter arrangement","core",TRUE
"身手",0.504854368932039,1,"Yee2017",3.08,"skill","core",TRUE
"捋",0.503129346314325,1,"Liu2007",5.31,NA,"core",TRUE
"烙",0.503129346314325,1,"Liu2007",5.31,NA,"core",TRUE
"利益",0.502595155709343,1,"Liu2025",3.7037,NA,"core",TRUE
"恐吓",0.502595155709343,1,"Liu2025",3.7037,NA,"core",TRUE
"技巧",0.502595155709343,1,"Liu2025",3.7037,NA,"core",TRUE
"傻瓜",0.502392344497608,1,"Yao2017",5.32,"fool","core",TRUE
"家事",0.502392344497608,1,"Yao2017",5.32,"family matter","core",TRUE
"寿命",0.502392344497608,1,"Yao2017",5.32,"life span","core",TRUE
"平房",0.502392344497608,1,"Yao2017",5.32,"flat-top house","core",TRUE
"百姓",0.502392344497608,1,"Yao2017",5.32,"common people","core",TRUE
"皇上",0.502392344497608,1,"Yao2017",5.32,"the emperor","core",TRUE
"茶叶",0.502392344497608,1,"Yao2017",5.32,"tea leaf","core",TRUE
"抠",0.500695410292072,1,"Liu2007",5.3,NA,"core",TRUE
"撅",0.500695410292072,1,"Liu2007",5.3,NA,"core",TRUE
"脏",0.500695410292072,1,"Liu2007",5.3,NA,"core",TRUE
"蹿",0.500695410292072,1,"Liu2007",5.3,NA,"core",TRUE
"饥",0.500695410292072,1,"Liu2007",5.3,NA,"core",TRUE
"事实",0.498178148264653,2,"Liu2025;Yao2017",3.775,"fact","core",TRUE
"要害",0.497938152988208,2,"Liu2025;Yee2017",3.65,"vital point","core",TRUE
"浴",0.497566063977747,1,"Liu2007",5.28,NA,"core",TRUE
"眺",0.497566063977747,1,"Liu2007",5.28,NA,"core",TRUE
"答",0.497566063977747,1,"Liu2007",5.28,NA,"core",TRUE
"罚",0.497566063977747,1,"Liu2007",5.28,NA,"core",TRUE
"足球",0.497417261303621,2,"Liu2025;Yao2017",2.65335,"football","core",TRUE
"贫苦",0.497404844290657,1,"Liu2025",3.7407,NA,"core",TRUE
"姑娘",0.497208241585404,2,"Liu2025;Yao2017",2.38285,"young lady","core",TRUE
"人质",0.496012759170654,1,"Yao2017",5.31,"hostage","core",TRUE
"嗝",0.49547983310153,1,"Liu2007",5.27,NA,"core",TRUE
"朋",0.49547983310153,1,"Liu2007",5.27,NA,"core",TRUE
"媚态",0.494417862838915,1,"Yao2017",5.3,"sexy and glamorous","core",TRUE
"植",0.494089012517385,1,"Liu2007",5.26,NA,"core",TRUE
"缠",0.494089012517385,1,"Liu2007",5.26,NA,"core",TRUE
"墩",0.491655076495132,1,"Liu2007",5.25,NA,"core",TRUE
"夺",0.491655076495132,1,"Liu2007",5.25,NA,"core",TRUE
"擀",0.491655076495132,1,"Liu2007",5.25,NA,"core",TRUE
"跛",0.491655076495132,1,"Liu2007",5.25,NA,"core",TRUE
"鞘",0.491655076495132,1,"Liu2007",5.25,NA,"core",TRUE
"卑贱",0.491228070175439,1,"Yao2017",5.28,"dispicable","core",TRUE
"肌肤",0.491228070175439,1,"Yao2017",5.28,"skin","core",TRUE
"成亲",0.489333096030419,2,"Liu2025;Yao2017",3.28165,"get married","core",TRUE
"伤害",0.488754325259516,1,"Liu2025",3.7778,NA,"core",TRUE
"倾诉",0.488754325259516,1,"Liu2025",3.7778,NA,"core",TRUE
"关心",0.488754325259516,1,"Liu2025",3.7778,NA,"core",TRUE
"处境",0.488754325259516,1,"Liu2025",3.7778,NA,"core",TRUE
"快速",0.488754325259516,1,"Liu2025",3.7778,NA,"core",TRUE
"慰问",0.488754325259516,1,"Liu2025",3.7778,NA,"core",TRUE
"挽救",0.488754325259516,1,"Liu2025",3.7778,NA,"core",TRUE
"敬佩",0.488754325259516,1,"Liu2025",3.7778,NA,"core",TRUE
"凹",0.488178025034771,1,"Liu2007",5.24,NA,"core",TRUE
"涡",0.488178025034771,1,"Liu2007",5.24,NA,"core",TRUE
"淹",0.488178025034771,1,"Liu2007",5.24,NA,"core",TRUE
"砌",0.488178025034771,1,"Liu2007",5.24,NA,"core",TRUE
"逛",0.488178025034771,1,"Liu2007",5.24,NA,"core",TRUE
"争吵",0.488150030628632,2,"Liu2025;Yao2017",3.47645,"squabble","core",TRUE
"奇迹",0.485794937169914,2,"Liu2025;Yao2017",6.0165,"miracle","core",TRUE
"堵车",0.485645933014354,1,"Yao2017",5.27,"traffic jam","core",TRUE
"情调",0.485645933014354,1,"Yao2017",5.27,"atmosphere","core",TRUE
"腐蚀",0.485645933014354,1,"Yao2017",5.27,"errode","core",TRUE
"铅笔",0.485645933014354,1,"Yao2017",5.27,"pencil","core",TRUE
"团",0.485048678720445,1,"Liu2007",5.23,NA,"core",TRUE
"寒",0.485048678720445,1,"Liu2007",5.23,NA,"core",TRUE
"撑",0.485048678720445,1,"Liu2007",5.23,NA,"core",TRUE
"胚",0.485048678720445,1,"Liu2007",5.23,NA,"core",TRUE
"适度",0.484998868672152,2,"Liu2025;Yao2017",5.55425,"proper","core",TRUE
"爱情",0.481658692185008,1,"Yao2017",5.26,"love","core",TRUE
"丢",0.481571627260083,1,"Liu2007",5.22,NA,"core",TRUE
"岗",0.481571627260083,1,"Liu2007",5.22,NA,"core",TRUE
"筛",0.481571627260083,1,"Liu2007",5.22,NA,"core",TRUE
"衔",0.481571627260083,1,"Liu2007",5.22,NA,"core",TRUE
"裱",0.481571627260083,1,"Liu2007",5.22,NA,"core",TRUE
"鬃",0.481571627260083,1,"Liu2007",5.22,NA,"core",TRUE
"车裂",0.48006379585327,1,"Yao2017",5.24,"broken car","core",TRUE
"剥夺",0.478373702422145,1,"Liu2025",3.8148,NA,"core",TRUE
"毁灭",0.478373702422145,1,"Liu2025",3.8148,NA,"core",TRUE
"穿梭",0.478373702422145,1,"Liu2025",3.8148,NA,"core",TRUE
"剥",0.476356050069541,1,"Liu2007",5.21,NA,"core",TRUE
"塌",0.476356050069541,1,"Liu2007",5.21,NA,"core",TRUE
"曙",0.476356050069541,1,"Liu2007",5.21,NA,"core",TRUE
"棕",0.476356050069541,1,"Liu2007",5.21,NA,"core",TRUE
"污",0.476356050069541,1,"Liu2007",5.21,NA,"core",TRUE
"浮",0.476356050069541,1,"Liu2007",5.21,NA,"core",TRUE
"游",0.476356050069541,1,"Liu2007",5.21,NA,"core",TRUE
"犊",0.476356050069541,1,"Liu2007",5.21,NA,"core",TRUE
"铸",0.476356050069541,1,"Liu2007",5.21,NA,"core",TRUE
"现实",0.47565851558749,2,"Liu2025;Yao2017",4.16215,"reality","core",TRUE
"人类",0.475291523871018,2,"Liu2025;Yao2017",2.3648,"human","core",TRUE
"失身",0.473684210526316,1,"Yao2017",5.23,"lose oneself","core",TRUE
"猎人",0.473684210526316,1,"Yao2017",5.23,"hunter","core",TRUE
"睡眠",0.473684210526316,1,"Yao2017",5.23,"sleep","core",TRUE
"花坛",0.473684210526316,1,"Yao2017",5.23,"flower bed","core",TRUE
"规律",0.473684210526316,1,"Yao2017",5.23,"regularity","core",TRUE
"批评",0.47318339100346,1,"Liu2025",3.8214,NA,"core",TRUE
"智力",0.472028588705614,2,"Liu2025;Yee2017",3.4307,"intelligence","core",TRUE
"婚",0.471488178025035,1,"Liu2007",5.2,NA,"core",TRUE
"帝",0.471488178025035,1,"Liu2007",5.2,NA,"core",TRUE
"材",0.471488178025035,1,"Liu2007",5.2,NA,"core",TRUE
"账",0.471488178025035,1,"Liu2007",5.2,NA,"core",TRUE
"辗",0.471488178025035,1,"Liu2007",5.2,NA,"core",TRUE
"原理",0.470873786407767,1,"Yee2017",3.04,"principle","core",TRUE
"理念",0.470873786407767,1,"Yee2017",3.04,"idea","core",TRUE
"良心",0.470873786407767,1,"Yee2017",3.04,"conscience","core",TRUE
"吵架",0.470248836939786,2,"Liu2025;Yao2017",3.0493,"quarrel","core",TRUE
"退化",0.467304625199362,1,"Yao2017",5.22,"degenerate","core",TRUE
"官",0.466968011126565,1,"Liu2007",5.19,NA,"core",TRUE
"描",0.466968011126565,1,"Liu2007",5.19,NA,"core",TRUE
"敷",0.466968011126565,1,"Liu2007",5.19,NA,"core",TRUE
"梦",0.466968011126565,1,"Liu2007",5.19,NA,"core",TRUE
"歪",0.466968011126565,1,"Liu2007",5.19,NA,"core",TRUE
"溜",0.466968011126565,1,"Liu2007",5.19,NA,"core",TRUE
"瞄",0.466968011126565,1,"Liu2007",5.19,NA,"core",TRUE
"赌",0.466968011126565,1,"Liu2007",5.19,NA,"core",TRUE
"局面",0.466262975778547,1,"Liu2025",3.8519,NA,"core",TRUE
"平衡",0.466262975778547,1,"Liu2025",3.8519,NA,"core",TRUE
"维护",0.466262975778547,1,"Liu2025",3.8519,NA,"core",TRUE
"病人",0.465709728867624,1,"Yao2017",5.21,"sickman","core",TRUE
"国货",0.464114832535885,1,"Yao2017",5.2,"native product","core",TRUE
"凉",0.462447844228095,1,"Liu2007",5.18,NA,"core",TRUE
"凸",0.462447844228095,1,"Liu2007",5.18,NA,"core",TRUE
"电",0.462447844228095,1,"Liu2007",5.18,NA,"core",TRUE
"纹",0.462447844228095,1,"Liu2007",5.18,NA,"core",TRUE
"鼓",0.462447844228095,1,"Liu2007",5.18,NA,"core",TRUE
"铺",0.460361613351878,1,"Liu2007",5.17,NA,"core",TRUE
"婚宴",0.460127591706539,1,"Yao2017",5.17,"wedding ceremony","core",TRUE
"年货",0.460127591706539,1,"Yao2017",5.17,"new year's goods","core",TRUE
"情绪",0.460114484859522,2,"Liu2025;Yao2017",5.84645,"feelings","core",TRUE
"弯",0.459318497913769,1,"Liu2007",5.16,NA,"core",TRUE
"演",0.459318497913769,1,"Liu2007",5.16,NA,"core",TRUE
"警卫",0.458970739998786,2,"Liu2025;Yao2017",2.2393,"security guards","core",TRUE
"车祸",0.456902617506333,2,"Liu2025;Yao2017",2.33535,"car crash","core",TRUE
"干涉",0.456747404844291,1,"Liu2025",3.8571,NA,"core",TRUE
"改造",0.456747404844291,1,"Liu2025",3.8571,NA,"core",TRUE
"整体",0.456747404844291,1,"Liu2025",3.8571,NA,"core",TRUE
"欣赏",0.456747404844291,1,"Liu2025",3.8571,NA,"core",TRUE
"骚动",0.456747404844291,1,"Liu2025",3.8571,NA,"core",TRUE
"切",0.455493741307371,1,"Liu2007",5.15,NA,"core",TRUE
"拷",0.455493741307371,1,"Liu2007",5.15,NA,"core",TRUE
"挽",0.455493741307371,1,"Liu2007",5.15,NA,"core",TRUE
"撩",0.455493741307371,1,"Liu2007",5.15,NA,"core",TRUE
"溶",0.455493741307371,1,"Liu2007",5.15,NA,"core",TRUE
"熔",0.455493741307371,1,"Liu2007",5.15,NA,"core",TRUE
"窜",0.455493741307371,1,"Liu2007",5.15,NA,"core",TRUE
"箍",0.455493741307371,1,"Liu2007",5.15,NA,"core",TRUE
"芯",0.455493741307371,1,"Liu2007",5.15,NA,"core",TRUE
"智慧",0.454695838369122,2,"Liu2025;Yao2017",5.41925,"wisdom","core",TRUE
"权力",0.454545454545455,1,"Yao2017",5.15,"power","core",TRUE
"湿度",0.454545454545455,1,"Yao2017",5.15,"humility","core",TRUE
"称赞",0.452429733503308,2,"Liu2025;Yao2017",4.46595,"praise","core",TRUE
"图",0.451321279554937,1,"Liu2007",5.14,NA,"core",TRUE
"暑",0.451321279554937,1,"Liu2007",5.14,NA,"core",TRUE
"涂",0.451321279554937,1,"Liu2007",5.14,NA,"core",TRUE
"差别",0.451178374530223,2,"Liu2025;Yao2017",4.70285,"difference","core",TRUE
"始终",0.450558213716108,1,"Yao2017",5.14,"from the beginning to the end","core",TRUE
"重视",0.450558213716108,1,"Yao2017",5.14,"emphasize","core",TRUE
"喜乐",0.449826989619377,1,"Liu2025",3.8889,NA,"core",TRUE
"北",0.448191933240612,1,"Liu2007",5.13,NA,"core",TRUE
"乡",0.448191933240612,1,"Liu2007",5.13,NA,"core",TRUE
"扮",0.448191933240612,1,"Liu2007",5.13,NA,"core",TRUE
"肴",0.448191933240612,1,"Liu2007",5.13,NA,"core",TRUE
"脉",0.448191933240612,1,"Liu2007",5.13,NA,"core",TRUE
"闯",0.448191933240612,1,"Liu2007",5.13,NA,"core",TRUE
"时代",0.447988581866746,2,"Liu2025;Yao2017",4.69785,"times","core",TRUE
"狐狸",0.447368421052632,1,"Yao2017",5.12,"fox","core",TRUE
"香烟",0.447368421052632,1,"Yao2017",5.12,"cigarette","core",TRUE
"威力",0.446601941747573,1,"Yee2017",3.03,"power","core",TRUE
"推荐",0.445501730103806,1,"Liu2025",3.8929,NA,"core",TRUE
"杂乱",0.445501730103806,1,"Liu2025",3.8929,NA,"core",TRUE
"冻",0.444019471488178,1,"Liu2007",5.11,NA,"core",TRUE
"宰",0.444019471488178,1,"Liu2007",5.11,NA,"core",TRUE
"漩",0.444019471488178,1,"Liu2007",5.11,NA,"core",TRUE
"畔",0.444019471488178,1,"Liu2007",5.11,NA,"core",TRUE
"贩",0.444019471488178,1,"Liu2007",5.11,NA,"core",TRUE
"饿",0.444019471488178,1,"Liu2007",5.11,NA,"core",TRUE
"模式",0.442889777270131,2,"Liu2025;Yee2017",3.8407,"mode","core",TRUE
"地图",0.441786283891547,1,"Yao2017",5.09,"map","core",TRUE
"果冻",0.441786283891547,1,"Yao2017",5.09,"jelly","core",TRUE
"母亲",0.441786283891547,1,"Yao2017",5.09,"mother","core",TRUE
"东",0.438108484005563,1,"Liu2007",5.1,NA,"core",TRUE
"叉",0.438108484005563,1,"Liu2007",5.1,NA,"core",TRUE
"寓",0.438108484005563,1,"Liu2007",5.1,NA,"core",TRUE
"忘",0.438108484005563,1,"Liu2007",5.1,NA,"core",TRUE
"扳",0.438108484005563,1,"Liu2007",5.1,NA,"core",TRUE
"拐",0.438108484005563,1,"Liu2007",5.1,NA,"core",TRUE
"深",0.438108484005563,1,"Liu2007",5.1,NA,"core",TRUE
"腌",0.438108484005563,1,"Liu2007",5.1,NA,"core",TRUE
"觅",0.438108484005563,1,"Liu2007",5.1,NA,"core",TRUE
"酥",0.438108484005563,1,"Liu2007",5.1,NA,"core",TRUE
"钙",0.438108484005563,1,"Liu2007",5.1,NA,"core",TRUE
"体贴",0.437716262975779,1,"Liu2025",3.9259,NA,"core",TRUE
"侮辱",0.437716262975779,1,"Liu2025",3.9259,NA,"core",TRUE
"危机",0.437716262975779,1,"Liu2025",3.9259,NA,"core",TRUE
"扭曲",0.437716262975779,1,"Liu2025",3.9259,NA,"core",TRUE
"羞辱",0.437716262975779,1,"Liu2025",3.9259,NA,"core",TRUE
"误导",0.437716262975779,1,"Liu2025",3.9259,NA,"core",TRUE
"侍卫",0.436204146730463,1,"Yao2017",5.07,"body guard","core",TRUE
"麻将",0.436204146730463,1,"Yao2017",5.07,"majiang","core",TRUE
"正气",0.432575619608947,2,"Liu2025;Yao2017",5.67595,"integrity","core",TRUE
"宫殿",0.432216905901116,1,"Yao2017",5.05,"palace","core",TRUE
"疯狗",0.432216905901116,1,"Yao2017",5.05,"mad dog","core",TRUE
"礼花",0.432216905901116,1,"Yao2017",5.05,"fire works","core",TRUE
"流言",0.432038834951456,1,"Yee2017",3,"gossip","core",TRUE
"伐",0.429763560500695,1,"Liu2007",5.08,NA,"core",TRUE
"噎",0.429763560500695,1,"Liu2007",5.08,NA,"core",TRUE
"揭",0.429763560500695,1,"Liu2007",5.08,NA,"core",TRUE
"旋",0.429763560500695,1,"Liu2007",5.08,NA,"core",TRUE
"晃",0.429763560500695,1,"Liu2007",5.08,NA,"core",TRUE
"灌",0.429763560500695,1,"Liu2007",5.08,NA,"core",TRUE
"炙",0.429763560500695,1,"Liu2007",5.08,NA,"core",TRUE
"猎",0.429763560500695,1,"Liu2007",5.08,NA,"core",TRUE
"瘫",0.429763560500695,1,"Liu2007",5.08,NA,"core",TRUE
"肥",0.429763560500695,1,"Liu2007",5.08,NA,"core",TRUE
"蛀",0.429763560500695,1,"Liu2007",5.08,NA,"core",TRUE
"躬",0.429763560500695,1,"Liu2007",5.08,NA,"core",TRUE
"郊",0.429763560500695,1,"Liu2007",5.08,NA,"core",TRUE
"讣告",0.42822966507177,1,"Yao2017",5.04,"obituary","core",TRUE
"反省",0.428200692041523,1,"Liu2025",3.9286,NA,"core",TRUE
"安慰",0.428200692041523,1,"Liu2025",3.9286,NA,"core",TRUE
"机智",0.428200692041523,1,"Liu2025",3.9286,NA,"core",TRUE
"连锁",0.428200692041523,1,"Liu2025",3.9286,NA,"core",TRUE
"抡",0.424547983310153,1,"Liu2007",5.06,NA,"core",TRUE
"捣",0.424547983310153,1,"Liu2007",5.06,NA,"core",TRUE
"裂痕",0.424242424242424,1,"Yao2017",5.02,"crack","core",TRUE
"情景",0.42109816062648,2,"Liu2025;Yao2017",4.6335,"situation","core",TRUE
"丑",0.420723226703755,1,"Liu2007",5.05,NA,"core",TRUE
"劫",0.420723226703755,1,"Liu2007",5.05,NA,"core",TRUE
"斟",0.420723226703755,1,"Liu2007",5.05,NA,"core",TRUE
"旱",0.420723226703755,1,"Liu2007",5.05,NA,"core",TRUE
"氢",0.420723226703755,1,"Liu2007",5.05,NA,"core",TRUE
"涨",0.420723226703755,1,"Liu2007",5.05,NA,"core",TRUE
"租",0.420723226703755,1,"Liu2007",5.05,NA,"core",TRUE
"窥",0.420723226703755,1,"Liu2007",5.05,NA,"core",TRUE
"阀",0.420723226703755,1,"Liu2007",5.05,NA,"core",TRUE
"世纪",0.41786283891547,1,"Yao2017",5,"century","core",TRUE
"家眷",0.41786283891547,1,"Yao2017",5,"family honor","core",TRUE
"毒药",0.41786283891547,1,"Yao2017",5,"poison","core",TRUE
"耳环",0.41786283891547,1,"Yao2017",5,"ear ring","core",TRUE
"诗歌",0.41786283891547,1,"Yao2017",5,"poetry","core",TRUE
"雷雨",0.41786283891547,1,"Yao2017",5,"stormy rain","core",TRUE
"勤奋",0.416955017301038,1,"Liu2025",3.963,NA,"core",TRUE
"哀伤",0.416955017301038,1,"Liu2025",3.963,NA,"core",TRUE
"折磨",0.416955017301038,1,"Liu2025",3.963,NA,"core",TRUE
"权益",0.416955017301038,1,"Liu2025",3.963,NA,"core",TRUE
"穷苦",0.416955017301038,1,"Liu2025",3.963,NA,"core",TRUE
"罪恶",0.416955017301038,1,"Liu2025",3.963,NA,"core",TRUE
"自私",0.416955017301038,1,"Liu2025",3.963,NA,"core",TRUE
"原型",0.412621359223301,1,"Yee2017",2.96,"prototype","core",TRUE
"本事",0.412621359223301,1,"Yee2017",2.96,"capability","core",TRUE
"储",0.411682892906815,1,"Liu2007",5.03,NA,"core",TRUE
"剜",0.411682892906815,1,"Liu2007",5.03,NA,"core",TRUE
"吓",0.411682892906815,1,"Liu2007",5.03,NA,"core",TRUE
"左",0.411682892906815,1,"Liu2007",5.03,NA,"core",TRUE
"拂",0.411682892906815,1,"Liu2007",5.03,NA,"core",TRUE
"担",0.411682892906815,1,"Liu2007",5.03,NA,"core",TRUE
"撤",0.411682892906815,1,"Liu2007",5.03,NA,"core",TRUE
"沾",0.411682892906815,1,"Liu2007",5.03,NA,"core",TRUE
"渣",0.411682892906815,1,"Liu2007",5.03,NA,"core",TRUE
"滚",0.411682892906815,1,"Liu2007",5.03,NA,"core",TRUE
"碧",0.411682892906815,1,"Liu2007",5.03,NA,"core",TRUE
"薪",0.411682892906815,1,"Liu2007",5.03,NA,"core",TRUE
"装",0.411682892906815,1,"Liu2007",5.03,NA,"core",TRUE
"谜",0.411682892906815,1,"Liu2007",5.03,NA,"core",TRUE
"跤",0.411682892906815,1,"Liu2007",5.03,NA,"core",TRUE
"重",0.411682892906815,1,"Liu2007",5.03,NA,"core",TRUE
"降",0.411682892906815,1,"Liu2007",5.03,NA,"core",TRUE
"小人",0.411483253588517,1,"Yao2017",4.98,"con man","core",TRUE
"文明",0.409927068332791,2,"Yao2017;Yee2017",3.805,"civilization","core",TRUE
"皇宫",0.409888357256778,1,"Yao2017",4.96,"royal palace","core",TRUE
"协作",0.408304498269896,1,"Liu2025",3.9643,NA,"core",TRUE
"前途",0.406462427029622,2,"Yao2017;Yee2017",3.755,"future","core",TRUE
"奸笑",0.405901116427432,1,"Yao2017",4.95,"wicked grin","core",TRUE
"海岸",0.405901116427432,1,"Yao2017",4.95,"coastline","core",TRUE
"红军",0.405901116427432,1,"Yao2017",4.95,"red army","core",TRUE
"轮船",0.405901116427432,1,"Yao2017",4.95,"ferry boad","core",TRUE
"事故",0.40457387570846,2,"Liu2025;Yao2017",2.4957,"accident","core",TRUE
"豪迈",0.40313350220471,2,"Liu2025;Yao2017",4.9407,"heroic","core",TRUE
"剔",0.401947148817803,1,"Liu2007",5,NA,"core",TRUE
"压",0.401947148817803,1,"Liu2007",5,NA,"core",TRUE
"叹",0.401947148817803,1,"Liu2007",5,NA,"core",TRUE
"帮",0.401947148817803,1,"Liu2007",5,NA,"core",TRUE
"料",0.401947148817803,1,"Liu2007",5,NA,"core",TRUE
"枯",0.401947148817803,1,"Liu2007",5,NA,"core",TRUE
"母",0.401947148817803,1,"Liu2007",5,NA,"core",TRUE
"腊",0.401947148817803,1,"Liu2007",5,NA,"core",TRUE
"茸",0.401947148817803,1,"Liu2007",5,NA,"core",TRUE
"证",0.401947148817803,1,"Liu2007",5,NA,"core",TRUE
"钳",0.401947148817803,1,"Liu2007",5,NA,"core",TRUE
"媒婆",0.401116427432217,1,"Yao2017",4.94,"match maker","core",TRUE
"旅游",0.401116427432217,1,"Yao2017",4.94,"travel","core",TRUE
"蛮横",0.398895161779882,2,"Liu2025;Yao2017",5.1122,"rude","extended",FALSE
"伤心",0.39878892733564,1,"Liu2025",4,NA,"extended",FALSE
"利害",0.39878892733564,1,"Liu2025",4,NA,"extended",FALSE
"和解",0.39878892733564,1,"Liu2025",4,NA,"extended",FALSE
"惊慌",0.39878892733564,1,"Liu2025",4,NA,"extended",FALSE
"效益",0.39878892733564,1,"Liu2025",4,NA,"extended",FALSE
"早熟",0.39878892733564,1,"Liu2025",4,NA,"extended",FALSE
"激怒",0.39878892733564,1,"Liu2025",4,NA,"extended",FALSE
"疲乏",0.39878892733564,1,"Liu2025",4,NA,"extended",FALSE
"贫寒",0.39878892733564,1,"Liu2025",4,NA,"extended",FALSE
"拾荒",0.398724082934609,1,"Yao2017",4.92,"scavenge","extended",FALSE
"演技",0.398058252427184,1,"Yee2017",2.92,"acting","extended",FALSE
"乱",0.396036161335188,1,"Liu2007",4.98,NA,"extended",FALSE
"押",0.396036161335188,1,"Liu2007",4.98,NA,"extended",FALSE
"揣",0.396036161335188,1,"Liu2007",4.98,NA,"extended",FALSE
"痕",0.396036161335188,1,"Liu2007",4.98,NA,"extended",FALSE
"营",0.396036161335188,1,"Liu2007",4.98,NA,"extended",FALSE
"西",0.396036161335188,1,"Liu2007",4.98,NA,"extended",FALSE
"前景",0.395534290271132,1,"Yao2017",4.91,"prospect","extended",FALSE
"楼房",0.395534290271132,1,"Yao2017",4.91,"building","extended",FALSE
"阳光",0.395534290271132,1,"Yao2017",4.91,"sunlight","extended",FALSE
"败类",0.392344497607655,1,"Yao2017",4.9,"disgraceful people","extended",FALSE
"悲剧",0.391898174975028,2,"Liu2025;Yao2017",4.2224,"tragedy","extended",FALSE
"体",0.390472878998609,1,"Liu2007",4.97,NA,"extended",FALSE
"养",0.390472878998609,1,"Liu2007",4.97,NA,"extended",FALSE
"哄",0.390472878998609,1,"Liu2007",4.97,NA,"extended",FALSE
"夸",0.390472878998609,1,"Liu2007",4.97,NA,"extended",FALSE
"席",0.390472878998609,1,"Liu2007",4.97,NA,"extended",FALSE
"悬",0.390472878998609,1,"Liu2007",4.97,NA,"extended",FALSE
"撇",0.390472878998609,1,"Liu2007",4.97,NA,"extended",FALSE
"擂",0.390472878998609,1,"Liu2007",4.97,NA,"extended",FALSE
"攒",0.390472878998609,1,"Liu2007",4.97,NA,"extended",FALSE
"辨",0.390472878998609,1,"Liu2007",4.97,NA,"extended",FALSE
"灾民",0.389952153110048,1,"Yao2017",4.89,"victims of a natural calamity","extended",FALSE
"绅士",0.389952153110048,1,"Yao2017",4.89,"gentalmen","extended",FALSE
"特色",0.388349514563107,1,"Yee2017",2.91,"characteristic","extended",FALSE
"贪污",0.388232396814622,2,"Liu2025;Yao2017",2.78835,"corruption","extended",FALSE
"死罪",0.386762360446571,1,"Yao2017",4.88,"death penalty","extended",FALSE
"海报",0.386762360446571,1,"Yao2017",4.88,"poster","extended",FALSE
"赞叹",0.386701655049861,2,"Liu2025;Yao2017",4.0743,"in awe","extended",FALSE
"创伤",0.38380504185913,2,"Liu2025;Yao2017",3.26785,"hurt","extended",FALSE
"夕",0.383518776077886,1,"Liu2007",4.95,NA,"extended",FALSE
"扰",0.383518776077886,1,"Liu2007",4.95,NA,"extended",FALSE
"掸",0.383518776077886,1,"Liu2007",4.95,NA,"extended",FALSE
"掺",0.383518776077886,1,"Liu2007",4.95,NA,"extended",FALSE
"款",0.383518776077886,1,"Liu2007",4.95,NA,"extended",FALSE
"疙",0.383518776077886,1,"Liu2007",4.95,NA,"extended",FALSE
"瞻",0.383518776077886,1,"Liu2007",4.95,NA,"extended",FALSE
"耍",0.383518776077886,1,"Liu2007",4.95,NA,"extended",FALSE
"跷",0.383518776077886,1,"Liu2007",4.95,NA,"extended",FALSE
"飘",0.383518776077886,1,"Liu2007",4.95,NA,"extended",FALSE
"乐趣",0.383217993079585,1,"Liu2025",4.0357,NA,"extended",FALSE
"低估",0.383217993079585,1,"Liu2025",4.0357,NA,"extended",FALSE
"混乱",0.383217993079585,1,"Liu2025",4.0357,NA,"extended",FALSE
"灼热",0.383217993079585,1,"Liu2025",4.0357,NA,"extended",FALSE
"贡献",0.383217993079585,1,"Liu2025",4.0357,NA,"extended",FALSE
"枪手",0.380382775119617,1,"Yao2017",4.86,"sit-in","extended",FALSE
"集市",0.380382775119617,1,"Yao2017",4.86,"market","extended",FALSE
"憋",0.379346314325452,1,"Liu2007",4.94,NA,"extended",FALSE
"铀",0.379346314325452,1,"Liu2007",4.94,NA,"extended",FALSE
"世事",0.378640776699029,1,"Yee2017",2.84,"things","extended",FALSE
"勾",0.377607788595271,1,"Liu2007",4.93,NA,"extended",FALSE
"咆",0.377607788595271,1,"Liu2007",4.93,NA,"extended",FALSE
"履",0.377607788595271,1,"Liu2007",4.93,NA,"extended",FALSE
"哑",0.373435326842837,1,"Liu2007",4.92,NA,"extended",FALSE
"拢",0.373435326842837,1,"Liu2007",4.92,NA,"extended",FALSE
"档",0.373435326842837,1,"Liu2007",4.92,NA,"extended",FALSE
"毒",0.373435326842837,1,"Liu2007",4.92,NA,"extended",FALSE
"毯",0.373435326842837,1,"Liu2007",4.92,NA,"extended",FALSE
"翘",0.373435326842837,1,"Liu2007",4.92,NA,"extended",FALSE
"金",0.373435326842837,1,"Liu2007",4.92,NA,"extended",FALSE
"雌",0.373435326842837,1,"Liu2007",4.92,NA,"extended",FALSE
"驰",0.373435326842837,1,"Liu2007",4.92,NA,"extended",FALSE
"地震",0.372408293460925,1,"Yao2017",4.83,"earth quake","extended",FALSE
"属性",0.372408293460925,1,"Yao2017",4.83,"nature","extended",FALSE
"烧伤",0.372408293460925,1,"Yao2017",4.83,"burn","extended",FALSE
"遗骸",0.372408293460925,1,"Yao2017",4.83,"remaimns","extended",FALSE
"弧",0.368567454798331,1,"Liu2007",4.9,NA,"extended",FALSE
"灰",0.368567454798331,1,"Liu2007",4.9,NA,"extended",FALSE
"贮",0.368567454798331,1,"Liu2007",4.9,NA,"extended",FALSE
"赊",0.368567454798331,1,"Liu2007",4.9,NA,"extended",FALSE
"轧",0.368567454798331,1,"Liu2007",4.9,NA,"extended",FALSE
"嘲弄",0.368512110726644,1,"Liu2025",4.037,NA,"extended",FALSE
"强迫",0.368512110726644,1,"Liu2025",4.037,NA,"extended",FALSE
"暴怒",0.368512110726644,1,"Liu2025",4.037,NA,"extended",FALSE
"歉意",0.368512110726644,1,"Liu2025",4.037,NA,"extended",FALSE
"诚实",0.368512110726644,1,"Liu2025",4.037,NA,"extended",FALSE
"迟疑",0.368512110726644,1,"Liu2025",4.037,NA,"extended",FALSE
"风貌",0.368512110726644,1,"Liu2025",4.037,NA,"extended",FALSE
"嬉",0.365785813630042,1,"Liu2007",4.89,NA,"extended",FALSE
"岔",0.365785813630042,1,"Liu2007",4.89,NA,"extended",FALSE
"饲",0.365785813630042,1,"Liu2007",4.89,NA,"extended",FALSE
"福音",0.364077669902913,1,"Yee2017",2.83,"gospel","extended",FALSE
"囚车",0.363636363636364,1,"Yao2017",4.8,"prisoner van","extended",FALSE
"惯犯",0.363636363636364,1,"Yao2017",4.8,"habitual criminal","extended",FALSE
"凶",0.363004172461752,1,"Liu2007",4.88,NA,"extended",FALSE
"垒",0.363004172461752,1,"Liu2007",4.88,NA,"extended",FALSE
"排",0.363004172461752,1,"Liu2007",4.88,NA,"extended",FALSE
"蹶",0.363004172461752,1,"Liu2007",4.88,NA,"extended",FALSE
"迹",0.363004172461752,1,"Liu2007",4.88,NA,"extended",FALSE
"素质",0.362212546149898,2,"Liu2025;Yao2017",4.9972,"quality","extended",FALSE
"微妙",0.360994299211382,2,"Liu2025;Yao2017",5.4815,"subtle","extended",FALSE
"债",0.359874826147427,1,"Liu2007",4.87,NA,"extended",FALSE
"擎",0.359874826147427,1,"Liu2007",4.87,NA,"extended",FALSE
"褪",0.359874826147427,1,"Liu2007",4.87,NA,"extended",FALSE
"酬",0.359874826147427,1,"Liu2007",4.87,NA,"extended",FALSE
"愿望",0.359649122807018,1,"Yao2017",4.79,"wish","extended",FALSE
"色情",0.359649122807018,1,"Yao2017",4.79,"porn","extended",FALSE
"有趣",0.358131487889273,1,"Liu2025",4.0714,NA,"extended",FALSE
"激动",0.358131487889273,1,"Liu2025",4.0714,NA,"extended",FALSE
"病历",0.356459330143541,1,"Yao2017",4.78,"medical history","extended",FALSE
"红酒",0.356459330143541,1,"Yao2017",4.78,"red wine","extended",FALSE
"下",0.356050069541029,1,"Liu2007",4.86,NA,"extended",FALSE
"价",0.356050069541029,1,"Liu2007",4.86,NA,"extended",FALSE
"告",0.356050069541029,1,"Liu2007",4.86,NA,"extended",FALSE
"怒",0.356050069541029,1,"Liu2007",4.86,NA,"extended",FALSE
"携",0.356050069541029,1,"Liu2007",4.86,NA,"extended",FALSE
"横",0.356050069541029,1,"Liu2007",4.86,NA,"extended",FALSE
"眠",0.356050069541029,1,"Liu2007",4.86,NA,"extended",FALSE
"自豪",0.353570305127399,2,"Liu2025;Yao2017",4.72315,"proud","extended",FALSE
"期待",0.353098458634791,2,"Liu2025;Yao2017",4.45355,"expect","extended",FALSE
"剖",0.352573018080668,1,"Liu2007",4.85,NA,"extended",FALSE
"猜",0.352573018080668,1,"Liu2007",4.85,NA,"extended",FALSE
"逗",0.352573018080668,1,"Liu2007",4.85,NA,"extended",FALSE
"兵营",0.351674641148325,1,"Yao2017",4.77,"military camp","extended",FALSE
"文化",0.351674641148325,1,"Yao2017",4.77,"culture","extended",FALSE
"罚单",0.351674641148325,1,"Yao2017",4.77,"ticket for traffic","extended",FALSE
"战",0.350486787204451,1,"Liu2007",4.84,NA,"extended",FALSE
"编",0.350486787204451,1,"Liu2007",4.84,NA,"extended",FALSE
"震",0.350486787204451,1,"Liu2007",4.84,NA,"extended",FALSE
"嘲讽",0.350346020761246,1,"Liu2025",4.0741,NA,"extended",FALSE
"得意",0.350346020761246,1,"Liu2025",4.0741,NA,"extended",FALSE
"结论",0.350346020761246,1,"Liu2025",4.0741,NA,"extended",FALSE
"虚假",0.350346020761246,1,"Liu2025",4.0741,NA,"extended",FALSE
"隐患",0.350346020761246,1,"Liu2025",4.0741,NA,"extended",FALSE
"卤",0.34874826147427,1,"Liu2007",4.83,NA,"extended",FALSE
"酪",0.34874826147427,1,"Liu2007",4.83,NA,"extended",FALSE
"水稻",0.34688995215311,1,"Yao2017",4.75,"rice plant","extended",FALSE
"传",0.345618915159944,1,"Liu2007",4.82,NA,"extended",FALSE
"啐",0.345618915159944,1,"Liu2007",4.82,NA,"extended",FALSE
"奏",0.345618915159944,1,"Liu2007",4.82,NA,"extended",FALSE
"检",0.345618915159944,1,"Liu2007",4.82,NA,"extended",FALSE
"灼",0.345618915159944,1,"Liu2007",4.82,NA,"extended",FALSE
"评",0.345618915159944,1,"Liu2007",4.82,NA,"extended",FALSE
"闪",0.345618915159944,1,"Liu2007",4.82,NA,"extended",FALSE
"成婚",0.344497607655502,1,"Yao2017",4.74,"marriage","extended",FALSE
"金融",0.344019552656413,2,"Liu2025;Yao2017",3.32285,"finances","extended",FALSE
"娴熟",0.342560553633218,1,"Liu2025",4.1071,NA,"extended",FALSE
"懒散",0.342560553633218,1,"Liu2025",4.1071,NA,"extended",FALSE
"党",0.342489568845619,1,"Liu2007",4.81,NA,"extended",FALSE
"杖",0.342489568845619,1,"Liu2007",4.81,NA,"extended",FALSE
"稿费",0.342105263157895,1,"Yao2017",4.73,"contribution fee","extended",FALSE
"咏",0.340751043115438,1,"Liu2007",4.8,NA,"extended",FALSE
"筵",0.340751043115438,1,"Liu2007",4.8,NA,"extended",FALSE
"绷",0.340751043115438,1,"Liu2007",4.8,NA,"extended",FALSE
"善意",0.339805825242718,1,"Yee2017",2.81,"goodwill","extended",FALSE
"帆船",0.338915470494418,1,"Yao2017",4.72,"sailing boat","extended",FALSE
"垂",0.337969401947149,1,"Liu2007",4.79,NA,"extended",FALSE
"愣",0.337969401947149,1,"Liu2007",4.79,NA,"extended",FALSE
"拱",0.337969401947149,1,"Liu2007",4.79,NA,"extended",FALSE
"殉",0.337969401947149,1,"Liu2007",4.79,NA,"extended",FALSE
"诉",0.337969401947149,1,"Liu2007",4.79,NA,"extended",FALSE
"引诱",0.336505190311419,1,"Liu2025",4.1111,NA,"extended",FALSE
"恶意",0.336505190311419,1,"Liu2025",4.1111,NA,"extended",FALSE
"惊吓",0.336505190311419,1,"Liu2025",4.1111,NA,"extended",FALSE
"感激",0.336505190311419,1,"Liu2025",4.1111,NA,"extended",FALSE
"火药",0.334928229665072,1,"Yao2017",4.71,"fire powder","extended",FALSE
"邻居",0.334928229665072,1,"Yao2017",4.71,"neighbor","extended",FALSE
"例",0.334492350486787,1,"Liu2007",4.78,NA,"extended",FALSE
"姓",0.334492350486787,1,"Liu2007",4.78,NA,"extended",FALSE
"搽",0.334492350486787,1,"Liu2007",4.78,NA,"extended",FALSE
"赶",0.334492350486787,1,"Liu2007",4.78,NA,"extended",FALSE
"霉",0.334492350486787,1,"Liu2007",4.78,NA,"extended",FALSE
"穷酸",0.331738437001595,1,"Yao2017",4.7,"poor and cheap","extended",FALSE
"衰老",0.330353250222127,2,"Liu2025;Yao2017",3.88835,"age","extended",FALSE
"掖",0.330319888734353,1,"Liu2007",4.77,NA,"extended",FALSE
"旁",0.330319888734353,1,"Liu2007",4.77,NA,"extended",FALSE
"洼",0.330319888734353,1,"Liu2007",4.77,NA,"extended",FALSE
"添",0.330319888734353,1,"Liu2007",4.77,NA,"extended",FALSE
"议",0.330319888734353,1,"Liu2007",4.77,NA,"extended",FALSE
"资",0.330319888734353,1,"Liu2007",4.77,NA,"extended",FALSE
"载",0.330319888734353,1,"Liu2007",4.77,NA,"extended",FALSE
"好意",0.330097087378641,1,"Yee2017",2.79,"kindness","extended",FALSE
"基础",0.329584775086505,1,"Liu2025",4.1429,NA,"extended",FALSE
"增添",0.329584775086505,1,"Liu2025",4.1429,NA,"extended",FALSE
"试探",0.329584775086505,1,"Liu2025",4.1429,NA,"extended",FALSE
"风趣",0.329584775086505,1,"Liu2025",4.1429,NA,"extended",FALSE
"楷模",0.329346092503987,1,"Yao2017",4.69,"role model","extended",FALSE
"古典",0.32753132663688,2,"Liu2025;Yee2017",3.35785,"classical","extended",FALSE
"无情",0.32710275216194,2,"Liu2025;Yao2017",5.3565,"ruthless","extended",FALSE
"威胁",0.326831647378907,2,"Liu2025;Yao2017",4.04595,"threat","extended",FALSE
"乐",0.326147426981919,1,"Liu2007",4.76,NA,"extended",FALSE
"凑",0.326147426981919,1,"Liu2007",4.76,NA,"extended",FALSE
"刑",0.326147426981919,1,"Liu2007",4.76,NA,"extended",FALSE
"荤",0.326147426981919,1,"Liu2007",4.76,NA,"extended",FALSE
"馋",0.326147426981919,1,"Liu2007",4.76,NA,"extended",FALSE
"司仪",0.325358851674641,1,"Yao2017",4.68,"host","extended",FALSE
"高堂",0.325358851674641,1,"Yao2017",4.68,"parents","extended",FALSE
"绝望",0.325320910801698,2,"Liu2025;Yao2017",4.7652,"desperation","extended",FALSE
"丛",0.32336578581363,1,"Liu2007",4.75,NA,"extended",FALSE
"牢",0.32336578581363,1,"Liu2007",4.75,NA,"extended",FALSE
"诊",0.32336578581363,1,"Liu2007",4.75,NA,"extended",FALSE
"凌辱",0.322664359861592,1,"Liu2025",4.1481,NA,"extended",FALSE
"急切",0.322664359861592,1,"Liu2025",4.1481,NA,"extended",FALSE
"敬重",0.322664359861592,1,"Liu2025",4.1481,NA,"extended",FALSE
"真相",0.322664359861592,1,"Liu2025",4.1481,NA,"extended",FALSE
"重力",0.320388349514563,1,"Yee2017",2.77,"gravity","extended",FALSE
"手枪",0.319776714513557,1,"Yao2017",4.66,"rifle","extended",FALSE
"时光",0.319776714513557,1,"Yao2017",4.66,"time","extended",FALSE
"残兵",0.319776714513557,1,"Yao2017",4.66,"defeated army","extended",FALSE
"剐",0.31884561891516,1,"Liu2007",4.74,NA,"extended",FALSE
"寇",0.31884561891516,1,"Liu2007",4.74,NA,"extended",FALSE
"拄",0.31884561891516,1,"Liu2007",4.74,NA,"extended",FALSE
"早",0.31884561891516,1,"Liu2007",4.74,NA,"extended",FALSE
"晴",0.31884561891516,1,"Liu2007",4.74,NA,"extended",FALSE
"煽",0.31884561891516,1,"Liu2007",4.74,NA,"extended",FALSE
"疗",0.31884561891516,1,"Liu2007",4.74,NA,"extended",FALSE
"监",0.31884561891516,1,"Liu2007",4.74,NA,"extended",FALSE
"赋",0.31884561891516,1,"Liu2007",4.74,NA,"extended",FALSE
"钝",0.31884561891516,1,"Liu2007",4.74,NA,"extended",FALSE
"优势",0.316608996539792,1,"Liu2025",4.1786,NA,"extended",FALSE
"祈祷",0.316608996539792,1,"Liu2025",4.1786,NA,"extended",FALSE
"厌恶",0.315335562876994,2,"Liu2025;Yao2017",4.1415,"disgust","extended",FALSE
"憨",0.313630041724618,1,"Liu2007",4.73,NA,"extended",FALSE
"祭",0.313630041724618,1,"Liu2007",4.73,NA,"extended",FALSE
"膨",0.313630041724618,1,"Liu2007",4.73,NA,"extended",FALSE
"衙",0.313630041724618,1,"Liu2007",4.73,NA,"extended",FALSE
"迈",0.313630041724618,1,"Liu2007",4.73,NA,"extended",FALSE
"坠机",0.312599681020734,1,"Yao2017",4.64,"plane crash","extended",FALSE
"废品",0.312599681020734,1,"Yao2017",4.64,"trash","extended",FALSE
"摆设",0.312599681020734,1,"Yao2017",4.64,"layout","extended",FALSE
"汗水",0.312599681020734,1,"Yao2017",4.64,"sweat","extended",FALSE
"感想",0.310679611650485,1,"Yee2017",2.73,"feelings","extended",FALSE
"区",0.30980528511822,1,"Liu2007",4.72,NA,"extended",FALSE
"慌",0.30980528511822,1,"Liu2007",4.72,NA,"extended",FALSE
"曰",0.30980528511822,1,"Liu2007",4.72,NA,"extended",FALSE
"沐",0.30980528511822,1,"Liu2007",4.72,NA,"extended",FALSE
"赢",0.30980528511822,1,"Liu2007",4.72,NA,"extended",FALSE
"遇",0.30980528511822,1,"Liu2007",4.72,NA,"extended",FALSE
"思考",0.305768254388724,2,"Liu2025;Yao2017",5.08185,"think","extended",FALSE
"水平",0.305422647527911,1,"Yao2017",4.63,"competence","extended",FALSE
"西式",0.305422647527911,1,"Yao2017",4.63,"western","extended",FALSE
"及时",0.304498269896194,1,"Liu2025",4.1852,NA,"extended",FALSE
"可耻",0.304498269896194,1,"Liu2025",4.1852,NA,"extended",FALSE
"呆滞",0.304498269896194,1,"Liu2025",4.1852,NA,"extended",FALSE
"奇怪",0.304498269896194,1,"Liu2025",4.1852,NA,"extended",FALSE
"尊敬",0.304498269896194,1,"Liu2025",4.1852,NA,"extended",FALSE
"欢愉",0.304498269896194,1,"Liu2025",4.1852,NA,"extended",FALSE
"烦闷",0.304498269896194,1,"Liu2025",4.1852,NA,"extended",FALSE
"爱惜",0.304498269896194,1,"Liu2025",4.1852,NA,"extended",FALSE
"真挚",0.304498269896194,1,"Liu2025",4.1852,NA,"extended",FALSE
"羞耻",0.304498269896194,1,"Liu2025",4.1852,NA,"extended",FALSE
"伤",0.303894297635605,1,"Liu2007",4.7,NA,"extended",FALSE
"展",0.303894297635605,1,"Liu2007",4.7,NA,"extended",FALSE
"幼",0.303894297635605,1,"Liu2007",4.7,NA,"extended",FALSE
"楣",0.303894297635605,1,"Liu2007",4.7,NA,"extended",FALSE
"疾",0.303894297635605,1,"Liu2007",4.7,NA,"extended",FALSE
"瘟",0.303894297635605,1,"Liu2007",4.7,NA,"extended",FALSE
"缴",0.303894297635605,1,"Liu2007",4.7,NA,"extended",FALSE
"航",0.303894297635605,1,"Liu2007",4.7,NA,"extended",FALSE
"蠢",0.303894297635605,1,"Liu2007",4.7,NA,"extended",FALSE
"褐",0.303894297635605,1,"Liu2007",4.7,NA,"extended",FALSE
"辩",0.303894297635605,1,"Liu2007",4.7,NA,"extended",FALSE
"赞赏",0.303349006363029,2,"Liu2025;Yao2017",3.2572,"praise","extended",FALSE
"風味",0.300970873786408,1,"Yee2017",2.72,"flavor","extended",FALSE
"暑假",0.299840510366826,1,"Yao2017",4.58,"summer holiday","extended",FALSE
"址",0.298678720445063,1,"Liu2007",4.69,NA,"extended",FALSE
"护",0.298678720445063,1,"Liu2007",4.69,NA,"extended",FALSE
"熬",0.298678720445063,1,"Liu2007",4.69,NA,"extended",FALSE
"绞",0.298678720445063,1,"Liu2007",4.69,NA,"extended",FALSE
"贪婪",0.298322875449082,2,"Liu2025;Yao2017",4.59665,"greedy","extended",FALSE
"手工",0.29585326953748,1,"Yao2017",4.57,"handcraft","extended",FALSE
"操场",0.29585326953748,1,"Yao2017",4.57,"play ground","extended",FALSE
"路标",0.29585326953748,1,"Yao2017",4.57,"road sign","extended",FALSE
"规则",0.295712543390562,2,"Liu2025;Yao2017",2.9993,"rules","extended",FALSE
"上",0.294506258692629,1,"Liu2007",4.68,NA,"extended",FALSE
"啸",0.294506258692629,1,"Liu2007",4.68,NA,"extended",FALSE
"庐",0.294506258692629,1,"Liu2007",4.68,NA,"extended",FALSE
"愁",0.294506258692629,1,"Liu2007",4.68,NA,"extended",FALSE
"昏",0.294506258692629,1,"Liu2007",4.68,NA,"extended",FALSE
"练",0.294506258692629,1,"Liu2007",4.68,NA,"extended",FALSE
"舀",0.294506258692629,1,"Liu2007",4.68,NA,"extended",FALSE
"酿",0.294506258692629,1,"Liu2007",4.68,NA,"extended",FALSE
"怀疑",0.293252595155709,1,"Liu2025",4.2143,NA,"extended",FALSE
"信用",0.29126213592233,1,"Yee2017",2.69,"trust","extended",FALSE
"囚衣",0.291068580542265,1,"Yao2017",4.56,"inmate suit","extended",FALSE
"恩师",0.291068580542265,1,"Yao2017",4.56,"mentor","extended",FALSE
"俸",0.28894297635605,1,"Liu2007",4.67,NA,"extended",FALSE
"君",0.28894297635605,1,"Liu2007",4.67,NA,"extended",FALSE
"困",0.28894297635605,1,"Liu2007",4.67,NA,"extended",FALSE
"孝",0.28894297635605,1,"Liu2007",4.67,NA,"extended",FALSE
"拼",0.28894297635605,1,"Liu2007",4.67,NA,"extended",FALSE
"栖",0.28894297635605,1,"Liu2007",4.67,NA,"extended",FALSE
"阶",0.28894297635605,1,"Liu2007",4.67,NA,"extended",FALSE
"隐",0.28894297635605,1,"Liu2007",4.67,NA,"extended",FALSE
"数据",0.287878787878788,1,"Yao2017",4.55,"statistics","extended",FALSE
"优点",0.28719723183391,1,"Liu2025",4.2222,NA,"extended",FALSE
"差距",0.28719723183391,1,"Liu2025",4.2222,NA,"extended",FALSE
"时机",0.28719723183391,1,"Liu2025",4.2222,NA,"extended",FALSE
"正规",0.28719723183391,1,"Liu2025",4.2222,NA,"extended",FALSE
"深情",0.285865162276563,2,"Liu2025;Yao2017",5.2635,"deep love","extended",FALSE
"狠",0.285813630041725,1,"Liu2007",4.66,NA,"extended",FALSE
"卦",0.283379694019471,1,"Liu2007",4.65,NA,"extended",FALSE
"扩",0.283379694019471,1,"Liu2007",4.65,NA,"extended",FALSE
"沸",0.283379694019471,1,"Liu2007",4.65,NA,"extended",FALSE
"瑕",0.283379694019471,1,"Liu2007",4.65,NA,"extended",FALSE
"蜇",0.283379694019471,1,"Liu2007",4.65,NA,"extended",FALSE
"釉",0.283379694019471,1,"Liu2007",4.65,NA,"extended",FALSE
"故居",0.283094098883573,1,"Yao2017",4.54,"old house","extended",FALSE
"断",0.280945757997218,1,"Liu2007",4.64,NA,"extended",FALSE
"富足",0.280276816608997,1,"Liu2025",4.25,NA,"extended",FALSE
"留恋",0.280276816608997,1,"Liu2025",4.25,NA,"extended",FALSE
"谅解",0.280276816608997,1,"Liu2025",4.25,NA,"extended",FALSE
"空难",0.279106858054226,1,"Yao2017",4.53,"air crash","extended",FALSE
"恼",0.278859527121001,1,"Liu2007",4.63,NA,"extended",FALSE
"渗",0.278859527121001,1,"Liu2007",4.63,NA,"extended",FALSE
"灾",0.278859527121001,1,"Liu2007",4.63,NA,"extended",FALSE
"览",0.278859527121001,1,"Liu2007",4.63,NA,"extended",FALSE
"闷",0.278859527121001,1,"Liu2007",4.63,NA,"extended",FALSE
"热切",0.277237407769187,2,"Liu2025;Yao2017",4.60645,"eager","extended",FALSE
"国徽",0.276714513556619,1,"Yao2017",4.51,"national emblem","extended",FALSE
"骨灰",0.276714513556619,1,"Yao2017",4.51,"body ash","extended",FALSE
"正义",0.274302163871459,2,"Liu2025;Yao2017",5.2285,"justice","extended",FALSE
"惊恐",0.274224212623411,2,"Liu2025;Yao2017",4.43315,"scare","extended",FALSE
"今",0.273296244784423,1,"Liu2007",4.62,NA,"extended",FALSE
"嗣",0.273296244784423,1,"Liu2007",4.62,NA,"extended",FALSE
"国",0.273296244784423,1,"Liu2007",4.62,NA,"extended",FALSE
"州",0.273296244784423,1,"Liu2007",4.62,NA,"extended",FALSE
"弛",0.273296244784423,1,"Liu2007",4.62,NA,"extended",FALSE
"忙",0.273296244784423,1,"Liu2007",4.62,NA,"extended",FALSE
"摧",0.273296244784423,1,"Liu2007",4.62,NA,"extended",FALSE
"泅",0.273296244784423,1,"Liu2007",4.62,NA,"extended",FALSE
"盼",0.273296244784423,1,"Liu2007",4.62,NA,"extended",FALSE
"瞒",0.273296244784423,1,"Liu2007",4.62,NA,"extended",FALSE
"行",0.273296244784423,1,"Liu2007",4.62,NA,"extended",FALSE
"灵车",0.272727272727273,1,"Yao2017",4.5,"hearse","extended",FALSE
"肿瘤",0.272727272727273,1,"Yao2017",4.5,"tumor","extended",FALSE
"钻戒",0.272727272727273,1,"Yao2017",4.5,"diamond ring","extended",FALSE
"大方",0.272491349480969,1,"Liu2025",4.2593,NA,"extended",FALSE
"愤怒",0.272491349480969,1,"Liu2025",4.2593,NA,"extended",FALSE
"懊恼",0.272491349480969,1,"Liu2025",4.2593,NA,"extended",FALSE
"精力",0.272491349480969,1,"Liu2025",4.2593,NA,"extended",FALSE
"限制",0.272491349480969,1,"Liu2025",4.2593,NA,"extended",FALSE
"風度",0.271844660194175,1,"Yee2017",2.68,"demeanor","extended",FALSE
"热情",0.271664238450798,2,"Liu2025;Yao2017",4.16205,"passionate","extended",FALSE
"痛",0.269123783031989,1,"Liu2007",4.61,NA,"extended",FALSE
"头发",0.268740031897927,1,"Yao2017",4.49,"hair","extended",FALSE
"祭坛",0.268740031897927,1,"Yao2017",4.49,"altar","extended",FALSE
"赞美",0.268043989337925,2,"Liu2025;Yao2017",3.41685,"accompliments","extended",FALSE
"自卑",0.267844627296458,2,"Liu2025;Yao2017",4.41815,"low self-esteem","extended",FALSE
"垦",0.267037552155772,1,"Liu2007",4.6,NA,"extended",FALSE
"淘",0.267037552155772,1,"Liu2007",4.6,NA,"extended",FALSE
"省",0.267037552155772,1,"Liu2007",4.6,NA,"extended",FALSE
"途",0.267037552155772,1,"Liu2007",4.6,NA,"extended",FALSE
"防",0.267037552155772,1,"Liu2007",4.6,NA,"extended",FALSE
"耻辱",0.266306297357108,2,"Liu2025;Yao2017",3.87295,"shame","extended",FALSE
"守灵",0.264752791068581,1,"Yao2017",4.47,"vigil","extended",FALSE
"法规",0.264752791068581,1,"Yao2017",4.47,"regulations","extended",FALSE
"乏味",0.264705882352941,1,"Liu2025",4.2857,NA,"extended",FALSE
"虚荣",0.264705882352941,1,"Liu2025",4.2857,NA,"extended",FALSE
"诺言",0.264705882352941,1,"Liu2025",4.2857,NA,"extended",FALSE
"偎",0.262517385257302,1,"Liu2007",4.59,NA,"extended",FALSE
"响",0.262517385257302,1,"Liu2007",4.59,NA,"extended",FALSE
"喧",0.262517385257302,1,"Liu2007",4.59,NA,"extended",FALSE
"憎",0.262517385257302,1,"Liu2007",4.59,NA,"extended",FALSE
"服",0.262517385257302,1,"Liu2007",4.59,NA,"extended",FALSE
"狭",0.262517385257302,1,"Liu2007",4.59,NA,"extended",FALSE
"色",0.262517385257302,1,"Liu2007",4.59,NA,"extended",FALSE
"贷",0.262517385257302,1,"Liu2007",4.59,NA,"extended",FALSE
"人情",0.26146234960747,2,"Yao2017;Yee2017",3.69,"human connection","extended",FALSE
"实际",0.260842811653229,2,"Liu2025;Yao2017",4.48165,"factual","extended",FALSE
"措施",0.259170653907496,1,"Yao2017",4.46,"measures","extended",FALSE
"春雨",0.259170653907496,1,"Yao2017",4.46,"spring rain","extended",FALSE
"灵柩",0.259170653907496,1,"Yao2017",4.46,"coffin","extended",FALSE
"侧",0.258344923504868,1,"Liu2007",4.58,NA,"extended",FALSE
"刹",0.258344923504868,1,"Liu2007",4.58,NA,"extended",FALSE
"散",0.258344923504868,1,"Liu2007",4.58,NA,"extended",FALSE
"涝",0.258344923504868,1,"Liu2007",4.58,NA,"extended",FALSE
"存",0.255910987482615,1,"Liu2007",4.57,NA,"extended",FALSE
"宦",0.255910987482615,1,"Liu2007",4.57,NA,"extended",FALSE
"寡",0.255910987482615,1,"Liu2007",4.57,NA,"extended",FALSE
"慰",0.254172461752434,1,"Liu2007",4.56,NA,"extended",FALSE
"迸",0.254172461752434,1,"Liu2007",4.56,NA,"extended",FALSE
"偏见",0.25331396279311,2,"Liu2025;Yao2017",4.52645,"discriminatiobn","extended",FALSE
"轰",0.252781641168289,1,"Liu2007",4.55,NA,"extended",FALSE
"镐",0.252781641168289,1,"Liu2007",4.55,NA,"extended",FALSE
"关键",0.252595155709343,1,"Liu2025",4.2963,NA,"extended",FALSE
"凶险",0.252595155709343,1,"Liu2025",4.2963,NA,"extended",FALSE
"协调",0.252595155709343,1,"Liu2025",4.2963,NA,"extended",FALSE
"恭敬",0.252595155709343,1,"Liu2025",4.2963,NA,"extended",FALSE
"憎恨",0.252595155709343,1,"Liu2025",4.2963,NA,"extended",FALSE
"直率",0.252595155709343,1,"Liu2025",4.2963,NA,"extended",FALSE
"预期",0.252595155709343,1,"Liu2025",4.2963,NA,"extended",FALSE
"墓碑",0.251993620414673,1,"Yao2017",4.45,"tomb stone","extended",FALSE
"数量",0.251993620414673,1,"Yao2017",4.45,"quantity","extended",FALSE
"火山",0.251993620414673,1,"Yao2017",4.45,"volcano","extended",FALSE
"知识",0.251993620414673,1,"Yao2017",4.45,"knowledge","extended",FALSE
"题材",0.251993620414673,1,"Yao2017",4.45,"theme","extended",FALSE
"挣",0.250347705146036,1,"Liu2007",4.54,NA,"extended",FALSE
"艳",0.250347705146036,1,"Liu2007",4.54,NA,"extended",FALSE
"蹩",0.250347705146036,1,"Liu2007",4.54,NA,"extended",FALSE
"输",0.250347705146036,1,"Liu2007",4.54,NA,"extended",FALSE
"里",0.250347705146036,1,"Liu2007",4.54,NA,"extended",FALSE
"乐观",0.24967853733106,2,"Liu2025;Yao2017",4.43665,"optimistic","extended",FALSE
"谦恭",0.24800706941938,2,"Liu2025;Yao2017",4.94785,"humble","extended",FALSE
"犹豫",0.247552468778111,2,"Liu2025;Yao2017",3.7765,"hesitate","extended",FALSE
"吆",0.246870653685675,1,"Liu2007",4.53,NA,"extended",FALSE
"败",0.246870653685675,1,"Liu2007",4.53,NA,"extended",FALSE
"赛",0.246870653685675,1,"Liu2007",4.53,NA,"extended",FALSE
"锦",0.246870653685675,1,"Liu2007",4.53,NA,"extended",FALSE
"鞠",0.246870653685675,1,"Liu2007",4.53,NA,"extended",FALSE
"凶手",0.246411483253589,1,"Yao2017",4.43,"criminal","extended",FALSE
"揩",0.243741307371349,1,"Liu2007",4.51,NA,"extended",FALSE
"歼",0.243741307371349,1,"Liu2007",4.51,NA,"extended",FALSE
"熟",0.243741307371349,1,"Liu2007",4.51,NA,"extended",FALSE
"组",0.243741307371349,1,"Liu2007",4.51,NA,"extended",FALSE
"化身",0.242718446601942,1,"Yee2017",2.65,"incarnation","extended",FALSE
"心事",0.242718446601942,1,"Yee2017",2.65,"worry","extended",FALSE
"開端",0.242718446601942,1,"Yee2017",2.65,"beginning","extended",FALSE
"丧亡",0.242424242424242,1,"Yao2017",4.42,"pass away","extended",FALSE
"干裂",0.242424242424242,1,"Yao2017",4.42,"try and cracked","extended",FALSE
"细胞",0.242424242424242,1,"Yao2017",4.42,"cell","extended",FALSE
"催",0.241307371349096,1,"Liu2007",4.5,NA,"extended",FALSE
"教",0.241307371349096,1,"Liu2007",4.5,NA,"extended",FALSE
"闲",0.241307371349096,1,"Liu2007",4.5,NA,"extended",FALSE
"责备",0.238470113629465,2,"Liu2025;Yao2017",3.47945,"scold","extended",FALSE
"俘获",0.238437001594896,1,"Yao2017",4.41,"capture","extended",FALSE
"昔日",0.238437001594896,1,"Yao2017",4.41,"old times","extended",FALSE
"内",0.237830319888734,1,"Liu2007",4.49,NA,"extended",FALSE
"慈",0.237830319888734,1,"Liu2007",4.49,NA,"extended",FALSE
"授",0.237830319888734,1,"Liu2007",4.49,NA,"extended",FALSE
"欠",0.237830319888734,1,"Liu2007",4.49,NA,"extended",FALSE
"止",0.237830319888734,1,"Liu2007",4.49,NA,"extended",FALSE
"觑",0.237830319888734,1,"Liu2007",4.49,NA,"extended",FALSE
"赚",0.237830319888734,1,"Liu2007",4.49,NA,"extended",FALSE
"信赖",0.235294117647059,1,"Liu2025",4.3214,NA,"extended",FALSE
"原则",0.235294117647059,1,"Liu2025",4.3214,NA,"extended",FALSE
"吞噬",0.235294117647059,1,"Liu2025",4.3214,NA,"extended",FALSE
"孤单",0.235294117647059,1,"Liu2025",4.3214,NA,"extended",FALSE
"怜惜",0.235294117647059,1,"Liu2025",4.3214,NA,"extended",FALSE
"欢畅",0.235294117647059,1,"Liu2025",4.3214,NA,"extended",FALSE
"自负",0.235294117647059,1,"Liu2025",4.3214,NA,"extended",FALSE
"暴雨",0.235247208931419,1,"Yao2017",4.4,"pouring rain","extended",FALSE
"荒漠",0.235247208931419,1,"Yao2017",4.4,"desert","extended",FALSE
"发",0.234353268428373,1,"Liu2007",4.48,NA,"extended",FALSE
"边",0.234353268428373,1,"Liu2007",4.48,NA,"extended",FALSE
"馊",0.234353268428373,1,"Liu2007",4.48,NA,"extended",FALSE
"纠缠",0.2335481476576,2,"Liu2025;Yao2017",4.20715,"harrass","extended",FALSE
"忠心",0.23350942318675,2,"Liu2025;Yee2017",3.7113,"loyalty","extended",FALSE
"探",0.232962447844228,1,"Liu2007",4.47,NA,"extended",FALSE
"奖章",0.232854864433812,1,"Yao2017",4.39,"honor badge","extended",FALSE
"录",0.231571627260083,1,"Liu2007",4.46,NA,"extended",FALSE
"赞",0.231571627260083,1,"Liu2007",4.46,NA,"extended",FALSE
"销",0.231571627260083,1,"Liu2007",4.46,NA,"extended",FALSE
"调",0.229833101529903,1,"Liu2007",4.45,NA,"extended",FALSE
"赎",0.229833101529903,1,"Liu2007",4.45,NA,"extended",FALSE
"学问",0.22868619724839,2,"Liu2025;Yao2017",4.7693,"knowledge","extended",FALSE
"讯",0.228094575799722,1,"Liu2007",4.44,NA,"extended",FALSE
"论",0.228094575799722,1,"Liu2007",4.44,NA,"extended",FALSE
"领",0.228094575799722,1,"Liu2007",4.44,NA,"extended",FALSE
"奴隶",0.228070175438596,1,"Yao2017",4.37,"slave","extended",FALSE
"果盘",0.228070175438596,1,"Yao2017",4.37,"fruit tray","extended",FALSE
"道理",0.228070175438596,1,"Yao2017",4.37,"reasonable words","extended",FALSE
"伴",0.224269819193324,1,"Liu2007",4.43,NA,"extended",FALSE
"卒",0.224269819193324,1,"Liu2007",4.43,NA,"extended",FALSE
"召",0.224269819193324,1,"Liu2007",4.43,NA,"extended",FALSE
"坏",0.224269819193324,1,"Liu2007",4.43,NA,"extended",FALSE
"抿",0.224269819193324,1,"Liu2007",4.43,NA,"extended",FALSE
"挨",0.224269819193324,1,"Liu2007",4.43,NA,"extended",FALSE
"晚",0.224269819193324,1,"Liu2007",4.43,NA,"extended",FALSE
"隅",0.224269819193324,1,"Liu2007",4.43,NA,"extended",FALSE
"概念",0.223300970873786,1,"Yee2017",2.64,"concept","extended",FALSE
"树冠",0.221690590111643,1,"Yao2017",4.36,"tree crown","extended",FALSE
"鸦片",0.221690590111643,1,"Yao2017",4.36,"opium","extended",FALSE
"嫩",0.221140472878999,1,"Liu2007",4.42,NA,"extended",FALSE
"崩",0.218706536856745,1,"Liu2007",4.41,NA,"extended",FALSE
"择",0.218706536856745,1,"Liu2007",4.41,NA,"extended",FALSE
"摄",0.218706536856745,1,"Liu2007",4.41,NA,"extended",FALSE
"访",0.218706536856745,1,"Liu2007",4.41,NA,"extended",FALSE
"警",0.218706536856745,1,"Liu2007",4.41,NA,"extended",FALSE
"谴",0.218706536856745,1,"Liu2007",4.41,NA,"extended",FALSE
"球场",0.218500797448166,1,"Yao2017",4.33,"court for ball game","extended",FALSE
"假装",0.216262975778547,1,"Liu2025",4.3333,NA,"extended",FALSE
"光荣",0.216262975778547,1,"Liu2025",4.3333,NA,"extended",FALSE
"富贵",0.216262975778547,1,"Liu2025",4.3333,NA,"extended",FALSE
"忧愁",0.216262975778547,1,"Liu2025",4.3333,NA,"extended",FALSE
"歹毒",0.216262975778547,1,"Liu2025",4.3333,NA,"extended",FALSE
"钦佩",0.216262975778547,1,"Liu2025",4.3333,NA,"extended",FALSE
"长期",0.216262975778547,1,"Liu2025",4.3333,NA,"extended",FALSE
"难堪",0.216262975778547,1,"Liu2025",4.3333,NA,"extended",FALSE
"雍容",0.216262975778547,1,"Liu2025",4.3333,NA,"extended",FALSE
"忆",0.21557719054242,1,"Liu2007",4.4,NA,"extended",FALSE
"攫",0.21557719054242,1,"Liu2007",4.4,NA,"extended",FALSE
"诈",0.21557719054242,1,"Liu2007",4.4,NA,"extended",FALSE
"城管",0.213716108452951,1,"Yao2017",4.32,"city guard","extended",FALSE
"同感",0.213592233009709,1,"Yee2017",2.61,"same feeling","extended",FALSE
"道德",0.211939785765136,2,"Liu2025;Yao2017",4.7143,"moral","extended",FALSE
"事",0.211404728789986,1,"Liu2007",4.38,NA,"extended",FALSE
"假",0.211404728789986,1,"Liu2007",4.38,NA,"extended",FALSE
"叙",0.211404728789986,1,"Liu2007",4.38,NA,"extended",FALSE
"外",0.211404728789986,1,"Liu2007",4.38,NA,"extended",FALSE
"振",0.211404728789986,1,"Liu2007",4.38,NA,"extended",FALSE
"涩",0.211404728789986,1,"Liu2007",4.38,NA,"extended",FALSE
"稠",0.211404728789986,1,"Liu2007",4.38,NA,"extended",FALSE
"缺",0.211404728789986,1,"Liu2007",4.38,NA,"extended",FALSE
"茗",0.211404728789986,1,"Liu2007",4.38,NA,"extended",FALSE
"仇人",0.208133971291866,1,"Yao2017",4.31,"enemy","extended",FALSE
"佩",0.207232267037552,1,"Liu2007",4.36,NA,"extended",FALSE
"认",0.207232267037552,1,"Liu2007",4.36,NA,"extended",FALSE
"辍",0.207232267037552,1,"Liu2007",4.36,NA,"extended",FALSE
"众",0.204102920723227,1,"Liu2007",4.35,NA,"extended",FALSE
"味",0.204102920723227,1,"Liu2007",4.35,NA,"extended",FALSE
"炼",0.204102920723227,1,"Liu2007",4.35,NA,"extended",FALSE
"瘪",0.204102920723227,1,"Liu2007",4.35,NA,"extended",FALSE
"祸",0.204102920723227,1,"Liu2007",4.35,NA,"extended",FALSE
"空",0.204102920723227,1,"Liu2007",4.35,NA,"extended",FALSE
"幻象",0.203883495145631,1,"Yee2017",2.6,"fantasy","extended",FALSE
"日常",0.203349282296651,1,"Yao2017",4.29,"daily life","extended",FALSE
"海葬",0.203349282296651,1,"Yao2017",4.29,"sea burial","extended",FALSE
"瞬间",0.203349282296651,1,"Yao2017",4.29,"instant","extended",FALSE
"品味",0.20315057883462,3,"Liu2025;Yao2017;Yee2017",3.98236666666667,"taste","extended",FALSE
"困境",0.200692041522491,1,"Liu2025",4.3571,NA,"extended",FALSE
"慌忙",0.200692041522491,1,"Liu2025",4.3571,NA,"extended",FALSE
"拓宽",0.200692041522491,1,"Liu2025",4.3571,NA,"extended",FALSE
"珍贵",0.200692041522491,1,"Liu2025",4.3571,NA,"extended",FALSE
"能量",0.200692041522491,1,"Liu2025",4.3571,NA,"extended",FALSE
"恕",0.199582753824757,1,"Liu2007",4.33,NA,"extended",FALSE
"标",0.199582753824757,1,"Liu2007",4.33,NA,"extended",FALSE
"梗",0.199582753824757,1,"Liu2007",4.33,NA,"extended",FALSE
"测",0.199582753824757,1,"Liu2007",4.33,NA,"extended",FALSE
"矗",0.199582753824757,1,"Liu2007",4.33,NA,"extended",FALSE
"罪",0.199582753824757,1,"Liu2007",4.33,NA,"extended",FALSE
"蹈",0.199582753824757,1,"Liu2007",4.33,NA,"extended",FALSE
"流星",0.199362041467305,1,"Yao2017",4.28,"shooting star","extended",FALSE
"海盗",0.196969696969697,1,"Yao2017",4.27,"pirate","extended",FALSE
"足迹",0.196969696969697,1,"Yao2017",4.27,"foot path","extended",FALSE
"亡",0.196105702364395,1,"Liu2007",4.32,NA,"extended",FALSE
"堕",0.196105702364395,1,"Liu2007",4.32,NA,"extended",FALSE
"执",0.196105702364395,1,"Liu2007",4.32,NA,"extended",FALSE
"疑",0.194367176634214,1,"Liu2007",4.31,NA,"extended",FALSE
"险",0.194367176634214,1,"Liu2007",4.31,NA,"extended",FALSE
"默契",0.194174757281553,1,"Yee2017",2.58,"mutual understanding","extended",FALSE
"丧服",0.192982456140351,1,"Yao2017",4.25,"memorial suit for the dead","extended",FALSE
"暴徒",0.192982456140351,1,"Yao2017",4.25,"thud","extended",FALSE
"尊重",0.192906574394464,1,"Liu2025",4.3704,NA,"extended",FALSE
"憎恶",0.192906574394464,1,"Liu2025",4.3704,NA,"extended",FALSE
"消沉",0.192906574394464,1,"Liu2025",4.3704,NA,"extended",FALSE
"吭",0.189847009735744,1,"Liu2007",4.3,NA,"extended",FALSE
"失",0.189847009735744,1,"Liu2007",4.3,NA,"extended",FALSE
"害",0.189847009735744,1,"Liu2007",4.3,NA,"extended",FALSE
"掠",0.189847009735744,1,"Liu2007",4.3,NA,"extended",FALSE
"炊",0.189847009735744,1,"Liu2007",4.3,NA,"extended",FALSE
"稀",0.189847009735744,1,"Liu2007",4.3,NA,"extended",FALSE
"缀",0.189847009735744,1,"Liu2007",4.3,NA,"extended",FALSE
"罄",0.189847009735744,1,"Liu2007",4.3,NA,"extended",FALSE
"腐",0.189847009735744,1,"Liu2007",4.3,NA,"extended",FALSE
"贬",0.189847009735744,1,"Liu2007",4.3,NA,"extended",FALSE
"饶",0.189847009735744,1,"Liu2007",4.3,NA,"extended",FALSE
"睿智",0.187543804462399,2,"Liu2025;Yao2017",4.5078,"wise","extended",FALSE
"恶魔",0.187400318979266,1,"Yao2017",4.24,"devil","extended",FALSE
"法制",0.187400318979266,1,"Yao2017",4.24,"law and order","extended",FALSE
"面具",0.187400318979266,1,"Yao2017",4.24,"mask","extended",FALSE
"惋惜",0.186851211072664,1,"Liu2025",4.3929,NA,"extended",FALSE
"自信",0.185577777409866,2,"Liu2025;Yao2017",4.3822,"confidence","extended",FALSE
"仗",0.184979137691238,1,"Liu2007",4.28,NA,"extended",FALSE
"易",0.184979137691238,1,"Liu2007",4.28,NA,"extended",FALSE
"睨",0.184979137691238,1,"Liu2007",4.28,NA,"extended",FALSE
"心智",0.184466019417476,1,"Yee2017",2.56,"mental","extended",FALSE
"守",0.182545201668985,1,"Liu2007",4.27,NA,"extended",FALSE
"忧",0.182545201668985,1,"Liu2007",4.27,NA,"extended",FALSE
"纤",0.182545201668985,1,"Liu2007",4.27,NA,"extended",FALSE
"间",0.182545201668985,1,"Liu2007",4.27,NA,"extended",FALSE
"婚纱",0.180223285486443,1,"Yao2017",4.23,"wedding gown","extended",FALSE
"警车",0.180223285486443,1,"Yao2017",4.23,"police car","extended",FALSE
"贸易",0.180223285486443,1,"Yao2017",4.23,"trade","extended",FALSE
"酒店",0.180223285486443,1,"Yao2017",4.23,"hotel","extended",FALSE
"塑",0.178720445062587,1,"Liu2007",4.26,NA,"extended",FALSE
"屏",0.178720445062587,1,"Liu2007",4.26,NA,"extended",FALSE
"怯",0.178720445062587,1,"Liu2007",4.26,NA,"extended",FALSE
"惦",0.178720445062587,1,"Liu2007",4.26,NA,"extended",FALSE
"活",0.178720445062587,1,"Liu2007",4.26,NA,"extended",FALSE
"迫",0.178720445062587,1,"Liu2007",4.26,NA,"extended",FALSE
"雏",0.178720445062587,1,"Liu2007",4.26,NA,"extended",FALSE
"含蓄",0.178200692041523,1,"Liu2025",4.4074,NA,"extended",FALSE
"感动",0.178200692041523,1,"Liu2025",4.4074,NA,"extended",FALSE
"损害",0.178200692041523,1,"Liu2025",4.4074,NA,"extended",FALSE
"欣慰",0.178200692041523,1,"Liu2025",4.4074,NA,"extended",FALSE
"窘迫",0.178200692041523,1,"Liu2025",4.4074,NA,"extended",FALSE
"过瘾",0.178200692041523,1,"Liu2025",4.4074,NA,"extended",FALSE
"敬意",0.17647898679746,2,"Liu2025;Yee2017",3.4737,"tribute","extended",FALSE
"信任",0.17606220647561,2,"Liu2025;Yao2017",4.40075,"trust","extended",FALSE
"战场",0.175438596491228,1,"Yao2017",4.21,"battle field","extended",FALSE
"彩",0.174200278164117,1,"Liu2007",4.25,NA,"extended",FALSE
"残",0.174200278164117,1,"Liu2007",4.25,NA,"extended",FALSE
"气",0.174200278164117,1,"Liu2007",4.25,NA,"extended",FALSE
"注",0.174200278164117,1,"Liu2007",4.25,NA,"extended",FALSE
"腾",0.174200278164117,1,"Liu2007",4.25,NA,"extended",FALSE
"足",0.174200278164117,1,"Liu2007",4.25,NA,"extended",FALSE
"任务",0.172248803827751,1,"Yao2017",4.19,"mission","extended",FALSE
"人格",0.171398169233108,3,"Liu2025;Yao2017;Yee2017",4.12096666666667,"personality","extended",FALSE
"坍",0.171070931849791,1,"Liu2007",4.24,NA,"extended",FALSE
"识",0.171070931849791,1,"Liu2007",4.24,NA,"extended",FALSE
"量",0.171070931849791,1,"Liu2007",4.24,NA,"extended",FALSE
"启发",0.168685121107266,1,"Liu2025",4.4286,NA,"extended",FALSE
"固执",0.168685121107266,1,"Liu2025",4.4286,NA,"extended",FALSE
"忧虑",0.168685121107266,1,"Liu2025",4.4286,NA,"extended",FALSE
"影子",0.168261562998405,1,"Yao2017",4.18,"shadow","extended",FALSE
"父母",0.168261562998405,1,"Yao2017",4.18,"parents","extended",FALSE
"画像",0.168261562998405,1,"Yao2017",4.18,"portrait","extended",FALSE
"酷刑",0.168261562998405,1,"Yao2017",4.18,"cruel torture","extended",FALSE
"倔",0.167941585535466,1,"Liu2007",4.23,NA,"extended",FALSE
"干",0.167941585535466,1,"Liu2007",4.23,NA,"extended",FALSE
"弄",0.167941585535466,1,"Liu2007",4.23,NA,"extended",FALSE
"律",0.167941585535466,1,"Liu2007",4.23,NA,"extended",FALSE
"爵",0.167941585535466,1,"Liu2007",4.23,NA,"extended",FALSE
"貌",0.167941585535466,1,"Liu2007",4.23,NA,"extended",FALSE
"委婉",0.165682273472294,2,"Liu2025;Yao2017",4.2993,"euphemistic","extended",FALSE
"本性",0.16504854368932,1,"Yee2017",2.5,"inherent quality","extended",FALSE
"侠",0.164116828929068,1,"Liu2007",4.22,NA,"extended",FALSE
"旨",0.164116828929068,1,"Liu2007",4.22,NA,"extended",FALSE
"糟",0.164116828929068,1,"Liu2007",4.22,NA,"extended",FALSE
"衬",0.164116828929068,1,"Liu2007",4.22,NA,"extended",FALSE
"阔",0.164116828929068,1,"Liu2007",4.22,NA,"extended",FALSE
"深沉",0.163605872971198,2,"Liu2025;Yao2017",4.6807,"thoughtful","extended",FALSE
"飞镖",0.162679425837321,1,"Yao2017",4.17,"dart","extended",FALSE
"鬼魂",0.162679425837321,1,"Yao2017",4.17,"ghost","extended",FALSE
"戒",0.161335187760779,1,"Liu2007",4.21,NA,"extended",FALSE
"撰",0.161335187760779,1,"Liu2007",4.21,NA,"extended",FALSE
"族",0.161335187760779,1,"Liu2007",4.21,NA,"extended",FALSE
"募",0.159596662030598,1,"Liu2007",4.2,NA,"extended",FALSE
"皇",0.159596662030598,1,"Liu2007",4.2,NA,"extended",FALSE
"哀",0.157858136300417,1,"Liu2007",4.19,NA,"extended",FALSE
"唬",0.157858136300417,1,"Liu2007",4.19,NA,"extended",FALSE
"耗",0.157858136300417,1,"Liu2007",4.19,NA,"extended",FALSE
"冷漠",0.157439446366782,1,"Liu2025",4.4444,NA,"extended",FALSE
"承担",0.157439446366782,1,"Liu2025",4.4444,NA,"extended",FALSE
"振奋",0.157439446366782,1,"Liu2025",4.4444,NA,"extended",FALSE
"满足",0.157439446366782,1,"Liu2025",4.4444,NA,"extended",FALSE
"触动",0.157439446366782,1,"Liu2025",4.4444,NA,"extended",FALSE
"僵",0.155424200278164,1,"Liu2007",4.18,NA,"extended",FALSE
"境",0.155424200278164,1,"Liu2007",4.18,NA,"extended",FALSE
"妙",0.155424200278164,1,"Liu2007",4.18,NA,"extended",FALSE
"霓",0.155424200278164,1,"Liu2007",4.18,NA,"extended",FALSE
"心意",0.155339805825243,1,"Yee2017",2.48,"kind gesture","extended",FALSE
"太监",0.153907496012759,1,"Yao2017",4.14,"eunuck","extended",FALSE
"枪战",0.153907496012759,1,"Yao2017",4.14,"gunfire","extended",FALSE
"毒蛇",0.153907496012759,1,"Yao2017",4.14,"poisonous snake","extended",FALSE
"牢笼",0.153907496012759,1,"Yao2017",4.14,"cage","extended",FALSE
"差",0.153337969401947,1,"Liu2007",4.16,NA,"extended",FALSE
"磁",0.153337969401947,1,"Liu2007",4.16,NA,"extended",FALSE
"仇",0.15125173852573,1,"Liu2007",4.15,NA,"extended",FALSE
"爱",0.15125173852573,1,"Liu2007",4.15,NA,"extended",FALSE
"瘾",0.15125173852573,1,"Liu2007",4.15,NA,"extended",FALSE
"管",0.15125173852573,1,"Liu2007",4.15,NA,"extended",FALSE
"乖",0.149165507649513,1,"Liu2007",4.14,NA,"extended",FALSE
"速",0.149165507649513,1,"Liu2007",4.14,NA,"extended",FALSE
"饥寒",0.148325358851675,1,"Yao2017",4.12,"cold ungry","extended",FALSE
"判",0.147774687065369,1,"Liu2007",4.13,NA,"extended",FALSE
"晌",0.147774687065369,1,"Liu2007",4.13,NA,"extended",FALSE
"压迫",0.147058823529412,1,"Liu2025",4.4643,NA,"extended",FALSE
"正宗",0.147058823529412,1,"Liu2025",4.4643,NA,"extended",FALSE
"苦难",0.147058823529412,1,"Liu2025",4.4643,NA,"extended",FALSE
"帅",0.146383866481224,1,"Liu2007",4.11,NA,"extended",FALSE
"荒",0.146383866481224,1,"Liu2007",4.11,NA,"extended",FALSE
"意志",0.145631067961165,1,"Yee2017",2.46,"will","extended",FALSE
"盖头",0.145135566188198,1,"Yao2017",4.11,"head cover","extended",FALSE
"雪茄",0.145135566188198,1,"Yao2017",4.11,"cigar","extended",FALSE
"舒畅",0.144509196867602,2,"Liu2025;Yao2017",4.2372,"comfortable","extended",FALSE
"嫉",0.144297635605007,1,"Liu2007",4.1,NA,"extended",FALSE
"弊",0.144297635605007,1,"Liu2007",4.1,NA,"extended",FALSE
"贪",0.144297635605007,1,"Liu2007",4.1,NA,"extended",FALSE
"饷",0.144297635605007,1,"Liu2007",4.1,NA,"extended",FALSE
"俭",0.141168289290682,1,"Liu2007",4.08,NA,"extended",FALSE
"偿",0.141168289290682,1,"Liu2007",4.08,NA,"extended",FALSE
"准",0.141168289290682,1,"Liu2007",4.08,NA,"extended",FALSE
"动",0.141168289290682,1,"Liu2007",4.08,NA,"extended",FALSE
"运",0.141168289290682,1,"Liu2007",4.08,NA,"extended",FALSE
"繁荣",0.140350877192982,1,"Yao2017",4.07,"flourish","extended",FALSE
"厚重",0.13840830449827,1,"Liu2025",4.4815,NA,"extended",FALSE
"快乐",0.13840830449827,1,"Liu2025",4.4815,NA,"extended",FALSE
"苦心",0.13840830449827,1,"Liu2025",4.4815,NA,"extended",FALSE
"解脱",0.13840830449827,1,"Liu2025",4.4815,NA,"extended",FALSE
"诚意",0.13840830449827,1,"Liu2025",4.4815,NA,"extended",FALSE
"阴沉",0.13840830449827,1,"Liu2025",4.4815,NA,"extended",FALSE
"斧头",0.137161084529506,1,"Yao2017",4.06,"ax","extended",FALSE
"画家",0.137161084529506,1,"Yao2017",4.06,"painter","extended",FALSE
"骷髅",0.137161084529506,1,"Yao2017",4.06,"skeleton","extended",FALSE
"僻",0.136648122392211,1,"Liu2007",4.05,NA,"extended",FALSE
"兑",0.136648122392211,1,"Liu2007",4.05,NA,"extended",FALSE
"技",0.136648122392211,1,"Liu2007",4.05,NA,"extended",FALSE
"搪",0.136648122392211,1,"Liu2007",4.05,NA,"extended",FALSE
"生",0.136648122392211,1,"Liu2007",4.05,NA,"extended",FALSE
"续",0.136648122392211,1,"Liu2007",4.05,NA,"extended",FALSE
"讹",0.136648122392211,1,"Liu2007",4.05,NA,"extended",FALSE
"龄",0.136648122392211,1,"Liu2007",4.05,NA,"extended",FALSE
"前程",0.135922330097087,1,"Yee2017",2.45,"future","extended",FALSE
"火葬",0.133971291866029,1,"Yao2017",4.04,"cremation","extended",FALSE
"绑匪",0.131578947368421,1,"Yao2017",4.03,"kidnapper","extended",FALSE
"序",0.130737134909597,1,"Liu2007",4.03,NA,"extended",FALSE
"息",0.130737134909597,1,"Liu2007",4.03,NA,"extended",FALSE
"损",0.130737134909597,1,"Liu2007",4.03,NA,"extended",FALSE
"职",0.130737134909597,1,"Liu2007",4.03,NA,"extended",FALSE
"蓄",0.130737134909597,1,"Liu2007",4.03,NA,"extended",FALSE
"负",0.130737134909597,1,"Liu2007",4.03,NA,"extended",FALSE
"辞",0.130737134909597,1,"Liu2007",4.03,NA,"extended",FALSE
"集",0.130737134909597,1,"Liu2007",4.03,NA,"extended",FALSE
"魂",0.130737134909597,1,"Liu2007",4.03,NA,"extended",FALSE
"尸骨",0.127591706539075,1,"Yao2017",4,"dead body","extended",FALSE
"泡沫",0.127591706539075,1,"Yao2017",4,"bubble","extended",FALSE
"雇工",0.127591706539075,1,"Yao2017",4,"employee","extended",FALSE
"冒失",0.126297577854671,1,"Liu2025",4.5185,NA,"extended",FALSE
"心情",0.126297577854671,1,"Liu2025",4.5185,NA,"extended",FALSE
"焦虑",0.126297577854671,1,"Liu2025",4.5185,NA,"extended",FALSE
"责任",0.126297577854671,1,"Liu2025",4.5185,NA,"extended",FALSE
"高贵",0.126297577854671,1,"Liu2025",4.5185,NA,"extended",FALSE
"天性",0.12621359223301,1,"Yee2017",2.44,"inborn","extended",FALSE
"伺",0.125521557719054,1,"Liu2007",4,NA,"extended",FALSE
"形",0.125521557719054,1,"Liu2007",4,NA,"extended",FALSE
"拘",0.125521557719054,1,"Liu2007",4,NA,"extended",FALSE
"澜",0.125521557719054,1,"Liu2007",4,NA,"extended",FALSE
"研",0.125521557719054,1,"Liu2007",4,NA,"extended",FALSE
"绽",0.125521557719054,1,"Liu2007",4,NA,"extended",FALSE
"体验",0.124964128629217,2,"Liu2025;Yao2017",4.37355,"experience","extended",FALSE
"脏物",0.123604465709729,1,"Yao2017",3.97,"dirt","extended",FALSE
"强",0.122739916550765,1,"Liu2007",3.98,NA,"extended",FALSE
"障",0.122739916550765,1,"Liu2007",3.98,NA,"extended",FALSE
"产",0.120653685674548,1,"Liu2007",3.97,NA,"extended",FALSE
"估",0.120653685674548,1,"Liu2007",3.97,NA,"extended",FALSE
"侨",0.120653685674548,1,"Liu2007",3.97,NA,"extended",FALSE
"鬼",0.120653685674548,1,"Liu2007",3.97,NA,"extended",FALSE
"疲劳",0.120414673046252,1,"Yao2017",3.96,"tiredness","extended",FALSE
"陵墓",0.120414673046252,1,"Yao2017",3.96,"tomb","extended",FALSE
"郁闷",0.119377162629758,1,"Liu2025",4.5357,NA,"extended",FALSE
"疏",0.118567454798331,1,"Liu2007",3.95,NA,"extended",FALSE
"谊",0.118567454798331,1,"Liu2007",3.95,NA,"extended",FALSE
"趋势",0.118022328548644,1,"Yao2017",3.95,"trend","extended",FALSE
"御",0.117176634214186,1,"Liu2007",3.93,NA,"extended",FALSE
"糊",0.117176634214186,1,"Liu2007",3.93,NA,"extended",FALSE
"聪慧",0.115916955017301,1,"Liu2025",4.5556,NA,"extended",FALSE
"喷泉",0.114832535885167,1,"Yao2017",3.94,"fountain","extended",FALSE
"宦官",0.114832535885167,1,"Yao2017",3.94,"eunuck","extended",FALSE
"条例",0.114832535885167,1,"Yao2017",3.94,"regulation","extended",FALSE
"姿",0.113699582753825,1,"Liu2007",3.92,NA,"extended",FALSE
"惜",0.113699582753825,1,"Liu2007",3.92,NA,"extended",FALSE
"析",0.113699582753825,1,"Liu2007",3.92,NA,"extended",FALSE
"润",0.113699582753825,1,"Liu2007",3.92,NA,"extended",FALSE
"碍",0.113699582753825,1,"Liu2007",3.92,NA,"extended",FALSE
"融",0.113699582753825,1,"Liu2007",3.92,NA,"extended",FALSE
"诱",0.113699582753825,1,"Liu2007",3.92,NA,"extended",FALSE
"验",0.113699582753825,1,"Liu2007",3.92,NA,"extended",FALSE
"丰收",0.111642743221691,1,"Yao2017",3.93,"good harvest","extended",FALSE
"犯",0.110570236439499,1,"Liu2007",3.9,NA,"extended",FALSE
"保佑",0.109861591695502,1,"Liu2025",4.5714,NA,"extended",FALSE
"多疑",0.109861591695502,1,"Liu2025",4.5714,NA,"extended",FALSE
"畅快",0.109861591695502,1,"Liu2025",4.5714,NA,"extended",FALSE
"诚心",0.109861591695502,1,"Liu2025",4.5714,NA,"extended",FALSE
"察",0.109527121001391,1,"Liu2007",3.89,NA,"extended",FALSE
"构",0.109527121001391,1,"Liu2007",3.89,NA,"extended",FALSE
"羽毛",0.108452950558214,1,"Yao2017",3.89,"plume","extended",FALSE
"淫",0.107093184979138,1,"Liu2007",3.88,NA,"extended",FALSE
"牧",0.107093184979138,1,"Liu2007",3.88,NA,"extended",FALSE
"窒",0.107093184979138,1,"Liu2007",3.88,NA,"extended",FALSE
"褒",0.107093184979138,1,"Liu2007",3.88,NA,"extended",FALSE
"觉",0.107093184979138,1,"Liu2007",3.88,NA,"extended",FALSE
"冥想",0.106796116504854,1,"Yee2017",2.36,"meditation","extended",FALSE
"海军",0.105263157894737,1,"Yao2017",3.86,"navy","extended",FALSE
"语言",0.105263157894737,1,"Yao2017",3.86,"language","extended",FALSE
"顾问",0.105263157894737,1,"Yao2017",3.86,"consultant","extended",FALSE
"督",0.104659248956885,1,"Liu2007",3.87,NA,"extended",FALSE
"顽",0.104659248956885,1,"Liu2007",3.87,NA,"extended",FALSE
"信心",0.102941176470588,1,"Liu2025",4.5926,NA,"extended",FALSE
"苦闷",0.102941176470588,1,"Liu2025",4.5926,NA,"extended",FALSE
"雅致",0.102941176470588,1,"Liu2025",4.5926,NA,"extended",FALSE
"公",0.102920723226704,1,"Liu2007",3.86,NA,"extended",FALSE
"徊",0.102920723226704,1,"Liu2007",3.86,NA,"extended",FALSE
"醇",0.102920723226704,1,"Liu2007",3.86,NA,"extended",FALSE
"敬",0.101182197496523,1,"Liu2007",3.85,NA,"extended",FALSE
"理",0.101182197496523,1,"Liu2007",3.85,NA,"extended",FALSE
"包装",0.0996810207336523,1,"Yao2017",3.83,"package","extended",FALSE
"寡妇",0.0996810207336523,1,"Yao2017",3.83,"widow","extended",FALSE
"色斑",0.0996810207336523,1,"Yao2017",3.83,"color spot","extended",FALSE
"贡品",0.0996810207336523,1,"Yao2017",3.83,"tribute","extended",FALSE
"掮",0.099095966620306,1,"Liu2007",3.83,NA,"extended",FALSE
"昨",0.099095966620306,1,"Liu2007",3.83,NA,"extended",FALSE
"烁",0.099095966620306,1,"Liu2007",3.83,NA,"extended",FALSE
"虑",0.099095966620306,1,"Liu2007",3.83,NA,"extended",FALSE
"健",0.097009735744089,1,"Liu2007",3.82,NA,"extended",FALSE
"扪",0.097009735744089,1,"Liu2007",3.82,NA,"extended",FALSE
"初步",0.0960207612456747,1,"Liu2025",4.6071,NA,"extended",FALSE
"气势",0.0960207612456747,1,"Liu2025",4.6071,NA,"extended",FALSE
"缠绵",0.0960207612456747,1,"Liu2025",4.6071,NA,"extended",FALSE
"惶",0.094923504867872,1,"Liu2007",3.81,NA,"extended",FALSE
"涉",0.094923504867872,1,"Liu2007",3.81,NA,"extended",FALSE
"积",0.094923504867872,1,"Liu2007",3.81,NA,"extended",FALSE
"践",0.094923504867872,1,"Liu2007",3.81,NA,"extended",FALSE
"山崩",0.094896331738437,1,"Yao2017",3.82,"landslide","extended",FALSE
"迷",0.0931849791376912,1,"Liu2007",3.8,NA,"extended",FALSE
"触犯",0.0925039872408294,1,"Yao2017",3.8,"infringe","extended",FALSE
"孽",0.0921418636995828,1,"Liu2007",3.79,NA,"extended",FALSE
"歹",0.0921418636995828,1,"Liu2007",3.79,NA,"extended",FALSE
"死囚",0.0901116427432217,1,"Yao2017",3.78,"death row inmates","extended",FALSE
"残骸",0.0901116427432217,1,"Yao2017",3.78,"wreckage","extended",FALSE
"恶毒",0.0899653979238754,1,"Liu2025",4.6296,NA,"extended",FALSE
"悲哀",0.0899653979238754,1,"Liu2025",4.6296,NA,"extended",FALSE
"直观",0.0899653979238754,1,"Liu2025",4.6296,NA,"extended",FALSE
"企",0.0893602225312935,1,"Liu2007",3.78,NA,"extended",FALSE
"刊",0.0893602225312935,1,"Liu2007",3.78,NA,"extended",FALSE
"功",0.0893602225312935,1,"Liu2007",3.78,NA,"extended",FALSE
"媒",0.0893602225312935,1,"Liu2007",3.78,NA,"extended",FALSE
"泯",0.0893602225312935,1,"Liu2007",3.78,NA,"extended",FALSE
"豁",0.0893602225312935,1,"Liu2007",3.78,NA,"extended",FALSE
"留级",0.087719298245614,1,"Yao2017",3.75,"stay down a school year","extended",FALSE
"思路",0.087378640776699,1,"Yee2017",2.32,"thinking","extended",FALSE
"幽",0.0865785813630042,1,"Liu2007",3.77,NA,"extended",FALSE
"恃",0.0865785813630042,1,"Liu2007",3.77,NA,"extended",FALSE
"失意",0.0865051903114187,1,"Liu2025",4.6429,NA,"extended",FALSE
"教官",0.0861244019138756,1,"Yao2017",3.71,"coach","extended",FALSE
"狡",0.0851877607788595,1,"Liu2007",3.76,NA,"extended",FALSE
"罢",0.0851877607788595,1,"Liu2007",3.76,NA,"extended",FALSE
"国耻",0.0845295055821372,1,"Yao2017",3.68,"national shame","extended",FALSE
"悲观",0.0830449826989619,1,"Liu2025",4.6667,NA,"extended",FALSE
"痛苦",0.0830449826989619,1,"Liu2025",4.6667,NA,"extended",FALSE
"称心",0.0830449826989619,1,"Liu2025",4.6667,NA,"extended",FALSE
"花瓶",0.0829346092503987,1,"Yao2017",3.66,"vase","extended",FALSE
"匿",0.0827538247566064,1,"Liu2007",3.75,NA,"extended",FALSE
"嫌",0.0827538247566064,1,"Liu2007",3.75,NA,"extended",FALSE
"暄",0.0827538247566064,1,"Liu2007",3.75,NA,"extended",FALSE
"赏",0.0827538247566064,1,"Liu2007",3.75,NA,"extended",FALSE
"锻",0.0827538247566064,1,"Liu2007",3.75,NA,"extended",FALSE
"僚",0.0806675938803894,1,"Liu2007",3.74,NA,"extended",FALSE
"土匪",0.0797448165869219,1,"Yao2017",3.6,"bandits","extended",FALSE
"懵",0.0792767732962448,1,"Liu2007",3.73,NA,"extended",FALSE
"遗",0.0792767732962448,1,"Liu2007",3.73,NA,"extended",FALSE
"遵",0.0792767732962448,1,"Liu2007",3.73,NA,"extended",FALSE
"旨意",0.0776699029126214,1,"Yee2017",2.27,"decree","extended",FALSE
"绅",0.0771905424200278,1,"Liu2007",3.72,NA,"extended",FALSE
"署",0.0771905424200278,1,"Liu2007",3.72,NA,"extended",FALSE
"臊",0.0771905424200278,1,"Liu2007",3.72,NA,"extended",FALSE
"内向",0.0769896193771626,1,"Liu2025",4.6786,NA,"extended",FALSE
"宏观",0.0769896193771626,1,"Liu2025",4.6786,NA,"extended",FALSE
"病床",0.0757575757575758,1,"Yao2017",3.54,"sick bed","extended",FALSE
"记者",0.0757575757575758,1,"Yao2017",3.54,"journalist","extended",FALSE
"滞",0.0751043115438109,1,"Liu2007",3.7,NA,"extended",FALSE
"籍",0.0751043115438109,1,"Liu2007",3.7,NA,"extended",FALSE
"辑",0.0751043115438109,1,"Liu2007",3.7,NA,"extended",FALSE
"诓",0.0737134909596662,1,"Liu2007",3.69,NA,"extended",FALSE
"封面",0.0725677830940989,1,"Yao2017",3.53,"cover","extended",FALSE
"捕杀",0.0725677830940989,1,"Yao2017",3.53,"killing","extended",FALSE
"亏",0.0709318497913769,1,"Liu2007",3.68,NA,"extended",FALSE
"怔",0.0709318497913769,1,"Liu2007",3.68,NA,"extended",FALSE
"惰",0.0709318497913769,1,"Liu2007",3.68,NA,"extended",FALSE
"贱",0.0709318497913769,1,"Liu2007",3.68,NA,"extended",FALSE
"赈",0.0709318497913769,1,"Liu2007",3.68,NA,"extended",FALSE
"趣",0.0709318497913769,1,"Liu2007",3.68,NA,"extended",FALSE
"遁",0.0709318497913769,1,"Liu2007",3.68,NA,"extended",FALSE
"常理",0.0700692041522491,1,"Liu2025",4.7037,NA,"extended",FALSE
"迷惑",0.0700692041522491,1,"Liu2025",4.7037,NA,"extended",FALSE
"本意",0.0679611650485437,1,"Yee2017",2.24,"original idea","extended",FALSE
"助",0.0678025034770515,1,"Liu2007",3.67,NA,"extended",FALSE
"敝",0.0678025034770515,1,"Liu2007",3.67,NA,"extended",FALSE
"使命",0.0677830940988836,1,"Yao2017",3.5,"mission","extended",FALSE
"恒星",0.0677830940988836,1,"Yao2017",3.5,"planet","extended",FALSE
"案犯",0.0677830940988836,1,"Yao2017",3.5,"criminal","extended",FALSE
"赁",0.066759388038943,1,"Liu2007",3.66,NA,"extended",FALSE
"嗜",0.0653685674547983,1,"Liu2007",3.65,NA,"extended",FALSE
"巧",0.0653685674547983,1,"Liu2007",3.65,NA,"extended",FALSE
"霹",0.0653685674547983,1,"Liu2007",3.65,NA,"extended",FALSE
"典型",0.064878892733564,1,"Liu2025",4.7143,NA,"extended",FALSE
"哀愁",0.064878892733564,1,"Liu2025",4.7143,NA,"extended",FALSE
"侮",0.0639777468706537,1,"Liu2007",3.64,NA,"extended",FALSE
"胭脂",0.0637958532695375,1,"Yao2017",3.45,"blush on face","extended",FALSE
"灵",0.0632823365785814,1,"Liu2007",3.63,NA,"extended",FALSE
"委",0.062586926286509,1,"Liu2007",3.62,NA,"extended",FALSE
"惩罚",0.062200956937799,1,"Yao2017",3.43,"punishments","extended",FALSE
"骄",0.0618915159944367,1,"Liu2007",3.6,NA,"extended",FALSE
"囚徒",0.0606060606060606,1,"Yao2017",3.4,"locked up people","extended",FALSE
"容",0.0601529902642559,1,"Liu2007",3.59,NA,"extended",FALSE
"惯",0.0601529902642559,1,"Liu2007",3.59,NA,"extended",FALSE
"昔",0.0601529902642559,1,"Liu2007",3.59,NA,"extended",FALSE
"骚",0.0601529902642559,1,"Liu2007",3.59,NA,"extended",FALSE
"意念",0.0599825309906944,2,"Liu2025;Yee2017",3.94075,"motive","extended",FALSE
"营养",0.0590111642743222,1,"Yao2017",3.37,"nutrition","extended",FALSE
"卓著",0.0588235294117647,1,"Liu2025",4.7407,NA,"extended",FALSE
"境界",0.0588235294117647,1,"Liu2025",4.7407,NA,"extended",FALSE
"如意",0.0588235294117647,1,"Liu2025",4.7407,NA,"extended",FALSE
"悲苦",0.0588235294117647,1,"Liu2025",4.7407,NA,"extended",FALSE
"沉痛",0.0588235294117647,1,"Liu2025",4.7407,NA,"extended",FALSE
"猜想",0.058252427184466,1,"Yee2017",2.18,"guess","extended",FALSE
"抑",0.0573713490959666,1,"Liu2007",3.58,NA,"extended",FALSE
"炽",0.0573713490959666,1,"Liu2007",3.58,NA,"extended",FALSE
"燎",0.0573713490959666,1,"Liu2007",3.58,NA,"extended",FALSE
"讨",0.0573713490959666,1,"Liu2007",3.58,NA,"extended",FALSE
"天文",0.0558213716108453,1,"Yao2017",3.33,"cosmology","extended",FALSE
"俗",0.0556328233657858,1,"Liu2007",3.56,NA,"extended",FALSE
"术",0.0545897079276773,1,"Liu2007",3.54,NA,"extended",FALSE
"誉",0.0545897079276773,1,"Liu2007",3.54,NA,"extended",FALSE
"婚房",0.0542264752791069,1,"Yao2017",3.29,"wedding room","extended",FALSE
"偏激",0.0536332179930796,1,"Liu2025",4.7778,NA,"extended",FALSE
"异",0.0535465924895688,1,"Liu2007",3.53,NA,"extended",FALSE
"纠",0.0528511821974965,1,"Liu2007",3.51,NA,"extended",FALSE
"沽",0.051808066759388,1,"Liu2007",3.5,NA,"extended",FALSE
"筹",0.051808066759388,1,"Liu2007",3.5,NA,"extended",FALSE
"妄想",0.051038062283737,1,"Liu2025",4.7857,NA,"extended",FALSE
"囚犯",0.0502392344497608,1,"Yao2017",3.27,"inmate","extended",FALSE
"宝贝",0.0502392344497608,1,"Yao2017",3.27,"baby","extended",FALSE
"灵位",0.0502392344497608,1,"Yao2017",3.27,"memorial tablet","extended",FALSE
"眼泪",0.0502392344497608,1,"Yao2017",3.27,"tears","extended",FALSE
"况",0.0500695410292072,1,"Liu2007",3.49,NA,"extended",FALSE
"渺",0.0500695410292072,1,"Liu2007",3.49,NA,"extended",FALSE
"腆",0.0500695410292072,1,"Liu2007",3.49,NA,"extended",FALSE
"偻",0.0486787204450626,1,"Liu2007",3.46,NA,"extended",FALSE
"公立",0.0485436893203883,1,"Yee2017",2.16,"public","extended",FALSE
"经验",0.0484429065743945,1,"Liu2025",4.8148,NA,"extended",FALSE
"耻",0.0479833101529903,1,"Liu2007",3.45,NA,"extended",FALSE
"嗦",0.0462447844228095,1,"Liu2007",3.44,NA,"extended",FALSE
"暴",0.0462447844228095,1,"Liu2007",3.44,NA,"extended",FALSE
"竭",0.0462447844228095,1,"Liu2007",3.44,NA,"extended",FALSE
"精",0.0462447844228095,1,"Liu2007",3.44,NA,"extended",FALSE
"消极",0.045800152315359,2,"Liu2025;Yao2017",3.85185,"negative","extended",FALSE
"阴霾",0.0454545454545455,1,"Yao2017",3.23,"overcast","extended",FALSE
"个性",0.0441176470588235,1,"Liu2025",4.8214,NA,"extended",FALSE
"浪荡",0.0441176470588235,1,"Liu2025",4.8214,NA,"extended",FALSE
"紊乱",0.0441176470588235,1,"Liu2025",4.8214,NA,"extended",FALSE
"冶",0.043115438108484,1,"Liu2007",3.43,NA,"extended",FALSE
"参",0.043115438108484,1,"Liu2007",3.43,NA,"extended",FALSE
"惑",0.043115438108484,1,"Liu2007",3.43,NA,"extended",FALSE
"洌",0.043115438108484,1,"Liu2007",3.43,NA,"extended",FALSE
"激",0.043115438108484,1,"Liu2007",3.43,NA,"extended",FALSE
"路途",0.0430622009569378,1,"Yao2017",3.22,"journey","extended",FALSE
"脸谱",0.0414673046251994,1,"Yao2017",3.2,"face mask","extended",FALSE
"限",0.041029207232267,1,"Liu2007",3.42,NA,"extended",FALSE
"恭",0.0399860917941586,1,"Liu2007",3.41,NA,"extended",FALSE
"究",0.0399860917941586,1,"Liu2007",3.41,NA,"extended",FALSE
"烟灰",0.0398724082934609,1,"Yao2017",3.17,"cigarette ash","extended",FALSE
"本色",0.0388349514563107,1,"Yee2017",2.09,"true colour","extended",FALSE
"咕",0.0385952712100139,1,"Liu2007",3.4,NA,"extended",FALSE
"赤",0.0385952712100139,1,"Liu2007",3.4,NA,"extended",FALSE
"军装",0.036682615629984,1,"Yao2017",3.14,"army suits","extended",FALSE
"包庇",0.036682615629984,1,"Yao2017",3.14,"cover up","extended",FALSE
"雇员",0.036682615629984,1,"Yao2017",3.14,"employee","extended",FALSE
"乏",0.0358136300417246,1,"Liu2007",3.38,NA,"extended",FALSE
"妨",0.0358136300417246,1,"Liu2007",3.38,NA,"extended",FALSE
"憾",0.0358136300417246,1,"Liu2007",3.38,NA,"extended",FALSE
"沁",0.0358136300417246,1,"Liu2007",3.38,NA,"extended",FALSE
"淑",0.0358136300417246,1,"Liu2007",3.38,NA,"extended",FALSE
"质",0.0358136300417246,1,"Liu2007",3.38,NA,"extended",FALSE
"修养",0.0354671280276817,1,"Liu2025",4.8571,NA,"extended",FALSE
"压力",0.0354671280276817,1,"Liu2025",4.8571,NA,"extended",FALSE
"艺术",0.0354671280276817,1,"Liu2025",4.8571,NA,"extended",FALSE
"欲",0.0333796940194715,1,"Liu2007",3.36,NA,"extended",FALSE
"宙",0.032336578581363,1,"Liu2007",3.35,NA,"extended",FALSE
"怪",0.032336578581363,1,"Liu2007",3.35,NA,"extended",FALSE
"飨",0.0312934631432545,1,"Liu2007",3.34,NA,"extended",FALSE
"过程",0.0303030303030303,1,"Yao2017",3.08,"process","extended",FALSE
"充分",0.0302768166089965,1,"Liu2025",4.8929,NA,"extended",FALSE
"初",0.0295549374130737,1,"Liu2007",3.33,NA,"extended",FALSE
"奄",0.0295549374130737,1,"Liu2007",3.33,NA,"extended",FALSE
"怵",0.0295549374130737,1,"Liu2007",3.33,NA,"extended",FALSE
"情",0.0295549374130737,1,"Liu2007",3.33,NA,"extended",FALSE
"假象",0.029126213592233,1,"Yee2017",2.08,"illusion","extended",FALSE
"萦",0.0278164116828929,1,"Liu2007",3.32,NA,"extended",FALSE
"仇恨",0.027681660899654,1,"Liu2025",4.9259,NA,"extended",FALSE
"横幅",0.0271132376395534,1,"Yao2017",3.07,"banner","extended",FALSE
"历",0.0264255910987483,1,"Liu2007",3.28,NA,"extended",FALSE
"状",0.0264255910987483,1,"Liu2007",3.28,NA,"extended",FALSE
"蕴",0.0264255910987483,1,"Liu2007",3.28,NA,"extended",FALSE
"昵",0.0250347705146036,1,"Liu2007",3.26,NA,"extended",FALSE
"抒",0.0243393602225313,1,"Liu2007",3.25,NA,"extended",FALSE
"废墟",0.0239234449760766,1,"Yao2017",3.03,"ruins","extended",FALSE
"缘",0.0232962447844228,1,"Liu2007",3.19,NA,"extended",FALSE
"谓",0.0232962447844228,1,"Liu2007",3.19,NA,"extended",FALSE
"羁",0.0219054242002782,1,"Liu2007",3.18,NA,"extended",FALSE
"耐",0.0219054242002782,1,"Liu2007",3.18,NA,"extended",FALSE
"警犬",0.0215311004784689,1,"Yao2017",3,"police search dogs","extended",FALSE
"夙",0.0208623087621697,1,"Liu2007",3.16,NA,"extended",FALSE
"拟",0.019471488178025,1,"Liu2007",3.15,NA,"extended",FALSE
"效",0.019471488178025,1,"Liu2007",3.15,NA,"extended",FALSE
"酣",0.019471488178025,1,"Liu2007",3.15,NA,"extended",FALSE
"冥币",0.0191387559808612,1,"Yao2017",2.97,"paper money for the dead","extended",FALSE
"期",0.0180806675938804,1,"Liu2007",3.11,NA,"extended",FALSE
"多情",0.0173010380622837,1,"Liu2025",5.0741,NA,"extended",FALSE
"势",0.0170375521557719,1,"Liu2007",3.1,NA,"extended",FALSE
"煞",0.0170375521557719,1,"Liu2007",3.1,NA,"extended",FALSE
"草包",0.0167464114832536,1,"Yao2017",2.93,"straw bag","extended",FALSE
"压抑",0.0155709342560554,1,"Liu2025",5.1111,NA,"extended",FALSE
"艺",0.0152990264255911,1,"Liu2007",3.08,NA,"extended",FALSE
"诌",0.0152990264255911,1,"Liu2007",3.08,NA,"extended",FALSE
"隶",0.0152990264255911,1,"Liu2007",3.08,NA,"extended",FALSE
"人心",0.0145631067961165,1,"Yee2017",2,"human heart","extended",FALSE
"神志",0.0145631067961165,1,"Yee2017",2,"consciousness","extended",FALSE
"掼",0.0139082058414465,1,"Liu2007",3.06,NA,"extended",FALSE
"气质",0.0129757785467128,1,"Liu2025",5.1429,NA,"extended",FALSE
"精神",0.0129757785467128,1,"Liu2025",5.1429,NA,"extended",FALSE
"晓",0.012865090403338,1,"Liu2007",3.05,NA,"extended",FALSE
"蟠",0.012865090403338,1,"Liu2007",3.05,NA,"extended",FALSE
"星空",0.0127591706539075,1,"Yao2017",2.87,"stary night","extended",FALSE
"流血",0.0111642743221691,1,"Yao2017",2.83,"bleeding","extended",FALSE
"佑",0.0111265646731572,1,"Liu2007",3.03,NA,"extended",FALSE
"慷",0.0111265646731572,1,"Liu2007",3.03,NA,"extended",FALSE
"私",0.0111265646731572,1,"Liu2007",3.03,NA,"extended",FALSE
"情感",0.0103806228373702,1,"Liu2025",5.1786,NA,"extended",FALSE
"溃疡",0.0087719298245614,1,"Yao2017",2.8,"ulcer","extended",FALSE
"意",0.00869262865090403,1,"Liu2007",3,NA,"extended",FALSE
"畅",0.00869262865090403,1,"Liu2007",3,NA,"extended",FALSE
"赘",0.00869262865090403,1,"Liu2007",3,NA,"extended",FALSE
"逞",0.00869262865090403,1,"Liu2007",3,NA,"extended",FALSE
"性质",0.00865051903114187,1,"Liu2025",5.3571,NA,"extended",FALSE
"想法",0.0069204152249135,1,"Liu2025",5.3704,NA,"extended",FALSE
"妥",0.00660639777468707,1,"Liu2007",2.97,NA,"extended",FALSE
"苍",0.00660639777468707,1,"Liu2007",2.97,NA,"extended",FALSE
"魄",0.00556328233657858,1,"Liu2007",2.95,NA,"extended",FALSE
"失恋",0.00478468899521531,1,"Yao2017",2.63,"failed relationship","extended",FALSE
"循",0.0045201668984701,1,"Liu2007",2.93,NA,"extended",FALSE
"骇",0.0045201668984701,1,"Liu2007",2.93,NA,"extended",FALSE
"擅",0.00347705146036161,1,"Liu2007",2.79,NA,"extended",FALSE
"神",0.00278164116828929,1,"Liu2007",2.76,NA,"extended",FALSE
"幻",0.00208623087621697,1,"Liu2007",2.65,NA,"extended",FALSE
"感情",0.00173010380622837,1,"Liu2025",5.7037,NA,"extended",FALSE
"培育",0.00159489633173844,1,"Yao2017",2.33,"cultivate","extended",FALSE
"臻",0.00139082058414465,1,"Liu2007",2.25,NA,"extended",FALSE
"现",0.000695410292072323,1,"Liu2007",2.2,NA,"extended",FALSE
